timestamp,lin_vel_x,lin_vel_y,lin_vel_z,ang_vel_x,ang_vel_y,ang_vel_z,gravity_x,gravity_y,gravity_z
1785345687.989409,-0.021091,-0.010340,0.002468,0.038824,-0.105322,-0.049564,0.805023,0.432782,-9.767330
1785345687.998608,-0.020438,-0.012327,0.000514,0.046727,-0.081165,-0.045689,0.796688,0.430497,-9.768114
1785345688.004860,-0.020380,-0.010838,-0.001978,0.038026,-0.111216,-0.057702,0.791937,0.424570,-9.768760
1785345688.020007,-0.020373,-0.021380,0.001634,0.103407,0.030635,-0.036123,0.780406,0.426077,-9.769623
1785345688.020914,-0.020373,-0.021380,0.001634,0.103407,0.030635,-0.036123,0.776760,0.416577,-9.770323
1785345688.030028,-0.021620,-0.013199,0.006024,0.111304,-0.036594,-0.010186,0.767363,0.410202,-9.771335
1785345688.042111,-0.019385,-0.029128,-0.009168,0.102315,0.025469,-0.087124,0.763440,0.401518,-9.772003
1785345688.052810,-0.022512,-0.021230,0.001442,0.110270,-0.020251,-0.033290,0.755401,0.394459,-9.772915
1785345688.052908,-0.023756,-0.028713,-0.001422,0.084736,-0.012350,-0.071016,0.749535,0.389223,-9.773577
1785345688.068216,-0.022500,-0.028727,0.001637,0.089285,0.005363,-0.032974,0.744724,0.382270,-9.774219
1785345688.069803,-0.022143,-0.027625,0.001390,0.106692,0.021672,-0.044378,0.740169,0.373096,-9.774919
1785345688.090808,-0.017830,-0.017138,-0.003537,0.097785,-0.001515,-0.066422,0.734363,0.366160,-9.775620
1785345688.090937,-0.022249,-0.033318,0.003317,0.090821,-0.001579,-0.065161,0.728958,0.359754,-9.776262
1785345688.100816,-0.017667,-0.028368,0.001288,0.091880,0.035112,-0.045736,0.726313,0.350931,-9.776779
1785345688.104190,-0.019771,-0.025277,-0.003032,0.085906,-0.001821,-0.066868,0.721181,0.344927,-9.777373
1785345688.113539,-0.023557,-0.033080,0.004662,0.119923,0.071262,-0.008538,0.719612,0.331493,-9.777953
1785345688.121549,-0.017870,-0.033233,-0.001569,0.064308,0.031285,-0.065597,0.718337,0.325169,-9.778259
1785345688.132574,-0.016329,-0.034304,0.001859,0.083338,0.028342,-0.055689,0.715681,0.317472,-9.778707
1785345688.141093,-0.019470,-0.034775,0.005239,0.031193,-0.015184,-0.114798,0.712854,0.316841,-9.778934
1785345688.148375,-0.012022,-0.029741,-0.005686,0.116699,0.132590,-0.033753,0.716245,0.300180,-9.779212
1785345688.155160,-0.017699,-0.034699,-0.000199,0.077889,0.079032,-0.046867,0.717821,0.289803,-9.779409
1785345688.170025,-0.014537,-0.024304,-0.001905,0.050327,0.053295,-0.094578,0.719146,0.283438,-9.779499
1785345688.173199,-0.013644,-0.031007,-0.004044,0.043419,0.047082,-0.054820,0.720315,0.277681,-9.779578
1785345688.181831,-0.014934,-0.031473,-0.002546,0.042853,0.038565,-0.057578,0.720865,0.272495,-9.779683
1785345688.191462,-0.017021,-0.039107,0.002364,0.001303,0.084777,-0.027602,0.727409,0.267514,-9.779336
1785345688.205521,-0.014223,-0.031339,-0.006182,0.030266,0.069617,-0.060047,0.731124,0.261451,-9.779223
1785345688.205676,-0.013244,-0.033164,-0.007484,0.035908,0.018839,-0.050922,0.730551,0.257933,-9.779359
1785345688.219680,-0.015647,-0.027651,-0.000179,0.024765,0.056662,-0.051377,0.733571,0.253002,-9.779262
1785345688.223594,-0.014589,-0.033989,-0.001158,0.001040,0.045392,-0.077395,0.737210,0.250758,-9.779046
1785345688.237535,-0.013032,-0.027875,-0.004181,-0.036948,0.022965,-0.068582,0.740539,0.256334,-9.778650
1785345688.237691,-0.013032,-0.027875,-0.004181,-0.036948,0.022965,-0.068582,0.744706,0.258291,-9.778282
1785345688.252234,-0.013019,-0.024915,0.000727,-0.092972,-0.010499,-0.062579,0.749649,0.266516,-9.777684
1785345688.256673,-0.012138,-0.029653,-0.006039,-0.023556,0.042325,-0.092275,0.754563,0.266460,-9.777307
1785345688.264579,-0.011982,-0.025848,-0.003789,-0.060611,-0.006528,-0.084893,0.757931,0.272136,-9.776890
1785345688.276238,-0.012582,-0.028515,-0.000614,-0.080959,0.039195,-0.050716,0.765960,0.276345,-9.776146
1785345688.281217,-0.011382,-0.015492,-0.008159,-0.042709,-0.018099,-0.124120,0.767464,0.281662,-9.775877
1785345688.298339,-0.012462,-0.022739,-0.000791,-0.103921,-0.054698,-0.101305,0.769797,0.293700,-9.775339
1785345688.299279,-0.010934,-0.022181,-0.002332,-0.092345,-0.057627,-0.094034,0.771189,0.304979,-9.774884
1785345688.305046,-0.010153,-0.017052,-0.006429,-0.081088,0.002835,-0.071629,0.776490,0.311556,-9.774257
1785345688.320927,-0.007771,-0.023866,-0.009580,-0.127479,-0.031302,-0.113075,0.782086,0.324077,-9.773403
1785345688.321685,-0.009173,-0.028730,-0.007244,-0.077588,0.011087,-0.093065,0.787862,0.330063,-9.772739
1785345688.335076,-0.009914,-0.013492,-0.012262,-0.110292,-0.061318,-0.178365,0.790281,0.343653,-9.772075
1785345688.343326,-0.008966,-0.026690,-0.006488,-0.131285,-0.011815,-0.030948,0.797435,0.354596,-9.771103
1785345688.345408,-0.012395,-0.023089,-0.008240,-0.105378,0.008669,-0.098636,0.804733,0.362896,-9.770200
1785345688.356211,-0.011822,-0.024574,-0.006013,-0.132037,-0.012423,-0.091136,0.812030,0.374444,-9.769161
1785345688.366207,-0.010668,-0.020752,-0.007256,-0.122069,-0.027091,-0.104399,0.817631,0.386251,-9.768234
1785345688.370757,-0.008247,-0.023683,-0.005803,-0.128607,-0.012620,-0.103011,0.824738,0.397660,-9.767178
1785345688.384679,-0.008688,-0.016464,-0.002024,-0.147660,0.026126,-0.102504,0.835971,0.408135,-9.765791
1785345688.387043,-0.012704,-0.028193,-0.001098,-0.049318,-0.013005,-0.080797,0.838163,0.413387,-9.765382
1785345688.404555,-0.008928,-0.026822,-0.002922,-0.116963,0.014295,-0.101147,0.846622,0.422256,-9.764273
1785345688.404706,-0.006642,-0.028596,-0.009208,-0.119234,-0.002911,-0.114860,0.853945,0.432482,-9.763188
1785345688.419178,-0.009015,-0.025489,-0.008554,-0.123865,-0.022844,-0.093375,0.859996,0.444085,-9.762136
1785345688.419916,-0.008339,-0.026793,-0.008466,-0.099027,0.029570,-0.083921,0.868491,0.450507,-9.761089
1785345688.434561,-0.004529,-0.028843,-0.008391,-0.116147,-0.030146,-0.109872,0.873558,0.462144,-9.760093
1785345688.437612,-0.002746,-0.026935,-0.008519,-0.083113,-0.006762,-0.134897,0.878421,0.470105,-9.759277
1785345688.451870,-0.007060,-0.029561,-0.007174,-0.082726,0.029849,-0.095335,0.885965,0.475394,-9.758338
1785345688.453413,-0.006535,-0.030329,-0.008466,-0.084066,0.054516,-0.097476,0.895471,0.479279,-9.757281
1785345688.470255,-0.006200,-0.031532,-0.005454,-0.083398,0.035556,-0.097663,0.903505,0.484290,-9.756292
1785345688.472101,-0.005453,-0.034649,-0.005083,-0.078037,0.055731,-0.091991,0.912728,0.487593,-9.755269
1785345688.484600,-0.000542,-0.034562,-0.008008,-0.072595,-0.008623,-0.102889,0.916775,0.494589,-9.754538
1785345688.488287,0.001234,-0.036862,-0.008721,-0.023700,0.154650,-0.064288,0.930053,0.487414,-9.753642
1785345688.496766,-0.001046,-0.030446,-0.005641,-0.040917,0.078434,-0.057659,0.938632,0.486183,-9.752881
1785345688.511272,-0.002334,-0.037455,-0.012640,-0.043237,-0.007549,-0.124556,0.941020,0.491155,-9.752402
1785345688.512211,-0.001686,-0.038984,-0.012438,-0.087320,0.018343,-0.131180,0.948115,0.497868,-9.751375
1785345688.535301,-0.002398,-0.041445,-0.005105,-0.033684,0.074666,-0.088578,0.956028,0.496641,-9.750665
1785345688.535382,-0.000166,-0.042074,-0.005307,-0.026529,0.093743,-0.079414,0.964913,0.493594,-9.749944
1785345688.538201,-0.000361,-0.044929,0.004019,-0.072616,0.128484,-0.087131,0.979303,0.491875,-9.748596
1785345688.555554,0.002216,-0.039019,-0.005577,-0.014238,0.099662,-0.065898,0.987841,0.487402,-9.747959
1785345688.555696,-0.000355,-0.046878,-0.002103,0.050813,0.073916,-0.056451,0.990366,0.479616,-9.748089
1785345688.572151,0.001678,-0.046266,-0.006555,-0.023137,0.068043,-0.095981,0.997171,0.478087,-9.747471
1785345688.572307,-0.000377,-0.045634,-0.002071,0.024765,0.113701,-0.071772,1.004343,0.469894,-9.747133
1785345688.585989,-0.003383,-0.048188,-0.001401,0.026396,0.099014,-0.064520,1.010293,0.462419,-9.746875
1785345688.589107,-0.002985,-0.039959,-0.001634,0.005988,-0.039910,-0.082470,1.007172,0.465359,-9.747058
1785345688.600254,-0.001311,-0.042217,-0.002694,0.006022,0.061993,-0.061077,1.011610,0.461669,-9.746774
1785345688.604520,-0.006266,-0.054088,0.004118,-0.005457,-0.029991,-0.116117,1.010053,0.465193,-9.746768
1785345688.619196,0.000845,-0.050341,-0.010469,0.060928,0.209066,-0.054915,1.022007,0.448123,-9.746322
1785345688.622934,0.000148,-0.045896,-0.002822,0.049042,0.051116,-0.076916,1.022985,0.442107,-9.746494
1785345688.631649,-0.003357,-0.052009,-0.001296,0.004524,0.039960,-0.051467,1.025847,0.439798,-9.746298
1785345688.645290,-0.006720,-0.051049,-0.002833,-0.007583,-0.041576,-0.098387,1.023544,0.444023,-9.746348
1785345688.647242,-0.002255,-0.039394,-0.007509,0.058769,0.036653,-0.068229,1.022793,0.438110,-9.746695
1785345688.658006,-0.007026,-0.040892,0.000115,0.051647,-0.024941,-0.099279,1.018004,0.436941,-9.747248
1785345688.669415,-0.002440,-0.043671,-0.003453,0.074821,0.052821,-0.061020,1.017410,0.428744,-9.747674
1785345688.671582,-0.003414,-0.044843,-0.000661,0.051934,0.011682,-0.076372,1.015251,0.424991,-9.748064
1785345688.685014,-0.000763,-0.042083,0.000287,0.046243,-0.001154,-0.071324,1.012480,0.422415,-9.748464
1785345688.686658,-0.007868,-0.049155,0.003796,0.036615,-0.019099,-0.060038,1.008946,0.421567,-9.748867
1785345688.702086,-0.006596,-0.045350,0.004371,0.050221,-0.068868,-0.087055,1.000944,0.423165,-9.749623
1785345688.705234,-0.006044,-0.042210,0.000661,0.050304,-0.032952,-0.072269,0.995548,0.422321,-9.750212
1785345688.716251,-0.006892,-0.041636,0.005703,0.036758,-0.012212,-0.078447,0.992566,0.421212,-9.750564
1785345688.720798,-0.009493,-0.045914,0.005626,0.044217,-0.106832,-0.087675,0.982129,0.425683,-9.751426
1785345688.732638,-0.006389,-0.038414,-0.004571,0.085012,-0.079726,-0.057901,0.971003,0.425145,-9.752564
1785345688.738991,-0.005921,-0.042878,0.003372,0.060961,-0.087673,-0.088303,0.960908,0.427179,-9.753475
1785345688.756002,-0.007908,-0.040352,0.001190,0.068289,-0.093370,-0.089005,0.949920,0.429053,-9.754469
1785345688.756062,-0.005494,-0.039567,0.002237,0.065113,-0.091753,-0.073952,0.939203,0.430908,-9.755425
1785345688.765830,-0.005120,-0.037531,0.000874,0.049502,-0.101803,-0.072723,0.928732,0.434537,-9.756266
1785345688.772091,-0.005621,-0.029363,-0.000765,0.093214,-0.040057,-0.023719,0.919882,0.430541,-9.757282
1785345688.785745,-0.006093,-0.048882,0.001821,0.044948,-0.079222,-0.083316,0.911391,0.433155,-9.757963
1785345688.786737,-0.005017,-0.040018,-0.000161,0.067456,-0.089567,-0.082350,0.900686,0.434788,-9.758884
1785345688.800290,-0.007735,-0.033237,0.002185,0.085841,-0.068657,-0.089031,0.890353,0.433803,-9.759876
1785345688.805926,-0.008689,-0.038581,0.008469,0.009934,-0.216060,-0.074263,0.873997,0.447693,-9.760727
1785345688.817434,-0.006384,-0.040088,0.001986,0.054978,-0.099985,-0.100286,0.863341,0.451084,-9.761520
1785345688.821535,0.000795,-0.034265,-0.005549,0.132482,0.049612,-0.050149,0.858573,0.438722,-9.762504
1785345688.837391,-0.002093,-0.036958,0.002911,0.058310,-0.110471,-0.083613,0.846893,0.442392,-9.763358
1785345688.838558,-0.002921,-0.035791,0.002870,0.070324,-0.066784,-0.093535,0.837662,0.442462,-9.764151
1785345688.849066,-0.000860,-0.038407,0.001318,0.043479,-0.108753,-0.085851,0.827061,0.447127,-9.764842
1785345688.854928,-0.000927,-0.037876,0.003636,0.048975,-0.097155,-0.074395,0.816926,0.450543,-9.765539
1785345688.869074,0.002574,-0.037953,0.004430,0.059540,-0.084552,-0.075101,0.807027,0.452385,-9.766276
1785345688.872817,0.004444,-0.037584,0.003206,0.062916,-0.068728,-0.078076,0.798069,0.452985,-9.766985
1785345688.880711,-0.002037,-0.042988,0.012119,0.008683,-0.150821,-0.057885,0.786576,0.462666,-9.767463
1785345688.888677,0.002390,-0.030780,0.003493,0.095751,-0.056051,-0.078845,0.776396,0.460074,-9.768400
1785345688.900234,0.005599,-0.037405,0.002411,0.038165,-0.030545,-0.037222,0.771748,0.459626,-9.768790
1785345688.909351,0.005814,-0.039670,-0.004367,0.039292,-0.051784,-0.086457,0.765554,0.460911,-9.769216
1785345688.912602,0.007544,-0.041444,-0.005028,0.061937,-0.019992,-0.119291,0.760258,0.458776,-9.769730
1785345688.922909,0.009798,-0.032314,0.002682,0.075395,-0.008541,-0.092448,0.754871,0.454687,-9.770339
1785345688.932005,0.012155,-0.039362,-0.002630,0.020630,-0.007596,-0.090170,0.753119,0.454471,-9.770485
1785345688.942551,0.011363,-0.038597,-0.000321,0.040956,0.001363,-0.080616,0.750675,0.452120,-9.770782
1785345688.946163,0.013848,-0.035980,-0.000542,0.035675,0.018644,-0.059834,0.749798,0.448840,-9.771000
1785345688.963852,0.008693,-0.046067,0.004128,0.004421,-0.056734,-0.104794,0.745558,0.453133,-9.771127
1785345688.964666,0.013437,-0.043256,0.001944,0.037436,0.070622,-0.061950,0.748338,0.446336,-9.771227
1785345688.973449,0.016038,-0.035808,0.001371,0.036328,0.025143,-0.059718,0.747884,0.442580,-9.771432
1785345688.986909,0.019720,-0.038362,0.002159,0.022352,-0.018042,-0.068436,0.745227,0.442737,-9.771628
1785345688.987652,0.022017,-0.035901,-0.007247,0.022436,0.104120,-0.061982,0.751413,0.434806,-9.771511
1785345689.001799,0.023291,-0.035433,0.000673,0.016637,0.037990,-0.053798,0.753172,0.431567,-9.771519
1785345689.003574,0.028859,-0.053054,-0.003098,-0.009786,0.066451,-0.140855,0.758895,0.429083,-9.771185
1785345689.013210,0.021974,-0.032818,0.000628,0.011849,0.054944,-0.043438,0.762175,0.424981,-9.771110
1785345689.022408,0.022046,-0.042094,0.002980,-0.027794,0.009581,-0.086983,0.764872,0.427077,-9.770807
1785345689.035832,0.026116,-0.036232,0.003022,0.001469,0.073312,-0.074324,0.770223,0.422763,-9.770575
1785345689.038983,0.027553,-0.029963,-0.000228,-0.021252,0.045750,-0.095578,0.775128,0.422073,-9.770217
1785345689.050761,0.027948,-0.030213,-0.001486,-0.012559,0.082362,-0.077613,0.782065,0.418186,-9.769831
1785345689.053975,0.035056,-0.034480,-0.001009,0.034899,0.149733,-0.072718,0.790714,0.406404,-9.769632
1785345689.072108,0.031353,-0.031856,-0.002703,-0.030278,0.070299,-0.093823,0.798003,0.404708,-9.769110
1785345689.074877,0.030253,-0.027759,0.000371,-0.015951,0.049241,-0.080108,0.802798,0.403266,-9.768776
1785345689.084643,0.029978,-0.030691,0.000958,-0.048245,-0.019098,-0.110881,0.804896,0.408924,-9.768369
1785345689.091059,0.031074,-0.014932,-0.006005,0.001419,0.065009,-0.049800,0.809594,0.404935,-9.768146
1785345689.101100,0.031424,-0.034897,-0.003581,-0.059360,0.054054,-0.092990,0.817651,0.406368,-9.767416
1785345689.106224,0.030725,-0.025367,0.002006,-0.077008,-0.034571,-0.097375,0.820535,0.414988,-9.766811
1785345689.118955,0.030505,-0.027694,-0.001963,-0.056289,-0.002466,-0.094310,0.824340,0.419977,-9.766278
1785345689.122222,0.032062,-0.014961,-0.005065,-0.017416,0.040400,-0.068980,0.828568,0.419129,-9.765956
1785345689.131619,0.035378,-0.020467,0.000824,-0.029935,0.010772,-0.092855,0.831571,0.421356,-9.765605
1785345689.141957,0.030925,-0.020002,0.003073,-0.030921,-0.011436,-0.060957,0.832971,0.424851,-9.765335
1785345689.151149,0.029018,-0.012444,-0.000489,-0.044648,-0.028764,-0.067813,0.834066,0.430536,-9.764992
1785345689.155219,0.032862,-0.016175,0.001144,-0.042945,-0.023303,-0.047600,0.835387,0.435556,-9.764657
1785345689.166786,0.030283,-0.015325,0.003239,-0.039507,-0.039514,-0.041741,0.835306,0.441365,-9.764403
1785345689.177978,0.034484,-0.013003,0.000315,-0.035790,-0.064970,-0.036236,0.833147,0.448564,-9.764259
1785345689.179132,0.031900,-0.013112,0.002752,-0.029169,-0.054222,-0.013455,0.831257,0.454371,-9.764152
1785345689.199232,0.030786,-0.009254,0.003447,-0.044609,-0.088388,-0.010463,0.827951,0.463524,-9.764002
1785345689.199368,0.035937,-0.006080,0.001845,0.013176,-0.003900,0.006574,0.826779,0.462795,-9.764136
1785345689.205179,0.034084,-0.005722,0.005660,-0.006583,-0.056966,0.004536,0.823142,0.467026,-9.764242
1785345689.218447,0.038607,-0.004432,0.006078,-0.005226,-0.100346,0.014375,0.816298,0.473970,-9.764482
1785345689.222409,0.037573,-0.003005,0.002347,-0.010601,-0.114123,0.038873,0.808777,0.481986,-9.764716
1785345689.233855,0.037311,0.000303,0.006784,0.012939,-0.108479,0.068442,0.800031,0.487687,-9.765153
1785345689.237621,0.037589,-0.001989,0.005458,-0.000783,-0.085560,0.071321,0.793835,0.492799,-9.765402
1785345689.251287,0.037812,-0.000312,0.007730,-0.018953,-0.139200,0.073471,0.785010,0.502746,-9.765608
1785345689.253269,0.043427,-0.004859,-0.001412,0.043492,-0.036516,0.082300,0.779366,0.501349,-9.766132
1785345689.268229,0.040555,-0.002561,0.005262,0.016846,-0.130866,0.118387,0.768683,0.507785,-9.766646
1785345689.271391,0.042443,-0.000533,0.004335,0.042253,-0.076848,0.138212,0.760162,0.508643,-9.767269
1785345689.289441,0.045750,-0.000682,0.005964,0.053562,-0.100042,0.165770,0.749197,0.509982,-9.768046
1785345689.289501,0.046924,0.001651,0.005042,0.086293,-0.076213,0.179800,0.737772,0.507285,-9.769056
1785345689.298688,0.046886,-0.002007,0.013027,0.088170,-0.016487,0.210922,0.730500,0.500231,-9.769966
1785345689.307258,0.042358,-0.001351,0.009251,0.096644,-0.039467,0.220690,0.721014,0.494007,-9.770987
1785345689.314633,0.044870,0.005825,0.019419,0.096804,-0.125912,0.234507,0.705272,0.493337,-9.772170
1785345689.323267,0.048006,-0.003114,0.009997,0.122115,-0.088364,0.267967,0.690580,0.488096,-9.773483
1785345689.331314,0.045513,-0.003664,0.021786,0.070443,-0.145697,0.277382,0.675126,0.490237,-9.774455
1785345689.338814,0.048937,-0.003190,0.010293,0.101141,-0.112253,0.292282,0.660117,0.487846,-9.775600
1785345689.352535,0.047452,0.001060,0.009648,0.149598,-0.034698,0.317738,0.647629,0.476696,-9.776985
1785345689.355716,0.053636,-0.003700,0.010239,0.135694,-0.087256,0.306677,0.632236,0.470057,-9.778314
1785345689.364704,0.052531,-0.002562,0.026681,0.075764,-0.114007,0.360933,0.618755,0.469081,-9.779223
1785345689.372742,0.052949,0.002801,0.011911,0.179016,0.015679,0.362036,0.608205,0.452213,-9.780679
1785345689.383268,0.049418,-0.002001,0.014358,0.146701,-0.137518,0.372238,0.588455,0.447469,-9.782106
1785345689.389876,0.054015,-0.002500,0.014287,0.101020,-0.118195,0.372325,0.573099,0.444843,-9.783137
1785345689.399307,0.052397,-0.006929,0.012106,0.106602,-0.109884,0.399949,0.558036,0.441069,-9.784179
1785345689.405713,0.055820,-0.000221,0.011399,0.161266,-0.036199,0.386739,0.545048,0.428679,-9.785462
1785345689.413612,0.057087,-0.003268,0.009973,0.163888,0.043643,0.505732,0.537885,0.410277,-9.786647
1785345689.421493,0.056155,0.008600,0.021097,0.146198,-0.038626,0.448710,0.525711,0.398765,-9.787784
1785345689.436679,0.050946,-0.018144,0.010578,0.135063,-0.024548,0.464130,0.515331,0.387129,-9.788803
1785345689.440595,0.058577,0.016690,0.004221,0.153623,-0.128004,0.351372,0.496040,0.381242,-9.790031
1785345689.454249,0.058314,-0.013347,0.014154,0.100171,-0.121853,0.508072,0.480548,0.378029,-9.790928
1785345689.454338,0.051599,0.002908,0.016172,0.178277,-0.017855,0.486067,0.468235,0.362654,-9.792106
1785345689.475589,0.053781,0.005482,0.012121,0.086941,-0.029966,0.440692,0.460612,0.355264,-9.792738
1785345689.475741,0.057500,0.009449,0.003640,0.183868,-0.046018,0.497210,0.445914,0.341129,-9.793921
1785345689.483176,0.047443,-0.000052,0.012687,0.120518,-0.069758,0.461706,0.433260,0.333504,-9.794752
1785345689.488939,0.052743,0.009364,0.011632,0.135940,-0.067956,0.481956,0.419864,0.324483,-9.795638
1785345689.496785,0.050982,0.001485,0.018197,-0.017303,-0.235832,0.536437,0.402624,0.337007,-9.795939
1785345689.505504,0.044199,0.008075,0.017873,0.090346,-0.062005,0.462359,0.392572,0.331242,-9.796544
1785345689.518864,0.044688,0.016466,0.006243,0.122190,-0.037077,0.477591,0.382635,0.321460,-9.797263
1785345689.520522,0.047881,0.014748,0.004600,0.128741,0.031708,0.501154,0.377753,0.307054,-9.797914
1785345689.530805,0.045711,0.018651,0.012331,0.083582,-0.123298,0.500321,0.363321,0.305218,-9.798517
1785345689.543200,0.045089,0.012511,0.018658,-0.010604,-0.102957,0.539608,0.355977,0.309435,-9.798655
1785345689.546582,0.038353,0.029460,0.009636,0.029151,-0.098967,0.505450,0.346679,0.310420,-9.798957
1785345689.556216,0.041446,0.017482,0.005290,-0.012129,-0.108041,0.525751,0.339040,0.315092,-9.799075
1785345689.563310,0.045358,0.023804,0.001686,-0.021998,-0.096893,0.495899,0.332847,0.320038,-9.799127
1785345689.572984,0.046556,0.027589,0.001056,0.008874,0.015537,0.579214,0.334011,0.315829,-9.799224
1785345689.581285,0.039659,0.020268,0.011503,-0.096285,-0.173482,0.500579,0.325744,0.330919,-9.799004
1785345689.590233,0.038788,0.035346,0.011545,-0.077998,-0.091202,0.560255,0.323177,0.339681,-9.798789
1785345689.597988,0.044860,0.030707,-0.010975,-0.068693,-0.134850,0.502672,0.316505,0.350309,-9.798633
1785345689.609455,0.043126,0.028364,-0.000806,-0.070916,-0.007339,0.628759,0.320477,0.353595,-9.798386
1785345689.618925,0.037559,0.038276,0.005543,-0.070090,-0.079477,0.561944,0.318419,0.360985,-9.798183
1785345689.622047,0.044080,0.030561,0.003256,-0.135034,-0.104108,0.586893,0.317830,0.374856,-9.797682
1785345689.630129,0.045859,0.036146,-0.002940,-0.080476,-0.032291,0.606575,0.320289,0.380326,-9.797391
1785345689.643618,0.042432,0.034060,-0.005425,-0.110612,0.021638,0.596358,0.328747,0.385497,-9.796909
1785345689.648431,0.042831,0.033949,0.007059,-0.104652,0.002945,0.626835,0.335361,0.390986,-9.796467
1785345689.659963,0.043377,0.029344,0.022464,-0.053849,0.110354,0.594382,0.348236,0.386907,-9.796180
1785345689.662679,0.043377,0.029344,0.022464,-0.053849,0.110354,0.594382,0.357328,0.395580,-9.795506
1785345689.672804,0.046819,0.037408,-0.004534,-0.176149,0.002936,0.629499,0.367387,0.406973,-9.794667
1785345689.680220,0.041673,0.037045,-0.002038,-0.142895,0.024929,0.636210,0.377615,0.414420,-9.793966
1785345689.688511,0.045579,0.037841,0.007087,-0.113376,0.042969,0.700199,0.387984,0.418139,-9.793402
1785345689.697702,0.045014,0.045920,-0.005718,-0.161630,0.015449,0.628244,0.398198,0.427659,-9.792581
1785345689.704067,0.059469,0.017757,0.001205,-0.325093,-0.116389,0.714318,0.405129,0.456855,-9.790978
1785345689.720430,0.046988,0.043912,-0.006361,-0.153160,0.011750,0.647028,0.414693,0.465642,-9.790164
1785345689.721303,0.024159,0.039889,-0.000502,0.026242,0.397753,0.787209,0.449212,0.440241,-9.789816
1785345689.735998,0.056484,0.041152,-0.025818,-0.313497,-0.154533,0.684999,0.451549,0.470143,-9.788318
1785345689.740600,0.052686,0.029868,-0.006128,-0.139798,0.041872,0.714038,0.462990,0.475887,-9.787506
1785345689.750716,0.052331,0.038408,0.005043,-0.221736,0.045225,0.716473,0.478356,0.488538,-9.786144
1785345689.755140,0.037130,0.038422,-0.003063,-0.082653,0.261322,0.797062,0.506492,0.479035,-9.785198
1785345689.766186,0.048253,0.029398,0.002987,-0.199912,0.028300,0.763832,0.519208,0.490140,-9.783981
1785345689.773182,0.036327,0.042920,-0.005972,0.031742,0.359600,0.815071,0.551112,0.466456,-9.783394
1785345689.782513,0.047331,0.040940,-0.022214,-0.289073,-0.096067,0.735913,0.556169,0.490735,-9.781920
1785345689.789689,0.039825,0.043772,0.024723,-0.086607,0.183760,0.795523,0.577645,0.485110,-9.780956
1785345689.801117,0.027969,0.057500,-0.011030,-0.171098,0.123473,0.750270,0.597062,0.489759,-9.779558
1785345689.803873,0.032461,0.026012,-0.009559,-0.185244,0.048249,0.830622,0.610444,0.498073,-9.778312
1785345689.818470,0.025140,0.043897,-0.003494,-0.059885,0.125778,0.805708,0.625716,0.492368,-9.777635
1785345689.821702,0.026182,0.058650,-0.025770,-0.113359,0.057907,0.749919,0.636815,0.494505,-9.776811
1785345689.833538,0.027335,0.055040,0.000190,-0.145864,0.068412,0.754179,0.650065,0.499117,-9.775704
1785345689.837665,0.016034,0.051429,0.000745,-0.103765,0.107784,0.796632,0.665343,0.498145,-9.774726
1785345689.855714,0.012729,0.048506,-0.003695,-0.094244,0.096536,0.719407,0.679050,0.497354,-9.773824
1785345689.855849,0.022032,0.061736,0.021318,-0.004232,0.139652,0.747074,0.693459,0.486673,-9.773350
1785345689.866160,0.000187,0.061220,-0.010936,-0.172850,-0.031870,0.712907,0.698095,0.497613,-9.772469
1785345689.871998,0.001003,0.078760,0.023684,0.158473,0.289086,0.670177,0.720452,0.467698,-9.772324
1785345689.883757,0.010159,0.058604,-0.039964,-0.353678,-0.401914,0.545719,0.696705,0.509004,-9.771981
1785345689.889815,-0.011201,0.066455,-0.001561,-0.088408,0.015383,0.573458,0.702446,0.511825,-9.771423
1785345689.897043,-0.033699,0.073947,-0.002105,-0.006669,0.063434,0.576449,0.709905,0.505562,-9.771210
1785345689.918492,-0.026186,0.063847,0.003225,-0.149029,-0.028724,0.501774,0.713300,0.515965,-9.770419
1785345689.919383,-0.029192,0.076316,0.000112,-0.099070,-0.030203,0.450227,0.714823,0.522247,-9.769974
1785345689.921972,-0.037410,0.079144,0.006853,0.076765,0.091264,0.469878,0.722072,0.508358,-9.770173
1785345689.930825,-0.046449,0.076820,-0.004595,-0.016340,0.096529,0.428738,0.732595,0.503245,-9.769655
1785345689.938296,-0.028479,0.085977,-0.009406,-0.194468,-0.204733,0.343900,0.720436,0.524550,-9.769438
1785345689.955536,-0.034194,0.072181,0.000062,-0.100251,-0.072850,0.352388,0.717687,0.533047,-9.769180
1785345689.956479,-0.047587,0.088119,-0.011416,-0.027823,-0.101661,0.337745,0.710041,0.535828,-9.769587
1785345689.965787,-0.044766,0.085895,0.012244,-0.114744,-0.042609,0.334217,0.710473,0.544924,-9.769052
1785345689.973399,-0.048071,0.080263,0.003389,-0.053376,-0.077515,0.302771,0.705748,0.549614,-9.769132
1785345689.984772,-0.047302,0.076137,-0.000372,-0.119316,-0.107005,0.272228,0.700102,0.561532,-9.768861
1785345689.992689,-0.036324,0.076490,0.000278,-0.169129,-0.222294,0.234396,0.685009,0.581709,-9.768750
1785345689.995990,-0.055654,0.093476,0.008834,0.085398,-0.054548,0.294976,0.678512,0.572908,-9.769724
1785345690.006436,-0.042897,0.073644,-0.021102,-0.099362,-0.109109,0.198257,0.671826,0.583640,-9.769550
1785345690.019460,-0.055989,0.069955,0.013675,-0.041175,-0.130243,0.197529,0.661520,0.589547,-9.769899
1785345690.022203,-0.056121,0.083160,-0.001842,-0.023087,-0.064112,0.203875,0.656928,0.591862,-9.770069
1785345690.033962,-0.044822,0.074538,-0.007665,-0.014480,-0.084362,0.092233,0.649775,0.594825,-9.770367
1785345690.039485,-0.063295,0.073068,0.007790,0.080296,-0.036842,0.159868,0.644710,0.587091,-9.771171
1785345690.051986,-0.055141,0.076254,0.000922,0.001738,-0.091850,0.055588,0.636257,0.589027,-9.771608
1785345690.055931,-0.063759,0.067612,-0.000422,-0.012754,-0.043939,0.060186,0.632717,0.590961,-9.771721
1785345690.071103,-0.056286,0.071185,-0.005206,0.073446,-0.076679,-0.028043,0.623389,0.586419,-9.772594
1785345690.073600,-0.051812,0.051811,0.020990,0.134632,0.139292,0.011372,0.632798,0.569917,-9.772966
1785345690.086157,-0.066576,0.078735,-0.018190,-0.087625,-0.313116,-0.091241,0.605474,0.587420,-9.773661
1785345690.089832,-0.069754,0.067372,0.010059,0.089820,-0.053602,-0.069389,0.597687,0.581017,-9.774522
1785345690.096593,-0.063864,0.055664,0.008298,0.108989,0.014816,-0.114954,0.595612,0.571263,-9.775224
1785345690.105604,-0.063864,0.055664,0.008298,0.108989,0.014816,-0.114954,0.574563,0.583209,-9.775778
1785345690.113885,-0.066733,0.053087,0.011663,0.041869,-0.080510,-0.171241,0.565161,0.582772,-9.776353
1785345690.120499,-0.052057,0.056896,0.014328,0.165376,-0.049408,-0.227019,0.554970,0.570314,-9.777671
1785345690.129982,-0.065230,0.048093,0.013493,0.032946,-0.094191,-0.195015,0.544455,0.571260,-9.778207
1785345690.141381,-0.070558,0.063837,-0.015750,-0.039167,-0.198523,-0.332214,0.525680,0.582858,-9.778550
1785345690.147668,-0.060158,0.049946,0.001952,0.143720,-0.014992,-0.289951,0.518958,0.571834,-9.779560
1785345690.155818,-0.069806,0.041321,0.011674,0.162717,0.043325,-0.301260,0.517084,0.557406,-9.780492
1785345690.169643,-0.063121,0.056442,0.016277,0.083235,-0.088595,-0.318337,0.505153,0.554358,-9.781289
1785345690.170533,-0.055795,0.047278,0.003346,-0.027721,-0.123130,-0.372309,0.493081,0.563010,-9.781410
1785345690.186575,-0.072838,0.039297,0.003376,0.190559,0.016038,-0.401162,0.487294,0.547381,-9.782588
1785345690.187371,-0.059406,0.040403,0.007479,0.051239,-0.057806,-0.381884,0.478935,0.546797,-9.783033
1785345690.203324,-0.060583,0.048352,-0.000602,0.058151,-0.090724,-0.436602,0.467085,0.546929,-9.783599
1785345690.204169,-0.073581,0.028899,0.014662,0.229953,0.200557,-0.388901,0.477094,0.521762,-9.784490
1785345690.220606,-0.053423,0.050928,-0.017865,-0.011018,-0.231054,-0.501210,0.454283,0.533186,-9.784960
1785345690.220756,-0.058916,0.031445,0.000640,0.090022,0.004250,-0.446117,0.450199,0.527423,-9.785461
1785345690.230277,-0.059488,0.028277,-0.000762,0.100831,-0.030749,-0.503934,0.442314,0.522136,-9.786104
1785345690.238903,-0.059747,0.041175,-0.011422,0.210950,0.010627,-0.551648,0.434435,0.505612,-9.787325
1785345690.254114,-0.055332,0.021419,0.005908,0.062116,0.045713,-0.488822,0.434967,0.501210,-9.787527
1785345690.254823,-0.055371,0.029230,-0.007427,0.160076,0.067228,-0.534685,0.434003,0.487341,-9.788271
1785345690.270887,-0.042269,0.019864,0.007463,-0.107061,-0.119871,-0.587610,0.424888,0.504676,-9.787792
1785345690.275562,-0.041849,0.021672,-0.006039,0.003837,-0.093714,-0.641618,0.414099,0.511307,-9.787910
1785345690.279850,-0.049699,0.009160,0.015729,0.211413,0.392769,-0.603912,0.440524,0.481499,-9.788268
1785345690.290101,-0.067187,0.017978,-0.007624,0.033173,0.012441,-0.573129,0.438820,0.481396,-9.788350
1785345690.301477,-0.048043,0.027328,0.000870,0.013379,0.077016,-0.671240,0.443441,0.481301,-9.788146
1785345690.303391,-0.045299,0.012547,-0.007169,0.117285,0.015109,-0.641196,0.438656,0.473921,-9.788722
1785345690.315184,-0.043897,0.003352,0.008565,-0.085777,0.123323,-0.653876,0.451324,0.480846,-9.787808
1785345690.322130,-0.033654,0.008303,0.001168,0.043955,0.141929,-0.710428,0.460564,0.475719,-9.787629
1785345690.330258,-0.042674,0.022168,-0.000873,0.121177,0.204730,-0.675208,0.472548,0.460963,-9.787763
1785345690.338883,-0.036385,-0.002335,0.013423,-0.002967,0.138407,-0.700305,0.483480,0.460066,-9.787272
1785345690.350224,-0.031836,-0.010748,0.025477,-0.302681,0.423967,-0.688273,0.532145,0.474293,-9.784067
1785345690.354062,-0.033736,0.035768,-0.067202,0.411733,-0.166474,-0.865566,0.498550,0.450401,-9.786965
1785345690.368866,-0.032433,-0.009836,0.002526,-0.138606,0.040045,-0.715249,0.506502,0.465610,-9.785845
1785345690.370665,-0.020365,-0.008991,-0.008702,-0.165349,0.051769,-0.842408,0.516414,0.483569,-9.784456
1785345690.384231,-0.025539,0.009433,-0.024381,0.006002,0.062794,-0.815885,0.519999,0.485858,-9.784153
1785345690.393356,-0.038250,-0.013191,-0.007670,0.102496,0.470695,-0.726030,0.555396,0.461188,-9.783401
1785345690.415495,-0.024096,-0.003573,-0.003199,-0.016334,0.238633,-0.794975,0.575757,0.457585,-9.782393
1785345690.415678,-0.015755,-0.001098,-0.003033,-0.130564,0.130679,-0.820575,0.591906,0.468940,-9.780892
1785345690.415748,-0.025765,-0.012118,-0.012779,0.017249,0.217719,-0.819851,0.608893,0.463536,-9.780107
1785345690.421656,-0.011978,0.003819,-0.005041,-0.109851,0.183163,-0.876192,0.628824,0.471070,-9.778485
1785345690.430117,-0.018660,-0.006541,-0.015551,0.039707,0.296456,-0.818623,0.651559,0.459983,-9.777525
1785345690.443761,-0.014657,-0.009689,-0.016103,-0.172288,0.012733,-0.894108,0.660212,0.481151,-9.775925
1785345690.445970,-0.020398,-0.009221,-0.016832,-0.056280,0.180473,-0.878010,0.677569,0.484232,-9.774585
1785345690.458687,-0.021388,-0.014734,-0.007295,-0.027660,0.258686,-0.842970,0.700243,0.480716,-9.773161
1785345690.472474,-0.008302,-0.008893,-0.003087,-0.185761,0.124619,-0.916326,0.719621,0.497787,-9.770898
1785345690.473267,-0.016023,-0.016427,-0.004938,0.017855,0.301855,-0.877008,0.743598,0.488530,-9.769570
1785345690.481304,-0.011296,-0.015247,-0.018950,-0.259843,-0.021861,-0.949183,0.755027,0.519644,-9.767088
1785345690.489946,-0.008457,-0.009763,-0.023129,0.043616,0.242300,-0.876153,0.772537,0.511330,-9.766157
1785345690.502149,-0.006714,-0.039688,0.002650,-0.257461,0.030331,-0.896538,0.788674,0.539086,-9.763374
1785345690.505176,-0.024510,0.002937,-0.032642,0.011039,0.292243,-0.934652,0.811910,0.531311,-9.761896
1785345690.513460,-0.004194,-0.020755,-0.013832,-0.167696,0.059324,-0.927456,0.826050,0.550602,-9.759640
1785345690.522179,-0.004424,-0.024844,-0.015188,-0.063765,0.071641,-0.948068,0.835523,0.561149,-9.758233
1785345690.530214,-0.021793,-0.019196,-0.017148,-0.159701,0.058463,-0.965453,0.849408,0.580297,-9.755914
1785345690.538242,-0.013722,-0.024364,-0.007246,-0.094648,0.172230,-0.940381,0.868784,0.587621,-9.753769
1785345690.554260,-0.004581,-0.021351,-0.010384,-0.021497,0.133181,-0.927383,0.880943,0.591325,-9.752455
1785345690.554404,-0.030168,-0.028378,-0.004287,-0.254265,-0.044824,-1.017298,0.892794,0.624554,-9.749305
1785345690.568242,0.001853,-0.037400,-0.023480,0.086991,0.390811,-0.892729,0.918611,0.604365,-9.748179
1785345690.572654,-0.017920,-0.040214,-0.007429,-0.091301,0.030268,-0.927804,0.927208,0.619716,-9.746401
1785345690.581200,-0.015139,-0.037050,-0.006779,-0.103524,0.087604,-0.953813,0.941078,0.632874,-9.744226
1785345690.588644,-0.013597,-0.034619,-0.016673,-0.016977,0.093991,-0.923191,0.950203,0.638801,-9.742954
1785345690.597038,-0.019176,-0.038264,0.001330,0.030718,0.118626,-1.002239,0.958395,0.640537,-9.742037
1785345690.605720,-0.028588,-0.053336,-0.012558,-0.136427,0.107835,-0.955173,0.976272,0.654823,-9.739312
1785345690.620135,-0.010810,-0.038781,-0.018470,0.085060,0.204694,-0.938045,0.987446,0.646478,-9.738743
1785345690.620998,-0.025121,-0.047958,-0.001559,-0.047589,0.011800,-1.003465,0.992970,0.660911,-9.737212
1785345690.630130,-0.024573,-0.048990,-0.016695,0.024773,0.212284,-0.941575,1.008524,0.656420,-9.735918
1785345690.641036,-0.018727,-0.053033,-0.015150,0.021743,0.071285,-0.996191,1.014174,0.661991,-9.734953
1785345690.649124,-0.030571,-0.056719,-0.012524,-0.052904,-0.005145,-1.005532,1.019319,0.678078,-9.733309
1785345690.656047,-0.031251,-0.056796,0.004833,-0.020691,-0.105144,-1.034985,1.015267,0.699064,-9.732248
1785345690.665435,-0.026868,-0.046465,-0.000174,-0.026673,-0.045896,-1.003783,1.015795,0.716221,-9.730945
1785345690.672533,-0.030260,-0.060165,-0.021668,0.178822,0.275997,-0.955889,1.024844,0.696674,-9.731415
1785345690.681952,-0.037264,-0.054448,-0.011186,0.055696,0.072598,-1.034934,1.028431,0.700417,-9.730768
1785345690.691972,-0.025830,-0.029493,-0.031861,0.239819,0.413022,-0.918505,1.042359,0.666507,-9.731668
1785345690.700706,-0.025909,-0.084931,0.006880,-0.033935,-0.246890,-1.065088,1.030957,0.699011,-9.730602
1785345690.704114,-0.037976,-0.040318,-0.028374,0.242188,0.438192,-0.926941,1.045781,0.662982,-9.731541
1785345690.720249,-0.027750,-0.071660,0.007419,0.063047,-0.044807,-1.000129,1.041426,0.674023,-9.731250
1785345690.721208,-0.038606,-0.073482,0.014826,0.061521,-0.108389,-1.038730,1.033100,0.690346,-9.730993
1785345690.733650,-0.023981,-0.054111,-0.026583,0.244562,0.483070,-0.927734,1.049660,0.650399,-9.731973
1785345690.737420,-0.033008,-0.068236,0.005421,0.151077,-0.017214,-1.061599,1.041251,0.654617,-9.732593
1785345690.752541,-0.028897,-0.072802,-0.008919,0.163993,0.073645,-0.997422,1.037394,0.650549,-9.733278
1785345690.754255,-0.031532,-0.069992,-0.007710,0.188301,0.091669,-1.011988,1.032853,0.643774,-9.734211
1785345690.769367,-0.030497,-0.075848,-0.009088,0.115609,0.036811,-1.016810,1.030369,0.645618,-9.734352
1785345690.772404,-0.026329,-0.074248,-0.004569,0.167883,0.172040,-1.009876,1.032163,0.633892,-9.734933
1785345690.782068,-0.030583,-0.076878,-0.001293,0.238474,0.037724,-1.044117,1.020451,0.628648,-9.736508
1785345690.789061,-0.024616,-0.065571,-0.018345,0.156029,0.197383,-0.975176,1.024313,0.615015,-9.736973
1785345690.803867,-0.034028,-0.073948,-0.016348,0.155342,0.034448,-1.045818,1.018885,0.614881,-9.737551
1785345690.803988,-0.022284,-0.069600,-0.003610,0.224546,0.091078,-1.056499,1.011281,0.606455,-9.738872
1785345690.818069,-0.029845,-0.069636,-0.012408,0.157566,0.079049,-1.017853,1.008043,0.602293,-9.739466
1785345690.821514,-0.030165,-0.083850,-0.006791,0.217062,0.003329,-1.071885,0.995945,0.601493,-9.740760
1785345690.836441,-0.024222,-0.069739,-0.002752,0.228455,0.069824,-1.040603,0.986366,0.594397,-9.742170
1785345690.837369,-0.031428,-0.061631,-0.003752,0.207277,0.067566,-0.964541,0.977904,0.587810,-9.743423
1785345690.853782,-0.023002,-0.092140,0.005379,0.226640,-0.033286,-1.115669,0.963034,0.590038,-9.744769
1785345690.853873,-0.023178,-0.071073,-0.003993,0.167441,0.102494,-1.032764,0.959744,0.583333,-9.745497
1785345690.866432,-0.029941,-0.074717,0.005128,0.213704,-0.057789,-1.030582,0.944147,0.587577,-9.746766
1785345690.873610,-0.027975,-0.073881,-0.006167,0.195242,0.125984,-1.038778,0.939460,0.577507,-9.747820
1785345690.880851,-0.026469,-0.060413,0.007123,0.211761,0.276043,-0.970080,0.940501,0.553203,-9.749129
1785345690.889568,-0.022983,-0.060638,-0.010395,0.092133,0.147292,-0.966634,0.945182,0.545397,-9.749117
1785345690.896728,-0.026242,-0.060371,0.005016,0.225283,0.112013,-0.933712,0.936593,0.533869,-9.750583
1785345690.908575,-0.019635,-0.090605,-0.008539,0.170926,-0.109774,-1.099443,0.922826,0.545448,-9.751255
1785345690.913188,-0.022860,-0.062408,0.003519,0.196702,0.101340,-0.914020,0.915667,0.536050,-9.752451
1785345690.921986,-0.020102,-0.065691,0.011395,0.182342,-0.260208,-0.975214,0.893287,0.559246,-9.753224
1785345690.930867,-0.019699,-0.050491,-0.021048,0.213964,0.341530,-0.880874,0.894839,0.527926,-9.754827
1785345690.938319,-0.019699,-0.050491,-0.021048,0.213964,0.341530,-0.880874,0.883551,0.519665,-9.756300
1785345690.947511,-0.007665,-0.072145,0.002032,0.232391,0.078306,-0.997379,0.871658,0.526985,-9.756977
1785345690.966584,-0.025651,-0.079006,-0.005204,0.166894,-0.065775,-1.006069,0.860001,0.526073,-9.758061
1785345690.966683,-0.014981,-0.067076,0.000756,0.192430,0.007042,-0.908396,0.852402,0.515026,-9.759317
1785345690.970930,-0.013571,-0.052869,-0.013807,0.198045,0.118624,-0.906484,0.842599,0.507622,-9.760556
1785345690.985814,-0.002091,-0.059515,-0.008116,0.202367,0.076216,-0.915379,0.836106,0.510568,-9.760960
1785345690.986824,-0.014976,-0.060137,-0.004033,0.124552,-0.007834,-0.884436,0.826493,0.509968,-9.761810
1785345690.994156,-0.001388,-0.064026,0.009073,0.214489,0.017476,-0.926107,0.812978,0.507635,-9.763067
1785345691.004930,-0.003683,-0.054748,-0.002770,0.178261,-0.025120,-0.799445,0.800316,0.509570,-9.764012
1785345691.015078,-0.003976,-0.059949,0.007079,0.184093,0.030093,-0.797785,0.789073,0.506328,-9.765096
1785345691.030523,0.003954,-0.058977,0.015671,0.133737,0.023771,-0.757361,0.781882,0.505172,-9.765734
1785345691.030617,-0.000310,-0.053139,0.005285,0.177857,-0.129091,-0.728609,0.764985,0.516303,-9.766490
1785345691.039397,0.005983,-0.051008,-0.004585,0.165929,-0.065168,-0.768989,0.751566,0.522432,-9.767206
1785345691.048403,0.006433,-0.055311,0.005631,0.152544,-0.037155,-0.722893,0.740033,0.526185,-9.767885
1785345691.060147,0.016262,-0.057859,0.016019,0.205143,-0.051433,-0.691235,0.722935,0.529378,-9.768993
1785345691.063296,0.006037,-0.031338,0.006767,0.098286,0.073583,-0.569201,0.719146,0.523618,-9.769583
1785345691.076311,-0.011273,-0.043893,0.024216,0.093884,0.204986,-0.596238,0.720114,0.505988,-9.770441
1785345691.081274,0.015126,-0.048730,0.000354,0.128213,-0.023344,-0.600370,0.710575,0.508442,-9.771012
1785345691.100399,0.023453,-0.049736,0.011499,0.141598,0.120966,-0.591104,0.704207,0.497032,-9.772060
1785345691.100574,0.023059,-0.020928,-0.019129,-0.023828,0.107875,-0.401112,0.711809,0.490466,-9.771841
1785345691.108643,0.026672,-0.073100,0.009326,0.211253,-0.244069,-0.607675,0.687872,0.511198,-9.772492
1785345691.115428,0.021305,-0.042829,-0.003130,0.077173,-0.049631,-0.425023,0.681311,0.516542,-9.772671
1785345691.121213,0.028356,-0.043407,-0.000684,0.095029,-0.058035,-0.418900,0.672789,0.522159,-9.772963
1785345691.133322,0.032145,-0.034476,-0.004142,0.049837,0.069092,-0.359300,0.671886,0.516776,-9.773311
1785345691.149885,0.025044,-0.043672,0.006601,0.185250,-0.216283,-0.343133,0.649994,0.534228,-9.773853
1785345691.150075,0.039822,-0.039558,0.007050,0.037590,0.054195,-0.334700,0.649574,0.530436,-9.774088
1785345691.158999,0.038707,-0.047765,-0.000055,0.061003,0.003826,-0.324270,0.645479,0.530651,-9.774347
1785345691.169342,0.036644,-0.033427,0.003846,0.060333,-0.033493,-0.227644,0.639948,0.533730,-9.774543
1785345691.173011,0.049452,-0.044778,0.000626,0.058500,-0.063808,-0.272124,0.633951,0.540032,-9.774588
1785345691.185807,0.059220,-0.051549,-0.019567,0.171157,-0.526228,-0.185820,0.604295,0.586195,-9.773807
1785345691.187523,0.023090,-0.019647,0.035674,-0.065160,0.479967,-0.099061,0.623896,0.543555,-9.775040
1785345691.195180,0.044120,-0.028432,-0.001412,-0.020412,0.049966,-0.054514,0.627415,0.539778,-9.775024
1785345691.205363,0.043435,-0.041486,0.014181,0.100146,-0.186174,-0.088956,0.613359,0.555244,-9.775050
1785345691.216009,0.048183,-0.034111,0.009465,0.005464,-0.116888,-0.001669,0.609693,0.566085,-9.774657
1785345691.223080,0.056363,-0.041361,-0.003322,0.005138,-0.120734,-0.020539,0.606034,0.577431,-9.774221
1785345691.230110,0.048944,-0.028438,-0.002160,0.001160,0.021788,0.086177,0.606151,0.574739,-9.774372
1785345691.238553,0.045208,-0.027007,-0.010326,0.018817,-0.126230,0.143684,0.600349,0.585040,-9.774119
1785345691.249407,0.054609,-0.029964,0.002703,-0.020345,0.101201,0.178829,0.604283,0.574813,-9.774484
1785345691.265692,0.047282,-0.030696,-0.005096,0.016777,-0.026362,0.205079,0.601130,0.575363,-9.774646
1785345691.265843,0.047189,-0.028980,-0.002302,-0.005506,-0.032828,0.256793,0.599677,0.576740,-9.774654
1785345691.270766,0.048941,-0.019329,-0.004364,-0.062258,0.042629,0.347809,0.605266,0.571966,-9.774590
1785345691.282599,0.051300,-0.035444,0.004740,-0.013934,-0.099651,0.335360,0.602363,0.579233,-9.774341
1785345691.292738,0.046456,-0.030088,0.001217,-0.019185,-0.063372,0.378994,0.600803,0.582923,-9.774218
1785345691.296800,0.052964,-0.038943,0.010393,0.015999,-0.092455,0.399315,0.595040,0.588153,-9.774257
1785345691.306144,0.052964,-0.038943,0.010393,0.015999,-0.092455,0.399315,0.590968,0.595906,-9.774035
1785345691.315107,0.066872,-0.039807,-0.019552,0.054533,-0.419924,0.508300,0.571447,0.629392,-9.773096
1785345691.320795,0.043149,-0.029253,0.005255,-0.040986,0.010854,0.512031,0.573799,0.625672,-9.773197
1785345691.332999,0.040132,-0.035225,0.006323,-0.004910,-0.034796,0.618404,0.571050,0.624285,-9.773447
1785345691.345259,0.045684,-0.037571,0.003431,-0.027314,-0.100764,0.609689,0.568342,0.629710,-9.773257
1785345691.345397,0.036667,-0.018764,0.002008,-0.076469,0.046738,0.664045,0.574683,0.622689,-9.773336
1785345691.355708,0.041035,-0.039367,0.004186,-0.033611,-0.151246,0.665782,0.570627,0.632462,-9.772946
1785345691.366436,0.043708,-0.041195,-0.000403,-0.090209,-0.097282,0.725275,0.573327,0.638604,-9.772389
1785345691.388991,0.030194,-0.023510,0.008980,-0.029028,0.100102,0.760354,0.576984,0.624477,-9.773086
1785345691.389306,0.039633,-0.041715,-0.003980,-0.036938,-0.112671,0.790675,0.573950,0.629776,-9.772925
1785345691.389348,0.031207,-0.038961,0.000609,-0.028368,-0.132002,0.764847,0.569531,0.636676,-9.772736
1785345691.396928,0.035321,-0.029840,-0.004049,-0.042696,0.006434,0.898883,0.570999,0.630489,-9.773052
1785345691.405500,0.033336,-0.044202,-0.005499,-0.104887,-0.066299,0.795089,0.575701,0.633943,-9.772553
1785345691.413487,0.027617,-0.029839,-0.002162,-0.028274,0.095685,0.925935,0.579196,0.619068,-9.773300
1785345691.426228,0.026533,-0.037981,-0.001713,-0.037398,-0.069181,0.924722,0.577237,0.619356,-9.773397
1785345691.428281,0.026440,-0.031220,-0.003667,-0.058850,-0.002514,0.940527,0.579766,0.614425,-9.773559
1785345691.446411,0.028088,-0.049740,-0.001096,-0.044265,-0.001974,0.896290,0.581153,0.609275,-9.773799
1785345691.447998,0.020504,-0.036464,-0.009721,-0.108673,-0.030409,0.967079,0.586877,0.608700,-9.773493
1785345691.455223,0.019803,-0.018335,0.004766,-0.097866,0.155355,1.005173,0.599237,0.591174,-9.773819
1785345691.464396,0.024567,-0.059531,0.000531,-0.017886,-0.239715,0.946125,0.587979,0.605390,-9.773632
1785345691.472579,0.009417,-0.006514,0.005777,-0.046788,0.093114,1.090649,0.593309,0.590680,-9.774210
1785345691.483080,0.024254,-0.048299,0.004574,-0.015114,-0.008490,0.962527,0.591766,0.584511,-9.774674
1785345691.488186,0.014110,-0.022256,0.005084,-0.084646,-0.031487,1.071896,0.594932,0.582593,-9.774597
1785345691.501196,0.009514,-0.057762,0.006442,-0.020058,-0.188761,0.896067,0.585757,0.592589,-9.774550
1785345691.507143,0.005799,-0.001371,-0.005239,-0.023482,0.133464,1.176490,0.591340,0.573071,-9.775378
1785345691.519748,0.014669,-0.055927,0.014954,0.033464,-0.228986,0.921302,0.575443,0.583647,-9.775701
1785345691.521672,-0.001975,-0.021705,0.004998,-0.021575,-0.075595,1.146053,0.571244,0.582052,-9.776042
1785345691.530089,0.011938,-0.034186,0.003721,0.010531,-0.128826,1.004395,0.562048,0.584429,-9.776433
1785345691.538797,-0.010318,0.002383,-0.021291,-0.184249,0.326339,1.213437,0.591587,0.557119,-9.776285
1785345691.548446,-0.002811,-0.046007,0.017610,0.012625,-0.164500,0.953325,0.580138,0.562631,-9.776655
1785345691.556665,-0.001531,-0.014235,0.000125,-0.033461,-0.036702,1.189953,0.578754,0.558127,-9.776995
1785345691.568417,0.004281,-0.031471,-0.004132,-0.052347,-0.019908,1.040234,0.580097,0.554438,-9.777126
1785345691.570303,-0.011811,-0.013445,0.002459,-0.059957,0.024611,1.150114,0.584266,0.546762,-9.777310
1785345691.585076,-0.004745,-0.020059,0.001950,-0.065379,-0.058760,1.085800,0.584413,0.546632,-9.777308
1785345691.586447,-0.008170,-0.008115,-0.007678,-0.110890,0.052498,1.166748,0.594231,0.539554,-9.777110
1785345691.599491,-0.009177,-0.021881,-0.000432,-0.112311,-0.040814,1.113772,0.598916,0.540423,-9.776776
1785345691.613311,-0.013414,-0.011373,-0.004129,-0.066340,-0.046283,1.118494,0.599638,0.539085,-9.776805
1785345691.613457,-0.006429,0.002825,0.009542,-0.083086,-0.001501,1.194242,0.604151,0.534670,-9.776770
1785345691.624806,-0.024365,-0.007266,0.006652,-0.117638,-0.140041,1.167282,0.603136,0.543184,-9.776363
1785345691.632852,-0.002352,-0.023258,-0.008926,-0.056193,0.037902,1.061694,0.608251,0.535252,-9.776484
1785345691.639433,-0.016389,-0.002607,-0.006227,-0.053638,-0.050031,1.118192,0.607729,0.533447,-9.776615
1785345691.652845,-0.017850,-0.003807,0.001497,-0.166244,0.005837,1.191629,0.619000,0.533782,-9.775890
1785345691.653728,-0.016303,-0.005363,-0.009487,-0.077612,0.064502,1.121327,0.627364,0.524876,-9.775839
1785345691.663271,-0.011774,0.004410,-0.009432,-0.087695,-0.060070,1.130354,0.628516,0.525783,-9.775716
1785345691.671519,-0.015650,-0.005341,0.004287,-0.134898,-0.019930,1.149892,0.635644,0.526617,-9.775210
1785345691.684988,-0.023436,-0.020803,0.031196,-0.302339,-0.470271,1.164342,0.625406,0.570517,-9.773407
1785345691.688095,-0.022869,0.019378,-0.022218,-0.032257,0.227724,1.099539,0.641948,0.547249,-9.773665
1785345691.698101,-0.006031,0.019800,-0.030553,-0.030425,0.081497,1.137409,0.648514,0.534095,-9.773959
1785345691.706614,-0.026755,0.000499,0.004640,-0.163064,0.080084,1.180313,0.664184,0.529687,-9.773146
1785345691.731108,-0.017946,0.026228,-0.000035,-0.129653,-0.097342,1.129376,0.665362,0.535757,-9.772735
1785345691.731258,-0.018226,0.008239,-0.001614,-0.132433,0.007739,1.101561,0.673989,0.535045,-9.772183
1785345691.731329,-0.018325,0.006624,0.000312,-0.233153,-0.020679,1.191041,0.687274,0.542492,-9.770847
1785345691.741491,-0.014149,0.012255,0.000130,-0.143172,0.051632,1.131087,0.699597,0.539328,-9.770148
1785345691.752146,-0.020050,0.019639,-0.003133,-0.171351,-0.045423,1.156442,0.706735,0.544379,-9.769354
1785345691.759217,-0.017537,0.025307,-0.006996,-0.143314,-0.036972,1.094125,0.712636,0.547407,-9.768756
1785345691.762465,-0.018506,0.011198,0.004960,-0.231050,-0.044341,1.160303,0.723533,0.556645,-9.767433
1785345691.771924,-0.021509,0.029039,-0.003036,-0.168805,0.046954,1.117704,0.737127,0.555912,-9.766458
1785345691.787424,-0.014960,0.018633,-0.002676,-0.204860,-0.007308,1.174527,0.748811,0.560745,-9.765293
1785345691.788263,-0.011675,0.025091,-0.010235,-0.143880,0.040413,1.163305,0.760225,0.558206,-9.764556
1785345691.802268,-0.021480,0.025758,-0.001401,-0.271208,-0.020015,1.134123,0.774727,0.569205,-9.762782
1785345691.804604,-0.005896,0.022381,-0.006770,-0.198034,0.011101,1.163788,0.787087,0.572478,-9.761601
1785345691.813825,-0.011837,0.037168,-0.016347,-0.160886,-0.011643,1.134564,0.795414,0.574542,-9.760805
1785345691.821815,-0.009034,0.025155,-0.010980,-0.187084,0.025527,1.100894,0.808102,0.576795,-9.759630
1785345691.830050,-0.009052,0.028778,0.003000,-0.147332,0.170176,1.173734,0.829762,0.566983,-9.758387
1785345691.838195,-0.009545,0.034852,-0.004666,-0.180667,0.085527,1.166634,0.846476,0.564729,-9.757083
1785345691.852119,-0.006087,0.034412,0.004522,-0.238751,-0.029404,1.138279,0.857134,0.573757,-9.755625
1785345691.853934,-0.016024,0.035294,-0.015537,-0.234233,-0.035051,1.133137,0.867005,0.582747,-9.754220
1785345691.870691,-0.002545,0.044230,-0.004634,-0.092427,0.098463,1.176285,0.880024,0.572741,-9.753647
1785345691.871566,-0.010408,0.026444,0.003583,-0.254476,0.007553,1.154662,0.894074,0.580913,-9.751886
1785345691.893544,-0.008962,0.050935,-0.002258,-0.141809,0.088076,1.231474,0.908837,0.574929,-9.750876
1785345691.893697,-0.016691,0.032143,-0.001710,-0.172711,0.120884,1.144503,0.927787,0.570799,-9.749333
1785345691.900545,0.011388,0.033908,0.019117,-0.286235,-0.088005,1.189268,0.934839,0.585987,-9.747758
1785345691.906083,-0.017334,0.057652,-0.016343,-0.017182,0.199397,1.160319,0.952874,0.565059,-9.747248
1785345691.919992,0.002684,0.026048,0.008691,-0.419859,-0.243315,1.196628,0.952587,0.598679,-9.745269
1785345691.920989,-0.013656,0.046609,-0.013336,-0.256573,-0.031596,1.136532,0.962625,0.609144,-9.743634
1785345691.930203,0.002969,0.040729,0.006982,-0.188655,0.038761,1.210190,0.975580,0.609768,-9.742306
1785345691.956428,-0.014121,0.044499,0.001386,-0.166513,0.034026,1.199840,0.987056,0.608846,-9.741208
1785345691.956578,0.001145,0.046014,-0.002888,-0.189644,-0.033040,1.183039,0.993644,0.613045,-9.740275
1785345691.958287,-0.026074,0.057759,-0.014999,-0.050630,0.241473,1.222456,1.018272,0.593088,-9.738967
1785345691.966920,-0.010041,0.047657,-0.013082,-0.281785,-0.133009,1.201754,1.019494,0.609118,-9.737849
1785345691.977446,-0.002576,0.038901,-0.007783,-0.307951,-0.180919,1.190452,1.017501,0.629421,-9.736766
1785345691.981795,-0.009256,0.063273,-0.014730,-0.132221,0.000697,1.115760,1.024582,0.627921,-9.736121
1785345691.990686,-0.013308,0.062427,-0.005165,-0.225680,-0.021912,1.211780,1.033361,0.634416,-9.734772
1785345691.999934,-0.011300,0.054743,0.007259,-0.195671,-0.012448,1.169636,1.041745,0.638374,-9.733619
1785345692.008880,-0.002845,0.061479,-0.012994,-0.151675,-0.139277,1.152283,1.037032,0.643211,-9.733804
1785345692.012842,-0.008899,0.056388,-0.002152,-0.238661,-0.112809,1.141305,1.037765,0.655008,-9.732939
1785345692.019210,-0.027569,0.052086,0.009503,-0.173016,0.038641,1.173716,1.050094,0.655290,-9.731598
1785345692.033132,-0.000773,0.064289,-0.002453,-0.184958,-0.120344,1.111938,1.048090,0.662665,-9.731315
1785345692.040091,-0.018421,0.045525,0.008542,-0.130569,-0.016216,1.078344,1.053799,0.662136,-9.730734
1785345692.050932,-0.025711,0.060307,0.014761,-0.141682,0.030329,1.204280,1.064480,0.659667,-9.729739
1785345692.054623,-0.002254,0.070164,-0.000887,-0.463715,-0.304569,1.062383,1.053390,0.698409,-9.728242
1785345692.068068,-0.019985,0.059034,-0.007317,-0.049217,0.006439,1.057961,1.059138,0.690024,-9.728216
1785345692.071351,-0.020274,0.068041,-0.004020,-0.106565,-0.040392,1.083511,1.062212,0.687952,-9.728028
1785345692.087876,-0.036189,0.069397,0.009111,-0.016814,0.114864,1.130210,1.077514,0.672842,-9.727402
1785345692.090994,-0.006193,0.071660,-0.020314,-0.330876,-0.308924,0.953262,1.060593,0.700037,-9.727342
1785345692.098369,-0.018319,0.065975,0.005612,-0.253525,-0.119702,0.991628,1.059690,0.714766,-9.726370
1785345692.108184,-0.026736,0.065673,-0.000995,-0.151470,-0.127765,0.967303,1.055462,0.720429,-9.726412
1785345692.115139,-0.028260,0.081332,0.001224,-0.058558,-0.038237,0.982694,1.057609,0.715133,-9.726569
1785345692.121973,-0.022683,0.067257,0.001054,-0.099475,-0.137151,0.939033,1.051105,0.716403,-9.727181
1785345692.137653,-0.027042,0.071930,-0.002997,-0.220116,-0.120395,0.870177,1.048455,0.729455,-9.726497
1785345692.141213,-0.024815,0.079634,-0.010243,0.013704,-0.156591,0.877201,1.037602,0.721123,-9.728282
1785345692.156224,-0.045395,0.068915,0.024890,-0.130391,-0.068034,0.890255,1.038105,0.724508,-9.727976
1785345692.156373,-0.031920,0.070632,-0.008120,-0.188613,-0.105885,0.774202,1.035499,0.735444,-9.727434
1785345692.165150,-0.033644,0.089805,0.004456,0.119851,-0.163111,0.804403,1.022001,0.717825,-9.730177
1785345692.172942,-0.047702,0.064240,0.004699,-0.216411,0.002584,0.742618,1.029892,0.729971,-9.728441
1785345692.189243,-0.036450,0.072737,0.014353,-0.189323,-0.183870,0.699574,1.019212,0.743112,-9.728571
1785345692.197659,-0.033210,0.081453,0.009852,-0.179807,-0.152595,0.747595,1.011662,0.754293,-9.728498
1785345692.197795,-0.044384,0.074932,-0.000439,-0.032345,-0.075429,0.663812,1.008802,0.751160,-9.729038
1785345692.209099,-0.044317,0.083936,0.005123,-0.131512,-0.138579,0.634494,1.001138,0.758738,-9.729241
1785345692.216762,-0.041061,0.083389,0.002724,-0.091952,-0.115657,0.633064,0.995128,0.762224,-9.729586
1785345692.225387,-0.042767,0.073820,0.001691,-0.115431,-0.116681,0.608156,0.989181,0.768237,-9.729719
1785345692.229200,-0.037902,0.086775,0.012340,-0.059660,-0.137568,0.622941,0.980607,0.769008,-9.730526
1785345692.239043,-0.040180,0.087794,0.003025,-0.171214,-0.132126,0.578178,0.973627,0.780885,-9.730281
1785345692.252083,-0.045164,0.084797,-0.000998,-0.072713,-0.161622,0.529980,0.962344,0.784147,-9.731141
1785345692.253761,-0.038827,0.093203,0.007234,-0.094153,-0.205818,0.541103,0.947103,0.789836,-9.732176
1785345692.265692,-0.024750,0.083034,-0.015924,-0.116585,-0.133274,0.461843,0.938581,0.797728,-9.732358
1785345692.273078,-0.051559,0.081463,0.016783,-0.092190,-0.115605,0.513067,0.931886,0.802574,-9.732603
1785345692.282219,-0.044746,0.081100,0.015505,-0.007190,-0.198016,0.463777,0.916051,0.800506,-9.734277
1785345692.285880,-0.032207,0.085651,-0.020433,-0.255426,-0.033446,0.378668,0.917813,0.821711,-9.732344
1785345692.306332,-0.042197,0.083365,0.011765,0.003370,-0.168190,0.415280,0.904535,0.818761,-9.733835
1785345692.306491,-0.038641,0.079841,-0.001146,-0.096514,-0.121283,0.347003,0.896129,0.825719,-9.734025
1785345692.320239,-0.042352,0.078325,0.005801,-0.084270,-0.068714,0.290684,0.892308,0.831618,-9.733874
1785345692.321120,-0.037662,0.080418,0.015850,0.040150,-0.167091,0.340614,0.878368,0.825774,-9.735639
1785345692.340129,-0.040911,0.085831,0.004527,-0.087727,-0.151973,0.252324,0.866159,0.832997,-9.736118
1785345692.340339,-0.036868,0.076081,0.010863,-0.083292,-0.167517,0.219894,0.852159,0.840197,-9.736734
1785345692.352183,-0.035493,0.077941,0.008580,-0.060756,-0.143530,0.187575,0.840085,0.845345,-9.737338
1785345692.355616,-0.035953,0.077031,-0.001743,-0.056723,-0.101668,0.137246,0.831657,0.850276,-9.737632
1785345692.364119,-0.045249,0.088979,0.027753,0.323594,0.069812,0.171847,0.837711,0.816996,-9.739962
1785345692.372189,-0.027971,0.074641,0.009212,-0.274923,-0.252214,0.048032,0.815280,0.844763,-9.739497
1785345692.380918,-0.048069,0.067921,0.031824,0.206616,0.035816,0.130573,0.818505,0.823408,-9.741055
1785345692.388543,-0.010609,0.077803,-0.015950,-0.371164,-0.311331,-0.044717,0.790136,0.861626,-9.740092
1785345692.398937,-0.034044,0.064039,0.010908,0.033956,-0.079536,0.003625,0.782223,0.858791,-9.740981
1785345692.406472,-0.033633,0.075554,0.012234,0.043535,-0.176146,-0.049603,0.764422,0.856056,-9.742635
1785345692.413705,-0.027071,0.076022,0.017264,0.129996,-0.091846,-0.076967,0.754067,0.844646,-9.744437
1785345692.422206,-0.016840,0.068985,-0.013113,-0.119528,-0.117855,-0.069539,0.742789,0.857518,-9.744179
1785345692.430162,-0.039292,0.061887,0.027428,0.327912,0.147536,-0.074203,0.754478,0.825398,-9.746055
1785345692.448204,-0.023046,0.064180,0.003191,-0.020300,-0.045035,-0.182665,0.748810,0.829121,-9.746176
1785345692.448349,-0.004751,0.060185,-0.024438,-0.258806,-0.253046,-0.217131,0.724189,0.857588,-9.745573
1785345692.457589,-0.012618,0.059669,0.004101,0.042750,0.044782,-0.222257,0.726466,0.854876,-9.745642
1785345692.468491,-0.017387,0.056606,0.013838,0.100585,-0.124473,-0.203889,0.712025,0.847584,-9.747344
1785345692.470264,-0.008992,0.050923,0.005107,0.093462,-0.033712,-0.240799,0.706167,0.840618,-9.748374
1785345692.486766,-0.011497,0.042708,0.014074,0.046532,0.011886,-0.267427,0.704879,0.838067,-9.748686
1785345692.487725,-0.011058,0.061362,0.017622,0.263275,0.034839,-0.292693,0.703966,0.814527,-9.750747
1785345692.498113,0.007593,0.045809,0.002043,0.117187,-0.045961,-0.308328,0.696236,0.805895,-9.752020
1785345692.506312,0.001550,0.039077,0.004023,0.058384,-0.033555,-0.344197,0.689928,0.803128,-9.752696
1785345692.519312,0.002960,0.042883,0.012404,0.215619,0.077118,-0.354107,0.692952,0.784252,-9.754018
1785345692.520231,0.002977,0.037634,0.005182,0.131757,0.051411,-0.388332,0.693982,0.773980,-9.754765
1785345692.535283,0.003277,0.025178,0.004346,0.076662,0.038773,-0.381020,0.694349,0.769102,-9.755125
1785345692.559956,0.016022,0.039384,0.003043,0.141799,0.033758,-0.403232,0.693441,0.758133,-9.756048
1785345692.560103,0.012359,0.036932,-0.023282,0.067408,0.188630,-0.564493,0.707228,0.754031,-9.755376
1785345692.560170,0.002166,0.019934,0.018353,0.158570,0.126636,-0.456513,0.714755,0.740924,-9.755832
1785345692.561738,0.023570,0.036369,0.001231,0.131576,0.020772,-0.548052,0.711712,0.732317,-9.756704
1785345692.577516,0.012728,0.015200,0.003903,0.051281,0.162941,-0.504468,0.723674,0.729461,-9.756038
1785345692.578955,0.020562,0.039794,-0.003991,0.129359,0.048451,-0.580451,0.723111,0.721068,-9.756704
1785345692.591925,0.013538,0.014861,0.004397,0.093362,0.169913,-0.552827,0.734944,0.714371,-9.756312
1785345692.600676,0.029281,0.035944,-0.008890,0.201619,0.134323,-0.632839,0.741412,0.698362,-9.756982
1785345692.603821,0.016415,0.022999,0.004598,0.086720,0.226463,-0.627331,0.758430,0.692075,-9.756122
1785345692.613214,0.026207,0.025677,-0.006053,0.151961,0.188516,-0.646349,0.770735,0.680216,-9.755992
1785345692.620667,0.028713,0.026687,-0.003475,0.134651,0.157962,-0.708221,0.780022,0.671004,-9.755892
1785345692.636183,0.027495,0.022703,-0.003195,0.106344,0.171078,-0.686367,0.791151,0.664096,-9.755468
1785345692.638561,0.027890,0.023017,-0.004143,0.080957,0.229883,-0.747023,0.808062,0.659178,-9.754415
1785345692.656223,0.039193,0.023715,0.003909,0.044929,0.159521,-0.745101,0.818857,0.658897,-9.753534
1785345692.659301,0.031023,0.022200,0.007381,0.116999,0.186917,-0.754808,0.830950,0.651322,-9.753020
1785345692.667129,0.036088,0.021001,-0.005304,0.097915,0.186961,-0.802808,0.843192,0.646003,-9.752323
1785345692.671928,0.032756,0.027764,-0.001362,0.111278,0.258033,-0.800229,0.862011,0.637985,-9.751206
1785345692.690974,0.041526,0.020914,-0.003039,0.114961,0.232900,-0.803680,0.878363,0.630143,-9.750256
1785345692.691236,0.043793,0.026856,-0.009989,-0.003988,0.210828,-0.848495,0.894956,0.634477,-9.748466
1785345692.698089,0.049195,0.019677,-0.005214,-0.029465,0.165958,-0.844934,0.907878,0.642172,-9.746767
1785345692.711135,0.037695,0.026369,0.005191,0.091089,0.231901,-0.861764,0.924287,0.637166,-9.745553
1785345692.712964,0.050010,0.009115,0.000288,-0.034886,0.172504,-0.862121,0.938057,0.645416,-9.743695
1785345692.722833,0.042638,0.023048,-0.004359,-0.036266,0.222533,-0.870416,0.956597,0.652674,-9.741408
1785345692.734135,0.053804,0.023162,0.006148,0.039100,0.208438,-0.916337,0.971772,0.653734,-9.739835
1785345692.737100,0.052139,0.018802,-0.006737,-0.050438,0.137009,-0.963625,0.982411,0.665544,-9.737968
1785345692.748094,0.035959,0.019007,0.018041,0.274294,0.416563,-0.822671,1.011106,0.637999,-9.736874
1785345692.756211,0.073799,0.013804,-0.015367,-0.247814,-0.024390,-1.004169,1.012418,0.673210,-9.734367
1785345692.765574,0.036682,0.033116,0.001991,0.034408,0.172180,-0.929582,1.024290,0.675877,-9.732940
1785345692.773053,0.071418,0.012470,0.004098,-0.131963,0.083418,-0.973267,1.032689,0.697037,-9.730560
1785345692.785991,0.051799,0.018025,-0.006356,-0.054190,0.181228,-0.994004,1.047774,0.708370,-9.728128
1785345692.789445,0.051799,0.018025,-0.006356,-0.054190,0.181228,-0.994004,1.061077,0.718111,-9.725972
1785345692.801226,0.053667,0.018134,0.002057,0.007887,0.161875,-0.995635,1.072481,0.724457,-9.724250
1785345692.808194,0.059412,0.015814,-0.002475,-0.020064,0.208153,-0.931592,1.089311,0.731020,-9.721888
1785345692.818295,0.058998,0.009666,0.010818,-0.063577,0.141058,-1.032525,1.101217,0.745098,-9.719478
1785345692.820512,0.062387,0.014616,0.023230,-0.159138,0.193084,-0.983547,1.121404,0.765378,-9.715593
1785345692.858506,0.062975,0.012861,-0.013511,0.335336,0.204909,-0.971008,1.125092,0.740740,-9.717076
1785345692.858688,0.058294,0.013297,0.023983,0.091554,0.323544,-0.944477,1.148539,0.733089,-9.714913
1785345692.858763,0.058056,-0.010756,-0.010115,-0.059952,-0.023540,-0.998380,1.146293,0.752644,-9.713683
1785345692.858828,0.067461,0.012606,0.032433,-0.061229,0.355484,-0.987098,1.178205,0.757649,-9.709475
1785345692.872831,0.069526,0.010114,-0.013965,0.197940,-0.008108,-1.028331,1.167417,0.754679,-9.711009
1785345692.872955,0.060717,-0.000273,0.002186,-0.000556,0.199126,-0.989857,1.183118,0.760244,-9.708675
1785345692.885290,0.056963,0.001839,0.012812,0.182484,0.164740,-0.947105,1.188394,0.750661,-9.708776
1785345692.890053,0.074552,0.003579,-0.003574,-0.099472,0.046010,-1.039041,1.194871,0.771797,-9.706323
1785345692.899235,0.063702,-0.004012,0.010343,0.013296,0.174720,-1.010875,1.207927,0.777351,-9.704264
1785345692.906605,0.064006,-0.012655,-0.003233,0.067407,0.125450,-0.979852,1.214420,0.779982,-9.703242
1785345692.918569,0.065403,-0.006004,0.006657,0.016679,0.088310,-1.020270,1.219918,0.789189,-9.701808
1785345692.920310,0.063924,0.006522,-0.010289,0.047268,-0.069947,-1.013387,1.210367,0.802938,-9.701876
1785345692.936953,0.066085,-0.006084,0.015822,0.215787,0.334029,-1.003534,1.227782,0.783630,-9.701267
1785345692.937818,0.058268,-0.003682,0.011470,0.173307,0.223487,-0.959997,1.237832,0.772374,-9.700892
1785345692.957984,0.058712,0.001833,-0.015176,0.002884,-0.088371,-1.078964,1.229458,0.792029,-9.700372
1785345692.958285,0.049568,-0.003551,0.006316,0.165003,0.243340,-1.034733,1.241253,0.781423,-9.699730
1785345692.965431,0.056228,-0.008856,0.011624,0.220388,0.197493,-0.994432,1.246487,0.767879,-9.700141
1785345692.973925,0.054842,0.003153,0.000599,0.214086,0.148583,-0.998134,1.247953,0.757309,-9.700783
1785345692.979873,0.048317,-0.008893,0.009674,0.113292,0.047612,-1.078214,1.246224,0.761270,-9.700696
1785345692.989570,0.062736,-0.002303,0.004012,0.108994,0.050037,-1.020689,1.244902,0.764640,-9.700600
1785345693.003519,0.048307,-0.004919,0.008489,0.172782,0.132114,-1.021693,1.246912,0.758537,-9.700821
1785345693.003656,0.060197,0.002962,0.003063,0.178188,-0.020348,-1.064052,1.236225,0.760854,-9.702007
1785345693.020284,0.048093,-0.009645,0.007339,0.141569,0.052843,-1.066646,1.233419,0.762106,-9.702266
1785345693.021246,0.055926,-0.003797,0.013531,0.209687,0.033294,-1.012417,1.225175,0.758330,-9.703607
1785345693.032151,0.051280,-0.010234,0.004468,0.178272,0.074949,-1.038067,1.222002,0.754996,-9.704267
1785345693.041834,0.046195,-0.009041,0.016062,0.156329,0.092811,-0.995523,1.221434,0.751711,-9.704593
1785345693.054084,0.053330,-0.003572,-0.000236,0.248773,0.032892,-1.051597,1.210812,0.745601,-9.706395
1785345693.054755,0.054604,-0.012691,0.008600,0.220654,0.085226,-1.028971,1.205823,0.738193,-9.707583
1785345693.068170,0.049849,-0.008043,0.007926,0.156618,0.060149,-1.018274,1.202675,0.736953,-9.708067
1785345693.070830,0.062103,-0.031750,0.027259,0.154649,0.013045,-1.013433,1.195999,0.738666,-9.708762
1785345693.085813,0.045244,0.006790,-0.008434,0.260313,0.110798,-1.016659,1.190211,0.726543,-9.710388
1785345693.087167,0.050585,-0.006533,0.000571,0.274078,0.064857,-1.018392,1.180026,0.716235,-9.712397
1785345693.096851,0.048087,-0.012106,0.023772,0.172292,-0.050098,-0.989581,1.167519,0.720226,-9.713613
1785345693.109506,0.053867,-0.009637,0.004519,0.211105,0.000558,-1.018471,1.156273,0.718598,-9.715078
1785345693.117145,0.056833,-0.025268,0.020608,0.242376,0.043276,-0.931051,1.145866,0.710798,-9.716885
1785345693.120884,0.056158,-0.026677,0.011309,0.207553,0.005862,-1.036225,1.135166,0.709300,-9.718250
1785345693.134915,0.048745,0.002019,0.020074,0.251594,0.055915,-0.974200,1.124929,0.700571,-9.720074
1785345693.137546,0.035782,-0.002988,0.025910,0.116618,-0.099338,-0.979648,1.112542,0.711751,-9.720687
1785345693.149126,0.053941,-0.010789,-0.000520,0.327914,0.177143,-0.968475,1.105363,0.689482,-9.723111
1785345693.157645,0.057818,-0.014255,0.017472,0.202919,0.052245,-0.963029,1.097837,0.684160,-9.724340
1785345693.164827,0.062770,-0.030829,-0.018075,0.238041,0.290555,-0.937689,1.104316,0.659605,-9.725302
1785345693.176220,0.053905,-0.010420,0.016546,0.264754,0.092573,-0.951847,1.095302,0.647084,-9.727163
1785345693.179718,0.055782,-0.014950,0.008182,0.202201,0.093817,-0.910515,1.090542,0.638084,-9.728292
1785345693.192821,0.058864,-0.012281,0.012577,0.196884,0.113340,-0.884585,1.087327,0.627683,-9.729328
1785345693.197189,0.061354,-0.015130,0.002137,0.167957,-0.043246,-0.931011,1.075829,0.630928,-9.730397
1785345693.207875,0.053595,-0.011353,0.006342,0.217217,0.141372,-0.895429,1.072787,0.617225,-9.731611
1785345693.223441,0.063981,-0.012128,0.007103,0.179139,0.066128,-0.910213,1.067584,0.611556,-9.732541
1785345693.223594,0.051638,-0.010654,0.005783,0.174015,0.089046,-0.870587,1.064033,0.604040,-9.733400
1785345693.233181,0.061520,-0.002128,0.006519,0.173282,0.123196,-0.815396,1.062454,0.593362,-9.734229
1785345693.240176,0.055887,-0.021460,0.003218,0.175643,0.110295,-0.905469,1.060216,0.584455,-9.735012
1785345693.251451,0.057082,-0.001063,0.008390,0.202198,0.031368,-0.815878,1.050579,0.578809,-9.736394
1785345693.259580,0.056178,-0.020355,-0.002018,0.160884,0.116658,-0.881628,1.049590,0.569919,-9.737025
1785345693.261483,0.057386,-0.006879,0.014285,0.154218,0.199138,-0.778041,1.053672,0.553931,-9.737507
1785345693.308342,0.067236,-0.021089,-0.006100,0.159240,0.097423,-0.847786,1.051481,0.546114,-9.738185
1785345693.308504,0.056256,-0.014578,0.010818,0.175520,0.066208,-0.806235,1.045902,0.539268,-9.739167
1785345693.308572,0.055801,-0.019252,0.017312,0.151787,0.076829,-0.825678,1.042842,0.533155,-9.739832
1785345693.308630,0.065651,-0.004134,0.001491,0.084596,0.299881,-0.728983,1.057647,0.512367,-9.739351
1785345693.308709,0.047606,-0.017380,0.011839,0.149636,0.031648,-0.833055,1.052274,0.509949,-9.740060
1785345693.313142,0.056391,-0.026279,0.021525,0.182236,-0.064833,-0.808448,1.038570,0.513112,-9.741365
1785345693.322714,0.057886,0.010035,-0.004755,0.127985,0.426775,-0.647292,1.056247,0.478456,-9.741228
1785345693.330495,0.050612,-0.029669,0.015904,0.153675,-0.059309,-0.795412,1.045290,0.482635,-9.742204
1785345693.340454,0.051110,-0.009233,0.004667,0.101487,0.095812,-0.689057,1.046514,0.476150,-9.742391
1785345693.350456,0.050880,-0.013367,0.008621,0.126241,0.044629,-0.683707,1.042864,0.472385,-9.742966
1785345693.357362,0.059001,-0.014804,-0.004355,0.081579,-0.015246,-0.668544,1.039445,0.475733,-9.743168
1785345693.365405,0.048044,-0.004974,0.010355,0.141840,0.123611,-0.592896,1.038158,0.463827,-9.743880
1785345693.377387,0.048891,-0.015982,-0.002432,0.023597,0.091236,-0.629798,1.045004,0.461077,-9.743278
1785345693.379173,0.042545,0.002720,0.015015,0.111641,0.132756,-0.520306,1.046157,0.449265,-9.743707
1785345693.391338,0.053999,-0.018457,0.008929,0.109564,0.031680,-0.632928,1.042855,0.446914,-9.744169
1785345693.399825,0.043372,0.006531,-0.031997,-0.080619,0.251142,-0.445548,1.065473,0.434316,-9.742291
1785345693.407687,0.053139,-0.023537,0.040403,0.227980,-0.150078,-0.601396,1.042858,0.440848,-9.744445
1785345693.413627,0.039191,-0.009798,-0.010289,-0.028165,0.137344,-0.492902,1.055483,0.435290,-9.743335
1785345693.421958,0.041291,-0.000638,-0.000764,0.007286,0.073527,-0.403821,1.061341,0.432457,-9.742825
1785345693.436585,0.041890,0.004025,0.001251,0.021369,0.078108,-0.409122,1.066304,0.428571,-9.742455
1785345693.437467,0.046751,-0.000660,-0.005792,-0.023605,0.044848,-0.333909,1.072850,0.428983,-9.741718
1785345693.459476,0.037910,-0.028942,0.025137,0.168934,-0.248481,-0.459339,1.049518,0.445878,-9.743501
1785345693.459630,0.040684,-0.007924,-0.002326,0.002586,0.012956,-0.314154,1.052077,0.447508,-9.743150
1785345693.465816,0.044636,0.008358,-0.007517,-0.062333,0.177143,-0.247787,1.067727,0.437780,-9.741889
1785345693.473985,0.038686,0.004642,0.000575,-0.007822,0.001498,-0.220966,1.070013,0.440026,-9.741537
1785345693.486757,0.040843,-0.011314,0.006678,0.041001,-0.071528,-0.313595,1.065280,0.446980,-9.741739
1785345693.487673,0.035617,0.000571,0.006226,-0.020932,0.000059,-0.221301,1.068604,0.449974,-9.741237
1785345693.499338,0.038818,-0.003991,-0.000606,0.013435,-0.148251,-0.167046,1.061478,0.463445,-9.741385
1785345693.506805,0.038749,-0.000490,0.003518,0.006450,-0.050633,-0.139705,1.059459,0.468723,-9.741352
1785345693.515692,0.038137,0.001018,0.002080,0.009476,-0.051742,-0.097205,1.056838,0.473568,-9.741403
1785345693.522822,0.036320,-0.004735,0.016541,-0.032345,-0.225311,-0.085129,1.049336,0.495013,-9.741148
1785345693.537236,0.038769,0.002383,0.002512,-0.018912,-0.061580,-0.035205,1.048219,0.501459,-9.740938
1785345693.538186,0.040253,0.005243,0.005844,0.039007,0.071590,0.057878,1.047966,0.493013,-9.741396
1785345693.557095,0.039046,0.006831,0.000520,0.000713,0.069092,0.055329,1.050851,0.486599,-9.741408
1785345693.557233,0.035318,0.006435,0.005250,-0.014540,-0.056931,0.082158,1.048794,0.491346,-9.741392
1785345693.567693,0.034286,0.006207,0.004585,-0.012818,-0.068621,0.128276,1.045720,0.496566,-9.741457
1785345693.571035,0.031745,0.005189,0.004402,-0.009990,-0.067767,0.153168,1.042284,0.501337,-9.741581
1785345693.581071,0.028055,0.015135,0.003006,-0.038830,0.050046,0.206714,1.046626,0.496997,-9.741338
1785345693.590770,0.027967,0.000431,0.005175,0.004205,-0.051585,0.222996,1.042305,0.499057,-9.741696
1785345693.598999,0.027023,0.005944,0.005538,-0.045499,-0.043951,0.284631,1.042138,0.502246,-9.741550
1785345693.606730,0.025799,0.008216,0.002895,-0.040487,-0.062576,0.308789,1.040478,0.506524,-9.741506
1785345693.617614,0.026347,-0.015316,0.039674,0.137462,-0.441239,0.243812,1.005675,0.534655,-9.743658
1785345693.627779,0.021956,0.006183,-0.005669,-0.002383,-0.068411,0.424876,0.999981,0.536428,-9.744146
1785345693.627921,0.011804,0.013625,-0.002666,-0.159063,0.128043,0.413578,1.017207,0.529506,-9.742742
1785345693.640662,0.019529,0.010246,0.020002,0.044973,-0.435204,0.491399,0.988715,0.558773,-9.744040
1785345693.646936,0.011346,0.034576,-0.029484,-0.115814,0.382703,0.663046,1.013998,0.526326,-9.743248
1785345693.657049,0.012802,-0.001810,0.024577,0.084967,-0.279385,0.429224,0.990203,0.541039,-9.744890
1785345693.665649,0.007483,0.019752,0.007173,0.047080,-0.035776,0.599305,0.981202,0.535814,-9.746089
1785345693.672288,0.006826,0.015922,-0.007756,-0.035609,0.060748,0.620829,0.983930,0.526665,-9.746312
1785345693.683242,0.008237,0.015301,0.003627,-0.019651,-0.056624,0.650689,0.979051,0.526056,-9.746837
1785345693.687583,-0.000019,0.019105,0.004208,-0.004152,-0.045305,0.740686,0.973072,0.522848,-9.747608
1785345693.698366,0.004556,0.014049,0.010691,0.015831,-0.081356,0.700279,0.963802,0.521896,-9.748580
1785345693.704878,-0.003880,0.019133,-0.017644,-0.092925,0.074996,0.815406,0.971211,0.513000,-9.748317
1785345693.717084,0.004880,0.019973,0.005958,-0.020126,-0.113339,0.830184,0.962399,0.515215,-9.749074
1785345693.720652,-0.003688,0.005544,0.019052,0.099110,-0.043567,0.757928,0.948378,0.506042,-9.750928
1785345693.738637,-0.008632,0.026205,-0.005587,-0.016964,0.123872,0.925490,0.952235,0.488426,-9.751451
1785345693.738779,-0.006473,0.019119,0.002189,0.026540,-0.042674,0.887112,0.943454,0.481986,-9.752625
1785345693.752688,-0.011310,0.017694,0.005516,-0.013677,-0.040474,0.898803,0.937966,0.477545,-9.753372
1785345693.752812,-0.014261,0.022577,0.000212,0.081455,0.037256,0.950666,0.929442,0.461168,-9.754976
1785345693.763957,-0.021703,0.005983,0.003342,-0.008009,-0.096515,1.001479,0.919831,0.459901,-9.755947
1785345693.778677,-0.014681,0.020177,0.012371,0.042729,-0.058813,0.909871,0.909064,0.453583,-9.757252
1785345693.805882,-0.023813,0.020576,0.002800,0.083597,0.026780,1.068056,0.899793,0.436917,-9.758872
1785345693.806238,-0.023839,0.007226,0.004894,0.060343,-0.170680,0.963085,0.880786,0.437561,-9.760577
1785345693.806323,-0.027379,0.032510,-0.002821,0.040480,0.194381,1.039164,0.885641,0.411364,-9.761277
1785345693.806359,-0.025285,0.011857,0.009258,-0.028407,0.052771,1.087172,0.886606,0.399724,-9.761672
1785345693.816701,-0.044683,0.030322,0.008385,0.064263,0.009628,1.064787,0.878172,0.385755,-9.762997
1785345693.822206,-0.021949,0.015713,0.003147,0.085474,-0.010496,1.066820,0.867014,0.371969,-9.764529
1785345693.832752,-0.037451,0.030829,0.006115,0.012879,0.070752,1.066722,0.866483,0.357034,-9.765134
1785345693.837943,-0.034376,0.035435,-0.003241,0.028007,-0.094124,1.086437,0.854043,0.352858,-9.766381
1785345693.847171,-0.030689,0.023120,0.000767,0.043095,-0.029507,1.114833,0.844829,0.342871,-9.767538
1785345693.863660,-0.043882,0.022000,0.010894,0.010399,0.012510,1.069915,0.840988,0.332522,-9.768228
1785345693.863795,-0.039618,0.017526,0.021518,-0.097904,-0.387923,1.060291,0.817572,0.357385,-9.769337
1785345693.871291,-0.030972,0.048685,-0.023515,0.218648,0.430610,1.179433,0.828298,0.303304,-9.770262
1785345693.886132,-0.050432,0.037635,0.008170,-0.002242,-0.153062,1.140752,0.813744,0.304799,-9.771439
1785345693.889287,-0.050432,0.037635,0.008170,-0.002242,-0.153062,1.140752,0.803723,0.317880,-9.771852
1785345693.898146,-0.039652,0.012992,0.015124,-0.115291,-0.201204,1.071318,0.800323,0.305855,-9.772514
1785345693.905388,-0.037164,0.031068,0.006676,0.020940,0.022300,1.143210,0.805889,0.271809,-9.773063
1785345693.916178,-0.043364,0.041172,0.000805,0.029921,-0.013142,1.130698,0.799252,0.261783,-9.773882
1785345693.923506,-0.043364,0.041172,0.000805,0.029921,-0.013142,1.130698,0.794920,0.247453,-9.774608
1785345693.931077,-0.040347,0.040036,0.009134,0.044399,0.032341,1.183058,0.789375,0.235979,-9.775341
1785345693.939885,-0.037551,0.041208,-0.003007,-0.024525,0.191799,1.175108,0.801390,0.217046,-9.774803
1785345693.954415,-0.037551,0.041208,-0.003007,-0.024525,0.191799,1.175108,0.791853,0.221837,-9.775472
1785345693.954551,-0.053580,0.042967,0.003089,-0.067013,-0.131843,1.111480,0.791798,0.214983,-9.775630
1785345693.969639,-0.041206,0.056389,0.001863,-0.004547,0.056494,1.147615,0.792782,0.203366,-9.775799
1785345693.975236,-0.038659,0.057528,-0.010023,0.013406,0.019914,1.155009,0.789882,0.192555,-9.776252
1785345693.983814,-0.051694,0.052019,0.001003,-0.033282,0.013175,1.130593,0.789280,0.185997,-9.776428
1785345693.987392,-0.045241,0.068018,0.003452,0.024737,0.104981,1.123082,0.792622,0.169750,-9.776453
1785345694.000637,-0.037245,0.053213,0.000711,-0.070222,0.088943,1.131878,0.800011,0.161933,-9.775984
1785345694.004961,-0.051274,0.063731,-0.005035,-0.061850,-0.020758,1.120864,0.798184,0.159683,-9.776170
1785345694.019214,-0.041130,0.065164,0.007785,-0.110179,-0.080007,1.122111,0.794232,0.164534,-9.776412
1785345694.021649,-0.040382,0.071776,-0.010619,-0.010682,0.142961,1.136407,0.803001,0.149250,-9.775941
1785345694.030570,-0.040865,0.063242,-0.010346,-0.145256,0.015119,1.116818,0.808442,0.151902,-9.775451
1785345694.038712,-0.044443,0.082110,-0.001948,-0.098555,-0.045709,1.103180,0.806471,0.153982,-9.775582
1785345694.054226,-0.041450,0.068840,0.008317,0.012390,0.231335,1.158492,0.821654,0.132371,-9.774634
1785345694.054333,-0.037555,0.078239,-0.015293,-0.282946,-0.184877,1.031362,0.817176,0.157213,-9.774641
1785345694.082585,-0.037256,0.085658,-0.003414,0.058902,0.309247,1.147544,0.837090,0.128183,-9.773380
1785345694.082759,-0.039351,0.073585,0.009584,-0.246248,-0.053012,1.069064,0.841222,0.143065,-9.772818
1785345694.082831,-0.032171,0.079559,-0.000967,-0.229404,0.056113,1.148897,0.853564,0.150653,-9.771634
1785345694.109121,-0.029424,0.092842,-0.015448,-0.074284,-0.000329,1.009359,0.854226,0.148766,-9.771605
1785345694.109280,-0.023547,0.079002,-0.009067,-0.302974,-0.258893,1.074826,0.842818,0.177668,-9.772113
1785345694.109352,-0.047079,0.097460,0.008050,-0.204317,0.055349,1.042245,0.854322,0.184211,-9.770993
1785345694.118186,-0.027599,0.096749,-0.001167,0.085452,0.219978,1.178143,0.867198,0.157358,-9.770328
1785345694.122660,-0.020365,0.088836,-0.018768,-0.365594,-0.144934,0.967180,0.867742,0.187222,-9.769753
1785345694.133963,-0.042482,0.094293,-0.005040,-0.149035,0.042694,1.093137,0.875495,0.189109,-9.769025
1785345694.139119,-0.028168,0.105258,-0.021621,-0.272218,-0.094419,0.989246,0.876293,0.208313,-9.768563
1785345694.151658,-0.033073,0.076405,-0.012447,-0.335889,-0.103431,1.012705,0.878752,0.233212,-9.767779
1785345694.154855,-0.031711,0.112389,0.022643,0.156155,0.409044,1.048767,0.907746,0.194083,-9.765983
1785345694.174502,-0.026093,0.098892,-0.019570,-0.461356,-0.492593,1.057550,0.879225,0.244338,-9.767464
1785345694.174657,-0.032035,0.088200,-0.023361,-0.261462,0.068981,0.951384,0.894072,0.256641,-9.765801
1785345694.200550,-0.026126,0.104067,-0.005990,-0.102238,0.023503,0.995669,0.898962,0.255840,-9.765373
1785345694.202413,-0.033578,0.095451,-0.006309,-0.263309,-0.019796,1.002729,0.905558,0.271037,-9.764354
1785345694.202562,-0.029418,0.101886,0.005872,-0.143263,-0.031071,1.034332,0.906963,0.275404,-9.764101
1785345694.204133,-0.029189,0.077519,-0.000074,-0.169717,0.104361,0.982838,0.921656,0.278121,-9.762648
1785345694.221341,-0.027516,0.107297,-0.009242,-0.207414,-0.041436,0.891839,0.924174,0.289885,-9.762068
1785345694.221491,-0.020194,0.099463,-0.009431,-0.185186,-0.049256,1.014925,0.925224,0.298643,-9.761704
1785345694.234784,-0.021894,0.097580,-0.002348,-0.296626,-0.069508,0.929480,0.927809,0.319057,-9.760813
1785345694.239242,-0.030288,0.095630,-0.005745,-0.170146,0.014765,0.979721,0.934437,0.324755,-9.759993
1785345694.250905,-0.043719,0.090921,0.013081,0.088666,0.229676,1.031160,0.953579,0.299802,-9.758940
1785345694.255203,-0.028424,0.102276,0.006750,-0.095216,0.009807,1.008313,0.957291,0.298354,-9.758621
1785345694.267540,-0.005021,0.100041,-0.033623,-0.525959,-0.259595,0.817131,0.947329,0.346154,-9.758014
1785345694.270803,-0.022146,0.091791,-0.000015,-0.231676,-0.081815,0.941104,0.946452,0.360501,-9.757580
1785345694.287162,-0.029614,0.094878,-0.002533,-0.160429,0.010207,0.929663,0.952417,0.365937,-9.756797
1785345694.287929,-0.029463,0.099016,0.003128,0.040316,0.071823,0.990638,0.959351,0.350436,-9.756687
1785345694.300929,-0.025762,0.085541,-0.013564,-0.235083,-0.011370,0.837316,0.964702,0.364345,-9.755650
1785345694.307207,-0.026810,0.083041,-0.000981,-0.182490,-0.007576,0.919575,0.969311,0.372352,-9.754891
1785345694.315223,-0.028814,0.095253,-0.000248,-0.037226,0.006519,0.926011,0.972093,0.366270,-9.754844
1785345694.324671,-0.025174,0.073953,-0.006212,-0.245830,-0.021788,0.861839,0.976440,0.381167,-9.753839
1785345694.333466,-0.029284,0.086839,-0.003565,-0.067274,0.041126,0.887534,0.983234,0.377596,-9.753295
1785345694.337132,-0.031091,0.084120,0.001092,-0.058903,-0.007652,0.906148,0.985229,0.373989,-9.753233
1785345694.350209,-0.037821,0.076734,-0.000877,0.105899,0.142969,0.919259,0.998624,0.351809,-9.752696
1785345694.353487,-0.037821,0.076734,-0.000877,0.105899,0.142969,0.919259,0.996186,0.360117,-9.752642
1785345694.367221,-0.023405,0.072679,0.004875,-0.155025,-0.078738,0.863926,0.992806,0.367271,-9.752720
1785345694.372146,-0.028939,0.076252,-0.001862,-0.069237,-0.001631,0.858877,0.995470,0.365043,-9.752532
1785345694.381946,-0.033618,0.075544,0.008816,0.119261,0.012208,0.837775,0.996574,0.344793,-9.753156
1785345694.389173,-0.026969,0.072547,-0.003866,-0.068864,0.021034,0.831602,1.001206,0.342526,-9.752762
1785345694.404210,-0.034422,0.071408,-0.000712,0.032883,0.041665,0.799713,1.006386,0.330552,-9.752642
1785345694.404351,-0.032997,0.066571,-0.005944,-0.023914,0.004637,0.772414,1.008654,0.324800,-9.752601
1785345694.418091,-0.031509,0.081261,0.003801,0.080286,0.001712,0.814362,1.009468,0.308637,-9.753041
1785345694.419904,-0.031697,0.074372,-0.003930,0.015501,0.005628,0.751633,1.011269,0.299326,-9.753145
1785345694.438507,-0.031785,0.077096,0.020814,0.060149,-0.088763,0.778995,1.003502,0.286435,-9.754334
1785345694.438637,-0.027452,0.059963,-0.001608,-0.018577,0.035938,0.676803,1.008417,0.280964,-9.753987
1785345694.470669,-0.037894,0.083647,0.010317,0.045091,-0.058002,0.737013,1.003742,0.269596,-9.754790
1785345694.470814,-0.032547,0.076759,0.006420,0.029222,-0.063080,0.670055,0.998586,0.260490,-9.755566
1785345694.470880,-0.025350,0.081167,0.002309,0.047772,-0.070009,0.663685,0.992603,0.249712,-9.756459
1785345694.470964,-0.042441,0.060828,-0.016698,-0.132732,-0.005022,0.544885,0.994022,0.257126,-9.756121
1785345694.481342,-0.035255,0.092104,-0.013690,0.254823,0.038729,0.613970,0.997262,0.226045,-9.756560
1785345694.489245,-0.041799,0.066898,0.009093,-0.038575,-0.018720,0.559828,0.996590,0.224275,-9.756670
1785345694.496857,-0.033151,0.078966,0.003103,0.075155,0.024926,0.615170,0.999636,0.210693,-9.756661
1785345694.505154,-0.025569,0.087472,-0.003068,-0.031665,-0.115177,0.467991,0.989318,0.209633,-9.757736
1785345694.513199,-0.025491,0.076307,-0.000566,-0.019930,-0.102605,0.452873,0.980150,0.207528,-9.758706
1785345694.522298,-0.033533,0.084270,-0.007364,-0.067614,-0.071392,0.451413,0.974215,0.209938,-9.759249
1785345694.532495,-0.029967,0.092912,0.014016,0.137606,-0.042735,0.441687,0.970323,0.192428,-9.759997
1785345694.541561,-0.030768,0.093999,-0.000796,-0.058206,-0.085712,0.392846,0.962778,0.194533,-9.760703
1785345694.551159,-0.023337,0.077346,-0.006947,-0.210501,-0.079484,0.367668,0.956216,0.211648,-9.760992
1785345694.554180,-0.035181,0.095099,0.011384,0.112376,0.004390,0.332683,0.957000,0.197543,-9.761210
1785345694.565760,-0.026445,0.092872,0.000510,-0.068599,-0.057033,0.317629,0.952140,0.201287,-9.761609
1785345694.573797,-0.021080,0.081465,0.005330,-0.049761,-0.029744,0.294353,0.949866,0.203373,-9.761787
1785345694.582582,-0.023433,0.085862,0.000229,-0.039128,-0.054023,0.242012,0.945108,0.204959,-9.762216
1785345694.590112,-0.022291,0.095037,0.007347,-0.093534,-0.099725,0.234971,0.935941,0.211954,-9.762950
1785345694.602082,-0.016167,0.090774,-0.001432,-0.040237,-0.057344,0.205008,0.930798,0.214007,-9.763397
1785345694.603978,-0.019069,0.090722,0.003704,-0.022517,-0.036813,0.166980,0.927567,0.214675,-9.763690
1785345694.613422,-0.013358,0.089527,0.018431,0.094439,-0.100310,0.217532,0.918166,0.203548,-9.764816
1785345694.622561,-0.016714,0.084019,-0.008478,-0.144147,-0.023633,0.113611,0.916144,0.216532,-9.764727
1785345694.631762,-0.007381,0.089462,0.001595,-0.088630,-0.063866,0.087953,0.910122,0.224365,-9.765113
1785345694.640556,0.000382,0.094885,0.002670,0.018154,-0.115313,0.080320,0.899036,0.221896,-9.766197
1785345694.647757,-0.006571,0.089873,0.000569,-0.095852,-0.067600,0.073134,0.892607,0.230571,-9.766585
1785345694.656338,-0.002380,0.075992,0.013282,-0.137664,-0.020570,0.036111,0.890686,0.243640,-9.766443
1785345694.667486,0.002592,0.082512,-0.008718,-0.049863,-0.087754,0.001695,0.882119,0.248475,-9.767099
1785345694.672860,-0.000407,0.094537,0.012084,0.126315,0.058670,0.010490,0.887875,0.236096,-9.766885
1785345694.685313,0.003894,0.074475,0.004692,-0.047105,-0.036792,-0.027480,0.884216,0.240920,-9.767099
1785345694.691649,0.013520,0.072371,-0.003043,-0.212657,-0.149117,-0.077762,0.869463,0.262293,-9.767873
1785345694.696013,0.010242,0.078532,0.014243,0.037660,-0.039290,-0.041706,0.865513,0.258993,-9.768311
1785345694.709976,0.015662,0.076047,0.001796,-0.038825,-0.027638,-0.118097,0.862513,0.263792,-9.768448
1785345694.711998,0.025744,0.070465,-0.001655,-0.088042,-0.100653,-0.085991,0.852474,0.273121,-9.769073
1785345694.722730,0.012782,0.040488,0.022314,0.039328,0.012921,-0.178277,0.853242,0.270805,-9.769071
1785345694.730645,0.007124,0.087618,-0.000760,0.127209,0.185498,-0.059223,0.871143,0.258840,-9.767815
1785345694.744210,0.030952,0.062839,-0.003307,-0.098247,-0.070310,-0.190637,0.863843,0.270094,-9.768159
1785345694.746092,0.038805,0.056227,-0.002421,-0.016591,-0.070188,-0.232415,0.856386,0.273764,-9.768713
1785345694.755668,0.018063,0.059079,0.005768,0.083710,0.066969,-0.213492,0.862282,0.267381,-9.768371
1785345694.763116,0.034251,0.048904,0.002792,-0.099711,-0.024242,-0.155718,0.859628,0.278453,-9.768296
1785345694.772613,0.033805,0.045576,0.006342,0.035061,0.046682,-0.285383,0.863380,0.277435,-9.767994
1785345694.779975,0.041782,0.055651,0.007357,0.098947,0.038913,-0.251734,0.866361,0.269923,-9.767940
1785345694.790134,0.041009,0.045404,-0.001023,0.002608,0.013159,-0.247017,0.867015,0.271789,-9.767831
1785345694.796953,0.036622,0.047787,0.005611,0.086897,0.061171,-0.283175,0.872091,0.265670,-9.767547
1785345694.805224,0.024954,0.056716,0.020184,0.262294,0.196068,-0.243134,0.890019,0.241821,-9.766550
1785345694.814381,0.051142,0.050193,-0.001054,0.005387,-0.007146,-0.351287,0.888541,0.244451,-9.766619
1785345694.821593,0.056647,0.045753,-0.007318,0.015652,-0.000688,-0.402726,0.887552,0.246524,-9.766656
1785345694.831058,0.049950,0.023894,0.001048,0.046987,-0.006289,-0.347535,0.886030,0.245077,-9.766831
1785345694.843138,0.049810,0.035522,0.007351,0.081773,0.109255,-0.377739,0.895594,0.240089,-9.766083
1785345694.844835,0.049140,0.037218,0.003962,0.049489,0.073492,-0.386668,0.901782,0.238464,-9.765553
1785345694.855870,0.055434,0.040371,0.001893,0.138470,0.062690,-0.424459,0.906445,0.228586,-9.765357
1785345694.866952,0.048934,0.023115,0.011402,0.079370,0.108343,-0.391817,0.915910,0.223924,-9.764582
1785345694.882658,0.056372,0.022606,0.021607,0.219895,0.109949,-0.448326,0.924692,0.206130,-9.764146
1785345694.882802,0.054603,0.033399,-0.005138,0.077659,0.066014,-0.442973,0.930013,0.202340,-9.763720
1785345694.890275,0.055364,0.033890,-0.001203,-0.007867,0.042359,-0.484846,0.933495,0.207384,-9.763282
1785345694.897205,0.057393,0.024546,0.001394,0.079697,0.064395,-0.454144,0.938590,0.203502,-9.762875
1785345694.905422,0.064935,0.036964,-0.001367,0.003947,0.077915,-0.460035,0.945531,0.206922,-9.762134
1785345694.918342,0.054552,0.007767,0.011919,0.165802,0.094797,-0.545436,0.952786,0.195346,-9.761667
1785345694.920186,0.060021,0.012823,0.007664,0.092022,0.049662,-0.490700,0.956309,0.190750,-9.761413
1785345694.936314,0.058836,0.011549,0.008425,-0.035130,0.123022,-0.620713,0.967917,0.199087,-9.760102
1785345694.937189,0.058019,0.024697,-0.007591,0.002566,0.067083,-0.462275,0.973918,0.202744,-9.759430
1785345694.946909,0.062863,0.020931,-0.006173,0.072899,-0.021024,-0.590622,0.970548,0.201715,-9.759787
1785345694.955213,0.048394,0.007587,0.016300,0.004517,0.122984,-0.538760,0.981911,0.205314,-9.758576
1785345694.964475,0.067988,0.027953,0.001576,0.094470,-0.030836,-0.581665,0.977345,0.202305,-9.759097
1785345694.973526,0.065543,-0.001145,0.015210,-0.181877,0.006409,-0.639741,0.979441,0.226116,-9.758364
1785345694.982774,0.053981,0.011609,0.007192,0.043149,0.021268,-0.630463,0.980325,0.227978,-9.758232
1785345694.999127,0.055503,0.008345,0.010093,-0.005879,0.010274,-0.587893,0.980798,0.234277,-9.758035
1785345694.999256,0.058992,0.015661,0.005779,0.048462,0.041614,-0.675008,0.983510,0.235811,-9.757725
1785345695.009019,0.064952,0.008790,-0.000397,-0.033739,-0.023641,-0.656825,0.981053,0.245966,-9.757722
1785345695.015584,0.055369,0.010524,0.008427,-0.013494,-0.000388,-0.685452,0.980524,0.254138,-9.757566
1785345695.021080,0.052174,0.004448,0.006928,0.058148,-0.010286,-0.662332,0.977991,0.255359,-9.757788
1785345695.030041,0.057821,0.011391,-0.004777,0.009156,0.103519,-0.733757,0.987128,0.260213,-9.756740
1785345695.040067,0.056493,0.004482,0.003606,0.051131,-0.028451,-0.733112,0.982879,0.263206,-9.757088
1785345695.049533,0.055753,0.006743,0.009282,0.060263,-0.079013,-0.684319,0.973646,0.265700,-9.757946
1785345695.055185,0.058911,-0.009827,0.007832,-0.093103,0.005343,-0.779856,0.975135,0.282316,-9.757331
1785345695.071944,0.052737,0.007927,0.023923,0.098175,-0.035445,-0.695208,0.969273,0.280604,-9.757965
1785345695.077217,0.058324,-0.011536,-0.003912,-0.114170,0.001879,-0.838450,0.970904,0.299850,-9.757230
1785345695.087937,0.055192,0.001835,0.009681,0.084170,-0.056493,-0.708495,0.963141,0.300110,-9.757991
1785345695.092189,0.060764,-0.009449,0.004679,-0.028788,-0.036411,-0.801044,0.959519,0.311617,-9.757987
1785345695.096652,0.057794,-0.003191,0.011272,0.082675,-0.059575,-0.742340,0.951364,0.312479,-9.758758
1785345695.108850,0.064972,-0.015760,0.002764,-0.014568,-0.006161,-0.802403,0.950370,0.321972,-9.758547
1785345695.113753,0.058764,-0.010466,0.005619,-0.014482,-0.016775,-0.773305,0.948391,0.331426,-9.758423
1785345695.125150,0.066103,-0.017492,0.007391,0.069067,-0.020276,-0.817330,0.944073,0.333537,-9.758769
1785345695.135942,0.062640,-0.009840,0.009379,0.104458,-0.007806,-0.772363,0.940109,0.331570,-9.759219
1785345695.149842,0.064890,-0.014251,0.000572,-0.019545,-0.103274,-0.811979,0.930174,0.344044,-9.759739
1785345695.150021,0.063938,-0.026032,0.012275,0.097958,0.032796,-0.794568,0.930053,0.341835,-9.759828
1785345695.157851,0.063383,-0.025451,0.007454,0.083420,-0.010030,-0.785893,0.926289,0.342037,-9.760179
1785345695.163777,0.069545,-0.029489,0.012721,0.059914,-0.000025,-0.792041,0.924093,0.344222,-9.760311
1785345695.176294,0.073915,-0.038683,0.014965,0.155236,0.107380,-0.714788,0.929344,0.333754,-9.760176
1785345695.179312,0.060990,-0.014009,0.011185,0.122660,-0.096600,-0.776255,0.916420,0.332768,-9.761431
1785345695.190216,0.072098,-0.036277,-0.004722,0.013146,0.061382,-0.805308,0.921427,0.337560,-9.760795
1785345695.205258,0.079756,-0.042788,-0.000586,0.046086,-0.064714,-0.809391,0.913707,0.343174,-9.761325
1785345695.205394,0.075048,-0.035193,0.032616,0.267646,0.216328,-0.717741,0.925249,0.318743,-9.761066
1785345695.218828,0.080177,-0.052858,-0.001958,-0.096868,-0.171203,-0.778538,0.912423,0.340691,-9.761532
1785345695.226043,0.071853,-0.038204,0.010732,0.273983,0.181013,-0.749249,0.920136,0.316938,-9.761608
1785345695.229731,0.082032,-0.050827,0.003435,0.047850,-0.025790,-0.783710,0.916273,0.321021,-9.761838
1785345695.245931,0.066932,-0.035256,0.022101,0.267580,0.144839,-0.711268,0.920649,0.298569,-9.762139
1785345695.246919,0.079906,-0.041264,-0.011039,-0.028639,-0.099219,-0.822151,0.912903,0.312540,-9.762429
1785345695.255200,0.078866,-0.056089,0.002046,0.068411,-0.007033,-0.749010,0.910126,0.313783,-9.762649
1785345695.264174,0.079576,-0.055823,0.014814,0.171348,0.120176,-0.716250,0.915226,0.300818,-9.762580
1785345695.272193,0.085722,-0.043137,0.007065,0.147615,0.004282,-0.767881,0.910700,0.294702,-9.763190
1785345695.291671,0.085972,-0.066209,0.009216,0.146088,0.179570,-0.719488,0.922055,0.281694,-9.762508
1785345695.291828,0.085906,-0.051451,0.011607,0.139527,0.024210,-0.714225,0.919648,0.275092,-9.762923
1785345695.302114,0.086459,-0.052560,-0.008806,-0.021585,-0.072035,-0.756218,0.914822,0.287007,-9.763034
1785345695.304233,0.084321,-0.054029,0.023848,0.268313,0.190625,-0.644483,0.922064,0.261716,-9.763063
1785345695.314007,0.098587,-0.064565,0.031090,0.205052,0.226472,-0.673976,0.935074,0.240817,-9.762364
1785345695.322531,0.095984,-0.061226,0.013458,0.150646,0.063819,-0.675369,0.935802,0.231288,-9.762524
1785345695.330263,0.085337,-0.055283,0.008412,0.104821,0.052011,-0.616016,0.937249,0.225706,-9.762516
1785345695.341079,0.102324,-0.060964,0.006454,0.095112,0.036074,-0.668572,0.937790,0.222122,-9.762546
1785345695.346952,0.102545,-0.056436,-0.011109,-0.095491,-0.298796,-0.676058,0.916792,0.249510,-9.763879
1785345695.355931,0.091507,-0.062003,0.023199,0.217181,0.233915,-0.563467,0.929093,0.225715,-9.763296
1785345695.363510,0.100462,-0.064653,0.009143,0.124806,0.067170,-0.614899,0.930873,0.217630,-9.763310
1785345695.387082,0.096804,-0.058928,0.010499,0.041338,-0.048072,-0.559131,0.926099,0.221334,-9.763680
1785345695.387237,0.102333,-0.067198,0.005256,0.073585,-0.002336,-0.581511,0.923928,0.220426,-9.763906
1785345695.388067,0.093705,-0.053709,0.009915,0.067313,0.018399,-0.491176,0.923630,0.218297,-9.763982
1785345695.401560,0.103367,-0.062815,0.003302,0.027450,-0.099329,-0.538043,0.915025,0.225377,-9.764632
1785345695.408789,0.098717,-0.047267,0.013177,0.159591,0.161918,-0.470167,0.922816,0.208514,-9.764273
1785345695.416083,0.103912,-0.060993,0.010179,0.033640,-0.056134,-0.506006,0.917691,0.212829,-9.764663
1785345695.422053,0.096697,-0.043084,-0.008285,0.118555,-0.009023,-0.474681,0.912581,0.207411,-9.765259
1785345695.433225,0.100088,-0.060969,0.014881,0.147714,0.124025,-0.427935,0.917388,0.192805,-9.765108
1785345695.440362,0.107835,-0.050178,0.016257,0.054402,0.031991,-0.426114,0.918726,0.190462,-9.765028
1785345695.453327,0.101963,-0.055219,0.012937,-0.050933,-0.201956,-0.385729,0.904991,0.207890,-9.765955
1785345695.454073,0.106030,-0.056987,0.004542,-0.047152,-0.254592,-0.408623,0.886623,0.227780,-9.767196
1785345695.463949,0.106073,-0.046620,0.007208,0.096774,0.021287,-0.340545,0.884574,0.221567,-9.767525
1785345695.478539,0.103634,-0.057494,0.029729,0.152440,0.075908,-0.309811,0.884368,0.207715,-9.767848
1785345695.478666,0.104661,-0.054801,0.005328,-0.003301,-0.100956,-0.354843,0.876908,0.216025,-9.768340
1785345695.488108,0.097188,-0.047890,0.016113,0.092545,-0.052669,-0.288635,0.868636,0.213343,-9.769138
1785345695.496927,0.104075,-0.051941,-0.000903,-0.012655,-0.250624,-0.324833,0.848933,0.229620,-9.770501
1785345695.509069,0.097656,-0.047997,0.006891,-0.053298,-0.169045,-0.285501,0.838007,0.244930,-9.771072
1785345695.517311,0.103413,-0.056348,0.025021,0.126337,0.012329,-0.264283,0.833304,0.235976,-9.771695
1785345695.522712,0.092014,-0.047146,0.016168,0.061606,-0.078009,-0.226502,0.824171,0.236650,-9.772453
1785345695.530431,0.091559,-0.054152,0.007187,-0.020977,-0.157168,-0.275920,0.812656,0.248623,-9.773120
1785345695.557196,0.096129,-0.047131,0.011827,0.022042,-0.143198,-0.245411,0.800057,0.256075,-9.773967
1785345695.557343,0.087033,-0.046507,0.013026,0.049866,-0.087598,-0.201407,0.790594,0.258034,-9.774686
1785345695.557377,0.090156,-0.047175,0.004759,-0.051718,-0.293574,-0.233534,0.769154,0.279227,-9.775814
1785345695.563173,0.092436,-0.050143,0.010176,0.058109,-0.088957,-0.203920,0.759092,0.280604,-9.776561
1785345695.573330,0.086036,-0.043163,0.015705,0.073391,-0.055687,-0.191351,0.750987,0.278905,-9.777235
1785345695.581972,0.085788,-0.045209,0.009315,0.033207,-0.193849,-0.186643,0.733437,0.287633,-9.778315
1785345695.593051,0.080081,-0.048700,0.013723,0.017749,-0.164912,-0.212822,0.719111,0.296357,-9.779118
1785345695.595855,0.077899,-0.039758,0.001022,-0.115310,-0.378292,-0.234833,0.693977,0.327349,-9.779946
1785345695.609182,0.076866,-0.047162,0.018543,0.147436,0.056214,-0.149651,0.691096,0.313393,-9.780607
1785345695.619239,0.073045,-0.042392,0.016644,0.027021,-0.141227,-0.193236,0.678182,0.320003,-9.781297
1785345695.621833,0.066210,-0.043416,0.009144,0.066124,-0.038310,-0.130342,0.671668,0.317537,-9.781827
1785345695.636971,0.075608,-0.046587,0.002312,0.038748,-0.140319,-0.158438,0.658177,0.322892,-9.782568
1785345695.637830,0.066497,-0.042226,0.013511,0.102005,-0.060582,-0.140193,0.647917,0.318720,-9.783390
1785345695.651120,0.066706,-0.042059,0.007870,0.054116,-0.078659,-0.155820,0.638694,0.319547,-9.783970
1785345695.654377,0.062109,-0.032431,-0.001546,-0.142581,-0.399809,-0.192731,0.613405,0.353787,-9.784410
1785345695.668762,0.067783,-0.041726,0.003675,0.109782,0.002946,-0.145576,0.607872,0.345658,-9.785045
1785345695.669665,0.069172,-0.043648,0.002798,0.111140,0.050569,-0.122651,0.606171,0.334719,-9.785531
1785345695.691735,0.058433,-0.045419,0.006102,0.014177,-0.080378,-0.154631,0.598882,0.338912,-9.785836
1785345695.691910,0.056128,-0.043754,0.001479,0.091630,0.025503,-0.132116,0.596137,0.330962,-9.786275
1785345695.698127,0.051345,-0.046367,0.011805,0.030593,-0.060871,-0.152521,0.589577,0.332759,-9.786612
1785345695.706024,0.055488,-0.039796,0.005718,0.088246,-0.024552,-0.130525,0.582886,0.327754,-9.787181
1785345695.724245,0.056615,-0.042108,0.005021,0.078709,0.085467,-0.132111,0.585715,0.317614,-9.787347
1785345695.724405,0.060125,-0.056343,0.000816,0.342401,0.489242,-0.009520,0.607289,0.263414,-9.787641
1785345695.732530,0.050330,-0.041841,0.007783,0.073740,0.018614,-0.091177,0.604941,0.256996,-9.787957
1785345695.739640,0.044078,-0.037004,0.014249,-0.109171,-0.225052,-0.139854,0.592599,0.278952,-9.788111
1785345695.752273,0.054010,-0.041002,-0.009454,0.121905,0.132514,-0.076033,0.596900,0.262353,-9.788308
1785345695.754211,0.043424,-0.039523,-0.003649,0.061420,0.037163,-0.083812,0.596700,0.255882,-9.788492
1785345695.763479,0.040103,-0.045453,0.002660,-0.010614,-0.014017,-0.102648,0.596253,0.258159,-9.788459
1785345695.777592,0.043249,-0.038501,0.005420,0.111483,0.123764,-0.041914,0.600336,0.242648,-9.788607
1785345695.778381,0.038297,-0.038769,0.001380,0.073169,0.083915,-0.041598,0.603252,0.232408,-9.788676
1785345695.790244,0.037342,-0.037795,0.005047,0.103530,0.092147,-0.016043,0.605151,0.219093,-9.788866
1785345695.797215,0.041096,-0.037409,0.001498,0.089668,0.103442,-0.022112,0.608732,0.206324,-9.788921
1785345695.805564,0.037690,-0.037516,0.000705,0.043529,0.084018,-0.022196,0.613241,0.198354,-9.788804
1785345695.813672,0.033943,-0.031632,-0.002075,0.096628,0.152769,-0.006103,0.620426,0.182230,-9.788665
1785345695.822459,0.032182,-0.026061,-0.007742,-0.017197,-0.015350,-0.057446,0.620224,0.184816,-9.788629
1785345695.842536,0.026675,-0.025684,-0.001472,0.015366,0.026623,-0.013677,0.621579,0.182202,-9.788592
1785345695.842684,0.026890,-0.031680,0.001854,0.047347,0.079654,-0.007984,0.625493,0.174068,-9.788491
1785345695.852424,0.024029,-0.028548,0.006433,0.089821,0.185889,0.021558,0.635670,0.156514,-9.788132
1785345695.853388,0.019203,-0.033042,0.006543,0.069670,0.153062,0.052718,0.644202,0.142199,-9.787793
1785345695.863221,0.017936,-0.025524,-0.004446,0.013097,0.017475,0.040502,0.644814,0.139937,-9.787785
1785345695.873405,0.019197,-0.023014,0.003150,0.048063,0.059095,0.045672,0.646897,0.132542,-9.787750
1785345695.884139,0.016901,-0.019119,-0.001650,0.014555,0.046636,0.040590,0.649799,0.128576,-9.787611
1785345695.888481,0.012584,-0.020941,0.003427,-0.052183,-0.033177,0.018385,0.649886,0.134502,-9.787526
1785345695.899332,0.013523,-0.015574,0.006113,-0.049858,-0.026713,0.048777,0.650296,0.139699,-9.787426
1785345695.908201,0.018987,-0.015803,-0.014710,0.165127,0.261314,0.074580,0.662429,0.111643,-9.786972
1785345695.913876,0.011662,-0.013361,-0.000262,-0.031821,-0.009360,0.040878,0.663279,0.114484,-9.786882
1785345695.923226,0.005184,-0.005439,0.000243,-0.149555,-0.165785,0.036091,0.657769,0.135400,-9.786987
1785345695.941628,0.008178,-0.010025,-0.001144,-0.032549,-0.008506,0.060283,0.658685,0.138130,-9.786887
1785345695.941786,0.007680,-0.008796,-0.000452,-0.036175,-0.010779,0.054510,0.659626,0.141313,-9.786778
1785345695.952941,0.005297,-0.005713,0.001288,-0.040126,-0.023126,0.068402,0.659738,0.145397,-9.786711
1785345695.955288,0.006785,-0.001436,-0.005553,-0.062693,-0.058579,0.053425,0.658209,0.153325,-9.786693
1785345695.972724,0.004832,-0.004467,-0.000834,-0.051326,-0.025121,0.065062,0.658772,0.158445,-9.786573
1785345695.972835,0.005326,-0.001587,0.000768,-0.073457,-0.046021,0.061761,0.658825,0.166512,-9.786436
1785345695.990169,-0.001715,-0.006510,0.001948,-0.035766,0.056568,0.090365,0.665168,0.165797,-9.786019
1785345695.990320,0.005479,0.008093,-0.006393,-0.115009,-0.155318,0.023858,0.658590,0.183370,-9.786150
1785345695.996056,-0.000362,-0.003898,0.006786,-0.023240,0.051576,0.088608,0.663870,0.181915,-9.785821
1785345696.008980,0.003714,0.013977,-0.011889,-0.135594,-0.193848,0.006919,0.655258,0.203337,-9.785979
1785345696.012882,0.002028,0.001203,0.002875,-0.050645,0.015844,0.065031,0.659146,0.206187,-9.785659
1785345696.027299,-0.002658,-0.001329,0.007082,-0.026088,0.065829,0.077867,0.665786,0.204269,-9.785249
1785345696.030865,0.000067,0.004975,-0.000790,-0.076817,-0.042685,0.050768,0.666298,0.212483,-9.785040
1785345696.041215,0.000805,0.007864,-0.002098,-0.083910,-0.037411,0.050909,0.667619,0.220991,-9.784761
1785345696.047244,0.001239,0.007477,-0.000881,-0.076938,-0.053438,0.048778,0.667257,0.229798,-9.784583
1785345696.058014,-0.001446,0.008431,-0.003910,-0.088960,-0.018757,0.048091,0.670380,0.237736,-9.784180
1785345696.065142,-0.000057,0.006487,0.001180,-0.082123,-0.010865,0.042391,0.673794,0.244731,-9.783773
1785345696.077565,0.003721,0.005123,-0.001761,-0.109960,-0.038680,0.032738,0.676420,0.255549,-9.783315
1785345696.079439,0.002204,0.006763,-0.001351,-0.082378,-0.018207,0.044176,0.679241,0.262939,-9.782924
1785345696.090341,0.001693,0.007229,-0.003802,-0.065148,0.003252,0.048607,0.682899,0.267745,-9.782539
1785345696.100797,0.002962,0.007907,-0.001370,-0.075117,-0.003289,0.048823,0.686547,0.273711,-9.782118
1785345696.107742,0.002748,0.004886,-0.003039,-0.061644,0.015052,0.040327,0.690998,0.277659,-9.781693
1785345696.117280,0.003743,0.005189,-0.002628,-0.057074,0.007014,0.042360,0.694541,0.281646,-9.781329
1785345696.121955,0.004378,0.004834,-0.002829,-0.044372,0.040546,0.045548,0.700163,0.282789,-9.780895
1785345696.131852,0.003376,0.003521,-0.001550,-0.040142,0.028514,0.042808,0.704573,0.284244,-9.780536
1785345696.139085,0.001961,0.000024,0.001488,-0.079831,-0.023793,0.031406,0.706794,0.291805,-9.780153
1785345696.146795,0.004945,0.003331,-0.003869,-0.026767,0.060024,0.046960,0.713084,0.290464,-9.779736
1785345696.155607,0.005195,0.001229,-0.002082,-0.017601,0.043481,0.043205,0.717532,0.289278,-9.779446
1785345696.164276,0.004790,0.003260,0.001623,-0.058083,0.002779,0.037958,0.720773,0.293599,-9.779079
1785345696.171914,0.005742,-0.000848,-0.001417,-0.012511,0.060128,0.043480,0.726323,0.291114,-9.778743
1785345696.180536,0.004682,-0.000761,-0.002082,-0.009696,0.060854,0.043090,0.731783,0.288365,-9.778417
1785345696.191237,0.001350,-0.002691,-0.001005,-0.016743,0.062319,0.051316,0.737722,0.286053,-9.778039
1785345696.200104,0.006593,0.004881,-0.008094,-0.043601,-0.014947,0.016813,0.738759,0.290284,-9.777836
1785345696.220943,0.006422,-0.000911,-0.003332,-0.028686,0.014262,0.026035,0.741404,0.291682,-9.777594
1785345696.221265,0.004901,-0.003900,-0.001283,-0.002105,0.067427,0.037800,0.747016,0.288006,-9.777276
1785345696.221347,0.004741,-0.002724,0.000514,0.032755,0.089343,0.068485,0.752551,0.280082,-9.777081
1785345696.230081,0.005994,-0.001808,-0.001733,0.001121,0.076271,0.044288,0.758709,0.275630,-9.776732
1785345696.239860,0.002500,-0.008211,0.000289,-0.002147,0.055876,0.017692,0.763401,0.272729,-9.776448
1785345696.248767,0.003011,-0.012837,0.004951,0.046609,0.162100,0.052908,0.774234,0.259969,-9.775944
1785345696.253800,0.006142,-0.002133,-0.012408,-0.074901,-0.048427,-0.024939,0.774211,0.268857,-9.775705
1785345696.268141,0.002063,-0.013249,0.001929,0.098001,0.222194,0.062697,0.787287,0.248647,-9.775196
1785345696.269843,0.003631,-0.002725,-0.003825,-0.010824,0.031470,0.002477,0.790446,0.247862,-9.774961
1785345696.282367,0.002424,-0.006720,-0.002788,0.000126,0.061353,0.017056,0.795467,0.244495,-9.774638
1785345696.290798,0.000122,-0.009921,-0.000322,0.019940,0.081650,0.030163,0.801095,0.238332,-9.774331
1785345696.301977,0.001801,-0.006584,-0.001733,-0.008904,0.055746,0.011167,0.806138,0.236048,-9.773972
1785345696.303986,0.000534,-0.005814,-0.000322,-0.000477,0.043759,0.009698,0.809753,0.233714,-9.773729
1785345696.313640,0.000592,-0.006295,-0.002851,0.000665,0.054030,0.007732,0.814160,0.230763,-9.773433
1785345696.326127,0.002075,-0.007402,-0.001052,-0.010240,0.051333,0.021636,0.818881,0.228736,-9.773086
1785345696.333867,0.000049,-0.006580,-0.002110,0.002870,0.049305,0.008302,0.822782,0.225849,-9.772826
1785345696.341295,0.000487,-0.005854,-0.001255,-0.014577,0.022512,0.010453,0.825376,0.225780,-9.772609
1785345696.348217,-0.000148,-0.006576,-0.001445,-0.012673,0.021395,0.009226,0.827782,0.225624,-9.772409
1785345696.354766,0.001254,-0.005324,-0.002960,-0.005101,0.030203,0.014742,0.830505,0.224339,-9.772207
1785345696.367757,-0.000941,-0.008715,-0.000264,-0.020060,-0.005628,0.002499,0.831082,0.226260,-9.772114
1785345696.371140,-0.001069,-0.007316,0.001181,-0.023586,0.014806,0.014271,0.833500,0.227304,-9.771884
1785345696.380855,-0.000804,-0.006993,0.000149,-0.037725,-0.021561,0.010197,0.833663,0.231446,-9.771773
1785345696.391970,-0.002678,-0.006410,-0.000831,-0.026238,-0.005703,0.021200,0.834508,0.233723,-9.771646
1785345696.400592,-0.000606,-0.006849,0.000697,-0.033435,-0.029233,0.012009,0.833808,0.237899,-9.771605
1785345696.405315,-0.002749,-0.005728,0.003791,-0.003874,-0.008416,0.025478,0.833252,0.238446,-9.771639
1785345696.420804,0.004399,-0.006339,-0.007769,-0.026429,0.004592,0.011072,0.834983,0.240285,-9.771447
1785345696.421760,-0.000767,-0.003875,-0.002934,-0.054095,-0.071653,0.004420,0.831870,0.248437,-9.771508
1785345696.432584,-0.005098,-0.010392,0.004276,-0.082859,-0.104433,0.002423,0.827551,0.260681,-9.771556
1785345696.440147,-0.000231,-0.005625,-0.007346,-0.026433,-0.014632,0.031579,0.827649,0.263353,-9.771476
1785345696.455390,-0.003377,-0.010126,-0.002929,-0.097309,-0.093308,0.004910,0.824991,0.276179,-9.771347
1785345696.455539,-0.001585,-0.008024,0.000443,-0.041501,-0.055751,0.015787,0.822509,0.282367,-9.771379
1785345696.464947,-0.001633,-0.008709,0.000214,-0.065058,-0.072628,0.016151,0.819857,0.291367,-9.771338
1785345696.471643,-0.001209,-0.009591,-0.000658,-0.057332,-0.055174,0.024687,0.818229,0.298747,-9.771251
1785345696.480239,0.000095,-0.008213,0.000663,-0.028629,-0.046022,0.033958,0.815849,0.303212,-9.771313
1785345696.494832,-0.001251,-0.009782,-0.001338,-0.064826,-0.077847,0.014443,0.812751,0.312476,-9.771279
1785345696.496341,-0.001047,-0.010300,-0.001071,-0.055351,-0.065561,0.022760,0.810162,0.320248,-9.771242
1785345696.509102,-0.001344,-0.010115,0.000224,-0.063301,-0.072693,0.015260,0.807407,0.329108,-9.771176
1785345696.515962,-0.000662,-0.017407,0.008088,0.013549,0.086559,0.038319,0.813813,0.323161,-9.770843
1785345696.524849,-0.000722,-0.012894,-0.001184,-0.048486,-0.057799,0.020522,0.811510,0.329980,-9.770807
1785345696.530282,-0.001057,-0.015390,0.000686,-0.059939,-0.038337,0.021996,0.811410,0.336715,-9.770585
1785345696.538636,0.001126,-0.015650,0.000446,-0.033368,-0.016658,0.023985,0.811726,0.340119,-9.770441
1785345696.548597,0.000422,-0.020062,0.000028,-0.050241,-0.064458,0.011481,0.808972,0.347502,-9.770410
1785345696.555067,0.000213,-0.017972,0.000956,-0.026686,-0.050120,0.036869,0.806152,0.351981,-9.770483
1785345696.563514,0.001984,-0.011218,-0.013427,-0.117947,-0.218044,-0.015778,0.794200,0.373145,-9.770676
1785345696.572130,0.001162,-0.020037,-0.001161,-0.037317,-0.045325,0.018693,0.792356,0.378407,-9.770623
1785345696.580606,0.000566,-0.025492,0.002090,-0.032251,-0.018364,0.032453,0.792471,0.381733,-9.770485
1785345696.588237,0.001710,-0.022238,-0.001530,-0.020089,-0.006689,0.019206,0.792937,0.383566,-9.770375
1785345696.604966,0.001800,-0.023894,-0.002004,-0.035757,-0.020012,0.022714,0.793106,0.387350,-9.770212
1785345696.605125,0.003846,-0.024694,-0.000948,-0.019574,-0.017339,0.021936,0.792659,0.389669,-9.770156
1785345696.618796,0.006390,-0.028512,-0.000799,-0.016693,0.006586,0.039821,0.794034,0.390354,-9.770017
1785345696.621524,0.006066,-0.028187,-0.000062,0.013248,0.027325,0.029583,0.795591,0.387590,-9.770000
1785345696.635596,0.006532,-0.031644,-0.004379,-0.025857,0.003590,0.027198,0.797199,0.389296,-9.769802
1785345696.636527,0.002145,-0.037693,0.013528,0.026405,0.120268,0.043822,0.805781,0.380517,-9.769443
1785345696.651637,0.005897,-0.032842,-0.010868,-0.068941,-0.042141,0.032891,0.805803,0.388087,-9.769144
1785345696.654831,0.006011,-0.033734,-0.000931,0.058252,0.074180,0.042214,0.808921,0.379081,-9.769240
1785345696.663235,0.007348,-0.038023,-0.008375,-0.012779,0.049572,0.001137,0.813696,0.377566,-9.768902
1785345696.672618,0.002653,-0.038551,-0.001246,-0.005463,0.025663,0.022359,0.816086,0.376494,-9.768744
1785345696.680129,0.006525,-0.037582,-0.002325,0.012985,0.016443,0.028029,0.816752,0.374326,-9.768771
1785345696.688790,0.007185,-0.041880,-0.002001,0.024618,0.021114,0.022080,0.817215,0.371011,-9.768859
1785345696.704321,0.005946,-0.041676,-0.002409,0.037236,0.057149,0.044711,0.819997,0.364597,-9.768868
1785345696.705208,0.005987,-0.030742,-0.007922,0.012496,-0.010597,0.021010,0.818448,0.363926,-9.769022
1785345696.718929,0.003587,-0.046614,0.003119,0.057176,0.111270,0.039762,0.824711,0.353126,-9.768892
1785345696.720964,0.006418,-0.046577,-0.001166,0.037754,0.071774,0.022194,0.828709,0.346118,-9.768805
1785345696.737727,0.002577,-0.050940,0.001674,0.035585,0.079133,0.042251,0.833402,0.338736,-9.768664
1785345696.745114,0.007464,-0.050212,0.007370,0.110874,0.168135,0.052399,0.841614,0.320471,-9.768576
1785345696.745983,0.008911,-0.043516,-0.008681,0.014789,-0.037367,0.015978,0.837720,0.321031,-9.768893
1785345696.756885,0.005814,-0.048220,-0.005218,0.037897,0.057619,0.042184,0.840500,0.314569,-9.768864
1785345696.776456,0.004442,-0.050459,0.000375,0.045013,0.020263,0.015995,0.839852,0.309669,-9.769076
1785345696.776602,0.003151,-0.048133,-0.005429,-0.032691,-0.069706,-0.007454,0.835739,0.316016,-9.769226
1785345696.779776,-0.003370,-0.058204,0.011260,0.023068,0.060979,0.022423,0.839593,0.310782,-9.769063
1785345696.790738,0.001323,-0.048266,-0.021916,0.064745,0.056666,0.015437,0.840965,0.302387,-9.769209
1785345696.803628,0.004544,-0.057474,0.013271,0.061384,0.135326,0.070105,0.848953,0.289758,-9.768901
1785345696.804602,-0.000849,-0.051640,-0.003119,0.019195,0.006067,0.048449,0.848381,0.287439,-9.769019
1785345696.819118,-0.002695,-0.052687,-0.007525,0.004541,-0.065029,0.023250,0.842687,0.290194,-9.769430
1785345696.820442,-0.001951,-0.047578,0.002077,0.053881,0.031379,0.050951,0.842449,0.283689,-9.769642
1785345696.832722,-0.005999,-0.051775,0.002474,0.011207,0.019268,0.045486,0.843392,0.281384,-9.769627
1785345696.850624,0.000201,-0.051663,0.003538,-0.002458,0.015303,0.038768,0.844715,0.280470,-9.769539
1785345696.850769,0.000385,-0.049063,-0.002020,-0.001541,-0.037602,0.008379,0.841642,0.282448,-9.769747
1785345696.856761,-0.005249,-0.053290,-0.002603,-0.071202,-0.132939,-0.013259,0.834215,0.295256,-9.770006
1785345696.863437,-0.002180,-0.052674,-0.007308,0.007504,-0.025558,0.062570,0.831588,0.295402,-9.770225
1785345696.872340,-0.001967,-0.049900,-0.003791,-0.017173,-0.078651,0.009152,0.825887,0.300763,-9.770545
1785345696.885607,-0.006168,-0.048818,0.000710,-0.028381,-0.030389,-0.009904,0.824815,0.304752,-9.770512
1785345696.887592,-0.005815,-0.053182,-0.010951,0.073945,0.054197,0.032372,0.825512,0.295580,-9.770735
1785345696.899931,-0.002765,-0.047982,-0.001195,-0.039488,-0.113521,0.002919,0.818048,0.304624,-9.771085
1785345696.904816,-0.004003,-0.053457,0.003799,-0.065144,-0.140422,0.024904,0.809608,0.316976,-9.771395
1785345696.913585,-0.002096,-0.047740,0.002460,0.002961,-0.058078,-0.015237,0.804633,0.319824,-9.771713
1785345696.922135,-0.008450,-0.052501,-0.006301,-0.059786,-0.146648,0.022787,0.795406,0.332069,-9.772060
1785345696.937316,-0.007450,-0.056466,0.000039,-0.021633,-0.022942,0.045274,0.794533,0.334648,-9.772043
1785345696.938213,-0.013799,-0.059810,0.018566,0.095865,0.140656,0.090105,0.801283,0.318769,-9.772023
1785345696.946634,-0.005153,-0.051568,-0.003881,-0.041784,-0.099620,0.019312,0.795056,0.327143,-9.772255
1785345696.957368,-0.008169,-0.048533,-0.009304,-0.072428,-0.192644,-0.010135,0.782649,0.343042,-9.772711
1785345696.963194,-0.004669,-0.048942,-0.008688,-0.107762,-0.184926,0.017512,0.772648,0.361245,-9.772851
1785345696.971850,-0.007939,-0.052170,-0.002759,-0.048737,-0.092772,0.022395,0.767347,0.369819,-9.772948
1785345696.987125,-0.006242,-0.059237,0.010805,0.053460,0.119897,0.060739,0.774605,0.358775,-9.772787
1785345696.987988,-0.002841,-0.061044,-0.005748,-0.094828,-0.138218,-0.021972,0.767873,0.373858,-9.772753
1785345696.996779,-0.002841,-0.061044,-0.005748,-0.094828,-0.138218,-0.021972,0.764842,0.381764,-9.772685
1785345697.007292,-0.008566,-0.057351,-0.002057,-0.038461,-0.084453,0.029466,0.759708,0.388994,-9.772800
1785345697.019390,-0.009536,-0.054085,0.004818,-0.093546,-0.096412,0.020557,0.756367,0.401482,-9.772554
1785345697.019532,-0.005333,-0.048388,-0.014211,-0.092569,-0.205443,-0.016168,0.743868,0.419729,-9.772747
1785345697.030214,-0.006737,-0.063951,-0.003596,0.010778,-0.012844,0.037657,0.742238,0.419164,-9.772895
1785345697.038021,-0.006166,-0.063846,0.009585,0.063114,0.114418,0.068941,0.748601,0.407538,-9.772902
1785345697.047770,-0.005069,-0.057487,-0.006963,-0.141988,-0.213576,0.006562,0.737891,0.430098,-9.772749
1785345697.061328,0.004436,-0.060569,-0.000777,0.063883,0.149125,0.076032,0.747138,0.416597,-9.772632
1785345697.062172,0.005268,-0.053310,-0.008665,-0.061719,-0.116531,-0.010389,0.740493,0.427711,-9.772657
1785345697.072172,0.006289,-0.062166,-0.004555,-0.051745,0.001852,0.005985,0.743260,0.431872,-9.772264
1785345697.079955,0.007991,-0.058235,-0.004708,-0.015390,-0.017701,0.000966,0.742553,0.434039,-9.772222
1785345697.090621,0.001510,-0.064941,-0.005630,-0.036335,-0.020942,0.056033,0.742626,0.437639,-9.772056
1785345697.096836,0.003182,-0.067843,0.015596,-0.075808,0.003717,0.048302,0.746755,0.443345,-9.771484
1785345697.105716,0.015543,-0.058666,-0.012711,0.060311,0.090380,0.033154,0.751291,0.433481,-9.771579
1785345697.114100,0.006458,-0.067358,0.000440,-0.004206,0.102138,0.039670,0.760060,0.428340,-9.771128
1785345697.123796,0.010623,-0.060879,0.002728,0.009745,0.066460,0.055756,0.765128,0.423698,-9.770934
1785345697.133078,0.014140,-0.070223,-0.006224,-0.077594,0.028409,0.030497,0.771402,0.428465,-9.770233
1785345697.141525,0.012041,-0.061634,-0.004557,-0.020348,0.037359,0.042514,0.775545,0.427907,-9.769930
1785345697.152975,0.015482,-0.058106,-0.005974,-0.010949,0.071576,0.033683,0.782090,0.424925,-9.769538
1785345697.155451,0.011124,-0.065578,-0.005103,-0.043423,0.023073,0.021997,0.786197,0.427189,-9.769110
1785345697.165149,0.011538,-0.063660,-0.005609,-0.056951,0.031460,0.028123,0.791682,0.430104,-9.768539
1785345697.180295,0.020385,-0.063267,-0.012593,-0.082084,-0.079767,0.023819,0.789089,0.440731,-9.768275
1785345697.181368,0.017078,-0.058510,-0.004401,-0.004366,0.046843,0.020499,0.793236,0.438562,-9.768037
1785345697.191204,0.014353,-0.073560,-0.000789,-0.028300,0.131616,0.074775,0.805680,0.433650,-9.767237
1785345697.203210,0.020230,-0.062497,-0.009484,-0.085056,0.008568,0.004401,0.810650,0.440271,-9.766530
1785345697.207719,0.012801,-0.058843,-0.003198,-0.032793,0.049516,0.041602,0.816433,0.440144,-9.766054
1785345697.213212,0.013645,-0.070180,0.003088,0.018398,0.153955,0.060508,0.828424,0.430354,-9.765480
1785345697.222979,0.018295,-0.054846,-0.010342,-0.055745,-0.030505,-0.004894,0.828644,0.436572,-9.765186
1785345697.229985,0.015272,-0.050251,-0.003683,-0.014126,0.007017,0.003091,0.829937,0.437370,-9.765040
1785345697.238751,0.012199,-0.070028,0.003690,-0.068359,0.095805,0.054294,0.841371,0.437776,-9.764044
1785345697.247172,0.012763,-0.065070,-0.000522,-0.088464,0.066505,-0.022925,0.851383,0.442049,-9.762983
1785345697.262251,0.016237,-0.056182,-0.002082,-0.041191,0.047655,0.000404,0.857442,0.443099,-9.762405
1785345697.262407,0.016965,-0.054595,-0.009502,-0.018533,-0.021753,0.033763,0.856518,0.445406,-9.762381
1785345697.271852,0.015850,-0.060949,-0.000237,-0.002339,0.073790,0.020748,0.862827,0.441721,-9.761993
1785345697.280091,0.015572,-0.054549,-0.007151,-0.062974,-0.035846,0.006695,0.862943,0.448693,-9.761665
1785345697.289122,0.015921,-0.048994,-0.004003,-0.031074,0.035146,0.021798,0.867433,0.449320,-9.761238
1785345697.299205,0.009792,-0.054605,-0.002669,-0.032325,0.018991,-0.021007,0.870650,0.451273,-9.760862
1785345697.310234,0.010790,-0.060654,0.011020,0.077418,0.232388,0.027909,0.886319,0.432962,-9.760281
1785345697.324400,0.013308,-0.051648,-0.001193,-0.034821,0.010750,0.010129,0.888947,0.435230,-9.759941
1785345697.324574,0.012467,-0.051598,0.000048,-0.058511,-0.013241,0.006786,0.890737,0.440699,-9.759532
1785345697.330384,0.015487,-0.047113,-0.025185,-0.233573,-0.294047,-0.041596,0.877639,0.475223,-9.759099
1785345697.338673,0.015129,-0.044200,0.001056,-0.022036,-0.055533,-0.031501,0.874075,0.480139,-9.759178
1785345697.351564,0.007962,-0.048013,0.003744,-0.043143,-0.028895,0.035626,0.873780,0.484819,-9.758973
1785345697.354923,0.010011,-0.042189,-0.009341,-0.019391,0.028371,-0.018030,0.877136,0.485201,-9.758653
1785345697.366608,0.020987,-0.047332,0.001218,-0.103729,-0.108302,-0.008730,0.873187,0.499325,-9.758295
1785345697.375672,0.013307,-0.059298,0.014295,0.059046,0.156741,0.007220,0.883431,0.486526,-9.758019
1785345697.382107,0.013473,-0.048934,-0.000775,-0.069040,-0.094422,0.003387,0.878921,0.496946,-9.757902
1785345697.400368,0.015700,-0.053261,0.000884,0.096272,0.116037,0.030101,0.883886,0.482845,-9.758161
1785345697.400523,0.010194,-0.031441,-0.007280,-0.266011,-0.370661,-0.054069,0.865931,0.524003,-9.757647
1785345697.406497,0.013464,-0.044043,-0.001114,-0.035208,-0.031906,-0.001980,0.864997,0.528545,-9.757485
1785345697.414330,0.012423,-0.038136,-0.000620,-0.021881,-0.067562,-0.031901,0.860397,0.534053,-9.757592
1785345697.422963,0.007002,-0.056384,0.010741,0.007901,0.071315,0.056610,0.866013,0.529275,-9.757356
1785345697.429685,0.017111,-0.044983,0.006429,0.022611,0.005588,0.004653,0.865360,0.527066,-9.757533
1785345697.439849,0.012556,-0.047316,-0.004627,-0.035399,-0.056385,-0.010630,0.862373,0.532929,-9.757479
1785345697.447487,0.010031,-0.043235,0.001221,0.007510,-0.028844,0.001924,0.859574,0.533718,-9.757683
1785345697.456158,0.009736,-0.045821,0.000041,-0.001343,-0.052256,-0.014672,0.855240,0.536578,-9.757907
1785345697.507389,0.010552,-0.039539,-0.010031,-0.071160,-0.182382,-0.027795,0.843424,0.551863,-9.758083
1785345697.507552,0.010897,-0.045619,0.001690,0.009403,-0.037737,-0.005611,0.839778,0.553014,-9.758332
1785345697.507621,0.015067,-0.043817,-0.005419,-0.049023,-0.113813,-0.036445,0.832623,0.563130,-9.758367
1785345697.507685,0.017059,-0.048565,0.011632,-0.146751,-0.257448,-0.010448,0.818259,0.588277,-9.758098
1785345697.507754,0.011912,-0.046099,-0.003007,0.062945,0.029555,0.008061,0.817619,0.581480,-9.758559
1785345697.507820,0.003234,-0.045785,0.005139,0.225645,0.303241,0.050759,0.831932,0.547073,-9.759339
1785345697.518848,0.009164,-0.045557,-0.004823,0.084226,0.039277,-0.001690,0.831045,0.538113,-9.759913
1785345697.529871,0.012918,-0.050671,0.010684,0.011596,-0.092195,0.012865,0.822717,0.541609,-9.760425
1785345697.531173,0.007204,-0.043800,-0.008957,-0.048186,-0.186067,-0.028373,0.809441,0.555167,-9.760773
1785345697.548845,0.009807,-0.042523,0.000885,0.040259,-0.062488,-0.031179,0.802158,0.555225,-9.761371
1785345697.548990,0.008427,-0.050005,0.012419,0.132326,0.142853,0.023111,0.807598,0.536850,-9.761950
1785345697.559219,0.003598,-0.053302,0.004900,0.054615,0.029867,0.025783,0.807404,0.530560,-9.762310
1785345697.562171,0.006631,-0.047953,-0.002119,0.048961,-0.026117,-0.003451,0.802767,0.527810,-9.762842
1785345697.572122,0.007048,-0.048710,0.001567,0.045329,-0.046289,0.007791,0.796619,0.526260,-9.763429
1785345697.581981,0.007676,-0.044543,-0.002109,-0.129261,-0.367262,-0.062322,0.772109,0.555932,-9.763754
1785345697.589182,0.013896,-0.050326,-0.009177,0.131956,0.104964,-0.005224,0.774358,0.539739,-9.764484
1785345697.597182,0.010061,-0.041758,-0.000834,0.067389,-0.028936,-0.015428,0.768552,0.535703,-9.765165
1785345697.604928,0.005097,-0.047641,0.002329,0.085630,0.039271,0.025647,0.767602,0.526362,-9.765748
1785345697.618782,0.008333,-0.051498,0.001594,0.067240,0.048439,0.038192,0.768348,0.517983,-9.766137
1785345697.621153,0.006726,-0.049899,0.001607,0.069825,0.008925,0.001578,0.765620,0.511694,-9.766683
1785345697.631627,0.007825,-0.047626,0.007556,0.124480,0.111891,0.014376,0.768836,0.495591,-9.767261
1785345697.639646,0.008303,-0.043888,-0.010725,-0.035668,-0.174206,-0.031054,0.755941,0.507540,-9.767654
1785345697.651203,0.005526,-0.041517,0.002109,0.107456,0.047925,0.056848,0.754645,0.495665,-9.768364
1785345697.654097,0.003150,-0.048748,0.001947,0.062447,-0.004772,-0.011086,0.751126,0.490786,-9.768881
1785345697.664235,0.001256,-0.050549,0.006053,-0.009419,-0.082251,-0.023044,0.744663,0.495881,-9.769119
1785345697.672596,0.005628,-0.046537,0.004570,0.073339,0.062133,0.016721,0.746242,0.486507,-9.769469
1785345697.685622,0.016705,-0.045504,-0.003500,0.245445,0.251229,0.053845,0.755159,0.452997,-9.770395
1785345697.688566,-0.002174,-0.033323,-0.001815,-0.007223,-0.063707,-0.018094,0.750156,0.456937,-9.770597
1785345697.699518,0.009342,-0.040486,0.005824,-0.025306,-0.084470,-0.003680,0.744308,0.463297,-9.770745
1785345697.705186,0.008006,-0.039905,0.002549,0.015182,-0.033914,-0.000971,0.740696,0.463729,-9.770999
1785345697.713227,0.007661,-0.039084,0.000070,0.014479,-0.026274,0.013264,0.737766,0.463714,-9.771222
1785345697.724287,0.011449,-0.040263,0.005510,0.064928,0.109983,-0.003032,0.743786,0.452827,-9.771276
1785345697.729847,0.009724,-0.033102,-0.014319,-0.122070,-0.243485,-0.030258,0.729370,0.475437,-9.771288
1785345697.748354,0.005888,-0.039462,0.000567,-0.014581,0.015143,0.038578,0.731386,0.475566,-9.771132
1785345697.749134,0.006253,-0.032530,0.001674,-0.012219,-0.040424,0.020300,0.728599,0.478426,-9.771200
1785345697.757919,0.009447,-0.035630,-0.009077,-0.020786,0.043819,-0.001327,0.733323,0.477992,-9.770868
1785345697.769308,0.001755,-0.038656,0.016461,0.087575,0.215551,0.048455,0.747122,0.459509,-9.770709
1785345697.771459,0.004572,-0.024069,-0.008881,-0.060131,-0.129227,-0.004594,0.739232,0.471012,-9.770762
1785345697.781632,0.003905,-0.028096,-0.001887,-0.024294,-0.017207,0.006309,0.738994,0.473845,-9.770643
1785345697.793061,0.003960,-0.028706,-0.001833,-0.039651,-0.039842,-0.003770,0.737611,0.479177,-9.770487
1785345697.794819,0.003600,-0.028480,0.000092,-0.031164,-0.016855,0.005619,0.737745,0.482573,-9.770310
1785345697.805209,0.004936,-0.030623,0.000546,-0.055407,-0.065491,0.004234,0.734988,0.490428,-9.770127
1785345697.813299,0.005211,-0.027740,-0.000723,-0.082050,-0.055202,0.000655,0.734420,0.500030,-9.769683
1785345697.822111,0.007542,-0.018999,-0.007978,-0.029923,-0.095728,-0.033513,0.727826,0.507592,-9.769786
1785345697.830674,0.004837,-0.027504,0.007024,-0.086616,-0.097324,0.029428,0.723959,0.519415,-9.769452
1785345697.842180,-0.004124,-0.031228,0.007319,-0.109709,0.063298,0.048298,0.734783,0.525013,-9.768345
1785345697.845610,0.001874,-0.029179,-0.005102,-0.023635,0.156775,-0.021940,0.749151,0.519393,-9.767554
1785345697.859114,0.002939,-0.021641,0.002683,-0.035091,-0.009847,-0.002208,0.750064,0.522836,-9.767300
1785345697.868607,0.002560,-0.021328,-0.004097,-0.070209,-0.019549,-0.009828,0.751899,0.529766,-9.766785
1785345697.873320,0.001340,-0.020049,-0.003392,-0.066990,-0.018650,-0.002733,0.753656,0.536316,-9.766292
1785345697.884413,-0.001778,-0.019928,-0.004820,-0.071920,-0.010508,0.001837,0.756346,0.542832,-9.765725
1785345697.887021,0.000290,-0.019294,-0.004708,-0.061324,-0.009897,-0.002109,0.758557,0.548467,-9.765238
1785345697.896186,-0.001355,-0.018659,-0.000555,-0.049003,0.010504,0.022733,0.761896,0.551828,-9.764789
1785345697.905202,0.000675,-0.017710,-0.015331,-0.132446,-0.150929,-0.027998,0.755729,0.570651,-9.764186
1785345697.917325,-0.001574,-0.019614,-0.005400,-0.062641,-0.008909,0.006858,0.758097,0.576263,-9.763673
1785345697.920421,-0.000275,-0.023732,0.007120,0.026634,0.162961,0.027829,0.770533,0.565686,-9.763318
1785345697.930972,-0.001469,-0.017928,-0.015119,-0.154160,-0.176785,-0.015360,0.763272,0.587482,-9.762601
1785345697.938178,-0.001266,-0.021589,-0.004776,-0.057301,-0.010907,0.010501,0.765209,0.592710,-9.762133
1785345697.946713,0.004442,-0.028768,0.003839,-0.157852,-0.155194,0.007751,0.759970,0.613515,-9.761257
1785345697.955983,-0.006033,-0.019278,0.003141,0.001766,0.113223,0.009473,0.769438,0.607665,-9.760882
1785345697.963112,-0.005896,-0.027432,0.000647,-0.045690,0.033143,0.034027,0.774542,0.609510,-9.760363
1785345697.974191,-0.008383,-0.016578,-0.012338,0.037520,0.153520,-0.002439,0.785619,0.598794,-9.760141
1785345697.979957,-0.003384,-0.020573,-0.002135,-0.047573,0.021464,0.011154,0.789799,0.601596,-9.759631
1785345697.990313,0.009001,-0.029653,-0.000312,-0.269335,-0.344155,-0.032642,0.774083,0.641448,-9.758352
1785345697.999690,-0.002823,-0.009699,-0.008839,0.112905,0.165507,-0.009439,0.782422,0.623915,-9.758824
1785345698.005213,-0.018644,-0.013636,-0.009649,0.019803,0.198234,0.044497,0.798206,0.612006,-9.758300
1785345698.013370,-0.006285,-0.020568,-0.003264,-0.028049,0.032523,0.007590,0.802346,0.612663,-9.757919
1785345698.023773,-0.007495,-0.020336,-0.002075,-0.016726,0.039242,0.019041,0.806505,0.611927,-9.757622
1785345698.040791,-0.007591,-0.021227,-0.006210,-0.042884,0.025529,0.007907,0.810789,0.614166,-9.757127
1785345698.040953,-0.008126,-0.019272,0.000541,-0.002478,0.062301,0.031575,0.816201,0.610974,-9.756876
1785345698.048751,-0.008573,-0.019383,-0.005312,-0.011284,0.042582,0.023962,0.820376,0.609570,-9.756614
1785345698.055208,-0.007973,-0.019932,-0.006313,-0.001475,0.048520,0.017273,0.824559,0.607120,-9.756414
1785345698.069325,-0.008741,-0.018379,-0.003579,-0.006389,0.027527,0.015619,0.827213,0.606135,-9.756250
1785345698.075950,-0.009343,-0.013332,-0.003934,0.037096,0.049437,0.009369,0.829559,0.600500,-9.756400
1785345698.083493,-0.011054,-0.023630,-0.005798,-0.005009,0.074836,0.019141,0.836136,0.597027,-9.756051
1785345698.092262,-0.010324,-0.018466,-0.005134,-0.015481,0.010023,0.029937,0.837774,0.597521,-9.755880
1785345698.101673,-0.014777,-0.021583,-0.000488,0.022583,0.063175,0.037437,0.842022,0.592135,-9.755843
1785345698.103413,-0.014468,-0.012147,-0.001579,0.045780,0.053155,0.044846,0.844287,0.585232,-9.756064
1785345698.113062,-0.012404,-0.015116,-0.001419,0.026014,0.041056,0.021482,0.846486,0.580815,-9.756137
1785345698.124131,-0.012058,-0.016824,-0.007256,-0.031890,-0.020898,-0.003464,0.846291,0.584545,-9.755931
1785345698.135887,-0.014333,-0.014141,0.000357,0.010143,-0.003865,0.013084,0.845475,0.583755,-9.756050
1785345698.137640,-0.019061,-0.010328,0.004395,0.068925,0.056257,0.045223,0.846862,0.574762,-9.756463
1785345698.151643,-0.011977,-0.013403,-0.005786,0.206473,0.247660,0.064132,0.857639,0.544652,-9.757249
1785345698.153501,-0.018802,-0.003654,0.005855,-0.169465,-0.265293,-0.002180,0.843570,0.571903,-9.756916
1785345698.167231,-0.012652,-0.016242,-0.004418,0.103571,0.122209,0.048936,0.848828,0.556733,-9.757338
1785345698.176057,-0.026283,-0.005557,-0.001161,-0.061423,-0.106542,-0.027219,0.842832,0.567388,-9.757244
1785345698.178670,-0.016994,-0.003761,-0.002191,-0.000487,-0.088577,-0.015218,0.835364,0.571940,-9.757620
1785345698.189398,-0.021092,-0.006324,-0.002403,0.014683,-0.032869,0.012762,0.831875,0.572200,-9.757903
1785345698.209168,-0.020712,-0.006321,-0.001885,0.017767,0.024840,0.017695,0.833113,0.569315,-9.757966
1785345698.209332,-0.021272,0.000485,-0.001223,0.014342,-0.063734,0.006345,0.827028,0.571185,-9.758374
1785345698.213059,-0.021789,-0.006441,0.000984,0.020720,0.010229,0.044189,0.826908,0.568508,-9.758541
1785345698.221729,-0.024678,-0.006367,0.000292,0.028414,-0.025304,0.026634,0.823395,0.567108,-9.758920
1785345698.235148,-0.024895,-0.000250,-0.001199,0.023981,-0.038835,0.023342,0.818953,0.566776,-9.759313
1785345698.237196,-0.024360,0.000817,0.002478,0.050984,0.002039,0.039159,0.816653,0.562019,-9.759780
1785345698.248924,-0.023777,0.002055,-0.000787,0.018113,-0.044320,0.017905,0.812031,0.562501,-9.760138
1785345698.257154,-0.022263,0.002082,0.006449,0.085582,0.046360,0.027694,0.811774,0.552783,-9.760715
1785345698.263214,-0.031331,0.006800,0.005009,0.035122,-0.007592,0.033904,0.809434,0.549882,-9.761073
1785345698.272191,-0.024908,0.010836,-0.013340,-0.071410,-0.247784,-0.024882,0.791954,0.568260,-9.761454
1785345698.285971,-0.027594,0.006541,-0.003292,0.027031,-0.048011,0.017779,0.786584,0.568175,-9.761893
1785345698.287730,-0.032485,0.011956,-0.007565,0.065434,-0.019250,0.000745,0.781748,0.563624,-9.762546
1785345698.296471,-0.024819,0.007356,0.001644,0.014478,-0.054368,0.007793,0.776446,0.565001,-9.762889
1785345698.305689,-0.022407,0.007306,0.010911,-0.094100,-0.221110,0.005291,0.762356,0.583680,-9.762901
1785345698.318083,-0.024247,0.009126,0.005546,0.016521,-0.045414,0.005135,0.757709,0.584470,-9.763215
1785345698.320193,-0.028810,0.004962,-0.004572,-0.003603,-0.031883,0.007199,0.755197,0.586266,-9.763302
1785345698.333988,-0.025801,0.007487,-0.004579,0.051576,0.000361,0.010527,0.752713,0.581821,-9.763760
1785345698.338775,-0.024205,0.013699,-0.000542,-0.013746,-0.122959,0.002930,0.742983,0.588969,-9.764077
1785345698.352019,-0.025453,0.004183,0.004375,-0.038014,-0.111565,0.009840,0.735416,0.597531,-9.764129
1785345698.354857,-0.025485,0.011413,0.002115,0.034780,-0.021756,0.007484,0.731881,0.595606,-9.764512
1785345698.364217,-0.024447,0.011428,-0.001970,0.016865,-0.033203,0.010699,0.728260,0.595715,-9.764777
1785345698.372085,-0.024554,0.022335,-0.007597,0.095628,0.045124,-0.005738,0.727386,0.585527,-9.765458
1785345698.389992,-0.026261,0.010333,-0.001691,0.002221,0.001839,0.040583,0.727491,0.584877,-9.765489
1785345698.390140,-0.023413,0.008667,0.014069,0.121577,0.180657,0.046914,0.736899,0.565394,-9.765931
1785345698.404361,-0.028133,0.018396,-0.000430,0.058293,0.050666,0.031174,0.738375,0.557733,-9.766260
1785345698.405344,-0.023857,0.015208,-0.000220,0.006262,-0.030767,0.009887,0.735474,0.558620,-9.766428
1785345698.418092,-0.018097,0.020488,-0.018454,-0.121523,-0.225879,-0.053375,0.722215,0.580367,-9.766150
1785345698.420062,-0.021047,0.023226,-0.000282,0.016245,0.010840,-0.039276,0.722283,0.578829,-9.766236
1785345698.434563,-0.021569,0.009414,-0.001802,0.033608,0.018869,0.043230,0.722295,0.574689,-9.766480
1785345698.447160,-0.023818,0.018790,-0.005032,0.088895,0.105188,0.004799,0.726858,0.562028,-9.766878
1785345698.447277,-0.021751,0.018997,-0.001709,0.011229,0.012965,0.007074,0.727415,0.560386,-9.766931
1785345698.455650,-0.016516,0.020666,0.002146,0.005930,0.002086,-0.001996,0.727299,0.559803,-9.766973
1785345698.470951,-0.018706,0.013654,0.004895,-0.038310,-0.036222,0.020415,0.726131,0.564610,-9.766783
1785345698.471092,-0.016591,0.015015,0.003448,-0.046258,-0.041333,-0.005117,0.724886,0.570565,-9.766529
1785345698.479922,-0.022143,0.020350,-0.002085,0.084874,0.150605,0.018705,0.733514,0.555897,-9.766731
1785345698.489857,-0.017959,0.022085,-0.001479,0.016105,0.055923,0.000920,0.737464,0.551800,-9.766666
1785345698.501155,-0.017153,0.018798,0.009359,0.109452,0.253752,0.030723,0.753633,0.529911,-9.766644
1785345698.504169,-0.019721,0.025950,-0.010453,0.089656,0.141773,0.007220,0.761262,0.515375,-9.766830
1785345698.513721,-0.017225,0.023558,0.003634,-0.017884,0.014291,0.033811,0.763369,0.515870,-9.766639
1785345698.532138,-0.016600,0.022320,-0.000779,-0.008130,0.058411,0.001495,0.768716,0.513685,-9.766335
1785345698.533144,-0.018779,0.024875,-0.005879,-0.028414,0.045396,-0.006174,0.773946,0.513911,-9.765910
1785345698.540868,-0.017267,0.027263,-0.013977,-0.081851,-0.094037,-0.022451,0.769966,0.525594,-9.765603
1785345698.549166,-0.016338,0.026300,-0.003549,-0.014162,0.029089,-0.004191,0.773119,0.525400,-9.765364
1785345698.556855,-0.016175,0.029071,-0.005039,-0.005694,0.043453,-0.003802,0.777075,0.523790,-9.765137
1785345698.567914,-0.013258,0.032704,-0.006434,-0.015242,0.020656,-0.026618,0.779552,0.524308,-9.764912
1785345698.570812,-0.016272,0.032288,-0.002979,-0.008093,0.044705,0.009456,0.783740,0.522713,-9.764662
1785345698.583682,-0.009588,0.020263,0.008463,-0.108627,-0.042616,0.009042,0.785446,0.533835,-9.763923
1785345698.589026,-0.027428,0.042726,-0.013442,0.181157,0.320145,0.013205,0.803707,0.502837,-9.764083
1785345698.602208,-0.015008,0.028785,-0.005023,-0.077229,0.047503,-0.002787,0.811503,0.507026,-9.763221
1785345698.602338,-0.017336,0.032114,0.000048,0.010551,0.067787,0.004665,0.816728,0.502780,-9.763005
1785345698.614230,-0.014216,0.031077,0.009947,-0.018432,0.095205,0.009746,0.825692,0.499579,-9.762415
1785345698.622851,-0.014941,0.035426,-0.002256,-0.039190,0.034814,-0.001492,0.830554,0.501181,-9.761921
1785345698.636676,-0.019259,0.040796,-0.012756,-0.147235,-0.146316,-0.024658,0.825349,0.520931,-9.761328
1785345698.636851,-0.017722,0.035264,-0.001737,-0.022130,0.032393,0.012325,0.829177,0.521085,-9.760996
1785345698.651718,-0.018860,0.038255,-0.004198,-0.062024,0.013001,-0.008501,0.833303,0.525738,-9.760395
1785345698.656099,-0.017929,0.038769,-0.002911,-0.036009,0.042351,-0.002814,0.838647,0.526717,-9.759884
1785345698.667077,-0.020586,0.048608,-0.000830,0.033012,0.065951,-0.023129,0.842610,0.520951,-9.759852
1785345698.670777,-0.011725,0.031839,0.008623,-0.148637,-0.118075,-0.004639,0.839872,0.539237,-9.759095
1785345698.689266,-0.017084,0.036868,0.007191,0.028522,0.168052,0.012451,0.852710,0.528506,-9.758569
1785345698.689421,-0.023905,0.047734,-0.009859,0.049090,0.169772,0.016987,0.864687,0.515920,-9.758188
1785345698.707444,-0.016832,0.046264,-0.004624,-0.133277,-0.079413,-0.011566,0.864468,0.531094,-9.757394
1785345698.707596,-0.021629,0.050339,-0.018379,-0.091903,-0.063025,-0.022264,0.863612,0.542105,-9.756864
1785345698.720190,-0.017998,0.044904,-0.000937,-0.044911,0.017143,0.004935,0.867258,0.544982,-9.756380
1785345698.720325,-0.020501,0.043721,-0.001211,-0.032852,0.014979,-0.006953,0.870127,0.547075,-9.756008
1785345698.730310,-0.023976,0.045523,0.013654,0.025026,0.135350,0.015946,0.880366,0.538201,-9.755583
1785345698.738369,-0.014100,0.045405,0.000507,-0.089277,-0.051893,-0.009669,0.880327,0.548318,-9.755023
1785345698.754657,-0.023652,0.057805,-0.017223,-0.070288,-0.116000,-0.069555,0.873912,0.560595,-9.754902
1785345698.755663,-0.012984,0.043404,0.007971,-0.205599,-0.217159,-0.014603,0.865567,0.588584,-9.753997
1785345698.763175,-0.021862,0.040594,-0.002396,-0.013754,0.075337,0.036022,0.872641,0.585681,-9.753542
1785345698.777888,-0.024051,0.050477,0.000037,0.051910,0.100230,0.005658,0.878594,0.576377,-9.753561
1785345698.778215,-0.012030,0.045468,0.008537,-0.019619,0.045697,-0.003860,0.883417,0.575829,-9.753158
1785345698.788156,-0.021508,0.049384,0.004923,-0.002425,0.046747,0.005892,0.887495,0.573687,-9.752914
1785345698.797241,-0.028671,0.058196,-0.010669,0.099227,0.159613,0.004717,0.896160,0.557528,-9.753059
1785345698.805632,-0.020209,0.057410,-0.007203,-0.084323,-0.101625,-0.058688,0.891654,0.570174,-9.752741
1785345698.816699,-0.014067,0.021424,0.002890,-0.271821,-0.352506,0.018191,0.875105,0.609958,-9.751833
1785345698.820513,-0.032429,0.065736,-0.019792,0.248576,0.377551,0.025284,0.894934,0.570428,-9.752426
1785345698.832203,-0.015785,0.043109,0.002878,-0.074738,-0.090524,-0.017357,0.890913,0.581292,-9.752152
1785345698.840230,-0.022111,0.046651,0.005491,0.162845,0.280763,0.024082,0.906726,0.553681,-9.752302
1785345698.851880,-0.014067,0.042035,0.016553,-0.136878,-0.203012,-0.000293,0.896227,0.575061,-9.752035
1785345698.861380,-0.020563,0.046539,-0.001106,0.013367,0.019121,0.000394,0.897193,0.573004,-9.752067
1785345698.861500,-0.025893,0.055765,-0.007859,0.120192,0.165256,0.010134,0.905313,0.554758,-9.752372
1785345698.871663,-0.020730,0.053686,0.001018,0.018839,0.032726,0.009292,0.907166,0.551483,-9.752385
1785345698.884567,-0.018948,0.041751,-0.008523,-0.072623,-0.135745,-0.009644,0.899219,0.564297,-9.752388
1785345698.889841,-0.016095,0.044574,0.001515,0.073361,0.066084,0.038724,0.901246,0.554518,-9.752762
1785345698.897120,-0.018586,0.043500,0.002269,0.020937,-0.004565,-0.007869,0.899836,0.553070,-9.752974
1785345698.904792,-0.017040,0.046904,-0.001753,0.009262,-0.057576,0.000898,0.894511,0.555096,-9.753349
1785345698.913175,-0.021428,0.045099,0.011063,0.115847,0.150413,0.019078,0.901593,0.537845,-9.753664
1785345698.921375,-0.016947,0.040695,0.008252,-0.047628,-0.148064,0.030855,0.891390,0.548741,-9.753994
1785345698.930424,-0.026811,0.062519,-0.015259,0.212894,0.198499,0.022338,0.897815,0.520975,-9.754928
1785345698.939230,-0.014710,0.039477,0.003166,-0.021341,-0.062799,0.005246,0.893540,0.525775,-9.755063
1785345698.948403,-0.019282,0.042835,-0.000983,0.035851,-0.003237,0.020263,0.891520,0.522719,-9.755412
1785345698.965117,-0.015726,0.041438,0.002467,0.053886,0.007511,0.007424,0.889530,0.517758,-9.755858
1785345698.966134,-0.017319,0.045560,-0.002361,0.060751,-0.005407,0.008650,0.886112,0.512839,-9.756429
1785345698.974112,-0.019165,0.043687,0.010213,0.159743,0.197476,0.054590,0.895044,0.489251,-9.756825
1785345698.983733,-0.017244,0.049831,-0.000638,0.062716,-0.045869,-0.014987,0.888107,0.486380,-9.757602
1785345698.991322,-0.020405,0.050411,0.004709,0.124026,0.044450,0.049361,0.885817,0.473310,-9.758453
1785345699.029667,-0.010595,0.042210,-0.001424,-0.105390,-0.289260,-0.010067,0.866447,0.496363,-9.759047
1785345699.029859,-0.022490,0.040631,0.002706,-0.020795,-0.064484,0.027968,0.861997,0.500974,-9.759205
1785345699.029954,-0.016037,0.043579,-0.000390,0.046528,-0.024178,0.023374,0.857685,0.498014,-9.759737
1785345699.030198,-0.015146,0.043564,0.015535,0.170260,0.203809,0.055234,0.866667,0.473241,-9.760176
1785345699.030351,-0.022218,0.050865,-0.006375,0.233675,0.234867,0.039374,0.875192,0.441782,-9.760890
1785345699.042869,-0.016542,0.049822,0.007390,0.109032,0.022458,0.038026,0.871774,0.431158,-9.761671
1785345699.045942,-0.023358,0.052944,0.002666,0.154111,0.088917,0.053163,0.871788,0.413364,-9.762439
1785345699.059196,-0.010166,0.046727,0.007301,-0.013193,-0.087385,0.039060,0.864992,0.418351,-9.762831
1785345699.064155,-0.016822,0.051907,-0.018554,-0.003678,-0.115917,-0.035790,0.855362,0.424641,-9.763408
1785345699.073603,-0.011064,0.054121,-0.002841,0.085314,-0.084163,-0.017324,0.844089,0.421725,-9.764515
1785345699.084708,-0.014652,0.037924,0.014909,-0.057535,-0.067429,0.065170,0.841132,0.429234,-9.764443
1785345699.088168,-0.016897,0.053223,0.005779,0.075718,-0.023103,0.038875,0.835480,0.423621,-9.765174
1785345699.100762,-0.016076,0.053416,0.003687,0.058196,-0.053943,0.050335,0.828057,0.420875,-9.765925
1785345699.105113,-0.014181,0.042821,0.012566,0.154223,0.240981,0.072036,0.840994,0.395523,-9.765879
1785345699.118179,-0.011293,0.048487,-0.000812,0.027150,-0.030330,0.032736,0.837081,0.394406,-9.766260
1785345699.121248,-0.005230,0.052692,-0.015393,-0.106618,-0.263409,-0.027507,0.819889,0.416419,-9.766805
1785345699.137165,-0.011726,0.050446,0.001383,0.007795,-0.051301,0.048053,0.815135,0.417810,-9.767143
1785345699.138020,-0.007554,0.061393,-0.005904,0.112651,0.023029,0.000248,0.811639,0.407194,-9.767883
1785345699.147178,-0.013749,0.053280,0.015816,0.103679,0.103146,0.073941,0.815345,0.392788,-9.768164
1785345699.158152,-0.004600,0.050114,-0.001320,0.045383,-0.050156,0.054382,0.808857,0.390901,-9.768779
1785345699.162658,-0.002591,0.042110,0.009684,-0.076603,-0.078377,0.049466,0.805865,0.400713,-9.768629
1785345699.171486,-0.009016,0.051033,0.011061,0.118184,0.179613,0.096629,0.815380,0.381197,-9.768620
1785345699.182173,-0.000940,0.048009,0.001634,-0.023698,-0.041723,0.029571,0.812953,0.384948,-9.768676
1785345699.190241,-0.000020,0.053613,0.001357,-0.019134,-0.085407,0.031632,0.806588,0.390401,-9.768987
1785345699.197043,-0.004172,0.054925,0.000942,-0.083613,-0.178419,0.033722,0.795410,0.405764,-9.769277
1785345699.220194,0.001898,0.047982,0.022483,0.015454,0.017415,0.080144,0.796118,0.402908,-9.769338
1785345699.220359,-0.001681,0.046819,0.006295,0.058074,0.039804,0.065964,0.796692,0.395499,-9.769594
1785345699.220395,0.002346,0.060412,-0.003900,-0.024402,-0.082000,0.012703,0.790871,0.401392,-9.769826
1785345699.235159,0.000826,0.047115,0.000883,-0.076131,-0.134594,0.057061,0.783034,0.413791,-9.769940
1785345699.237104,-0.004049,0.055755,-0.002056,0.132128,0.253766,0.068235,0.798310,0.389832,-9.769689
1785345699.246857,-0.000660,0.055008,-0.012245,-0.030507,-0.093163,0.043012,0.791806,0.396501,-9.769950
1785345699.261403,0.003992,0.045184,0.009790,0.086895,0.164303,0.085355,0.801622,0.380524,-9.769785
1785345699.261538,0.004173,0.046697,0.000948,-0.015591,-0.017071,0.060046,0.800874,0.382131,-9.769784
1785345699.276867,0.011918,0.042281,0.006261,-0.155242,-0.172104,0.068627,0.793552,0.402899,-9.769547
1785345699.280078,0.008016,0.048094,0.001822,-0.010936,0.003409,0.075210,0.794337,0.402998,-9.769479
1785345699.289439,0.000383,0.060964,-0.002829,0.150602,0.197113,0.112024,0.803964,0.379847,-9.769619
1785345699.302596,0.008704,0.049026,0.000334,-0.017814,0.007253,0.074946,0.805386,0.380351,-9.769482
1785345699.304481,0.012326,0.048444,-0.004493,-0.210698,-0.268543,0.029900,0.792396,0.410724,-9.769315
1785345699.313766,0.010913,0.048583,0.000922,0.004146,0.013406,0.072258,0.793328,0.409094,-9.769308
1785345699.325224,0.009719,0.045507,0.001695,-0.031324,-0.000954,0.068892,0.794710,0.411188,-9.769107
1785345699.330145,0.012048,0.045801,0.000964,-0.025121,0.008406,0.068457,0.796599,0.412316,-9.768906
1785345699.341796,0.012699,0.043975,0.016430,0.081731,0.202542,0.103071,0.810053,0.394879,-9.768520
1785345699.345559,0.013378,0.046646,0.004372,0.006528,0.047370,0.091537,0.813761,0.391269,-9.768357
1785345699.355447,0.016487,0.048078,0.003033,-0.026682,-0.056440,0.057868,0.810152,0.395678,-9.768480
1785345699.369481,0.011021,0.046233,0.006383,0.037066,0.081556,0.094821,0.815360,0.387837,-9.768361
1785345699.370334,0.014072,0.039388,0.002415,-0.028542,0.040055,0.098855,0.820081,0.387499,-9.767979
1785345699.387402,0.014005,0.042434,0.001271,-0.031362,0.010233,0.082361,0.822383,0.388948,-9.767728
1785345699.387538,0.016311,0.049991,-0.014983,-0.145777,-0.188202,0.052070,0.813011,0.409709,-9.767664
1785345699.397883,0.016783,0.044298,-0.005438,-0.063243,0.045449,0.077414,0.819843,0.412274,-9.766985
1785345699.405007,0.019135,0.043140,0.000370,-0.015638,0.047247,0.083817,0.824606,0.410637,-9.766653
1785345699.413529,0.016170,0.042497,-0.003130,-0.062373,0.036696,0.086203,0.830633,0.413457,-9.766023
1785345699.433160,0.018159,0.039867,0.004076,-0.020254,0.027616,0.081863,0.833922,0.413146,-9.765756
1785345699.433306,0.017240,0.041805,0.005764,0.007951,0.061679,0.079040,0.838833,0.408870,-9.765515
1785345699.439613,0.021641,0.035431,0.008231,-0.150455,-0.117050,0.085110,0.835693,0.426355,-9.765037
1785345699.452119,0.016258,0.042638,0.000617,-0.034749,0.024741,0.082600,0.839412,0.427407,-9.764672
1785345699.457835,0.018412,0.042393,0.006748,0.004333,0.038816,0.099048,0.842536,0.424315,-9.764537
1785345699.468130,0.018476,0.041169,0.003610,-0.007421,0.034730,0.079415,0.845852,0.422602,-9.764325
1785345699.471373,0.014531,0.032036,0.013551,0.047418,0.163075,0.107048,0.857699,0.410027,-9.763828
1785345699.483915,0.006719,0.051457,-0.012804,0.126586,0.275736,0.077840,0.875631,0.385774,-9.763224
1785345699.488924,0.019048,0.039884,0.008281,0.000701,0.070897,0.063207,0.881669,0.381857,-9.762835
1785345699.496824,0.034077,0.030343,0.013410,-0.226399,-0.222409,0.043895,0.872802,0.411024,-9.762447
1785345699.505597,0.003194,0.049012,-0.011768,0.137821,0.238332,0.070884,0.887036,0.387618,-9.762122
