timestamp,lin_vel_x,lin_vel_y,lin_vel_z,ang_vel_x,ang_vel_y,ang_vel_z,gravity_x,gravity_y,gravity_z
1785347168.006589,0.002158,0.002232,-0.002761,-0.044850,0.002397,-0.019444,0.919497,0.541611,-9.751784
1785347168.010159,0.001536,0.001965,0.001477,0.022558,-0.001963,-0.017489,0.919473,0.539560,-9.751899
1785347168.030410,0.004048,0.004514,0.000817,-0.000995,-0.001895,-0.011973,0.919200,0.539733,-9.751916
1785347168.030548,0.008863,0.007162,-0.004789,-0.055818,-0.038868,-0.033865,0.914530,0.544913,-9.752067
1785347168.045133,0.006696,0.007565,-0.000245,0.030950,0.016606,0.002198,0.916532,0.542118,-9.752034
1785347168.045858,0.004887,0.004702,0.000660,0.006950,0.000400,-0.012002,0.916578,0.541554,-9.752062
1785347168.062170,0.005390,0.003449,0.001207,-0.001904,-0.005792,-0.015157,0.915896,0.541792,-9.752112
1785347168.062942,0.006258,-0.005202,-0.011152,-0.189879,-0.094237,-0.020011,0.904307,0.559093,-9.752217
1785347168.070212,0.004595,0.003834,0.000034,-0.002781,-0.004423,-0.013159,0.903757,0.559414,-9.752250
1785347168.079304,0.010111,0.009950,-0.001237,-0.016172,0.000288,-0.010239,0.903517,0.561061,-9.752178
1785347168.083888,0.002003,0.012551,0.012637,0.209544,0.088744,-0.006246,0.914634,0.542009,-9.752219
1785347168.094990,0.005056,0.003747,0.000964,0.003281,0.000422,-0.014190,0.914622,0.541817,-9.752231
1785347168.105219,0.010527,-0.010148,-0.016355,-0.282051,-0.131605,-0.021149,0.898287,0.567557,-9.752285
1785347168.116465,0.004651,0.002906,0.002313,-0.007394,0.001628,-0.016903,0.898239,0.568428,-9.752239
1785347168.118162,0.005089,0.003330,-0.000573,0.005624,-0.004458,-0.011184,0.897802,0.567922,-9.752308
1785347168.131422,-0.002747,-0.000985,0.003624,0.042097,-0.015180,-0.002442,0.896834,0.563697,-9.752642
1785347168.137197,0.005273,0.002781,0.000519,0.000951,-0.004845,-0.015228,0.896275,0.563670,-9.752695
1785347168.146726,0.004563,0.003825,0.001702,0.003699,0.004718,-0.009772,0.896711,0.563451,-9.752668
1785347168.153028,0.005987,0.002691,0.001053,0.002006,-0.004380,-0.013617,0.896221,0.563315,-9.752721
1785347168.166397,0.005050,0.002653,0.000012,0.008329,0.000636,-0.013042,0.896297,0.562626,-9.752754
1785347168.171803,0.005681,0.002725,0.000289,-0.000639,-0.005401,-0.014088,0.895672,0.562737,-9.752805
1785347168.182503,0.005877,0.003203,-0.000289,0.004408,-0.000139,-0.009827,0.895647,0.562390,-9.752827
1785347168.184471,0.002366,-0.002317,0.003027,-0.016153,-0.015691,-0.037821,0.893679,0.564064,-9.752911
1785347168.195631,0.004371,0.003627,0.000178,0.006278,-0.001444,-0.006293,0.893574,0.563492,-9.752954
1785347168.204870,0.007477,0.002309,0.001214,-0.000203,0.001001,-0.012469,0.893585,0.563625,-9.752945
1785347168.214596,0.005229,0.002758,0.001664,0.016281,0.003931,-0.007699,0.894111,0.562166,-9.752981
1785347168.221197,0.004650,0.002322,-0.000309,-0.005228,-0.007268,-0.013400,0.893255,0.562691,-9.753029
1785347168.226439,0.005279,0.002283,0.000321,0.009132,0.002273,-0.012988,0.893499,0.561943,-9.753050
1785347168.234169,0.011500,-0.000555,-0.003798,-0.071260,-0.034989,-0.022448,0.889101,0.568573,-9.753067
1785347168.245684,-0.000703,0.004164,0.004942,0.078307,0.033822,0.001130,0.893327,0.561422,-9.753096
1785347168.254950,0.011473,-0.000990,-0.004234,-0.075123,-0.035042,-0.023004,0.888875,0.568429,-9.753096
1785347168.265390,0.005660,0.002652,0.000802,-0.004463,-0.006611,-0.014612,0.888084,0.568898,-9.753141
1785347168.268208,0.006273,0.002678,0.000721,0.007630,0.002145,-0.010099,0.888315,0.568269,-9.753157
1785347168.281967,0.005240,0.001796,0.001307,0.005139,0.001450,-0.011047,0.888443,0.567880,-9.753168
1785347168.291918,0.004487,0.001555,0.000763,0.001045,0.000433,-0.011974,0.888417,0.567882,-9.753170
1785347168.292643,0.007209,0.001760,-0.001111,0.007320,0.002864,-0.014330,0.888686,0.567326,-9.753178
1785347168.302957,0.010521,0.001948,-0.001338,-0.020569,0.004439,-0.026888,0.888687,0.569581,-9.753046
1785347168.311576,0.009320,0.004441,0.000090,-0.010562,0.007318,-0.014575,0.889170,0.570805,-9.752931
1785347168.322615,0.008336,0.001308,-0.001525,-0.003028,0.002716,-0.019810,0.889262,0.571290,-9.752894
1785347168.332988,0.006410,0.000307,0.000848,-0.000173,0.005109,-0.018789,0.889628,0.571520,-9.752847
1785347168.336860,0.007361,0.001227,-0.000816,0.003291,-0.011192,-0.005920,0.888544,0.571117,-9.752970
1785347168.344819,0.004608,0.001224,0.001301,-0.004936,0.010385,-0.023473,0.889331,0.571907,-9.752852
1785347168.353722,0.001644,0.025156,0.032591,0.487410,0.239572,-0.003493,0.918266,0.527772,-9.752658
1785347168.363968,0.008226,-0.026594,-0.030491,-0.457628,-0.243670,-0.021010,0.889115,0.569183,-9.753031
1785347168.369972,0.007386,-0.000210,-0.000233,0.012228,-0.009273,-0.005389,0.888327,0.567937,-9.753175
1785347168.381188,-0.000245,0.024329,0.033488,0.474698,0.242893,-0.013807,0.917349,0.525141,-9.752887
1785347168.391977,0.006365,0.000361,0.000372,0.004056,-0.002839,-0.009019,0.917065,0.524792,-9.752932
1785347168.392741,0.006682,0.001297,0.000938,0.001930,-0.001045,-0.017522,0.916876,0.524741,-9.752953
1785347168.403135,0.006949,-0.000810,0.002060,-0.006792,-0.006142,-0.020748,0.916071,0.525499,-9.752987
1785347168.411292,0.006291,0.000755,0.000680,0.010762,0.002735,-0.016025,0.916361,0.524628,-9.753007
1785347168.419986,0.008497,0.000413,0.000184,-0.017039,-0.011784,-0.026400,0.914854,0.526355,-9.753056
1785347168.429569,0.005433,-0.000322,0.002452,-0.005271,-0.007029,-0.007666,0.914064,0.526846,-9.753103
1785347168.437474,-0.000324,-0.006194,-0.000665,-0.000010,0.013502,0.000870,0.915376,0.526998,-9.752972
1785347168.445378,0.005940,0.000410,0.000669,0.017298,-0.003052,-0.018209,0.915168,0.525447,-9.753075
1785347168.453052,0.006745,0.000547,0.001034,0.003839,0.003058,-0.010871,0.915440,0.525204,-9.753063
1785347168.471598,0.007508,0.000760,0.001441,-0.005776,-0.006901,-0.013183,0.914621,0.525791,-9.753108
1785347168.472674,0.007694,-0.000331,0.002087,-0.018380,-0.017575,-0.017160,0.912598,0.527503,-9.753205
1785347168.477411,0.005128,-0.000401,0.000081,0.011812,0.014040,-0.013274,0.914010,0.526639,-9.753119
1785347168.491086,0.007309,-0.000718,0.001592,-0.009154,-0.017582,-0.012795,0.912121,0.527425,-9.753254
1785347168.492992,0.002299,-0.000936,0.003204,0.044559,0.003126,0.002425,0.912958,0.523142,-9.753406
1785347168.505161,0.006522,-0.001480,-0.000596,0.012625,0.000437,-0.007442,0.913100,0.521992,-9.753454
1785347168.515228,0.006856,-0.000263,0.000652,-0.002091,-0.001192,-0.015995,0.912860,0.522314,-9.753460
1785347168.518427,0.006654,-0.000696,0.001802,0.001533,-0.009815,-0.015223,0.911833,0.522180,-9.753563
1785347168.530479,0.006916,-0.000771,0.003189,-0.003446,-0.000196,-0.013189,0.911691,0.522621,-9.753553
1785347168.536986,0.006385,-0.000562,0.001963,0.013643,-0.004658,-0.007868,0.911349,0.521317,-9.753654
1785347168.547874,0.008721,-0.001258,-0.001225,-0.003255,-0.001604,-0.010888,0.911088,0.521704,-9.753658
1785347168.553319,0.006860,-0.001705,0.000201,-0.003909,-0.009952,-0.019721,0.909956,0.522131,-9.753741
1785347168.563810,0.005737,-0.000979,0.002371,0.000656,0.004724,-0.015346,0.910325,0.522251,-9.753700
1785347168.570597,0.005807,-0.002090,0.000873,0.004342,-0.009693,-0.002184,0.909423,0.521738,-9.753811
1785347168.578617,0.008101,-0.001242,0.002481,-0.002223,-0.008218,-0.011651,0.908529,0.521956,-9.753883
1785347168.588322,0.007057,-0.001440,0.001305,-0.001761,-0.006592,-0.010854,0.907803,0.522140,-9.753941
1785347168.594851,0.007557,-0.001419,0.001820,0.009817,-0.000405,-0.013574,0.907792,0.521302,-9.753987
1785347168.602861,0.007154,-0.001033,0.001042,0.001879,0.000865,-0.008208,0.907846,0.521199,-9.753987
1785347168.611865,0.006596,-0.001461,0.001238,0.008614,0.004230,-0.014102,0.908266,0.520534,-9.753984
1785347168.625429,0.006642,-0.002115,0.001164,-0.015844,-0.005777,-0.014923,0.907432,0.522122,-9.753976
1785347168.627129,0.006597,-0.002076,-0.000079,0.009606,0.001575,-0.012002,0.907620,0.521313,-9.754002
1785347168.636191,0.002637,-0.001474,0.005029,0.067698,-0.004778,0.006947,0.907976,0.514667,-9.754322
1785347168.646126,0.006832,-0.001612,0.000940,-0.006622,-0.003243,-0.014084,0.907499,0.515387,-9.754328
1785347168.655935,0.007061,-0.001747,0.001937,-0.002345,0.000043,-0.007012,0.907433,0.515673,-9.754319
1785347168.662504,0.006187,-0.002067,0.001545,0.007847,-0.001335,-0.013960,0.907307,0.515017,-9.754366
1785347168.670744,0.018455,-0.002239,-0.007302,-0.107600,0.009120,-0.056481,0.906611,0.525978,-9.753846
1785347168.679499,0.008624,-0.001929,0.000965,-0.015183,-0.019365,-0.017785,0.904452,0.527371,-9.753971
1785347168.686041,0.007149,-0.003444,0.001305,0.010622,0.005946,-0.015796,0.905049,0.526545,-9.753960
1785347168.695479,0.007181,-0.002456,-0.000731,-0.002028,-0.002453,-0.012788,0.904708,0.526820,-9.753977
1785347168.703858,0.006241,-0.002825,0.000564,-0.001432,-0.003691,-0.013399,0.904251,0.527028,-9.754008
1785347168.709741,0.007044,-0.002292,0.001800,-0.002179,-0.003242,-0.011187,0.903842,0.527295,-9.754031
1785347168.720739,0.011508,0.001145,-0.000509,-0.035079,-0.005125,-0.007192,0.902903,0.530683,-9.753935
1785347168.729304,0.001295,-0.006114,0.004070,0.045143,0.008080,-0.014740,0.904103,0.526539,-9.754048
1785347168.737715,0.009501,-0.001039,0.003801,0.051085,0.022104,-0.011041,0.906750,0.521950,-9.754049
1785347168.744620,0.006645,-0.003271,0.001342,-0.001665,0.001318,-0.013117,0.906777,0.522235,-9.754031
1785347168.752585,0.006750,-0.002012,0.000094,0.002507,0.001377,-0.017229,0.906832,0.522153,-9.754031
1785347168.762436,0.004266,-0.005496,-0.003978,-0.046750,-0.033477,-0.007711,0.903016,0.526353,-9.754159
1785347168.779197,0.007008,-0.004026,0.000341,-0.003909,-0.003657,-0.019198,0.902498,0.526850,-9.754180
1785347168.785438,0.006626,-0.003745,0.002035,-0.004591,0.007797,-0.010874,0.903133,0.527471,-9.754088
1785347168.785560,0.008017,-0.003596,0.000088,0.024221,0.008506,-0.012156,0.904152,0.525329,-9.754109
1785347168.795048,0.009643,0.000335,-0.000316,0.029426,0.006086,0.010623,0.905137,0.522468,-9.754171
1785347168.803749,0.002283,-0.008017,0.001979,-0.033566,-0.007679,-0.037943,0.903781,0.525939,-9.754110
1785347168.811303,0.006576,-0.004369,0.000427,-0.005958,-0.006045,-0.014574,0.903038,0.526569,-9.754145
1785347168.820806,0.007434,-0.003993,-0.001590,-0.007789,-0.000904,-0.026453,0.902698,0.527531,-9.754125
1785347168.830459,0.006529,-0.005156,-0.000671,-0.013100,-0.000533,-0.027473,0.902328,0.529018,-9.754078
1785347168.837250,0.006699,-0.004663,0.001266,-0.002162,-0.005476,-0.005936,0.901737,0.529216,-9.754122
1785347168.848056,0.007010,-0.003475,0.001711,-0.013197,-0.010095,-0.022826,0.900469,0.530567,-9.754166
1785347168.864634,0.006835,-0.004056,0.000195,0.011349,-0.000453,-0.013698,0.900465,0.529581,-9.754220
1785347168.864729,0.006359,-0.005167,0.000408,-0.003198,-0.002843,-0.018558,0.900037,0.530012,-9.754236
1785347168.873560,0.002619,-0.007806,0.004600,0.063197,-0.008540,-0.015665,0.899810,0.523946,-9.754585
1785347168.877587,0.002619,-0.007806,0.004600,0.063197,-0.008540,-0.015665,0.900072,0.523278,-9.754596
1785347168.886234,0.006487,-0.004946,0.000303,0.001003,-0.002685,-0.011782,0.899750,0.523250,-9.754628
1785347168.895163,0.005810,-0.004606,0.000954,-0.004333,-0.000788,-0.014096,0.899538,0.523777,-9.754619
1785347168.905556,0.005588,-0.004906,-0.000587,0.008697,0.005729,-0.011344,0.900118,0.523094,-9.754602
1785347168.912582,0.005537,-0.003920,0.001170,0.005161,-0.000022,-0.021724,0.900038,0.522777,-9.754626
1785347168.920275,0.004911,-0.006257,0.000262,0.013782,0.000576,-0.014170,0.900157,0.521570,-9.754680
1785347168.925865,0.005105,-0.004365,0.000333,-0.003829,0.000738,-0.012306,0.900110,0.522050,-9.754659
1785347168.936171,0.013360,-0.004506,-0.014314,-0.179177,-0.072708,-0.055849,0.890759,0.539021,-9.754594
1785347168.945750,0.011918,-0.000206,0.009585,0.110055,0.058188,-0.014180,0.897504,0.529143,-9.754517
1785347168.954103,-0.001212,-0.009485,-0.008901,-0.105296,-0.053406,-0.010268,0.891120,0.538816,-9.754572
1785347168.961040,0.003839,-0.002158,-0.001537,-0.030830,0.004178,0.006363,0.891230,0.541787,-9.754398
1785347168.971853,0.004757,-0.005469,0.000436,-0.003358,-0.002510,-0.009500,0.890889,0.542162,-9.754408
1785347168.976874,0.005161,-0.004305,-0.000146,0.005017,-0.002149,-0.016575,0.890630,0.541790,-9.754452
1785347168.987499,0.004437,-0.006219,0.000839,0.006965,0.003788,-0.008189,0.891020,0.541226,-9.754448
1785347168.994300,0.005284,-0.005533,0.000691,0.001720,0.002054,-0.010839,0.891169,0.541171,-9.754438
1785347169.004160,0.005048,-0.006015,0.001038,-0.005623,-0.006033,-0.014520,0.890431,0.541768,-9.754472
1785347169.016742,0.003698,-0.006448,0.000032,-0.011236,-0.004507,-0.012510,0.889793,0.542907,-9.754467
1785347169.020457,0.005525,-0.005693,0.000769,0.005932,-0.002512,-0.009441,0.889554,0.542385,-9.754518
1785347169.029725,0.005387,-0.005364,0.000229,0.005168,0.000612,-0.011934,0.889593,0.541990,-9.754536
1785347169.036386,-0.006902,-0.005155,0.016276,0.206767,0.016728,0.051901,0.893773,0.521770,-9.755256
1785347169.047482,0.008199,-0.003662,-0.004300,-0.066234,-0.043273,-0.030922,0.888672,0.527954,-9.755390
1785347169.054777,0.019124,-0.023862,-0.020861,-0.398549,-0.191890,-0.035742,0.865533,0.564668,-9.755414
1785347169.061590,0.012758,-0.007533,-0.010665,-0.121835,0.034613,-0.060668,0.867168,0.577296,-9.754530
1785347169.070293,0.004682,-0.005105,0.000252,0.004703,-0.001463,-0.007637,0.867026,0.576887,-9.754566
1785347169.082127,0.004321,-0.005171,-0.000281,0.006527,0.004354,-0.011234,0.867443,0.576393,-9.754559
1785347169.085497,0.004083,-0.007109,0.000247,-0.014629,-0.009630,-0.022612,0.866202,0.577882,-9.754581
1785347169.095031,-0.012119,0.008687,0.026399,0.389635,0.206282,0.019580,0.890487,0.542287,-9.754438
1785347169.102850,0.003480,-0.006387,0.000436,-0.001994,-0.001928,-0.011501,0.890206,0.542554,-9.754449
1785347169.114173,0.004524,-0.007527,0.000149,-0.012129,-0.001541,-0.020448,0.889797,0.543877,-9.754412
1785347169.119781,0.003969,-0.007171,-0.001263,-0.033243,0.002674,-0.021130,0.889566,0.547291,-9.754242
1785347169.128395,0.002707,-0.005867,0.001063,0.013101,0.002729,-0.009116,0.889912,0.546129,-9.754276
1785347169.141616,0.011610,-0.000786,0.002320,0.035917,0.029571,-0.016962,0.893051,0.543114,-9.754157
1785347169.144943,-0.000563,-0.009433,0.003262,0.021120,-0.001866,-0.009269,0.893036,0.541130,-9.754269
1785347169.153531,0.004508,-0.006306,-0.000286,-0.013588,-0.003425,-0.015553,0.892461,0.542535,-9.754244
1785347169.162863,0.002823,-0.008600,0.004786,-0.007759,0.038191,0.001722,0.896090,0.543675,-9.753847
1785347169.169877,0.011705,-0.002216,-0.007503,0.032312,-0.030943,-0.035468,0.893208,0.540519,-9.754287
1785347169.178138,0.002545,-0.005609,0.002450,-0.024965,-0.006757,-0.017274,0.892180,0.543003,-9.754243
1785347169.193671,0.003167,-0.007503,-0.000886,0.038953,0.011922,-0.005710,0.893710,0.539412,-9.754303
1785347169.193744,0.002641,-0.006017,0.001575,-0.008422,-0.006870,-0.019371,0.892833,0.540313,-9.754333
1785347169.205152,0.000615,-0.014916,0.002892,0.035903,0.003979,-0.032788,0.893389,0.537157,-9.754456
1785347169.209920,0.003682,-0.006696,-0.000283,-0.001028,-0.001355,-0.013953,0.893159,0.537358,-9.754466
1785347169.221292,0.002979,-0.006700,-0.000641,0.006037,0.003531,-0.012459,0.893486,0.536914,-9.754461
1785347169.230981,0.006547,0.001449,-0.003894,-0.014015,-0.000481,0.013111,0.893375,0.538155,-9.754403
1785347169.235160,-0.000770,-0.015290,0.003333,0.026806,0.004743,-0.037955,0.893876,0.535929,-9.754479
1785347169.245601,0.002891,-0.006475,0.000923,0.008009,0.001896,-0.014207,0.894054,0.535292,-9.754498
1785347169.252748,0.003244,-0.006752,0.000526,0.003684,0.001815,-0.009389,0.894209,0.535033,-9.754498
1785347169.261743,0.001785,-0.001812,-0.001099,-0.001195,-0.000313,0.002830,0.894184,0.535122,-9.754495
1785347169.269321,-0.004657,-0.014660,0.009854,-0.008770,0.063366,0.020056,0.900361,0.536464,-9.753853
1785347169.280449,0.003324,-0.006991,-0.001420,0.005708,0.002533,-0.018042,0.900552,0.536089,-9.753856
1785347169.287127,0.002647,-0.006396,-0.000257,0.005744,0.004995,-0.014849,0.901003,0.535710,-9.753836
1785347169.296237,0.001727,-0.006234,-0.000668,0.010408,0.002698,-0.012560,0.901294,0.534838,-9.753857
1785347169.302965,0.002990,-0.007235,0.000137,-0.001091,-0.002176,-0.010871,0.901003,0.535011,-9.753874
1785347169.311802,0.003178,-0.005873,0.004419,-0.025331,0.031385,-0.019766,0.903658,0.537950,-9.753467
1785347169.320333,-0.000065,-0.007177,-0.003992,0.002398,-0.035147,-0.011039,0.900207,0.537446,-9.753814
1785347169.328673,0.000957,-0.006237,-0.000088,-0.001297,-0.000217,-0.012629,0.900093,0.537675,-9.753811
1785347169.336871,0.000575,-0.007460,-0.000382,0.001326,0.004861,-0.011481,0.900505,0.537693,-9.753772
1785347169.347167,0.003816,-0.005222,0.002985,-0.002904,0.033284,-0.013517,0.903617,0.538430,-9.753444
1785347169.353869,0.001458,-0.008144,-0.005069,-0.005446,-0.029920,-0.013328,0.900576,0.538759,-9.753707
1785347169.363926,0.001927,-0.005882,-0.001071,-0.012776,-0.000285,-0.017158,0.900309,0.540134,-9.753656
1785347169.370393,0.002149,-0.004577,0.003770,-0.009887,0.026616,-0.014581,0.902695,0.541486,-9.753360
1785347169.381714,-0.000108,-0.008108,-0.003859,0.001647,-0.031137,-0.013669,0.899607,0.541121,-9.753666
1785347169.385627,0.003897,-0.002124,0.001826,0.008165,0.046275,-0.002406,0.904161,0.540827,-9.753261
1785347169.398809,-0.000875,-0.008879,0.002188,-0.033690,-0.019500,-0.030231,0.901734,0.544136,-9.753302
1785347169.401252,0.004281,-0.003661,-0.001732,0.018864,0.010541,0.002015,0.902962,0.542404,-9.753284
1785347169.411038,0.002357,-0.006875,0.000117,-0.007089,-0.002542,-0.013133,0.902560,0.543173,-9.753279
1785347169.419230,0.000837,-0.006929,-0.001028,-0.005435,0.001552,-0.016217,0.902552,0.543850,-9.753242
1785347169.431207,0.000238,-0.006475,-0.000674,0.010518,0.008107,-0.014051,0.903356,0.543034,-9.753213
1785347169.435827,0.000681,-0.006636,-0.000007,-0.009522,-0.004679,-0.014407,0.902714,0.544027,-9.753217
1785347169.445835,0.000842,-0.010133,0.000727,-0.019597,-0.007840,-0.032101,0.901551,0.546110,-9.753208
1785347169.454845,-0.000944,-0.008630,-0.003727,-0.041595,-0.023568,-0.016660,0.898738,0.550030,-9.753248
1785347169.461777,0.000125,-0.007249,-0.000164,-0.007873,-0.004223,-0.015187,0.898151,0.550874,-9.753254
1785347169.473376,0.003757,-0.004131,-0.003066,-0.002449,-0.025168,-0.027150,0.895513,0.551082,-9.753485
1785347169.480268,-0.001177,-0.007719,-0.000634,0.004121,0.001272,-0.020609,0.895545,0.550868,-9.753494
1785347169.488083,0.005295,-0.003558,-0.002294,-0.028226,0.003263,-0.017359,0.895466,0.553773,-9.753337
1785347169.498758,0.000591,-0.006809,0.001142,-0.001320,-0.001617,-0.019603,0.895170,0.554047,-9.753348
1785347169.501733,-0.001306,-0.007959,-0.001070,0.002230,0.002707,-0.019122,0.895332,0.554017,-9.753335
1785347169.510531,-0.000356,-0.006584,0.000428,0.015782,0.001593,-0.012859,0.895562,0.552615,-9.753394
1785347169.519700,-0.004310,-0.010325,0.000333,0.010683,-0.002574,-0.014796,0.895325,0.551679,-9.753468
1785347169.530431,0.000969,-0.012074,0.002010,0.022125,-0.002466,-0.035869,0.895077,0.549814,-9.753596
1785347169.541247,-0.000573,-0.006928,-0.001918,-0.001795,0.001212,-0.011552,0.895103,0.550096,-9.753578
1785347169.544679,-0.000513,-0.007729,-0.000743,-0.026771,0.000235,-0.020091,0.894731,0.552853,-9.753456
1785347169.553553,-0.003887,-0.004728,0.002199,-0.009079,-0.014250,-0.005749,0.893222,0.553637,-9.753550
1785347169.562840,-0.000315,-0.006163,-0.000721,-0.011376,-0.007519,-0.014867,0.892285,0.554785,-9.753571
1785347169.570563,-0.001506,-0.006823,-0.001049,-0.014471,0.005038,-0.016714,0.892523,0.556372,-9.753459
1785347169.579739,-0.001013,-0.006576,-0.000510,0.001222,-0.000532,-0.015719,0.892382,0.556379,-9.753471
1785347169.587768,-0.001313,-0.006808,-0.000443,-0.007355,-0.000101,-0.015762,0.892198,0.557220,-9.753440
1785347169.595702,-0.005727,-0.010478,-0.002757,0.014620,-0.002624,-0.003136,0.892067,0.555806,-9.753532
1785347169.604324,-0.001736,-0.006332,-0.000723,0.015706,0.004499,-0.012492,0.892578,0.554436,-9.753564
1785347169.614947,-0.000624,-0.005344,-0.001230,-0.004038,0.002165,-0.015391,0.892650,0.554975,-9.753526
1785347169.620742,-0.000624,-0.005344,-0.001230,-0.004038,0.002165,-0.015391,0.892459,0.555229,-9.753530
1785347169.628462,0.002673,-0.003279,-0.001591,0.011046,-0.015713,-0.026596,0.890873,0.554227,-9.753731
1785347169.637220,-0.006024,-0.008394,0.001021,-0.008367,0.019219,-0.001189,0.892647,0.555235,-9.753512
1785347169.644556,-0.001290,-0.005840,-0.000420,0.010707,0.001925,-0.016838,0.892831,0.554358,-9.753545
1785347169.652322,0.008549,-0.001150,-0.007955,-0.017930,-0.039513,0.000297,0.888825,0.555702,-9.753834
1785347169.661164,-0.007388,-0.006073,0.009451,0.039256,0.069150,-0.023616,0.895764,0.552778,-9.753366
1785347169.670696,-0.001838,-0.005784,-0.000310,0.011225,0.007504,-0.011449,0.896528,0.551862,-9.753347
1785347169.682392,-0.000012,-0.002051,-0.002946,0.025367,0.023417,0.001633,0.899056,0.549623,-9.753241
1785347169.685212,-0.004439,-0.008958,0.001423,-0.020371,-0.014159,-0.028625,0.897303,0.551694,-9.753286
1785347169.697153,0.004986,-0.004662,-0.006448,0.017322,-0.038880,0.003427,0.893721,0.549613,-9.753732
1785347169.702317,-0.007603,-0.003205,0.003944,0.003407,0.058615,-0.011920,0.899364,0.549952,-9.753194
1785347169.711657,0.002829,-0.009786,-0.005405,0.008972,-0.061423,-0.016447,0.893389,0.548626,-9.753818
1785347169.727147,-0.002122,-0.005039,-0.000100,-0.001774,0.002531,-0.012181,0.893540,0.548924,-9.753787
1785347169.727265,-0.002152,-0.006331,-0.000842,-0.018962,0.002557,-0.021200,0.893470,0.550958,-9.753679
1785347169.747047,-0.002271,-0.005136,-0.001349,0.000920,0.002341,-0.011557,0.893632,0.550988,-9.753663
1785347169.747163,-0.003127,-0.005180,-0.000526,0.000307,0.009025,-0.014700,0.894417,0.551168,-9.753581
1785347169.761660,-0.003614,-0.005337,-0.000987,0.003782,0.004955,-0.016259,0.894831,0.550985,-9.753553
1785347169.761761,-0.001804,-0.011367,0.000958,-0.026559,-0.016484,-0.043220,0.892701,0.553754,-9.753591
1785347169.775052,-0.003050,-0.005708,-0.000759,0.000991,0.002373,-0.013049,0.892857,0.553790,-9.753575
1785347169.776884,-0.001028,-0.003762,-0.002124,-0.008489,-0.018249,-0.026849,0.890834,0.554659,-9.753710
1785347169.791703,-0.003280,-0.005245,-0.000089,-0.004877,0.001065,-0.012651,0.890810,0.555246,-9.753679
1785347169.793009,-0.003148,-0.005341,-0.001179,-0.010118,-0.003979,-0.014623,0.890234,0.556308,-9.753671
1785347169.807354,-0.003933,-0.004079,-0.001911,0.018345,0.015637,-0.014441,0.891834,0.554802,-9.753611
1785347169.810570,0.011281,-0.020297,-0.031802,-0.436322,-0.241610,-0.032368,0.864022,0.594967,-9.753747
1785347169.819217,-0.016033,0.017597,0.028718,0.481893,0.266570,0.050454,0.894792,0.550475,-9.753585
1785347169.829278,-0.005898,-0.009301,0.001545,-0.037557,-0.014061,-0.042758,0.892799,0.554330,-9.753549
1785347169.837441,0.007562,-0.024571,-0.029657,-0.413125,-0.252566,-0.034713,0.864142,0.592174,-9.753906
1785347169.847975,-0.020580,0.011256,0.031535,0.460848,0.257159,0.009726,0.893512,0.549947,-9.753732
1785347169.855486,-0.004018,-0.004663,-0.001087,0.000800,0.003156,-0.014945,0.893731,0.550024,-9.753708
1785347169.862307,0.003818,-0.020751,-0.026657,-0.382462,-0.278984,-0.002087,0.863025,0.584396,-9.754474
1785347169.870187,-0.018196,0.010871,0.028545,0.447071,0.283651,-0.003275,0.894744,0.543851,-9.753961
1785347169.878950,-0.004260,-0.001597,0.002033,0.077257,0.005554,0.022445,0.896150,0.536243,-9.754253
1785347169.887377,-0.000886,-0.007039,-0.004021,-0.053739,0.011096,-0.035884,0.896497,0.541845,-9.753912
1785347169.896275,0.017402,-0.022222,-0.037094,-0.528954,-0.250176,-0.068746,0.866792,0.591219,-9.753729
1785347169.903793,-0.019744,0.010861,0.030212,0.451678,0.256000,0.008825,0.895916,0.549849,-9.753517
1785347169.913803,-0.006350,-0.005481,-0.000197,0.000910,0.004576,-0.020118,0.896242,0.549971,-9.753481
1785347169.920366,-0.005274,-0.004343,-0.000795,-0.000417,-0.000275,-0.013371,0.896126,0.550121,-9.753483
1785347169.930489,-0.004764,-0.004016,-0.000808,-0.001796,0.001726,-0.011247,0.896206,0.550405,-9.753459
1785347169.936247,-0.004941,-0.003776,-0.001320,0.016452,-0.001316,-0.012036,0.896155,0.548902,-9.753549
1785347169.946548,0.014120,-0.017071,-0.033213,-0.487025,-0.252436,-0.039874,0.866856,0.593990,-9.753555
1785347169.952846,-0.004901,-0.005345,-0.000809,0.005034,0.000536,-0.010560,0.866884,0.593593,-9.753577
1785347169.962138,-0.004551,-0.004188,-0.000707,-0.002407,-0.000096,-0.015218,0.866750,0.593947,-9.753567
1785347169.976619,-0.020375,0.012985,0.029759,0.473875,0.257338,0.016296,0.896213,0.550349,-9.753462
1785347169.977502,-0.004393,-0.003640,-0.000723,-0.001489,0.002467,-0.014994,0.896344,0.550641,-9.753433
1785347169.988411,-0.009148,-0.007940,0.001511,0.010436,-0.000519,-0.015652,0.896291,0.549758,-9.753488
1785347169.996092,-0.007738,-0.008735,0.000094,-0.042835,-0.000886,-0.042458,0.895542,0.554248,-9.753303
1785347170.008595,0.000757,0.000958,-0.004582,0.035555,0.021591,0.006570,0.898005,0.550952,-9.753263
1785347170.010537,-0.009360,-0.006558,0.001381,-0.027173,-0.012777,-0.037041,0.896281,0.553774,-9.753262
1785347170.021443,-0.007581,-0.005741,0.000956,-0.009925,-0.010288,-0.010157,0.895127,0.554725,-9.753314
1785347170.029153,-0.005265,-0.003197,-0.000366,0.000770,0.004521,-0.014164,0.895483,0.554810,-9.753276
1785347170.038210,-0.006217,-0.004243,-0.001130,0.002689,0.000694,-0.010615,0.895507,0.554645,-9.753283
1785347170.065288,-0.004230,-0.002669,-0.000738,-0.008905,-0.005877,-0.020626,0.894725,0.555626,-9.753299
1785347170.065463,-0.007239,-0.003832,-0.000079,0.018552,0.013476,-0.005740,0.896165,0.554001,-9.753260
1785347170.065527,-0.005014,-0.002893,-0.001369,0.001366,0.004205,-0.014533,0.896493,0.554029,-9.753228
1785347170.068337,-0.005704,-0.002587,-0.000473,0.003198,-0.001297,-0.014277,0.896306,0.553828,-9.753256
1785347170.078861,-0.001120,0.000556,-0.004082,-0.021451,0.002788,-0.011319,0.896310,0.556023,-9.753131
1785347170.086122,-0.006215,-0.002931,-0.000583,0.000416,0.005311,-0.013700,0.896742,0.556146,-9.753084
1785347170.096567,-0.003727,-0.000210,-0.003851,0.021481,0.018956,0.007838,0.898826,0.554173,-9.753005
1785347170.102774,-0.007537,-0.005981,0.001238,-0.022490,-0.018618,-0.039627,0.896564,0.556513,-9.753080
1785347170.111769,-0.008556,-0.002903,-0.000431,-0.013401,0.003678,-0.017139,0.896691,0.557987,-9.752984
1785347170.121116,-0.005917,-0.002484,0.000057,0.000031,-0.001051,-0.012473,0.896510,0.558079,-9.752995
1785347170.129583,-0.006120,-0.004134,-0.000152,-0.025437,-0.006713,-0.033259,0.895417,0.560758,-9.752942
1785347170.135721,-0.005831,-0.002649,-0.001185,-0.000667,-0.001508,-0.011923,0.895189,0.560909,-9.752954
1785347170.147137,-0.006141,-0.001427,-0.000035,0.009805,0.010428,-0.013541,0.896202,0.560167,-9.752904
1785347170.151429,-0.006869,-0.001542,0.000119,0.000874,0.006650,-0.016352,0.896751,0.560279,-9.752847
1785347170.163286,-0.005712,-0.001650,-0.000860,-0.004964,-0.000683,-0.017341,0.896529,0.560898,-9.752832
1785347170.173941,-0.015071,-0.005522,0.005882,0.112873,0.021430,0.019642,0.899738,0.550002,-9.753157
1785347170.177785,0.001785,0.001715,-0.007448,-0.063141,0.001695,-0.037236,0.899106,0.556440,-9.752850
1785347170.186850,-0.009215,-0.008714,0.001863,0.019029,-0.005922,-0.029887,0.898510,0.554798,-9.752998
1785347170.197258,-0.005265,-0.001231,-0.001161,0.013724,0.006754,-0.011891,0.899211,0.553630,-9.753000
1785347170.203001,-0.009128,0.001836,-0.000889,0.012957,0.020329,0.003417,0.901321,0.552527,-9.752868
1785347170.209663,-0.002779,0.002021,-0.002570,-0.019924,0.004913,-0.011017,0.901552,0.554591,-9.752729
1785347170.219936,-0.009842,-0.004940,0.001682,0.033529,0.008570,-0.014747,0.902587,0.551547,-9.752806
1785347170.228112,-0.006895,-0.001221,-0.000917,0.003103,0.003161,-0.012758,0.902840,0.551382,-9.752792
1785347170.238132,-0.006116,-0.000576,-0.001486,-0.000898,-0.000245,-0.013712,0.902722,0.551583,-9.752792
1785347170.245183,-0.011766,-0.002749,0.001981,0.035510,0.002427,0.001462,0.903279,0.548156,-9.752934
1785347170.252677,-0.005937,-0.001479,-0.000609,0.012552,0.008627,-0.011104,0.904157,0.547111,-9.752911
1785347170.261230,-0.006261,-0.000483,-0.000895,0.004540,0.000692,-0.013947,0.904176,0.546796,-9.752927
1785347170.269161,-0.006761,-0.000534,-0.001142,-0.007337,-0.002720,-0.014150,0.903760,0.547602,-9.752920
1785347170.280308,-0.006573,-0.001134,-0.000373,0.000644,0.001505,-0.013687,0.903826,0.547669,-9.752910
1785347170.286399,-0.007338,-0.000087,-0.002509,0.013704,0.015761,-0.012900,0.905395,0.546590,-9.752825
1785347170.294201,-0.007542,-0.003332,0.000418,-0.011250,0.021679,-0.017361,0.907293,0.548015,-9.752569
1785347170.302934,-0.002753,0.001345,-0.003340,0.002751,-0.016025,-0.016447,0.905658,0.547749,-9.752736
1785347170.312722,-0.009146,-0.002522,0.002047,0.005226,0.021536,-0.008439,0.907741,0.547502,-9.752556
1785347170.320797,0.007641,-0.015702,-0.031942,-0.490525,-0.252277,-0.061303,0.878590,0.593295,-9.752547
1785347170.328471,-0.006762,-0.000284,-0.000219,-0.008188,0.002223,-0.014150,0.878640,0.594222,-9.752486
1785347170.336209,-0.006245,0.000023,-0.000093,-0.006125,-0.006764,-0.015338,0.877828,0.594882,-9.752519
1785347170.343934,-0.007212,0.000035,-0.001007,0.006319,0.006542,-0.013684,0.878426,0.594439,-9.752493
1785347170.373332,-0.006196,-0.000424,-0.001519,-0.001224,0.002207,-0.015403,0.878527,0.594703,-9.752467
1785347170.373469,-0.006201,0.000942,-0.000855,0.006648,0.005127,-0.013606,0.878991,0.594215,-9.752455
1785347170.373533,-0.006318,0.000634,-0.000459,0.000596,0.000869,-0.014986,0.878980,0.594288,-9.752452
1785347170.376843,-0.006198,-0.000955,-0.001025,-0.006595,0.000541,-0.013652,0.878884,0.595043,-9.752414
1785347170.386757,-0.010387,-0.001942,0.002306,0.002798,0.028629,-0.001824,0.881676,0.595032,-9.752163
1785347170.397044,-0.003680,0.003852,-0.003370,0.003163,-0.027874,-0.026458,0.878819,0.594705,-9.752441
1785347170.405352,-0.006331,0.001080,-0.000595,-0.002623,0.002740,-0.011651,0.878985,0.595078,-9.752403
1785347170.415207,-0.004366,0.001914,-0.005599,0.008512,-0.032393,-0.015649,0.875807,0.594106,-9.752748
1785347170.420483,-0.012274,-0.005209,0.006391,-0.013952,0.057985,-0.004072,0.881292,0.595983,-9.752140
1785347170.428108,-0.000500,0.006520,-0.007820,0.027730,-0.047961,-0.024550,0.876706,0.593093,-9.752729
1785347170.437296,-0.006400,0.000970,0.000035,-0.001520,0.001138,-0.010083,0.876737,0.593332,-9.752712
1785347170.445375,-0.006072,0.001573,-0.001133,-0.001467,-0.004157,-0.016721,0.876209,0.593576,-9.752745
1785347170.456962,-0.006119,0.000954,-0.001253,0.006851,0.003538,-0.011565,0.876533,0.593037,-9.752748
1785347170.461154,-0.006359,0.001491,-0.001032,-0.001546,-0.002534,-0.014481,0.876178,0.593284,-9.752765
1785347170.469329,-0.003950,0.004300,-0.002217,0.016312,0.018250,0.003659,0.878112,0.591829,-9.752680
1785347170.482881,-0.008521,-0.001586,0.000085,-0.012633,-0.015259,-0.028771,0.876332,0.593159,-9.752759
1785347170.489623,-0.007787,0.000989,-0.000322,0.006749,-0.001396,-0.013649,0.876162,0.592605,-9.752808
1785347170.496679,-0.005560,0.001226,0.000319,-0.004825,-0.000355,-0.016935,0.875975,0.593208,-9.752788
1785347170.504166,-0.007973,0.001243,-0.002176,-0.008788,0.008878,-0.016798,0.876651,0.594271,-9.752662
1785347170.513649,-0.002435,0.005749,-0.002260,-0.008888,-0.001608,-0.001401,0.876411,0.595130,-9.752632
1785347170.524114,-0.003583,0.001557,-0.002751,-0.036966,0.021059,-0.034504,0.877917,0.599167,-9.752249
1785347170.526178,-0.005590,0.002021,-0.000463,0.006468,-0.003030,-0.011394,0.877600,0.598609,-9.752312
1785347170.536999,-0.006214,0.001428,0.000235,0.008752,0.008721,-0.012463,0.878436,0.597937,-9.752278
1785347170.545585,-0.006214,0.001428,0.000235,0.008752,0.008721,-0.012463,0.878027,0.597472,-9.752343
1785347170.554062,-0.006632,0.002380,-0.000757,0.002822,0.003217,-0.014940,0.878262,0.597348,-9.752329
1785347170.561940,-0.005417,0.003148,-0.000384,-0.001323,-0.006283,-0.017303,0.877525,0.597566,-9.752382
1785347170.571515,-0.017857,0.021996,0.025901,0.407407,0.225503,-0.005726,0.902740,0.560025,-9.752309
1785347170.582711,-0.005137,0.002151,-0.001353,0.001564,0.003021,-0.014635,0.902953,0.560023,-9.752289
1785347170.584401,0.008086,-0.015690,-0.029035,-0.389405,-0.238643,-0.017929,0.876453,0.595910,-9.752580
1785347170.596555,-0.020684,0.021390,0.027962,0.389961,0.238521,-0.012455,0.902730,0.560210,-9.752299
1785347170.604169,-0.007280,0.002087,-0.001094,0.011298,0.006812,-0.011114,0.903413,0.559266,-9.752290
1785347170.612778,-0.005364,0.004085,-0.004059,0.019443,0.012464,-0.019774,0.904657,0.557654,-9.752267
1785347170.627767,-0.005988,0.003412,-0.000577,0.005239,0.002621,-0.013711,0.904868,0.557285,-9.752269
1785347170.627923,-0.006136,0.003127,0.001084,-0.001684,0.001549,-0.015355,0.904908,0.557591,-9.752248
1785347170.638223,-0.009823,-0.000348,0.004293,0.049292,0.041713,-0.001158,0.909352,0.553167,-9.752086
1785347170.646439,-0.002480,0.006538,-0.005787,-0.039952,-0.036198,-0.027433,0.905340,0.556976,-9.752243
1785347170.653987,-0.005837,0.002086,-0.001465,0.015191,-0.029275,-0.001061,0.902612,0.555278,-9.752592
1785347170.704521,-0.008166,0.001449,0.009032,0.091856,0.068488,-0.001888,0.909994,0.546954,-9.752377
1785347170.704675,-0.008233,0.002649,0.000656,0.012810,0.006513,-0.006094,0.910692,0.545818,-9.752375
1785347170.704738,-0.003067,0.004703,-0.002325,0.000211,-0.001190,-0.019152,0.910460,0.545953,-9.752389
1785347170.704795,-0.009395,0.002137,-0.002552,-0.053317,-0.026936,-0.012738,0.907336,0.551007,-9.752396
1785347170.704859,-0.004964,0.003289,-0.000978,0.007416,0.001318,-0.013165,0.907441,0.550413,-9.752420
1785347170.704942,-0.006261,0.003842,-0.000163,0.006487,0.007977,-0.011380,0.908197,0.549946,-9.752376
1785347170.715691,-0.005236,0.003212,0.001001,-0.001059,0.001704,-0.012838,0.908275,0.550172,-9.752356
1785347170.717546,-0.006406,0.002628,-0.001713,0.002393,-0.003786,-0.013429,0.907842,0.550025,-9.752405
1785347170.730215,-0.005277,0.003989,-0.001376,0.011762,0.006309,-0.013945,0.908462,0.549056,-9.752401
1785347170.736825,0.000913,0.007748,-0.005705,0.039477,0.011611,0.008210,0.909955,0.545256,-9.752475
1785347170.744472,-0.008766,0.001887,0.002240,-0.035146,-0.016736,-0.036606,0.907823,0.548840,-9.752473
1785347170.752858,-0.001187,0.006927,-0.003501,0.042765,0.023809,0.014117,0.910563,0.544767,-9.752446
1785347170.761687,-0.021415,0.006141,0.024162,-0.063518,0.160328,-0.062950,0.925245,0.552731,-9.750616
1785347170.771070,0.010574,0.001071,-0.024231,0.069236,-0.161046,0.039655,0.910392,0.544412,-9.752482
1785347170.779970,-0.020497,0.006378,0.021760,-0.056861,0.170577,-0.060798,0.926138,0.551791,-9.750584
1785347170.787826,-0.003996,-0.001429,-0.005586,0.009714,-0.036642,0.020857,0.922784,0.550380,-9.750982
1785347170.795635,-0.005349,0.004365,-0.000302,0.008225,0.002739,-0.010227,0.923052,0.549695,-9.750995
1785347170.807819,-0.006700,0.011997,0.001672,0.008385,-0.006919,0.023567,0.922592,0.548623,-9.751099
1785347170.809611,-0.005164,0.003523,-0.000296,0.000177,0.001104,-0.012669,0.922622,0.548725,-9.751091
1785347170.821033,-0.004305,0.004395,-0.000658,0.004018,0.004026,-0.011310,0.922974,0.548466,-9.751072
1785347170.828217,0.006482,-0.013329,-0.027338,-0.397855,-0.243923,-0.080434,0.895634,0.585754,-9.751453
1785347170.839762,-0.003434,0.006725,-0.002161,0.004917,0.013014,0.005936,0.896975,0.585330,-9.751355
1785347170.844541,-0.003085,0.003982,0.000621,0.005621,0.001229,-0.016378,0.897032,0.584934,-9.751374
1785347170.853745,-0.004688,0.003923,0.000355,0.007388,0.004560,-0.008788,0.897475,0.584328,-9.751369
1785347170.862291,-0.004227,0.004037,-0.000489,-0.001418,0.001562,-0.012581,0.897533,0.584584,-9.751348
1785347170.874151,-0.004966,0.004721,-0.000713,-0.008706,-0.002748,-0.015739,0.897095,0.585538,-9.751331
1785347170.877415,-0.004482,0.004104,0.000218,0.007273,0.001981,-0.012665,0.897262,0.584956,-9.751351
1785347170.888215,-0.022351,0.015920,0.026486,0.413587,0.200039,0.022444,0.920044,0.546268,-9.751472
1785347170.897819,-0.003995,0.004572,-0.000727,0.005908,0.002502,-0.011657,0.920261,0.545817,-9.751477
1785347170.905331,0.023361,-0.003723,-0.035945,-0.381608,-0.294857,-0.062338,0.888258,0.581016,-9.752411
1785347170.915667,-0.028317,0.007153,0.034893,0.378381,0.303704,-0.000124,0.920677,0.546711,-9.751388
1785347170.918664,-0.003445,0.008456,0.002296,0.060558,0.023392,-0.027626,0.923244,0.541268,-9.751449
1785347170.927226,-0.001674,0.001893,0.000486,0.017336,0.002613,-0.032656,0.923431,0.539895,-9.751507
1785347170.936711,-0.005798,0.007594,-0.000625,-0.010111,-0.001504,0.003837,0.923231,0.540829,-9.751474
1785347170.944849,-0.001313,0.000962,0.001002,0.015612,0.004665,-0.030513,0.923617,0.539620,-9.751505
1785347170.953237,-0.003614,0.004797,0.000301,0.001088,-0.000371,-0.015247,0.923496,0.539645,-9.751515
1785347170.961946,-0.005644,0.008302,-0.001304,-0.008794,0.001760,0.004962,0.923630,0.540466,-9.751456
1785347170.969622,-0.000496,-0.000454,-0.004054,-0.044354,-0.007894,-0.047503,0.922237,0.545117,-9.751329
1785347170.982119,-0.003621,0.005800,-0.001057,0.015786,0.011439,-0.011347,0.923398,0.543773,-9.751295
1785347170.985080,-0.003063,0.004872,0.000288,-0.005132,-0.003191,-0.017623,0.922941,0.544401,-9.751303
1785347170.996038,-0.002789,0.005301,0.000494,0.003527,0.002135,-0.016322,0.923075,0.544218,-9.751300
1785347171.005186,-0.002698,0.005117,0.000384,-0.004342,-0.004368,-0.011882,0.922545,0.544709,-9.751323
1785347171.011568,-0.003686,0.006099,-0.001363,0.003459,-0.003543,-0.018036,0.922116,0.544506,-9.751375
1785347171.021414,-0.002836,0.004961,-0.001185,0.008814,0.002812,-0.016407,0.922355,0.543817,-9.751391
1785347171.028025,-0.002084,0.004828,0.000672,-0.007966,-0.004794,-0.013248,0.921748,0.544668,-9.751401
1785347171.037200,-0.016790,0.007594,0.011508,0.143287,-0.020751,0.056163,0.921138,0.530146,-9.752259
1785347171.049824,0.010349,0.003983,-0.010558,-0.138116,0.027453,-0.090718,0.922229,0.544519,-9.751364
1785347171.054204,-0.012731,0.003603,0.013963,0.165686,-0.021823,0.043095,0.921595,0.527934,-9.752336
1785347171.061201,-0.003770,0.004568,-0.000061,0.000977,0.001106,-0.018051,0.921602,0.528006,-9.752331
1785347171.069749,0.001310,0.008302,-0.002845,0.013115,-0.011029,-0.024198,0.920483,0.526866,-9.752498
1785347171.078092,-0.002705,0.005453,-0.000309,0.012795,0.003238,-0.013523,0.920812,0.525769,-9.752527
1785347171.090595,-0.002814,0.004158,-0.003695,-0.068421,-0.034231,-0.019279,0.916865,0.532311,-9.752543
1785347171.095191,-0.002328,0.005563,-0.000083,-0.000467,-0.001336,-0.016503,0.916633,0.532490,-9.752555
1785347171.105974,-0.001597,0.004918,0.000424,0.003265,0.003230,-0.016532,0.916872,0.532342,-9.752541
1785347171.110216,0.007157,0.003398,-0.012172,-0.135268,0.020006,-0.064794,0.917435,0.546154,-9.751724
1785347171.128619,-0.009268,0.007410,0.013243,0.133675,0.007781,0.038286,0.919397,0.532929,-9.752271
1785347171.128774,0.003443,0.000988,-0.011049,-0.131010,0.014181,-0.055428,0.919485,0.546205,-9.751528
1785347171.138648,-0.001809,0.004988,-0.000341,0.005159,-0.000516,-0.014998,0.919381,0.545832,-9.751559
1785347171.146302,-0.000998,0.005578,-0.000094,0.008224,0.003512,-0.012893,0.919703,0.545174,-9.751566
1785347171.153277,-0.001503,0.005477,0.000476,0.005804,0.001255,-0.015155,0.919774,0.544753,-9.751582
1785347171.163165,-0.001326,0.006981,0.001976,-0.026345,-0.007480,-0.013494,0.918774,0.547368,-9.751530
1785347171.170352,0.001227,0.008883,-0.002442,-0.014354,0.006154,-0.011393,0.919199,0.548902,-9.751404
1785347171.179044,-0.003742,0.001650,0.002546,0.032441,0.000483,-0.018983,0.919363,0.545929,-9.751555
1785347171.186998,-0.009089,0.006182,0.007141,0.081404,-0.011187,0.027415,0.919026,0.537725,-9.752043
1785347171.193206,0.011103,0.007002,-0.009227,-0.105546,0.013047,-0.048141,0.919244,0.548462,-9.751425
1785347171.204090,-0.007340,0.003409,0.007664,0.074971,-0.007928,0.002914,0.919026,0.541118,-9.751855
1785347171.214864,-0.005636,0.004878,0.002483,0.043402,-0.001987,0.006293,0.919182,0.536844,-9.752077
1785347171.219767,0.023217,0.004007,-0.031327,-0.303953,-0.225808,-0.079433,0.894567,0.565360,-9.752754
1785347171.238205,-0.023015,0.006243,0.032829,0.285077,0.216828,0.047109,0.917965,0.538877,-9.752079
1785347171.239216,0.007335,0.013912,-0.010573,0.061621,-0.047010,-0.037420,0.913607,0.532899,-9.752817
1785347171.243976,0.001210,-0.013492,-0.009278,-0.368489,-0.113807,-0.029100,0.899744,0.568042,-9.752122
1785347171.253440,-0.008683,0.014837,0.019885,0.309370,0.161343,0.026308,0.917782,0.538985,-9.752091
1785347171.261731,-0.001340,0.006213,0.000145,0.005905,0.001484,-0.025241,0.917816,0.538644,-9.752106
1785347171.276420,0.000249,0.005150,-0.000106,0.007697,0.003202,-0.011711,0.918111,0.538023,-9.752113
1785347171.276557,-0.000484,0.007907,-0.000461,0.008817,-0.005851,-0.021694,0.917473,0.537317,-9.752212
1785347171.286863,0.002421,-0.003562,0.007195,-0.179825,-0.257977,-0.013878,0.891037,0.553043,-9.753784
1785347171.296581,-0.013539,0.021291,0.032131,0.484066,0.113847,0.090303,0.906053,0.506160,-9.754946
1785347171.308928,0.015491,-0.010412,-0.032975,-0.497862,-0.104674,-0.126516,0.891604,0.554748,-9.753635
1785347171.309710,0.009944,0.001122,-0.011521,-0.143776,0.004451,-0.064965,0.890627,0.569262,-9.752888
1785347171.319802,-0.008278,0.009837,0.011812,0.136285,-0.006696,0.033698,0.891135,0.555722,-9.753622
1785347171.332481,0.001618,0.006557,-0.001123,0.029646,0.011630,-0.011888,0.892399,0.553031,-9.753660
1785347171.335647,0.012607,0.000771,-0.028561,-0.202928,0.039245,-0.060046,0.894429,0.573479,-9.752293
1785347171.345344,-0.009765,0.010928,0.029024,0.201720,-0.043229,0.023887,0.891770,0.553427,-9.753695
1785347171.355847,0.002021,0.005326,0.000427,0.006639,-0.002072,-0.012928,0.891535,0.552879,-9.753748
1785347171.360430,0.002019,0.004730,0.000883,0.020561,0.003660,-0.013072,0.891953,0.551022,-9.753814
1785347171.369606,-0.011203,0.023461,0.035508,0.579610,0.173150,0.085241,0.913285,0.495307,-9.754829
1785347171.380723,0.013625,-0.013123,-0.036677,-0.586427,-0.174086,-0.113250,0.891629,0.551907,-9.753794
1785347171.388216,-0.010844,0.022505,0.037055,0.599825,0.171426,0.086508,0.912924,0.494204,-9.754918
1785347171.396329,0.011989,-0.002327,-0.034206,-0.321278,0.109714,-0.106824,0.920775,0.527024,-9.752462
1785347171.402694,0.006160,0.011265,-0.002877,0.003741,-0.027597,-0.030945,0.917934,0.526745,-9.752745
1785347171.411788,0.001691,0.004642,0.000955,0.008798,0.001206,-0.015538,0.918019,0.526037,-9.752775
1785347171.419299,-0.002888,0.016071,0.032992,0.367434,-0.114804,0.093868,0.909880,0.488827,-9.755474
1785347171.429503,0.007638,-0.006126,-0.020525,-0.143103,0.104123,-0.101789,0.918467,0.504294,-9.753882
1785347171.435421,0.002218,0.008210,-0.011937,-0.169884,0.016143,-0.022158,0.918763,0.521060,-9.752972
1785347171.445354,0.003206,0.003493,-0.000063,-0.012247,-0.001305,-0.019453,0.918440,0.522409,-9.752931
1785347171.453537,0.002887,0.001985,0.014318,0.194680,-0.015348,-0.002428,0.918238,0.503461,-9.753946
1785347171.459109,0.001933,0.004539,0.001052,0.001310,-0.001430,-0.012418,0.918038,0.503433,-9.753966
1785347171.478209,0.003448,0.004853,0.000215,-0.000440,-0.002955,-0.010993,0.917685,0.503553,-9.753993
1785347171.478353,0.001774,0.004486,0.000033,0.003760,0.000272,-0.012514,0.917666,0.503300,-9.754008
1785347171.487915,0.002843,0.004265,-0.000826,0.005050,-0.003359,-0.010523,0.917313,0.502880,-9.754063
1785347171.495650,0.002884,0.003487,0.000943,0.000567,0.003942,-0.011435,0.917636,0.502952,-9.754029
1785347171.504273,0.002722,0.003827,-0.000116,0.006744,0.002595,-0.015492,0.917846,0.502452,-9.754035
1785347171.517453,0.006958,0.004569,-0.013558,-0.187355,-0.027175,-0.054763,0.913649,0.520909,-9.753461
1785347171.517558,0.000733,0.000671,0.009736,0.123211,-0.055110,-0.000261,0.909097,0.508605,-9.754535
1785347171.530062,0.003768,0.007498,-0.012601,-0.165965,0.027788,-0.030557,0.910531,0.525141,-9.753525
1785347171.542979,0.001651,0.002013,0.013782,0.163346,-0.032212,0.001379,0.908477,0.509084,-9.754568
1785347171.550533,0.004242,0.004090,0.000159,0.005319,-0.002773,-0.014053,0.908162,0.508672,-9.754619
1785347171.552725,0.004914,0.006815,-0.011992,-0.154798,0.030595,-0.031832,0.909942,0.524154,-9.753634
1785347171.562129,0.003556,0.004099,0.000378,-0.009555,-0.004528,-0.015577,0.909349,0.525186,-9.753633
1785347171.575396,0.002802,0.004455,0.000309,-0.003341,-0.001113,-0.014746,0.909132,0.525631,-9.753630
1785347171.576287,0.003437,0.004338,0.000680,0.005872,-0.000790,-0.014732,0.909007,0.525185,-9.753665
1785347171.587207,0.000216,0.006090,0.010896,0.123237,-0.026433,0.020905,0.907355,0.512885,-9.754474
1785347171.598231,0.008701,0.007261,-0.004245,-0.083647,-0.056099,-0.041790,0.901114,0.520991,-9.754623
1785347171.603160,0.004032,0.002913,0.000378,0.008955,-0.003702,-0.012347,0.900741,0.520206,-9.754699
1785347171.619294,-0.004051,-0.005619,0.011023,-0.028967,0.077514,0.011899,0.908164,0.523412,-9.753839
1785347171.620102,0.003982,0.003742,-0.000274,0.001405,-0.002496,-0.015592,0.907840,0.523395,-9.753870
1785347171.629579,0.001964,0.001761,0.005397,0.054691,0.027500,0.003889,0.910890,0.518237,-9.753861
1785347171.641329,0.007107,0.005185,-0.004504,-0.050970,-0.032398,-0.033612,0.907216,0.523261,-9.753935
1785347171.647205,0.004012,0.003960,0.001221,0.003458,-0.002799,-0.014302,0.906882,0.523032,-9.753979
1785347171.659461,0.000078,0.002257,0.007878,0.075539,0.037565,0.006318,0.911057,0.515895,-9.753970
1785347171.659587,0.004739,0.004397,0.001346,0.010619,-0.002976,-0.012793,0.910762,0.514958,-9.754047
1785347171.669621,0.004791,0.004115,0.000323,0.003452,-0.003729,-0.024600,0.910280,0.514814,-9.754099
1785347171.677343,0.000189,0.001455,0.003930,0.034045,-0.010738,0.003010,0.909469,0.511419,-9.754354
1785347171.687118,0.005049,0.003563,-0.000391,0.000225,0.000022,-0.019057,0.909364,0.511563,-9.754356
1785347171.695690,0.003877,0.003206,0.000955,0.007694,-0.000459,-0.015079,0.909282,0.510946,-9.754396
1785347171.710003,0.006008,0.004533,0.003830,0.067907,0.035086,-0.012356,0.913055,0.504692,-9.754369
1785347171.710554,0.008303,0.003806,-0.006653,-0.120817,-0.075927,-0.035810,0.904702,0.516238,-9.754543
1785347171.720936,0.010960,0.011948,-0.009866,0.030527,-0.078426,-0.050702,0.896972,0.513223,-9.755416
1785347171.727756,-0.003941,-0.005235,0.019256,0.097500,0.138954,0.031472,0.911281,0.504365,-9.754552
1785347171.735983,0.006105,0.004289,0.003780,0.001598,0.036546,-0.025922,0.914702,0.504666,-9.754216
1785347171.744676,0.014684,0.004672,0.002982,0.007572,-0.056493,-0.043920,0.909005,0.503964,-9.754785
1785347171.752777,0.007100,0.006240,-0.001678,0.016931,0.010088,0.003300,0.910110,0.502356,-9.754765
1785347171.760859,0.003237,-0.001275,0.001656,-0.011477,-0.006842,-0.032362,0.909192,0.503709,-9.754781
1785347171.769709,0.004962,0.003017,0.000738,0.002485,-0.006268,-0.015298,0.908512,0.503563,-9.754852
1785347171.780308,0.019528,-0.016884,-0.034561,-0.572173,-0.177277,-0.101921,0.887141,0.558829,-9.753809
1785347171.786294,0.005428,0.007060,-0.011669,-0.052980,0.012027,0.009996,0.888049,0.563956,-9.753431
1785347171.794466,-0.000952,0.025732,0.033718,0.696876,0.069454,0.037583,0.899264,0.496473,-9.756072
1785347171.802562,0.000732,-0.004690,-0.006155,-0.284639,0.133327,-0.039622,0.910281,0.525232,-9.753544
1785347171.811817,0.017967,-0.016120,-0.025122,-0.420897,-0.222029,-0.049235,0.885814,0.565114,-9.753568
1785347171.820348,0.005872,0.001465,-0.001006,-0.005344,0.001307,-0.017404,0.885801,0.565787,-9.753530
1785347171.826113,0.006871,0.003345,0.002550,0.012094,-0.001415,-0.014238,0.885649,0.564726,-9.753605
1785347171.836732,0.005748,0.002736,0.001741,0.003438,-0.003421,-0.009138,0.885280,0.564449,-9.753655
1785347171.844448,0.012816,0.007876,-0.005546,0.027128,-0.040083,-0.023623,0.881397,0.561776,-9.754161
1785347171.854171,0.007910,0.001564,-0.006465,0.037989,-0.055927,-0.001796,0.876171,0.557770,-9.754861
1785347171.861782,0.007005,0.001093,0.000758,0.005018,0.001825,-0.021434,0.876248,0.557473,-9.754871
1785347171.870294,0.005609,0.001328,0.001347,0.014311,0.004642,-0.012221,0.876711,0.556215,-9.754901
1785347171.877990,0.007069,0.001804,0.001739,-0.003669,-0.001267,-0.019874,0.876445,0.556730,-9.754896
1785347171.886329,0.006318,0.001481,0.000119,0.008095,0.003744,-0.010802,0.876792,0.556058,-9.754903
1785347171.895913,0.006519,0.000891,-0.000940,0.009200,0.003910,-0.018178,0.877116,0.555341,-9.754915
1785347171.903658,0.006294,0.001567,0.001494,0.000693,-0.005344,-0.013696,0.876517,0.555357,-9.754968
1785347171.914058,0.005853,0.000520,0.000586,0.010504,0.002510,-0.019073,0.876708,0.554512,-9.754999
1785347171.925732,0.010617,-0.000241,-0.004556,-0.049600,0.010670,-0.037964,0.877223,0.559705,-9.754656
1785347171.929294,0.003812,0.002635,0.009050,0.091051,-0.015973,0.012655,0.876279,0.550672,-9.755255
1785347171.946153,0.006879,0.000413,0.001887,-0.001426,-0.009567,-0.020173,0.875218,0.550923,-9.755336
1785347171.946993,0.006166,0.001877,0.000072,0.004612,0.003250,-0.008601,0.875510,0.550567,-9.755330
1785347171.962140,0.007145,0.001634,0.002153,0.009676,-0.009745,-0.013020,0.874539,0.549680,-9.755467
1785347171.962272,0.006699,0.000244,-0.001304,0.002881,0.004559,-0.018065,0.874891,0.549579,-9.755441
1785347171.970877,0.007167,0.000642,0.000380,0.014544,0.006774,-0.013307,0.875555,0.548319,-9.755452
1785347171.981343,0.006237,0.000293,0.000540,-0.001210,-0.007249,-0.018217,0.874733,0.548547,-9.755513
1785347171.987422,0.006609,0.000570,0.002279,0.005740,-0.004562,-0.014654,0.874235,0.548086,-9.755584
1785347171.995694,0.006448,0.000366,0.000994,0.004240,0.000649,-0.015423,0.874230,0.547807,-9.755600
1785347172.003077,0.006862,0.000885,0.000539,0.000818,-0.000745,-0.015762,0.874068,0.547856,-9.755612
1785347172.013599,0.007215,-0.000702,0.001529,-0.004063,-0.007159,-0.018610,0.873236,0.548365,-9.755658
1785347172.020020,0.008386,0.000601,0.000173,0.005541,-0.001473,-0.010647,0.873061,0.547908,-9.755699
1785347172.029758,0.015442,0.009364,-0.008372,-0.084646,0.026349,-0.017429,0.875038,0.556417,-9.755040
1785347172.039073,-0.003775,-0.007382,0.009838,-0.046865,0.070416,-0.023355,0.881484,0.561561,-9.754165
1785347172.045279,0.007348,-0.004230,0.003011,0.027167,-0.008662,-0.023611,0.880651,0.559075,-9.754383
1785347172.052670,0.006266,-0.000630,0.001255,0.008164,0.002915,-0.010360,0.880918,0.558387,-9.754398
1785347172.068994,0.006903,0.003537,-0.002020,-0.042117,0.003591,-0.008907,0.880975,0.562569,-9.754153
1785347172.069155,0.004023,-0.009406,0.002156,0.040089,-0.003407,-0.029002,0.880692,0.558905,-9.754389
1785347172.084965,0.007081,0.000041,0.001881,-0.009467,-0.012685,-0.018111,0.879294,0.559905,-9.754458
1785347172.085274,0.007076,-0.001992,0.001578,-0.003661,-0.005464,-0.017866,0.878632,0.560380,-9.754490
1785347172.095183,0.006935,0.000866,-0.000070,0.001465,-0.010338,-0.020223,0.877511,0.560351,-9.754593
1785347172.103470,0.005331,-0.003611,-0.000543,-0.003517,0.000351,-0.014166,0.877439,0.560813,-9.754573
1785347172.111715,0.008547,-0.000447,-0.000246,-0.004573,0.005808,-0.019282,0.877862,0.561451,-9.754498
1785347172.123406,0.004480,-0.001297,0.000634,-0.006928,-0.005079,-0.014922,0.877238,0.562221,-9.754510
1785347172.127588,0.010047,-0.001137,0.001395,0.002298,-0.004132,-0.015757,0.876752,0.562107,-9.754560
1785347172.135712,0.006778,-0.000206,0.002156,0.009594,0.001332,-0.015860,0.876838,0.561317,-9.754598
1785347172.145809,0.006548,-0.003703,0.001915,-0.016577,0.002785,-0.018703,0.876904,0.563098,-9.754489
1785347172.155360,0.008706,-0.002296,-0.001736,0.020407,-0.007191,-0.012319,0.876240,0.561182,-9.754659
1785347172.161247,0.007425,-0.001466,0.000924,-0.005968,-0.004555,-0.017626,0.875657,0.561885,-9.754671
1785347172.169522,-0.005738,0.010779,0.030740,0.448558,0.238870,0.039711,0.901571,0.519316,-9.754670
1785347172.177943,0.007661,-0.000208,0.001812,0.013069,0.001218,-0.013401,0.901684,0.518171,-9.754720
1785347172.187184,0.010785,-0.002818,-0.003663,-0.050544,-0.002093,-0.038205,0.900991,0.523395,-9.754505
1785347172.227957,0.003125,-0.000984,0.004690,0.058376,0.004443,0.005320,0.901767,0.517709,-9.754737
1785347172.228122,0.006895,-0.001646,0.000826,0.008896,0.000373,-0.015285,0.901764,0.516981,-9.754776
1785347172.228198,0.008123,-0.001060,0.001635,-0.010880,-0.008000,-0.014825,0.900843,0.518122,-9.754800
1785347172.228257,0.007703,-0.002131,0.000790,0.004536,0.003103,-0.014552,0.901087,0.517825,-9.754794
1785347172.228335,0.024997,-0.015152,-0.031628,-0.488447,-0.237602,-0.087507,0.874833,0.564698,-9.754583
1785347172.239552,0.000145,-0.000997,0.006885,0.082642,-0.022262,0.027210,0.873268,0.556331,-9.755204
1785347172.247666,0.006564,-0.001010,0.000746,-0.000061,-0.002212,-0.015371,0.872960,0.556454,-9.755224
1785347172.254085,0.005910,-0.002387,0.000429,0.006916,0.000780,-0.012755,0.872996,0.555894,-9.755253
1785347172.261848,0.007699,-0.001016,-0.001240,0.011579,-0.014213,-0.016144,0.871576,0.554831,-9.755440
1785347172.269782,0.002792,-0.004131,0.013005,0.077785,-0.027206,0.005191,0.869367,0.547094,-9.756074
1785347172.279115,0.006445,-0.002531,-0.000382,0.013921,0.006852,-0.012828,0.870031,0.545886,-9.756083
1785347172.286169,0.007845,-0.001830,0.001597,-0.016442,-0.006825,-0.012483,0.869206,0.547551,-9.756063
1785347172.295308,0.007077,-0.003024,-0.000121,-0.005186,-0.001431,-0.015183,0.868950,0.548173,-9.756051
1785347172.303580,0.006554,0.001949,0.005560,-0.018333,-0.008870,-0.011396,0.867922,0.550001,-9.756040
1785347172.311736,0.007344,-0.006837,-0.003956,0.024929,0.002229,-0.013087,0.868191,0.547703,-9.756145
1785347172.322623,0.010809,-0.001268,0.007841,0.003255,-0.017087,-0.031962,0.866355,0.547564,-9.756316
1785347172.328590,0.002774,-0.000165,-0.001507,-0.040989,-0.002040,0.001298,0.865951,0.551522,-9.756129
1785347172.336137,-0.001355,0.002563,0.012028,0.218074,0.050493,0.025771,0.872149,0.530400,-9.756748
1785347172.345657,0.006569,-0.002769,0.000755,-0.006043,0.008384,-0.018847,0.872826,0.531188,-9.756645
1785347172.354499,0.006326,-0.003262,0.000538,0.001978,-0.006524,-0.016418,0.872106,0.531100,-9.756714
1785347172.362215,0.008083,-0.003229,0.002434,-0.005838,-0.008571,-0.015922,0.871149,0.531756,-9.756764
1785347172.374351,0.019459,-0.013675,-0.006219,-0.159290,-0.064377,-0.075875,0.863620,0.547523,-9.756561
1785347172.377586,0.006716,-0.004236,0.000470,-0.003525,-0.002367,-0.014011,0.863289,0.547969,-9.756565
1785347172.387371,0.002532,-0.003013,-0.004099,-0.027398,0.005617,-0.000237,0.863696,0.550659,-9.756378
1785347172.395438,-0.003786,0.004845,0.013579,0.187106,0.056024,0.023575,0.870239,0.532583,-9.756800
1785347172.402924,0.009934,-0.007630,0.005770,0.041283,-0.004734,-0.031513,0.869805,0.528815,-9.757043
1785347172.413464,0.006321,-0.004076,0.000948,0.010170,-0.001615,-0.013930,0.869619,0.527937,-9.757107
1785347172.421155,0.006548,-0.004059,0.000208,-0.000879,0.003388,-0.016924,0.869848,0.528181,-9.757074
1785347172.427803,0.017243,-0.011452,-0.012059,-0.207427,-0.062925,-0.058586,0.862340,0.548492,-9.756620
1785347172.435655,0.006606,-0.001227,-0.015685,-0.119188,0.048978,-0.008939,0.866464,0.560381,-9.755579
1785347172.444546,0.006193,-0.006422,-0.000611,-0.004962,0.000110,-0.024797,0.866300,0.561070,-9.755554
1785347172.453221,0.006527,-0.003949,0.002085,0.002029,0.000305,-0.018422,0.866228,0.561028,-9.755562
1785347172.459207,0.005714,-0.005037,0.001847,-0.005838,-0.005566,-0.011462,0.865588,0.561663,-9.755583
1785347172.469975,0.013514,-0.002368,-0.003685,-0.032005,0.006550,-0.035126,0.865856,0.565095,-9.755361
1785347172.477949,0.003553,-0.012775,0.003956,0.046684,-0.013638,-0.033702,0.864551,0.560777,-9.755726
1785347172.486905,0.011663,-0.002919,0.000179,0.007664,0.017340,-0.028374,0.866106,0.560353,-9.755612
1785347172.498583,-0.002934,0.012860,0.028136,0.443874,0.228998,0.020707,0.890661,0.518189,-9.755732
1785347172.531454,0.003766,-0.008227,0.002707,-0.000022,0.019317,-0.002874,0.892526,0.518308,-9.755555
1785347172.531595,0.008108,-0.001335,-0.002579,0.011781,-0.017257,-0.028227,0.890743,0.517326,-9.755770
1785347172.531657,0.002084,-0.007809,0.003571,0.007867,0.018589,0.001329,0.892599,0.516639,-9.755637
1785347172.531715,0.000936,-0.006283,0.002997,0.020459,-0.013662,-0.006230,0.891331,0.514642,-9.755858
1785347172.538395,0.023614,-0.019356,-0.035478,-0.522550,-0.251723,-0.085245,0.863822,0.564889,-9.755553
1785347172.546751,0.006185,-0.005197,0.000480,-0.004126,-0.002118,-0.013486,0.863515,0.565392,-9.755551
1785347172.553150,-0.012113,0.009703,0.035912,0.527498,0.261050,0.055609,0.891746,0.514939,-9.755805
1785347172.568324,0.007069,-0.001286,-0.007521,-0.101945,0.003581,-0.013483,0.891538,0.524967,-9.755289
1785347172.571663,0.005005,-0.009835,0.007862,0.107603,0.001670,-0.004576,0.892181,0.514571,-9.755784
1785347172.577589,0.005998,-0.002885,-0.007687,-0.099895,-0.001583,-0.019474,0.891448,0.524427,-9.755327
1785347172.584222,0.005209,-0.005349,0.001512,-0.017501,-0.005279,-0.015052,0.890767,0.526231,-9.755292
1785347172.597183,0.005646,-0.006165,0.001231,-0.007656,-0.004051,-0.014338,0.890255,0.527078,-9.755293
1785347172.603850,0.005192,-0.005474,-0.000319,0.002126,0.003179,-0.013452,0.890498,0.527002,-9.755275
1785347172.614177,0.005238,-0.005751,-0.000048,0.001640,0.000517,-0.016616,0.890461,0.526989,-9.755279
1785347172.619627,0.005401,-0.005244,0.000377,-0.010805,-0.004759,-0.015203,0.889861,0.528146,-9.755271
1785347172.629321,0.005324,-0.005110,-0.000695,0.012345,0.003144,-0.013391,0.890148,0.527078,-9.755302
1785347172.637022,0.006733,-0.005420,-0.000070,-0.020406,-0.008127,-0.019406,0.889152,0.529188,-9.755279
1785347172.648159,0.005214,-0.004376,0.001947,0.017170,0.002214,-0.012887,0.889373,0.527642,-9.755343
1785347172.670524,0.006049,-0.006201,-0.000833,-0.001650,0.005467,-0.022694,0.889769,0.528023,-9.755286
1785347172.670673,0.004725,-0.005438,0.000778,0.008686,-0.002200,-0.016268,0.889502,0.527310,-9.755349
1785347172.670744,0.004411,-0.005652,-0.000125,-0.004531,-0.000460,-0.015291,0.889350,0.527879,-9.755332
1785347172.681974,0.006630,-0.006355,0.000950,0.006186,-0.003003,-0.021889,0.888961,0.527453,-9.755390
1785347172.687536,0.005792,-0.004749,0.003912,0.049891,-0.001548,-0.008887,0.888984,0.522680,-9.755645
1785347172.694668,0.005356,-0.007789,0.001486,0.010374,-0.005020,-0.020982,0.888423,0.521831,-9.755742
1785347172.702648,0.005599,-0.008857,-0.018252,-0.260194,-0.146987,-0.043364,0.872690,0.546803,-9.755794
1785347172.708845,0.001529,-0.004658,0.003617,0.039859,-0.007525,0.000712,0.872138,0.542894,-9.756062
1785347172.720298,0.004065,-0.006024,0.000927,-0.002917,-0.004782,-0.013934,0.871578,0.543273,-9.756091
1785347172.727669,0.016025,-0.016702,-0.012085,-0.206429,-0.113792,-0.035506,0.859364,0.563109,-9.756050
1785347172.736731,0.003632,-0.006049,0.000325,0.006090,-0.000144,-0.012069,0.859304,0.562617,-9.756083
1785347172.743622,0.004290,-0.006334,0.000732,0.003167,-0.000471,-0.007188,0.859229,0.562367,-9.756104
1785347172.753696,0.004351,-0.005781,-0.000352,-0.003448,-0.001440,-0.016235,0.858976,0.562830,-9.756100
1785347172.761024,0.013409,0.001476,-0.011030,0.053268,-0.070340,-0.036997,0.852134,0.557655,-9.756997
1785347172.770962,-0.005416,-0.014508,0.009923,-0.051224,0.078691,0.002314,0.859592,0.562954,-9.756038
1785347172.781777,0.003782,-0.006691,0.001331,-0.003984,-0.003916,-0.013490,0.859112,0.563436,-9.756053
1785347172.784399,0.003452,-0.005526,-0.000159,-0.002051,-0.000205,-0.015606,0.858990,0.563764,-9.756045
1785347172.811556,0.002352,-0.006824,-0.000643,0.001141,0.001398,-0.014569,0.859043,0.563780,-9.756039
1785347172.811695,0.002570,-0.005982,0.000672,0.000279,-0.000716,-0.014564,0.858887,0.563871,-9.756048
1785347172.811759,0.003906,-0.006537,0.000846,-0.007009,-0.004980,-0.014928,0.858282,0.564654,-9.756055
1785347172.820499,0.003357,-0.005681,0.000350,-0.001439,0.001425,-0.015586,0.858321,0.564929,-9.756036
1785347172.828413,-0.024759,-0.010530,0.022631,0.335375,0.192342,0.087488,0.879013,0.532451,-9.756020
1785347172.841785,0.003157,-0.006311,0.000275,-0.010198,-0.008319,-0.014692,0.878074,0.533530,-9.756046
1785347172.844748,0.002544,-0.006170,0.000119,0.000148,-0.000996,-0.012854,0.877904,0.533621,-9.756056
1785347172.850164,0.015553,0.011299,0.005983,0.117699,0.062650,-0.063599,0.884149,0.523002,-9.756067
1785347172.861570,0.000053,-0.010865,0.003025,0.065140,0.032290,0.005605,0.887602,0.516766,-9.756086
1785347172.869529,-0.008292,-0.019086,-0.007143,-0.185952,-0.099859,0.014047,0.877161,0.534277,-9.756087
1785347172.880596,0.012109,0.006855,0.008728,0.180508,0.090162,-0.041056,0.886476,0.517482,-9.756150
1785347172.888076,0.005745,-0.003620,-0.003665,-0.049346,-0.027881,-0.035986,0.883353,0.522465,-9.756168
1785347172.894193,-0.000216,-0.009982,0.000312,0.037581,0.033314,-0.002409,0.886742,0.518975,-9.756047
1785347172.902996,0.005922,-0.004055,-0.001480,-0.059262,-0.034182,-0.041396,0.882934,0.524943,-9.756073
1785347172.911354,-0.000446,-0.010352,0.003370,0.056599,0.028004,0.005975,0.885930,0.519512,-9.756092
1785347172.919267,0.004105,-0.003979,-0.002695,-0.036023,-0.027200,-0.027333,0.882978,0.523132,-9.756166
1785347172.928543,0.004393,-0.009266,-0.003048,-0.058273,-0.001057,-0.044168,0.882389,0.529164,-9.755894
1785347172.936217,0.002561,-0.006665,-0.001053,-0.003840,0.000387,-0.014799,0.882328,0.529665,-9.755873
1785347172.943161,0.001762,-0.007516,-0.000644,-0.000387,0.008810,-0.017191,0.883087,0.529886,-9.755792
1785347172.951197,0.001785,-0.005393,-0.001953,0.006299,-0.003092,-0.017624,0.882712,0.529413,-9.755852
1785347172.958964,0.002695,-0.007845,0.000795,-0.004920,0.001061,-0.010616,0.882735,0.529986,-9.755818
1785347172.967185,0.005263,-0.003236,-0.003317,-0.048258,-0.028620,-0.033043,0.879566,0.534840,-9.755840
1785347172.975184,-0.005287,-0.007950,0.007533,0.100551,0.027360,0.020755,0.882750,0.525007,-9.756086
1785347172.987151,0.001223,-0.006594,0.000368,0.007695,0.001521,-0.016543,0.882836,0.524408,-9.756111
1785347172.996274,0.001553,-0.006659,0.001358,-0.009105,-0.007949,-0.018007,0.881924,0.525415,-9.756139
1785347173.003863,0.001288,-0.006335,-0.000080,0.007639,0.003653,-0.010682,0.882250,0.524779,-9.756144
1785347173.012771,0.000412,-0.006152,-0.000090,0.004497,-0.000269,-0.014787,0.882159,0.524468,-9.756169
1785347173.019876,0.004895,-0.004086,-0.006231,-0.070014,-0.043845,-0.034964,0.877415,0.531394,-9.756222
1785347173.027428,0.004765,-0.008814,-0.010027,-0.097505,0.019445,-0.047477,0.878660,0.541343,-9.755563
1785347173.036899,-0.005001,-0.006317,0.011961,0.154784,0.025540,0.034426,0.881943,0.526117,-9.756100
1785347173.044425,0.003155,-0.008938,-0.008051,-0.087324,0.010772,-0.044160,0.882406,0.535016,-9.755574
1785347173.053117,-0.003131,-0.006535,0.004564,0.050982,0.001220,0.003239,0.882739,0.530043,-9.755815
1785347173.071950,0.000191,-0.006371,0.000804,-0.003827,0.000820,-0.016256,0.882712,0.530557,-9.755789
1785347173.072285,0.005486,-0.002473,0.001217,0.007855,-0.037060,-0.030893,0.878956,0.529917,-9.756163
1785347173.079659,-0.002930,-0.009056,0.002078,0.063967,0.035591,0.006769,0.882706,0.523783,-9.756156
1785347173.090694,-0.000924,-0.007551,-0.005306,-0.053713,0.002223,-0.021087,0.882601,0.529188,-9.755874
1785347173.094651,0.001917,-0.006560,0.003399,0.052120,0.000754,-0.014697,0.882788,0.524256,-9.756123
1785347173.106594,-0.000366,-0.007599,-0.005234,-0.039739,0.013361,-0.020504,0.883827,0.528341,-9.755809
1785347173.111866,0.014620,-0.020139,-0.028200,-0.455196,-0.262353,-0.073696,0.856115,0.572186,-9.755807
1785347173.121862,0.000177,-0.006142,0.000489,0.006592,0.003001,-0.012635,0.856355,0.571661,-9.755817
1785347173.128774,-0.013872,0.006830,0.034630,0.481898,0.242388,0.040095,0.881992,0.525413,-9.756133
1785347173.136231,0.006692,-0.021936,-0.026038,-0.424468,-0.257873,-0.048592,0.854996,0.566090,-9.756261
1785347173.146475,-0.010658,0.010199,0.016683,0.409662,0.299749,0.031231,0.885900,0.527141,-9.755686
1785347173.155033,0.001683,-0.006020,0.003252,0.044191,-0.007645,-0.012744,0.885247,0.522932,-9.755972
1785347173.161414,-0.008932,-0.007861,0.007827,0.094216,-0.022979,0.015121,0.883436,0.513567,-9.756633
1785347173.169546,0.005189,0.000359,-0.006386,0.043113,-0.025999,-0.022375,0.880937,0.509477,-9.757073
1785347173.182136,-0.007034,-0.012626,0.007082,-0.050933,0.015330,-0.011795,0.882182,0.514581,-9.756693
1785347173.183986,-0.001107,-0.005816,0.000600,0.006040,0.004223,-0.013144,0.882543,0.514123,-9.756685
1785347173.198881,0.004929,-0.000604,-0.005598,0.042277,-0.022977,-0.024918,0.880321,0.510147,-9.757094
1785347173.200840,-0.007047,-0.011578,0.004325,-0.042202,0.028572,-0.008250,0.882909,0.514420,-9.756636
1785347173.208496,-0.000903,-0.006315,-0.001301,0.004506,0.000423,-0.014390,0.882888,0.514108,-9.756654
1785347173.219350,-0.002230,-0.006562,-0.001645,-0.009827,0.006008,-0.011583,0.883375,0.515183,-9.756553
1785347173.227435,0.003349,-0.002281,-0.004887,0.048529,-0.016216,-0.025347,0.881829,0.510630,-9.756933
1785347173.236078,-0.001380,-0.005958,-0.000581,-0.004764,0.001588,-0.015598,0.881882,0.511232,-9.756896
1785347173.246548,-0.000599,-0.011738,-0.003197,-0.130225,0.045081,-0.041780,0.885589,0.524398,-9.755862
1785347173.254391,-0.009129,-0.006706,0.008576,0.087280,-0.025491,0.015346,0.883494,0.515700,-9.756515
1785347173.263338,0.003606,-0.001129,-0.005013,0.034510,-0.021713,-0.026541,0.881353,0.512501,-9.756878
1785347173.270489,0.002199,-0.004810,-0.008180,-0.096638,0.019552,-0.050327,0.882648,0.522387,-9.756236
1785347173.279793,-0.012624,-0.012379,0.012753,0.058821,0.006867,0.028438,0.883677,0.516453,-9.756459
1785347173.286288,0.001866,-0.001378,-0.006101,0.031452,-0.021617,-0.029382,0.881517,0.513577,-9.756806
1785347173.294967,-0.001988,-0.005053,-0.001740,0.002991,0.003623,-0.018191,0.881782,0.513455,-9.756789
1785347173.302506,-0.002558,-0.005042,-0.000970,-0.000345,0.000148,-0.014865,0.881714,0.513617,-9.756786
1785347173.310933,-0.002965,-0.005054,0.000047,-0.000495,0.007581,-0.016225,0.882363,0.513830,-9.756716
1785347173.319356,-0.002644,-0.005471,0.000714,0.006346,0.001104,-0.012807,0.882423,0.513328,-9.756737
1785347173.328288,-0.005057,-0.008121,-0.000460,-0.007036,0.000368,-0.022852,0.882311,0.514209,-9.756701
1785347173.333856,-0.002683,-0.006220,-0.000307,-0.011458,-0.001416,-0.016617,0.882044,0.515460,-9.756659
1785347173.344332,-0.003225,-0.006836,-0.001960,-0.013496,0.001998,-0.019327,0.882088,0.516944,-9.756577
1785347173.354350,-0.001715,-0.004815,-0.000931,-0.000035,-0.010618,-0.018087,0.880954,0.517068,-9.756673
1785347173.364114,0.004909,-0.001434,-0.010487,-0.076135,0.035447,-0.038398,0.883949,0.524910,-9.755983
1785347173.375173,-0.003288,-0.003622,0.003971,-0.021998,0.024549,-0.026559,0.886123,0.527356,-9.755654
1785347173.376500,-0.003157,-0.009684,-0.000372,-0.006446,-0.039582,-0.020072,0.882132,0.528027,-9.755979
1785347173.389054,-0.004014,-0.004507,-0.000487,0.003982,0.002911,-0.016374,0.882337,0.527790,-9.755973
1785347173.400024,-0.002930,-0.005047,-0.005044,0.008573,-0.010198,-0.029317,0.881207,0.527177,-9.756109
1785347173.404400,-0.004800,-0.007690,0.002337,-0.030698,-0.001548,-0.016219,0.880868,0.530294,-9.755970
1785347173.413885,-0.002644,-0.006370,-0.003467,0.029246,0.017328,-0.011196,0.882588,0.527604,-9.755961
1785347173.420446,-0.003326,-0.001388,-0.001496,-0.001788,-0.015438,-0.027027,0.880927,0.527962,-9.756092
1785347173.429191,-0.003195,-0.005664,-0.000361,0.013637,0.002609,-0.014867,0.881141,0.526773,-9.756137
1785347173.437244,-0.003872,-0.004304,0.000353,0.002733,-0.000104,-0.013051,0.881067,0.526620,-9.756152
1785347173.445930,0.014174,-0.016595,-0.037464,-0.540934,-0.322189,-0.089668,0.847453,0.578924,-9.756166
1785347173.454122,0.005709,0.004708,-0.011764,-0.097966,0.029180,-0.015449,0.849902,0.588660,-9.755370
1785347173.461924,-0.013906,-0.014204,0.009570,0.112812,-0.015994,-0.014233,0.848600,0.577768,-9.756135
1785347173.470399,-0.017575,0.009869,0.031829,0.526363,0.331552,0.044829,0.882771,0.527253,-9.755963
1785347173.483499,0.012700,-0.015204,-0.034502,-0.523041,-0.319482,-0.072725,0.849610,0.577707,-9.756050
1785347173.485194,-0.019936,0.003530,0.014451,0.264785,0.154196,0.018277,0.865546,0.552292,-9.756121
1785347173.495637,0.011908,-0.011769,-0.016417,-0.253902,-0.155192,-0.047577,0.849371,0.576891,-9.756119
1785347173.503509,-0.021997,0.003215,0.015562,0.261419,0.164106,0.020472,0.866269,0.551809,-9.756085
1785347173.512631,0.010165,-0.011360,-0.016584,-0.244558,-0.151285,-0.050143,0.850495,0.575539,-9.756101
1785347173.520531,-0.003772,-0.004560,-0.000688,0.006802,0.001549,-0.017965,0.850558,0.575031,-9.756126
1785347173.530488,-0.025276,0.001097,0.018255,0.262715,0.148551,0.026186,0.865965,0.549722,-9.756229
1785347173.541458,-0.004548,-0.004879,-0.001296,0.006663,0.001724,-0.018976,0.866043,0.549240,-9.756250
1785347173.543302,0.008438,-0.014920,-0.014431,-0.197646,-0.126517,-0.033796,0.852933,0.568357,-9.756310
1785347173.553557,-0.017595,0.007241,0.011731,0.206980,0.130180,0.002414,0.866237,0.548603,-9.756268
1785347173.562403,-0.014549,-0.005523,0.008883,0.085197,-0.034668,0.014793,0.863187,0.540100,-9.757013
1785347173.570239,0.004189,-0.001182,-0.009619,-0.078936,0.035107,-0.046487,0.866119,0.548263,-9.756298
1785347173.578974,-0.022152,-0.014256,0.019611,0.058164,0.063101,0.033081,0.872626,0.542512,-9.756039
1785347173.592204,-0.007681,0.001213,0.016547,0.270738,0.159754,0.018677,0.889080,0.516508,-9.755965
1785347173.593101,0.005943,-0.005910,-0.027031,-0.356988,-0.125597,-0.081436,0.875359,0.551527,-9.755289
1785347173.602850,-0.007166,-0.004412,-0.000545,-0.005536,0.002755,-0.023536,0.875476,0.552274,-9.755236
1785347173.611212,-0.013552,-0.006536,0.008522,0.076738,-0.034958,0.017609,0.872384,0.544571,-9.755946
1785347173.620185,-0.004723,-0.002021,-0.000787,-0.003471,-0.000009,-0.017840,0.872272,0.545061,-9.755929
1785347173.628514,-0.005074,-0.000524,-0.000507,-0.000924,0.000434,-0.006715,0.872273,0.545209,-9.755921
1785347173.637221,-0.006043,-0.003481,-0.001575,0.005819,0.012332,-0.015018,0.873406,0.544806,-9.755842
1785347173.645226,-0.006117,-0.002843,-0.000958,0.000891,-0.006357,-0.016241,0.872696,0.544841,-9.755903
1785347173.653913,0.002788,0.004474,-0.009387,0.023791,-0.081082,-0.040402,0.864626,0.542651,-9.756744
1785347173.661193,-0.005382,-0.004247,-0.001115,-0.002464,0.002136,-0.020156,0.864713,0.543066,-9.756713
1785347173.671178,-0.009113,0.000529,0.016398,0.272369,0.170231,0.008721,0.882091,0.516985,-9.756574
1785347173.679113,-0.002081,-0.005494,-0.019159,-0.270115,-0.162841,-0.038187,0.865274,0.543118,-9.756660
1785347173.688234,-0.006953,-0.003490,-0.000841,-0.006752,0.003379,-0.023166,0.865455,0.543979,-9.756596
1785347173.697867,-0.005461,-0.003754,0.000565,-0.012577,-0.004473,-0.018305,0.864881,0.545344,-9.756571
1785347173.707089,-0.005896,-0.002257,-0.000835,0.006389,0.007146,-0.017265,0.865497,0.544888,-9.756542
1785347173.710138,-0.009911,0.000646,0.018388,0.257104,0.172000,0.007129,0.882975,0.520295,-9.756318
1785347173.721915,-0.002586,-0.006326,-0.019714,-0.269540,-0.167043,-0.038618,0.865771,0.546378,-9.756434
1785347173.730742,-0.006480,-0.002785,-0.003027,-0.008899,0.006457,-0.018903,0.866270,0.547419,-9.756332
1785347173.745402,-0.006543,-0.001883,-0.002940,-0.002358,0.003870,-0.013583,0.866564,0.547774,-9.756286
1785347173.745568,-0.005313,-0.002196,0.000700,-0.002461,-0.003096,-0.022170,0.866129,0.548193,-9.756301
1785347173.754562,-0.006743,-0.001682,0.000607,-0.006023,0.000223,-0.016921,0.866039,0.548922,-9.756268
1785347173.761275,-0.013485,-0.010392,0.009928,-0.024659,0.083212,0.010218,0.874150,0.551441,-9.755402
1785347173.772106,0.015399,-0.005800,-0.024431,-0.191098,-0.183007,-0.076663,0.855378,0.570197,-9.755988
1785347173.781237,-0.027171,0.003193,0.025682,0.180283,0.214633,0.040792,0.876991,0.552867,-9.755067
1785347173.788022,-0.006890,-0.002549,-0.002647,0.001465,0.009129,-0.021957,0.877759,0.552936,-9.754994
1785347173.794699,-0.006150,-0.001688,-0.001374,0.006002,0.002284,-0.014779,0.877911,0.552486,-9.755005
1785347173.803745,-0.006490,-0.000286,-0.001242,-0.002149,0.004671,-0.024954,0.878218,0.552921,-9.754953
1785347173.810304,-0.006035,-0.000769,0.001307,-0.007179,-0.003343,-0.017495,0.877774,0.553761,-9.754945
1785347173.819527,-0.007600,-0.001396,-0.000769,-0.003515,0.002578,-0.008634,0.877968,0.554183,-9.754904
1785347173.827224,-0.006324,-0.001330,-0.001160,-0.001099,-0.000450,-0.016451,0.877826,0.554430,-9.754903
1785347173.836233,-0.007119,-0.000599,-0.000663,0.004499,0.001897,-0.013998,0.877942,0.554118,-9.754910
1785347173.844148,0.001061,-0.000362,-0.014918,-0.131940,0.041668,-0.053178,0.881384,0.567490,-9.753831
1785347173.854927,-0.005326,-0.000184,0.003231,0.050145,-0.004307,-0.003481,0.881060,0.562640,-9.754141
1785347173.862962,-0.008305,-0.002754,-0.007620,-0.043568,0.017187,-0.025759,0.882484,0.567134,-9.753752
1785347173.869155,-0.002014,0.000513,-0.003510,-0.025760,0.009833,-0.029149,0.883212,0.569911,-9.753524
1785347173.875379,-0.010316,-0.001908,0.002900,0.021975,-0.006181,-0.000171,0.882658,0.567764,-9.753700
1785347173.886779,-0.010316,-0.001908,0.002900,0.021975,-0.006181,-0.000171,0.882960,0.571618,-9.753447
1785347173.895442,-0.006833,-0.000746,-0.000675,0.005465,0.009625,-0.012376,0.883838,0.571216,-9.753391
1785347173.901559,-0.008264,-0.001424,-0.004199,0.013526,-0.028154,-0.015053,0.881034,0.569970,-9.753718
1785347173.911006,-0.008133,0.000725,0.007785,0.093536,-0.021851,0.005097,0.879141,0.560792,-9.754421
1785347173.920061,-0.005708,-0.002774,-0.010137,-0.081573,0.025073,-0.042187,0.881159,0.569135,-9.753755
1785347173.929840,-0.008725,0.001276,0.007463,0.082085,-0.022761,0.007240,0.879161,0.561049,-9.754404
1785347173.937022,-0.008291,0.000213,0.000339,0.004687,-0.009262,-0.008782,0.878217,0.560650,-9.754512
1785347173.944919,-0.006415,0.000523,-0.000200,0.001860,0.008185,-0.013585,0.878940,0.560604,-9.754450
1785347173.952518,-0.007015,-0.000785,-0.000042,0.015507,0.005134,-0.014695,0.879389,0.559235,-9.754488
1785347173.963921,-0.015967,-0.003589,0.008822,0.079341,-0.034173,0.018604,0.876334,0.551294,-9.755215
1785347173.970484,-0.000668,0.005363,-0.006152,0.012879,-0.045230,-0.028389,0.871789,0.550189,-9.755684
1785347173.980400,0.008395,-0.010199,-0.014667,-0.188816,-0.064401,-0.041334,0.864867,0.568750,-9.755236
1785347173.986650,-0.002321,0.001652,-0.006433,-0.033858,0.023810,-0.026539,0.866962,0.572315,-9.754841
1785347173.997488,-0.011158,-0.000713,0.003032,0.036837,-0.014664,0.000216,0.865610,0.568704,-9.755173
1785347174.005222,-0.007689,0.000631,-0.001611,0.004346,0.009057,-0.013046,0.866426,0.568411,-9.755117
1785347174.014010,-0.008052,0.000677,-0.000940,0.008577,0.006337,-0.014007,0.866979,0.567710,-9.755109
1785347174.018518,-0.007234,0.000520,-0.001236,0.001623,-0.000893,-0.012825,0.866820,0.567660,-9.755126
1785347174.030872,-0.002794,0.001734,-0.005303,-0.028313,0.026396,-0.025224,0.869189,0.570679,-9.754739
1785347174.037097,-0.005920,0.000879,-0.001034,-0.002604,0.002352,-0.016662,0.869315,0.571079,-9.754705
1785347174.046742,-0.011736,-0.000914,0.004369,0.052374,-0.016049,-0.001890,0.867843,0.565975,-9.755133
1785347174.053631,-0.002057,0.002668,-0.007790,-0.046690,0.014150,-0.029626,0.868957,0.570792,-9.754753
1785347174.065386,-0.007168,-0.002179,-0.000377,0.007204,0.009968,-0.032568,0.869752,0.570390,-9.754706
1785347174.068167,-0.010703,0.003732,0.004994,0.051100,-0.014939,0.014931,0.868481,0.565269,-9.755117
1785347174.077547,-0.002545,0.002534,-0.006559,-0.041456,0.014674,-0.027900,0.869669,0.569563,-9.754762
1785347174.089646,-0.007708,-0.001879,-0.000264,0.004638,0.012383,-0.038596,0.870659,0.569466,-9.754679
1785347174.098147,-0.006906,0.001236,-0.001030,0.005777,-0.003056,-0.017161,0.870271,0.569046,-9.754738
1785347174.103844,-0.013815,-0.003072,0.003220,0.007385,0.055891,-0.001916,0.875724,0.568450,-9.754285
1785347174.114244,0.002836,0.009906,-0.013423,0.047102,-0.088127,-0.038236,0.866994,0.564039,-9.755321
1785347174.120289,-0.016121,-0.005946,0.010669,-0.038395,0.090222,0.002490,0.875737,0.567913,-9.754315
1785347174.133364,-0.005627,0.002062,0.000160,-0.000228,0.001034,-0.017933,0.875733,0.568091,-9.754305
1785347174.135488,-0.001451,0.007036,-0.004271,0.023700,-0.035648,-0.023964,0.872159,0.565931,-9.754751
1785347174.145906,-0.012239,-0.003040,0.004113,-0.019465,0.039667,-0.005779,0.875959,0.567943,-9.754293
1785347174.153924,0.002110,0.006153,-0.009494,-0.082754,0.024619,-0.042383,0.877964,0.576391,-9.753617
1785347174.161973,-0.014902,-0.002551,0.006959,0.086120,-0.020487,0.011705,0.876186,0.567888,-9.754276
1785347174.179702,-0.006398,0.002488,-0.000370,0.005416,0.004130,-0.018542,0.876490,0.567529,-9.754270
1785347174.179860,-0.006891,0.002162,-0.000572,0.005986,0.003876,-0.016279,0.876783,0.567095,-9.754269
1785347174.188131,-0.007086,0.003940,0.001534,-0.010269,0.016336,-0.028321,0.878193,0.568365,-9.754068
1785347174.202613,-0.005293,0.002300,0.001150,-0.001456,-0.000328,-0.017064,0.878059,0.568653,-9.754063
1785347174.202752,-0.006471,0.002893,-0.001284,0.012416,0.006295,-0.014754,0.878608,0.567585,-9.754076
1785347174.212782,-0.005974,0.002172,-0.000999,-0.006342,-0.003866,-0.014898,0.878134,0.568324,-9.754076
1785347174.220930,-0.005387,0.002970,-0.000876,0.004929,0.005268,-0.011861,0.878586,0.567956,-9.754056
1785347174.229053,-0.006499,0.002421,-0.000157,0.008886,0.006350,-0.018572,0.879112,0.567264,-9.754049
1785347174.236391,-0.009251,0.007029,0.002404,0.060098,0.030782,-0.030331,0.882034,0.561738,-9.754105
1785347174.244981,-0.000961,0.003584,-0.003998,-0.033847,0.011832,-0.023753,0.882998,0.565252,-9.753815
1785347174.253865,-0.009802,0.003627,0.004460,0.030345,-0.011098,-0.000963,0.881957,0.562295,-9.754080
1785347174.264405,-0.005550,0.002559,-0.000648,0.003283,0.003165,-0.014263,0.882189,0.562105,-9.754070
1785347174.270205,-0.006439,0.004093,-0.000196,-0.002974,-0.002073,-0.014714,0.881897,0.562519,-9.754073
1785347174.278481,-0.006179,0.002814,-0.000396,-0.001216,0.004197,-0.009060,0.882252,0.562722,-9.754029
1785347174.287649,-0.005345,0.002304,-0.000807,0.008880,0.005032,-0.014870,0.882671,0.561996,-9.754033
1785347174.298378,-0.013567,0.007079,0.004178,0.070248,0.064755,0.000350,0.889093,0.555266,-9.753835
1785347174.306748,-0.007492,0.003577,0.002378,0.034835,0.019390,-0.004516,0.891010,0.551951,-9.753848
1785347174.310521,-0.004768,0.002293,0.000216,0.003801,0.001286,-0.016263,0.891049,0.551727,-9.753857
1785347174.319763,-0.005801,0.003954,-0.001103,-0.009645,-0.002769,-0.011093,0.890702,0.552757,-9.753830
1785347174.330690,-0.005736,0.003428,-0.000611,0.000251,0.003015,-0.019250,0.890887,0.552906,-9.753805
1785347174.335102,-0.005569,0.003600,0.002352,0.002433,-0.012226,-0.013180,0.889624,0.552768,-9.753928
1785347174.345488,-0.005365,0.001987,-0.002134,-0.001620,0.008186,-0.018484,0.890315,0.553100,-9.753846
1785347174.353187,-0.001570,0.003573,-0.006163,-0.032330,0.026058,-0.028574,0.892649,0.556528,-9.753438
1785347174.362312,-0.007513,0.004947,0.004647,0.034524,-0.011216,-0.001559,0.891594,0.553173,-9.753725
1785347174.371734,-0.006089,0.002186,-0.000517,0.000534,0.002498,-0.017101,0.891742,0.553275,-9.753706
1785347174.379712,-0.005730,0.004878,-0.000414,-0.001968,-0.008645,-0.014276,0.890815,0.553580,-9.753773
1785347174.388074,-0.003700,0.009137,-0.000247,0.017873,0.011347,0.004669,0.891972,0.551818,-9.753768
1785347174.399311,-0.006436,-0.002512,0.000223,-0.021428,-0.008252,-0.045695,0.890881,0.554290,-9.753727
1785347174.401144,-0.004614,0.005207,-0.000990,0.012119,0.009416,-0.007723,0.891771,0.553194,-9.753708
1785347174.410837,-0.007268,0.004328,0.017023,0.238436,0.140849,0.009914,0.905867,0.530128,-9.753690
1785347174.420215,-0.005495,0.005988,0.001241,0.018797,0.003405,-0.004159,0.906201,0.528344,-9.753756
1785347174.427717,-0.005615,0.007625,0.001621,0.032176,0.001255,-0.003755,0.906344,0.525254,-9.753909
1785347174.436600,-0.005347,-0.000316,-0.005970,-0.055649,0.005709,-0.043519,0.906596,0.531056,-9.753572
1785347174.445617,0.007123,0.006505,-0.027873,-0.230545,-0.233963,-0.064508,0.883139,0.553732,-9.754463
1785347174.453287,-0.007951,0.009510,0.018825,0.264767,0.175328,0.008612,0.900598,0.528144,-9.754286
1785347174.461183,-0.004728,0.006552,0.000755,0.034594,0.013221,0.002823,0.901943,0.524774,-9.754343
1785347174.470987,0.000066,-0.002114,-0.018630,-0.282757,-0.178290,-0.041128,0.883993,0.552392,-9.754462
1785347174.478964,-0.008859,0.010442,0.019277,0.298346,0.184838,0.007579,0.902404,0.523556,-9.754366
1785347174.495113,-0.004844,0.003261,-0.000051,0.001703,0.000074,-0.024100,0.902284,0.523606,-9.754374
1785347174.496196,-0.004018,0.006512,-0.001570,0.011203,0.004777,-0.009888,0.902710,0.522611,-9.754388
1785347174.513382,-0.004044,0.005342,0.000128,-0.001156,-0.001102,-0.017900,0.902506,0.522882,-9.754393
1785347174.513544,-0.004386,0.004219,-0.000527,-0.000703,0.002998,-0.016693,0.902708,0.523103,-9.754362
1785347174.519036,-0.003676,0.004127,0.000714,0.003530,0.002402,-0.018162,0.902850,0.522924,-9.754359
1785347174.528773,-0.006187,0.004313,0.001625,-0.006107,0.002344,-0.018215,0.902975,0.523683,-9.754306
1785347174.536515,-0.003054,0.004113,-0.000272,0.000081,0.000051,-0.016452,0.902892,0.523822,-9.754307
1785347174.544849,-0.003206,0.006656,-0.001731,-0.005999,-0.011879,-0.025090,0.901593,0.524617,-9.754384
1785347174.557884,-0.003450,0.004236,-0.002280,0.018344,0.004804,-0.015775,0.901996,0.522981,-9.754435
1785347174.563173,0.010280,-0.009009,-0.027326,-0.448062,-0.281305,-0.052206,0.873819,0.566683,-9.754558
1785347174.569195,-0.018213,0.019806,0.028753,0.438738,0.283466,0.017672,0.901982,0.524176,-9.754372
1785347174.582110,-0.003504,0.005197,-0.000645,0.016142,0.007351,-0.013139,0.902644,0.522733,-9.754388
1785347174.589608,-0.003504,0.005197,-0.000645,0.016142,0.007351,-0.013139,0.908430,0.525696,-9.753692
1785347174.594213,-0.004308,0.004015,-0.001144,-0.007478,-0.002085,-0.015483,0.908137,0.526560,-9.753672
1785347174.602869,-0.002292,0.003864,-0.001804,0.011711,0.001714,-0.011434,0.908253,0.525527,-9.753717
1785347174.611947,-0.003780,0.005195,0.001290,-0.011378,-0.007405,-0.018654,0.907421,0.526793,-9.753726
1785347174.623039,-0.002130,0.005094,0.000568,0.003804,0.005607,-0.012198,0.907906,0.526538,-9.753695
1785347174.629196,-0.002499,0.003898,-0.000549,-0.002074,-0.003971,-0.016452,0.907429,0.526884,-9.753721
1785347174.636727,-0.003445,0.004713,-0.000492,0.012328,0.006623,-0.011295,0.908025,0.525794,-9.753724
1785347174.647125,-0.002811,0.005058,0.000790,0.010683,0.002357,-0.014095,0.908189,0.524885,-9.753758
1785347174.661617,-0.002132,0.004856,-0.000381,-0.005012,0.002540,-0.011560,0.908371,0.525478,-9.753709
1785347174.661752,-0.002498,0.005189,-0.000211,0.007123,-0.006728,-0.025834,0.907583,0.525013,-9.753807
1785347174.670136,0.004876,0.001728,-0.020490,-0.255910,-0.086618,-0.062026,0.898592,0.550354,-9.753243
1785347174.680929,-0.006315,0.009775,0.023318,0.250752,0.124438,0.034108,0.911106,0.525790,-9.753437
1785347174.686835,-0.003740,0.004045,-0.004770,0.015118,-0.040201,-0.013035,0.907127,0.524408,-9.753882
1785347174.695208,-0.002588,0.004278,-0.000431,0.010630,0.004928,-0.012022,0.907552,0.523488,-9.753892
1785347174.703580,-0.001866,0.005042,0.000540,0.004968,0.003515,-0.017065,0.907808,0.523161,-9.753886
1785347174.713463,-0.002585,0.004170,-0.000167,-0.001622,0.001993,-0.011573,0.907940,0.523425,-9.753859
1785347174.721550,0.000382,-0.000370,-0.016466,-0.190360,-0.054518,-0.052953,0.902201,0.542349,-9.753358
1785347174.728685,-0.000069,0.007162,0.007177,0.104363,0.061487,-0.009149,0.908218,0.532337,-9.753351
1785347174.736555,0.000611,0.003629,-0.015032,-0.209603,-0.128886,-0.042004,0.895277,0.552983,-9.753399
1785347174.745152,-0.005028,0.008637,0.008174,0.086487,-0.011327,0.021650,0.894349,0.544383,-9.753968
1785347174.752698,0.006178,0.012792,-0.010712,0.048873,-0.071973,-0.041397,0.887134,0.539954,-9.754873
1785347174.760688,0.003595,0.003156,-0.011305,-0.078487,0.010541,-0.051375,0.887832,0.548038,-9.754359
1785347174.770663,-0.003148,0.004542,0.001803,-0.006792,0.008347,-0.016923,0.888548,0.548851,-9.754248
1785347174.781642,-0.001479,0.006172,0.001070,0.004319,0.007797,-0.019925,0.889201,0.548612,-9.754202
1785347174.784738,-0.001043,0.004296,0.001244,-0.002144,0.002830,-0.015961,0.889387,0.548963,-9.754165
1785347174.794333,-0.000690,0.006075,-0.001191,0.016962,0.005551,-0.013258,0.889864,0.547435,-9.754207
1785347174.802423,-0.000554,0.004820,0.000058,0.006385,0.002107,-0.016384,0.889983,0.546960,-9.754223
1785347174.811295,-0.000384,0.004254,0.000623,0.005660,0.004631,-0.013013,0.890365,0.546528,-9.754212
1785347174.819233,0.000961,0.004378,0.000710,0.007066,-0.000415,-0.016992,0.890235,0.545991,-9.754254
1785347174.827923,-0.002008,0.005864,-0.001378,0.000821,0.003862,-0.009859,0.890557,0.546001,-9.754224
1785347174.836062,0.001924,0.004342,0.001743,0.017340,-0.003799,-0.026035,0.890052,0.544545,-9.754352
1785347174.846420,-0.000996,0.005139,0.000886,-0.000593,0.002424,-0.015332,0.890204,0.544739,-9.754327
1785347174.852452,0.000163,0.004236,-0.000774,0.006952,0.001027,-0.014189,0.890229,0.544190,-9.754355
1785347174.861033,0.000257,0.005299,-0.000850,-0.004290,0.000093,-0.014480,0.890157,0.544734,-9.754332
1785347174.870226,0.000031,0.005191,-0.000162,-0.006989,-0.008396,-0.017846,0.889237,0.545568,-9.754369
1785347174.878788,0.000624,0.004488,0.001668,0.007620,0.003691,-0.015405,0.889516,0.544965,-9.754377
1785347174.886234,0.000681,0.004459,-0.001008,0.003021,-0.004407,-0.014573,0.889007,0.544799,-9.754433
1785347174.895143,0.000175,0.005003,0.000062,-0.004928,0.000230,-0.014828,0.888947,0.545409,-9.754404
1785347174.902837,0.014814,-0.002296,-0.008408,-0.148526,-0.114262,-0.029118,0.877589,0.560055,-9.754603
1785347174.912590,0.000043,0.004356,-0.002011,-0.015837,0.001225,-0.017303,0.877606,0.561745,-9.754504
1785347174.922857,-0.012831,0.013546,0.010482,0.190930,0.120731,-0.001501,0.889430,0.543244,-9.754481
1785347174.930413,0.015190,-0.003818,-0.009320,-0.173434,-0.125172,-0.031811,0.876994,0.560337,-9.754640
1785347174.938832,0.002039,0.005708,0.000787,0.007424,0.006138,-0.014542,0.877512,0.559744,-9.754628
1785347174.946867,-0.011874,0.013229,0.012116,0.176589,0.113798,0.002125,0.888668,0.542597,-9.754587
1785347174.952852,0.014108,-0.003920,-0.012198,-0.168171,-0.117805,-0.033644,0.876949,0.559202,-9.754709
1785347174.961001,0.001523,0.005044,0.000319,-0.009780,-0.001764,-0.016191,0.876684,0.560293,-9.754670
1785347174.970859,-0.002843,0.005579,0.004948,0.045003,-0.013303,0.002018,0.875407,0.555901,-9.755036
1785347174.979096,-0.012134,0.015924,0.025696,0.353457,0.283487,0.002895,0.903139,0.521587,-9.754403
1785347174.986935,-0.002630,-0.004563,-0.010405,-0.112072,-0.079310,0.001389,0.895389,0.532447,-9.754531
1785347174.997628,0.008247,0.023072,0.007876,0.158325,0.036580,-0.024777,0.898852,0.517294,-9.755028
1785347175.004068,0.020216,-0.009671,-0.033914,-0.481085,-0.268190,-0.083877,0.872161,0.564730,-9.754820
1785347175.012411,-0.014386,0.022507,0.031200,0.485851,0.258819,0.045055,0.897698,0.517155,-9.755142
1785347175.020315,0.010776,-0.015817,-0.020730,-0.370763,-0.230730,-0.032320,0.874968,0.553431,-9.755216
1785347175.028213,0.001784,0.016755,-0.000198,0.096345,0.104590,-0.041823,0.884950,0.544446,-9.754821
1785347175.035950,0.006322,-0.003637,-0.002893,-0.157878,-0.149326,-0.013558,0.870296,0.559893,-9.755266
1785347175.044241,-0.002140,0.023493,0.018197,0.316759,0.290606,-0.005963,0.898623,0.529182,-9.754411
1785347175.058526,-0.000080,-0.007269,-0.010825,-0.147738,-0.117298,-0.029119,0.887021,0.543789,-9.754670
1785347175.060248,-0.005770,-0.002277,0.010092,-0.041731,0.069660,0.006897,0.893852,0.547783,-9.753823
1785347175.071552,0.011013,0.012282,-0.009907,0.044326,-0.074406,-0.037035,0.886393,0.543805,-9.754726
1785347175.079201,-0.006478,0.004448,0.008210,0.084277,-0.012402,0.019866,0.885289,0.535443,-9.755289
1785347175.086956,0.002512,-0.002880,0.003726,-0.108762,0.092603,-0.028450,0.894169,0.546260,-9.753879
1785347175.095594,0.011664,0.012218,-0.008305,0.030479,-0.074810,-0.040462,0.886650,0.543661,-9.754711
1785347175.103111,-0.005705,0.001752,0.023569,0.154923,0.186890,0.021395,0.904984,0.528409,-9.753865
1785347175.113735,-0.009609,0.004446,0.016035,0.193095,-0.014875,0.050983,0.903787,0.509195,-9.754998
1785347175.124515,0.014547,0.012638,-0.019246,-0.073921,-0.060959,-0.074564,0.897462,0.517048,-9.755169
1785347175.128335,-0.007756,-0.004552,0.019880,0.069361,0.050628,0.044717,0.902625,0.509906,-9.755069
1785347175.135924,0.011918,0.003531,-0.014159,-0.156629,0.017733,-0.068879,0.904011,0.525738,-9.754100
1785347175.144322,0.004103,0.005251,0.001989,-0.001515,0.005556,-0.017668,0.904460,0.526043,-9.754042
1785347175.178073,-0.000167,0.004807,0.006259,0.056781,-0.002470,0.002219,0.904223,0.520509,-9.754361
1785347175.178236,0.015004,0.011795,-0.013152,-0.028269,-0.067303,-0.064081,0.897329,0.523841,-9.754819
1785347175.178305,0.007891,-0.015791,-0.018124,-0.405248,-0.176952,-0.030741,0.879966,0.563509,-9.754190
1785347175.178370,0.012516,0.010828,-0.010594,0.030987,-0.076539,-0.032097,0.872315,0.560793,-9.755033
1785347175.186726,-0.002354,0.008801,0.007021,0.115421,0.068289,-0.007035,0.878913,0.549626,-9.755077
1785347175.194280,-0.004066,-0.003593,0.010667,-0.038502,0.072612,0.003360,0.886022,0.553321,-9.754225
1785347175.202222,0.012547,0.010201,-0.006938,0.041333,-0.072072,-0.030180,0.878816,0.549588,-9.755088
1785347175.211526,-0.005814,0.012069,0.024013,0.305443,0.169193,0.019573,0.895344,0.519695,-9.755223
1785347175.221882,0.018683,-0.013681,-0.023991,-0.341655,-0.196434,-0.037201,0.876067,0.553265,-9.755127
1785347175.229886,-0.005459,0.020970,0.021409,0.318427,0.200966,-0.010961,0.895518,0.522366,-9.755064
1785347175.236783,0.012347,-0.009185,-0.017577,-0.252566,-0.175332,-0.025787,0.878351,0.547183,-9.755265
1785347175.245609,0.002327,0.003982,0.003620,0.031498,-0.012885,-0.003908,0.877063,0.544161,-9.755550
1785347175.254193,0.004309,0.002951,0.000258,0.011111,0.008003,-0.010886,0.877781,0.543174,-9.755540
1785347175.261199,-0.000102,0.001099,0.013997,0.104860,-0.036934,0.002933,0.874159,0.532972,-9.756428
1785347175.270791,0.004074,0.000891,0.004364,-0.006679,0.026078,-0.007805,0.876664,0.533680,-9.756164
1785347175.279146,0.006819,0.000212,0.002302,0.038891,-0.001365,-0.030962,0.876354,0.530173,-9.756384
1785347175.286884,0.002928,0.005989,-0.002070,-0.038853,-0.003245,0.002515,0.876064,0.533927,-9.756205
1785347175.294565,0.005994,0.001653,0.000910,-0.009517,-0.002577,-0.020717,0.875706,0.535034,-9.756176
1785347175.311715,0.008748,0.004139,0.008206,0.036473,-0.023486,-0.024606,0.873270,0.531714,-9.756576
1785347175.312436,0.005686,0.001819,0.001339,0.000831,-0.003975,-0.014045,0.872808,0.531757,-9.756615
1785347175.324472,0.004538,0.003897,0.000054,0.016039,0.001188,-0.019110,0.872816,0.530365,-9.756690
1785347175.328192,-0.000313,-0.003443,0.005933,-0.032755,0.036952,-0.005820,0.876405,0.533582,-9.756193
1785347175.337599,0.004459,0.002377,0.000465,0.008362,0.003610,-0.013543,0.876682,0.532887,-9.756206
1785347175.346695,0.002464,0.004575,-0.004699,-0.047126,0.006965,-0.000759,0.877379,0.537469,-9.755892
1785347175.354514,0.009450,-0.002429,-0.005487,-0.087877,-0.036476,-0.030447,0.873697,0.546291,-9.755733
1785347175.362856,0.004918,0.000986,-0.000984,0.000243,0.007286,-0.013140,0.874336,0.546378,-9.755670
1785347175.370188,0.007357,0.002194,0.003311,0.002718,-0.004871,-0.021450,0.873744,0.546304,-9.755728
1785347175.378665,0.001188,0.006097,0.007521,0.098951,0.035049,0.000622,0.877115,0.536666,-9.755960
1785347175.387452,0.008733,-0.002528,-0.005557,-0.092186,-0.038471,-0.031152,0.873243,0.545916,-9.755794
1785347175.395262,0.005349,0.002408,0.000386,-0.011602,-0.009178,-0.029153,0.872196,0.547303,-9.755810
1785347175.403092,0.007178,0.002291,0.000884,0.010520,0.000447,-0.014725,0.872154,0.546408,-9.755864
1785347175.411465,0.007296,0.003337,0.000282,-0.003372,-0.004559,-0.013174,0.871640,0.546854,-9.755885
1785347175.421046,0.006510,0.001855,-0.000021,-0.003235,0.001889,-0.017534,0.871731,0.547320,-9.755851
1785347175.430195,0.005478,0.001841,0.001953,0.002019,0.000603,-0.014950,0.871708,0.547253,-9.755857
1785347175.436975,0.005960,0.000662,0.000929,-0.000031,-0.005889,-0.015108,0.871051,0.547392,-9.755908
1785347175.445286,0.006145,0.002327,-0.000903,0.001896,0.001499,-0.016124,0.871109,0.547347,-9.755905
1785347175.453691,0.005626,0.001480,0.000567,0.001509,0.001093,-0.015241,0.871132,0.547333,-9.755904
1785347175.461663,0.006400,0.001733,0.000998,0.004934,0.001049,-0.018207,0.871132,0.547011,-9.755922
1785347175.469555,0.006104,0.001670,0.001435,0.011677,-0.003397,-0.007847,0.870751,0.545947,-9.756015
1785347175.480706,0.007126,0.000266,0.001544,-0.006248,-0.004087,-0.023585,0.870229,0.546763,-9.756016
1785347175.487833,0.007126,0.000266,0.001544,-0.006248,-0.004087,-0.023585,0.871306,0.546788,-9.755919
1785347175.496186,0.005880,0.001437,-0.000282,0.001286,-0.005602,-0.015823,0.870673,0.546805,-9.755974
1785347175.502408,0.005862,0.000942,-0.000131,-0.002998,0.003886,-0.015530,0.870971,0.547228,-9.755924
1785347175.510810,0.013706,0.005684,-0.005629,-0.037027,0.006216,-0.021909,0.871487,0.551012,-9.755665
1785347175.524390,0.006349,0.001800,0.000543,0.004446,0.001957,-0.014315,0.871596,0.550704,-9.755672
1785347175.528046,0.007038,0.000867,0.001037,0.000255,0.000823,-0.017873,0.871579,0.550834,-9.755667
1785347175.540730,0.006913,0.000023,0.001386,0.012677,0.000606,-0.016503,0.871538,0.549746,-9.755732
1785347175.541963,0.006081,0.000916,0.001350,0.009367,-0.001918,-0.027814,0.871193,0.549080,-9.755800
1785347175.552716,0.008024,0.000604,0.000314,0.011048,0.011547,-0.016157,0.872222,0.548138,-9.755761
1785347175.561634,0.006195,0.000432,0.001633,0.003434,-0.000371,-0.017601,0.872088,0.547958,-9.755783
1785347175.569226,-0.002425,0.012083,0.013091,0.174869,0.096586,0.001032,0.881358,0.530871,-9.755895
1785347175.577875,0.018336,-0.011614,-0.011433,-0.166025,-0.103521,-0.039676,0.871199,0.547445,-9.755891
1785347175.587162,0.007599,0.003241,0.001910,0.014005,0.008518,-0.016949,0.871925,0.546224,-9.755895
1785347175.594095,0.002297,0.016728,0.004625,0.179202,0.052907,-0.013021,0.876845,0.528875,-9.756410
1785347175.610104,0.017612,-0.011137,-0.007324,-0.139868,-0.092433,-0.032437,0.867792,0.542840,-9.756452
1785347175.610228,-0.007299,0.002616,0.007396,0.051260,0.153160,-0.018365,0.882585,0.537866,-9.755401
1785347175.618831,-0.007299,0.002616,0.007396,0.051260,0.153160,-0.018365,0.880540,0.534174,-9.755788
1785347175.631537,0.005227,-0.003369,0.003637,-0.011456,-0.011482,-0.031298,0.879267,0.535575,-9.755826
1785347175.634516,0.012699,-0.011567,-0.004572,-0.158418,-0.040466,0.004937,0.875512,0.550965,-9.755307
1785347175.649163,-0.002866,0.009800,0.007752,0.159454,0.103656,-0.003866,0.885433,0.535398,-9.755278
1785347175.652722,0.012568,0.001947,-0.002380,0.014896,-0.057472,-0.050681,0.879544,0.534463,-9.755862
1785347175.665827,0.000517,-0.005711,0.004930,-0.011593,0.038531,-0.002132,0.883305,0.535565,-9.755462
1785347175.667430,0.007062,-0.000929,-0.000059,0.000943,-0.002480,-0.011641,0.883001,0.535579,-9.755489
1785347175.679626,0.006932,-0.000356,0.001993,0.005925,0.003573,-0.017948,0.883248,0.535158,-9.755490
1785347175.685418,0.007005,-0.000045,0.001159,-0.009960,-0.007496,-0.016814,0.882440,0.536283,-9.755501
1785347175.694715,0.007571,-0.000281,0.000879,0.004595,0.002540,-0.012566,0.882617,0.535945,-9.755504
1785347175.702490,0.006457,-0.000577,0.000258,0.001620,-0.004827,-0.018246,0.882048,0.535955,-9.755554
1785347175.710800,0.017287,-0.010595,-0.007557,-0.148530,-0.095808,-0.030892,0.872714,0.550771,-9.755569
1785347175.719233,0.006671,-0.001725,0.001231,-0.001398,0.002150,-0.016253,0.872838,0.551047,-9.755542
1785347175.729437,0.003900,-0.001238,0.004391,0.049579,-0.011192,0.004588,0.871710,0.546203,-9.755915
1785347175.734100,0.008739,-0.000298,0.005018,0.049551,-0.010378,-0.010565,0.870580,0.541494,-9.756279
1785347175.745821,0.007129,-0.000376,0.000423,-0.008926,-0.008691,-0.017928,0.869648,0.542529,-9.756304
1785347175.753421,0.007958,-0.001058,0.000518,-0.011229,-0.009232,-0.021528,0.868647,0.543819,-9.756322
1785347175.763379,0.005768,-0.000756,0.001083,0.001031,0.000087,-0.013504,0.868583,0.543837,-9.756326
1785347175.772373,0.014156,-0.004636,-0.011582,-0.118035,0.021747,-0.060204,0.870534,0.555803,-9.755478
1785347175.778215,0.007664,-0.001736,0.000597,0.003525,-0.003811,-0.009317,0.870107,0.555547,-9.755531
1785347175.785858,-0.000117,0.000011,0.012954,0.116260,-0.024397,0.031121,0.867739,0.544012,-9.756392
1785347175.796193,0.007039,-0.001982,0.001247,0.007401,-0.002195,-0.014889,0.867436,0.543425,-9.756451
1785347175.803509,0.008945,0.001520,-0.003365,-0.044845,-0.029124,-0.036130,0.864462,0.548136,-9.756452
1785347175.811579,0.002094,0.002856,0.001492,0.066849,0.145493,-0.032234,0.878391,0.541721,-9.755566
1785347175.821878,0.006813,-0.000794,0.000197,-0.003635,-0.006498,-0.017091,0.877672,0.542234,-9.755602
1785347175.828494,0.009587,-0.002601,-0.000101,-0.023516,-0.027177,-0.021410,0.874941,0.544747,-9.755708
1785347175.840755,0.007312,-0.001501,0.000446,0.007706,-0.001458,-0.014104,0.874712,0.544124,-9.755763
1785347175.844641,0.008031,-0.001198,0.002529,0.000109,-0.001956,-0.014766,0.874443,0.544246,-9.755780
1785347175.861734,0.008249,-0.003918,0.003157,0.000622,-0.008925,-0.019791,0.873466,0.544373,-9.755861
1785347175.862751,0.008645,0.002170,-0.002539,-0.023865,-0.000185,-0.012282,0.873418,0.546799,-9.755729
1785347175.871541,0.000730,-0.007149,0.004295,0.054010,-0.005133,-0.005737,0.872806,0.541610,-9.756073
1785347175.895521,0.006851,-0.003250,-0.000994,0.012712,0.001154,-0.014186,0.872824,0.540498,-9.756133
1785347175.895620,0.007123,-0.002561,0.001693,-0.010230,-0.004539,-0.014331,0.872322,0.541625,-9.756116
1785347175.895683,0.017812,0.002339,-0.010177,0.045746,-0.081836,-0.023410,0.864144,0.537511,-9.757071
1785347175.903541,-0.000598,-0.010154,0.012763,-0.013458,0.084239,-0.008364,0.872340,0.538760,-9.756273
1785347175.912159,0.016068,-0.013555,-0.003918,-0.111458,-0.074756,-0.021725,0.865106,0.549896,-9.756296
1785347175.919949,0.018183,0.004541,-0.012335,0.055814,-0.088216,-0.015793,0.856327,0.544750,-9.757359
1785347175.928648,0.009601,-0.001086,-0.003830,-0.013912,-0.032068,-0.025384,0.853085,0.546372,-9.757552
1785347175.943230,0.006769,-0.004104,-0.000476,0.016958,-0.000801,-0.012724,0.852912,0.544834,-9.757653
1785347175.943940,0.008845,-0.003717,0.001249,-0.007435,0.002730,-0.018560,0.853092,0.545712,-9.757588
1785347175.953263,0.003140,-0.002698,0.014105,0.058719,0.000761,0.005891,0.853100,0.539953,-9.757908
1785347175.964981,0.001880,-0.010345,0.006760,0.078915,-0.019674,-0.017258,0.850960,0.532464,-9.758507
1785347175.968474,0.014722,0.001349,-0.004561,-0.072797,0.007040,-0.025713,0.851634,0.539748,-9.758047
1785347175.979143,0.000220,-0.007659,0.006718,0.060200,-0.020956,-0.010211,0.849434,0.534020,-9.758554
1785347175.985167,0.014226,0.000703,-0.007823,-0.054562,0.011777,-0.030188,0.850519,0.539561,-9.758155
1785347175.995847,0.009636,-0.002393,-0.001715,0.015321,-0.023398,-0.014301,0.848135,0.538235,-9.758436
1785347176.002475,0.008305,-0.002547,0.002174,-0.016246,-0.011555,-0.017554,0.846944,0.539984,-9.758443
1785347176.011742,0.004130,-0.004928,0.004082,-0.019112,0.017910,-0.018833,0.848626,0.541971,-9.758186
1785347176.019925,0.007172,-0.004188,-0.001705,0.028699,0.006951,-0.011540,0.849192,0.539268,-9.758287
1785347176.027863,0.008485,-0.003358,-0.000505,-0.016609,-0.030585,-0.014738,0.846161,0.541063,-9.758451
1785347176.036661,0.007101,-0.003207,-0.000634,0.013785,0.001605,-0.011254,0.846233,0.539816,-9.758514
1785347176.045587,0.007506,0.006234,-0.005371,-0.136356,0.008101,-0.003191,0.847252,0.553082,-9.757682
1785347176.053629,0.005149,-0.016792,0.004667,0.124391,-0.021219,-0.028394,0.844804,0.541273,-9.758557
1785347176.061945,0.003121,-0.003888,0.004902,-0.015029,0.018545,-0.018825,0.846542,0.542860,-9.758318
1785347176.070838,0.007306,-0.005069,0.001047,0.000423,0.004435,-0.013904,0.846901,0.542929,-9.758283
1785347176.077904,0.014457,0.008138,-0.012386,-0.087374,-0.005395,0.012089,0.846601,0.551328,-9.757838
1785347176.098202,0.007290,-0.002070,-0.000222,0.014451,-0.010861,-0.014146,0.845439,0.550064,-9.758010
1785347176.098352,-0.000498,-0.017145,0.005078,0.073667,-0.013231,-0.051492,0.843735,0.543368,-9.758533
1785347176.114459,0.006897,0.003683,-0.019420,-0.229937,0.030911,-0.007487,0.847149,0.565720,-9.756967
1785347176.114587,0.004806,-0.013071,0.020845,0.230358,-0.029190,-0.022020,0.843736,0.543577,-9.758521
1785347176.120319,0.012590,0.005628,-0.009303,-0.112122,0.023960,0.001284,0.846298,0.554416,-9.757689
1785347176.128625,0.003126,-0.006059,0.004978,-0.014693,0.018953,-0.023709,0.848048,0.556010,-9.757447
1785347176.137192,0.009873,0.000239,0.002559,0.073192,-0.021456,0.023080,0.845935,0.548741,-9.758042
1785347176.142179,-0.000049,-0.019719,0.003459,0.065447,-0.007874,-0.059391,0.844723,0.542903,-9.758473
1785347176.157046,0.010238,-0.004482,-0.003955,-0.037895,-0.000730,-0.034903,0.844545,0.546885,-9.758266
1785347176.161215,0.006502,-0.003782,0.000739,-0.008604,-0.007630,-0.019509,0.843714,0.547903,-9.758281
1785347176.169820,0.006877,-0.005354,0.002097,0.000639,-0.002740,-0.018831,0.843346,0.548007,-9.758307
1785347176.178726,0.007284,-0.005688,0.001957,0.001048,-0.011214,-0.015432,0.842168,0.548060,-9.758406
1785347176.188126,0.002149,-0.006608,0.003523,-0.010386,0.017139,-0.021311,0.843749,0.549215,-9.758204
1785347176.195177,0.005253,-0.004767,0.000731,-0.004032,0.000609,-0.014849,0.843738,0.549732,-9.758176
1785347176.203634,0.005253,-0.004767,0.000731,-0.004032,0.000609,-0.014849,0.843835,0.550042,-9.758150
1785347176.213797,0.005452,-0.005679,-0.001484,0.004326,-0.001122,-0.020290,0.843608,0.549797,-9.758184
1785347176.217055,0.006036,-0.005630,0.002521,-0.018925,-0.013965,-0.018443,0.842188,0.551824,-9.758192
1785347176.230156,0.005394,-0.004802,0.002520,0.014406,0.004036,-0.014164,0.842475,0.550535,-9.758240
1785347176.238552,0.004785,-0.008067,0.000916,-0.005857,0.004358,-0.014090,0.842838,0.551215,-9.758170
1785347176.254004,0.004183,-0.005343,-0.000006,0.010032,0.004117,-0.013554,0.843146,0.550346,-9.758193
1785347176.254923,0.006153,-0.005013,-0.000351,-0.013120,-0.005482,-0.018220,0.842543,0.551789,-9.758163
1785347176.262734,0.002918,-0.004655,0.002776,0.027565,-0.011766,-0.001673,0.841325,0.549150,-9.758417
1785347176.271661,-0.010538,0.008862,0.028348,0.440521,0.299163,0.012194,0.869575,0.505556,-9.758297
1785347176.280730,0.019794,-0.020638,-0.028149,-0.447574,-0.308083,-0.048812,0.840275,0.550166,-9.758450
1785347176.286720,-0.010543,0.008884,0.031075,0.447349,0.316205,0.029315,0.870247,0.505714,-9.758229
1785347176.294496,0.004093,-0.006774,0.002585,0.003480,0.002973,-0.013390,0.870464,0.505486,-9.758221
1785347176.303299,0.004814,-0.007636,0.000558,-0.026679,-0.021711,-0.024314,0.868289,0.508342,-9.758266
1785347176.315219,0.012954,-0.004539,-0.007868,-0.093060,-0.006097,-0.050057,0.867666,0.517837,-9.757823
1785347176.318654,-0.003941,-0.005227,0.006028,0.087879,0.003697,0.017363,0.867904,0.509138,-9.758259
1785347176.328417,0.003577,-0.005628,-0.000863,-0.006346,-0.005553,-0.017638,0.867291,0.509922,-9.758273
1785347176.336368,0.004548,-0.006656,-0.001640,-0.009611,0.004704,-0.020275,0.867674,0.511022,-9.758181
1785347176.344352,0.003721,-0.005214,0.000321,-0.000422,0.000089,-0.011901,0.867625,0.511167,-9.758178
1785347176.352874,0.004370,-0.006992,0.001970,0.006480,0.003779,-0.009425,0.867932,0.510611,-9.758180
1785347176.362589,0.003724,-0.005374,0.000009,0.008218,0.004852,-0.017729,0.868299,0.509957,-9.758181
1785347176.370298,0.004639,-0.008170,0.001669,-0.002311,-0.004654,-0.018704,0.867759,0.510357,-9.758208
1785347176.381678,0.002107,-0.006751,-0.000303,0.003648,0.004806,-0.017143,0.868135,0.510141,-9.758186
1785347176.384224,0.007984,-0.002644,-0.004243,-0.039657,-0.032920,-0.035030,0.864850,0.514382,-9.758255
1785347176.397163,0.004206,-0.006281,0.000378,0.005747,0.002027,-0.013977,0.864965,0.513941,-9.758268
1785347176.403382,0.003430,-0.005410,-0.000520,0.006067,-0.002208,-0.014332,0.864664,0.513482,-9.758319
1785347176.411617,-0.000993,-0.007533,0.004798,0.043741,-0.014324,-0.000216,0.863155,0.509271,-9.758673
1785347176.419451,0.016693,-0.019727,-0.026229,-0.412830,-0.258936,-0.069391,0.838579,0.550638,-9.758570
1785347176.427544,0.003324,-0.005144,-0.000472,0.006844,-0.003957,-0.015911,0.838092,0.550118,-9.758641
1785347176.435303,0.014512,-0.002438,-0.011157,-0.109639,0.023222,-0.052149,0.840362,0.561156,-9.757817
1785347176.444383,0.002778,-0.005743,0.001029,0.000774,0.000437,-0.016269,0.840315,0.561218,-9.757818
1785347176.452924,0.002814,-0.007142,0.001246,0.001546,-0.000514,-0.012972,0.840191,0.561180,-9.757831
1785347176.461983,-0.000295,-0.008722,0.003065,0.034810,0.003288,-0.001091,0.840414,0.557798,-9.758005
1785347176.471033,0.002397,-0.006766,0.000605,-0.001863,0.004636,-0.016796,0.840781,0.558110,-9.757956
1785347176.479214,0.002519,-0.005919,0.000573,-0.003431,-0.009164,-0.013825,0.839822,0.558586,-9.758011
1785347176.487365,0.002791,-0.005657,-0.000396,-0.004848,-0.013718,-0.024004,0.838368,0.559298,-9.758095
1785347176.495157,0.002479,-0.004464,-0.000151,0.001766,-0.001399,-0.014395,0.838150,0.559252,-9.758117
1785347176.502770,0.002985,-0.006013,-0.005316,-0.043733,0.003932,-0.025237,0.838516,0.563706,-9.757829
1785347176.511141,0.001023,-0.007331,0.001072,-0.001372,-0.001979,-0.016844,0.838236,0.563988,-9.757837
1785347176.521855,0.004785,0.000471,-0.004888,-0.048921,0.014597,0.000661,0.839797,0.568696,-9.757429
1785347176.529275,0.005352,-0.005824,-0.000923,-0.017523,0.000420,-0.023374,0.839759,0.570596,-9.757322
1785347176.537074,0.005567,-0.006719,0.001983,-0.110442,-0.030780,-0.010365,0.837003,0.581500,-9.756915
1785347176.542887,-0.001718,-0.013552,0.007338,0.085326,0.033926,-0.005103,0.840048,0.573159,-9.757146
1785347176.553576,0.000491,0.005528,0.001589,0.113833,0.016810,0.014100,0.841449,0.561932,-9.757679
1785347176.561846,-0.000254,-0.006451,-0.000550,-0.008979,-0.007280,-0.017800,0.840668,0.562977,-9.757686
1785347176.570731,0.004727,-0.009194,0.004093,-0.071557,-0.028735,-0.016957,0.837972,0.570154,-9.757501
1785347176.578236,0.002006,-0.007733,-0.001387,0.015023,0.008234,-0.018987,0.838630,0.568833,-9.757522
1785347176.585869,-0.003168,-0.010346,0.001679,0.141477,0.019132,-0.020918,0.839982,0.555210,-9.758190
1785347176.595313,0.003597,-0.007083,0.005969,-0.084395,-0.044652,-0.013052,0.835797,0.563649,-9.758066
1785347176.603125,0.002391,-0.006017,-0.001221,0.008980,0.000381,-0.016813,0.835718,0.562918,-9.758115
1785347176.611843,-0.002572,-0.005905,0.009924,0.080129,0.004279,-0.023799,0.835777,0.555321,-9.758545
1785347176.628584,0.000420,-0.010242,-0.010562,0.030383,0.021205,-0.026617,0.837616,0.552533,-9.758545
1785347176.628729,0.005044,-0.007220,0.001339,-0.117897,-0.017689,-0.010108,0.836181,0.564127,-9.758005
1785347176.635773,0.002673,-0.010373,-0.005780,-0.045202,0.018952,-0.040703,0.837942,0.568809,-9.757582
1785347176.644251,-0.002124,-0.003540,-0.005247,0.077767,0.037477,-0.015198,0.841285,0.561272,-9.757731
1785347176.654734,-0.000221,-0.002160,0.000157,0.047238,0.027998,-0.019444,0.843771,0.556765,-9.757775
1785347176.663635,-0.007827,-0.014805,0.004468,0.041919,-0.047664,0.004004,0.839016,0.552801,-9.758410
1785347176.671199,0.002763,-0.007619,0.005539,-0.081330,-0.037624,-0.018777,0.835491,0.560976,-9.758246
1785347176.677544,-0.003996,-0.000670,-0.001185,0.141675,0.071011,-0.018682,0.841889,0.547154,-9.758481
1785347176.685416,0.000572,-0.006864,-0.000132,-0.001487,-0.002765,-0.015006,0.841546,0.547435,-9.758495
1785347176.695194,0.000588,-0.012363,-0.002387,-0.050058,-0.031947,-0.016010,0.838499,0.552534,-9.758469
1785347176.703618,0.000710,-0.000305,-0.000489,0.067983,0.060996,0.000115,0.844240,0.545739,-9.758357
1785347176.711597,-0.000103,-0.005491,-0.001431,-0.008446,0.006093,-0.013249,0.844792,0.546655,-9.758258
1785347176.718320,-0.000328,-0.006016,0.000007,0.008987,-0.002662,-0.016698,0.844418,0.545933,-9.758331
1785347176.728939,-0.001899,-0.008051,0.002128,-0.018776,-0.020284,-0.035040,0.842316,0.548121,-9.758390
1785347176.737113,-0.000173,-0.006724,-0.001766,-0.013548,0.001232,-0.021072,0.842369,0.549614,-9.758301
1785347176.744915,-0.000704,-0.006948,-0.000416,0.010100,0.000272,-0.005422,0.842335,0.548679,-9.758357
1785347176.754077,0.001353,-0.004600,-0.004926,-0.044942,0.016892,-0.033750,0.843949,0.553281,-9.757957
1785347176.765592,-0.004391,-0.008086,0.002894,0.051734,-0.016354,0.004273,0.842211,0.548270,-9.758390
1785347176.769210,-0.000449,-0.005567,-0.000795,0.000403,0.005721,-0.015474,0.842687,0.548345,-9.758345
1785347176.779680,-0.000526,-0.006362,-0.002165,-0.006211,0.006619,-0.026234,0.843216,0.549152,-9.758254
1785347176.788523,-0.001258,-0.005069,-0.000244,0.002383,0.003684,-0.013643,0.843496,0.549026,-9.758237
1785347176.797386,-0.001611,-0.006307,0.001250,-0.001127,-0.003078,-0.013719,0.843128,0.549263,-9.758255
1785347176.800465,-0.002480,-0.006582,-0.000675,-0.004755,0.006775,-0.010543,0.843750,0.549793,-9.758172
1785347176.812095,-0.001775,-0.006320,0.000894,0.022606,0.005618,-0.015516,0.844143,0.547712,-9.758255
1785347176.820128,-0.001586,-0.006397,-0.001886,0.001529,-0.000216,-0.016042,0.844034,0.547702,-9.758265
1785347176.827607,-0.001888,-0.004532,-0.001929,-0.022776,-0.009108,-0.019802,0.843118,0.550115,-9.758208
1785347176.835723,-0.001965,-0.004855,-0.000869,0.004585,-0.000396,-0.014512,0.842988,0.549795,-9.758237
1785347176.846231,-0.001594,-0.004859,-0.000310,-0.002449,-0.002687,-0.018913,0.842636,0.550204,-9.758245
1785347176.857312,-0.001362,-0.006098,0.000204,0.008478,0.000323,-0.017927,0.842545,0.549533,-9.758290
1785347176.859286,-0.003385,-0.006021,0.000046,0.004844,0.009790,-0.012002,0.843422,0.549133,-9.758237
1785347176.870496,0.000442,-0.010907,0.005576,-0.071472,-0.030822,-0.009312,0.840608,0.556260,-9.758076
1785347176.878952,-0.004928,-0.002753,-0.004541,0.094900,0.036922,-0.018613,0.843789,0.547075,-9.758321
1785347176.885777,-0.002680,-0.004070,-0.002887,0.003341,0.008645,-0.013738,0.844550,0.546839,-9.758268
1785347176.894286,0.001726,-0.005809,-0.006262,-0.064039,0.001609,-0.045483,0.844691,0.553445,-9.757884
1785347176.902930,-0.005368,-0.005265,0.002984,0.032197,-0.009832,-0.003235,0.843604,0.550379,-9.758151
1785347176.912804,-0.002277,-0.004426,0.000363,0.007077,0.003299,-0.014538,0.843825,0.549805,-9.758164
1785347176.919080,-0.001976,-0.010324,-0.003425,-0.057792,-0.038730,-0.012469,0.840184,0.555662,-9.758147
1785347176.930599,-0.002932,-0.004985,0.000123,-0.000777,0.004199,-0.014893,0.840518,0.555850,-9.758107
1785347176.936142,-0.002375,-0.005533,-0.001382,0.003591,-0.002193,-0.014388,0.840216,0.555632,-9.758146
1785347176.943540,-0.003304,-0.006209,-0.000698,-0.004063,0.000300,-0.024199,0.840132,0.556233,-9.758119
1785347176.957918,-0.001268,-0.004547,-0.003423,0.015159,-0.027489,-0.007531,0.837358,0.554923,-9.758432
1785347176.961567,-0.006311,-0.005869,0.004324,-0.002495,0.027142,-0.020470,0.839907,0.555243,-9.758195
1785347176.970644,-0.001785,-0.005960,-0.005310,0.006132,-0.018693,-0.019235,0.837961,0.554879,-9.758383
1785347176.978854,-0.003622,-0.004840,0.000343,0.000466,0.001226,-0.012816,0.838012,0.554939,-9.758375
1785347176.987438,-0.002696,-0.004978,-0.000797,-0.009115,-0.000554,-0.016051,0.837907,0.555964,-9.758326
1785347176.994802,-0.003060,-0.004247,-0.001146,0.000872,-0.002150,-0.014821,0.837616,0.556013,-9.758348
1785347177.002711,-0.002344,-0.005203,-0.002656,-0.010814,0.003938,-0.024133,0.837913,0.557256,-9.758251
1785347177.015949,-0.003471,-0.003894,-0.000730,0.006491,0.002612,-0.020843,0.838034,0.556794,-9.758267
1785347177.019270,-0.000301,-0.005065,-0.004608,-0.041195,0.008445,-0.028325,0.838860,0.561007,-9.757955
1785347177.029235,-0.007245,-0.004851,0.003487,0.050105,-0.002982,0.000636,0.838387,0.556145,-9.758274
1785347177.036312,-0.004877,-0.005393,0.000867,0.000352,0.002322,-0.013256,0.838543,0.556216,-9.758256
1785347177.044923,-0.003993,-0.005067,0.000974,0.001906,0.010377,-0.012578,0.839482,0.556100,-9.758182
1785347177.053144,-0.003643,-0.004779,-0.000993,-0.004486,-0.003138,-0.016131,0.839108,0.556686,-9.758181
1785347177.060944,-0.014707,-0.010744,0.009909,-0.059160,0.082187,-0.012579,0.847279,0.562231,-9.757157
1785347177.070285,-0.001464,-0.006051,-0.008343,-0.065917,0.018675,-0.043649,0.849116,0.568940,-9.756608
1785347177.077621,-0.005645,-0.004700,-0.001773,-0.011157,-0.001158,-0.016673,0.848956,0.570173,-9.756550
1785347177.091550,-0.004288,-0.004311,-0.000817,-0.004290,0.002232,-0.016243,0.849103,0.570722,-9.756506
1785347177.092597,-0.004702,-0.004367,0.000432,0.006681,0.004909,-0.015142,0.849475,0.570185,-9.756505
1785347177.104303,-0.004006,-0.004205,0.000358,-0.004230,-0.002099,-0.014237,0.849210,0.570728,-9.756496
1785347177.116144,-0.006443,-0.004906,0.000572,-0.001429,0.005024,-0.015668,0.849622,0.570983,-9.756445
1785347177.120349,-0.004247,-0.003905,-0.000532,0.014023,0.008403,-0.016499,0.850298,0.569732,-9.756459
1785347177.128196,-0.005481,-0.004656,-0.001967,-0.010412,-0.001248,-0.017088,0.850125,0.570896,-9.756406
1785347177.136913,-0.005960,-0.003792,-0.001635,0.002880,0.007619,-0.012895,0.850788,0.570699,-9.756360
1785347177.144886,-0.007685,-0.004844,0.001751,0.037293,-0.000455,-0.008809,0.850550,0.567156,-9.756587
1785347177.153181,-0.006628,-0.003213,0.000674,-0.005705,-0.007765,-0.012564,0.849748,0.567850,-9.756617
1785347177.161705,-0.004147,-0.003202,-0.000896,0.002696,0.012548,-0.017556,0.850868,0.567691,-9.756529
1785347177.170269,-0.010109,-0.005894,0.009455,0.080635,-0.017954,-0.001543,0.848789,0.559946,-9.757157
1785347177.176859,-0.004760,-0.003815,-0.000609,-0.006014,-0.003818,-0.020509,0.848333,0.560723,-9.757152
1785347177.185868,-0.006531,-0.003196,-0.002952,0.002668,0.011295,-0.012655,0.849357,0.560529,-9.757074
1785347177.194715,0.004352,0.001932,-0.016882,-0.160856,-0.002313,-0.067882,0.849416,0.576747,-9.756124
1785347177.202771,-0.006977,-0.001467,0.001291,0.046042,-0.010323,-0.014504,0.848144,0.572444,-9.756488
1785347177.211450,-0.012636,-0.010006,0.012548,0.126834,0.005327,0.022133,0.848265,0.559915,-9.757205
1785347177.217083,0.002707,-0.000329,-0.013520,-0.123757,0.030602,-0.049242,0.851492,0.572235,-9.756209
1785347177.231699,-0.000375,0.003916,-0.007258,-0.015383,-0.049896,-0.038982,0.846481,0.574272,-9.756525
1785347177.235184,-0.005720,-0.001787,-0.000979,-0.013132,-0.011266,-0.017232,0.845344,0.575743,-9.756537
1785347177.246057,-0.008666,-0.003003,0.001968,0.023755,-0.008356,-0.008102,0.844387,0.573542,-9.756750
1785347177.253083,-0.016254,0.000041,0.008561,0.143151,0.084941,0.014113,0.852148,0.559167,-9.756909
1785347177.262686,-0.005882,-0.002919,-0.001292,0.001938,0.004338,-0.014637,0.852486,0.559088,-9.756884
1785347177.269742,-0.000022,-0.004496,-0.004637,-0.063520,-0.080039,-0.022709,0.844828,0.565787,-9.757164
1785347177.278172,-0.023421,-0.004883,0.015645,0.159127,0.054834,0.016078,0.849592,0.549967,-9.757655
1785347177.285303,0.005843,-0.000235,-0.015270,-0.125517,0.051119,-0.061018,0.854787,0.562470,-9.756488
1785347177.294803,-0.003933,0.001869,-0.003552,0.012768,0.017420,0.004574,0.856455,0.561117,-9.756420
1785347177.302553,-0.006276,-0.001287,-0.000984,0.007058,0.001137,-0.016359,0.856450,0.560570,-9.756452
1785347177.311593,-0.012271,-0.003502,0.008611,0.065438,-0.039008,-0.007791,0.852328,0.554452,-9.757162
1785347177.319475,0.000146,-0.001628,-0.012630,-0.063963,0.038173,-0.028436,0.856175,0.560747,-9.756466
1785347177.327992,-0.012347,-0.002778,0.008484,0.068777,-0.034428,-0.006860,0.852488,0.554278,-9.757158
1785347177.335813,-0.006189,-0.002296,-0.000563,-0.000545,-0.004870,-0.024895,0.851887,0.554569,-9.757194
1785347177.345579,-0.005642,-0.001863,-0.000778,-0.004448,0.002498,-0.012069,0.852087,0.555095,-9.757147
1785347177.350929,-0.002774,0.001833,-0.008048,0.044428,-0.019895,-0.036188,0.849768,0.551184,-9.757571
1785347177.361472,-0.010548,-0.005098,0.004705,-0.026945,0.019309,-0.001499,0.851761,0.553728,-9.757253
1785347177.376060,-0.003054,0.000964,-0.005940,0.037155,-0.018445,-0.029452,0.849648,0.550459,-9.757622
1785347177.376200,-0.007568,-0.005053,0.001247,-0.005510,0.021819,0.002644,0.851813,0.550875,-9.757410
1785347177.388864,-0.005514,0.001221,-0.002582,0.009841,-0.000754,-0.036362,0.851510,0.550240,-9.757472
1785347177.391839,-0.007000,-0.003307,0.000958,-0.003879,0.005891,-0.001644,0.852093,0.550604,-9.757401
1785347177.400141,-0.005642,0.001023,-0.005288,0.011092,-0.015940,-0.035437,0.850309,0.549908,-9.757596
1785347177.413954,-0.007934,-0.000436,-0.000889,-0.011585,-0.005428,-0.025729,0.849700,0.551281,-9.757571
1785347177.422227,-0.007456,-0.002647,-0.000925,-0.009663,0.005175,-0.023215,0.850129,0.552398,-9.757471
1785347177.428849,-0.005359,-0.005388,-0.000586,0.022224,0.024572,0.001897,0.852434,0.550113,-9.757399
1785347177.437294,-0.007251,-0.004383,0.001204,0.007627,0.023998,0.000519,0.854742,0.549259,-9.757245
1785347177.447621,-0.007423,-0.001300,0.001415,-0.007997,0.006820,-0.013561,0.855374,0.550124,-9.757141
1785347177.453206,-0.008641,-0.003084,0.001398,0.013371,0.028907,-0.012461,0.858068,0.548804,-9.756979
1785347177.461584,-0.005866,0.000224,-0.001348,-0.016997,-0.005346,-0.016718,0.857539,0.550625,-9.756923
1785347177.471600,-0.007833,-0.000006,-0.001407,-0.001868,-0.005818,-0.020260,0.856877,0.551011,-9.756959
1785347177.479421,-0.006901,-0.000469,-0.003294,0.010220,0.006113,-0.015930,0.857345,0.550131,-9.756968
1785347177.487545,-0.003427,-0.002424,0.005884,-0.090757,-0.044066,-0.015754,0.853385,0.559281,-9.756795
1785347177.495434,-0.006973,-0.000715,-0.000448,0.009375,0.007606,-0.013283,0.854014,0.558452,-9.756787
1785347177.503516,-0.010989,0.000101,-0.005384,0.091370,0.051479,-0.022355,0.858494,0.549541,-9.756900
1785347177.513489,-0.001755,-0.002200,0.005641,-0.100143,-0.045703,-0.011459,0.854445,0.559574,-9.756685
1785347177.520483,-0.007463,-0.000405,-0.002271,0.009544,0.005458,-0.016968,0.854845,0.558771,-9.756696
1785347177.529922,-0.006780,0.000394,-0.001063,-0.002860,-0.004609,-0.017124,0.854320,0.559220,-9.756716
1785347177.536255,-0.007598,-0.000810,0.000481,-0.006781,0.002244,-0.017376,0.854481,0.560020,-9.756656
1785347177.545433,-0.006419,-0.002087,-0.001480,-0.013248,0.007798,-0.025456,0.855171,0.561493,-9.756511
1785347177.554972,-0.006221,0.000191,0.001408,0.016106,-0.001302,-0.006638,0.854934,0.559994,-9.756618
1785347177.562752,-0.003713,0.001021,-0.009377,-0.063222,0.028150,-0.034752,0.857796,0.566302,-9.756003
1785347177.569531,-0.011732,-0.003038,0.004100,0.052546,-0.017255,-0.007944,0.855822,0.561355,-9.756462
1785347177.579216,-0.007282,0.000754,-0.001326,0.002372,-0.000132,-0.018845,0.855700,0.561291,-9.756476
1785347177.587791,-0.006522,0.001142,-0.000974,0.004576,0.006342,-0.015317,0.856217,0.560951,-9.756450
1785347177.594405,-0.008251,0.000996,0.000131,0.002769,-0.007257,-0.007619,0.855457,0.560784,-9.756527
1785347177.602319,-0.004975,0.001732,-0.001889,0.023457,-0.004649,-0.018249,0.854797,0.558690,-9.756705
1785347177.610570,-0.012614,0.000170,-0.003087,0.065222,0.064366,-0.021874,0.860642,0.552241,-9.756558
1785347177.618914,-0.007356,0.000536,0.000119,-0.007996,-0.003298,-0.019215,0.860262,0.553203,-9.756537
1785347177.627560,-0.006949,0.000220,-0.001308,0.003469,0.003545,-0.015690,0.860511,0.552987,-9.756527
1785347177.634289,-0.006059,0.001276,-0.000882,-0.002221,0.000222,-0.013916,0.860472,0.553325,-9.756512
1785347177.648118,-0.007989,0.001574,0.000158,-0.016185,0.007391,-0.025892,0.861140,0.555088,-9.756353
1785347177.653984,-0.006195,0.001931,-0.000515,-0.007389,0.002183,-0.018324,0.861296,0.555956,-9.756289
1785347177.660970,-0.005979,-0.000207,-0.002398,0.025132,0.010045,-0.008363,0.862108,0.553542,-9.756355
1785347177.669440,-0.006893,0.001775,0.001044,-0.019352,-0.002316,-0.017369,0.861889,0.555585,-9.756258
1785347177.677918,-0.005046,0.001558,-0.001106,0.001560,-0.000826,-0.019298,0.861702,0.555609,-9.756273
1785347177.689362,-0.006909,0.001883,-0.001289,0.006995,0.008001,-0.016922,0.862361,0.555040,-9.756247
1785347177.694818,-0.006846,0.000877,-0.001526,0.004558,0.003035,-0.018187,0.862541,0.554743,-9.756248
1785347177.703536,-0.007006,0.000471,-0.000689,0.002104,0.006906,-0.018153,0.863111,0.554665,-9.756202
1785347177.711387,-0.006182,0.001455,-0.001957,0.012265,0.006958,-0.015427,0.863649,0.553577,-9.756217
1785347177.717220,-0.006094,0.002911,0.001119,-0.014233,-0.006359,-0.016065,0.863019,0.555133,-9.756184
1785347177.729474,-0.007118,0.001480,0.000539,-0.001209,0.002898,-0.019903,0.863206,0.555412,-9.756152
1785347177.737326,-0.006087,0.002406,-0.001133,0.000524,0.001402,-0.018963,0.863244,0.555522,-9.756142
1785347177.744654,-0.006681,0.001756,-0.001378,-0.004218,0.001277,-0.017043,0.863303,0.556076,-9.756105
1785347177.752379,-0.007748,0.001199,-0.001348,-0.001738,0.001383,-0.019806,0.863345,0.556414,-9.756082
1785347177.760885,-0.006657,0.001933,-0.000634,0.001425,-0.002328,-0.016470,0.863027,0.556434,-9.756109
1785347177.770617,-0.006021,0.001895,-0.000161,0.004942,0.009624,-0.015917,0.863858,0.556046,-9.756058
1785347177.778740,-0.006466,0.003701,0.003593,-0.010669,0.032312,-0.024430,0.866938,0.557130,-9.755723
1785347177.785937,-0.006653,0.002320,-0.000758,0.004756,-0.002618,-0.017278,0.866570,0.556836,-9.755772
1785347177.794528,-0.001213,-0.004861,0.006400,-0.138441,-0.109615,-0.002059,0.856599,0.570857,-9.755842
1785347177.802217,-0.006811,0.002373,-0.001166,0.002535,0.000660,-0.017888,0.856556,0.570765,-9.755852
1785347177.810506,-0.005985,0.004363,-0.001703,0.006589,-0.001702,-0.019586,0.856253,0.570308,-9.755905
1785347177.819217,-0.006425,0.002151,-0.000684,0.007720,0.000865,-0.016917,0.856208,0.569703,-9.755944
1785347177.828056,-0.006625,0.001862,-0.000437,-0.001247,-0.000621,-0.014714,0.856077,0.569957,-9.755941
1785347177.835675,-0.005868,0.003597,-0.000425,0.003746,0.004415,-0.016928,0.856399,0.569720,-9.755926
1785347177.846918,-0.006522,0.002558,0.000542,-0.003789,0.002382,-0.016601,0.856565,0.570222,-9.755883
1785347177.855331,-0.006240,0.001963,-0.000925,0.010025,0.005990,-0.014538,0.857019,0.569345,-9.755894
1785347177.861126,-0.006159,0.002925,-0.000635,0.007838,0.007264,-0.015641,0.857604,0.568685,-9.755881
1785347177.867123,-0.010499,-0.000936,0.003473,-0.033629,0.022032,-0.022395,0.859813,0.572027,-9.755491
1785347177.878524,-0.001652,0.005301,-0.004200,0.038169,-0.017003,-0.009302,0.857903,0.568498,-9.755866
1785347177.887198,-0.011110,0.000614,0.002215,-0.020153,0.027007,-0.025798,0.860508,0.570536,-9.755517
1785347177.894877,-0.006170,0.003855,-0.000786,0.002501,-0.007505,-0.014933,0.859686,0.570467,-9.755594
1785347177.905228,-0.006697,0.003169,-0.000412,0.007246,0.011902,-0.013581,0.860735,0.569820,-9.755539
1785347177.911247,-0.004902,0.002725,0.000249,-0.007871,-0.009047,-0.017626,0.859805,0.570789,-9.755564
1785347177.920112,-0.008149,0.000265,0.000889,-0.008520,0.034751,0.006785,0.863272,0.571366,-9.755224
1785347177.930002,-0.007494,0.002756,-0.001839,0.010126,0.008149,-0.022130,0.863895,0.570537,-9.755218
1785347177.937193,-0.005697,0.003567,-0.000194,0.005839,-0.000966,-0.015805,0.863687,0.570116,-9.755261
1785347177.944362,0.002605,0.009584,-0.008170,0.065029,-0.034804,-0.022382,0.859823,0.564199,-9.755946
1785347177.953914,-0.009271,0.005560,-0.006306,0.074951,0.050072,-0.019943,0.864187,0.556829,-9.755984
1785347177.958560,-0.005555,0.003725,-0.000172,0.003478,0.001500,-0.017823,0.864223,0.556643,-9.755991
1785347177.969620,-0.006158,0.003530,-0.000614,0.000795,0.002766,-0.012158,0.864427,0.556658,-9.755972
1785347177.979279,-0.005370,0.003971,-0.000903,0.002134,0.002637,-0.016453,0.864589,0.556583,-9.755962
1785347177.991879,-0.005557,0.003667,-0.001704,0.002882,0.002157,-0.018312,0.864690,0.556455,-9.755961
1785347177.996649,-0.004130,0.003138,-0.001998,0.014897,0.008639,-0.013888,0.865378,0.555086,-9.755978
1785347178.007588,-0.004130,0.003138,-0.001998,0.014897,0.008639,-0.013888,0.864727,0.555883,-9.755990
1785347178.009920,-0.006639,0.007656,-0.001435,-0.005762,-0.005816,-0.023030,0.865343,0.556511,-9.755900
1785347178.024170,-0.005706,0.003640,0.000373,0.001292,-0.001852,-0.011547,0.865097,0.556499,-9.755922
1785347178.027684,-0.004003,-0.000541,-0.002507,-0.039228,-0.023840,-0.010655,0.862942,0.560533,-9.755882
1785347178.038662,-0.004003,-0.000541,-0.002507,-0.039228,-0.023840,-0.010655,0.866363,0.555163,-9.755886
1785347178.044184,-0.005309,0.003589,-0.001334,0.005296,0.003779,-0.016603,0.866617,0.554777,-9.755885
1785347178.052368,-0.004242,0.003769,-0.000984,-0.000593,0.001327,-0.013890,0.866680,0.554951,-9.755870
1785347178.060736,-0.004242,0.003769,-0.000984,-0.000593,0.001327,-0.013890,0.867113,0.554038,-9.755883
1785347178.069188,-0.004393,0.004906,-0.001657,-0.016303,0.002173,-0.010656,0.867364,0.555702,-9.755766
1785347178.080739,-0.004393,0.004906,-0.001657,-0.016303,0.002173,-0.010656,0.862927,0.562353,-9.755779
1785347178.086091,-0.003783,0.004398,0.000806,0.000705,0.001667,-0.013102,0.863019,0.562392,-9.755768
1785347178.092748,-0.004062,0.004187,0.000170,-0.004917,-0.004434,-0.017367,0.862526,0.563049,-9.755774
1785347178.102106,-0.004406,0.005594,-0.001229,-0.010733,0.003881,-0.013324,0.862898,0.564186,-9.755675
1785347178.114351,-0.003355,0.003320,-0.001406,0.009518,0.009126,-0.016421,0.863648,0.563357,-9.755657
1785347178.122186,-0.003391,0.003681,-0.001173,0.004214,0.003202,-0.015404,0.863857,0.563067,-9.755655
1785347178.127936,-0.012652,-0.003671,0.009589,-0.044517,0.079495,-0.006811,0.871824,0.566982,-9.754720
1785347178.135754,-0.003345,0.004572,0.000063,-0.004100,-0.005630,-0.017531,0.871209,0.567570,-9.754740
1785347178.146161,-0.003429,0.004633,0.000089,0.006582,0.005008,-0.016650,0.871573,0.567053,-9.754738
1785347178.153667,-0.004228,0.003816,-0.000905,-0.000571,0.001814,-0.019941,0.871651,0.567277,-9.754718
1785347178.166286,-0.004252,0.005036,-0.000279,0.003387,0.003199,-0.010208,0.871890,0.567022,-9.754711
1785347178.169095,-0.002318,0.004688,-0.000120,0.000315,0.000685,-0.021606,0.871844,0.567182,-9.754706
1785347178.177963,-0.009747,0.009463,-0.012857,0.192896,0.090619,-0.016615,0.879443,0.548093,-9.755115
1785347178.192240,-0.002609,0.004287,-0.000336,-0.001670,-0.001627,-0.017549,0.879208,0.548424,-9.755118
1785347178.192320,-0.003122,0.004998,-0.000163,0.005820,0.005025,-0.016667,0.879580,0.547981,-9.755109
1785347178.203281,-0.003355,0.004072,-0.000067,-0.004518,-0.006294,-0.019700,0.878897,0.548636,-9.755134
1785347178.212017,-0.003707,0.005969,-0.000484,0.004107,0.001747,-0.023779,0.878925,0.548443,-9.755142
1785347178.222218,-0.004374,0.005007,-0.000719,0.005793,0.007627,-0.012453,0.879572,0.547948,-9.755112
1785347178.237083,0.002156,0.000441,0.013543,-0.153007,-0.093327,-0.009182,0.871356,0.563426,-9.754967
1785347178.237188,-0.006636,0.008637,-0.014128,0.161529,0.099356,-0.024641,0.879933,0.547389,-9.755111
1785347178.243943,-0.002882,0.005262,-0.001355,0.009382,-0.010326,-0.026095,0.878742,0.546779,-9.755252
1785347178.253213,-0.004480,0.005828,0.001402,0.032477,0.003583,-0.008800,0.878850,0.543688,-9.755415
1785347178.261524,-0.002416,0.005084,-0.000408,0.002796,0.002723,-0.018581,0.879008,0.543569,-9.755408
1785347178.268748,-0.002667,0.004285,-0.000829,0.002002,0.000989,-0.013359,0.879027,0.543490,-9.755410
1785347178.277213,-0.002735,0.004870,0.000618,0.011099,0.000888,-0.014643,0.878974,0.542542,-9.755468
1785347178.287184,0.003745,-0.001533,0.012834,-0.176813,-0.088286,-0.015886,0.871382,0.560368,-9.755141
1785347178.296205,-0.002161,0.004618,0.000030,0.009573,0.004712,-0.012925,0.871716,0.559527,-9.755160
1785347178.304658,-0.001614,0.004209,-0.000317,0.004304,0.001388,-0.015279,0.871748,0.559239,-9.755173
1785347178.313037,-0.002629,0.004619,-0.000444,0.003575,0.004830,-0.019491,0.872098,0.559039,-9.755154
1785347178.319762,-0.002663,0.009427,-0.001135,-0.014143,-0.010365,-0.023961,0.871056,0.560690,-9.755152
1785347178.327852,-0.001047,0.004686,0.000224,-0.004916,0.000119,-0.016603,0.871014,0.561316,-9.755120
1785347178.335857,-0.001681,0.005267,0.000794,0.015144,0.004377,-0.014482,0.871273,0.559951,-9.755175
1785347178.363125,-0.001157,0.004590,0.000675,0.003575,0.002550,-0.012260,0.871438,0.559699,-9.755175
1785347178.363307,-0.001798,0.004117,0.001160,0.004151,0.003654,-0.015288,0.871691,0.559412,-9.755169
1785347178.363346,-0.000484,0.006150,0.002732,-0.012475,0.033152,-0.025015,0.874871,0.560638,-9.754813
1785347178.370622,-0.001075,0.004381,-0.000097,0.004869,-0.001130,-0.018788,0.874636,0.560344,-9.754851
1785347178.380458,0.001564,-0.003243,-0.002673,-0.039849,-0.018518,-0.005129,0.873058,0.564369,-9.754761
1785347178.388305,0.007761,0.008773,-0.010839,0.063435,-0.093429,0.000934,0.863565,0.558803,-9.755926
1785347178.396378,-0.000720,0.004583,0.000199,0.002066,0.001610,-0.018110,0.863617,0.558754,-9.755924
1785347178.404122,-0.001378,0.004555,0.000127,0.000804,0.000081,-0.014844,0.863546,0.558808,-9.755928
1785347178.412691,0.000166,0.006058,0.000536,-0.005934,-0.008867,-0.016863,0.862635,0.559591,-9.755963
1785347178.424169,-0.000936,0.004828,0.000470,0.004542,0.008169,-0.011703,0.863343,0.559203,-9.755923
1785347178.427195,-0.000433,0.003729,0.000996,0.013152,0.000313,-0.019112,0.863194,0.558097,-9.755999
1785347178.437217,-0.000112,0.004453,-0.000169,0.005143,0.002343,-0.016386,0.863307,0.557730,-9.756010
1785347178.445266,0.000386,0.005673,0.000892,0.003776,-0.001193,-0.015502,0.863089,0.557510,-9.756042
1785347178.452718,-0.001198,0.014431,0.001989,0.046109,0.024346,-0.028736,0.865020,0.553141,-9.756120
1785347178.461854,0.001524,-0.004211,-0.001101,-0.041896,-0.019240,-0.004154,0.863396,0.557364,-9.756023
1785347178.469253,0.000025,0.004268,-0.001121,0.007766,-0.002456,-0.015656,0.863029,0.556767,-9.756090
1785347178.477277,-0.002024,0.014079,0.001792,0.049812,0.027036,-0.029994,0.865190,0.552031,-9.756168
1785347178.486020,0.000275,0.004595,0.000153,-0.001674,-0.006997,-0.017595,0.864432,0.552397,-9.756214
1785347178.494858,0.003318,0.006219,-0.003719,0.022270,-0.011508,-0.018736,0.863074,0.550481,-9.756443
1785347178.506781,-0.002401,0.004045,0.003451,-0.021775,0.012896,-0.029224,0.864328,0.552769,-9.756202
1785347178.510143,0.004231,0.005707,-0.002821,0.018704,-0.007876,-0.011379,0.863383,0.551109,-9.756380
1785347178.520189,0.000267,0.005561,0.000775,0.005620,-0.002149,-0.018315,0.863046,0.550743,-9.756430
1785347178.528634,0.000352,0.003487,0.000360,0.002343,-0.001653,-0.015731,0.862792,0.550667,-9.756457
1785347178.533702,0.001124,0.004463,0.001262,0.007996,0.001993,-0.017093,0.862850,0.550032,-9.756488
1785347178.546937,0.002023,0.005137,0.000600,0.000912,-0.002029,-0.017942,0.862558,0.550118,-9.756509
1785347178.554967,0.001889,0.004160,0.000701,0.003624,-0.001354,-0.019153,0.862308,0.549947,-9.756541
1785347178.565120,0.001523,0.003695,-0.000868,0.005366,-0.004257,-0.016301,0.861778,0.549601,-9.756607
1785347178.568100,0.006278,0.005369,-0.007547,-0.032943,0.042408,-0.035792,0.865952,0.552830,-9.756055
1785347178.577124,0.007955,0.014194,-0.003460,-0.074101,-0.007901,-0.006541,0.865648,0.560123,-9.755666
1785347178.585839,-0.002825,-0.005667,0.006446,0.062146,-0.012218,-0.033910,0.863871,0.554487,-9.756145
1785347178.596739,-0.001533,0.000458,-0.006127,-0.078173,0.007333,-0.031703,0.864956,0.562298,-9.755602
1785347178.600515,-0.003371,0.001360,0.006684,-0.031420,0.027866,-0.015122,0.867806,0.565289,-9.755176
1785347178.615058,0.002573,0.004091,0.000886,-0.002263,-0.000845,-0.015181,0.867663,0.565651,-9.755168
1785347178.621020,0.002307,0.004191,-0.000211,0.006604,0.001334,-0.017145,0.867661,0.565157,-9.755197
1785347178.627818,0.003313,0.002780,-0.001144,-0.016765,-0.012108,-0.016814,0.866513,0.567015,-9.755191
1785347178.635616,0.004586,0.006576,0.003022,0.043601,0.003559,-0.007966,0.866520,0.562838,-9.755432
1785347178.647264,0.000908,0.002490,-0.001334,-0.021037,0.007947,-0.018315,0.867346,0.564987,-9.755234
1785347178.653586,0.000675,0.000404,0.001948,-0.024142,0.004003,-0.004246,0.867880,0.567337,-9.755051
1785347178.663319,0.004577,0.005940,0.004509,0.035697,0.004441,-0.011238,0.868011,0.563949,-9.755235
1785347178.668884,0.001925,0.000446,0.003368,0.039446,0.029557,0.000925,0.870621,0.559915,-9.755235
1785347178.678085,0.003631,0.006649,-0.003207,-0.033958,-0.029280,-0.031098,0.867850,0.563688,-9.755265
1785347178.686756,0.002101,0.000321,0.003760,0.045599,0.031079,-0.001004,0.870555,0.559064,-9.755290
1785347178.693784,0.002062,0.003258,0.000790,-0.003305,-0.001607,-0.016921,0.870337,0.559548,-9.755282
1785347178.703179,0.004813,0.005806,0.002272,0.003030,-0.006435,-0.011461,0.869633,0.559403,-9.755353
1785347178.710081,0.004022,0.007063,-0.002855,-0.038200,-0.026289,-0.035615,0.867162,0.563609,-9.755331
1785347178.717972,0.001905,0.000171,0.003902,0.047540,0.035691,0.003409,0.870321,0.558723,-9.755330
1785347178.729163,0.003367,0.004154,-0.000043,-0.004463,-0.005157,-0.017781,0.869763,0.559352,-9.755344
1785347178.736146,0.002790,0.003580,0.000310,0.009210,0.002893,-0.013064,0.869915,0.558558,-9.755376
1785347178.746656,0.004604,0.016003,-0.016023,0.187661,0.028791,-0.031087,0.871246,0.540454,-9.756277
1785347178.752156,0.003525,0.003325,-0.000010,-0.009026,0.001061,-0.017324,0.871330,0.541478,-9.756213
1785347178.761722,0.003690,0.003149,0.001169,0.000044,-0.005711,-0.018771,0.870684,0.541684,-9.756259
1785347178.768784,0.003766,0.003923,0.001585,0.003935,0.005888,-0.016144,0.871152,0.541407,-9.756232
1785347178.780144,0.001017,0.003296,0.003730,0.044824,-0.009353,-0.002615,0.869911,0.537154,-9.756578
1785347178.787495,0.007649,0.003651,-0.003394,-0.041318,0.000791,-0.028892,0.870145,0.541413,-9.756322
1785347178.798520,0.002076,0.004121,0.003852,0.047887,-0.004957,-0.006805,0.869288,0.536870,-9.756649
1785347178.805937,0.003161,0.002997,0.000501,0.002297,0.007139,-0.016648,0.869888,0.536747,-9.756603
1785347178.810208,0.005928,0.003910,-0.003048,-0.056133,-0.010591,-0.040284,0.869069,0.542625,-9.756351
1785347178.819199,0.003253,0.003723,0.003737,0.047208,-0.004951,0.002652,0.868260,0.538063,-9.756675
1785347178.828461,0.002783,0.002748,0.002539,-0.003649,-0.002995,-0.022498,0.867888,0.538641,-9.756676
1785347178.837116,0.012024,0.004749,-0.006993,-0.021180,-0.009736,-0.025400,0.866973,0.540992,-9.756628
1785347178.844763,-0.000127,0.002175,0.005173,0.026282,-0.015546,-0.010811,0.865218,0.538656,-9.756913
1785347178.854077,0.007548,0.003349,-0.001751,-0.032319,0.005866,-0.033843,0.865864,0.542049,-9.756668
1785347178.863881,0.011568,-0.001774,0.007920,-0.138329,-0.056258,-0.006989,0.861360,0.555923,-9.756286
1785347178.870427,-0.003452,0.007776,-0.003779,0.194813,0.040700,-0.011410,0.863845,0.536854,-9.757134
1785347178.880203,0.008499,0.003160,-0.003998,-0.046150,-0.000462,-0.029951,0.863996,0.541597,-9.756858
1785347178.887010,0.006441,0.003483,0.002039,0.016507,-0.005592,-0.021120,0.863230,0.540229,-9.757002
1785347178.896040,0.004794,0.003556,0.001616,-0.008241,-0.003558,-0.022812,0.862836,0.541258,-9.756980
1785347178.904491,0.002917,0.004208,0.008973,0.088483,-0.008479,0.009180,0.861402,0.532667,-9.757579
1785347178.912055,0.007502,0.000318,-0.008308,-0.068210,0.011531,-0.042491,0.862828,0.539571,-9.757074
1785347178.928579,0.005278,0.002407,0.000372,0.005497,0.008608,-0.019353,0.863534,0.539148,-9.757035
1785347178.929433,0.005682,0.002563,0.001393,0.004511,-0.005596,-0.015135,0.862884,0.538888,-9.757107
1785347178.942359,0.006500,0.002319,0.000972,0.002094,-0.001181,-0.017411,0.862672,0.538851,-9.757128
1785347178.942441,0.005023,0.002255,0.000640,0.002684,-0.001190,-0.015374,0.862463,0.538738,-9.757152
1785347178.952345,0.005472,0.002744,0.000203,0.003800,-0.001473,-0.014885,0.862221,0.538514,-9.757186
1785347178.963271,-0.000141,-0.001236,0.008177,-0.025946,0.041587,-0.008735,0.866422,0.540794,-9.756688
1785347178.967044,0.012146,-0.004492,0.010818,-0.145414,-0.071675,-0.019137,0.860444,0.555589,-9.756385
1785347178.979009,0.012146,-0.004492,0.010818,-0.145414,-0.071675,-0.019137,0.866294,0.539918,-9.756748
1785347178.986685,0.005984,0.001303,0.002533,-0.004758,-0.005973,-0.018441,0.865661,0.540590,-9.756767
1785347178.995185,0.007173,0.002327,0.002162,0.028000,0.014909,-0.016507,0.866823,0.537914,-9.756811
1785347179.009739,0.008962,0.004059,0.002204,-0.020519,0.026928,-0.026570,0.869474,0.539937,-9.756464
1785347179.010652,0.011470,-0.005690,0.007240,-0.135343,-0.093944,-0.012125,0.861300,0.553868,-9.756408
1785347179.020322,0.003176,0.001532,0.004945,0.037017,-0.006910,-0.000620,0.860344,0.550340,-9.756692
1785347179.025478,0.008546,0.001895,-0.002992,-0.025032,0.002728,-0.027189,0.860668,0.552988,-9.756513
1785347179.036041,0.010087,0.002825,-0.003346,0.027770,-0.016721,-0.017776,0.858744,0.550585,-9.756819
1785347179.046137,0.006560,0.001772,0.002092,0.000828,0.000045,-0.012288,0.858683,0.550615,-9.756823
1785347179.052489,0.007198,0.001575,0.001129,0.000774,-0.004022,-0.015077,0.858213,0.550706,-9.756859
1785347179.061522,0.011951,0.014411,-0.011609,-0.073986,-0.004603,0.021831,0.858436,0.557711,-9.756441
1785347179.069916,-0.001812,-0.011225,0.014877,0.114323,-0.005132,-0.037923,0.856878,0.547017,-9.757184
1785347179.077103,0.009419,0.000229,-0.001708,0.022641,-0.007674,-0.010562,0.855907,0.544977,-9.757383
1785347179.085823,0.007473,0.011801,-0.008202,-0.139326,0.024213,-0.002987,0.859318,0.558312,-9.756329
1785347179.093863,0.006565,0.001532,0.002158,0.001643,-0.005296,-0.012488,0.858729,0.558306,-9.756381
1785347179.101961,0.008185,0.003035,0.002907,0.003396,-0.008356,-0.007733,0.857852,0.558110,-9.756470
1785347179.110991,0.007064,0.000883,0.000534,-0.004891,-0.002694,-0.014768,0.857555,0.558737,-9.756460
1785347179.119080,0.002633,0.004364,-0.004497,-0.040317,-0.005782,-0.023184,0.857190,0.562894,-9.756253
1785347179.127586,0.008998,-0.001992,0.001293,0.004558,-0.000904,-0.009183,0.857022,0.562542,-9.756288
1785347179.135486,0.006234,0.000147,0.001084,0.005835,0.002846,-0.015430,0.857177,0.562093,-9.756300
1785347179.146804,0.009463,-0.003337,0.009030,0.076797,-0.005885,-0.028281,0.855869,0.554954,-9.756824
1785347179.153098,0.004061,-0.009257,0.001736,0.006467,0.001475,-0.045659,0.855741,0.554725,-9.756848
1785347179.162160,0.008562,0.013888,-0.007899,-0.081773,0.001681,0.023745,0.856660,0.562418,-9.756327
1785347179.169111,0.005799,-0.012426,0.009193,0.087076,-0.008686,-0.054343,0.854867,0.554539,-9.756935
1785347179.178155,0.010036,0.002495,0.005640,0.057313,0.003410,-0.008878,0.854705,0.549041,-9.757261
1785347179.186648,0.007449,0.000345,0.000702,0.001255,-0.002568,-0.016584,0.854365,0.549088,-9.757288
1785347179.195345,-0.002072,-0.004875,0.017194,0.028761,0.006102,0.019861,0.854827,0.546077,-9.757416
1785347179.202194,0.007380,0.000460,0.000696,0.007753,0.003575,-0.014385,0.855045,0.545427,-9.757433
1785347179.211448,0.006755,0.000493,0.001399,-0.001270,0.001390,-0.015389,0.855118,0.545676,-9.757413
1785347179.216156,0.007367,-0.000558,0.001309,0.002377,-0.007488,-0.015177,0.854298,0.545641,-9.757487
1785347179.228142,0.006944,0.000255,0.000256,-0.003758,-0.007301,-0.017566,0.853534,0.546219,-9.757521
1785347179.237073,0.006951,-0.000193,0.000759,0.006875,0.007320,-0.014067,0.854125,0.545621,-9.757503
1785347179.247279,0.006949,0.002894,-0.000782,-0.015619,-0.014890,-0.024386,0.852685,0.547470,-9.757526
1785347179.251564,0.010015,-0.006579,-0.007865,-0.059164,0.046352,-0.038323,0.857483,0.553171,-9.756784
1785347179.263770,0.003293,0.003206,0.011050,0.093780,-0.031743,0.020576,0.853743,0.544160,-9.757618
1785347179.268760,0.004843,0.003477,0.001571,-0.040360,-0.015810,-0.058283,0.852252,0.548715,-9.757493
1785347179.277359,0.015288,-0.004928,-0.011486,-0.073728,0.014685,-0.028658,0.854136,0.555991,-9.756917
1785347179.286429,0.003026,0.001552,0.002907,-0.005147,0.015816,-0.039080,0.855527,0.556711,-9.756754
1785347179.297930,0.006993,0.000457,0.000807,-0.001024,-0.004912,-0.016211,0.854979,0.556995,-9.756786
1785347179.303658,0.007550,-0.001273,0.001523,0.006122,-0.007407,-0.018928,0.854118,0.556632,-9.756882
1785347179.311905,0.009663,-0.002484,-0.001077,-0.019727,-0.007769,-0.017951,0.853436,0.558766,-9.756820
1785347179.323131,0.008394,-0.000698,0.000274,0.004301,-0.002490,-0.017972,0.853071,0.558530,-9.756865
1785347179.326334,0.009976,0.006326,-0.003652,-0.057367,-0.004870,0.004391,0.853087,0.564085,-9.756544
1785347179.337926,0.006042,-0.008456,0.004448,0.057146,-0.001751,-0.034544,0.852281,0.558875,-9.756914
1785347179.349390,0.006767,-0.002500,0.000280,-0.002002,-0.005586,-0.018515,0.851664,0.559280,-9.756945
1785347179.350963,0.007065,-0.001248,0.000461,0.001203,-0.000395,-0.014204,0.851546,0.559294,-9.756954
1785347179.361939,0.007488,-0.001146,0.001846,0.003692,0.002168,-0.010573,0.851676,0.559013,-9.756959
1785347179.374198,0.010492,0.003035,-0.000854,0.013768,-0.014932,-0.025710,0.849985,0.558032,-9.757163
1785347179.378490,0.004440,-0.005349,0.001855,-0.004536,0.008878,-0.002541,0.850874,0.558421,-9.757063
1785347179.388145,0.011014,0.001356,-0.000941,0.017356,-0.012246,-0.028048,0.849403,0.557092,-9.757267
1785347179.395201,0.005134,-0.003636,0.000785,-0.006187,0.014253,-0.005423,0.850814,0.557621,-9.757114
1785347179.403214,0.007948,-0.002077,0.000089,0.010049,-0.001335,-0.010891,0.850549,0.556756,-9.757187
1785347179.411206,0.006926,-0.003747,0.002637,0.001338,-0.002859,-0.022122,0.850153,0.556848,-9.757216
1785347179.418010,0.007631,-0.001224,0.001890,0.014166,0.009182,-0.009454,0.850882,0.555484,-9.757230
1785347179.429210,0.005797,0.001680,-0.001119,0.079437,0.032369,-0.016313,0.853288,0.547669,-9.757462
1785347179.436206,0.007991,-0.005895,0.002127,0.027563,0.027384,-0.004647,0.855698,0.544812,-9.757411
1785347179.444402,0.007853,0.001531,-0.002702,-0.010279,-0.010972,-0.026620,0.854592,0.546138,-9.757433
1785347179.452625,0.008286,-0.005545,0.002802,0.020999,0.006895,-0.008092,0.855048,0.544120,-9.757506
1785347179.461612,0.005330,-0.000739,-0.003461,0.071394,0.037919,-0.012325,0.858077,0.536999,-9.757635
1785347179.468820,0.005637,-0.002362,0.005393,0.039672,-0.009448,0.001907,0.856832,0.533222,-9.757951
1785347179.478570,0.009434,-0.002388,-0.003048,-0.043203,0.000736,-0.029956,0.857131,0.537666,-9.757681
1785347179.486479,0.007405,-0.002026,0.001498,0.001991,0.001142,-0.013628,0.857162,0.537586,-9.757683
1785347179.496124,0.008476,-0.002880,0.001724,-0.007244,-0.006824,-0.013862,0.856496,0.538469,-9.757693
1785347179.502682,0.007712,-0.004257,-0.001559,-0.003983,0.005742,-0.022886,0.856982,0.539011,-9.757620
1785347179.511178,0.022609,0.002701,-0.014838,0.051166,-0.086235,-0.021089,0.848063,0.534982,-9.758621
1785347179.525978,0.014380,-0.003085,0.009771,0.006969,-0.025371,0.004410,0.845556,0.534485,-9.758866
1785347179.526849,0.002875,-0.003563,-0.007614,0.012029,0.033740,-0.034292,0.848578,0.533336,-9.758666
1785347179.539818,0.006688,-0.004008,-0.001880,-0.016377,-0.010841,-0.018333,0.847580,0.535177,-9.758652
1785347179.542848,0.011668,-0.003560,0.010341,-0.019354,-0.027212,0.000439,0.845102,0.537281,-9.758752
1785347179.556598,0.007206,-0.003928,0.001720,0.015998,-0.001133,-0.018881,0.844767,0.535909,-9.758856
1785347179.558775,0.003504,-0.000157,-0.004354,0.078028,0.029879,-0.020512,0.846908,0.528280,-9.759086
1785347179.571947,0.007539,-0.004864,0.000557,-0.014549,-0.016823,-0.025534,0.845282,0.530060,-9.759131
1785347179.580202,0.007488,-0.002783,0.001157,0.001831,0.000588,-0.015558,0.845253,0.530015,-9.759136
1785347179.590817,0.005243,-0.003555,0.005037,0.039540,-0.007781,0.000742,0.844157,0.526248,-9.759435
1785347179.593342,0.003350,-0.004621,0.002671,-0.011570,0.015253,-0.013536,0.845679,0.527356,-9.759243
1785347179.602320,0.015047,-0.007388,0.008421,-0.114640,-0.086528,-0.002611,0.838246,0.539227,-9.759236
1785347179.613616,0.010422,-0.003020,-0.003334,-0.033609,0.013607,-0.031659,0.839714,0.542641,-9.758920
1785347179.622130,-0.000243,-0.004330,0.007947,0.012251,-0.015300,-0.003858,0.838102,0.541622,-9.759115
1785347179.626111,0.007214,-0.003531,-0.000188,0.004712,-0.001893,-0.020782,0.837780,0.541365,-9.759157
1785347179.635981,0.007390,-0.003717,0.000171,0.005923,0.004139,-0.016286,0.838055,0.540899,-9.759159
1785347179.645031,0.005554,-0.003053,0.002310,0.022998,0.012960,-0.014493,0.839047,0.538687,-9.759196
1785347179.652533,0.006970,-0.003978,0.000236,0.002051,-0.002969,-0.016547,0.838664,0.538660,-9.759231
1785347179.663587,0.007137,-0.004635,0.000417,-0.000105,-0.006695,-0.018774,0.837928,0.538894,-9.759281
1785347179.667282,0.006634,-0.003219,0.001847,-0.001921,-0.002127,-0.016552,0.837661,0.539245,-9.759285
1785347179.677222,0.006512,-0.003706,0.000282,-0.002013,-0.005755,-0.015459,0.837048,0.539626,-9.759316
1785347179.685845,0.007029,-0.004111,0.000537,0.008916,-0.000837,-0.021824,0.836787,0.538962,-9.759375
1785347179.695332,0.006154,-0.004744,0.001068,-0.004158,-0.001021,-0.018699,0.836638,0.539538,-9.759356
1785347179.705207,0.008017,-0.003664,0.001155,-0.002301,-0.008054,-0.018743,0.835789,0.539997,-9.759404
1785347179.710889,0.005509,-0.004145,-0.001592,-0.012025,-0.001332,-0.016913,0.835688,0.541321,-9.759339
1785347179.724211,0.005617,-0.003666,-0.000915,0.003163,-0.001285,-0.011800,0.835480,0.541130,-9.759367
1785347179.728561,-0.005327,-0.014205,0.006622,-0.112038,0.078067,-0.011945,0.844011,0.551384,-9.758059
1785347179.735496,0.008891,0.007033,-0.015089,-0.189519,0.007854,-0.005664,0.846432,0.569702,-9.756797
1785347179.747885,0.011975,-0.007019,0.007043,0.250920,-0.086765,-0.037022,0.835579,0.546524,-9.759058
1785347179.754064,-0.000792,-0.014151,0.005271,-0.078177,0.094474,-0.015971,0.845388,0.553384,-9.757827
1785347179.760729,0.004432,0.002824,-0.011239,-0.152155,-0.010192,0.004710,0.845780,0.568155,-9.756944
1785347179.768864,0.006472,-0.012202,0.017446,0.188557,-0.006498,-0.021782,0.843354,0.550163,-9.758185
1785347179.778636,0.005673,-0.004405,-0.000758,0.014692,0.002789,-0.013753,0.843428,0.548838,-9.758253
1785347179.786192,0.005982,-0.004304,0.000364,-0.004527,-0.005445,-0.019426,0.842848,0.549497,-9.758266
1785347179.794139,0.006546,-0.004380,0.001582,-0.006215,-0.005490,-0.019674,0.842278,0.550322,-9.758269
1785347179.805229,0.005981,-0.004845,0.001585,0.005280,0.001363,-0.014885,0.842293,0.549931,-9.758290
1785347179.808353,0.005135,-0.003395,0.005178,0.049246,-0.004161,-0.005792,0.841416,0.545255,-9.758628
1785347179.818995,0.004122,-0.007225,-0.004281,-0.039409,0.010362,-0.026452,0.842657,0.549209,-9.758299
1785347179.827679,0.004957,-0.005462,0.000798,0.002650,0.001285,-0.017612,0.842675,0.549097,-9.758304
1785347179.837757,0.000293,0.002915,-0.006108,0.193667,0.073381,-0.005622,0.848017,0.529739,-9.758911
1785347179.844402,0.010219,-0.013263,0.009814,-0.165792,-0.093744,-0.026336,0.840296,0.546869,-9.758634
1785347179.852241,0.000133,0.002940,-0.008918,0.157163,0.088440,-0.013515,0.847393,0.530974,-9.758898
1785347179.862221,0.004651,-0.005313,0.000767,0.000619,-0.007363,-0.015912,0.846600,0.531123,-9.758959
1785347179.870160,0.008252,-0.007126,-0.008559,-0.100865,0.005048,-0.047821,0.847800,0.541261,-9.758298
1785347179.878786,0.010384,0.000487,-0.006728,0.042596,-0.046135,-0.032236,0.842775,0.537852,-9.758921
1785347179.884800,-0.000451,-0.011566,0.008673,-0.037686,0.053146,-0.000101,0.848288,0.541007,-9.758269
1785347179.893870,0.005289,-0.005587,-0.000294,-0.001030,-0.006399,-0.015093,0.847607,0.541301,-9.758312
1785347179.902332,0.004651,-0.005702,-0.001470,0.006603,0.004470,-0.014727,0.847912,0.540752,-9.758316
1785347179.913093,0.004251,-0.004728,0.000029,-0.001062,-0.003325,-0.014830,0.847531,0.541018,-9.758334
1785347179.919819,0.003056,-0.006439,0.005975,0.049131,-0.004976,0.001194,0.846597,0.536301,-9.758676
1785347179.927711,0.003948,-0.006028,-0.001716,-0.019139,-0.013091,-0.016399,0.845428,0.538420,-9.758661
1785347179.937685,0.004578,-0.005490,0.002023,0.010590,-0.000721,-0.015378,0.845189,0.537539,-9.758730
1785347179.947875,0.009598,0.000026,-0.006692,0.041474,-0.047925,-0.028300,0.840016,0.534225,-9.759358
1785347179.951009,0.006731,-0.004811,-0.003586,0.016700,-0.028712,-0.025110,0.836956,0.533100,-9.759683
1785347179.963917,-0.004014,-0.014565,0.010827,-0.062996,0.065666,0.002897,0.843941,0.538553,-9.758782
1785347179.967940,0.012312,-0.008398,0.005238,-0.130537,-0.114879,-0.022680,0.833894,0.552457,-9.758868
1785347179.981130,0.005406,-0.005085,0.003415,0.001193,-0.015208,-0.013926,0.832339,0.552607,-9.758993
1785347179.984382,0.002188,-0.008807,0.005500,-0.006755,0.038333,-0.012856,0.836067,0.553014,-9.758651
1785347179.997592,0.003088,-0.005927,-0.000180,-0.004753,-0.004315,-0.014870,0.835622,0.553645,-9.758653
1785347180.001267,0.003978,-0.007096,-0.000955,-0.001749,0.009088,-0.022329,0.836417,0.553926,-9.758569
1785347180.012185,0.003728,-0.006805,-0.000743,0.011592,0.001802,-0.012394,0.836424,0.552897,-9.758627
1785347180.021092,0.012303,0.001695,-0.011735,0.061481,-0.063897,-0.037962,0.829456,0.547888,-9.759504
1785347180.030526,-0.004982,-0.014972,0.009836,-0.078949,0.066899,-0.008399,0.836666,0.554964,-9.758489
1785347180.034853,0.013093,0.003605,-0.009625,0.058457,-0.075921,-0.031195,0.828586,0.550306,-9.759442
1785347180.052119,0.005926,-0.005838,-0.003645,-0.040261,0.004361,-0.031341,0.829247,0.554433,-9.759152
1785347180.052247,0.002152,-0.005689,0.000201,-0.000332,0.000827,-0.014622,0.829262,0.554586,-9.759142
1785347180.061587,-0.005396,-0.015009,0.010763,-0.058999,0.071684,-0.001324,0.836784,0.559618,-9.758213
1785347180.080483,0.011695,0.003108,-0.011538,0.055824,-0.072954,-0.032042,0.829010,0.555200,-9.759129
1785347180.080584,0.002536,-0.006270,-0.001088,0.001042,0.003943,-0.017068,0.829302,0.555211,-9.759103
1785347180.085632,-0.000018,-0.006739,0.003338,0.036895,-0.006629,-0.008455,0.828264,0.551780,-9.759386
1785347180.096164,0.005830,-0.004870,-0.003593,-0.034869,0.004914,-0.030416,0.828934,0.555372,-9.759125
1785347180.105061,0.002904,-0.006310,0.000576,-0.003742,0.001386,-0.017323,0.829023,0.555872,-9.759089
1785347180.111613,0.001961,-0.004946,0.000214,0.000869,0.004297,-0.014036,0.829366,0.555870,-9.759060
1785347180.119873,0.001421,-0.005985,0.000966,-0.004739,0.000581,-0.016307,0.829392,0.556465,-9.759024
1785347180.133470,-0.007143,-0.014668,0.009450,-0.050436,0.078774,0.001848,0.837542,0.560563,-9.758094
1785347180.133611,0.010480,0.002671,-0.010221,0.055873,-0.077797,-0.031910,0.829291,0.556197,-9.759048
1785347180.153144,0.000856,-0.005276,-0.002008,-0.013783,0.002782,-0.015849,0.829620,0.557642,-9.758938
1785347180.154199,-0.007604,-0.015024,0.010993,-0.060859,0.069591,0.002435,0.836985,0.562828,-9.758011
1785347180.165565,0.010517,0.002794,-0.010505,0.057611,-0.075898,-0.033299,0.828892,0.558291,-9.758963
1785347180.166948,0.001958,-0.005858,-0.000187,0.002779,0.003736,-0.016746,0.829148,0.558132,-9.758950
1785347180.178066,0.001962,-0.005320,0.000666,0.006602,0.004801,-0.016714,0.829471,0.557594,-9.758953
1785347180.194972,0.001477,-0.006010,0.000195,-0.003351,-0.005290,-0.016010,0.828915,0.558110,-9.758971
1785347180.195117,0.001453,-0.005839,-0.000306,0.002743,-0.001829,-0.016593,0.828632,0.558008,-9.759001
1785347180.202433,0.000480,-0.006062,0.000658,-0.006391,-0.000529,-0.016118,0.828567,0.558773,-9.758963
1785347180.211648,0.000561,-0.005986,-0.000103,0.008592,0.006160,-0.014535,0.829012,0.558009,-9.758968
1785347180.219963,0.000168,-0.005289,-0.000288,0.005755,0.003135,-0.016196,0.829183,0.557564,-9.758979
1785347180.229637,0.000374,-0.006230,-0.000145,-0.002803,-0.003796,-0.017741,0.828759,0.558028,-9.758989
1785347180.239959,0.001680,-0.006654,-0.000088,0.002908,0.002051,-0.014059,0.828863,0.557850,-9.758990
1785347180.243161,-0.009289,-0.015566,0.011206,-0.066706,0.066826,-0.004257,0.835994,0.563674,-9.758047
1785347180.255608,0.009620,0.003023,-0.009963,0.068891,-0.065210,-0.032175,0.828824,0.557945,-9.758988
1785347180.262261,-0.004483,-0.002954,0.010119,0.087880,-0.026427,0.021478,0.825484,0.549523,-9.759749
1785347180.269194,-0.003638,-0.014177,0.000490,-0.096174,0.054581,-0.038863,0.831560,0.558620,-9.758717
1785347180.279440,-0.008102,-0.008868,0.010038,0.024707,0.015644,0.018395,0.832920,0.555914,-9.758755
1785347180.285439,-0.000825,-0.007113,-0.000835,0.007787,0.003038,-0.024417,0.833024,0.555346,-9.758779
1785347180.293980,0.005198,-0.006100,-0.006294,-0.058941,0.015233,-0.037822,0.834913,0.561226,-9.758281
1785347180.303014,-0.002754,-0.005308,0.004686,0.041381,-0.008512,-0.000068,0.833672,0.557311,-9.758611
1785347180.312183,-0.000801,-0.007132,0.000675,-0.000821,0.005094,-0.014280,0.834108,0.557466,-9.758565
1785347180.319549,-0.000038,-0.004349,-0.000533,0.000506,-0.004353,-0.018976,0.833592,0.557628,-9.758600
1785347180.328127,-0.000957,-0.007760,-0.000729,-0.005817,-0.001155,-0.012950,0.833477,0.558316,-9.758571
1785347180.355013,-0.001509,-0.006079,0.000015,0.012135,0.010620,-0.011830,0.834331,0.557141,-9.758565
1785347180.355968,-0.000666,-0.005305,-0.000768,-0.010983,-0.011316,-0.019068,0.833253,0.558485,-9.758580
1785347180.356252,-0.000653,-0.005869,0.000375,-0.005601,-0.003695,-0.018773,0.832863,0.559230,-9.758571
1785347180.359966,-0.001256,-0.006905,-0.000173,0.003655,0.002134,-0.017625,0.832950,0.559010,-9.758576
1785347180.368947,-0.002002,-0.005959,-0.001465,0.000103,0.008885,-0.017713,0.833728,0.559067,-9.758506
1785347180.378290,-0.001113,-0.005475,-0.000852,0.001031,-0.004048,-0.018182,0.833240,0.559169,-9.758542
1785347180.391057,-0.000480,-0.006491,0.000528,-0.000062,0.002661,-0.015995,0.833423,0.559289,-9.758519
1785347180.394386,-0.002004,-0.006514,-0.000137,0.006404,0.006423,-0.015082,0.833911,0.558738,-9.758509
1785347180.405875,-0.002111,-0.006603,-0.003200,0.019349,0.017674,-0.014426,0.835363,0.556816,-9.758495
1785347180.412513,0.001159,-0.006672,-0.008850,-0.080708,0.014215,-0.042076,0.837369,0.564844,-9.757862
1785347180.419139,-0.001529,-0.005860,-0.001010,0.005133,0.005699,-0.015102,0.837798,0.564423,-9.757849
1785347180.427642,-0.002299,-0.005478,-0.000634,-0.000342,-0.003301,-0.015689,0.837407,0.564630,-9.757871
1785347180.435674,0.008254,0.003265,-0.011867,0.058075,-0.068706,-0.038303,0.829958,0.560063,-9.758770
1785347180.450639,-0.011188,-0.014492,0.011695,-0.060149,0.072107,0.002442,0.837590,0.565111,-9.757827
1785347180.454552,0.007318,0.003529,-0.011464,0.067625,-0.064024,-0.031424,0.830528,0.559515,-9.758753
1785347180.462766,-0.002839,-0.005226,-0.001482,-0.000534,0.004097,-0.019113,0.830842,0.559693,-9.758716
1785347180.469017,-0.001891,-0.004506,-0.001654,0.002155,0.007683,-0.013796,0.831501,0.559527,-9.758670
1785347180.476676,-0.003118,-0.006229,-0.000702,-0.015799,-0.005521,-0.020542,0.831032,0.561292,-9.758608
1785347180.492228,-0.005734,-0.002611,-0.004437,0.054302,0.027955,-0.022578,0.833076,0.555954,-9.758740
1785347180.497707,0.003062,0.007914,-0.011775,-0.076005,-0.003552,0.020213,0.833616,0.563156,-9.758281
1785347180.503627,-0.003052,-0.005307,-0.000411,-0.000208,0.007019,-0.014986,0.834229,0.563236,-9.758224
1785347180.512596,-0.007830,-0.017727,0.010501,0.069724,0.008985,-0.048346,0.834148,0.556833,-9.758598
1785347180.519249,-0.003076,-0.004912,-0.001082,0.002202,0.004841,-0.014516,0.834527,0.556699,-9.758573
1785347180.530107,-0.002348,-0.004267,-0.001008,-0.003010,-0.002586,-0.014321,0.834241,0.557143,-9.758572
1785347180.541241,-0.003186,-0.004971,-0.000323,-0.003092,0.003615,-0.016772,0.834547,0.557553,-9.758523
1785347180.542110,-0.004774,-0.004264,0.001181,-0.010430,-0.008427,-0.020294,0.833744,0.558829,-9.758518
1785347180.557397,0.000348,0.006505,-0.010696,-0.089037,0.002037,0.020591,0.834973,0.567227,-9.757929
1785347180.559530,-0.004249,-0.004543,0.001206,-0.006178,0.002122,-0.021153,0.835143,0.567989,-9.757870
1785347180.577152,-0.005203,-0.016154,0.007808,0.085947,-0.002162,-0.045750,0.833812,0.560114,-9.758439
1785347180.577813,-0.000805,0.005692,-0.011590,-0.091854,0.005608,0.013983,0.835391,0.568805,-9.757801
1785347180.591105,-0.004079,-0.004231,0.001321,-0.010498,-0.004657,-0.016171,0.834972,0.570012,-9.757767
1785347180.594315,-0.002939,-0.004154,-0.001740,0.008648,0.002287,-0.016483,0.835024,0.569298,-9.757804
1785347180.605528,-0.003419,-0.004177,-0.001926,0.007347,0.006282,-0.014741,0.835486,0.568653,-9.757802
1785347180.614804,-0.004229,-0.003669,-0.001996,-0.007633,-0.001947,-0.015490,0.835305,0.569549,-9.757765
1785347180.617275,-0.004363,-0.003930,0.001602,-0.014146,-0.005626,-0.020036,0.834813,0.571153,-9.757713
1785347180.627653,-0.003841,-0.006107,0.000644,0.001676,0.001192,-0.018315,0.834824,0.571141,-9.757713
1785347180.637731,-0.011433,-0.012346,0.010449,-0.061053,0.071552,0.009584,0.842462,0.576192,-9.756760
1785347180.647175,0.000117,-0.005847,0.007593,-0.115314,-0.053298,-0.018080,0.838425,0.588056,-9.756400
1785347180.651498,-0.004130,-0.003652,-0.000791,0.000553,0.003269,-0.015471,0.838660,0.588106,-9.756376
1785347180.662109,-0.009251,-0.003775,-0.009556,0.104548,0.051757,-0.017714,0.842482,0.577617,-9.756674
1785347180.670908,-0.000504,-0.005082,0.007411,-0.113383,-0.055082,-0.016146,0.838267,0.589298,-9.756338
1785347180.682267,-0.007418,-0.004481,0.001501,-0.010356,-0.010994,-0.021978,0.837202,0.590612,-9.756350
1785347180.684115,-0.008949,-0.003301,-0.009952,0.131155,0.070845,-0.017367,0.842587,0.577344,-9.756681
1785347180.696224,-0.005712,-0.003270,-0.001130,-0.000566,-0.001120,-0.012806,0.842423,0.577526,-9.756684
1785347180.704021,-0.002752,-0.017433,0.013424,-0.005012,-0.047226,-0.048826,0.837659,0.578955,-9.757010
1785347180.710216,-0.005886,-0.005023,0.000383,-0.006990,0.001057,-0.016737,0.837756,0.579768,-9.756953
1785347180.718755,-0.004775,-0.003460,-0.001005,-0.007999,-0.003410,-0.018796,0.837420,0.580745,-9.756924
1785347180.728592,-0.005397,-0.003483,-0.001336,0.015215,0.009057,-0.014475,0.838064,0.579307,-9.756954
1785347180.737190,-0.004996,-0.004261,-0.000407,-0.003723,-0.000810,-0.019502,0.837932,0.579850,-9.756933
1785347180.745610,-0.004867,-0.003636,-0.000832,-0.004822,-0.002476,-0.017075,0.837661,0.580495,-9.756918
1785347180.757451,-0.006988,-0.005489,-0.004964,0.052739,0.028102,-0.012965,0.839752,0.575213,-9.757051
1785347180.758743,-0.005906,-0.003372,-0.001282,0.006106,0.000655,-0.011286,0.839695,0.574717,-9.757085
1785347180.770702,-0.005745,-0.005087,-0.000560,0.016298,0.020774,-0.023183,0.841422,0.573125,-9.757030
1785347180.778163,-0.004959,-0.004081,-0.000787,0.004778,0.002716,-0.015701,0.841559,0.572775,-9.757039
1785347180.785777,-0.004301,-0.001570,0.002061,0.044041,-0.001663,-0.009857,0.840869,0.568629,-9.757341
1785347180.812179,-0.009692,-0.003669,0.005083,0.008152,-0.018334,-0.009465,0.838957,0.568128,-9.757535
1785347180.812323,-0.005986,-0.003427,-0.000654,-0.002987,0.002058,-0.011628,0.839135,0.568498,-9.757498
1785347180.812391,-0.006401,-0.002576,-0.002241,0.002052,0.004884,-0.015025,0.839515,0.568380,-9.757472
1785347180.821296,-0.003397,-0.003964,-0.004109,-0.037145,0.012105,-0.033166,0.840941,0.572130,-9.757130
1785347180.828109,-0.006202,-0.002589,0.000255,0.015020,0.007166,-0.012899,0.841410,0.570717,-9.757172
1785347180.843457,-0.009228,-0.002635,0.001389,0.039603,-0.001985,-0.002968,0.840767,0.566943,-9.757448
1785347180.843592,-0.005900,-0.002758,-0.001765,0.017306,0.012523,-0.010357,0.841742,0.565227,-9.757463
1785347180.852152,-0.003231,-0.003362,-0.005084,-0.049554,0.005191,-0.032392,0.842641,0.570243,-9.757094
1785347180.861634,-0.007922,-0.002211,0.004084,0.037165,-0.005130,-0.000378,0.841730,0.566716,-9.757378
1785347180.870295,-0.005289,-0.003324,-0.001566,-0.010083,-0.007111,-0.017565,0.841070,0.567926,-9.757364
1785347180.876826,-0.004199,-0.002833,-0.002979,-0.031638,0.010389,-0.029408,0.842290,0.571128,-9.757072
1785347180.885535,-0.009231,-0.000663,0.002600,0.041773,-0.011577,-0.005221,0.840679,0.567272,-9.757436
1785347180.897105,-0.005932,-0.002347,-0.002601,-0.003786,0.002241,-0.017003,0.840858,0.567765,-9.757392
1785347180.907137,-0.007635,-0.002525,-0.003561,0.015429,0.006046,-0.012902,0.841213,0.566324,-9.757445
1785347180.915960,-0.005530,-0.002295,-0.000886,0.011065,0.008850,-0.015563,0.841875,0.565297,-9.757448
1785347180.925073,-0.005685,-0.002327,0.000567,-0.012322,-0.005196,-0.015476,0.841436,0.566683,-9.757405
1785347180.928761,-0.006656,-0.001366,-0.002116,0.015960,0.008420,-0.013952,0.842010,0.565174,-9.757443
1785347180.936830,-0.006245,-0.001909,-0.000709,-0.004281,0.000404,-0.016280,0.842021,0.565728,-9.757410
1785347180.949151,-0.006252,-0.001695,-0.000296,-0.002267,0.000705,-0.016557,0.842038,0.566088,-9.757388
1785347180.952496,-0.006642,-0.001912,-0.001152,0.003718,0.002700,-0.014157,0.842192,0.565826,-9.757390
1785347180.961192,-0.006337,-0.002122,-0.001335,0.004886,0.006133,-0.013752,0.842668,0.565409,-9.757373
1785347180.969018,-0.007662,-0.003218,0.002188,-0.004231,0.021508,-0.014662,0.844733,0.565707,-9.757177
1785347180.982382,-0.005730,-0.001640,-0.000981,-0.003392,-0.000405,-0.019157,0.844643,0.566211,-9.757155
1785347180.984407,-0.007500,-0.001871,-0.002394,0.002860,0.004447,-0.014240,0.844976,0.566013,-9.757138
1785347180.995238,-0.007590,-0.000724,0.000038,-0.006968,-0.002255,-0.017197,0.844756,0.566866,-9.757108
1785347181.004147,-0.008338,-0.001653,0.000386,0.007658,0.005761,-0.014401,0.845161,0.566192,-9.757112
1785347181.011909,-0.007646,-0.001616,-0.000876,0.000886,0.005695,-0.017323,0.845622,0.566198,-9.757071
1785347181.020025,-0.007185,-0.001708,-0.001249,0.004947,0.005542,-0.015748,0.846030,0.565800,-9.757059
1785347181.027731,-0.002894,0.001702,-0.005389,-0.066138,-0.002513,-0.027842,0.846409,0.572461,-9.756638
1785347181.035166,-0.010987,-0.003586,0.004209,0.066316,-0.001855,-0.005236,0.845449,0.566131,-9.757090
1785347181.041887,-0.008093,-0.001872,-0.002801,0.006965,0.016638,-0.020205,0.846889,0.565452,-9.757005
1785347181.052989,-0.005044,-0.001552,-0.004161,-0.032402,0.008308,-0.031688,0.847918,0.568769,-9.756723
1785347181.065499,-0.012777,0.003556,-0.001634,0.101251,0.030921,-0.004760,0.849734,0.558690,-9.757147
1785347181.069637,-0.007256,-0.000768,-0.000658,0.007341,0.006015,-0.015537,0.850162,0.558054,-9.757146
1785347181.080527,-0.008135,-0.001130,-0.000606,0.013521,0.009330,-0.016320,0.850837,0.556790,-9.757159
1785347181.084490,-0.002222,-0.006647,-0.006392,-0.077245,0.012629,-0.065610,0.852652,0.564692,-9.756547
1785347181.094064,-0.007825,0.000628,-0.000217,0.020113,0.017747,-0.007914,0.854103,0.562619,-9.756540
1785347181.101914,-0.008895,0.001701,-0.007625,0.073550,0.044817,-0.026806,0.857474,0.555250,-9.756666
1785347181.112735,-0.007811,-0.004218,0.002542,-0.087558,-0.040948,-0.012760,0.854462,0.564286,-9.756412
1785347181.125781,-0.008726,-0.002546,-0.001680,-0.015970,0.007562,-0.023157,0.855274,0.565950,-9.756245
1785347181.131236,-0.007016,-0.000030,-0.000527,0.001943,-0.000507,-0.015435,0.855131,0.565909,-9.756259
1785347181.134474,0.003920,0.007952,-0.014549,0.044148,-0.086330,-0.043417,0.846049,0.563052,-9.757216
1785347181.148207,-0.010292,-0.001801,0.002543,-0.002660,0.019117,-0.013893,0.847870,0.563211,-9.757049
1785347181.151323,-0.001677,-0.001673,0.003713,-0.029138,-0.021648,-0.008213,0.846074,0.566349,-9.757023
1785347181.160878,-0.007210,-0.000568,-0.002552,0.011600,0.003553,-0.015083,0.846214,0.565325,-9.757071
1785347181.168375,-0.008106,-0.000300,-0.000786,-0.013749,-0.004134,-0.013701,0.845911,0.566823,-9.757010
1785347181.178260,-0.006483,0.000660,-0.000326,0.011273,0.007791,-0.015242,0.846463,0.565782,-9.757023
1785347181.185916,-0.006583,-0.001669,0.000166,-0.012373,-0.009831,-0.019144,0.845568,0.567264,-9.757014
1785347181.194410,-0.007654,0.001016,-0.001270,-0.008289,0.008192,-0.008336,0.846421,0.568043,-9.756895
1785347181.201730,-0.007031,0.000189,-0.001750,0.003571,0.003733,-0.021520,0.846641,0.567849,-9.756887
1785347181.212454,-0.006932,0.000147,0.000270,0.016573,0.004976,-0.014395,0.846861,0.566323,-9.756957
1785347181.217072,-0.007239,-0.000333,-0.002218,-0.018629,-0.005228,-0.016386,0.846499,0.568329,-9.756871
1785347181.230181,-0.007002,0.000582,-0.001976,0.008520,0.007476,-0.013482,0.847061,0.567541,-9.756869
1785347181.236808,-0.006711,0.000356,-0.000873,-0.005223,-0.006037,-0.016314,0.846462,0.568264,-9.756878
1785347181.246800,-0.006263,0.001083,-0.000007,0.000272,0.002789,-0.013602,0.846667,0.568328,-9.756857
1785347181.252842,-0.017442,-0.009278,0.011955,-0.070396,0.082986,-0.000141,0.855541,0.574133,-9.755743
1785347181.260545,-0.006597,0.001175,-0.000359,-0.002265,-0.000825,-0.018277,0.855403,0.574528,-9.755732
1785347181.270426,-0.007881,0.001700,-0.001334,0.007069,0.001073,-0.010676,0.855373,0.573932,-9.755770
1785347181.277757,-0.007392,0.000005,-0.001265,-0.000698,0.002817,-0.017285,0.855574,0.574124,-9.755741
1785347181.285942,0.003380,0.009647,-0.012388,0.062602,-0.076562,-0.039646,0.847226,0.569362,-9.756748
1785347181.296659,-0.018149,-0.009101,0.005885,-0.072630,0.075931,0.006436,0.855479,0.575399,-9.755674
1785347181.307694,-0.005978,0.002871,0.002611,0.018706,0.007489,-0.017644,0.855899,0.573668,-9.755739
1785347181.309590,-0.007322,0.002322,-0.000980,0.004967,0.003649,-0.024926,0.856077,0.573374,-9.755741
1785347181.318623,-0.008535,0.002840,0.000281,0.002948,0.000414,-0.024282,0.855969,0.573308,-9.755754
1785347181.328724,-0.009279,0.000466,0.000107,-0.002341,-0.003853,-0.020269,0.855530,0.573765,-9.755766
1785347181.335937,-0.007946,0.002211,-0.000316,0.012950,0.010913,-0.018537,0.856345,0.572556,-9.755765
1785347181.348155,-0.006884,0.001381,-0.001315,0.004096,0.005043,-0.012865,0.856725,0.572218,-9.755752
1785347181.350688,-0.008834,-0.000084,-0.003514,-0.026175,0.003456,-0.019445,0.857285,0.574877,-9.755546
1785347181.362301,-0.007149,0.001600,-0.002046,0.020573,0.017108,-0.016287,0.858618,0.572838,-9.755549
1785347181.372485,-0.007271,0.001700,-0.001086,-0.003849,0.002810,-0.017399,0.858857,0.573335,-9.755499
1785347181.377157,-0.006439,0.001874,-0.000421,-0.000043,-0.000865,-0.013808,0.858709,0.573476,-9.755503
1785347181.386087,-0.006731,0.002347,-0.000425,0.003504,0.007028,-0.013308,0.859286,0.573176,-9.755470
1785347181.401001,-0.006878,0.002083,-0.000394,-0.003119,0.002820,-0.016481,0.859521,0.573594,-9.755425
1785347181.403425,-0.006670,0.001862,-0.000658,0.005600,0.004807,-0.014062,0.859853,0.573125,-9.755423
1785347181.413260,-0.005788,0.002135,-0.000199,-0.000333,0.004727,-0.013724,0.860252,0.573226,-9.755382
1785347181.424563,-0.006915,0.000741,0.000423,-0.013093,-0.006197,-0.018353,0.859726,0.574732,-9.755340
1785347181.426560,-0.006622,0.002309,-0.001862,-0.000548,-0.002555,-0.013635,0.859422,0.574942,-9.755354
1785347181.437124,-0.006250,0.002695,0.000004,-0.003714,0.002863,-0.013849,0.859681,0.575392,-9.755305
1785347181.444174,-0.006162,0.004122,0.003061,-0.014241,0.032328,-0.023528,0.862876,0.576586,-9.754952
1785347181.452283,-0.006412,0.002631,0.000188,-0.008734,-0.001385,-0.015366,0.862778,0.577587,-9.754902
1785347181.462365,-0.005258,0.002255,-0.000302,0.007981,0.004779,-0.011211,0.863091,0.576863,-9.754917
1785347181.469208,-0.005392,0.002100,0.000211,0.002032,0.001277,-0.017040,0.863110,0.576809,-9.754918
1785347181.477345,-0.005938,0.002055,-0.001153,0.002704,0.005572,-0.013511,0.863554,0.576605,-9.754891
1785347181.485661,-0.006516,0.002785,-0.001467,0.005215,0.002389,-0.011599,0.863667,0.576181,-9.754906
1785347181.493558,-0.005776,0.002683,-0.000815,0.004728,0.008176,-0.011602,0.864347,0.575732,-9.754872
1785347181.510636,-0.005385,0.002199,0.000750,-0.000536,-0.002098,-0.016748,0.864073,0.575965,-9.754883
1785347181.511424,-0.006169,0.003559,-0.000619,0.007042,0.006406,-0.011717,0.864552,0.575316,-9.754879
1785347181.519153,-0.004182,0.005633,-0.003450,-0.050161,-0.041775,-0.032725,0.860975,0.580966,-9.754860
1785347181.528795,-0.006166,0.000346,0.001511,0.064722,0.051682,0.007259,0.865212,0.574026,-9.754896
1785347181.535596,-0.007713,0.004516,-0.007636,-0.016605,-0.055429,-0.024342,0.859938,0.576536,-9.755215
1785347181.543968,-0.005537,0.002266,-0.001235,-0.000706,0.001952,-0.013988,0.860071,0.576709,-9.755193
1785347181.552588,-0.005161,0.003132,0.000521,0.007287,0.001413,-0.015331,0.860047,0.576131,-9.755229
1785347181.562680,-0.005244,0.003612,-0.000057,-0.001155,0.000632,-0.014195,0.860057,0.576366,-9.755214
1785347181.570364,-0.005275,0.002894,-0.000642,0.000854,-0.001342,-0.015779,0.859843,0.576446,-9.755228
1785347181.581977,-0.004955,0.003707,-0.000056,-0.004073,-0.002506,-0.016312,0.859576,0.577020,-9.755218
1785347181.584819,-0.005719,0.003067,-0.001216,0.012229,0.008753,-0.011908,0.860216,0.575842,-9.755231
1785347181.595545,-0.004743,0.001642,0.003548,0.062887,0.038109,0.003003,0.863135,0.569282,-9.755358
1785347181.603524,-0.007587,0.001618,-0.003460,-0.010792,-0.000616,-0.023398,0.863103,0.570546,-9.755287
1785347181.612638,-0.004357,0.007151,-0.003086,-0.036938,-0.029677,-0.034181,0.860536,0.574791,-9.755265
1785347181.619418,-0.005985,0.001575,0.003549,0.044016,0.030737,0.001964,0.862969,0.570148,-9.755322
1785347181.627810,-0.004479,0.006900,-0.003778,-0.025737,-0.025559,-0.030987,0.860676,0.573234,-9.755344
1785347181.636636,-0.005058,0.003116,0.004001,0.058562,0.035101,0.001507,0.863345,0.567139,-9.755465
1785347181.645254,-0.002205,0.007815,-0.004555,-0.041648,-0.040350,-0.033532,0.859810,0.571968,-9.755495
1785347181.652805,-0.005904,0.003533,0.000052,0.008502,0.008647,-0.011569,0.860488,0.571147,-9.755483
1785347181.660691,-0.005268,0.004770,-0.002373,0.007946,-0.006981,-0.034100,0.859556,0.570784,-9.755587
1785347181.669255,-0.003583,0.003641,-0.000841,0.014610,0.004642,-0.013016,0.859762,0.569439,-9.755647
1785347181.680179,-0.004070,0.004300,-0.000161,-0.006345,-0.002230,-0.018397,0.859543,0.570248,-9.755619
1785347181.685187,-0.004095,0.003930,0.000265,-0.002245,-0.000227,-0.012029,0.859495,0.570578,-9.755604
1785347181.694211,-0.008139,0.003686,-0.002069,0.116322,0.077582,-0.005283,0.865505,0.558441,-9.755775
1785347181.702939,-0.003367,0.009340,-0.004147,-0.026840,-0.030508,-0.037145,0.862728,0.561757,-9.755831
1785347181.710723,-0.003958,0.003697,-0.000634,-0.000128,-0.001733,-0.015968,0.862491,0.561939,-9.755841
1785347181.717297,-0.003237,0.003169,-0.000349,-0.004900,-0.001882,-0.019584,0.862284,0.562616,-9.755820
1785347181.732619,-0.003741,0.004986,0.000592,0.010090,0.004105,-0.013791,0.862491,0.561720,-9.755854
1785347181.733152,-0.003697,0.002715,-0.000308,-0.007640,-0.003587,-0.020057,0.862153,0.562687,-9.755828
1785347181.744928,-0.002859,0.005116,0.000516,-0.002473,0.001388,-0.018886,0.862234,0.563082,-9.755798
1785347181.752298,-0.003208,0.005082,0.001112,0.010884,0.000380,-0.012877,0.862075,0.562148,-9.755866
1785347181.760652,-0.004161,0.003802,-0.000400,0.001886,-0.000972,-0.014859,0.861890,0.562117,-9.755884
1785347181.769669,-0.003252,0.003441,-0.000724,-0.000542,-0.001461,-0.018593,0.861673,0.562359,-9.755889
1785347181.782329,-0.002975,0.002570,-0.001002,-0.002832,0.004155,-0.018881,0.862028,0.562753,-9.755835
1785347181.784657,-0.004067,0.001923,0.005317,0.050931,0.043811,-0.001269,0.865606,0.557298,-9.755831
1785347181.795989,-0.003239,0.004186,-0.000306,-0.003254,-0.005154,-0.015014,0.865083,0.557817,-9.755848
1785347181.803133,-0.002766,0.004277,-0.000517,0.014229,0.008829,-0.013608,0.865694,0.556459,-9.755871
1785347181.812191,-0.003066,0.004555,-0.000539,-0.003185,-0.000666,-0.014056,0.865609,0.556905,-9.755853
1785347181.819444,-0.002623,0.004140,0.000303,-0.000195,-0.001367,-0.015641,0.865411,0.557086,-9.755861
1785347181.836735,0.000723,0.000329,0.004356,-0.058669,-0.032660,-0.010707,0.862963,0.563255,-9.755723
1785347181.836873,-0.002742,0.003542,0.000711,0.007164,0.003325,-0.014718,0.863126,0.562659,-9.755743
1785347181.844680,-0.001554,0.004030,-0.000013,0.000953,-0.000404,-0.014150,0.863012,0.562704,-9.755751
1785347181.853427,-0.002886,0.003357,0.000178,-0.001319,0.001686,-0.014831,0.863127,0.562946,-9.755727
1785347181.860841,-0.002770,0.004026,-0.001373,-0.005079,-0.006009,-0.017194,0.862535,0.563672,-9.755737
1785347181.870354,-0.001792,0.004334,0.000158,0.000747,0.002785,-0.012845,0.862738,0.563683,-9.755719
1785347181.878861,-0.001705,0.004281,0.000954,0.003453,0.000532,-0.010225,0.862699,0.563439,-9.755736
1785347181.886669,-0.002106,0.003210,0.001042,0.006898,0.003689,-0.017097,0.862890,0.562885,-9.755751
1785347181.896037,-0.000903,0.004249,-0.000020,-0.005417,0.001727,-0.013405,0.863068,0.563508,-9.755699
1785347181.904943,-0.001490,0.003522,0.000036,0.006014,-0.001099,-0.014791,0.862818,0.563081,-9.755746
1785347181.910629,-0.002338,0.004214,0.000121,-0.005545,-0.003380,-0.016169,0.862492,0.563808,-9.755733
1785347181.919951,-0.001151,0.004350,0.001342,0.002023,0.003698,-0.012303,0.862768,0.563679,-9.755716
1785347181.931239,-0.001501,0.004893,-0.001108,-0.004474,-0.005879,-0.014720,0.862193,0.564323,-9.755730
1785347181.940942,-0.000380,0.004230,0.000696,0.006358,0.005115,-0.015574,0.862535,0.563788,-9.755730
1785347181.945876,-0.001726,0.004095,0.001055,0.003716,0.002561,-0.013666,0.862674,0.563524,-9.755733
1785347181.953166,-0.000980,0.004753,0.000487,0.006119,0.002338,-0.022707,0.862719,0.563115,-9.755753
1785347181.961433,-0.000943,0.004824,0.000123,0.002162,-0.000269,-0.015769,0.862595,0.563056,-9.755767
1785347181.966418,-0.001317,0.004375,0.000406,0.004266,0.003506,-0.014873,0.862812,0.562738,-9.755767
1785347181.978095,-0.001040,0.004784,-0.000530,0.010453,0.002126,-0.019597,0.862794,0.561885,-9.755817
1785347181.987501,-0.000292,0.008245,-0.003748,-0.046300,-0.040484,-0.035716,0.859332,0.567206,-9.755815
1785347181.996047,-0.001210,0.004577,-0.000075,0.014433,0.003271,-0.015491,0.859388,0.565918,-9.755885
1785347182.002196,-0.002043,0.005816,0.000026,-0.006754,0.005421,-0.015288,0.859934,0.566637,-9.755795
1785347182.011807,0.001367,0.003618,0.000312,0.013729,-0.004987,-0.021401,0.859174,0.565580,-9.755923
1785347182.030306,-0.001093,0.003895,0.000639,-0.006943,-0.004170,-0.018484,0.858781,0.566474,-9.755906
1785347182.030397,-0.001214,0.006734,-0.001119,0.009488,0.010546,-0.018030,0.859595,0.565588,-9.755886
1785347182.034219,-0.000462,0.005224,0.000310,0.005684,-0.000127,-0.016045,0.859435,0.565191,-9.755923
1785347182.044093,-0.000415,0.004767,-0.001307,0.009295,0.003545,-0.016401,0.859582,0.564401,-9.755956
1785347182.052080,-0.000955,0.003725,0.001792,0.003085,0.004487,-0.017317,0.859898,0.564205,-9.755939
1785347182.060561,0.000693,0.004525,0.000053,0.007282,-0.003298,-0.017344,0.859405,0.563709,-9.756011
1785347182.067317,0.000883,0.004387,-0.000166,0.004089,0.001730,-0.014499,0.859454,0.563426,-9.756023
1785347182.079672,-0.000453,0.004510,0.000161,-0.001041,0.003930,-0.017557,0.859770,0.563636,-9.755983
1785347182.088170,0.000538,0.004123,-0.000242,0.003080,-0.000305,-0.012792,0.859643,0.563462,-9.756005
1785347182.097392,0.001199,0.004909,-0.000372,-0.003381,-0.006431,-0.018603,0.858985,0.564046,-9.756029
1785347182.101125,-0.000211,0.003567,0.000523,0.004494,0.002518,-0.014474,0.859104,0.563714,-9.756037
1785347182.110097,0.001070,0.004941,0.000781,0.012060,0.010404,-0.011777,0.859896,0.562523,-9.756036
1785347182.121655,0.001872,0.004388,0.001071,0.003210,0.000936,-0.015272,0.859876,0.562342,-9.756049
1785347182.131009,0.001098,0.004158,-0.000748,-0.002340,-0.001459,-0.015092,0.859700,0.562727,-9.756042
1785347182.134296,0.000421,0.004092,0.000794,0.012207,0.007069,-0.014071,0.860157,0.561588,-9.756067
1785347182.143912,0.001725,0.004304,0.000052,-0.000330,0.001643,-0.013249,0.860263,0.561720,-9.756050
1785347182.152270,0.002260,0.004415,0.000238,0.004212,0.000285,-0.012447,0.860179,0.561426,-9.756075
1785347182.161558,0.001563,0.003112,0.001030,0.002858,0.000330,-0.013740,0.860112,0.561274,-9.756089
1785347182.168722,0.000429,0.005818,0.001691,0.001919,0.006977,-0.025088,0.860651,0.561227,-9.756044
1785347182.182875,0.002885,0.004189,0.000190,-0.007003,-0.002941,-0.014231,0.860400,0.562072,-9.756018
1785347182.185023,0.001753,0.004731,0.000133,0.010300,-0.001185,-0.013229,0.860087,0.561221,-9.756095
1785347182.193999,0.001591,0.004949,0.000622,0.006898,0.011103,-0.017094,0.860992,0.560564,-9.756053
1785347182.203066,0.003608,0.005003,0.000174,0.008994,-0.002584,-0.012492,0.860565,0.559850,-9.756131
1785347182.214094,0.002291,0.003580,0.000365,0.004877,0.003518,-0.011919,0.860787,0.559444,-9.756135
1785347182.216337,0.003240,0.004196,0.002432,-0.003624,-0.005684,-0.020042,0.860200,0.560056,-9.756152
1785347182.227388,0.002414,0.003232,0.000452,0.010104,0.005991,-0.015188,0.860575,0.559143,-9.756171
1785347182.241184,0.003316,0.003927,-0.001316,0.003483,0.003748,-0.009521,0.860848,0.558845,-9.756164
1785347182.242115,0.006998,0.010639,-0.006421,0.035719,-0.046286,-0.036307,0.855728,0.556381,-9.756755
1785347182.255143,-0.001963,-0.002030,0.008173,-0.039593,0.046957,0.003828,0.860826,0.559508,-9.756128
1785347182.261053,0.004083,0.003336,-0.001481,0.021492,0.009244,-0.008865,0.861386,0.557397,-9.756199
1785347182.269639,0.001398,0.001359,-0.001273,-0.020840,0.000949,-0.018280,0.861686,0.559557,-9.756049
1785347182.278200,0.002729,0.003357,0.002813,0.001010,-0.002281,-0.014198,0.861390,0.559623,-9.756071
1785347182.289714,0.003600,0.004734,0.000697,0.004462,-0.000595,-0.017386,0.861196,0.559363,-9.756103
1785347182.293060,0.003542,0.005407,-0.000930,0.020181,0.013167,-0.012294,0.862137,0.557356,-9.756135
1785347182.312212,0.001664,0.000077,0.003940,0.056941,0.043119,0.002464,0.865529,0.551263,-9.756181
1785347182.315810,0.005069,0.007169,-0.003968,-0.042962,-0.042179,-0.032142,0.861909,0.556275,-9.756217
1785347182.321458,0.002944,0.004473,-0.001439,0.002119,-0.004946,-0.018937,0.861320,0.556316,-9.756267
1785347182.327195,0.008139,0.010032,0.007549,0.179908,-0.023157,0.000391,0.856590,0.539337,-9.757636
1785347182.344694,-0.000810,-0.003765,0.009542,-0.036223,0.051655,0.006773,0.862112,0.542041,-9.757000
1785347182.344774,0.008228,0.010139,-0.006418,0.035441,-0.059265,-0.037070,0.855739,0.539799,-9.757686
1785347182.352016,-0.000352,-0.003065,0.007170,-0.029868,0.058605,0.010326,0.861860,0.541761,-9.757038
1785347182.360738,0.003912,0.003107,-0.000621,0.002173,0.003675,-0.016059,0.862119,0.541649,-9.757021
1785347182.368907,0.003616,0.002688,0.000103,0.012005,0.000299,-0.014289,0.861922,0.540624,-9.757096
1785347182.377684,0.004058,0.002925,-0.000307,0.005410,0.001067,-0.013677,0.861893,0.540215,-9.757121
1785347182.388277,0.004920,0.003121,0.001255,-0.005002,-0.000582,-0.015789,0.861842,0.540851,-9.757090
1785347182.400577,0.004071,0.003191,0.000854,0.005129,-0.003634,-0.016688,0.861350,0.540563,-9.757150
1785347182.400676,0.004852,0.004924,0.000569,0.002749,-0.001479,-0.014187,0.861110,0.540451,-9.757177
1785347182.411192,0.003264,-0.001100,-0.000018,0.010818,0.007213,-0.027123,0.861545,0.539561,-9.757188
1785347182.419033,0.004671,0.005850,0.002402,0.005691,0.003974,-0.003166,0.861836,0.538988,-9.757194
1785347182.429210,0.006701,0.004462,-0.005145,0.022718,-0.033441,-0.036623,0.858136,0.537612,-9.757596
1785347182.435365,0.005748,0.002368,-0.000185,-0.001370,0.002383,-0.024408,0.858286,0.537935,-9.757565
1785347182.445544,0.005324,0.002430,0.001364,0.005635,0.007222,-0.013386,0.858850,0.537416,-9.757544
1785347182.455153,0.005326,0.002788,0.000622,0.000031,-0.002006,-0.013591,0.858600,0.537566,-9.757557
1785347182.463999,0.004036,0.003782,-0.000575,0.003754,-0.004263,-0.018312,0.858060,0.537435,-9.757612
1785347182.466799,0.005069,0.002421,0.001256,0.007800,0.006300,-0.015836,0.858494,0.536742,-9.757612
1785347182.479654,0.007510,0.002564,-0.001708,-0.030311,0.001145,-0.030198,0.858910,0.539918,-9.757400
1785347182.494107,0.006171,0.002505,-0.000661,0.001066,-0.002032,-0.017278,0.858628,0.540004,-9.757420
1785347182.494238,0.006050,0.002348,0.000776,-0.001461,0.001122,-0.018293,0.858682,0.540298,-9.757399
1785347182.502094,0.006243,0.002369,0.001435,0.006248,-0.000911,-0.016107,0.858439,0.539859,-9.757445
1785347182.513569,0.005948,0.001580,-0.002571,-0.032696,-0.010680,-0.031846,0.857741,0.543447,-9.757307
1785347182.524183,0.002880,0.005827,-0.003608,0.064911,0.035733,-0.016396,0.860201,0.536852,-9.757456
1785347182.527255,0.002303,-0.000894,0.005745,-0.029951,0.024373,-0.010605,0.862939,0.539481,-9.757069
1785347182.535009,0.007578,0.007262,-0.001913,0.054767,-0.033832,-0.012840,0.858838,0.534821,-9.757687
1785347182.544876,0.012103,0.004199,0.001220,-0.051101,-0.054681,-0.029827,0.854165,0.540787,-9.757769
1785347182.553158,0.003240,0.003914,-0.002461,0.054298,0.024719,-0.018596,0.855700,0.535387,-9.757932
1785347182.563978,0.001040,-0.006325,0.006016,-0.063285,0.054977,-0.007457,0.861885,0.540749,-9.757092
1785347182.567779,0.005811,0.004523,0.003687,0.027570,-0.005162,-0.000695,0.860989,0.538181,-9.757313
1785347182.581405,0.005912,0.003226,0.000610,0.002344,0.000816,-0.020288,0.860952,0.538132,-9.757319
1785347182.583504,0.006320,0.000933,0.000945,0.004084,-0.000278,-0.020048,0.860785,0.537929,-9.757345
1785347182.594703,0.005412,0.002722,-0.000487,-0.003726,-0.007053,-0.014452,0.860099,0.538522,-9.757373
1785347182.606783,0.006982,0.001668,0.000815,0.004676,0.003391,-0.020933,0.860274,0.538218,-9.757374
1785347182.610349,0.006551,0.001076,0.002351,0.007558,0.005149,-0.012030,0.860613,0.537530,-9.757382
1785347182.625304,0.006719,0.001686,0.000505,0.002370,-0.001877,-0.015284,0.860336,0.537471,-9.757410
1785347182.626323,0.006036,0.000025,-0.003278,-0.034578,-0.002068,-0.025818,0.860530,0.541061,-9.757194
1785347182.636086,0.006116,0.001472,0.001364,0.007139,0.001770,-0.014808,0.860538,0.540487,-9.757225
1785347182.662159,0.009236,0.005393,0.003701,-0.012245,-0.021447,0.000780,0.858647,0.541966,-9.757310
1785347182.662295,0.006527,0.000670,0.001894,0.009385,-0.003379,-0.015523,0.858122,0.541257,-9.757396
1785347182.662351,0.008949,-0.000160,0.005606,-0.052191,-0.029498,-0.018344,0.855953,0.546867,-9.757273
1785347182.668646,0.006379,-0.001659,-0.000071,0.015785,0.030028,-0.019463,0.858544,0.545096,-9.757145
1785347182.678261,0.008162,0.002174,0.002247,-0.000993,-0.014768,-0.008484,0.857097,0.545484,-9.757250
1785347182.685207,0.007074,0.002941,-0.000515,-0.002254,-0.003340,-0.024735,0.856705,0.545978,-9.757257
1785347182.697932,0.005376,-0.002348,0.000222,0.015002,0.017170,-0.029873,0.858022,0.544563,-9.757220
1785347182.701276,0.008474,0.002370,0.002530,-0.007276,-0.023256,-0.007787,0.855851,0.545673,-9.757349
1785347182.709925,0.007467,0.002202,0.001743,-0.000718,-0.002002,-0.016678,0.855599,0.545926,-9.757357
1785347182.716111,0.007456,-0.000053,0.002724,0.003856,0.000929,-0.014235,0.855574,0.545673,-9.757373
1785347182.728363,0.007265,0.000522,0.001248,0.009182,0.002592,-0.015889,0.855624,0.544900,-9.757412
1785347182.735513,0.007194,-0.000865,-0.000983,-0.013862,-0.016340,-0.015144,0.854187,0.546610,-9.757442
1785347182.747188,0.007085,0.000690,0.001103,0.007271,0.005497,-0.015347,0.854548,0.545973,-9.757446
1785347182.750762,0.007657,0.000270,0.000140,0.005302,-0.000721,-0.015022,0.854339,0.545614,-9.757485
1785347182.760162,0.007877,0.001329,0.001644,-0.006247,-0.017387,-0.016207,0.852685,0.546618,-9.757573
1785347182.769472,0.007584,0.000544,0.001239,-0.001673,0.000465,-0.017835,0.852681,0.546936,-9.757556
1785347182.779141,0.008720,0.000444,0.002428,0.007864,-0.005320,-0.015055,0.851990,0.546398,-9.757646
1785347182.785985,0.007271,0.000313,0.001395,-0.001082,-0.001487,-0.016432,0.851795,0.546675,-9.757648
1785347182.795259,0.008345,0.003463,0.002304,0.040755,-0.013994,-0.009887,0.849803,0.543059,-9.758023
1785347182.802117,0.009832,0.002307,-0.002428,-0.032510,-0.043637,-0.035256,0.845925,0.547148,-9.758132
1785347182.813459,0.006643,-0.003517,-0.006598,-0.069478,0.000473,-0.030154,0.846872,0.554089,-9.757658
1785347182.821259,0.007607,0.000450,0.000398,-0.002237,-0.002342,-0.015809,0.846612,0.554483,-9.757658
1785347182.827539,0.007514,0.000262,0.001602,0.005042,-0.000284,-0.012723,0.846457,0.554120,-9.757692
1785347182.835350,0.008564,0.000000,0.002174,-0.009426,-0.009999,-0.016026,0.845564,0.555320,-9.757702
1785347182.843845,0.007124,-0.000290,0.001614,0.003369,0.001460,-0.011945,0.845605,0.555085,-9.757711
1785347182.852397,0.006694,-0.003284,-0.002818,-0.005744,0.012897,-0.029181,0.846812,0.555712,-9.757571
1785347182.862539,0.009951,0.000502,0.003538,-0.003234,0.031805,-0.020458,0.849844,0.555737,-9.757306
1785347182.870903,0.010046,-0.000239,0.004664,-0.020365,-0.026907,-0.001134,0.847546,0.558103,-9.757371
1785347182.878540,0.008377,0.000198,0.000786,0.012400,-0.002341,-0.007979,0.847101,0.557021,-9.757471
1785347182.886208,0.007240,0.000821,0.000363,-0.001304,-0.008366,-0.025143,0.846208,0.557502,-9.757521
1785347182.894870,0.008657,-0.002175,0.002491,0.003883,0.011417,-0.004754,0.847231,0.557002,-9.757461
1785347182.902728,0.007755,-0.000748,0.000684,-0.003654,-0.007161,-0.016455,0.846526,0.557611,-9.757488
1785347182.913633,0.006735,-0.000638,0.000476,0.000061,-0.001990,-0.012860,0.846278,0.557753,-9.757501
1785347182.918953,0.007254,-0.001031,-0.000341,0.011894,0.000606,-0.012374,0.846107,0.556716,-9.757575
1785347182.928473,0.009215,-0.001807,0.000648,-0.007476,-0.002919,-0.023099,0.845840,0.557689,-9.757543
1785347182.936136,0.010728,-0.000974,0.003479,0.009067,-0.017975,-0.014869,0.843907,0.557225,-9.757737
1785347182.944213,0.005528,-0.004557,0.005711,0.052511,0.041606,0.005325,0.847156,0.551511,-9.757780
1785347182.951870,0.009316,0.002452,-0.002159,-0.043970,-0.045216,-0.034912,0.843307,0.556731,-9.757817
1785347182.963176,0.006720,-0.000895,-0.000274,-0.000962,-0.003681,-0.015104,0.842903,0.557017,-9.757835
1785347182.971227,0.006344,-0.005556,-0.000796,0.075434,0.003044,0.011861,0.842111,0.549623,-9.758323
1785347182.977556,0.009078,0.001322,-0.002206,-0.045044,-0.041027,-0.029352,0.838708,0.554832,-9.758321
1785347182.985435,0.007153,-0.001038,0.001586,0.007173,0.001828,-0.016751,0.838707,0.554268,-9.758353
1785347182.993792,0.007220,-0.004620,0.004341,0.039230,0.034872,0.000605,0.841482,0.549971,-9.758357
1785347183.002078,0.007579,-0.001663,0.001039,0.002362,-0.005858,-0.015146,0.840818,0.549971,-9.758415
1785347183.010473,0.007452,-0.000676,-0.000547,-0.006665,-0.006313,-0.016589,0.840241,0.550857,-9.758414
1785347183.019436,0.007476,-0.001969,-0.000055,0.012854,0.000912,-0.014084,0.840076,0.549738,-9.758492
1785347183.027520,0.007762,-0.002005,0.001597,0.002089,-0.004374,-0.016961,0.839553,0.549759,-9.758536
1785347183.038203,0.007227,-0.001788,0.001911,0.003132,-0.001892,-0.013785,0.839266,0.549612,-9.758568
1785347183.044002,0.008566,-0.001767,-0.000166,-0.009301,-0.002968,-0.018458,0.839044,0.550718,-9.758525
1785347183.052505,0.007807,-0.001022,0.001658,0.023062,0.025437,-0.011169,0.841102,0.548220,-9.758489
1785347183.071611,0.008008,-0.002060,0.001156,0.006313,-0.001632,-0.015088,0.840786,0.547777,-9.758541
1785347183.071712,0.007079,-0.002328,-0.000108,-0.002125,-0.002218,-0.012884,0.840552,0.548132,-9.758541
1785347183.085706,0.007175,-0.002152,0.000389,0.005251,0.001577,-0.019282,0.840545,0.547780,-9.758561
1785347183.086622,0.008569,-0.000548,0.000532,-0.009687,-0.012858,-0.024194,0.839353,0.549126,-9.758588
1785347183.091484,0.007198,-0.001963,0.000742,0.002134,-0.001161,-0.014273,0.839150,0.549069,-9.758609
1785347183.102495,0.007407,-0.003795,0.000645,0.003264,0.005235,-0.019787,0.839523,0.548857,-9.758589
1785347183.111276,0.007005,-0.003081,0.000022,0.007080,0.002976,-0.016978,0.839633,0.548286,-9.758612
1785347183.118822,0.008608,-0.008433,0.003270,0.027570,0.003740,-0.040567,0.839405,0.545954,-9.758762
1785347183.128695,0.005173,0.001987,-0.002733,-0.043011,-0.009692,0.007034,0.839159,0.550165,-9.758547
1785347183.136925,0.007671,-0.003387,0.000229,0.007953,-0.000355,-0.015345,0.838939,0.549547,-9.758600
1785347183.149549,0.006314,-0.004826,-0.000979,0.018776,0.029147,-0.027994,0.841347,0.547553,-9.758505
1785347183.153772,0.007136,-0.003372,0.001840,0.009026,-0.001131,-0.019714,0.841018,0.546885,-9.758571
1785347183.162519,0.009519,-0.001338,0.003412,0.021751,0.002199,-0.011140,0.840850,0.544866,-9.758698
1785347183.169663,0.007448,-0.003220,0.002025,0.001027,-0.004975,-0.015062,0.840293,0.544981,-9.758740
1785347183.177602,0.007304,-0.002673,0.000157,0.012704,0.007009,-0.012893,0.840721,0.543772,-9.758770
1785347183.185446,0.007094,-0.003236,-0.000402,0.006719,-0.001791,-0.015075,0.840384,0.543293,-9.758826
1785347183.197027,0.007337,-0.003186,0.000412,0.001009,-0.004211,-0.014517,0.839903,0.543394,-9.758862
1785347183.200907,0.011413,-0.000748,0.003317,-0.000898,-0.019387,0.002940,0.838060,0.543753,-9.759000
1785347183.211452,0.007397,-0.003009,0.001540,0.004490,0.004879,-0.016002,0.838396,0.543393,-9.758992
1785347183.228208,0.008851,-0.002463,0.000899,0.007983,-0.001038,-0.016125,0.838107,0.542790,-9.759050
1785347183.229152,0.006661,-0.004128,0.000492,0.001454,0.002208,-0.013360,0.838244,0.542737,-9.759041
1785347183.240069,0.006389,-0.004075,-0.001326,-0.006609,0.000327,-0.020915,0.838293,0.543557,-9.758991
1785347183.241641,0.006952,-0.003086,-0.000264,0.004961,-0.001881,-0.015810,0.837971,0.543254,-9.759036
1785347183.253749,0.008224,-0.004278,0.001798,-0.004404,-0.003051,-0.016483,0.837679,0.543874,-9.759026
1785347183.261509,0.006888,-0.002847,0.001182,0.005637,0.000331,-0.013067,0.837570,0.543447,-9.759059
1785347183.269845,0.007113,-0.003539,0.000803,0.008710,0.004959,-0.015050,0.837852,0.542671,-9.759078
1785347183.280099,0.005832,-0.006206,-0.000865,-0.027038,-0.007161,-0.021264,0.837498,0.545570,-9.758947
1785347183.291502,0.006629,-0.003476,0.000315,0.003531,-0.001507,-0.016854,0.837229,0.545408,-9.758979
1785347183.291579,0.008136,-0.001328,0.001618,0.024114,-0.002921,-0.008375,0.836537,0.543217,-9.759161
1785347183.304122,0.005537,-0.006668,-0.001234,-0.023521,-0.003096,-0.023467,0.836512,0.545735,-9.759023
1785347183.321507,0.006285,-0.004587,0.000708,0.006019,0.002003,-0.013488,0.836556,0.545249,-9.759046
1785347183.321605,0.007300,-0.006610,0.001773,-0.043500,-0.029932,-0.015660,0.834289,0.550032,-9.758972
1785347183.331258,0.005896,-0.004144,0.000828,0.004772,-0.001266,-0.010597,0.834048,0.549691,-9.759011
1785347183.334118,0.006894,-0.004152,-0.000286,-0.004349,-0.003047,-0.018336,0.833748,0.550322,-9.759001
1785347183.358680,0.006898,-0.004113,0.000835,-0.014344,-0.018018,-0.018242,0.832162,0.552146,-9.759034
1785347183.358844,0.004583,-0.003809,-0.001675,0.012150,0.009830,-0.009694,0.832878,0.550915,-9.759042
1785347183.359315,0.006087,-0.005304,0.002981,-0.009084,-0.013607,-0.018511,0.831634,0.552168,-9.759078
1785347183.370135,0.005295,-0.004091,-0.000116,0.000604,-0.006306,-0.017611,0.830944,0.552369,-9.759125
1785347183.378493,0.006172,-0.003879,0.001037,0.004715,-0.001475,-0.013268,0.830673,0.552060,-9.759166
1785347183.386765,0.005953,-0.005476,0.001515,0.000888,-0.004716,-0.018997,0.830127,0.552221,-9.759203
1785347183.394591,0.005900,-0.004449,0.001047,-0.002281,-0.002717,-0.017629,0.829828,0.552643,-9.759204
1785347183.402594,0.007165,-0.002867,0.002634,0.025448,-0.001421,-0.013178,0.829235,0.550344,-9.759385
1785347183.414855,0.005567,-0.004569,0.000431,-0.000535,-0.004833,-0.016249,0.828711,0.550619,-9.759414
1785347183.416624,0.005492,-0.004839,0.001182,0.005680,-0.000662,-0.014141,0.828499,0.550213,-9.759455
1785347183.429678,0.005648,-0.005437,0.000430,0.001755,-0.003030,-0.022278,0.828088,0.550294,-9.759485
1785347183.437031,0.005801,-0.005722,-0.001089,-0.013306,-0.000634,-0.020075,0.828156,0.551761,-9.759396
1785347183.445778,0.005129,-0.004484,0.001440,0.007404,-0.002409,-0.015206,0.827744,0.551227,-9.759461
1785347183.453142,0.004861,-0.004528,0.000953,-0.000067,0.003262,-0.014969,0.827998,0.551316,-9.759435
1785347183.462485,0.004172,-0.005641,-0.000511,-0.008956,-0.006151,-0.015695,0.827484,0.552415,-9.759416
1785347183.469490,0.005491,-0.004882,0.000423,-0.004974,0.000529,-0.020044,0.827532,0.553064,-9.759376
1785347183.478041,0.006221,-0.005939,0.000299,0.000630,-0.001097,-0.020181,0.827333,0.553204,-9.759384
1785347183.485693,0.004837,-0.004735,0.001351,-0.003320,-0.003663,-0.017788,0.826961,0.553741,-9.759386
1785347183.493815,0.003319,-0.007319,-0.001960,0.008952,0.012315,-0.023380,0.827908,0.552897,-9.759353
1785347183.501805,0.004289,-0.004562,0.000321,-0.008755,0.000151,-0.014126,0.828005,0.553861,-9.759290
1785347183.510079,0.005435,-0.003074,0.002658,-0.009363,-0.018541,-0.006752,0.826341,0.555117,-9.759360
1785347183.520048,0.002209,-0.007511,-0.003906,0.003173,0.017484,-0.030902,0.827847,0.554812,-9.759250
1785347183.531788,0.004642,-0.005212,0.000362,0.005358,0.012625,-0.011002,0.828932,0.554195,-9.759193
1785347183.538510,0.003425,-0.005210,0.000798,-0.000605,-0.000425,-0.012835,0.828848,0.554376,-9.759189
1785347183.549575,0.004912,-0.004249,0.001577,-0.006364,-0.006938,-0.016049,0.828216,0.555242,-9.759194
1785347183.557728,0.004110,-0.004773,-0.000192,0.001524,0.009904,-0.016042,0.829080,0.555082,-9.759130
1785347183.558703,0.003608,-0.005290,-0.000911,0.000994,0.000459,-0.016874,0.829038,0.555132,-9.759130
1785347183.569020,0.003899,-0.002679,0.000615,-0.007074,-0.018037,-0.008495,0.827380,0.556178,-9.759211
1785347183.578934,0.003247,-0.004592,-0.000214,0.004141,0.000760,-0.014470,0.827327,0.555900,-9.759232
1785347183.589289,0.003503,-0.005223,-0.000342,0.005022,0.008934,-0.016631,0.828038,0.555425,-9.759199
1785347183.593308,0.004518,-0.005111,0.001830,0.009661,-0.001566,-0.012577,0.827679,0.554638,-9.759274
1785347183.603619,0.002844,-0.004112,-0.000286,0.002052,-0.001083,-0.014740,0.827481,0.554593,-9.759293
1785347183.613186,0.005441,-0.004528,0.003531,-0.014235,0.032246,-0.025814,0.830712,0.555667,-9.758958
1785347183.622866,0.001838,-0.005441,-0.000148,-0.000130,-0.005015,-0.011299,0.830185,0.555864,-9.758991
1785347183.626093,0.001838,-0.006001,-0.003803,0.027716,-0.015195,-0.012206,0.828221,0.553566,-9.759289
1785347183.635563,0.002752,-0.005181,0.001629,0.003316,0.001328,-0.016452,0.828228,0.553376,-9.759299
1785347183.648472,0.004148,-0.003939,0.004138,-0.013528,0.024500,-0.015232,0.830745,0.554411,-9.759026
1785347183.652009,0.001529,-0.007547,-0.000981,0.005715,0.012738,-0.029529,0.831758,0.553924,-9.758967
1785347183.662808,0.003302,-0.004420,-0.001463,0.012660,-0.045112,-0.000342,0.827206,0.553450,-9.759381
1785347183.669436,0.003712,-0.003942,0.003075,-0.012594,0.025378,-0.018643,0.829780,0.554411,-9.759108
1785347183.680549,0.001753,-0.005508,0.000034,-0.001237,-0.002249,-0.017628,0.829511,0.554726,-9.759113
1785347183.687950,0.001833,-0.006551,-0.001021,-0.016888,-0.006530,-0.027349,0.829047,0.556699,-9.759040
1785347183.693826,0.001428,-0.005685,0.000857,0.000805,-0.000466,-0.011839,0.828940,0.556737,-9.759047
1785347183.704059,0.002920,-0.005386,0.000409,0.004960,0.006461,-0.012967,0.829428,0.556274,-9.759032
1785347183.710671,0.001299,-0.006020,0.001031,0.000831,-0.009117,-0.019136,0.828458,0.556517,-9.759101
1785347183.718921,0.002446,-0.005327,-0.000120,0.006255,0.006009,-0.013117,0.828880,0.555938,-9.759098
1785347183.730082,0.001358,-0.005625,-0.000463,-0.001201,-0.003186,-0.016623,0.828525,0.556257,-9.759110
1785347183.735519,0.001204,-0.005393,0.000059,0.001375,0.003033,-0.014867,0.828734,0.556210,-9.759095
1785347183.743911,0.001853,-0.005789,0.000073,0.004129,-0.000425,-0.013800,0.828568,0.555947,-9.759124
1785347183.751818,0.001372,-0.005435,0.000298,0.000341,0.000137,-0.013929,0.828519,0.556038,-9.759123
1785347183.760106,0.001693,-0.006228,0.000700,0.011947,0.005483,-0.015748,0.828786,0.554946,-9.759162
1785347183.768414,0.001663,-0.004737,-0.000404,-0.006688,-0.006869,-0.013657,0.828179,0.555824,-9.759164
1785347183.777423,0.001000,-0.005805,-0.001055,-0.002116,0.001317,-0.016770,0.828272,0.556157,-9.759137
1785347183.786718,0.000533,-0.006544,-0.000502,-0.000768,0.003933,-0.018391,0.828589,0.556332,-9.759100
1785347183.795386,0.000862,-0.005971,0.000146,-0.001775,-0.003310,-0.013458,0.828244,0.556679,-9.759110
1785347183.803223,0.002636,-0.003169,-0.004531,-0.037014,-0.036118,-0.035456,0.825236,0.561143,-9.759109
1785347183.813522,-0.000281,-0.008624,0.004014,0.044577,0.041047,0.005874,0.828471,0.556141,-9.759121
1785347183.817552,0.000902,-0.006481,0.000792,0.002541,0.001378,-0.019909,0.828480,0.556055,-9.759125
1785347183.831033,-0.000554,-0.007113,-0.002435,0.009535,0.023624,-0.021443,0.830508,0.554944,-9.759016
1785347183.839579,-0.002798,-0.002555,-0.005571,0.072571,0.039342,-0.022323,0.832997,0.547545,-9.759222
1785347183.843199,0.005520,-0.006736,0.007795,-0.091537,-0.070645,-0.001695,0.827715,0.557500,-9.759108
1785347183.853647,-0.000089,-0.007796,-0.001934,-0.007428,-0.005682,-0.023409,0.827197,0.558518,-9.759093
1785347183.860988,0.001680,-0.004449,-0.000034,-0.002968,0.009387,-0.015106,0.828088,0.558782,-9.759003
1785347183.868530,0.000040,-0.007256,-0.000382,0.000664,-0.009167,-0.016739,0.827126,0.559024,-9.759070
1785347183.883178,-0.000523,-0.008610,-0.001155,-0.001193,0.024837,-0.028279,0.829420,0.558980,-9.758878
1785347183.886666,0.000622,-0.004419,0.000015,0.001383,-0.007293,-0.010706,0.828651,0.559067,-9.758939
1785347183.893351,0.000281,-0.003519,0.000463,-0.013009,-0.009407,-0.008037,0.827931,0.560542,-9.758915
1785347183.901986,-0.001390,-0.005162,-0.000738,0.002505,-0.004105,-0.016690,0.827425,0.560523,-9.758959
1785347183.910782,-0.001819,-0.006591,-0.003965,0.019051,-0.023503,-0.008784,0.824809,0.559173,-9.759258
1785347183.919151,-0.000221,-0.005794,-0.000902,-0.007666,0.001833,-0.015394,0.825050,0.560016,-9.759189
1785347183.926722,0.000171,-0.005507,-0.001182,0.006372,0.005476,-0.016277,0.825404,0.559461,-9.759191
1785347183.935742,0.000850,-0.004045,0.003386,-0.023192,0.023415,-0.016898,0.827977,0.561440,-9.758860
1785347183.944737,-0.001447,-0.007402,-0.004723,0.017758,-0.022487,-0.016407,0.825447,0.560268,-9.759141
1785347183.951857,-0.002383,-0.005221,-0.000424,-0.003929,-0.000911,-0.013228,0.825372,0.560780,-9.759118
1785347183.960609,-0.000128,-0.006435,0.000105,0.003721,0.003767,-0.020178,0.825589,0.560543,-9.759113
1785347183.969491,-0.001225,-0.009240,-0.002839,0.002605,0.013817,-0.032988,0.826739,0.560359,-9.759027
1785347183.977719,-0.000926,-0.005226,-0.000049,-0.002736,-0.007088,-0.015565,0.826039,0.560882,-9.759056
1785347183.986433,-0.001241,-0.005646,-0.000573,-0.001360,0.002102,-0.015812,0.826200,0.561120,-9.759029
1785347183.996000,-0.000854,-0.004996,-0.001276,-0.003071,-0.000302,-0.012945,0.826170,0.561537,-9.759007
1785347184.002046,-0.001546,-0.005463,-0.002740,0.003673,0.006507,-0.015025,0.826672,0.561211,-9.758983
1785347184.010062,-0.000522,-0.003034,0.003412,-0.009836,-0.023919,-0.007297,0.824508,0.562624,-9.759085
1785347184.018855,-0.001958,-0.005935,-0.001047,0.001442,-0.002426,-0.011800,0.824202,0.562634,-9.759110
1785347184.027536,-0.002128,-0.004947,0.000697,-0.003030,-0.000877,-0.017366,0.824097,0.563097,-9.759092
1785347184.034854,-0.002905,-0.006763,-0.000420,0.003985,0.004356,-0.007317,0.824418,0.562708,-9.759088
1785347184.048443,-0.000928,-0.004098,-0.000620,-0.001782,-0.002382,-0.021902,0.824130,0.563117,-9.759089
1785347184.050313,-0.004764,-0.008064,-0.005009,-0.001694,0.018307,-0.027673,0.825805,0.563218,-9.758941
1785347184.060426,-0.003464,-0.006553,-0.000833,0.008330,0.005950,-0.008076,0.826202,0.562393,-9.758955
1785347184.070623,-0.002313,-0.004266,0.001823,-0.012103,-0.022104,-0.006974,0.824254,0.563991,-9.759028
1785347184.076663,-0.002903,-0.004842,0.000260,-0.009438,-0.008585,-0.013869,0.823533,0.565166,-9.759020
1785347184.085818,-0.004376,-0.007159,-0.001551,0.006901,0.016403,-0.027122,0.824880,0.564472,-9.758947
1785347184.099338,0.000473,-0.003642,0.002022,-0.009382,-0.022682,-0.010177,0.822818,0.565850,-9.759041
1785347184.101054,-0.006283,-0.006752,-0.002282,0.005766,0.022553,-0.020697,0.824802,0.565100,-9.758917
1785347184.114093,-0.003653,-0.004972,-0.001879,0.003872,0.002431,-0.015304,0.824907,0.564826,-9.758924
1785347184.118013,-0.003534,-0.006025,-0.001907,-0.029208,-0.017220,-0.015290,0.823688,0.568054,-9.758840
1785347184.128512,-0.002445,-0.002218,0.000576,0.016683,0.000178,-0.009390,0.823380,0.566541,-9.758954
1785347184.140296,-0.006511,-0.003200,0.006020,0.075954,0.000927,0.010166,0.822208,0.559168,-9.759478
1785347184.144733,-0.000181,-0.005078,-0.002717,-0.035951,0.000624,-0.031514,0.822756,0.562881,-9.759218
1785347184.157707,-0.004764,-0.006319,-0.000143,-0.003600,0.003595,-0.018413,0.823089,0.563330,-9.759164
1785347184.159952,-0.003824,-0.004902,-0.004921,-0.025358,0.003196,-0.022078,0.823741,0.565901,-9.758960
1785347184.170200,-0.004649,-0.004356,0.000801,0.048284,0.013735,-0.001378,0.824225,0.561059,-9.759199
1785347184.198328,-0.006826,-0.004187,-0.001027,0.008632,0.012324,-0.013689,0.825205,0.560145,-9.759169
1785347184.198498,-0.006324,-0.004873,0.002003,0.026041,-0.006992,-0.007172,0.824055,0.557841,-9.759398
1785347184.198563,-0.004263,-0.004171,-0.000514,0.005474,0.000688,-0.014112,0.823969,0.557433,-9.759428
1785347184.201546,-0.003674,-0.004933,0.000133,-0.003688,-0.000028,-0.010999,0.823986,0.557886,-9.759401
1785347184.212606,-0.001878,-0.006007,-0.007318,-0.059131,0.009926,-0.039977,0.825800,0.563731,-9.758912
1785347184.219456,-0.003588,-0.002040,0.001179,0.030792,-0.000269,-0.006236,0.825216,0.560849,-9.759127
1785347184.227190,-0.007727,-0.005032,0.002193,0.037612,0.000415,-0.004055,0.824588,0.557282,-9.759385
1785347184.236203,-0.001375,-0.005525,-0.007464,-0.062478,0.007585,-0.035351,0.826256,0.563445,-9.758890
1785347184.243691,-0.004378,-0.003665,-0.000534,0.001887,0.002519,-0.016190,0.826400,0.563368,-9.758882
1785347184.252202,-0.004475,-0.002614,0.003084,0.033861,0.003257,-0.003723,0.826109,0.560108,-9.759094
1785347184.260136,-0.005424,-0.003403,-0.000565,0.007867,0.010252,-0.019091,0.826881,0.559351,-9.759072
1785347184.273607,-0.005354,-0.005715,-0.004666,-0.033143,0.000540,-0.020923,0.827425,0.562701,-9.758834
1785347184.276835,-0.004558,-0.003587,-0.002025,0.008946,0.003554,-0.013115,0.827557,0.561903,-9.758868
1785347184.286406,-0.005381,-0.003445,-0.000409,0.000906,0.002418,-0.016196,0.827708,0.561922,-9.758855
1785347184.297943,-0.005179,-0.004183,-0.001087,0.009061,0.007634,-0.011160,0.828239,0.561024,-9.758861
1785347184.301075,-0.005314,-0.003714,0.000036,-0.002365,0.000235,-0.014338,0.828244,0.561377,-9.758840
1785347184.311700,-0.003526,-0.001941,0.002590,-0.021812,0.018398,-0.025083,0.830292,0.563369,-9.758552
1785347184.318733,-0.006902,-0.006159,-0.002579,0.010543,0.025436,-0.023360,0.832457,0.562130,-9.758439
1785347184.331934,-0.004600,-0.001006,0.002672,-0.020976,-0.014249,-0.008215,0.831422,0.564460,-9.758392
1785347184.334297,-0.007876,-0.005225,-0.005050,0.014337,0.036838,-0.022012,0.834620,0.562646,-9.758224
1785347184.343945,-0.005653,-0.004576,0.000439,-0.000650,-0.001708,-0.018005,0.834395,0.562903,-9.758229
1785347184.352385,-0.006030,-0.003750,-0.001601,0.003241,0.006538,-0.015794,0.834903,0.562623,-9.758201
1785347184.363236,-0.005233,-0.003518,-0.001592,0.005191,0.010968,-0.013781,0.835809,0.562061,-9.758156
1785347184.367554,-0.004834,-0.003040,-0.000110,0.003117,0.004864,-0.017572,0.836151,0.561840,-9.758140
1785347184.376808,-0.005228,-0.003279,-0.000744,0.005649,0.000893,-0.016840,0.836070,0.561439,-9.758170
1785347184.385791,-0.006411,-0.002575,-0.002214,0.008421,0.006083,-0.016422,0.836440,0.560678,-9.758182
1785347184.396819,-0.006548,-0.002511,-0.000341,0.001704,0.010353,-0.012551,0.837354,0.560448,-9.758116
1785347184.403815,-0.006603,-0.002846,-0.000089,0.000696,0.002844,-0.022856,0.837523,0.560542,-9.758097
1785347184.410465,-0.006478,-0.002252,-0.001039,-0.001684,0.003516,-0.011248,0.837846,0.560745,-9.758057
1785347184.420079,-0.004026,-0.000765,0.001427,-0.011056,-0.022191,-0.008096,0.835877,0.562268,-9.758138
1785347184.430017,-0.005627,-0.003145,-0.001005,0.003493,0.002154,-0.012957,0.835970,0.562015,-9.758145
1785347184.439930,-0.006888,-0.003023,-0.001909,0.001211,0.008096,-0.019411,0.836648,0.561935,-9.758091
1785347184.441710,-0.006161,-0.002808,-0.002907,-0.002813,0.003164,-0.019713,0.836923,0.562329,-9.758045
1785347184.454298,-0.009425,-0.004364,-0.003495,-0.037646,-0.000511,-0.014579,0.837483,0.566068,-9.757781
1785347184.460886,-0.008315,-0.003922,-0.002707,0.020730,-0.015016,-0.008518,0.835639,0.564433,-9.758034
1785347184.469674,-0.006393,-0.002023,-0.000892,0.001019,0.003014,-0.017673,0.835839,0.564445,-9.758016
1785347184.479595,-0.006393,-0.002023,-0.000892,0.001019,0.003014,-0.017673,0.835905,0.564812,-9.757989
1785347184.494238,-0.007254,-0.001995,-0.003121,-0.018282,-0.015440,-0.037641,0.834595,0.567180,-9.757964
1785347184.494385,-0.008967,-0.006257,0.000653,-0.009983,0.018303,-0.013945,0.836474,0.567935,-9.757759
1785347184.502789,-0.007032,-0.001765,-0.003838,-0.009047,-0.022282,-0.024586,0.834396,0.569424,-9.757850
1785347184.512190,-0.007341,-0.001300,0.000777,0.008503,-0.000457,-0.015678,0.834136,0.568764,-9.757911
1785347184.519677,-0.008101,-0.004372,0.000513,-0.018026,0.015399,-0.016548,0.835870,0.570362,-9.757669
1785347184.527712,-0.005276,-0.000398,0.004084,-0.020670,0.022995,-0.014477,0.838388,0.572058,-9.757354
1785347184.537147,-0.008570,-0.005113,-0.002044,0.008985,0.023663,-0.027597,0.840386,0.571032,-9.757242
1785347184.548156,-0.005971,0.000386,0.002296,-0.009435,-0.019625,-0.005438,0.838649,0.572335,-9.757315
1785347184.552924,-0.006255,-0.001756,-0.001545,-0.001376,-0.001820,-0.013947,0.838442,0.572628,-9.757316
1785347184.561122,-0.008809,-0.003657,-0.003946,0.012545,0.034195,-0.027335,0.841388,0.571070,-9.757154
1785347184.568949,-0.007989,-0.001732,-0.000532,0.002474,-0.008595,-0.017532,0.840447,0.571151,-9.757230
1785347184.576812,-0.006645,-0.002170,0.000631,-0.001815,0.001697,-0.013608,0.840587,0.571420,-9.757202
1785347184.586945,-0.006201,-0.001049,0.000393,-0.003295,-0.002568,-0.015269,0.840338,0.571922,-9.757194
1785347184.594284,-0.007625,-0.002738,-0.000056,0.006216,0.009443,-0.013373,0.841078,0.571283,-9.757168
1785347184.605125,-0.008019,-0.002003,-0.000839,0.002805,0.002636,-0.011887,0.841232,0.571078,-9.757167
1785347184.611551,-0.007545,-0.000485,-0.002009,0.001379,0.002283,-0.016354,0.841360,0.571057,-9.757157
1785347184.619620,-0.007437,-0.001559,-0.000840,-0.001840,-0.000674,-0.010989,0.841284,0.571347,-9.757146
1785347184.629321,-0.007139,-0.001270,0.000874,0.011392,0.008680,-0.012078,0.841862,0.570215,-9.757163
1785347184.641767,-0.006713,-0.000778,-0.000553,0.006002,0.006354,-0.011388,0.841918,0.571061,-9.757108
1785347184.642413,-0.006713,-0.000778,-0.000553,0.006002,0.006354,-0.011388,0.842373,0.570479,-9.757103
1785347184.653674,-0.006040,0.000859,0.002315,0.023567,0.001244,-0.006329,0.842040,0.568267,-9.757261
1785347184.661586,-0.008507,-0.001991,-0.000527,0.005655,0.006687,-0.008791,0.842544,0.567687,-9.757251
1785347184.669940,-0.009483,-0.005016,-0.008761,0.000894,-0.030749,-0.009689,0.839538,0.568250,-9.757478
1785347184.677078,-0.001806,0.008205,-0.005634,0.091568,-0.019909,-0.026603,0.835859,0.560119,-9.758263
1785347184.685185,-0.008661,-0.004187,-0.003991,-0.028435,-0.006349,-0.020598,0.835685,0.563138,-9.758105
1785347184.697179,-0.007347,-0.000098,-0.001480,0.000729,0.002360,-0.016008,0.835835,0.563173,-9.758090
1785347184.703073,-0.006226,0.002052,0.001502,0.024037,0.003165,-0.006270,0.835676,0.560879,-9.758236
1785347184.712917,-0.007727,-0.000851,-0.000453,0.003718,0.001024,-0.015497,0.835645,0.560649,-9.758251
1785347184.719164,-0.007550,-0.000229,-0.001474,-0.008023,-0.002506,-0.015597,0.835489,0.561604,-9.758210
1785347184.727916,-0.008740,-0.001042,-0.000503,0.017542,0.014761,-0.013035,0.836534,0.559781,-9.758225
1785347184.735951,-0.006100,-0.000554,-0.000908,-0.008298,-0.008056,-0.020447,0.835832,0.560908,-9.758220
1785347184.755459,-0.007924,-0.000109,0.000465,0.012599,0.010201,-0.014732,0.836522,0.559655,-9.758233
1785347184.755597,-0.007440,-0.001970,-0.004742,-0.027351,-0.006382,-0.021893,0.836324,0.562584,-9.758082
1785347184.759784,-0.007429,0.001516,0.002536,0.023491,0.009175,-0.010727,0.836731,0.560274,-9.758180
1785347184.768931,-0.010162,-0.003979,0.000660,-0.007665,0.016388,-0.000094,0.838443,0.560706,-9.758008
1785347184.774642,-0.006051,0.004063,-0.004965,0.012597,-0.016827,-0.035225,0.836460,0.560138,-9.758211
1785347184.785509,-0.006439,0.002057,0.001191,-0.003624,-0.014013,-0.002228,0.835173,0.560761,-9.758285
1785347184.795477,-0.007419,-0.000412,0.000354,-0.010354,0.001764,-0.015822,0.835470,0.561863,-9.758197
1785347184.802358,-0.007287,-0.000246,-0.000776,-0.000854,0.000767,-0.016048,0.835496,0.562078,-9.758182
1785347184.813425,-0.011786,-0.006093,-0.001108,-0.000106,0.051643,-0.005737,0.840429,0.561191,-9.757809
1785347184.819927,-0.007154,-0.000530,-0.001402,-0.007821,-0.000913,-0.016431,0.840420,0.562107,-9.757757
1785347184.826903,-0.008981,-0.002131,0.003115,-0.023763,0.034983,0.000081,0.844213,0.563728,-9.757336
1785347184.835673,-0.002990,0.007631,-0.008638,0.034068,-0.054163,-0.047573,0.838203,0.561919,-9.757959
1785347184.847380,-0.011693,-0.007300,0.007351,-0.031661,0.065031,0.019458,0.845100,0.563558,-9.757269
1785347184.851133,-0.006464,0.000373,-0.000233,-0.001865,0.000132,-0.015179,0.845087,0.563875,-9.757252
1785347184.861208,-0.006928,0.001755,-0.001332,0.005347,0.002165,-0.022029,0.845109,0.563531,-9.757270
1785347184.868584,-0.007143,-0.000131,-0.000668,-0.005288,0.001540,-0.015569,0.845293,0.564152,-9.757218
1785347184.880331,-0.007438,0.000071,-0.002289,0.009189,0.006969,-0.019643,0.845714,0.563330,-9.757229
1785347184.887230,-0.007321,0.001110,-0.001631,-0.000727,0.004131,-0.013698,0.846070,0.563451,-9.757192
1785347184.893796,-0.006581,0.001160,-0.000941,-0.000494,-0.001427,-0.018137,0.845871,0.563694,-9.757195
1785347184.901206,-0.007330,0.000157,0.001057,0.003611,0.007883,-0.016231,0.846496,0.563355,-9.757160
1785347184.910214,-0.006974,0.002394,-0.001323,-0.003057,-0.006112,-0.025507,0.845866,0.563998,-9.757178
1785347184.920791,-0.010074,0.003894,-0.005023,0.066551,0.043103,-0.015101,0.848704,0.556993,-9.757334
1785347184.931635,-0.006353,0.001251,-0.001357,0.007421,0.007365,-0.012255,0.849224,0.556263,-9.757330
1785347184.933144,-0.002986,0.000801,-0.001758,-0.098507,-0.074760,-0.034674,0.843755,0.567370,-9.757165
1785347184.947093,-0.007175,0.001166,-0.001895,-0.003947,0.000605,-0.019418,0.843809,0.567916,-9.757129
1785347184.957556,-0.007305,0.001222,-0.000298,0.011753,0.015894,-0.014095,0.845058,0.566630,-9.757095
1785347184.960679,-0.006923,0.000464,-0.000177,-0.002392,0.003390,-0.016403,0.845363,0.566948,-9.757050
1785347184.975740,-0.010112,-0.003015,0.004973,0.048892,0.069694,0.006199,0.851154,0.560928,-9.756895
1785347184.976508,-0.006414,0.004080,-0.002028,0.008386,0.012120,-0.007985,0.852128,0.559978,-9.756864
1785347184.986462,-0.008703,-0.000341,-0.001476,0.011054,0.011924,-0.016549,0.853001,0.558857,-9.756852
1785347184.997931,-0.009459,0.007975,-0.012280,0.033845,0.007728,-0.031799,0.852986,0.555786,-9.757029
1785347185.000781,-0.006517,0.001679,-0.000372,-0.001934,0.000611,-0.019141,0.853008,0.556138,-9.757007
1785347185.011203,-0.007398,-0.001865,0.004267,0.056484,0.053800,0.003413,0.857117,0.549714,-9.757011
1785347185.019599,-0.005678,0.001921,0.000850,-0.003128,0.000796,-0.012793,0.857204,0.550118,-9.756981
1785347185.027963,-0.005171,0.007433,-0.004182,-0.046936,-0.042385,-0.048443,0.853841,0.555843,-9.756951
1785347185.036675,-0.007046,0.002160,-0.000044,0.009536,0.003629,-0.011845,0.853964,0.554978,-9.756990
1785347185.045822,-0.008333,0.001717,0.000751,0.017210,0.021558,-0.012811,0.855657,0.553053,-9.756951
1785347185.053070,-0.006389,0.002671,-0.002153,0.002150,-0.001978,-0.019240,0.855354,0.553066,-9.756976
1785347185.062536,-0.006272,0.001591,-0.000987,-0.004262,0.000806,-0.015606,0.855453,0.553604,-9.756937
1785347185.076030,-0.005916,0.002449,0.000705,-0.000473,0.006688,-0.013015,0.856053,0.553646,-9.756882
1785347185.076160,-0.005791,0.002492,0.000460,0.007941,0.005509,-0.015210,0.856374,0.552929,-9.756895
1785347185.087126,-0.006660,0.003002,-0.000516,-0.005657,-0.003714,-0.016890,0.856061,0.553697,-9.756879
1785347185.097482,-0.006219,0.002783,-0.000172,0.014891,0.001384,-0.020307,0.855835,0.552444,-9.756969
1785347185.130479,-0.002599,-0.001215,0.002334,-0.067006,-0.041676,-0.013509,0.853060,0.559743,-9.756796
1785347185.130635,-0.005987,0.002919,-0.001812,0.000047,-0.004454,-0.015676,0.852572,0.559970,-9.756826
1785347185.130691,-0.006927,-0.000996,0.003536,0.044258,0.047813,0.001406,0.856319,0.554835,-9.756791
1785347185.130745,-0.007251,-0.000072,-0.001300,-0.024108,0.001168,-0.021638,0.856806,0.557313,-9.756607
1785347185.141349,-0.002081,0.008479,-0.002098,-0.020196,-0.040145,-0.026258,0.853243,0.560247,-9.756751
1785347185.141595,-0.008960,-0.001826,0.001284,0.020909,0.044865,0.000525,0.857145,0.557398,-9.756573
1785347185.152663,-0.005846,0.002394,-0.000065,-0.001628,0.000518,-0.015598,0.857166,0.557691,-9.756554
1785347185.159673,-0.005640,0.002676,-0.000552,-0.002967,-0.005129,-0.014466,0.856677,0.558208,-9.756568
1785347185.169922,-0.000326,0.011248,-0.002840,-0.017498,-0.052470,-0.026112,0.851884,0.561119,-9.756820
1785347185.180398,-0.007471,-0.002198,-0.002608,-0.020459,0.009089,-0.034086,0.853013,0.563215,-9.756601
1785347185.185933,-0.004121,0.004280,0.003099,-0.020770,0.026729,-0.018922,0.855896,0.564861,-9.756253
1785347185.197272,-0.004549,0.003610,-0.001239,0.000788,0.000280,-0.014640,0.855851,0.564919,-9.756254
1785347185.202065,-0.005383,0.003114,-0.000663,-0.006598,-0.003444,-0.013918,0.855594,0.565745,-9.756228
1785347185.217307,-0.006716,0.002930,-0.000341,-0.002794,0.001938,-0.020728,0.855753,0.566170,-9.756190
1785347185.217472,-0.004357,0.003339,-0.000326,0.000252,-0.001789,-0.014565,0.855520,0.566318,-9.756202
1785347185.229770,-0.005584,0.003022,0.000177,-0.002512,-0.001023,-0.014730,0.855413,0.566716,-9.756188
1785347185.235201,-0.003896,0.002871,0.000304,0.010857,0.005545,-0.013095,0.855685,0.565700,-9.756223
1785347185.245863,-0.004252,0.002657,-0.000363,0.000752,0.002372,-0.017248,0.855831,0.565746,-9.756207
1785347185.256931,-0.004304,0.003664,-0.001717,0.001993,0.001420,-0.012783,0.855879,0.565650,-9.756209
1785347185.259280,-0.008626,0.001199,0.004850,0.051125,0.002892,-0.000939,0.855170,0.560737,-9.756555
1785347185.269431,-0.002241,0.005462,-0.005867,-0.047042,-0.011300,-0.036444,0.854853,0.565777,-9.756291
1785347185.277092,-0.005710,0.006134,0.005893,0.066064,0.003560,0.010916,0.853964,0.559317,-9.756742
1785347185.286215,-0.005118,-0.000153,-0.001823,-0.013579,0.001069,-0.022206,0.854243,0.560799,-9.756632
1785347185.291733,-0.003072,0.001214,-0.000495,0.012197,0.052123,-0.007112,0.858971,0.558700,-9.756338
1785347185.302646,-0.001786,0.006257,-0.004122,-0.044618,-0.046222,-0.032020,0.855284,0.564142,-9.756348
1785347185.310484,-0.007348,-0.001565,0.000698,0.085755,0.032607,0.023106,0.856839,0.555133,-9.756729
1785347185.318704,-0.007050,0.002606,0.002873,0.039944,0.002337,-0.001839,0.856286,0.551303,-9.756994
1785347185.330383,-0.003385,0.003346,-0.000119,-0.006591,-0.006773,-0.016987,0.855701,0.552222,-9.756994
1785347185.336848,-0.000242,0.004844,-0.004713,-0.041352,0.002513,-0.025860,0.856643,0.556353,-9.756676
1785347185.345119,-0.006582,0.003104,0.004344,0.051755,0.007582,-0.000647,0.856366,0.551287,-9.756988
1785347185.354235,-0.000434,0.003528,-0.002552,-0.036031,0.000194,-0.026440,0.856983,0.554962,-9.756726
1785347185.365123,-0.006045,0.003173,0.003892,0.029004,-0.005620,-0.004710,0.855866,0.552356,-9.756972
1785347185.367832,-0.003589,0.003286,-0.000740,0.008965,0.005576,-0.011019,0.856185,0.551499,-9.756992
1785347185.380245,0.000448,0.004859,-0.005083,-0.045003,-0.004898,-0.032843,0.856466,0.556186,-9.756701
1785347185.386142,-0.004409,0.003872,-0.000185,0.011455,0.004448,-0.014008,0.856617,0.555143,-9.756748
1785347185.396372,-0.005244,0.004176,0.003001,0.031591,-0.003840,-0.004723,0.855619,0.552256,-9.756999
1785347185.405299,-0.002210,0.003805,0.001035,-0.006525,-0.000578,-0.017351,0.855626,0.553052,-9.756953
1785347185.409229,-0.002713,0.004101,0.000641,0.011443,0.008343,-0.017455,0.856137,0.551966,-9.756970
1785347185.418683,-0.000322,0.005260,-0.005738,-0.057766,-0.010543,-0.025514,0.856157,0.557908,-9.756630
1785347185.429151,-0.003934,0.003571,0.000026,0.012858,0.003654,-0.011116,0.856214,0.556719,-9.756693
1785347185.436318,-0.003985,0.003370,0.000322,0.010380,0.006353,-0.018190,0.856552,0.555780,-9.756717
1785347185.448600,-0.001311,0.004517,0.000161,-0.003304,-0.001974,-0.017416,0.856362,0.556297,-9.756704
1785347185.452294,-0.001634,0.006579,-0.000697,-0.004105,0.006005,-0.026438,0.856918,0.556821,-9.756626
1785347185.465116,-0.001820,0.002284,0.001912,0.005263,-0.003417,-0.021056,0.856409,0.556586,-9.756684
1785347185.466967,-0.002647,0.005503,-0.000583,-0.014767,-0.000829,-0.011726,0.856575,0.558118,-9.756582
1785347185.478450,-0.001420,0.004357,-0.000601,0.013891,0.010504,-0.013128,0.857259,0.556715,-9.756602
1785347185.486429,-0.000995,0.002851,0.000129,0.001942,-0.002560,-0.025158,0.856882,0.556819,-9.756629
1785347185.494720,-0.002872,0.004754,-0.000520,-0.003530,0.000914,-0.007868,0.857009,0.557212,-9.756595
1785347185.504133,-0.000773,0.004476,-0.000118,0.001475,0.000472,-0.015286,0.856968,0.557207,-9.756599
1785347185.512053,-0.001515,0.004775,0.001081,0.001137,0.000768,-0.012470,0.856973,0.557202,-9.756599
1785347185.520475,-0.000876,0.003590,-0.000190,0.003850,0.002175,-0.014347,0.857051,0.556929,-9.756608
1785347185.528265,-0.001896,0.004158,-0.000241,0.002780,0.004588,-0.013679,0.857384,0.556704,-9.756591
1785347185.536707,-0.000974,0.003921,0.000240,0.002716,-0.001525,-0.012364,0.857139,0.556593,-9.756619
1785347185.543952,-0.000835,0.003161,0.000131,0.000480,-0.002382,-0.014054,0.856849,0.556727,-9.756637
1785347185.552730,-0.001238,0.003757,-0.000224,0.006342,0.006794,-0.013112,0.857325,0.556115,-9.756630
1785347185.563248,-0.000242,0.004706,0.000355,0.003177,0.002299,-0.011274,0.857441,0.555874,-9.756634
1785347185.573888,0.003412,0.011744,0.003790,-0.137697,-0.110869,-0.041762,0.849395,0.571550,-9.756432
1785347185.580325,-0.001898,-0.000198,-0.007141,0.099210,0.061864,-0.006347,0.853326,0.560954,-9.756704
1785347185.587646,-0.000049,0.008478,0.006413,-0.092501,-0.063589,-0.022346,0.848988,0.571217,-9.756487
1785347185.594594,-0.002799,-0.000157,-0.006271,0.092128,0.058666,-0.011247,0.852732,0.561403,-9.756730
1785347185.603848,0.001022,0.008095,0.007947,-0.089826,-0.053845,-0.021365,0.849279,0.571211,-9.756462
1785347185.611220,-0.001494,0.000013,-0.007022,0.103389,0.063484,-0.003740,0.853287,0.560159,-9.756753
1785347185.618577,0.001442,0.007541,0.008159,-0.088445,-0.061154,-0.023268,0.849104,0.569999,-9.756548
1785347185.627504,-0.001072,-0.000157,-0.007852,0.087276,0.056355,-0.006831,0.852734,0.560649,-9.756773
1785347185.637120,-0.000510,0.004230,0.000025,0.003974,0.000846,-0.012304,0.852690,0.560370,-9.756793
1785347185.645231,-0.000231,0.003923,-0.000496,0.007243,0.000828,-0.012314,0.852579,0.559782,-9.756836
1785347185.652489,-0.001044,0.005033,0.001898,0.017700,0.015488,-0.012386,0.853662,0.557908,-9.756849
1785347185.662813,0.000353,0.004822,-0.000305,-0.000110,-0.009096,-0.024709,0.852702,0.558333,-9.756908
1785347185.675159,0.000826,0.004079,0.000701,0.008982,0.004097,-0.013105,0.852866,0.557522,-9.756941
1785347185.676993,0.000612,0.004526,0.000330,-0.000560,-0.000128,-0.014006,0.852813,0.557710,-9.756934
1785347185.689224,-0.001077,-0.000245,0.003104,0.053184,0.046746,0.005722,0.856243,0.551668,-9.756978
1785347185.692667,0.000379,0.003357,-0.000089,0.002120,0.002720,-0.014450,0.856408,0.551549,-9.756970
1785347185.702617,0.002650,0.008017,-0.003110,-0.048767,-0.051262,-0.033996,0.852355,0.557529,-9.756985
1785347185.728184,0.001189,0.003734,-0.000606,0.005355,0.002739,-0.015210,0.852454,0.557109,-9.757000
1785347185.728333,0.001346,0.003991,0.001340,-0.000828,0.000867,-0.014689,0.852499,0.557310,-9.756985
1785347185.728366,0.001713,0.004627,0.000264,0.003889,0.000087,-0.014231,0.852376,0.557073,-9.757009
1785347185.736784,0.001814,0.007418,-0.000149,0.000786,-0.015249,-0.017334,0.850839,0.557467,-9.757121
1785347185.743675,0.001049,0.004026,-0.000260,0.007406,0.006889,-0.015523,0.851291,0.556772,-9.757121
1785347185.752263,0.002497,0.003351,-0.000514,0.018736,0.009879,-0.017615,0.851794,0.554959,-9.757180
1785347185.760164,0.002332,0.006270,0.002418,-0.000606,-0.014055,-0.007468,0.850436,0.555370,-9.757275
1785347185.770367,0.001760,0.001729,-0.002109,-0.001545,0.010860,-0.023977,0.851416,0.555524,-9.757181
1785347185.777470,0.002023,0.004541,0.001028,0.002262,0.003107,-0.016137,0.851608,0.555399,-9.757171
1785347185.786492,0.004298,0.005977,0.002164,0.018536,-0.000372,-0.008913,0.851167,0.553730,-9.757305
1785347185.794042,0.000217,0.002197,-0.000851,-0.009068,0.005941,-0.022514,0.851834,0.554684,-9.757192
1785347185.810649,0.003350,0.006759,0.002677,0.015048,0.001758,-0.010041,0.851662,0.553314,-9.757285
1785347185.810788,0.002352,0.004389,-0.000145,0.002667,0.000491,-0.015960,0.851597,0.553201,-9.757297
1785347185.819090,0.003783,0.003839,-0.000051,-0.001034,-0.000926,-0.010181,0.851492,0.553414,-9.757294
1785347185.826830,0.001812,0.003557,0.001175,-0.005224,-0.002794,-0.020712,0.851255,0.554162,-9.757273
1785347185.836185,0.004644,0.005875,0.003827,-0.014099,0.030149,-0.016459,0.854360,0.555047,-9.756951
1785347185.844065,0.002927,0.004596,0.000200,0.000288,0.001523,-0.020407,0.854425,0.555182,-9.756938
1785347185.851964,0.002663,0.003543,0.002712,0.014516,0.014969,-0.012817,0.855514,0.553622,-9.756931
1785347185.860561,0.001536,0.001002,0.003667,0.038104,0.034811,-0.000391,0.858067,0.549301,-9.756951
1785347185.869751,0.002796,0.002812,0.000260,0.005680,0.008070,-0.013005,0.858676,0.548722,-9.756930
1785347185.877431,0.004178,0.003594,-0.000521,-0.002542,-0.000569,-0.016505,0.858614,0.549131,-9.756912
1785347185.885632,0.003176,0.004028,0.000884,0.002064,-0.001536,-0.012710,0.858380,0.549087,-9.756935
1785347185.894108,0.003581,0.003517,0.000531,0.003798,0.001549,-0.016490,0.858392,0.548852,-9.756948
1785347185.901636,0.003581,0.003517,0.000531,0.003798,0.001549,-0.016490,0.858227,0.548616,-9.756975
1785347185.911403,0.003153,0.002880,0.000445,0.002401,0.002300,-0.015860,0.858341,0.548492,-9.756972
1785347185.919911,0.002225,0.001790,-0.002024,0.021925,-0.019918,-0.003176,0.855981,0.546846,-9.757272
1785347185.929952,0.003561,0.002702,-0.000459,0.001458,0.008152,-0.013880,0.856680,0.546673,-9.757220
1785347185.934908,0.004336,0.003990,0.002438,0.008842,-0.000326,-0.015900,0.856412,0.545991,-9.757282
1785347185.943867,0.004111,0.003049,0.000963,0.004687,0.007316,-0.012695,0.856971,0.545517,-9.757259
1785347185.951932,0.004725,0.003046,-0.000290,0.000191,-0.000936,-0.012165,0.856834,0.545633,-9.757265
1785347185.960387,0.004535,0.002659,0.000163,0.000739,-0.002047,-0.014803,0.856571,0.545745,-9.757282
1785347185.969213,0.004279,0.003737,0.000273,0.007280,0.005572,-0.011906,0.856912,0.545053,-9.757291
1785347185.974680,0.001095,0.002754,0.004210,0.037834,-0.000998,0.000790,0.856047,0.541474,-9.757566
1785347185.985597,0.006793,0.002991,-0.002137,-0.032043,-0.000094,-0.027921,0.856595,0.544782,-9.757334
1785347185.994432,0.005005,0.002204,0.001431,0.006683,0.001366,-0.012773,0.856543,0.544241,-9.757368
