time_start,time_end,flshoulder,flarm,flfoot,frshoulder,frarm,frfoot,blshoulder,blarm,blfoot,brshoulder,brarm,brfoot,motion,movement
1753295896.7708678,20597.716515902,27.315156936645508,-8.80765438079834,67.30001068115234,-27.82515525817871,-9.517500877380371,68.9748306274414,25.80750274658203,-8.630002975463867,60.93000030517578,-23.194839477539062,-6.484843730926514,62.3900146484375,Stop,Stepping
1753295896.7808666,20597.72642285,27.315122604370117,-8.807720184326172,67.30006408691406,-27.825117111206055,-9.51756763458252,68.97488403320312,25.807470321655273,-8.630067825317383,60.93006134033203,-23.19481086730957,-6.4849162101745605,62.39008331298828,Stop,Stepping
1753295896.7908216,20597.736629281,27.314990997314453,-8.80795955657959,67.30027770996094,-27.824983596801758,-9.517803192138672,68.97508239746094,25.80735206604004,-8.630302429199219,60.9302864074707,-23.1946964263916,-6.485159397125244,62.390296936035156,Stop,Stepping
1753295896.800823,20597.74639732,27.314697265625,-8.808483123779297,67.30072021484375,-27.824684143066406,-9.518322944641113,68.97550964355469,25.807092666625977,-8.63082504272461,60.930789947509766,-23.19445037841797,-6.485695838928223,62.39077377319336,Stop,Stepping
1753295896.8107913,20597.756538464,27.314184188842773,-8.80941390991211,67.30152893066406,-27.82415771484375,-9.51923656463623,68.97628021240234,25.806631088256836,-8.631728172302246,60.93165588378906,-23.19401741027832,-6.4866414070129395,62.39161682128906,Stop,Stepping
1753295896.8208022,20597.766326291,27.313396453857422,-8.810842514038086,67.3027572631836,-27.823345184326172,-9.520642280578613,68.97744750976562,25.805919647216797,-8.633136749267578,60.933006286621094,-23.193349838256836,-6.488111972808838,62.3929443359375,Stop,Stepping
1753295896.830767,20597.776538576,27.31226348876953,-8.812878608703613,67.30450439453125,-27.822185516357422,-9.522664070129395,68.97914123535156,25.804903030395508,-8.635148048400879,60.9349365234375,-23.19239616394043,-6.490198135375977,62.39480972290039,Stop,Stepping
1753295896.8408659,20597.786158624,27.310731887817383,-8.815643310546875,67.306884765625,-27.820615768432617,-9.525398254394531,68.98141479492188,25.803524017333984,-8.637863159179688,60.937530517578125,-23.191099166870117,-6.493027210235596,62.397335052490234,Stop,Stepping
1753295896.8508065,20597.795882751,27.308752059936523,-8.819219589233398,67.3099594116211,-27.818580627441406,-9.528929710388184,68.984375,25.80174446105957,-8.64138126373291,60.9409065246582,-23.18942642211914,-6.496688365936279,62.40060806274414,Stop,Stepping
1753295896.8608375,20597.806926925,27.306270599365234,-8.823705673217773,67.3138198852539,-27.816030502319336,-9.533350944519043,68.98805236816406,25.79951286315918,-8.645793914794922,60.94514465332031,-23.18733024597168,-6.501278400421143,62.404720306396484,Stop,Stepping
1753295896.8707955,20597.815701925,27.303218841552734,-8.829206466674805,67.31855010986328,-27.812894821166992,-9.538803100585938,68.99260711669922,25.796768188476562,-8.651216506958008,60.950340270996094,-23.184749603271484,-6.506923198699951,62.409767150878906,Stop,Stepping
1753295896.8808503,20597.826154952,27.299558639526367,-8.835809707641602,67.32422637939453,-27.809139251708984,-9.545323371887207,68.998046875,25.79347801208496,-8.657710075378418,60.95655822753906,-23.181659698486328,-6.513683795928955,62.415809631347656,Stop,Stepping
1753295896.8908014,20597.835830751,27.295230865478516,-8.843621253967285,67.33094024658203,-27.8046932220459,-9.553043365478516,69.00448608398438,25.789588928222656,-8.665399551391602,60.96393585205078,-23.178001403808594,-6.521678447723389,62.42295455932617,Stop,Stepping
1753295896.900877,20597.84602423,27.290172576904297,-8.85274887084961,67.33878326416016,-27.79949951171875,-9.562052726745605,69.0119857788086,25.785037994384766,-8.674375534057617,60.97252655029297,-23.173728942871094,-6.53102445602417,62.43130874633789,Stop,Stepping
1753295896.9108193,20597.856242826,27.28436851501465,-8.863221168518066,67.3477783203125,-27.79353904724121,-9.572394371032715,69.0206069946289,25.779821395874023,-8.684682846069336,60.98240280151367,-23.1688232421875,-6.541748046875,62.440887451171875,Stop,Stepping
1753295896.9207375,20597.866412467,27.27781867980957,-8.875039100646973,67.35791778564453,-27.78680992126465,-9.584074974060059,69.03034210205078,25.7739315032959,-8.696310043334961,60.9935302734375,-23.163286209106445,-6.553850173950195,62.451698303222656,Stop,Stepping
1753295896.9308276,20597.876461314,27.270265579223633,-8.88866138458252,67.36961364746094,-27.779052734375,-9.597536087036133,69.04154968261719,25.767135620117188,-8.709711074829102,61.00634765625,-23.156904220581055,-6.567802429199219,62.46415710449219,Stop,Stepping
1753295896.9408329,20597.886386855,27.26190185546875,-8.903743743896484,67.38255310058594,-27.770465850830078,-9.612436294555664,69.05394744873047,25.75962257385254,-8.724553108215332,61.02055358886719,-23.149839401245117,-6.58323860168457,62.477928161621094,Stop,Stepping
1753295896.950781,20597.896351043,27.252593994140625,-8.920526504516602,67.39694213867188,-27.76090431213379,-9.629015922546387,69.06774139404297,25.751245498657227,-8.74106216430664,61.03633499145508,-23.141969680786133,-6.60042667388916,62.49325942993164,Stop,Stepping
1753295896.9608574,20597.906633938,27.242225646972656,-8.939214706420898,67.4129638671875,-27.75025749206543,-9.64747428894043,69.08308410644531,25.741926193237305,-8.759450912475586,61.05390930175781,-23.133211135864258,-6.619558811187744,62.51031494140625,Stop,Stepping
1753295896.9708297,20597.916648168,27.230894088745117,-8.959625244140625,67.43043518066406,-27.738622665405273,-9.667649269104004,69.09984588623047,25.731733322143555,-8.779528617858887,61.07307815551758,-23.123634338378906,-6.64046049118042,62.528926849365234,Stop,Stepping
1753295896.9808488,20597.926330846,27.218475341796875,-8.982000350952148,67.4495849609375,-27.725866317749023,-9.689754486083984,69.1181869506836,25.720561981201172,-8.801539421081543,61.09408950805664,-23.113140106201172,-6.6633687019348145,62.549320220947266,Stop,Stepping
1753295896.990837,20597.936644975,27.20490264892578,-9.006429672241211,67.470458984375,-27.711931228637695,-9.713907241821289,69.13822174072266,25.708358764648438,-8.825579643249512,61.11702346801758,-23.10167121887207,-6.688385963439941,62.57157516479492,Stop,Stepping
1753295897.0008743,20597.946383366,27.19019317626953,-9.032918930053711,67.49309539794922,-27.696823120117188,-9.740062713623047,69.15988159179688,25.695127487182617,-8.851625442504883,61.141845703125,-23.08924102783203,-6.715498924255371,62.59567642211914,Stop,Stepping
1753295897.0107193,20597.956572246,27.17450523376465,-9.061140060424805,67.51717376708984,-27.680715560913086,-9.767952919006348,69.1829833984375,25.681018829345703,-8.87938117980957,61.168270111083984,-23.075986862182617,-6.74439001083374,62.62133026123047,Stop,Stepping
1753295897.0210755,20597.966654293,27.157238006591797,-9.09220027923584,67.54365539550781,-27.662981033325195,-9.798637390136719,69.2083511352539,25.665485382080078,-8.909929275512695,61.19733810424805,-23.0613956451416,-6.776188850402832,62.64955139160156,Stop,Stepping
1753295897.0308523,20597.976458623,27.138826370239258,-9.125284194946289,67.57183074951172,-27.64407730102539,-9.831334114074707,69.2353515625,25.648927688598633,-8.942468643188477,61.228271484375,-23.04584312438965,-6.810070991516113,62.67958450317383,Stop,Stepping
1753295897.0408466,20597.986390978,27.119182586669922,-9.160588264465332,67.60186004638672,-27.623903274536133,-9.866211891174316,69.26412200927734,25.63125228881836,-8.977179527282715,61.261226654052734,-23.02924346923828,-6.846209526062012,62.71158981323242,Stop,Stepping
1753295897.0508382,20597.996318752,27.098176956176758,-9.198304176330566,67.6338882446289,-27.602333068847656,-9.903481483459473,69.29483032226562,25.612356185913086,-9.014265060424805,61.29640579223633,-23.011493682861328,-6.88482141494751,62.7457275390625,Stop,Stepping
1753295897.060814,20598.006338276,27.075838088989258,-9.238388061523438,67.66790008544922,-27.579395294189453,-9.943099021911621,69.3274154663086,25.59226417541504,-9.053677558898926,61.33374786376953,-22.992624282836914,-6.925861835479736,62.781986236572266,Stop,Stepping
1753295897.070775,20598.016281156,27.052099227905273,-9.280978202819824,67.7039794921875,-27.555017471313477,-9.98517894744873,69.36199188232422,25.57090187072754,-9.095544815063477,61.37336730957031,-22.972564697265625,-6.969448089599609,62.8204345703125,Stop,Stepping
1753295897.0808263,20598.02633764,27.026897430419922,-9.326154708862305,67.74219512939453,-27.52914047241211,-10.029825210571289,69.39860534667969,25.548221588134766,-9.139948844909668,61.41532516479492,-22.951271057128906,-7.015687942504883,62.86116027832031,Stop,Stepping
1753295897.0907815,20598.036343316,27.000268936157227,-9.373847961425781,67.782470703125,-27.501794815063477,-10.07695484161377,69.43719482421875,25.524263381958008,-9.18682861328125,61.45956802368164,-22.928775787353516,-7.064514636993408,62.904117584228516,Stop,Stepping
1753295897.1007967,20598.046259929,26.972166061401367,-9.424160957336426,67.82489013671875,-27.472938537597656,-10.126669883728027,69.47782897949219,25.498971939086914,-9.236266136169434,61.50615310668945,-22.905033111572266,-7.116002559661865,62.9493408203125,Stop,Stepping
1753295897.1107762,20598.057270274,26.942529678344727,-9.477165222167969,67.86949157714844,-27.442506790161133,-10.179058074951172,69.52056884765625,25.472299575805664,-9.288355827331543,61.55516052246094,-22.879995346069336,-7.170257091522217,62.99690628051758,Stop,Stepping
1753295897.1208003,20598.066647572,26.911354064941406,-9.532880783081055,67.91629028320312,-27.41049575805664,-10.234121322631836,69.56539916992188,25.444238662719727,-9.343098640441895,61.6065788269043,-22.853660583496094,-7.227279186248779,63.046810150146484,Stop,Stepping
1753295897.1307776,20598.076409407,26.878652572631836,-9.591275215148926,67.9652328491211,-27.37691879272461,-10.291831016540527,69.6122817993164,25.414806365966797,-9.400467872619629,61.660377502441406,-22.82603645324707,-7.287042140960693,63.099029541015625,Stop,Stepping
1753295897.1408,20598.08663921,26.844341278076172,-9.652506828308105,68.01644897460938,-27.341686248779297,-10.3523530960083,69.66136169433594,25.383914947509766,-9.460602760314941,61.716651916503906,-22.797046661376953,-7.349690914154053,63.15365219116211,Stop,Stepping
1753295897.150773,20598.096332838,26.80842399597168,-9.716526985168457,68.06987762451172,-27.304811477661133,-10.415628433227539,69.71253967285156,25.35157585144043,-9.523480415344238,61.775394439697266,-22.766706466674805,-7.415204048156738,63.210662841796875,Stop,Stepping
1753295897.1607423,20598.106392286,26.771085739135742,-9.783024787902832,68.12525177001953,-27.266469955444336,-10.481353759765625,69.76556396484375,25.31795883178711,-9.588788986206055,61.83628845214844,-22.73516845703125,-7.48325252532959,63.2697639465332,Stop,Stepping
1753295897.170822,20598.116423427,26.731521606445312,-9.85342025756836,68.18373107910156,-27.22585105895996,-10.550936698913574,69.82157897949219,25.28232765197754,-9.65789794921875,61.90058135986328,-22.701745986938477,-7.55526876449585,63.332149505615234,Stop,Stepping
1753295897.1810422,20598.126854299,26.690750122070312,-9.925894737243652,68.2437744140625,-27.183982849121094,-10.622567176818848,69.87906646728516,25.245603561401367,-9.72904109954834,61.96662521362305,-22.66730308532715,-7.6294097900390625,63.396240234375,Stop,Stepping
1753295897.1907492,20598.136345205,26.648433685302734,-10.001015663146973,68.30583953857422,-27.140539169311523,-10.696830749511719,69.93851470947266,25.207487106323242,-9.802776336669922,62.034912109375,-22.63156509399414,-7.70627498626709,63.4625244140625,Stop,Stepping
1753295897.2008386,20598.146438326,26.6038818359375,-10.080028533935547,68.37095642089844,-27.094799041748047,-10.774927139282227,70.00084686279297,25.167356491088867,-9.880313873291016,62.106563568115234,-22.59393882751465,-7.787097930908203,63.53205108642578,Stop,Stepping
1753295897.210827,20598.156043784,26.557815551757812,-10.161638259887695,68.43800354003906,-27.047502517700195,-10.855599403381348,70.06504821777344,25.125850677490234,-9.960386276245117,62.180362701416016,-22.555028915405273,-7.87057638168335,63.60366439819336,Stop,Stepping
1753295897.2208176,20598.166356115,26.510189056396484,-10.245908737182617,68.50703430175781,-26.998607635498047,-10.938905715942383,70.13113403320312,25.082937240600586,-10.043052673339844,62.2563591003418,-22.514802932739258,-7.9567670822143555,63.67740249633789,Stop,Stepping
1753295897.2308166,20598.17664715,26.46059226989746,-10.333555221557617,68.57859802246094,-26.947689056396484,-11.025557518005371,70.19964599609375,25.038236618041992,-10.129018783569336,62.335174560546875,-22.47291374206543,-8.046416282653809,63.753883361816406,Stop,Stepping
1753295897.2408319,20598.185917078,26.409320831298828,-10.424036026000977,68.6522445678711,-26.895055770874023,-11.11501407623291,70.2701416015625,24.99202537536621,-10.217745780944824,62.416290283203125,-22.429616928100586,-8.138951301574707,63.832584381103516,Stop,Stepping
1753295897.2508073,20598.195658119,26.356239318847656,-10.517599105834961,68.72813415527344,-26.840559005737305,-11.207514762878418,70.34276580810547,24.94417381286621,-10.309480667114258,62.49991989135742,-22.384790420532227,-8.23462963104248,63.91371154785156,Stop,Stepping
1753295897.2608602,20598.206212723,26.301258087158203,-10.6143798828125,68.80635833740234,-26.784116744995117,-11.303192138671875,70.41761016845703,24.89459800720215,-10.404346466064453,62.58613586425781,-22.338356018066406,-8.333590507507324,63.99735641479492,Stop,Stepping
1753295897.2708402,20598.216843353,26.244569778442383,-10.714003562927246,68.88658142089844,-26.725923538208008,-11.401713371276855,70.49439239501953,24.843481063842773,-10.501996994018555,62.674617767333984,-22.29049301147461,-8.435474395751953,64.08319091796875,Stop,Stepping
1753295897.280849,20598.225893068,26.18606948852539,-10.816695213317871,68.9689712524414,-26.665868759155273,-11.503239631652832,70.57321166992188,24.79071617126465,-10.602608680725098,62.76547622680664,-22.241092681884766,-8.540456771850586,64.17132568359375,Stop,Stepping
1753295897.290885,20598.236255154,26.125261306762695,-10.923254013061523,69.05413055419922,-26.60345458984375,-11.608613967895508,70.65467071533203,24.73586654663086,-10.706999778747559,62.859432220458984,-22.189748764038086,-8.649406433105469,64.2624740600586,Stop,Stepping
1753295897.3008716,20598.246087577,26.063356399536133,-11.031574249267578,69.14032745361328,-26.53990936279297,-11.715726852416992,70.73712921142578,24.680009841918945,-10.813094139099121,62.95458984375,-22.13747787475586,-8.760135650634766,64.35475158691406,Stop,Stepping
1753295897.3107812,20598.256425785,25.999380111694336,-11.14334774017334,69.22891235351562,-26.474241256713867,-11.826268196105957,70.82186126708984,24.62227439880371,-10.922540664672852,63.05240249633789,-22.08346176147461,-8.874395370483398,64.44962310791016,Stop,Stepping
1753295897.3208213,20598.266332304,25.93338966369629,-11.258441925048828,69.31973266601562,-26.406509399414062,-11.940093040466309,70.90869903564453,24.562715530395508,-11.035221099853516,63.152732849121094,-22.02774429321289,-8.992037773132324,64.54691314697266,Stop,Stepping
1753295897.3308144,20598.276613417,25.86553382873535,-11.376605987548828,69.41255950927734,-26.336862564086914,-12.056951522827148,70.99744415283203,24.5014591217041,-11.150871276855469,63.25531768798828,-21.970458984375,-9.112812995910645,64.64640045166016,Stop,Stepping
1753295897.34082,20598.286383974,25.79585075378418,-11.49774169921875,69.50727081298828,-26.26534080505371,-12.1767578125,71.0879898071289,24.438535690307617,-11.269411087036133,63.36004638671875,-21.91162872314453,-9.236613273620605,64.74794006347656,Stop,Stepping
1753295897.3507905,20598.296343296,25.724159240722656,-11.622145652770996,69.60407257080078,-26.191761016845703,-12.299800872802734,71.18050384521484,24.37379264831543,-11.391124725341797,63.46714782714844,-21.851106643676758,-9.36374568939209,64.85176086425781,Stop,Stepping
1753295897.360796,20598.306307122,25.650667190551758,-11.749455451965332,69.70264434814453,-26.1163387298584,-12.425724983215332,71.27470397949219,24.307403564453125,-11.515632629394531,63.57624053955078,-21.78907012939453,-9.49383544921875,64.9575424194336,Stop,Stepping
1753295897.3707948,20598.316261837,25.575231552124023,-11.879883766174316,69.80310821533203,-26.03891944885254,-12.554730415344238,71.37068176269531,24.239246368408203,-11.643174171447754,63.6875114440918,-21.72538948059082,-9.62709903717041,65.06538391113281,Stop,Stepping
1753295897.3808522,20598.326418517,25.497724533081055,-12.013633728027344,69.90558624267578,-25.959381103515625,-12.68704891204834,71.46859741210938,24.169198989868164,-11.773933410644531,63.80107116699219,-21.659969329833984,-9.763765335083008,65.17546844482422,Stop,Stepping
1753295897.3908195,20598.336386351,25.418649673461914,-12.149843215942383,70.00939178466797,-25.87823486328125,-12.821783065795898,71.5677261352539,24.097721099853516,-11.90705680847168,63.91616439819336,-21.593223571777344,-9.902913093566895,65.28699493408203,Stop,Stepping
1753295897.40083,20598.346283754,25.33757781982422,-12.289217948913574,70.1150131225586,-25.795042037963867,-12.959654808044434,71.6685791015625,24.024417877197266,-12.043240547180176,64.0333480834961,-21.52479362487793,-10.045295715332031,65.40055847167969,Stop,Stepping
1753295897.410828,20598.356378999,25.2543888092041,-12.431931495666504,70.2225341796875,-25.70968246459961,-13.100850105285645,71.77122497558594,23.949188232421875,-12.182660102844238,64.15271759033203,-21.45458221435547,-10.191078186035156,65.5162124633789,Stop,Stepping
1753295897.4208672,20598.36642994,25.16951560974121,-12.577247619628906,70.33137512207031,-25.62259292602539,-13.244626998901367,71.87511444091797,23.872406005859375,-12.32458782196045,64.27364349365234,-21.38294792175293,-10.339512825012207,65.63335418701172,Stop,Stepping
1753295897.43081,20598.376526921,25.082679748535156,-12.72561264038086,70.44181060791016,-25.533498764038086,-13.391410827636719,71.9804916381836,23.793834686279297,-12.469444274902344,64.39641571044922,-21.30966567993164,-10.491045951843262,65.75228881835938,Stop,Stepping
1753295897.4408352,20598.386416737,24.993928909301758,-12.876928329467773,70.55374145507812,-25.44243621826172,-13.541120529174805,72.08724975585938,23.7135066986084,-12.617154121398926,64.52095794677734,-21.234766006469727,-10.645588874816895,65.87291717529297,Stop,Stepping
1753295897.4507875,20598.396213789,24.903295516967773,-13.031110763549805,70.66704559326172,-25.34945297241211,-13.693684577941895,72.19532012939453,23.631454467773438,-12.767621040344238,64.64712524414062,-21.158281326293945,-10.803050994873047,65.9950942993164,Stop,Stepping
1753295897.4607995,20598.406336512,24.81074333190918,-13.188211441040039,70.78173065185547,-25.254501342773438,-13.849143028259277,72.3046646118164,23.547637939453125,-12.920893669128418,64.7749252319336,-21.080181121826172,-10.963482856750488,66.11884307861328,Stop,Stepping
1753295897.4708078,20598.41630041,24.716176986694336,-13.348374366760254,70.8978500366211,-25.157489776611328,-14.007630348205566,72.41533660888672,23.461977005004883,-13.077117919921875,64.90444946289062,-21.000383377075195,-11.12702751159668,66.24421691894531,Stop,Stepping
1753295897.4808006,20598.426279016,24.619903564453125,-13.511054992675781,71.01495361328125,-25.058727264404297,-14.168612480163574,72.52692413330078,23.374740600585938,-13.235762596130371,65.03520202636719,-20.919143676757812,-11.293137550354004,66.37076568603516,Stop,Stepping
1753295897.4907854,20598.436342498,24.521663665771484,-13.676660537719727,71.13330078125,-24.95795249938965,-14.332509994506836,72.6396713256836,23.28569793701172,-13.397223472595215,65.16747283935547,-20.83624839782715,-11.462235450744629,66.49876403808594,Stop,Stepping
1753295897.500817,20598.446297085,24.421449661254883,-13.845206260681152,71.25286102294922,-24.855159759521484,-14.499302864074707,72.75350952148438,23.19483757019043,-13.561491012573242,65.30120086669922,-20.751689910888672,-11.634307861328125,66.62814331054688,Stop,Stepping
1753295897.5107903,20598.456531462,24.319408416748047,-14.016402244567871,71.37336730957031,-24.750497817993164,-14.668737411499023,72.86822509765625,23.102291107177734,-13.728301048278809,65.43612670898438,-20.66559600830078,-11.809093475341797,66.75868225097656,Stop,Stepping
1753295897.52081,20598.466463934,24.215591430664062,-14.190147399902344,71.49470520019531,-24.64402198791504,-14.8406982421875,72.98368072509766,23.00810432434082,-13.897563934326172,65.57215881347656,-20.5780029296875,-11.986473083496094,66.89024353027344,Stop,Stepping
1753295897.530802,20598.476570032,24.109575271606445,-14.367133140563965,71.61730194091797,-24.535289764404297,-15.015865325927734,73.10028839111328,22.911890029907227,-14.069930076599121,65.70974731445312,-20.48855972290039,-12.16714859008789,67.02327728271484,Stop,Stepping
1753295897.5408144,20598.48625898,24.00212287902832,-14.546066284179688,71.74021911621094,-24.425090789794922,-15.192971229553223,73.2171630859375,22.8143367767334,-14.244157791137695,65.84786224365234,-20.397897720336914,-12.349811553955078,67.15680694580078,Stop,Stepping
1753295897.550835,20598.496423272,23.89214324951172,-14.728716850280762,71.8646240234375,-24.312313079833984,-15.373773574829102,73.33540344238281,22.714462280273438,-14.421968460083008,65.98783874511719,-20.305118560791016,-12.536267280578613,67.29207611083984,Stop,Stepping
1753295897.5608153,20598.506565818,23.781330108642578,-14.912286758422852,71.98855590820312,-24.198678970336914,-15.555472373962402,73.453125,22.61379051208496,-14.60061264038086,66.12744140625,-20.211627960205078,-12.723649024963379,67.42696380615234,Stop,Stepping
1753295897.570795,20598.516336936,23.668134689331055,-15.099295616149902,72.1136703491211,-24.082618713378906,-15.74059009552002,73.57193756103516,22.510921478271484,-14.782571792602539,66.26858520507812,-20.116134643554688,-12.914541244506836,67.56330871582031,Stop,Stepping
1753295897.5808682,20598.526360028,23.553064346313477,-15.288888931274414,72.23934173583984,-23.964632034301758,-15.928265571594238,73.69120788574219,22.406309127807617,-14.966996192932129,66.41056060791016,-20.019058227539062,-13.108071327209473,67.70040893554688,Stop,Stepping
1753295897.5908155,20598.536299603,23.436323165893555,-15.48070240020752,72.36527252197266,-23.844942092895508,-16.118154525756836,73.8106689453125,22.30013656616211,-15.153550148010254,66.55304718017578,-19.920576095581055,-13.303874969482422,67.83797454833984,Stop,Stepping
1753295897.600882,20598.546460086,23.317806243896484,-15.67490291595459,72.49153900146484,-23.723438262939453,-16.31040382385254,73.93038177490234,22.19230842590332,-15.342369079589844,66.69612121582031,-19.820594787597656,-13.502102851867676,67.97606658935547,Stop,Stepping
1753295897.6107376,20598.556256128,23.198543548583984,-15.869771957397461,72.61695861816406,-23.601181030273438,-16.50331687927246,74.04924011230469,22.08376121520996,-15.531790733337402,66.8384780883789,-19.719985961914062,-13.701009750366211,68.11341857910156,Stop,Stepping
1753295897.6208582,20598.566638497,23.075435638427734,-16.07034683227539,72.74473571777344,-23.474979400634766,-16.70187759399414,74.17023468017578,21.971668243408203,-15.726726531982422,66.98375701904297,-19.616132736206055,-13.905755996704102,68.2535400390625,Stop,Stepping
1753295897.6308413,20598.57658169,22.95160484313965,-16.27151107788086,72.87152862548828,-23.348054885864258,-16.90102767944336,74.29022979736328,21.85887336730957,-15.922195434570312,67.12818908691406,-19.511672973632812,-14.111103057861328,68.39278411865234,Stop,Stepping
1753295897.6407795,20598.586322949,22.827011108398438,-16.473304748535156,72.99732971191406,-23.22035789489746,-17.10081672668457,74.40923309326172,21.745346069335938,-16.118227005004883,67.2717514038086,-19.406572341918945,-14.317098617553711,68.53116607666016,Stop,Stepping
1753295897.6508389,20598.596362992,22.698657989501953,-16.68058204650879,73.12510681152344,-23.088808059692383,-17.306026458740234,74.53002166748047,21.628332138061523,-16.31955337524414,67.41786193847656,-19.298294067382812,-14.528702735900879,68.67194366455078,Stop,Stepping
1753295897.6608524,20598.606379561,22.569847106933594,-16.887964248657227,73.2514877319336,-22.95680046081543,-17.511348724365234,74.64939880371094,21.51085662841797,-16.520936965942383,67.56267547607422,-19.18963050842285,-14.74041748046875,68.8114013671875,Stop,Stepping
1753295897.6708186,20598.616336602,22.43913459777832,-17.097759246826172,73.37783813476562,-22.822856903076172,-17.71904945373535,74.76864624023438,21.391599655151367,-16.724624633789062,67.707763671875,-19.079362869262695,-14.954605102539062,68.95106506347656,Stop,Stepping
1753295897.680844,20598.62667038,22.30681037902832,-17.309480667114258,73.50379943847656,-22.687265396118164,-17.928661346435547,74.88743591308594,21.270811080932617,-16.930143356323242,67.85272216796875,-18.96773338317871,-15.170774459838867,69.09056091308594,Stop,Stepping
1753295897.6908183,20598.63634622,22.172834396362305,-17.523168563842773,73.62934875488281,-22.549997329711914,-18.140226364135742,75.00575256347656,21.148466110229492,-17.137529373168945,67.99754333496094,-18.854711532592773,-15.388957977294922,69.2298583984375,Stop,Stepping
1753295897.7007556,20598.64633772,22.038476943969727,-17.736774444580078,73.75325012207031,-22.41234016418457,-18.351713180541992,75.12242889404297,21.025718688964844,-17.34481430053711,68.1408462524414,-18.741363525390625,-15.607084274291992,69.36760711669922,Stop,Stepping
1753295897.710811,20598.656564468,21.899986267089844,-17.956235885620117,73.87887573242188,-22.270469665527344,-18.568998336791992,75.24060821533203,20.899139404296875,-17.557748794555664,68.2865219116211,-18.624528884887695,-15.831210136413574,69.507568359375,Stop,Stepping
1753295897.720856,20598.666390442,21.76110076904297,-18.175609588623047,74.00275421142578,-22.12819480895996,-18.786169052124023,75.35701751708984,20.77213478088379,-17.770544052124023,68.4305191040039,-18.507354736328125,-16.055248260498047,69.64585876464844,Stop,Stepping
1753295897.730758,20598.676342905,21.621854782104492,-18.394817352294922,74.12482452392578,-21.98556900024414,-19.003192901611328,75.47162628173828,20.644744873046875,-17.983156204223633,68.57282257080078,-18.389877319335938,-16.279155731201172,69.782470703125,Stop,Stepping
1753295897.7408605,20598.686449476,21.478769302368164,-18.619304656982422,74.24803161621094,-21.839017868041992,-19.225444793701172,75.58719635009766,20.513776779174805,-18.20087242126465,68.71692657470703,-18.269153594970703,-16.50847816467285,69.92069244384766,Stop,Stepping
1753295897.750822,20598.695928948,21.335500717163086,-18.843307495117188,74.3691635131836,-21.692293167114258,-19.44721221923828,75.70069122314453,20.382579803466797,-18.418081283569336,68.85902404785156,-18.148273468017578,-16.737333297729492,70.05691528320312,Stop,Stepping
1753295897.7608204,20598.70652604,21.190778732299805,-19.068798065185547,74.4892578125,-21.54408836364746,-19.670454025268555,75.81309509277344,20.249984741210938,-18.6367130279541,69.0003662109375,-18.026159286499023,-16.967741012573242,70.19232940673828,Stop,Stepping
1753295897.7708182,20598.716327262,21.044034957885742,-19.29663848876953,74.60870361328125,-21.393827438354492,-19.89600372314453,75.92473602294922,20.11547088623047,-18.85759735107422,69.14144134521484,-17.902334213256836,-17.200576782226562,70.32740020751953,Stop,Stepping
1753295897.78086,20598.726407946,20.896215438842773,-19.52533721923828,74.72667694091797,-21.242475509643555,-20.12239646911621,76.03485870361328,19.979900360107422,-19.07929039001465,69.28128051757812,-17.77759552001953,-17.434328079223633,70.461181640625,Stop,Stepping
1753295897.7907314,20598.736251338,20.748075485229492,-19.753704071044922,74.84253692626953,-21.090810775756836,-20.348464965820312,76.14287567138672,19.843969345092773,-19.30064582824707,69.41912841796875,-17.65258026123047,-17.667783737182617,70.59298706054688,Stop,Stepping
1753295897.8008232,20598.746512642,20.59623146057129,-19.986919403076172,74.95883178710938,-20.93536949157715,-20.57931900024414,76.25113677978516,19.704566955566406,-19.52667999267578,69.55804443359375,-17.524436950683594,-17.90622901916504,70.72569274902344,Stop,Stepping
1753295897.810801,20598.756307112,20.44416618347168,-20.2196102142334,75.07281494140625,-20.77971076965332,-20.809646606445312,76.3570785522461,19.564889907836914,-19.752201080322266,69.69479370117188,-17.396093368530273,-18.144197463989258,70.85623168945312,Stop,Stepping
1753295897.8208094,20598.76637031,20.29170799255371,-20.4520263671875,75.18460083007812,-20.62366485595703,-21.03969955444336,76.46083068847656,19.424774169921875,-19.977449417114258,69.82950592041016,-17.267412185668945,-18.381921768188477,70.98469543457031,Stop,Stepping
1753295897.8308733,20598.776212271,20.13518714904785,-20.689739227294922,75.29678344726562,-20.46347427368164,-21.274961471557617,76.56475830078125,19.28084945678711,-20.207805633544922,69.96531677246094,-17.135292053222656,-18.6251163482666,71.1141128540039,Stop,Stepping
1753295897.8408415,20598.790860101,19.979843139648438,-20.924739837646484,75.40552520751953,-20.304506301879883,-21.507545471191406,76.66532897949219,19.13792610168457,-20.43553352355957,70.09761047363281,-17.0041561126709,-18.865596771240234,71.24007415771484,Stop,Stepping
1753295897.8508093,20598.795648255,19.82257080078125,-21.161739349365234,75.51301574707031,-20.14357566833496,-21.742101669311523,76.7645492553711,18.993146896362305,-20.665205001831055,70.22907257080078,-16.87137794494629,-19.108179092407227,71.3650894165039,Stop,Stepping
1753295897.8610537,20598.806524717,19.663564682006836,-21.400392532348633,75.6189956665039,-19.98089027404785,-21.978273391723633,76.86219024658203,18.846694946289062,-20.896484375,70.35942077636719,-16.73712921142578,-19.352523803710938,71.48892211914062,Stop,Stepping
1753295897.8708272,20598.815897342,19.504009246826172,-21.638906478881836,75.72264862060547,-19.817659378051758,-22.214303970336914,76.95747375488281,18.69965362548828,-21.12762451171875,70.48761749267578,-16.60240364074707,-19.596784591674805,71.61058044433594,Stop,Stepping
1753295897.8807647,20598.825808403,19.34438133239746,-21.876575469970703,75.82366180419922,-19.65436363220215,-22.449462890625,77.05010223388672,18.552457809448242,-21.357952117919922,70.61332702636719,-16.467601776123047,-19.840253829956055,71.72975158691406,Stop,Stepping
1753295897.8908455,20598.835950094,19.18073844909668,-22.11921501159668,75.9244155883789,-19.486980438232422,-22.689538955688477,77.14228057861328,18.401470184326172,-21.593107223510742,70.73950958251953,-16.329397201538086,-20.088890075683594,71.84923553466797,Stop,Stepping
1753295897.9008834,20598.846177336,19.01761245727539,-22.360061645507812,76.02201080322266,-19.320144653320312,-22.927812576293945,77.23133850097656,18.250879287719727,-21.826549530029297,70.86263275146484,-16.191617965698242,-20.335771560668945,71.96565246582031,Stop,Stepping
1753295897.910767,20598.856324748,18.854398727416992,-22.600038528442383,76.11687469482422,-19.15323257446289,-23.16520881652832,77.31764221191406,18.10011100769043,-22.059162139892578,70.983154296875,-16.053743362426758,-20.581830978393555,72.07945251464844,Stop,Stepping
1753295897.9208739,20598.866506781,18.687671661376953,-22.844127655029297,76.21087646484375,-18.982744216918945,-23.406648635864258,77.40291595458984,17.94600486755371,-22.295778274536133,71.10352325439453,-15.912885665893555,-20.832199096679688,72.19294738769531,Stop,Stepping
1753295897.930824,20598.87647019,18.5212345123291,-23.086713790893555,76.3017807006836,-18.81257438659668,-23.646595001220703,77.4851303100586,17.79207992553711,-22.53097152709961,71.22090148925781,-15.772259712219238,-21.081130981445312,72.30348205566406,Stop,Stepping
1753295897.9408338,20598.886383849,18.35422706604004,-23.329065322875977,76.39008331298828,-18.641836166381836,-23.886280059814453,77.56468963623047,17.637529373168945,-22.765968322753906,71.33592987060547,-15.63113021850586,-21.329904556274414,72.41159057617188,Stop,Stepping
1753295897.9508088,20598.896224912,18.185544967651367,-23.572751998901367,76.4762954711914,-18.46940803527832,-24.127262115478516,77.64208984375,17.481334686279297,-23.00229263305664,71.44929504394531,-15.488569259643555,-21.580156326293945,72.51798248291016,Stop,Stepping
1753295897.9608736,20598.90707947,18.015907287597656,-23.816699981689453,76.55997467041016,-18.296018600463867,-24.368478775024414,77.7168960571289,17.32415771484375,-23.23891830444336,71.56046295166016,-15.345182418823242,-21.830785751342773,72.62212371826172,Stop,Stepping
1753295897.9708867,20598.916583788,17.845043182373047,-24.06128692626953,76.64122009277344,-18.121395111083984,-24.610286712646484,77.78919219970703,17.165740966796875,-23.476200103759766,71.66956329345703,-15.200735092163086,-22.082178115844727,72.72412109375,Stop,Stepping
1753295897.9808705,20598.926562345,17.674497604370117,-24.30427360534668,76.71925354003906,-17.947118759155273,-24.85049819946289,77.85832214355469,17.007524490356445,-23.71198081970215,71.77558135986328,-15.056536674499512,-22.332040786743164,72.82304382324219,Stop,Stepping
1753295897.9908936,20598.936304378,17.501487731933594,-24.549606323242188,76.79530334472656,-17.770339965820312,-25.092994689941406,77.9253158569336,16.8469181060791,-23.9500789642334,71.88020324707031,-14.910231590270996,-22.584428787231445,72.9204330444336,Stop,Stepping
1753295898.0008368,20598.946359989,17.32974624633789,-24.791969299316406,76.86770629882812,-17.594877243041992,-25.332530975341797,77.98872375488281,16.687381744384766,-24.185365676879883,71.98114776611328,-14.764973640441895,-22.83389663696289,73.01419830322266,Stop,Stepping
1753295898.010819,20598.956368903,17.15605926513672,-25.03588104248047,76.93777465820312,-17.417448043823242,-25.57356834411621,78.04969787597656,16.525938034057617,-24.422216415405273,72.08027648925781,-14.618047714233398,-23.085086822509766,73.10604095458984,Stop,Stepping
1753295898.0208523,20598.966717984,16.981826782226562,-25.279359817504883,77.00489044189453,-17.239486694335938,-25.814130783081055,78.1076889038086,16.36388397216797,-24.658706665039062,72.17676544189453,-14.4706392288208,-23.335962295532227,73.19520568847656,Stop,Stepping
1753295898.0308127,20598.976438388,16.806758880615234,-25.52277374267578,77.06912994384766,-17.06068992614746,-26.05460548400879,78.16275787353516,16.20094108581543,-24.89520835876465,72.27069854736328,-14.322488784790039,-23.586915969848633,73.28175354003906,Stop,Stepping
1753295898.0408416,20598.986747991,16.630855560302734,-25.766111373901367,77.13044738769531,-16.881053924560547,-26.294963836669922,78.21483612060547,16.037113189697266,-25.131715774536133,72.36207580566406,-14.17360782623291,-23.837928771972656,73.36567687988281,Stop,Stepping
1753295898.050815,20598.996308803,16.45465660095215,-26.008590698242188,77.18861389160156,-16.70114517211914,-26.534439086914062,78.26375579833984,15.87289810180664,-25.367467880249023,72.45055389404297,-14.02445125579834,-24.088218688964844,73.44670104980469,Stop,Stepping
1753295898.0609653,20599.006749829,16.27739906311035,-26.25124740600586,77.24384307861328,-16.52017593383789,-26.774057388305664,78.30968475341797,15.707587242126465,-25.603485107421875,72.53651428222656,-13.874366760253906,-24.33884620666504,73.52510833740234,Stop,Stepping
1753295898.0708618,20599.016665067,16.099531173706055,-26.493452072143555,77.29597473144531,-16.338603973388672,-27.01317024230957,78.35243225097656,15.541594505310059,-25.83914566040039,72.61968231201172,-13.723732948303223,-24.589168548583984,73.6006851196289,Stop,Stepping
1753295898.0808773,20599.026415236,15.922104835510254,-26.73374366760254,77.34464263916016,-16.157508850097656,-27.2503719329834,78.39177703857422,15.375903129577637,-26.073055267333984,72.69956970214844,-13.573445320129395,-24.83768081665039,73.67296600341797,Stop,Stepping
1753295898.090834,20599.036435997,15.7432861328125,-26.974609375,77.39036560058594,-15.975008964538574,-27.488086700439453,78.42807006835938,15.208792686462402,-26.30760383605957,72.77696228027344,-13.421941757202148,-25.086950302124023,73.74266815185547,Stop,Stepping
1753295898.1008549,20599.046311381,15.564409255981445,-27.21419334411621,77.43272399902344,-15.792476654052734,-27.724496841430664,78.46099853515625,15.041515350341797,-26.541034698486328,72.85125732421875,-13.27036190032959,-25.335098266601562,73.80926513671875,Stop,Stepping
1753295898.1108348,20599.056259472,15.384953498840332,-27.45321273803711,77.47186279296875,-15.609374046325684,-27.96030616760254,78.49065399169922,14.873579025268555,-26.77401351928711,72.92266082763672,-13.11825180053711,-25.582826614379883,73.87288665771484,Stop,Stepping
1753295898.1208627,20599.06660822,15.205029487609863,-27.691478729248047,77.5076904296875,-15.425819396972656,-28.195322036743164,78.5169677734375,14.705086708068848,-27.006385803222656,72.99109649658203,-12.965710639953613,-25.829965591430664,73.93350219726562,Stop,Stepping
1753295898.1308396,20599.076349847,15.024611473083496,-27.92900848388672,77.54017639160156,-15.241782188415527,-28.429555892944336,78.53990173339844,14.536015510559082,-27.238157272338867,73.0565414428711,-12.81271743774414,-26.076539993286133,73.9910659790039,Stop,Stepping
1753295898.1408675,20599.086528195,14.844414710998535,-28.16484832763672,77.5692138671875,-15.057995796203613,-28.662076950073242,78.55937957763672,14.36702823638916,-27.46840476989746,73.11871337890625,-12.659872055053711,-26.32155990600586,74.04536437988281,Stop,Stepping
1753295898.150799,20599.096580068,14.664446830749512,-28.398975372314453,77.59477996826172,-14.874463081359863,-28.89286994934082,78.57538604736328,14.198139190673828,-27.697124481201172,73.17765045166016,-12.507182121276855,-26.565017700195312,74.09638977050781,Stop,Stepping
1753295898.1611104,20599.107035988,14.482328414916992,-28.63446807861328,77.6171646118164,-14.688764572143555,-29.124940872192383,78.58807373046875,14.02711009979248,-27.92730712890625,73.23406982421875,-12.352629661560059,-26.810094833374023,74.14476776123047,Stop,Stepping
1753295898.1708353,20599.116340665,14.301175117492676,-28.86725425720215,77.63593292236328,-14.504070281982422,-29.35429573059082,78.5971908569336,13.856863021850586,-28.15499496459961,73.28694915771484,-12.198853492736816,-27.052583694458008,74.18962097167969,Stop,Stepping
1753295898.180858,20599.126416595,14.119773864746094,-29.09889793395996,77.65123748779297,-14.319151878356934,-29.58246421813965,78.6028060913086,13.686264991760254,-28.3817195892334,73.33670806884766,-12.044829368591309,-27.294109344482422,74.23128509521484,Stop,Stepping
1753295898.1908123,20599.13638401,13.93815803527832,-29.329343795776367,77.66304779052734,-14.134037971496582,-29.80940055847168,78.60490417480469,13.515337944030762,-28.607418060302734,73.38326263427734,-11.890578269958496,-27.534608840942383,74.26972198486328,Stop,Stepping
1753295898.2008317,20599.146426088,13.756603240966797,-29.558218002319336,77.67134094238281,-13.949012756347656,-30.034732818603516,78.60346984863281,13.344348907470703,-28.83175277709961,73.42658233642578,-11.736342430114746,-27.773717880249023,74.30489349365234,Stop,Stepping
1753295898.210812,20599.156296334,13.574739456176758,-29.78597068786621,77.67610168457031,-13.76369571685791,-30.25890350341797,78.59847259521484,13.172942161560059,-29.055150985717773,73.46671295166016,-11.581794738769531,-28.01188850402832,74.33679962158203,Stop,Stepping
1753295898.2208338,20599.166364525,13.392992973327637,-30.012069702148438,77.67733001708984,-13.578522682189941,-30.481372833251953,78.58992767333984,13.001521110534668,-29.277088165283203,73.50354766845703,-11.427303314208984,-28.248579025268555,74.36541748046875,Stop,Stepping
1753295898.2308125,20599.176359731,13.211152076721191,-30.23675537109375,77.67501068115234,-13.39327621459961,-30.7023868560791,78.57780456542969,12.82988452911377,-29.497817993164062,73.53715515136719,-11.272685050964355,-28.484050750732422,74.3907470703125,Stop,Stepping
1753295898.2408364,20599.18644385,13.029397964477539,-30.45977020263672,77.66912078857422,-13.208147048950195,-30.921716690063477,78.56210327148438,12.658206939697266,-29.717100143432617,73.56746673583984,-11.118097305297852,-28.718040466308594,74.4127426147461,Stop,Stepping
1753295898.2508132,20599.196302951,12.84778881072998,-30.681074142456055,77.65968322753906,-13.023187637329102,-31.1392765045166,78.54283905029297,12.486538887023926,-29.93488121032715,73.5945053100586,-10.963582992553711,-28.950477600097656,74.43141174316406,Stop,Stepping
1753295898.2608314,20599.206406753,12.666327476501465,-30.900617599487305,77.64668273925781,-12.83840560913086,-31.35504722595215,78.51998901367188,12.314884185791016,-30.1511287689209,73.61823272705078,-10.809147834777832,-29.181360244750977,74.44677734375,Stop,Stepping
1753295898.270825,20599.216453643,12.484712600708008,-31.1187686920166,77.63008880615234,-12.653493881225586,-31.569372177124023,78.49352264404297,12.142961502075195,-30.366195678710938,73.6386947631836,-10.654535293579102,-29.411046981811523,74.45880889892578,Stop,Stepping
1753295898.2809122,20599.226673854,12.30328369140625,-31.335100173950195,77.60993194580078,-12.468796730041504,-31.781856536865234,78.46348571777344,11.971083641052246,-30.57967758178711,73.65586853027344,-10.500028610229492,-29.639101028442383,74.4675064086914,Stop,Stepping
1753295898.2908542,20599.23638643,12.122475624084473,-31.54909896850586,77.58626556396484,-12.284753799438477,-31.991960525512695,78.42992401123047,11.79966926574707,-30.791065216064453,73.6697006225586,-10.346001625061035,-29.86498260498047,74.47285461425781,Stop,Stepping
1753295898.300873,20599.246369887,11.94189453125,-31.761205673217773,77.55903625488281,-12.100969314575195,-32.20014953613281,78.392822265625,11.628342628479004,-31.00080680847168,73.68024444580078,-10.192117691040039,-30.089168548583984,74.47488403320312,Stop,Stepping
1753295898.3108454,20599.256336724,11.761371612548828,-31.97162437438965,77.52823638916016,-11.91727066040039,-32.40660095214844,78.35211181640625,11.45694637298584,-31.209095001220703,73.68750762939453,-10.038232803344727,-30.31186866760254,74.47359466552734,Stop,Stepping
1753295898.3208632,20599.266401236,11.581318855285645,-32.179866790771484,77.49394226074219,-11.734074592590332,-32.610843658447266,78.30790710449219,11.285869598388672,-31.41544532775879,73.69147491455078,-9.884696006774902,-30.532575607299805,74.46900177001953,Stop,Stepping
1753295898.3308384,20599.276332608,11.401569366455078,-32.38611602783203,77.45610809326172,-11.551215171813965,-32.81306076049805,78.26017761230469,11.114953994750977,-31.620059967041016,73.69216918945312,-9.731366157531738,-30.75147819519043,74.46109008789062,Stop,Stepping
1753295898.3408923,20599.286835713,11.222087860107422,-32.59040069580078,77.41474914550781,-11.368651390075684,-33.013275146484375,78.20890045166016,10.944167137145996,-31.822961807250977,73.68959045410156,-9.578211784362793,-30.9686222076416,74.44988250732422,Stop,Stepping
1753295898.3508627,20599.29642805,11.042734146118164,-32.79289245605469,77.36984252929688,-11.186241149902344,-33.211639404296875,78.1540298461914,10.773374557495117,-32.02431106567383,73.6837387084961,-9.425108909606934,-31.184165954589844,74.43536376953125,Stop,Stepping
1753295898.360878,20599.306381206,10.864871978759766,-32.992027282714844,77.32173156738281,-11.005377769470215,-33.406646728515625,78.09603881835938,10.603878021240234,-32.222572326660156,73.67469024658203,-9.273228645324707,-31.396482467651367,74.41766357421875,Stop,Stepping
1753295898.3708322,20599.31614017,10.686841011047363,-33.18968963623047,77.27001953125,-10.82436466217041,-33.60013198852539,78.03440856933594,10.434093475341797,-32.41961669921875,73.66239166259766,-9.121150016784668,-31.60755157470703,74.39666748046875,Stop,Stepping
1753295898.3808696,20599.326620012,10.509431838989258,-33.384979248046875,77.21492004394531,-10.644011497497559,-33.79121017456055,77.96939849853516,10.264780044555664,-32.61455535888672,73.64691162109375,-8.969545364379883,-31.816417694091797,74.37244415283203,Stop,Stepping
1753295898.3908484,20599.336435319,10.332449913024902,-33.57811737060547,77.15640258789062,-10.464118003845215,-33.980098724365234,77.90095520019531,10.095748901367188,-32.80759811401367,73.62821197509766,-8.818253517150879,-32.023338317871094,74.34501647949219,Stop,Stepping
1753295898.4008768,20599.346386859,10.156148910522461,-33.7688102722168,77.09454345703125,-10.28493881225586,-34.16652297973633,77.82919311523438,9.927242279052734,-32.99846649169922,73.60636901855469,-8.66748332977295,-32.22798538208008,74.31439208984375,Stop,Stepping
1753295898.4108477,20599.356603373,9.980491638183594,-33.957130432128906,77.02938842773438,-10.106441497802734,-34.35053253173828,77.75414276123047,9.75922679901123,-33.18721389770508,73.58138275146484,-8.517210006713867,-32.43043899536133,74.28063201904297,Stop,Stepping
1753295898.4209218,20599.366086207,9.804449081420898,-34.144134521484375,76.96052551269531,-9.927577018737793,-34.53317642211914,77.6753158569336,9.590720176696777,-33.374942779541016,73.5531234741211,-8.36655044555664,-32.63185501098633,74.2435302734375,Stop,Stepping
1753295898.4308386,20599.376374008,9.63119125366211,-34.32650375366211,76.88926696777344,-9.751565933227539,-34.71119689941406,77.59423065185547,9.424756050109863,-33.55827331542969,73.52212524414062,-8.218215942382812,-32.82862091064453,74.20378875732422,Stop,Stepping
1753295898.4408514,20599.385880958,9.457661628723145,-34.507450103759766,76.81438446044922,-9.575304985046387,-34.88774871826172,77.50949096679688,9.25841236114502,-33.74046325683594,73.48792266845703,-8.06959342956543,-33.024227142333984,74.16075897216797,Stop,Stepping
1753295898.4508343,20599.395723705,9.284831047058105,-34.685970306396484,76.73632049560547,-9.3997802734375,-35.061851501464844,77.42157745361328,9.09261703491211,-33.92048263549805,73.45068359375,-7.921512603759766,-33.217586517333984,74.11470794677734,Stop,Stepping
1753295898.4608927,20599.406011671,9.112576484680176,-34.86217498779297,76.65502166748047,-9.224862098693848,-35.23359680175781,77.33042907714844,8.927255630493164,-34.09847640991211,73.41043853759766,-7.773867130279541,-33.40882110595703,74.06559753417969,Stop,Stepping
1753295898.470843,20599.415851409,8.941472053527832,-35.0355110168457,76.57081604003906,-9.051137924194336,-35.4024543762207,77.23641204833984,8.762877464294434,-34.273841857910156,73.36730194091797,-7.6271491050720215,-33.59730529785156,74.01362609863281,Stop,Stepping
1753295898.4808724,20599.425954777,8.771183967590332,-35.206302642822266,76.48357391357422,-8.878264427185059,-35.56874084472656,77.13935852050781,8.599164009094238,-34.44694137573242,73.3212661743164,-7.481072902679443,-33.78342819213867,73.95874786376953,Stop,Stepping
1753295898.490842,20599.436204464,8.601625442504883,-35.374656677246094,76.39327239990234,-8.706158638000488,-35.73257064819336,77.03927612304688,8.43603801727295,-34.61787796020508,73.2723388671875,-7.335565090179443,-33.96727752685547,73.90094757080078,Stop,Stepping
1753295898.5009353,20599.446126433,8.431512832641602,-35.54183578491211,76.29920959472656,-8.5335111618042,-35.89515686035156,76.93537139892578,8.272257804870605,-34.78792190551758,73.22010040283203,-7.189523696899414,-34.15024948120117,73.83979034423828,Stop,Stepping
1753295898.5108473,20599.456130979,8.265396118164062,-35.70339584350586,76.2040023803711,-8.364947319030762,-36.05218505859375,76.83052062988281,8.112214088439941,-34.952552795410156,73.16608428955078,-7.046855926513672,-34.32745361328125,73.77696990966797,Stop,Stepping
1753295898.5208812,20599.465958136,8.09852123260498,-35.8640022277832,76.1050033569336,-8.195631980895996,-36.20819091796875,76.72178649902344,7.951321125030518,-35.11652374267578,73.1087646484375,-6.903478622436523,-34.5040283203125,73.7107925415039,Stop,Stepping
1753295898.5308526,20599.475969367,7.93278694152832,-36.02180480957031,76.0033187866211,-8.02750015258789,-36.36137771606445,76.61041259765625,7.791417598724365,-35.27794647216797,73.04881286621094,-6.761022567749023,-34.67792510986328,73.64198303222656,Stop,Stepping
1753295898.5408905,20599.486216249,7.768122673034668,-36.17689895629883,75.89897918701172,-7.860477447509766,-36.511837005615234,76.49640655517578,7.6324334144592285,-35.436920166015625,72.98626708984375,-6.619430065155029,-34.84925079345703,73.5705795288086,Stop,Stepping
1753295898.5508525,20599.496274868,7.604425430297852,-36.32939147949219,75.79191589355469,-7.694456577301025,-36.6596794128418,76.37972259521484,7.474271297454834,-35.59355163574219,72.92109680175781,-6.478610038757324,-35.01810836791992,73.49654388427734,Stop,Stepping
1753295898.560886,20599.506396115,7.442084312438965,-36.478946685791016,75.6824951171875,-7.529834270477295,-36.80457305908203,76.26070404052734,7.317311763763428,-35.74747848510742,72.853515625,-6.338900566101074,-35.184139251708984,73.4201431274414,Stop,Stepping
1753295898.570853,20599.516356547,7.280523777008057,-36.626094818115234,75.57032012939453,-7.366024971008301,-36.94704818725586,76.13897705078125,7.1609978675842285,-35.89926528930664,72.78333282470703,-6.19980525970459,-35.34791946411133,73.34111022949219,Stop,Stepping
1753295898.5808754,20599.526594888,7.120211601257324,-36.77043914794922,75.45579528808594,-7.203505039215088,-37.086692810058594,76.01490020751953,7.0057830810546875,-36.048484802246094,72.71076965332031,-6.0617289543151855,-35.509010314941406,73.2597427368164,Stop,Stepping
1753295898.590861,20599.536380055,6.960948944091797,-36.91218185424805,75.33880615234375,-7.042069435119629,-37.22372055053711,75.8884048461914,6.851480960845947,-36.19533920288086,72.63580322265625,-5.924498081207275,-35.667606353759766,73.17596435546875,Stop,Stepping
1753295898.6008723,20599.546342792,6.803083419799805,-37.05101776123047,75.21965789794922,-6.8820719718933105,-37.35784912109375,75.75981903076172,6.698427677154541,-36.33953857421875,72.55865478515625,-5.788415908813477,-35.823402404785156,73.09002685546875,Stop,Stepping
1753295898.610853,20599.556370902,6.646142482757568,-37.18740463256836,75.09808349609375,-6.723031520843506,-37.489501953125,75.6288070678711,6.54616641998291,-36.48152160644531,72.47911834716797,-5.653072357177734,-35.97686767578125,73.00170135498047,Stop,Stepping
1753295898.6208704,20599.566429315,6.490679740905762,-37.32086944580078,74.97451782226562,-6.565511226654053,-37.61823654174805,75.4958724975586,6.395237922668457,-36.62080001831055,72.39753723144531,-5.51894998550415,-36.12749099731445,72.91136169433594,Stop,Stepping
1753295898.6308312,20599.576377277,6.336400508880615,-37.45167922973633,74.84879302978516,-6.409213542938232,-37.74432373046875,75.36083984375,6.245360851287842,-36.75766372680664,72.31380462646484,-5.385794639587402,-36.27556610107422,72.81888580322266,Stop,Stepping
1753295898.6409035,20599.586676912,6.182791233062744,-37.58031463623047,74.7205581665039,-6.253611087799072,-37.86819076538086,75.22327423095703,6.096031665802002,-36.89258575439453,72.22767639160156,-5.25316047668457,-36.4216194152832,72.7240219116211,Stop,Stepping
1753295898.6508472,20599.596849272,6.031404972076416,-37.70548629760742,74.59115600585938,-6.100281238555908,-37.988624572753906,75.08464813232422,5.948769569396973,-37.02423095703125,72.14009857177734,-5.122391223907471,-36.56417465209961,72.62775421142578,Stop,Stepping
1753295898.6608691,20599.606423335,5.881027698516846,-37.8282356262207,74.45962524414062,-5.947994232177734,-38.10662841796875,74.94392395019531,5.802393436431885,-37.15367126464844,72.05043029785156,-4.992440700531006,-36.70442581176758,72.5294189453125,Stop,Stepping
1753295898.6708384,20599.616365858,5.731784820556641,-37.94847869873047,74.32611846923828,-5.796874046325684,-38.22211837768555,74.80126190185547,5.65702486038208,-37.28082275390625,71.95877075195312,-4.86341667175293,-36.84226608276367,72.42911529541016,Stop,Stepping
1753295898.6808672,20599.626325245,5.584013938903809,-38.065975189208984,74.19100189208984,-5.647264003753662,-38.334861755371094,74.65705108642578,5.513000011444092,-37.40542221069336,71.86540985107422,-4.735611915588379,-36.97740173339844,72.3271255493164,Stop,Stepping
1753295898.6908484,20599.636395059,5.4375739097595215,-38.18086242675781,74.05421447753906,-5.499019145965576,-38.44499588012695,74.51119995117188,5.370178699493408,-37.5275993347168,71.77027893066406,-4.608906269073486,-37.1099967956543,72.22343444824219,Stop,Stepping
1753295898.7008667,20599.646627406,5.29257345199585,-38.29308319091797,73.91590881347656,-5.352250576019287,-38.5524787902832,74.36390686035156,5.228672981262207,-37.64731216430664,71.67354583740234,-4.483394145965576,-37.23997116088867,72.11814880371094,Stop,Stepping
1753295898.710867,20599.656765833,5.148748874664307,-38.402862548828125,73.77587890625,-5.206692695617676,-38.65751647949219,74.21493530273438,5.088228225708008,-37.76477813720703,71.5750732421875,-4.358849048614502,-37.367584228515625,72.01114654541016,Stop,Stepping
1753295898.7208724,20599.666441911,5.006953239440918,-38.509605407714844,73.63507080078125,-5.063203811645508,-38.759544372558594,74.06526184082031,4.94967794418335,-37.87934494018555,71.47550201416016,-4.23600959777832,-37.492103576660156,71.90311431884766,Stop,Stepping
1753295898.7308762,20599.676373504,4.866069316864014,-38.614173889160156,73.49240112304688,-4.920655250549316,-38.8593864440918,73.91377258300781,4.811932563781738,-37.991947174072266,71.37413787841797,-4.11391019821167,-37.61456298828125,71.79329681396484,Stop,Stepping
1753295898.7408812,20599.686360327,4.726907253265381,-38.71599578857422,73.3487777709961,-4.779865741729736,-38.95648956298828,73.76138305664062,4.675789833068848,-38.1019401550293,71.27159118652344,-3.9932539463043213,-37.734256744384766,71.6823501586914,Stop,Stepping
1753295898.7508426,20599.696139722,4.589405536651611,-38.815147399902344,73.2042007446289,-4.640772342681885,-39.05095291137695,73.60810852050781,4.541188716888428,-38.20942306518555,71.16788482666016,-3.8739888668060303,-37.851287841796875,71.57032012939453,Stop,Stepping
1753295898.760999,20599.706539881,4.45279598236084,-38.91222381591797,73.05792236328125,-4.502601146697998,-39.14332962036133,73.45317840576172,4.407384395599365,-38.31501770019531,71.06251525878906,-3.7554519176483154,-37.9663200378418,71.45661163330078,Stop,Stepping
1753295898.770882,20599.716372447,4.3181939125061035,-39.00646209716797,72.91120910644531,-4.3664727210998535,-39.23289489746094,73.29788208007812,4.27546501159668,-38.41788101196289,70.95638275146484,-3.6386077404022217,-38.078453063964844,71.34223175048828,Stop,Stepping
1753295898.7809002,20599.7264841,4.184981822967529,-39.098323822021484,72.76344299316406,-4.231767177581787,-39.32010269165039,73.14161682128906,4.14483118057251,-38.518531799316406,70.8490982055664,-3.5229225158691406,-38.188232421875,71.2267074584961,Stop,Stepping
1753295898.790871,20599.736431609,4.053434371948242,-39.18766784667969,72.61502838134766,-4.098760604858398,-39.40481185913086,72.9847640991211,4.015757083892822,-38.616783142089844,70.74090576171875,-3.4086391925811768,-38.29547119140625,71.11036682128906,Stop,Stepping
1753295898.8008862,20599.746358116,3.923400402069092,-39.274627685546875,72.46585845947266,-3.9672982692718506,-39.487159729003906,72.82721710205078,3.888094186782837,-38.7127685546875,70.63177490234375,-3.2956249713897705,-38.400306701660156,70.99312591552734,Stop,Stepping
1753295898.8108604,20599.756630799,3.7951202392578125,-39.35908508300781,72.31626892089844,-3.837625026702881,-39.56702423095703,72.66934204101562,3.7620837688446045,-38.806358337402344,70.52197265625,-3.1840932369232178,-38.50259017944336,70.8752670288086,Stop,Stepping
1753295898.8209012,20599.766679902,3.667907238006592,-39.441524505615234,72.16553497314453,-3.709044933319092,-39.644874572753906,72.5103530883789,3.637050151824951,-38.8980827331543,70.41097259521484,-3.0734450817108154,-38.6028938293457,70.75624084472656,Stop,Stepping
1753295898.8308759,20599.776435748,3.5427086353302,-39.5213623046875,72.01485443115234,-3.5825142860412598,-39.72015380859375,72.35150146484375,3.513930082321167,-38.98727035522461,70.29963684082031,-2.964505195617676,-38.700496673583984,70.63697052001953,Stop,Stepping
1753295898.8409479,20599.7876872,3.4186794757843018,-39.59917449951172,71.8632583618164,-3.4571797847747803,-39.7934455871582,72.19182586669922,3.391892671585083,-39.074581146240234,70.18731689453125,-2.8565430641174316,-38.796112060546875,70.51673889160156,Stop,Stepping
1753295898.850888,20599.796458894,3.2970187664031982,-39.67426681518555,71.71232604980469,-3.334252119064331,-39.864044189453125,72.03289794921875,3.2721211910247803,-39.15918731689453,70.07514953613281,-2.7506027221679688,-38.88881301879883,70.39675903320312,Stop,Stepping
1753295898.860893,20599.806425149,3.176760196685791,-39.747276306152344,71.5609359741211,-3.2127535343170166,-39.932579040527344,71.87356567382812,3.153667688369751,-39.24180603027344,69.96233367919922,-2.645838975906372,-38.97941589355469,70.27618408203125,Stop,Stepping
1753295898.870868,20599.816384699,3.0581367015838623,-39.81808853149414,71.40943145751953,-3.0929200649261475,-39.99895095825195,71.71422576904297,3.0367648601531982,-39.322296142578125,69.84912872314453,-2.5424678325653076,-39.06775665283203,70.15530395507812,Stop,Stepping
1753295898.88091,20599.826472016,2.9410579204559326,-39.88679122924805,71.25778198242188,-2.9746592044830322,-40.06325149536133,71.5548095703125,2.921323299407959,-39.40078353881836,69.73555755615234,-2.440399169921875,-39.1539306640625,70.0340805053711,Stop,Stepping
1753295898.8908648,20599.836648592,2.8256924152374268,-39.95334243774414,71.10627746582031,-2.8581418991088867,-40.125431060791016,71.3956298828125,2.8075122833251953,-39.477149963378906,69.62179565429688,-2.339789628982544,-39.23787307739258,69.91277313232422,Stop,Stepping
1753295898.9009306,20599.846395471,2.711932420730591,-40.01783752441406,70.95484924316406,-2.7432548999786377,-40.18557357788086,71.23657989501953,2.6952292919158936,-39.55152130126953,69.5078353881836,-2.240541934967041,-39.319671630859375,69.79132080078125,Stop,Stepping
1753295898.9108493,20599.856304716,2.599950075149536,-40.08021926879883,70.80382537841797,-2.6301779747009277,-40.243648529052734,71.07801818847656,2.5846493244171143,-39.62381362915039,69.39391326904297,-2.1428122520446777,-39.39923095703125,69.66996765136719,Stop,Stepping
1753295898.9208581,20599.86632792,2.489753246307373,-40.14052200317383,70.65325927734375,-2.5189125537872314,-40.2996826171875,70.92001342773438,2.475774049758911,-39.69404983520508,69.28009033203125,-2.046602487564087,-39.47661209106445,69.548828125,Stop,Stepping
1753295898.9308362,20599.876411151,2.381143569946289,-40.19890213012695,70.50296783447266,-2.4092636108398438,-40.35383224487305,70.76237487792969,2.3684215545654297,-39.76240921020508,69.16626739501953,-1.9517486095428467,-39.551971435546875,69.42772674560547,Stop,Stepping
1753295898.9410808,20599.886630474,2.274261713027954,-40.25531005859375,70.35321807861328,-2.30136775970459,-40.40605926513672,70.60537719726562,2.2627220153808594,-39.828819274902344,69.05261993408203,-1.8583695888519287,-39.625244140625,69.30689239501953,Stop,Stepping
1753295898.950828,20599.896345824,2.169196844100952,-40.30976867675781,70.20423126220703,-2.1953094005584717,-40.456356048583984,70.44920349121094,2.158773183822632,-39.89326477050781,68.9393310546875,-1.7665448188781738,-39.696407318115234,69.18649291992188,Stop,Stepping
1753295898.9608083,20599.906381442,2.0664191246032715,-40.362056732177734,70.05674743652344,-2.0915799140930176,-40.50457000732422,70.29469299316406,2.057040214538574,-39.95550537109375,68.82698822021484,-1.6766904592514038,-39.76518630981445,69.0671615600586,Stop,Stepping
1753295898.970869,20599.916398341,1.9639579057693481,-40.41321563720703,69.9079818725586,-1.9881750345230103,-40.55164337158203,70.1388931274414,1.9555782079696655,-40.016754150390625,68.71347045898438,-1.5870832204818726,-39.83293151855469,68.94666290283203,Stop,Stepping
1753295898.980839,20599.926347963,1.8641777038574219,-40.46210479736328,69.76145935058594,-1.8874844312667847,-40.596519470214844,69.9854736328125,1.8567227125167847,-40.07563400268555,68.60149383544922,-1.4997888803482056,-39.89811706542969,68.82782745361328,Stop,Stepping
1753295898.9908102,20599.936322631,1.7660332918167114,-40.509300231933594,69.61573028564453,-1.7884533405303955,-40.639732360839844,69.83293914794922,1.7594482898712158,-40.132781982421875,68.48990631103516,-1.413899302482605,-39.96144485473633,68.70948791503906,Stop,Stepping
1753295899.0008678,20599.946465094,1.6693302392959595,-40.55489730834961,69.4705581665039,-1.6908849477767944,-40.68140411376953,69.68106079101562,1.6635572910308838,-40.18836212158203,68.37859344482422,-1.3292425870895386,-40.02308654785156,68.59147644042969,Stop,Stepping
1753295899.0108218,20599.956511791,1.5748530626296997,-40.598602294921875,69.32721710205078,-1.5955744981765747,-40.72124099731445,69.53111267089844,1.569838285446167,-40.24196243286133,68.2685317993164,-1.2465084791183472,-40.08257293701172,68.47482299804688,Stop,Stepping
1753295899.0208519,20599.966579426,1.4818919897079468,-40.64076614379883,69.18467712402344,-1.5017924308776855,-40.759578704833984,69.38206481933594,1.477583646774292,-40.29402160644531,68.15894317626953,-1.1650749444961548,-40.14040756225586,68.35872650146484,Stop,Stepping
1753295899.0308216,20599.976264115,1.3907266855239868,-40.68132019042969,69.04348754882812,-1.4098396301269531,-40.79636001586914,69.2344741821289,1.387076735496521,-40.344390869140625,68.05020904541016,-1.0851911306381226,-40.19643020629883,68.24359130859375,Stop,Stepping
1753295899.040845,20599.986383842,1.3013628721237183,-40.720279693603516,68.90369415283203,-1.319705605506897,-40.83159637451172,69.08836364746094,1.29832124710083,-40.39314270019531,67.94243621826172,-1.0068615674972534,-40.25067901611328,68.1294937133789,Stop,Stepping
1753295899.0508099,20599.996349101,1.2137056589126587,-40.75774002075195,68.76522064208984,-1.2312966585159302,-40.86539840698242,68.94368743896484,1.2112261056900024,-40.440311431884766,67.83552551269531,-0.9300047755241394,-40.303245544433594,68.01638793945312,Stop,Stepping
1753295899.0608363,20600.006591146,1.1277498006820679,-40.79374694824219,68.62814331054688,-1.1446186304092407,-40.89777755737305,68.80049133300781,1.1257951259613037,-40.48597717285156,67.72958374023438,-0.8546174764633179,-40.35416030883789,67.90430450439453,Stop,Stepping
1753295899.0708187,20600.016391623,1.0435993671417236,-40.828285217285156,68.49268341064453,-1.0597645044326782,-40.92876052856445,68.65904235839844,1.0421217679977417,-40.53009033203125,67.624755859375,-0.7807917594909668,-40.40340042114258,67.79345703125,Stop,Stepping
1753295899.0808768,20600.026395501,0.9609750509262085,-40.861515045166016,68.35848236083984,-0.9764507412910461,-40.95847702026367,68.51891326904297,0.9599334597587585,-40.572845458984375,67.52079772949219,-0.7082840800285339,-40.45116424560547,67.68354797363281,Stop,Stepping
1753295899.090827,20600.036296469,0.8805622458457947,-40.893192291259766,68.22669982910156,-0.8953801989555359,-40.986724853515625,68.38136291503906,0.8799235820770264,-40.61390686035156,67.4186019897461,-0.6377010941505432,-40.497093200683594,67.5755615234375,Stop,Stepping
1753295899.1008945,20600.046437353,0.8015137910842896,-40.923709869384766,68.09603881835938,-0.8156875967979431,-41.013832092285156,68.2449951171875,0.8012363910675049,-40.653751373291016,67.31716918945312,-0.5682899355888367,-40.54170227050781,67.4683837890625,Stop,Stepping
1753295899.1108203,20600.056438339,0.7245794534683228,-40.95278549194336,67.9677734375,-0.7381286025047302,-41.03959274291992,68.11115264892578,0.7246296405792236,-40.69202423095703,67.2175064086914,-0.5007191896438599,-40.5845832824707,67.36309814453125,Stop,Stepping
1753295899.120862,20600.066396863,0.6491824388504028,-40.9807014465332,67.84105682373047,-0.6621286869049072,-41.06424331665039,67.97897338867188,0.6495342254638672,-40.72905349731445,67.11895751953125,-0.434484601020813,-40.62611389160156,67.25902557373047,Stop,Stepping
1753295899.1308312,20600.076613735,0.5755703449249268,-41.00739669799805,67.71633911132812,-0.5879318118095398,-41.08772659301758,67.848876953125,0.5761843323707581,-40.76473617553711,67.0218505859375,-0.36979877948760986,-40.666194915771484,67.15653228759766,Stop,Stepping
1753295899.140866,20600.086420648,0.5037572979927063,-41.03289794921875,67.59370422363281,-0.5155547857284546,-41.11007308959961,67.72099304199219,0.5046098828315735,-40.79909896850586,66.92630004882812,-0.3066748380661011,-40.70481872558594,67.05567932128906,Stop,Stepping
1753295899.1508362,20600.096379024,0.43350425362586975,-41.057315826416016,67.47282409667969,-0.44474971294403076,-41.131412506103516,67.59496307373047,0.4345659017562866,-40.83229064941406,66.83203125,-0.2449112832546234,-40.742164611816406,66.95621490478516,Stop,Stepping
1753295899.1608465,20600.107648093,0.3651442229747772,-41.080589294433594,67.35431671142578,-0.37586331367492676,-41.151668548583984,67.471435546875,0.36638858914375305,-40.864173889160156,66.73954010009766,-0.1847987323999405,-40.77808380126953,66.85865020751953,Stop,Stepping
1753295899.1708968,20600.116436176,0.29798558354377747,-41.102962493896484,67.23705291748047,-0.3081893026828766,-41.17106246948242,67.34919738769531,0.29939255118370056,-40.895111083984375,66.6479721069336,-0.12572439014911652,-40.81296157836914,66.76205444335938,Stop,Stepping
1753295899.1808803,20600.126407435,0.23346559703350067,-41.124019622802734,67.12359619140625,-0.24317438900470734,-41.189247131347656,67.2309799194336,0.23500403761863708,-40.92445755004883,66.55928039550781,-0.0689583569765091,-40.8460807800293,66.66853332519531,Stop,Stepping
1753295899.1908326,20600.136354821,0.17023371160030365,-41.14421844482422,67.01165008544922,-0.17946554720401764,-41.20661926269531,67.11431884765625,0.17188872396945953,-40.95286560058594,66.47172546386719,-0.01331410277634859,-40.878177642822266,66.57622528076172,Stop,Stepping
1753295899.2008743,20600.146411127,0.10872967541217804,-41.16345977783203,66.90203857421875,-0.11750101298093796,-41.22309875488281,67.00012969970703,0.11047924309968948,-40.98016357421875,66.38594055175781,0.04082115739583969,-40.90903854370117,66.48578643798828,Stop,Stepping
1753295899.2108305,20600.156405076,0.048818446695804596,-41.18180465698242,66.79456329345703,-0.05714178457856178,-41.23873519897461,66.88817596435547,0.05064418911933899,-41.006412506103516,66.3017578125,0.09356540441513062,-40.938777923583984,66.39708709716797,Stop,Stepping
1753295899.2208736,20600.166652626,-0.009256565012037754,-41.19922637939453,66.68974304199219,0.0013629039749503136,-41.25353240966797,66.77899932861328,-0.0073722777888178825,-41.03156661987305,66.21961212158203,0.14470671117305756,-40.967288970947266,66.31053161621094,Stop,Stepping
1753295899.230816,20600.176338445,-0.06572984904050827,-41.21580123901367,66.5871810913086,0.05824844539165497,-41.267555236816406,66.67221069335938,-0.06380289793014526,-41.05574035644531,66.13919830322266,0.19444550573825836,-40.99470520019531,66.22579956054688,Stop,Stepping
1753295899.2408867,20600.186426442,-0.12061844021081924,-41.23158645629883,66.4869155883789,0.1135401800274849,-41.280826568603516,66.56779479980469,-0.11866024881601334,-41.078956604003906,66.06053161621094,0.24279989302158356,-41.02106857299805,66.14293670654297,Stop,Stepping
1753295899.2508256,20600.196386014,-0.1737218052148819,-41.24653625488281,66.38934326171875,0.16702641546726227,-41.29335403442383,66.4662094116211,-0.17174863815307617,-41.101158142089844,65.98394775390625,0.28959009051322937,-41.04630661010742,66.06226348876953,Stop,Stepping
1753295899.2608733,20600.209861031,-0.225204199552536,-41.260738372802734,66.29422760009766,0.21887776255607605,-41.305198669433594,66.3672103881836,-0.2232256978750229,-41.1224365234375,65.90924835205078,0.3349572718143463,-41.07052230834961,65.98361206054688,Stop,Stepping
1753295899.2708516,20600.216812075,-0.27519720792770386,-41.27424621582031,66.20137023925781,0.2692311704158783,-41.316402435302734,66.27055358886719,-0.2732321321964264,-41.14286804199219,65.8362808227539,0.3790263831615448,-41.09380340576172,65.90678405761719,Stop,Stepping
1753295899.2808633,20600.22640761,-0.3233400285243988,-41.28699493408203,66.11149597167969,0.31771498918533325,-41.3269157409668,66.17698669433594,-0.3213905692100525,-41.16232681274414,65.76561737060547,0.421465665102005,-41.11599349975586,65.8323974609375,Stop,Stepping
1753295899.2907934,20600.236228318,-0.3698441982269287,-41.2990608215332,66.02423095703125,0.3645472824573517,-41.336830139160156,66.08617401123047,-0.36792194843292236,-41.1809196472168,65.69699096679688,0.46246910095214844,-41.1372184753418,65.7601547241211,Stop,Stepping
1753295899.3008535,20600.246277281,-0.41501444578170776,-41.310543060302734,65.93907165527344,0.41003501415252686,-41.346214294433594,65.99755096435547,-0.41312745213508606,-41.19879150390625,65.6299819946289,0.5023055076599121,-41.15764236450195,65.68962097167969,Stop,Stepping
1753295899.3108282,20600.256448489,-0.45846080780029297,-41.321380615234375,65.85677337646484,0.4537859559059143,-41.35501480102539,65.91191864013672,-0.45661336183547974,-41.21580123901367,65.56520080566406,0.54062420129776,-41.177101135253906,65.62145233154297,Stop,Stepping
1753295899.3208482,20600.266402835,-0.5003517866134644,-41.33161163330078,65.77705383300781,0.49596837162971497,-41.363304138183594,65.82899475097656,-0.4985579252243042,-41.232032775878906,65.50242614746094,0.5775789022445679,-41.1956901550293,65.55540466308594,Stop,Stepping
1753295899.3308294,20600.276318958,-0.540710985660553,-41.34129333496094,65.6999282836914,0.5366065502166748,-41.37108612060547,65.74874877929688,-0.5389680862426758,-41.24752426147461,65.44166564941406,0.6131871938705444,-41.21343231201172,65.49147033691406,Stop,Stepping
1753295899.3408632,20600.286620286,-0.5795218348503113,-41.350425720214844,65.62545013427734,0.5756871104240417,-41.37839126586914,65.67127227783203,-0.5778399109840393,-41.26227569580078,65.38297271728516,0.6474347710609436,-41.230350494384766,65.42971801757812,Stop,Stepping
1753295899.3508496,20600.296373287,-0.6168274283409119,-41.35903549194336,65.55357360839844,0.6132444143295288,-41.3852424621582,65.59651184082031,-0.6152068376541138,-41.27631759643555,65.3263168334961,0.6803575158119202,-41.24646759033203,65.37013244628906,Stop,Stepping
1753295899.3608701,20600.306293585,-0.6526422500610352,-41.367156982421875,65.48430633544922,0.6493020057678223,-41.39167404174805,65.52445983886719,-0.6510919332504272,-41.289676666259766,65.27169036865234,0.7119705080986023,-41.26182556152344,65.31267547607422,Stop,Stepping
1753295899.370844,20600.316622499,-0.6869426965713501,-41.37479019165039,65.417724609375,0.6838352680206299,-41.397682189941406,65.4552001953125,-0.6854588389396667,-41.30235290527344,65.21916961669922,0.7422506809234619,-41.27640914916992,65.25743103027344,Stop,Stepping
1753295899.3808644,20600.326405091,-0.7198019623756409,-41.38197708129883,65.35370635986328,0.7169163823127747,-41.40331268310547,65.38862609863281,-0.7183893322944641,-41.314388275146484,65.16866302490234,0.7712607979774475,-41.2902717590332,65.2043228149414,Stop,Stepping
1753295899.3908525,20600.336380884,-0.7512514591217041,-41.38874053955078,65.29222869873047,0.7485783100128174,-41.408573150634766,65.3246841430664,-0.749910831451416,-41.325828552246094,65.12015533447266,0.7990283966064453,-41.30343246459961,65.15328979492188,Stop,Stepping
1753295899.4008715,20600.34676771,-0.7812501788139343,-41.39507293701172,65.23339080810547,0.7787757515907288,-41.41348648071289,65.26351928710938,-0.7799819707870483,-41.336631774902344,65.07369995117188,0.8255228996276855,-41.3159065246582,65.10446166992188,Stop,Stepping
1753295899.410857,20600.356515312,-0.8098664879798889,-41.40103530883789,65.17710876464844,0.8075847029685974,-41.4180793762207,65.20499420166016,-0.8086733222007751,-41.34687042236328,65.02925109863281,0.8507982492446899,-41.32771682739258,65.05772399902344,Stop,Stepping
1753295899.4210992,20600.367436678,-0.8371444344520569,-41.406620025634766,65.12329864501953,0.835038423538208,-41.42235565185547,65.14904022216797,-0.8360227942466736,-41.35655212402344,64.98674774169922,0.8748878240585327,-41.338890075683594,65.0130386352539,Stop,Stepping
1753295899.4308727,20600.376660808,-0.8630452752113342,-41.41183090209961,65.07203674316406,0.8611123561859131,-41.426334381103516,65.09576416015625,-0.8619944453239441,-41.36568832397461,64.94627380371094,0.8977707624435425,-41.34944152832031,64.9704818725586,Stop,Stepping
1753295899.4408743,20600.386407593,-0.8875682950019836,-41.416709899902344,65.02340698242188,0.8857974410057068,-41.43002700805664,65.0451889038086,-0.8865892291069031,-41.374271392822266,64.90784454345703,0.9194324612617493,-41.359375,64.93009185791016,Stop,Stepping
1753295899.450895,20600.396371891,-0.9108921885490417,-41.42127227783203,64.97701263427734,0.9092751741409302,-41.433467864990234,64.9969711303711,-0.9099831581115723,-41.38238525390625,64.8711929321289,0.9400379657745361,-41.36875915527344,64.89155578613281,Stop,Stepping
1753295899.460874,20600.40636371,-0.9328218698501587,-41.42551040649414,64.93330383300781,0.9313451647758484,-41.436649322509766,64.95153045654297,-0.9319801330566406,-41.38996124267578,64.83663940429688,0.9594184756278992,-41.377532958984375,64.85523986816406,Stop,Stepping
1753295899.470834,20600.416324647,-0.9535074830055237,-41.42945098876953,64.8919906616211,0.952167809009552,-41.43959426879883,64.9085693359375,-0.9527305364608765,-41.39706039428711,64.80396270751953,0.9776967167854309,-41.385772705078125,64.82091522216797,Stop,Stepping
1753295899.4809368,20600.426379713,-0.973150908946991,-41.43314743041992,64.85265350341797,0.9719408750534058,-41.442344665527344,64.86768341064453,-0.9724413752555847,-41.403770446777344,64.77287292480469,0.9950532913208008,-41.393550872802734,64.7882308959961,Stop,Stepping
1753295899.49087,20600.436378402,-0.9914166331291199,-41.43655014038086,64.8160171508789,0.990325391292572,-41.44485092163086,64.82959747314453,-0.9907687902450562,-41.40996551513672,64.74388885498047,1.0111979246139526,-41.40074920654297,64.75777435302734,Stop,Stepping
1753295899.501134,20600.446878878,-1.0085651874542236,-41.439701080322266,64.78156280517578,1.007582426071167,-41.44717788696289,64.79378509521484,-1.007978081703186,-41.41576385498047,64.71663665771484,1.026353120803833,-41.4074592590332,64.7291259765625,Stop,Stepping
1753295899.510875,20600.456406594,-1.0246003866195679,-41.442626953125,64.74928283691406,1.0237230062484741,-41.449317932128906,64.7602310180664,-1.0240705013275146,-41.42116165161133,64.69110870361328,1.0405304431915283,-41.41373062133789,64.7022933959961,Stop,Stepping
1753295899.5208848,20600.466398409,-1.0395066738128662,-41.44530487060547,64.71922302246094,1.038722038269043,-41.45127868652344,64.72899627685547,-1.0390249490737915,-41.42613983154297,64.66732025146484,1.0537034273147583,-41.41953659057617,64.67730712890625,Stop,Stepping
1753295899.530872,20600.476465725,-1.053361415863037,-41.44776916503906,64.69123077392578,1.052669882774353,-41.45307922363281,64.69992065429688,-1.0529322624206543,-41.43077087402344,64.64520263671875,1.0659526586532593,-41.424896240234375,64.65404510498047,Stop,Stepping
1753295899.54093,20600.486455943,-1.0661894083023071,-41.450035095214844,64.66529846191406,1.065577745437622,-41.45471954345703,64.67295837402344,-1.0658084154129028,-41.43503189086914,64.62467193603516,1.0772886276245117,-41.42985534667969,64.63248443603516,Stop,Stepping
1753295899.550879,20600.496411322,-1.0779671669006348,-41.45209503173828,64.64144134521484,1.077430009841919,-41.45620346069336,64.64816284179688,-1.0776327848434448,-41.43891906738281,64.60578918457031,1.0877012014389038,-41.434391021728516,64.61265563964844,Stop,Stepping
1753295899.5608335,20600.506370728,-1.0887058973312378,-41.45397186279297,64.61968231201172,1.0882385969161987,-41.45755386352539,64.62554168701172,-1.0884108543395996,-41.44246292114258,64.58856201171875,1.0971958637237549,-41.43851089477539,64.59454345703125,Stop,Stepping
1753295899.5709012,20600.517668321,-1.0987046957015991,-41.45569610595703,64.5993881225586,1.0982993841171265,-41.45878982543945,64.60444641113281,-1.0984508991241455,-41.44575119018555,64.57250213623047,1.106037974357605,-41.44233322143555,64.5776596069336,Stop,Stepping
1753295899.580908,20600.526427389,-1.1076759099960327,-41.45723342895508,64.58116149902344,1.1073275804519653,-41.45989227294922,64.58550262451172,-1.107456088066101,-41.44869613647461,64.55807495117188,1.113973617553711,-41.44576644897461,64.56251525878906,Stop,Stepping
1753295899.5909142,20600.536549602,-1.1158127784729004,-41.45862579345703,64.56462860107422,1.1155190467834473,-41.46088409423828,64.56831359863281,-1.1156224012374878,-41.451358795166016,64.54499053955078,1.121166706085205,-41.44886016845703,64.54875946044922,Stop,Stepping
1753295899.600948,20600.546475165,-1.1231129169464111,-41.45985412597656,64.54975128173828,1.1228636503219604,-41.46175765991211,64.55286407470703,-1.1229504346847534,-41.453739166259766,64.5332260131836,1.1276178359985352,-41.45163345336914,64.5363998413086,Stop,Stepping
1753295899.6108768,20600.556442639,-1.1295900344848633,-41.4609489440918,64.53658294677734,1.129382848739624,-41.46253967285156,64.53917694091797,-1.1294562816619873,-41.455841064453125,64.52278137207031,1.1333484649658203,-41.454097747802734,64.52543640136719,Stop,Stepping
1753295899.6208115,20600.566418542,-1.135299563407898,-41.461917877197266,64.52494812011719,1.1351293325424194,-41.463218688964844,64.5270767211914,-1.1351876258850098,-41.45769500732422,64.51355743408203,1.1383954286575317,-41.45625686645508,64.5157470703125,Stop,Stepping
1753295899.6309152,20600.57649378,-1.1404080390930176,-41.4627571105957,64.51451873779297,1.1402676105499268,-41.46382141113281,64.5162582397461,-1.140319585800171,-41.45935821533203,64.50532531738281,1.1429122686386108,-41.458187103271484,64.50708770751953,Stop,Stepping
1753295899.6408873,20600.586693215,-1.1447762250900269,-41.4634895324707,64.505615234375,1.1446655988693237,-41.46434020996094,64.50699615478516,-1.1447036266326904,-41.460777282714844,64.4982681274414,1.1467781066894531,-41.459842681884766,64.49967956542969,Stop,Stepping
1753295899.650865,20600.596376215,-1.148535966873169,-41.46411895751953,64.49794006347656,1.1484500169754028,-41.46478271484375,64.4990234375,-1.1484781503677368,-41.46198654174805,64.49217987060547,1.1501034498214722,-41.46126174926758,64.49329376220703,Stop,Stepping
1753295899.6609042,20600.606070183,-1.151719570159912,-41.46464538574219,64.49144744873047,1.1516529321670532,-41.46514892578125,64.49226379394531,-1.151674509048462,-41.463016510009766,64.4870376586914,1.1529150009155273,-41.462459564208984,64.4878921508789,Stop,Stepping
1753295899.6708796,20600.616724142,-1.15436589717865,-41.465087890625,64.48604583740234,1.1543166637420654,-41.465457916259766,64.48665618896484,-1.1543302536010742,-41.463871002197266,64.4827651977539,1.1552550792694092,-41.46345520019531,64.48339080810547,Stop,Stepping
1753295899.6809032,20600.625908285,-1.1565231084823608,-41.4654426574707,64.48163604736328,1.1564831733703613,-41.46570587158203,64.4820785522461,-1.1564984321594238,-41.464569091796875,64.47927856445312,1.1571613550186157,-41.464271545410156,64.479736328125,Stop,Stepping
1753295899.690963,20600.636030244,-1.1582521200180054,-41.465728759765625,64.47811126708984,1.158227562904358,-41.46590805053711,64.47840118408203,-1.1582317352294922,-41.465126037597656,64.47648620605469,1.15869140625,-41.46492004394531,64.47679901123047,Stop,Stepping
1753295899.700904,20600.645988926,-1.1595633029937744,-41.465938568115234,64.47541809082031,1.1595485210418701,-41.466060638427734,64.4756088256836,-1.1595513820648193,-41.46554183959961,64.47434997558594,1.1598560810089111,-41.46540451049805,64.47455596923828,Stop,Stepping
1753295899.710879,20600.655994193,-1.1605414152145386,-41.466102600097656,64.47341918945312,1.1605314016342163,-41.46617126464844,64.4735336303711,-1.1605321168899536,-41.46586227416992,64.47277069091797,1.1607191562652588,-41.46577453613281,64.47288513183594,Stop,Stepping
1753295899.72092,20600.666688709,-1.1612259149551392,-41.466209411621094,64.4720230102539,1.161218285560608,-41.46625518798828,64.47209167480469,-1.1612213850021362,-41.46608352661133,64.4716796875,1.161322832107544,-41.46603775024414,64.47173309326172,Stop,Stepping
1753295899.7308955,20600.676517608,-1.1616647243499756,-41.46628952026367,64.47111511230469,1.161662220954895,-41.466304779052734,64.47115325927734,-1.1616610288619995,-41.46622085571289,64.47095489501953,1.1617145538330078,-41.4661979675293,64.47098541259766,Stop,Stepping
1753295899.7409017,20600.686459123,-1.1619157791137695,-41.46632385253906,64.47061157226562,1.1619105339050293,-41.466331481933594,64.47062683105469,-1.1619155406951904,-41.46630859375,64.47055053710938,1.1619318723678589,-41.4662971496582,64.47057342529297,Stop,Stepping
1753295899.7509072,20600.696391709,-1.1620270013809204,-41.466346740722656,64.47038269042969,1.1620270013809204,-41.466346740722656,64.47039031982422,-1.1620270013809204,-41.46634292602539,64.47036743164062,1.162032127380371,-41.46633529663086,64.47036743164062,Stop,Stepping
1753295899.760925,20600.706508238,-1.1620558500289917,-41.466346740722656,64.47032165527344,1.1620532274246216,-41.466346740722656,64.47032165527344,-1.1620532274246216,-41.466346740722656,64.47032165527344,1.1620588302612305,-41.466346740722656,64.47032165527344,Stop,Stepping
1753295899.7809465,20600.726658608,-1.1620588302612305,-41.46635055541992,64.47032165527344,1.1620588302612305,-41.46635055541992,64.47032165527344,-1.1620588302612305,-41.466346740722656,64.47032165527344,1.1620588302612305,-41.466346740722656,64.47032165527344,Stop,Stepping
1753295899.7908964,20600.7366479,-1.1620588302612305,-41.46635055541992,64.47032165527344,1.1620588302612305,-41.46635055541992,64.47032165527344,-1.1620588302612305,-41.466346740722656,64.47032165527344,1.1620588302612305,-41.466346740722656,64.47032165527344,Stop,Stepping
1753295899.800892,20600.746200515,-1.1620588302612305,-41.46635055541992,64.47032165527344,1.1620588302612305,-41.46635055541992,64.47032165527344,-1.1620588302612305,-41.466346740722656,64.47032165527344,1.1620588302612305,-41.466346740722656,64.47032165527344,Stop,Stepping
1753295899.810921,20600.755706834,-1.1620588302612305,-41.46635055541992,64.47032165527344,1.1620588302612305,-41.46635055541992,64.47032165527344,-1.1620588302612305,-41.466346740722656,64.47032165527344,1.1620588302612305,-41.466346740722656,64.47032165527344,Stop,Stepping
1753295899.8209176,20600.766245584,-1.1620588302612305,-41.46635055541992,64.47032165527344,1.1620588302612305,-41.46635055541992,64.47032165527344,-1.1620588302612305,-41.466346740722656,64.47032165527344,1.1620588302612305,-41.466346740722656,64.47032165527344,Stop,Stepping
1753295899.830901,20600.776764389,-1.1620588302612305,-41.46635055541992,64.47032165527344,1.1620588302612305,-41.46635055541992,64.47032165527344,-1.1620588302612305,-41.466346740722656,64.47032165527344,1.1620588302612305,-41.466346740722656,64.47032165527344,Stop,Stepping
1753295899.840942,20600.78613161,-1.1620588302612305,-41.46635055541992,64.47032165527344,1.1620588302612305,-41.46635055541992,64.47032165527344,-1.1620588302612305,-41.466346740722656,64.47032165527344,1.1620588302612305,-41.466346740722656,64.47032165527344,Stop,Stepping
1753295899.850891,20600.795894385,-1.1620588302612305,-41.46635055541992,64.47032165527344,1.1620588302612305,-41.46635055541992,64.47032165527344,-1.1620588302612305,-41.466346740722656,64.47032165527344,1.1620588302612305,-41.466346740722656,64.47032165527344,Stop,Stepping
1753295899.8609145,20600.805891525,-1.1620588302612305,-41.46635055541992,64.47032165527344,1.1620588302612305,-41.46635055541992,64.47032165527344,-1.1620588302612305,-41.466346740722656,64.47032165527344,1.1620588302612305,-41.466346740722656,64.47032165527344,Stop,Stepping
1753295899.8708925,20600.824917956,-1.1620588302612305,-41.46635055541992,64.47032165527344,1.1620588302612305,-41.46635055541992,64.47032165527344,-1.1620588302612305,-41.466346740722656,64.47032165527344,1.1620588302612305,-41.466346740722656,64.47032165527344,Stop,Stepping
1753295899.8809512,20600.826024948,-1.1620588302612305,-41.46635055541992,64.47032165527344,1.1620588302612305,-41.46635055541992,64.47032165527344,-1.1620588302612305,-41.466346740722656,64.47032165527344,1.1620588302612305,-41.466346740722656,64.47032165527344,Stop,Stepping
1753295899.8909016,20600.83610084,-1.1620588302612305,-41.46635055541992,64.47032165527344,1.1620588302612305,-41.46635055541992,64.47032165527344,-1.1620588302612305,-41.466346740722656,64.47032165527344,1.1620588302612305,-41.466346740722656,64.47032165527344,Stop,Stepping
1753295899.9009387,20600.84673557,-1.1620588302612305,-41.46635055541992,64.47032165527344,1.1620588302612305,-41.46635055541992,64.47032165527344,-1.1620588302612305,-41.466346740722656,64.47032165527344,1.1620588302612305,-41.466346740722656,64.47032165527344,Stop,Stepping
1753295899.910901,20600.856463884,-1.1620588302612305,-41.46635055541992,64.47032165527344,1.1620588302612305,-41.46635055541992,64.47032165527344,-1.1620588302612305,-41.466346740722656,64.47032165527344,1.1620588302612305,-41.466346740722656,64.47032165527344,Stop,Stepping
1753295899.9209397,20600.866428354,-1.1620588302612305,-41.46635055541992,64.47032165527344,1.1620588302612305,-41.46635055541992,64.47032165527344,-1.1620588302612305,-41.466346740722656,64.47032165527344,1.1620588302612305,-41.466346740722656,64.47032165527344,Stop,Stepping
1753295899.9309332,20600.876803741,-1.1620588302612305,-41.46635055541992,64.47032165527344,1.1620588302612305,-41.46635055541992,64.47032165527344,-1.1620588302612305,-41.466346740722656,64.47032165527344,1.1620588302612305,-41.466346740722656,64.47032165527344,Stop,Stepping
1753295899.9409187,20600.886910669,-1.1620588302612305,-41.46635055541992,64.47032165527344,1.1620588302612305,-41.46635055541992,64.47032165527344,-1.1620588302612305,-41.466346740722656,64.47032165527344,1.1620588302612305,-41.466346740722656,64.47032165527344,Stop,Stepping
1753295899.9509013,20600.896408874,-1.1620588302612305,-41.46635055541992,64.47032165527344,1.1620588302612305,-41.46635055541992,64.47032165527344,-1.1620588302612305,-41.466346740722656,64.47032165527344,1.1620588302612305,-41.466346740722656,64.47032165527344,Stop,Stepping
1753295899.9609618,20600.907055493,-1.1620588302612305,-41.46635055541992,64.47032165527344,1.1620588302612305,-41.46635055541992,64.47032165527344,-1.1620588302612305,-41.466346740722656,64.47032165527344,1.1620588302612305,-41.466346740722656,64.47032165527344,Stop,Stepping
1753295899.970901,20600.916493071,-1.1620588302612305,-41.46635055541992,64.47032165527344,1.1620588302612305,-41.46635055541992,64.47032165527344,-1.1620588302612305,-41.466346740722656,64.47032165527344,1.1620588302612305,-41.466346740722656,64.47032165527344,Stop,Stepping
1753295899.9809382,20600.926648031,-1.1620588302612305,-41.46635055541992,64.47032165527344,1.1620588302612305,-41.46635055541992,64.47032165527344,-1.1620588302612305,-41.466346740722656,64.47032165527344,1.1620588302612305,-41.466346740722656,64.47032165527344,Stop,Stepping
1753295899.9908912,20600.936419891,-1.1620588302612305,-41.46635055541992,64.47032165527344,1.1620588302612305,-41.46635055541992,64.47032165527344,-1.1620588302612305,-41.466346740722656,64.47032165527344,1.1620588302612305,-41.466346740722656,64.47032165527344,Stop,Stepping
1753295900.0009437,20600.946510053,-1.1620588302612305,-41.46635055541992,64.47032165527344,1.1620588302612305,-41.46635055541992,64.47032165527344,-1.1620588302612305,-41.466346740722656,64.47032165527344,1.1620588302612305,-41.466346740722656,64.47032165527344,Stop,Stepping
1753295900.0108926,20600.956827169,-1.1620588302612305,-41.46635055541992,64.47032165527344,1.1620588302612305,-41.46635055541992,64.47032165527344,-1.1620588302612305,-41.466346740722656,64.47032165527344,1.1620588302612305,-41.466346740722656,64.47032165527344,Stop,Stepping
1753295900.0209267,20600.966441263,-1.1620588302612305,-41.46635055541992,64.47032165527344,1.1620588302612305,-41.46635055541992,64.47032165527344,-1.1620588302612305,-41.466346740722656,64.47032165527344,1.1620588302612305,-41.466346740722656,64.47032165527344,Stop,Stepping
1753295900.0309017,20600.976742214,-1.1620588302612305,-41.46635055541992,64.47032165527344,1.1620588302612305,-41.46635055541992,64.47032165527344,-1.1620588302612305,-41.466346740722656,64.47032165527344,1.1620588302612305,-41.466346740722656,64.47032165527344,Stop,Stepping
1753295900.0409317,20600.986489274,-1.1620588302612305,-41.46635055541992,64.47032165527344,1.1620588302612305,-41.46635055541992,64.47032165527344,-1.1620588302612305,-41.466346740722656,64.47032165527344,1.1620588302612305,-41.466346740722656,64.47032165527344,Stop,Stepping
1753295900.0509105,20600.996458273,-1.1620588302612305,-41.46635055541992,64.47032165527344,1.1620588302612305,-41.46635055541992,64.47032165527344,-1.1620588302612305,-41.466346740722656,64.47032165527344,1.1620588302612305,-41.466346740722656,64.47032165527344,Stop,Stepping
1753295900.0609505,20601.006791431,-1.1620588302612305,-41.46635055541992,64.47032165527344,1.1620588302612305,-41.46635055541992,64.47032165527344,-1.1620588302612305,-41.466346740722656,64.47032165527344,1.1620588302612305,-41.466346740722656,64.47032165527344,Stop,Stepping
1753295900.07091,20601.016505671,-1.1620588302612305,-41.46635055541992,64.47032165527344,1.1620588302612305,-41.46635055541992,64.47032165527344,-1.1620588302612305,-41.466346740722656,64.47032165527344,1.1620588302612305,-41.466346740722656,64.47032165527344,Stop,Stepping
1753295900.0809417,20601.026650711,-1.1620588302612305,-41.46635055541992,64.47032165527344,1.1620588302612305,-41.46635055541992,64.47032165527344,-1.1620588302612305,-41.466346740722656,64.47032165527344,1.1620588302612305,-41.466346740722656,64.47032165527344,Stop,Stepping
1753295900.0909042,20601.036396428,-1.1620588302612305,-41.46635055541992,64.47032165527344,1.1620588302612305,-41.46635055541992,64.47032165527344,-1.1620588302612305,-41.466346740722656,64.47032165527344,1.1620588302612305,-41.466346740722656,64.47032165527344,Stop,Stepping
1753295900.1009905,20601.046805008,-1.1620588302612305,-41.46635055541992,64.47032165527344,1.1620588302612305,-41.46635055541992,64.47032165527344,-1.1620588302612305,-41.466346740722656,64.47032165527344,1.1620588302612305,-41.466346740722656,64.47032165527344,Stop,Stepping
1753295900.1109335,20601.056487381,-1.1620588302612305,-41.46635055541992,64.47032165527344,1.1620588302612305,-41.46635055541992,64.47032165527344,-1.1620588302612305,-41.466346740722656,64.47032165527344,1.1620588302612305,-41.466346740722656,64.47032165527344,Stop,Stepping
1753295900.1209595,20601.066537792,-1.1620588302612305,-41.46635055541992,64.47032165527344,1.1620588302612305,-41.46635055541992,64.47032165527344,-1.1620588302612305,-41.466346740722656,64.47032165527344,1.1620588302612305,-41.466346740722656,64.47032165527344,Stop,Stepping
1753295900.1308506,20601.076529856,-1.1620588302612305,-41.46635055541992,64.47032165527344,1.1620588302612305,-41.46635055541992,64.47032165527344,-1.1620588302612305,-41.466346740722656,64.47032165527344,1.1620588302612305,-41.466346740722656,64.47032165527344,Stop,Stepping
1753295900.1409454,20601.086676527,-1.1620588302612305,-41.46635055541992,64.47032165527344,1.1620588302612305,-41.46635055541992,64.47032165527344,-1.1620588302612305,-41.466346740722656,64.47032165527344,1.1620588302612305,-41.466346740722656,64.47032165527344,Stop,Stepping
1753295900.1509132,20601.096454357,-1.1620588302612305,-41.46635055541992,64.47032165527344,1.1620588302612305,-41.46635055541992,64.47032165527344,-1.1620588302612305,-41.466346740722656,64.47032165527344,1.1620588302612305,-41.466346740722656,64.47032165527344,Stop,Stepping
1753295900.1609643,20601.106722523,-1.1620588302612305,-41.46635055541992,64.47032165527344,1.1620588302612305,-41.46635055541992,64.47032165527344,-1.1620588302612305,-41.466346740722656,64.47032165527344,1.1620588302612305,-41.466346740722656,64.47032165527344,Stop,Stepping
1753295900.1709144,20601.116509307,-1.1620588302612305,-41.46635055541992,64.47032165527344,1.1620588302612305,-41.46635055541992,64.47032165527344,-1.1620588302612305,-41.466346740722656,64.47032165527344,1.1620588302612305,-41.466346740722656,64.47032165527344,Stop,Stepping
1753295900.180943,20601.126435305,-1.1620588302612305,-41.46635055541992,64.47032165527344,1.1620588302612305,-41.46635055541992,64.47032165527344,-1.1620588302612305,-41.466346740722656,64.47032165527344,1.1620588302612305,-41.466346740722656,64.47032165527344,Stop,Stepping
1753295900.1909025,20601.136436592,-1.1620588302612305,-41.46635055541992,64.47032165527344,1.1620588302612305,-41.46635055541992,64.47032165527344,-1.1620588302612305,-41.466346740722656,64.47032165527344,1.1620588302612305,-41.466346740722656,64.47032165527344,Stop,Stepping
1753295900.2009702,20601.146630196,-1.1620588302612305,-41.46635055541992,64.47032165527344,1.1620588302612305,-41.46635055541992,64.47032165527344,-1.1620588302612305,-41.466346740722656,64.47032165527344,1.1620588302612305,-41.466346740722656,64.47032165527344,Stop,Stepping
1753295900.2109022,20601.15649894,-1.1620588302612305,-41.46635055541992,64.47032165527344,1.1620588302612305,-41.46635055541992,64.47032165527344,-1.1620588302612305,-41.466346740722656,64.47032165527344,1.1620588302612305,-41.466346740722656,64.47032165527344,Stop,Stepping
1753295900.220915,20601.166459289,-1.1620588302612305,-41.46635055541992,64.47032165527344,1.1620588302612305,-41.46635055541992,64.47032165527344,-1.1620588302612305,-41.466346740722656,64.47032165527344,1.1620588302612305,-41.466346740722656,64.47032165527344,Stop,Stepping
1753295900.230924,20601.177066186,-1.1620588302612305,-41.46635055541992,64.47032165527344,1.1620588302612305,-41.46635055541992,64.47032165527344,-1.1620588302612305,-41.466346740722656,64.47032165527344,1.1620588302612305,-41.466346740722656,64.47032165527344,Stop,Stepping
1753295900.2409422,20601.186530244,-1.1620588302612305,-41.46635055541992,64.47032165527344,1.1620588302612305,-41.46635055541992,64.47032165527344,-1.1620588302612305,-41.466346740722656,64.47032165527344,1.1620588302612305,-41.466346740722656,64.47032165527344,Stop,Stepping
1753295900.2508407,20601.196373973,-1.1620588302612305,-41.46635055541992,64.47032165527344,1.1620588302612305,-41.46635055541992,64.47032165527344,-1.1620588302612305,-41.466346740722656,64.47032165527344,1.1620588302612305,-41.466346740722656,64.47032165527344,Stop,Stepping
1753295900.260941,20601.205732533,-1.1620588302612305,-41.46635055541992,64.47032165527344,1.1620588302612305,-41.46635055541992,64.47032165527344,-1.1620588302612305,-41.466346740722656,64.47032165527344,1.1620588302612305,-41.466346740722656,64.47032165527344,Stop,Stepping
1753295900.270896,20601.215848304,-1.1620588302612305,-41.46635055541992,64.47032165527344,1.1620588302612305,-41.46635055541992,64.47032165527344,-1.1620588302612305,-41.466346740722656,64.47032165527344,1.1620588302612305,-41.466346740722656,64.47032165527344,Stop,Stepping
1753295900.2809286,20601.225966345,-1.1620588302612305,-41.46635055541992,64.47032165527344,1.1620588302612305,-41.46635055541992,64.47032165527344,-1.1620588302612305,-41.466346740722656,64.47032165527344,1.1620588302612305,-41.466346740722656,64.47032165527344,Stop,Stepping
1753295900.290895,20601.236210251,-1.1620588302612305,-41.46635055541992,64.47032165527344,1.1620588302612305,-41.46635055541992,64.47032165527344,-1.1620588302612305,-41.466346740722656,64.47032165527344,1.1620588302612305,-41.466346740722656,64.47032165527344,Stop,Stepping
1753295900.3009434,20601.245959094,-1.1620588302612305,-41.46635055541992,64.47032165527344,1.1620588302612305,-41.46635055541992,64.47032165527344,-1.1620588302612305,-41.466346740722656,64.47032165527344,1.1620588302612305,-41.466346740722656,64.47032165527344,Stop,Stepping
1753295900.310923,20601.256118892,-1.1620588302612305,-41.46635055541992,64.47032165527344,1.1620588302612305,-41.46635055541992,64.47032165527344,-1.1620588302612305,-41.466346740722656,64.47032165527344,1.1620588302612305,-41.466346740722656,64.47032165527344,Stop,Stepping
1753295900.3211763,20601.266683012,-1.1620588302612305,-41.46635055541992,64.47032165527344,1.1620588302612305,-41.46635055541992,64.47032165527344,-1.1620588302612305,-41.466346740722656,64.47032165527344,1.1620588302612305,-41.466346740722656,64.47032165527344,Stop,Stepping
1753295900.3309247,20601.276282585,-1.1620588302612305,-41.46635055541992,64.47032165527344,1.1620588302612305,-41.46635055541992,64.47032165527344,-1.1620588302612305,-41.466346740722656,64.47032165527344,1.1620588302612305,-41.466346740722656,64.47032165527344,Stop,Stepping
1753295900.3409243,20601.286479844,-1.1620588302612305,-41.46635055541992,64.47032165527344,1.1620588302612305,-41.46635055541992,64.47032165527344,-1.1620588302612305,-41.466346740722656,64.47032165527344,1.1620588302612305,-41.466346740722656,64.47032165527344,Stop,Stepping
1753295900.3508928,20601.296293179,-1.1620588302612305,-41.46635055541992,64.47032165527344,1.1620588302612305,-41.46635055541992,64.47032165527344,-1.1620588302612305,-41.466346740722656,64.47032165527344,1.1620588302612305,-41.466346740722656,64.47032165527344,Stop,Stepping
1753295900.360915,20601.306654951,-1.1620588302612305,-41.46635055541992,64.47032165527344,1.1620588302612305,-41.46635055541992,64.47032165527344,-1.1620588302612305,-41.466346740722656,64.47032165527344,1.1620588302612305,-41.466346740722656,64.47032165527344,Stop,Stepping
1753295900.370879,20601.316390161,-1.1620588302612305,-41.46635055541992,64.47032165527344,1.1620588302612305,-41.46635055541992,64.47032165527344,-1.1620588302612305,-41.466346740722656,64.47032165527344,1.1620588302612305,-41.466346740722656,64.47032165527344,Stop,Stepping
1753295900.38092,20601.326459678,-1.1620588302612305,-41.46635055541992,64.47032165527344,1.1620588302612305,-41.46635055541992,64.47032165527344,-1.1620588302612305,-41.466346740722656,64.47032165527344,1.1620588302612305,-41.466346740722656,64.47032165527344,Stop,Stepping
1753295900.39092,20601.337304407,-1.1620588302612305,-41.46635055541992,64.47032165527344,1.1620588302612305,-41.46635055541992,64.47032165527344,-1.1620588302612305,-41.466346740722656,64.47032165527344,1.1620588302612305,-41.466346740722656,64.47032165527344,Stop,Stepping
1753295900.400957,20601.346567153,-1.1620588302612305,-41.46635055541992,64.47032165527344,1.1620588302612305,-41.46635055541992,64.47032165527344,-1.1620588302612305,-41.466346740722656,64.47032165527344,1.1620588302612305,-41.466346740722656,64.47032165527344,Stop,Stepping
1753295900.410997,20601.356668934,-1.1620588302612305,-41.46635055541992,64.47032165527344,1.1620588302612305,-41.46635055541992,64.47032165527344,-1.1620588302612305,-41.466346740722656,64.47032165527344,1.1620588302612305,-41.466346740722656,64.47032165527344,Stop,Stepping
1753295900.4209223,20601.36643689,-1.1620588302612305,-41.46635055541992,64.47032165527344,1.1620588302612305,-41.46635055541992,64.47032165527344,-1.1620588302612305,-41.466346740722656,64.47032165527344,1.1620588302612305,-41.466346740722656,64.47032165527344,Stop,Stepping
1753295900.4308925,20601.376390253,-1.1620588302612305,-41.46635055541992,64.47032165527344,1.1620588302612305,-41.46635055541992,64.47032165527344,-1.1620588302612305,-41.466346740722656,64.47032165527344,1.1620588302612305,-41.466346740722656,64.47032165527344,Stop,Stepping
1753295900.4409173,20601.386260699,-1.1620588302612305,-41.46635055541992,64.47032165527344,1.1620588302612305,-41.46635055541992,64.47032165527344,-1.1620588302612305,-41.466346740722656,64.47032165527344,1.1620588302612305,-41.466346740722656,64.47032165527344,Stop,Stepping
1753295900.4508846,20601.39582622,-1.1620588302612305,-41.46635055541992,64.47032165527344,1.1620588302612305,-41.46635055541992,64.47032165527344,-1.1620588302612305,-41.466346740722656,64.47032165527344,1.1620588302612305,-41.466346740722656,64.47032165527344,Stop,Stepping
1753295900.46091,20601.405897417,-1.1620588302612305,-41.46635055541992,64.47032165527344,1.1620588302612305,-41.46635055541992,64.47032165527344,-1.1620588302612305,-41.466346740722656,64.47032165527344,1.1620588302612305,-41.466346740722656,64.47032165527344,Stop,Stepping
1753295900.4709113,20601.415998727,-1.1620588302612305,-41.46635055541992,64.47032165527344,1.1620588302612305,-41.46635055541992,64.47032165527344,-1.1620588302612305,-41.466346740722656,64.47032165527344,1.1620588302612305,-41.466346740722656,64.47032165527344,Stop,Stepping
1753295900.4809387,20601.425874991,-1.1620588302612305,-41.46635055541992,64.47032165527344,1.1620588302612305,-41.46635055541992,64.47032165527344,-1.1620588302612305,-41.466346740722656,64.47032165527344,1.1620588302612305,-41.466346740722656,64.47032165527344,Stop,Stepping
1753295900.490927,20601.436104795,-1.1620588302612305,-41.46635055541992,64.47032165527344,1.1620588302612305,-41.46635055541992,64.47032165527344,-1.1620588302612305,-41.466346740722656,64.47032165527344,1.1620588302612305,-41.466346740722656,64.47032165527344,Stop,Stepping
1753295900.5009902,20601.446563767,-1.1620588302612305,-41.46635055541992,64.47032165527344,1.1620588302612305,-41.46635055541992,64.47032165527344,-1.1620588302612305,-41.466346740722656,64.47032165527344,1.1620588302612305,-41.466346740722656,64.47032165527344,Stop,Stepping
1753295900.5109086,20601.456450989,-1.1620588302612305,-41.46635055541992,64.47032165527344,1.1620588302612305,-41.46635055541992,64.47032165527344,-1.1620588302612305,-41.466346740722656,64.47032165527344,1.1620588302612305,-41.466346740722656,64.47032165527344,Stop,Stepping
1753295900.52097,20601.466439031,-1.1620588302612305,-41.46635055541992,64.47032165527344,1.1620588302612305,-41.46635055541992,64.47032165527344,-1.1620588302612305,-41.466346740722656,64.47032165527344,1.1620588302612305,-41.466346740722656,64.47032165527344,Stop,Stepping
1753295900.5309227,20601.476504486,-1.1620588302612305,-41.46635055541992,64.47032165527344,1.1620588302612305,-41.46635055541992,64.47032165527344,-1.1620588302612305,-41.466346740722656,64.47032165527344,1.1620588302612305,-41.466346740722656,64.47032165527344,Stop,Stepping
1753295900.5409288,20601.486739283,-1.1620588302612305,-41.46635055541992,64.47032165527344,1.1620588302612305,-41.46635055541992,64.47032165527344,-1.1620588302612305,-41.466346740722656,64.47032165527344,1.1620588302612305,-41.466346740722656,64.47032165527344,Stop,Stepping
1753295900.550818,20601.496326666,-1.1620588302612305,-41.46635055541992,64.47032165527344,1.1620588302612305,-41.46635055541992,64.47032165527344,-1.1620588302612305,-41.466346740722656,64.47032165527344,1.1620588302612305,-41.466346740722656,64.47032165527344,Stop,Stepping
1753295900.56096,20601.506551323,-1.1620588302612305,-41.46635055541992,64.47032165527344,1.1620588302612305,-41.46635055541992,64.47032165527344,-1.1620588302612305,-41.466346740722656,64.47032165527344,1.1620588302612305,-41.466346740722656,64.47032165527344,Stop,Stepping
1753295900.5708997,20601.51675099,-1.1620588302612305,-41.46635055541992,64.47032165527344,1.1620588302612305,-41.46635055541992,64.47032165527344,-1.1620588302612305,-41.466346740722656,64.47032165527344,1.1620588302612305,-41.466346740722656,64.47032165527344,Stop,Stepping
1753295900.5809505,20601.526716385,-1.1620588302612305,-41.46635055541992,64.47032165527344,1.1620588302612305,-41.46635055541992,64.47032165527344,-1.1620588302612305,-41.466346740722656,64.47032165527344,1.1620588302612305,-41.466346740722656,64.47032165527344,Stop,Stepping
1753295900.5909326,20601.536544964,-1.1620588302612305,-41.46635055541992,64.47032165527344,1.1620588302612305,-41.46635055541992,64.47032165527344,-1.1620588302612305,-41.466346740722656,64.47032165527344,1.1620588302612305,-41.466346740722656,64.47032165527344,Stop,Stepping
1753295900.6009645,20601.546326692,-1.1620588302612305,-41.46635055541992,64.47032165527344,1.1620588302612305,-41.46635055541992,64.47032165527344,-1.1620588302612305,-41.466346740722656,64.47032165527344,1.1620588302612305,-41.466346740722656,64.47032165527344,Stop,Stepping
1753295900.6109152,20601.556496483,-1.1620588302612305,-41.46635055541992,64.47032165527344,1.1620588302612305,-41.46635055541992,64.47032165527344,-1.1620588302612305,-41.466346740722656,64.47032165527344,1.1620588302612305,-41.466346740722656,64.47032165527344,Stop,Stepping
1753295900.6209342,20601.56656061,-1.1620588302612305,-41.46635055541992,64.47032165527344,1.1620588302612305,-41.46635055541992,64.47032165527344,-1.1620588302612305,-41.466346740722656,64.47032165527344,1.1620588302612305,-41.466346740722656,64.47032165527344,Stop,Stepping
1753295900.6309214,20601.576410637,-1.1620588302612305,-41.46635055541992,64.47032165527344,1.1620588302612305,-41.46635055541992,64.47032165527344,-1.1620588302612305,-41.466346740722656,64.47032165527344,1.1620588302612305,-41.466346740722656,64.47032165527344,Stop,Stepping
1753295900.6409378,20601.586467032,-1.1620588302612305,-41.46635055541992,64.47032165527344,1.1620588302612305,-41.46635055541992,64.47032165527344,-1.1620588302612305,-41.466346740722656,64.47032165527344,1.1620588302612305,-41.466346740722656,64.47032165527344,Stop,Stepping
1753295900.6509423,20601.596296775,-1.1620588302612305,-41.46635055541992,64.47032165527344,1.1620588302612305,-41.46635055541992,64.47032165527344,-1.1620588302612305,-41.466346740722656,64.47032165527344,1.1620588302612305,-41.466346740722656,64.47032165527344,Stop,Stepping
1753295900.6609461,20601.60650343,-1.1620588302612305,-41.46635055541992,64.47032165527344,1.1620588302612305,-41.46635055541992,64.47032165527344,-1.1620588302612305,-41.466346740722656,64.47032165527344,1.1620588302612305,-41.466346740722656,64.47032165527344,Stop,Stepping
1753295900.6708922,20601.616378605,-1.1620588302612305,-41.46635055541992,64.47032165527344,1.1620588302612305,-41.46635055541992,64.47032165527344,-1.1620588302612305,-41.466346740722656,64.47032165527344,1.1620588302612305,-41.466346740722656,64.47032165527344,Stop,Stepping
1753295900.6809375,20601.62683054,-1.1620588302612305,-41.46635055541992,64.47032165527344,1.1620588302612305,-41.46635055541992,64.47032165527344,-1.1620588302612305,-41.466346740722656,64.47032165527344,1.1620588302612305,-41.466346740722656,64.47032165527344,Stop,Stepping
1753295900.6909292,20601.636438633,-1.1620588302612305,-41.46635055541992,64.47032165527344,1.1620588302612305,-41.46635055541992,64.47032165527344,-1.1620588302612305,-41.466346740722656,64.47032165527344,1.1620588302612305,-41.466346740722656,64.47032165527344,Stop,Stepping
1753295900.7009413,20601.646423,-1.1620588302612305,-41.46635055541992,64.47032165527344,1.1620588302612305,-41.46635055541992,64.47032165527344,-1.1620588302612305,-41.466346740722656,64.47032165527344,1.1620588302612305,-41.466346740722656,64.47032165527344,Stop,Stepping
1753295900.7109554,20601.656569864,-1.1620588302612305,-41.46635055541992,64.47032165527344,1.1620588302612305,-41.46635055541992,64.47032165527344,-1.1620588302612305,-41.466346740722656,64.47032165527344,1.1620588302612305,-41.466346740722656,64.47032165527344,Stop,Stepping
1753295900.7209291,20601.666703898,-1.1620588302612305,-41.46635055541992,64.47032165527344,1.1620588302612305,-41.46635055541992,64.47032165527344,-1.1620588302612305,-41.466346740722656,64.47032165527344,1.1620588302612305,-41.466346740722656,64.47032165527344,Stop,Stepping
1753295900.7309227,20601.676419134,-1.1620588302612305,-41.46635055541992,64.47032165527344,1.1620588302612305,-41.46635055541992,64.47032165527344,-1.1620588302612305,-41.466346740722656,64.47032165527344,1.1620588302612305,-41.466346740722656,64.47032165527344,Stop,Stepping
1753295900.7409518,20601.68658989,-1.1620588302612305,-41.46635055541992,64.47032165527344,1.1620588302612305,-41.46635055541992,64.47032165527344,-1.1620588302612305,-41.466346740722656,64.47032165527344,1.1620588302612305,-41.466346740722656,64.47032165527344,Stop,Stepping
1753295900.7509189,20601.696672665,-1.1620588302612305,-41.46635055541992,64.47032165527344,1.1620588302612305,-41.46635055541992,64.47032165527344,-1.1620588302612305,-41.466346740722656,64.47032165527344,1.1620588302612305,-41.466346740722656,64.47032165527344,Stop,Stepping
1753295900.7608764,20601.706643372,-1.1620588302612305,-41.46635055541992,64.47032165527344,1.1620588302612305,-41.46635055541992,64.47032165527344,-1.1620588302612305,-41.466346740722656,64.47032165527344,1.1620588302612305,-41.466346740722656,64.47032165527344,Stop,Stepping
1753295900.770934,20601.716817616,-1.1620588302612305,-41.46635055541992,64.47032165527344,1.1620588302612305,-41.46635055541992,64.47032165527344,-1.1620588302612305,-41.466346740722656,64.47032165527344,1.1620588302612305,-41.466346740722656,64.47032165527344,Stop,Stepping
1753295900.7809665,20601.726488589,-1.1620588302612305,-41.46635055541992,64.47032165527344,1.1620588302612305,-41.46635055541992,64.47032165527344,-1.1620588302612305,-41.466346740722656,64.47032165527344,1.1620588302612305,-41.466346740722656,64.47032165527344,Stop,Stepping
1753295900.7909036,20601.736655955,-1.1620588302612305,-41.46635055541992,64.47032165527344,1.1620588302612305,-41.46635055541992,64.47032165527344,-1.1620588302612305,-41.466346740722656,64.47032165527344,1.1620588302612305,-41.466346740722656,64.47032165527344,Stop,Stepping
1753295900.8009872,20601.746783031,-1.1620588302612305,-41.46635055541992,64.47032165527344,1.1620588302612305,-41.46635055541992,64.47032165527344,-1.1620588302612305,-41.466346740722656,64.47032165527344,1.1620588302612305,-41.466346740722656,64.47032165527344,Stop,Stepping
1753295900.810925,20601.756500259,-1.1620588302612305,-41.46635055541992,64.47032165527344,1.1620588302612305,-41.46635055541992,64.47032165527344,-1.1620588302612305,-41.466346740722656,64.47032165527344,1.1620588302612305,-41.466346740722656,64.47032165527344,Stop,Stepping
1753295900.8208313,20601.766346655,-1.1620588302612305,-41.46635055541992,64.47032165527344,1.1620588302612305,-41.46635055541992,64.47032165527344,-1.1620588302612305,-41.466346740722656,64.47032165527344,1.1620588302612305,-41.466346740722656,64.47032165527344,Stop,Stepping
1753295900.8309214,20601.776488635,-1.1620588302612305,-41.46635055541992,64.47032165527344,1.1620588302612305,-41.46635055541992,64.47032165527344,-1.1620588302612305,-41.466346740722656,64.47032165527344,1.1620588302612305,-41.466346740722656,64.47032165527344,Stop,Stepping
1753295900.840939,20601.786514035,-1.1620588302612305,-41.46635055541992,64.47032165527344,1.1620588302612305,-41.46635055541992,64.47032165527344,-1.1620588302612305,-41.466346740722656,64.47032165527344,1.1620588302612305,-41.466346740722656,64.47032165527344,Stop,Stepping
1753295900.850925,20601.796628164,-1.1620588302612305,-41.46635055541992,64.47032165527344,1.1620588302612305,-41.46635055541992,64.47032165527344,-1.1620588302612305,-41.466346740722656,64.47032165527344,1.1620588302612305,-41.466346740722656,64.47032165527344,Stop,Stepping
1753295900.860957,20601.806065108,-1.1620588302612305,-41.46635055541992,64.47032165527344,1.1620588302612305,-41.46635055541992,64.47032165527344,-1.1620588302612305,-41.466346740722656,64.47032165527344,1.1620588302612305,-41.466346740722656,64.47032165527344,Stop,Stepping
1753295900.870922,20601.816416068,-1.1620588302612305,-41.46635055541992,64.47032165527344,1.1620588302612305,-41.46635055541992,64.47032165527344,-1.1620588302612305,-41.466346740722656,64.47032165527344,1.1620588302612305,-41.466346740722656,64.47032165527344,Stop,Stepping
1753295900.8809226,20601.825845999,-1.1620588302612305,-41.46635055541992,64.47032165527344,1.1620588302612305,-41.46635055541992,64.47032165527344,-1.1620588302612305,-41.466346740722656,64.47032165527344,1.1620588302612305,-41.466346740722656,64.47032165527344,Stop,Stepping
1753295900.8909447,20601.836248037,-1.1620588302612305,-41.46635055541992,64.47032165527344,1.1620588302612305,-41.46635055541992,64.47032165527344,-1.1620588302612305,-41.466346740722656,64.47032165527344,1.1620588302612305,-41.466346740722656,64.47032165527344,Stop,Stepping
1753295900.9009838,20601.87506138,-1.1620588302612305,-41.46635055541992,64.47032165527344,1.1620588302612305,-41.46635055541992,64.47032165527344,-1.1620588302612305,-41.466346740722656,64.47032165527344,1.1620588302612305,-41.466346740722656,64.47032165527344,Stop,Stepping
1753295900.910924,20601.876410383,-1.1620588302612305,-41.46635055541992,64.47032165527344,1.1620588302612305,-41.46635055541992,64.47032165527344,-1.1620588302612305,-41.466346740722656,64.47032165527344,1.1620588302612305,-41.466346740722656,64.47032165527344,Stop,Stepping
1753295900.9209437,20601.878060302,-1.1620588302612305,-41.46635055541992,64.47032165527344,1.1620588302612305,-41.46635055541992,64.47032165527344,-1.1620588302612305,-41.466346740722656,64.47032165527344,1.1620588302612305,-41.466346740722656,64.47032165527344,Stop,Stepping
1753295900.9309351,20601.87976016,-1.1620588302612305,-41.46635055541992,64.47032165527344,1.1620588302612305,-41.46635055541992,64.47032165527344,-1.1620588302612305,-41.466346740722656,64.47032165527344,1.1620588302612305,-41.466346740722656,64.47032165527344,Stop,Stepping
1753295900.9409366,20601.886385791,-1.1620588302612305,-41.46635055541992,64.47032165527344,1.1620588302612305,-41.46635055541992,64.47032165527344,-1.1620588302612305,-41.466346740722656,64.47032165527344,1.1620588302612305,-41.466346740722656,64.47032165527344,Stop,Stepping
1753295900.950933,20601.896615996,-1.1620588302612305,-41.46635055541992,64.47032165527344,1.1620588302612305,-41.46635055541992,64.47032165527344,-1.1620588302612305,-41.466346740722656,64.47032165527344,1.1620588302612305,-41.466346740722656,64.47032165527344,Stop,Stepping
1753295900.960952,20601.906441535,-1.1620588302612305,-41.46635055541992,64.47032165527344,1.1620588302612305,-41.46635055541992,64.47032165527344,-1.1620588302612305,-41.466346740722656,64.47032165527344,1.1620588302612305,-41.466346740722656,64.47032165527344,Stop,Stepping
1753295900.9709015,20601.916408336,-1.1620588302612305,-41.46635055541992,64.47032165527344,1.1620588302612305,-41.46635055541992,64.47032165527344,-1.1620588302612305,-41.466346740722656,64.47032165527344,1.1620588302612305,-41.466346740722656,64.47032165527344,Stop,Stepping
1753295900.9809391,20601.926374248,-1.1620588302612305,-41.46635055541992,64.47032165527344,1.1620588302612305,-41.46635055541992,64.47032165527344,-1.1620588302612305,-41.466346740722656,64.47032165527344,1.1620588302612305,-41.466346740722656,64.47032165527344,Stop,Stepping
1753295900.990906,20601.93646194,-1.1620588302612305,-41.46635055541992,64.47032165527344,1.1620588302612305,-41.46635055541992,64.47032165527344,-1.1620588302612305,-41.466346740722656,64.47032165527344,1.1620588302612305,-41.466346740722656,64.47032165527344,Stop,Stepping
1753295901.0009205,20601.94648192,-1.1620588302612305,-41.46635055541992,64.47032165527344,1.1620588302612305,-41.46635055541992,64.47032165527344,-1.1620588302612305,-41.466346740722656,64.47032165527344,1.1620588302612305,-41.466346740722656,64.47032165527344,Stop,Stepping
1753295901.0109005,20601.956349662,-1.1620588302612305,-41.46635055541992,64.47032165527344,1.1620588302612305,-41.46635055541992,64.47032165527344,-1.1620588302612305,-41.466346740722656,64.47032165527344,1.1620588302612305,-41.466346740722656,64.47032165527344,Stop,Stepping
1753295901.0209298,20601.966471799,-1.1620588302612305,-41.46635055541992,64.47032165527344,1.1620588302612305,-41.46635055541992,64.47032165527344,-1.1620588302612305,-41.466346740722656,64.47032165527344,1.1620588302612305,-41.466346740722656,64.47032165527344,Stop,Stepping
1753295901.0309393,20601.976181909,-1.1620588302612305,-41.46635055541992,64.47032165527344,1.1620588302612305,-41.46635055541992,64.47032165527344,-1.1620588302612305,-41.466346740722656,64.47032165527344,1.1620588302612305,-41.466346740722656,64.47032165527344,Stop,Stepping
1753295901.0409336,20601.986862431,-1.1620588302612305,-41.46635055541992,64.47032165527344,1.1620588302612305,-41.46635055541992,64.47032165527344,-1.1620588302612305,-41.466346740722656,64.47032165527344,1.1620588302612305,-41.466346740722656,64.47032165527344,Stop,Stepping
1753295901.0509276,20601.996496648,-1.1620588302612305,-41.46635055541992,64.47032165527344,1.1620588302612305,-41.46635055541992,64.47032165527344,-1.1620588302612305,-41.466346740722656,64.47032165527344,1.1620588302612305,-41.466346740722656,64.47032165527344,Stop,Stepping
1753295901.060959,20602.006619188,-1.1620588302612305,-41.46635055541992,64.47032165527344,1.1620588302612305,-41.46635055541992,64.47032165527344,-1.1620588302612305,-41.466346740722656,64.47032165527344,1.1620588302612305,-41.466346740722656,64.47032165527344,Stop,Stepping
1753295901.0709088,20602.016418265,-1.1620588302612305,-41.46635055541992,64.47032165527344,1.1620588302612305,-41.46635055541992,64.47032165527344,-1.1620588302612305,-41.466346740722656,64.47032165527344,1.1620588302612305,-41.466346740722656,64.47032165527344,Stop,Stepping
1753295901.0809417,20602.026482386,-1.1620588302612305,-41.46635055541992,64.47032165527344,1.1620588302612305,-41.46635055541992,64.47032165527344,-1.1620588302612305,-41.466346740722656,64.47032165527344,1.1620588302612305,-41.466346740722656,64.47032165527344,Stop,Stepping
1753295901.0909185,20602.036474234,-1.1620588302612305,-41.46635055541992,64.47032165527344,1.1620588302612305,-41.46635055541992,64.47032165527344,-1.1620588302612305,-41.466346740722656,64.47032165527344,1.1620588302612305,-41.466346740722656,64.47032165527344,Stop,Stepping
1753295901.1009333,20602.046502299,-1.1620588302612305,-41.46635055541992,64.47032165527344,1.1620588302612305,-41.46635055541992,64.47032165527344,-1.1620588302612305,-41.466346740722656,64.47032165527344,1.1620588302612305,-41.466346740722656,64.47032165527344,Stop,Stepping
1753295901.1108947,20602.056190211,-1.1620588302612305,-41.46635055541992,64.47032165527344,1.1620588302612305,-41.46635055541992,64.47032165527344,-1.1620588302612305,-41.466346740722656,64.47032165527344,1.1620588302612305,-41.466346740722656,64.47032165527344,Stop,Stepping
1753295901.1209197,20602.066695002,-1.1620588302612305,-41.46635055541992,64.47032165527344,1.1620588302612305,-41.46635055541992,64.47032165527344,-1.1620588302612305,-41.466346740722656,64.47032165527344,1.1620588302612305,-41.466346740722656,64.47032165527344,Stop,Stepping
1753295901.1309016,20602.076446423,-1.1620588302612305,-41.46635055541992,64.47032165527344,1.1620588302612305,-41.46635055541992,64.47032165527344,-1.1620588302612305,-41.466346740722656,64.47032165527344,1.1620588302612305,-41.466346740722656,64.47032165527344,Stop,Stepping
1753295901.140941,20602.086375291,-1.1620588302612305,-41.46635055541992,64.47032165527344,1.1620588302612305,-41.46635055541992,64.47032165527344,-1.1620588302612305,-41.466346740722656,64.47032165527344,1.1620588302612305,-41.466346740722656,64.47032165527344,Stop,Stepping
1753295901.1509287,20602.09651727,-1.1620588302612305,-41.46635055541992,64.47032165527344,1.1620588302612305,-41.46635055541992,64.47032165527344,-1.1620588302612305,-41.466346740722656,64.47032165527344,1.1620588302612305,-41.466346740722656,64.47032165527344,Stop,Stepping
1753295901.1609726,20602.106567389,-1.1620588302612305,-41.46635055541992,64.47032165527344,1.1620588302612305,-41.46635055541992,64.47032165527344,-1.1620588302612305,-41.466346740722656,64.47032165527344,1.1620588302612305,-41.466346740722656,64.47032165527344,Stop,Stepping
1753295901.1709223,20602.116421818,-1.1620588302612305,-41.46635055541992,64.47032165527344,1.1620588302612305,-41.46635055541992,64.47032165527344,-1.1620588302612305,-41.466346740722656,64.47032165527344,1.1620588302612305,-41.466346740722656,64.47032165527344,Stop,Stepping
1753295901.1809714,20602.126511404,-1.1620588302612305,-41.46635055541992,64.47032165527344,1.1620588302612305,-41.46635055541992,64.47032165527344,-1.1620588302612305,-41.466346740722656,64.47032165527344,1.1620588302612305,-41.466346740722656,64.47032165527344,Stop,Stepping
1753295901.1909285,20602.13656957,-1.1620588302612305,-41.46635055541992,64.47032165527344,1.1620588302612305,-41.46635055541992,64.47032165527344,-1.1620588302612305,-41.466346740722656,64.47032165527344,1.1620588302612305,-41.466346740722656,64.47032165527344,Stop,Stepping
1753295901.2009242,20602.146440993,-1.1620588302612305,-41.46635055541992,64.47032165527344,1.1620588302612305,-41.46635055541992,64.47032165527344,-1.1620588302612305,-41.466346740722656,64.47032165527344,1.1620588302612305,-41.466346740722656,64.47032165527344,Stop,Stepping
1753295901.2108972,20602.156657069,-1.1620588302612305,-41.46635055541992,64.47032165527344,1.1620588302612305,-41.46635055541992,64.47032165527344,-1.1620588302612305,-41.466346740722656,64.47032165527344,1.1620588302612305,-41.466346740722656,64.47032165527344,Stop,Stepping
1753295901.2209067,20602.166335482,-1.1620588302612305,-41.46635055541992,64.47032165527344,1.1620588302612305,-41.46635055541992,64.47032165527344,-1.1620588302612305,-41.466346740722656,64.47032165527344,1.1620588302612305,-41.466346740722656,64.47032165527344,Stop,Stepping
1753295901.2308948,20602.176638936,-1.1620588302612305,-41.46635055541992,64.47032165527344,1.1620588302612305,-41.46635055541992,64.47032165527344,-1.1620588302612305,-41.466346740722656,64.47032165527344,1.1620588302612305,-41.466346740722656,64.47032165527344,Stop,Stepping
1753295901.2409132,20602.186403244,-1.1620588302612305,-41.46635055541992,64.47032165527344,1.1620588302612305,-41.46635055541992,64.47032165527344,-1.1620588302612305,-41.466346740722656,64.47032165527344,1.1620588302612305,-41.466346740722656,64.47032165527344,Stop,Stepping
1753295901.2508879,20602.196390967,-1.1620588302612305,-41.46635055541992,64.47032165527344,1.1620588302612305,-41.46635055541992,64.47032165527344,-1.1620588302612305,-41.466346740722656,64.47032165527344,1.1620588302612305,-41.466346740722656,64.47032165527344,Stop,Stepping
1753295901.2609076,20602.206672852,-1.1620588302612305,-41.46635055541992,64.47032165527344,1.1620588302612305,-41.46635055541992,64.47032165527344,-1.1620588302612305,-41.466346740722656,64.47032165527344,1.1620588302612305,-41.466346740722656,64.47032165527344,Stop,Stepping
1753295901.270883,20602.216482581,-1.1620588302612305,-41.46635055541992,64.47032165527344,1.1620588302612305,-41.46635055541992,64.47032165527344,-1.1620588302612305,-41.466346740722656,64.47032165527344,1.1620588302612305,-41.466346740722656,64.47032165527344,Stop,Stepping
1753295901.2808986,20602.226392371,-1.1620588302612305,-41.46635055541992,64.47032165527344,1.1620588302612305,-41.46635055541992,64.47032165527344,-1.1620588302612305,-41.466346740722656,64.47032165527344,1.1620588302612305,-41.466346740722656,64.47032165527344,Stop,Stepping
1753295901.290893,20602.236329618,-1.1620588302612305,-41.46635055541992,64.47032165527344,1.1620588302612305,-41.46635055541992,64.47032165527344,-1.1620588302612305,-41.466346740722656,64.47032165527344,1.1620588302612305,-41.466346740722656,64.47032165527344,Stop,Stepping
1753295901.300902,20602.246412595,-1.1620588302612305,-41.46635055541992,64.47032165527344,1.1620588302612305,-41.46635055541992,64.47032165527344,-1.1620588302612305,-41.466346740722656,64.47032165527344,1.1620588302612305,-41.466346740722656,64.47032165527344,Stop,Stepping
1753295901.3109086,20602.256185724,-1.1620588302612305,-41.46635055541992,64.47032165527344,1.1620588302612305,-41.46635055541992,64.47032165527344,-1.1620588302612305,-41.466346740722656,64.47032165527344,1.1620588302612305,-41.466346740722656,64.47032165527344,Stop,Stepping
1753295901.320905,20602.266348707,-1.1620588302612305,-41.46635055541992,64.47032165527344,1.1620588302612305,-41.46635055541992,64.47032165527344,-1.1620588302612305,-41.466346740722656,64.47032165527344,1.1620588302612305,-41.466346740722656,64.47032165527344,Stop,Stepping
1753295901.3308334,20602.276615028,-1.1620588302612305,-41.46635055541992,64.47032165527344,1.1620588302612305,-41.46635055541992,64.47032165527344,-1.1620588302612305,-41.466346740722656,64.47032165527344,1.1620588302612305,-41.466346740722656,64.47032165527344,Stop,Stepping
1753295901.3409176,20602.286661806,-1.1620588302612305,-41.46635055541992,64.47032165527344,1.1620588302612305,-41.46635055541992,64.47032165527344,-1.1620588302612305,-41.466346740722656,64.47032165527344,1.1620588302612305,-41.466346740722656,64.47032165527344,Stop,Stepping
1753295901.3508925,20602.296350178,-1.1620588302612305,-41.46635055541992,64.47032165527344,1.1620588302612305,-41.46635055541992,64.47032165527344,-1.1620588302612305,-41.466346740722656,64.47032165527344,1.1620588302612305,-41.466346740722656,64.47032165527344,Stop,Stepping
1753295901.3609288,20602.306690004,-1.1620588302612305,-41.46635055541992,64.47032165527344,1.1620588302612305,-41.46635055541992,64.47032165527344,-1.1620588302612305,-41.466346740722656,64.47032165527344,1.1620588302612305,-41.466346740722656,64.47032165527344,Stop,Stepping
1753295901.3709018,20602.31668295,-1.1620588302612305,-41.46635055541992,64.47032165527344,1.1620588302612305,-41.46635055541992,64.47032165527344,-1.1620588302612305,-41.466346740722656,64.47032165527344,1.1620588302612305,-41.466346740722656,64.47032165527344,Stop,Stepping
1753295901.3809216,20602.326435056,-1.1620588302612305,-41.46635055541992,64.47032165527344,1.1620588302612305,-41.46635055541992,64.47032165527344,-1.1620588302612305,-41.466346740722656,64.47032165527344,1.1620588302612305,-41.466346740722656,64.47032165527344,Stop,Stepping
1753295901.3908925,20602.336682842,-1.1620588302612305,-41.46635055541992,64.47032165527344,1.1620588302612305,-41.46635055541992,64.47032165527344,-1.1620588302612305,-41.466346740722656,64.47032165527344,1.1620588302612305,-41.466346740722656,64.47032165527344,Stop,Stepping
1753295901.4009097,20602.34649189,-1.1620588302612305,-41.46635055541992,64.47032165527344,1.1620588302612305,-41.46635055541992,64.47032165527344,-1.1620588302612305,-41.466346740722656,64.47032165527344,1.1620588302612305,-41.466346740722656,64.47032165527344,Stop,Stepping
1753295901.4109068,20602.399148643,-1.1620588302612305,-41.46635055541992,64.47032165527344,1.1620588302612305,-41.46635055541992,64.47032165527344,-1.1620588302612305,-41.466346740722656,64.47032165527344,1.1620588302612305,-41.466346740722656,64.47032165527344,Stop,Stepping
1753295901.4209275,20602.400791935,-1.1620588302612305,-41.46635055541992,64.47032165527344,1.1620588302612305,-41.46635055541992,64.47032165527344,-1.1620588302612305,-41.466346740722656,64.47032165527344,1.1620588302612305,-41.466346740722656,64.47032165527344,Stop,Stepping
1753295901.4309103,20602.401272434,-1.1620588302612305,-41.46635055541992,64.47032165527344,1.1620588302612305,-41.46635055541992,64.47032165527344,-1.1620588302612305,-41.466346740722656,64.47032165527344,1.1620588302612305,-41.466346740722656,64.47032165527344,Stop,Stepping
1753295901.4409325,20602.401684685,-1.1620588302612305,-41.46635055541992,64.47032165527344,1.1620588302612305,-41.46635055541992,64.47032165527344,-1.1620588302612305,-41.466346740722656,64.47032165527344,1.1620588302612305,-41.466346740722656,64.47032165527344,Stop,Stepping
1753295901.4508734,20602.402110301,-1.1620588302612305,-41.46635055541992,64.47032165527344,1.1620588302612305,-41.46635055541992,64.47032165527344,-1.1620588302612305,-41.466346740722656,64.47032165527344,1.1620588302612305,-41.466346740722656,64.47032165527344,Stop,Stepping
1753295901.460935,20602.406054678,-1.1620588302612305,-41.46635055541992,64.47032165527344,1.1620588302612305,-41.46635055541992,64.47032165527344,-1.1620588302612305,-41.466346740722656,64.47032165527344,1.1620588302612305,-41.466346740722656,64.47032165527344,Stop,Stepping
1753295901.4708805,20602.415949441,-1.1620588302612305,-41.46635055541992,64.47032165527344,1.1620588302612305,-41.46635055541992,64.47032165527344,-1.1620588302612305,-41.466346740722656,64.47032165527344,1.1620588302612305,-41.466346740722656,64.47032165527344,Stop,Stepping
1753295901.480903,20602.426068102,-1.1620588302612305,-41.46635055541992,64.47032165527344,1.1620588302612305,-41.46635055541992,64.47032165527344,-1.1620588302612305,-41.466346740722656,64.47032165527344,1.1620588302612305,-41.466346740722656,64.47032165527344,Stop,Stepping
1753295901.4908874,20602.435870169,-1.1620588302612305,-41.46635055541992,64.47032165527344,1.1620588302612305,-41.46635055541992,64.47032165527344,-1.1620588302612305,-41.466346740722656,64.47032165527344,1.1620588302612305,-41.466346740722656,64.47032165527344,Stop,Stepping
1753295901.5009086,20602.445861954,-1.1620588302612305,-41.46635055541992,64.47032165527344,1.1620588302612305,-41.46635055541992,64.47032165527344,-1.1620588302612305,-41.466346740722656,64.47032165527344,1.1620588302612305,-41.466346740722656,64.47032165527344,Stop,Stepping
1753295901.5108888,20602.455982229,-1.1620588302612305,-41.46635055541992,64.47032165527344,1.1620588302612305,-41.46635055541992,64.47032165527344,-1.1620588302612305,-41.466346740722656,64.47032165527344,1.1620588302612305,-41.466346740722656,64.47032165527344,Stop,Stepping
1753295901.5209115,20602.466487659,-1.1620588302612305,-41.46635055541992,64.47032165527344,1.1620588302612305,-41.46635055541992,64.47032165527344,-1.1620588302612305,-41.466346740722656,64.47032165527344,1.1620588302612305,-41.466346740722656,64.47032165527344,Stop,Stepping
1753295901.5308924,20602.476124264,-1.1620588302612305,-41.46635055541992,64.47032165527344,1.1620588302612305,-41.46635055541992,64.47032165527344,-1.1620588302612305,-41.466346740722656,64.47032165527344,1.1620588302612305,-41.466346740722656,64.47032165527344,Stop,Stepping
1753295901.5409029,20602.486411948,-1.1620588302612305,-41.46635055541992,64.47032165527344,1.1620588302612305,-41.46635055541992,64.47032165527344,-1.1620588302612305,-41.466346740722656,64.47032165527344,1.1620588302612305,-41.466346740722656,64.47032165527344,Stop,Stepping
1753295901.5508912,20602.496397664,-1.1620588302612305,-41.46635055541992,64.47032165527344,1.1620588302612305,-41.46635055541992,64.47032165527344,-1.1620588302612305,-41.466346740722656,64.47032165527344,1.1620588302612305,-41.466346740722656,64.47032165527344,Stop,Stepping
1753295901.5609066,20602.506645153,-1.1620588302612305,-41.46635055541992,64.47032165527344,1.1620588302612305,-41.46635055541992,64.47032165527344,-1.1620588302612305,-41.466346740722656,64.47032165527344,1.1620588302612305,-41.466346740722656,64.47032165527344,Stop,Stepping
1753295901.5709004,20602.516497993,-1.1620588302612305,-41.46635055541992,64.47032165527344,1.1620588302612305,-41.46635055541992,64.47032165527344,-1.1620588302612305,-41.466346740722656,64.47032165527344,1.1620588302612305,-41.466346740722656,64.47032165527344,Stop,Stepping
1753295901.5809202,20602.526516709,-1.1620588302612305,-41.46635055541992,64.47032165527344,1.1620588302612305,-41.46635055541992,64.47032165527344,-1.1620588302612305,-41.466346740722656,64.47032165527344,1.1620588302612305,-41.466346740722656,64.47032165527344,Stop,Stepping
1753295901.5909169,20602.536637717,-1.1620588302612305,-41.46635055541992,64.47032165527344,1.1620588302612305,-41.46635055541992,64.47032165527344,-1.1620588302612305,-41.466346740722656,64.47032165527344,1.1620588302612305,-41.466346740722656,64.47032165527344,Stop,Stepping
1753295901.6009104,20602.546471657,-1.1620588302612305,-41.46635055541992,64.47032165527344,1.1620588302612305,-41.46635055541992,64.47032165527344,-1.1620588302612305,-41.466346740722656,64.47032165527344,1.1620588302612305,-41.466346740722656,64.47032165527344,Stop,Stepping
1753295901.6108942,20602.556653305,-1.1620588302612305,-41.46635055541992,64.47032165527344,1.1620588302612305,-41.46635055541992,64.47032165527344,-1.1620588302612305,-41.466346740722656,64.47032165527344,1.1620588302612305,-41.466346740722656,64.47032165527344,Stop,Stepping
1753295901.6209183,20602.566613477,-1.1620588302612305,-41.46635055541992,64.47032165527344,1.1620588302612305,-41.46635055541992,64.47032165527344,-1.1620588302612305,-41.466346740722656,64.47032165527344,1.1620588302612305,-41.466346740722656,64.47032165527344,Stop,Stepping
1753295901.6308882,20602.576430248,-1.1620588302612305,-41.46635055541992,64.47032165527344,1.1620588302612305,-41.46635055541992,64.47032165527344,-1.1620588302612305,-41.466346740722656,64.47032165527344,1.1620588302612305,-41.466346740722656,64.47032165527344,Stop,Stepping
1753295901.6409104,20602.586418355,-1.1620588302612305,-41.46635055541992,64.47032165527344,1.1620588302612305,-41.46635055541992,64.47032165527344,-1.1620588302612305,-41.466346740722656,64.47032165527344,1.1620588302612305,-41.466346740722656,64.47032165527344,Stop,Stepping
1753295901.6508927,20602.596404675,-1.1620588302612305,-41.46635055541992,64.47032165527344,1.1620588302612305,-41.46635055541992,64.47032165527344,-1.1620588302612305,-41.466346740722656,64.47032165527344,1.1620588302612305,-41.466346740722656,64.47032165527344,Stop,Stepping
1753295901.6609058,20602.606336552,-1.1620588302612305,-41.46635055541992,64.47032165527344,1.1620588302612305,-41.46635055541992,64.47032165527344,-1.1620588302612305,-41.466346740722656,64.47032165527344,1.1620588302612305,-41.466346740722656,64.47032165527344,Stop,Stepping
1753295901.6709712,20602.616913383,-1.1620588302612305,-41.46635055541992,64.47032165527344,1.1620588302612305,-41.46635055541992,64.47032165527344,-1.1620588302612305,-41.466346740722656,64.47032165527344,1.1620588302612305,-41.466346740722656,64.47032165527344,Stop,Stepping
1753295901.681021,20602.626432149,-1.1620588302612305,-41.46635055541992,64.47032165527344,1.1620588302612305,-41.46635055541992,64.47032165527344,-1.1620588302612305,-41.466346740722656,64.47032165527344,1.1620588302612305,-41.466346740722656,64.47032165527344,Stop,Stepping
1753295901.6909318,20602.636349336,-1.1620588302612305,-41.46635055541992,64.47032165527344,1.1620588302612305,-41.46635055541992,64.47032165527344,-1.1620588302612305,-41.466346740722656,64.47032165527344,1.1620588302612305,-41.466346740722656,64.47032165527344,Stop,Stepping
1753295901.7009528,20602.646835304,-1.1620588302612305,-41.46635055541992,64.47032165527344,1.1620588302612305,-41.46635055541992,64.47032165527344,-1.1620588302612305,-41.466346740722656,64.47032165527344,1.1620588302612305,-41.466346740722656,64.47032165527344,Stop,Stepping
1753295901.7109396,20602.65643528,-1.1620588302612305,-41.46635055541992,64.47032165527344,1.1620588302612305,-41.46635055541992,64.47032165527344,-1.1620588302612305,-41.466346740722656,64.47032165527344,1.1620588302612305,-41.466346740722656,64.47032165527344,Stop,Stepping
1753295901.7209487,20602.66731686,-1.1620588302612305,-41.46635055541992,64.47032165527344,1.1620588302612305,-41.46635055541992,64.47032165527344,-1.1620588302612305,-41.466346740722656,64.47032165527344,1.1620588302612305,-41.466346740722656,64.47032165527344,Stop,Stepping
1753295901.7309318,20602.676542468,-1.1620588302612305,-41.46635055541992,64.47032165527344,1.1620588302612305,-41.46635055541992,64.47032165527344,-1.1620588302612305,-41.466346740722656,64.47032165527344,1.1620588302612305,-41.466346740722656,64.47032165527344,Stop,Stepping
1753295901.7409477,20602.686891867,-1.1620588302612305,-41.46635055541992,64.47032165527344,1.1620588302612305,-41.46635055541992,64.47032165527344,-1.1620588302612305,-41.466346740722656,64.47032165527344,1.1620588302612305,-41.466346740722656,64.47032165527344,Stop,Stepping
1753295901.750941,20602.696415911,-1.1620588302612305,-41.46635055541992,64.47032165527344,1.1620588302612305,-41.46635055541992,64.47032165527344,-1.1620588302612305,-41.466346740722656,64.47032165527344,1.1620588302612305,-41.466346740722656,64.47032165527344,Stop,Stepping
1753295901.7609487,20602.706495449,-1.1620588302612305,-41.46635055541992,64.47032165527344,1.1620588302612305,-41.46635055541992,64.47032165527344,-1.1620588302612305,-41.466346740722656,64.47032165527344,1.1620588302612305,-41.466346740722656,64.47032165527344,Stop,Stepping
1753295901.7709334,20602.716710119,-1.1620588302612305,-41.46635055541992,64.47032165527344,1.1620588302612305,-41.46635055541992,64.47032165527344,-1.1620588302612305,-41.466346740722656,64.47032165527344,1.1620588302612305,-41.466346740722656,64.47032165527344,Stop,Stepping
1753295901.7809691,20602.726430052,-1.1620588302612305,-41.46635055541992,64.47032165527344,1.1620588302612305,-41.46635055541992,64.47032165527344,-1.1620588302612305,-41.466346740722656,64.47032165527344,1.1620588302612305,-41.466346740722656,64.47032165527344,Stop,Stepping
1753295901.7909377,20602.736506741,-1.1620588302612305,-41.46635055541992,64.47032165527344,1.1620588302612305,-41.46635055541992,64.47032165527344,-1.1620588302612305,-41.466346740722656,64.47032165527344,1.1620588302612305,-41.466346740722656,64.47032165527344,Stop,Stepping
1753295901.8009546,20602.746727485,-1.1620588302612305,-41.46635055541992,64.47032165527344,1.1620588302612305,-41.46635055541992,64.47032165527344,-1.1620588302612305,-41.466346740722656,64.47032165527344,1.1620588302612305,-41.466346740722656,64.47032165527344,Stop,Stepping
1753295901.8109396,20602.755825757,-1.1620588302612305,-41.46635055541992,64.47032165527344,1.1620588302612305,-41.46635055541992,64.47032165527344,-1.1620588302612305,-41.466346740722656,64.47032165527344,1.1620588302612305,-41.466346740722656,64.47032165527344,Stop,Stepping
1753295901.820946,20602.766987331,-1.1620588302612305,-41.46635055541992,64.47032165527344,1.1620588302612305,-41.46635055541992,64.47032165527344,-1.1620588302612305,-41.466346740722656,64.47032165527344,1.1620588302612305,-41.466346740722656,64.47032165527344,Stop,Stepping
1753295901.830941,20602.775993398,-1.1620588302612305,-41.46635055541992,64.47032165527344,1.1620588302612305,-41.46635055541992,64.47032165527344,-1.1620588302612305,-41.466346740722656,64.47032165527344,1.1620588302612305,-41.466346740722656,64.47032165527344,Stop,Stepping
1753295901.8409433,20602.785974558,-1.1620588302612305,-41.46635055541992,64.47032165527344,1.1620588302612305,-41.46635055541992,64.47032165527344,-1.1620588302612305,-41.466346740722656,64.47032165527344,1.1620588302612305,-41.466346740722656,64.47032165527344,Stop,Stepping
1753295901.850944,20602.795851616,-1.1620588302612305,-41.46635055541992,64.47032165527344,1.1620588302612305,-41.46635055541992,64.47032165527344,-1.1620588302612305,-41.466346740722656,64.47032165527344,1.1620588302612305,-41.466346740722656,64.47032165527344,Stop,Stepping
1753295901.860948,20602.806042849,-1.1620588302612305,-41.46635055541992,64.47032165527344,1.1620588302612305,-41.46635055541992,64.47032165527344,-1.1620588302612305,-41.466346740722656,64.47032165527344,1.1620588302612305,-41.466346740722656,64.47032165527344,Stop,Stepping
1753295901.8709164,20602.815848785,-1.1620588302612305,-41.46635055541992,64.47032165527344,1.1620588302612305,-41.46635055541992,64.47032165527344,-1.1620588302612305,-41.466346740722656,64.47032165527344,1.1620588302612305,-41.466346740722656,64.47032165527344,Stop,Stepping
1753295901.880973,20602.826032094,-1.1620588302612305,-41.46635055541992,64.47032165527344,1.1620588302612305,-41.46635055541992,64.47032165527344,-1.1620588302612305,-41.466346740722656,64.47032165527344,1.1620588302612305,-41.466346740722656,64.47032165527344,Stop,Stepping
1753295901.8909266,20602.835916106,-1.1620588302612305,-41.46635055541992,64.47032165527344,1.1620588302612305,-41.46635055541992,64.47032165527344,-1.1620588302612305,-41.466346740722656,64.47032165527344,1.1620588302612305,-41.466346740722656,64.47032165527344,Stop,Stepping
1753295901.900954,20602.845997768,-1.1620588302612305,-41.46635055541992,64.47032165527344,1.1620588302612305,-41.46635055541992,64.47032165527344,-1.1620588302612305,-41.466346740722656,64.47032165527344,1.1620588302612305,-41.466346740722656,64.47032165527344,Stop,Stepping
1753295901.9109428,20602.855966155,-1.1620588302612305,-41.46635055541992,64.47032165527344,1.1620588302612305,-41.46635055541992,64.47032165527344,-1.1620588302612305,-41.466346740722656,64.47032165527344,1.1620588302612305,-41.466346740722656,64.47032165527344,Stop,Stepping
1753295901.9209564,20602.866156922,-1.1620588302612305,-41.46635055541992,64.47032165527344,1.1620588302612305,-41.46635055541992,64.47032165527344,-1.1620588302612305,-41.466346740722656,64.47032165527344,1.1620588302612305,-41.466346740722656,64.47032165527344,Stop,Stepping
1753295901.9309366,20602.875988324,-1.1620588302612305,-41.46635055541992,64.47032165527344,1.1620588302612305,-41.46635055541992,64.47032165527344,-1.1620588302612305,-41.466346740722656,64.47032165527344,1.1620588302612305,-41.466346740722656,64.47032165527344,Stop,Stepping
1753295901.940941,20602.886244404,-1.1620588302612305,-41.46635055541992,64.47032165527344,1.1620588302612305,-41.46635055541992,64.47032165527344,-1.1620588302612305,-41.466346740722656,64.47032165527344,1.1620588302612305,-41.466346740722656,64.47032165527344,Stop,Stepping
1753295901.95094,20602.896009403,-1.1620588302612305,-41.46635055541992,64.47032165527344,1.1620588302612305,-41.46635055541992,64.47032165527344,-1.1620588302612305,-41.466346740722656,64.47032165527344,1.1620588302612305,-41.466346740722656,64.47032165527344,Stop,Stepping
1753295901.960985,20602.906111282,-1.1620588302612305,-41.46635055541992,64.47032165527344,1.1620588302612305,-41.46635055541992,64.47032165527344,-1.1620588302612305,-41.466346740722656,64.47032165527344,1.1620588302612305,-41.466346740722656,64.47032165527344,Stop,Stepping
1753295901.9709551,20602.915805144,-1.1620588302612305,-41.46635055541992,64.47032165527344,1.1620588302612305,-41.46635055541992,64.47032165527344,-1.1620588302612305,-41.466346740722656,64.47032165527344,1.1620588302612305,-41.466346740722656,64.47032165527344,Stop,Stepping
1753295901.980963,20602.927133936,-1.1620588302612305,-41.46635055541992,64.47032165527344,1.1620588302612305,-41.46635055541992,64.47032165527344,-1.1620588302612305,-41.466346740722656,64.47032165527344,1.1620588302612305,-41.466346740722656,64.47032165527344,Stop,Stepping
1753295901.990931,20602.93589844,-1.1620588302612305,-41.46635055541992,64.47032165527344,1.1620588302612305,-41.46635055541992,64.47032165527344,-1.1620588302612305,-41.466346740722656,64.47032165527344,1.1620588302612305,-41.466346740722656,64.47032165527344,Stop,Stepping
1753295902.0009625,20602.946049944,-1.1620588302612305,-41.46635055541992,64.47032165527344,1.1620588302612305,-41.46635055541992,64.47032165527344,-1.1620588302612305,-41.466346740722656,64.47032165527344,1.1620588302612305,-41.466346740722656,64.47032165527344,Stop,Stepping
1753295902.0109503,20602.955960881,-1.1620588302612305,-41.46635055541992,64.47032165527344,1.1620588302612305,-41.46635055541992,64.47032165527344,-1.1620588302612305,-41.466346740722656,64.47032165527344,1.1620588302612305,-41.466346740722656,64.47032165527344,Stop,Stepping
1753295902.020948,20602.96584043,-1.1620588302612305,-41.46635055541992,64.47032165527344,1.1620588302612305,-41.46635055541992,64.47032165527344,-1.1620588302612305,-41.466346740722656,64.47032165527344,1.1620588302612305,-41.466346740722656,64.47032165527344,Stop,Stepping
1753295902.0309443,20602.976242369,-1.1620588302612305,-41.46635055541992,64.47032165527344,1.1620588302612305,-41.46635055541992,64.47032165527344,-1.1620588302612305,-41.466346740722656,64.47032165527344,1.1620588302612305,-41.466346740722656,64.47032165527344,Stop,Stepping
1753295902.04096,20602.985960865,-1.1620588302612305,-41.46635055541992,64.47032165527344,1.1620588302612305,-41.46635055541992,64.47032165527344,-1.1620588302612305,-41.466346740722656,64.47032165527344,1.1620588302612305,-41.466346740722656,64.47032165527344,Stop,Stepping
1753295902.0509439,20602.995992702,-1.1620588302612305,-41.46635055541992,64.47032165527344,1.1620588302612305,-41.46635055541992,64.47032165527344,-1.1620588302612305,-41.466346740722656,64.47032165527344,1.1620588302612305,-41.466346740722656,64.47032165527344,Stop,Stepping
1753295902.0609555,20603.006178859,-1.1620588302612305,-41.46635055541992,64.47032165527344,1.1620588302612305,-41.46635055541992,64.47032165527344,-1.1620588302612305,-41.466346740722656,64.47032165527344,1.1620588302612305,-41.466346740722656,64.47032165527344,Stop,Stepping
1753295902.0709505,20603.015905322,-1.1620588302612305,-41.46635055541992,64.47032165527344,1.1620588302612305,-41.46635055541992,64.47032165527344,-1.1620588302612305,-41.466346740722656,64.47032165527344,1.1620588302612305,-41.466346740722656,64.47032165527344,Stop,Stepping
1753295902.0809586,20603.026325436,-1.1620588302612305,-41.46635055541992,64.47032165527344,1.1620588302612305,-41.46635055541992,64.47032165527344,-1.1620588302612305,-41.466346740722656,64.47032165527344,1.1620588302612305,-41.466346740722656,64.47032165527344,Stop,Stepping
1753295902.0909464,20603.036272002,-1.1620588302612305,-41.46635055541992,64.47032165527344,1.1620588302612305,-41.46635055541992,64.47032165527344,-1.1620588302612305,-41.466346740722656,64.47032165527344,1.1620588302612305,-41.466346740722656,64.47032165527344,Stop,Stepping
1753295902.10105,20603.046169068,-1.1620588302612305,-41.46635055541992,64.47032165527344,1.1620588302612305,-41.46635055541992,64.47032165527344,-1.1620588302612305,-41.466346740722656,64.47032165527344,1.1620588302612305,-41.466346740722656,64.47032165527344,Stop,Stepping
1753295902.1109593,20603.055882623,-1.1620588302612305,-41.46635055541992,64.47032165527344,1.1620588302612305,-41.46635055541992,64.47032165527344,-1.1620588302612305,-41.466346740722656,64.47032165527344,1.1620588302612305,-41.466346740722656,64.47032165527344,Stop,Stepping
1753295902.1209984,20603.066335132,-1.1620588302612305,-41.46635055541992,64.47032165527344,1.1620588302612305,-41.46635055541992,64.47032165527344,-1.1620588302612305,-41.466346740722656,64.47032165527344,1.1620588302612305,-41.466346740722656,64.47032165527344,Stop,Stepping
1753295902.1309738,20603.076629001,-1.1620588302612305,-41.46635055541992,64.47032165527344,1.1620588302612305,-41.46635055541992,64.47032165527344,-1.1620588302612305,-41.466346740722656,64.47032165527344,1.1620588302612305,-41.466346740722656,64.47032165527344,Stop,Stepping
1753295902.1409671,20603.086004231,-1.1620588302612305,-41.46635055541992,64.47032165527344,1.1620588302612305,-41.46635055541992,64.47032165527344,-1.1620588302612305,-41.466346740722656,64.47032165527344,1.1620588302612305,-41.466346740722656,64.47032165527344,Stop,Stepping
1753295902.150963,20603.096250674,-1.1620588302612305,-41.46635055541992,64.47032165527344,1.1620588302612305,-41.46635055541992,64.47032165527344,-1.1620588302612305,-41.466346740722656,64.47032165527344,1.1620588302612305,-41.466346740722656,64.47032165527344,Stop,Stepping
1753295902.160962,20603.105897357,-1.1620588302612305,-41.46635055541992,64.47032165527344,1.1620588302612305,-41.46635055541992,64.47032165527344,-1.1620588302612305,-41.466346740722656,64.47032165527344,1.1620588302612305,-41.466346740722656,64.47032165527344,Stop,Stepping
1753295902.1709454,20603.116010145,-1.1620588302612305,-41.46635055541992,64.47032165527344,1.1620588302612305,-41.46635055541992,64.47032165527344,-1.1620588302612305,-41.466346740722656,64.47032165527344,1.1620588302612305,-41.466346740722656,64.47032165527344,Stop,Stepping
1753295902.180967,20603.126339757,-1.1620588302612305,-41.46635055541992,64.47032165527344,1.1620588302612305,-41.46635055541992,64.47032165527344,-1.1620588302612305,-41.466346740722656,64.47032165527344,1.1620588302612305,-41.466346740722656,64.47032165527344,Stop,Stepping
1753295902.1909492,20603.136222379,-1.1620588302612305,-41.46635055541992,64.47032165527344,1.1620588302612305,-41.46635055541992,64.47032165527344,-1.1620588302612305,-41.466346740722656,64.47032165527344,1.1620588302612305,-41.466346740722656,64.47032165527344,Stop,Stepping
1753295902.2009768,20603.145927035,-1.1620588302612305,-41.46635055541992,64.47032165527344,1.1620588302612305,-41.46635055541992,64.47032165527344,-1.1620588302612305,-41.466346740722656,64.47032165527344,1.1620588302612305,-41.466346740722656,64.47032165527344,Stop,Stepping
1753295902.2109394,20603.155998707,-1.1620588302612305,-41.46635055541992,64.47032165527344,1.1620588302612305,-41.46635055541992,64.47032165527344,-1.1620588302612305,-41.466346740722656,64.47032165527344,1.1620588302612305,-41.466346740722656,64.47032165527344,Stop,Stepping
1753295902.2209775,20603.16593441,-1.1620588302612305,-41.46635055541992,64.47032165527344,1.1620588302612305,-41.46635055541992,64.47032165527344,-1.1620588302612305,-41.466346740722656,64.47032165527344,1.1620588302612305,-41.466346740722656,64.47032165527344,Stop,Stepping
1753295902.2309313,20603.176337793,-1.1620588302612305,-41.46635055541992,64.47032165527344,1.1620588302612305,-41.46635055541992,64.47032165527344,-1.1620588302612305,-41.466346740722656,64.47032165527344,1.1620588302612305,-41.466346740722656,64.47032165527344,Stop,Stepping
1753295902.240958,20603.186304713,-1.1620588302612305,-41.46635055541992,64.47032165527344,1.1620588302612305,-41.46635055541992,64.47032165527344,-1.1620588302612305,-41.466346740722656,64.47032165527344,1.1620588302612305,-41.466346740722656,64.47032165527344,Stop,Stepping
1753295902.2509353,20603.195964129,-1.1620588302612305,-41.46635055541992,64.47032165527344,1.1620588302612305,-41.46635055541992,64.47032165527344,-1.1620588302612305,-41.466346740722656,64.47032165527344,1.1620588302612305,-41.466346740722656,64.47032165527344,Stop,Stepping
1753295902.260965,20603.205896411,-1.1620588302612305,-41.46635055541992,64.47032165527344,1.1620588302612305,-41.46635055541992,64.47032165527344,-1.1620588302612305,-41.466346740722656,64.47032165527344,1.1620588302612305,-41.466346740722656,64.47032165527344,Stop,Stepping
1753295902.2709491,20603.216247184,-1.1620588302612305,-41.46635055541992,64.47032165527344,1.1620588302612305,-41.46635055541992,64.47032165527344,-1.1620588302612305,-41.466346740722656,64.47032165527344,1.1620588302612305,-41.466346740722656,64.47032165527344,Stop,Stepping
1753295902.2809696,20603.226079324,-1.1620588302612305,-41.46635055541992,64.47032165527344,1.1620588302612305,-41.46635055541992,64.47032165527344,-1.1620588302612305,-41.466346740722656,64.47032165527344,1.1620588302612305,-41.466346740722656,64.47032165527344,Stop,Stepping
1753295902.2909918,20603.235976341,-1.1620588302612305,-41.46635055541992,64.47032165527344,1.1620588302612305,-41.46635055541992,64.47032165527344,-1.1620588302612305,-41.466346740722656,64.47032165527344,1.1620588302612305,-41.466346740722656,64.47032165527344,Stop,Stepping
1753295902.3010027,20603.246047583,-1.1620588302612305,-41.46635055541992,64.47032165527344,1.1620588302612305,-41.46635055541992,64.47032165527344,-1.1620588302612305,-41.466346740722656,64.47032165527344,1.1620588302612305,-41.466346740722656,64.47032165527344,Stop,Stepping
1753295902.3109698,20603.256145418,-1.1620588302612305,-41.46635055541992,64.47032165527344,1.1620588302612305,-41.46635055541992,64.47032165527344,-1.1620588302612305,-41.466346740722656,64.47032165527344,1.1620588302612305,-41.466346740722656,64.47032165527344,Stop,Stepping
1753295902.3209639,20603.265930821,-1.1620588302612305,-41.46635055541992,64.47032165527344,1.1620588302612305,-41.46635055541992,64.47032165527344,-1.1620588302612305,-41.466346740722656,64.47032165527344,1.1620588302612305,-41.466346740722656,64.47032165527344,Stop,Stepping
1753295902.3309555,20603.275890177,-1.1620588302612305,-41.46635055541992,64.47032165527344,1.1620588302612305,-41.46635055541992,64.47032165527344,-1.1620588302612305,-41.466346740722656,64.47032165527344,1.1620588302612305,-41.466346740722656,64.47032165527344,Stop,Stepping
1753295902.3409505,20603.285950361,-1.1620588302612305,-41.46635055541992,64.47032165527344,1.1620588302612305,-41.46635055541992,64.47032165527344,-1.1620588302612305,-41.466346740722656,64.47032165527344,1.1620588302612305,-41.466346740722656,64.47032165527344,Stop,Stepping
1753295902.3509498,20603.295972178,-1.1620588302612305,-41.46635055541992,64.47032165527344,1.1620588302612305,-41.46635055541992,64.47032165527344,-1.1620588302612305,-41.466346740722656,64.47032165527344,1.1620588302612305,-41.466346740722656,64.47032165527344,Stop,Stepping
1753295902.3609598,20603.305847339,-1.1620588302612305,-41.46635055541992,64.47032165527344,1.1620588302612305,-41.46635055541992,64.47032165527344,-1.1620588302612305,-41.466346740722656,64.47032165527344,1.1620588302612305,-41.466346740722656,64.47032165527344,Stop,Stepping
1753295902.370936,20603.315842818,-1.1620588302612305,-41.46635055541992,64.47032165527344,1.1620588302612305,-41.46635055541992,64.47032165527344,-1.1620588302612305,-41.466346740722656,64.47032165527344,1.1620588302612305,-41.466346740722656,64.47032165527344,Stop,Stepping
1753295902.3809536,20603.326020419,-1.1620588302612305,-41.46635055541992,64.47032165527344,1.1620588302612305,-41.46635055541992,64.47032165527344,-1.1620588302612305,-41.466346740722656,64.47032165527344,1.1620588302612305,-41.466346740722656,64.47032165527344,Stop,Stepping
1753295902.3909447,20603.336504316,-1.1620588302612305,-41.46635055541992,64.47032165527344,1.1620588302612305,-41.46635055541992,64.47032165527344,-1.1620588302612305,-41.466346740722656,64.47032165527344,1.1620588302612305,-41.466346740722656,64.47032165527344,Stop,Stepping
1753295902.400956,20603.345911283,-1.1620588302612305,-41.46635055541992,64.47032165527344,1.1620588302612305,-41.46635055541992,64.47032165527344,-1.1620588302612305,-41.466346740722656,64.47032165527344,1.1620588302612305,-41.466346740722656,64.47032165527344,Stop,Stepping
1753295902.4109378,20603.355999782,-1.1620588302612305,-41.46635055541992,64.47032165527344,1.1620588302612305,-41.46635055541992,64.47032165527344,-1.1620588302612305,-41.466346740722656,64.47032165527344,1.1620588302612305,-41.466346740722656,64.47032165527344,Stop,Stepping
1753295902.4209626,20603.365887046,-1.1620588302612305,-41.46635055541992,64.47032165527344,1.1620588302612305,-41.46635055541992,64.47032165527344,-1.1620588302612305,-41.466346740722656,64.47032165527344,1.1620588302612305,-41.466346740722656,64.47032165527344,Stop,Stepping
1753295902.430947,20603.376131189,-1.1620588302612305,-41.46635055541992,64.47032165527344,1.1620588302612305,-41.46635055541992,64.47032165527344,-1.1620588302612305,-41.466346740722656,64.47032165527344,1.1620588302612305,-41.466346740722656,64.47032165527344,Stop,Stepping
1753295902.4409432,20603.385900208,-1.1620588302612305,-41.46635055541992,64.47032165527344,1.1620588302612305,-41.46635055541992,64.47032165527344,-1.1620588302612305,-41.466346740722656,64.47032165527344,1.1620588302612305,-41.466346740722656,64.47032165527344,Stop,Stepping
1753295902.450946,20603.395650776,-1.1620588302612305,-41.46635055541992,64.47032165527344,1.1620588302612305,-41.46635055541992,64.47032165527344,-1.1620588302612305,-41.466346740722656,64.47032165527344,1.1620588302612305,-41.466346740722656,64.47032165527344,Stop,Stepping
1753295902.460954,20603.405938037,-1.1620588302612305,-41.46635055541992,64.47032165527344,1.1620588302612305,-41.46635055541992,64.47032165527344,-1.1620588302612305,-41.466346740722656,64.47032165527344,1.1620588302612305,-41.466346740722656,64.47032165527344,Stop,Stepping
1753295902.470934,20603.415767814,-1.1620588302612305,-41.46635055541992,64.47032165527344,1.1620588302612305,-41.46635055541992,64.47032165527344,-1.1620588302612305,-41.466346740722656,64.47032165527344,1.1620588302612305,-41.466346740722656,64.47032165527344,Stop,Stepping
1753295902.4809916,20603.425882997,-1.1620588302612305,-41.46635055541992,64.47032165527344,1.1620588302612305,-41.46635055541992,64.47032165527344,-1.1620588302612305,-41.466346740722656,64.47032165527344,1.1620588302612305,-41.466346740722656,64.47032165527344,Stop,Stepping
1753295902.490944,20603.435953563,-1.1620588302612305,-41.46635055541992,64.47032165527344,1.1620588302612305,-41.46635055541992,64.47032165527344,-1.1620588302612305,-41.466346740722656,64.47032165527344,1.1620588302612305,-41.466346740722656,64.47032165527344,Stop,Stepping
1753295902.5009658,20603.445857817,-1.1620588302612305,-41.46635055541992,64.47032165527344,1.1620588302612305,-41.46635055541992,64.47032165527344,-1.1620588302612305,-41.466346740722656,64.47032165527344,1.1620588302612305,-41.466346740722656,64.47032165527344,Stop,Stepping
1753295902.5109475,20603.456010378,-1.1620588302612305,-41.46635055541992,64.47032165527344,1.1620588302612305,-41.46635055541992,64.47032165527344,-1.1620588302612305,-41.466346740722656,64.47032165527344,1.1620588302612305,-41.466346740722656,64.47032165527344,Stop,Stepping
1753295902.5209665,20603.465872871,-1.1620588302612305,-41.46635055541992,64.47032165527344,1.1620588302612305,-41.46635055541992,64.47032165527344,-1.1620588302612305,-41.466346740722656,64.47032165527344,1.1620588302612305,-41.466346740722656,64.47032165527344,Stop,Stepping
1753295902.530942,20603.475906965,-1.1620588302612305,-41.46635055541992,64.47032165527344,1.1620588302612305,-41.46635055541992,64.47032165527344,-1.1620588302612305,-41.466346740722656,64.47032165527344,1.1620588302612305,-41.466346740722656,64.47032165527344,Stop,Stepping
1753295902.5409808,20603.485928961,-1.1620588302612305,-41.46635055541992,64.47032165527344,1.1620588302612305,-41.46635055541992,64.47032165527344,-1.1620588302612305,-41.466346740722656,64.47032165527344,1.1620588302612305,-41.466346740722656,64.47032165527344,Stop,Stepping
1753295902.550945,20603.496212234,-1.1620588302612305,-41.46635055541992,64.47032165527344,1.1620588302612305,-41.46635055541992,64.47032165527344,-1.1620588302612305,-41.466346740722656,64.47032165527344,1.1620588302612305,-41.466346740722656,64.47032165527344,Stop,Stepping
1753295902.5609546,20603.50589195,-1.1620588302612305,-41.46635055541992,64.47032165527344,1.1620588302612305,-41.46635055541992,64.47032165527344,-1.1620588302612305,-41.466346740722656,64.47032165527344,1.1620588302612305,-41.466346740722656,64.47032165527344,Stop,Stepping
1753295902.570953,20603.515925444,-1.1620588302612305,-41.46635055541992,64.47032165527344,1.1620588302612305,-41.46635055541992,64.47032165527344,-1.1620588302612305,-41.466346740722656,64.47032165527344,1.1620588302612305,-41.466346740722656,64.47032165527344,Stop,Stepping
1753295902.5809464,20603.52598599,-1.1620588302612305,-41.46635055541992,64.47032165527344,1.1620588302612305,-41.46635055541992,64.47032165527344,-1.1620588302612305,-41.466346740722656,64.47032165527344,1.1620588302612305,-41.466346740722656,64.47032165527344,Stop,Stepping
1753295902.5909457,20603.535926383,-1.1620588302612305,-41.46635055541992,64.47032165527344,1.1620588302612305,-41.46635055541992,64.47032165527344,-1.1620588302612305,-41.466346740722656,64.47032165527344,1.1620588302612305,-41.466346740722656,64.47032165527344,Stop,Stepping
1753295902.6009905,20603.546228726,-1.1620588302612305,-41.46635055541992,64.47032165527344,1.1620588302612305,-41.46635055541992,64.47032165527344,-1.1620588302612305,-41.466346740722656,64.47032165527344,1.1620588302612305,-41.466346740722656,64.47032165527344,Stop,Stepping
1753295902.610941,20603.555952986,-1.1620588302612305,-41.46635055541992,64.47032165527344,1.1620588302612305,-41.46635055541992,64.47032165527344,-1.1620588302612305,-41.466346740722656,64.47032165527344,1.1620588302612305,-41.466346740722656,64.47032165527344,Stop,Stepping
1753295902.6209548,20603.565931132,-1.1620588302612305,-41.46635055541992,64.47032165527344,1.1620588302612305,-41.46635055541992,64.47032165527344,-1.1620588302612305,-41.466346740722656,64.47032165527344,1.1620588302612305,-41.466346740722656,64.47032165527344,Stop,Stepping
1753295902.6309524,20603.576163789,-1.1620588302612305,-41.46635055541992,64.47032165527344,1.1620588302612305,-41.46635055541992,64.47032165527344,-1.1620588302612305,-41.466346740722656,64.47032165527344,1.1620588302612305,-41.466346740722656,64.47032165527344,Stop,Stepping
1753295902.6409636,20603.58621341,-1.1620588302612305,-41.46635055541992,64.47032165527344,1.1620588302612305,-41.46635055541992,64.47032165527344,-1.1620588302612305,-41.466346740722656,64.47032165527344,1.1620588302612305,-41.466346740722656,64.47032165527344,Stop,Stepping
1753295902.6509361,20603.595881917,-1.1620588302612305,-41.46635055541992,64.47032165527344,1.1620588302612305,-41.46635055541992,64.47032165527344,-1.1620588302612305,-41.466346740722656,64.47032165527344,1.1620588302612305,-41.466346740722656,64.47032165527344,Stop,Stepping
1753295902.6609595,20603.605920067,-1.1620588302612305,-41.46635055541992,64.47032165527344,1.1620588302612305,-41.46635055541992,64.47032165527344,-1.1620588302612305,-41.466346740722656,64.47032165527344,1.1620588302612305,-41.466346740722656,64.47032165527344,Stop,Stepping
1753295902.6709576,20603.616169362,-1.1620588302612305,-41.46635055541992,64.47032165527344,1.1620588302612305,-41.46635055541992,64.47032165527344,-1.1620588302612305,-41.466346740722656,64.47032165527344,1.1620588302612305,-41.466346740722656,64.47032165527344,Stop,Stepping
1753295902.6811924,20603.626298868,-1.1620588302612305,-41.46635055541992,64.47032165527344,1.1620588302612305,-41.46635055541992,64.47032165527344,-1.1620588302612305,-41.466346740722656,64.47032165527344,1.1620588302612305,-41.466346740722656,64.47032165527344,Stop,Stepping
1753295902.6909902,20603.636256855,-1.1620588302612305,-41.46635055541992,64.47032165527344,1.1620588302612305,-41.46635055541992,64.47032165527344,-1.1620588302612305,-41.466346740722656,64.47032165527344,1.1620588302612305,-41.466346740722656,64.47032165527344,Stop,Stepping
1753295902.7010071,20603.646229221,-1.1620588302612305,-41.46635055541992,64.47032165527344,1.1620588302612305,-41.46635055541992,64.47032165527344,-1.1620588302612305,-41.466346740722656,64.47032165527344,1.1620588302612305,-41.466346740722656,64.47032165527344,Stop,Stepping
1753295902.7109308,20603.65583821,-1.1620588302612305,-41.46635055541992,64.47032165527344,1.1620588302612305,-41.46635055541992,64.47032165527344,-1.1620588302612305,-41.466346740722656,64.47032165527344,1.1620588302612305,-41.466346740722656,64.47032165527344,Stop,Stepping
1753295902.7210033,20603.665909093,-1.1620588302612305,-41.46635055541992,64.47032165527344,1.1620588302612305,-41.46635055541992,64.47032165527344,-1.1620588302612305,-41.466346740722656,64.47032165527344,1.1620588302612305,-41.466346740722656,64.47032165527344,Stop,Stepping
1753295902.7309718,20603.675933255,-1.1620588302612305,-41.46635055541992,64.47032165527344,1.1620588302612305,-41.46635055541992,64.47032165527344,-1.1620588302612305,-41.466346740722656,64.47032165527344,1.1620588302612305,-41.466346740722656,64.47032165527344,Stop,Stepping
1753295902.7410188,20603.685997397,-1.1620588302612305,-41.46635055541992,64.47032165527344,1.1620588302612305,-41.46635055541992,64.47032165527344,-1.1620588302612305,-41.466346740722656,64.47032165527344,1.1620588302612305,-41.466346740722656,64.47032165527344,Stop,Stepping
1753295902.7509701,20603.69623297,-1.1620588302612305,-41.46635055541992,64.47032165527344,1.1620588302612305,-41.46635055541992,64.47032165527344,-1.1620588302612305,-41.466346740722656,64.47032165527344,1.1620588302612305,-41.466346740722656,64.47032165527344,Stop,Stepping
1753295902.761,20603.705949596,-1.1620588302612305,-41.46635055541992,64.47032165527344,1.1620588302612305,-41.46635055541992,64.47032165527344,-1.1620588302612305,-41.466346740722656,64.47032165527344,1.1620588302612305,-41.466346740722656,64.47032165527344,Stop,Stepping
1753295902.7709613,20603.71620255,-1.1620588302612305,-41.46635055541992,64.47032165527344,1.1620588302612305,-41.46635055541992,64.47032165527344,-1.1620588302612305,-41.466346740722656,64.47032165527344,1.1620588302612305,-41.466346740722656,64.47032165527344,Stop,Stepping
1753295902.7810168,20603.725999521,-1.1620588302612305,-41.46635055541992,64.47032165527344,1.1620588302612305,-41.46635055541992,64.47032165527344,-1.1620588302612305,-41.466346740722656,64.47032165527344,1.1620588302612305,-41.466346740722656,64.47032165527344,Stop,Stepping
1753295902.7909627,20603.735907709,-1.1620588302612305,-41.46635055541992,64.47032165527344,1.1620588302612305,-41.46635055541992,64.47032165527344,-1.1620588302612305,-41.466346740722656,64.47032165527344,1.1620588302612305,-41.466346740722656,64.47032165527344,Stop,Stepping
1753295902.8009775,20603.746188875,-1.1620588302612305,-41.46635055541992,64.47032165527344,1.1620588302612305,-41.46635055541992,64.47032165527344,-1.1620588302612305,-41.466346740722656,64.47032165527344,1.1620588302612305,-41.466346740722656,64.47032165527344,Stop,Stepping
1753295902.810967,20603.756304178,-1.1620588302612305,-41.46635055541992,64.47032165527344,1.1620588302612305,-41.46635055541992,64.47032165527344,-1.1620588302612305,-41.466346740722656,64.47032165527344,1.1620588302612305,-41.466346740722656,64.47032165527344,Stop,Stepping
1753295902.8209915,20603.765897023,-1.1620588302612305,-41.46635055541992,64.47032165527344,1.1620588302612305,-41.46635055541992,64.47032165527344,-1.1620588302612305,-41.466346740722656,64.47032165527344,1.1620588302612305,-41.466346740722656,64.47032165527344,Stop,Stepping
1753295902.830957,20603.775940296,-1.1620588302612305,-41.46635055541992,64.47032165527344,1.1620588302612305,-41.46635055541992,64.47032165527344,-1.1620588302612305,-41.466346740722656,64.47032165527344,1.1620588302612305,-41.466346740722656,64.47032165527344,Stop,Stepping
1753295902.840989,20603.786264117,-1.1620588302612305,-41.46635055541992,64.47032165527344,1.1620588302612305,-41.46635055541992,64.47032165527344,-1.1620588302612305,-41.466346740722656,64.47032165527344,1.1620588302612305,-41.466346740722656,64.47032165527344,Stop,Stepping
1753295902.8509681,20603.796063577,-1.1620588302612305,-41.46635055541992,64.47032165527344,1.1620588302612305,-41.46635055541992,64.47032165527344,-1.1620588302612305,-41.466346740722656,64.47032165527344,1.1620588302612305,-41.466346740722656,64.47032165527344,Stop,Stepping
1753295902.860964,20603.805930793,-1.1620588302612305,-41.46635055541992,64.47032165527344,1.1620588302612305,-41.46635055541992,64.47032165527344,-1.1620588302612305,-41.466346740722656,64.47032165527344,1.1620588302612305,-41.466346740722656,64.47032165527344,Stop,Stepping
1753295902.870985,20603.816176224,-1.1620588302612305,-41.46635055541992,64.47032165527344,1.1620588302612305,-41.46635055541992,64.47032165527344,-1.1620588302612305,-41.466346740722656,64.47032165527344,1.1620588302612305,-41.466346740722656,64.47032165527344,Stop,Stepping
1753295902.8809855,20603.825872052,-1.1620588302612305,-41.46635055541992,64.47032165527344,1.1620588302612305,-41.46635055541992,64.47032165527344,-1.1620588302612305,-41.466346740722656,64.47032165527344,1.1620588302612305,-41.466346740722656,64.47032165527344,Stop,Stepping
1753295902.890964,20603.835939673,-1.1620588302612305,-41.46635055541992,64.47032165527344,1.1620588302612305,-41.46635055541992,64.47032165527344,-1.1620588302612305,-41.466346740722656,64.47032165527344,1.1620588302612305,-41.466346740722656,64.47032165527344,Stop,Stepping
1753295902.9009898,20603.84593012,-1.1620588302612305,-41.46635055541992,64.47032165527344,1.1620588302612305,-41.46635055541992,64.47032165527344,-1.1620588302612305,-41.466346740722656,64.47032165527344,1.1620588302612305,-41.466346740722656,64.47032165527344,Stop,Stepping
1753295902.910989,20603.855853095,-1.1620588302612305,-41.46635055541992,64.47032165527344,1.1620588302612305,-41.46635055541992,64.47032165527344,-1.1620588302612305,-41.466346740722656,64.47032165527344,1.1620588302612305,-41.466346740722656,64.47032165527344,Stop,Stepping
1753295902.9209886,20603.865989035,-1.1620588302612305,-41.46635055541992,64.47032165527344,1.1620588302612305,-41.46635055541992,64.47032165527344,-1.1620588302612305,-41.466346740722656,64.47032165527344,1.1620588302612305,-41.466346740722656,64.47032165527344,Stop,Stepping
1753295902.930997,20603.876269893,-1.1620588302612305,-41.46635055541992,64.47032165527344,1.1620588302612305,-41.46635055541992,64.47032165527344,-1.1620588302612305,-41.466346740722656,64.47032165527344,1.1620588302612305,-41.466346740722656,64.47032165527344,Stop,Stepping
1753295902.9410095,20603.886047341,-1.1620588302612305,-41.46635055541992,64.47032165527344,1.1620588302612305,-41.46635055541992,64.47032165527344,-1.1620588302612305,-41.466346740722656,64.47032165527344,1.1620588302612305,-41.466346740722656,64.47032165527344,Stop,Stepping
1753295902.951021,20603.896016107,-1.1620588302612305,-41.46635055541992,64.47032165527344,1.1620588302612305,-41.46635055541992,64.47032165527344,-1.1620588302612305,-41.466346740722656,64.47032165527344,1.1620588302612305,-41.466346740722656,64.47032165527344,Stop,Stepping
1753295902.9609938,20603.905933382,-1.1620588302612305,-41.46635055541992,64.47032165527344,1.1620588302612305,-41.46635055541992,64.47032165527344,-1.1620588302612305,-41.466346740722656,64.47032165527344,1.1620588302612305,-41.466346740722656,64.47032165527344,Stop,Stepping
1753295902.9709964,20603.915923915,-1.1620588302612305,-41.46635055541992,64.47032165527344,1.1620588302612305,-41.46635055541992,64.47032165527344,-1.1620588302612305,-41.466346740722656,64.47032165527344,1.1620588302612305,-41.466346740722656,64.47032165527344,Stop,Stepping
1753295902.9809492,20603.926020731,-1.1620588302612305,-41.46635055541992,64.47032165527344,1.1620588302612305,-41.46635055541992,64.47032165527344,-1.1620588302612305,-41.466346740722656,64.47032165527344,1.1620588302612305,-41.466346740722656,64.47032165527344,Stop,Stepping
1753295902.9909418,20603.935975803,-1.1620588302612305,-41.46635055541992,64.47032165527344,1.1620588302612305,-41.46635055541992,64.47032165527344,-1.1620588302612305,-41.466346740722656,64.47032165527344,1.1620588302612305,-41.466346740722656,64.47032165527344,Stop,Stepping
1753295903.0009825,20603.945892612,-1.1620588302612305,-41.46635055541992,64.47032165527344,1.1620588302612305,-41.46635055541992,64.47032165527344,-1.1620588302612305,-41.466346740722656,64.47032165527344,1.1620588302612305,-41.466346740722656,64.47032165527344,Stop,Stepping
1753295903.0109384,20603.956178186,-1.1620588302612305,-41.46635055541992,64.47032165527344,1.1620588302612305,-41.46635055541992,64.47032165527344,-1.1620588302612305,-41.466346740722656,64.47032165527344,1.1620588302612305,-41.466346740722656,64.47032165527344,Stop,Stepping
1753295903.0209892,20603.965905623,-1.1620588302612305,-41.46635055541992,64.47032165527344,1.1620588302612305,-41.46635055541992,64.47032165527344,-1.1620588302612305,-41.466346740722656,64.47032165527344,1.1620588302612305,-41.466346740722656,64.47032165527344,Stop,Stepping
1753295903.030969,20603.975954437,-1.1620588302612305,-41.46635055541992,64.47032165527344,1.1620588302612305,-41.46635055541992,64.47032165527344,-1.1620588302612305,-41.466346740722656,64.47032165527344,1.1620588302612305,-41.466346740722656,64.47032165527344,Stop,Stepping
1753295903.0409849,20603.986160578,-1.1620588302612305,-41.46635055541992,64.47032165527344,1.1620588302612305,-41.46635055541992,64.47032165527344,-1.1620588302612305,-41.466346740722656,64.47032165527344,1.1620588302612305,-41.466346740722656,64.47032165527344,Stop,Stepping
1753295903.0509646,20603.996280648,-1.1620588302612305,-41.46635055541992,64.47032165527344,1.1620588302612305,-41.46635055541992,64.47032165527344,-1.1620588302612305,-41.466346740722656,64.47032165527344,1.1620588302612305,-41.466346740722656,64.47032165527344,Stop,Stepping
1753295903.0609803,20604.005941807,-1.1620588302612305,-41.46635055541992,64.47032165527344,1.1620588302612305,-41.46635055541992,64.47032165527344,-1.1620588302612305,-41.466346740722656,64.47032165527344,1.1620588302612305,-41.466346740722656,64.47032165527344,Stop,Stepping
1753295903.0709643,20604.015848711,-1.1620588302612305,-41.46635055541992,64.47032165527344,1.1620588302612305,-41.46635055541992,64.47032165527344,-1.1620588302612305,-41.466346740722656,64.47032165527344,1.1620588302612305,-41.466346740722656,64.47032165527344,Stop,Stepping
1753295903.080956,20604.026280907,-1.1620588302612305,-41.46635055541992,64.47032165527344,1.1620588302612305,-41.46635055541992,64.47032165527344,-1.1620588302612305,-41.466346740722656,64.47032165527344,1.1620588302612305,-41.466346740722656,64.47032165527344,Stop,Stepping
1753295903.0909586,20604.035896194,-1.1620588302612305,-41.46635055541992,64.47032165527344,1.1620588302612305,-41.46635055541992,64.47032165527344,-1.1620588302612305,-41.466346740722656,64.47032165527344,1.1620588302612305,-41.466346740722656,64.47032165527344,Stop,Stepping
1753295903.10098,20604.045979955,-1.1620588302612305,-41.46635055541992,64.47032165527344,1.1620588302612305,-41.46635055541992,64.47032165527344,-1.1620588302612305,-41.466346740722656,64.47032165527344,1.1620588302612305,-41.466346740722656,64.47032165527344,Stop,Stepping
1753295903.1109662,20604.055875426,-1.1620588302612305,-41.46635055541992,64.47032165527344,1.1620588302612305,-41.46635055541992,64.47032165527344,-1.1620588302612305,-41.466346740722656,64.47032165527344,1.1620588302612305,-41.466346740722656,64.47032165527344,Stop,Stepping
1753295903.120967,20604.066228019,-1.1620588302612305,-41.46635055541992,64.47032165527344,1.1620588302612305,-41.46635055541992,64.47032165527344,-1.1620588302612305,-41.466346740722656,64.47032165527344,1.1620588302612305,-41.466346740722656,64.47032165527344,Stop,Stepping
1753295903.1309505,20604.07596285,-1.1620588302612305,-41.46635055541992,64.47032165527344,1.1620588302612305,-41.46635055541992,64.47032165527344,-1.1620588302612305,-41.466346740722656,64.47032165527344,1.1620588302612305,-41.466346740722656,64.47032165527344,Stop,Stepping
1753295903.1409667,20604.085917329,-1.1620588302612305,-41.46635055541992,64.47032165527344,1.1620588302612305,-41.46635055541992,64.47032165527344,-1.1620588302612305,-41.466346740722656,64.47032165527344,1.1620588302612305,-41.466346740722656,64.47032165527344,Stop,Stepping
1753295903.15096,20604.096302756,-1.1620588302612305,-41.46635055541992,64.47032165527344,1.1620588302612305,-41.46635055541992,64.47032165527344,-1.1620588302612305,-41.466346740722656,64.47032165527344,1.1620588302612305,-41.466346740722656,64.47032165527344,Stop,Stepping
1753295903.1609602,20604.105845997,-1.1620588302612305,-41.46635055541992,64.47032165527344,1.1620588302612305,-41.46635055541992,64.47032165527344,-1.1620588302612305,-41.466346740722656,64.47032165527344,1.1620588302612305,-41.466346740722656,64.47032165527344,Stop,Stepping
1753295903.171022,20604.115695574,-1.1620588302612305,-41.46635055541992,64.47032165527344,1.1620588302612305,-41.46635055541992,64.47032165527344,-1.1620588302612305,-41.466346740722656,64.47032165527344,1.1620588302612305,-41.466346740722656,64.47032165527344,Stop,Stepping
1753295903.1809676,20604.125902329,-1.1620588302612305,-41.46635055541992,64.47032165527344,1.1620588302612305,-41.46635055541992,64.47032165527344,-1.1620588302612305,-41.466346740722656,64.47032165527344,1.1620588302612305,-41.466346740722656,64.47032165527344,Stop,Stepping
1753295903.1909633,20604.135962347,-1.1620588302612305,-41.46635055541992,64.47032165527344,1.1620588302612305,-41.46635055541992,64.47032165527344,-1.1620588302612305,-41.466346740722656,64.47032165527344,1.1620588302612305,-41.466346740722656,64.47032165527344,Stop,Stepping
1753295903.200964,20604.146269699,-1.1620588302612305,-41.46635055541992,64.47032165527344,1.1620588302612305,-41.46635055541992,64.47032165527344,-1.1620588302612305,-41.466346740722656,64.47032165527344,1.1620588302612305,-41.466346740722656,64.47032165527344,Stop,Stepping
1753295903.210953,20604.156121394,-1.1620588302612305,-41.46635055541992,64.47032165527344,1.1620588302612305,-41.46635055541992,64.47032165527344,-1.1620588302612305,-41.466346740722656,64.47032165527344,1.1620588302612305,-41.466346740722656,64.47032165527344,Stop,Stepping
1753295903.2209632,20604.16593348,-1.1620588302612305,-41.46635055541992,64.47032165527344,1.1620588302612305,-41.46635055541992,64.47032165527344,-1.1620588302612305,-41.466346740722656,64.47032165527344,1.1620588302612305,-41.466346740722656,64.47032165527344,Stop,Stepping
1753295903.2309597,20604.175884521,-1.1620588302612305,-41.46635055541992,64.47032165527344,1.1620588302612305,-41.46635055541992,64.47032165527344,-1.1620588302612305,-41.466346740722656,64.47032165527344,1.1620588302612305,-41.466346740722656,64.47032165527344,Stop,Stepping
1753295903.2409604,20604.18619385,-1.1620588302612305,-41.46635055541992,64.47032165527344,1.1620588302612305,-41.46635055541992,64.47032165527344,-1.1620588302612305,-41.466346740722656,64.47032165527344,1.1620588302612305,-41.466346740722656,64.47032165527344,Stop,Stepping
1753295903.2509558,20604.195880457,-1.1620588302612305,-41.46635055541992,64.47032165527344,1.1620588302612305,-41.46635055541992,64.47032165527344,-1.1620588302612305,-41.466346740722656,64.47032165527344,1.1620588302612305,-41.466346740722656,64.47032165527344,Stop,Stepping
1753295903.2609642,20604.205995702,-1.1620588302612305,-41.46635055541992,64.47032165527344,1.1620588302612305,-41.46635055541992,64.47032165527344,-1.1620588302612305,-41.466346740722656,64.47032165527344,1.1620588302612305,-41.466346740722656,64.47032165527344,Stop,Stepping
1753295903.2709608,20604.215869697,-1.1620588302612305,-41.46635055541992,64.47032165527344,1.1620588302612305,-41.46635055541992,64.47032165527344,-1.1620588302612305,-41.466346740722656,64.47032165527344,1.1620588302612305,-41.466346740722656,64.47032165527344,Stop,Stepping
1753295903.2809687,20604.225937495,-1.1620588302612305,-41.46635055541992,64.47032165527344,1.1620588302612305,-41.46635055541992,64.47032165527344,-1.1620588302612305,-41.466346740722656,64.47032165527344,1.1620588302612305,-41.466346740722656,64.47032165527344,Stop,Stepping
1753295903.2909582,20604.236174819,-1.1620588302612305,-41.46635055541992,64.47032165527344,1.1620588302612305,-41.46635055541992,64.47032165527344,-1.1620588302612305,-41.466346740722656,64.47032165527344,1.1620588302612305,-41.466346740722656,64.47032165527344,Stop,Stepping
1753295903.300994,20604.245928729,-1.1620588302612305,-41.46635055541992,64.47032165527344,1.1620588302612305,-41.46635055541992,64.47032165527344,-1.1620588302612305,-41.466346740722656,64.47032165527344,1.1620588302612305,-41.466346740722656,64.47032165527344,Stop,Stepping
1753295903.310965,20604.256167082,-1.1620588302612305,-41.46635055541992,64.47032165527344,1.1620588302612305,-41.46635055541992,64.47032165527344,-1.1620588302612305,-41.466346740722656,64.47032165527344,1.1620588302612305,-41.466346740722656,64.47032165527344,Stop,Stepping
1753295903.3209763,20604.266190101,-1.1620588302612305,-41.46635055541992,64.47032165527344,1.1620588302612305,-41.46635055541992,64.47032165527344,-1.1620588302612305,-41.466346740722656,64.47032165527344,1.1620588302612305,-41.466346740722656,64.47032165527344,Stop,Stepping
1753295903.3309608,20604.275981489,-1.1620588302612305,-41.46635055541992,64.47032165527344,1.1620588302612305,-41.46635055541992,64.47032165527344,-1.1620588302612305,-41.466346740722656,64.47032165527344,1.1620588302612305,-41.466346740722656,64.47032165527344,Stop,Stepping
1753295903.340968,20604.285888743,-1.1620588302612305,-41.46635055541992,64.47032165527344,1.1620588302612305,-41.46635055541992,64.47032165527344,-1.1620588302612305,-41.466346740722656,64.47032165527344,1.1620588302612305,-41.466346740722656,64.47032165527344,Stop,Stepping
1753295903.3509746,20604.296344151,-1.1620588302612305,-41.46635055541992,64.47032165527344,1.1620588302612305,-41.46635055541992,64.47032165527344,-1.1620588302612305,-41.466346740722656,64.47032165527344,1.1620588302612305,-41.466346740722656,64.47032165527344,Stop,Stepping
1753295903.3609529,20604.306165881,-1.1620588302612305,-41.46635055541992,64.47032165527344,1.1620588302612305,-41.46635055541992,64.47032165527344,-1.1620588302612305,-41.466346740722656,64.47032165527344,1.1620588302612305,-41.466346740722656,64.47032165527344,Stop,Stepping
1753295903.3709507,20604.31592303,-1.1620588302612305,-41.46635055541992,64.47032165527344,1.1620588302612305,-41.46635055541992,64.47032165527344,-1.1620588302612305,-41.466346740722656,64.47032165527344,1.1620588302612305,-41.466346740722656,64.47032165527344,Stop,Stepping
1753295903.3809416,20604.325948544,-1.1620588302612305,-41.46635055541992,64.47032165527344,1.1620588302612305,-41.46635055541992,64.47032165527344,-1.1620588302612305,-41.466346740722656,64.47032165527344,1.1620588302612305,-41.466346740722656,64.47032165527344,Stop,Stepping
1753295903.3909483,20604.336319414,-1.1620588302612305,-41.46635055541992,64.47032165527344,1.1620588302612305,-41.46635055541992,64.47032165527344,-1.1620588302612305,-41.466346740722656,64.47032165527344,1.1620588302612305,-41.466346740722656,64.47032165527344,Stop,Stepping
1753295903.400947,20604.346071303,-1.1620588302612305,-41.46635055541992,64.47032165527344,1.1620588302612305,-41.46635055541992,64.47032165527344,-1.1620588302612305,-41.466346740722656,64.47032165527344,1.1620588302612305,-41.466346740722656,64.47032165527344,Stop,Stepping
1753295903.4109569,20604.356536581,-1.1620588302612305,-41.46635055541992,64.47032165527344,1.1620588302612305,-41.46635055541992,64.47032165527344,-1.1620588302612305,-41.466346740722656,64.47032165527344,1.1620588302612305,-41.466346740722656,64.47032165527344,Stop,Stepping
1753295903.4209425,20604.365958716,-1.1620588302612305,-41.46635055541992,64.47032165527344,1.1620588302612305,-41.46635055541992,64.47032165527344,-1.1620588302612305,-41.466346740722656,64.47032165527344,1.1620588302612305,-41.466346740722656,64.47032165527344,Stop,Stepping
1753295903.4309368,20604.375808412,-1.1620588302612305,-41.46635055541992,64.47032165527344,1.1620588302612305,-41.46635055541992,64.47032165527344,-1.1620588302612305,-41.466346740722656,64.47032165527344,1.1620588302612305,-41.466346740722656,64.47032165527344,Stop,Stepping
1753295903.440973,20604.385958006,-1.1620588302612305,-41.46635055541992,64.47032165527344,1.1620588302612305,-41.46635055541992,64.47032165527344,-1.1620588302612305,-41.466346740722656,64.47032165527344,1.1620588302612305,-41.466346740722656,64.47032165527344,Stop,Stepping
1753295903.4509957,20604.395996726,-1.1620588302612305,-41.46635055541992,64.47032165527344,1.1620588302612305,-41.46635055541992,64.47032165527344,-1.1620588302612305,-41.466346740722656,64.47032165527344,1.1620588302612305,-41.466346740722656,64.47032165527344,Stop,Stepping
1753295903.4610016,20604.406006607,-1.1620588302612305,-41.46635055541992,64.47032165527344,1.1620588302612305,-41.46635055541992,64.47032165527344,-1.1620588302612305,-41.466346740722656,64.47032165527344,1.1620588302612305,-41.466346740722656,64.47032165527344,Stop,Stepping
1753295903.4709427,20604.415970054,-1.1620588302612305,-41.46635055541992,64.47032165527344,1.1620588302612305,-41.46635055541992,64.47032165527344,-1.1620588302612305,-41.466346740722656,64.47032165527344,1.1620588302612305,-41.466346740722656,64.47032165527344,Stop,Stepping
1753295903.480945,20604.426014554,-1.1620588302612305,-41.46635055541992,64.47032165527344,1.1620588302612305,-41.46635055541992,64.47032165527344,-1.1620588302612305,-41.466346740722656,64.47032165527344,1.1620588302612305,-41.466346740722656,64.47032165527344,Stop,Stepping
1753295903.4909487,20604.435888047,-1.1620588302612305,-41.46635055541992,64.47032165527344,1.1620588302612305,-41.46635055541992,64.47032165527344,-1.1620588302612305,-41.466346740722656,64.47032165527344,1.1620588302612305,-41.466346740722656,64.47032165527344,Stop,Stepping
1753295903.5009751,20604.44563777,-1.1620588302612305,-41.46635055541992,64.47032165527344,1.1620588302612305,-41.46635055541992,64.47032165527344,-1.1620588302612305,-41.466346740722656,64.47032165527344,1.1620588302612305,-41.466346740722656,64.47032165527344,Stop,Stepping
1753295903.5109744,20604.455979078,-1.1620588302612305,-41.46635055541992,64.47032165527344,1.1620588302612305,-41.46635055541992,64.47032165527344,-1.1620588302612305,-41.466346740722656,64.47032165527344,1.1620588302612305,-41.466346740722656,64.47032165527344,Stop,Stepping
1753295903.5209517,20604.466138582,-1.1620588302612305,-41.46635055541992,64.47032165527344,1.1620588302612305,-41.46635055541992,64.47032165527344,-1.1620588302612305,-41.466346740722656,64.47032165527344,1.1620588302612305,-41.466346740722656,64.47032165527344,Stop,Stepping
1753295903.530948,20604.475991429,-1.1620588302612305,-41.46635055541992,64.47032165527344,1.1620588302612305,-41.46635055541992,64.47032165527344,-1.1620588302612305,-41.466346740722656,64.47032165527344,1.1620588302612305,-41.466346740722656,64.47032165527344,Stop,Stepping
1753295903.5410018,20604.485921701,-1.1620588302612305,-41.46635055541992,64.47032165527344,1.1620588302612305,-41.46635055541992,64.47032165527344,-1.1620588302612305,-41.466346740722656,64.47032165527344,1.1620588302612305,-41.466346740722656,64.47032165527344,Stop,Stepping
1753295903.5509644,20604.496185098,-1.1620588302612305,-41.46635055541992,64.47032165527344,1.1620588302612305,-41.46635055541992,64.47032165527344,-1.1620588302612305,-41.466346740722656,64.47032165527344,1.1620588302612305,-41.466346740722656,64.47032165527344,Stop,Stepping
1753295903.560981,20604.505843413,-1.1620588302612305,-41.46635055541992,64.47032165527344,1.1620588302612305,-41.46635055541992,64.47032165527344,-1.1620588302612305,-41.466346740722656,64.47032165527344,1.1620588302612305,-41.466346740722656,64.47032165527344,Stop,Stepping
1753295903.5710158,20604.51601498,-1.1620588302612305,-41.46635055541992,64.47032165527344,1.1620588302612305,-41.46635055541992,64.47032165527344,-1.1620588302612305,-41.466346740722656,64.47032165527344,1.1620588302612305,-41.466346740722656,64.47032165527344,Stop,Stepping
1753295903.5809724,20604.525994558,-1.1620588302612305,-41.46635055541992,64.47032165527344,1.1620588302612305,-41.46635055541992,64.47032165527344,-1.1620588302612305,-41.466346740722656,64.47032165527344,1.1620588302612305,-41.466346740722656,64.47032165527344,Stop,Stepping
1753295903.5909913,20604.535992747,-1.1620588302612305,-41.46635055541992,64.47032165527344,1.1620588302612305,-41.46635055541992,64.47032165527344,-1.1620588302612305,-41.466346740722656,64.47032165527344,1.1620588302612305,-41.466346740722656,64.47032165527344,Stop,Stepping
1753295903.6010196,20604.545989954,-1.1620588302612305,-41.46635055541992,64.47032165527344,1.1620588302612305,-41.46635055541992,64.47032165527344,-1.1620588302612305,-41.466346740722656,64.47032165527344,1.1620588302612305,-41.466346740722656,64.47032165527344,Stop,Stepping
1753295903.610966,20604.556154394,-1.1620588302612305,-41.46635055541992,64.47032165527344,1.1620588302612305,-41.46635055541992,64.47032165527344,-1.1620588302612305,-41.466346740722656,64.47032165527344,1.1620588302612305,-41.466346740722656,64.47032165527344,Stop,Stepping
1753295903.6209803,20604.566391915,-1.1620588302612305,-41.46635055541992,64.47032165527344,1.1620588302612305,-41.46635055541992,64.47032165527344,-1.1620588302612305,-41.466346740722656,64.47032165527344,1.1620588302612305,-41.466346740722656,64.47032165527344,Stop,Stepping
1753295903.6309984,20604.576004443,-1.1620588302612305,-41.46635055541992,64.47032165527344,1.1620588302612305,-41.46635055541992,64.47032165527344,-1.1620588302612305,-41.466346740722656,64.47032165527344,1.1620588302612305,-41.466346740722656,64.47032165527344,Stop,Stepping
1753295903.6409633,20604.585874391,-1.1620588302612305,-41.46635055541992,64.47032165527344,1.1620588302612305,-41.46635055541992,64.47032165527344,-1.1620588302612305,-41.466346740722656,64.47032165527344,1.1620588302612305,-41.466346740722656,64.47032165527344,Stop,Stepping
1753295903.6510391,20604.59604298,-1.1620588302612305,-41.46635055541992,64.47032165527344,1.1620588302612305,-41.46635055541992,64.47032165527344,-1.1620588302612305,-41.466346740722656,64.47032165527344,1.1620588302612305,-41.466346740722656,64.47032165527344,Stop,Stepping
1753295903.6609793,20604.606067678,-1.1620588302612305,-41.46635055541992,64.47032165527344,1.1620588302612305,-41.46635055541992,64.47032165527344,-1.1620588302612305,-41.466346740722656,64.47032165527344,1.1620588302612305,-41.466346740722656,64.47032165527344,Stop,Stepping
1753295903.6709867,20604.615636485,-1.1620588302612305,-41.46635055541992,64.47032165527344,1.1620588302612305,-41.46635055541992,64.47032165527344,-1.1620588302612305,-41.466346740722656,64.47032165527344,1.1620588302612305,-41.466346740722656,64.47032165527344,Stop,Stepping
1753295903.6809711,20604.626165682,-1.1620588302612305,-41.46635055541992,64.47032165527344,1.1620588302612305,-41.46635055541992,64.47032165527344,-1.1620588302612305,-41.466346740722656,64.47032165527344,1.1620588302612305,-41.466346740722656,64.47032165527344,Stop,Stepping
1753295903.6909852,20604.636039905,-1.1620588302612305,-41.46635055541992,64.47032165527344,1.1620588302612305,-41.46635055541992,64.47032165527344,-1.1620588302612305,-41.466346740722656,64.47032165527344,1.1620588302612305,-41.466346740722656,64.47032165527344,Stop,Stepping
1753295903.7009637,20604.64622172,-1.1620588302612305,-41.46635055541992,64.47032165527344,1.1620588302612305,-41.46635055541992,64.47032165527344,-1.1620588302612305,-41.466346740722656,64.47032165527344,1.1620588302612305,-41.466346740722656,64.47032165527344,Stop,Stepping
1753295903.7109807,20604.655746635,-1.1620588302612305,-41.46635055541992,64.47032165527344,1.1620588302612305,-41.46635055541992,64.47032165527344,-1.1620588302612305,-41.466346740722656,64.47032165527344,1.1620588302612305,-41.466346740722656,64.47032165527344,Stop,Stepping
1753295903.7209694,20604.665916262,-1.1620588302612305,-41.46635055541992,64.47032165527344,1.1620588302612305,-41.46635055541992,64.47032165527344,-1.1620588302612305,-41.466346740722656,64.47032165527344,1.1620588302612305,-41.466346740722656,64.47032165527344,Stop,Stepping
1753295903.7310023,20604.676049233,-1.1620588302612305,-41.46635055541992,64.47032165527344,1.1620588302612305,-41.46635055541992,64.47032165527344,-1.1620588302612305,-41.466346740722656,64.47032165527344,1.1620588302612305,-41.466346740722656,64.47032165527344,Stop,Stepping
1753295903.7410693,20604.686066345,-1.1620588302612305,-41.46635055541992,64.47032165527344,1.1620588302612305,-41.46635055541992,64.47032165527344,-1.1620588302612305,-41.466346740722656,64.47032165527344,1.1620588302612305,-41.466346740722656,64.47032165527344,Stop,Stepping
1753295903.7509804,20604.695908542,-1.1620588302612305,-41.46635055541992,64.47032165527344,1.1620588302612305,-41.46635055541992,64.47032165527344,-1.1620588302612305,-41.466346740722656,64.47032165527344,1.1620588302612305,-41.466346740722656,64.47032165527344,Stop,Stepping
1753295903.7610006,20604.706071457,-1.1620588302612305,-41.46635055541992,64.47032165527344,1.1620588302612305,-41.46635055541992,64.47032165527344,-1.1620588302612305,-41.466346740722656,64.47032165527344,1.1620588302612305,-41.466346740722656,64.47032165527344,Stop,Stepping
1753295903.770975,20604.716094166,-1.1620588302612305,-41.46635055541992,64.47032165527344,1.1620588302612305,-41.46635055541992,64.47032165527344,-1.1620588302612305,-41.466346740722656,64.47032165527344,1.1620588302612305,-41.466346740722656,64.47032165527344,Stop,Stepping
1753295903.7809439,20604.726516143,-1.1620588302612305,-41.46635055541992,64.47032165527344,1.1620588302612305,-41.46635055541992,64.47032165527344,-1.1620588302612305,-41.466346740722656,64.47032165527344,1.1620588302612305,-41.466346740722656,64.47032165527344,Stop,Stepping
1753295903.7909582,20604.736299745,-1.1620588302612305,-41.46635055541992,64.47032165527344,1.1620588302612305,-41.46635055541992,64.47032165527344,-1.1620588302612305,-41.466346740722656,64.47032165527344,1.1620588302612305,-41.466346740722656,64.47032165527344,Stop,Stepping
1753295903.8009744,20604.746923044,-1.1620588302612305,-41.46635055541992,64.47032165527344,1.1620588302612305,-41.46635055541992,64.47032165527344,-1.1620588302612305,-41.466346740722656,64.47032165527344,1.1620588302612305,-41.466346740722656,64.47032165527344,Stop,Stepping
1753295903.810946,20604.756490748,-1.1620588302612305,-41.46635055541992,64.47032165527344,1.1620588302612305,-41.46635055541992,64.47032165527344,-1.1620588302612305,-41.466346740722656,64.47032165527344,1.1620588302612305,-41.466346740722656,64.47032165527344,Stop,Stepping
1753295903.8209927,20604.766571259,-1.1620588302612305,-41.46635055541992,64.47032165527344,1.1620588302612305,-41.46635055541992,64.47032165527344,-1.1620588302612305,-41.466346740722656,64.47032165527344,1.1620588302612305,-41.466346740722656,64.47032165527344,Stop,Stepping
1753295903.8310053,20604.776245317,-1.1620588302612305,-41.46635055541992,64.47032165527344,1.1620588302612305,-41.46635055541992,64.47032165527344,-1.1620588302612305,-41.466346740722656,64.47032165527344,1.1620588302612305,-41.466346740722656,64.47032165527344,Stop,Stepping
1753295903.8409457,20604.786502308,-1.1620588302612305,-41.46635055541992,64.47032165527344,1.1620588302612305,-41.46635055541992,64.47032165527344,-1.1620588302612305,-41.466346740722656,64.47032165527344,1.1620588302612305,-41.466346740722656,64.47032165527344,Stop,Stepping
1753295903.8509288,20604.796436083,-1.1620588302612305,-41.46635055541992,64.47032165527344,1.1620588302612305,-41.46635055541992,64.47032165527344,-1.1620588302612305,-41.466346740722656,64.47032165527344,1.1620588302612305,-41.466346740722656,64.47032165527344,Stop,Stepping
1753295903.860948,20604.80678419,-1.1620588302612305,-41.46635055541992,64.47032165527344,1.1620588302612305,-41.46635055541992,64.47032165527344,-1.1620588302612305,-41.466346740722656,64.47032165527344,1.1620588302612305,-41.466346740722656,64.47032165527344,Stop,Stepping
1753295903.8709373,20604.817732525,-1.1620588302612305,-41.46635055541992,64.47032165527344,1.1620588302612305,-41.46635055541992,64.47032165527344,-1.1620588302612305,-41.466346740722656,64.47032165527344,1.1620588302612305,-41.466346740722656,64.47032165527344,Stop,Stepping
1753295903.8809345,20604.8264824,-1.1620588302612305,-41.46635055541992,64.47032165527344,1.1620588302612305,-41.46635055541992,64.47032165527344,-1.1620588302612305,-41.466346740722656,64.47032165527344,1.1620588302612305,-41.466346740722656,64.47032165527344,Stop,Stepping
1753295903.8909442,20604.836993703,-1.1620588302612305,-41.46635055541992,64.47032165527344,1.1620588302612305,-41.46635055541992,64.47032165527344,-1.1620588302612305,-41.466346740722656,64.47032165527344,1.1620588302612305,-41.466346740722656,64.47032165527344,Stop,Stepping
1753295903.9009335,20604.846416739,-1.1620588302612305,-41.46635055541992,64.47032165527344,1.1620588302612305,-41.46635055541992,64.47032165527344,-1.1620588302612305,-41.466346740722656,64.47032165527344,1.1620588302612305,-41.466346740722656,64.47032165527344,Stop,Stepping
1753295903.9109414,20604.856692618,-1.1620588302612305,-41.46635055541992,64.47032165527344,1.1620588302612305,-41.46635055541992,64.47032165527344,-1.1620588302612305,-41.466346740722656,64.47032165527344,1.1620588302612305,-41.466346740722656,64.47032165527344,Stop,Stepping
1753295903.9209538,20604.866574486,-1.1620588302612305,-41.46635055541992,64.47032165527344,1.1620588302612305,-41.46635055541992,64.47032165527344,-1.1620588302612305,-41.466346740722656,64.47032165527344,1.1620588302612305,-41.466346740722656,64.47032165527344,Stop,Stepping
1753295903.930946,20604.876437336,-1.1620588302612305,-41.46635055541992,64.47032165527344,1.1620588302612305,-41.46635055541992,64.47032165527344,-1.1620588302612305,-41.466346740722656,64.47032165527344,1.1620588302612305,-41.466346740722656,64.47032165527344,Stop,Stepping
1753295903.940944,20604.886712503,-1.1620588302612305,-41.46635055541992,64.47032165527344,1.1620588302612305,-41.46635055541992,64.47032165527344,-1.1620588302612305,-41.466346740722656,64.47032165527344,1.1620588302612305,-41.466346740722656,64.47032165527344,Stop,Stepping
1753295903.9509594,20604.896515095,-1.1620588302612305,-41.46635055541992,64.47032165527344,1.1620588302612305,-41.46635055541992,64.47032165527344,-1.1620588302612305,-41.466346740722656,64.47032165527344,1.1620588302612305,-41.466346740722656,64.47032165527344,Stop,Stepping
1753295903.960998,20604.906563598,-1.1620588302612305,-41.46635055541992,64.47032165527344,1.1620588302612305,-41.46635055541992,64.47032165527344,-1.1620588302612305,-41.466346740722656,64.47032165527344,1.1620588302612305,-41.466346740722656,64.47032165527344,Stop,Stepping
1753295903.9709418,20604.91653865,-1.1620588302612305,-41.46635055541992,64.47032165527344,1.1620588302612305,-41.46635055541992,64.47032165527344,-1.1620588302612305,-41.466346740722656,64.47032165527344,1.1620588302612305,-41.466346740722656,64.47032165527344,Stop,Stepping
1753295903.9809377,20604.926819025,-1.1620588302612305,-41.46635055541992,64.47032165527344,1.1620588302612305,-41.46635055541992,64.47032165527344,-1.1620588302612305,-41.466346740722656,64.47032165527344,1.1620588302612305,-41.466346740722656,64.47032165527344,Stop,Stepping
1753295903.9909303,20604.93648821,-1.1620588302612305,-41.46635055541992,64.47032165527344,1.1620588302612305,-41.46635055541992,64.47032165527344,-1.1620588302612305,-41.466346740722656,64.47032165527344,1.1620588302612305,-41.466346740722656,64.47032165527344,Stop,Stepping
1753295904.0009427,20604.946418278,-1.1620588302612305,-41.46635055541992,64.47032165527344,1.1620588302612305,-41.46635055541992,64.47032165527344,-1.1620588302612305,-41.466346740722656,64.47032165527344,1.1620588302612305,-41.466346740722656,64.47032165527344,Stop,Stepping
1753295904.0109432,20604.956382255,-1.1620588302612305,-41.46635055541992,64.47032165527344,1.1620588302612305,-41.46635055541992,64.47032165527344,-1.1620588302612305,-41.466346740722656,64.47032165527344,1.1620588302612305,-41.466346740722656,64.47032165527344,Stop,Stepping
1753295904.02095,20604.966485188,-1.1620588302612305,-41.46635055541992,64.47032165527344,1.1620588302612305,-41.46635055541992,64.47032165527344,-1.1620588302612305,-41.466346740722656,64.47032165527344,1.1620588302612305,-41.466346740722656,64.47032165527344,Stop,Stepping
1753295904.030929,20604.976537309,-1.1620588302612305,-41.46635055541992,64.47032165527344,1.1620588302612305,-41.46635055541992,64.47032165527344,-1.1620588302612305,-41.466346740722656,64.47032165527344,1.1620588302612305,-41.466346740722656,64.47032165527344,Stop,Stepping
1753295904.040972,20604.986933927,-1.1620588302612305,-41.46635055541992,64.47032165527344,1.1620588302612305,-41.46635055541992,64.47032165527344,-1.1620588302612305,-41.466346740722656,64.47032165527344,1.1620588302612305,-41.466346740722656,64.47032165527344,Stop,Stepping
1753295904.0509603,20604.996442161,-1.1620588302612305,-41.46635055541992,64.47032165527344,1.1620588302612305,-41.46635055541992,64.47032165527344,-1.1620588302612305,-41.466346740722656,64.47032165527344,1.1620588302612305,-41.466346740722656,64.47032165527344,Stop,Stepping
1753295904.0609777,20605.006406857,-1.1620588302612305,-41.46635055541992,64.47032165527344,1.1620588302612305,-41.46635055541992,64.47032165527344,-1.1620588302612305,-41.466346740722656,64.47032165527344,1.1620588302612305,-41.466346740722656,64.47032165527344,Stop,Stepping
1753295904.0709713,20605.017210073,-1.1620588302612305,-41.46635055541992,64.47032165527344,1.1620588302612305,-41.46635055541992,64.47032165527344,-1.1620588302612305,-41.466346740722656,64.47032165527344,1.1620588302612305,-41.466346740722656,64.47032165527344,Stop,Stepping
1753295904.0809803,20605.026479362,-1.1620588302612305,-41.46635055541992,64.47032165527344,1.1620588302612305,-41.46635055541992,64.47032165527344,-1.1620588302612305,-41.466346740722656,64.47032165527344,1.1620588302612305,-41.466346740722656,64.47032165527344,Stop,Stepping
1753295904.0909681,20605.036381577,-1.1620588302612305,-41.46635055541992,64.47032165527344,1.1620588302612305,-41.46635055541992,64.47032165527344,-1.1620588302612305,-41.466346740722656,64.47032165527344,1.1620588302612305,-41.466346740722656,64.47032165527344,Stop,Stepping
1753295904.1009994,20605.04696231,-1.1620588302612305,-41.46635055541992,64.47032165527344,1.1620588302612305,-41.46635055541992,64.47032165527344,-1.1620588302612305,-41.466346740722656,64.47032165527344,1.1620588302612305,-41.466346740722656,64.47032165527344,Stop,Stepping
1753295904.1109746,20605.056566323,-1.1620588302612305,-41.46635055541992,64.47032165527344,1.1620588302612305,-41.46635055541992,64.47032165527344,-1.1620588302612305,-41.466346740722656,64.47032165527344,1.1620588302612305,-41.466346740722656,64.47032165527344,Stop,Stepping
1753295904.12097,20605.066440933,-1.1620588302612305,-41.46635055541992,64.47032165527344,1.1620588302612305,-41.46635055541992,64.47032165527344,-1.1620588302612305,-41.466346740722656,64.47032165527344,1.1620588302612305,-41.466346740722656,64.47032165527344,Stop,Stepping
1753295904.1309843,20605.077827932,-1.1620588302612305,-41.46635055541992,64.47032165527344,1.1620588302612305,-41.46635055541992,64.47032165527344,-1.1620588302612305,-41.466346740722656,64.47032165527344,1.1620588302612305,-41.466346740722656,64.47032165527344,Stop,Stepping
1753295904.1409862,20605.086509778,-1.1620588302612305,-41.46635055541992,64.47032165527344,1.1620588302612305,-41.46635055541992,64.47032165527344,-1.1620588302612305,-41.466346740722656,64.47032165527344,1.1620588302612305,-41.466346740722656,64.47032165527344,Stop,Stepping
1753295904.150963,20605.096771416,-1.1620588302612305,-41.46635055541992,64.47032165527344,1.1620588302612305,-41.46635055541992,64.47032165527344,-1.1620588302612305,-41.466346740722656,64.47032165527344,1.1620588302612305,-41.466346740722656,64.47032165527344,Stop,Stepping
1753295904.160965,20605.106303363,-1.1620588302612305,-41.46635055541992,64.47032165527344,1.1620588302612305,-41.46635055541992,64.47032165527344,-1.1620588302612305,-41.466346740722656,64.47032165527344,1.1620588302612305,-41.466346740722656,64.47032165527344,Stop,Stepping
1753295904.1709695,20605.116491083,-1.1620588302612305,-41.46635055541992,64.47032165527344,1.1620588302612305,-41.46635055541992,64.47032165527344,-1.1620588302612305,-41.466346740722656,64.47032165527344,1.1620588302612305,-41.466346740722656,64.47032165527344,Stop,Stepping
1753295904.180988,20605.126482824,-1.1620588302612305,-41.46635055541992,64.47032165527344,1.1620588302612305,-41.46635055541992,64.47032165527344,-1.1620588302612305,-41.466346740722656,64.47032165527344,1.1620588302612305,-41.466346740722656,64.47032165527344,Stop,Stepping
1753295904.1909783,20605.136807598,-1.1620588302612305,-41.46635055541992,64.47032165527344,1.1620588302612305,-41.46635055541992,64.47032165527344,-1.1620588302612305,-41.466346740722656,64.47032165527344,1.1620588302612305,-41.466346740722656,64.47032165527344,Stop,Stepping
1753295904.2010276,20605.146499277,-1.1620588302612305,-41.46635055541992,64.47032165527344,1.1620588302612305,-41.46635055541992,64.47032165527344,-1.1620588302612305,-41.466346740722656,64.47032165527344,1.1620588302612305,-41.466346740722656,64.47032165527344,Stop,Stepping
1753295904.2109785,20605.15673939,-1.1620588302612305,-41.46635055541992,64.47032165527344,1.1620588302612305,-41.46635055541992,64.47032165527344,-1.1620588302612305,-41.466346740722656,64.47032165527344,1.1620588302612305,-41.466346740722656,64.47032165527344,Stop,Stepping
1753295904.2210135,20605.166567182,-1.1620588302612305,-41.46635055541992,64.47032165527344,1.1620588302612305,-41.46635055541992,64.47032165527344,-1.1620588302612305,-41.466346740722656,64.47032165527344,1.1620588302612305,-41.466346740722656,64.47032165527344,Stop,Stepping
1753295904.2309997,20605.176527775,-1.1620588302612305,-41.46635055541992,64.47032165527344,1.1620588302612305,-41.46635055541992,64.47032165527344,-1.1620588302612305,-41.466346740722656,64.47032165527344,1.1620588302612305,-41.466346740722656,64.47032165527344,Stop,Stepping
1753295904.2411635,20605.186638308,-1.1620588302612305,-41.46635055541992,64.47032165527344,1.1620588302612305,-41.46635055541992,64.47032165527344,-1.1620588302612305,-41.466346740722656,64.47032165527344,1.1620588302612305,-41.466346740722656,64.47032165527344,Stop,Stepping
1753295904.2509964,20605.196471523,-1.1620588302612305,-41.46635055541992,64.47032165527344,1.1620588302612305,-41.46635055541992,64.47032165527344,-1.1620588302612305,-41.466346740722656,64.47032165527344,1.1620588302612305,-41.466346740722656,64.47032165527344,Stop,Stepping
1753295904.2609508,20605.206408806,-1.1620588302612305,-41.46635055541992,64.47032165527344,1.1620588302612305,-41.46635055541992,64.47032165527344,-1.1620588302612305,-41.466346740722656,64.47032165527344,1.1620588302612305,-41.466346740722656,64.47032165527344,Stop,Stepping
1753295904.2709606,20605.216403357,-1.1620588302612305,-41.46635055541992,64.47032165527344,1.1620588302612305,-41.46635055541992,64.47032165527344,-1.1620588302612305,-41.466346740722656,64.47032165527344,1.1620588302612305,-41.466346740722656,64.47032165527344,Stop,Stepping
1753295904.2810006,20605.227320942,-1.1620588302612305,-41.46635055541992,64.47032165527344,1.1620588302612305,-41.46635055541992,64.47032165527344,-1.1620588302612305,-41.466346740722656,64.47032165527344,1.1620588302612305,-41.466346740722656,64.47032165527344,Stop,Stepping
1753295904.290961,20605.23646198,-1.1620588302612305,-41.46635055541992,64.47032165527344,1.1620588302612305,-41.46635055541992,64.47032165527344,-1.1620588302612305,-41.466346740722656,64.47032165527344,1.1620588302612305,-41.466346740722656,64.47032165527344,Stop,Stepping
1753295904.300992,20605.246915074,-1.1620588302612305,-41.46635055541992,64.47032165527344,1.1620588302612305,-41.46635055541992,64.47032165527344,-1.1620588302612305,-41.466346740722656,64.47032165527344,1.1620588302612305,-41.466346740722656,64.47032165527344,Stop,Stepping
1753295904.3109488,20605.256502998,-1.1620588302612305,-41.46635055541992,64.47032165527344,1.1620588302612305,-41.46635055541992,64.47032165527344,-1.1620588302612305,-41.466346740722656,64.47032165527344,1.1620588302612305,-41.466346740722656,64.47032165527344,Stop,Stepping
1753295904.3209481,20605.26642123,-1.1620588302612305,-41.46635055541992,64.47032165527344,1.1620588302612305,-41.46635055541992,64.47032165527344,-1.1620588302612305,-41.466346740722656,64.47032165527344,1.1620588302612305,-41.466346740722656,64.47032165527344,Stop,Stepping
1753295904.330943,20605.276426773,-1.1620588302612305,-41.46635055541992,64.47032165527344,1.1620588302612305,-41.46635055541992,64.47032165527344,-1.1620588302612305,-41.466346740722656,64.47032165527344,1.1620588302612305,-41.466346740722656,64.47032165527344,Stop,Stepping
1753295904.34095,20605.286494074,-1.1620588302612305,-41.46635055541992,64.47032165527344,1.1620588302612305,-41.46635055541992,64.47032165527344,-1.1620588302612305,-41.466346740722656,64.47032165527344,1.1620588302612305,-41.466346740722656,64.47032165527344,Stop,Stepping
1753295904.3509367,20605.296456026,-1.1620588302612305,-41.46635055541992,64.47032165527344,1.1620588302612305,-41.46635055541992,64.47032165527344,-1.1620588302612305,-41.466346740722656,64.47032165527344,1.1620588302612305,-41.466346740722656,64.47032165527344,Stop,Stepping
1753295904.360943,20605.306445339,-1.1620588302612305,-41.46635055541992,64.47032165527344,1.1620588302612305,-41.46635055541992,64.47032165527344,-1.1620588302612305,-41.466346740722656,64.47032165527344,1.1620588302612305,-41.466346740722656,64.47032165527344,Stop,Stepping
1753295904.3709478,20605.316493216,-1.1620588302612305,-41.46635055541992,64.47032165527344,1.1620588302612305,-41.46635055541992,64.47032165527344,-1.1620588302612305,-41.466346740722656,64.47032165527344,1.1620588302612305,-41.466346740722656,64.47032165527344,Stop,Stepping
1753295904.3809438,20605.327316452,-1.1620588302612305,-41.46635055541992,64.47032165527344,1.1620588302612305,-41.46635055541992,64.47032165527344,-1.1620588302612305,-41.466346740722656,64.47032165527344,1.1620588302612305,-41.466346740722656,64.47032165527344,Stop,Stepping
1753295904.3909366,20605.336425727,-1.1620588302612305,-41.46635055541992,64.47032165527344,1.1620588302612305,-41.46635055541992,64.47032165527344,-1.1620588302612305,-41.466346740722656,64.47032165527344,1.1620588302612305,-41.466346740722656,64.47032165527344,Stop,Stepping
1753295904.4009664,20605.346309819,-1.1620588302612305,-41.46635055541992,64.47032165527344,1.1620588302612305,-41.46635055541992,64.47032165527344,-1.1620588302612305,-41.466346740722656,64.47032165527344,1.1620588302612305,-41.466346740722656,64.47032165527344,Stop,Stepping
1753295904.4109519,20605.356480523,-1.1620588302612305,-41.46635055541992,64.47032165527344,1.1620588302612305,-41.46635055541992,64.47032165527344,-1.1620588302612305,-41.466346740722656,64.47032165527344,1.1620588302612305,-41.466346740722656,64.47032165527344,Stop,Stepping
1753295904.420945,20605.366470314,-1.1620588302612305,-41.46635055541992,64.47032165527344,1.1620588302612305,-41.46635055541992,64.47032165527344,-1.1620588302612305,-41.466346740722656,64.47032165527344,1.1620588302612305,-41.466346740722656,64.47032165527344,Stop,Stepping
1753295904.4309444,20605.376315375,-1.1620588302612305,-41.46635055541992,64.47032165527344,1.1620588302612305,-41.46635055541992,64.47032165527344,-1.1620588302612305,-41.466346740722656,64.47032165527344,1.1620588302612305,-41.466346740722656,64.47032165527344,Stop,Stepping
1753295904.440944,20605.386406649,-1.1620588302612305,-41.46635055541992,64.47032165527344,1.1620588302612305,-41.46635055541992,64.47032165527344,-1.1620588302612305,-41.466346740722656,64.47032165527344,1.1620588302612305,-41.466346740722656,64.47032165527344,Stop,Stepping
1753295904.4509425,20605.39666917,-1.1620588302612305,-41.46635055541992,64.47032165527344,1.1620588302612305,-41.46635055541992,64.47032165527344,-1.1620588302612305,-41.466346740722656,64.47032165527344,1.1620588302612305,-41.466346740722656,64.47032165527344,Stop,Stepping
1753295904.4609635,20605.40645525,-1.1620588302612305,-41.46635055541992,64.47032165527344,1.1620588302612305,-41.46635055541992,64.47032165527344,-1.1620588302612305,-41.466346740722656,64.47032165527344,1.1620588302612305,-41.466346740722656,64.47032165527344,Stop,Stepping
1753295904.4709396,20605.416380022,-1.1620588302612305,-41.46635055541992,64.47032165527344,1.1620588302612305,-41.46635055541992,64.47032165527344,-1.1620588302612305,-41.466346740722656,64.47032165527344,1.1620588302612305,-41.466346740722656,64.47032165527344,Stop,Stepping
1753295904.480962,20605.426443601,-1.1620588302612305,-41.46635055541992,64.47032165527344,1.1620588302612305,-41.46635055541992,64.47032165527344,-1.1620588302612305,-41.466346740722656,64.47032165527344,1.1620588302612305,-41.466346740722656,64.47032165527344,Stop,Stepping
1753295904.4909563,20605.436737983,-1.1620588302612305,-41.46635055541992,64.47032165527344,1.1620588302612305,-41.46635055541992,64.47032165527344,-1.1620588302612305,-41.466346740722656,64.47032165527344,1.1620588302612305,-41.466346740722656,64.47032165527344,Stop,Stepping
1753295904.5009506,20605.446430439,-1.1620588302612305,-41.46635055541992,64.47032165527344,1.1620588302612305,-41.46635055541992,64.47032165527344,-1.1620588302612305,-41.466346740722656,64.47032165527344,1.1620588302612305,-41.466346740722656,64.47032165527344,Stop,Stepping
1753295904.51095,20605.456729401,-1.1620588302612305,-41.46635055541992,64.47032165527344,1.1620588302612305,-41.46635055541992,64.47032165527344,-1.1620588302612305,-41.466346740722656,64.47032165527344,1.1620588302612305,-41.466346740722656,64.47032165527344,Stop,Stepping
1753295904.520946,20605.466482664,-1.1620588302612305,-41.46635055541992,64.47032165527344,1.1620588302612305,-41.46635055541992,64.47032165527344,-1.1620588302612305,-41.466346740722656,64.47032165527344,1.1620588302612305,-41.466346740722656,64.47032165527344,Stop,Stepping
1753295904.5309548,20605.47653087,-1.1620588302612305,-41.46635055541992,64.47032165527344,1.1620588302612305,-41.46635055541992,64.47032165527344,-1.1620588302612305,-41.466346740722656,64.47032165527344,1.1620588302612305,-41.466346740722656,64.47032165527344,Stop,Stepping
1753295904.5409558,20605.487421685,-1.1620588302612305,-41.46635055541992,64.47032165527344,1.1620588302612305,-41.46635055541992,64.47032165527344,-1.1620588302612305,-41.466346740722656,64.47032165527344,1.1620588302612305,-41.466346740722656,64.47032165527344,Stop,Stepping
1753295904.5509505,20605.496880555,-1.1620588302612305,-41.46635055541992,64.47032165527344,1.1620588302612305,-41.46635055541992,64.47032165527344,-1.1620588302612305,-41.466346740722656,64.47032165527344,1.1620588302612305,-41.466346740722656,64.47032165527344,Stop,Stepping
1753295904.5609477,20605.506474573,-1.1620588302612305,-41.46635055541992,64.47032165527344,1.1620588302612305,-41.46635055541992,64.47032165527344,-1.1620588302612305,-41.466346740722656,64.47032165527344,1.1620588302612305,-41.466346740722656,64.47032165527344,Stop,Stepping
1753295904.5709546,20605.516694053,-1.1620588302612305,-41.46635055541992,64.47032165527344,1.1620588302612305,-41.46635055541992,64.47032165527344,-1.1620588302612305,-41.466346740722656,64.47032165527344,1.1620588302612305,-41.466346740722656,64.47032165527344,Stop,Stepping
1753295904.580943,20605.526497777,-1.1620588302612305,-41.46635055541992,64.47032165527344,1.1620588302612305,-41.46635055541992,64.47032165527344,-1.1620588302612305,-41.466346740722656,64.47032165527344,1.1620588302612305,-41.466346740722656,64.47032165527344,Stop,Stepping
1753295904.590995,20605.536444777,-1.1620588302612305,-41.46635055541992,64.47032165527344,1.1620588302612305,-41.46635055541992,64.47032165527344,-1.1620588302612305,-41.466346740722656,64.47032165527344,1.1620588302612305,-41.466346740722656,64.47032165527344,Stop,Stepping
1753295904.6009452,20605.546387718,-1.1620588302612305,-41.46635055541992,64.47032165527344,1.1620588302612305,-41.46635055541992,64.47032165527344,-1.1620588302612305,-41.466346740722656,64.47032165527344,1.1620588302612305,-41.466346740722656,64.47032165527344,Stop,Stepping
1753295904.6109574,20605.55702945,-1.1620588302612305,-41.46635055541992,64.47032165527344,1.1620588302612305,-41.46635055541992,64.47032165527344,-1.1620588302612305,-41.466346740722656,64.47032165527344,1.1620588302612305,-41.466346740722656,64.47032165527344,Stop,Stepping
1753295904.620979,20605.566487139,-1.1620588302612305,-41.46635055541992,64.47032165527344,1.1620588302612305,-41.46635055541992,64.47032165527344,-1.1620588302612305,-41.466346740722656,64.47032165527344,1.1620588302612305,-41.466346740722656,64.47032165527344,Stop,Stepping
1753295904.6309614,20605.576419607,-1.1620588302612305,-41.46635055541992,64.47032165527344,1.1620588302612305,-41.46635055541992,64.47032165527344,-1.1620588302612305,-41.466346740722656,64.47032165527344,1.1620588302612305,-41.466346740722656,64.47032165527344,Stop,Stepping
1753295904.6409419,20605.586871927,-1.1620588302612305,-41.46635055541992,64.47032165527344,1.1620588302612305,-41.46635055541992,64.47032165527344,-1.1620588302612305,-41.466346740722656,64.47032165527344,1.1620588302612305,-41.466346740722656,64.47032165527344,Stop,Stepping
1753295904.6509633,20605.59650303,-1.1620588302612305,-41.46635055541992,64.47032165527344,1.1620588302612305,-41.46635055541992,64.47032165527344,-1.1620588302612305,-41.466346740722656,64.47032165527344,1.1620588302612305,-41.466346740722656,64.47032165527344,Stop,Stepping
1753295904.6609719,20605.606465943,-1.1620588302612305,-41.46635055541992,64.47032165527344,1.1620588302612305,-41.46635055541992,64.47032165527344,-1.1620588302612305,-41.466346740722656,64.47032165527344,1.1620588302612305,-41.466346740722656,64.47032165527344,Stop,Stepping
1753295904.670969,20605.616552097,-1.1620588302612305,-41.46635055541992,64.47032165527344,1.1620588302612305,-41.46635055541992,64.47032165527344,-1.1620588302612305,-41.466346740722656,64.47032165527344,1.1620588302612305,-41.466346740722656,64.47032165527344,Stop,Stepping
1753295904.680963,20605.626517021,-1.1620588302612305,-41.46635055541992,64.47032165527344,1.1620588302612305,-41.46635055541992,64.47032165527344,-1.1620588302612305,-41.466346740722656,64.47032165527344,1.1620588302612305,-41.466346740722656,64.47032165527344,Stop,Stepping
1753295904.6909604,20605.636953646,-1.1620588302612305,-41.46635055541992,64.47032165527344,1.1620588302612305,-41.46635055541992,64.47032165527344,-1.1620588302612305,-41.466346740722656,64.47032165527344,1.1620588302612305,-41.466346740722656,64.47032165527344,Stop,Stepping
1753295904.7009926,20605.646414155,-1.1620588302612305,-41.46635055541992,64.47032165527344,1.1620588302612305,-41.46635055541992,64.47032165527344,-1.1620588302612305,-41.466346740722656,64.47032165527344,1.1620588302612305,-41.466346740722656,64.47032165527344,Stop,Stepping
1753295904.7109647,20605.656438216,-1.1620588302612305,-41.46635055541992,64.47032165527344,1.1620588302612305,-41.46635055541992,64.47032165527344,-1.1620588302612305,-41.466346740722656,64.47032165527344,1.1620588302612305,-41.466346740722656,64.47032165527344,Stop,Stepping
1753295904.7209725,20605.666565093,-1.1620588302612305,-41.46635055541992,64.47032165527344,1.1620588302612305,-41.46635055541992,64.47032165527344,-1.1620588302612305,-41.466346740722656,64.47032165527344,1.1620588302612305,-41.466346740722656,64.47032165527344,Stop,Stepping
1753295904.7309716,20605.676756898,-1.1620588302612305,-41.46635055541992,64.47032165527344,1.1620588302612305,-41.46635055541992,64.47032165527344,-1.1620588302612305,-41.466346740722656,64.47032165527344,1.1620588302612305,-41.466346740722656,64.47032165527344,Stop,Stepping
1753295904.7409506,20605.686424114,-1.1620588302612305,-41.46635055541992,64.47032165527344,1.1620588302612305,-41.46635055541992,64.47032165527344,-1.1620588302612305,-41.466346740722656,64.47032165527344,1.1620588302612305,-41.466346740722656,64.47032165527344,Stop,Stepping
1753295904.7509532,20605.696512385,-1.1620588302612305,-41.46635055541992,64.47032165527344,1.1620588302612305,-41.46635055541992,64.47032165527344,-1.1620588302612305,-41.466346740722656,64.47032165527344,1.1620588302612305,-41.466346740722656,64.47032165527344,Stop,Stepping
1753295904.7611465,20605.70661578,-1.1620588302612305,-41.46635055541992,64.47032165527344,1.1620588302612305,-41.46635055541992,64.47032165527344,-1.1620588302612305,-41.466346740722656,64.47032165527344,1.1620588302612305,-41.466346740722656,64.47032165527344,Stop,Stepping
1753295904.7709653,20605.716681615,-1.1620588302612305,-41.46635055541992,64.47032165527344,1.1620588302612305,-41.46635055541992,64.47032165527344,-1.1620588302612305,-41.466346740722656,64.47032165527344,1.1620588302612305,-41.466346740722656,64.47032165527344,Stop,Stepping
1753295904.7809553,20605.726520059,-1.1620588302612305,-41.46635055541992,64.47032165527344,1.1620588302612305,-41.46635055541992,64.47032165527344,-1.1620588302612305,-41.466346740722656,64.47032165527344,1.1620588302612305,-41.466346740722656,64.47032165527344,Stop,Stepping
1753295904.790976,20605.736886765,-1.1620588302612305,-41.46635055541992,64.47032165527344,1.1620588302612305,-41.46635055541992,64.47032165527344,-1.1620588302612305,-41.466346740722656,64.47032165527344,1.1620588302612305,-41.466346740722656,64.47032165527344,Stop,Stepping
1753295904.8009565,20605.746473242,-1.1620588302612305,-41.46635055541992,64.47032165527344,1.1620588302612305,-41.46635055541992,64.47032165527344,-1.1620588302612305,-41.466346740722656,64.47032165527344,1.1620588302612305,-41.466346740722656,64.47032165527344,Stop,Stepping
1753295904.8109586,20605.756417408,-1.1620588302612305,-41.46635055541992,64.47032165527344,1.1620588302612305,-41.46635055541992,64.47032165527344,-1.1620588302612305,-41.466346740722656,64.47032165527344,1.1620588302612305,-41.466346740722656,64.47032165527344,Stop,Stepping
1753295904.82098,20605.766512668,-1.1620588302612305,-41.46635055541992,64.47032165527344,1.1620588302612305,-41.46635055541992,64.47032165527344,-1.1620588302612305,-41.466346740722656,64.47032165527344,1.1620588302612305,-41.466346740722656,64.47032165527344,Stop,Stepping
1753295904.8309786,20605.776433456,-1.1620588302612305,-41.46635055541992,64.47032165527344,1.1620588302612305,-41.46635055541992,64.47032165527344,-1.1620588302612305,-41.466346740722656,64.47032165527344,1.1620588302612305,-41.466346740722656,64.47032165527344,Stop,Stepping
1753295904.8409548,20605.786435259,-1.1620588302612305,-41.46635055541992,64.47032165527344,1.1620588302612305,-41.46635055541992,64.47032165527344,-1.1620588302612305,-41.466346740722656,64.47032165527344,1.1620588302612305,-41.466346740722656,64.47032165527344,Stop,Stepping
1753295904.8509815,20605.796531562,-1.1620588302612305,-41.46635055541992,64.47032165527344,1.1620588302612305,-41.46635055541992,64.47032165527344,-1.1620588302612305,-41.466346740722656,64.47032165527344,1.1620588302612305,-41.466346740722656,64.47032165527344,Stop,Stepping
1753295904.8609662,20605.80647875,-1.1620588302612305,-41.46635055541992,64.47032165527344,1.1620588302612305,-41.46635055541992,64.47032165527344,-1.1620588302612305,-41.466346740722656,64.47032165527344,1.1620588302612305,-41.466346740722656,64.47032165527344,Stop,Stepping
1753295904.870965,20605.816443362,-1.1620588302612305,-41.46635055541992,64.47032165527344,1.1620588302612305,-41.46635055541992,64.47032165527344,-1.1620588302612305,-41.466346740722656,64.47032165527344,1.1620588302612305,-41.466346740722656,64.47032165527344,Stop,Stepping
1753295904.8809633,20605.826482359,-1.1620588302612305,-41.46635055541992,64.47032165527344,1.1620588302612305,-41.46635055541992,64.47032165527344,-1.1620588302612305,-41.466346740722656,64.47032165527344,1.1620588302612305,-41.466346740722656,64.47032165527344,Stop,Stepping
1753295904.8909633,20605.836501191,-1.1620588302612305,-41.46635055541992,64.47032165527344,1.1620588302612305,-41.46635055541992,64.47032165527344,-1.1620588302612305,-41.466346740722656,64.47032165527344,1.1620588302612305,-41.466346740722656,64.47032165527344,Stop,Stepping
1753295904.900967,20605.846700154,-1.1620588302612305,-41.46635055541992,64.47032165527344,1.1620588302612305,-41.46635055541992,64.47032165527344,-1.1620588302612305,-41.466346740722656,64.47032165527344,1.1620588302612305,-41.466346740722656,64.47032165527344,Stop,Stepping
1753295904.910959,20605.856308752,-1.1620588302612305,-41.46635055541992,64.47032165527344,1.1620588302612305,-41.46635055541992,64.47032165527344,-1.1620588302612305,-41.466346740722656,64.47032165527344,1.1620588302612305,-41.466346740722656,64.47032165527344,Stop,Stepping
1753295904.920954,20605.866398629,-1.1620588302612305,-41.46635055541992,64.47032165527344,1.1620588302612305,-41.46635055541992,64.47032165527344,-1.1620588302612305,-41.466346740722656,64.47032165527344,1.1620588302612305,-41.466346740722656,64.47032165527344,Stop,Stepping
1753295904.9309533,20605.876691049,-1.1620588302612305,-41.46635055541992,64.47032165527344,1.1620588302612305,-41.46635055541992,64.47032165527344,-1.1620588302612305,-41.466346740722656,64.47032165527344,1.1620588302612305,-41.466346740722656,64.47032165527344,Stop,Stepping
1753295904.9409652,20605.886520274,-1.1620588302612305,-41.46635055541992,64.47032165527344,1.1620588302612305,-41.46635055541992,64.47032165527344,-1.1620588302612305,-41.466346740722656,64.47032165527344,1.1620588302612305,-41.466346740722656,64.47032165527344,Stop,Stepping
1753295904.9509616,20605.897194331,-1.1620588302612305,-41.46635055541992,64.47032165527344,1.1620588302612305,-41.46635055541992,64.47032165527344,-1.1620588302612305,-41.466346740722656,64.47032165527344,1.1620588302612305,-41.466346740722656,64.47032165527344,Stop,Stepping
1753295904.9609904,20605.90649249,-1.1620588302612305,-41.46635055541992,64.47032165527344,1.1620588302612305,-41.46635055541992,64.47032165527344,-1.1620588302612305,-41.466346740722656,64.47032165527344,1.1620588302612305,-41.466346740722656,64.47032165527344,Stop,Stepping
1753295904.9709694,20605.916841216,-1.1620588302612305,-41.46635055541992,64.47032165527344,1.1620588302612305,-41.46635055541992,64.47032165527344,-1.1620588302612305,-41.466346740722656,64.47032165527344,1.1620588302612305,-41.466346740722656,64.47032165527344,Stop,Stepping
1753295904.9809716,20605.926418783,-1.1620588302612305,-41.46635055541992,64.47032165527344,1.1620588302612305,-41.46635055541992,64.47032165527344,-1.1620588302612305,-41.466346740722656,64.47032165527344,1.1620588302612305,-41.466346740722656,64.47032165527344,Stop,Stepping
1753295904.9909656,20605.936725896,-1.1620588302612305,-41.46635055541992,64.47032165527344,1.1620588302612305,-41.46635055541992,64.47032165527344,-1.1620588302612305,-41.466346740722656,64.47032165527344,1.1620588302612305,-41.466346740722656,64.47032165527344,Stop,Stepping
1753295905.0010254,20605.947052661,-1.1620588302612305,-41.46635055541992,64.47032165527344,1.1620588302612305,-41.46635055541992,64.47032165527344,-1.1620588302612305,-41.466346740722656,64.47032165527344,1.1620588302612305,-41.466346740722656,64.47032165527344,Stop,Stepping
1753295905.0110352,20605.956489373,-1.1620588302612305,-41.46635055541992,64.47032165527344,1.1620588302612305,-41.46635055541992,64.47032165527344,-1.1620588302612305,-41.466346740722656,64.47032165527344,1.1620588302612305,-41.466346740722656,64.47032165527344,Stop,Stepping
1753295905.0210035,20605.96654732,-1.1620588302612305,-41.46635055541992,64.47032165527344,1.1620588302612305,-41.46635055541992,64.47032165527344,-1.1620588302612305,-41.466346740722656,64.47032165527344,1.1620588302612305,-41.466346740722656,64.47032165527344,Stop,Stepping
1753295905.0310268,20605.976859528,-1.1620588302612305,-41.46635055541992,64.47032165527344,1.1620588302612305,-41.46635055541992,64.47032165527344,-1.1620588302612305,-41.466346740722656,64.47032165527344,1.1620588302612305,-41.466346740722656,64.47032165527344,Stop,Stepping
1753295905.0410035,20605.986445857,-1.1620588302612305,-41.46635055541992,64.47032165527344,1.1620588302612305,-41.46635055541992,64.47032165527344,-1.1620588302612305,-41.466346740722656,64.47032165527344,1.1620588302612305,-41.466346740722656,64.47032165527344,Stop,Stepping
1753295905.0510147,20605.996504505,-1.1620588302612305,-41.46635055541992,64.47032165527344,1.1620588302612305,-41.46635055541992,64.47032165527344,-1.1620588302612305,-41.466346740722656,64.47032165527344,1.1620588302612305,-41.466346740722656,64.47032165527344,Stop,Stepping
1753295905.0610092,20606.006827976,-1.1620588302612305,-41.46635055541992,64.47032165527344,1.1620588302612305,-41.46635055541992,64.47032165527344,-1.1620588302612305,-41.466346740722656,64.47032165527344,1.1620588302612305,-41.466346740722656,64.47032165527344,Stop,Stepping
1753295905.0710268,20606.016466129,-1.1620588302612305,-41.46635055541992,64.47032165527344,1.1620588302612305,-41.46635055541992,64.47032165527344,-1.1620588302612305,-41.466346740722656,64.47032165527344,1.1620588302612305,-41.466346740722656,64.47032165527344,Stop,Stepping
1753295905.0809867,20606.02643576,-1.1620588302612305,-41.46635055541992,64.47032165527344,1.1620588302612305,-41.46635055541992,64.47032165527344,-1.1620588302612305,-41.466346740722656,64.47032165527344,1.1620588302612305,-41.466346740722656,64.47032165527344,Stop,Stepping
1753295905.0910194,20606.036563696,-1.1620588302612305,-41.46635055541992,64.47032165527344,1.1620588302612305,-41.46635055541992,64.47032165527344,-1.1620588302612305,-41.466346740722656,64.47032165527344,1.1620588302612305,-41.466346740722656,64.47032165527344,Stop,Stepping
1753295905.1010282,20606.047175243,-1.1620588302612305,-41.46635055541992,64.47032165527344,1.1620588302612305,-41.46635055541992,64.47032165527344,-1.1620588302612305,-41.466346740722656,64.47032165527344,1.1620588302612305,-41.466346740722656,64.47032165527344,Stop,Stepping
1753295905.1110294,20606.056782773,-1.1620588302612305,-41.46635055541992,64.47032165527344,1.1620588302612305,-41.46635055541992,64.47032165527344,-1.1620588302612305,-41.466346740722656,64.47032165527344,1.1620588302612305,-41.466346740722656,64.47032165527344,Stop,Stepping
1753295905.121013,20606.066521477,-1.1620588302612305,-41.46635055541992,64.47032165527344,1.1620588302612305,-41.46635055541992,64.47032165527344,-1.1620588302612305,-41.466346740722656,64.47032165527344,1.1620588302612305,-41.466346740722656,64.47032165527344,Stop,Stepping
1753295905.1310172,20606.076487911,-1.1620588302612305,-41.46635055541992,64.47032165527344,1.1620588302612305,-41.46635055541992,64.47032165527344,-1.1620588302612305,-41.466346740722656,64.47032165527344,1.1620588302612305,-41.466346740722656,64.47032165527344,Stop,Stepping
1753295905.1410155,20606.08656385,-1.1620588302612305,-41.46635055541992,64.47032165527344,1.1620588302612305,-41.46635055541992,64.47032165527344,-1.1620588302612305,-41.466346740722656,64.47032165527344,1.1620588302612305,-41.466346740722656,64.47032165527344,Stop,Stepping
1753295905.1510224,20606.096554628,-1.1620588302612305,-41.46635055541992,64.47032165527344,1.1620588302612305,-41.46635055541992,64.47032165527344,-1.1620588302612305,-41.466346740722656,64.47032165527344,1.1620588302612305,-41.466346740722656,64.47032165527344,Stop,Stepping
1753295905.1610253,20606.106501568,-1.1620588302612305,-41.46635055541992,64.47032165527344,1.1620588302612305,-41.46635055541992,64.47032165527344,-1.1620588302612305,-41.466346740722656,64.47032165527344,1.1620588302612305,-41.466346740722656,64.47032165527344,Stop,Stepping
1753295905.171008,20606.116709273,-1.1620588302612305,-41.46635055541992,64.47032165527344,1.1620588302612305,-41.46635055541992,64.47032165527344,-1.1620588302612305,-41.466346740722656,64.47032165527344,1.1620588302612305,-41.466346740722656,64.47032165527344,Stop,Stepping
1753295905.1810303,20606.126622561,-1.1620588302612305,-41.46635055541992,64.47032165527344,1.1620588302612305,-41.46635055541992,64.47032165527344,-1.1620588302612305,-41.466346740722656,64.47032165527344,1.1620588302612305,-41.466346740722656,64.47032165527344,Stop,Stepping
1753295905.1910176,20606.136518821,-1.1620588302612305,-41.46635055541992,64.47032165527344,1.1620588302612305,-41.46635055541992,64.47032165527344,-1.1620588302612305,-41.466346740722656,64.47032165527344,1.1620588302612305,-41.466346740722656,64.47032165527344,Stop,Stepping
1753295905.2010217,20606.14685182,-1.1620588302612305,-41.46635055541992,64.47032165527344,1.1620588302612305,-41.46635055541992,64.47032165527344,-1.1620588302612305,-41.466346740722656,64.47032165527344,1.1620588302612305,-41.466346740722656,64.47032165527344,Stop,Stepping
1753295905.2110379,20606.156488147,-1.1620588302612305,-41.46635055541992,64.47032165527344,1.1620588302612305,-41.46635055541992,64.47032165527344,-1.1620588302612305,-41.466346740722656,64.47032165527344,1.1620588302612305,-41.466346740722656,64.47032165527344,Stop,Stepping
1753295905.2210307,20606.166781108,-1.1620588302612305,-41.46635055541992,64.47032165527344,1.1620588302612305,-41.46635055541992,64.47032165527344,-1.1620588302612305,-41.466346740722656,64.47032165527344,1.1620588302612305,-41.466346740722656,64.47032165527344,Stop,Stepping
1753295905.2310157,20606.176498684,-1.1620588302612305,-41.46635055541992,64.47032165527344,1.1620588302612305,-41.46635055541992,64.47032165527344,-1.1620588302612305,-41.466346740722656,64.47032165527344,1.1620588302612305,-41.466346740722656,64.47032165527344,Stop,Stepping
1753295905.2410176,20606.186467415,-1.1620588302612305,-41.46635055541992,64.47032165527344,1.1620588302612305,-41.46635055541992,64.47032165527344,-1.1620588302612305,-41.466346740722656,64.47032165527344,1.1620588302612305,-41.466346740722656,64.47032165527344,Stop,Stepping
1753295905.2510192,20606.196753294,-1.1620588302612305,-41.46635055541992,64.47032165527344,1.1620588302612305,-41.46635055541992,64.47032165527344,-1.1620588302612305,-41.466346740722656,64.47032165527344,1.1620588302612305,-41.466346740722656,64.47032165527344,Stop,Stepping
1753295905.261024,20606.206541862,-1.1620588302612305,-41.46635055541992,64.47032165527344,1.1620588302612305,-41.46635055541992,64.47032165527344,-1.1620588302612305,-41.466346740722656,64.47032165527344,1.1620588302612305,-41.466346740722656,64.47032165527344,Stop,Stepping
1753295905.271056,20606.216597905,-1.1620588302612305,-41.46635055541992,64.47032165527344,1.1620588302612305,-41.46635055541992,64.47032165527344,-1.1620588302612305,-41.466346740722656,64.47032165527344,1.1620588302612305,-41.466346740722656,64.47032165527344,Stop,Stepping
1753295905.2810268,20606.226558184,-1.1620588302612305,-41.46635055541992,64.47032165527344,1.1620588302612305,-41.46635055541992,64.47032165527344,-1.1620588302612305,-41.466346740722656,64.47032165527344,1.1620588302612305,-41.466346740722656,64.47032165527344,Stop,Stepping
1753295905.2910235,20606.236528578,-1.1620588302612305,-41.46635055541992,64.47032165527344,1.1620588302612305,-41.46635055541992,64.47032165527344,-1.1620588302612305,-41.466346740722656,64.47032165527344,1.1620588302612305,-41.466346740722656,64.47032165527344,Stop,Stepping
1753295905.301041,20606.246507986,-1.1620588302612305,-41.46635055541992,64.47032165527344,1.1620588302612305,-41.46635055541992,64.47032165527344,-1.1620588302612305,-41.466346740722656,64.47032165527344,1.1620588302612305,-41.466346740722656,64.47032165527344,Stop,Stepping
1753295905.3110375,20606.256606697,-1.1620588302612305,-41.46635055541992,64.47032165527344,1.1620588302612305,-41.46635055541992,64.47032165527344,-1.1620588302612305,-41.466346740722656,64.47032165527344,1.1620588302612305,-41.466346740722656,64.47032165527344,Stop,Stepping
1753295905.3210201,20606.266718674,-1.1620588302612305,-41.46635055541992,64.47032165527344,1.1620588302612305,-41.46635055541992,64.47032165527344,-1.1620588302612305,-41.466346740722656,64.47032165527344,1.1620588302612305,-41.466346740722656,64.47032165527344,Stop,Stepping
1753295905.331043,20606.276498884,-1.1620588302612305,-41.46635055541992,64.47032165527344,1.1620588302612305,-41.46635055541992,64.47032165527344,-1.1620588302612305,-41.466346740722656,64.47032165527344,1.1620588302612305,-41.466346740722656,64.47032165527344,Stop,Stepping
1753295905.34104,20606.286559003,-1.1620588302612305,-41.46635055541992,64.47032165527344,1.1620588302612305,-41.46635055541992,64.47032165527344,-1.1620588302612305,-41.466346740722656,64.47032165527344,1.1620588302612305,-41.466346740722656,64.47032165527344,Stop,Stepping
1753295905.3510187,20606.296559688,-1.1620588302612305,-41.46635055541992,64.47032165527344,1.1620588302612305,-41.46635055541992,64.47032165527344,-1.1620588302612305,-41.466346740722656,64.47032165527344,1.1620588302612305,-41.466346740722656,64.47032165527344,Stop,Stepping
1753295905.3610487,20606.306737643,-1.1620588302612305,-41.46635055541992,64.47032165527344,1.1620588302612305,-41.46635055541992,64.47032165527344,-1.1620588302612305,-41.466346740722656,64.47032165527344,1.1620588302612305,-41.466346740722656,64.47032165527344,Stop,Stepping
1753295905.3710442,20606.316587476,-1.1620588302612305,-41.46635055541992,64.47032165527344,1.1620588302612305,-41.46635055541992,64.47032165527344,-1.1620588302612305,-41.466346740722656,64.47032165527344,1.1620588302612305,-41.466346740722656,64.47032165527344,Stop,Stepping
1753295905.3810341,20606.326571301,-1.1620588302612305,-41.46635055541992,64.47032165527344,1.1620588302612305,-41.46635055541992,64.47032165527344,-1.1620588302612305,-41.466346740722656,64.47032165527344,1.1620588302612305,-41.466346740722656,64.47032165527344,Stop,Stepping
1753295905.3910344,20606.3364386,-1.1620588302612305,-41.46635055541992,64.47032165527344,1.1620588302612305,-41.46635055541992,64.47032165527344,-1.1620588302612305,-41.466346740722656,64.47032165527344,1.1620588302612305,-41.466346740722656,64.47032165527344,Stop,Stepping
1753295905.4010448,20606.34703016,-1.1620588302612305,-41.46635055541992,64.47032165527344,1.1620588302612305,-41.46635055541992,64.47032165527344,-1.1620588302612305,-41.466346740722656,64.47032165527344,1.1620588302612305,-41.466346740722656,64.47032165527344,Stop,Stepping
1753295905.4110045,20606.356487709,-1.1620588302612305,-41.46635055541992,64.47032165527344,1.1620588302612305,-41.46635055541992,64.47032165527344,-1.1620588302612305,-41.466346740722656,64.47032165527344,1.1620588302612305,-41.466346740722656,64.47032165527344,Stop,Stepping
1753295905.4210238,20606.366364056,-1.1620588302612305,-41.46635055541992,64.47032165527344,1.1620588302612305,-41.46635055541992,64.47032165527344,-1.1620588302612305,-41.466346740722656,64.47032165527344,1.1620588302612305,-41.466346740722656,64.47032165527344,Stop,Stepping
1753295905.4310374,20606.376481366,-1.1620588302612305,-41.46635055541992,64.47032165527344,1.1620588302612305,-41.46635055541992,64.47032165527344,-1.1620588302612305,-41.466346740722656,64.47032165527344,1.1620588302612305,-41.466346740722656,64.47032165527344,Stop,Stepping
1753295905.4410343,20606.386579683,-1.1620588302612305,-41.46635055541992,64.47032165527344,1.1620588302612305,-41.46635055541992,64.47032165527344,-1.1620588302612305,-41.466346740722656,64.47032165527344,1.1620588302612305,-41.466346740722656,64.47032165527344,Stop,Stepping
1753295905.4510257,20606.396575241,-1.1620588302612305,-41.46635055541992,64.47032165527344,1.1620588302612305,-41.46635055541992,64.47032165527344,-1.1620588302612305,-41.466346740722656,64.47032165527344,1.1620588302612305,-41.466346740722656,64.47032165527344,Stop,Stepping
1753295905.4610262,20606.406546097,-1.1620588302612305,-41.46635055541992,64.47032165527344,1.1620588302612305,-41.46635055541992,64.47032165527344,-1.1620588302612305,-41.466346740722656,64.47032165527344,1.1620588302612305,-41.466346740722656,64.47032165527344,Stop,Stepping
1753295905.4710367,20606.416950886,-1.1620588302612305,-41.46635055541992,64.47032165527344,1.1620588302612305,-41.46635055541992,64.47032165527344,-1.1620588302612305,-41.466346740722656,64.47032165527344,1.1620588302612305,-41.466346740722656,64.47032165527344,Stop,Stepping
1753295905.4810808,20606.426545903,-1.1620588302612305,-41.46635055541992,64.47032165527344,1.1620588302612305,-41.46635055541992,64.47032165527344,-1.1620588302612305,-41.466346740722656,64.47032165527344,1.1620588302612305,-41.466346740722656,64.47032165527344,Stop,Stepping
1753295905.4910202,20606.436881604,-1.1620588302612305,-41.46635055541992,64.47032165527344,1.1620588302612305,-41.46635055541992,64.47032165527344,-1.1620588302612305,-41.466346740722656,64.47032165527344,1.1620588302612305,-41.466346740722656,64.47032165527344,Stop,Stepping
1753295905.501024,20606.446476905,-1.1620588302612305,-41.46635055541992,64.47032165527344,1.1620588302612305,-41.46635055541992,64.47032165527344,-1.1620588302612305,-41.466346740722656,64.47032165527344,1.1620588302612305,-41.466346740722656,64.47032165527344,Stop,Stepping
1753295905.511032,20606.456741447,-1.1620588302612305,-41.46635055541992,64.47032165527344,1.1620588302612305,-41.46635055541992,64.47032165527344,-1.1620588302612305,-41.466346740722656,64.47032165527344,1.1620588302612305,-41.466346740722656,64.47032165527344,Stop,Stepping
1753295905.5210307,20606.466493943,-1.1620588302612305,-41.46635055541992,64.47032165527344,1.1620588302612305,-41.46635055541992,64.47032165527344,-1.1620588302612305,-41.466346740722656,64.47032165527344,1.1620588302612305,-41.466346740722656,64.47032165527344,Stop,Stepping
1753295905.5310335,20606.476486701,-1.1620588302612305,-41.46635055541992,64.47032165527344,1.1620588302612305,-41.46635055541992,64.47032165527344,-1.1620588302612305,-41.466346740722656,64.47032165527344,1.1620588302612305,-41.466346740722656,64.47032165527344,Stop,Stepping
1753295905.5410252,20606.486461931,-1.1620588302612305,-41.46635055541992,64.47032165527344,1.1620588302612305,-41.46635055541992,64.47032165527344,-1.1620588302612305,-41.466346740722656,64.47032165527344,1.1620588302612305,-41.466346740722656,64.47032165527344,Stop,Stepping
1753295905.5510252,20606.49654754,-1.1620588302612305,-41.46635055541992,64.47032165527344,1.1620588302612305,-41.46635055541992,64.47032165527344,-1.1620588302612305,-41.466346740722656,64.47032165527344,1.1620588302612305,-41.466346740722656,64.47032165527344,Stop,Stepping
1753295905.5610125,20606.506716443,-1.1620588302612305,-41.46635055541992,64.47032165527344,1.1620588302612305,-41.46635055541992,64.47032165527344,-1.1620588302612305,-41.466346740722656,64.47032165527344,1.1620588302612305,-41.466346740722656,64.47032165527344,Stop,Stepping
1753295905.5710218,20606.51646275,-1.1620588302612305,-41.46635055541992,64.47032165527344,1.1620588302612305,-41.46635055541992,64.47032165527344,-1.1620588302612305,-41.466346740722656,64.47032165527344,1.1620588302612305,-41.466346740722656,64.47032165527344,Stop,Stepping
1753295905.581028,20606.526553789,-1.1620588302612305,-41.46635055541992,64.47032165527344,1.1620588302612305,-41.46635055541992,64.47032165527344,-1.1620588302612305,-41.466346740722656,64.47032165527344,1.1620588302612305,-41.466346740722656,64.47032165527344,Stop,Stepping
1753295905.5910091,20606.536486523,-1.1620588302612305,-41.46635055541992,64.47032165527344,1.1620588302612305,-41.46635055541992,64.47032165527344,-1.1620588302612305,-41.466346740722656,64.47032165527344,1.1620588302612305,-41.466346740722656,64.47032165527344,Stop,Stepping
1753295905.6010492,20606.546837326,-1.1620588302612305,-41.46635055541992,64.47032165527344,1.1620588302612305,-41.46635055541992,64.47032165527344,-1.1620588302612305,-41.466346740722656,64.47032165527344,1.1620588302612305,-41.466346740722656,64.47032165527344,Stop,Stepping
1753295905.6243136,20606.570529006,4.657807350158691,-42.5403938293457,74.81995391845703,0.16738979518413544,-44.99158477783203,75.53328704833984,0.8492666482925415,-42.310916900634766,77.70349884033203,-2.5525600910186768,-47.12895584106445,76.25012969970703,,
1753295905.638397,20606.584069193,7.575385093688965,-40.02857208251953,68.51069641113281,0.6597242951393127,-44.7750358581543,68.23492431640625,1.643318772315979,-40.137020111083984,72.71571350097656,-4.094094276428223,-48.05174255371094,71.35334777832031,,
1753295905.645393,20606.591046907,8.88460636138916,-37.6472053527832,65.87684631347656,0.9472441673278809,-44.9401741027832,62.65505599975586,2.543134927749634,-39.37539291381836,68.9012680053711,-3.9985835552215576,-47.86061477661133,69.4684829711914,,
1753295905.6485543,20606.594582828,8.72694206237793,-35.717132568359375,64.7613296508789,0.7940697073936462,-44.79119873046875,58.787784576416016,3.2474844455718994,-39.20677185058594,66.60572052001953,-3.1325368881225586,-47.09647750854492,68.71536254882812,,
1753295905.6618268,20606.607670982,8.578782081604004,-33.46458435058594,65.74434661865234,1.1708343029022217,-46.05678176879883,55.88726043701172,3.1790010929107666,-39.0715446472168,64.52821350097656,-1.8528650999069214,-46.795223236083984,68.01411437988281,,
1753295905.66495,20606.610639662,8.712303161621094,-31.679180145263672,64.47280883789062,-3.0018506050109863,-46.25423049926758,57.75424575805664,2.0100598335266113,-38.782466888427734,61.951904296875,0.747421383857727,-47.31841278076172,67.2734146118164,,
1753295905.6737235,20606.619683132,-7.053195953369141,-34.659767150878906,48.5595703125,-24.46466636657715,-24.947290420532227,51.23573684692383,7.824344635009766,-44.355953216552734,59.32054138183594,12.776965141296387,-40.26933670043945,61.51781463623047,,
1753295905.6838024,20606.629457178,-15.467748641967773,-36.78715133666992,40.685794830322266,-25.590425491333008,-18.856292724609375,45.5621337890625,4.111493110656738,-47.719764709472656,60.0738410949707,16.65931510925293,-34.219482421875,57.43672561645508,,
1753295905.694083,20606.639786409,-24.023225784301758,-31.366069793701172,23.857994079589844,-32.05743408203125,-8.839028358459473,35.57428741455078,0.8487683534622192,-55.0525016784668,54.45289611816406,18.9945011138916,-24.184926986694336,40.81758499145508,,
1753295905.7030864,20606.64862322,-14.566248893737793,-25.625856399536133,42.502037048339844,-14.591261863708496,-20.367887496948242,42.40708541870117,0.9266834855079651,-68.00028991699219,68.99064636230469,17.24601936340332,-16.591838836669922,40.4787483215332,,
1753295905.713181,20606.658930375,3.283602237701416,-30.95880699157715,39.61134338378906,26.731700897216797,-33.24640655517578,4.588555335998535,-0.2719099521636963,-28.31819725036621,25.578144073486328,-1.5693308115005493,-45.39615249633789,55.45232009887695,,
1753295905.728082,20606.673768069,-11.07974910736084,-49.201499938964844,-15.026006698608398,80.17427825927734,-39.729522705078125,-82.04332733154297,2.1663107872009277,0.9408665895462036,-60.51279830932617,-6.2449116706848145,-54.43315887451172,35.090389251708984,,
1753295905.739784,20606.685786641,-18.43160057067871,-52.26897430419922,-17.278438568115234,105.10474395751953,-51.98572540283203,-131.81581115722656,-1.5269513130187988,6.443212509155273,-92.83541107177734,10.099221229553223,-47.309200286865234,16.650211334228516,,
1753295905.7436013,20606.689334147,-9.997398376464844,-47.55044937133789,-35.194313049316406,124.58409881591797,-60.309112548828125,-189.23464965820312,-10.525076866149902,16.06370735168457,-134.96546936035156,17.650226593017578,-48.31888961791992,-7.266863822937012,,
1753295905.7536318,20606.699685297,16.20383071899414,-37.380409240722656,-17.513751983642578,135.90530395507812,-64.46129608154297,-206.80154418945312,-8.619041442871094,11.603041648864746,-120.90933227539062,19.451257705688477,-63.83502197265625,-34.6022834777832,,
1753295905.7694645,20606.71778965,19.359432220458984,-44.487815856933594,29.878358840942383,140.25054931640625,-79.17887115478516,-194.1074981689453,14.184675216674805,-18.374614715576172,-75.59109497070312,28.255638122558594,-61.95078659057617,-40.04702377319336,,
1753295905.7825038,20606.728505944,0.787896454334259,-18.73452377319336,59.63336944580078,69.66749572753906,-80.21500396728516,-98.79512023925781,16.604835510253906,-44.71684265136719,-21.615814208984375,32.38972854614258,-28.755624771118164,-7.871629238128662,,
1753295905.7935874,20606.739382124,-54.40520095825195,9.88499927520752,-41.01438522338867,-48.926963806152344,19.58531951904297,-20.57912826538086,26.64738655090332,-64.87034606933594,-26.32432746887207,37.81941223144531,1.9311996698379517,-3.209451198577881,,
1753295905.8024814,20606.748202457,-58.405731201171875,2.977393388748169,-62.657615661621094,-46.310142517089844,27.071069717407227,-32.5542106628418,9.141643524169922,-53.57596206665039,-35.484596252441406,32.046180725097656,-2.6219069957733154,-11.477764129638672,,
1753295905.8077016,20606.753520858,-51.14120864868164,12.410772323608398,-122.08318328857422,-62.23807144165039,20.818435668945312,-107.88831329345703,-20.07288360595703,-14.680216789245605,-103.63115692138672,25.988019943237305,-38.775089263916016,-93.83448791503906,,
1753295905.8200967,20606.765581551,-105.41967010498047,66.23881530761719,-309.494140625,-144.4322509765625,91.5295181274414,-231.51431274414062,-62.712459564208984,9.863798141479492,-222.59719848632812,77.41878509521484,-5.866232872009277,-249.0772705078125,,
1753295905.8260791,20606.772324438,-125.8365478515625,125.29341125488281,-453.09442138671875,-178.98951721191406,130.9337615966797,-310.22454833984375,-111.73727416992188,26.599889755249023,-300.7347717285156,80.11333465576172,43.07443618774414,-393.8486022949219,,
1753295905.833558,20606.779304292,-119.00939178466797,145.93453979492188,-494.7023010253906,-175.62657165527344,127.6451416015625,-364.7903747558594,-128.8791046142578,46.07359313964844,-344.4386291503906,59.29876708984375,62.26223373413086,-453.1568298339844,,
1753295905.844043,20606.789788811,12.526012420654297,125.10746765136719,-265.41986083984375,-20.121437072753906,105.6753158569336,-228.4403533935547,-39.870140075683594,53.90251922607422,-223.21322631835938,-36.41413116455078,-38.78011703491211,-278.3108215332031,,
1753295905.8611846,20606.806992823,35.68341827392578,79.40579986572266,-152.93362426757812,32.159603118896484,22.553802490234375,-190.15415954589844,23.028018951416016,21.643030166625977,-166.6836700439453,-52.154232025146484,-51.73227310180664,-213.19198608398438,,
1753295905.8652344,20606.810894474,40.480655670166016,5.460092067718506,-143.37245178222656,130.54385375976562,-29.962968826293945,-194.33737182617188,116.33489990234375,-48.29505157470703,-194.67941284179688,-62.38190841674805,-2.613133430480957,-234.3241729736328,,
1753295905.8746588,20606.820446269,41.51071548461914,-9.0531005859375,-123.3294448852539,175.41940307617188,-83.75675201416016,-214.8289337158203,124.76734161376953,-54.09347152709961,-203.38694763183594,-68.31958770751953,2.4040467739105225,-229.5808563232422,,
1753295905.8854952,20606.83203239,41.72177505493164,-12.2694091796875,-113.48786926269531,187.48684692382812,-103.1219482421875,-236.3329620361328,122.83349609375,-51.85441207885742,-212.5395050048828,-58.05372619628906,7.981688499450684,-218.69363403320312,,
1753295905.8946977,20606.84037191,55.00400161743164,-23.154987335205078,-85.5389633178711,195.7605438232422,-116.22796630859375,-261.5955505371094,105.2081298828125,-41.013702392578125,-207.54713439941406,-37.123287200927734,-1.6553394794464111,-203.0475311279297,,
1753295905.9048612,20606.850803414,16.006189346313477,-40.80561447143555,-85.60990905761719,186.31092834472656,-114.7301254272461,-267.8138122558594,150.58656311035156,-80.74320983886719,-245.88494873046875,-29.864721298217773,35.556758880615234,-227.03111267089844,,
1753295905.915034,20606.861172074,-33.3806266784668,15.796627044677734,-77.727783203125,72.50858306884766,-56.39151382446289,-170.8560333251953,131.67770385742188,-103.8148193359375,-209.77333068847656,15.024949073791504,82.18098449707031,-170.08790588378906,,
1753295905.9248664,20606.870698267,-83.41233825683594,59.36803436279297,-129.9094696044922,-44.496212005615234,23.876583099365234,-103.12982940673828,61.050662994384766,-78.35811614990234,-174.9123992919922,43.285545349121094,77.15220642089844,-90.10127258300781,,
1753295905.9417596,20606.887580112,-93.75768280029297,48.72941589355469,-143.1421661376953,-53.68666076660156,53.623252868652344,-90.2364730834961,31.450284957885742,-52.0472297668457,-139.20233154296875,42.059654235839844,49.131446838378906,-55.9298095703125,,
1753295905.9520342,20606.897887899,-86.66382598876953,32.05006790161133,-144.88885498046875,-60.9937744140625,71.46012878417969,-88.28303527832031,29.389713287353516,-40.457008361816406,-113.3808364868164,35.11835479736328,30.85390853881836,-40.87459945678711,,
1753295905.9601965,20606.905814889,-81.73088073730469,28.301002502441406,-168.9130096435547,-91.3464584350586,79.84474182128906,-109.89775848388672,13.682523727416992,-23.414766311645508,-109.0790786743164,31.56895637512207,15.353764533996582,-82.3555679321289,,
1753295905.9654028,20606.911818942,-96.76030731201172,35.60287857055664,-208.38021850585938,-111.7119140625,94.35237121582031,-145.61087036132812,17.907135009765625,-29.20912742614746,-134.5575714111328,41.268821716308594,24.44256019592285,-100.53717803955078,,
1753295905.9746761,20606.922686029,-50.42829895019531,31.365243911743164,-165.53375244140625,-52.00105285644531,44.83433532714844,-127.39605712890625,-8.511896133422852,7.0918684005737305,-102.63434600830078,-3.0798113346099854,-3.450251817703247,-109.97373962402344,,
1753295905.991504,20606.937878967,36.070091247558594,63.84935760498047,-95.70209503173828,14.690176010131836,9.163519859313965,-98.44340515136719,-12.834952354431152,40.09001922607422,-58.78245162963867,-55.650672912597656,-50.07150650024414,-123.08656311035156,,
1753295906.0012832,20606.947225715,107.6723861694336,105.60391235351562,-95.85971069335938,14.51165771484375,25.839197158813477,-119.63285064697266,-43.12276840209961,71.21415710449219,-80.279052734375,-34.7347526550293,-61.619178771972656,-90.40643310546875,,
1753295906.0047555,20606.950683498,73.7869873046875,38.09117126464844,-144.75962829589844,52.356266021728516,6.130355358123779,-176.27561950683594,-63.708595275878906,81.8582992553711,-156.61915588378906,9.447062492370605,-66.61680603027344,-58.57053756713867,,
1753295906.0135813,20606.959446895,-5.08627462387085,-42.59034729003906,-154.37522888183594,99.5692138671875,-26.417871475219727,-256.7027893066406,17.266002655029297,53.25525665283203,-256.5723876953125,17.31589126586914,-9.86540412902832,-77.53279876708984,,
1753295906.0237134,20606.969591786,-35.28987121582031,-49.2587890625,-117.51012420654297,121.11564636230469,-63.52847671508789,-289.83843994140625,37.30980682373047,25.327978134155273,-293.32464599609375,26.366775512695312,25.246610641479492,-84.08633422851562,,
1753295906.0339596,20606.980061045,13.73537540435791,-9.311332702636719,-78.0884017944336,114.81838989257812,-69.02224731445312,-270.4220275878906,-31.821489334106445,47.83014678955078,-230.1564178466797,39.87668228149414,-10.891220092773438,-69.67410278320312,,
1753295906.0432577,20606.989064907,31.034374237060547,0.4720799922943115,-81.20414733886719,111.64913940429688,-53.758358001708984,-247.7798309326172,-39.520652770996094,45.98107147216797,-208.19154357910156,39.67138671875,-23.602012634277344,-58.03559875488281,,
1753295906.0542095,20606.999931108,14.867971420288086,-8.401572227478027,-34.21805953979492,93.58146667480469,-46.55632400512695,-178.50076293945312,-15.788694381713867,14.835352897644043,-126.34822845458984,37.9273796081543,-15.341044425964355,-37.92794418334961,,
1753295906.069225,20607.015557358,6.944054126739502,45.9869384765625,-81.0353012084961,-19.467185974121094,47.88740921020508,-40.3738899230957,37.96589660644531,-53.370330810546875,-77.11280822753906,33.76320266723633,49.18949890136719,-76.8515396118164,,
1753295906.0745983,20607.020646531,6.86784553527832,91.8916015625,-155.7582550048828,-69.46675109863281,50.834171295166016,-60.42836380004883,3.5465457439422607,-69.40702819824219,-66.73384094238281,12.620634078979492,59.84192657470703,-172.752197265625,,
1753295906.0859601,20607.032465115,73.63993072509766,190.5459442138672,-203.61474609375,-48.26782989501953,-8.29685115814209,-98.36428833007812,-67.21428680419922,-66.98724365234375,-76.17797088623047,-56.92939376831055,55.10680389404297,-325.3453369140625,,
1753295906.0939744,20607.039641414,103.6629409790039,268.6805114746094,-257.3560791015625,-53.13923263549805,-17.559560775756836,-144.1153564453125,-90.35319519042969,-70.52603912353516,-127.01019287109375,-92.20482635498047,74.5001220703125,-425.6890869140625,,
1753295906.1033654,20607.049036746,44.536434173583984,286.9289245605469,-331.1527404785156,-107.91959381103516,35.8116340637207,-200.33834838867188,-53.39443588256836,-143.5977325439453,-188.70167541503906,-58.74086380004883,132.61976623535156,-468.7640380859375,,
1753295906.1137605,20607.059518475,-10.174442291259766,271.10003662109375,-374.1793518066406,-140.0040283203125,98.18572998046875,-230.72962951660156,-6.345688819885254,-192.3844757080078,-198.75587463378906,-23.899410247802734,182.6195526123047,-473.9194030761719,,
1753295906.1274574,20607.073193604,-24.063669204711914,204.19107055664062,-319.8977355957031,-122.46040344238281,121.10612487792969,-194.01991271972656,25.18556022644043,-161.90211486816406,-150.49349975585938,7.137308120727539,185.0900421142578,-380.808349609375,,
1753295906.1412623,20607.086836138,18.295135498046875,121.34970092773438,-203.84120178222656,-59.02503204345703,82.15680694580078,-156.1374969482422,52.279029846191406,-51.726593017578125,-114.41991424560547,16.058748245239258,153.22125244140625,-223.48736572265625,,
1753295906.1502593,20607.095728133,13.349132537841797,-3.7973482608795166,-160.684814453125,19.953140258789062,19.105382919311523,-194.36898803710938,92.4146728515625,13.33481502532959,-215.78660583496094,-22.285287857055664,98.31910705566406,-146.83447265625,,
1753295906.160387,20607.106038332,-25.758625030517578,-50.46623229980469,-110.42130279541016,82.15487670898438,-42.741943359375,-198.1890106201172,121.96126556396484,-15.501007080078125,-234.3959197998047,-40.38595962524414,83.56874084472656,-127.4089126586914,,
1753295906.1702757,20607.11593782,-34.22073745727539,16.312456130981445,-129.74501037597656,23.318099975585938,9.229055404663086,-139.2810516357422,174.1139373779297,-53.72467041015625,-217.8824005126953,-25.995065689086914,110.46697235107422,-153.6422882080078,,
1753295906.1819625,20607.127612472,-34.485965728759766,31.845495223999023,-108.64451599121094,12.35367202758789,2.9927852153778076,-96.40723419189453,135.3205108642578,-47.58726119995117,-169.27755737304688,-16.631505966186523,87.77171325683594,-106.38411712646484,,
1753295906.187344,20607.13323221,-61.88284683227539,40.50807571411133,-111.05121612548828,-63.922550201416016,58.217613220214844,-63.19575119018555,71.031494140625,-26.947195053100586,-113.45719909667969,19.03570556640625,49.32354736328125,-58.206626892089844,,
1753295906.1940703,20607.140196607,-68.06391143798828,33.52867889404297,-105.25447082519531,-69.51258087158203,66.17769622802734,-59.219940185546875,53.01438522338867,-44.39064025878906,-81.06375885009766,26.610713958740234,45.07147216796875,-39.36313247680664,,
1753295906.2039192,20607.149562465,-71.44122314453125,32.653621673583984,-104.31266021728516,-67.55950164794922,64.29763793945312,-60.96430206298828,45.11486053466797,-50.943817138671875,-83.675048828125,23.335487365722656,38.87348556518555,-33.09489059448242,,
1753295906.2140148,20607.15975065,-71.29621124267578,32.46147537231445,-102.74169921875,-68.84087371826172,64.07994842529297,-61.17524337768555,42.74199676513672,-53.09854507446289,-83.72000885009766,23.002986907958984,35.92387771606445,-29.78493881225586,,
1753295906.223963,20607.170826682,-78.87838745117188,36.40290451049805,-111.63752746582031,-84.73393249511719,79.50860595703125,-66.06194305419922,51.3172721862793,-59.65396499633789,-89.45970153808594,31.861906051635742,40.451416015625,-30.852962493896484,,
1753295906.2345884,20607.180250199,-67.09107208251953,47.79161071777344,-107.16341400146484,-68.21817779541016,63.93081283569336,-73.13662719726562,60.15885925292969,-72.28889465332031,-104.89143371582031,23.891103744506836,51.221466064453125,-53.16037368774414,,
1753295906.2445316,20607.190430948,-64.53436279296875,36.8885383605957,-102.67874145507812,-62.29832077026367,48.43654251098633,-70.73847961425781,40.427494049072266,-45.478904724121094,-96.0844955444336,18.483552932739258,29.99566078186035,-40.381595611572266,,
1753295906.2550352,20607.200295905,-74.6746826171875,23.572736740112305,-141.75103759765625,-87.05512237548828,63.07680892944336,-110.32889556884766,26.040773391723633,-22.245391845703125,-112.15196228027344,31.351350784301758,9.213390350341797,-59.288570404052734,,
1753295906.2644672,20607.209915055,-77.10334014892578,24.83400535583496,-168.58087158203125,-94.3216781616211,65.11026763916016,-138.5062255859375,18.47672462463379,-21.08350944519043,-132.34170532226562,31.769620895385742,11.808005332946777,-75.2298583984375,,
1753295906.2756166,20607.220930797,-75.0299301147461,31.082658767700195,-151.27432250976562,-82.0313491821289,57.747955322265625,-124.68785095214844,25.08006477355957,-31.57655906677246,-121.29035949707031,21.744503021240234,23.008651733398438,-59.321163177490234,,
1753295906.2846754,20607.230006769,-75.1424331665039,43.19245529174805,-135.28053283691406,-74.99043273925781,54.50058364868164,-117.75991821289062,39.07770919799805,-46.016937255859375,-127.98033905029297,21.977270126342773,29.16555404663086,-58.10014343261719,,
1753295906.2945857,20607.239759906,-74.19894409179688,36.69285202026367,-135.4151153564453,-75.27638244628906,51.656063079833984,-115.97608947753906,33.14350509643555,-33.424198150634766,-122.8260498046875,20.35599136352539,18.01552391052246,-56.1403694152832,,
1753295906.3049033,20607.250177946,-70.6480712890625,28.378442764282227,-140.23544311523438,-79.54456329345703,52.54655456542969,-120.0290756225586,26.064495086669922,-23.2851505279541,-118.61294555664062,22.662065505981445,10.924844741821289,-60.8361930847168,,
1753295906.3143642,20607.25984041,-65.5861587524414,29.647478103637695,-128.82662963867188,-71.70793914794922,43.944183349609375,-112.60020446777344,28.159317016601562,-27.283655166625977,-110.96893310546875,17.238338470458984,12.709463119506836,-55.17425537109375,,
1753295906.3245513,20607.270212465,-64.43075561523438,32.581729888916016,-114.44918060302734,-66.99141693115234,40.79507064819336,-101.7362289428711,34.03962707519531,-35.46257400512695,-106.36038970947266,16.232925415039062,15.73499870300293,-47.30915451049805,,
1753295906.3349822,20607.280894381,-63.49805450439453,31.976333618164062,-106.50981903076172,-65.47759246826172,39.18307113647461,-95.0703353881836,35.50686264038086,-36.819725036621094,-101.92191314697266,16.19744300842285,14.708980560302734,-43.04344177246094,,
1753295906.3443394,20607.29019727,-61.634498596191406,28.337196350097656,-103.16535186767578,-65.81358337402344,38.09813690185547,-91.50659942626953,33.65208435058594,-33.08583450317383,-96.3807144165039,15.725176811218262,11.006772994995117,-40.21833801269531,,
1753295906.3556163,20607.302194507,-56.75520706176758,28.32794761657715,-91.9249038696289,-58.142250061035156,31.651203155517578,-83.36908721923828,34.37647247314453,-35.13638687133789,-89.08443450927734,11.65472412109375,10.483016967773438,-38.23173904418945,,
1753295906.3655863,20607.312084695,-51.058509826660156,29.176912307739258,-77.86691284179688,-47.63618469238281,25.097139358520508,-72.60511779785156,34.82990264892578,-39.02629089355469,-81.73698425292969,7.8786797523498535,11.852158546447754,-37.11482620239258,,
1753295906.3818233,20607.327613846,-43.425880432128906,27.491331100463867,-64.97891235351562,-37.91620635986328,18.124847412109375,-60.22941589355469,33.597572326660156,-42.40040969848633,-73.63565826416016,6.089291095733643,12.340086936950684,-35.81928634643555,,
1753295906.3871403,20607.333210983,-21.429121017456055,24.33268928527832,-40.72761154174805,-16.350473403930664,-2.0748839378356934,-47.8106803894043,24.612478256225586,-35.16293716430664,-60.3493537902832,-8.52796745300293,-3.579089641571045,-40.2401008605957,,
1753295906.403065,20607.348965062,-12.388609886169434,17.93602752685547,-26.48558235168457,-10.909011840820312,-8.682971954345703,-38.88697052001953,28.458694458007812,-34.64006042480469,-50.84037780761719,-12.900861740112305,-9.665362358093262,-40.299373626708984,,
1753295906.413221,20607.359186191,6.645164966583252,5.917041778564453,1.4164104461669922,4.9185261726379395,-29.808286666870117,-26.752273559570312,25.037866592407227,-38.28525161743164,-34.090431213378906,-13.200777053833008,-11.166708946228027,-30.321163177490234,,
1753295906.423725,20607.369722027,1.9591727256774902,-0.8682148456573486,7.541703701019287,-1.7896384000778198,-31.02853775024414,-10.70218276977539,32.75477600097656,-43.39667892456055,-26.89837074279785,-7.844297885894775,-1.1951179504394531,-14.449429512023926,,
1753295906.434237,20607.379775297,2.3674159049987793,-11.701042175292969,19.7673397064209,7.801675796508789,-39.55975341796875,-7.419989585876465,37.70110321044922,-39.544212341308594,-21.751693725585938,-9.820683479309082,0.6320088505744934,0.7198609709739685,,
1753295906.4432857,20607.388393741,0.48897549510002136,-26.955272674560547,32.544097900390625,24.014307022094727,-51.151187896728516,-11.692621231079102,37.102439880371094,-36.224464416503906,-21.481975555419922,-11.362464904785156,-3.8016409873962402,11.581849098205566,,
1753295906.4523523,20607.397426121,-4.94830846786499,-29.71159553527832,34.31081008911133,19.620445251464844,-47.60121536254883,-8.873536109924316,37.776885986328125,-32.72120666503906,-21.863914489746094,-8.846840858459473,-0.28022435307502747,17.112226486206055,,
1753295906.4597268,20607.404878345,-6.677399158477783,-19.37816047668457,23.434843063354492,-2.5225908756256104,-26.920307159423828,3.484837532043457,53.29674530029297,-36.7669563293457,-26.5896053314209,-9.285613059997559,6.458252429962158,8.351886749267578,,
1753295906.4648154,20607.410198779,-7.550032138824463,-22.495960235595703,17.264362335205078,-1.11575448513031,-28.80062484741211,-0.8376339077949524,56.02397918701172,-30.96174430847168,-33.95362091064453,-15.33737564086914,7.109910488128662,5.512809753417969,,
1753295906.474374,20607.419604376,-7.343803405761719,-23.3873233795166,13.889435768127441,-1.777384638786316,-28.26198959350586,-4.077335834503174,54.551109313964844,-27.050382614135742,-39.30665969848633,-15.625666618347168,8.268341064453125,2.495211601257324,,
1753295906.4915245,20607.436627917,6.628335475921631,-10.216753005981445,6.193076133728027,-23.20266342163086,-6.720040798187256,8.106464385986328,43.949562072753906,-24.82696533203125,-31.710670471191406,-8.435025215148926,9.141430854797363,-11.431557655334473,,
1753295906.4956195,20607.440468919,21.182802200317383,-3.5508434772491455,-4.750854015350342,-33.59209060668945,4.655635833740234,9.934032440185547,34.8389892578125,-18.484786987304688,-29.084897994995117,-3.1520488262176514,6.977927207946777,-23.662343978881836,,
1753295906.5039873,20607.449145219,30.871450424194336,5.064849376678467,-15.11734676361084,-43.255863189697266,14.215616226196289,10.450312614440918,27.42313003540039,-16.167442321777344,-28.058069229125977,1.9697809219360352,6.161719799041748,-38.8131217956543,,
1753295906.514614,20607.459992256,39.07575988769531,17.470125198364258,-25.905315399169922,-52.187686920166016,20.35047721862793,8.908103942871094,16.34009552001953,-17.841754913330078,-27.088714599609375,6.4490509033203125,5.733726501464844,-56.35277557373047,,
1753295906.529449,20607.474999568,42.35540771484375,30.166990280151367,-40.112674713134766,-54.884830474853516,23.42522430419922,5.90683650970459,6.280735015869141,-27.138996124267578,-23.93304443359375,6.981502056121826,9.068388938903809,-77.92559814453125,,
1753295906.533789,20607.480507271,43.07899856567383,37.675941467285156,-47.4006233215332,-53.42684555053711,24.001445770263672,0.5786058306694031,2.7134225368499756,-33.01466751098633,-22.405336380004883,7.087211608886719,15.35079288482666,-85.9196548461914,,
1753295906.5452616,20607.490504073,44.67103576660156,46.44856262207031,-55.04188537597656,-52.504150390625,24.672670364379883,-3.353363275527954,-0.5593955516815186,-38.265472412109375,-23.466064453125,5.072098255157471,19.02113914489746,-95.48827362060547,,
1753295906.5539474,20607.499181576,46.33036804199219,57.794960021972656,-64.90858459472656,-49.538570404052734,22.709815979003906,-7.25264310836792,-5.238800525665283,-44.39187240600586,-23.152265548706055,-1.8388745784759521,19.670764923095703,-107.67353057861328,,
1753295906.5644827,20607.510030441,46.456790924072266,66.37010192871094,-72.72008514404297,-47.39450454711914,20.386808395385742,-11.594498634338379,-8.280794143676758,-48.723052978515625,-23.25785255432129,-7.620879173278809,20.38646697998047,-115.20855712890625,,
1753295906.5745423,20607.519628669,45.95524215698242,70.41950988769531,-76.56846618652344,-47.378395080566406,20.015047073364258,-14.66910171508789,-8.766131401062012,-50.970619201660156,-24.6033935546875,-9.287731170654297,22.04829216003418,-117.64871215820312,,
1753295906.5848022,20607.529984741,45.77388381958008,73.43819427490234,-79.87018585205078,-46.58350372314453,18.786651611328125,-16.278799057006836,-10.124692916870117,-52.60542678833008,-24.435991287231445,-12.349946975708008,21.845497131347656,-120.73384094238281,,
1753295906.5947728,20607.539977957,45.366722106933594,74.8332290649414,-81.2347183227539,-46.591819763183594,18.452730178833008,-17.52256965637207,-10.28235149383545,-53.4533805847168,-24.905704498291016,-13.199416160583496,22.291507720947266,-121.75230407714844,,
1753295906.6046855,20607.549906047,45.06087112426758,74.39811706542969,-80.8376693725586,-46.21916198730469,17.903972625732422,-17.708345413208008,-10.334251403808594,-52.92728042602539,-24.94260025024414,-13.225531578063965,22.042835235595703,-120.18256378173828,,
1753295906.614917,20607.560042746,44.869598388671875,72.70374298095703,-79.00128936767578,-45.189517974853516,16.750810623168945,-16.91996955871582,-10.534485816955566,-51.37736129760742,-24.331518173217773,-13.136109352111816,20.840755462646484,-116.89888000488281,,
1753295906.6252842,20607.57049829,44.05605697631836,69.76187133789062,-76.26912689208984,-44.06170654296875,15.32308292388916,-15.426276206970215,-10.284327507019043,-49.939002990722656,-23.073266983032227,-12.940738677978516,19.305007934570312,-112.9886245727539,,
1753295906.6407454,20607.585882976,42.538124084472656,65.05386352539062,-72.03147888183594,-43.21413803100586,14.174825668334961,-13.334468841552734,-9.038878440856934,-48.610496520996094,-21.301891326904297,-11.686530113220215,18.20163917541504,-107.25690460205078,,
1753295906.6470194,20607.592285726,40.577178955078125,58.71977615356445,-66.6158447265625,-43.11579513549805,13.972105979919434,-10.532001495361328,-6.748319149017334,-47.63859558105469,-19.273544311523438,-9.074790954589844,18.021671295166016,-100.07352447509766,,
1753295906.655324,20607.600657285,38.91791915893555,51.4134407043457,-60.224700927734375,-42.8876953125,13.795586585998535,-7.228430271148682,-4.5149970054626465,-46.12440490722656,-16.741060256958008,-6.175020694732666,17.667804718017578,-91.78241729736328,,
1753295906.6655662,20607.611299852,37.062217712402344,42.06905746459961,-52.07777404785156,-41.52434158325195,12.201004028320312,-3.8104054927825928,-2.7171108722686768,-42.54930877685547,-13.612238883972168,-3.368863821029663,15.844123840332031,-80.50995635986328,,
1753295906.6746752,20607.620187835,36.27260208129883,34.29863357543945,-44.276004791259766,-39.810611724853516,10.223226547241211,-0.3175218403339386,-1.8041925430297852,-38.53538131713867,-10.79287338256836,-1.5855151414871216,13.23698616027832,-70.501953125,,
1753295906.6848629,20607.629997318,35.61224365234375,27.111053466796875,-37.28034591674805,-38.12591552734375,8.261698722839355,2.273981809616089,-0.6217725276947021,-33.983638763427734,-8.688151359558105,-0.16959170997142792,10.67524242401123,-60.72452163696289,,
1753295906.6954112,20607.640873324,34.24494552612305,20.398426055908203,-31.690452575683594,-36.30864715576172,6.125622272491455,3.805310010910034,0.7877392768859863,-29.244935989379883,-7.260580062866211,0.459464430809021,7.773050308227539,-51.6614875793457,,
1753295906.7048292,20607.650204587,32.12601852416992,14.10112190246582,-27.038436889648438,-34.2747688293457,3.9989335536956787,4.265992641448975,2.7118992805480957,-24.972047805786133,-6.522632598876953,0.5512920022010803,4.9465436935424805,-42.99250411987305,,
1753295906.7151613,20607.6606564,29.633056640625,8.238626480102539,-23.182775497436523,-32.075679779052734,2.0878262519836426,3.6172409057617188,4.946901798248291,-20.965469360351562,-6.715284824371338,0.31574946641921997,2.19992995262146,-34.36363983154297,,
1753295906.7261012,20607.671239451,26.954334259033203,2.526515483856201,-20.262903213500977,-29.56606101989746,0.4351491630077362,1.666716456413269,7.314002990722656,-16.998491287231445,-7.963460922241211,-0.7187976837158203,-0.2193298041820526,-25.64236831665039,,
1753295906.7347276,20607.679889156,24.144664764404297,-2.359914541244507,-17.6580753326416,-26.44797706604004,-1.7523008584976196,-1.0126370191574097,9.382147789001465,-13.368403434753418,-10.536120414733887,-3.1313605308532715,-2.558532953262329,-17.77457618713379,,
1753295906.7444987,20607.689721458,19.458681106567383,-5.623419761657715,-14.27526569366455,-22.337337493896484,-5.22644567489624,-4.589709758758545,12.044678688049316,-12.584052085876465,-13.07949161529541,-7.008265495300293,-4.902093887329102,-12.832170486450195,,
1753295906.755826,20607.701294824,12.696183204650879,-6.4128499031066895,-9.9232816696167,-17.358823776245117,-10.837719917297363,-10.368950843811035,15.82257080078125,-14.81240463256836,-14.40117359161377,-11.18622875213623,-7.5538225173950195,-11.762057304382324,,
1753295906.7700787,20607.715281245,8.28414535522461,-4.093908309936523,-5.5441670417785645,-14.583900451660156,-16.7587890625,-16.407848358154297,18.899585723876953,-17.103731155395508,-14.167376518249512,-14.303589820861816,-11.235793113708496,-13.338607788085938,,
1753295906.7801607,20607.725243574,6.376368999481201,-1.4535927772521973,-2.4118080139160156,-14.042174339294434,-20.586088180541992,-21.57449722290039,21.61769676208496,-18.91848373413086,-13.601153373718262,-16.401437759399414,-14.580352783203125,-15.874014854431152,,
1753295906.7853923,20607.730833736,5.720286846160889,0.4861330986022949,-0.3644247353076935,-14.765384674072266,-22.722990036010742,-26.013240814208984,23.433774948120117,-19.785873413085938,-13.683526039123535,-17.60142707824707,-17.144479751586914,-18.31584930419922,,
1753295906.7994373,20607.744636583,5.432470321655273,1.8327937126159668,0.5841860771179199,-16.191715240478516,-23.664424896240234,-29.826684951782227,24.233718872070312,-19.827781677246094,-14.193632125854492,-17.894973754882812,-18.655134201049805,-20.59559440612793,,
1753295906.8051999,20607.750571917,5.584568023681641,2.8362202644348145,0.886387825012207,-17.032384872436523,-24.342735290527344,-33.275123596191406,24.247802734375,-19.59989356994629,-14.96037483215332,-17.976499557495117,-19.679014205932617,-23.08306121826172,,
1753295906.8154037,20607.760626651,6.441523551940918,3.540276050567627,0.9188175201416016,-16.75992202758789,-25.417280197143555,-37.398441314697266,23.291168212890625,-18.89228057861328,-15.925378799438477,-18.61266326904297,-21.574731826782227,-26.784976959228516,,
1753295906.8247993,20607.770073617,7.2454705238342285,4.251199722290039,0.8716004490852356,-17.036291122436523,-25.917818069458008,-39.17120361328125,23.084501266479492,-18.8179874420166,-16.57229232788086,-18.620365142822266,-21.9709529876709,-28.197439193725586,,
1753295906.8346474,20607.780125138,8.548348426818848,4.786307334899902,1.2265175580978394,-15.712981224060059,-27.22597885131836,-41.430809020996094,22.23138999938965,-18.414525985717773,-17.17791175842285,-19.57755470275879,-23.513967514038086,-30.512121200561523,,
1753295906.845415,20607.790644589,9.749884605407715,5.252580642700195,1.7273343801498413,-14.93370532989502,-28.16200065612793,-42.509376525878906,21.974035263061523,-18.34076499938965,-17.453454971313477,-20.09796905517578,-24.275707244873047,-31.45247459411621,,
1753295906.8546836,20607.799865116,10.218160629272461,5.447790622711182,1.9806729555130005,-14.769587516784668,-28.62482452392578,-43.147972106933594,22.05011558532715,-18.479429244995117,-17.619388580322266,-20.111940383911133,-24.38370704650879,-31.663801193237305,,
1753295906.8676982,20607.812927319,11.81336784362793,6.084921360015869,3.0351927280426025,-12.940423965454102,-29.813385009765625,-42.67148208618164,21.74873924255371,-18.48049545288086,-16.89411735534668,-20.886154174804688,-24.59684944152832,-30.99201011657715,,
1753295906.882181,20607.827646691,12.154833793640137,5.946411609649658,3.54850172996521,-12.258217811584473,-30.360149383544922,-42.71559143066406,22.022916793823242,-18.754079818725586,-16.57976531982422,-21.03760528564453,-24.618545532226562,-30.445171356201172,,
1753295906.893401,20607.838553754,13.186429023742676,6.0654072761535645,4.535068035125732,-10.544476509094238,-31.365463256835938,-42.14064025878906,21.900863647460938,-18.865978240966797,-15.666548728942871,-21.41611099243164,-24.68940544128418,-29.31898307800293,,
1753295906.9029093,20607.848205251,14.256721496582031,5.757936000823975,5.750397682189941,-7.9142537117004395,-32.52174758911133,-41.14313507080078,21.562002182006836,-18.86012077331543,-14.201547622680664,-21.634031295776367,-24.726953506469727,-27.344614028930664,,
1753295906.9125679,20607.858085855,15.277827262878418,4.870947360992432,7.0751471519470215,-4.325321674346924,-33.84600830078125,-40.01743698120117,20.86945343017578,-18.687423706054688,-12.3839111328125,-21.689308166503906,-24.869176864624023,-24.607053756713867,,
1753295906.92031,20607.865880086,16.25184440612793,3.4959890842437744,8.483211517333984,-0.41590026021003723,-34.907527923583984,-38.60289001464844,19.496620178222656,-18.214767456054688,-10.269831657409668,-21.350263595581055,-24.861600875854492,-21.022775650024414,,
1753295906.924751,20607.869939292,17.130615234375,1.3989776372909546,10.239676475524902,3.4357872009277344,-35.06583786010742,-36.945655822753906,17.374134063720703,-17.1607666015625,-7.9662065505981445,-20.126474380493164,-24.332366943359375,-16.714887619018555,,
1753295906.9346263,20607.879774441,17.836750030517578,-3.0618224143981934,10.972084045410156,7.973402976989746,-33.2269287109375,-34.10239791870117,10.270730018615723,-13.610896110534668,-5.638095855712891,-15.339518547058105,-22.4769344329834,-9.197368621826172,,
1753295906.9452348,20607.890395146,17.23784637451172,-7.075661659240723,9.529752731323242,10.342523574829102,-30.90765953063965,-33.247013092041016,4.3293633460998535,-10.134138107299805,-4.741353511810303,-10.842921257019043,-20.616193771362305,-2.441164255142212,,
1753295906.9545908,20607.900178619,16.194259643554688,-9.128724098205566,9.109676361083984,11.757221221923828,-29.626075744628906,-33.65735626220703,2.6215507984161377,-8.578474044799805,-4.620151519775391,-9.339155197143555,-20.091941833496094,0.8418617844581604,,
1753295906.965846,20607.911099333,15.250808715820312,-10.543987274169922,6.326708793640137,12.351340293884277,-26.791656494140625,-32.68233108520508,-0.734495997428894,-5.424039840698242,-6.130900859832764,-6.507859706878662,-18.584091186523438,5.045699596405029,,
1753295906.9745548,20607.919747935,14.734479904174805,-11.682695388793945,2.260901927947998,12.497089385986328,-22.53038215637207,-30.07923698425293,-3.26942777633667,-1.7666271924972534,-9.943546295166016,-4.375593185424805,-17.31985855102539,8.280784606933594,,
1753295906.9845397,20607.929821403,14.828118324279785,-12.611321449279785,-1.9329025745391846,11.762191772460938,-18.19590187072754,-26.498004913330078,-4.378796100616455,2.3636326789855957,-15.520109176635742,-3.0961990356445312,-16.750455856323242,9.623764038085938,,
1753295906.99567,20607.940990295,15.36064624786377,-12.945666313171387,-6.088321208953857,9.416590690612793,-14.213034629821777,-22.616729736328125,-4.900014877319336,7.125179290771484,-22.013959884643555,-2.0914926528930664,-16.686677932739258,8.946297645568848,,
1753295907.0055673,20607.95072394,17.154598236083984,-11.973665237426758,-10.165425300598145,5.946008205413818,-10.678709030151367,-19.29094123840332,-5.764010906219482,12.000561714172363,-28.454608917236328,-1.295486569404602,-17.26741600036621,6.802499771118164,,
1753295907.0190492,20607.96418896,20.129653930664062,-10.160298347473145,-14.178065299987793,1.720596432685852,-7.574620723724365,-16.7635440826416,-6.9469895362854,16.582508087158203,-34.28493881225586,-0.6084954738616943,-18.319459915161133,3.8545353412628174,,
1753295907.029919,20607.975037316,23.927505493164062,-7.306948661804199,-18.288022994995117,-3.008056879043579,-4.827576637268066,-14.507964134216309,-8.545515060424805,20.75809669494629,-39.2290153503418,-0.015184287913143635,-19.653417587280273,0.3077341616153717,,
1753295907.0421538,20607.987676372,28.30059242248535,-3.7094950675964355,-22.116098403930664,-7.421995162963867,-2.5020439624786377,-12.94973087310791,-10.346242904663086,24.55234146118164,-43.30730438232422,0.38597309589385986,-21.11205291748047,-3.6731390953063965,,
1753295907.0521996,20607.997248186,32.946998596191406,0.3786122798919678,-25.47625732421875,-11.29759407043457,-0.7327961325645447,-12.146760940551758,-12.185445785522461,27.7799072265625,-46.64203643798828,0.7432186007499695,-22.654558181762695,-7.866096496582031,,
1753295907.0607975,20608.005833684,37.16073226928711,4.2613325119018555,-28.270774841308594,-14.415730476379395,0.5278758406639099,-12.341462135314941,-13.722280502319336,30.62761878967285,-49.66393280029297,1.309552550315857,-24.051679611206055,-11.622720718383789,,
1753295907.0692613,20608.014321703,40.42486572265625,7.563069820404053,-30.597293853759766,-16.74983024597168,1.5132023096084595,-13.414942741394043,-14.858419418334961,33.21452331542969,-52.607208251953125,2.127816915512085,-25.165664672851562,-14.63889217376709,,
1753295907.0790012,20608.024086954,42.77787780761719,10.137907981872559,-32.505130767822266,-18.278444290161133,2.285918712615967,-14.944618225097656,-15.699527740478516,35.491329193115234,-55.20986557006836,2.9459447860717773,-26.041297912597656,-16.864673614501953,,
1753295907.0850012,20608.030118789,44.18362045288086,11.68177318572998,-34.0120735168457,-19.016273498535156,2.896916627883911,-16.59625244140625,-16.189260482788086,37.405521392822266,-57.27299499511719,3.6417224407196045,-26.648193359375,-18.254610061645508,,
1753295907.093892,20608.038994234,44.583709716796875,11.965365409851074,-34.984092712402344,-18.086292266845703,2.82421612739563,-18.90795135498047,-16.897340774536133,39.625892639160156,-58.53855895996094,3.7426910400390625,-27.6404972076416,-17.806440353393555,,
1753295907.1044767,20608.049577495,43.8586540222168,11.275520324707031,-35.5797119140625,-16.46646499633789,2.692291021347046,-20.859554290771484,-17.19898223876953,41.089481353759766,-58.729164123535156,3.5486652851104736,-28.366010665893555,-16.629823684692383,,
1753295907.1141849,20608.059277037,42.91728210449219,10.895341873168945,-36.16515350341797,-15.694183349609375,2.9499428272247314,-21.734098434448242,-17.203596115112305,41.66368865966797,-58.92340087890625,3.5213639736175537,-28.705974578857422,-16.19222068786621,,
1753295907.124174,20608.069370372,41.635215759277344,9.940730094909668,-33.94937515258789,-7.562652587890625,1.263282299041748,-28.807348251342773,-19.914199829101562,42.51016616821289,-54.05868148803711,-0.0809546485543251,-30.74508285522461,-10.864044189453125,,
1753295907.136893,20608.082807862,44.23857116699219,20.668880462646484,-31.453062057495117,4.442123889923096,-4.080124855041504,-36.720367431640625,-25.14813804626465,34.531036376953125,-36.25412368774414,-10.270721435546875,-28.45113182067871,-12.519217491149902,,
1753295907.149126,20608.094850314,45.57742691040039,25.551292419433594,-33.19996643066406,7.889915943145752,-4.50040340423584,-39.66069412231445,-25.6064510345459,29.126882553100586,-29.110347747802734,-13.026694297790527,-27.28434944152832,-11.777759552001953,,
1753295907.1599336,20608.105185059,52.24167251586914,40.11505889892578,-34.947265625,9.194756507873535,-18.509647369384766,-37.07143783569336,-25.895246505737305,20.922643661499023,-14.6293363571167,-28.009748458862305,-30.55023765563965,-32.28973388671875,,
1753295907.1700034,20608.115009698,61.11494827270508,44.5042610168457,-33.207820892333984,13.526455879211426,-20.39854621887207,-39.45111846923828,-18.09861183166504,14.365592956542969,-12.385476112365723,-40.37858581542969,-33.923831939697266,-46.22792053222656,,
1753295907.179004,20608.124074874,61.39767074584961,34.18116760253906,-27.27910614013672,23.51551055908203,-16.78822898864746,-46.9246826171875,-10.93039608001709,6.9364542961120605,-14.074718475341797,-39.15129089355469,-32.73611831665039,-40.41080093383789,,
1753295907.185529,20608.131086443,50.13868713378906,13.816008567810059,-16.179428100585938,35.583614349365234,-22.979263305664062,-56.302982330322266,-4.956213474273682,1.6539452075958252,-12.790335655212402,-31.031349182128906,-32.667869567871094,-30.606050491333008,,
1753295907.1943269,20608.139621267,38.52128219604492,-2.3566598892211914,2.3087267875671387,45.06161117553711,-33.61064529418945,-66.63412475585938,7.7140703201293945,-6.435601234436035,-11.086038589477539,-23.180171966552734,-36.08266830444336,-24.835708618164062,,
1753295907.2036753,20608.15045221,30.630577087402344,-8.048209190368652,20.560556411743164,48.17405700683594,-43.14395523071289,-74.41081237792969,18.818450927734375,-11.762612342834473,-7.194019794464111,-16.34444236755371,-41.05257797241211,-22.132831573486328,,
1753295907.2144914,20608.160170929,27.74675750732422,-8.202181816101074,32.37346267700195,48.97627258300781,-49.48781967163086,-78.13394927978516,25.091699600219727,-14.542642593383789,-4.4855217933654785,-11.600316047668457,-45.00633239746094,-22.118932723999023,,
1753295907.2240636,20608.169725818,27.83537483215332,-8.76522445678711,39.606014251708984,52.02164077758789,-53.95089340209961,-80.75772857666016,29.378032684326172,-18.23263931274414,-3.7342283725738525,-8.296320915222168,-47.67870330810547,-22.895797729492188,,
1753295907.235129,20608.180299301,28.02938461303711,-9.03110408782959,43.06264877319336,52.99599838256836,-56.4696044921875,-81.14095306396484,29.79212760925293,-19.423675537109375,-2.848195791244507,-5.725447177886963,-48.509212493896484,-22.160337448120117,,
1753295907.2438774,20608.189371698,29.870868682861328,-10.763229370117188,46.57416534423828,60.243621826171875,-59.16678237915039,-87.06504821777344,34.83272171020508,-22.573965072631836,-5.034122467041016,-4.549224376678467,-52.648014068603516,-27.26498794555664,,
1753295907.254758,20608.200217664,30.280696868896484,-12.253597259521484,49.135562896728516,62.247352600097656,-61.93088150024414,-90.45540618896484,36.14958953857422,-23.1777400970459,-5.837243556976318,-2.314168930053711,-53.82770538330078,-27.909873962402344,,
1753295907.264136,20608.209789939,31.262454986572266,-10.083464622497559,49.15281677246094,61.1583251953125,-62.8769416809082,-92.75652313232422,36.7838249206543,-22.085453033447266,-6.9330315589904785,-1.8243906497955322,-55.120872497558594,-31.852245330810547,,
1753295907.2743242,20608.220583709,32.57527542114258,-7.545749187469482,47.24894714355469,59.43797302246094,-62.93464660644531,-94.11528015136719,38.1938591003418,-21.71118927001953,-9.137706756591797,-2.8949544429779053,-56.00360107421875,-37.11277389526367,,
1753295907.2850924,20608.230953281,33.36907196044922,-5.085170269012451,44.350929260253906,55.828269958496094,-62.42048263549805,-93.53956604003906,38.3320198059082,-20.7692813873291,-11.049033164978027,-4.42718505859375,-55.72871398925781,-40.71495056152344,,
1753295907.2961867,20608.243176819,34.566917419433594,-1.318976640701294,39.97195053100586,50.902000427246094,-60.9459114074707,-91.90737915039062,37.49031448364258,-18.77092742919922,-12.752748489379883,-7.184158802032471,-55.20751953125,-45.00563430786133,,
1753295907.305014,20608.25075645,35.849159240722656,2.635204315185547,34.5078125,46.02224349975586,-59.07827377319336,-90.55023193359375,36.651302337646484,-16.478389739990234,-14.753331184387207,-10.848053932189941,-54.67770767211914,-49.79512405395508,,
1753295907.315052,20608.261197468,37.24172592163086,4.726567268371582,30.696718215942383,44.99551773071289,-57.79117202758789,-90.59072875976562,36.8925895690918,-15.283844947814941,-17.011003494262695,-13.500044822692871,-54.94162368774414,-54.08553695678711,,
1753295907.325808,20608.272310545,38.259727478027344,4.660184860229492,29.694154739379883,47.11093521118164,-57.697105407714844,-92.18280029296875,38.493568420410156,-15.415821075439453,-19.067968368530273,-14.330069541931152,-55.872596740722656,-56.934913635253906,,
1753295907.3349483,20608.28074075,38.90251541137695,4.365342617034912,29.826948165893555,48.91156005859375,-58.24750518798828,-94.0028305053711,39.57566452026367,-15.394865989685059,-20.274118423461914,-14.183111190795898,-56.67699432373047,-58.58647918701172,,
1753295907.345807,20608.292381647,39.49531555175781,4.56544303894043,30.041893005371094,49.702579498291016,-58.464500427246094,-94.74917602539062,39.373409271240234,-14.879542350769043,-20.467248916625977,-13.628975868225098,-56.92128372192383,-59.12036895751953,,
1753295907.354741,20608.300694945,39.8634147644043,4.092585563659668,30.939117431640625,50.87326431274414,-58.413360595703125,-94.5682144165039,38.95682907104492,-14.910701751708984,-19.91927719116211,-12.791116714477539,-56.752986907958984,-57.98722839355469,,
1753295907.3642328,20608.310116742,39.48345184326172,2.9495160579681396,32.2923469543457,51.80420684814453,-58.53368377685547,-94.09618377685547,38.606136322021484,-15.35626220703125,-18.93465805053711,-11.800426483154297,-56.35054016113281,-55.71751403808594,,
1753295907.375083,20608.321181243,39.000770568847656,2.217599630355835,33.45931625366211,52.12360763549805,-58.56378936767578,-93.3519515991211,37.860694885253906,-15.543388366699219,-17.683324813842773,-10.991662979125977,-55.962913513183594,-53.51566696166992,,
1753295907.3859828,20608.332236333,38.876136779785156,2.3450100421905518,33.85483169555664,51.834598541259766,-58.200923919677734,-92.26032257080078,36.68898010253906,-15.21449089050293,-16.434972763061523,-10.638967514038086,-55.60171127319336,-51.99152374267578,,
1753295907.4023662,20608.348158234,39.2662467956543,2.541166305541992,34.23577880859375,52.645912170410156,-57.51325988769531,-91.12313842773438,35.290653228759766,-14.846531867980957,-15.048867225646973,-10.275687217712402,-55.37245178222656,-50.35192108154297,,
1753295907.408803,20608.355826039,39.68760681152344,2.1587679386138916,35.130615234375,54.736732482910156,-56.88099670410156,-90.29196166992188,33.667991638183594,-14.63103199005127,-13.333369255065918,-9.390542030334473,-55.164710998535156,-47.684391021728516,,
1753295907.415523,20608.361947384,39.594364166259766,1.6476716995239258,35.871883392333984,56.00467300415039,-56.43629837036133,-89.38971710205078,31.867572784423828,-14.312687873840332,-11.55789566040039,-8.332887649536133,-54.751155853271484,-44.586585998535156,,
1753295907.4234169,20608.369116231,39.30171585083008,1.8131808042526245,35.6778564453125,55.425193786621094,-55.2442512512207,-86.25576782226562,27.724332809448242,-12.909858703613281,-8.772913932800293,-7.156391143798828,-53.31005859375,-39.83089065551758,,
1753295907.4334128,20608.378988917,38.84983444213867,1.515616774559021,35.296329498291016,55.54665756225586,-53.7387580871582,-83.2176742553711,24.854679107666016,-12.640459060668945,-6.639824867248535,-6.438916206359863,-51.98999786376953,-35.56062698364258,,
1753295907.4430518,20608.388164364,38.474365234375,1.0977731943130493,34.76382827758789,55.89113235473633,-52.24705123901367,-80.54712677001953,21.923471450805664,-12.278643608093262,-4.750185012817383,-5.667186737060547,-50.87580108642578,-31.64236831665039,,
1753295907.453422,20608.399142707,38.46528625488281,1.243696689605713,33.51897048950195,55.58226776123047,-50.461143493652344,-77.98661804199219,18.62922477722168,-11.138080596923828,-3.0976409912109375,-5.128385066986084,-49.90764236450195,-28.704484939575195,,
1753295907.4637063,20608.409060896,38.49776077270508,1.2800469398498535,32.73689651489258,55.40974426269531,-49.310821533203125,-76.86522674560547,17.936771392822266,-10.949304580688477,-2.6189608573913574,-5.51048469543457,-49.69965744018555,-27.873483657836914,,
1753295907.473948,20608.419189661,39.39661407470703,2.8173484802246094,29.154067993164062,53.82537841796875,-46.33934020996094,-73.92606353759766,12.114474296569824,-7.5114922523498535,-1.163679838180542,-5.084456443786621,-48.44678497314453,-25.36245346069336,,
1753295907.4835727,20608.428631005,40.22687911987305,3.916438579559326,26.29936981201172,52.87714767456055,-43.7786750793457,-72.27742004394531,10.50543212890625,-6.317684650421143,-1.3628549575805664,-6.229045867919922,-47.91459655761719,-25.205678939819336,,
1753295907.4940095,20608.439285493,41.357032775878906,5.984001636505127,22.14069366455078,50.79280090332031,-40.83409881591797,-70.19833374023438,6.885461807250977,-3.3533620834350586,-1.2250490188598633,-7.426895618438721,-47.39214324951172,-24.96735382080078,,
1753295907.5039968,20608.449131942,43.45618438720703,9.841296195983887,16.085567474365234,47.51385498046875,-36.70222091674805,-67.17425537109375,2.4165663719177246,0.9793478846549988,-1.4544204473495483,-9.460318565368652,-47.17463684082031,-25.680923461914062,,
1753295907.5136287,20608.458798053,46.2720947265625,14.619294166564941,8.874150276184082,43.489463806152344,-32.18598937988281,-63.77982711791992,-1.7318671941757202,4.927156448364258,-2.2167584896087646,-12.461978912353516,-46.53736877441406,-27.186782836914062,,
1753295907.5239322,20608.469027104,49.23802947998047,19.106399536132812,1.6698378324508667,39.434906005859375,-28.055591583251953,-60.86986541748047,-5.162041664123535,7.685272216796875,-3.362058162689209,-15.886631965637207,-45.365234375,-28.855173110961914,,
1753295907.5338807,20608.479369132,52.122467041015625,23.050498962402344,-4.935522079467773,35.63345718383789,-24.69161605834961,-58.35078430175781,-8.405416488647461,9.784602165222168,-4.364306449890137,-19.118053436279297,-43.86542510986328,-30.296110153198242,,
1753295907.5434146,20608.488710204,55.0926628112793,26.98826026916504,-10.90122127532959,32.03888702392578,-21.99209213256836,-55.94859313964844,-11.539080619812012,11.623210906982422,-5.185964584350586,-22.121246337890625,-42.46120071411133,-31.826906204223633,,
1753295907.5540595,20608.499462303,58.01308059692383,30.68398094177246,-16.158172607421875,28.822599411010742,-19.715009689331055,-54.13065719604492,-14.132928848266602,12.903051376342773,-6.209611892700195,-24.76418685913086,-41.192893981933594,-33.27265167236328,,
1753295907.5638335,20608.509511655,60.25291061401367,33.13040542602539,-20.39986228942871,26.481645584106445,-17.724458694458008,-53.17660140991211,-16.170642852783203,13.535015106201172,-7.379786968231201,-26.519975662231445,-39.76350402832031,-33.76633834838867,,
1753295907.573774,20608.519437392,61.60988998413086,34.27116775512695,-23.523096084594727,25.3093204498291,-16.150053024291992,-53.03155517578125,-17.83289909362793,13.966614723205566,-8.369454383850098,-27.362821578979492,-38.46583557128906,-33.52415466308594,,
1753295907.5839274,20608.53014933,62.2197380065918,34.73530578613281,-25.79595184326172,24.710439682006836,-15.0761079788208,-53.13066101074219,-19.19212532043457,14.398575782775879,-9.008302688598633,-27.595008850097656,-37.40397644042969,-33.028472900390625,,
1753295907.5942538,20608.540237647,62.4509391784668,34.904441833496094,-27.353897094726562,24.33208465576172,-14.298108100891113,-53.20817184448242,-20.163681030273438,14.763205528259277,-9.444894790649414,-27.54315185546875,-36.53654861450195,-32.503299713134766,,
1753295907.603582,20608.549378168,62.29254913330078,34.47999572753906,-28.129335403442383,24.359085083007812,-13.785444259643555,-53.38485336303711,-20.608816146850586,14.894639015197754,-9.739761352539062,-27.341541290283203,-35.791221618652344,-31.882694244384766,,
1753295907.6142573,20608.560479427,61.83353805541992,33.686729431152344,-28.270883560180664,24.706336975097656,-13.589537620544434,-53.670833587646484,-20.702518463134766,14.920464515686035,-9.858381271362305,-27.094167709350586,-35.2896728515625,-31.32897186279297,,
1753295907.62399,20608.569741116,61.352577209472656,32.9421501159668,-27.974815368652344,25.250144958496094,-13.653580665588379,-54.054866790771484,-20.532203674316406,14.92096996307373,-9.860716819763184,-26.989723205566406,-35.18633270263672,-31.13832664489746,,
1753295907.633641,20608.57964354,60.844486236572266,32.101558685302734,-27.358179092407227,25.932043075561523,-13.845317840576172,-54.54142379760742,-20.094219207763672,14.821521759033203,-9.82840347290039,-26.90945816040039,-35.26839828491211,-31.057334899902344,,
1753295907.6437693,20608.589511602,60.12349319458008,30.91688346862793,-26.37305450439453,26.84542465209961,-14.238798141479492,-55.14439392089844,-19.386075973510742,14.54328727722168,-9.721094131469727,-26.776939392089844,-35.44977951049805,-30.95393943786621,,
1753295907.6536882,20608.599367586,59.104740142822266,29.414657592773438,-25.049964904785156,27.87569236755371,-14.864214897155762,-55.73659896850586,-18.45948028564453,14.101688385009766,-9.510246276855469,-26.558406829833984,-35.67957305908203,-30.75444221496582,,
1753295907.663672,20608.60949269,57.99809265136719,28.195661544799805,-23.546579360961914,28.79227638244629,-15.821821212768555,-56.09965133666992,-17.42287254333496,13.58926010131836,-9.116103172302246,-26.530197143554688,-36.17799758911133,-30.928449630737305,,
1753295907.6740165,20608.619677349,57.09548568725586,27.45920181274414,-21.96296501159668,29.607736587524414,-16.960556030273438,-56.28563690185547,-16.153797149658203,12.963430404663086,-8.691866874694824,-26.810163497924805,-36.98061752319336,-31.670398712158203,,
1753295907.68397,20608.629687996,56.380043029785156,26.88507652282715,-20.374563217163086,30.330032348632812,-18.09601402282715,-56.44342803955078,-14.718343734741211,12.243658065795898,-8.3621187210083,-27.13932991027832,-37.807212829589844,-32.5789909362793,,
1753295907.6937137,20608.639542722,55.84959030151367,26.39998435974121,-18.800922393798828,31.00385093688965,-19.224281311035156,-56.71059799194336,-13.275309562683105,11.578425407409668,-8.13531494140625,-27.456811904907227,-38.66004180908203,-33.63351821899414,,
1753295907.70383,20608.649579857,55.63528823852539,26.32255744934082,-17.436920166015625,31.35436248779297,-20.368480682373047,-56.937591552734375,-11.999256134033203,11.143147468566895,-7.959144115447998,-27.873693466186523,-39.57280349731445,-35.074153900146484,,
1753295907.7156425,20608.663392051,55.919921875,26.839908599853516,-16.404891967773438,31.270145416259766,-21.51821517944336,-56.99087905883789,-10.789579391479492,10.92689323425293,-7.861725330352783,-28.591659545898438,-40.56795883178711,-37.197593688964844,,
1753295907.7246585,20608.670871202,56.52556610107422,27.581756591796875,-15.753974914550781,30.829633712768555,-22.48896598815918,-56.83513641357422,-9.677260398864746,10.77463150024414,-7.863460063934326,-29.407474517822266,-41.32584762573242,-39.4263916015625,,
1753295907.7348368,20608.680687837,57.01613235473633,27.908445358276367,-15.180853843688965,30.53790283203125,-23.30581283569336,-56.75652313232422,-8.59081745147705,10.502038955688477,-7.9960479736328125,-30.063688278198242,-41.81257629394531,-41.22801971435547,,
1753295907.7448509,20608.69059184,57.167301177978516,27.620927810668945,-14.358860969543457,30.736438751220703,-24.080623626708984,-57.02920913696289,-7.472203254699707,10.166983604431152,-8.232475280761719,-30.387413024902344,-42.24079895019531,-42.50209426879883,,
1753295907.7544713,20608.700517055,56.84212875366211,26.74585723876953,-13.17933464050293,31.314495086669922,-24.929229736328125,-57.58679962158203,-6.315433979034424,9.780787467956543,-8.463676452636719,-30.279499053955078,-42.60952377319336,-43.13724899291992,,
1753295907.7647834,20608.710571235,55.973140716552734,25.278322219848633,-11.543258666992188,32.322994232177734,-25.787796020507812,-58.3596076965332,-5.096076965332031,9.231565475463867,-8.688246726989746,-29.63321304321289,-42.85808563232422,-42.88835525512695,,
1753295907.7748454,20608.720655931,54.63779067993164,23.42445945739746,-9.504405975341797,33.64752197265625,-26.704559326171875,-59.28459548950195,-3.8917205333709717,8.582646369934082,-8.784101486206055,-28.535167694091797,-43.049415588378906,-41.89948272705078,,
1753295907.7844646,20608.730685894,53.15259552001953,21.644744873046875,-7.345957279205322,34.913021087646484,-27.65176773071289,-60.150909423828125,-2.8482184410095215,7.98176383972168,-8.648883819580078,-27.243608474731445,-43.243873596191406,-40.61883544921875,,
1753295907.8025615,20608.748685382,51.75419616699219,20.13954734802246,-5.290589332580566,35.960697174072266,-28.502954483032227,-60.80345153808594,-1.9966115951538086,7.407795429229736,-8.357870101928711,-25.932720184326172,-43.3996696472168,-39.268367767333984,,
1753295907.811538,20608.757335246,50.058414459228516,18.274681091308594,-3.3107292652130127,36.85003662109375,-29.129941940307617,-61.05966567993164,-1.3676238059997559,6.444697856903076,-8.02835464477539,-24.31241226196289,-43.0412712097168,-36.97018814086914,,
1753295907.8178525,20608.765314848,49.06843185424805,17.474224090576172,-1.783608317375183,37.43598556518555,-29.677515029907227,-61.2047119140625,-1.1557141542434692,6.160780429840088,-7.415277004241943,-23.3384952545166,-43.221622467041016,-35.785369873046875,,
1753295907.8248055,20608.770754566,48.496944427490234,17.13809585571289,-0.9953566193580627,37.485198974609375,-29.78455924987793,-60.896724700927734,-1.2743098735809326,5.994701385498047,-6.886825084686279,-22.61310577392578,-43.11647033691406,-34.65039825439453,,
1753295907.8363059,20608.782393551,48.28984832763672,17.245563507080078,-0.9346908926963806,37.116615295410156,-29.555795669555664,-60.26419448852539,-1.826202154159546,6.066988468170166,-6.409968376159668,-22.263959884643555,-42.862674713134766,-33.72819900512695,,
1753295907.8502128,20608.795587108,48.41543960571289,17.74980926513672,-1.6640663146972656,36.330142974853516,-28.89578628540039,-59.29347229003906,-2.84891939163208,6.359928607940674,-6.038119316101074,-22.236839294433594,-42.378562927246094,-32.852882385253906,,
1753295907.8563914,20608.80292029,48.84978485107422,18.664520263671875,-3.1255218982696533,35.11867904663086,-27.90410041809082,-58.04390335083008,-4.239596366882324,6.845548152923584,-5.746224403381348,-22.585052490234375,-41.709922790527344,-32.14662551879883,,
1753295907.8646286,20608.812993267,49.59377670288086,20.066650390625,-5.32774543762207,33.32427978515625,-26.646709442138672,-56.42815399169922,-5.970069408416748,7.474379539489746,-5.471889972686768,-23.31159019470215,-40.80609893798828,-31.637941360473633,,
1753295907.8751967,20608.82113849,50.7156867980957,21.979764938354492,-8.285476684570312,31.025033950805664,-25.100618362426758,-54.406227111816406,-8.040201187133789,8.19433307647705,-5.274982452392578,-24.407304763793945,-39.738338470458984,-31.334135055541992,,
1753295907.8848054,20608.830651147,52.50880813598633,25.232725143432617,-12.821296691894531,27.18120765686035,-22.89746856689453,-51.15007019042969,-11.253373146057129,9.488797187805176,-4.954346179962158,-25.778282165527344,-38.19265365600586,-30.826528549194336,,
1753295907.8951123,20608.840761175,54.78110122680664,28.791629791259766,-17.522693634033203,23.327606201171875,-20.725906372070312,-48.14253234863281,-14.166755676269531,10.350445747375488,-5.292898178100586,-27.564220428466797,-36.693199157714844,-30.80019187927246,,
1753295907.9047797,20608.850642092,57.02043151855469,32.52115249633789,-22.45559310913086,19.564271926879883,-18.98649024963379,-45.56993103027344,-17.05780029296875,10.955320358276367,-6.044567108154297,-29.014066696166992,-35.19951629638672,-31.111347198486328,,
1753295907.9151714,20608.861310256,59.26304626464844,36.3682746887207,-27.24871253967285,16.044147491455078,-17.674081802368164,-43.16343688964844,-19.69759178161621,11.528779983520508,-6.969203948974609,-29.777935028076172,-33.61382293701172,-31.73788070678711,,
1753295907.9309232,20608.876500873,61.75799560546875,40.306549072265625,-31.631235122680664,12.809289932250977,-16.509309768676758,-40.759727478027344,-22.1402587890625,12.290328979492188,-8.038312911987305,-29.84819221496582,-31.979106903076172,-32.44565200805664,,
1753295907.9416766,20608.888181959,64.47162628173828,44.2559814453125,-35.425296783447266,9.737561225891113,-15.632779121398926,-38.14872360229492,-24.329727172851562,13.01922607421875,-9.17800521850586,-29.317052841186523,-30.469173431396484,-33.1312255859375,,
1753295907.9501123,20608.895689889,67.39290618896484,48.161041259765625,-38.38448715209961,6.693764686584473,-15.182962417602539,-35.16032409667969,-26.133251190185547,13.490735054016113,-10.376089096069336,-28.325231552124023,-29.221860885620117,-33.77290725708008,,
1753295907.9570904,20608.902935305,70.120849609375,51.99876022338867,-40.55659866333008,3.7884652614593506,-14.816137313842773,-32.43654251098633,-27.67034912109375,13.975507736206055,-11.806692123413086,-26.81214714050293,-28.33763885498047,-34.05966567993164,,
1753295907.9654346,20608.912083742,72.27879333496094,55.491085052490234,-42.07919692993164,0.9108596444129944,-14.519112586975098,-30.304101943969727,-29.124900817871094,14.604697227478027,-13.538077354431152,-24.671213150024414,-27.79476547241211,-33.859622955322266,,
1753295907.979251,20608.92508612,74.00881958007812,58.47481155395508,-42.950321197509766,-1.8506393432617188,-14.237866401672363,-28.952939987182617,-30.46335792541504,15.451155662536621,-15.6301908493042,-22.27869987487793,-27.690584182739258,-33.20847702026367,,
1753295907.9841523,20608.929737505,75.10126495361328,60.68400192260742,-43.4751091003418,-4.476841926574707,-14.039978981018066,-28.02876091003418,-31.62738609313965,16.486900329589844,-17.68170738220215,-19.786916732788086,-28.01833724975586,-32.17166519165039,,
1753295908.000483,20608.946582894,75.57718658447266,62.45402526855469,-43.929893493652344,-6.828964710235596,-13.859498023986816,-27.27818489074707,-32.531211853027344,17.67384910583496,-19.602642059326172,-17.57381820678711,-28.693037033081055,-31.132030487060547,,
1753295908.0096943,20608.955150996,74.6511459350586,64.1521224975586,-45.063961029052734,-9.925548553466797,-13.318202018737793,-25.684728622436523,-33.07876205444336,19.073232650756836,-22.396121978759766,-15.054703712463379,-29.598398208618164,-30.181377410888672,,
1753295908.0159833,20608.961256079,74.57769012451172,64.99370574951172,-44.7889518737793,-11.067716598510742,-13.203557014465332,-25.811811447143555,-33.102542877197266,19.81451988220215,-23.637439727783203,-14.271759033203125,-30.24492835998535,-29.534242630004883,,
1753295908.0291035,20608.974240891,72.95602416992188,65.77791595458984,-45.82793426513672,-12.900014877319336,-12.853328704833984,-24.290679931640625,-33.15275955200195,20.462493896484375,-25.923553466796875,-12.807629585266113,-30.8885555267334,-29.676584243774414,,
1753295908.0338218,20608.978959963,72.5157699584961,66.15812683105469,-45.431480407714844,-13.57006549835205,-12.828033447265625,-24.46234893798828,-32.83781814575195,20.821447372436523,-26.8466739654541,-12.5242338180542,-31.242467880249023,-29.51190948486328,,
1753295908.0430574,20608.989178488,71.16453552246094,66.35143280029297,-46.0571403503418,-14.759411811828613,-12.523673057556152,-23.310991287231445,-32.38994216918945,20.90614891052246,-28.883312225341797,-11.523672103881836,-31.26727867126465,-30.029747009277344,,
1753295908.053104,20608.998179107,70.37569427490234,66.44620513916016,-46.02669143676758,-15.472787857055664,-12.416834831237793,-22.82431983947754,-31.89687728881836,20.902637481689453,-30.3035831451416,-11.124903678894043,-31.179771423339844,-30.50213623046875,,
1753295908.0639615,20609.009616984,69.71544647216797,66.32540893554688,-46.005489349365234,-15.930522918701172,-12.377373695373535,-22.395671844482422,-31.47821044921875,20.744142532348633,-31.350608825683594,-10.833516120910645,-30.928438186645508,-30.94157600402832,,
1753295908.0738711,20609.019252118,69.11620330810547,66.00086212158203,-45.92551040649414,-16.249652862548828,-12.348526954650879,-21.95237159729004,-31.0629940032959,20.454118728637695,-32.13386917114258,-10.579745292663574,-30.557714462280273,-31.304969787597656,,
1753295908.0834434,20609.028904548,68.6367416381836,65.44742584228516,-45.759796142578125,-16.53669548034668,-12.254178047180176,-21.529151916503906,-30.64557647705078,20.146406173706055,-32.7661247253418,-10.295930862426758,-30.14105987548828,-31.489877700805664,,
1753295908.0934587,20609.038645062,68.19908905029297,64.7455062866211,-45.530479431152344,-16.73796844482422,-12.167031288146973,-21.082778930664062,-30.288732528686523,19.836275100708008,-33.16172790527344,-10.03353500366211,-29.7296142578125,-31.561443328857422,,
1753295908.103951,20609.049082764,67.75901794433594,63.785945892333984,-45.19120788574219,-16.920312881469727,-12.039224624633789,-20.631200790405273,-29.89468002319336,19.50343132019043,-33.36587142944336,-9.724749565124512,-29.282020568847656,-31.41698455810547,,
1753295908.1183205,20609.063914892,67.36495971679688,62.63930892944336,-44.75096130371094,-17.068622589111328,-11.882540702819824,-20.181453704833984,-29.5271053314209,19.21776580810547,-33.38358688354492,-9.408239364624023,-28.86870765686035,-31.075489044189453,,
1753295908.1261594,20609.072516004,67.20997619628906,62.07236862182617,-44.39016342163086,-17.041242599487305,-11.895029067993164,-19.804372787475586,-29.501895904541016,19.182844161987305,-33.28154373168945,-9.392167091369629,-28.833297729492188,-30.96627426147461,,
1753295908.141163,20609.086856334,66.84173583984375,60.96380615234375,-43.96533966064453,-17.177196502685547,-11.747992515563965,-19.48489761352539,-29.12094497680664,18.941314697265625,-33.1546516418457,-9.074798583984375,-28.497058868408203,-30.498666763305664,,
1753295908.1471488,20609.09306481,66.53453826904297,59.37740707397461,-43.39974594116211,-17.373111724853516,-11.432263374328613,-19.17630958557129,-28.692380905151367,18.783960342407227,-32.95522689819336,-8.610962867736816,-28.086965560913086,-29.634441375732422,,
1753295908.1547515,20609.100683045,66.42135620117188,57.45992660522461,-42.766807556152344,-17.606618881225586,-10.946394920349121,-18.930648803710938,-28.365930557250977,18.924772262573242,-32.73236846923828,-8.073993682861328,-27.787565231323242,-28.409269332885742,,
1753295908.1658401,20609.112665024,66.16680908203125,55.1733512878418,-42.13804626464844,-17.80500602722168,-10.379396438598633,-18.584684371948242,-28.053234100341797,19.141582489013672,-32.37890625,-7.468185901641846,-27.48965835571289,-27.047712326049805,,
1753295908.175356,20609.121488771,65.74771881103516,52.728660583496094,-41.425384521484375,-17.824073791503906,-9.857836723327637,-18.228580474853516,-27.758140563964844,19.341598510742188,-31.77533721923828,-6.98960542678833,-27.229080200195312,-25.644716262817383,,
1753295908.1857376,20609.132341002,65.11572265625,50.13741683959961,-40.59186935424805,-17.619882583618164,-9.428436279296875,-17.939451217651367,-27.404991149902344,19.417665481567383,-30.914775848388672,-6.674186706542969,-26.929183959960938,-24.212726593017578,,
1753295908.1950722,20609.140931909,64.38612365722656,47.39776611328125,-39.636627197265625,-17.123611450195312,-9.039057731628418,-17.90357780456543,-27.02975845336914,19.431270599365234,-29.85460662841797,-6.5562825202941895,-26.589738845825195,-22.678810119628906,,
1753295908.2039206,20609.14963223,63.3623046875,44.4058723449707,-38.62216567993164,-16.229652404785156,-8.69698429107666,-18.098970413208008,-26.61709213256836,19.313949584960938,-28.613370895385742,-6.566386699676514,-26.102174758911133,-21.16358757019043,,
1753295908.2146666,20609.16042804,61.97376251220703,41.13526153564453,-37.49542999267578,-14.695414543151855,-8.375822067260742,-18.68282127380371,-26.14297103881836,19.11823081970215,-27.219375610351562,-6.767552852630615,-25.473201751708984,-19.63287353515625,,
1753295908.2248387,20609.170660089,60.131080627441406,37.67069625854492,-36.32578659057617,-12.478584289550781,-8.177107810974121,-19.522695541381836,-25.541051864624023,18.758190155029297,-25.568151473999023,-7.270483493804932,-24.708627700805664,-18.162982940673828,,
1753295908.2345428,20609.180385379,57.89674758911133,33.874969482421875,-35.09807586669922,-9.809656143188477,-8.027393341064453,-20.537654876708984,-24.699392318725586,18.153118133544922,-23.7885799407959,-8.045766830444336,-23.757110595703125,-16.685222625732422,,
1753295908.2447455,20609.190513588,55.440059661865234,30.037755966186523,-33.767459869384766,-6.777499198913574,-8.00399398803711,-21.55406951904297,-23.703094482421875,17.294931411743164,-21.916793823242188,-9.20350456237793,-22.777435302734375,-15.292773246765137,,
1753295908.25486,20609.200592377,52.544979095458984,26.12976837158203,-32.310211181640625,-3.368253231048584,-8.19308090209961,-22.720064163208008,-22.422420501708984,16.093303680419922,-19.977703094482422,-10.696730613708496,-21.70794677734375,-13.867715835571289,,
1753295908.2658367,20609.212377804,48.87583923339844,21.96916389465332,-30.69217872619629,0.22234593331813812,-8.561063766479492,-24.202133178710938,-20.8118839263916,14.595114707946777,-18.142471313476562,-12.29761791229248,-20.548303604125977,-12.32613468170166,,
1753295908.2747333,20609.222824767,44.67440414428711,17.46640968322754,-28.703691482543945,3.8812246322631836,-9.214214324951172,-26.01671028137207,-19.017210006713867,12.848772048950195,-16.339630126953125,-14.033648490905762,-19.550540924072266,-10.776741027832031,,
1753295908.285543,20609.232290622,40.11017608642578,12.699074745178223,-26.257972717285156,7.371784687042236,-10.170095443725586,-28.140666961669922,-17.091773986816406,11.020306587219238,-14.63219165802002,-15.674327850341797,-18.972610473632812,-9.118036270141602,,
1753295908.2946897,20609.240616206,35.332767486572266,7.817115306854248,-23.074222564697266,10.580081939697266,-11.704170227050781,-30.726043701171875,-15.015111923217773,9.126612663269043,-13.048844337463379,-16.83418083190918,-18.912822723388672,-7.41706657409668,,
1753295908.3059626,20609.252434957,30.766939163208008,3.2949631214141846,-19.20511245727539,13.218147277832031,-13.794859886169434,-33.442901611328125,-12.85776424407959,7.360083103179932,-11.563885688781738,-17.1829833984375,-19.29629898071289,-5.837701320648193,,
1753295908.315034,20609.261098077,26.766246795654297,-0.6778779625892639,-14.818354606628418,15.372900009155273,-16.28980255126953,-36.17975616455078,-10.688393592834473,5.710920333862305,-10.23527717590332,-16.605295181274414,-19.97085189819336,-4.445674419403076,,
1753295908.3317533,20609.278320037,23.5823917388916,-3.7135727405548096,-10.240201950073242,17.043981552124023,-18.963611602783203,-38.79507827758789,-8.649162292480469,4.017989635467529,-9.056352615356445,-15.339365005493164,-20.827720642089844,-3.3299083709716797,,
1753295908.335872,20609.282499008,21.17431640625,-6.095286846160889,-5.521313190460205,18.322961807250977,-21.51299285888672,-41.187339782714844,-6.55804443359375,2.1983659267425537,-8.069513320922852,-13.643241882324219,-21.548843383789062,-2.244591474533081,,
1753295908.3433979,20609.289074995,19.224288940429688,-7.977861404418945,-0.8488832116127014,19.415143966674805,-23.983943939208984,-43.133872985839844,-4.423783779144287,0.23595011234283447,-7.0984787940979,-11.872392654418945,-22.046390533447266,-1.068145990371704,,
1753295908.3533046,20609.298956901,17.08271026611328,-9.993627548217773,4.450305461883545,20.294666290283203,-26.966684341430664,-44.5145149230957,-1.0480698347091675,-2.8269150257110596,-6.093744277954102,-10.273530006408691,-22.117948532104492,0.044594306498765945,,
1753295908.363663,20609.309567713,15.513233184814453,-11.247865676879883,9.089512825012207,20.678014755249023,-29.619083404541016,-44.87775802612305,1.2247059345245361,-5.09369421005249,-4.926717758178711,-8.797468185424805,-22.13929557800293,1.458457112312317,,
1753295908.373625,20609.319231619,14.498345375061035,-11.960124015808105,12.615715026855469,20.519567489624023,-31.599626541137695,-44.41782760620117,2.9356839656829834,-6.951837062835693,-3.8990135192871094,-7.716689586639404,-22.017982482910156,2.7459819316864014,,
1753295908.3835661,20609.329296327,13.809969902038574,-12.400568962097168,15.098843574523926,20.09222412109375,-33.00271987915039,-43.53550338745117,4.206591606140137,-8.463692665100098,-3.1078317165374756,-7.030418872833252,-21.785852432250977,3.788699150085449,,
1753295908.3937535,20609.339357296,13.242732048034668,-12.623724937438965,16.67160415649414,19.348398208618164,-33.89352798461914,-42.343360900878906,5.167191028594971,-9.692033767700195,-2.5852811336517334,-6.667177200317383,-21.417661666870117,4.570052146911621,,
1753295908.403801,20609.349654373,12.771056175231934,-12.678411483764648,17.53774642944336,18.411365509033203,-34.357723236083984,-40.98647689819336,5.869694232940674,-10.662019729614258,-2.3127567768096924,-6.553231716156006,-20.964929580688477,5.109438896179199,,
1753295908.4133759,20609.359372125,12.413063049316406,-12.527252197265625,17.765588760375977,17.221967697143555,-34.404300689697266,-39.48174285888672,6.349800109863281,-11.343846321105957,-2.239830732345581,-6.660837650299072,-20.49815559387207,5.384156227111816,,
1753295908.4236298,20609.369629053,12.131933212280273,-12.210321426391602,17.387414932250977,15.720355033874512,-34.048545837402344,-37.770729064941406,6.686457633972168,-11.813337326049805,-2.382472515106201,-6.916675090789795,-19.959110260009766,5.436789512634277,,
1753295908.4334915,20609.379547421,12.001011848449707,-11.82970905303955,16.59630012512207,14.277277946472168,-33.42533874511719,-36.10343551635742,6.767051696777344,-11.999063491821289,-2.6616222858428955,-7.265803337097168,-19.492551803588867,5.303587436676025,,
1753295908.4431403,20609.388239289,11.923341751098633,-11.369282722473145,15.415430068969727,12.651191711425781,-32.52663040161133,-34.33797073364258,6.810960292816162,-12.0692777633667,-3.089513063430786,-7.671798229217529,-18.995485305786133,4.998509883880615,,
1753295908.4536045,20609.398811156,11.899834632873535,-10.836691856384277,13.890275955200195,10.872611045837402,-31.384937286376953,-32.4622917175293,6.730638027191162,-12.015462875366211,-3.647942543029785,-8.097140312194824,-18.487363815307617,4.549404621124268,,
1753295908.4630377,20609.408092544,11.975205421447754,-10.220868110656738,12.093976974487305,9.040722846984863,-30.05745506286621,-30.54248809814453,6.510159969329834,-11.857453346252441,-4.276558876037598,-8.57021427154541,-18.048229217529297,3.9076945781707764,,
1753295908.473302,20609.418552308,12.05138111114502,-9.354290962219238,9.543010711669922,6.3348236083984375,-28.1578311920166,-27.938261032104492,6.195701599121094,-11.710600852966309,-5.117922306060791,-9.01283073425293,-17.40455436706543,3.0329251289367676,,
1753295908.4834936,20609.428666998,12.292620658874512,-8.473609924316406,6.981150150299072,3.99385404586792,-26.27544403076172,-25.579959869384766,5.80633544921875,-11.553393363952637,-5.990437984466553,-9.69559097290039,-16.983901977539062,1.846405029296875,,
1753295908.497194,20609.442319049,12.63629150390625,-7.614887714385986,4.447088241577148,1.8225040435791016,-24.446163177490234,-23.459028244018555,5.427989959716797,-11.40327262878418,-6.82266902923584,-10.46821403503418,-16.66881561279297,0.49594685435295105,,
1753295908.5048695,20609.450047195,13.118173599243164,-7.120334148406982,2.7989773750305176,1.0862793922424316,-23.37646484375,-22.496109008789062,4.99943733215332,-11.119584083557129,-7.429818153381348,-11.284461975097656,-16.679859161376953,-0.7601454257965088,,
1753295908.519902,20609.464908333,13.378336906433105,-6.606987476348877,0.9607275724411011,-0.6299208998680115,-22.079309463500977,-21.054325103759766,5.019161701202393,-11.130058288574219,-8.018007278442383,-11.791848182678223,-16.342357635498047,-1.8702901601791382,,
1753295908.5321112,20609.477160815,13.441888809204102,-5.931389808654785,-1.1886714696884155,-3.644373893737793,-20.345237731933594,-18.690887451171875,5.647407531738281,-11.599640846252441,-8.621843338012695,-12.161905288696289,-15.646759986877441,-3.1696722507476807,,
1753295908.542328,20609.487258983,13.790505409240723,-5.5610671043396,-2.3871853351593018,-4.6175127029418945,-19.50023078918457,-17.606220245361328,5.5937676429748535,-11.518980026245117,-9.00339126586914,-12.765491485595703,-15.4656400680542,-4.368882656097412,,
1753295908.5520563,20609.497158789,13.943574905395508,-5.302428245544434,-3.502753257751465,-6.1838860511779785,-18.560840606689453,-16.39261817932129,6.1197710037231445,-11.81860637664795,-9.420928001403809,-13.077009201049805,-15.051115989685059,-5.400521278381348,,
1753295908.561468,20609.506891239,13.916436195373535,-5.1498894691467285,-4.297472953796387,-7.684866905212402,-17.799095153808594,-15.325434684753418,6.880058288574219,-12.252326965332031,-9.82746696472168,-13.236042976379395,-14.580738067626953,-6.275093078613281,,
1753295908.5640879,20609.5094511,13.309112548828125,-5.127230644226074,-4.55702018737793,-9.626212120056152,-17.152204513549805,-14.308706283569336,8.823420524597168,-13.486822128295898,-10.42335319519043,-13.157845497131348,-13.802226066589355,-7.083432197570801,,
1753295908.5733786,20609.518957844,12.541935920715332,-5.046046733856201,-4.318305015563965,-10.932449340820312,-16.982004165649414,-13.702991485595703,10.491201400756836,-14.547383308410645,-10.920475006103516,-12.957475662231445,-13.198888778686523,-7.6360626220703125,,
1753295908.5830853,20609.528899571,11.6246919631958,-4.876262187957764,-3.7759130001068115,-11.9999418258667,-17.040096282958984,-13.364794731140137,12.232800483703613,-15.661107063293457,-11.387106895446777,-12.624618530273438,-12.664833068847656,-8.009086608886719,,
1753295908.5930328,20609.538691315,10.614121437072754,-4.573319435119629,-3.079418182373047,-12.886672019958496,-17.268999099731445,-13.277724266052246,13.956101417541504,-16.721542358398438,-11.784829139709473,-12.229016304016113,-12.24273681640625,-8.284411430358887,,
1753295908.6034176,20609.549284637,9.496613502502441,-4.166738510131836,-2.324627637863159,-13.724020004272461,-17.574138641357422,-13.324052810668945,15.80524730682373,-17.818496704101562,-12.162367820739746,-11.766546249389648,-11.83976936340332,-8.47757625579834,,
1753295908.6130269,20609.558709297,8.259737014770508,-3.61179256439209,-1.6588412523269653,-14.714893341064453,-17.86896324157715,-13.511165618896484,17.765640258789062,-18.894392013549805,-12.512203216552734,-11.333115577697754,-11.524426460266113,-8.699153900146484,,
1753295908.623159,20609.568753833,6.9927144050598145,-2.9058480262756348,-1.1202534437179565,-15.64059066772461,-18.20760154724121,-13.849082946777344,19.69736671447754,-19.955745697021484,-12.84695053100586,-11.012301445007324,-11.317885398864746,-9.015351295471191,,
1753295908.633328,20609.579313257,5.805902481079102,-2.0398075580596924,-0.8354755640029907,-16.515785217285156,-18.504756927490234,-14.335590362548828,21.441530227661133,-20.837493896484375,-13.152369499206543,-10.882312774658203,-11.303743362426758,-9.516489028930664,,
1753295908.6430779,20609.588672618,4.740850448608398,-1.0816822052001953,-0.8428863286972046,-17.411956787109375,-18.634986877441406,-14.915733337402344,23.009693145751953,-21.576644897460938,-13.498379707336426,-10.875797271728516,-11.36928939819336,-10.193387985229492,,
1753295908.6533468,20609.598711829,3.6546738147735596,-0.0979505106806755,-1.1723541021347046,-18.401411056518555,-18.499231338500977,-15.663071632385254,24.469602584838867,-22.177396774291992,-13.941194534301758,-10.951323509216309,-11.465164184570312,-11.064421653747559,,
1753295908.6639004,20609.608937342,2.695812225341797,0.8046316504478455,-1.6167330741882324,-19.03816795349121,-18.436582565307617,-16.620500564575195,25.672439575195312,-22.762611389160156,-14.545140266418457,-11.169252395629883,-11.522285461425781,-12.18005084991455,,
1753295908.6739185,20609.619105656,2.379396915435791,1.4991252422332764,-2.0453684329986572,-19.243450164794922,-18.51110076904297,-17.011869430541992,25.923343658447266,-22.853059768676758,-14.872244834899902,-11.2149658203125,-11.545183181762695,-12.92293643951416,,
1753295908.6839013,20609.629730965,1.660240650177002,1.921545147895813,-2.538036823272705,-19.641368865966797,-18.303207397460938,-17.80706787109375,26.751495361328125,-23.352401733398438,-15.580890655517578,-11.419073104858398,-11.448775291442871,-13.90565013885498,,
1753295908.6938658,20609.639426873,0.7848373055458069,2.3239047527313232,-3.010624408721924,-19.93134307861328,-18.14475440979004,-18.805498123168945,27.54635238647461,-23.985605239868164,-16.433229446411133,-11.67866039276123,-11.286667823791504,-14.911771774291992,,
1753295908.7046368,20609.650021795,-0.17588812112808228,2.7264249324798584,-3.5095150470733643,-20.18767738342285,-17.9395694732666,-19.868562698364258,28.18474578857422,-24.60940933227539,-17.398082733154297,-11.902575492858887,-11.14651870727539,-15.843969345092773,,
1753295908.7137713,20609.659070775,-1.1490342617034912,3.1409354209899902,-4.036593914031982,-20.351320266723633,-17.690223693847656,-20.973413467407227,28.72610855102539,-25.283544540405273,-18.505550384521484,-12.068717002868652,-11.01944351196289,-16.765239715576172,,
1753295908.7238774,20609.669286656,-2.0358715057373047,3.573798656463623,-4.552396297454834,-20.331031799316406,-17.485652923583984,-22.12811279296875,29.1312255859375,-25.977149963378906,-19.741718292236328,-12.193190574645996,-10.942938804626465,-17.715768814086914,,
1753295908.7342958,20609.680037956,-2.8362040519714355,4.014069080352783,-5.052270412445068,-20.220565795898438,-17.30227279663086,-23.3067569732666,29.44936180114746,-26.671215057373047,-21.077594757080078,-12.22844123840332,-10.896445274353027,-18.661012649536133,,
1753295908.7442367,20609.690063828,-3.5633625984191895,4.444818496704102,-5.522166728973389,-20.04006576538086,-17.1538143157959,-24.602861404418945,29.705486297607422,-27.338682174682617,-22.51590347290039,-12.18460464477539,-10.898159980773926,-19.662960052490234,,
1753295908.7543137,20609.700098208,-4.239971160888672,4.8802056312561035,-5.9841814041137695,-19.91166114807129,-16.984224319458008,-25.876758575439453,29.94463539123535,-28.016115188598633,-23.990917205810547,-11.997565269470215,-10.833211898803711,-20.62908363342285,,
1753295908.7636614,20609.709407732,-4.86576509475708,5.310012340545654,-6.433457851409912,-19.81486701965332,-16.816967010498047,-27.186195373535156,30.139944076538086,-28.65177345275879,-25.482698440551758,-11.748261451721191,-10.756897926330566,-21.610828399658203,,
1753295908.774001,20609.71996602,-5.499093532562256,5.7411885261535645,-6.918148517608643,-19.855920791625977,-16.591350555419922,-28.541099548339844,30.313819885253906,-29.222496032714844,-26.963483810424805,-11.42444133758545,-10.657917976379395,-22.56658935546875,,
1753295908.7840903,20609.730501759,-6.208524703979492,6.200006484985352,-7.500715732574463,-20.087411880493164,-16.23961067199707,-29.869550704956055,30.49917221069336,-29.794994354248047,-28.446693420410156,-10.977849006652832,-10.44735336303711,-23.433204650878906,,
1753295908.8024902,20609.74842037,-6.890441417694092,6.68356990814209,-8.12582778930664,-20.338274002075195,-15.8663911819458,-31.136592864990234,30.599367141723633,-30.262378692626953,-29.829212188720703,-10.562373161315918,-10.225956916809082,-24.24895477294922,,
1753295908.8145745,20609.760485314,-7.573518753051758,7.159965515136719,-8.820103645324707,-20.64336395263672,-15.428686141967773,-32.33787155151367,30.6671085357666,-30.63807487487793,-31.11717987060547,-10.152853965759277,-9.988525390625,-24.992870330810547,,
1753295908.8260708,20609.772391306,-8.283143043518066,7.635435581207275,-9.601381301879883,-21.03148078918457,-14.900275230407715,-33.379310607910156,30.73037338256836,-30.966529846191406,-32.28399658203125,-9.722926139831543,-9.664969444274902,-25.5909366607666,,
1753295908.8369777,20609.783147611,-9.06112003326416,8.103744506835938,-10.488205909729004,-21.515193939208984,-14.249190330505371,-34.2700080871582,30.79421615600586,-31.237346649169922,-33.341007232666016,-9.261239051818848,-9.252524375915527,-26.02349281311035,,
1753295908.8434064,20609.789486283,-9.883052825927734,8.554017066955566,-11.4552583694458,-22.056320190429688,-13.504990577697754,-34.998626708984375,30.83291244506836,-31.407808303833008,-34.252864837646484,-8.81265640258789,-8.795560836791992,-26.293230056762695,,
1753295908.854942,20609.800931699,-10.762328147888184,8.982444763183594,-12.496760368347168,-22.675167083740234,-12.64767837524414,-35.49097442626953,30.884193420410156,-31.51736831665039,-34.99616622924805,-8.355234146118164,-8.254158973693848,-26.340911865234375,,
1753295908.864645,20609.810367658,-11.545669555664062,9.353654861450195,-13.463273048400879,-23.1387996673584,-11.861359596252441,-35.82670593261719,30.914405822753906,-31.57911491394043,-35.6025505065918,-8.015239715576172,-7.768403053283691,-26.350261688232422,,
1753295908.873659,20609.819311704,-12.316678047180176,9.670183181762695,-14.401693344116211,-23.652814865112305,-11.048649787902832,-35.926876068115234,30.97783088684082,-31.600143432617188,-36.03748321533203,-7.677485466003418,-7.265339374542236,-26.16469955444336,,
1753295908.8825593,20609.828685255,-13.098464965820312,9.93127727508545,-15.322190284729004,-24.25055694580078,-10.172237396240234,-35.76112365722656,31.073139190673828,-31.56175994873047,-36.2673225402832,-7.330940246582031,-6.723793983459473,-25.729219436645508,,
1753295908.8912804,20609.836939584,-13.844929695129395,10.128291130065918,-16.176427841186523,-24.843116760253906,-9.287174224853516,-35.36263656616211,31.208724975585938,-31.519962310791016,-36.33405303955078,-7.005241394042969,-6.1696062088012695,-25.129270553588867,,
1753295908.899249,20609.845851343,-14.593195915222168,10.259468078613281,-16.990259170532227,-25.536460876464844,-8.336603164672852,-34.698768615722656,31.40463638305664,-31.442218780517578,-36.20325469970703,-6.665075302124023,-5.604486465454102,-24.27692413330078,,
1753295908.906003,20609.852635577,-15.299478530883789,10.333821296691895,-17.71156120300293,-26.224063873291016,-7.389033794403076,-33.91519546508789,31.658374786376953,-31.391481399536133,-35.970001220703125,-6.330036640167236,-5.06835412979126,-23.319229125976562,,
1753295908.9130967,20609.858717776,-16.27018928527832,10.380457878112793,-18.527284622192383,-27.731311798095703,-5.865420341491699,-32.13591766357422,32.23945999145508,-31.49230194091797,-35.242794036865234,-5.624719619750977,-4.158525466918945,-21.209020614624023,,
1753295908.9230132,20609.868677154,-17.04062271118164,10.309898376464844,-19.10209846496582,-28.734207153320312,-4.629518032073975,-30.652057647705078,32.65591812133789,-31.52665138244629,-34.58915710449219,-5.119885444641113,-3.5465335845947266,-19.491741180419922,,
1753295908.9338186,20609.879905959,-17.661197662353516,10.185701370239258,-19.49814796447754,-29.640148162841797,-3.5233688354492188,-29.15108299255371,33.02548599243164,-31.590784072875977,-33.87581253051758,-4.5858917236328125,-3.001405954360962,-17.82413673400879,,
1753295908.9474142,20609.892980767,-18.177400588989258,9.993721961975098,-19.731706619262695,-30.489267349243164,-2.5141708850860596,-27.594654083251953,33.352325439453125,-31.765697479248047,-33.1317024230957,-3.970012903213501,-2.440852165222168,-16.188955307006836,,
1753295908.9576778,20609.903543769,-18.591773986816406,9.725244522094727,-19.805601119995117,-31.324630737304688,-1.5699211359024048,-25.895631790161133,33.597740173339844,-31.967544555664062,-32.3118782043457,-3.321323871612549,-1.8853086233139038,-14.555426597595215,,
1753295908.9680512,20609.913589018,-18.818662643432617,9.499909400939941,-19.771095275878906,-31.5025577545166,-1.1751328706741333,-25.309675216674805,33.673885345458984,-32.012351989746094,-31.9783992767334,-3.1431429386138916,-1.815405011177063,-13.875624656677246,,
1753295908.9737325,20609.919438591,-18.928434371948242,9.293437004089355,-19.61678123474121,-32.14600372314453,-0.572399377822876,-23.85089111328125,33.81962203979492,-32.2125358581543,-31.273223876953125,-2.6576972007751465,-1.4182944297790527,-12.707341194152832,,
1753295908.9830143,20609.928746435,-19.118650436401367,8.838269233703613,-19.23368263244629,-33.703529357910156,0.7976648807525635,-20.660823822021484,34.08708190917969,-32.57110595703125,-30.005525588989258,-1.5045888423919678,-0.6343218684196472,-10.505950927734375,,
1753295908.9975977,20609.943279362,-19.178075790405273,8.171526908874512,-18.764516830444336,-34.750877380371094,1.9871355295181274,-18.11553955078125,34.23342514038086,-32.76930236816406,-28.944278717041016,-0.6867886185646057,-0.2243090122938156,-8.842779159545898,,
1753295909.0048673,20609.950667237,-19.155860900878906,7.675894260406494,-18.37504005432129,-34.977500915527344,2.439413547515869,-17.143173217773438,34.29286193847656,-32.850120544433594,-28.394121170043945,-0.4671421945095062,-0.21784766018390656,-8.095959663391113,,
1753295909.0144455,20609.960212336,-18.594327926635742,7.137566089630127,-17.646892547607422,-36.79789733886719,3.95322585105896,-14.176010131835938,34.5869140625,-33.02301025390625,-27.23334312438965,0.5049785375595093,0.03326083719730377,-6.490038871765137,,
1753295909.0245283,20609.970531133,-17.899250030517578,6.4402923583984375,-16.891857147216797,-38.166412353515625,5.204100131988525,-11.846109390258789,34.83073425292969,-33.147796630859375,-26.14862060546875,1.20900559425354,0.012141890823841095,-5.323845386505127,,
1753295909.0355377,20609.981943368,-17.527555465698242,5.944383144378662,-16.337661743164062,-38.56855010986328,5.629173278808594,-10.942926406860352,34.9273681640625,-33.159847259521484,-25.541881561279297,1.3700212240219116,-0.17307576537132263,-4.7657575607299805,,
1753295909.0514011,20609.997518796,-16.91971206665039,5.4983344078063965,-15.74338150024414,-39.61213302612305,6.450643539428711,-9.481600761413574,35.24491500854492,-33.20334243774414,-24.731212615966797,1.7172385454177856,-0.4903107285499573,-4.032256603240967,,
1753295909.0651674,20610.012383147,-16.174816131591797,5.025633811950684,-15.12845230102539,-40.6934700012207,7.340965747833252,-7.960803985595703,35.66781997680664,-33.185218811035156,-23.75048065185547,2.0284957885742188,-0.9866571426391602,-3.3478240966796875,,
1753295909.0756474,20610.022585965,-15.283702850341797,4.571491241455078,-14.531248092651367,-41.65275955200195,8.219768524169922,-6.435418128967285,36.192604064941406,-33.0910530090332,-22.571821212768555,2.2255711555480957,-1.6146042346954346,-2.797590732574463,,
1753295909.0865743,20610.032880423,-14.361248016357422,4.1985015869140625,-14.051515579223633,-42.44805145263672,9.050613403320312,-4.97861385345459,36.73722457885742,-32.976463317871094,-21.316377639770508,2.3630428314208984,-2.2880985736846924,-2.4530692100524902,,
1753295909.0953763,20610.042709975,-12.67188835144043,4.000576019287109,-13.412954330444336,-43.40306091308594,10.205744743347168,-2.5113649368286133,37.74091339111328,-33.135406494140625,-19.25868797302246,2.6081736087799072,-3.2339839935302734,-2.5872278213500977,,
1753295909.1077046,20610.053442363,-11.535516738891602,3.8546321392059326,-12.997235298156738,-43.76829528808594,10.732967376708984,-0.8964896202087402,38.450809478759766,-33.09674835205078,-17.865144729614258,2.6970791816711426,-4.098160266876221,-2.7761714458465576,,
1753295909.1159103,20610.062351016,-11.137589454650879,3.722048044204712,-12.87278938293457,-43.832969665527344,10.868967056274414,-0.23050522804260254,38.727134704589844,-32.93693161010742,-17.23334503173828,2.7554266452789307,-4.587450981140137,-2.7650039196014404,,
1753295909.1264217,20610.072624015,-10.067996978759766,3.8226635456085205,-12.248305320739746,-43.91373062133789,11.188565254211426,1.211634635925293,39.7004508972168,-33.22972869873047,-16.263343811035156,2.7711498737335205,-5.064618110656738,-3.2277767658233643,,
1753295909.1326365,20610.078364478,-9.339024543762207,3.917760133743286,-11.875349044799805,-43.94990158081055,11.392900466918945,2.3459856510162354,40.54828643798828,-33.31156539916992,-15.594865798950195,2.7092816829681396,-5.521916389465332,-3.5521490573883057,,
1753295909.1382859,20610.084324239,-8.765057563781738,3.9990222454071045,-11.561714172363281,-43.86315155029297,11.496087074279785,3.277022361755371,41.29373550415039,-33.33082962036133,-15.134053230285645,2.6154184341430664,-5.895097255706787,-3.7921347618103027,,
1753295909.1447544,20610.09066723,-8.603822708129883,4.01630973815918,-11.531306266784668,-43.80829620361328,11.518828392028809,3.707686185836792,41.54368209838867,-33.19187545776367,-14.948988914489746,2.600283622741699,-6.148671627044678,-3.8400895595550537,,
1753295909.1552243,20610.10085565,-8.057368278503418,4.085205554962158,-11.020824432373047,-43.61820983886719,11.612702369689941,4.638586521148682,42.55280303955078,-33.42361831665039,-14.686211585998535,2.4419679641723633,-6.315611839294434,-4.051729679107666,,
1753295909.1636338,20610.1093354,-7.753551483154297,4.1443963050842285,-10.811253547668457,-43.43132781982422,11.58820629119873,5.37954568862915,43.19377136230469,-33.389305114746094,-14.569005012512207,2.2309012413024902,-6.567150592803955,-4.089548587799072,,
1753295909.1738026,20610.119429034,-7.59247350692749,4.16102409362793,-10.629400253295898,-43.28041458129883,11.59870433807373,5.991271018981934,43.7612419128418,-33.37153625488281,-14.54918384552002,2.0942347049713135,-6.734343528747559,-4.073729515075684,,
1753295909.1839612,20610.129803148,-7.568804740905762,4.16964054107666,-10.611368179321289,-43.22209930419922,11.627738952636719,6.297810077667236,43.93767166137695,-33.256797790527344,-14.543569564819336,2.0673458576202393,-6.873194217681885,-4.050595760345459,,
1753295909.1940129,20610.140170105,-7.558976173400879,4.1610822677612305,-10.480768203735352,-43.144004821777344,11.668603897094727,6.605339527130127,44.29475784301758,-33.31059265136719,-14.592863082885742,2.030717372894287,-6.902427673339844,-4.025638580322266,,
1753295909.2110188,20610.156799239,-7.529679298400879,4.158961296081543,-10.344990730285645,-42.983638763427734,11.603239059448242,6.918312072753906,44.641658782958984,-33.35857391357422,-14.675385475158691,1.9177346229553223,-6.94242525100708,-3.9630532264709473,,
1753295909.2217531,20610.167612823,-7.576532363891602,4.164538383483887,-10.233542442321777,-42.9101676940918,11.614974021911621,7.218936443328857,45.01580810546875,-33.43049240112305,-14.790692329406738,1.8332735300064087,-6.950867176055908,-3.8871493339538574,,
1753295909.2247903,20610.170545968,-7.669440746307373,4.1729326248168945,-10.157195091247559,-42.802955627441406,11.580309867858887,7.45389461517334,45.3211669921875,-33.4962272644043,-14.952937126159668,1.7401518821716309,-6.940539836883545,-3.7845940589904785,,
1753295909.2339036,20610.179589905,-7.80149507522583,4.141052722930908,-9.995647430419922,-42.52317428588867,11.363188743591309,7.73959493637085,45.75080108642578,-33.661834716796875,-15.28885269165039,1.5599308013916016,-6.856429576873779,-3.5822839736938477,,
1753295909.243512,20610.189262413,-7.9851555824279785,4.1522440910339355,-9.912947654724121,-42.416263580322266,11.305187225341797,7.974334716796875,46.07405090332031,-33.77020263671875,-15.569798469543457,1.4572303295135498,-6.770030975341797,-3.419834852218628,,
1753295909.2533882,20610.198786054,-8.094892501831055,4.149020195007324,-9.843135833740234,-42.24092483520508,11.160205841064453,8.138498306274414,46.261695861816406,-33.82963562011719,-15.80354118347168,1.3519649505615234,-6.717404365539551,-3.2904982566833496,,
1753295909.2638512,20610.209598873,-8.142627716064453,4.117252826690674,-9.711641311645508,-42.03414535522461,10.987835884094238,8.34918212890625,46.539546966552734,-33.93403625488281,-16.02125358581543,1.235181450843811,-6.652015686035156,-3.1748154163360596,,
1753295909.2738051,20610.219428207,-8.157597541809082,4.081452369689941,-9.596907615661621,-41.81234359741211,10.780625343322754,8.546246528625488,46.75183868408203,-33.994171142578125,-16.208181381225586,1.1113861799240112,-6.609723091125488,-3.057725429534912,,
1753295909.2836692,20610.229398775,-8.184168815612793,4.072347640991211,-9.556602478027344,-41.74897003173828,10.724217414855957,8.658350944519043,46.80961608886719,-33.97233963012695,-16.29823112487793,1.0755655765533447,-6.59289026260376,-2.991267681121826,,
1753295909.2942421,20610.240308195,-8.175975799560547,4.033900737762451,-9.443358421325684,-41.65719223022461,10.668927192687988,8.818866729736328,47.057071685791016,-34.05556106567383,-16.387304306030273,1.0204583406448364,-6.557021141052246,-2.955504894256592,,
1753295909.303801,20610.249791807,-8.090559959411621,3.989511251449585,-9.339792251586914,-41.435760498046875,10.461112022399902,8.986172676086426,47.22521209716797,-34.076141357421875,-16.44822883605957,0.899406373500824,-6.5778021812438965,-2.8978376388549805,,
1753295909.3141778,20610.260100828,-7.933191299438477,3.9143450260162354,-9.179193496704102,-41.19114303588867,10.240984916687012,9.22438907623291,47.48388671875,-34.10588073730469,-16.465803146362305,0.7698600888252258,-6.6140055656433105,-2.8442752361297607,,
1753295909.3240376,20610.269748097,-7.710727691650391,3.826594114303589,-9.003254890441895,-40.93608856201172,10.021798133850098,9.497910499572754,47.75825881958008,-34.09600830078125,-16.404325485229492,0.6291748285293579,-6.694191932678223,-2.8014907836914062,,
1753295909.3335547,20610.279406703,-7.462096691131592,3.7382149696350098,-8.824666023254395,-40.7431755065918,9.88305950164795,9.806833267211914,48.071998596191406,-34.06599044799805,-16.26494026184082,0.5082193613052368,-6.810708045959473,-2.787229537963867,,
1753295909.3434973,20610.289640223,-7.142867565155029,3.6400344371795654,-8.625791549682617,-40.538177490234375,9.744386672973633,10.151887893676758,48.42116165161133,-34.018043518066406,-16.032373428344727,0.3742709457874298,-6.985738754272461,-2.8085806369781494,,
1753295909.3539407,20610.302967289,-6.725290298461914,3.526137590408325,-8.40833854675293,-40.283546447753906,9.56118392944336,10.531147956848145,48.74649429321289,-33.917415618896484,-15.690829277038574,0.21748478710651398,-7.228411674499512,-2.8492612838745117,,
1753295909.3632865,20610.308862113,-5.801665782928467,3.33573579788208,-7.958734512329102,-39.89323043823242,9.329404830932617,11.158452987670898,49.31903076171875,-33.753944396972656,-14.831783294677734,-0.06958656013011932,-7.686891555786133,-3.0803470611572266,,
1753295909.3732708,20610.318920977,-5.089235305786133,3.1431996822357178,-7.65921688079834,-39.59611511230469,9.159510612487793,11.743124008178711,49.74262237548828,-33.51971435546875,-14.053837776184082,-0.31137633323669434,-8.127042770385742,-3.1818299293518066,,
1753295909.383651,20610.329404959,-4.333294868469238,2.9816997051239014,-7.370327472686768,-39.42164993286133,9.159154891967773,12.291382789611816,50.05330276489258,-33.23248291015625,-13.129044532775879,-0.4988076090812683,-8.593547821044922,-3.3705344200134277,,
1753295909.3936875,20610.339479104,-4.087958335876465,2.857789993286133,-7.309948444366455,-39.3826789855957,9.186970710754395,12.609437942504883,50.171730041503906,-33.03339385986328,-12.72529125213623,-0.5360944271087646,-8.880064010620117,-3.356846809387207,,
1753295909.4045558,20610.350433497,-3.3766849040985107,2.727487087249756,-7.0310378074646,-39.20096206665039,9.185953140258789,12.973008155822754,50.34849548339844,-32.81456756591797,-11.89396858215332,-0.7204728126525879,-9.252432823181152,-3.5846402645111084,,
1753295909.4141936,20610.359773714,-2.473879814147949,2.583414316177368,-6.767877578735352,-39.06437683105469,9.250109672546387,13.404560089111328,50.516910552978516,-32.52764129638672,-10.804102897644043,-0.9966142177581787,-9.69484806060791,-3.8825459480285645,,
1753295909.4236822,20610.368919474,-1.5111371278762817,2.446267604827881,-6.562862396240234,-39.087066650390625,9.490296363830566,13.86938190460205,50.61101150512695,-32.189186096191406,-9.533379554748535,-1.250260353088379,-10.16801643371582,-4.258240222930908,,
1753295909.4335225,20610.378777861,-0.4338032901287079,2.288855791091919,-6.338531494140625,-39.198238372802734,9.873756408691406,14.340385437011719,50.6923828125,-31.873369216918945,-8.084724426269531,-1.5000464916229248,-10.617979049682617,-4.749952793121338,,
1753295909.444122,20610.389716131,0.6879023313522339,2.1354222297668457,-6.166957378387451,-39.39743423461914,10.347304344177246,14.764731407165527,50.6488151550293,-31.557235717773438,-6.586740970611572,-1.7188464403152466,-11.010704040527344,-5.332068920135498,,
1753295909.4536626,20610.39896848,2.694188356399536,2.0309956073760986,-5.831902503967285,-39.85972213745117,11.270442008972168,15.327702522277832,50.223175048828125,-31.25577163696289,-4.305020332336426,-1.9383314847946167,-11.187910079956055,-6.680416584014893,,
1753295909.4638133,20610.408899268,3.4620320796966553,1.7899377346038818,-5.892445087432861,-40.1331901550293,11.527533531188965,15.490008354187012,50.06834030151367,-30.967639923095703,-3.256504535675049,-2.1027679443359375,-11.434118270874023,-7.129208087921143,,
1753295909.4737713,20610.419242505,4.5223517417907715,1.72274911403656,-5.807921409606934,-40.490760803222656,12.002996444702148,15.76291561126709,49.625484466552734,-30.814531326293945,-2.059739112854004,-2.1313090324401855,-11.449352264404297,-8.000761032104492,,
1753295909.483547,20610.428781118,5.67634916305542,1.7306618690490723,-5.744175434112549,-40.94529342651367,12.562860488891602,16.049161911010742,49.04781723022461,-30.756607055664062,-0.8634178638458252,-2.0821030139923096,-11.303828239440918,-9.099595069885254,,
1753295909.493776,20610.438983953,6.93195104598999,1.7353678941726685,-5.6978325843811035,-41.30091094970703,13.028453826904297,16.309295654296875,48.284637451171875,-30.722471237182617,0.279252290725708,-2.0071511268615723,-11.059208869934082,-10.311809539794922,,
1753295909.503999,20610.44996132,8.17437744140625,1.7885545492172241,-5.670825958251953,-41.684635162353516,13.484280586242676,16.574430465698242,47.47161865234375,-30.79595184326172,1.303541660308838,-1.8644843101501465,-10.676458358764648,-11.580572128295898,,
1753295909.5137036,20610.45889373,9.393199920654297,1.8812026977539062,-5.649693489074707,-42.02878189086914,13.900498390197754,16.809635162353516,46.69020080566406,-30.95024299621582,2.180715560913086,-1.7110847234725952,-10.177387237548828,-12.859258651733398,,
1753295909.523611,20610.468734901,10.632196426391602,1.9697116613388062,-5.668653964996338,-42.24378204345703,14.194278717041016,17.025325775146484,45.819698333740234,-31.084482192993164,2.9244275093078613,-1.5909671783447266,-9.639884948730469,-14.085379600524902,,
1753295909.5338187,20610.478972083,11.819581031799316,2.052213430404663,-5.737898349761963,-42.420928955078125,14.414408683776855,17.21293067932129,44.90932083129883,-31.20962142944336,3.507356882095337,-1.4644289016723633,-9.065729141235352,-15.21817398071289,,
1753295909.5431924,20610.488505734,13.455282211303711,2.279207944869995,-6.054327487945557,-42.71162796020508,14.839273452758789,17.591602325439453,43.47114562988281,-31.381532669067383,4.155090808868408,-1.1991422176361084,-8.33607006072998,-16.912736892700195,,
1753295909.553302,20610.498793917,14.710622787475586,2.404231309890747,-6.3802571296691895,-42.926841735839844,14.950946807861328,17.584854125976562,42.29661178588867,-31.52106475830078,4.5134711265563965,-0.9476003646850586,-7.55291748046875,-18.14320945739746,,
1753295909.563706,20610.50894892,15.69039249420166,2.4991095066070557,-6.677391052246094,-43.04824447631836,14.941767692565918,17.47745704650879,41.359283447265625,-31.627527236938477,4.666767597198486,-0.7591219544410706,-6.791911602020264,-19.091806411743164,,
1753295909.5738316,20610.519596656,16.17290496826172,2.5197501182556152,-6.794877052307129,-43.10648727416992,14.845707893371582,17.247333526611328,40.95047378540039,-31.726421356201172,4.618915557861328,-0.6828377842903137,-6.153070449829102,-19.531970977783203,,
1753295909.5835776,20610.529298802,16.74671745300293,2.5925464630126953,-7.036836624145508,-43.14187240600586,14.805498123168945,17.231063842773438,40.342952728271484,-31.74074363708496,4.634583950042725,-0.6250936388969421,-5.6817498207092285,-20.11634063720703,,
1753295909.5936406,20610.53934016,17.435422897338867,2.7354066371917725,-7.418712615966797,-43.30260467529297,14.76816463470459,17.29034996032715,39.39971923828125,-31.775665283203125,4.768052577972412,-0.4614883363246918,-5.254920959472656,-20.86963653564453,,
1753295909.6037061,20610.549978175,17.795804977416992,2.7832212448120117,-7.511937618255615,-43.40742492675781,14.693811416625977,17.103517532348633,39.00094223022461,-31.90970230102539,4.74448823928833,-0.3130861520767212,-4.753373146057129,-21.23993492126465,,
1753295909.6133165,20610.558843553,18.164541244506836,2.833737373352051,-7.7711639404296875,-43.409568786621094,14.439106941223145,17.00666618347168,38.26892852783203,-31.873605728149414,4.830501079559326,-0.28061798214912415,-4.527229309082031,-21.48546028137207,,
1753295909.6295173,20610.575343006,18.341442108154297,2.81156325340271,-7.884872913360596,-43.41069030761719,14.146173477172852,16.839570999145508,37.73627471923828,-31.866336822509766,4.854809761047363,-0.2395254224538803,-4.369523525238037,-21.479360580444336,,
1753295909.6354804,20610.581919073,18.445119857788086,2.7979164123535156,-7.861971378326416,-43.425106048583984,14.030353546142578,16.739154815673828,37.547542572021484,-31.952253341674805,4.806677341461182,-0.19102849066257477,-4.155404090881348,-21.517602920532227,,
1753295909.6439528,20610.58958636,18.36838150024414,2.7498831748962402,-7.876581192016602,-43.39042282104492,13.7864408493042,16.595029830932617,37.35573959350586,-31.922637939453125,4.795612335205078,-0.25113362073898315,-4.169620990753174,-21.290922164916992,,
1753295909.6547606,20610.600511461,18.18241310119629,2.664963483810425,-7.875406265258789,-43.34218978881836,13.507243156433105,16.448945999145508,37.15925598144531,-31.834678649902344,4.789116859436035,-0.32264435291290283,-4.338469982147217,-20.918758392333984,,
1753295909.6648328,20610.61030126,17.859615325927734,2.543147087097168,-7.846848964691162,-43.298274993896484,13.19204330444336,16.257797241210938,36.97616195678711,-31.708499908447266,4.777751445770264,-0.3953183591365814,-4.634213924407959,-20.40355110168457,,
1753295909.6736157,20610.618824863,17.371694564819336,2.3654322624206543,-7.73752498626709,-43.21695327758789,12.863361358642578,15.994014739990234,36.927608489990234,-31.549213409423828,4.716559886932373,-0.48583605885505676,-5.008320331573486,-19.707178115844727,,
1753295909.6838691,20610.628972132,16.76081657409668,2.1294288635253906,-7.610292434692383,-43.09287643432617,12.490091323852539,15.703752517700195,36.89305114746094,-31.30721664428711,4.617528915405273,-0.6159676909446716,-5.513956069946289,-18.873943328857422,,
1753295909.693918,20610.639122376,15.981807708740234,1.8342998027801514,-7.4350433349609375,-42.96990203857422,12.117382049560547,15.365808486938477,36.92180633544922,-31.03394889831543,4.456794261932373,-0.7502227425575256,-6.10496187210083,-17.92153549194336,,
1753295909.7036486,20610.648889043,14.790810585021973,1.3425159454345703,-7.277826309204102,-42.69295120239258,11.50610065460205,14.735320091247559,36.935462951660156,-30.51909637451172,4.069173812866211,-0.9803294539451599,-6.92071533203125,-16.482906341552734,,
1753295909.7139971,20610.659233795,13.606892585754395,0.9161754846572876,-7.117664813995361,-42.46050262451172,11.053261756896973,14.215782165527344,37.08855438232422,-30.122793197631836,3.542088270187378,-1.123557686805725,-7.706374645233154,-15.16374397277832,,
1753295909.7240627,20610.669400823,12.49013614654541,0.5884152054786682,-7.165592670440674,-42.25801467895508,10.607277870178223,13.658807754516602,37.09632110595703,-29.692089080810547,2.9277470111846924,-1.1984941959381104,-8.47300910949707,-13.974867820739746,,
1753295909.7340252,20610.679295626,11.297165870666504,0.35463830828666687,-7.295441150665283,-42.10090637207031,10.203149795532227,12.968501091003418,37.20895767211914,-29.32469367980957,2.1032612323760986,-1.1477094888687134,-9.094620704650879,-12.831521034240723,,
1753295909.7435315,20610.688923066,10.116623878479004,0.21911028027534485,-7.582281589508057,-41.82844543457031,9.681193351745605,12.130436897277832,37.137451171875,-28.88267707824707,1.069628119468689,-0.9891849160194397,-9.64627456665039,-11.726239204406738,,
1753295909.7540822,20610.699322274,8.898443222045898,0.19356879591941833,-7.9416728019714355,-41.53860092163086,9.18082046508789,11.181668281555176,37.047210693359375,-28.502920150756836,-0.19901804625988007,-0.6518121957778931,-9.997589111328125,-10.703248023986816,,
1753295909.7640061,20610.71070341,7.6216840744018555,0.25235965847969055,-8.41319465637207,-41.20679473876953,8.674263000488281,10.134559631347656,36.863197326660156,-28.138750076293945,-1.7015435695648193,-0.19512856006622314,-10.186870574951172,-9.754042625427246,,
1753295909.7745526,20610.720359185,6.265445709228516,0.3441949486732483,-8.957014083862305,-40.853702545166016,8.123950958251953,9.002093315124512,36.50313186645508,-27.800464630126953,-3.4077930450439453,0.3499319851398468,-10.202665328979492,-8.88006591796875,,
1753295909.7841547,20610.729766527,4.95073127746582,0.4272022545337677,-9.414644241333008,-40.49528884887695,7.571177005767822,7.869272708892822,36.058807373046875,-27.59721565246582,-5.166525840759277,0.8970070481300354,-9.98848819732666,-8.140089988708496,,
1753295909.793989,20610.73963548,3.5900583267211914,0.45539042353630066,-9.794634819030762,-40.15036392211914,7.069015026092529,6.654428005218506,35.5846061706543,-27.504505157470703,-6.96712064743042,1.3885003328323364,-9.543924331665039,-7.429934501647949,,
1753295909.8039777,20610.749858375,2.2024426460266113,0.4173906743526459,-10.131349563598633,-39.71965789794922,6.496767997741699,5.335757255554199,34.95631790161133,-27.373056411743164,-8.733790397644043,1.7612658739089966,-9.028409004211426,-6.70906925201416,,
1753295909.8156025,20610.762057665,0.8246002197265625,0.35631513595581055,-10.362483024597168,-39.328216552734375,5.954635143280029,4.033301830291748,34.351341247558594,-27.294403076171875,-10.34155559539795,1.989508867263794,-8.460318565368652,-6.040851593017578,,
1753295909.824278,20610.77002876,-0.5044988393783569,0.3075987994670868,-10.56615924835205,-38.945159912109375,5.337920188903809,2.66634202003479,33.65873336791992,-27.144737243652344,-11.794472694396973,2.0307457447052,-7.897258281707764,-5.451898097991943,,
1753295909.8339298,20610.779937084,-1.733973741531372,0.29652705788612366,-10.709879875183105,-38.61099624633789,4.726775646209717,1.2591863870620728,33.037940979003906,-26.97565460205078,-13.10153865814209,1.9105690717697144,-7.301143169403076,-4.959414005279541,,
1753295909.8432863,20610.789265537,-3.3651340007781982,0.2978452742099762,-10.961162567138672,-38.00005340576172,3.711369037628174,-1.0039012432098389,32.12171936035156,-26.47989273071289,-14.727478981018066,1.4716079235076904,-6.657964706420898,-4.502754211425781,,
1753295909.8536065,20610.799290985,-4.0137858390808105,0.45150405168533325,-10.850889205932617,-37.876625061035156,3.456981897354126,-1.8845516443252563,31.831939697265625,-26.584001541137695,-15.43783950805664,1.352306604385376,-6.146376609802246,-4.41787576675415,,
1753295909.8636742,20610.809410591,-5.0272932052612305,0.5461124181747437,-10.922749519348145,-37.17481994628906,2.584561824798584,-3.8576977252960205,31.130666732788086,-26.132841110229492,-16.290403366088867,0.8336489796638489,-5.851869106292725,-4.528319835662842,,
1753295909.8732245,20610.818511497,-5.7006306648254395,0.7387920618057251,-10.879166603088379,-36.6624641418457,1.979758858680725,-5.312596321105957,30.763919830322266,-25.9874210357666,-16.841333389282227,0.45117929577827454,-5.566592693328857,-4.7381911277771,,
1753295909.883153,20610.828566595,-6.116300106048584,0.973381757736206,-10.813323020935059,-36.07033157348633,1.3134056329727173,-6.547788143157959,30.452415466308594,-25.82278823852539,-17.197261810302734,0.03435039147734642,-5.467350006103516,-5.0318074226379395,,
1753295909.8934963,20610.838623161,-6.398007869720459,1.1946457624435425,-10.77665901184082,-35.501426696777344,0.6720747947692871,-7.651089191436768,30.191041946411133,-25.602447509765625,-17.404333114624023,-0.37947511672973633,-5.513645172119141,-5.368439674377441,,
1753295909.9031844,20610.847963632,-6.598172664642334,1.4043290615081787,-10.753101348876953,-34.9896125793457,0.0830119326710701,-8.624554634094238,30.012264251708984,-25.40216636657715,-17.52638816833496,-0.773144006729126,-5.621162414550781,-5.713829040527344,,
1753295909.9134645,20610.860009533,-6.648950576782227,1.6217272281646729,-10.69979190826416,-34.35782241821289,-0.6319210529327393,-9.578343391418457,29.785911560058594,-25.14169692993164,-17.55779266357422,-1.2354788780212402,-5.825760841369629,-6.151015758514404,,
1753295909.9235895,20610.868814899,-6.610641002655029,1.8129998445510864,-10.616381645202637,-33.795257568359375,-1.2993875741958618,-10.365535736083984,29.614248275756836,-24.93769645690918,-17.559036254882812,-1.654105544090271,-6.0128703117370605,-6.578196048736572,,
1753295909.9335794,20610.87893485,-6.486143112182617,1.9752850532531738,-10.50688648223877,-33.206329345703125,-1.9897592067718506,-11.098387718200684,29.415428161621094,-24.70047378540039,-17.512325286865234,-2.0949928760528564,-6.235442161560059,-7.037410259246826,,
1753295909.9431963,20610.88844467,-6.290455341339111,2.110973596572876,-10.348133087158203,-32.602699279785156,-2.6994876861572266,-11.759249687194824,29.2196102142334,-24.48251724243164,-17.446359634399414,-2.5481534004211426,-6.464045524597168,-7.517210483551025,,
1753295909.9539578,20610.899672772,-6.205320835113525,2.1646862030029297,-10.248432159423828,-32.48816680908203,-2.95933198928833,-11.978362083435059,29.231489181518555,-24.44843292236328,-17.44498634338379,-2.6864824295043945,-6.5217742919921875,-7.68733024597168,,
1753295909.9633348,20610.909238829,-5.938086986541748,2.255326271057129,-10.071202278137207,-31.94213104248047,-3.5707602500915527,-12.372321128845215,29.0065975189209,-24.253231048583984,-17.343271255493164,-3.0474061965942383,-6.71943998336792,-8.071889877319336,,
1753295909.973686,20610.919614076,-5.633382797241211,2.32002854347229,-9.847807884216309,-31.343772888183594,-4.2582597732543945,-12.807977676391602,28.803482055664062,-24.05849266052246,-17.248624801635742,-3.473198175430298,-6.942920207977295,-8.51153564453125,,
1753295909.9844425,20610.930235671,-5.261018753051758,2.386605978012085,-9.567435264587402,-30.712133407592773,-5.013460159301758,-13.189627647399902,28.599454879760742,-23.877614974975586,-17.15674591064453,-3.9208290576934814,-7.171236515045166,-8.966973304748535,,
1753295909.9933386,20610.939246185,-4.831757545471191,2.438682794570923,-9.251272201538086,-30.061561584472656,-5.805696964263916,-13.520851135253906,28.380165100097656,-23.680681228637695,-17.050241470336914,-4.377086162567139,-7.416269302368164,-9.42786693572998,,
1753295910.0031674,20610.949146933,-4.106639385223389,2.5524327754974365,-8.78039264678955,-28.865114212036133,-7.112162113189697,-14.045123100280762,27.92958641052246,-23.32312774658203,-16.849693298339844,-5.171777248382568,-7.8351922035217285,-10.201754570007324,,
1753295910.0134664,20610.959393781,-3.494525671005249,2.537320852279663,-8.377226829528809,-28.140335083007812,-8.04371452331543,-14.388961791992188,27.68798065185547,-23.007034301757812,-16.6878662109375,-5.747688293457031,-8.201382637023926,-10.764296531677246,,
1753295910.0230708,20610.968793495,-2.8967297077178955,2.5191662311553955,-7.987223148345947,-27.45305824279785,-8.925395965576172,-14.693389892578125,27.43846893310547,-22.7170467376709,-16.516101837158203,-6.270885467529297,-8.532394409179688,-11.271055221557617,,
1753295910.0330904,20610.978675547,-2.319949150085449,2.4985766410827637,-7.61434268951416,-26.768444061279297,-9.78273868560791,-14.995843887329102,27.183406829833984,-22.441511154174805,-16.344587326049805,-6.782295227050781,-8.853826522827148,-11.749810218811035,,
1753295910.04372,20610.989315441,-2.0323896408081055,2.395136833190918,-7.366222381591797,-26.64021873474121,-10.124261856079102,-15.05860710144043,27.19126319885254,-22.355432510375977,-16.27894401550293,-6.934514045715332,-8.98393440246582,-11.88879108428955,,
1753295910.0552874,20611.000915182,-1.580885648727417,2.4132027626037598,-7.079641342163086,-26.00489616394043,-10.849873542785645,-15.327723503112793,26.904993057250977,-22.123538970947266,-16.110586166381836,-7.365001678466797,-9.249000549316406,-12.261808395385742,,
1753295910.0650675,20611.010897664,-1.0666472911834717,2.4255447387695312,-6.7940778732299805,-25.2791748046875,-11.648619651794434,-15.665367126464844,26.595945358276367,-21.847126007080078,-15.924189567565918,-7.895193099975586,-9.578215599060059,-12.717395782470703,,
1753295910.07478,20611.020571815,-0.31182411313056946,2.5070459842681885,-6.442234516143799,-23.977218627929688,-12.969442367553711,-16.357852935791016,26.0604248046875,-21.427326202392578,-15.642813682556152,-8.887933731079102,-10.125389099121094,-13.57336139678955,,
1753295910.084906,20611.03103605,0.08622322231531143,2.402916431427002,-6.205021858215332,-23.71395492553711,-13.452862739562988,-16.558549880981445,26.053071975708008,-21.302528381347656,-15.559144020080566,-9.212395668029785,-10.359842300415039,-13.839069366455078,,
1753295910.094415,20611.040331547,0.8523485660552979,2.4916372299194336,-5.795046806335449,-22.37915802001953,-14.823298454284668,-17.353700637817383,25.550676345825195,-20.98086929321289,-15.315934181213379,-10.25135326385498,-10.940096855163574,-14.715676307678223,,
1753295910.1128335,20611.058547564,1.260141134262085,2.4035003185272217,-5.5145649909973145,-22.113628387451172,-15.335357666015625,-17.608488082885742,25.550739288330078,-20.90319061279297,-15.244278907775879,-10.576176643371582,-11.1946382522583,-14.951099395751953,,
1753295910.1260157,20611.072426844,1.7595417499542236,2.4120585918426514,-5.163001537322998,-21.410137176513672,-16.178829193115234,-18.162538528442383,25.32949447631836,-20.765043258666992,-15.11115837097168,-11.175742149353027,-11.597830772399902,-15.4171781539917,,
1753295910.136155,20611.082427902,2.323178768157959,2.4357285499572754,-4.743825912475586,-20.625213623046875,-17.10384178161621,-18.796966552734375,25.124013900756836,-20.6906681060791,-15.009763717651367,-11.838525772094727,-12.057297706604004,-15.915822982788086,,
1753295910.1465695,20611.093176864,2.9268152713775635,2.470712900161743,-4.222436428070068,-19.7578125,-18.11717414855957,-19.549388885498047,24.953125,-20.68695831298828,-14.946817398071289,-12.557929992675781,-12.597729682922363,-16.429931640625,,
1753295910.1555367,20611.102997442,3.554384469985962,2.5174484252929688,-3.5969278812408447,-18.8421688079834,-19.18099021911621,-20.377460479736328,24.82670021057129,-20.761760711669922,-14.90787124633789,-13.279927253723145,-13.195719718933105,-16.90445899963379,,
1753295910.163617,20611.109404413,4.1107401847839355,2.5581016540527344,-2.9052891731262207,-17.973352432250977,-20.22332191467285,-21.299610137939453,24.7911319732666,-20.911724090576172,-14.902140617370605,-13.97391414642334,-13.840116500854492,-17.32370948791504,,
1753295910.1717775,20611.117587263,4.704714775085449,2.6205432415008545,-2.091533660888672,-16.969833374023438,-21.369962692260742,-22.350250244140625,24.746652603149414,-21.124025344848633,-14.886466026306152,-14.699663162231445,-14.569485664367676,-17.737974166870117,,
1753295910.1757948,20611.122915566,5.527264595031738,2.679952383041382,-0.7969464659690857,-15.137420654296875,-23.102157592773438,-24.12706184387207,24.742969512939453,-21.555789947509766,-14.995981216430664,-15.896343231201172,-15.797597885131836,-18.571870803833008,,
1753295910.1843815,20611.13016546,6.17877197265625,2.712078094482422,0.5519612431526184,-13.75844669342041,-24.660900115966797,-25.699434280395508,24.95729637145996,-22.158964157104492,-15.059242248535156,-16.658985137939453,-16.801774978637695,-18.933462142944336,,
1753295910.1944652,20611.140206699,6.694176197052002,2.697464942932129,2.0211076736450195,-12.359302520751953,-26.203445434570312,-27.26494026184082,25.254037857055664,-22.84619903564453,-15.09788703918457,-17.22133445739746,-17.736757278442383,-19.11998748779297,,
1753295910.2052355,20611.150976801,7.065029144287109,2.6182382106781006,3.5698461532592773,-10.966463088989258,-27.693603515625,-28.832454681396484,25.641803741455078,-23.55280303955078,-15.138472557067871,-17.606414794921875,-18.614534378051758,-19.21748924255371,,
1753295910.2146347,20611.160424333,7.3754448890686035,2.4496281147003174,5.24055814743042,-9.395211219787598,-29.23093605041504,-30.48985481262207,26.126768112182617,-24.24846649169922,-15.187164306640625,-17.91327667236328,-19.52914047241211,-19.349475860595703,,
1753295910.2250228,20611.17075697,7.396727561950684,2.351672887802124,6.413868427276611,-8.76517391204834,-30.20709800720215,-31.38077163696289,26.50027084350586,-24.75141143798828,-15.050902366638184,-17.74757194519043,-19.876039505004883,-18.884613037109375,,
1753295910.2347186,20611.180481627,7.529573440551758,2.1735825538635254,7.687493801116943,-7.529711723327637,-31.332460403442383,-32.669219970703125,26.938615798950195,-25.228843688964844,-15.061810493469238,-17.909494400024414,-20.560016632080078,-18.957927703857422,,
1753295910.2446218,20611.190407996,7.731626510620117,1.9290276765823364,9.039339065551758,-6.1262359619140625,-32.58879852294922,-34.132259368896484,27.52021026611328,-25.73259735107422,-15.151538848876953,-18.115907669067383,-21.372840881347656,-19.199203491210938,,
1753295910.2556396,20611.20256147,7.9226813316345215,1.6422007083892822,10.415375709533691,-4.7653727531433105,-33.87311935424805,-35.627986907958984,28.193527221679688,-26.229251861572266,-15.258724212646484,-18.25157356262207,-22.17808723449707,-19.418119430541992,,
1753295910.2656279,20611.212162062,8.104524612426758,1.3299654722213745,11.805907249450684,-3.422060966491699,-35.150718688964844,-37.132774353027344,28.91504669189453,-26.705623626708984,-15.347797393798828,-18.31719398498535,-22.95630645751953,-19.585657119750977,,
1753295910.274823,20611.223413038,8.303589820861816,1.0146633386611938,13.197653770446777,-2.08303165435791,-36.414306640625,-38.68083572387695,29.640554428100586,-27.113908767700195,-15.391284942626953,-18.35354995727539,-23.75103759765625,-19.736356735229492,,
1753295910.2855823,20611.232432022,8.507487297058105,0.6816779971122742,14.571505546569824,-0.7804011106491089,-37.63639450073242,-40.19866943359375,30.3584041595459,-27.4708194732666,-15.37185287475586,-18.338043212890625,-24.510334014892578,-19.813156127929688,,
1753295910.295026,20611.24104009,8.67520523071289,0.3408925533294678,15.88936996459961,0.42357200384140015,-38.77265167236328,-41.6493034362793,31.067501068115234,-27.788827896118164,-15.309404373168945,-18.268352508544922,-25.20522117614746,-19.816823959350586,,
1753295910.304783,20611.250564393,8.92840576171875,-0.10669315606355667,17.349363327026367,1.9718106985092163,-40.02067947387695,-43.345951080322266,31.87633514404297,-28.0889949798584,-15.245494842529297,-18.24577522277832,-26.109220504760742,-19.955156326293945,,
1753295910.3159678,20611.262992565,9.134674072265625,-0.5162723064422607,18.752727508544922,3.245201349258423,-41.15507125854492,-44.81519317626953,32.55734634399414,-28.29186248779297,-15.00796127319336,-18.109474182128906,-26.826536178588867,-19.823135375976562,,
1753295910.3248775,20611.270680489,9.254752159118652,-0.931735634803772,20.048784255981445,4.3403096199035645,-42.135292053222656,-46.09269714355469,33.1840705871582,-28.497779846191406,-14.733674049377441,-17.910137176513672,-27.401180267333984,-19.569141387939453,,
1753295910.3347325,20611.280448485,9.578165054321289,-1.5341309309005737,21.615882873535156,6.095633506774902,-43.276023864746094,-47.54439926147461,33.747291564941406,-28.587202072143555,-14.272001266479492,-17.77935218811035,-28.288698196411133,-19.34911346435547,,
1753295910.3445475,20611.290449337,9.526244163513184,-1.956984519958496,22.753252029418945,6.683830738067627,-44.02382278442383,-48.37308120727539,34.27857208251953,-28.81559944152832,-13.877140998840332,-17.417049407958984,-28.530826568603516,-18.743684768676758,,
1753295910.3550909,20611.300528277,9.608787536621094,-2.3860843181610107,23.887842178344727,7.681171894073486,-44.7514762878418,-49.19388961791992,34.552406311035156,-28.85920524597168,-13.381754875183105,-17.174863815307617,-28.967327117919922,-18.269895553588867,,
1753295910.3650916,20611.310519759,9.730127334594727,-2.837116003036499,24.957469940185547,8.64699935913086,-45.40673828125,-49.854984283447266,34.7452507019043,-28.864604949951172,-12.824260711669922,-16.91877555847168,-29.351016998291016,-17.727270126342773,,
1753295910.3747292,20611.320402125,9.875762939453125,-3.3120360374450684,25.987367630004883,9.601160049438477,-46.00517654418945,-50.35710144042969,34.8109245300293,-28.808109283447266,-12.167927742004395,-16.653564453125,-29.669269561767578,-17.07362937927246,,
1753295910.3852942,20611.330518393,10.026416778564453,-3.80411696434021,26.971904754638672,10.523969650268555,-46.54817581176758,-50.75807189941406,34.798545837402344,-28.72007942199707,-11.462211608886719,-16.385053634643555,-29.946102142333984,-16.361568450927734,,
1753295910.4000075,20611.345243652,10.203691482543945,-4.34452486038208,27.959604263305664,11.5103120803833,-47.06761169433594,-51.06395721435547,34.673805236816406,-28.58568000793457,-10.675052642822266,-16.094411849975586,-30.195837020874023,-15.560864448547363,,
1753295910.4081175,20611.353304495,10.311823844909668,-4.900795936584473,28.877729415893555,12.345662117004395,-47.497615814208984,-51.18538284301758,34.477378845214844,-28.46582794189453,-9.863319396972656,-15.750635147094727,-30.295612335205078,-14.616304397583008,,
1753295910.414489,20611.359690727,10.483521461486816,-5.474777698516846,29.798725128173828,13.3008451461792,-47.893585205078125,-51.24190902709961,34.08732604980469,-28.22831916809082,-8.934358596801758,-15.404412269592285,-30.433595657348633,-13.623419761657715,,
1753295910.4235497,20611.368673443,10.650809288024902,-6.050549030303955,30.644020080566406,14.156634330749512,-48.19409942626953,-51.13579559326172,33.562625885009766,-27.9361572265625,-7.935750961303711,-15.022866249084473,-30.46727752685547,-12.512503623962402,,
1753295910.4337673,20611.379112082,10.830487251281738,-6.651127815246582,31.445587158203125,15.041166305541992,-48.42267608642578,-50.91363525390625,32.89535140991211,-27.59181022644043,-6.876142501831055,-14.622624397277832,-30.440547943115234,-11.315752029418945,,
1753295910.4436848,20611.388787567,10.993205070495605,-7.204495906829834,32.10771560668945,15.771675109863281,-48.50623321533203,-50.489620208740234,32.02898025512695,-27.150053024291992,-5.769153594970703,-14.216302871704102,-30.28363037109375,-10.004437446594238,,
1753295910.4539547,20611.399371361,11.193572044372559,-7.734477519989014,32.63706970214844,16.508663177490234,-48.45283889770508,-49.96137237548828,30.963111877441406,-26.60374641418457,-4.619564056396484,-13.806218147277832,-30.082082748413086,-8.67091178894043,,
1753295910.464476,20611.409653723,11.365518569946289,-8.227986335754395,32.985233306884766,17.114057540893555,-48.24602127075195,-49.30546951293945,29.782567977905273,-26.01848030090332,-3.5072338581085205,-13.370512008666992,-29.780269622802734,-7.33188009262085,,
1753295910.4744315,20611.419694418,11.585119247436523,-8.698221206665039,33.18841552734375,17.72745132446289,-47.91167068481445,-48.58555221557617,28.415756225585938,-25.317668914794922,-2.413064956665039,-12.92194652557373,-29.46904182434082,-6.038679599761963,,
1753295910.4832873,20611.429014161,12.095853805541992,-9.157349586486816,32.923763275146484,18.334148406982422,-47.05555725097656,-47.02668762207031,25.39664649963379,-23.668312072753906,-0.8066248297691345,-12.109251976013184,-28.72028160095215,-4.160261631011963,,
1753295910.4934046,20611.438498597,12.566596031188965,-9.679766654968262,32.41085433959961,18.918468475341797,-46.08610916137695,-45.85965347290039,23.290924072265625,-22.546810150146484,0.2161959707736969,-11.603194236755371,-28.143068313598633,-2.748037815093994,,
1753295910.5030766,20611.447867287,12.879915237426758,-10.154071807861328,31.669889450073242,19.25141716003418,-45.113040924072266,-44.81534194946289,21.278146743774414,-21.360685348510742,0.9394652247428894,-11.146390914916992,-27.58568572998047,-1.4955723285675049,,
1753295910.5137813,20611.458899057,13.224035263061523,-10.55671215057373,30.711109161376953,19.539764404296875,-44.0698127746582,-43.89740753173828,19.18277931213379,-20.035137176513672,1.443089246749878,-10.683225631713867,-27.077116012573242,-0.41920286417007446,,
1753295910.5238402,20611.469202758,13.34835433959961,-10.832173347473145,30.095975875854492,19.773466110229492,-43.421356201171875,-43.7065315246582,18.62157440185547,-19.58538055419922,1.506131887435913,-10.67533016204834,-26.87706756591797,-0.06264649331569672,,
1753295910.5335886,20611.478944483,13.571966171264648,-11.089841842651367,29.175106048583984,19.975183486938477,-42.65664291381836,-43.22903060913086,16.810894012451172,-18.318466186523438,1.7023495435714722,-10.224647521972656,-26.53912353515625,0.631095826625824,,
1753295910.5437574,20611.489128213,14.145474433898926,-11.244064331054688,26.770811080932617,19.73721694946289,-40.932987213134766,-42.021728515625,12.785106658935547,-15.634492874145508,1.828994870185852,-9.115785598754883,-25.690269470214844,1.9441518783569336,,
1753295910.5546896,20611.499862552,14.600611686706543,-11.297401428222656,25.06954002380371,19.839229583740234,-39.53723907470703,-41.769569396972656,11.42031478881836,-14.590337753295898,1.5462182760238647,-9.071742057800293,-25.29518699645996,2.147247552871704,,
1753295910.5634792,20611.508535955,14.991703033447266,-11.23388385772705,22.986913681030273,19.73041534423828,-38.14957809448242,-41.52050018310547,9.161115646362305,-12.832606315612793,1.3101054430007935,-8.750105857849121,-24.912446975708008,2.5643672943115234,,
1753295910.5734932,20611.51904377,15.47302532196045,-10.909921646118164,20.477371215820312,19.33742332458496,-36.37839126586914,-41.20920944213867,6.694019317626953,-10.860450744628906,0.9946531057357788,-8.40073013305664,-24.476228713989258,3.050027847290039,,
1753295910.5840158,20611.529659702,15.94196891784668,-10.386974334716797,17.576091766357422,18.77358055114746,-34.30908966064453,-40.84446334838867,4.2013678550720215,-8.807497024536133,0.49911606311798096,-8.116911888122559,-24.047746658325195,3.5122950077056885,,
1753295910.5958202,20611.541287063,16.424880981445312,-9.659126281738281,14.487992286682129,18.195512771606445,-32.12054443359375,-40.47576904296875,1.8582274913787842,-6.77913236618042,-0.2186206877231598,-8.015633583068848,-23.768123626708984,3.749357223510742,,
1753295910.605557,20611.550645954,16.99933624267578,-8.70932674407959,11.242191314697266,17.563486099243164,-29.871795654296875,-40.04048156738281,-0.3751850724220276,-4.737076282501221,-1.1172823905944824,-8.08170223236084,-23.62860870361328,3.6981923580169678,,
1753295910.6162853,20611.561407749,17.698326110839844,-7.588632583618164,7.785110950469971,16.746971130371094,-27.583486557006836,-39.391475677490234,-2.5624783039093018,-2.702240228652954,-2.1618709564208984,-8.233416557312012,-23.506853103637695,3.4447033405303955,,
1753295910.6249642,20611.570180445,18.546630859375,-6.346869945526123,4.338781833648682,15.887380599975586,-25.361717224121094,-38.552608489990234,-4.539836883544922,-0.8201610445976257,-3.239715814590454,-8.61480712890625,-23.3778076171875,2.9442622661590576,,
1753295910.6348734,20611.580012217,19.590805053710938,-4.913794040679932,0.935455858707428,14.944443702697754,-23.218448638916016,-37.468505859375,-6.2923712730407715,0.8948823809623718,-4.265016078948975,-9.331708908081055,-23.236526489257812,2.1765284538269043,,
1753295910.64415,20611.589584815,20.78990364074707,-3.3577606678009033,-2.3831145763397217,13.90146541595459,-21.21227264404297,-36.169429779052734,-7.7497053146362305,2.3089022636413574,-5.2384819984436035,-10.319501876831055,-22.981372833251953,1.223717212677002,,
1753295910.6571987,20611.602378832,22.0877742767334,-1.7502142190933228,-5.4304375648498535,12.84371566772461,-19.472774505615234,-34.858211517333984,-8.93213939666748,3.400509834289551,-6.1222333908081055,-11.470449447631836,-22.63869857788086,0.1630571037530899,,
1753295910.666631,20611.611656239,23.496978759765625,-0.03283149003982544,-8.191083908081055,11.784829139709473,-17.97724723815918,-33.57253646850586,-9.974456787109375,4.272308349609375,-6.869647026062012,-12.697834014892578,-22.26846694946289,-0.9313509464263916,,
1753295910.6812632,20611.626491469,24.924413681030273,1.6642519235610962,-10.68116569519043,10.736176490783691,-16.65787124633789,-32.32427978515625,-10.87570571899414,4.929403305053711,-7.5344157218933105,-13.824065208435059,-21.853219985961914,-1.9444591999053955,,
1753295910.6928058,20611.63842095,26.347265243530273,3.329636573791504,-12.8418550491333,9.803533554077148,-15.635207176208496,-31.144227981567383,-11.62537670135498,5.4051194190979,-8.00338363647461,-14.854559898376465,-21.505722045898438,-2.981766939163208,,
1753295910.7066936,20611.651888231,27.8037166595459,5.038918495178223,-14.765571594238281,8.856585502624512,-14.811141014099121,-29.95876693725586,-12.303403854370117,5.788777828216553,-8.349359512329102,-15.70997428894043,-21.202390670776367,-4.004949569702148,,
1753295910.7177637,20611.662912247,29.257484436035156,6.697432041168213,-16.45366668701172,7.918694019317627,-14.173515319824219,-28.798358917236328,-12.861613273620605,6.054520130157471,-8.596639633178711,-16.414762496948242,-20.925289154052734,-5.012948989868164,,
1753295910.728105,20611.673167664,31.096935272216797,9.003376007080078,-18.213205337524414,6.820948123931885,-13.643752098083496,-27.46538543701172,-13.696622848510742,6.5074334144592285,-8.727499961853027,-17.100656509399414,-20.774887084960938,-6.201805114746094,,
1753295910.7413967,20611.686427499,32.55692672729492,10.21493148803711,-19.423240661621094,6.191511631011963,-13.302973747253418,-26.710615158081055,-13.913015365600586,6.486631870269775,-8.957082748413086,-17.5662841796875,-20.46750831604004,-7.076943397521973,,
1753295910.750641,20611.695794157,34.19623947143555,12.063689231872559,-20.71378517150879,5.366147994995117,-13.148065567016602,-25.711441040039062,-14.597989082336426,6.760730743408203,-8.972238540649414,-17.996337890625,-20.421815872192383,-8.170975685119629,,
1753295910.759755,20611.704937997,35.81171798706055,13.638622283935547,-21.832555770874023,4.533926010131836,-12.99670124053955,-24.861600875854492,-15.002411842346191,6.841986179351807,-9.110345840454102,-18.283647537231445,-20.27115821838379,-9.160957336425781,,
1753295910.7718718,20611.716867604,36.99909210205078,14.397278785705566,-22.588199615478516,4.037110328674316,-12.88432788848877,-24.36467170715332,-15.15258502960205,6.772963523864746,-9.310203552246094,-18.399255752563477,-20.02850341796875,-9.789429664611816,,
1753295910.781933,20611.72706932,38.302284240722656,15.660672187805176,-23.414196014404297,3.4207863807678223,-12.936684608459473,-23.641305923461914,-15.676392555236816,6.9269537925720215,-9.294439315795898,-18.594120025634766,-20.031198501586914,-10.691131591796875,,
1753295910.7927384,20611.737818576,39.34221649169922,16.33573341369629,-23.99500846862793,2.963884115219116,-12.902253150939941,-23.200990676879883,-15.80117130279541,6.885217666625977,-9.446937561035156,-18.691661834716797,-19.85713768005371,-11.268705368041992,,
1753295910.803972,20611.748967857,40.32521438598633,17.096179962158203,-24.551517486572266,2.5576462745666504,-12.939942359924316,-22.73560905456543,-16.12689208984375,6.965899467468262,-9.50741195678711,-18.776662826538086,-19.803312301635742,-11.880629539489746,,
1753295910.815279,20611.760206427,41.56230163574219,18.316516876220703,-25.198514938354492,2.023761510848999,-13.111137390136719,-22.12826156616211,-16.607091903686523,7.106912136077881,-9.442695617675781,-19.002822875976562,-19.890233993530273,-12.794965744018555,,
1753295910.826995,20611.772247907,42.77140426635742,19.338851928710938,-25.81548500061035,1.4129470586776733,-13.20421314239502,-21.563037872314453,-16.880279541015625,7.114428520202637,-9.521366119384766,-19.101652145385742,-19.839643478393555,-13.584440231323242,,
1753295910.8385785,20611.783582562,43.65541458129883,19.805681228637695,-26.244529724121094,1.02082097530365,-13.218111991882324,-21.21794891357422,-16.979751586914062,7.057465076446533,-9.685672760009766,-19.094051361083984,-19.679231643676758,-14.051277160644531,,
1753295910.8467388,20611.791740873,44.36381912231445,20.227705001831055,-26.633502960205078,0.6631370782852173,-13.286813735961914,-20.818628311157227,-17.18719482421875,7.070206642150879,-9.760278701782227,-19.092350006103516,-19.610498428344727,-14.537879943847656,,
1753295910.8560023,20611.801593378,45.13129425048828,20.86591911315918,-27.057315826416016,0.15364129841327667,-13.408801078796387,-20.268442153930664,-17.45496368408203,7.106874465942383,-9.804579734802246,-19.12010383605957,-19.60589027404785,-15.170219421386719,,
1753295910.8665254,20611.811601251,45.949161529541016,21.558860778808594,-27.45587921142578,-0.39806637167930603,-13.531614303588867,-19.741302490234375,-17.6799373626709,7.120773792266846,-9.910304069519043,-19.136343002319336,-19.574295043945312,-15.800017356872559,,
1753295910.8773723,20611.822637292,46.7755126953125,22.304553985595703,-27.842741012573242,-0.9406900405883789,-13.69277572631836,-19.2470703125,-17.92869758605957,7.132788181304932,-10.0264310836792,-19.143779754638672,-19.54711151123047,-16.45480728149414,,
1753295910.8859446,20611.831276528,47.67805862426758,23.40321159362793,-28.37649154663086,-1.8191955089569092,-13.945250511169434,-18.435684204101562,-18.317459106445312,7.133058071136475,-10.176128387451172,-19.0367431640625,-19.571014404296875,-17.381711959838867,,
1753295910.8934376,20611.838467168,48.62422561645508,24.48336410522461,-28.816295623779297,-2.728909730911255,-14.167163848876953,-17.7353572845459,-18.55748176574707,7.072754383087158,-10.506053924560547,-18.889202117919922,-19.485488891601562,-18.233510971069336,,
1753295910.9007864,20611.845803084,49.369384765625,25.0467529296875,-29.042675018310547,-3.2589972019195557,-14.269564628601074,-17.4566593170166,-18.603015899658203,7.000661849975586,-10.895305633544922,-18.74869155883789,-19.280672073364258,-18.696918487548828,,
1753295910.9045746,20611.849966502,50.08744812011719,26.060789108276367,-29.44886589050293,-4.051912784576416,-14.49974250793457,-16.76433753967285,-19.027130126953125,7.043046474456787,-11.198887825012207,-18.48637580871582,-19.301862716674805,-19.505510330200195,,
1753295910.9129832,20611.858289374,50.868167877197266,27.272478103637695,-29.788339614868164,-5.041650295257568,-14.726324081420898,-16.038288116455078,-19.355615615844727,7.062959671020508,-11.714375495910645,-18.116355895996094,-19.30585479736328,-20.376169204711914,,
1753295910.9237862,20611.868780171,51.61696243286133,28.26581382751465,-29.96253776550293,-5.87768030166626,-14.886969566345215,-15.584230422973633,-19.555110931396484,7.085233211517334,-12.316573143005371,-17.69379425048828,-19.248268127441406,-21.048669815063477,,
1753295910.9324875,20611.877557445,52.24376678466797,29.15989875793457,-30.089797973632812,-6.630462646484375,-15.039344787597656,-15.152228355407715,-19.819828033447266,7.150936126708984,-12.877427101135254,-17.196046829223633,-19.25444793701172,-21.657197952270508,,
1753295910.9355903,20611.880799038,52.738037109375,29.60191535949707,-30.089946746826172,-7.039758682250977,-15.106485366821289,-15.1022310256958,-19.887331008911133,7.218722343444824,-13.337071418762207,-16.849384307861328,-19.168073654174805,-21.931068420410156,,
1753295910.9438367,20611.888957508,53.10673141479492,30.527711868286133,-30.2464542388916,-7.745163917541504,-15.214142799377441,-14.489173889160156,-20.310890197753906,7.350247859954834,-13.806011199951172,-16.220264434814453,-19.348600387573242,-22.453317642211914,,
1753295910.95362,20611.898733603,53.4963264465332,31.370899200439453,-30.241783142089844,-8.365839004516602,-15.308573722839355,-14.131818771362305,-20.497295379638672,7.442755699157715,-14.325652122497559,-15.670042037963867,-19.48323631286621,-22.808685302734375,,
1753295910.963972,20611.909205687,53.84651184082031,32.152259826660156,-30.24607276916504,-8.87409496307373,-15.380706787109375,-13.8472318649292,-20.695926666259766,7.5368828773498535,-14.778091430664062,-15.130151748657227,-19.630905151367188,-23.057809829711914,,
1753295910.9739895,20611.919243273,54.16904830932617,32.86968994140625,-30.26836585998535,-9.30082893371582,-15.402344703674316,-13.620762825012207,-20.88673210144043,7.634697914123535,-15.195551872253418,-14.618749618530273,-19.777616500854492,-23.189550399780273,,
1753295910.9840255,20611.929040649,54.42178726196289,33.209598541259766,-30.25486946105957,-9.508562088012695,-15.403038024902344,-13.65151309967041,-20.95012092590332,7.7097649574279785,-15.4581937789917,-14.312826156616211,-19.816701889038086,-23.17681884765625,,
1753295910.994383,20611.939556483,54.473148345947266,33.82618713378906,-30.417524337768555,-10.018406867980957,-15.30146312713623,-13.123299598693848,-21.189008712768555,7.723490238189697,-15.896459579467773,-13.637454986572266,-19.958635330200195,-23.247880935668945,,
1753295911.009074,20611.954340487,54.5833740234375,34.34558868408203,-30.402524948120117,-10.391738891601562,-15.276423454284668,-12.834936141967773,-21.294164657592773,7.741996765136719,-16.260295867919922,-13.177727699279785,-20.08856773376465,-23.28159523010254,,
1753295911.017289,20611.962529246,54.72268295288086,34.58279037475586,-30.34076499938965,-10.555588722229004,-15.276222229003906,-12.82650089263916,-21.320898056030273,7.782947063446045,-16.451391220092773,-12.949576377868652,-20.141204833984375,-23.224008560180664,,
1753295911.0243278,20611.969750066,54.8834114074707,34.98395538330078,-30.401704788208008,-10.740067481994629,-15.232437133789062,-12.664229393005371,-21.486696243286133,7.86313009262085,-16.663646697998047,-12.674029350280762,-20.27420425415039,-23.19881248474121,,
1753295911.034198,20611.979273378,55.0086669921875,35.35270309448242,-30.465251922607422,-10.929332733154297,-15.186121940612793,-12.510263442993164,-21.605192184448242,7.911351203918457,-16.879377365112305,-12.406013488769531,-20.387842178344727,-23.17769432067871,,
1753295911.0489278,20611.994287335,55.071380615234375,35.66920471191406,-30.529647827148438,-11.136590003967285,-15.132061004638672,-12.320643424987793,-21.694812774658203,7.9184956550598145,-17.0993709564209,-12.116456985473633,-20.474363327026367,-23.165843963623047,,
1753295911.0557153,20612.001261073,55.107975006103516,35.84037780761719,-30.564481735229492,-11.35084342956543,-15.027835845947266,-12.171950340270996,-21.721744537353516,7.910777568817139,-17.329036712646484,-11.818916320800781,-20.501562118530273,-23.08223533630371,,
1753295911.0654292,20612.0111253,55.10054016113281,35.848506927490234,-30.57756805419922,-11.513320922851562,-14.92416000366211,-12.06628704071045,-21.72504234313965,7.913144111633301,-17.494436264038086,-11.585386276245117,-20.49235725402832,-22.971572875976562,,
1753295911.0741746,20612.019640231,55.09550857543945,35.77003860473633,-30.589494705200195,-11.66838550567627,-14.76767349243164,-11.975439071655273,-21.713979721069336,7.941479206085205,-17.661304473876953,-11.356940269470215,-20.46239471435547,-22.806800842285156,,
1753295911.0834954,20612.028674154,55.09526824951172,35.71664810180664,-30.585763931274414,-11.718343734741211,-14.715754508972168,-11.920804023742676,-21.758506774902344,8.003254890441895,-17.70477867126465,-11.277405738830566,-20.492210388183594,-22.74711799621582,,
1753295911.093616,20612.038776552,55.080684661865234,35.5314826965332,-30.56791114807129,-11.778715133666992,-14.606054306030273,-11.948766708374023,-21.708541870117188,8.050833702087402,-17.769338607788086,-11.188100814819336,-20.45147705078125,-22.59705924987793,,
1753295911.1034918,20612.048843901,55.00330352783203,35.25421142578125,-30.557214736938477,-11.798325538635254,-14.51451587677002,-11.968369483947754,-21.663015365600586,8.084762573242188,-17.77069091796875,-11.136764526367188,-20.388080596923828,-22.471752166748047,,
1753295911.1133692,20612.05847046,54.80226135253906,34.55156707763672,-30.45831298828125,-11.70509147644043,-14.408886909484863,-12.195152282714844,-21.43756675720215,8.059931755065918,-17.648881912231445,-11.203338623046875,-20.143783569335938,-22.23512077331543,,
1753295911.1233654,20612.068593798,54.600955963134766,33.89083480834961,-30.37125587463379,-11.496282577514648,-14.363005638122559,-12.387880325317383,-21.31337547302246,8.076290130615234,-17.42096519470215,-11.409867286682129,-19.96291160583496,-22.09086036682129,,
1753295911.1335187,20612.078822136,54.42737579345703,33.58605194091797,-30.34754180908203,-11.381485939025879,-14.353675842285156,-12.356740951538086,-21.30257225036621,8.089049339294434,-17.273738861083984,-11.548707962036133,-19.925952911376953,-22.098783493041992,,
1753295911.1433625,20612.088536156,54.12386703491211,32.613487243652344,-30.13625717163086,-11.014487266540527,-14.37550163269043,-12.849546432495117,-20.904390335083008,7.970828533172607,-16.930822372436523,-11.962276458740234,-19.57328987121582,-21.903268814086914,,
1753295911.1535382,20612.09863718,53.74095916748047,31.581016540527344,-30.012535095214844,-10.563913345336914,-14.365242004394531,-13.219503402709961,-20.61461639404297,7.8594489097595215,-16.521011352539062,-12.420058250427246,-19.23945426940918,-21.727262496948242,,
1753295911.1633875,20612.108579399,53.22597885131836,30.37846565246582,-29.87008285522461,-10.044763565063477,-14.344154357910156,-13.592978477478027,-20.232412338256836,7.687365531921387,-16.078054428100586,-12.953507423400879,-18.866994857788086,-21.521638870239258,,
1753295911.1732576,20612.1184037,52.719573974609375,29.169570922851562,-29.690832138061523,-9.307672500610352,-14.390117645263672,-14.075223922729492,-19.8519229888916,7.536548137664795,-15.52124309539795,-13.722017288208008,-18.551115036010742,-21.32033348083496,,
1753295911.1841185,20612.129221714,52.29071807861328,28.566028594970703,-29.670137405395508,-8.913756370544434,-14.398235321044922,-14.087327003479004,-19.715803146362305,7.425195693969727,-15.13507080078125,-14.208014488220215,-18.446834564208984,-21.291337966918945,,
1753295911.1938457,20612.138982385,51.82649612426758,27.57537078857422,-29.48141860961914,-8.215736389160156,-14.456046104431152,-14.56065845489502,-19.255229949951172,7.217806816101074,-14.673008918762207,-14.95311450958252,-18.198999404907227,-21.05179786682129,,
1753295911.2035575,20612.148585081,50.74964141845703,25.179975509643555,-28.961490631103516,-6.420273303985596,-14.514202117919922,-15.849146842956543,-18.185224533081055,6.72868013381958,-13.720661163330078,-16.375503540039062,-17.675004959106445,-20.148300170898438,,
1753295911.213484,20612.158512228,49.27823257446289,22.774690628051758,-28.388601303100586,-4.41846227645874,-14.553526878356934,-16.9139461517334,-17.404016494750977,6.342207431793213,-12.472014427185059,-17.852073669433594,-17.568195343017578,-19.201793670654297,,
1753295911.2232041,20612.16825029,47.53647232055664,20.37613296508789,-27.601428985595703,-2.430812120437622,-14.64282512664795,-18.064525604248047,-16.539514541625977,5.916666030883789,-11.19207763671875,-19.385812759399414,-17.754423141479492,-18.237485885620117,,
1753295911.2332687,20612.178436318,45.4365348815918,17.860136032104492,-26.526473999023438,-0.43322354555130005,-14.816044807434082,-19.44394302368164,-15.487303733825684,5.383235454559326,-9.97878360748291,-20.89739418029785,-18.150602340698242,-17.201461791992188,,
1753295911.2480252,20612.193056738,42.826751708984375,15.274698257446289,-25.044179916381836,1.6847907304763794,-15.207551956176758,-21.22477149963379,-14.261466979980469,4.733609199523926,-8.896383285522461,-22.30054473876953,-18.738576889038086,-16.040945053100586,,
1753295911.262004,20612.20704847,40.64512252807617,13.9574556350708,-23.960275650024414,2.7550549507141113,-15.469745635986328,-22.2927188873291,-13.64221477508545,4.485044956207275,-8.019031524658203,-22.85964012145996,-19.430898666381836,-15.063346862792969,,
1753295911.2656293,20612.210972302,38.49102783203125,12.253453254699707,-22.408573150634766,4.2489914894104,-16.00472068786621,-23.83850860595703,-12.503202438354492,3.777003526687622,-7.3667893409729,-23.69935417175293,-19.990373611450195,-14.183393478393555,,
1753295911.280045,20612.225256537,36.07667922973633,10.075906753540039,-20.496339797973633,6.08491849899292,-16.775108337402344,-25.698047637939453,-11.190552711486816,2.8756234645843506,-6.823338508605957,-24.458009719848633,-20.580318450927734,-13.283720970153809,,
1753295911.28573,20612.231029435,32.734214782714844,6.236606121063232,-17.310731887817383,9.050688743591309,-18.336315155029297,-28.61408805847168,-8.79516887664795,1.0570652484893799,-6.5025177001953125,-25.365934371948242,-21.320478439331055,-12.549318313598633,,
