time_start,flshoulder,flarm,flfoot,frshoulder,frarm,frfoot,blshoulder,blarm,blfoot,brshoulder,brarm,brfoot
1753295889.6055975,27.31515884399414,-8.80765438079834,67.30001068115234,-27.825159072875977,-9.507505416870117,68.97483825683594,25.807506561279297,-8.630003929138184,60.93000793457031,-23.194839477539062,-6.484842300415039,62.39000701904297
1753295889.6155689,27.31515884399414,-8.80765438079834,67.30001068115234,-27.825159072875977,-9.507505416870117,68.97483825683594,25.807506561279297,-8.630003929138184,60.93000793457031,-23.194839477539062,-6.484842300415039,62.39000701904297
1753295889.6255689,27.31515884399414,-8.80765438079834,67.30001068115234,-27.825159072875977,-9.507505416870117,68.97483825683594,25.807506561279297,-8.630003929138184,60.93000793457031,-23.194839477539062,-6.484842300415039,62.39000701904297
1753295889.635586,27.31515884399414,-8.80765438079834,67.30001068115234,-27.825159072875977,-9.507505416870117,68.97483825683594,25.807506561279297,-8.630003929138184,60.93000793457031,-23.194839477539062,-6.484842300415039,62.39000701904297
1753295889.6455564,27.31515884399414,-8.80765438079834,67.30001068115234,-27.825159072875977,-9.507505416870117,68.97483825683594,25.807506561279297,-8.630003929138184,60.93000793457031,-23.194839477539062,-6.484842300415039,62.39000701904297
1753295889.6555753,27.31515884399414,-8.80765438079834,67.30001068115234,-27.825159072875977,-9.507505416870117,68.97483825683594,25.807506561279297,-8.630003929138184,60.93000793457031,-23.194839477539062,-6.484842300415039,62.39000701904297
1753295889.665578,27.31515884399414,-8.80765438079834,67.30001068115234,-27.825159072875977,-9.507505416870117,68.97483825683594,25.807506561279297,-8.630003929138184,60.93000793457031,-23.194839477539062,-6.484842300415039,62.39000701904297
1753295889.675641,27.31515884399414,-8.80765438079834,67.30001068115234,-27.825159072875977,-9.507505416870117,68.97483825683594,25.807506561279297,-8.630003929138184,60.93000793457031,-23.194839477539062,-6.484842300415039,62.39000701904297
1753295889.6856797,27.31515884399414,-8.80765438079834,67.30001068115234,-27.825159072875977,-9.507505416870117,68.97483825683594,25.807506561279297,-8.630003929138184,60.93000793457031,-23.194839477539062,-6.484842300415039,62.39000701904297
1753295889.6955743,27.31515884399414,-8.80765438079834,67.30001068115234,-27.825159072875977,-9.507505416870117,68.97483825683594,25.807506561279297,-8.630003929138184,60.93000793457031,-23.194839477539062,-6.484842300415039,62.39000701904297
1753295889.7056184,27.31515884399414,-8.80765438079834,67.30001068115234,-27.825159072875977,-9.507505416870117,68.97483825683594,25.807506561279297,-8.630003929138184,60.93000793457031,-23.194839477539062,-6.484842300415039,62.39000701904297
1753295889.715567,27.31515884399414,-8.80765438079834,67.30001068115234,-27.825159072875977,-9.507505416870117,68.97483825683594,25.807506561279297,-8.630003929138184,60.93000793457031,-23.194839477539062,-6.484842300415039,62.39000701904297
1753295889.725567,27.31515884399414,-8.80765438079834,67.30001068115234,-27.825159072875977,-9.507505416870117,68.97483825683594,25.807506561279297,-8.630003929138184,60.93000793457031,-23.194839477539062,-6.484842300415039,62.39000701904297
1753295889.7355704,27.31515884399414,-8.80765438079834,67.30001068115234,-27.825159072875977,-9.507505416870117,68.97483825683594,25.807506561279297,-8.630003929138184,60.93000793457031,-23.194839477539062,-6.484842300415039,62.39000701904297
1753295889.7455873,27.31515884399414,-8.80765438079834,67.30001068115234,-27.825159072875977,-9.507505416870117,68.97483825683594,25.807506561279297,-8.630003929138184,60.93000793457031,-23.194839477539062,-6.484842300415039,62.39000701904297
1753295889.75557,27.31515884399414,-8.80765438079834,67.30001068115234,-27.825159072875977,-9.507505416870117,68.97483825683594,25.807506561279297,-8.630003929138184,60.93000793457031,-23.194839477539062,-6.484842300415039,62.39000701904297
1753295889.7655985,27.31515884399414,-8.80765438079834,67.30001068115234,-27.825159072875977,-9.507505416870117,68.97483825683594,25.807506561279297,-8.630003929138184,60.93000793457031,-23.194839477539062,-6.484842300415039,62.39000701904297
1753295889.77558,27.31515884399414,-8.80765438079834,67.30001068115234,-27.825159072875977,-9.507505416870117,68.97483825683594,25.807506561279297,-8.630003929138184,60.93000793457031,-23.194839477539062,-6.484842300415039,62.39000701904297
1753295889.7855926,27.31515884399414,-8.80765438079834,67.30001068115234,-27.825159072875977,-9.507505416870117,68.97483825683594,25.807506561279297,-8.630003929138184,60.93000793457031,-23.194839477539062,-6.484842300415039,62.39000701904297
1753295889.795617,27.31515884399414,-8.80765438079834,67.30001068115234,-27.825159072875977,-9.507505416870117,68.97483825683594,25.807506561279297,-8.630003929138184,60.93000793457031,-23.194839477539062,-6.484842300415039,62.39000701904297
1753295889.8056202,27.31515884399414,-8.80765438079834,67.30001068115234,-27.825159072875977,-9.507505416870117,68.97483825683594,25.807506561279297,-8.630003929138184,60.93000793457031,-23.194839477539062,-6.484842300415039,62.39000701904297
1753295889.8156009,27.31515884399414,-8.80765438079834,67.30001068115234,-27.825159072875977,-9.507505416870117,68.97483825683594,25.807506561279297,-8.630003929138184,60.93000793457031,-23.194839477539062,-6.484842300415039,62.39000701904297
1753295889.8257463,27.31515884399414,-8.80765438079834,67.30001068115234,-27.825159072875977,-9.507505416870117,68.97483825683594,25.807506561279297,-8.630003929138184,60.93000793457031,-23.194839477539062,-6.484842300415039,62.39000701904297
1753295889.8355536,27.31515884399414,-8.80765438079834,67.30001068115234,-27.825159072875977,-9.507505416870117,68.97483825683594,25.807506561279297,-8.630003929138184,60.93000793457031,-23.194839477539062,-6.484842300415039,62.39000701904297
1753295889.8455517,27.31515884399414,-8.80765438079834,67.30001068115234,-27.825159072875977,-9.507505416870117,68.97483825683594,25.807506561279297,-8.630003929138184,60.93000793457031,-23.194839477539062,-6.484842300415039,62.39000701904297
1753295889.8555477,27.31515884399414,-8.80765438079834,67.30001068115234,-27.825159072875977,-9.507505416870117,68.97483825683594,25.807506561279297,-8.630003929138184,60.93000793457031,-23.194839477539062,-6.484842300415039,62.39000701904297
1753295889.8655386,27.31515884399414,-8.80765438079834,67.30001068115234,-27.825159072875977,-9.507505416870117,68.97483825683594,25.807506561279297,-8.630003929138184,60.93000793457031,-23.194839477539062,-6.484842300415039,62.39000701904297
1753295889.87561,27.31515884399414,-8.80765438079834,67.30001068115234,-27.825159072875977,-9.507505416870117,68.97483825683594,25.807506561279297,-8.630003929138184,60.93000793457031,-23.194839477539062,-6.484842300415039,62.39000701904297
1753295889.8855436,27.31515884399414,-8.80765438079834,67.30001068115234,-27.825159072875977,-9.507505416870117,68.97483825683594,25.807506561279297,-8.630003929138184,60.93000793457031,-23.194839477539062,-6.484842300415039,62.39000701904297
1753295889.8955512,27.31515884399414,-8.80765438079834,67.30001068115234,-27.825159072875977,-9.507505416870117,68.97483825683594,25.807506561279297,-8.630003929138184,60.93000793457031,-23.194839477539062,-6.484842300415039,62.39000701904297
1753295889.905571,27.31515884399414,-8.80765438079834,67.30001068115234,-27.825159072875977,-9.507505416870117,68.97483825683594,25.807506561279297,-8.630003929138184,60.93000793457031,-23.194839477539062,-6.484842300415039,62.39000701904297
1753295889.9155827,27.31515884399414,-8.80765438079834,67.30001068115234,-27.825159072875977,-9.507505416870117,68.97483825683594,25.807506561279297,-8.630003929138184,60.93000793457031,-23.194839477539062,-6.484842300415039,62.39000701904297
1753295889.9255862,27.31515884399414,-8.80765438079834,67.30001068115234,-27.825159072875977,-9.507505416870117,68.97483825683594,25.807506561279297,-8.630003929138184,60.93000793457031,-23.194839477539062,-6.484842300415039,62.39000701904297
1753295889.9356205,27.31515884399414,-8.80765438079834,67.30001068115234,-27.825159072875977,-9.507505416870117,68.97483825683594,25.807506561279297,-8.630003929138184,60.93000793457031,-23.194839477539062,-6.484842300415039,62.39000701904297
1753295889.9456027,27.31515884399414,-8.80765438079834,67.30001068115234,-27.825159072875977,-9.507505416870117,68.97483825683594,25.807506561279297,-8.630003929138184,60.93000793457031,-23.194839477539062,-6.484842300415039,62.39000701904297
1753295889.9556162,27.31515884399414,-8.80765438079834,67.30001068115234,-27.825159072875977,-9.507505416870117,68.97483825683594,25.807506561279297,-8.630003929138184,60.93000793457031,-23.194839477539062,-6.484842300415039,62.39000701904297
1753295889.965567,27.31515884399414,-8.80765438079834,67.30001068115234,-27.825159072875977,-9.507505416870117,68.97483825683594,25.807506561279297,-8.630003929138184,60.93000793457031,-23.194839477539062,-6.484842300415039,62.39000701904297
1753295889.9755998,27.31515884399414,-8.80765438079834,67.30001068115234,-27.825159072875977,-9.507505416870117,68.97483825683594,25.807506561279297,-8.630003929138184,60.93000793457031,-23.194839477539062,-6.484842300415039,62.39000701904297
1753295889.9856,27.31515884399414,-8.80765438079834,67.30001068115234,-27.825159072875977,-9.507505416870117,68.97483825683594,25.807506561279297,-8.630003929138184,60.93000793457031,-23.194839477539062,-6.484842300415039,62.39000701904297
1753295889.9955983,27.31515884399414,-8.80765438079834,67.30001068115234,-27.825159072875977,-9.507505416870117,68.97483825683594,25.807506561279297,-8.630003929138184,60.93000793457031,-23.194839477539062,-6.484842300415039,62.39000701904297
1753295890.0056071,27.31515884399414,-8.80765438079834,67.30001068115234,-27.825159072875977,-9.507505416870117,68.97483825683594,25.807506561279297,-8.630003929138184,60.93000793457031,-23.194839477539062,-6.484842300415039,62.39000701904297
1753295890.0156255,27.31515884399414,-8.80765438079834,67.30001068115234,-27.825159072875977,-9.507505416870117,68.97483825683594,25.807506561279297,-8.630003929138184,60.93000793457031,-23.194839477539062,-6.484842300415039,62.39000701904297
1753295890.0256124,27.31515884399414,-8.80765438079834,67.30001068115234,-27.825159072875977,-9.507505416870117,68.97483825683594,25.807506561279297,-8.630003929138184,60.93000793457031,-23.194839477539062,-6.484842300415039,62.39000701904297
1753295890.0355976,27.31515884399414,-8.80765438079834,67.30001068115234,-27.825159072875977,-9.507505416870117,68.97483825683594,25.807506561279297,-8.630003929138184,60.93000793457031,-23.194839477539062,-6.484842300415039,62.39000701904297
1753295890.0456088,27.31515884399414,-8.80765438079834,67.30001068115234,-27.825159072875977,-9.507505416870117,68.97483825683594,25.807506561279297,-8.630003929138184,60.93000793457031,-23.194839477539062,-6.484842300415039,62.39000701904297
1753295890.055572,27.31515884399414,-8.80765438079834,67.30001068115234,-27.825159072875977,-9.507505416870117,68.97483825683594,25.807506561279297,-8.630003929138184,60.93000793457031,-23.194839477539062,-6.484842300415039,62.39000701904297
1753295890.0656054,27.31515884399414,-8.80765438079834,67.30001068115234,-27.825159072875977,-9.507505416870117,68.97483825683594,25.807506561279297,-8.630003929138184,60.93000793457031,-23.194839477539062,-6.484842300415039,62.39000701904297
1753295890.0756035,27.31515884399414,-8.80765438079834,67.30001068115234,-27.825159072875977,-9.507505416870117,68.97483825683594,25.807506561279297,-8.630003929138184,60.93000793457031,-23.194839477539062,-6.484842300415039,62.39000701904297
1753295890.085603,27.31515884399414,-8.80765438079834,67.30001068115234,-27.825159072875977,-9.507505416870117,68.97483825683594,25.807506561279297,-8.630003929138184,60.93000793457031,-23.194839477539062,-6.484842300415039,62.39000701904297
1753295890.0956135,27.31515884399414,-8.80765438079834,67.30001068115234,-27.825159072875977,-9.507505416870117,68.97483825683594,25.807506561279297,-8.630003929138184,60.93000793457031,-23.194839477539062,-6.484842300415039,62.39000701904297
1753295890.1056075,27.31515884399414,-8.80765438079834,67.30001068115234,-27.825159072875977,-9.507505416870117,68.97483825683594,25.807506561279297,-8.630003929138184,60.93000793457031,-23.194839477539062,-6.484842300415039,62.39000701904297
1753295890.115613,27.31515884399414,-8.80765438079834,67.30001068115234,-27.825159072875977,-9.507505416870117,68.97483825683594,25.807506561279297,-8.630003929138184,60.93000793457031,-23.194839477539062,-6.484842300415039,62.39000701904297
1753295890.125606,27.31515884399414,-8.80765438079834,67.30001068115234,-27.825159072875977,-9.507505416870117,68.97483825683594,25.807506561279297,-8.630003929138184,60.93000793457031,-23.194839477539062,-6.484842300415039,62.39000701904297
1753295890.135602,27.31515884399414,-8.80765438079834,67.30001068115234,-27.825159072875977,-9.507505416870117,68.97483825683594,25.807506561279297,-8.630003929138184,60.93000793457031,-23.194839477539062,-6.484842300415039,62.39000701904297
1753295890.1455946,27.31515884399414,-8.80765438079834,67.30001068115234,-27.825159072875977,-9.507505416870117,68.97483825683594,25.807506561279297,-8.630003929138184,60.93000793457031,-23.194839477539062,-6.484842300415039,62.39000701904297
1753295890.1555624,27.31515884399414,-8.80765438079834,67.30001068115234,-27.825159072875977,-9.507505416870117,68.97483825683594,25.807506561279297,-8.630003929138184,60.93000793457031,-23.194839477539062,-6.484842300415039,62.39000701904297
1753295890.1655629,27.31515884399414,-8.80765438079834,67.30001068115234,-27.825159072875977,-9.507505416870117,68.97483825683594,25.807506561279297,-8.630003929138184,60.93000793457031,-23.194839477539062,-6.484842300415039,62.39000701904297
1753295890.175567,27.31515884399414,-8.80765438079834,67.30001068115234,-27.825159072875977,-9.507505416870117,68.97483825683594,25.807506561279297,-8.630003929138184,60.93000793457031,-23.194839477539062,-6.484842300415039,62.39000701904297
1753295890.1856017,27.31515884399414,-8.80765438079834,67.30001068115234,-27.825159072875977,-9.507505416870117,68.97483825683594,25.807506561279297,-8.630003929138184,60.93000793457031,-23.194839477539062,-6.484842300415039,62.39000701904297
1753295890.1956081,27.31515884399414,-8.80765438079834,67.30001068115234,-27.825159072875977,-9.507505416870117,68.97483825683594,25.807506561279297,-8.630003929138184,60.93000793457031,-23.194839477539062,-6.484842300415039,62.39000701904297
1753295890.2055738,27.31515884399414,-8.80765438079834,67.30001068115234,-27.825159072875977,-9.507505416870117,68.97483825683594,25.807506561279297,-8.630003929138184,60.93000793457031,-23.194839477539062,-6.484842300415039,62.39000701904297
1753295890.2156286,27.31515884399414,-8.80765438079834,67.30001068115234,-27.825159072875977,-9.507505416870117,68.97483825683594,25.807506561279297,-8.630003929138184,60.93000793457031,-23.194839477539062,-6.484842300415039,62.39000701904297
1753295890.225579,27.31515884399414,-8.80765438079834,67.30001068115234,-27.825159072875977,-9.507505416870117,68.97483825683594,25.807506561279297,-8.630003929138184,60.93000793457031,-23.194839477539062,-6.484842300415039,62.39000701904297
1753295890.23557,27.31515884399414,-8.80765438079834,67.30001068115234,-27.825159072875977,-9.507505416870117,68.97483825683594,25.807506561279297,-8.630003929138184,60.93000793457031,-23.194839477539062,-6.484842300415039,62.39000701904297
1753295890.2456014,27.31515884399414,-8.80765438079834,67.30001068115234,-27.825159072875977,-9.507505416870117,68.97483825683594,25.807506561279297,-8.630003929138184,60.93000793457031,-23.194839477539062,-6.484842300415039,62.39000701904297
1753295890.2555747,27.31515884399414,-8.80765438079834,67.30001068115234,-27.825159072875977,-9.507505416870117,68.97483825683594,25.807506561279297,-8.630003929138184,60.93000793457031,-23.194839477539062,-6.484842300415039,62.39000701904297
1753295890.2655754,27.31515884399414,-8.80765438079834,67.30001068115234,-27.825159072875977,-9.507505416870117,68.97483825683594,25.807506561279297,-8.630003929138184,60.93000793457031,-23.194839477539062,-6.484842300415039,62.39000701904297
1753295890.2755988,27.31515884399414,-8.80765438079834,67.30001068115234,-27.825159072875977,-9.507505416870117,68.97483825683594,25.807506561279297,-8.630003929138184,60.93000793457031,-23.194839477539062,-6.484842300415039,62.39000701904297
1753295890.285604,27.31515884399414,-8.80765438079834,67.30001068115234,-27.825159072875977,-9.507505416870117,68.97483825683594,25.807506561279297,-8.630003929138184,60.93000793457031,-23.194839477539062,-6.484842300415039,62.39000701904297
1753295890.295576,27.31515884399414,-8.80765438079834,67.30001068115234,-27.825159072875977,-9.507505416870117,68.97483825683594,25.807506561279297,-8.630003929138184,60.93000793457031,-23.194839477539062,-6.484842300415039,62.39000701904297
1753295890.3056028,27.31515884399414,-8.80765438079834,67.30001068115234,-27.825159072875977,-9.507505416870117,68.97483825683594,25.807506561279297,-8.630003929138184,60.93000793457031,-23.194839477539062,-6.484842300415039,62.39000701904297
1753295890.3155863,27.31515884399414,-8.80765438079834,67.30001068115234,-27.825159072875977,-9.507505416870117,68.97483825683594,25.807506561279297,-8.630003929138184,60.93000793457031,-23.194839477539062,-6.484842300415039,62.39000701904297
1753295890.325576,27.31515884399414,-8.80765438079834,67.30001068115234,-27.825159072875977,-9.507505416870117,68.97483825683594,25.807506561279297,-8.630003929138184,60.93000793457031,-23.194839477539062,-6.484842300415039,62.39000701904297
1753295890.335579,27.31515884399414,-8.80765438079834,67.30001068115234,-27.825159072875977,-9.507505416870117,68.97483825683594,25.807506561279297,-8.630003929138184,60.93000793457031,-23.194839477539062,-6.484842300415039,62.39000701904297
1753295890.3456035,27.31515884399414,-8.80765438079834,67.30001068115234,-27.825159072875977,-9.507505416870117,68.97483825683594,25.807506561279297,-8.630003929138184,60.93000793457031,-23.194839477539062,-6.484842300415039,62.39000701904297
1753295890.3555732,27.31515884399414,-8.80765438079834,67.30001068115234,-27.825159072875977,-9.507505416870117,68.97483825683594,25.807506561279297,-8.630003929138184,60.93000793457031,-23.194839477539062,-6.484842300415039,62.39000701904297
1753295890.3656,27.31515884399414,-8.80765438079834,67.30001068115234,-27.825159072875977,-9.507505416870117,68.97483825683594,25.807506561279297,-8.630003929138184,60.93000793457031,-23.194839477539062,-6.484842300415039,62.39000701904297
1753295890.3756053,27.31515884399414,-8.80765438079834,67.30001068115234,-27.825159072875977,-9.507505416870117,68.97483825683594,25.807506561279297,-8.630003929138184,60.93000793457031,-23.194839477539062,-6.484842300415039,62.39000701904297
1753295890.385574,27.31515884399414,-8.80765438079834,67.30001068115234,-27.825159072875977,-9.507505416870117,68.97483825683594,25.807506561279297,-8.630003929138184,60.93000793457031,-23.194839477539062,-6.484842300415039,62.39000701904297
1753295890.3956053,27.31515884399414,-8.80765438079834,67.30001068115234,-27.825159072875977,-9.507505416870117,68.97483825683594,25.807506561279297,-8.630003929138184,60.93000793457031,-23.194839477539062,-6.484842300415039,62.39000701904297
1753295890.4055815,27.31515884399414,-8.80765438079834,67.30001068115234,-27.825159072875977,-9.507505416870117,68.97483825683594,25.807506561279297,-8.630003929138184,60.93000793457031,-23.194839477539062,-6.484842300415039,62.39000701904297
1753295890.4155655,27.31515884399414,-8.80765438079834,67.30001068115234,-27.825159072875977,-9.507505416870117,68.97483825683594,25.807506561279297,-8.630003929138184,60.93000793457031,-23.194839477539062,-6.484842300415039,62.39000701904297
1753295890.4255927,27.31515884399414,-8.80765438079834,67.30001068115234,-27.825159072875977,-9.507505416870117,68.97483825683594,25.807506561279297,-8.630003929138184,60.93000793457031,-23.194839477539062,-6.484842300415039,62.39000701904297
1753295890.4355862,27.31515884399414,-8.80765438079834,67.30001068115234,-27.825159072875977,-9.507505416870117,68.97483825683594,25.807506561279297,-8.630003929138184,60.93000793457031,-23.194839477539062,-6.484842300415039,62.39000701904297
1753295890.4455779,27.31515884399414,-8.80765438079834,67.30001068115234,-27.825159072875977,-9.507505416870117,68.97483825683594,25.807506561279297,-8.630003929138184,60.93000793457031,-23.194839477539062,-6.484842300415039,62.39000701904297
1753295890.455569,27.31515884399414,-8.80765438079834,67.30001068115234,-27.825159072875977,-9.507505416870117,68.97483825683594,25.807506561279297,-8.630003929138184,60.93000793457031,-23.194839477539062,-6.484842300415039,62.39000701904297
1753295890.4655683,27.31515884399414,-8.80765438079834,67.30001068115234,-27.825159072875977,-9.507505416870117,68.97483825683594,25.807506561279297,-8.630003929138184,60.93000793457031,-23.194839477539062,-6.484842300415039,62.39000701904297
1753295890.4755886,27.31515884399414,-8.80765438079834,67.30001068115234,-27.825159072875977,-9.507505416870117,68.97483825683594,25.807506561279297,-8.630003929138184,60.93000793457031,-23.194839477539062,-6.484842300415039,62.39000701904297
1753295890.485571,27.31515884399414,-8.80765438079834,67.30001068115234,-27.825159072875977,-9.507505416870117,68.97483825683594,25.807506561279297,-8.630003929138184,60.93000793457031,-23.194839477539062,-6.484842300415039,62.39000701904297
1753295890.4956028,27.31515884399414,-8.80765438079834,67.30001068115234,-27.825159072875977,-9.507505416870117,68.97483825683594,25.807506561279297,-8.630003929138184,60.93000793457031,-23.194839477539062,-6.484842300415039,62.39000701904297
1753295890.5055978,27.31515884399414,-8.80765438079834,67.30001068115234,-27.825159072875977,-9.507505416870117,68.97483825683594,25.807506561279297,-8.630003929138184,60.93000793457031,-23.194839477539062,-6.484842300415039,62.39000701904297
1753295890.515612,27.31515884399414,-8.80765438079834,67.30001068115234,-27.825159072875977,-9.507505416870117,68.97483825683594,25.807506561279297,-8.630003929138184,60.93000793457031,-23.194839477539062,-6.484842300415039,62.39000701904297
1753295890.5256221,27.31515884399414,-8.80765438079834,67.30001068115234,-27.825159072875977,-9.507505416870117,68.97483825683594,25.807506561279297,-8.630003929138184,60.93000793457031,-23.194839477539062,-6.484842300415039,62.39000701904297
1753295890.5356085,27.31515884399414,-8.80765438079834,67.30001068115234,-27.825159072875977,-9.507505416870117,68.97483825683594,25.807506561279297,-8.630003929138184,60.93000793457031,-23.194839477539062,-6.484842300415039,62.39000701904297
1753295890.5455806,27.31515884399414,-8.80765438079834,67.30001068115234,-27.825159072875977,-9.507505416870117,68.97483825683594,25.807506561279297,-8.630003929138184,60.93000793457031,-23.194839477539062,-6.484842300415039,62.39000701904297
1753295890.555605,27.31515884399414,-8.80765438079834,67.30001068115234,-27.825159072875977,-9.507505416870117,68.97483825683594,25.807506561279297,-8.630003929138184,60.93000793457031,-23.194839477539062,-6.484842300415039,62.39000701904297
1753295890.5656097,27.31515884399414,-8.80765438079834,67.30001068115234,-27.825159072875977,-9.507505416870117,68.97483825683594,25.807506561279297,-8.630003929138184,60.93000793457031,-23.194839477539062,-6.484842300415039,62.39000701904297
1753295890.5756133,27.31515884399414,-8.80765438079834,67.30001068115234,-27.825159072875977,-9.507505416870117,68.97483825683594,25.807506561279297,-8.630003929138184,60.93000793457031,-23.194839477539062,-6.484842300415039,62.39000701904297
1753295890.5856247,27.31515884399414,-8.80765438079834,67.30001068115234,-27.825159072875977,-9.507505416870117,68.97483825683594,25.807506561279297,-8.630003929138184,60.93000793457031,-23.194839477539062,-6.484842300415039,62.39000701904297
1753295890.5955985,27.31515884399414,-8.80765438079834,67.30001068115234,-27.825159072875977,-9.507505416870117,68.97483825683594,25.807506561279297,-8.630003929138184,60.93000793457031,-23.194839477539062,-6.484842300415039,62.39000701904297
1753295890.6056013,27.31515884399414,-8.80765438079834,67.30001068115234,-27.825159072875977,-9.507505416870117,68.97483825683594,25.807506561279297,-8.630003929138184,60.93000793457031,-23.194839477539062,-6.484842300415039,62.39000701904297
1753295890.6156018,27.31515884399414,-8.80765438079834,67.30001068115234,-27.825159072875977,-9.507505416870117,68.97483825683594,25.807506561279297,-8.630003929138184,60.93000793457031,-23.194839477539062,-6.484842300415039,62.39000701904297
1753295890.625609,27.31515884399414,-8.80765438079834,67.30001068115234,-27.825159072875977,-9.507505416870117,68.97483825683594,25.807506561279297,-8.630003929138184,60.93000793457031,-23.194839477539062,-6.484842300415039,62.39000701904297
1753295890.6355927,27.31515884399414,-8.80765438079834,67.30001068115234,-27.825159072875977,-9.507505416870117,68.97483825683594,25.807506561279297,-8.630003929138184,60.93000793457031,-23.194839477539062,-6.484842300415039,62.39000701904297
1753295890.6455986,27.31515884399414,-8.80765438079834,67.30001068115234,-27.825159072875977,-9.507505416870117,68.97483825683594,25.807506561279297,-8.630003929138184,60.93000793457031,-23.194839477539062,-6.484842300415039,62.39000701904297
1753295890.6556048,27.31515884399414,-8.80765438079834,67.30001068115234,-27.825159072875977,-9.507505416870117,68.97483825683594,25.807506561279297,-8.630003929138184,60.93000793457031,-23.194839477539062,-6.484842300415039,62.39000701904297
1753295890.6656244,27.31515884399414,-8.80765438079834,67.30001068115234,-27.825159072875977,-9.507505416870117,68.97483825683594,25.807506561279297,-8.630003929138184,60.93000793457031,-23.194839477539062,-6.484842300415039,62.39000701904297
1753295890.6756253,27.31515884399414,-8.80765438079834,67.30001068115234,-27.825159072875977,-9.507505416870117,68.97483825683594,25.807506561279297,-8.630003929138184,60.93000793457031,-23.194839477539062,-6.484842300415039,62.39000701904297
1753295890.685603,27.31515884399414,-8.80765438079834,67.30001068115234,-27.825159072875977,-9.507505416870117,68.97483825683594,25.807506561279297,-8.630003929138184,60.93000793457031,-23.194839477539062,-6.484842300415039,62.39000701904297
1753295890.6956146,27.31515884399414,-8.80765438079834,67.30001068115234,-27.825159072875977,-9.507505416870117,68.97483825683594,25.807506561279297,-8.630003929138184,60.93000793457031,-23.194839477539062,-6.484842300415039,62.39000701904297
1753295890.7055957,27.31515884399414,-8.80765438079834,67.30001068115234,-27.825159072875977,-9.507505416870117,68.97483825683594,25.807506561279297,-8.630003929138184,60.93000793457031,-23.194839477539062,-6.484842300415039,62.39000701904297
1753295890.7156022,27.31515884399414,-8.80765438079834,67.30001068115234,-27.825159072875977,-9.507505416870117,68.97483825683594,25.807506561279297,-8.630003929138184,60.93000793457031,-23.194839477539062,-6.484842300415039,62.39000701904297
1753295890.725608,27.31515884399414,-8.80765438079834,67.30001068115234,-27.825159072875977,-9.507505416870117,68.97483825683594,25.807506561279297,-8.630003929138184,60.93000793457031,-23.194839477539062,-6.484842300415039,62.39000701904297
1753295890.7356105,27.31515884399414,-8.80765438079834,67.30001068115234,-27.825159072875977,-9.507505416870117,68.97483825683594,25.807506561279297,-8.630003929138184,60.93000793457031,-23.194839477539062,-6.484842300415039,62.39000701904297
1753295890.745613,27.31515884399414,-8.80765438079834,67.30001068115234,-27.825159072875977,-9.507505416870117,68.97483825683594,25.807506561279297,-8.630003929138184,60.93000793457031,-23.194839477539062,-6.484842300415039,62.39000701904297
1753295890.7555878,27.31515884399414,-8.80765438079834,67.30001068115234,-27.825159072875977,-9.507505416870117,68.97483825683594,25.807506561279297,-8.630003929138184,60.93000793457031,-23.194839477539062,-6.484842300415039,62.39000701904297
1753295890.765623,27.31515884399414,-8.80765438079834,67.30001068115234,-27.825159072875977,-9.507505416870117,68.97483825683594,25.807506561279297,-8.630003929138184,60.93000793457031,-23.194839477539062,-6.484842300415039,62.39000701904297
1753295890.7756047,27.31515884399414,-8.80765438079834,67.30001068115234,-27.825159072875977,-9.507505416870117,68.97483825683594,25.807506561279297,-8.630003929138184,60.93000793457031,-23.194839477539062,-6.484842300415039,62.39000701904297
1753295890.7856088,27.31515884399414,-8.80765438079834,67.30001068115234,-27.825159072875977,-9.507505416870117,68.97483825683594,25.807506561279297,-8.630003929138184,60.93000793457031,-23.194839477539062,-6.484842300415039,62.39000701904297
1753295890.7955985,27.31515884399414,-8.80765438079834,67.30001068115234,-27.825159072875977,-9.507505416870117,68.97483825683594,25.807506561279297,-8.630003929138184,60.93000793457031,-23.194839477539062,-6.484842300415039,62.39000701904297
1753295890.8056042,27.31515884399414,-8.80765438079834,67.30001068115234,-27.825159072875977,-9.507505416870117,68.97483825683594,25.807506561279297,-8.630003929138184,60.93000793457031,-23.194839477539062,-6.484842300415039,62.39000701904297
1753295890.8156002,27.31515884399414,-8.80765438079834,67.30001068115234,-27.825159072875977,-9.507505416870117,68.97483825683594,25.807506561279297,-8.630003929138184,60.93000793457031,-23.194839477539062,-6.484842300415039,62.39000701904297
1753295890.8256147,27.31515884399414,-8.80765438079834,67.30001068115234,-27.825159072875977,-9.507505416870117,68.97483825683594,25.807506561279297,-8.630003929138184,60.93000793457031,-23.194839477539062,-6.484842300415039,62.39000701904297
1753295890.83559,27.31515884399414,-8.80765438079834,67.30001068115234,-27.825159072875977,-9.507505416870117,68.97483825683594,25.807506561279297,-8.630003929138184,60.93000793457031,-23.194839477539062,-6.484842300415039,62.39000701904297
1753295890.845622,27.31515884399414,-8.80765438079834,67.30001068115234,-27.825159072875977,-9.507505416870117,68.97483825683594,25.807506561279297,-8.630003929138184,60.93000793457031,-23.194839477539062,-6.484842300415039,62.39000701904297
1753295890.8556056,27.31515884399414,-8.80765438079834,67.30001068115234,-27.825159072875977,-9.507505416870117,68.97483825683594,25.807506561279297,-8.630003929138184,60.93000793457031,-23.194839477539062,-6.484842300415039,62.39000701904297
1753295890.8655915,27.31515884399414,-8.80765438079834,67.30001068115234,-27.825159072875977,-9.507505416870117,68.97483825683594,25.807506561279297,-8.630003929138184,60.93000793457031,-23.194839477539062,-6.484842300415039,62.39000701904297
1753295890.8756034,27.31515884399414,-8.80765438079834,67.30001068115234,-27.825159072875977,-9.507505416870117,68.97483825683594,25.807506561279297,-8.630003929138184,60.93000793457031,-23.194839477539062,-6.484842300415039,62.39000701904297
1753295890.8856125,27.31515884399414,-8.80765438079834,67.30001068115234,-27.825159072875977,-9.507505416870117,68.97483825683594,25.807506561279297,-8.630003929138184,60.93000793457031,-23.194839477539062,-6.484842300415039,62.39000701904297
1753295890.8956046,27.31515884399414,-8.80765438079834,67.30001068115234,-27.825159072875977,-9.507505416870117,68.97483825683594,25.807506561279297,-8.630003929138184,60.93000793457031,-23.194839477539062,-6.484842300415039,62.39000701904297
1753295890.9056125,27.31515884399414,-8.80765438079834,67.30001068115234,-27.825159072875977,-9.507505416870117,68.97483825683594,25.807506561279297,-8.630003929138184,60.93000793457031,-23.194839477539062,-6.484842300415039,62.39000701904297
1753295890.9156156,27.31515884399414,-8.80765438079834,67.30001068115234,-27.825159072875977,-9.507505416870117,68.97483825683594,25.807506561279297,-8.630003929138184,60.93000793457031,-23.194839477539062,-6.484842300415039,62.39000701904297
1753295890.925592,27.31515884399414,-8.80765438079834,67.30001068115234,-27.825159072875977,-9.507505416870117,68.97483825683594,25.807506561279297,-8.630003929138184,60.93000793457031,-23.194839477539062,-6.484842300415039,62.39000701904297
1753295890.935577,27.31515884399414,-8.80765438079834,67.30001068115234,-27.825159072875977,-9.507505416870117,68.97483825683594,25.807506561279297,-8.630003929138184,60.93000793457031,-23.194839477539062,-6.484842300415039,62.39000701904297
1753295890.945627,27.31515884399414,-8.80765438079834,67.30001068115234,-27.825159072875977,-9.507505416870117,68.97483825683594,25.807506561279297,-8.630003929138184,60.93000793457031,-23.194839477539062,-6.484842300415039,62.39000701904297
1753295890.955593,27.31515884399414,-8.80765438079834,67.30001068115234,-27.825159072875977,-9.507505416870117,68.97483825683594,25.807506561279297,-8.630003929138184,60.93000793457031,-23.194839477539062,-6.484842300415039,62.39000701904297
1753295890.9656265,27.31515884399414,-8.80765438079834,67.30001068115234,-27.825159072875977,-9.507505416870117,68.97483825683594,25.807506561279297,-8.630003929138184,60.93000793457031,-23.194839477539062,-6.484842300415039,62.39000701904297
1753295890.9756083,27.31515884399414,-8.80765438079834,67.30001068115234,-27.825159072875977,-9.507505416870117,68.97483825683594,25.807506561279297,-8.630003929138184,60.93000793457031,-23.194839477539062,-6.484842300415039,62.39000701904297
1753295890.9855862,27.31515884399414,-8.80765438079834,67.30001068115234,-27.825159072875977,-9.507505416870117,68.97483825683594,25.807506561279297,-8.630003929138184,60.93000793457031,-23.194839477539062,-6.484842300415039,62.39000701904297
1753295890.9956055,27.31515884399414,-8.80765438079834,67.30001068115234,-27.825159072875977,-9.507505416870117,68.97483825683594,25.807506561279297,-8.630003929138184,60.93000793457031,-23.194839477539062,-6.484842300415039,62.39000701904297
1753295891.005613,27.31515884399414,-8.80765438079834,67.30001068115234,-27.825159072875977,-9.507505416870117,68.97483825683594,25.807506561279297,-8.630003929138184,60.93000793457031,-23.194839477539062,-6.484842300415039,62.39000701904297
1753295891.0156262,27.31515884399414,-8.80765438079834,67.30001068115234,-27.825159072875977,-9.507505416870117,68.97483825683594,25.807506561279297,-8.630003929138184,60.93000793457031,-23.194839477539062,-6.484842300415039,62.39000701904297
1753295891.0256038,27.31515884399414,-8.80765438079834,67.30001068115234,-27.825159072875977,-9.507505416870117,68.97483825683594,25.807506561279297,-8.630003929138184,60.93000793457031,-23.194839477539062,-6.484842300415039,62.39000701904297
1753295891.0356143,27.31515884399414,-8.80765438079834,67.30001068115234,-27.825159072875977,-9.507505416870117,68.97483825683594,25.807506561279297,-8.630003929138184,60.93000793457031,-23.194839477539062,-6.484842300415039,62.39000701904297
1753295891.045621,27.31515884399414,-8.80765438079834,67.30001068115234,-27.825159072875977,-9.507505416870117,68.97483825683594,25.807506561279297,-8.630003929138184,60.93000793457031,-23.194839477539062,-6.484842300415039,62.39000701904297
1753295891.055609,27.31515884399414,-8.80765438079834,67.30001068115234,-27.825159072875977,-9.507505416870117,68.97483825683594,25.807506561279297,-8.630003929138184,60.93000793457031,-23.194839477539062,-6.484842300415039,62.39000701904297
1753295891.0656123,27.31515884399414,-8.80765438079834,67.30001068115234,-27.825159072875977,-9.507505416870117,68.97483825683594,25.807506561279297,-8.630003929138184,60.93000793457031,-23.194839477539062,-6.484842300415039,62.39000701904297
1753295891.075614,27.31515884399414,-8.80765438079834,67.30001068115234,-27.825159072875977,-9.507505416870117,68.97483825683594,25.807506561279297,-8.630003929138184,60.93000793457031,-23.194839477539062,-6.484842300415039,62.39000701904297
1753295891.0856087,27.31515884399414,-8.80765438079834,67.30001068115234,-27.825159072875977,-9.507505416870117,68.97483825683594,25.807506561279297,-8.630003929138184,60.93000793457031,-23.194839477539062,-6.484842300415039,62.39000701904297
1753295891.095614,27.31515884399414,-8.80765438079834,67.30001068115234,-27.825159072875977,-9.507505416870117,68.97483825683594,25.807506561279297,-8.630003929138184,60.93000793457031,-23.194839477539062,-6.484842300415039,62.39000701904297
1753295891.1056454,27.31515884399414,-8.80765438079834,67.30001068115234,-27.825159072875977,-9.507505416870117,68.97483825683594,25.807506561279297,-8.630003929138184,60.93000793457031,-23.194839477539062,-6.484842300415039,62.39000701904297
1753295891.1156132,27.31515884399414,-8.80765438079834,67.30001068115234,-27.825159072875977,-9.507505416870117,68.97483825683594,25.807506561279297,-8.630003929138184,60.93000793457031,-23.194839477539062,-6.484842300415039,62.39000701904297
1753295891.1256225,27.31515884399414,-8.80765438079834,67.30001068115234,-27.825159072875977,-9.507505416870117,68.97483825683594,25.807506561279297,-8.630003929138184,60.93000793457031,-23.194839477539062,-6.484842300415039,62.39000701904297
1753295891.1356757,27.31515884399414,-8.80765438079834,67.30001068115234,-27.825159072875977,-9.507505416870117,68.97483825683594,25.807506561279297,-8.630003929138184,60.93000793457031,-23.194839477539062,-6.484842300415039,62.39000701904297
1753295891.145644,27.31515884399414,-8.80765438079834,67.30001068115234,-27.825159072875977,-9.507505416870117,68.97483825683594,25.807506561279297,-8.630003929138184,60.93000793457031,-23.194839477539062,-6.484842300415039,62.39000701904297
1753295891.1556242,27.31515884399414,-8.80765438079834,67.30001068115234,-27.825159072875977,-9.507505416870117,68.97483825683594,25.807506561279297,-8.630003929138184,60.93000793457031,-23.194839477539062,-6.484842300415039,62.39000701904297
1753295891.1656435,27.31515884399414,-8.80765438079834,67.30001068115234,-27.825159072875977,-9.507505416870117,68.97483825683594,25.807506561279297,-8.630003929138184,60.93000793457031,-23.194839477539062,-6.484842300415039,62.39000701904297
1753295891.1756177,27.31515884399414,-8.80765438079834,67.30001068115234,-27.825159072875977,-9.507505416870117,68.97483825683594,25.807506561279297,-8.630003929138184,60.93000793457031,-23.194839477539062,-6.484842300415039,62.39000701904297
1753295891.1855938,27.31515884399414,-8.80765438079834,67.30001068115234,-27.825159072875977,-9.507505416870117,68.97483825683594,25.807506561279297,-8.630003929138184,60.93000793457031,-23.194839477539062,-6.484842300415039,62.39000701904297
1753295891.1956248,27.31515884399414,-8.80765438079834,67.30001068115234,-27.825159072875977,-9.507505416870117,68.97483825683594,25.807506561279297,-8.630003929138184,60.93000793457031,-23.194839477539062,-6.484842300415039,62.39000701904297
1753295891.2056236,27.31515884399414,-8.80765438079834,67.30001068115234,-27.825159072875977,-9.507505416870117,68.97483825683594,25.807506561279297,-8.630003929138184,60.93000793457031,-23.194839477539062,-6.484842300415039,62.39000701904297
1753295891.2155976,27.31515884399414,-8.80765438079834,67.30001068115234,-27.825159072875977,-9.507505416870117,68.97483825683594,25.807506561279297,-8.630003929138184,60.93000793457031,-23.194839477539062,-6.484842300415039,62.39000701904297
1753295891.2256129,27.31515884399414,-8.80765438079834,67.30001068115234,-27.825159072875977,-9.507505416870117,68.97483825683594,25.807506561279297,-8.630003929138184,60.93000793457031,-23.194839477539062,-6.484842300415039,62.39000701904297
1753295891.2355838,27.31515884399414,-8.80765438079834,67.30001068115234,-27.825159072875977,-9.507505416870117,68.97483825683594,25.807506561279297,-8.630003929138184,60.93000793457031,-23.194839477539062,-6.484842300415039,62.39000701904297
1753295891.245609,27.31515884399414,-8.80765438079834,67.30001068115234,-27.825159072875977,-9.507505416870117,68.97483825683594,25.807506561279297,-8.630003929138184,60.93000793457031,-23.194839477539062,-6.484842300415039,62.39000701904297
1753295891.2556129,27.31515884399414,-8.80765438079834,67.30001068115234,-27.825159072875977,-9.507505416870117,68.97483825683594,25.807506561279297,-8.630003929138184,60.93000793457031,-23.194839477539062,-6.484842300415039,62.39000701904297
1753295891.2656038,27.31515884399414,-8.80765438079834,67.30001068115234,-27.825159072875977,-9.507505416870117,68.97483825683594,25.807506561279297,-8.630003929138184,60.93000793457031,-23.194839477539062,-6.484842300415039,62.39000701904297
1753295891.275628,27.31515884399414,-8.80765438079834,67.30001068115234,-27.825159072875977,-9.507505416870117,68.97483825683594,25.807506561279297,-8.630003929138184,60.93000793457031,-23.194839477539062,-6.484842300415039,62.39000701904297
1753295891.2856262,27.31515884399414,-8.80765438079834,67.30001068115234,-27.825159072875977,-9.507505416870117,68.97483825683594,25.807506561279297,-8.630003929138184,60.93000793457031,-23.194839477539062,-6.484842300415039,62.39000701904297
1753295891.295619,27.31515884399414,-8.80765438079834,67.30001068115234,-27.825159072875977,-9.507505416870117,68.97483825683594,25.807506561279297,-8.630003929138184,60.93000793457031,-23.194839477539062,-6.484842300415039,62.39000701904297
1753295891.3056147,27.31515884399414,-8.80765438079834,67.30001068115234,-27.825159072875977,-9.507505416870117,68.97483825683594,25.807506561279297,-8.630003929138184,60.93000793457031,-23.194839477539062,-6.484842300415039,62.39000701904297
1753295891.3155968,27.31515884399414,-8.80765438079834,67.30001068115234,-27.825159072875977,-9.507505416870117,68.97483825683594,25.807506561279297,-8.630003929138184,60.93000793457031,-23.194839477539062,-6.484842300415039,62.39000701904297
1753295891.3256083,27.31515884399414,-8.80765438079834,67.30001068115234,-27.825159072875977,-9.507505416870117,68.97483825683594,25.807506561279297,-8.630003929138184,60.93000793457031,-23.194839477539062,-6.484842300415039,62.39000701904297
1753295891.3355808,27.31515884399414,-8.80765438079834,67.30001068115234,-27.825159072875977,-9.507505416870117,68.97483825683594,25.807506561279297,-8.630003929138184,60.93000793457031,-23.194839477539062,-6.484842300415039,62.39000701904297
1753295891.3456297,27.31515884399414,-8.80765438079834,67.30001068115234,-27.825159072875977,-9.507505416870117,68.97483825683594,25.807506561279297,-8.630003929138184,60.93000793457031,-23.194839477539062,-6.484842300415039,62.39000701904297
1753295891.3556297,27.31515884399414,-8.80765438079834,67.30001068115234,-27.825159072875977,-9.507505416870117,68.97483825683594,25.807506561279297,-8.630003929138184,60.93000793457031,-23.194839477539062,-6.484842300415039,62.39000701904297
1753295891.3656275,27.31515884399414,-8.80765438079834,67.30001068115234,-27.825159072875977,-9.507505416870117,68.97483825683594,25.807506561279297,-8.630003929138184,60.93000793457031,-23.194839477539062,-6.484842300415039,62.39000701904297
1753295891.3756254,27.31515884399414,-8.80765438079834,67.30001068115234,-27.825159072875977,-9.507505416870117,68.97483825683594,25.807506561279297,-8.630003929138184,60.93000793457031,-23.194839477539062,-6.484842300415039,62.39000701904297
1753295891.3856268,27.31515884399414,-8.80765438079834,67.30001068115234,-27.825159072875977,-9.507505416870117,68.97483825683594,25.807506561279297,-8.630003929138184,60.93000793457031,-23.194839477539062,-6.484842300415039,62.39000701904297
1753295891.3956313,27.31515884399414,-8.80765438079834,67.30001068115234,-27.825159072875977,-9.507505416870117,68.97483825683594,25.807506561279297,-8.630003929138184,60.93000793457031,-23.194839477539062,-6.484842300415039,62.39000701904297
1753295891.4056687,27.31515884399414,-8.80765438079834,67.30001068115234,-27.825159072875977,-9.507505416870117,68.97483825683594,25.807506561279297,-8.630003929138184,60.93000793457031,-23.194839477539062,-6.484842300415039,62.39000701904297
1753295891.415627,27.31515884399414,-8.80765438079834,67.30001068115234,-27.825159072875977,-9.507505416870117,68.97483825683594,25.807506561279297,-8.630003929138184,60.93000793457031,-23.194839477539062,-6.484842300415039,62.39000701904297
1753295891.4256105,27.31515884399414,-8.80765438079834,67.30001068115234,-27.825159072875977,-9.507505416870117,68.97483825683594,25.807506561279297,-8.630003929138184,60.93000793457031,-23.194839477539062,-6.484842300415039,62.39000701904297
1753295891.4356053,27.31515884399414,-8.80765438079834,67.30001068115234,-27.825159072875977,-9.507505416870117,68.97483825683594,25.807506561279297,-8.630003929138184,60.93000793457031,-23.194839477539062,-6.484842300415039,62.39000701904297
1753295891.4456284,27.31515884399414,-8.80765438079834,67.30001068115234,-27.825159072875977,-9.507505416870117,68.97483825683594,25.807506561279297,-8.630003929138184,60.93000793457031,-23.194839477539062,-6.484842300415039,62.39000701904297
1753295891.455617,27.31515884399414,-8.80765438079834,67.30001068115234,-27.825159072875977,-9.507505416870117,68.97483825683594,25.807506561279297,-8.630003929138184,60.93000793457031,-23.194839477539062,-6.484842300415039,62.39000701904297
1753295891.465603,27.31515884399414,-8.80765438079834,67.30001068115234,-27.825159072875977,-9.507505416870117,68.97483825683594,25.807506561279297,-8.630003929138184,60.93000793457031,-23.194839477539062,-6.484842300415039,62.39000701904297
1753295891.475629,27.31515884399414,-8.80765438079834,67.30001068115234,-27.825159072875977,-9.507505416870117,68.97483825683594,25.807506561279297,-8.630003929138184,60.93000793457031,-23.194839477539062,-6.484842300415039,62.39000701904297
1753295891.4856155,27.31515884399414,-8.80765438079834,67.30001068115234,-27.825159072875977,-9.507505416870117,68.97483825683594,25.807506561279297,-8.630003929138184,60.93000793457031,-23.194839477539062,-6.484842300415039,62.39000701904297
1753295891.495635,27.31515884399414,-8.80765438079834,67.30001068115234,-27.825159072875977,-9.507505416870117,68.97483825683594,25.807506561279297,-8.630003929138184,60.93000793457031,-23.194839477539062,-6.484842300415039,62.39000701904297
1753295891.5056164,27.31515884399414,-8.80765438079834,67.30001068115234,-27.825159072875977,-9.507505416870117,68.97483825683594,25.807506561279297,-8.630003929138184,60.93000793457031,-23.194839477539062,-6.484842300415039,62.39000701904297
1753295891.5156357,27.31515884399414,-8.80765438079834,67.30001068115234,-27.825159072875977,-9.507505416870117,68.97483825683594,25.807506561279297,-8.630003929138184,60.93000793457031,-23.194839477539062,-6.484842300415039,62.39000701904297
1753295891.525631,27.31515884399414,-8.80765438079834,67.30001068115234,-27.825159072875977,-9.507505416870117,68.97483825683594,25.807506561279297,-8.630003929138184,60.93000793457031,-23.194839477539062,-6.484842300415039,62.39000701904297
1753295891.5356147,27.31515884399414,-8.80765438079834,67.30001068115234,-27.825159072875977,-9.507505416870117,68.97483825683594,25.807506561279297,-8.630003929138184,60.93000793457031,-23.194839477539062,-6.484842300415039,62.39000701904297
1753295891.545619,27.31515884399414,-8.80765438079834,67.30001068115234,-27.825159072875977,-9.507505416870117,68.97483825683594,25.807506561279297,-8.630003929138184,60.93000793457031,-23.194839477539062,-6.484842300415039,62.39000701904297
1753295891.5556176,27.31515884399414,-8.80765438079834,67.30001068115234,-27.825159072875977,-9.507505416870117,68.97483825683594,25.807506561279297,-8.630003929138184,60.93000793457031,-23.194839477539062,-6.484842300415039,62.39000701904297
1753295891.5656242,27.31515884399414,-8.80765438079834,67.30001068115234,-27.825159072875977,-9.507505416870117,68.97483825683594,25.807506561279297,-8.630003929138184,60.93000793457031,-23.194839477539062,-6.484842300415039,62.39000701904297
1753295891.5756388,27.31515884399414,-8.80765438079834,67.30001068115234,-27.825159072875977,-9.507505416870117,68.97483825683594,25.807506561279297,-8.630003929138184,60.93000793457031,-23.194839477539062,-6.484842300415039,62.39000701904297
1753295891.5856407,27.31515884399414,-8.80765438079834,67.30001068115234,-27.825159072875977,-9.507505416870117,68.97483825683594,25.807506561279297,-8.630003929138184,60.93000793457031,-23.194839477539062,-6.484842300415039,62.39000701904297
1753295891.595647,27.31515884399414,-8.80765438079834,67.30001068115234,-27.825159072875977,-9.507505416870117,68.97483825683594,25.807506561279297,-8.630003929138184,60.93000793457031,-23.194839477539062,-6.484842300415039,62.39000701904297
1753295891.6056116,27.31515884399414,-8.80765438079834,67.30001068115234,-27.825159072875977,-9.507505416870117,68.97483825683594,25.807506561279297,-8.630003929138184,60.93000793457031,-23.194839477539062,-6.484842300415039,62.39000701904297
1753295891.6156085,27.31515884399414,-8.80765438079834,67.30001068115234,-27.825159072875977,-9.507505416870117,68.97483825683594,25.807506561279297,-8.630003929138184,60.93000793457031,-23.194839477539062,-6.484842300415039,62.39000701904297
1753295891.6256278,27.31515884399414,-8.80765438079834,67.30001068115234,-27.825159072875977,-9.507505416870117,68.97483825683594,25.807506561279297,-8.630003929138184,60.93000793457031,-23.194839477539062,-6.484842300415039,62.39000701904297
1753295891.635618,27.31515884399414,-8.80765438079834,67.30001068115234,-27.825159072875977,-9.507505416870117,68.97483825683594,25.807506561279297,-8.630003929138184,60.93000793457031,-23.194839477539062,-6.484842300415039,62.39000701904297
1753295891.6456356,27.31515884399414,-8.80765438079834,67.30001068115234,-27.825159072875977,-9.507505416870117,68.97483825683594,25.807506561279297,-8.630003929138184,60.93000793457031,-23.194839477539062,-6.484842300415039,62.39000701904297
1753295891.6556258,27.31515884399414,-8.80765438079834,67.30001068115234,-27.825159072875977,-9.507505416870117,68.97483825683594,25.807506561279297,-8.630003929138184,60.93000793457031,-23.194839477539062,-6.484842300415039,62.39000701904297
1753295891.6656008,27.31515884399414,-8.80765438079834,67.30001068115234,-27.825159072875977,-9.507505416870117,68.97483825683594,25.807506561279297,-8.630003929138184,60.93000793457031,-23.194839477539062,-6.484842300415039,62.39000701904297
1753295891.6756353,27.31515884399414,-8.80765438079834,67.30001068115234,-27.825159072875977,-9.507505416870117,68.97483825683594,25.807506561279297,-8.630003929138184,60.93000793457031,-23.194839477539062,-6.484842300415039,62.39000701904297
1753295891.6856687,27.31515884399414,-8.80765438079834,67.30001068115234,-27.825159072875977,-9.507505416870117,68.97483825683594,25.807506561279297,-8.630003929138184,60.93000793457031,-23.194839477539062,-6.484842300415039,62.39000701904297
1753295891.6956136,27.31515884399414,-8.80765438079834,67.30001068115234,-27.825159072875977,-9.507505416870117,68.97483825683594,25.807506561279297,-8.630003929138184,60.93000793457031,-23.194839477539062,-6.484842300415039,62.39000701904297
1753295891.7056482,27.31515884399414,-8.80765438079834,67.30001068115234,-27.825159072875977,-9.507505416870117,68.97483825683594,25.807506561279297,-8.630003929138184,60.93000793457031,-23.194839477539062,-6.484842300415039,62.39000701904297
1753295891.715722,27.31515884399414,-8.80765438079834,67.30001068115234,-27.825159072875977,-9.507505416870117,68.97483825683594,25.807506561279297,-8.630003929138184,60.93000793457031,-23.194839477539062,-6.484842300415039,62.39000701904297
1753295891.7256396,27.31515884399414,-8.80765438079834,67.30001068115234,-27.825159072875977,-9.507505416870117,68.97483825683594,25.807506561279297,-8.630003929138184,60.93000793457031,-23.194839477539062,-6.484842300415039,62.39000701904297
1753295891.7356393,27.31515884399414,-8.80765438079834,67.30001068115234,-27.825159072875977,-9.507505416870117,68.97483825683594,25.807506561279297,-8.630003929138184,60.93000793457031,-23.194839477539062,-6.484842300415039,62.39000701904297
1753295891.7456543,27.31515884399414,-8.80765438079834,67.30001068115234,-27.825159072875977,-9.507505416870117,68.97483825683594,25.807506561279297,-8.630003929138184,60.93000793457031,-23.194839477539062,-6.484842300415039,62.39000701904297
1753295891.755618,27.31515884399414,-8.80765438079834,67.30001068115234,-27.825159072875977,-9.507505416870117,68.97483825683594,25.807506561279297,-8.630003929138184,60.93000793457031,-23.194839477539062,-6.484842300415039,62.39000701904297
1753295891.7656605,27.31515884399414,-8.80765438079834,67.30001068115234,-27.825159072875977,-9.507505416870117,68.97483825683594,25.807506561279297,-8.630003929138184,60.93000793457031,-23.194839477539062,-6.484842300415039,62.39000701904297
1753295891.7756186,27.31515884399414,-8.80765438079834,67.30001068115234,-27.825159072875977,-9.507505416870117,68.97483825683594,25.807506561279297,-8.630003929138184,60.93000793457031,-23.194839477539062,-6.484842300415039,62.39000701904297
1753295891.7856321,27.31515884399414,-8.80765438079834,67.30001068115234,-27.825159072875977,-9.507505416870117,68.97483825683594,25.807506561279297,-8.630003929138184,60.93000793457031,-23.194839477539062,-6.484842300415039,62.39000701904297
1753295891.7956347,27.31515884399414,-8.80765438079834,67.30001068115234,-27.825159072875977,-9.507505416870117,68.97483825683594,25.807506561279297,-8.630003929138184,60.93000793457031,-23.194839477539062,-6.484842300415039,62.39000701904297
1753295891.8056345,27.31515884399414,-8.80765438079834,67.30001068115234,-27.825159072875977,-9.507505416870117,68.97483825683594,25.807506561279297,-8.630003929138184,60.93000793457031,-23.194839477539062,-6.484842300415039,62.39000701904297
1753295891.8156426,27.31515884399414,-8.80765438079834,67.30001068115234,-27.825159072875977,-9.507505416870117,68.97483825683594,25.807506561279297,-8.630003929138184,60.93000793457031,-23.194839477539062,-6.484842300415039,62.39000701904297
1753295891.8256247,27.31515884399414,-8.80765438079834,67.30001068115234,-27.825159072875977,-9.507505416870117,68.97483825683594,25.807506561279297,-8.630003929138184,60.93000793457031,-23.194839477539062,-6.484842300415039,62.39000701904297
1753295891.8356183,27.31515884399414,-8.80765438079834,67.30001068115234,-27.825159072875977,-9.507505416870117,68.97483825683594,25.807506561279297,-8.630003929138184,60.93000793457031,-23.194839477539062,-6.484842300415039,62.39000701904297
1753295891.84565,27.31515884399414,-8.80765438079834,67.30001068115234,-27.825159072875977,-9.507505416870117,68.97483825683594,25.807506561279297,-8.630003929138184,60.93000793457031,-23.194839477539062,-6.484842300415039,62.39000701904297
1753295891.855647,27.31515884399414,-8.80765438079834,67.30001068115234,-27.825159072875977,-9.507505416870117,68.97483825683594,25.807506561279297,-8.630003929138184,60.93000793457031,-23.194839477539062,-6.484842300415039,62.39000701904297
1753295891.86562,27.31515884399414,-8.80765438079834,67.30001068115234,-27.825159072875977,-9.507505416870117,68.97483825683594,25.807506561279297,-8.630003929138184,60.93000793457031,-23.194839477539062,-6.484842300415039,62.39000701904297
1753295891.8756335,27.31515884399414,-8.80765438079834,67.30001068115234,-27.825159072875977,-9.507505416870117,68.97483825683594,25.807506561279297,-8.630003929138184,60.93000793457031,-23.194839477539062,-6.484842300415039,62.39000701904297
1753295891.8856044,27.31515884399414,-8.80765438079834,67.30001068115234,-27.825159072875977,-9.507505416870117,68.97483825683594,25.807506561279297,-8.630003929138184,60.93000793457031,-23.194839477539062,-6.484842300415039,62.39000701904297
1753295891.8956172,27.31515884399414,-8.80765438079834,67.30001068115234,-27.825159072875977,-9.507505416870117,68.97483825683594,25.807506561279297,-8.630003929138184,60.93000793457031,-23.194839477539062,-6.484842300415039,62.39000701904297
1753295891.905637,27.31515884399414,-8.80765438079834,67.30001068115234,-27.825159072875977,-9.507505416870117,68.97483825683594,25.807506561279297,-8.630003929138184,60.93000793457031,-23.194839477539062,-6.484842300415039,62.39000701904297
1753295891.9156392,27.31515884399414,-8.80765438079834,67.30001068115234,-27.825159072875977,-9.507505416870117,68.97483825683594,25.807506561279297,-8.630003929138184,60.93000793457031,-23.194839477539062,-6.484842300415039,62.39000701904297
1753295891.925619,27.31515884399414,-8.80765438079834,67.30001068115234,-27.825159072875977,-9.507505416870117,68.97483825683594,25.807506561279297,-8.630003929138184,60.93000793457031,-23.194839477539062,-6.484842300415039,62.39000701904297
1753295891.9356718,27.31515884399414,-8.80765438079834,67.30001068115234,-27.825159072875977,-9.507505416870117,68.97483825683594,25.807506561279297,-8.630003929138184,60.93000793457031,-23.194839477539062,-6.484842300415039,62.39000701904297
1753295891.9456174,27.31515884399414,-8.80765438079834,67.30001068115234,-27.825159072875977,-9.507505416870117,68.97483825683594,25.807506561279297,-8.630003929138184,60.93000793457031,-23.194839477539062,-6.484842300415039,62.39000701904297
1753295891.955588,27.31515884399414,-8.80765438079834,67.30001068115234,-27.825159072875977,-9.507505416870117,68.97483825683594,25.807506561279297,-8.630003929138184,60.93000793457031,-23.194839477539062,-6.484842300415039,62.39000701904297
1753295891.9656122,27.31515884399414,-8.80765438079834,67.30001068115234,-27.825159072875977,-9.507505416870117,68.97483825683594,25.807506561279297,-8.630003929138184,60.93000793457031,-23.194839477539062,-6.484842300415039,62.39000701904297
1753295891.975648,27.31515884399414,-8.80765438079834,67.30001068115234,-27.825159072875977,-9.507505416870117,68.97483825683594,25.807506561279297,-8.630003929138184,60.93000793457031,-23.194839477539062,-6.484842300415039,62.39000701904297
1753295891.9856167,27.31515884399414,-8.80765438079834,67.30001068115234,-27.825159072875977,-9.507505416870117,68.97483825683594,25.807506561279297,-8.630003929138184,60.93000793457031,-23.194839477539062,-6.484842300415039,62.39000701904297
1753295891.9956098,27.31515884399414,-8.80765438079834,67.30001068115234,-27.825159072875977,-9.507505416870117,68.97483825683594,25.807506561279297,-8.630003929138184,60.93000793457031,-23.194839477539062,-6.484842300415039,62.39000701904297
1753295892.0056558,27.31515884399414,-8.80765438079834,67.30001068115234,-27.825159072875977,-9.507505416870117,68.97483825683594,25.807506561279297,-8.630003929138184,60.93000793457031,-23.194839477539062,-6.484842300415039,62.39000701904297
1753295892.0156095,27.31515884399414,-8.80765438079834,67.30001068115234,-27.825159072875977,-9.507505416870117,68.97483825683594,25.807506561279297,-8.630003929138184,60.93000793457031,-23.194839477539062,-6.484842300415039,62.39000701904297
1753295892.0256553,27.31515884399414,-8.80765438079834,67.30001068115234,-27.825159072875977,-9.507505416870117,68.97483825683594,25.807506561279297,-8.630003929138184,60.93000793457031,-23.194839477539062,-6.484842300415039,62.39000701904297
1753295892.0356367,27.31515884399414,-8.80765438079834,67.30001068115234,-27.825159072875977,-9.507505416870117,68.97483825683594,25.807506561279297,-8.630003929138184,60.93000793457031,-23.194839477539062,-6.484842300415039,62.39000701904297
1753295892.0456169,27.31515884399414,-8.80765438079834,67.30001068115234,-27.825159072875977,-9.507505416870117,68.97483825683594,25.807506561279297,-8.630003929138184,60.93000793457031,-23.194839477539062,-6.484842300415039,62.39000701904297
1753295892.0556548,27.31515884399414,-8.80765438079834,67.30001068115234,-27.825159072875977,-9.507505416870117,68.97483825683594,25.807506561279297,-8.630003929138184,60.93000793457031,-23.194839477539062,-6.484842300415039,62.39000701904297
1753295892.0656598,27.31515884399414,-8.80765438079834,67.30001068115234,-27.825159072875977,-9.507505416870117,68.97483825683594,25.807506561279297,-8.630003929138184,60.93000793457031,-23.194839477539062,-6.484842300415039,62.39000701904297
1753295892.0756428,27.31515884399414,-8.80765438079834,67.30001068115234,-27.825159072875977,-9.507505416870117,68.97483825683594,25.807506561279297,-8.630003929138184,60.93000793457031,-23.194839477539062,-6.484842300415039,62.39000701904297
1753295892.085642,27.31515884399414,-8.80765438079834,67.30001068115234,-27.825159072875977,-9.507505416870117,68.97483825683594,25.807506561279297,-8.630003929138184,60.93000793457031,-23.194839477539062,-6.484842300415039,62.39000701904297
1753295892.0956194,27.31515884399414,-8.80765438079834,67.30001068115234,-27.825159072875977,-9.507505416870117,68.97483825683594,25.807506561279297,-8.630003929138184,60.93000793457031,-23.194839477539062,-6.484842300415039,62.39000701904297
1753295892.1056442,27.31515884399414,-8.80765438079834,67.30001068115234,-27.825159072875977,-9.507505416870117,68.97483825683594,25.807506561279297,-8.630003929138184,60.93000793457031,-23.194839477539062,-6.484842300415039,62.39000701904297
1753295892.1156423,27.31515884399414,-8.80765438079834,67.30001068115234,-27.825159072875977,-9.507505416870117,68.97483825683594,25.807506561279297,-8.630003929138184,60.93000793457031,-23.194839477539062,-6.484842300415039,62.39000701904297
1753295892.1255858,27.31515884399414,-8.80765438079834,67.30001068115234,-27.825159072875977,-9.507505416870117,68.97483825683594,25.807506561279297,-8.630003929138184,60.93000793457031,-23.194839477539062,-6.484842300415039,62.39000701904297
1753295892.1356416,27.31515884399414,-8.80765438079834,67.30001068115234,-27.825159072875977,-9.507505416870117,68.97483825683594,25.807506561279297,-8.630003929138184,60.93000793457031,-23.194839477539062,-6.484842300415039,62.39000701904297
1753295892.1456344,27.31515884399414,-8.80765438079834,67.30001068115234,-27.825159072875977,-9.507505416870117,68.97483825683594,25.807506561279297,-8.630003929138184,60.93000793457031,-23.194839477539062,-6.484842300415039,62.39000701904297
1753295892.15563,27.31515884399414,-8.80765438079834,67.30001068115234,-27.825159072875977,-9.507505416870117,68.97483825683594,25.807506561279297,-8.630003929138184,60.93000793457031,-23.194839477539062,-6.484842300415039,62.39000701904297
1753295892.165646,27.31515884399414,-8.80765438079834,67.30001068115234,-27.825159072875977,-9.507505416870117,68.97483825683594,25.807506561279297,-8.630003929138184,60.93000793457031,-23.194839477539062,-6.484842300415039,62.39000701904297
1753295892.1756332,27.31515884399414,-8.80765438079834,67.30001068115234,-27.825159072875977,-9.507505416870117,68.97483825683594,25.807506561279297,-8.630003929138184,60.93000793457031,-23.194839477539062,-6.484842300415039,62.39000701904297
1753295892.185648,27.31515884399414,-8.80765438079834,67.30001068115234,-27.825159072875977,-9.507505416870117,68.97483825683594,25.807506561279297,-8.630003929138184,60.93000793457031,-23.194839477539062,-6.484842300415039,62.39000701904297
1753295892.1956477,27.31515884399414,-8.80765438079834,67.30001068115234,-27.825159072875977,-9.507505416870117,68.97483825683594,25.807506561279297,-8.630003929138184,60.93000793457031,-23.194839477539062,-6.484842300415039,62.39000701904297
1753295892.205642,27.31515884399414,-8.80765438079834,67.30001068115234,-27.825159072875977,-9.507505416870117,68.97483825683594,25.807506561279297,-8.630003929138184,60.93000793457031,-23.194839477539062,-6.484842300415039,62.39000701904297
1753295892.2156312,27.31515884399414,-8.80765438079834,67.30001068115234,-27.825159072875977,-9.507505416870117,68.97483825683594,25.807506561279297,-8.630003929138184,60.93000793457031,-23.194839477539062,-6.484842300415039,62.39000701904297
1753295892.225616,27.31515884399414,-8.80765438079834,67.30001068115234,-27.825159072875977,-9.507505416870117,68.97483825683594,25.807506561279297,-8.630003929138184,60.93000793457031,-23.194839477539062,-6.484842300415039,62.39000701904297
1753295892.235614,27.31515884399414,-8.80765438079834,67.30001068115234,-27.825159072875977,-9.507505416870117,68.97483825683594,25.807506561279297,-8.630003929138184,60.93000793457031,-23.194839477539062,-6.484842300415039,62.39000701904297
1753295892.2456183,27.31515884399414,-8.80765438079834,67.30001068115234,-27.825159072875977,-9.507505416870117,68.97483825683594,25.807506561279297,-8.630003929138184,60.93000793457031,-23.194839477539062,-6.484842300415039,62.39000701904297
1753295892.2556255,27.31515884399414,-8.80765438079834,67.30001068115234,-27.825159072875977,-9.507505416870117,68.97483825683594,25.807506561279297,-8.630003929138184,60.93000793457031,-23.194839477539062,-6.484842300415039,62.39000701904297
1753295892.2656488,27.31515884399414,-8.80765438079834,67.30001068115234,-27.825159072875977,-9.507505416870117,68.97483825683594,25.807506561279297,-8.630003929138184,60.93000793457031,-23.194839477539062,-6.484842300415039,62.39000701904297
1753295892.2756243,27.31515884399414,-8.80765438079834,67.30001068115234,-27.825159072875977,-9.507505416870117,68.97483825683594,25.807506561279297,-8.630003929138184,60.93000793457031,-23.194839477539062,-6.484842300415039,62.39000701904297
1753295892.2856355,27.31515884399414,-8.80765438079834,67.30001068115234,-27.825159072875977,-9.507505416870117,68.97483825683594,25.807506561279297,-8.630003929138184,60.93000793457031,-23.194839477539062,-6.484842300415039,62.39000701904297
1753295892.2956367,27.31515884399414,-8.80765438079834,67.30001068115234,-27.825159072875977,-9.507505416870117,68.97483825683594,25.807506561279297,-8.630003929138184,60.93000793457031,-23.194839477539062,-6.484842300415039,62.39000701904297
1753295892.305631,27.31515884399414,-8.80765438079834,67.30001068115234,-27.825159072875977,-9.507505416870117,68.97483825683594,25.807506561279297,-8.630003929138184,60.93000793457031,-23.194839477539062,-6.484842300415039,62.39000701904297
1753295892.3156314,27.31515884399414,-8.80765438079834,67.30001068115234,-27.825159072875977,-9.507505416870117,68.97483825683594,25.807506561279297,-8.630003929138184,60.93000793457031,-23.194839477539062,-6.484842300415039,62.39000701904297
1753295892.325651,27.31515884399414,-8.80765438079834,67.30001068115234,-27.825159072875977,-9.507505416870117,68.97483825683594,25.807506561279297,-8.630003929138184,60.93000793457031,-23.194839477539062,-6.484842300415039,62.39000701904297
1753295892.3356116,27.31515884399414,-8.80765438079834,67.30001068115234,-27.825159072875977,-9.507505416870117,68.97483825683594,25.807506561279297,-8.630003929138184,60.93000793457031,-23.194839477539062,-6.484842300415039,62.39000701904297
1753295892.3456438,27.31515884399414,-8.80765438079834,67.30001068115234,-27.825159072875977,-9.507505416870117,68.97483825683594,25.807506561279297,-8.630003929138184,60.93000793457031,-23.194839477539062,-6.484842300415039,62.39000701904297
1753295892.3556378,27.31515884399414,-8.80765438079834,67.30001068115234,-27.825159072875977,-9.507505416870117,68.97483825683594,25.807506561279297,-8.630003929138184,60.93000793457031,-23.194839477539062,-6.484842300415039,62.39000701904297
1753295892.3656309,27.31515884399414,-8.80765438079834,67.30001068115234,-27.825159072875977,-9.507505416870117,68.97483825683594,25.807506561279297,-8.630003929138184,60.93000793457031,-23.194839477539062,-6.484842300415039,62.39000701904297
1753295892.3755856,27.31515884399414,-8.80765438079834,67.30001068115234,-27.825159072875977,-9.507505416870117,68.97483825683594,25.807506561279297,-8.630003929138184,60.93000793457031,-23.194839477539062,-6.484842300415039,62.39000701904297
1753295892.3855855,27.31515884399414,-8.80765438079834,67.30001068115234,-27.825159072875977,-9.507505416870117,68.97483825683594,25.807506561279297,-8.630003929138184,60.93000793457031,-23.194839477539062,-6.484842300415039,62.39000701904297
1753295892.3956342,27.31515884399414,-8.80765438079834,67.30001068115234,-27.825159072875977,-9.507505416870117,68.97483825683594,25.807506561279297,-8.630003929138184,60.93000793457031,-23.194839477539062,-6.484842300415039,62.39000701904297
1753295892.4056368,27.31515884399414,-8.80765438079834,67.30001068115234,-27.825159072875977,-9.507505416870117,68.97483825683594,25.807506561279297,-8.630003929138184,60.93000793457031,-23.194839477539062,-6.484842300415039,62.39000701904297
1753295892.4156291,27.31515884399414,-8.80765438079834,67.30001068115234,-27.825159072875977,-9.507505416870117,68.97483825683594,25.807506561279297,-8.630003929138184,60.93000793457031,-23.194839477539062,-6.484842300415039,62.39000701904297
1753295892.4256518,27.31515884399414,-8.80765438079834,67.30001068115234,-27.825159072875977,-9.507505416870117,68.97483825683594,25.807506561279297,-8.630003929138184,60.93000793457031,-23.194839477539062,-6.484842300415039,62.39000701904297
1753295892.43564,27.31515884399414,-8.80765438079834,67.30001068115234,-27.825159072875977,-9.507505416870117,68.97483825683594,25.807506561279297,-8.630003929138184,60.93000793457031,-23.194839477539062,-6.484842300415039,62.39000701904297
1753295892.445644,27.31515884399414,-8.80765438079834,67.30001068115234,-27.825159072875977,-9.507505416870117,68.97483825683594,25.807506561279297,-8.630003929138184,60.93000793457031,-23.194839477539062,-6.484842300415039,62.39000701904297
1753295892.455625,27.31515884399414,-8.80765438079834,67.30001068115234,-27.825159072875977,-9.507505416870117,68.97483825683594,25.807506561279297,-8.630003929138184,60.93000793457031,-23.194839477539062,-6.484842300415039,62.39000701904297
1753295892.4656312,27.31515884399414,-8.80765438079834,67.30001068115234,-27.825159072875977,-9.507505416870117,68.97483825683594,25.807506561279297,-8.630003929138184,60.93000793457031,-23.194839477539062,-6.484842300415039,62.39000701904297
1753295892.47561,27.31515884399414,-8.80765438079834,67.30001068115234,-27.825159072875977,-9.507505416870117,68.97483825683594,25.807506561279297,-8.630003929138184,60.93000793457031,-23.194839477539062,-6.484842300415039,62.39000701904297
1753295892.4856467,27.31515884399414,-8.80765438079834,67.30001068115234,-27.825159072875977,-9.507505416870117,68.97483825683594,25.807506561279297,-8.630003929138184,60.93000793457031,-23.194839477539062,-6.484842300415039,62.39000701904297
1753295892.4956322,27.31515884399414,-8.80765438079834,67.30001068115234,-27.825159072875977,-9.507505416870117,68.97483825683594,25.807506561279297,-8.630003929138184,60.93000793457031,-23.194839477539062,-6.484842300415039,62.39000701904297
1753295892.5056674,27.31515884399414,-8.80765438079834,67.30001068115234,-27.825159072875977,-9.507505416870117,68.97483825683594,25.807506561279297,-8.630003929138184,60.93000793457031,-23.194839477539062,-6.484842300415039,62.39000701904297
1753295892.5156524,27.31515884399414,-8.80765438079834,67.30001068115234,-27.825159072875977,-9.507505416870117,68.97483825683594,25.807506561279297,-8.630003929138184,60.93000793457031,-23.194839477539062,-6.484842300415039,62.39000701904297
1753295892.5256531,27.31515884399414,-8.80765438079834,67.30001068115234,-27.825159072875977,-9.507505416870117,68.97483825683594,25.807506561279297,-8.630003929138184,60.93000793457031,-23.194839477539062,-6.484842300415039,62.39000701904297
1753295892.5356822,27.31515884399414,-8.80765438079834,67.30001068115234,-27.825159072875977,-9.507505416870117,68.97483825683594,25.807506561279297,-8.630003929138184,60.93000793457031,-23.194839477539062,-6.484842300415039,62.39000701904297
1753295892.5456746,27.31515884399414,-8.80765438079834,67.30001068115234,-27.825159072875977,-9.507505416870117,68.97483825683594,25.807506561279297,-8.630003929138184,60.93000793457031,-23.194839477539062,-6.484842300415039,62.39000701904297
1753295892.5556338,27.31515884399414,-8.80765438079834,67.30001068115234,-27.825159072875977,-9.507505416870117,68.97483825683594,25.807506561279297,-8.630003929138184,60.93000793457031,-23.194839477539062,-6.484842300415039,62.39000701904297
1753295892.5656626,27.31515884399414,-8.80765438079834,67.30001068115234,-27.825159072875977,-9.507505416870117,68.97483825683594,25.807506561279297,-8.630003929138184,60.93000793457031,-23.194839477539062,-6.484842300415039,62.39000701904297
1753295892.5756483,27.31515884399414,-8.80765438079834,67.30001068115234,-27.825159072875977,-9.507505416870117,68.97483825683594,25.807506561279297,-8.630003929138184,60.93000793457031,-23.194839477539062,-6.484842300415039,62.39000701904297
1753295892.585615,27.31515884399414,-8.80765438079834,67.30001068115234,-27.825159072875977,-9.507505416870117,68.97483825683594,25.807506561279297,-8.630003929138184,60.93000793457031,-23.194839477539062,-6.484842300415039,62.39000701904297
1753295892.5956154,27.31515884399414,-8.80765438079834,67.30001068115234,-27.825159072875977,-9.507505416870117,68.97483825683594,25.807506561279297,-8.630003929138184,60.93000793457031,-23.194839477539062,-6.484842300415039,62.39000701904297
1753295892.6056228,27.31515884399414,-8.80765438079834,67.30001068115234,-27.825159072875977,-9.507505416870117,68.97483825683594,25.807506561279297,-8.630003929138184,60.93000793457031,-23.194839477539062,-6.484842300415039,62.39000701904297
1753295892.6156337,27.31515884399414,-8.80765438079834,67.30001068115234,-27.825159072875977,-9.507505416870117,68.97483825683594,25.807506561279297,-8.630003929138184,60.93000793457031,-23.194839477539062,-6.484842300415039,62.39000701904297
1753295892.6256242,27.31515884399414,-8.80765438079834,67.30001068115234,-27.825159072875977,-9.507505416870117,68.97483825683594,25.807506561279297,-8.630003929138184,60.93000793457031,-23.194839477539062,-6.484842300415039,62.39000701904297
1753295892.6356318,27.31515884399414,-8.80765438079834,67.30001068115234,-27.825159072875977,-9.507505416870117,68.97483825683594,25.807506561279297,-8.630003929138184,60.93000793457031,-23.194839477539062,-6.484842300415039,62.39000701904297
1753295892.6456804,27.31515884399414,-8.80765438079834,67.30001068115234,-27.825159072875977,-9.507505416870117,68.97483825683594,25.807506561279297,-8.630003929138184,60.93000793457031,-23.194839477539062,-6.484842300415039,62.39000701904297
1753295892.6556609,27.31515884399414,-8.80765438079834,67.30001068115234,-27.825159072875977,-9.507505416870117,68.97483825683594,25.807506561279297,-8.630003929138184,60.93000793457031,-23.194839477539062,-6.484842300415039,62.39000701904297
1753295892.6656427,27.31515884399414,-8.80765438079834,67.30001068115234,-27.825159072875977,-9.507505416870117,68.97483825683594,25.807506561279297,-8.630003929138184,60.93000793457031,-23.194839477539062,-6.484842300415039,62.39000701904297
1753295892.6756551,27.31515884399414,-8.80765438079834,67.30001068115234,-27.825159072875977,-9.507505416870117,68.97483825683594,25.807506561279297,-8.630003929138184,60.93000793457031,-23.194839477539062,-6.484842300415039,62.39000701904297
1753295892.685666,27.31515884399414,-8.80765438079834,67.30001068115234,-27.825159072875977,-9.507505416870117,68.97483825683594,25.807506561279297,-8.630003929138184,60.93000793457031,-23.194839477539062,-6.484842300415039,62.39000701904297
1753295892.6957676,27.31515884399414,-8.80765438079834,67.30001068115234,-27.825159072875977,-9.507505416870117,68.97483825683594,25.807506561279297,-8.630003929138184,60.93000793457031,-23.194839477539062,-6.484842300415039,62.39000701904297
1753295892.7056587,27.31515884399414,-8.80765438079834,67.30001068115234,-27.825159072875977,-9.507505416870117,68.97483825683594,25.807506561279297,-8.630003929138184,60.93000793457031,-23.194839477539062,-6.484842300415039,62.39000701904297
1753295892.7156534,27.31515884399414,-8.80765438079834,67.30001068115234,-27.825159072875977,-9.507505416870117,68.97483825683594,25.807506561279297,-8.630003929138184,60.93000793457031,-23.194839477539062,-6.484842300415039,62.39000701904297
1753295892.7256846,27.31515884399414,-8.80765438079834,67.30001068115234,-27.825159072875977,-9.507505416870117,68.97483825683594,25.807506561279297,-8.630003929138184,60.93000793457031,-23.194839477539062,-6.484842300415039,62.39000701904297
1753295892.7356281,27.31515884399414,-8.80765438079834,67.30001068115234,-27.825159072875977,-9.507505416870117,68.97483825683594,25.807506561279297,-8.630003929138184,60.93000793457031,-23.194839477539062,-6.484842300415039,62.39000701904297
1753295892.7456388,27.31515884399414,-8.80765438079834,67.30001068115234,-27.825159072875977,-9.507505416870117,68.97483825683594,25.807506561279297,-8.630003929138184,60.93000793457031,-23.194839477539062,-6.484842300415039,62.39000701904297
1753295892.7556303,27.31515884399414,-8.80765438079834,67.30001068115234,-27.825159072875977,-9.507505416870117,68.97483825683594,25.807506561279297,-8.630003929138184,60.93000793457031,-23.194839477539062,-6.484842300415039,62.39000701904297
1753295892.7656448,27.31515884399414,-8.80765438079834,67.30001068115234,-27.825159072875977,-9.507505416870117,68.97483825683594,25.807506561279297,-8.630003929138184,60.93000793457031,-23.194839477539062,-6.484842300415039,62.39000701904297
1753295892.775662,27.31515884399414,-8.80765438079834,67.30001068115234,-27.825159072875977,-9.507505416870117,68.97483825683594,25.807506561279297,-8.630003929138184,60.93000793457031,-23.194839477539062,-6.484842300415039,62.39000701904297
1753295892.7856762,27.31515884399414,-8.80765438079834,67.30001068115234,-27.825159072875977,-9.507505416870117,68.97483825683594,25.807506561279297,-8.630003929138184,60.93000793457031,-23.194839477539062,-6.484842300415039,62.39000701904297
1753295892.7956681,27.31515884399414,-8.80765438079834,67.30001068115234,-27.825159072875977,-9.507505416870117,68.97483825683594,25.807506561279297,-8.630003929138184,60.93000793457031,-23.194839477539062,-6.484842300415039,62.39000701904297
1753295892.8056397,27.31515884399414,-8.80765438079834,67.30001068115234,-27.825159072875977,-9.507505416870117,68.97483825683594,25.807506561279297,-8.630003929138184,60.93000793457031,-23.194839477539062,-6.484842300415039,62.39000701904297
1753295892.815621,27.31515884399414,-8.80765438079834,67.30001068115234,-27.825159072875977,-9.507505416870117,68.97483825683594,25.807506561279297,-8.630003929138184,60.93000793457031,-23.194839477539062,-6.484842300415039,62.39000701904297
1753295892.8256445,27.31515884399414,-8.80765438079834,67.30001068115234,-27.825159072875977,-9.507505416870117,68.97483825683594,25.807506561279297,-8.630003929138184,60.93000793457031,-23.194839477539062,-6.484842300415039,62.39000701904297
1753295892.8356855,27.31515884399414,-8.80765438079834,67.30001068115234,-27.825159072875977,-9.507505416870117,68.97483825683594,25.807506561279297,-8.630003929138184,60.93000793457031,-23.194839477539062,-6.484842300415039,62.39000701904297
1753295892.8456664,27.31515884399414,-8.80765438079834,67.30001068115234,-27.825159072875977,-9.507505416870117,68.97483825683594,25.807506561279297,-8.630003929138184,60.93000793457031,-23.194839477539062,-6.484842300415039,62.39000701904297
1753295892.855677,27.31515884399414,-8.80765438079834,67.30001068115234,-27.825159072875977,-9.507505416870117,68.97483825683594,25.807506561279297,-8.630003929138184,60.93000793457031,-23.194839477539062,-6.484842300415039,62.39000701904297
1753295892.8656402,27.31515884399414,-8.80765438079834,67.30001068115234,-27.825159072875977,-9.507505416870117,68.97483825683594,25.807506561279297,-8.630003929138184,60.93000793457031,-23.194839477539062,-6.484842300415039,62.39000701904297
1753295892.8756688,27.31515884399414,-8.80765438079834,67.30001068115234,-27.825159072875977,-9.507505416870117,68.97483825683594,25.807506561279297,-8.630003929138184,60.93000793457031,-23.194839477539062,-6.484842300415039,62.39000701904297
1753295892.8856263,27.31515884399414,-8.80765438079834,67.30001068115234,-27.825159072875977,-9.507505416870117,68.97483825683594,25.807506561279297,-8.630003929138184,60.93000793457031,-23.194839477539062,-6.484842300415039,62.39000701904297
1753295892.8956425,27.31515884399414,-8.80765438079834,67.30001068115234,-27.825159072875977,-9.507505416870117,68.97483825683594,25.807506561279297,-8.630003929138184,60.93000793457031,-23.194839477539062,-6.484842300415039,62.39000701904297
1753295892.9056678,27.31515884399414,-8.80765438079834,67.30001068115234,-27.825159072875977,-9.507505416870117,68.97483825683594,25.807506561279297,-8.630003929138184,60.93000793457031,-23.194839477539062,-6.484842300415039,62.39000701904297
1753295892.9156332,27.31515884399414,-8.80765438079834,67.30001068115234,-27.825159072875977,-9.507505416870117,68.97483825683594,25.807506561279297,-8.630003929138184,60.93000793457031,-23.194839477539062,-6.484842300415039,62.39000701904297
1753295892.9256444,27.31515884399414,-8.80765438079834,67.30001068115234,-27.825159072875977,-9.507505416870117,68.97483825683594,25.807506561279297,-8.630003929138184,60.93000793457031,-23.194839477539062,-6.484842300415039,62.39000701904297
1753295892.9356697,27.31515884399414,-8.80765438079834,67.30001068115234,-27.825159072875977,-9.507505416870117,68.97483825683594,25.807506561279297,-8.630003929138184,60.93000793457031,-23.194839477539062,-6.484842300415039,62.39000701904297
1753295892.945669,27.31515884399414,-8.80765438079834,67.30001068115234,-27.825159072875977,-9.507505416870117,68.97483825683594,25.807506561279297,-8.630003929138184,60.93000793457031,-23.194839477539062,-6.484842300415039,62.39000701904297
1753295892.9556866,27.31515884399414,-8.80765438079834,67.30001068115234,-27.825159072875977,-9.507505416870117,68.97483825683594,25.807506561279297,-8.630003929138184,60.93000793457031,-23.194839477539062,-6.484842300415039,62.39000701904297
1753295892.9656386,27.31515884399414,-8.80765438079834,67.30001068115234,-27.825159072875977,-9.507505416870117,68.97483825683594,25.807506561279297,-8.630003929138184,60.93000793457031,-23.194839477539062,-6.484842300415039,62.39000701904297
1753295892.9756515,27.31515884399414,-8.80765438079834,67.30001068115234,-27.825159072875977,-9.507505416870117,68.97483825683594,25.807506561279297,-8.630003929138184,60.93000793457031,-23.194839477539062,-6.484842300415039,62.39000701904297
1753295892.9856672,27.31515884399414,-8.80765438079834,67.30001068115234,-27.825159072875977,-9.507505416870117,68.97483825683594,25.807506561279297,-8.630003929138184,60.93000793457031,-23.194839477539062,-6.484842300415039,62.39000701904297
1753295892.9956756,27.31515884399414,-8.80765438079834,67.30001068115234,-27.825159072875977,-9.507505416870117,68.97483825683594,25.807506561279297,-8.630003929138184,60.93000793457031,-23.194839477539062,-6.484842300415039,62.39000701904297
1753295893.0056653,27.31515884399414,-8.80765438079834,67.30001068115234,-27.825159072875977,-9.507505416870117,68.97483825683594,25.807506561279297,-8.630003929138184,60.93000793457031,-23.194839477539062,-6.484842300415039,62.39000701904297
1753295893.0156803,27.31515884399414,-8.80765438079834,67.30001068115234,-27.825159072875977,-9.507505416870117,68.97483825683594,25.807506561279297,-8.630003929138184,60.93000793457031,-23.194839477539062,-6.484842300415039,62.39000701904297
1753295893.0256765,27.31515884399414,-8.80765438079834,67.30001068115234,-27.825159072875977,-9.507505416870117,68.97483825683594,25.807506561279297,-8.630003929138184,60.93000793457031,-23.194839477539062,-6.484842300415039,62.39000701904297
1753295893.0356429,27.31515884399414,-8.80765438079834,67.30001068115234,-27.825159072875977,-9.507505416870117,68.97483825683594,25.807506561279297,-8.630003929138184,60.93000793457031,-23.194839477539062,-6.484842300415039,62.39000701904297
1753295893.0456557,27.31515884399414,-8.80765438079834,67.30001068115234,-27.825159072875977,-9.507505416870117,68.97483825683594,25.807506561279297,-8.630003929138184,60.93000793457031,-23.194839477539062,-6.484842300415039,62.39000701904297
1753295893.0556827,27.31515884399414,-8.80765438079834,67.30001068115234,-27.825159072875977,-9.507505416870117,68.97483825683594,25.807506561279297,-8.630003929138184,60.93000793457031,-23.194839477539062,-6.484842300415039,62.39000701904297
1753295893.06567,27.31515884399414,-8.80765438079834,67.30001068115234,-27.825159072875977,-9.507505416870117,68.97483825683594,25.807506561279297,-8.630003929138184,60.93000793457031,-23.194839477539062,-6.484842300415039,62.39000701904297
1753295893.075634,27.31515884399414,-8.80765438079834,67.30001068115234,-27.825159072875977,-9.507505416870117,68.97483825683594,25.807506561279297,-8.630003929138184,60.93000793457031,-23.194839477539062,-6.484842300415039,62.39000701904297
1753295893.0856683,27.31515884399414,-8.80765438079834,67.30001068115234,-27.825159072875977,-9.507505416870117,68.97483825683594,25.807506561279297,-8.630003929138184,60.93000793457031,-23.194839477539062,-6.484842300415039,62.39000701904297
1753295893.095682,27.31515884399414,-8.80765438079834,67.30001068115234,-27.825159072875977,-9.507505416870117,68.97483825683594,25.807506561279297,-8.630003929138184,60.93000793457031,-23.194839477539062,-6.484842300415039,62.39000701904297
1753295893.105645,27.31515884399414,-8.80765438079834,67.30001068115234,-27.825159072875977,-9.507505416870117,68.97483825683594,25.807506561279297,-8.630003929138184,60.93000793457031,-23.194839477539062,-6.484842300415039,62.39000701904297
1753295893.115679,27.31515884399414,-8.80765438079834,67.30001068115234,-27.825159072875977,-9.507505416870117,68.97483825683594,25.807506561279297,-8.630003929138184,60.93000793457031,-23.194839477539062,-6.484842300415039,62.39000701904297
1753295893.125653,27.31515884399414,-8.80765438079834,67.30001068115234,-27.825159072875977,-9.507505416870117,68.97483825683594,25.807506561279297,-8.630003929138184,60.93000793457031,-23.194839477539062,-6.484842300415039,62.39000701904297
1753295893.1356587,27.31515884399414,-8.80765438079834,67.30001068115234,-27.825159072875977,-9.507505416870117,68.97483825683594,25.807506561279297,-8.630003929138184,60.93000793457031,-23.194839477539062,-6.484842300415039,62.39000701904297
1753295893.1456676,27.31515884399414,-8.80765438079834,67.30001068115234,-27.825159072875977,-9.507505416870117,68.97483825683594,25.807506561279297,-8.630003929138184,60.93000793457031,-23.194839477539062,-6.484842300415039,62.39000701904297
1753295893.1556597,27.31515884399414,-8.80765438079834,67.30001068115234,-27.825159072875977,-9.507505416870117,68.97483825683594,25.807506561279297,-8.630003929138184,60.93000793457031,-23.194839477539062,-6.484842300415039,62.39000701904297
1753295893.1656787,27.31515884399414,-8.80765438079834,67.30001068115234,-27.825159072875977,-9.507505416870117,68.97483825683594,25.807506561279297,-8.630003929138184,60.93000793457031,-23.194839477539062,-6.484842300415039,62.39000701904297
1753295893.175652,27.31515884399414,-8.80765438079834,67.30001068115234,-27.825159072875977,-9.507505416870117,68.97483825683594,25.807506561279297,-8.630003929138184,60.93000793457031,-23.194839477539062,-6.484842300415039,62.39000701904297
1753295893.185681,27.31515884399414,-8.80765438079834,67.30001068115234,-27.825159072875977,-9.507505416870117,68.97483825683594,25.807506561279297,-8.630003929138184,60.93000793457031,-23.194839477539062,-6.484842300415039,62.39000701904297
1753295893.1956685,27.31515884399414,-8.80765438079834,67.30001068115234,-27.825159072875977,-9.507505416870117,68.97483825683594,25.807506561279297,-8.630003929138184,60.93000793457031,-23.194839477539062,-6.484842300415039,62.39000701904297
1753295893.2056987,27.31515884399414,-8.80765438079834,67.30001068115234,-27.825159072875977,-9.507505416870117,68.97483825683594,25.807506561279297,-8.630003929138184,60.93000793457031,-23.194839477539062,-6.484842300415039,62.39000701904297
1753295893.2156868,27.31515884399414,-8.80765438079834,67.30001068115234,-27.825159072875977,-9.507505416870117,68.97483825683594,25.807506561279297,-8.630003929138184,60.93000793457031,-23.194839477539062,-6.484842300415039,62.39000701904297
1753295893.2256627,27.31515884399414,-8.80765438079834,67.30001068115234,-27.825159072875977,-9.507505416870117,68.97483825683594,25.807506561279297,-8.630003929138184,60.93000793457031,-23.194839477539062,-6.484842300415039,62.39000701904297
1753295893.235659,27.31515884399414,-8.80765438079834,67.30001068115234,-27.825159072875977,-9.507505416870117,68.97483825683594,25.807506561279297,-8.630003929138184,60.93000793457031,-23.194839477539062,-6.484842300415039,62.39000701904297
1753295893.2457035,27.31515884399414,-8.80765438079834,67.30001068115234,-27.825159072875977,-9.507505416870117,68.97483825683594,25.807506561279297,-8.630003929138184,60.93000793457031,-23.194839477539062,-6.484842300415039,62.39000701904297
1753295893.2556734,27.31515884399414,-8.80765438079834,67.30001068115234,-27.825159072875977,-9.507505416870117,68.97483825683594,25.807506561279297,-8.630003929138184,60.93000793457031,-23.194839477539062,-6.484842300415039,62.39000701904297
1753295893.2657125,27.31515884399414,-8.80765438079834,67.30001068115234,-27.825159072875977,-9.507505416870117,68.97483825683594,25.807506561279297,-8.630003929138184,60.93000793457031,-23.194839477539062,-6.484842300415039,62.39000701904297
1753295893.2756872,27.31515884399414,-8.80765438079834,67.30001068115234,-27.825159072875977,-9.507505416870117,68.97483825683594,25.807506561279297,-8.630003929138184,60.93000793457031,-23.194839477539062,-6.484842300415039,62.39000701904297
1753295893.2857015,27.31515884399414,-8.80765438079834,67.30001068115234,-27.825159072875977,-9.507505416870117,68.97483825683594,25.807506561279297,-8.630003929138184,60.93000793457031,-23.194839477539062,-6.484842300415039,62.39000701904297
1753295893.2957091,27.31515884399414,-8.80765438079834,67.30001068115234,-27.825159072875977,-9.507505416870117,68.97483825683594,25.807506561279297,-8.630003929138184,60.93000793457031,-23.194839477539062,-6.484842300415039,62.39000701904297
1753295893.3056438,27.31515884399414,-8.80765438079834,67.30001068115234,-27.825159072875977,-9.507505416870117,68.97483825683594,25.807506561279297,-8.630003929138184,60.93000793457031,-23.194839477539062,-6.484842300415039,62.39000701904297
1753295893.3156667,27.31515884399414,-8.80765438079834,67.30001068115234,-27.825159072875977,-9.507505416870117,68.97483825683594,25.807506561279297,-8.630003929138184,60.93000793457031,-23.194839477539062,-6.484842300415039,62.39000701904297
1753295893.3256898,27.31515884399414,-8.80765438079834,67.30001068115234,-27.825159072875977,-9.507505416870117,68.97483825683594,25.807506561279297,-8.630003929138184,60.93000793457031,-23.194839477539062,-6.484842300415039,62.39000701904297
1753295893.3356643,27.31515884399414,-8.80765438079834,67.30001068115234,-27.825159072875977,-9.507505416870117,68.97483825683594,25.807506561279297,-8.630003929138184,60.93000793457031,-23.194839477539062,-6.484842300415039,62.39000701904297
1753295893.3456957,27.31515884399414,-8.80765438079834,67.30001068115234,-27.825159072875977,-9.507505416870117,68.97483825683594,25.807506561279297,-8.630003929138184,60.93000793457031,-23.194839477539062,-6.484842300415039,62.39000701904297
1753295893.3556933,27.31515884399414,-8.80765438079834,67.30001068115234,-27.825159072875977,-9.507505416870117,68.97483825683594,25.807506561279297,-8.630003929138184,60.93000793457031,-23.194839477539062,-6.484842300415039,62.39000701904297
1753295893.365911,27.31515884399414,-8.80765438079834,67.30001068115234,-27.825159072875977,-9.507505416870117,68.97483825683594,25.807506561279297,-8.630003929138184,60.93000793457031,-23.194839477539062,-6.484842300415039,62.39000701904297
1753295893.3756995,27.31515884399414,-8.80765438079834,67.30001068115234,-27.825159072875977,-9.507505416870117,68.97483825683594,25.807506561279297,-8.630003929138184,60.93000793457031,-23.194839477539062,-6.484842300415039,62.39000701904297
1753295893.385676,27.31515884399414,-8.80765438079834,67.30001068115234,-27.825159072875977,-9.507505416870117,68.97483825683594,25.807506561279297,-8.630003929138184,60.93000793457031,-23.194839477539062,-6.484842300415039,62.39000701904297
1753295893.3956904,27.31515884399414,-8.80765438079834,67.30001068115234,-27.825159072875977,-9.507505416870117,68.97483825683594,25.807506561279297,-8.630003929138184,60.93000793457031,-23.194839477539062,-6.484842300415039,62.39000701904297
1753295893.4056883,27.31515884399414,-8.80765438079834,67.30001068115234,-27.825159072875977,-9.507505416870117,68.97483825683594,25.807506561279297,-8.630003929138184,60.93000793457031,-23.194839477539062,-6.484842300415039,62.39000701904297
1753295893.415678,27.31515884399414,-8.80765438079834,67.30001068115234,-27.825159072875977,-9.507505416870117,68.97483825683594,25.807506561279297,-8.630003929138184,60.93000793457031,-23.194839477539062,-6.484842300415039,62.39000701904297
1753295893.4256947,27.31515884399414,-8.80765438079834,67.30001068115234,-27.825159072875977,-9.507505416870117,68.97483825683594,25.807506561279297,-8.630003929138184,60.93000793457031,-23.194839477539062,-6.484842300415039,62.39000701904297
1753295893.4357877,27.31515884399414,-8.80765438079834,67.30001068115234,-27.825159072875977,-9.507505416870117,68.97483825683594,25.807506561279297,-8.630003929138184,60.93000793457031,-23.194839477539062,-6.484842300415039,62.39000701904297
1753295893.4456544,27.31515884399414,-8.80765438079834,67.30001068115234,-27.825159072875977,-9.507505416870117,68.97483825683594,25.807506561279297,-8.630003929138184,60.93000793457031,-23.194839477539062,-6.484842300415039,62.39000701904297
1753295893.455683,27.31515884399414,-8.80765438079834,67.30001068115234,-27.825159072875977,-9.507505416870117,68.97483825683594,25.807506561279297,-8.630003929138184,60.93000793457031,-23.194839477539062,-6.484842300415039,62.39000701904297
1753295893.465711,27.31515884399414,-8.80765438079834,67.30001068115234,-27.825159072875977,-9.507505416870117,68.97483825683594,25.807506561279297,-8.630003929138184,60.93000793457031,-23.194839477539062,-6.484842300415039,62.39000701904297
1753295893.4756546,27.31515884399414,-8.80765438079834,67.30001068115234,-27.825159072875977,-9.507505416870117,68.97483825683594,25.807506561279297,-8.630003929138184,60.93000793457031,-23.194839477539062,-6.484842300415039,62.39000701904297
1753295893.4856908,27.31515884399414,-8.80765438079834,67.30001068115234,-27.825159072875977,-9.507505416870117,68.97483825683594,25.807506561279297,-8.630003929138184,60.93000793457031,-23.194839477539062,-6.484842300415039,62.39000701904297
1753295893.4957027,27.31515884399414,-8.80765438079834,67.30001068115234,-27.825159072875977,-9.507505416870117,68.97483825683594,25.807506561279297,-8.630003929138184,60.93000793457031,-23.194839477539062,-6.484842300415039,62.39000701904297
1753295893.5056882,27.31515884399414,-8.80765438079834,67.30001068115234,-27.825159072875977,-9.507505416870117,68.97483825683594,25.807506561279297,-8.630003929138184,60.93000793457031,-23.194839477539062,-6.484842300415039,62.39000701904297
1753295893.5156794,27.31515884399414,-8.80765438079834,67.30001068115234,-27.825159072875977,-9.507505416870117,68.97483825683594,25.807506561279297,-8.630003929138184,60.93000793457031,-23.194839477539062,-6.484842300415039,62.39000701904297
1753295893.5256848,27.31515884399414,-8.80765438079834,67.30001068115234,-27.825159072875977,-9.507505416870117,68.97483825683594,25.807506561279297,-8.630003929138184,60.93000793457031,-23.194839477539062,-6.484842300415039,62.39000701904297
1753295893.5356834,27.31515884399414,-8.80765438079834,67.30001068115234,-27.825159072875977,-9.507505416870117,68.97483825683594,25.807506561279297,-8.630003929138184,60.93000793457031,-23.194839477539062,-6.484842300415039,62.39000701904297
1753295893.5456762,27.31515884399414,-8.80765438079834,67.30001068115234,-27.825159072875977,-9.507505416870117,68.97483825683594,25.807506561279297,-8.630003929138184,60.93000793457031,-23.194839477539062,-6.484842300415039,62.39000701904297
1753295893.555675,27.31515884399414,-8.80765438079834,67.30001068115234,-27.825159072875977,-9.507505416870117,68.97483825683594,25.807506561279297,-8.630003929138184,60.93000793457031,-23.194839477539062,-6.484842300415039,62.39000701904297
1753295893.5656993,27.31515884399414,-8.80765438079834,67.30001068115234,-27.825159072875977,-9.507505416870117,68.97483825683594,25.807506561279297,-8.630003929138184,60.93000793457031,-23.194839477539062,-6.484842300415039,62.39000701904297
1753295893.5756981,27.31515884399414,-8.80765438079834,67.30001068115234,-27.825159072875977,-9.507505416870117,68.97483825683594,25.807506561279297,-8.630003929138184,60.93000793457031,-23.194839477539062,-6.484842300415039,62.39000701904297
1753295893.5857143,27.31515884399414,-8.80765438079834,67.30001068115234,-27.825159072875977,-9.507505416870117,68.97483825683594,25.807506561279297,-8.630003929138184,60.93000793457031,-23.194839477539062,-6.484842300415039,62.39000701904297
1753295893.595669,27.31515884399414,-8.80765438079834,67.30001068115234,-27.825159072875977,-9.507505416870117,68.97483825683594,25.807506561279297,-8.630003929138184,60.93000793457031,-23.194839477539062,-6.484842300415039,62.39000701904297
1753295893.605691,27.31515884399414,-8.80765438079834,67.30001068115234,-27.825159072875977,-9.507505416870117,68.97483825683594,25.807506561279297,-8.630003929138184,60.93000793457031,-23.194839477539062,-6.484842300415039,62.39000701904297
1753295893.615695,27.31515884399414,-8.80765438079834,67.30001068115234,-27.825159072875977,-9.507505416870117,68.97483825683594,25.807506561279297,-8.630003929138184,60.93000793457031,-23.194839477539062,-6.484842300415039,62.39000701904297
1753295893.6256604,27.31515884399414,-8.80765438079834,67.30001068115234,-27.825159072875977,-9.507505416870117,68.97483825683594,25.807506561279297,-8.630003929138184,60.93000793457031,-23.194839477539062,-6.484842300415039,62.39000701904297
1753295893.635717,27.31515884399414,-8.80765438079834,67.30001068115234,-27.825159072875977,-9.507505416870117,68.97483825683594,25.807506561279297,-8.630003929138184,60.93000793457031,-23.194839477539062,-6.484842300415039,62.39000701904297
1753295893.645675,27.31515884399414,-8.80765438079834,67.30001068115234,-27.825159072875977,-9.507505416870117,68.97483825683594,25.807506561279297,-8.630003929138184,60.93000793457031,-23.194839477539062,-6.484842300415039,62.39000701904297
1753295893.655641,27.31515884399414,-8.80765438079834,67.30001068115234,-27.825159072875977,-9.507505416870117,68.97483825683594,25.807506561279297,-8.630003929138184,60.93000793457031,-23.194839477539062,-6.484842300415039,62.39000701904297
1753295893.665685,27.31515884399414,-8.80765438079834,67.30001068115234,-27.825159072875977,-9.507505416870117,68.97483825683594,25.807506561279297,-8.630003929138184,60.93000793457031,-23.194839477539062,-6.484842300415039,62.39000701904297
1753295893.6756518,27.31515884399414,-8.80765438079834,67.30001068115234,-27.825159072875977,-9.507505416870117,68.97483825683594,25.807506561279297,-8.630003929138184,60.93000793457031,-23.194839477539062,-6.484842300415039,62.39000701904297
1753295893.6856458,27.31515884399414,-8.80765438079834,67.30001068115234,-27.825159072875977,-9.507505416870117,68.97483825683594,25.807506561279297,-8.630003929138184,60.93000793457031,-23.194839477539062,-6.484842300415039,62.39000701904297
1753295893.6956398,27.31515884399414,-8.80765438079834,67.30001068115234,-27.825159072875977,-9.507505416870117,68.97483825683594,25.807506561279297,-8.630003929138184,60.93000793457031,-23.194839477539062,-6.484842300415039,62.39000701904297
1753295893.7056606,27.31515884399414,-8.80765438079834,67.30001068115234,-27.825159072875977,-9.507505416870117,68.97483825683594,25.807506561279297,-8.630003929138184,60.93000793457031,-23.194839477539062,-6.484842300415039,62.39000701904297
1753295893.715711,27.31515884399414,-8.80765438079834,67.30001068115234,-27.825159072875977,-9.507505416870117,68.97483825683594,25.807506561279297,-8.630003929138184,60.93000793457031,-23.194839477539062,-6.484842300415039,62.39000701904297
1753295893.725686,27.31515884399414,-8.80765438079834,67.30001068115234,-27.825159072875977,-9.507505416870117,68.97483825683594,25.807506561279297,-8.630003929138184,60.93000793457031,-23.194839477539062,-6.484842300415039,62.39000701904297
1753295893.7356977,27.31515884399414,-8.80765438079834,67.30001068115234,-27.825159072875977,-9.507505416870117,68.97483825683594,25.807506561279297,-8.630003929138184,60.93000793457031,-23.194839477539062,-6.484842300415039,62.39000701904297
1753295893.7456813,27.31515884399414,-8.80765438079834,67.30001068115234,-27.825159072875977,-9.507505416870117,68.97483825683594,25.807506561279297,-8.630003929138184,60.93000793457031,-23.194839477539062,-6.484842300415039,62.39000701904297
1753295893.755802,27.31515884399414,-8.80765438079834,67.30001068115234,-27.825159072875977,-9.507505416870117,68.97483825683594,25.807506561279297,-8.630003929138184,60.93000793457031,-23.194839477539062,-6.484842300415039,62.39000701904297
1753295893.7657006,27.31515884399414,-8.80765438079834,67.30001068115234,-27.825159072875977,-9.507505416870117,68.97483825683594,25.807506561279297,-8.630003929138184,60.93000793457031,-23.194839477539062,-6.484842300415039,62.39000701904297
1753295893.7756996,27.31515884399414,-8.80765438079834,67.30001068115234,-27.825159072875977,-9.507505416870117,68.97483825683594,25.807506561279297,-8.630003929138184,60.93000793457031,-23.194839477539062,-6.484842300415039,62.39000701904297
1753295893.7857156,27.31515884399414,-8.80765438079834,67.30001068115234,-27.825159072875977,-9.507505416870117,68.97483825683594,25.807506561279297,-8.630003929138184,60.93000793457031,-23.194839477539062,-6.484842300415039,62.39000701904297
1753295893.795701,27.31515884399414,-8.80765438079834,67.30001068115234,-27.825159072875977,-9.507505416870117,68.97483825683594,25.807506561279297,-8.630003929138184,60.93000793457031,-23.194839477539062,-6.484842300415039,62.39000701904297
1753295893.805664,27.31515884399414,-8.80765438079834,67.30001068115234,-27.825159072875977,-9.507505416870117,68.97483825683594,25.807506561279297,-8.630003929138184,60.93000793457031,-23.194839477539062,-6.484842300415039,62.39000701904297
1753295893.8157086,27.31515884399414,-8.80765438079834,67.30001068115234,-27.825159072875977,-9.507505416870117,68.97483825683594,25.807506561279297,-8.630003929138184,60.93000793457031,-23.194839477539062,-6.484842300415039,62.39000701904297
1753295893.8256922,27.31515884399414,-8.80765438079834,67.30001068115234,-27.825159072875977,-9.507505416870117,68.97483825683594,25.807506561279297,-8.630003929138184,60.93000793457031,-23.194839477539062,-6.484842300415039,62.39000701904297
1753295893.835666,27.31515884399414,-8.80765438079834,67.30001068115234,-27.825159072875977,-9.507505416870117,68.97483825683594,25.807506561279297,-8.630003929138184,60.93000793457031,-23.194839477539062,-6.484842300415039,62.39000701904297
1753295893.8456979,27.31515884399414,-8.80765438079834,67.30001068115234,-27.825159072875977,-9.507505416870117,68.97483825683594,25.807506561279297,-8.630003929138184,60.93000793457031,-23.194839477539062,-6.484842300415039,62.39000701904297
1753295893.8556569,27.31515884399414,-8.80765438079834,67.30001068115234,-27.825159072875977,-9.507505416870117,68.97483825683594,25.807506561279297,-8.630003929138184,60.93000793457031,-23.194839477539062,-6.484842300415039,62.39000701904297
1753295893.8657217,27.31515884399414,-8.80765438079834,67.30001068115234,-27.825159072875977,-9.507505416870117,68.97483825683594,25.807506561279297,-8.630003929138184,60.93000793457031,-23.194839477539062,-6.484842300415039,62.39000701904297
1753295893.875692,27.31515884399414,-8.80765438079834,67.30001068115234,-27.825159072875977,-9.507505416870117,68.97483825683594,25.807506561279297,-8.630003929138184,60.93000793457031,-23.194839477539062,-6.484842300415039,62.39000701904297
1753295893.885695,27.31515884399414,-8.80765438079834,67.30001068115234,-27.825159072875977,-9.507505416870117,68.97483825683594,25.807506561279297,-8.630003929138184,60.93000793457031,-23.194839477539062,-6.484842300415039,62.39000701904297
1753295893.8956957,27.31515884399414,-8.80765438079834,67.30001068115234,-27.825159072875977,-9.507505416870117,68.97483825683594,25.807506561279297,-8.630003929138184,60.93000793457031,-23.194839477539062,-6.484842300415039,62.39000701904297
1753295893.9056692,27.31515884399414,-8.80765438079834,67.30001068115234,-27.825159072875977,-9.507505416870117,68.97483825683594,25.807506561279297,-8.630003929138184,60.93000793457031,-23.194839477539062,-6.484842300415039,62.39000701904297
1753295893.9156623,27.31515884399414,-8.80765438079834,67.30001068115234,-27.825159072875977,-9.507505416870117,68.97483825683594,25.807506561279297,-8.630003929138184,60.93000793457031,-23.194839477539062,-6.484842300415039,62.39000701904297
1753295893.9256866,27.31515884399414,-8.80765438079834,67.30001068115234,-27.825159072875977,-9.507505416870117,68.97483825683594,25.807506561279297,-8.630003929138184,60.93000793457031,-23.194839477539062,-6.484842300415039,62.39000701904297
1753295893.935704,27.31515884399414,-8.80765438079834,67.30001068115234,-27.825159072875977,-9.507505416870117,68.97483825683594,25.807506561279297,-8.630003929138184,60.93000793457031,-23.194839477539062,-6.484842300415039,62.39000701904297
1753295893.9457126,27.31515884399414,-8.80765438079834,67.30001068115234,-27.825159072875977,-9.507505416870117,68.97483825683594,25.807506561279297,-8.630003929138184,60.93000793457031,-23.194839477539062,-6.484842300415039,62.39000701904297
1753295893.9557178,27.31515884399414,-8.80765438079834,67.30001068115234,-27.825159072875977,-9.507505416870117,68.97483825683594,25.807506561279297,-8.630003929138184,60.93000793457031,-23.194839477539062,-6.484842300415039,62.39000701904297
1753295893.9656973,27.31515884399414,-8.80765438079834,67.30001068115234,-27.825159072875977,-9.507505416870117,68.97483825683594,25.807506561279297,-8.630003929138184,60.93000793457031,-23.194839477539062,-6.484842300415039,62.39000701904297
1753295893.9756851,27.31515884399414,-8.80765438079834,67.30001068115234,-27.825159072875977,-9.507505416870117,68.97483825683594,25.807506561279297,-8.630003929138184,60.93000793457031,-23.194839477539062,-6.484842300415039,62.39000701904297
1753295893.9856744,27.31515884399414,-8.80765438079834,67.30001068115234,-27.825159072875977,-9.507505416870117,68.97483825683594,25.807506561279297,-8.630003929138184,60.93000793457031,-23.194839477539062,-6.484842300415039,62.39000701904297
1753295893.995665,27.31515884399414,-8.80765438079834,67.30001068115234,-27.825159072875977,-9.507505416870117,68.97483825683594,25.807506561279297,-8.630003929138184,60.93000793457031,-23.194839477539062,-6.484842300415039,62.39000701904297
1753295894.00571,27.31515884399414,-8.80765438079834,67.30001068115234,-27.825159072875977,-9.507505416870117,68.97483825683594,25.807506561279297,-8.630003929138184,60.93000793457031,-23.194839477539062,-6.484842300415039,62.39000701904297
1753295894.0157104,27.31515884399414,-8.80765438079834,67.30001068115234,-27.825159072875977,-9.507505416870117,68.97483825683594,25.807506561279297,-8.630003929138184,60.93000793457031,-23.194839477539062,-6.484842300415039,62.39000701904297
1753295894.0257149,27.31515884399414,-8.80765438079834,67.30001068115234,-27.825159072875977,-9.507505416870117,68.97483825683594,25.807506561279297,-8.630003929138184,60.93000793457031,-23.194839477539062,-6.484842300415039,62.39000701904297
1753295894.0356574,27.31515884399414,-8.80765438079834,67.30001068115234,-27.825159072875977,-9.507505416870117,68.97483825683594,25.807506561279297,-8.630003929138184,60.93000793457031,-23.194839477539062,-6.484842300415039,62.39000701904297
1753295894.0457048,27.31515884399414,-8.80765438079834,67.30001068115234,-27.825159072875977,-9.507505416870117,68.97483825683594,25.807506561279297,-8.630003929138184,60.93000793457031,-23.194839477539062,-6.484842300415039,62.39000701904297
1753295894.055706,27.31515884399414,-8.80765438079834,67.30001068115234,-27.825159072875977,-9.507505416870117,68.97483825683594,25.807506561279297,-8.630003929138184,60.93000793457031,-23.194839477539062,-6.484842300415039,62.39000701904297
1753295894.0657032,27.31515884399414,-8.80765438079834,67.30001068115234,-27.825159072875977,-9.507505416870117,68.97483825683594,25.807506561279297,-8.630003929138184,60.93000793457031,-23.194839477539062,-6.484842300415039,62.39000701904297
1753295894.0757031,27.31515884399414,-8.80765438079834,67.30001068115234,-27.825159072875977,-9.507505416870117,68.97483825683594,25.807506561279297,-8.630003929138184,60.93000793457031,-23.194839477539062,-6.484842300415039,62.39000701904297
1753295894.0857105,27.31515884399414,-8.80765438079834,67.30001068115234,-27.825159072875977,-9.507505416870117,68.97483825683594,25.807506561279297,-8.630003929138184,60.93000793457031,-23.194839477539062,-6.484842300415039,62.39000701904297
1753295894.0956953,27.31515884399414,-8.80765438079834,67.30001068115234,-27.825159072875977,-9.507505416870117,68.97483825683594,25.807506561279297,-8.630003929138184,60.93000793457031,-23.194839477539062,-6.484842300415039,62.39000701904297
1753295894.1057222,27.31515884399414,-8.80765438079834,67.30001068115234,-27.825159072875977,-9.507505416870117,68.97483825683594,25.807506561279297,-8.630003929138184,60.93000793457031,-23.194839477539062,-6.484842300415039,62.39000701904297
1753295894.115704,27.31515884399414,-8.80765438079834,67.30001068115234,-27.825159072875977,-9.507505416870117,68.97483825683594,25.807506561279297,-8.630003929138184,60.93000793457031,-23.194839477539062,-6.484842300415039,62.39000701904297
1753295894.125687,27.31515884399414,-8.80765438079834,67.30001068115234,-27.825159072875977,-9.507505416870117,68.97483825683594,25.807506561279297,-8.630003929138184,60.93000793457031,-23.194839477539062,-6.484842300415039,62.39000701904297
1753295894.1357064,27.31515884399414,-8.80765438079834,67.30001068115234,-27.825159072875977,-9.507505416870117,68.97483825683594,25.807506561279297,-8.630003929138184,60.93000793457031,-23.194839477539062,-6.484842300415039,62.39000701904297
1753295894.1456864,27.31515884399414,-8.80765438079834,67.30001068115234,-27.825159072875977,-9.507505416870117,68.97483825683594,25.807506561279297,-8.630003929138184,60.93000793457031,-23.194839477539062,-6.484842300415039,62.39000701904297
1753295894.155698,27.31515884399414,-8.80765438079834,67.30001068115234,-27.825159072875977,-9.507505416870117,68.97483825683594,25.807506561279297,-8.630003929138184,60.93000793457031,-23.194839477539062,-6.484842300415039,62.39000701904297
1753295894.1657078,27.31515884399414,-8.80765438079834,67.30001068115234,-27.825159072875977,-9.507505416870117,68.97483825683594,25.807506561279297,-8.630003929138184,60.93000793457031,-23.194839477539062,-6.484842300415039,62.39000701904297
1753295894.175707,27.31515884399414,-8.80765438079834,67.30001068115234,-27.825159072875977,-9.507505416870117,68.97483825683594,25.807506561279297,-8.630003929138184,60.93000793457031,-23.194839477539062,-6.484842300415039,62.39000701904297
1753295894.1858435,27.31515884399414,-8.80765438079834,67.30001068115234,-27.825159072875977,-9.507505416870117,68.97483825683594,25.807506561279297,-8.630003929138184,60.93000793457031,-23.194839477539062,-6.484842300415039,62.39000701904297
1753295894.1957207,27.31515884399414,-8.80765438079834,67.30001068115234,-27.825159072875977,-9.507505416870117,68.97483825683594,25.807506561279297,-8.630003929138184,60.93000793457031,-23.194839477539062,-6.484842300415039,62.39000701904297
1753295894.2058282,27.31515884399414,-8.80765438079834,67.30001068115234,-27.825159072875977,-9.507505416870117,68.97483825683594,25.807506561279297,-8.630003929138184,60.93000793457031,-23.194839477539062,-6.484842300415039,62.39000701904297
1753295894.215713,27.31515884399414,-8.80765438079834,67.30001068115234,-27.825159072875977,-9.507505416870117,68.97483825683594,25.807506561279297,-8.630003929138184,60.93000793457031,-23.194839477539062,-6.484842300415039,62.39000701904297
1753295894.225721,27.31515884399414,-8.80765438079834,67.30001068115234,-27.825159072875977,-9.507505416870117,68.97483825683594,25.807506561279297,-8.630003929138184,60.93000793457031,-23.194839477539062,-6.484842300415039,62.39000701904297
1753295894.2356865,27.31515884399414,-8.80765438079834,67.30001068115234,-27.825159072875977,-9.507505416870117,68.97483825683594,25.807506561279297,-8.630003929138184,60.93000793457031,-23.194839477539062,-6.484842300415039,62.39000701904297
1753295894.2456882,27.31515884399414,-8.80765438079834,67.30001068115234,-27.825159072875977,-9.507505416870117,68.97483825683594,25.807506561279297,-8.630003929138184,60.93000793457031,-23.194839477539062,-6.484842300415039,62.39000701904297
1753295894.2556906,27.31515884399414,-8.80765438079834,67.30001068115234,-27.825159072875977,-9.507505416870117,68.97483825683594,25.807506561279297,-8.630003929138184,60.93000793457031,-23.194839477539062,-6.484842300415039,62.39000701904297
1753295894.2658339,27.31515884399414,-8.80765438079834,67.30001068115234,-27.825159072875977,-9.507505416870117,68.97483825683594,25.807506561279297,-8.630003929138184,60.93000793457031,-23.194839477539062,-6.484842300415039,62.39000701904297
1753295894.275723,27.31515884399414,-8.80765438079834,67.30001068115234,-27.825159072875977,-9.507505416870117,68.97483825683594,25.807506561279297,-8.630003929138184,60.93000793457031,-23.194839477539062,-6.484842300415039,62.39000701904297
1753295894.285754,27.31515884399414,-8.80765438079834,67.30001068115234,-27.825159072875977,-9.507505416870117,68.97483825683594,25.807506561279297,-8.630003929138184,60.93000793457031,-23.194839477539062,-6.484842300415039,62.39000701904297
1753295894.2957053,27.31515884399414,-8.80765438079834,67.30001068115234,-27.825159072875977,-9.507505416870117,68.97483825683594,25.807506561279297,-8.630003929138184,60.93000793457031,-23.194839477539062,-6.484842300415039,62.39000701904297
1753295894.3057084,27.31515884399414,-8.80765438079834,67.30001068115234,-27.825159072875977,-9.507505416870117,68.97483825683594,25.807506561279297,-8.630003929138184,60.93000793457031,-23.194839477539062,-6.484842300415039,62.39000701904297
1753295894.3157074,27.31515884399414,-8.80765438079834,67.30001068115234,-27.825159072875977,-9.507505416870117,68.97483825683594,25.807506561279297,-8.630003929138184,60.93000793457031,-23.194839477539062,-6.484842300415039,62.39000701904297
1753295894.32572,27.31515884399414,-8.80765438079834,67.30001068115234,-27.825159072875977,-9.507505416870117,68.97483825683594,25.807506561279297,-8.630003929138184,60.93000793457031,-23.194839477539062,-6.484842300415039,62.39000701904297
1753295894.335725,27.31515884399414,-8.80765438079834,67.30001068115234,-27.825159072875977,-9.507505416870117,68.97483825683594,25.807506561279297,-8.630003929138184,60.93000793457031,-23.194839477539062,-6.484842300415039,62.39000701904297
1753295894.3457067,27.31515884399414,-8.80765438079834,67.30001068115234,-27.825159072875977,-9.507505416870117,68.97483825683594,25.807506561279297,-8.630003929138184,60.93000793457031,-23.194839477539062,-6.484842300415039,62.39000701904297
1753295894.3557045,27.31515884399414,-8.80765438079834,67.30001068115234,-27.825159072875977,-9.507505416870117,68.97483825683594,25.807506561279297,-8.630003929138184,60.93000793457031,-23.194839477539062,-6.484842300415039,62.39000701904297
1753295894.365697,27.31515884399414,-8.80765438079834,67.30001068115234,-27.825159072875977,-9.507505416870117,68.97483825683594,25.807506561279297,-8.630003929138184,60.93000793457031,-23.194839477539062,-6.484842300415039,62.39000701904297
1753295894.375664,27.31515884399414,-8.80765438079834,67.30001068115234,-27.825159072875977,-9.507505416870117,68.97483825683594,25.807506561279297,-8.630003929138184,60.93000793457031,-23.194839477539062,-6.484842300415039,62.39000701904297
1753295894.3856752,27.31515884399414,-8.80765438079834,67.30001068115234,-27.825159072875977,-9.507505416870117,68.97483825683594,25.807506561279297,-8.630003929138184,60.93000793457031,-23.194839477539062,-6.484842300415039,62.39000701904297
1753295894.3956647,27.31515884399414,-8.80765438079834,67.30001068115234,-27.825159072875977,-9.507505416870117,68.97483825683594,25.807506561279297,-8.630003929138184,60.93000793457031,-23.194839477539062,-6.484842300415039,62.39000701904297
1753295894.4057186,27.31515884399414,-8.80765438079834,67.30001068115234,-27.825159072875977,-9.507505416870117,68.97483825683594,25.807506561279297,-8.630003929138184,60.93000793457031,-23.194839477539062,-6.484842300415039,62.39000701904297
1753295894.4157262,27.31515884399414,-8.80765438079834,67.30001068115234,-27.825159072875977,-9.507505416870117,68.97483825683594,25.807506561279297,-8.630003929138184,60.93000793457031,-23.194839477539062,-6.484842300415039,62.39000701904297
1753295894.4257178,27.31515884399414,-8.80765438079834,67.30001068115234,-27.825159072875977,-9.507505416870117,68.97483825683594,25.807506561279297,-8.630003929138184,60.93000793457031,-23.194839477539062,-6.484842300415039,62.39000701904297
1753295894.43571,27.31515884399414,-8.80765438079834,67.30001068115234,-27.825159072875977,-9.507505416870117,68.97483825683594,25.807506561279297,-8.630003929138184,60.93000793457031,-23.194839477539062,-6.484842300415039,62.39000701904297
1753295894.4457147,27.31515884399414,-8.80765438079834,67.30001068115234,-27.825159072875977,-9.507505416870117,68.97483825683594,25.807506561279297,-8.630003929138184,60.93000793457031,-23.194839477539062,-6.484842300415039,62.39000701904297
1753295894.455721,27.31515884399414,-8.80765438079834,67.30001068115234,-27.825159072875977,-9.507505416870117,68.97483825683594,25.807506561279297,-8.630003929138184,60.93000793457031,-23.194839477539062,-6.484842300415039,62.39000701904297
1753295894.4657326,27.31515884399414,-8.80765438079834,67.30001068115234,-27.825159072875977,-9.507505416870117,68.97483825683594,25.807506561279297,-8.630003929138184,60.93000793457031,-23.194839477539062,-6.484842300415039,62.39000701904297
1753295894.4757414,27.31515884399414,-8.80765438079834,67.30001068115234,-27.825159072875977,-9.507505416870117,68.97483825683594,25.807506561279297,-8.630003929138184,60.93000793457031,-23.194839477539062,-6.484842300415039,62.39000701904297
1753295894.4856992,27.31515884399414,-8.80765438079834,67.30001068115234,-27.825159072875977,-9.507505416870117,68.97483825683594,25.807506561279297,-8.630003929138184,60.93000793457031,-23.194839477539062,-6.484842300415039,62.39000701904297
1753295894.4957235,27.31515884399414,-8.80765438079834,67.30001068115234,-27.825159072875977,-9.507505416870117,68.97483825683594,25.807506561279297,-8.630003929138184,60.93000793457031,-23.194839477539062,-6.484842300415039,62.39000701904297
1753295894.505743,27.31515884399414,-8.80765438079834,67.30001068115234,-27.825159072875977,-9.507505416870117,68.97483825683594,25.807506561279297,-8.630003929138184,60.93000793457031,-23.194839477539062,-6.484842300415039,62.39000701904297
1753295894.5157747,27.31515884399414,-8.80765438079834,67.30001068115234,-27.825159072875977,-9.507505416870117,68.97483825683594,25.807506561279297,-8.630003929138184,60.93000793457031,-23.194839477539062,-6.484842300415039,62.39000701904297
1753295894.525693,27.31515884399414,-8.80765438079834,67.30001068115234,-27.825159072875977,-9.507505416870117,68.97483825683594,25.807506561279297,-8.630003929138184,60.93000793457031,-23.194839477539062,-6.484842300415039,62.39000701904297
1753295894.5357072,27.31515884399414,-8.80765438079834,67.30001068115234,-27.825159072875977,-9.507505416870117,68.97483825683594,25.807506561279297,-8.630003929138184,60.93000793457031,-23.194839477539062,-6.484842300415039,62.39000701904297
1753295894.5456772,27.31515884399414,-8.80765438079834,67.30001068115234,-27.825159072875977,-9.507505416870117,68.97483825683594,25.807506561279297,-8.630003929138184,60.93000793457031,-23.194839477539062,-6.484842300415039,62.39000701904297
1753295894.5556755,27.31515884399414,-8.80765438079834,67.30001068115234,-27.825159072875977,-9.507505416870117,68.97483825683594,25.807506561279297,-8.630003929138184,60.93000793457031,-23.194839477539062,-6.484842300415039,62.39000701904297
1753295894.565684,27.31515884399414,-8.80765438079834,67.30001068115234,-27.825159072875977,-9.507505416870117,68.97483825683594,25.807506561279297,-8.630003929138184,60.93000793457031,-23.194839477539062,-6.484842300415039,62.39000701904297
1753295894.575713,27.31515884399414,-8.80765438079834,67.30001068115234,-27.825159072875977,-9.518442153930664,68.97483825683594,25.807506561279297,-8.630003929138184,60.93000793457031,-23.194839477539062,-6.484842300415039,62.39000701904297
1753295894.5857527,27.31515884399414,-8.80765438079834,67.30001068115234,-27.825159072875977,-9.517505645751953,68.97483825683594,25.807506561279297,-8.630003929138184,60.93000793457031,-23.194839477539062,-6.484842300415039,62.39000701904297
1753295894.5957181,27.31515884399414,-8.80765438079834,67.30001068115234,-27.825159072875977,-9.517505645751953,68.97483825683594,25.807506561279297,-8.630003929138184,60.93000793457031,-23.194839477539062,-6.484842300415039,62.39000701904297
1753295894.6057127,27.31515884399414,-8.80765438079834,67.30001068115234,-27.825159072875977,-9.517505645751953,68.97483825683594,25.807506561279297,-8.630003929138184,60.93000793457031,-23.194839477539062,-6.484842300415039,62.39000701904297
1753295894.6157234,27.31515884399414,-8.80765438079834,67.30001068115234,-27.825159072875977,-9.517505645751953,68.97483825683594,25.807506561279297,-8.630003929138184,60.93000793457031,-23.194839477539062,-6.484842300415039,62.39000701904297
1753295894.6257136,27.31515884399414,-8.80765438079834,67.30001068115234,-27.825159072875977,-9.517505645751953,68.97483825683594,25.807506561279297,-8.630003929138184,60.93000793457031,-23.194839477539062,-6.484842300415039,62.39000701904297
1753295894.6357183,27.31515884399414,-8.80765438079834,67.30001068115234,-27.825159072875977,-9.517505645751953,68.97483825683594,25.807506561279297,-8.630003929138184,60.93000793457031,-23.194839477539062,-6.484842300415039,62.39000701904297
1753295894.6457124,27.31515884399414,-8.80765438079834,67.30001068115234,-27.825159072875977,-9.517505645751953,68.97483825683594,25.807506561279297,-8.630003929138184,60.93000793457031,-23.194839477539062,-6.484842300415039,62.39000701904297
1753295894.6557376,27.31515884399414,-8.80765438079834,67.30001068115234,-27.825159072875977,-9.517505645751953,68.97483825683594,25.807506561279297,-8.630003929138184,60.93000793457031,-23.194839477539062,-6.484842300415039,62.39000701904297
1753295894.6656978,27.31515884399414,-8.80765438079834,67.30001068115234,-27.825159072875977,-9.517505645751953,68.97483825683594,25.807506561279297,-8.630003929138184,60.93000793457031,-23.194839477539062,-6.484842300415039,62.39000701904297
1753295894.675662,27.31515884399414,-8.80765438079834,67.30001068115234,-27.825159072875977,-9.517505645751953,68.97483825683594,25.807506561279297,-8.630003929138184,60.93000793457031,-23.194839477539062,-6.484842300415039,62.39000701904297
1753295894.6857245,27.31515884399414,-8.80765438079834,67.30001068115234,-27.825159072875977,-9.517505645751953,68.97483825683594,25.807506561279297,-8.630003929138184,60.93000793457031,-23.194839477539062,-6.484842300415039,62.39000701904297
1753295894.6956587,27.31515884399414,-8.80765438079834,67.30001068115234,-27.825159072875977,-9.517505645751953,68.97483825683594,25.807506561279297,-8.630003929138184,60.93000793457031,-23.194839477539062,-6.484842300415039,62.39000701904297
1753295894.7056792,27.31515884399414,-8.80765438079834,67.30001068115234,-27.825159072875977,-9.517505645751953,68.97483825683594,25.807506561279297,-8.630003929138184,60.93000793457031,-23.194839477539062,-6.484842300415039,62.39000701904297
1753295894.7156682,27.31515884399414,-8.80765438079834,67.30001068115234,-27.825159072875977,-9.517505645751953,68.97483825683594,25.807506561279297,-8.630003929138184,60.93000793457031,-23.194839477539062,-6.484842300415039,62.39000701904297
1753295894.7256656,27.31515884399414,-8.80765438079834,67.30001068115234,-27.825159072875977,-9.517505645751953,68.97483825683594,25.807506561279297,-8.630003929138184,60.93000793457031,-23.194839477539062,-6.484842300415039,62.39000701904297
1753295894.7356753,27.31515884399414,-8.80765438079834,67.30001068115234,-27.825159072875977,-9.517505645751953,68.97483825683594,25.807506561279297,-8.630003929138184,60.93000793457031,-23.194839477539062,-6.484842300415039,62.39000701904297
1753295894.7456684,27.31515884399414,-8.80765438079834,67.30001068115234,-27.825159072875977,-9.517505645751953,68.97483825683594,25.807506561279297,-8.630003929138184,60.93000793457031,-23.194839477539062,-6.484842300415039,62.39000701904297
1753295894.755684,27.31515884399414,-8.80765438079834,67.30001068115234,-27.825159072875977,-9.517505645751953,68.97483825683594,25.807506561279297,-8.630003929138184,60.93000793457031,-23.194839477539062,-6.484842300415039,62.39000701904297
1753295894.7656796,27.31515884399414,-8.80765438079834,67.30001068115234,-27.825159072875977,-9.517505645751953,68.97483825683594,25.807506561279297,-8.630003929138184,60.93000793457031,-23.194839477539062,-6.484842300415039,62.39000701904297
1753295894.7756767,27.31515884399414,-8.80765438079834,67.30001068115234,-27.825159072875977,-9.517505645751953,68.97483825683594,25.807506561279297,-8.630003929138184,60.93000793457031,-23.194839477539062,-6.484842300415039,62.39000701904297
1753295894.78569,27.31515884399414,-8.80765438079834,67.30001068115234,-27.825159072875977,-9.517505645751953,68.97483825683594,25.807506561279297,-8.630003929138184,60.93000793457031,-23.194839477539062,-6.484842300415039,62.39000701904297
1753295894.7956867,27.31515884399414,-8.80765438079834,67.30001068115234,-27.825159072875977,-9.517505645751953,68.97483825683594,25.807506561279297,-8.630003929138184,60.93000793457031,-23.194839477539062,-6.484842300415039,62.39000701904297
1753295894.8056948,27.31515884399414,-8.80765438079834,67.30001068115234,-27.825159072875977,-9.517505645751953,68.97483825683594,25.807506561279297,-8.630003929138184,60.93000793457031,-23.194839477539062,-6.484842300415039,62.39000701904297
1753295894.8156793,27.31515884399414,-8.80765438079834,67.30001068115234,-27.825159072875977,-9.517505645751953,68.97483825683594,25.807506561279297,-8.630003929138184,60.93000793457031,-23.194839477539062,-6.484842300415039,62.39000701904297
1753295894.8257074,27.31515884399414,-8.80765438079834,67.30001068115234,-27.825159072875977,-9.517505645751953,68.97483825683594,25.807506561279297,-8.630003929138184,60.93000793457031,-23.194839477539062,-6.484842300415039,62.39000701904297
1753295894.8357046,27.31515884399414,-8.80765438079834,67.30001068115234,-27.825159072875977,-9.517505645751953,68.97483825683594,25.807506561279297,-8.630003929138184,60.93000793457031,-23.194839477539062,-6.484842300415039,62.39000701904297
1753295894.845709,27.31515884399414,-8.80765438079834,67.30001068115234,-27.825159072875977,-9.517505645751953,68.97483825683594,25.807506561279297,-8.630003929138184,60.93000793457031,-23.194839477539062,-6.484842300415039,62.39000701904297
1753295894.8556583,27.31515884399414,-8.80765438079834,67.30001068115234,-27.825159072875977,-9.517505645751953,68.97483825683594,25.807506561279297,-8.630003929138184,60.93000793457031,-23.194839477539062,-6.484842300415039,62.39000701904297
1753295894.8656776,27.31515884399414,-8.80765438079834,67.30001068115234,-27.825159072875977,-9.517505645751953,68.97483825683594,25.807506561279297,-8.630003929138184,60.93000793457031,-23.194839477539062,-6.484842300415039,62.39000701904297
1753295894.8757086,27.31515884399414,-8.80765438079834,67.30001068115234,-27.825159072875977,-9.517505645751953,68.97483825683594,25.807506561279297,-8.630003929138184,60.93000793457031,-23.194839477539062,-6.484842300415039,62.39000701904297
1753295894.8857126,27.31515884399414,-8.80765438079834,67.30001068115234,-27.825159072875977,-9.517505645751953,68.97483825683594,25.807506561279297,-8.630003929138184,60.93000793457031,-23.194839477539062,-6.484842300415039,62.39000701904297
1753295894.895721,27.31515884399414,-8.80765438079834,67.30001068115234,-27.825159072875977,-9.517505645751953,68.97483825683594,25.807506561279297,-8.630003929138184,60.93000793457031,-23.194839477539062,-6.484842300415039,62.39000701904297
1753295894.9057224,27.31515884399414,-8.80765438079834,67.30001068115234,-27.825159072875977,-9.517505645751953,68.97483825683594,25.807506561279297,-8.630003929138184,60.93000793457031,-23.194839477539062,-6.484842300415039,62.39000701904297
1753295894.9157212,27.31515884399414,-8.80765438079834,67.30001068115234,-27.825159072875977,-9.517505645751953,68.97483825683594,25.807506561279297,-8.630003929138184,60.93000793457031,-23.194839477539062,-6.484842300415039,62.39000701904297
1753295894.9257152,27.31515884399414,-8.80765438079834,67.30001068115234,-27.825159072875977,-9.517505645751953,68.97483825683594,25.807506561279297,-8.630003929138184,60.93000793457031,-23.194839477539062,-6.484842300415039,62.39000701904297
1753295894.935694,27.31515884399414,-8.80765438079834,67.30001068115234,-27.825159072875977,-9.517505645751953,68.97483825683594,25.807506561279297,-8.630003929138184,60.93000793457031,-23.194839477539062,-6.484842300415039,62.39000701904297
1753295894.945708,27.31515884399414,-8.80765438079834,67.30001068115234,-27.825159072875977,-9.517505645751953,68.97483825683594,25.807506561279297,-8.630003929138184,60.93000793457031,-23.194839477539062,-6.484842300415039,62.39000701904297
1753295894.9556634,27.31515884399414,-8.80765438079834,67.30001068115234,-27.825159072875977,-9.517505645751953,68.97483825683594,25.807506561279297,-8.630003929138184,60.93000793457031,-23.194839477539062,-6.484842300415039,62.39000701904297
1753295894.9656644,27.31515884399414,-8.80765438079834,67.30001068115234,-27.825159072875977,-9.517505645751953,68.97483825683594,25.807506561279297,-8.630003929138184,60.93000793457031,-23.194839477539062,-6.484842300415039,62.39000701904297
1753295894.9756677,27.31515884399414,-8.80765438079834,67.30001068115234,-27.825159072875977,-9.517505645751953,68.97483825683594,25.807506561279297,-8.630003929138184,60.93000793457031,-23.194839477539062,-6.484842300415039,62.39000701904297
1753295894.985683,27.31515884399414,-8.80765438079834,67.30001068115234,-27.825159072875977,-9.517505645751953,68.97483825683594,25.807506561279297,-8.630003929138184,60.93000793457031,-23.194839477539062,-6.484842300415039,62.39000701904297
1753295894.995725,27.31515884399414,-8.80765438079834,67.30001068115234,-27.825159072875977,-9.517505645751953,68.97483825683594,25.807506561279297,-8.630003929138184,60.93000793457031,-23.194839477539062,-6.484842300415039,62.39000701904297
1753295895.0057297,27.31515884399414,-8.80765438079834,67.30001068115234,-27.825159072875977,-9.517505645751953,68.97483825683594,25.807506561279297,-8.630003929138184,60.93000793457031,-23.194839477539062,-6.484842300415039,62.39000701904297
1753295895.0156915,27.31515884399414,-8.80765438079834,67.30001068115234,-27.825159072875977,-9.517505645751953,68.97483825683594,25.807506561279297,-8.630003929138184,60.93000793457031,-23.194839477539062,-6.484842300415039,62.39000701904297
1753295895.0257266,27.31515884399414,-8.80765438079834,67.30001068115234,-27.825159072875977,-9.517505645751953,68.97483825683594,25.807506561279297,-8.630003929138184,60.93000793457031,-23.194839477539062,-6.484842300415039,62.39000701904297
1753295895.0356693,27.31515884399414,-8.80765438079834,67.30001068115234,-27.825159072875977,-9.517505645751953,68.97483825683594,25.807506561279297,-8.630003929138184,60.93000793457031,-23.194839477539062,-6.484842300415039,62.39000701904297
1753295895.0456767,27.31515884399414,-8.80765438079834,67.30001068115234,-27.825159072875977,-9.517505645751953,68.97483825683594,25.807506561279297,-8.630003929138184,60.93000793457031,-23.194839477539062,-6.484842300415039,62.39000701904297
1753295895.0556712,27.31515884399414,-8.80765438079834,67.30001068115234,-27.825159072875977,-9.517505645751953,68.97483825683594,25.807506561279297,-8.630003929138184,60.93000793457031,-23.194839477539062,-6.484842300415039,62.39000701904297
1753295895.0656705,27.31515884399414,-8.80765438079834,67.30001068115234,-27.825159072875977,-9.517505645751953,68.97483825683594,25.807506561279297,-8.630003929138184,60.93000793457031,-23.194839477539062,-6.484842300415039,62.39000701904297
1753295895.0757194,27.31515884399414,-8.80765438079834,67.30001068115234,-27.825159072875977,-9.517505645751953,68.97483825683594,25.807506561279297,-8.630003929138184,60.93000793457031,-23.194839477539062,-6.484842300415039,62.39000701904297
1753295895.0856664,27.31515884399414,-8.80765438079834,67.30001068115234,-27.825159072875977,-9.517505645751953,68.97483825683594,25.807506561279297,-8.630003929138184,60.93000793457031,-23.194839477539062,-6.484842300415039,62.39000701904297
1753295895.095782,27.31515884399414,-8.80765438079834,67.30001068115234,-27.825159072875977,-9.517505645751953,68.97483825683594,25.807506561279297,-8.630003929138184,60.93000793457031,-23.194839477539062,-6.484842300415039,62.39000701904297
1753295895.105684,27.31515884399414,-8.80765438079834,67.30001068115234,-27.825159072875977,-9.517505645751953,68.97483825683594,25.807506561279297,-8.630003929138184,60.93000793457031,-23.194839477539062,-6.484842300415039,62.39000701904297
1753295895.1156623,27.31515884399414,-8.80765438079834,67.30001068115234,-27.825159072875977,-9.517505645751953,68.97483825683594,25.807506561279297,-8.630003929138184,60.93000793457031,-23.194839477539062,-6.484842300415039,62.39000701904297
1753295895.1257179,27.31515884399414,-8.80765438079834,67.30001068115234,-27.825159072875977,-9.517505645751953,68.97483825683594,25.807506561279297,-8.630003929138184,60.93000793457031,-23.194839477539062,-6.484842300415039,62.39000701904297
1753295895.1356747,27.31515884399414,-8.80765438079834,67.30001068115234,-27.825159072875977,-9.517505645751953,68.97483825683594,25.807506561279297,-8.630003929138184,60.93000793457031,-23.194839477539062,-6.484842300415039,62.39000701904297
1753295895.1457114,27.31515884399414,-8.80765438079834,67.30001068115234,-27.825159072875977,-9.517505645751953,68.97483825683594,25.807506561279297,-8.630003929138184,60.93000793457031,-23.194839477539062,-6.484842300415039,62.39000701904297
1753295895.155732,27.31515884399414,-8.80765438079834,67.30001068115234,-27.825159072875977,-9.517505645751953,68.97483825683594,25.807506561279297,-8.630003929138184,60.93000793457031,-23.194839477539062,-6.484842300415039,62.39000701904297
1753295895.1656868,27.31515884399414,-8.80765438079834,67.30001068115234,-27.825159072875977,-9.517505645751953,68.97483825683594,25.807506561279297,-8.630003929138184,60.93000793457031,-23.194839477539062,-6.484842300415039,62.39000701904297
1753295895.1757295,27.31515884399414,-8.80765438079834,67.30001068115234,-27.825159072875977,-9.517505645751953,68.97483825683594,25.807506561279297,-8.630003929138184,60.93000793457031,-23.194839477539062,-6.484842300415039,62.39000701904297
1753295895.1856816,27.31515884399414,-8.80765438079834,67.30001068115234,-27.825159072875977,-9.517505645751953,68.97483825683594,25.807506561279297,-8.630003929138184,60.93000793457031,-23.194839477539062,-6.484842300415039,62.39000701904297
1753295895.1956677,27.31515884399414,-8.80765438079834,67.30001068115234,-27.825159072875977,-9.517505645751953,68.97483825683594,25.807506561279297,-8.630003929138184,60.93000793457031,-23.194839477539062,-6.484842300415039,62.39000701904297
1753295895.2056742,27.31515884399414,-8.80765438079834,67.30001068115234,-27.825159072875977,-9.517505645751953,68.97483825683594,25.807506561279297,-8.630003929138184,60.93000793457031,-23.194839477539062,-6.484842300415039,62.39000701904297
1753295895.215683,27.31515884399414,-8.80765438079834,67.30001068115234,-27.825159072875977,-9.517505645751953,68.97483825683594,25.807506561279297,-8.630003929138184,60.93000793457031,-23.194839477539062,-6.484842300415039,62.39000701904297
1753295895.2256806,27.31515884399414,-8.80765438079834,67.30001068115234,-27.825159072875977,-9.517505645751953,68.97483825683594,25.807506561279297,-8.630003929138184,60.93000793457031,-23.194839477539062,-6.484842300415039,62.39000701904297
1753295895.2356732,27.31515884399414,-8.80765438079834,67.30001068115234,-27.825159072875977,-9.517505645751953,68.97483825683594,25.807506561279297,-8.630003929138184,60.93000793457031,-23.194839477539062,-6.484842300415039,62.39000701904297
1753295895.2457225,27.31515884399414,-8.80765438079834,67.30001068115234,-27.825159072875977,-9.517505645751953,68.97483825683594,25.807506561279297,-8.630003929138184,60.93000793457031,-23.194839477539062,-6.484842300415039,62.39000701904297
1753295895.2556798,27.31515884399414,-8.80765438079834,67.30001068115234,-27.825159072875977,-9.517505645751953,68.97483825683594,25.807506561279297,-8.630003929138184,60.93000793457031,-23.194839477539062,-6.484842300415039,62.39000701904297
1753295895.2656746,27.31515884399414,-8.80765438079834,67.30001068115234,-27.825159072875977,-9.517505645751953,68.97483825683594,25.807506561279297,-8.630003929138184,60.93000793457031,-23.194839477539062,-6.484842300415039,62.39000701904297
1753295895.2756758,27.31515884399414,-8.80765438079834,67.30001068115234,-27.825159072875977,-9.517505645751953,68.97483825683594,25.807506561279297,-8.630003929138184,60.93000793457031,-23.194839477539062,-6.484842300415039,62.39000701904297
1753295895.285685,27.31515884399414,-8.80765438079834,67.30001068115234,-27.825159072875977,-9.517505645751953,68.97483825683594,25.807506561279297,-8.630003929138184,60.93000793457031,-23.194839477539062,-6.484842300415039,62.39000701904297
1753295895.295673,27.31515884399414,-8.80765438079834,67.30001068115234,-27.825159072875977,-9.517505645751953,68.97483825683594,25.807506561279297,-8.630003929138184,60.93000793457031,-23.194839477539062,-6.484842300415039,62.39000701904297
1753295895.3056712,27.31515884399414,-8.80765438079834,67.30001068115234,-27.825159072875977,-9.517505645751953,68.97483825683594,25.807506561279297,-8.630003929138184,60.93000793457031,-23.194839477539062,-6.484842300415039,62.39000701904297
1753295895.3156679,27.31515884399414,-8.80765438079834,67.30001068115234,-27.825159072875977,-9.517505645751953,68.97483825683594,25.807506561279297,-8.630003929138184,60.93000793457031,-23.194839477539062,-6.484842300415039,62.39000701904297
1753295895.325668,27.31515884399414,-8.80765438079834,67.30001068115234,-27.825159072875977,-9.517505645751953,68.97483825683594,25.807506561279297,-8.630003929138184,60.93000793457031,-23.194839477539062,-6.484842300415039,62.39000701904297
1753295895.3356733,27.31515884399414,-8.80765438079834,67.30001068115234,-27.825159072875977,-9.517505645751953,68.97483825683594,25.807506561279297,-8.630003929138184,60.93000793457031,-23.194839477539062,-6.484842300415039,62.39000701904297
1753295895.3456814,27.31515884399414,-8.80765438079834,67.30001068115234,-27.825159072875977,-9.517505645751953,68.97483825683594,25.807506561279297,-8.630003929138184,60.93000793457031,-23.194839477539062,-6.484842300415039,62.39000701904297
1753295895.35567,27.31515884399414,-8.80765438079834,67.30001068115234,-27.825159072875977,-9.517505645751953,68.97483825683594,25.807506561279297,-8.630003929138184,60.93000793457031,-23.194839477539062,-6.484842300415039,62.39000701904297
1753295895.3657107,27.31515884399414,-8.80765438079834,67.30001068115234,-27.825159072875977,-9.517505645751953,68.97483825683594,25.807506561279297,-8.630003929138184,60.93000793457031,-23.194839477539062,-6.484842300415039,62.39000701904297
1753295895.3756804,27.31515884399414,-8.80765438079834,67.30001068115234,-27.825159072875977,-9.517505645751953,68.97483825683594,25.807506561279297,-8.630003929138184,60.93000793457031,-23.194839477539062,-6.484842300415039,62.39000701904297
1753295895.3857615,27.31515884399414,-8.80765438079834,67.30001068115234,-27.825159072875977,-9.517505645751953,68.97483825683594,25.807506561279297,-8.630003929138184,60.93000793457031,-23.194839477539062,-6.484842300415039,62.39000701904297
1753295895.395687,27.31515884399414,-8.80765438079834,67.30001068115234,-27.825159072875977,-9.517505645751953,68.97483825683594,25.807506561279297,-8.630003929138184,60.93000793457031,-23.194839477539062,-6.484842300415039,62.39000701904297
1753295895.4057143,27.31515884399414,-8.80765438079834,67.30001068115234,-27.825159072875977,-9.517505645751953,68.97483825683594,25.807506561279297,-8.630003929138184,60.93000793457031,-23.194839477539062,-6.484842300415039,62.39000701904297
1753295895.415733,27.31515884399414,-8.80765438079834,67.30001068115234,-27.825159072875977,-9.517505645751953,68.97483825683594,25.807506561279297,-8.630003929138184,60.93000793457031,-23.194839477539062,-6.484842300415039,62.39000701904297
1753295895.4257026,27.31515884399414,-8.80765438079834,67.30001068115234,-27.825159072875977,-9.517505645751953,68.97483825683594,25.807506561279297,-8.630003929138184,60.93000793457031,-23.194839477539062,-6.484842300415039,62.39000701904297
1753295895.4357352,27.31515884399414,-8.80765438079834,67.30001068115234,-27.825159072875977,-9.517505645751953,68.97483825683594,25.807506561279297,-8.630003929138184,60.93000793457031,-23.194839477539062,-6.484842300415039,62.39000701904297
1753295895.4456742,27.31515884399414,-8.80765438079834,67.30001068115234,-27.825159072875977,-9.517505645751953,68.97483825683594,25.807506561279297,-8.630003929138184,60.93000793457031,-23.194839477539062,-6.484842300415039,62.39000701904297
1753295895.4557335,27.31515884399414,-8.80765438079834,67.30001068115234,-27.825159072875977,-9.517505645751953,68.97483825683594,25.807506561279297,-8.630003929138184,60.93000793457031,-23.194839477539062,-6.484842300415039,62.39000701904297
1753295895.465677,27.31515884399414,-8.80765438079834,67.30001068115234,-27.825159072875977,-9.517505645751953,68.97483825683594,25.807506561279297,-8.630003929138184,60.93000793457031,-23.194839477539062,-6.484842300415039,62.39000701904297
1753295895.4756744,27.31515884399414,-8.80765438079834,67.30001068115234,-27.825159072875977,-9.517505645751953,68.97483825683594,25.807506561279297,-8.630003929138184,60.93000793457031,-23.194839477539062,-6.484842300415039,62.39000701904297
1753295895.4857259,27.31515884399414,-8.80765438079834,67.30001068115234,-27.825159072875977,-9.517505645751953,68.97483825683594,25.807506561279297,-8.630003929138184,60.93000793457031,-23.194839477539062,-6.484842300415039,62.39000701904297
1753295895.495679,27.31515884399414,-8.80765438079834,67.30001068115234,-27.825159072875977,-9.517505645751953,68.97483825683594,25.807506561279297,-8.630003929138184,60.93000793457031,-23.194839477539062,-6.484842300415039,62.39000701904297
1753295895.5057247,27.31515884399414,-8.80765438079834,67.30001068115234,-27.825159072875977,-9.517505645751953,68.97483825683594,25.807506561279297,-8.630003929138184,60.93000793457031,-23.194839477539062,-6.484842300415039,62.39000701904297
1753295895.5157423,27.31515884399414,-8.80765438079834,67.30001068115234,-27.825159072875977,-9.517505645751953,68.97483825683594,25.807506561279297,-8.630003929138184,60.93000793457031,-23.194839477539062,-6.484842300415039,62.39000701904297
1753295895.5256927,27.31515884399414,-8.80765438079834,67.30001068115234,-27.825159072875977,-9.517505645751953,68.97483825683594,25.807506561279297,-8.630003929138184,60.93000793457031,-23.194839477539062,-6.484842300415039,62.39000701904297
1753295895.5356836,27.31515884399414,-8.80765438079834,67.30001068115234,-27.825159072875977,-9.517505645751953,68.97483825683594,25.807506561279297,-8.630003929138184,60.93000793457031,-23.194839477539062,-6.484842300415039,62.39000701904297
1753295895.5456758,27.31515884399414,-8.80765438079834,67.30001068115234,-27.825159072875977,-9.517505645751953,68.97483825683594,25.807506561279297,-8.630003929138184,60.93000793457031,-23.194839477539062,-6.484842300415039,62.39000701904297
1753295895.5557115,27.31515884399414,-8.80765438079834,67.30001068115234,-27.825159072875977,-9.517505645751953,68.97483825683594,25.807506561279297,-8.630003929138184,60.93000793457031,-23.194839477539062,-6.484842300415039,62.39000701904297
1753295895.5657372,27.31515884399414,-8.80765438079834,67.30001068115234,-27.825159072875977,-9.517505645751953,68.97483825683594,25.807506561279297,-8.630003929138184,60.93000793457031,-23.194839477539062,-6.484842300415039,62.39000701904297
1753295895.5757058,27.31515884399414,-8.80765438079834,67.30001068115234,-27.825159072875977,-9.517505645751953,68.97483825683594,25.807506561279297,-8.630003929138184,60.93000793457031,-23.194839477539062,-6.484842300415039,62.39000701904297
1753295895.5857296,27.31515884399414,-8.80765438079834,67.30001068115234,-27.825159072875977,-9.517505645751953,68.97483825683594,25.807506561279297,-8.630003929138184,60.93000793457031,-23.194839477539062,-6.484842300415039,62.39000701904297
1753295895.595762,27.31515884399414,-8.80765438079834,67.30001068115234,-27.825159072875977,-9.517505645751953,68.97483825683594,25.807506561279297,-8.630003929138184,60.93000793457031,-23.194839477539062,-6.484842300415039,62.39000701904297
1753295895.6057072,27.31515884399414,-8.80765438079834,67.30001068115234,-27.825159072875977,-9.517505645751953,68.97483825683594,25.807506561279297,-8.630003929138184,60.93000793457031,-23.194839477539062,-6.484842300415039,62.39000701904297
1753295895.6157055,27.31515884399414,-8.80765438079834,67.30001068115234,-27.825159072875977,-9.517505645751953,68.97483825683594,25.807506561279297,-8.630003929138184,60.93000793457031,-23.194839477539062,-6.484842300415039,62.39000701904297
1753295895.6257007,27.31515884399414,-8.80765438079834,67.30001068115234,-27.825159072875977,-9.517505645751953,68.97483825683594,25.807506561279297,-8.630003929138184,60.93000793457031,-23.194839477539062,-6.484842300415039,62.39000701904297
1753295895.6356993,27.31515884399414,-8.80765438079834,67.30001068115234,-27.825159072875977,-9.517505645751953,68.97483825683594,25.807506561279297,-8.630003929138184,60.93000793457031,-23.194839477539062,-6.484842300415039,62.39000701904297
1753295895.6456995,27.31515884399414,-8.80765438079834,67.30001068115234,-27.825159072875977,-9.517505645751953,68.97483825683594,25.807506561279297,-8.630003929138184,60.93000793457031,-23.194839477539062,-6.484842300415039,62.39000701904297
1753295895.6556966,27.31515884399414,-8.80765438079834,67.30001068115234,-27.825159072875977,-9.517505645751953,68.97483825683594,25.807506561279297,-8.630003929138184,60.93000793457031,-23.194839477539062,-6.484842300415039,62.39000701904297
1753295895.665687,27.31515884399414,-8.80765438079834,67.30001068115234,-27.825159072875977,-9.517505645751953,68.97483825683594,25.807506561279297,-8.630003929138184,60.93000793457031,-23.194839477539062,-6.484842300415039,62.39000701904297
1753295895.6757395,27.31515884399414,-8.80765438079834,67.30001068115234,-27.825159072875977,-9.517505645751953,68.97483825683594,25.807506561279297,-8.630003929138184,60.93000793457031,-23.194839477539062,-6.484842300415039,62.39000701904297
1753295895.6857374,27.31515884399414,-8.80765438079834,67.30001068115234,-27.825159072875977,-9.517505645751953,68.97483825683594,25.807506561279297,-8.630003929138184,60.93000793457031,-23.194839477539062,-6.484842300415039,62.39000701904297
1753295895.695742,27.31515884399414,-8.80765438079834,67.30001068115234,-27.825159072875977,-9.517505645751953,68.97483825683594,25.807506561279297,-8.630003929138184,60.93000793457031,-23.194839477539062,-6.484842300415039,62.39000701904297
1753295895.705734,27.31515884399414,-8.80765438079834,67.30001068115234,-27.825159072875977,-9.517505645751953,68.97483825683594,25.807506561279297,-8.630003929138184,60.93000793457031,-23.194839477539062,-6.484842300415039,62.39000701904297
1753295895.7157395,27.31515884399414,-8.80765438079834,67.30001068115234,-27.825159072875977,-9.517505645751953,68.97483825683594,25.807506561279297,-8.630003929138184,60.93000793457031,-23.194839477539062,-6.484842300415039,62.39000701904297
1753295895.7257316,27.31515884399414,-8.80765438079834,67.30001068115234,-27.825159072875977,-9.517505645751953,68.97483825683594,25.807506561279297,-8.630003929138184,60.93000793457031,-23.194839477539062,-6.484842300415039,62.39000701904297
1753295895.7356992,27.31515884399414,-8.80765438079834,67.30001068115234,-27.825159072875977,-9.517505645751953,68.97483825683594,25.807506561279297,-8.630003929138184,60.93000793457031,-23.194839477539062,-6.484842300415039,62.39000701904297
1753295895.7457352,27.31515884399414,-8.80765438079834,67.30001068115234,-27.825159072875977,-9.517505645751953,68.97483825683594,25.807506561279297,-8.630003929138184,60.93000793457031,-23.194839477539062,-6.484842300415039,62.39000701904297
1753295895.7557302,27.31515884399414,-8.80765438079834,67.30001068115234,-27.825159072875977,-9.517505645751953,68.97483825683594,25.807506561279297,-8.630003929138184,60.93000793457031,-23.194839477539062,-6.484842300415039,62.39000701904297
1753295895.765743,27.31515884399414,-8.80765438079834,67.30001068115234,-27.825159072875977,-9.517505645751953,68.97483825683594,25.807506561279297,-8.630003929138184,60.93000793457031,-23.194839477539062,-6.484842300415039,62.39000701904297
1753295895.775751,27.31515884399414,-8.80765438079834,67.30001068115234,-27.825159072875977,-9.517505645751953,68.97483825683594,25.807506561279297,-8.630003929138184,60.93000793457031,-23.194839477539062,-6.484842300415039,62.39000701904297
1753295895.7857506,27.31515884399414,-8.80765438079834,67.30001068115234,-27.825159072875977,-9.517505645751953,68.97483825683594,25.807506561279297,-8.630003929138184,60.93000793457031,-23.194839477539062,-6.484842300415039,62.39000701904297
1753295895.7957413,27.31515884399414,-8.80765438079834,67.30001068115234,-27.825159072875977,-9.517505645751953,68.97483825683594,25.807506561279297,-8.630003929138184,60.93000793457031,-23.194839477539062,-6.484842300415039,62.39000701904297
1753295895.805741,27.31515884399414,-8.80765438079834,67.30001068115234,-27.825159072875977,-9.517505645751953,68.97483825683594,25.807506561279297,-8.630003929138184,60.93000793457031,-23.194839477539062,-6.484842300415039,62.39000701904297
1753295895.8157384,27.31515884399414,-8.80765438079834,67.30001068115234,-27.825159072875977,-9.517505645751953,68.97483825683594,25.807506561279297,-8.630003929138184,60.93000793457031,-23.194839477539062,-6.484842300415039,62.39000701904297
1753295895.825741,27.31515884399414,-8.80765438079834,67.30001068115234,-27.825159072875977,-9.517505645751953,68.97483825683594,25.807506561279297,-8.630003929138184,60.93000793457031,-23.194839477539062,-6.484842300415039,62.39000701904297
1753295895.8357513,27.31515884399414,-8.80765438079834,67.30001068115234,-27.825159072875977,-9.517505645751953,68.97483825683594,25.807506561279297,-8.630003929138184,60.93000793457031,-23.194839477539062,-6.484842300415039,62.39000701904297
1753295895.8457403,27.31515884399414,-8.80765438079834,67.30001068115234,-27.825159072875977,-9.517505645751953,68.97483825683594,25.807506561279297,-8.630003929138184,60.93000793457031,-23.194839477539062,-6.484842300415039,62.39000701904297
1753295895.855739,27.31515884399414,-8.80765438079834,67.30001068115234,-27.825159072875977,-9.517505645751953,68.97483825683594,25.807506561279297,-8.630003929138184,60.93000793457031,-23.194839477539062,-6.484842300415039,62.39000701904297
1753295895.8657403,27.31515884399414,-8.80765438079834,67.30001068115234,-27.825159072875977,-9.517505645751953,68.97483825683594,25.807506561279297,-8.630003929138184,60.93000793457031,-23.194839477539062,-6.484842300415039,62.39000701904297
1753295895.87574,27.31515884399414,-8.80765438079834,67.30001068115234,-27.825159072875977,-9.517505645751953,68.97483825683594,25.807506561279297,-8.630003929138184,60.93000793457031,-23.194839477539062,-6.484842300415039,62.39000701904297
1753295895.885753,27.31515884399414,-8.80765438079834,67.30001068115234,-27.825159072875977,-9.517505645751953,68.97483825683594,25.807506561279297,-8.630003929138184,60.93000793457031,-23.194839477539062,-6.484842300415039,62.39000701904297
1753295895.8956954,27.31515884399414,-8.80765438079834,67.30001068115234,-27.825159072875977,-9.517505645751953,68.97483825683594,25.807506561279297,-8.630003929138184,60.93000793457031,-23.194839477539062,-6.484842300415039,62.39000701904297
1753295895.9057434,27.31515884399414,-8.80765438079834,67.30001068115234,-27.825159072875977,-9.517505645751953,68.97483825683594,25.807506561279297,-8.630003929138184,60.93000793457031,-23.194839477539062,-6.484842300415039,62.39000701904297
1753295895.9157379,27.31515884399414,-8.80765438079834,67.30001068115234,-27.825159072875977,-9.517505645751953,68.97483825683594,25.807506561279297,-8.630003929138184,60.93000793457031,-23.194839477539062,-6.484842300415039,62.39000701904297
1753295895.9257512,27.31515884399414,-8.80765438079834,67.30001068115234,-27.825159072875977,-9.517505645751953,68.97483825683594,25.807506561279297,-8.630003929138184,60.93000793457031,-23.194839477539062,-6.484842300415039,62.39000701904297
1753295895.9357455,27.31515884399414,-8.80765438079834,67.30001068115234,-27.825159072875977,-9.517505645751953,68.97483825683594,25.807506561279297,-8.630003929138184,60.93000793457031,-23.194839477539062,-6.484842300415039,62.39000701904297
1753295895.9457426,27.31515884399414,-8.80765438079834,67.30001068115234,-27.825159072875977,-9.517505645751953,68.97483825683594,25.807506561279297,-8.630003929138184,60.93000793457031,-23.194839477539062,-6.484842300415039,62.39000701904297
1753295895.9557004,27.31515884399414,-8.80765438079834,67.30001068115234,-27.825159072875977,-9.517505645751953,68.97483825683594,25.807506561279297,-8.630003929138184,60.93000793457031,-23.194839477539062,-6.484842300415039,62.39000701904297
1753295895.9657323,27.31515884399414,-8.80765438079834,67.30001068115234,-27.825159072875977,-9.517505645751953,68.97483825683594,25.807506561279297,-8.630003929138184,60.93000793457031,-23.194839477539062,-6.484842300415039,62.39000701904297
1753295895.9757717,27.31515884399414,-8.80765438079834,67.30001068115234,-27.825159072875977,-9.517505645751953,68.97483825683594,25.807506561279297,-8.630003929138184,60.93000793457031,-23.194839477539062,-6.484842300415039,62.39000701904297
1753295895.985718,27.31515884399414,-8.80765438079834,67.30001068115234,-27.825159072875977,-9.517505645751953,68.97483825683594,25.807506561279297,-8.630003929138184,60.93000793457031,-23.194839477539062,-6.484842300415039,62.39000701904297
1753295895.9957545,27.31515884399414,-8.80765438079834,67.30001068115234,-27.825159072875977,-9.517505645751953,68.97483825683594,25.807506561279297,-8.630003929138184,60.93000793457031,-23.194839477539062,-6.484842300415039,62.39000701904297
1753295896.0057573,27.31515884399414,-8.80765438079834,67.30001068115234,-27.825159072875977,-9.517505645751953,68.97483825683594,25.807506561279297,-8.630003929138184,60.93000793457031,-23.194839477539062,-6.484842300415039,62.39000701904297
1753295896.015753,27.31515884399414,-8.80765438079834,67.30001068115234,-27.825159072875977,-9.517505645751953,68.97483825683594,25.807506561279297,-8.630003929138184,60.93000793457031,-23.194839477539062,-6.484842300415039,62.39000701904297
1753295896.025752,27.31515884399414,-8.80765438079834,67.30001068115234,-27.825159072875977,-9.517505645751953,68.97483825683594,25.807506561279297,-8.630003929138184,60.93000793457031,-23.194839477539062,-6.484842300415039,62.39000701904297
1753295896.0357475,27.31515884399414,-8.80765438079834,67.30001068115234,-27.825159072875977,-9.517505645751953,68.97483825683594,25.807506561279297,-8.630003929138184,60.93000793457031,-23.194839477539062,-6.484842300415039,62.39000701904297
1753295896.0457528,27.31515884399414,-8.80765438079834,67.30001068115234,-27.825159072875977,-9.517505645751953,68.97483825683594,25.807506561279297,-8.630003929138184,60.93000793457031,-23.194839477539062,-6.484842300415039,62.39000701904297
1753295896.05575,27.31515884399414,-8.80765438079834,67.30001068115234,-27.825159072875977,-9.517505645751953,68.97483825683594,25.807506561279297,-8.630003929138184,60.93000793457031,-23.194839477539062,-6.484842300415039,62.39000701904297
1753295896.0657496,27.31515884399414,-8.80765438079834,67.30001068115234,-27.825159072875977,-9.517505645751953,68.97483825683594,25.807506561279297,-8.630003929138184,60.93000793457031,-23.194839477539062,-6.484842300415039,62.39000701904297
1753295896.075749,27.31515884399414,-8.80765438079834,67.30001068115234,-27.825159072875977,-9.517505645751953,68.97483825683594,25.807506561279297,-8.630003929138184,60.93000793457031,-23.194839477539062,-6.484842300415039,62.39000701904297
1753295896.0857604,27.31515884399414,-8.80765438079834,67.30001068115234,-27.825159072875977,-9.517505645751953,68.97483825683594,25.807506561279297,-8.630003929138184,60.93000793457031,-23.194839477539062,-6.484842300415039,62.39000701904297
1753295896.0957472,27.31515884399414,-8.80765438079834,67.30001068115234,-27.825159072875977,-9.517505645751953,68.97483825683594,25.807506561279297,-8.630003929138184,60.93000793457031,-23.194839477539062,-6.484842300415039,62.39000701904297
1753295896.1057491,27.31515884399414,-8.80765438079834,67.30001068115234,-27.825159072875977,-9.517505645751953,68.97483825683594,25.807506561279297,-8.630003929138184,60.93000793457031,-23.194839477539062,-6.484842300415039,62.39000701904297
1753295896.1157496,27.31515884399414,-8.80765438079834,67.30001068115234,-27.825159072875977,-9.517505645751953,68.97483825683594,25.807506561279297,-8.630003929138184,60.93000793457031,-23.194839477539062,-6.484842300415039,62.39000701904297
1753295896.125706,27.31515884399414,-8.80765438079834,67.30001068115234,-27.825159072875977,-9.517505645751953,68.97483825683594,25.807506561279297,-8.630003929138184,60.93000793457031,-23.194839477539062,-6.484842300415039,62.39000701904297
1753295896.1357138,27.31515884399414,-8.80765438079834,67.30001068115234,-27.825159072875977,-9.517505645751953,68.97483825683594,25.807506561279297,-8.630003929138184,60.93000793457031,-23.194839477539062,-6.484842300415039,62.39000701904297
1753295896.1457114,27.31515884399414,-8.80765438079834,67.30001068115234,-27.825159072875977,-9.517505645751953,68.97483825683594,25.807506561279297,-8.630003929138184,60.93000793457031,-23.194839477539062,-6.484842300415039,62.39000701904297
1753295896.155709,27.31515884399414,-8.80765438079834,67.30001068115234,-27.825159072875977,-9.517505645751953,68.97483825683594,25.807506561279297,-8.630003929138184,60.93000793457031,-23.194839477539062,-6.484842300415039,62.39000701904297
1753295896.1657147,27.31515884399414,-8.80765438079834,67.30001068115234,-27.825159072875977,-9.517505645751953,68.97483825683594,25.807506561279297,-8.630003929138184,60.93000793457031,-23.194839477539062,-6.484842300415039,62.39000701904297
1753295896.175711,27.31515884399414,-8.80765438079834,67.30001068115234,-27.825159072875977,-9.517505645751953,68.97483825683594,25.807506561279297,-8.630003929138184,60.93000793457031,-23.194839477539062,-6.484842300415039,62.39000701904297
1753295896.185712,27.31515884399414,-8.80765438079834,67.30001068115234,-27.825159072875977,-9.517505645751953,68.97483825683594,25.807506561279297,-8.630003929138184,60.93000793457031,-23.194839477539062,-6.484842300415039,62.39000701904297
1753295896.1957655,27.31515884399414,-8.80765438079834,67.30001068115234,-27.825159072875977,-9.517505645751953,68.97483825683594,25.807506561279297,-8.630003929138184,60.93000793457031,-23.194839477539062,-6.484842300415039,62.39000701904297
1753295896.2057679,27.31515884399414,-8.80765438079834,67.30001068115234,-27.825159072875977,-9.517505645751953,68.97483825683594,25.807506561279297,-8.630003929138184,60.93000793457031,-23.194839477539062,-6.484842300415039,62.39000701904297
1753295896.2157464,27.31515884399414,-8.80765438079834,67.30001068115234,-27.825159072875977,-9.517505645751953,68.97483825683594,25.807506561279297,-8.630003929138184,60.93000793457031,-23.194839477539062,-6.484842300415039,62.39000701904297
1753295896.2257504,27.31515884399414,-8.80765438079834,67.30001068115234,-27.825159072875977,-9.517505645751953,68.97483825683594,25.807506561279297,-8.630003929138184,60.93000793457031,-23.194839477539062,-6.484842300415039,62.39000701904297
1753295896.2357643,27.31515884399414,-8.80765438079834,67.30001068115234,-27.825159072875977,-9.517505645751953,68.97483825683594,25.807506561279297,-8.630003929138184,60.93000793457031,-23.194839477539062,-6.484842300415039,62.39000701904297
1753295896.2457414,27.31515884399414,-8.80765438079834,67.30001068115234,-27.825159072875977,-9.517505645751953,68.97483825683594,25.807506561279297,-8.630003929138184,60.93000793457031,-23.194839477539062,-6.484842300415039,62.39000701904297
1753295896.2557604,27.31515884399414,-8.80765438079834,67.30001068115234,-27.825159072875977,-9.517505645751953,68.97483825683594,25.807506561279297,-8.630003929138184,60.93000793457031,-23.194839477539062,-6.484842300415039,62.39000701904297
1753295896.2658048,27.31515884399414,-8.80765438079834,67.30001068115234,-27.825159072875977,-9.517505645751953,68.97483825683594,25.807506561279297,-8.630003929138184,60.93000793457031,-23.194839477539062,-6.484842300415039,62.39000701904297
1753295896.275784,27.31515884399414,-8.80765438079834,67.30001068115234,-27.825159072875977,-9.517505645751953,68.97483825683594,25.807506561279297,-8.630003929138184,60.93000793457031,-23.194839477539062,-6.484842300415039,62.39000701904297
1753295896.285706,27.31515884399414,-8.80765438079834,67.30001068115234,-27.825159072875977,-9.517505645751953,68.97483825683594,25.807506561279297,-8.630003929138184,60.93000793457031,-23.194839477539062,-6.484842300415039,62.39000701904297
1753295896.2957757,27.31515884399414,-8.80765438079834,67.30001068115234,-27.825159072875977,-9.517505645751953,68.97483825683594,25.807506561279297,-8.630003929138184,60.93000793457031,-23.194839477539062,-6.484842300415039,62.39000701904297
1753295896.3057454,27.31515884399414,-8.80765438079834,67.30001068115234,-27.825159072875977,-9.517505645751953,68.97483825683594,25.807506561279297,-8.630003929138184,60.93000793457031,-23.194839477539062,-6.484842300415039,62.39000701904297
1753295896.3157778,27.31515884399414,-8.80765438079834,67.30001068115234,-27.825159072875977,-9.517505645751953,68.97483825683594,25.807506561279297,-8.630003929138184,60.93000793457031,-23.194839477539062,-6.484842300415039,62.39000701904297
1753295896.325756,27.31515884399414,-8.80765438079834,67.30001068115234,-27.825159072875977,-9.517505645751953,68.97483825683594,25.807506561279297,-8.630003929138184,60.93000793457031,-23.194839477539062,-6.484842300415039,62.39000701904297
1753295896.3358011,27.31515884399414,-8.80765438079834,67.30001068115234,-27.825159072875977,-9.517505645751953,68.97483825683594,25.807506561279297,-8.630003929138184,60.93000793457031,-23.194839477539062,-6.484842300415039,62.39000701904297
1753295896.3457282,27.31515884399414,-8.80765438079834,67.30001068115234,-27.825159072875977,-9.517505645751953,68.97483825683594,25.807506561279297,-8.630003929138184,60.93000793457031,-23.194839477539062,-6.484842300415039,62.39000701904297
1753295896.3557653,27.31515884399414,-8.80765438079834,67.30001068115234,-27.825159072875977,-9.517505645751953,68.97483825683594,25.807506561279297,-8.630003929138184,60.93000793457031,-23.194839477539062,-6.484842300415039,62.39000701904297
1753295896.3658075,27.31515884399414,-8.80765438079834,67.30001068115234,-27.825159072875977,-9.517505645751953,68.97483825683594,25.807506561279297,-8.630003929138184,60.93000793457031,-23.194839477539062,-6.484842300415039,62.39000701904297
1753295896.3757238,27.31515884399414,-8.80765438079834,67.30001068115234,-27.825159072875977,-9.517505645751953,68.97483825683594,25.807506561279297,-8.630003929138184,60.93000793457031,-23.194839477539062,-6.484842300415039,62.39000701904297
1753295896.385736,27.31515884399414,-8.80765438079834,67.30001068115234,-27.825159072875977,-9.517505645751953,68.97483825683594,25.807506561279297,-8.630003929138184,60.93000793457031,-23.194839477539062,-6.484842300415039,62.39000701904297
1753295896.3957763,27.31515884399414,-8.80765438079834,67.30001068115234,-27.825159072875977,-9.517505645751953,68.97483825683594,25.807506561279297,-8.630003929138184,60.93000793457031,-23.194839477539062,-6.484842300415039,62.39000701904297
1753295896.4058037,27.31515884399414,-8.80765438079834,67.30001068115234,-27.825159072875977,-9.517505645751953,68.97483825683594,25.807506561279297,-8.630003929138184,60.93000793457031,-23.194839477539062,-6.484842300415039,62.39000701904297
1753295896.415751,27.31515884399414,-8.80765438079834,67.30001068115234,-27.825159072875977,-9.517505645751953,68.97483825683594,25.807506561279297,-8.630003929138184,60.93000793457031,-23.194839477539062,-6.484842300415039,62.39000701904297
1753295896.425796,27.31515884399414,-8.80765438079834,67.30001068115234,-27.825159072875977,-9.517505645751953,68.97483825683594,25.807506561279297,-8.630003929138184,60.93000793457031,-23.194839477539062,-6.484842300415039,62.39000701904297
1753295896.4357152,27.31515884399414,-8.80765438079834,67.30001068115234,-27.825159072875977,-9.517505645751953,68.97483825683594,25.807506561279297,-8.630003929138184,60.93000793457031,-23.194839477539062,-6.484842300415039,62.39000701904297
1753295896.4457552,27.31515884399414,-8.80765438079834,67.30001068115234,-27.825159072875977,-9.517505645751953,68.97483825683594,25.807506561279297,-8.630003929138184,60.93000793457031,-23.194839477539062,-6.484842300415039,62.39000701904297
1753295896.4557507,27.31515884399414,-8.80765438079834,67.30001068115234,-27.825159072875977,-9.517505645751953,68.97483825683594,25.807506561279297,-8.630003929138184,60.93000793457031,-23.194839477539062,-6.484842300415039,62.39000701904297
1753295896.4657896,27.31515884399414,-8.80765438079834,67.30001068115234,-27.825159072875977,-9.517505645751953,68.97483825683594,25.807506561279297,-8.630003929138184,60.93000793457031,-23.194839477539062,-6.484842300415039,62.39000701904297
1753295896.4757895,27.31515884399414,-8.80765438079834,67.30001068115234,-27.825159072875977,-9.517505645751953,68.97483825683594,25.807506561279297,-8.630003929138184,60.93000793457031,-23.194839477539062,-6.484842300415039,62.39000701904297
1753295896.48576,27.31515884399414,-8.80765438079834,67.30001068115234,-27.825159072875977,-9.517505645751953,68.97483825683594,25.807506561279297,-8.630003929138184,60.93000793457031,-23.194839477539062,-6.484842300415039,62.39000701904297
1753295896.49579,27.31515884399414,-8.80765438079834,67.30001068115234,-27.825159072875977,-9.517505645751953,68.97483825683594,25.807506561279297,-8.630003929138184,60.93000793457031,-23.194839477539062,-6.484842300415039,62.39000701904297
1753295896.5057752,27.31515884399414,-8.80765438079834,67.30001068115234,-27.825159072875977,-9.517505645751953,68.97483825683594,25.807506561279297,-8.630003929138184,60.93000793457031,-23.194839477539062,-6.484842300415039,62.39000701904297
1753295896.5157244,27.31515884399414,-8.80765438079834,67.30001068115234,-27.825159072875977,-9.517505645751953,68.97483825683594,25.807506561279297,-8.630003929138184,60.93000793457031,-23.194839477539062,-6.484842300415039,62.39000701904297
1753295896.525762,27.31515884399414,-8.80765438079834,67.30001068115234,-27.825159072875977,-9.517505645751953,68.97483825683594,25.807506561279297,-8.630003929138184,60.93000793457031,-23.194839477539062,-6.484842300415039,62.39000701904297
1753295896.5357478,27.31515884399414,-8.80765438079834,67.30001068115234,-27.825159072875977,-9.517505645751953,68.97483825683594,25.807506561279297,-8.630003929138184,60.93000793457031,-23.194839477539062,-6.484842300415039,62.39000701904297
1753295896.5457318,27.31515884399414,-8.80765438079834,67.30001068115234,-27.825159072875977,-9.517505645751953,68.97483825683594,25.807506561279297,-8.630003929138184,60.93000793457031,-23.194839477539062,-6.484842300415039,62.39000701904297
1753295896.5557342,27.31515884399414,-8.80765438079834,67.30001068115234,-27.825159072875977,-9.517505645751953,68.97483825683594,25.807506561279297,-8.630003929138184,60.93000793457031,-23.194839477539062,-6.484842300415039,62.39000701904297
1753295896.5657115,27.31515884399414,-8.80765438079834,67.30001068115234,-27.825159072875977,-9.517505645751953,68.97483825683594,25.807506561279297,-8.630003929138184,60.93000793457031,-23.194839477539062,-6.484842300415039,62.39000701904297
1753295896.5757194,27.31515884399414,-8.80765438079834,67.30001068115234,-27.825159072875977,-9.517505645751953,68.97483825683594,25.807506561279297,-8.630003929138184,60.93000793457031,-23.194839477539062,-6.484842300415039,62.39000701904297
1753295896.5857363,27.31515884399414,-8.80765438079834,67.30001068115234,-27.825159072875977,-9.517505645751953,68.97483825683594,25.807506561279297,-8.630003929138184,60.93000793457031,-23.194839477539062,-6.484842300415039,62.39000701904297
1753295896.5957284,27.31515884399414,-8.80765438079834,67.30001068115234,-27.825159072875977,-9.517505645751953,68.97483825683594,25.807506561279297,-8.630003929138184,60.93000793457031,-23.194839477539062,-6.484842300415039,62.39000701904297
1753295896.6057713,27.31515884399414,-8.80765438079834,67.30001068115234,-27.825159072875977,-9.517505645751953,68.97483825683594,25.807506561279297,-8.630003929138184,60.93000793457031,-23.194839477539062,-6.484842300415039,62.39000701904297
1753295896.6157587,27.31515884399414,-8.80765438079834,67.30001068115234,-27.825159072875977,-9.517505645751953,68.97483825683594,25.807506561279297,-8.630003929138184,60.93000793457031,-23.194839477539062,-6.484842300415039,62.39000701904297
1753295896.6257482,27.31515884399414,-8.80765438079834,67.30001068115234,-27.825159072875977,-9.517505645751953,68.97483825683594,25.807506561279297,-8.630003929138184,60.93000793457031,-23.194839477539062,-6.484842300415039,62.39000701904297
1753295896.6357346,27.31515884399414,-8.80765438079834,67.30001068115234,-27.825159072875977,-9.517505645751953,68.97483825683594,25.807506561279297,-8.630003929138184,60.93000793457031,-23.194839477539062,-6.484842300415039,62.39000701904297
1753295896.6457438,27.31515884399414,-8.80765438079834,67.30001068115234,-27.825159072875977,-9.517505645751953,68.97483825683594,25.807506561279297,-8.630003929138184,60.93000793457031,-23.194839477539062,-6.484842300415039,62.39000701904297
1753295896.6557534,27.31515884399414,-8.80765438079834,67.30001068115234,-27.825159072875977,-9.517505645751953,68.97483825683594,25.807506561279297,-8.630003929138184,60.93000793457031,-23.194839477539062,-6.484842300415039,62.39000701904297
1753295896.6657474,27.31515884399414,-8.80765438079834,67.30001068115234,-27.825159072875977,-9.517505645751953,68.97483825683594,25.807506561279297,-8.630003929138184,60.93000793457031,-23.194839477539062,-6.484842300415039,62.39000701904297
1753295896.6757483,27.31515884399414,-8.80765438079834,67.30001068115234,-27.825159072875977,-9.517505645751953,68.97483825683594,25.807506561279297,-8.630003929138184,60.93000793457031,-23.194839477539062,-6.484842300415039,62.39000701904297
1753295896.6857593,27.31515884399414,-8.80765438079834,67.30001068115234,-27.825159072875977,-9.517505645751953,68.97483825683594,25.807506561279297,-8.630003929138184,60.93000793457031,-23.194839477539062,-6.484842300415039,62.39000701904297
1753295896.695749,27.31515884399414,-8.80765438079834,67.30001068115234,-27.825159072875977,-9.517505645751953,68.97483825683594,25.807506561279297,-8.630003929138184,60.93000793457031,-23.194839477539062,-6.484842300415039,62.39000701904297
1753295896.7057614,27.31515884399414,-8.80765438079834,67.30001068115234,-27.825159072875977,-9.517505645751953,68.97483825683594,25.807506561279297,-8.630003929138184,60.93000793457031,-23.194839477539062,-6.484842300415039,62.39000701904297
1753295896.715737,27.31515884399414,-8.80765438079834,67.30001068115234,-27.825159072875977,-9.517505645751953,68.97483825683594,25.807506561279297,-8.630003929138184,60.93000793457031,-23.194839477539062,-6.484842300415039,62.39000701904297
1753295896.7257636,27.31515884399414,-8.80765438079834,67.30001068115234,-27.825159072875977,-9.517505645751953,68.97483825683594,25.807506561279297,-8.630003929138184,60.93000793457031,-23.194839477539062,-6.484842300415039,62.39000701904297
1753295896.7357385,27.31515884399414,-8.80765438079834,67.30001068115234,-27.825159072875977,-9.517505645751953,68.97483825683594,25.807506561279297,-8.630003929138184,60.93000793457031,-23.194839477539062,-6.484842300415039,62.39000701904297
1753295896.7457466,27.31515884399414,-8.80765438079834,67.30001068115234,-27.825159072875977,-9.517505645751953,68.97483825683594,25.807506561279297,-8.630003929138184,60.93000793457031,-23.194839477539062,-6.484842300415039,62.39000701904297
1753295896.7557468,27.31515884399414,-8.80765438079834,67.30001068115234,-27.825159072875977,-9.517505645751953,68.97483825683594,25.807506561279297,-8.630003929138184,60.93000793457031,-23.194839477539062,-6.484842300415039,62.39000701904297
1753295896.7657876,27.31515884399414,-8.80765438079834,67.30001068115234,-27.825159072875977,-9.517505645751953,68.97483825683594,25.807506561279297,-8.630003929138184,60.93000793457031,-23.194839477539062,-6.484842300415039,62.39000701904297
1753295896.7757459,27.31515884399414,-8.80765438079834,67.30001068115234,-27.825159072875977,-9.517505645751953,68.97483825683594,25.807506561279297,-8.630003929138184,60.93000793457031,-23.194839477539062,-6.484842300415039,62.39000701904297
1753295896.785729,27.31515884399414,-8.80765438079834,67.30001068115234,-27.825159072875977,-9.517505645751953,68.97483825683594,25.807506561279297,-8.630003929138184,60.93000793457031,-23.194839477539062,-6.484842300415039,62.39000701904297
1753295896.7957485,27.31515884399414,-8.80765438079834,67.30001068115234,-27.825159072875977,-9.517505645751953,68.97483825683594,25.807506561279297,-8.630003929138184,60.93000793457031,-23.194839477539062,-6.484842300415039,62.39000701904297
1753295896.8057506,27.31515884399414,-8.80765438079834,67.30001068115234,-27.825159072875977,-9.517505645751953,68.97483825683594,25.807506561279297,-8.630003929138184,60.93000793457031,-23.194839477539062,-6.484842300415039,62.39000701904297
1753295896.8157265,27.31515884399414,-8.80765438079834,67.30001068115234,-27.825159072875977,-9.517505645751953,68.97483825683594,25.807506561279297,-8.630003929138184,60.93000793457031,-23.194839477539062,-6.484842300415039,62.39000701904297
1753295896.8257453,27.31515884399414,-8.80765438079834,67.30001068115234,-27.825159072875977,-9.517505645751953,68.97483825683594,25.807506561279297,-8.630003929138184,60.93000793457031,-23.194839477539062,-6.484842300415039,62.39000701904297
1753295896.8357286,27.31515884399414,-8.80765438079834,67.30001068115234,-27.825159072875977,-9.517505645751953,68.97483825683594,25.807506561279297,-8.630003929138184,60.93000793457031,-23.194839477539062,-6.484842300415039,62.39000701904297
1753295896.845735,27.31515884399414,-8.80765438079834,67.30001068115234,-27.825159072875977,-9.517505645751953,68.97483825683594,25.807506561279297,-8.630003929138184,60.93000793457031,-23.194839477539062,-6.484842300415039,62.39000701904297
1753295896.855745,27.31515884399414,-8.80765438079834,67.30001068115234,-27.825159072875977,-9.517505645751953,68.97483825683594,25.807506561279297,-8.630003929138184,60.93000793457031,-23.194839477539062,-6.484842300415039,62.39000701904297
1753295896.8657615,27.31515884399414,-8.80765438079834,67.30001068115234,-27.825159072875977,-9.517505645751953,68.97483825683594,25.807506561279297,-8.630003929138184,60.93000793457031,-23.194839477539062,-6.484842300415039,62.39000701904297
1753295896.87573,27.31515884399414,-8.80765438079834,67.30001068115234,-27.825159072875977,-9.517505645751953,68.97483825683594,25.807506561279297,-8.630003929138184,60.93000793457031,-23.194839477539062,-6.484842300415039,62.39000701904297
1753295896.8857667,27.31515884399414,-8.80765438079834,67.30001068115234,-27.825159072875977,-9.517505645751953,68.97483825683594,25.807506561279297,-8.630003929138184,60.93000793457031,-23.194839477539062,-6.484842300415039,62.39000701904297
1753295896.895727,27.31515884399414,-8.80765438079834,67.30001068115234,-27.825159072875977,-9.517505645751953,68.97483825683594,25.807506561279297,-8.630003929138184,60.93000793457031,-23.194839477539062,-6.484842300415039,62.39000701904297
1753295896.9057696,27.31515884399414,-8.80765438079834,67.30001068115234,-27.825159072875977,-9.517505645751953,68.97483825683594,25.807506561279297,-8.630003929138184,60.93000793457031,-23.194839477539062,-6.484842300415039,62.39000701904297
1753295896.9157364,27.31515884399414,-8.80765438079834,67.30001068115234,-27.825159072875977,-9.517505645751953,68.97483825683594,25.807506561279297,-8.630003929138184,60.93000793457031,-23.194839477539062,-6.484842300415039,62.39000701904297
1753295896.925775,27.31515884399414,-8.80765438079834,67.30001068115234,-27.825159072875977,-9.517505645751953,68.97483825683594,25.807506561279297,-8.645472526550293,60.93000793457031,-23.194839477539062,-6.484842300415039,62.39000701904297
1753295896.9357371,27.31515884399414,-8.80765438079834,67.30001068115234,-27.825159072875977,-9.517505645751953,68.97483825683594,25.807506561279297,-8.645160675048828,60.93000793457031,-23.194839477539062,-6.484842300415039,62.39000701904297
1753295896.9457934,27.31515884399414,-8.80765438079834,67.30001068115234,-27.825159072875977,-9.517505645751953,68.97483825683594,25.807506561279297,-8.645160675048828,60.93797302246094,-23.194839477539062,-6.499998569488525,62.40516662597656
1753295896.9557374,27.31515884399414,-8.812966346740723,67.30001068115234,-27.825159072875977,-9.517505645751953,68.9921875,25.807506561279297,-8.645160675048828,60.94517135620117,-23.194839477539062,-6.499998569488525,62.40516662597656
1753295896.9659843,27.31515884399414,-8.81765365600586,67.30984497070312,-27.825159072875977,-9.52859878540039,68.98999786376953,25.807506561279297,-8.645160675048828,60.94517135620117,-23.194839477539062,-6.499998569488525,62.40953826904297
1753295896.9757354,27.31515884399414,-8.83671760559082,67.31515502929688,-27.825159072875977,-9.531412124633789,69.0043716430664,25.807506561279297,-8.655159950256348,60.96609878540039,-23.194839477539062,-6.5071868896484375,62.41516876220703
1753295896.9857771,27.31515884399414,-8.837652206420898,67.31515502929688,-27.825159072875977,-9.547505378723145,69.01000213623047,25.807506561279297,-8.665628433227539,60.96516799926758,-23.194839477539062,-6.509997844696045,62.41985321044922
1753295896.9957373,27.31515884399414,-8.841557502746582,67.33328247070312,-27.825159072875977,-9.547505378723145,69.01000213623047,25.807506561279297,-8.6651611328125,60.98094940185547,-23.194839477539062,-6.517186164855957,62.42516326904297
1753295897.005751,27.31515884399414,-8.847651481628418,67.34516143798828,-27.825159072875977,-9.55359935760498,69.02999877929688,25.807506561279297,-8.695161819458008,60.99782180786133,-23.194839477539062,-6.5199995040893555,62.44141387939453
1753295897.0157335,27.29828453063965,-8.855152130126953,67.34516143798828,-27.825159072875977,-9.567503929138184,69.06155395507812,25.807506561279297,-8.695161819458008,61.00516128540039,-23.194839477539062,-6.536247730255127,62.45516586303711
1753295897.0257852,27.300003051757812,-8.867654800415039,67.36734771728516,-27.825159072875977,-9.589694023132324,69.0629653930664,25.807506561279297,-8.704848289489746,61.04438018798828,-23.194839477539062,-6.5399980545043945,62.45782470703125
1753295897.0357196,27.300003051757812,-8.888435363769531,67.36515808105469,-27.80000114440918,-9.607505798339844,69.10718536376953,25.807506561279297,-8.705160140991211,61.06516647338867,-23.194839477539062,-6.5459370613098145,62.49594497680664
1753295897.0457654,27.300003051757812,-8.891091346740723,67.37515258789062,-27.80000114440918,-9.638598442077637,69.12999725341797,25.807506561279297,-8.743910789489746,61.10875701904297,-23.194839477539062,-6.559998989105225,62.52516555786133
1753295897.0557597,27.300003051757812,-8.92937183380127,67.3956298828125,-27.80000114440918,-9.679849624633789,69.1746826171875,25.807506561279297,-8.745160102844238,61.15516662597656,-23.194839477539062,-6.559998989105225,62.53251266479492
1753295897.06572,27.295469284057617,-8.96249771118164,67.40516662597656,-27.80000114440918,-9.71219253540039,69.20765686035156,25.807506561279297,-8.752660751342773,61.20344543457031,-23.194839477539062,-6.573748588562012,62.60547637939453
1753295897.075756,27.290002822875977,-8.993277549743652,67.42547607421875,-27.789535522460938,-9.76844310760498,69.24015045166016,25.807506561279297,-8.763129234313965,61.24687957763672,-23.194839477539062,-6.579999923706055,62.64907455444336
1753295897.08573,27.290002822875977,-9.063901901245117,67.44515991210938,-27.790002822875977,-9.807348251342773,69.27156066894531,25.807506561279297,-8.77515983581543,61.26969528198242,-23.194839477539062,-6.60109281539917,62.68954086303711
1753295897.0957773,27.282814025878906,-9.102654457092285,67.47547149658203,-27.780004501342773,-9.866412162780762,69.27999877929688,25.807506561279297,-8.799848556518555,61.31078338623047,-23.194839477539062,-6.6110920906066895,62.71563720703125
1753295897.1057725,27.28000259399414,-9.164996147155762,67.48906707763672,-27.780004501342773,-9.891724586486816,69.31172180175781,25.807506561279297,-8.805160522460938,61.32282257080078,-23.187341690063477,-6.632187366485596,62.74156951904297
1753295897.1157184,27.27234649658203,-9.188904762268066,67.52249908447266,-27.769065856933594,-9.917661666870117,69.31281280517578,25.807506561279297,-8.830628395080566,61.33937454223633,-23.184839248657227,-6.632499694824219,62.76547622680664
1753295897.1257193,27.26000213623047,-9.222965240478516,67.55203247070312,-27.770004272460938,-9.932818412780762,69.34156036376953,25.807506561279297,-8.850784301757812,61.38531494140625,-23.184839248657227,-6.670937538146973,62.78938293457031
1753295897.1357179,27.26000213623047,-9.230308532714844,67.61703491210938,-27.763595581054688,-9.947504997253418,69.36186981201172,25.807506561279297,-8.865160942077637,61.40188217163086,-23.175308227539062,-6.693437099456787,62.81829071044922
1753295897.14572,27.24875259399414,-9.267654418945312,67.67938232421875,-27.7500057220459,-9.987349510192871,69.37655639648438,25.79235076904297,-8.91734790802002,61.44516372680664,-23.174842834472656,-6.719999313354492,62.84579086303711
1753295897.155718,27.250001907348633,-9.309530258178711,67.75359344482422,-27.7500057220459,-9.990317344665527,69.40343475341797,25.79235076904297,-8.94031810760498,61.49469757080078,-23.167341232299805,-6.770780086517334,62.87156677246094
1753295897.165719,27.230003356933594,-9.327654838562012,67.81562805175781,-27.738752365112305,-10.007505416870117,69.43968963623047,25.779071807861328,-8.990473747253418,61.56922149658203,-23.164838790893555,-6.813592910766602,62.92579650878906
1753295897.1757197,27.230003356933594,-9.378280639648438,67.83953857421875,-27.740001678466797,-10.063597679138184,69.47937774658203,25.77235221862793,-9.085628509521484,61.66172790527344,-23.157184600830078,-6.890468597412109,62.98954391479492
1753295897.1857564,27.230003356933594,-9.421248435974121,67.88578033447266,-27.719379425048828,-10.074536323547363,69.50921630859375,25.77235221862793,-9.18703556060791,61.73625946044922,-23.14484214782715,-6.9567179679870605,63.07610321044922
1753295897.1957283,27.21000099182129,-9.45624828338623,67.91531372070312,-27.720003128051758,-10.150630950927734,69.57999420166016,25.752351760864258,-9.244068145751953,61.78031921386719,-23.14484214782715,-7.041873931884766,63.17110061645508
1753295897.2057517,27.21000099182129,-9.558277130126953,67.94906616210938,-27.699848175048828,-10.254693031311035,69.66828155517578,25.752351760864258,-9.30422306060791,61.80625915527344,-23.12421417236328,-7.1307806968688965,63.22578811645508
1753295897.2157207,27.199689865112305,-9.655308723449707,68.00485229492188,-27.690006256103516,-10.361254692077637,69.77140045166016,25.723133087158203,-9.362659454345703,61.84641647338867,-23.124839782714844,-7.195467472076416,63.27454376220703
1753295897.2257702,27.200002670288086,-9.72468376159668,68.06781768798828,-27.67359733581543,-10.470786094665527,69.83094024658203,25.72235107421875,-9.405472755432129,61.85765838623047,-23.09531021118164,-7.266561508178711,63.32235336303711
1753295897.2357194,27.181407928466797,-9.800934791564941,68.16578674316406,-27.65000343322754,-10.549381256103516,69.8706283569336,25.72235107421875,-9.462971687316895,61.91828918457031,-23.09484100341797,-7.342185974121094,63.36563491821289
1753295897.245735,27.18000030517578,-9.853119850158691,68.28109741210938,-27.633752822875977,-10.62828540802002,69.91796112060547,25.719694137573242,-9.550628662109375,61.98375701904297,-23.081090927124023,-7.429060935974121,63.42970275878906
1753295897.2557778,27.175315856933594,-9.899530410766602,68.3515625,-27.600473403930664,-10.727972984313965,69.94515991210938,25.712350845336914,-9.649691581726074,62.08610534667969,-23.06484031677246,-7.499842166900635,63.49844741821289
1753295897.2657413,27.160003662109375,-9.964218139648438,68.3956298828125,-27.57563018798828,-10.848128318786621,70.01140594482422,25.681100845336914,-9.747660636901855,62.21672821044922,-23.053747177124023,-7.566561222076416,63.60813522338867
1753295897.275731,27.13640785217285,-10.05530834197998,68.44718933105469,-27.507816314697266,-10.948443412780762,70.06655883789062,25.679384231567383,-9.799847602844238,62.2901611328125,-23.022966384887695,-7.650156021118164,63.69907760620117
1753295897.2857232,27.10890769958496,-10.152029991149902,68.52812957763672,-27.428598403930664,-11.039536476135254,70.15874481201172,25.632352828979492,-9.856098175048828,62.342041015625,-23.02155876159668,-7.719998836517334,63.77626037597656
1753295897.2957215,27.07984733581543,-10.247654914855957,68.64376068115234,-27.34562873840332,-11.115942001342773,70.27156066894531,25.60797691345215,-9.927191734313965,62.38922882080078,-22.962495803833008,-7.799999713897705,63.82954406738281
1753295897.3057318,27.03015899658203,-10.339527130126953,68.76219177246094,-27.268753051757812,-11.213910102844238,70.36093139648438,25.560007095336914,-10.035629272460938,62.45172882080078,-22.931716918945312,-7.913279056549072,63.89063262939453
1753295897.315726,26.969064712524414,-10.416245460510254,68.85546875,-27.203598022460938,-11.321253776550293,70.41968536376953,25.520790100097656,-10.170628547668457,62.53891372680664,-22.87671661376953,-8.030624389648438,63.97594451904297
1753295897.3257325,26.887969970703125,-10.492653846740723,68.91766357421875,-27.13766098022461,-11.435160636901855,70.48155975341797,25.481569290161133,-10.275160789489746,62.66078567504883,-22.824373245239258,-8.13906192779541,64.10517120361328
1753295897.3357298,26.789533615112305,-10.609526634216309,69.00625610351562,-27.088441848754883,-11.539847373962402,70.5809326171875,25.41047477722168,-10.344691276550293,62.78407287597656,-22.796403884887695,-8.25671672821045,64.21516418457031
1753295897.3457298,26.709531784057617,-10.729999542236328,69.12703704833984,-27.035316467285156,-11.629223823547363,70.74078369140625,25.376100540161133,-10.381255149841309,62.8604736328125,-22.76296615600586,-8.365154266357422,64.29938507080078
1753295897.3557208,26.648595809936523,-10.837807655334473,69.24609375,-26.969846725463867,-11.71828556060791,70.85671997070312,25.333757400512695,-10.455784797668457,62.96297836303711,-22.738746643066406,-8.477029800415039,64.36532592773438
1753295897.3657358,26.578128814697266,-10.899057388305664,69.34297180175781,-26.921409606933594,-11.819067001342773,70.92469024658203,25.33234977722168,-10.570316314697266,63.09297561645508,-22.70406150817871,-8.58656120300293,64.45938110351562
1753295897.3757374,26.51390838623047,-10.996713638305664,69.4029769897461,-26.861095428466797,-11.915629386901855,71.01030731201172,25.290164947509766,-10.696566581726074,63.20985412597656,-22.660465240478516,-8.701092720031738,64.57704162597656
1753295897.3857265,26.434846878051758,-11.114997863769531,69.49078369140625,-26.809377670288086,-12.007818222045898,71.13203430175781,25.29235076904297,-10.792191505432129,63.27125549316406,-22.64484214782715,-8.829686164855957,64.68547821044922
1753295897.3957434,26.343753814697266,-11.235308647155762,69.5865707397461,-26.78563117980957,-12.107661247253418,71.27078247070312,25.239540100097656,-10.89578628540039,63.35047912597656,-22.619216918945312,-8.950467109680176,64.75297546386719
1753295897.405731,26.264062881469727,-11.354842185974121,69.71844482421875,-26.757659912109375,-12.216879844665527,71.34156036376953,25.201414108276367,-10.987191200256348,63.44547653198242,-22.606870651245117,-9.069843292236328,64.82141876220703
1753295897.4157746,26.19406509399414,-11.478433609008789,69.81515502929688,-26.74468994140625,-12.328755378723145,71.39515686035156,25.127662658691406,-11.115472793579102,63.58485412597656,-22.574373245239258,-9.191405296325684,64.89594268798828
1753295897.4257288,26.11250114440918,-11.597652435302734,69.87922668457031,-26.699533462524414,-12.417035102844238,71.46656036376953,25.06578826904297,-11.240942001342773,63.70985412597656,-22.538747787475586,-9.327342987060547,65.0368881225586
1753295897.4357216,26.005159378051758,-11.732029914855957,69.9565658569336,-26.657814025878906,-12.48234748840332,71.58609008789062,24.95203971862793,-11.363285064697266,63.77016830444336,-22.492809295654297,-9.437499046325684,65.17485046386719
1753295897.4457371,25.894376754760742,-11.86546802520752,70.07469177246094,-26.59891128540039,-12.572660446166992,71.72484588623047,24.84750747680664,-11.5035982131958,63.86250686645508,-22.40452766418457,-9.546405792236328,65.2409439086914
1753295897.4557216,25.81218910217285,-12.020153999328613,70.2104721069336,-26.525630950927734,-12.709224700927734,71.82093811035156,24.752351760864258,-11.675785064697266,63.98860168457031,-22.29452896118164,-9.670780181884766,65.34391021728516
1753295897.4657218,25.738595962524414,-12.163434028625488,70.29469299316406,-26.42469024658203,-12.839067459106445,71.88172149658203,24.649539947509766,-11.847972869873047,64.1417236328125,-22.189529418945312,-9.830310821533203,65.47376251220703
1753295897.4757302,25.66625213623047,-12.29687213897705,70.35641479492188,-26.32485008239746,-12.98531723022461,71.94844055175781,24.497352600097656,-11.995627403259277,64.24610137939453,-22.109996795654297,-9.972655296325684,65.63985443115234
1753295897.4857323,25.57390785217285,-12.445311546325684,70.46063232421875,-26.24109649658203,-13.1509428024292,72.0692138671875,24.365476608276367,-12.146878242492676,64.3425064086914,-21.997655868530273,-10.09359359741211,65.73563385009766
1753295897.495747,25.455158233642578,-12.609529495239258,70.6104736328125,-26.16281509399414,-13.32906723022461,72.18468475341797,24.268600463867188,-12.303598403930664,64.45735168457031,-21.886245727539062,-10.24203109741211,65.83531951904297
1753295897.5057473,25.33843994140625,-12.774214744567871,70.7270278930664,-26.079692840576172,-13.506255149841309,72.28311920166016,24.144851684570312,-12.4801607131958,64.6432876586914,-21.79405975341797,-10.411872863769531,65.98641967773438
1753295897.5157328,25.26844024658203,-12.949061393737793,70.80469512939453,-25.986722946166992,-13.658130645751953,72.37109375,23.982196807861328,-12.649378776550293,64.77578735351562,-21.732654571533203,-10.580156326293945,66.14641571044922
1753295897.5257347,25.19812774658203,-13.102340698242188,70.8932876586914,-25.910158157348633,-13.847661018371582,72.47140502929688,23.87688446044922,-12.792034149169922,64.92672729492188,-21.674060821533203,-10.780467987060547,66.27047729492188
1753295897.535736,25.118907928466797,-13.269529342651367,71.03297424316406,-25.81297492980957,-14.049692153930664,72.60140991210938,23.78375816345215,-12.9410982131958,65.13172912597656,-21.616403579711914,-10.969998359680176,66.38922882080078
1753295897.5457332,25.031097412109375,-13.459372520446777,71.21438598632812,-25.709692001342773,-14.220473289489746,72.72187042236328,23.65922737121582,-13.087191581726074,65.2359390258789,-21.536401748657227,-11.150467872619629,66.57719421386719
1753295897.5557446,24.92828369140625,-13.631558418273926,71.30703735351562,-25.55390739440918,-14.39406681060791,72.78187561035156,23.52219581604004,-13.237347602844238,65.34719848632812,-21.437496185302734,-11.335622787475586,66.705322265625
1753295897.565739,24.84515953063965,-13.81312370300293,71.41766357421875,-25.39531707763672,-14.583911895751953,72.86968994140625,23.410478591918945,-13.422191619873047,65.5328140258789,-21.347185134887695,-11.48515510559082,66.7907943725586
1753295897.5757375,24.769533157348633,-14.009218215942383,71.61984252929688,-25.300315856933594,-14.7589111328125,72.98937225341797,23.3431339263916,-13.584847450256348,65.68672943115234,-21.264371871948242,-11.660780906677246,66.94641876220703
1753295897.5857375,24.694063186645508,-14.159526824951172,71.73812866210938,-25.16047477722168,-14.947660446166992,73.16187286376953,23.282508850097656,-13.720784187316895,65.76126098632812,-21.184059143066406,-11.822185516357422,67.11298370361328
1753295897.595747,24.58875274658203,-14.30046558380127,71.84516143798828,-24.97890853881836,-15.10813045501709,73.29750061035156,23.20610237121582,-13.884222030639648,65.90313720703125,-21.084684371948242,-11.95218563079834,67.1951675415039
1753295897.6057625,24.477815628051758,-14.474997520446777,72.00281524658203,-24.842506408691406,-15.26438045501709,73.37422180175781,23.13219451904297,-14.045629501342773,66.09593963623047,-20.96202850341797,-12.104530334472656,67.31328582763672
1753295897.6158104,24.386878967285156,-14.663591384887695,72.16703033447266,-24.71125602722168,-15.444536209106445,73.4910888671875,23.051414489746094,-14.212035179138184,66.22703552246094,-20.844215393066406,-12.28109359741211,67.4743881225586
1753295897.625769,24.29969024658203,-14.858588218688965,72.26516723632812,-24.546098709106445,-15.61109733581543,73.65609741210938,22.98375701904297,-14.37734603881836,66.3806381225586,-20.762964248657227,-12.444842338562012,67.60906982421875
1753295897.6358004,24.207189559936523,-15.052342414855957,72.38187408447266,-24.410470962524414,-15.78312873840332,73.7660903930664,22.92078971862793,-14.552815437316895,66.54985046386719,-20.68890380859375,-12.608904838562012,67.7087631225586
1753295897.6457448,24.063751220703125,-15.284371376037598,72.54656982421875,-24.323129653930664,-15.955941200256348,73.86671447753906,22.845788955688477,-14.735004425048828,66.65345001220703,-20.597652435302734,-12.780156135559082,67.85594177246094
1753295897.655821,23.951251983642578,-15.49828052520752,72.67282104492188,-24.201879501342773,-16.117660522460938,74.02437591552734,22.78438377380371,-14.951878547668457,66.78469848632812,-20.45671844482422,-12.967655181884766,68.01156616210938
1753295897.665747,23.864221572875977,-15.744060516357422,72.7515640258789,-24.059534072875977,-16.33375358581543,74.19499969482422,22.71109962463379,-15.17594051361084,66.95187377929688,-20.314842224121094,-13.183905601501465,68.12797546386719
1753295897.6758313,23.78875160217285,-15.96015453338623,72.86062622070312,-23.95172119140625,-16.5585994720459,74.30015563964844,22.630319595336914,-15.39781665802002,67.11032104492188,-20.23686981201172,-13.379373550415039,68.23892211914062
1753295897.6857765,23.690471649169922,-16.20030975341797,72.99343872070312,-23.86156463623047,-16.779691696166992,74.40811920166016,22.54656982421875,-15.581722259521484,67.20266723632812,-20.132652282714844,-13.582029342651367,68.38704681396484
1753295897.6957874,23.55765724182129,-16.422653198242188,73.13203430175781,-23.740787506103516,-17.023286819458008,74.54827880859375,22.433446884155273,-15.79031753540039,67.37234497070312,-19.999839782714844,-13.79765510559082,68.5651626586914
1753295897.7057703,23.43968963623047,-16.66046714782715,73.19828033447266,-23.61000633239746,-17.228755950927734,74.66624450683594,22.33531951904297,-15.97984790802002,67.556884765625,-19.86249542236328,-14.036092758178711,68.65876007080078
1753295897.7158055,23.343910217285156,-16.86859130859375,73.32281494140625,-23.507814407348633,-17.45766258239746,74.75281524658203,22.212976455688477,-16.155317306518555,67.646728515625,-19.768747329711914,-14.281561851501465,68.79938507080078
1753295897.7257674,23.215314865112305,-17.073122024536133,73.46719360351562,-23.419689178466797,-17.64516258239746,74.84843444824219,22.07672691345215,-16.35688018798828,67.7784423828125,-19.639686584472656,-14.530156135559082,68.98078918457031
1753295897.7358131,23.01922035217285,-17.274843215942383,73.59500122070312,-23.340473175048828,-17.862661361694336,74.9671859741211,21.965007781982422,-16.541410446166992,67.963134765625,-19.467655181884766,-14.74453067779541,69.11251068115234
1753295897.7457895,22.870159149169922,-17.437654495239258,73.67610168457031,-23.233753204345703,-18.050317764282227,75.12171936035156,21.865007400512695,-16.75562858581543,68.11875915527344,-19.337182998657227,-14.960309982299805,69.21531677246094
1753295897.7557464,22.724533081054688,-17.647968292236328,73.7807846069336,-23.11422348022461,-18.267192840576172,75.20108795166016,21.734695434570312,-16.93640899658203,68.2779769897461,-19.23999786376953,-15.168435096740723,69.39266967773438
1753295897.765804,22.510313034057617,-17.847185134887695,73.9420394897461,-22.988595962524414,-18.459068298339844,75.27124786376953,21.57078742980957,-17.17000389099121,68.47157287597656,-19.10327911376953,-15.365154266357422,69.53329467773438
1753295897.7757497,22.380624771118164,-18.09843635559082,74.07563018798828,-22.894067764282227,-18.66484832763672,75.36234283447266,21.42766571044922,-17.365785598754883,68.56532287597656,-18.944215774536133,-15.58359146118164,69.63985443115234
1753295897.785784,22.23578453063965,-18.321088790893555,74.17813110351562,-22.745943069458008,-18.88797378540039,75.50186920166016,21.285476684570312,-17.58281707763672,68.66641235351562,-18.842496871948242,-15.790311813354492,69.77548217773438
1753295897.7957377,22.043907165527344,-18.590621948242188,74.28562927246094,-22.556568145751953,-19.074066162109375,75.64156341552734,21.075786590576172,-17.825471878051758,68.83187866210938,-18.754215240478516,-16.040468215942383,69.955322265625
1753295897.8057854,21.90593910217285,-18.844369888305664,74.47187805175781,-22.399221420288086,-19.281879425048828,75.7309341430664,20.90375518798828,-18.058284759521484,68.99720001220703,-18.652809143066406,-16.260000228881836,70.04344177246094
1753295897.815875,21.78484535217285,-19.10202980041504,74.59672546386719,-22.187971115112305,-19.480941772460938,75.86593627929688,20.762195587158203,-18.2951602935791,69.06938171386719,-18.534841537475586,-16.542186737060547,70.14766693115234
1753295897.8257647,21.629064559936523,-19.30249786376953,74.70094299316406,-21.99047088623047,-19.717350006103516,76.0073471069336,20.546728134155273,-18.54062843322754,69.17344665527344,-18.43531036376953,-16.7890625,70.29110717773438
1753295897.835789,21.49906349182129,-19.520463943481445,74.8257827758789,-21.82234764099121,-19.9435977935791,76.12796783447266,20.412351608276367,-18.7834415435791,69.32609558105469,-18.34577751159668,-17.084842681884766,70.4373550415039
1753295897.8457441,21.398597717285156,-19.717655181884766,75.00672149658203,-21.574068069458008,-20.160005569458008,76.18594360351562,20.26641273498535,-19.015003204345703,69.47563171386719,-18.261091232299805,-17.342498779296875,70.52297973632812
1753295897.8557684,21.227970123291016,-19.905153274536133,75.0826644897461,-21.40921974182129,-20.38359832763672,76.28234100341797,20.075632095336914,-19.25984764099121,69.59078979492188,-18.141090393066406,-17.5948429107666,70.6315689086914
1753295897.8657513,21.05765724182129,-20.109840393066406,75.16796875,-21.233596801757812,-20.58437728881836,76.42062377929688,19.96063232421875,-19.464065551757812,69.73594665527344,-17.99718475341797,-17.86015510559082,70.7721939086914
1753295897.8757408,20.94078254699707,-20.294370651245117,75.29141235351562,-21.079378128051758,-20.812349319458008,76.59500122070312,19.859071731567383,-19.692035675048828,69.89531707763672,-17.88843536376953,-18.07124900817871,70.93704223632812
1753295897.8857453,20.76593780517578,-20.527185440063477,75.4409408569336,-20.98188018798828,-21.000003814697266,76.67390441894531,19.732820510864258,-19.899377822875977,69.99501037597656,-17.778902053833008,-18.290624618530273,71.02969360351562
1753295897.8957822,20.56453514099121,-20.737810134887695,75.53125762939453,-20.83422088623047,-21.23234748840332,76.76156616210938,19.60047721862793,-20.160316467285156,70.10235595703125,-17.621713638305664,-18.485780715942383,71.17438507080078
1753295897.9057524,20.437658309936523,-20.977338790893555,75.60281372070312,-20.684064865112305,-21.455007553100586,76.8812484741211,19.547195434570312,-20.38437843322754,70.25531768798828,-17.444839477539062,-18.694217681884766,71.34797668457031
1753295897.9157495,20.24937629699707,-21.209840774536133,75.68828582763672,-20.571565628051758,-21.723129272460938,77.00140380859375,19.430788040161133,-20.63812828063965,70.42001342773438,-17.32296371459961,-18.92265510559082,71.463134765625
1753295897.9257505,20.065784454345703,-21.51140594482422,75.80703735351562,-20.44703483581543,-21.95844268798828,77.09140014648438,19.348133087158203,-20.865942001342773,70.50531768798828,-17.16952896118164,-19.11390495300293,71.5701675415039
1753295897.935758,19.918283462524414,-21.760465621948242,75.93547058105469,-20.289846420288086,-22.2539119720459,77.1434326171875,19.21422576904297,-21.127971649169922,70.6159439086914,-16.972339630126953,-19.38374900817871,71.72610473632812
1753295897.9457448,19.70547103881836,-22.050621032714844,76.0050048828125,-20.142974853515625,-22.494068145751953,77.23078155517578,19.072351455688477,-21.36094093322754,70.77999877929688,-16.867027282714844,-19.625154495239258,71.88297271728516
1753295897.9557824,19.53875160217285,-22.288278579711914,76.05703735351562,-20.018596649169922,-22.792036056518555,77.33406066894531,18.927349090576172,-21.59547233581543,70.92547607421875,-16.73609161376953,-19.896404266357422,71.97422790527344
1753295897.9657457,19.341096878051758,-22.52859115600586,76.14688110351562,-19.85250473022461,-23.043128967285156,77.47030639648438,18.736726760864258,-21.8085994720459,71.00000762939453,-16.56015396118164,-20.12968635559082,72.08235168457031
1753295897.9757552,19.13062858581543,-22.742340087890625,76.2354736328125,-19.637971878051758,-23.303754806518555,77.55187225341797,18.564851760864258,-22.04047203063965,71.11766052246094,-16.406248092651367,-20.393281936645508,72.2242202758789
1753295897.9857368,19.012033462524414,-22.981090545654297,76.35516357421875,-19.49000358581543,-23.55250358581543,77.60015106201172,18.435787200927734,-22.238130569458008,71.28813171386719,-16.26280975341797,-20.639530181884766,72.36422729492188
1753295897.9957485,18.85828399658203,-23.18280792236328,76.4351577758789,-19.262348175048828,-23.782190322875977,77.65093231201172,18.24219512939453,-22.461408615112305,71.42906951904297,-16.067028045654297,-20.87656021118164,72.43391418457031
1753295898.0057576,18.688127517700195,-23.43546485900879,76.50703430175781,-19.037818908691406,-24.010629653930664,77.72796630859375,18.056570053100586,-22.649377822875977,71.54531860351562,-15.950934410095215,-21.125469207763672,72.5065689086914
1753295898.0157366,18.58172035217285,-23.66202735900879,76.56140899658203,-18.812503814697266,-24.247976303100586,77.80844116210938,17.908443450927734,-22.86484718322754,71.70110321044922,-15.844216346740723,-21.378747940063477,72.61282348632812
1753295898.0257638,18.42922019958496,-23.94374656677246,76.64250183105469,-18.628597259521484,-24.478912353515625,77.88187408447266,17.68047523498535,-23.091096878051758,71.84031677246094,-15.71937084197998,-21.658592224121094,72.75595092773438
1753295898.0357437,18.25531578063965,-24.185779571533203,76.74656677246094,-18.47406768798828,-24.737506866455078,77.9604721069336,17.539539337158203,-23.331253051757812,71.88485717773438,-15.569839477539062,-21.902965545654297,72.84563446044922
1753295898.0457644,18.128440856933594,-24.472654342651367,76.85359954833984,-18.267192840576172,-24.97812843322754,77.98968505859375,17.382038116455078,-23.59125518798828,71.96766662597656,-15.456089973449707,-22.170310974121094,72.91204071044922
1753295898.0557535,17.99531364440918,-24.714683532714844,76.91734313964844,-18.117189407348633,-25.24938201904297,78.03062438964844,17.19953727722168,-23.87625503540039,72.05453491210938,-15.347185134887695,-22.43046760559082,72.9959487915039
1753295898.065743,17.792814254760742,-24.977027893066406,76.96719360351562,-17.94594383239746,-25.541099548339844,78.05000305175781,17.078758239746094,-24.1260986328125,72.19375610351562,-15.201871871948242,-22.74296760559082,73.10344696044922
1753295898.0757391,17.653596878051758,-25.222496032714844,77.0006332397461,-17.782974243164062,-25.791410446166992,78.09828186035156,16.936569213867188,-24.407503128051758,72.2868881225586,-15.062496185302734,-22.991247177124023,73.21063232421875
1753295898.0857391,17.469377517700195,-25.46796417236328,77.06282043457031,-17.675004959106445,-26.085317611694336,78.11000061035156,16.741880416870117,-24.62672233581543,72.35203552246094,-14.972808837890625,-23.272653579711914,73.2907943725586
1753295898.0957398,17.238752365112305,-25.691246032714844,77.13265991210938,-17.565784454345703,-26.30562973022461,78.17327880859375,16.62110137939453,-24.898286819458008,72.40907287597656,-14.840776443481445,-23.492185592651367,73.33016967773438
1753295898.1057396,17.089845657348633,-25.921247482299805,77.22280883789062,-17.41063117980957,-26.576255798339844,78.22796630859375,16.494070053100586,-25.128753662109375,72.45126342773438,-14.654059410095215,-23.725936889648438,73.39031982421875
1753295898.1157398,16.882970809936523,-26.12609100341797,77.30734252929688,-17.249380111694336,-26.78563117980957,78.28140258789062,16.32063102722168,-25.399534225463867,72.53203582763672,-14.49827766418457,-23.967031478881836,73.45063018798828
1753295898.1257389,16.699377059936523,-26.37921714782715,77.3648452758789,-17.10312843322754,-27.030162811279297,78.34937286376953,16.18688201904297,-25.62578582763672,72.64750671386719,-14.35593318939209,-24.21125030517578,73.54251098632812
1753295898.1357434,16.54187774658203,-26.597652435302734,77.39984893798828,-16.89594268798828,-27.208755493164062,78.41093444824219,16.05750846862793,-25.8789119720459,72.75985717773438,-14.136090278625488,-24.464685440063477,73.64985656738281
1753295898.1457434,16.336875915527344,-26.860309600830078,77.4078140258789,-16.714534759521484,-27.43922233581543,78.43484497070312,15.853288650512695,-26.09531593322754,72.83267211914062,-13.973121643066406,-24.728124618530273,73.73548126220703
1753295898.1557462,16.18500328063965,-27.098121643066406,77.44515991210938,-16.515941619873047,-27.635786056518555,78.46125030517578,15.660319328308105,-26.37640953063965,72.8921890258789,-13.798747062683105,-24.98390769958496,73.78547668457031
1753295898.1657672,15.984063148498535,-27.369840621948242,77.45922088623047,-16.25531768798828,-27.85750389099121,78.46920776367188,15.48797607421875,-26.614065170288086,72.96735382080078,-13.58327865600586,-25.252185821533203,73.83126068115234
1753295898.175747,15.788126945495605,-27.59546661376953,77.47985076904297,-16.072975158691406,-28.08375358581543,78.4848403930664,15.260944366455078,-26.90843963623047,73.060791015625,-13.443903923034668,-25.552186965942383,73.8648452758789
1753295898.1857588,15.64609432220459,-27.84827995300293,77.49124908447266,-15.814847946166992,-28.29844093322754,78.49343872070312,15.11375617980957,-27.135629653930664,73.15782165527344,-13.257184028625488,-25.810781478881836,73.92578887939453
1753295898.1957545,15.444534301757812,-28.061716079711914,77.52578735351562,-15.609846115112305,-28.533599853515625,78.5,14.886411666870117,-27.385160446166992,73.22625732421875,-13.074214935302734,-26.10984230041504,74.00001525878906
1753295898.2057998,15.284220695495605,-28.312339782714844,77.5440673828125,-15.380630493164062,-28.73578643798828,78.50999450683594,14.707975387573242,-27.599376678466797,73.26297760009766,-12.945778846740723,-26.34078025817871,74.09860229492188
1753295898.2157562,15.116095542907715,-28.530935287475586,77.5859375,-15.235004425048828,-28.990787506103516,78.5145263671875,14.550006866455078,-27.78984832763672,73.2878189086914,-12.771870613098145,-26.585311889648438,74.205322265625
1753295898.2257576,14.892032623291016,-28.769527435302734,77.58515930175781,-15.05547046661377,-29.17250633239746,78.5317153930664,14.342975616455078,-27.97781753540039,73.32516479492188,-12.624058723449707,-26.78968620300293,74.23469543457031
1753295898.2357554,14.74297046661377,-28.97843360900879,77.63078308105469,-14.87766170501709,-29.389692306518555,78.52999877929688,14.214852333068848,-28.167814254760742,73.36641693115234,-12.514214515686035,-27.00765609741211,74.27641296386719
1753295898.2457829,14.522969245910645,-29.22718620300293,77.67406463623047,-14.76406478881836,-29.59234619140625,78.52999877929688,14.050164222717285,-28.35312843322754,73.40172576904297,-12.369685173034668,-27.241405487060547,74.29298400878906
1753295898.2557888,14.321407318115234,-29.432342529296875,77.69063568115234,-14.59109878540039,-29.827972412109375,78.52999877929688,13.852195739746094,-28.54515838623047,73.45297241210938,-12.198278427124023,-27.519216537475586,74.31454467773438
1753295898.2657907,14.134532928466797,-29.691402435302734,77.72016143798828,-14.439534187316895,-30.05125617980957,78.52999877929688,13.74797534942627,-28.74047088623047,73.51657104492188,-12.085933685302734,-27.69109344482422,74.33719635009766
1753295898.2757676,13.904688835144043,-29.929840087890625,77.73516082763672,-14.299379348754883,-30.319379806518555,78.52999877929688,13.56750774383545,-28.941720962524414,73.59266662597656,-11.982495307922363,-27.920156478881836,74.35984802246094
1753295898.2858245,13.74921989440918,-30.19202995300293,77.73516082763672,-14.139223098754883,-30.542348861694336,78.52999877929688,13.369380950927734,-29.18156623840332,73.64547729492188,-11.830933570861816,-28.130468368530273,74.40641021728516
1753295898.2957897,13.547658920288086,-30.405622482299805,77.74515533447266,-13.912973403930664,-30.81000518798828,78.52999877929688,13.234381675720215,-29.37265968322754,73.69719696044922,-11.670778274536133,-28.392967224121094,74.42906951904297
1753295898.305793,13.352971076965332,-30.64577865600586,77.7320327758789,-13.710002899169922,-31.053131103515625,78.51312255859375,13.050945281982422,-29.607975006103516,73.69828796386719,-11.544997215270996,-28.604684829711914,74.47766876220703
1753295898.3157823,13.209064483642578,-30.84484100341797,77.7300033569336,-13.452506065368652,-31.331878662109375,78.50484466552734,12.863758087158203,-29.8175048828125,73.72515869140625,-11.343591690063477,-28.849220275878906,74.50188446044922
1753295898.3259718,13.00875186920166,-31.05171775817871,77.72688293457031,-13.252191543579102,-31.54766082763672,78.50093841552734,12.707037925720215,-30.055315017700195,73.72515869140625,-11.155309677124023,-29.068124771118164,74.57032012939453
1753295898.335779,12.870157241821289,-31.257808685302734,77.70626068115234,-12.973442077636719,-31.78563117980957,78.47483825683594,12.479227066040039,-30.27000617980957,73.74516296386719,-11.013903617858887,-29.29452896118164,74.57781982421875
1753295898.3457854,12.666563987731934,-31.429683685302734,77.66875457763672,-12.790474891662598,-32.002662658691406,78.46687316894531,12.279226303100586,-30.490631103515625,73.74516296386719,-10.819683074951172,-29.50046730041504,74.61751556396484
1753295898.3557851,12.469844818115234,-31.64280891418457,77.64187622070312,-12.578439712524414,-32.22063064575195,78.43484497070312,12.062664031982422,-30.69344139099121,73.75234985351562,-10.629215240478516,-29.71921730041504,74.61516571044922
1753295898.3657699,12.33687686920166,-31.838905334472656,77.57625579833984,-12.407193183898926,-32.40437698364258,78.42469024658203,11.892664909362793,-30.893754959106445,73.75515747070312,-10.48093318939209,-29.93781280517578,74.6178207397461
1753295898.3757823,12.123594284057617,-32.06421661376953,77.51812744140625,-12.225003242492676,-32.56890869140625,78.36640167236328,11.769225120544434,-31.09140968322754,73.75515747070312,-10.268433570861816,-30.146718978881836,74.62516784667969
1753295898.3860092,11.952815055847168,-32.26280975341797,77.47453308105469,-12.049221992492676,-32.741878509521484,78.34750366210938,11.59750747680664,-31.30234718322754,73.75515747070312,-10.106403350830078,-30.36812400817871,74.611572265625
1753295898.3957844,11.790471076965332,-32.49781036376953,77.4429702758789,-11.93781852722168,-32.91703796386719,78.27937316894531,11.44125747680664,-31.53984832763672,73.75515747070312,-9.97640323638916,-30.585622787475586,74.61001586914062
1753295898.405833,11.57265853881836,-32.70030975341797,77.43000793457031,-11.810002326965332,-33.1239128112793,78.20468139648438,11.325788497924805,-31.76719093322754,73.75515747070312,-9.824372291564941,-30.85984230041504,74.61001586914062
1753295898.415778,11.403284072875977,-32.93531036376953,77.3760986328125,-11.646566390991211,-33.3118782043457,78.12094116210938,11.16781997680664,-32.012813568115234,73.75515747070312,-9.709996223449707,-31.072031021118164,74.59532165527344
1753295898.4258094,11.190156936645508,-33.141090393066406,77.37000274658203,-11.497817039489746,-33.518287658691406,78.05109405517578,11.011727333068848,-32.22703552246094,73.75515747070312,-9.594684600830078,-31.341562271118164,74.57000732421875
1753295898.4357924,10.978595733642578,-33.34202575683594,77.31078338623047,-11.335630416870117,-33.72000503540039,78.00859069824219,10.900163650512695,-32.464847564697266,73.75515747070312,-9.433120727539062,-31.5546875,74.57000732421875
1753295898.445783,10.810001373291016,-33.54812240600586,77.29421997070312,-11.119068145751953,-33.90156555175781,77.96015167236328,10.75969409942627,-32.65000534057617,73.73094177246094,-9.276247024536133,-31.79625129699707,74.53157043457031
1753295898.4557471,10.576720237731934,-33.70780944824219,77.21969604492188,-10.936565399169922,-34.09938049316406,77.92093658447266,10.56860065460205,-32.85578536987305,73.73001098632812,-9.18968391418457,-31.997501373291016,74.49141693115234
1753295898.4657867,10.43781566619873,-33.90843200683594,77.12828826904297,-10.731565475463867,-34.25875473022461,77.86640930175781,10.420007705688477,-33.03328323364258,73.7120361328125,-9.063901901245117,-32.20936965942383,74.43313598632812
1753295898.4757538,10.252656936645508,-34.058433532714844,77.02484893798828,-10.472189903259277,-34.447818756103516,77.78250122070312,10.21078872680664,-33.202659606933594,73.701416015625,-8.905465126037598,-32.40406036376953,74.37516784667969
1753295898.485836,10.054845809936523,-34.20952606201172,76.9234390258789,-10.243597030639648,-34.61484909057617,77.6996841430664,9.990788459777832,-33.3860969543457,73.68516540527344,-8.754371643066406,-32.6232795715332,74.31094360351562
1753295898.4957726,9.90890884399414,-34.36640548706055,76.86766052246094,-10.025472640991211,-34.775474548339844,77.58890533447266,9.807039260864258,-33.54985046386719,73.65625762939453,-8.64671516418457,-32.830936431884766,74.28031921386719
1753295898.5057764,9.718907356262207,-34.51015090942383,76.81344604492188,-9.836411476135254,-34.9520378112793,77.52078247070312,9.537976264953613,-33.71922302246094,73.61953735351562,-8.468121528625488,-33.03327941894531,74.2359390258789
1753295898.5157948,9.575939178466797,-34.66765213012695,76.74437713623047,-9.627971649169922,-35.123443603515625,77.45734405517578,9.33735179901123,-33.88890838623047,73.59095001220703,-8.29655933380127,-33.22843551635742,74.22344970703125
1753295898.5257926,9.423439025878906,-34.83686828613281,76.63359832763672,-9.499848365783691,-35.26875305175781,77.37483978271484,9.07375717163086,-34.0536003112793,73.53453826904297,-8.179683685302734,-33.416404724121094,74.1736068725586
1753295898.5357947,9.190470695495605,-35.00531005859375,76.50735473632812,-9.359536170959473,-35.44047546386719,77.26078033447266,8.91000747680664,-34.214534759521484,73.44766235351562,-8.007808685302734,-33.60515594482422,74.15000915527344
1753295898.545776,9.050313949584961,-35.19483947753906,76.39250183105469,-9.208910942077637,-35.61235046386719,77.11468505859375,8.72625732421875,-34.40406799316406,73.36953735351562,-7.804840087890625,-33.8068733215332,74.10453796386719
1753295898.5558333,8.880783081054688,-35.387027740478516,76.33203887939453,-9.089067459106445,-35.74906921386719,77.00374603271484,8.61516284942627,-34.56828308105469,73.29391479492188,-7.66999626159668,-34.018592834472656,74.02000427246094
1753295898.5657978,8.669689178466797,-35.55999755859375,76.24781799316406,-8.955941200256348,-35.8917236328125,76.91421508789062,8.531726837158203,-34.76344299316406,73.26406860351562,-7.471246719360352,-34.19609069824219,73.90719604492188
1753295898.5758214,8.52265739440918,-35.74781036376953,76.11328887939453,-8.777192115783691,-36.02812957763672,76.78624725341797,8.437820434570312,-34.95438003540039,73.2115707397461,-7.28999662399292,-34.363277435302734,73.79141235351562
1753295898.5857708,8.323283195495605,-35.92499923706055,76.00250244140625,-8.660785675048828,-36.18922424316406,76.63265228271484,8.330944061279297,-35.14531326293945,73.174072265625,-7.163746356964111,-34.545623779296875,73.74469757080078
1753295898.5957754,8.118595123291016,-36.10030746459961,75.90812683105469,-8.509535789489746,-36.38969421386719,76.54421997070312,8.211256980895996,-35.316097259521484,73.12032318115234,-6.9918718338012695,-34.7009391784668,73.69625854492188
1753295898.6057959,7.956876754760742,-36.27608871459961,75.8453140258789,-8.31906509399414,-36.56562805175781,76.45484161376953,8.125164031982422,-35.460784912109375,73.05828857421875,-6.864684104919434,-34.84140396118164,73.64000701904297
1753295898.6159928,7.748283386230469,-36.41156005859375,75.74687957763672,-8.114066123962402,-36.729225158691406,76.29515838623047,7.996413230895996,-35.58671951293945,72.95516967773438,-6.772653102874756,-34.98640441894531,73.56922912597656
1753295898.6257918,7.608126163482666,-36.55952835083008,75.59765625,-7.895472049713135,-36.889225006103516,76.10061645507812,7.827507019042969,-35.75672149658203,72.8464126586914,-6.636246681213379,-35.115779876708984,73.48017120361328
1753295898.635798,7.466407775878906,-36.70468521118164,75.46875762939453,-7.671253681182861,-37.0540657043457,75.99640655517578,7.685788631439209,-35.89719009399414,72.76891326904297,-6.484840393066406,-35.22796630859375,73.34860229492188
1753295898.6457846,7.27265739440918,-36.84437561035156,75.39891052246094,-7.483284950256348,-37.19969177246094,75.87499237060547,7.550788879394531,-36.03250503540039,72.71109771728516,-6.375933647155762,-35.37468719482422,73.27751159667969
1753295898.6558287,7.163751602172852,-36.95796203613281,75.28157043457031,-7.227034568786621,-37.34562683105469,75.70828247070312,7.357507705688477,-36.183441162109375,72.63860321044922,-6.270621299743652,-35.52030944824219,73.224853515625
1753295898.665812,7.050939559936523,-37.06296920776367,75.12094116210938,-7.056879997253418,-37.48531723022461,75.55297088623047,7.151413917541504,-36.3157844543457,72.53781127929688,-6.120309352874756,-35.66358947753906,73.16985321044922
1753295898.6757698,6.9120330810546875,-37.16624450683594,74.99687194824219,-6.8457841873168945,-37.60609817504883,75.42312622070312,6.967976093292236,-36.44219207763672,72.39016723632812,-5.953746318817139,-35.80686950683594,73.07078552246094
1753295898.6858082,6.763907432556152,-37.31812286376953,74.90422058105469,-6.721410751342773,-37.69828796386719,75.25359344482422,6.692194938659668,-36.58125305175781,72.32469177246094,-5.84593391418457,-35.97062683105469,72.96000671386719
1753295898.6958477,6.664689540863037,-37.43499755859375,74.76703643798828,-6.586253643035889,-37.7957878112793,75.1128158569336,6.488913059234619,-36.72688293457031,72.26797485351562,-5.719683647155762,-36.10546875,72.85000610351562
1753295898.7057974,6.514845371246338,-37.52171325683594,74.58953094482422,-6.431097984313965,-37.912349700927734,75.02452850341797,6.241725444793701,-36.84531784057617,72.21469116210938,-5.534684181213379,-36.256404876708984,72.7634506225586
1753295898.7158387,6.347188949584961,-37.62421798706055,74.47078704833984,-6.321878433227539,-38.03266143798828,74.87734985351562,6.075476169586182,-36.94688034057617,72.1393814086914,-5.383434295654297,-36.440155029296875,72.69563293457031
1753295898.7257717,6.2309393882751465,-37.76905822753906,74.35750579833984,-6.220004558563232,-38.13859939575195,74.70375061035156,5.863132476806641,-37.085472106933594,72.04953002929688,-5.280152797698975,-36.60078048706055,72.60985565185547
1753295898.735844,6.085939407348633,-37.88593673706055,74.15515899658203,-6.092660427093506,-38.23891067504883,74.59750366210938,5.721413612365723,-37.2103157043457,71.90922546386719,-5.098278045654297,-36.725311279296875,72.46500396728516
1753295898.7457669,5.868751525878906,-38.00265121459961,73.97859954833984,-5.963129997253418,-38.3587532043457,74.49468231201172,5.621257305145264,-37.33656311035156,71.81969451904297,-4.9460906982421875,-36.865936279296875,72.34407043457031
1753295898.7557623,5.7010955810546875,-38.17155838012695,73.87297058105469,-5.846409797668457,-38.46172332763672,74.33343505859375,5.505632400512695,-37.467350006103516,71.7632827758789,-4.840152740478516,-37.03156280517578,72.27845001220703
1753295898.765807,5.555314540863037,-38.30827713012695,73.70718383789062,-5.743129253387451,-38.55297088623047,74.16030883789062,5.425163745880127,-37.60469055175781,71.70860290527344,-4.701871395111084,-37.16343688964844,72.19985961914062
1753295898.7757597,5.3420329093933105,-38.44843673706055,73.53875732421875,-5.574378967285156,-38.66797637939453,74.04312133789062,5.355007648468018,-37.7411003112793,71.63438415527344,-4.5359344482421875,-37.32124710083008,72.08141326904297
1753295898.7857802,5.190626621246338,-38.59687423706055,73.42672729492188,-5.405786037445068,-38.78984832763672,73.88999938964844,5.2918829917907715,-37.84593963623047,71.50406646728516,-4.444215297698975,-37.48109436035156,71.93219757080078
1753295898.7957582,5.053282737731934,-38.73202896118164,73.2818832397461,-5.27125358581543,-38.893287658691406,73.68484497070312,5.241569995880127,-37.99000549316406,71.36406707763672,-4.342965602874756,-37.60374450683594,71.80985260009766
1753295898.8058188,4.8662519454956055,-38.85796356201172,73.10781860351562,-5.106098651885986,-38.99906921386719,73.53437805175781,5.181413650512695,-38.15375518798828,71.25923156738281,-4.196715354919434,-37.69093704223633,71.73031616210938
1753295898.8157701,4.743439197540283,-38.97077941894531,73.00609588623047,-4.903755187988281,-39.06703567504883,73.34484100341797,5.121100902557373,-38.26625061035156,71.1339111328125,-4.054059028625488,-37.792030334472656,71.619384765625
1753295898.8257983,4.623439311981201,-39.06796646118164,72.87454223632812,-4.735472202301025,-39.12891387939453,73.1824951171875,5.0179762840271,-38.36781692504883,70.9537582397461,-3.964371681213379,-37.90593338012695,71.45891571044922
1753295898.835763,4.471564292907715,-39.17827606201172,72.72593688964844,-4.51906681060791,-39.209381103515625,73.06858825683594,4.88360071182251,-38.47719192504883,70.82937622070312,-3.872340202331543,-38.011558532714844,71.3292236328125
1753295898.8457782,4.3481268882751465,-39.27406311035156,72.59390258789062,-4.37328577041626,-39.3075065612793,72.88187408447266,4.743913650512695,-38.57563018798828,70.77845001220703,-3.7446839809417725,-38.12156295776367,71.24266815185547
1753295898.8557684,4.250939846038818,-39.359214782714844,72.4859390258789,-4.2476606369018555,-39.414066314697266,72.67921447753906,4.579226016998291,-38.6707878112793,70.66329193115234,-3.6099963188171387,-38.32140350341797,71.1111068725586
1753295898.8657718,4.113283157348633,-39.398590087890625,72.35110473632812,-4.0656280517578125,-39.51875305175781,72.57749938964844,4.366726398468018,-38.749847412109375,70.49766540527344,-3.527965545654297,-38.32140350341797,70.9459457397461
1753295898.8757973,3.958439350128174,-39.42765426635742,72.17000579833984,-3.9464094638824463,-39.621097564697266,72.4175033569336,4.202663421630859,-38.815940856933594,70.36297607421875,-3.4439027309417725,-38.40687561035156,70.84890747070312
1753295898.8857954,3.8748457431793213,-39.50733947753906,72.0479736328125,-3.8446927070617676,-39.72312927246094,72.22468566894531,3.982351064682007,-38.886409759521484,70.28157806396484,-3.3403093814849854,-38.5017204284668,70.74032592773438
1753295898.8957846,3.789689064025879,-39.58827590942383,71.91625213623047,-3.7278175354003906,-39.83390808105469,72.10733795166016,3.754694938659668,-38.959537506103516,70.17578887939453,-3.2070279121398926,-38.59874725341797,70.58798217773438
1753295898.9057658,3.689220428466797,-39.66749572753906,71.70344543457031,-3.599066734313965,-39.917816162109375,71.93155670166016,3.539382219314575,-39.04047393798828,70.01688385009766,-3.082496404647827,-38.670467376708984,70.42938232421875
1753295898.9157655,3.545783042907715,-39.73749923706055,71.56437683105469,-3.514223098754883,-39.963287353515625,71.76984405517578,3.3009448051452637,-39.128753662109375,69.87500762939453,-2.984840154647827,-38.78046798706055,70.3386001586914
1753295898.9257748,3.418907880783081,-39.799842834472656,71.41578674316406,-3.4407854080200195,-40.01734924316406,71.66921997070312,3.1217260360717773,-39.21609878540039,69.79641723632812,-2.8484342098236084,-38.893123626708984,70.24532318115234
1753295898.9357665,3.3204703330993652,-39.81953048706055,71.19796752929688,-3.3764100074768066,-40.04359436035156,71.51859283447266,2.9067258834838867,-39.24671936035156,69.68297576904297,-2.692652940750122,-38.98405838012695,70.092041015625
1753295898.9458013,3.19625186920166,-39.84437561035156,71.0679702758789,-3.3096909523010254,-40.07579040527344,71.33016204833984,2.79266357421875,-39.281253814697266,69.54985046386719,-2.584059000015259,-39.07109069824219,69.95891571044922
1753295898.955774,3.025782823562622,-39.89311981201172,70.89688110351562,-3.2056283950805664,-40.144691467285156,71.20858764648438,2.7161011695861816,-39.35594177246094,69.41876220703125,-2.4887466430664062,-39.1740608215332,69.87782287597656
1753295898.9657667,2.9145328998565674,-39.95921325683594,70.68953704833984,-3.091254234313965,-40.24359893798828,71.07171630859375,2.6437575817108154,-39.40531921386719,69.33609771728516,-2.364215135574341,-39.3103141784668,69.78797912597656
1753295898.9757717,2.79500150680542,-40.05453109741211,70.57516479492188,-3.0045342445373535,-40.31312942504883,70.87655639648438,2.573288679122925,-39.478755950927734,69.2154769897461,-2.232809066772461,-39.43062210083008,69.66985321044922
1753295898.9857688,2.614220380783081,-40.12968444824219,70.41938018798828,-2.9134416580200195,-40.36469650268555,70.7387466430664,2.5109450817108154,-39.55375671386719,69.07453918457031,-2.134058952331543,-39.5173454284668,69.494384765625
1753295898.9957633,2.4578142166137695,-40.18765640258789,70.23969268798828,-2.798597812652588,-40.404380798339844,70.59296417236328,2.478444814682007,-39.640472412109375,68.96844482421875,-2.053121566772461,-39.576717376708984,69.39891052246094
1753295899.0057912,2.3768768310546875,-40.23234558105469,70.1256332397461,-2.6787543296813965,-40.421409606933594,70.36687469482422,2.432663679122925,-39.71125411987305,68.90547943115234,-1.959371566772461,-39.65562438964844,69.30875396728516
1753295899.0157645,2.274064064025879,-40.26890563964844,70.00859832763672,-2.552347183227539,-40.44532012939453,70.21156311035156,2.386101245880127,-39.765472412109375,68.83235168457031,-1.843902826309204,-39.75531005859375,69.16531372070312
1753295899.0257733,2.160001754760742,-40.29218673706055,69.84359741210938,-2.4318790435791016,-40.47641372680664,70.03170776367188,2.3542261123657227,-39.81422424316406,68.73782348632812,-1.753902792930603,-39.86125183105469,69.01766967773438
1753295899.0357652,2.0189080238342285,-40.34077453613281,69.71907043457031,-2.259378433227539,-40.5010986328125,69.84078216552734,2.3368823528289795,-39.904693603515625,68.59062957763672,-1.67280912399292,-39.9514045715332,68.9268798828125
1753295899.0457685,1.869220495223999,-40.38233947753906,69.61515808105469,-2.0921921730041504,-40.54454040527344,69.73609161376953,2.300163745880127,-39.98625183105469,68.47516632080078,-1.5967154502868652,-39.99640655517578,68.82829284667969
1753295899.0557659,1.78468918800354,-40.46015548706055,69.4503173828125,-1.9700050354003906,-40.6026611328125,69.57171630859375,2.2540698051452637,-40.10531234741211,68.40579223632812,-1.5345278978347778,-40.0099983215332,68.69564056396484
1753295899.0657992,1.7192206382751465,-40.5279655456543,69.28328704833984,-1.8381285667419434,-40.65219497680664,69.36109161376953,2.162038564682007,-40.1629753112793,68.33250427246094,-1.4628090858459473,-40.03202819824219,68.53610229492188
1753295899.075776,1.6692203283309937,-40.62202835083008,69.19359588623047,-1.6781282424926758,-40.71297073364258,69.25608825683594,2.0486011505126953,-40.207035064697266,68.23406982421875,-1.4184340238571167,-40.08046340942383,68.43954467773438
1753295899.0857959,1.6476579904556274,-40.68827819824219,69.04531860351562,-1.562192440032959,-40.77406692504883,69.12031555175781,1.96844482421875,-40.22687911987305,68.0925064086914,-1.3524965047836304,-40.108123779296875,68.3493881225586
1753295899.0957897,1.5895330905914307,-40.70812225341797,68.84781646728516,-1.464848518371582,-40.79125213623047,68.95843505859375,1.9132885932922363,-40.25968933105469,67.96172332763672,-1.262965202331543,-40.157657623291016,68.21859741210938
1753295899.1057727,1.5339080095291138,-40.7120246887207,68.7242202758789,-1.3298487663269043,-40.8175048828125,68.83452606201172,1.8728199005126953,-40.32109451293945,67.87250518798828,-1.1937466859817505,-40.23031234741211,68.06454467773438
1753295899.115782,1.4751580953598022,-40.73374938964844,68.59343719482422,-1.2131285667419434,-40.83781433105469,68.70687866210938,1.84078848361969,-40.394378662109375,67.74954223632812,-1.1234339475631714,-40.32374572753906,67.98141479492188
1753295899.1257699,1.397814154624939,-40.73765563964844,68.3917236328125,-1.1382842063903809,-40.83750915527344,68.54234313964844,1.7801636457443237,-40.476566314697266,67.59000396728516,-1.0381215810775757,-40.40093231201172,67.90579223632812
1753295899.135774,1.3054704666137695,-40.73765563964844,68.25984954833984,-1.0895347595214844,-40.857505798339844,68.4046859741211,1.6918823719024658,-40.57687759399414,67.49984741210938,-0.9629652500152588,-40.46593475341797,67.79501342773438
1753295899.145775,1.2001579999923706,-40.774993896484375,68.13844299316406,-1.048440933227539,-40.88078308105469,68.31390380859375,1.55047607421875,-40.63547134399414,67.4307861328125,-0.8793714642524719,-40.506717681884766,67.65672302246094
1753295899.155776,1.1193766593933105,-40.79202651977539,67.96234893798828,-1.009535789489746,-40.88750076293945,68.17813110351562,1.4232885837554932,-40.66828918457031,67.34359741210938,-0.7970279455184937,-40.53765106201172,67.55001068115234
1753295899.1657689,1.064845323562622,-40.80765151977539,67.82344818115234,-0.9678173065185547,-40.89891052246094,68.01828002929688,1.28875732421875,-40.7064094543457,67.21125793457031,-0.7185903191566467,-40.57093811035156,67.47953796386719
1753295899.17577,1.018751621246338,-40.849220275878906,67.73453521728516,-0.9096908569335938,-40.91593933105469,67.88546752929688,1.1082886457443237,-40.7087516784668,67.06938171386719,-0.6432777643203735,-40.61625289916992,67.39750671386719
1753295899.185774,0.9535954594612122,-40.8621826171875,67.6061019897461,-0.8392238616943359,-40.92750549316406,67.79015350341797,0.9304760694503784,-40.74515914916992,67.0095443725586,-0.5843715071678162,-40.67124938964844,67.27000427246094
1753295899.1957982,0.8959391713142395,-40.89765548706055,67.42906188964844,-0.7489109039306641,-40.959381103515625,67.66796875,0.7967260479927063,-40.78656768798828,66.94141387939453,-0.5257777571678162,-40.72499465942383,67.12937927246094
1753295899.20578,0.8076579570770264,-40.95859146118164,67.33890533447266,-0.6881284713745117,-40.95750427246094,67.51155853271484,0.5929760336875916,-40.818912506103516,66.87250518798828,-0.4707777202129364,-40.775779724121094,67.06204223632812
1753295899.2157702,0.71562659740448,-41.0028076171875,67.26890563964844,-0.6276607513427734,-40.97750473022461,67.39077758789062,0.43125733733177185,-40.86750793457031,66.76578521728516,-0.4010903835296631,-40.78999710083008,66.98204040527344
1753295899.2257748,0.6245329976081848,-41.06374740600586,67.17781829833984,-0.5734419822692871,-41.02547073364258,67.29171752929688,0.3104761242866516,-40.95000076293945,66.6260986328125,-0.3145277500152588,-40.78999710083008,66.9079818725586
1753295899.2357717,0.5598453879356384,-41.13843536376953,67.05360412597656,-0.5106282234191895,-41.05109786987305,67.15139770507812,0.12906983494758606,-41.00859451293945,66.53875732421875,-0.2424965649843216,-40.78999710083008,66.7947006225586
1753295899.2458053,0.4907830059528351,-41.15061950683594,66.93218994140625,-0.4606294631958008,-41.08406448364258,66.98062133789062,-0.001398921012878418,-41.060787200927734,66.4820327758789,-0.18452778458595276,-40.811248779296875,66.6697006225586
1753295899.2557812,0.42250171303749084,-41.17765426635742,66.87672424316406,-0.40000438690185547,-41.144065856933594,66.8793716430664,-0.09686768054962158,-41.07250213623047,66.41250610351562,-0.13499662280082703,-40.827030181884766,66.58907318115234
1753295899.2657833,0.34547045826911926,-41.181251525878906,66.80297088623047,-0.33875465393066406,-41.19656753540039,66.7824935913086,-0.1867114007472992,-41.07516098022461,66.33844757080078,-0.10562151670455933,-40.849998474121094,66.53829193115234
1753295899.2758062,0.26734545826911926,-41.187652587890625,66.7265625,-0.28000354766845703,-41.24406814575195,66.65515899658203,-0.2490551769733429,-41.07875061035156,66.24343872070312,-0.06984025239944458,-40.85640335083008,66.46157836914062
1753295899.2857776,0.19093915820121765,-41.218746185302734,66.60641479492188,-0.22156715393066406,-41.28657150268555,66.54031372070312,-0.3079614043235779,-41.09516143798828,66.14109802246094,-0.0393715500831604,-40.869998931884766,66.36141967773438
1753295899.2957728,0.11797041445970535,-41.2176513671875,66.48703002929688,-0.18781661987304688,-41.2918815612793,66.47921752929688,-0.33389896154403687,-41.12547302246094,66.08094787597656,0.009222179651260376,-40.869998931884766,66.23625946044922
1753295899.3057737,0.039845407009124756,-41.23765563964844,66.42813110351562,-0.1573467254638672,-41.3175048828125,66.41374206542969,-0.3753051161766052,-41.125160217285156,66.02391052246094,0.07469087839126587,-40.869998931884766,66.14845275878906
1753295899.3157775,-0.012185871601104736,-41.24483871459961,66.35952758789062,-0.12984752655029297,-41.3175048828125,66.35031127929688,-0.38764894008636475,-41.125160217285156,65.95657348632812,0.16312837600708008,-40.89093780517578,66.0886001586914
1753295899.3257778,-0.07406085729598999,-41.26765441894531,66.30593872070312,-0.1203155517578125,-41.3175048828125,66.2573471069336,-0.4076489806175232,-41.133907318115234,65.86843872070312,0.2368783950805664,-40.88999938964844,66.02750396728516
1753295899.3357682,-0.13796702027320862,-41.26765441894531,66.20156860351562,-0.0948476791381836,-41.326881408691406,66.11436462402344,-0.42561769485473633,-41.14516067504883,65.75125122070312,0.30547216534614563,-40.90999984741211,65.94375610351562
1753295899.3457649,-0.2070295810699463,-41.26765441894531,66.08422088623047,-0.09000301361083984,-41.3275032043457,66.02437591552734,-0.42764902114868164,-41.1651611328125,65.66844177246094,0.35422220826148987,-40.928592681884766,65.83828735351562
1753295899.3557646,-0.27015456557273865,-41.29452896118164,65.99296569824219,-0.04828453063964844,-41.347503662109375,65.97891235351562,-0.42764902114868164,-41.18516159057617,65.623291015625,0.3906284272670746,-40.93937683105469,65.71859741210938
1753295899.3657832,-0.3370295464992523,-41.31890106201172,65.92891693115234,-0.014379024505615234,-41.352664947509766,65.9195327758789,-0.42764902114868164,-41.21578598022461,65.59000396728516,0.45109716057777405,-40.959529876708984,65.66360473632812
1753295899.3757777,-0.3701545298099518,-41.33765411376953,65.88999938964844,0.06624698638916016,-41.35750198364258,65.89093017578125,-0.4374927282333374,-41.21516418457031,65.55438232421875,0.5135971307754517,-40.97999954223633,65.60907745361328
1753295899.3857868,-0.4131232798099518,-41.38390350341797,65.8296890258789,0.1701521873474121,-41.369380950927734,65.80359649658203,-0.4376488924026489,-41.22500228881836,65.50859832763672,0.586097240447998,-41.00687789916992,65.57078552246094
1753295899.3957849,-0.43546706438064575,-41.43061828613281,65.73360443115234,0.26499509811401367,-41.36750793457031,65.71624755859375,-0.44436752796173096,-41.250003814697266,65.46047973632812,0.6429722309112549,-41.02000045776367,65.51797485351562
1753295899.4057794,-0.4714045524597168,-41.48515319824219,65.61813354492188,0.332183837890625,-41.36750793457031,65.61499786376953,-0.457648903131485,-41.27609634399414,65.37235260009766,0.6848471164703369,-41.065311431884766,65.4479751586914
1753295899.4157693,-0.49546703696250916,-41.54452896118164,65.5162582397461,0.38140296936035156,-41.36750793457031,65.5546875,-0.47764894366264343,-41.32484817504883,65.25828552246094,0.7157846689224243,-41.08562469482422,65.34281921386719
1753295899.4257796,-0.5301545262336731,-41.59327697753906,65.45719146728516,0.4356217384338379,-41.37250518798828,65.50312042236328,-0.48186779022216797,-41.35734558105469,65.1725082397461,0.7190659642219543,-41.13156509399414,65.25828552246094
1753295899.4357762,-0.6012483239173889,-41.60765075683594,65.4190673828125,0.49187183380126953,-41.377506256103516,65.45062255859375,-0.4876488447189331,-41.42672348022461,65.14750671386719,0.7351596355438232,-41.19234085083008,65.20345306396484
1753295899.4457726,-0.6735920906066895,-41.60765075683594,65.37937927246094,0.5423402786254883,-41.38829040527344,65.39437866210938,-0.4876488447189331,-41.46046829223633,65.10391235351562,0.7351596355438232,-41.21421813964844,65.15579223632812
1753295899.4557807,-0.7414045929908752,-41.60765075683594,65.3268814086914,0.6109333038330078,-41.38750457763672,65.3140640258789,-0.4876488447189331,-41.48516082763672,65.09000396728516,0.7551596760749817,-41.25,65.13656616210938
1753295899.4657788,-0.798748254776001,-41.60765075683594,65.25187683105469,0.6964015960693359,-41.38750457763672,65.21906280517578,-0.4876488447189331,-41.50516128540039,65.05422973632812,0.7642222046852112,-41.25593566894531,65.0925064086914
1753295899.475769,-0.8309358358383179,-41.60765075683594,65.15203094482422,0.7742142677307129,-41.38750457763672,65.14359283447266,-0.49764904379844666,-41.50984573364258,65.04000854492188,0.7756284475326538,-41.2599983215332,65.07032775878906
1753295899.4857843,-0.857342004776001,-41.60765075683594,65.06906127929688,0.8443713188171387,-41.38750457763672,65.09796905517578,-0.5076488852500916,-41.515159606933594,65.01485443115234,0.783440887928009,-41.28156280517578,65.03282165527344
1753295899.4957757,-0.859998345375061,-41.61750030517578,65.02781677246094,0.9185886383056641,-41.38750457763672,65.08094024658203,-0.5196800827980042,-41.5223503112793,64.97500610351562,0.7951596975326538,-41.279998779296875,64.99423217773438
1753295899.505791,-0.859998345375061,-41.617652893066406,64.98797607421875,0.9818721413612366,-41.39531326293945,65.04718780517578,-0.521867573261261,-41.52812957763672,64.94156646728516,0.7951596975326538,-41.279998779296875,64.94125366210938
1753295899.5157778,-0.8710920810699463,-41.617652893066406,64.98406219482422,1.0632777214050293,-41.39750671386719,65.02124786376953,-0.5320239067077637,-41.535160064697266,64.86953735351562,0.8154721856117249,-41.279998779296875,64.85984802246094
1753295899.525776,-0.8699983358383179,-41.617652893066406,64.95140838623047,1.127183437347412,-41.39750671386719,64.9867172241211,-0.5376487970352173,-41.535160064697266,64.78531646728516,0.8151596784591675,-41.28468322753906,64.80829620361328
1753295899.535776,-0.8699983358383179,-41.62312316894531,64.92938232421875,1.184995174407959,-41.40594482421875,64.9660873413086,-0.5476489663124084,-41.535160064697266,64.71953582763672,0.8453158736228943,-41.28999710083008,64.760009765625
1753295899.5458286,-0.8796858191490173,-41.627655029296875,64.90593719482422,1.2314033508300781,-41.40750503540039,64.92109680175781,-0.5706176161766052,-41.557193756103516,64.6690673828125,0.8551596999168396,-41.30125045776367,64.73922729492188
1753295899.5558314,-0.8939045667648315,-41.627655029296875,64.87937927246094,1.2579655647277832,-41.41969299316406,64.87109375,-0.5776488780975342,-41.55516052246094,64.65609741210938,0.8815659284591675,-41.30000305175781,64.72500610351562
1753295899.5657918,-0.9206233620643616,-41.627655029296875,64.84844207763672,1.269996166229248,-41.4212532043457,64.80015563964844,-0.5998364090919495,-41.55516052246094,64.64000701904297,0.9054722189903259,-41.30000305175781,64.71000671386719
1753295899.5757957,-0.919998288154602,-41.627655029296875,64.79469299316406,1.2799954414367676,-41.42750549316406,64.72891235351562,-0.6146800518035889,-41.55516052246094,64.61860656738281,0.9450033903121948,-41.30000305175781,64.69297790527344
1753295899.5857882,-0.919998288154602,-41.627655029296875,64.75328063964844,1.2799954414367676,-41.42750549316406,64.67374420166016,-0.6276488304138184,-41.55516052246094,64.61001586914062,1.0065659284591675,-41.30000305175781,64.68000793457031
1753295899.595783,-0.919998288154602,-41.627655029296875,64.68968963623047,1.2799954414367676,-41.42750549316406,64.64437866210938,-0.6424927711486816,-41.55516052246094,64.5876693725586,1.0606284141540527,-41.31015396118164,64.67501068115234
1753295899.605783,-0.919998288154602,-41.627655029296875,64.64859771728516,1.2799954414367676,-41.42750549316406,64.62625122070312,-0.6645238399505615,-41.55516052246094,64.57984924316406,1.1189097166061401,-41.310001373291016,64.65000915527344
1753295899.615776,-0.93671715259552,-41.627655029296875,64.62734985351562,1.2799954414367676,-41.42750549316406,64.60859680175781,-0.7276490330696106,-41.55516052246094,64.56641387939453,1.1503158807754517,-41.310001373291016,64.65000915527344
1753295899.6257813,-0.9399983286857605,-41.627655029296875,64.60000610351562,1.2799954414367676,-41.42750549316406,64.60484313964844,-0.7670238614082336,-41.55516052246094,64.54766082763672,1.1792222261428833,-41.310001373291016,64.63016510009766
1753295899.6357803,-0.9617170691490173,-41.627655029296875,64.60000610351562,1.288590431213379,-41.42750549316406,64.5824966430664,-0.8079615235328674,-41.55516052246094,64.54000854492188,1.185159683227539,-41.310001373291016,64.62001037597656
1753295899.6457818,-0.9699983596801758,-41.627655029296875,64.57968139648438,1.2899971008300781,-41.42750549316406,64.58484649658203,-0.8381175994873047,-41.55516052246094,64.51500701904297,1.195159673690796,-41.31999969482422,64.62001037597656
1753295899.6557791,-0.9729670286178589,-41.627655029296875,64.58000183105469,1.2899971008300781,-41.42750549316406,64.56468200683594,-0.8690550923347473,-41.565162658691406,64.48204040527344,1.195159673690796,-41.31999969482422,64.592041015625
1753295899.665778,-0.9899982810020447,-41.627655029296875,64.56937408447266,1.2899971008300781,-41.42750549316406,64.5648422241211,-0.8956176042556763,-41.565162658691406,64.46516418457031,1.195159673690796,-41.3224983215332,64.59001159667969
1753295899.6757843,-0.9899982810020447,-41.627655029296875,64.57000732421875,1.2899971008300781,-41.42750549316406,64.56047058105469,-0.9067114591598511,-41.565162658691406,64.42438507080078,1.195159673690796,-41.33000183105469,64.59001159667969
1753295899.6857784,-1.0109357833862305,-41.627655029296875,64.56578063964844,1.2999963760375977,-41.42750549316406,64.54483795166016,-0.9076488018035889,-41.565162658691406,64.40328979492188,1.1995347738265991,-41.33000183105469,64.56954193115234
1753295899.695783,-1.01999831199646,-41.627655029296875,64.55001068115234,1.2999963760375977,-41.42750549316406,64.54483795166016,-0.9296801686286926,-41.565162658691406,64.36859893798828,1.2051596641540527,-41.33000183105469,64.56001281738281
1753295899.705774,-1.0417170524597168,-41.627655029296875,64.55001068115234,1.3121843338012695,-41.42750549316406,64.5395278930664,-0.9276488423347473,-41.565162658691406,64.35000610351562,1.2051596641540527,-41.33000183105469,64.56001281738281
1753295899.7157757,-1.0564045906066895,-41.627655029296875,64.54610443115234,1.3099956512451172,-41.42750549316406,64.52484130859375,-0.9349926710128784,-41.565162658691406,64.32516479492188,1.2051596641540527,-41.33000183105469,64.5564193725586
1753295899.7257898,-1.0799983739852905,-41.627655029296875,64.54000854492188,1.3099956512451172,-41.43750762939453,64.52484130859375,-0.9376490116119385,-41.565162658691406,64.32000732421875,1.2051596641540527,-41.33000183105469,64.5290756225586
1753295899.735776,-1.0946857929229736,-41.627655029296875,64.54000854492188,1.3099956512451172,-41.43750762939453,64.52484130859375,-0.9482738971710205,-41.565162658691406,64.32000732421875,1.2051596641540527,-41.33000183105469,64.5300064086914
1753295899.7457755,-1.1207795143127441,-41.627655029296875,64.5328140258789,1.3099956512451172,-41.43750762939453,64.51734924316406,-0.9476488828659058,-41.565162658691406,64.31672668457031,1.2051596641540527,-41.33000183105469,64.5300064086914
1753295899.7558105,-1.1379671096801758,-41.627655029296875,64.52999877929688,1.3099956512451172,-41.43750762939453,64.51483917236328,-0.9501489996910095,-41.565162658691406,64.31000518798828,1.2051596641540527,-41.33000183105469,64.52407836914062
1753295899.765792,-1.1632795333862305,-41.627655029296875,64.52999877929688,1.3099956512451172,-41.43750762939453,64.51483917236328,-0.9676489233970642,-41.565162658691406,64.31000518798828,1.2051596641540527,-41.33000183105469,64.50000762939453
1753295899.775787,-1.1978107690811157,-41.627655029296875,64.52999877929688,1.3099956512451172,-41.43750762939453,64.51483917236328,-0.9676489233970642,-41.565162658691406,64.31000518798828,1.2051596641540527,-41.34187316894531,64.50000762939453
1753295899.7857926,-1.2099982500076294,-41.627655029296875,64.52999877929688,1.3099956512451172,-41.43750762939453,64.50812530517578,-0.9676489233970642,-41.565162658691406,64.31000518798828,1.2051596641540527,-41.34000015258789,64.50000762939453
1753295899.795855,-1.2314045429229736,-41.627655029296875,64.52999877929688,1.3099956512451172,-41.43750762939453,64.50484466552734,-0.9676489233970642,-41.565162658691406,64.31000518798828,1.2051596641540527,-41.34000015258789,64.50000762939453
1753295899.8058236,-1.229998230934143,-41.627655029296875,64.52999877929688,1.3099956512451172,-41.44969177246094,64.50484466552734,-0.9676489233970642,-41.565162658691406,64.31000518798828,1.2051596641540527,-41.34000015258789,64.4900131225586
1753295899.8157797,-1.2409358024597168,-41.627655029296875,64.52249908447266,1.3099956512451172,-41.447505950927734,64.50484466552734,-0.97749263048172,-41.565162658691406,64.31000518798828,1.2051596641540527,-41.34000015258789,64.4900131225586
1753295899.8258247,-1.2399983406066895,-41.627655029296875,64.52000427246094,1.3099956512451172,-41.447505950927734,64.50484466552734,-0.9776488542556763,-41.565162658691406,64.31000518798828,1.2051596641540527,-41.34890365600586,64.4900131225586
1753295899.8358374,-1.2459357976913452,-41.627655029296875,64.52000427246094,1.3099956512451172,-41.447505950927734,64.50484466552734,-0.9815552830696106,-41.565162658691406,64.31000518798828,1.2078158855438232,-41.34999465942383,64.47079467773438
1753295899.8458147,-1.2499983310699463,-41.627655029296875,64.52000427246094,1.3099956512451172,-41.447505950927734,64.50484466552734,-0.9876489639282227,-41.565162658691406,64.31000518798828,1.2151596546173096,-41.34999465942383,64.47000885009766
1753295899.8558605,-1.2499983310699463,-41.627655029296875,64.52000427246094,1.3099956512451172,-41.447505950927734,64.50484466552734,-0.9876489639282227,-41.565162658691406,64.31000518798828,1.2151596546173096,-41.34999465942383,64.47000885009766
1753295899.8658655,-1.2499983310699463,-41.627655029296875,64.52000427246094,1.3099956512451172,-41.447505950927734,64.50484466552734,-0.9876489639282227,-41.565162658691406,64.31000518798828,1.2151596546173096,-41.34999465942383,64.47000885009766
1753295899.875788,-1.2499983310699463,-41.627655029296875,64.52000427246094,1.3099956512451172,-41.45750427246094,64.50484466552734,-0.9876489639282227,-41.565162658691406,64.31000518798828,1.2151596546173096,-41.34999465942383,64.46485900878906
1753295899.8858652,-1.2499983310699463,-41.61249923706055,64.52000427246094,1.3099956512451172,-41.45750427246094,64.50484466552734,-0.9876489639282227,-41.565162658691406,64.31000518798828,1.2151596546173096,-41.34999465942383,64.44766235351562
1753295899.8957834,-1.2499983310699463,-41.61249923706055,64.52000427246094,1.3099956512451172,-41.45750427246094,64.50484466552734,-0.99577397108078,-41.565162658691406,64.31000518798828,1.2151596546173096,-41.35609436035156,64.45001220703125
1753295899.9058754,-1.2499983310699463,-41.61249923706055,64.52000427246094,1.3099956512451172,-41.45750427246094,64.50484466552734,-1.0010865926742554,-41.565162658691406,64.31000518798828,1.2151596546173096,-41.3599967956543,64.46516418457031
1753295899.915785,-1.2499983310699463,-41.61249923706055,64.52000427246094,1.3099956512451172,-41.45750427246094,64.50484466552734,-1.0076489448547363,-41.565162658691406,64.31000518798828,1.2151596546173096,-41.3599967956543,64.43782806396484
1753295899.9258034,-1.2499983310699463,-41.61249923706055,64.52000427246094,1.3099956512451172,-41.45750427246094,64.50484466552734,-1.0076489448547363,-41.565162658691406,64.31000518798828,1.2151596546173096,-41.3599967956543,64.44001007080078
1753295899.9357939,-1.2499983310699463,-41.61249923706055,64.52000427246094,1.3099956512451172,-41.45750427246094,64.50484466552734,-1.0076489448547363,-41.565162658691406,64.32516479492188,1.2151596546173096,-41.3599967956543,64.44001007080078
1753295899.9457908,-1.2499983310699463,-41.61249923706055,64.51000213623047,1.3099956512451172,-41.45750427246094,64.50484466552734,-1.0145238637924194,-41.565162658691406,64.32516479492188,1.2151596546173096,-41.3599967956543,64.44001007080078
1753295899.9557824,-1.2499983310699463,-41.61249923706055,64.51000213623047,1.3099956512451172,-41.45750427246094,64.50484466552734,-1.0176489353179932,-41.565162658691406,64.32516479492188,1.2151596546173096,-41.3599967956543,64.44001007080078
1753295899.965823,-1.2499983310699463,-41.61249923706055,64.51000213623047,1.3099956512451172,-41.45750427246094,64.50484466552734,-1.0176489353179932,-41.565162658691406,64.32516479492188,1.2151596546173096,-41.3599967956543,64.44001007080078
1753295899.975788,-1.2499983310699463,-41.61249923706055,64.49797821044922,1.3099956512451172,-41.45750427246094,64.49484252929688,-1.029992699623108,-41.565162658691406,64.3375015258789,1.2151596546173096,-41.3599967956543,64.44001007080078
1753295899.9857874,-1.2499983310699463,-41.61249923706055,64.50000762939453,1.3099956512451172,-41.45750427246094,64.49484252929688,-1.027648687362671,-41.565162658691406,64.33516693115234,1.2151596546173096,-41.3599967956543,64.44001007080078
1753295899.9957862,-1.2499983310699463,-41.61249923706055,64.50000762939453,1.3099956512451172,-41.467506408691406,64.49484252929688,-1.0376489162445068,-41.565162658691406,64.33516693115234,1.2151596546173096,-41.3599967956543,64.44001007080078
1753295900.0058296,-1.2499983310699463,-41.61249923706055,64.50000762939453,1.3099956512451172,-41.467506408691406,64.49484252929688,-1.0376489162445068,-41.565162658691406,64.33516693115234,1.2151596546173096,-41.3599967956543,64.44001007080078
1753295900.015845,-1.2499983310699463,-41.61249923706055,64.50000762939453,1.3099956512451172,-41.467506408691406,64.49484252929688,-1.0476487874984741,-41.565162658691406,64.33516693115234,1.2151596546173096,-41.3599967956543,64.44001007080078
1753295900.0258248,-1.2499983310699463,-41.61249923706055,64.50000762939453,1.3099956512451172,-41.467506408691406,64.49484252929688,-1.0476487874984741,-41.565162658691406,64.33516693115234,1.2151596546173096,-41.3599967956543,64.44001007080078
1753295900.0358002,-1.2499983310699463,-41.60249710083008,64.50000762939453,1.3099956512451172,-41.467506408691406,64.49484252929688,-1.0596803426742554,-41.565162658691406,64.34562683105469,1.2151596546173096,-41.3599967956543,64.44001007080078
1753295900.0457923,-1.2499983310699463,-41.60249710083008,64.50000762939453,1.3099956512451172,-41.467506408691406,64.49484252929688,-1.065148949623108,-41.565162658691406,64.34516906738281,1.2151596546173096,-41.37156295776367,64.44001007080078
1753295900.0558038,-1.2499983310699463,-41.60249710083008,64.50000762939453,1.3099956512451172,-41.467506408691406,64.49484252929688,-1.0676487684249878,-41.565162658691406,64.34890747070312,1.2151596546173096,-41.37000274658203,64.44001007080078
1753295900.0657907,-1.2499983310699463,-41.60249710083008,64.50000762939453,1.3099956512451172,-41.467506408691406,64.4910888671875,-1.0776489973068237,-41.565162658691406,64.35516357421875,1.2151596546173096,-41.37000274658203,64.44001007080078
1753295900.0758379,-1.2499983310699463,-41.60249710083008,64.50000762939453,1.2948393821716309,-41.467506408691406,64.4848403930664,-1.0776489973068237,-41.565162658691406,64.35516357421875,1.2151596546173096,-41.37000274658203,64.44001007080078
1753295900.085795,-1.2499983310699463,-41.60249710083008,64.50000762939453,1.2948393821716309,-41.467506408691406,64.4848403930664,-1.0978052616119385,-41.565162658691406,64.35516357421875,1.2151596546173096,-41.37000274658203,64.44001007080078
1753295900.0957913,-1.2499983310699463,-41.59124755859375,64.50000762939453,1.2948393821716309,-41.467506408691406,64.4848403930664,-1.104367733001709,-41.565162658691406,64.37625885009766,1.2151596546173096,-41.38233947753906,64.44001007080078
1753295900.1058323,-1.2499983310699463,-41.592498779296875,64.50000762939453,1.2948393821716309,-41.467506408691406,64.4848403930664,-1.1168676614761353,-41.565162658691406,64.37516021728516,1.2151596546173096,-41.380001068115234,64.44001007080078
1753295900.115792,-1.2499983310699463,-41.592498779296875,64.50000762939453,1.2948393821716309,-41.467506408691406,64.4848403930664,-1.127648949623108,-41.565162658691406,64.37516021728516,1.2151596546173096,-41.380001068115234,64.44001007080078
1753295900.1258268,-1.2499983310699463,-41.592498779296875,64.50000762939453,1.2948393821716309,-41.467506408691406,64.4848403930664,-1.1467114686965942,-41.565162658691406,64.37516021728516,1.2151596546173096,-41.380001068115234,64.44001007080078
1753295900.1357968,-1.2499983310699463,-41.592498779296875,64.50000762939453,1.2948393821716309,-41.467506408691406,64.4848403930664,-1.1565550565719604,-41.565162658691406,64.37516021728516,1.2151596546173096,-41.380001068115234,64.44001007080078
1753295900.145792,-1.2499983310699463,-41.592498779296875,64.50000762939453,1.2948393821716309,-41.467506408691406,64.4848403930664,-1.1703050136566162,-41.565162658691406,64.3960952758789,1.2151596546173096,-41.380001068115234,64.44001007080078
1753295900.1557913,-1.2499983310699463,-41.592498779296875,64.50000762939453,1.2948393821716309,-41.467506408691406,64.4848403930664,-1.1985865831375122,-41.565162658691406,64.39517211914062,1.2151596546173096,-41.380001068115234,64.44001007080078
1753295900.1658342,-1.2499983310699463,-41.592498779296875,64.50000762939453,1.2948393821716309,-41.467506408691406,64.4848403930664,-1.207648754119873,-41.565162658691406,64.39517211914062,1.2151596546173096,-41.38890075683594,64.44001007080078
1753295900.1758578,-1.2499983310699463,-41.592498779296875,64.50000762939453,1.2948393821716309,-41.467506408691406,64.4848403930664,-1.231086254119873,-41.565162658691406,64.39517211914062,1.2151596546173096,-41.38999938964844,64.44001007080078
1753295900.1858346,-1.2499983310699463,-41.592498779296875,64.50000762939453,1.2948393821716309,-41.467506408691406,64.4848403930664,-1.2376490831375122,-41.565162658691406,64.39517211914062,1.2151596546173096,-41.38999938964844,64.44001007080078
1753295900.1958401,-1.2499983310699463,-41.592498779296875,64.50000762939453,1.2948393821716309,-41.467506408691406,64.4848403930664,-1.2632739543914795,-41.565162658691406,64.40516662597656,1.2151596546173096,-41.38999938964844,64.44001007080078
1753295900.2057998,-1.2499983310699463,-41.58359146118164,64.50000762939453,1.2848401069641113,-41.467506408691406,64.4848403930664,-1.2703051567077637,-41.565162658691406,64.4167251586914,1.2151596546173096,-41.38999938964844,64.44001007080078
1753295900.2158384,-1.2499983310699463,-41.58250045776367,64.50000762939453,1.2848401069641113,-41.467506408691406,64.4848403930664,-1.2776488065719604,-41.565162658691406,64.4151611328125,1.2151596546173096,-41.39577865600586,64.44001007080078
1753295900.225792,-1.2499983310699463,-41.58250045776367,64.50000762939453,1.2848401069641113,-41.467506408691406,64.4848403930664,-1.2776488065719604,-41.565162658691406,64.4151611328125,1.2151596546173096,-41.39999771118164,64.44001007080078
1753295900.2358167,-1.2499983310699463,-41.58250045776367,64.50000762939453,1.2848401069641113,-41.467506408691406,64.4848403930664,-1.2776488065719604,-41.565162658691406,64.4151611328125,1.2151596546173096,-41.39999771118164,64.44001007080078
1753295900.2458227,-1.2499983310699463,-41.58250045776367,64.50000762939453,1.2848401069641113,-41.467506408691406,64.4848403930664,-1.2860864400863647,-41.55000305175781,64.42422485351562,1.2151596546173096,-41.39999771118164,64.44001007080078
1753295900.2558053,-1.2499983310699463,-41.58250045776367,64.50000762939453,1.2848401069641113,-41.467506408691406,64.4848403930664,-1.2876489162445068,-41.55000305175781,64.4351577758789,1.2151596546173096,-41.39999771118164,64.44001007080078
1753295900.2658463,-1.2499983310699463,-41.58250045776367,64.50000762939453,1.2848401069641113,-41.467506408691406,64.47687530517578,-1.2876489162445068,-41.55000305175781,64.4351577758789,1.2151596546173096,-41.39999771118164,64.44001007080078
1753295900.2757926,-1.2499983310699463,-41.57249450683594,64.49124908447266,1.2787461280822754,-41.467506408691406,64.47483825683594,-1.2876489162445068,-41.55000305175781,64.4351577758789,1.2151596546173096,-41.39999771118164,64.44001007080078
1753295900.2858322,-1.2499983310699463,-41.57249450683594,64.49000549316406,1.2748408317565918,-41.467506408691406,64.47483825683594,-1.2876489162445068,-41.55000305175781,64.44345092773438,1.2151596546173096,-41.39999771118164,64.44001007080078
1753295900.2957926,-1.2499983310699463,-41.57249450683594,64.49000549316406,1.2748408317565918,-41.467506408691406,64.47483825683594,-1.2876489162445068,-41.55000305175781,64.45391082763672,1.2151596546173096,-41.409996032714844,64.44001007080078
1753295900.3057883,-1.2499983310699463,-41.57249450683594,64.49000549316406,1.2748408317565918,-41.467506408691406,64.47483825683594,-1.2876489162445068,-41.55000305175781,64.45516967773438,1.2151596546173096,-41.409996032714844,64.44001007080078
1753295900.3158047,-1.2499983310699463,-41.57249450683594,64.49000549316406,1.2748408317565918,-41.467506408691406,64.47483825683594,-1.2876489162445068,-41.55000305175781,64.45516967773438,1.2151596546173096,-41.409996032714844,64.44001007080078
1753295900.3258004,-1.2499983310699463,-41.57249450683594,64.49000549316406,1.2748408317565918,-41.467506408691406,64.47483825683594,-1.2876489162445068,-41.55000305175781,64.45516967773438,1.2151596546173096,-41.409996032714844,64.44001007080078
1753295900.3358047,-1.2499983310699463,-41.57249450683594,64.49000549316406,1.2748408317565918,-41.467506408691406,64.47483825683594,-1.2876489162445068,-41.55000305175781,64.45516967773438,1.2151596546173096,-41.409996032714844,64.44001007080078
1753295900.345806,-1.2499983310699463,-41.57249450683594,64.49000549316406,1.2748408317565918,-41.467506408691406,64.47483825683594,-1.2876489162445068,-41.55000305175781,64.45516967773438,1.2151596546173096,-41.409996032714844,64.44001007080078
1753295900.3557947,-1.2499983310699463,-41.57249450683594,64.49000549316406,1.2748408317565918,-41.467506408691406,64.47483825683594,-1.2876489162445068,-41.55000305175781,64.45516967773438,1.2151596546173096,-41.409996032714844,64.44001007080078
1753295900.365798,-1.2499983310699463,-41.57249450683594,64.49000549316406,1.2748408317565918,-41.467506408691406,64.47483825683594,-1.2876489162445068,-41.55000305175781,64.45516967773438,1.2151596546173096,-41.409996032714844,64.44001007080078
1753295900.3757942,-1.2499983310699463,-41.57249450683594,64.49000549316406,1.2748408317565918,-41.467506408691406,64.47483825683594,-1.2876489162445068,-41.55000305175781,64.46516418457031,1.2151596546173096,-41.409996032714844,64.44001007080078
1753295900.385796,-1.2499983310699463,-41.57249450683594,64.49000549316406,1.2748408317565918,-41.467506408691406,64.47483825683594,-1.2876489162445068,-41.55000305175781,64.46516418457031,1.2151596546173096,-41.409996032714844,64.44001007080078
1753295900.3958044,-1.2499983310699463,-41.56578063964844,64.49000549316406,1.2748408317565918,-41.467506408691406,64.47483825683594,-1.2876489162445068,-41.55000305175781,64.46875762939453,1.2151596546173096,-41.409996032714844,64.44001007080078
1753295900.4057965,-1.2499983310699463,-41.5625,64.49000549316406,1.2748408317565918,-41.467506408691406,64.47483825683594,-1.2876489162445068,-41.55000305175781,64.47516632080078,1.2151596546173096,-41.419063568115234,64.44001007080078
1753295900.4158096,-1.2499983310699463,-41.5625,64.49000549316406,1.2748408317565918,-41.467506408691406,64.47483825683594,-1.2876489162445068,-41.55000305175781,64.47516632080078,1.2151596546173096,-41.41999816894531,64.44001007080078
1753295900.425797,-1.2499983310699463,-41.5625,64.49000549316406,1.2748408317565918,-41.467506408691406,64.47483825683594,-1.2876489162445068,-41.55000305175781,64.47516632080078,1.2151596546173096,-41.41999816894531,64.44001007080078
1753295900.4358127,-1.2499983310699463,-41.5625,64.49000549316406,1.2748408317565918,-41.467506408691406,64.47483825683594,-1.2876489162445068,-41.55000305175781,64.47516632080078,1.2151596546173096,-41.41999816894531,64.44001007080078
1753295900.4458098,-1.2499983310699463,-41.5625,64.49000549316406,1.2684345245361328,-41.467506408691406,64.47483825683594,-1.2876489162445068,-41.55000305175781,64.47516632080078,1.2151596546173096,-41.41999816894531,64.44001007080078
1753295900.4558225,-1.2499983310699463,-41.5625,64.49000549316406,1.2648391723632812,-41.467506408691406,64.47483825683594,-1.2876489162445068,-41.55000305175781,64.47516632080078,1.2151596546173096,-41.42390441894531,64.44001007080078
1753295900.4657998,-1.2499983310699463,-41.5625,64.49000549316406,1.2648391723632812,-41.467506408691406,64.47483825683594,-1.2876489162445068,-41.55000305175781,64.47516632080078,1.2151596546173096,-41.429996490478516,64.44001007080078
1753295900.475832,-1.2499983310699463,-41.5625,64.49000549316406,1.2648391723632812,-41.467506408691406,64.47483825683594,-1.2876489162445068,-41.540000915527344,64.47516632080078,1.2151596546173096,-41.429996490478516,64.44001007080078
1753295900.4857986,-1.2499983310699463,-41.5625,64.49000549316406,1.2648391723632812,-41.467506408691406,64.47483825683594,-1.2876489162445068,-41.540000915527344,64.47516632080078,1.2151596546173096,-41.429996490478516,64.44001007080078
1753295900.4958682,-1.2499983310699463,-41.5625,64.49000549316406,1.2648391723632812,-41.467506408691406,64.47483825683594,-1.294211506843567,-41.540000915527344,64.47516632080078,1.2151596546173096,-41.429996490478516,64.44001007080078
1753295900.5058124,-1.2499983310699463,-41.5625,64.49000549316406,1.2648391723632812,-41.467506408691406,64.47483825683594,-1.2976489067077637,-41.540000915527344,64.47516632080078,1.2151596546173096,-41.4381217956543,64.44001007080078
1753295900.5158465,-1.2499983310699463,-41.55562210083008,64.49000549316406,1.2648391723632812,-41.467506408691406,64.47483825683594,-1.2976489067077637,-41.540000915527344,64.47516632080078,1.2151596546173096,-41.439998626708984,64.44001007080078
1753295900.5257967,-1.2499983310699463,-41.55249786376953,64.49000549316406,1.2648391723632812,-41.467506408691406,64.47483825683594,-1.2976489067077637,-41.540000915527344,64.47516632080078,1.2151596546173096,-41.439998626708984,64.44001007080078
1753295900.5357962,-1.2499983310699463,-41.55249786376953,64.49000549316406,1.2648391723632812,-41.467506408691406,64.47483825683594,-1.2976489067077637,-41.540000915527344,64.47516632080078,1.2151596546173096,-41.439998626708984,64.44001007080078
1753295900.5458024,-1.2499983310699463,-41.55249786376953,64.49000549316406,1.2648391723632812,-41.467506408691406,64.47483825683594,-1.2976489067077637,-41.540000915527344,64.47516632080078,1.2151596546173096,-41.44593811035156,64.44001007080078
1753295900.5557995,-1.2499983310699463,-41.55249786376953,64.49000549316406,1.2648391723632812,-41.467506408691406,64.47483825683594,-1.2976489067077637,-41.540000915527344,64.47516632080078,1.2151596546173096,-41.44999694824219,64.44001007080078
1753295900.5658264,-1.2499983310699463,-41.55249786376953,64.49000549316406,1.2648391723632812,-41.467506408691406,64.47483825683594,-1.2976489067077637,-41.540000915527344,64.47516632080078,1.2151596546173096,-41.44999694824219,64.44001007080078
1753295900.575836,-1.2499983310699463,-41.55249786376953,64.49000549316406,1.2648391723632812,-41.467506408691406,64.47483825683594,-1.2976489067077637,-41.540000915527344,64.47516632080078,1.2151596546173096,-41.44999694824219,64.45126342773438
1753295900.5858483,-1.2499983310699463,-41.55249786376953,64.49000549316406,1.2648391723632812,-41.467506408691406,64.47483825683594,-1.2976489067077637,-41.540000915527344,64.47516632080078,1.2151596546173096,-41.44999694824219,64.45516967773438
1753295900.5957994,-1.2499983310699463,-41.55249786376953,64.49000549316406,1.2648391723632812,-41.467506408691406,64.47483825683594,-1.2976489067077637,-41.540000915527344,64.47516632080078,1.2151596546173096,-41.44999694824219,64.45516967773438
1753295900.605881,-1.2499983310699463,-41.55249786376953,64.49000549316406,1.2548398971557617,-41.467506408691406,64.47483825683594,-1.2976489067077637,-41.540000915527344,64.47516632080078,1.2151596546173096,-41.44999694824219,64.45516967773438
1753295900.6158023,-1.2499983310699463,-41.55249786376953,64.49000549316406,1.2548398971557617,-41.467506408691406,64.47483825683594,-1.2976489067077637,-41.540000915527344,64.47516632080078,1.2151596546173096,-41.459999084472656,64.45516967773438
1753295900.6257985,-1.2499983310699463,-41.55249786376953,64.4800033569336,1.2548398971557617,-41.467506408691406,64.47483825683594,-1.2976489067077637,-41.540000915527344,64.47516632080078,1.2151596546173096,-41.46999740600586,64.45516967773438
1753295900.635804,-1.2499983310699463,-41.55249786376953,64.4800033569336,1.2453079223632812,-41.467506408691406,64.47483825683594,-1.2976489067077637,-41.540000915527344,64.47516632080078,1.2151596546173096,-41.4743766784668,64.45516967773438
1753295900.6458669,-1.2499983310699463,-41.55249786376953,64.4800033569336,1.2448406219482422,-41.467506408691406,64.46484375,-1.2976489067077637,-41.540000915527344,64.47516632080078,1.2151596546173096,-41.47999572753906,64.45516967773438
1753295900.655865,-1.2499983310699463,-41.55249786376953,64.4800033569336,1.2448406219482422,-41.467506408691406,64.46484375,-1.2976489067077637,-41.540000915527344,64.47516632080078,1.2151596546173096,-41.48843765258789,64.45516967773438
1753295900.6658006,-1.2499983310699463,-41.55249786376953,64.4800033569336,1.2448406219482422,-41.467506408691406,64.46484375,-1.2976489067077637,-41.540000915527344,64.47516632080078,1.2151596546173096,-41.5,64.45516967773438
1753295900.6758146,-1.2499983310699463,-41.55249786376953,64.4800033569336,1.2448406219482422,-41.467506408691406,64.46484375,-1.2976489067077637,-41.540000915527344,64.47516632080078,1.2151596546173096,-41.5,64.45516967773438
1753295900.6858113,-1.2368732690811157,-41.55249786376953,64.4800033569336,1.2448406219482422,-41.467506408691406,64.46484375,-1.2976489067077637,-41.540000915527344,64.47516632080078,1.2151596546173096,-41.5,64.45516967773438
1753295900.6958122,-1.23484206199646,-41.55249786376953,64.4800033569336,1.2448406219482422,-41.467506408691406,64.46484375,-1.2976489067077637,-41.540000915527344,64.47516632080078,1.2151596546173096,-41.52000045776367,64.45516967773438
1753295900.7058172,-1.23484206199646,-41.55249786376953,64.4800033569336,1.2448406219482422,-41.467506408691406,64.46484375,-1.2976489067077637,-41.540000915527344,64.47516632080078,1.2151596546173096,-41.52843475341797,64.45516967773438
1753295900.7158413,-1.23484206199646,-41.54249572753906,64.4800033569336,1.2448406219482422,-41.467506408691406,64.46484375,-1.2976489067077637,-41.540000915527344,64.47516632080078,1.2151596546173096,-41.53999710083008,64.45516967773438
1753295900.725806,-1.23484206199646,-41.54249572753906,64.4800033569336,1.2448406219482422,-41.467506408691406,64.46484375,-1.2976489067077637,-41.540000915527344,64.47516632080078,1.2151596546173096,-41.5603141784668,64.45516967773438
1753295900.735812,-1.23484206199646,-41.54249572753906,64.4800033569336,1.2448406219482422,-41.467506408691406,64.46484375,-1.2976489067077637,-41.540000915527344,64.47516632080078,1.2151596546173096,-41.560001373291016,64.45516967773438
1753295900.7458062,-1.23484206199646,-41.54249572753906,64.4800033569336,1.2448406219482422,-41.467506408691406,64.46484375,-1.2976489067077637,-41.540000915527344,64.47516632080078,1.2151596546173096,-41.58078384399414,64.45516967773438
1753295900.7558496,-1.23484206199646,-41.54249572753906,64.4800033569336,1.2448406219482422,-41.467506408691406,64.46484375,-1.2976489067077637,-41.540000915527344,64.47516632080078,1.2151596546173096,-41.58000183105469,64.45516967773438
1753295900.7658153,-1.23484206199646,-41.54249572753906,64.4800033569336,1.2448406219482422,-41.467506408691406,64.46484375,-1.2976489067077637,-41.540000915527344,64.47516632080078,1.2151596546173096,-41.60031509399414,64.45516967773438
1753295900.7758012,-1.23484206199646,-41.54249572753906,64.4800033569336,1.2448406219482422,-41.467506408691406,64.46484375,-1.2976489067077637,-41.540000915527344,64.48016357421875,1.2151596546173096,-41.599998474121094,64.45516967773438
1753295900.78588,-1.23484206199646,-41.54249572753906,64.4800033569336,1.2448406219482422,-41.467506408691406,64.46484375,-1.2976489067077637,-41.540000915527344,64.48516082763672,1.2151596546173096,-41.61000061035156,64.45516967773438
1753295900.795814,-1.23484206199646,-41.54249572753906,64.4800033569336,1.2448406219482422,-41.467506408691406,64.46484375,-1.2976489067077637,-41.540000915527344,64.48516082763672,1.2151596546173096,-41.61000061035156,64.45516967773438
1753295900.8058035,-1.23484206199646,-41.54249572753906,64.4800033569336,1.237027645111084,-41.467506408691406,64.46484375,-1.2976489067077637,-41.540000915527344,64.48516082763672,1.2151596546173096,-41.619998931884766,64.45516967773438
1753295900.8158004,-1.23484206199646,-41.54249572753906,64.4800033569336,1.2348389625549316,-41.467506408691406,64.46484375,-1.2976489067077637,-41.540000915527344,64.48516082763672,1.2151596546173096,-41.619998931884766,64.45516967773438
1753295900.8258033,-1.23484206199646,-41.54249572753906,64.4800033569336,1.2348389625549316,-41.467506408691406,64.46484375,-1.2976489067077637,-41.540000915527344,64.48516082763672,1.2151596546173096,-41.619998931884766,64.45516967773438
1753295900.835811,-1.2282795906066895,-41.54249572753906,64.4800033569336,1.2348389625549316,-41.467506408691406,64.46484375,-1.2976489067077637,-41.540000915527344,64.48516082763672,1.2151596546173096,-41.62577819824219,64.45516967773438
1753295900.845839,-1.2248420715332031,-41.54249572753906,64.4800033569336,1.2348389625549316,-41.467506408691406,64.46484375,-1.2976489067077637,-41.540000915527344,64.48516082763672,1.2151596546173096,-41.630001068115234,64.45516967773438
1753295900.8558075,-1.2248420715332031,-41.54249572753906,64.4800033569336,1.2348389625549316,-41.467506408691406,64.46484375,-1.2976489067077637,-41.53219223022461,64.48516082763672,1.2151596546173096,-41.630001068115234,64.45516967773438
1753295900.865802,-1.2248420715332031,-41.54249572753906,64.4800033569336,1.2348389625549316,-41.467506408691406,64.46484375,-1.2976489067077637,-41.53000259399414,64.48516082763672,1.2151596546173096,-41.630001068115234,64.45516967773438
1753295900.8758204,-1.2248420715332031,-41.53249740600586,64.4800033569336,1.2348389625549316,-41.467506408691406,64.46484375,-1.2976489067077637,-41.53000259399414,64.48516082763672,1.2151596546173096,-41.630001068115234,64.45516967773438
1753295900.8859212,-1.2248420715332031,-41.53249740600586,64.4800033569336,1.2348389625549316,-41.467506408691406,64.46484375,-1.2976489067077637,-41.53000259399414,64.48516082763672,1.2151596546173096,-41.630001068115234,64.45516967773438
1753295900.8958118,-1.2248420715332031,-41.53249740600586,64.4800033569336,1.2348389625549316,-41.467506408691406,64.46484375,-1.2976489067077637,-41.53000259399414,64.48516082763672,1.2151596546173096,-41.630001068115234,64.45516967773438
1753295900.9058163,-1.2248420715332031,-41.53249740600586,64.4800033569336,1.2348389625549316,-41.467506408691406,64.46484375,-1.2976489067077637,-41.53000259399414,64.48516082763672,1.2151596546173096,-41.630001068115234,64.45516967773438
1753295900.9158168,-1.2248420715332031,-41.53249740600586,64.4800033569336,1.2348389625549316,-41.467506408691406,64.46484375,-1.2976489067077637,-41.53000259399414,64.48516082763672,1.2151596546173096,-41.630001068115234,64.45516967773438
1753295900.9258237,-1.2248420715332031,-41.52156066894531,64.4800033569336,1.2348389625549316,-41.467506408691406,64.46484375,-1.2976489067077637,-41.53000259399414,64.48516082763672,1.2151596546173096,-41.630001068115234,64.45516967773438
1753295900.9358132,-1.2248420715332031,-41.522499084472656,64.4800033569336,1.2348389625549316,-41.467506408691406,64.46484375,-1.2976489067077637,-41.53000259399414,64.48516082763672,1.2151596546173096,-41.630001068115234,64.45516967773438
1753295900.9458547,-1.2248420715332031,-41.522499084472656,64.4800033569336,1.2348389625549316,-41.467506408691406,64.46484375,-1.2976489067077637,-41.53000259399414,64.48516082763672,1.2151596546173096,-41.630001068115234,64.45516967773438
1753295900.9558165,-1.2248420715332031,-41.522499084472656,64.46922302246094,1.2348389625549316,-41.467506408691406,64.46484375,-1.2976489067077637,-41.53000259399414,64.48516082763672,1.2151596546173096,-41.630001068115234,64.45516967773438
1753295900.9658258,-1.2248420715332031,-41.522499084472656,64.47000122070312,1.2348389625549316,-41.467506408691406,64.46484375,-1.2976489067077637,-41.53000259399414,64.48516082763672,1.2151596546173096,-41.630001068115234,64.45516967773438
1753295900.9758203,-1.2248420715332031,-41.522499084472656,64.47000122070312,1.2348389625549316,-41.467506408691406,64.46484375,-1.2976489067077637,-41.53000259399414,64.48516082763672,1.2151596546173096,-41.630001068115234,64.45516967773438
1753295900.9858255,-1.2248420715332031,-41.522499084472656,64.47000122070312,1.2348389625549316,-41.467506408691406,64.46484375,-1.2976489067077637,-41.53000259399414,64.48516082763672,1.2151596546173096,-41.630001068115234,64.46516418457031
1753295900.9958148,-1.2248420715332031,-41.510311126708984,64.47000122070312,1.2348389625549316,-41.467506408691406,64.46484375,-1.2976489067077637,-41.53000259399414,64.47000885009766,1.2151596546173096,-41.614376068115234,64.46516418457031
1753295901.005815,-1.2248420715332031,-41.51249694824219,64.47000122070312,1.2348389625549316,-41.467506408691406,64.46484375,-1.2976489067077637,-41.53000259399414,64.47000885009766,1.2151596546173096,-41.61484146118164,64.46516418457031
1753295901.015813,-1.2248420715332031,-41.51249694824219,64.47000122070312,1.2348389625549316,-41.467506408691406,64.46484375,-1.2976489067077637,-41.53000259399414,64.48516082763672,1.2151596546173096,-41.61484146118164,64.46516418457031
1753295901.025816,-1.2248420715332031,-41.51249694824219,64.47000122070312,1.230309009552002,-41.467506408691406,64.46484375,-1.2976489067077637,-41.52750778198242,64.48516082763672,1.2151596546173096,-41.60734176635742,64.46516418457031
1753295901.0358126,-1.2148420810699463,-41.51249694824219,64.47000122070312,1.224839687347412,-41.467506408691406,64.46484375,-1.2976489067077637,-41.52000427246094,64.48516082763672,1.2151596546173096,-41.60484313964844,64.46516418457031
1753295901.0458117,-1.2148420810699463,-41.51249694824219,64.47000122070312,1.224839687347412,-41.467506408691406,64.46484375,-1.2976489067077637,-41.52000427246094,64.48516082763672,1.2151596546173096,-41.597808837890625,64.46516418457031
1753295901.05581,-1.2148420810699463,-41.51249694824219,64.47000122070312,1.224839687347412,-41.467506408691406,64.46484375,-1.2976489067077637,-41.52000427246094,64.47000885009766,1.2151596546173096,-41.594844818115234,64.46516418457031
1753295901.0658417,-1.2148420810699463,-41.50249481201172,64.47000122070312,1.224839687347412,-41.467506408691406,64.46484375,-1.2806177139282227,-41.52000427246094,64.47000885009766,1.2151596546173096,-41.594844818115234,64.46516418457031
1753295901.0758145,-1.2148420810699463,-41.50249481201172,64.47000122070312,1.224839687347412,-41.467506408691406,64.46484375,-1.2824925184249878,-41.52000427246094,64.48516082763672,1.2151596546173096,-41.59171676635742,64.46516418457031
1753295901.0858195,-1.2148420810699463,-41.50249481201172,64.47000122070312,1.224839687347412,-41.467506408691406,64.46484375,-1.2824925184249878,-41.52000427246094,64.48516082763672,1.2151596546173096,-41.58484649658203,64.46516418457031
1753295901.0958133,-1.2148420810699463,-41.50249481201172,64.47000122070312,1.224839687347412,-41.467506408691406,64.46484375,-1.2824925184249878,-41.52000427246094,64.48516082763672,1.2151596546173096,-41.58484649658203,64.46516418457031
1753295901.1058128,-1.2148420810699463,-41.50249481201172,64.47000122070312,1.2126517295837402,-41.467506408691406,64.46484375,-1.2824925184249878,-41.52000427246094,64.48516082763672,1.2151596546173096,-41.57359313964844,64.46516418457031
1753295901.115812,-1.2148420810699463,-41.50249481201172,64.47000122070312,1.2148404121398926,-41.47781753540039,64.46484375,-1.279992699623108,-41.52000427246094,64.48516082763672,1.2151596546173096,-41.5748405456543,64.46516418457031
1753295901.1258101,-1.2148420810699463,-41.50249481201172,64.47000122070312,1.2148404121398926,-41.47750473022461,64.46484375,-1.27249276638031,-41.52000427246094,64.48516082763672,1.2151596546173096,-41.56483840942383,64.46516418457031
1753295901.1358113,-1.2148420810699463,-41.50249481201172,64.47000122070312,1.2148404121398926,-41.47750473022461,64.46484375,-1.27249276638031,-41.52000427246094,64.48516082763672,1.2151596546173096,-41.56062316894531,64.46516418457031
1753295901.1458466,-1.2148420810699463,-41.50249481201172,64.47000122070312,1.2148404121398926,-41.47750473022461,64.46484375,-1.27249276638031,-41.52000427246094,64.48516082763672,1.2151596546173096,-41.55484390258789,64.46516418457031
1753295901.1558135,-1.2148420810699463,-41.50249481201172,64.47000122070312,1.2148404121398926,-41.47750473022461,64.46484375,-1.27249276638031,-41.52000427246094,64.48516082763672,1.2151596546173096,-41.54796600341797,64.46516418457031
1753295901.165818,-1.2148420810699463,-41.50249481201172,64.47000122070312,1.2148404121398926,-41.47750473022461,64.46484375,-1.2624925374984741,-41.52000427246094,64.48516082763672,1.2151596546173096,-41.53484344482422,64.46516418457031
1753295901.1758385,-1.2096858024597168,-41.50249481201172,64.47000122070312,1.2148404121398926,-41.47750473022461,64.46484375,-1.2624925374984741,-41.52000427246094,64.46797943115234,1.2151596546173096,-41.53484344482422,64.46516418457031
1753295901.1858115,-1.2048420906066895,-41.50249481201172,64.47000122070312,1.2148404121398926,-41.47750473022461,64.46484375,-1.2624925374984741,-41.52000427246094,64.47000885009766,1.2151596546173096,-41.53484344482422,64.46516418457031
1753295901.1958234,-1.2048420906066895,-41.49687194824219,64.47000122070312,1.2148404121398926,-41.47750473022461,64.46484375,-1.2624925374984741,-41.52000427246094,64.48516082763672,1.2151596546173096,-41.52781295776367,64.46516418457031
1753295901.2058194,-1.2048420906066895,-41.492496490478516,64.47000122070312,1.2148404121398926,-41.47750473022461,64.46484375,-1.2624925374984741,-41.52000427246094,64.48516082763672,1.2151596546173096,-41.524845123291016,64.46516418457031
1753295901.2158182,-1.2048420906066895,-41.492496490478516,64.47000122070312,1.2148404121398926,-41.47750473022461,64.46484375,-1.25296151638031,-41.52000427246094,64.46859741210938,1.2151596546173096,-41.524845123291016,64.46516418457031
1753295901.2258112,-1.2048420906066895,-41.492496490478516,64.47000122070312,1.2148404121398926,-41.47750473022461,64.46484375,-1.2524926662445068,-41.52000427246094,64.47000885009766,1.2151596546173096,-41.51484680175781,64.46516418457031
1753295901.2358098,-1.2048420906066895,-41.492496490478516,64.47000122070312,1.2148404121398926,-41.47750473022461,64.46484375,-1.2524926662445068,-41.52000427246094,64.47000885009766,1.2151596546173096,-41.51484680175781,64.46516418457031
1753295901.2458103,-1.2048420906066895,-41.492496490478516,64.47000122070312,1.2148404121398926,-41.47750473022461,64.46484375,-1.2524926662445068,-41.52000427246094,64.47000885009766,1.2151596546173096,-41.510467529296875,64.46516418457031
1753295901.2558174,-1.194373369216919,-41.492496490478516,64.47000122070312,1.2148404121398926,-41.47750473022461,64.46484375,-1.2524926662445068,-41.52000427246094,64.47000885009766,1.2025034427642822,-41.50484085083008,64.46516418457031
1753295901.2658205,-1.194841980934143,-41.492496490478516,64.47000122070312,1.2148404121398926,-41.47750473022461,64.46484375,-1.2471801042556763,-41.52000427246094,64.47000885009766,1.2000035047531128,-41.494842529296875,64.46516418457031
1753295901.275863,-1.194841980934143,-41.492496490478516,64.47000122070312,1.2148404121398926,-41.47750473022461,64.46484375,-1.242492437362671,-41.52000427246094,64.47000885009766,1.2000035047531128,-41.494842529296875,64.46516418457031
1753295901.2858205,-1.194841980934143,-41.492496490478516,64.47000122070312,1.2148404121398926,-41.47750473022461,64.46484375,-1.2345240116119385,-41.52000427246094,64.47000885009766,1.2000035047531128,-41.494842529296875,64.46516418457031
1753295901.2958205,-1.194841980934143,-41.492496490478516,64.47000122070312,1.2148404121398926,-41.47750473022461,64.46484375,-1.2324926853179932,-41.52000427246094,64.47000885009766,1.2000035047531128,-41.494842529296875,64.46516418457031
1753295901.3058174,-1.194841980934143,-41.492496490478516,64.47000122070312,1.2148404121398926,-41.47750473022461,64.46484375,-1.2324926853179932,-41.510005950927734,64.47000885009766,1.2000035047531128,-41.494842529296875,64.46516418457031
1753295901.3158123,-1.194841980934143,-41.492496490478516,64.47000122070312,1.2148404121398926,-41.47750473022461,64.46484375,-1.2324926853179932,-41.510005950927734,64.47000885009766,1.2000035047531128,-41.494842529296875,64.46516418457031
1753295901.3258226,-1.194841980934143,-41.492496490478516,64.47000122070312,1.2148404121398926,-41.47750473022461,64.46484375,-1.2324926853179932,-41.510005950927734,64.47000885009766,1.2000035047531128,-41.48484420776367,64.46516418457031
1753295901.33581,-1.194841980934143,-41.492496490478516,64.47000122070312,1.2148404121398926,-41.47750473022461,64.46484375,-1.2324926853179932,-41.510005950927734,64.47000885009766,1.2000035047531128,-41.48484420776367,64.46516418457031
1753295901.3458133,-1.194841980934143,-41.492496490478516,64.47000122070312,1.2148404121398926,-41.47750473022461,64.46484375,-1.2324926853179932,-41.510005950927734,64.47000885009766,1.2000035047531128,-41.48484420776367,64.46516418457031
1753295901.3558135,-1.194841980934143,-41.492496490478516,64.47000122070312,1.2148404121398926,-41.47750473022461,64.46484375,-1.2324926853179932,-41.510005950927734,64.47000885009766,1.2000035047531128,-41.48484420776367,64.46516418457031
1753295901.3658226,-1.194841980934143,-41.492496490478516,64.47000122070312,1.2148404121398926,-41.47750473022461,64.46484375,-1.2232738733291626,-41.510005950927734,64.47000885009766,1.2000035047531128,-41.48484420776367,64.46516418457031
1753295901.3758223,-1.194841980934143,-41.492496490478516,64.47000122070312,1.2148404121398926,-41.47750473022461,64.46484375,-1.2224926948547363,-41.510005950927734,64.47000885009766,1.2000035047531128,-41.48484420776367,64.46516418457031
1753295901.3858142,-1.194841980934143,-41.492496490478516,64.47000122070312,1.2148404121398926,-41.47750473022461,64.46484375,-1.21389901638031,-41.510005950927734,64.47000885009766,1.2000035047531128,-41.48484420776367,64.46516418457031
1753295901.3958123,-1.194841980934143,-41.492496490478516,64.47000122070312,1.2148404121398926,-41.47750473022461,64.46484375,-1.21249258518219,-41.510005950927734,64.47000885009766,1.2000035047531128,-41.476558685302734,64.46516418457031
1753295901.405821,-1.194841980934143,-41.492496490478516,64.47000122070312,1.2148404121398926,-41.47750473022461,64.46484375,-1.21249258518219,-41.510005950927734,64.47000885009766,1.2000035047531128,-41.4748420715332,64.46516418457031
1753295901.415836,-1.1871857643127441,-41.492496490478516,64.47000122070312,1.2148404121398926,-41.47750473022461,64.46484375,-1.21249258518219,-41.510005950927734,64.47000885009766,1.2000035047531128,-41.4748420715332,64.46516418457031
1753295901.4258256,-1.1848421096801758,-41.492496490478516,64.47000122070312,1.2148404121398926,-41.47750473022461,64.46484375,-1.21249258518219,-41.510005950927734,64.47000885009766,1.2000035047531128,-41.4748420715332,64.46516418457031
1753295901.4358177,-1.1848421096801758,-41.492496490478516,64.47000122070312,1.2148404121398926,-41.47750473022461,64.46484375,-1.21249258518219,-41.510005950927734,64.47000885009766,1.2000035047531128,-41.4748420715332,64.46516418457031
1753295901.4458187,-1.1848421096801758,-41.492496490478516,64.47000122070312,1.2037467956542969,-41.47750473022461,64.46484375,-1.21249258518219,-41.510005950927734,64.47000885009766,1.2000035047531128,-41.4748420715332,64.46516418457031
1753295901.4558396,-1.1848421096801758,-41.492496490478516,64.47000122070312,1.204838752746582,-41.47750473022461,64.46484375,-1.2007739543914795,-41.510005950927734,64.47000885009766,1.2000035047531128,-41.4748420715332,64.46516418457031
1753295901.4658265,-1.1848421096801758,-41.492496490478516,64.47000122070312,1.204838752746582,-41.47750473022461,64.46484375,-1.2024927139282227,-41.510005950927734,64.47000885009766,1.2000035047531128,-41.4748420715332,64.46516418457031
1753295901.4758177,-1.1848421096801758,-41.492496490478516,64.47000122070312,1.204838752746582,-41.47750473022461,64.46484375,-1.2024927139282227,-41.510005950927734,64.47000885009766,1.2000035047531128,-41.4748420715332,64.46516418457031
1753295901.4858267,-1.1848421096801758,-41.492496490478516,64.47000122070312,1.204838752746582,-41.47750473022461,64.46484375,-1.2024927139282227,-41.510005950927734,64.47000885009766,1.2000035047531128,-41.4748420715332,64.46516418457031
1753295901.4958143,-1.1848421096801758,-41.492496490478516,64.47000122070312,1.204838752746582,-41.47750473022461,64.46484375,-1.2024927139282227,-41.510005950927734,64.47000885009766,1.2000035047531128,-41.4748420715332,64.46516418457031
1753295901.5058155,-1.1848421096801758,-41.492496490478516,64.47000122070312,1.204838752746582,-41.47750473022461,64.46484375,-1.2024927139282227,-41.510005950927734,64.47000885009766,1.2000035047531128,-41.4748420715332,64.46516418457031
1753295901.5158186,-1.1848421096801758,-41.492496490478516,64.47000122070312,1.204838752746582,-41.47750473022461,64.46484375,-1.1903051137924194,-41.510005950927734,64.47000885009766,1.2000035047531128,-41.4748420715332,64.46516418457031
1753295901.525817,-1.1848421096801758,-41.492496490478516,64.47000122070312,1.204838752746582,-41.47750473022461,64.46484375,-1.1924926042556763,-41.510005950927734,64.47000885009766,1.2000035047531128,-41.4748420715332,64.46516418457031
1753295901.5358262,-1.1848421096801758,-41.492496490478516,64.47000122070312,1.204838752746582,-41.47750473022461,64.46484375,-1.1924926042556763,-41.510005950927734,64.47000885009766,1.2000035047531128,-41.4748420715332,64.46516418457031
1753295901.5458171,-1.1848421096801758,-41.492496490478516,64.47000122070312,1.204838752746582,-41.47750473022461,64.46484375,-1.1924926042556763,-41.510005950927734,64.47000885009766,1.2000035047531128,-41.464996337890625,64.46516418457031
1753295901.5558133,-1.1848421096801758,-41.492496490478516,64.47000122070312,1.204838752746582,-41.47750473022461,64.46484375,-1.1924926042556763,-41.510005950927734,64.47000885009766,1.2000035047531128,-41.46484375,64.46516418457031
1753295901.5658195,-1.1848421096801758,-41.492496490478516,64.47000122070312,1.204838752746582,-41.47750473022461,64.46484375,-1.1924926042556763,-41.510005950927734,64.47000885009766,1.2000035047531128,-41.46484375,64.46516418457031
1753295901.575819,-1.1848421096801758,-41.492496490478516,64.47000122070312,1.204838752746582,-41.47750473022461,64.46484375,-1.1878052949905396,-41.510005950927734,64.47000885009766,1.2000035047531128,-41.46484375,64.46516418457031
1753295901.585819,-1.1848421096801758,-41.492496490478516,64.47000122070312,1.1929655075073242,-41.47750473022461,64.46484375,-1.182492733001709,-41.4993782043457,64.47000885009766,1.2000035047531128,-41.46484375,64.46516418457031
1753295901.595868,-1.1848421096801758,-41.492496490478516,64.47000122070312,1.1948394775390625,-41.47750473022461,64.46484375,-1.1768678426742554,-41.50000762939453,64.47000885009766,1.2000035047531128,-41.46484375,64.46516418457031
1753295901.6058242,-1.1848421096801758,-41.492496490478516,64.47000122070312,1.1948394775390625,-41.47750473022461,64.46484375,-1.172492504119873,-41.50000762939453,64.47000885009766,1.2000035047531128,-41.46484375,64.46516418457031
1753295901.615873,-1.1848421096801758,-41.492496490478516,64.47000122070312,1.1948394775390625,-41.47750473022461,64.46484375,-1.172492504119873,-41.50000762939453,64.47000885009766,1.2000035047531128,-41.46484375,64.46516418457031
1753295901.6258197,-1.1848421096801758,-41.492496490478516,64.47000122070312,1.1948394775390625,-41.47750473022461,64.46484375,-1.172492504119873,-41.50000762939453,64.47000885009766,1.2000035047531128,-41.46484375,64.46516418457031
1753295901.63582,-1.1848421096801758,-41.492496490478516,64.47000122070312,1.1948394775390625,-41.47750473022461,64.46484375,-1.172492504119873,-41.50000762939453,64.47000885009766,1.2000035047531128,-41.46484375,64.46516418457031
1753295901.6458247,-1.1848421096801758,-41.492496490478516,64.47000122070312,1.1948394775390625,-41.47750473022461,64.46484375,-1.172492504119873,-41.50000762939453,64.47000885009766,1.2000035047531128,-41.46484375,64.46516418457031
1753295901.655836,-1.1848421096801758,-41.492496490478516,64.47000122070312,1.1948394775390625,-41.47750473022461,64.46484375,-1.172492504119873,-41.50000762939453,64.47000885009766,1.2000035047531128,-41.46484375,64.46516418457031
1753295901.6658702,-1.1848421096801758,-41.492496490478516,64.47000122070312,1.1948394775390625,-41.47750473022461,64.46484375,-1.172492504119873,-41.50000762939453,64.47000885009766,1.2000035047531128,-41.46484375,64.46516418457031
1753295901.6758232,-1.1848421096801758,-41.492496490478516,64.47000122070312,1.1948394775390625,-41.47750473022461,64.46484375,-1.172492504119873,-41.50000762939453,64.47000885009766,1.2000035047531128,-41.46484375,64.46516418457031
1753295901.6858897,-1.1848421096801758,-41.492496490478516,64.47000122070312,1.1948394775390625,-41.47750473022461,64.46484375,-1.1637425422668457,-41.50000762939453,64.47000885009766,1.2000035047531128,-41.46484375,64.46516418457031
1753295901.6958218,-1.1848421096801758,-41.492496490478516,64.47000122070312,1.1948394775390625,-41.47750473022461,64.46484375,-1.1624926328659058,-41.50000762939453,64.47000885009766,1.2000035047531128,-41.46484375,64.46516418457031
1753295901.7058876,-1.1848421096801758,-41.492496490478516,64.47000122070312,1.1948394775390625,-41.47750473022461,64.46484375,-1.1624926328659058,-41.50000762939453,64.47000885009766,1.2000035047531128,-41.46484375,64.46516418457031
1753295901.7158823,-1.1848421096801758,-41.492496490478516,64.47000122070312,1.1948394775390625,-41.47750473022461,64.46484375,-1.1624926328659058,-41.50000762939453,64.47000885009766,1.2000035047531128,-41.46484375,64.46516418457031
1753295901.7258728,-1.1848421096801758,-41.492496490478516,64.47000122070312,1.1948394775390625,-41.47750473022461,64.46484375,-1.1624926328659058,-41.50000762939453,64.47000885009766,1.2000035047531128,-41.46484375,64.46516418457031
1753295901.7358904,-1.1848421096801758,-41.492496490478516,64.47000122070312,1.1948394775390625,-41.47750473022461,64.46484375,-1.1624926328659058,-41.50000762939453,64.47000885009766,1.2000035047531128,-41.46484375,64.46516418457031
1753295901.7459006,-1.1848421096801758,-41.492496490478516,64.47000122070312,1.1948394775390625,-41.47750473022461,64.46484375,-1.1624926328659058,-41.50000762939453,64.47000885009766,1.2000035047531128,-41.46484375,64.46516418457031
1753295901.755847,-1.1848421096801758,-41.484527587890625,64.47000122070312,1.1948394775390625,-41.47750473022461,64.46484375,-1.1624926328659058,-41.50000762939453,64.47000885009766,1.2000035047531128,-41.46484375,64.46891784667969
1753295901.765931,-1.1848421096801758,-41.48249816894531,64.47000122070312,1.1948394775390625,-41.47750473022461,64.46484375,-1.1624926328659058,-41.50000762939453,64.47000885009766,1.2000035047531128,-41.46484375,64.47516632080078
1753295901.7758517,-1.1848421096801758,-41.48249816894531,64.47000122070312,1.1948394775390625,-41.47750473022461,64.46484375,-1.1624926328659058,-41.50000762939453,64.47000885009766,1.2000035047531128,-41.46484375,64.47516632080078
1753295901.785919,-1.1848421096801758,-41.476558685302734,64.47000122070312,1.1948394775390625,-41.47750473022461,64.46484375,-1.1524927616119385,-41.50000762939453,64.47000885009766,1.2000035047531128,-41.46484375,64.47516632080078
1753295901.795879,-1.1848421096801758,-41.472496032714844,64.47000122070312,1.1948394775390625,-41.47750473022461,64.46484375,-1.1524927616119385,-41.50000762939453,64.47000885009766,1.2000035047531128,-41.46484375,64.47516632080078
1753295901.805914,-1.1848421096801758,-41.45780944824219,64.47000122070312,1.1948394775390625,-41.47750473022461,64.46484375,-1.1524927616119385,-41.50000762939453,64.47000885009766,1.1953158378601074,-41.46484375,64.47516632080078
1753295901.8158813,-1.1848421096801758,-41.45249938964844,64.47000122070312,1.1948394775390625,-41.47750473022461,64.46484375,-1.1524927616119385,-41.50000762939453,64.47000885009766,1.190003514289856,-41.46484375,64.47516632080078
1753295901.8258772,-1.1848421096801758,-41.45249938964844,64.47000122070312,1.1948394775390625,-41.47750473022461,64.46484375,-1.1524927616119385,-41.50000762939453,64.47000885009766,1.190003514289856,-41.46484375,64.47516632080078
1753295901.8358846,-1.1848421096801758,-41.45249938964844,64.47000122070312,1.1948394775390625,-41.47750473022461,64.46484375,-1.1524927616119385,-41.50000762939453,64.47000885009766,1.190003514289856,-41.46484375,64.47516632080078
1753295901.8459182,-1.1807795763015747,-41.46890640258789,64.47000122070312,1.1948394775390625,-41.47750473022461,64.46484375,-1.1524927616119385,-41.50000762939453,64.47000885009766,1.190003514289856,-41.46484375,64.47516632080078
1753295901.8558326,-1.174842119216919,-41.4676513671875,64.47000122070312,1.1948394775390625,-41.47750473022461,64.46484375,-1.1524927616119385,-41.50000762939453,64.47000885009766,1.190003514289856,-41.46484375,64.47516632080078
1753295901.8658776,-1.174842119216919,-41.4676513671875,64.47000122070312,1.1948394775390625,-41.47750473022461,64.46484375,-1.1524927616119385,-41.50000762939453,64.47000885009766,1.190003514289856,-41.46484375,64.47516632080078
1753295901.8758729,-1.174842119216919,-41.44249725341797,64.47000122070312,1.1948394775390625,-41.47750473022461,64.46484375,-1.1524927616119385,-41.50000762939453,64.47000885009766,1.190003514289856,-41.46484375,64.47516632080078
1753295901.885876,-1.1626545190811157,-41.43702697753906,64.47000122070312,1.1948394775390625,-41.47750473022461,64.46484375,-1.142492651939392,-41.50000762939453,64.47000885009766,1.190003514289856,-41.46484375,64.47516632080078
1753295901.8958542,-1.164842128753662,-41.4324951171875,64.4643783569336,1.1948394775390625,-41.47750473022461,64.46484375,-1.142492651939392,-41.50000762939453,64.47000885009766,1.190003514289856,-41.46484375,64.47516632080078
1753295901.9059176,-1.164842128753662,-41.4324951171875,64.45999908447266,1.1948394775390625,-41.47750473022461,64.46484375,-1.142492651939392,-41.50000762939453,64.47000885009766,1.190003514289856,-41.46484375,64.47516632080078
1753295901.9158692,-1.164842128753662,-41.4324951171875,64.45999908447266,1.184370517730713,-41.47750473022461,64.46484375,-1.142492651939392,-41.50000762939453,64.47000885009766,1.190003514289856,-41.46484375,64.47516632080078
1753295901.9259193,-1.164842128753662,-41.4324951171875,64.45999908447266,1.184840202331543,-41.47750473022461,64.46484375,-1.142492651939392,-41.50000762939453,64.47000885009766,1.190003514289856,-41.4548454284668,64.47516632080078
1753295901.9358847,-1.164842128753662,-41.4324951171875,64.45999908447266,1.184840202331543,-41.47750473022461,64.46484375,-1.142492651939392,-41.50000762939453,64.47000885009766,1.190003514289856,-41.4548454284668,64.47516632080078
1753295901.9459379,-1.164842128753662,-41.4324951171875,64.45999908447266,1.184840202331543,-41.47750473022461,64.46484375,-1.139836311340332,-41.50000762939453,64.47000885009766,1.190003514289856,-41.4548454284668,64.47516632080078
1753295901.9558992,-1.164842128753662,-41.4324951171875,64.45999908447266,1.184840202331543,-41.47750473022461,64.46484375,-1.1324926614761353,-41.50000762939453,64.47000885009766,1.190003514289856,-41.4548454284668,64.47516632080078
1753295901.9658906,-1.164842128753662,-41.4324951171875,64.45999908447266,1.184840202331543,-41.47750473022461,64.46484375,-1.1324926614761353,-41.50000762939453,64.47000885009766,1.190003514289856,-41.4548454284668,64.47516632080078
1753295901.9758496,-1.164842128753662,-41.429527282714844,64.45999908447266,1.184840202331543,-41.47750473022461,64.46484375,-1.1324926614761353,-41.50000762939453,64.47000885009766,1.190003514289856,-41.4548454284668,64.47516632080078
1753295901.9858577,-1.164842128753662,-41.4224967956543,64.45999908447266,1.184840202331543,-41.47750473022461,64.46484375,-1.1324926614761353,-41.50000762939453,64.47000885009766,1.190003514289856,-41.4548454284668,64.47516632080078
1753295901.9958935,-1.164842128753662,-41.4224967956543,64.45999908447266,1.184840202331543,-41.47750473022461,64.46484375,-1.1324926614761353,-41.50000762939453,64.47000885009766,1.190003514289856,-41.4548454284668,64.47516632080078
1753295902.0058932,-1.164842128753662,-41.4224967956543,64.45999908447266,1.184840202331543,-41.47750473022461,64.46484375,-1.1324926614761353,-41.50000762939453,64.47000885009766,1.190003514289856,-41.4548454284668,64.47516632080078
1753295902.0158904,-1.164842128753662,-41.4224967956543,64.45999908447266,1.184840202331543,-41.47750473022461,64.46484375,-1.1324926614761353,-41.50000762939453,64.47000885009766,1.190003514289856,-41.4548454284668,64.47516632080078
1753295902.0258877,-1.164842128753662,-41.4224967956543,64.45999908447266,1.184840202331543,-41.47750473022461,64.46484375,-1.1324926614761353,-41.50000762939453,64.47000885009766,1.190003514289856,-41.4548454284668,64.47516632080078
1753295902.0358891,-1.164842128753662,-41.4224967956543,64.45999908447266,1.184840202331543,-41.47750473022461,64.46484375,-1.125461459159851,-41.50000762939453,64.47000885009766,1.190003514289856,-41.4548454284668,64.47516632080078
1753295902.0458503,-1.164842128753662,-41.4224967956543,64.45999908447266,1.184840202331543,-41.47750473022461,64.46484375,-1.1224925518035889,-41.50000762939453,64.47000885009766,1.190003514289856,-41.4548454284668,64.47516632080078
1753295902.055881,-1.164842128753662,-41.4224967956543,64.45999908447266,1.184840202331543,-41.47750473022461,64.46484375,-1.1224925518035889,-41.50000762939453,64.47000885009766,1.190003514289856,-41.4548454284668,64.47516632080078
1753295902.0658903,-1.164842128753662,-41.4224967956543,64.45999908447266,1.184840202331543,-41.47750473022461,64.46484375,-1.1224925518035889,-41.50000762939453,64.47000885009766,1.190003514289856,-41.4548454284668,64.47516632080078
1753295902.0759032,-1.164842128753662,-41.4224967956543,64.45999908447266,1.184840202331543,-41.47750473022461,64.46484375,-1.1224925518035889,-41.50000762939453,64.47000885009766,1.190003514289856,-41.4548454284668,64.47516632080078
1753295902.085854,-1.164842128753662,-41.4224967956543,64.45999908447266,1.184840202331543,-41.47750473022461,64.46484375,-1.1224925518035889,-41.50000762939453,64.47000885009766,1.190003514289856,-41.4548454284668,64.47516632080078
1753295902.0958838,-1.164842128753662,-41.4224967956543,64.45999908447266,1.184840202331543,-41.47750473022461,64.46484375,-1.1224925518035889,-41.50000762939453,64.47000885009766,1.190003514289856,-41.4548454284668,64.47516632080078
1753295902.1058736,-1.164842128753662,-41.4224967956543,64.45999908447266,1.184840202331543,-41.47750473022461,64.46484375,-1.1224925518035889,-41.50000762939453,64.47000885009766,1.190003514289856,-41.4548454284668,64.47516632080078
1753295902.1158385,-1.164842128753662,-41.4224967956543,64.45999908447266,1.184840202331543,-41.47750473022461,64.46484375,-1.1224925518035889,-41.50000762939453,64.47000885009766,1.190003514289856,-41.4548454284668,64.47516632080078
1753295902.1258497,-1.164842128753662,-41.4224967956543,64.45999908447266,1.184840202331543,-41.47750473022461,64.46484375,-1.1224925518035889,-41.49656677246094,64.47000885009766,1.190003514289856,-41.4548454284668,64.47516632080078
1753295902.1358778,-1.164842128753662,-41.4224967956543,64.45999908447266,1.184840202331543,-41.47750473022461,64.46484375,-1.1224925518035889,-41.4900016784668,64.47000885009766,1.190003514289856,-41.4548454284668,64.47516632080078
1753295902.1458437,-1.164842128753662,-41.4224967956543,64.45999908447266,1.184840202331543,-41.47750473022461,64.46484375,-1.1224925518035889,-41.4900016784668,64.47000885009766,1.190003514289856,-41.4548454284668,64.47516632080078
1753295902.1558802,-1.164842128753662,-41.4224967956543,64.45999908447266,1.184840202331543,-41.47750473022461,64.46484375,-1.1224925518035889,-41.4900016784668,64.47000885009766,1.183440923690796,-41.4548454284668,64.47516632080078
1753295902.1658921,-1.164842128753662,-41.4224967956543,64.45999908447266,1.184840202331543,-41.47750473022461,64.46484375,-1.1224925518035889,-41.4900016784668,64.47000885009766,1.1800035238265991,-41.4548454284668,64.47516632080078
1753295902.1758912,-1.164842128753662,-41.4224967956543,64.45999908447266,1.184840202331543,-41.47750473022461,64.46484375,-1.1224925518035889,-41.4900016784668,64.47000885009766,1.1800035238265991,-41.4548454284668,64.47516632080078
1753295902.1858997,-1.164842128753662,-41.4224967956543,64.45999908447266,1.184840202331543,-41.47750473022461,64.46484375,-1.1224925518035889,-41.4900016784668,64.47000885009766,1.1800035238265991,-41.4548454284668,64.47516632080078
1753295902.1958342,-1.164842128753662,-41.43765640258789,64.45999908447266,1.184840202331543,-41.47750473022461,64.46484375,-1.1224925518035889,-41.4900016784668,64.47000885009766,1.1800035238265991,-41.4548454284668,64.47516632080078
1753295902.205836,-1.164842128753662,-41.43765640258789,64.45999908447266,1.184840202331543,-41.47750473022461,64.46484375,-1.1224925518035889,-41.4900016784668,64.47000885009766,1.1800035238265991,-41.4548454284668,64.47516632080078
1753295902.2158644,-1.164842128753662,-41.43765640258789,64.45999908447266,1.184840202331543,-41.47750473022461,64.46484375,-1.1224925518035889,-41.4900016784668,64.47000885009766,1.1800035238265991,-41.4548454284668,64.47516632080078
1753295902.2258406,-1.1593732833862305,-41.42046356201172,64.45999908447266,1.184840202331543,-41.47750473022461,64.46484375,-1.1224925518035889,-41.4900016784668,64.47000885009766,1.1800035238265991,-41.4548454284668,64.47516632080078
1753295902.2360854,-1.1548420190811157,-41.4224967956543,64.45999908447266,1.184840202331543,-41.47750473022461,64.46484375,-1.1224925518035889,-41.4900016784668,64.47000885009766,1.1800035238265991,-41.4548454284668,64.47516632080078
1753295902.2459323,-1.1548420190811157,-41.4224967956543,64.45999908447266,1.184840202331543,-41.47750473022461,64.46484375,-1.1224925518035889,-41.4900016784668,64.47000885009766,1.1800035238265991,-41.4548454284668,64.47516632080078
1753295902.255935,-1.1548420190811157,-41.43046569824219,64.45999908447266,1.184840202331543,-41.47750473022461,64.46484375,-1.1224925518035889,-41.4900016784668,64.47000885009766,1.1800035238265991,-41.4548454284668,64.47516632080078
1753295902.2659402,-1.1548420190811157,-41.43765640258789,64.45999908447266,1.184840202331543,-41.47750473022461,64.46484375,-1.1224925518035889,-41.4900016784668,64.47000885009766,1.1800035238265991,-41.4548454284668,64.47516632080078
1753295902.2759252,-1.1548420190811157,-41.43765640258789,64.45999908447266,1.184840202331543,-41.47750473022461,64.46484375,-1.1224925518035889,-41.4900016784668,64.47000885009766,1.1800035238265991,-41.4548454284668,64.47516632080078
1753295902.2859464,-1.1548420190811157,-41.43765640258789,64.45999908447266,1.184840202331543,-41.47750473022461,64.46484375,-1.1224925518035889,-41.4900016784668,64.47000885009766,1.1800035238265991,-41.4548454284668,64.47516632080078
1753295902.2960463,-1.1548420190811157,-41.43765640258789,64.45999908447266,1.184840202331543,-41.47750473022461,64.46484375,-1.1224925518035889,-41.4900016784668,64.47000885009766,1.1800035238265991,-41.4548454284668,64.47516632080078
1753295902.3058462,-1.1548420190811157,-41.43765640258789,64.45999908447266,1.184840202331543,-41.47750473022461,64.46484375,-1.1224925518035889,-41.4900016784668,64.47000885009766,1.1800035238265991,-41.4548454284668,64.47516632080078
1753295902.315926,-1.1548420190811157,-41.43765640258789,64.45999908447266,1.184840202331543,-41.47750473022461,64.46484375,-1.1224925518035889,-41.4900016784668,64.47000885009766,1.1800035238265991,-41.4548454284668,64.47516632080078
1753295902.3258498,-1.1548420190811157,-41.43765640258789,64.45999908447266,1.184840202331543,-41.47750473022461,64.46484375,-1.1224925518035889,-41.4900016784668,64.47000885009766,1.1800035238265991,-41.4548454284668,64.47516632080078
1753295902.335948,-1.1548420190811157,-41.43765640258789,64.45999908447266,1.184840202331543,-41.47750473022461,64.46484375,-1.1224925518035889,-41.4900016784668,64.47000885009766,1.1800035238265991,-41.4548454284668,64.47516632080078
1753295902.3458517,-1.1548420190811157,-41.43765640258789,64.45999908447266,1.1776518821716309,-41.47750473022461,64.46484375,-1.1224925518035889,-41.4900016784668,64.47000885009766,1.1800035238265991,-41.4548454284668,64.47516632080078
1753295902.355953,-1.1548420190811157,-41.43765640258789,64.45999908447266,1.1748385429382324,-41.47750473022461,64.46484375,-1.1224925518035889,-41.4900016784668,64.47000885009766,1.1800035238265991,-41.4548454284668,64.47516632080078
1753295902.3658926,-1.1548420190811157,-41.43765640258789,64.45999908447266,1.1748385429382324,-41.47750473022461,64.46484375,-1.1224925518035889,-41.4900016784668,64.47000885009766,1.1800035238265991,-41.4548454284668,64.47516632080078
1753295902.375945,-1.1548420190811157,-41.43765640258789,64.45999908447266,1.1748385429382324,-41.47750473022461,64.46484375,-1.1224925518035889,-41.4900016784668,64.47000885009766,1.1800035238265991,-41.4548454284668,64.47516632080078
1753295902.3858874,-1.1548420190811157,-41.43765640258789,64.45999908447266,1.1748385429382324,-41.47750473022461,64.46484375,-1.1224925518035889,-41.4900016784668,64.47000885009766,1.1800035238265991,-41.4548454284668,64.47516632080078
1753295902.3958795,-1.1548420190811157,-41.43765640258789,64.45999908447266,1.1748385429382324,-41.47750473022461,64.46484375,-1.1224925518035889,-41.4900016784668,64.47000885009766,1.1800035238265991,-41.4548454284668,64.47516632080078
1753295902.405874,-1.1548420190811157,-41.43765640258789,64.45999908447266,1.1748385429382324,-41.47750473022461,64.46484375,-1.1224925518035889,-41.4900016784668,64.47000885009766,1.1800035238265991,-41.4548454284668,64.47516632080078
1753295902.4159293,-1.1548420190811157,-41.43765640258789,64.45999908447266,1.1748385429382324,-41.47750473022461,64.46484375,-1.1224925518035889,-41.4900016784668,64.47000885009766,1.1800035238265991,-41.4548454284668,64.47516632080078
1753295902.425895,-1.1548420190811157,-41.43765640258789,64.45999908447266,1.1748385429382324,-41.47750473022461,64.46484375,-1.1224925518035889,-41.4900016784668,64.47000885009766,1.1800035238265991,-41.4548454284668,64.47516632080078
1753295902.4359353,-1.1548420190811157,-41.43765640258789,64.45999908447266,1.1748385429382324,-41.47750473022461,64.46484375,-1.1224925518035889,-41.4900016784668,64.47000885009766,1.1800035238265991,-41.4548454284668,64.47516632080078
1753295902.4458508,-1.1548420190811157,-41.43765640258789,64.45999908447266,1.1748385429382324,-41.47750473022461,64.46484375,-1.1224925518035889,-41.4900016784668,64.47000885009766,1.1800035238265991,-41.4548454284668,64.47516632080078
1753295902.455929,-1.1548420190811157,-41.43765640258789,64.45999908447266,1.1748385429382324,-41.47750473022461,64.46484375,-1.1224925518035889,-41.4900016784668,64.47000885009766,1.1800035238265991,-41.4548454284668,64.47516632080078
1753295902.4658551,-1.1548420190811157,-41.43765640258789,64.45999908447266,1.1748385429382324,-41.47750473022461,64.46484375,-1.1224925518035889,-41.4900016784668,64.47000885009766,1.1800035238265991,-41.4548454284668,64.47516632080078
1753295902.4760678,-1.1548420190811157,-41.43765640258789,64.45999908447266,1.1748385429382324,-41.47750473022461,64.46484375,-1.1224925518035889,-41.4900016784668,64.47000885009766,1.1800035238265991,-41.4548454284668,64.47516632080078
1753295902.4858444,-1.1548420190811157,-41.43765640258789,64.45999908447266,1.1748385429382324,-41.47750473022461,64.46484375,-1.1224925518035889,-41.4900016784668,64.47000885009766,1.1800035238265991,-41.4548454284668,64.47516632080078
1753295902.495922,-1.1548420190811157,-41.43765640258789,64.45999908447266,1.1748385429382324,-41.47750473022461,64.46484375,-1.1224925518035889,-41.4900016784668,64.47000885009766,1.1800035238265991,-41.4548454284668,64.47516632080078
1753295902.5058968,-1.1548420190811157,-41.43765640258789,64.45999908447266,1.1748385429382324,-41.47750473022461,64.46484375,-1.1224925518035889,-41.4900016784668,64.47000885009766,1.1800035238265991,-41.4548454284668,64.47516632080078
1753295902.5159507,-1.1548420190811157,-41.43765640258789,64.45999908447266,1.1748385429382324,-41.47750473022461,64.46484375,-1.1224925518035889,-41.4900016784668,64.47000885009766,1.1800035238265991,-41.4548454284668,64.47516632080078
1753295902.525841,-1.1548420190811157,-41.43765640258789,64.45999908447266,1.1748385429382324,-41.47750473022461,64.46484375,-1.1224925518035889,-41.4900016784668,64.47000885009766,1.1800035238265991,-41.4548454284668,64.47516632080078
1753295902.5358992,-1.1548420190811157,-41.43765640258789,64.45999908447266,1.1748385429382324,-41.47750473022461,64.46484375,-1.1224925518035889,-41.4900016784668,64.47000885009766,1.1800035238265991,-41.4548454284668,64.47516632080078
1753295902.5458539,-1.1548420190811157,-41.43765640258789,64.45999908447266,1.1748385429382324,-41.47750473022461,64.46484375,-1.1224925518035889,-41.4900016784668,64.47000885009766,1.1800035238265991,-41.4548454284668,64.47516632080078
1753295902.555849,-1.1548420190811157,-41.43765640258789,64.45999908447266,1.1748385429382324,-41.47750473022461,64.46484375,-1.1224925518035889,-41.4900016784668,64.47000885009766,1.1800035238265991,-41.4548454284668,64.47516632080078
1753295902.5658686,-1.1548420190811157,-41.43765640258789,64.45999908447266,1.1748385429382324,-41.47750473022461,64.46484375,-1.1224925518035889,-41.4900016784668,64.47000885009766,1.1800035238265991,-41.4548454284668,64.47516632080078
1753295902.5758429,-1.1548420190811157,-41.43765640258789,64.45999908447266,1.1748385429382324,-41.47750473022461,64.46484375,-1.1224925518035889,-41.485469818115234,64.47000885009766,1.1800035238265991,-41.4548454284668,64.47516632080078
1753295902.585851,-1.1548420190811157,-41.43765640258789,64.45999908447266,1.1748385429382324,-41.47750473022461,64.46484375,-1.1224925518035889,-41.47999954223633,64.47000885009766,1.1800035238265991,-41.4548454284668,64.47516632080078
1753295902.59585,-1.1548420190811157,-41.43765640258789,64.45999908447266,1.1748385429382324,-41.47750473022461,64.46484375,-1.1224925518035889,-41.47999954223633,64.47000885009766,1.1800035238265991,-41.4548454284668,64.47516632080078
1753295902.6058495,-1.1548420190811157,-41.43765640258789,64.45999908447266,1.1748385429382324,-41.47750473022461,64.46484375,-1.1224925518035889,-41.47999954223633,64.47000885009766,1.1800035238265991,-41.4548454284668,64.47516632080078
1753295902.6158504,-1.1548420190811157,-41.43765640258789,64.45999908447266,1.1748385429382324,-41.47750473022461,64.46484375,-1.1224925518035889,-41.47999954223633,64.47000885009766,1.1800035238265991,-41.4548454284668,64.47516632080078
1753295902.625848,-1.1548420190811157,-41.43765640258789,64.45999908447266,1.1748385429382324,-41.47750473022461,64.46484375,-1.1224925518035889,-41.47999954223633,64.47000885009766,1.1800035238265991,-41.4548454284668,64.47516632080078
1753295902.6358492,-1.1548420190811157,-41.43765640258789,64.45999908447266,1.1748385429382324,-41.47750473022461,64.46484375,-1.1224925518035889,-41.47999954223633,64.47000885009766,1.1800035238265991,-41.4548454284668,64.47516632080078
1753295902.6458483,-1.1548420190811157,-41.43765640258789,64.45999908447266,1.1748385429382324,-41.47750473022461,64.46484375,-1.1224925518035889,-41.47999954223633,64.47000885009766,1.1800035238265991,-41.4548454284668,64.47516632080078
1753295902.655846,-1.1548420190811157,-41.43765640258789,64.45999908447266,1.1748385429382324,-41.47750473022461,64.46484375,-1.1224925518035889,-41.47999954223633,64.47000885009766,1.1800035238265991,-41.4548454284668,64.47516632080078
1753295902.6658413,-1.1548420190811157,-41.442649841308594,64.45999908447266,1.1748385429382324,-41.47750473022461,64.46484375,-1.1224925518035889,-41.47999954223633,64.47000885009766,1.1800035238265991,-41.4548454284668,64.47516632080078
1753295902.6758475,-1.1548420190811157,-41.44765090942383,64.45999908447266,1.1748385429382324,-41.47750473022461,64.46484375,-1.1224925518035889,-41.47999954223633,64.47000885009766,1.1800035238265991,-41.4548454284668,64.47516632080078
1753295902.6858442,-1.1548420190811157,-41.44765090942383,64.45999908447266,1.1748385429382324,-41.47750473022461,64.46484375,-1.1224925518035889,-41.47999954223633,64.47000885009766,1.1800035238265991,-41.4548454284668,64.47516632080078
1753295902.6958435,-1.1548420190811157,-41.44765090942383,64.45999908447266,1.1748385429382324,-41.47750473022461,64.46484375,-1.1224925518035889,-41.47999954223633,64.47000885009766,1.1800035238265991,-41.4548454284668,64.47516632080078
1753295902.7058477,-1.1548420190811157,-41.459842681884766,64.45999908447266,1.1748385429382324,-41.47750473022461,64.46484375,-1.1224925518035889,-41.47999954223633,64.47000885009766,1.1800035238265991,-41.4548454284668,64.47516632080078
1753295902.715844,-1.1548420190811157,-41.4576530456543,64.45999908447266,1.1748385429382324,-41.47750473022461,64.46484375,-1.1224925518035889,-41.47999954223633,64.47000885009766,1.1800035238265991,-41.4548454284668,64.47516632080078
1753295902.7258449,-1.1548420190811157,-41.4576530456543,64.45999908447266,1.1748385429382324,-41.47750473022461,64.46484375,-1.1224925518035889,-41.47999954223633,64.47000885009766,1.1800035238265991,-41.4548454284668,64.47516632080078
1753295902.7358453,-1.1548420190811157,-41.4576530456543,64.45999908447266,1.1748385429382324,-41.47750473022461,64.46484375,-1.1224925518035889,-41.47999954223633,64.47000885009766,1.1800035238265991,-41.4548454284668,64.47516632080078
1753295902.7458532,-1.1548420190811157,-41.463905334472656,64.45999908447266,1.1748385429382324,-41.47750473022461,64.46484375,-1.1224925518035889,-41.47999954223633,64.47000885009766,1.1800035238265991,-41.4548454284668,64.47516632080078
1753295902.7558496,-1.1548420190811157,-41.4676513671875,64.45999908447266,1.1748385429382324,-41.47750473022461,64.46484375,-1.1224925518035889,-41.47999954223633,64.47000885009766,1.1800035238265991,-41.4548454284668,64.47516632080078
1753295902.7658503,-1.1548420190811157,-41.4676513671875,64.45999908447266,1.1748385429382324,-41.47750473022461,64.46484375,-1.1224925518035889,-41.47999954223633,64.47000885009766,1.1800035238265991,-41.4548454284668,64.47516632080078
1753295902.7758493,-1.1548420190811157,-41.4676513671875,64.45999908447266,1.1748385429382324,-41.47750473022461,64.46484375,-1.1224925518035889,-41.47999954223633,64.47000885009766,1.1800035238265991,-41.4548454284668,64.47516632080078
1753295902.7858453,-1.1548420190811157,-41.4676513671875,64.45999908447266,1.1748385429382324,-41.47750473022461,64.46484375,-1.1224925518035889,-41.47999954223633,64.47000885009766,1.1800035238265991,-41.4548454284668,64.47516632080078
1753295902.7958598,-1.1548420190811157,-41.4676513671875,64.45999908447266,1.1748385429382324,-41.47750473022461,64.46484375,-1.1224925518035889,-41.47999954223633,64.47000885009766,1.1800035238265991,-41.4548454284668,64.47516632080078
1753295902.8058646,-1.1548420190811157,-41.4676513671875,64.45999908447266,1.1748385429382324,-41.47750473022461,64.46484375,-1.1224925518035889,-41.47999954223633,64.47000885009766,1.1800035238265991,-41.4548454284668,64.47516632080078
1753295902.8158476,-1.1548420190811157,-41.4676513671875,64.45999908447266,1.1748385429382324,-41.47750473022461,64.46484375,-1.1224925518035889,-41.47999954223633,64.47000885009766,1.1800035238265991,-41.4548454284668,64.47516632080078
1753295902.8258898,-1.1548420190811157,-41.4676513671875,64.45999908447266,1.1748385429382324,-41.47750473022461,64.46484375,-1.1224925518035889,-41.47999954223633,64.47000885009766,1.1800035238265991,-41.4548454284668,64.47516632080078
1753295902.8358445,-1.1548420190811157,-41.4676513671875,64.45999908447266,1.1748385429382324,-41.47750473022461,64.46484375,-1.1224925518035889,-41.47999954223633,64.47000885009766,1.1800035238265991,-41.4548454284668,64.47516632080078
1753295902.8458939,-1.1548420190811157,-41.4676513671875,64.45999908447266,1.1748385429382324,-41.47750473022461,64.46484375,-1.1224925518035889,-41.47999954223633,64.47000885009766,1.1800035238265991,-41.4548454284668,64.47516632080078
1753295902.8558466,-1.1548420190811157,-41.4676513671875,64.45999908447266,1.1748385429382324,-41.47750473022461,64.46484375,-1.1224925518035889,-41.47999954223633,64.47000885009766,1.1800035238265991,-41.4548454284668,64.47516632080078
1753295902.8658912,-1.1548420190811157,-41.4676513671875,64.45999908447266,1.1748385429382324,-41.47750473022461,64.46484375,-1.1224925518035889,-41.47999954223633,64.47000885009766,1.1800035238265991,-41.4548454284668,64.47516632080078
1753295902.8758497,-1.1548420190811157,-41.4676513671875,64.45999908447266,1.1748385429382324,-41.47750473022461,64.46484375,-1.1224925518035889,-41.47999954223633,64.47000885009766,1.1800035238265991,-41.4548454284668,64.47516632080078
1753295902.8859167,-1.1548420190811157,-41.4676513671875,64.45999908447266,1.1748385429382324,-41.47750473022461,64.46484375,-1.1224925518035889,-41.47999954223633,64.47000885009766,1.1800035238265991,-41.4548454284668,64.47516632080078
1753295902.8960958,-1.1548420190811157,-41.4676513671875,64.45999908447266,1.1748385429382324,-41.47750473022461,64.46484375,-1.1224925518035889,-41.47999954223633,64.47000885009766,1.1800035238265991,-41.4548454284668,64.47516632080078
1753295902.905858,-1.1548420190811157,-41.4676513671875,64.45999908447266,1.1748385429382324,-41.47750473022461,64.46484375,-1.1224925518035889,-41.47999954223633,64.47000885009766,1.1800035238265991,-41.4548454284668,64.47516632080078
1753295902.9159648,-1.1548420190811157,-41.4676513671875,64.45999908447266,1.1748385429382324,-41.47750473022461,64.46484375,-1.1224925518035889,-41.47999954223633,64.47000885009766,1.1800035238265991,-41.4548454284668,64.47516632080078
1753295902.9258502,-1.1548420190811157,-41.4676513671875,64.45999908447266,1.1748385429382324,-41.47750473022461,64.46484375,-1.1224925518035889,-41.47999954223633,64.47000885009766,1.1800035238265991,-41.4548454284668,64.47516632080078
1753295902.9359503,-1.1548420190811157,-41.4676513671875,64.45999908447266,1.1748385429382324,-41.47750473022461,64.46484375,-1.1224925518035889,-41.47999954223633,64.47000885009766,1.1800035238265991,-41.4548454284668,64.47516632080078
1753295902.9458864,-1.1548420190811157,-41.4676513671875,64.45999908447266,1.1748385429382324,-41.47750473022461,64.46484375,-1.1224925518035889,-41.47999954223633,64.47000885009766,1.1800035238265991,-41.4548454284668,64.47516632080078
1753295902.956024,-1.1548420190811157,-41.4676513671875,64.45999908447266,1.1748385429382324,-41.47750473022461,64.46484375,-1.1224925518035889,-41.47999954223633,64.47000885009766,1.1800035238265991,-41.4548454284668,64.47516632080078
1753295902.9658659,-1.1548420190811157,-41.4676513671875,64.45999908447266,1.1748385429382324,-41.47750473022461,64.46484375,-1.1224925518035889,-41.47999954223633,64.47000885009766,1.1800035238265991,-41.4548454284668,64.47516632080078
1753295902.9758623,-1.1548420190811157,-41.4676513671875,64.45999908447266,1.1748385429382324,-41.47750473022461,64.46484375,-1.1224925518035889,-41.47999954223633,64.47000885009766,1.1800035238265991,-41.4548454284668,64.47516632080078
1753295902.9858625,-1.1548420190811157,-41.4676513671875,64.45999908447266,1.1748385429382324,-41.47750473022461,64.46484375,-1.1224925518035889,-41.47999954223633,64.47000885009766,1.1800035238265991,-41.4548454284668,64.47516632080078
1753295902.9958627,-1.1548420190811157,-41.4676513671875,64.45999908447266,1.1748385429382324,-41.47750473022461,64.46484375,-1.1224925518035889,-41.47999954223633,64.47000885009766,1.1800035238265991,-41.4548454284668,64.47516632080078
1753295903.0058627,-1.1548420190811157,-41.4676513671875,64.45999908447266,1.1748385429382324,-41.47750473022461,64.46484375,-1.1224925518035889,-41.47999954223633,64.47000885009766,1.1800035238265991,-41.4548454284668,64.47516632080078
1753295903.015851,-1.1548420190811157,-41.4676513671875,64.45999908447266,1.1748385429382324,-41.47750473022461,64.46484375,-1.1224925518035889,-41.47999954223633,64.47000885009766,1.1800035238265991,-41.4548454284668,64.47516632080078
1753295903.0259047,-1.1548420190811157,-41.4676513671875,64.45999908447266,1.1748385429382324,-41.47750473022461,64.46484375,-1.1224925518035889,-41.47999954223633,64.47000885009766,1.1800035238265991,-41.4548454284668,64.47516632080078
1753295903.035851,-1.1548420190811157,-41.4676513671875,64.45999908447266,1.1748385429382324,-41.47750473022461,64.46484375,-1.1224925518035889,-41.47999954223633,64.47000885009766,1.1800035238265991,-41.4548454284668,64.47516632080078
1753295903.0458608,-1.1548420190811157,-41.4676513671875,64.45999908447266,1.1748385429382324,-41.47750473022461,64.46484375,-1.1224925518035889,-41.47999954223633,64.47000885009766,1.1800035238265991,-41.4548454284668,64.47516632080078
1753295903.055904,-1.1548420190811157,-41.4676513671875,64.45999908447266,1.1748385429382324,-41.47750473022461,64.46484375,-1.1224925518035889,-41.47999954223633,64.47000885009766,1.1800035238265991,-41.4548454284668,64.47516632080078
1753295903.0658863,-1.1548420190811157,-41.4676513671875,64.45999908447266,1.1748385429382324,-41.47750473022461,64.46484375,-1.1224925518035889,-41.47999954223633,64.47000885009766,1.1800035238265991,-41.4548454284668,64.47516632080078
1753295903.0759146,-1.1548420190811157,-41.4676513671875,64.45999908447266,1.1748385429382324,-41.47750473022461,64.46484375,-1.1224925518035889,-41.47999954223633,64.47000885009766,1.1800035238265991,-41.4548454284668,64.47516632080078
1753295903.0858638,-1.1548420190811157,-41.4676513671875,64.45999908447266,1.1748385429382324,-41.47750473022461,64.46484375,-1.1376488208770752,-41.47999954223633,64.47000885009766,1.1800035238265991,-41.4548454284668,64.47516632080078
1753295903.0959077,-1.1548420190811157,-41.4676513671875,64.45999908447266,1.1748385429382324,-41.47750473022461,64.46484375,-1.1376488208770752,-41.47999954223633,64.47000885009766,1.1800035238265991,-41.4548454284668,64.47516632080078
1753295903.1059105,-1.1548420190811157,-41.4676513671875,64.45999908447266,1.1748385429382324,-41.47750473022461,64.46484375,-1.1376488208770752,-41.47999954223633,64.47000885009766,1.1800035238265991,-41.4548454284668,64.47516632080078
1753295903.1159065,-1.1548420190811157,-41.4676513671875,64.45999908447266,1.1748385429382324,-41.47750473022461,64.46484375,-1.143273949623108,-41.47999954223633,64.47000885009766,1.1800035238265991,-41.4548454284668,64.47516632080078
1753295903.1259081,-1.1548420190811157,-41.4676513671875,64.45999908447266,1.1748385429382324,-41.47750473022461,64.46484375,-1.1476490497589111,-41.47999954223633,64.47000885009766,1.1800035238265991,-41.4548454284668,64.47516632080078
1753295903.1359131,-1.1548420190811157,-41.4676513671875,64.45999908447266,1.1748385429382324,-41.47750473022461,64.46484375,-1.1476490497589111,-41.47999954223633,64.47000885009766,1.1762534379959106,-41.4548454284668,64.47516632080078
1753295903.1459272,-1.1548420190811157,-41.4676513671875,64.45999908447266,1.1748385429382324,-41.47750473022461,64.46484375,-1.1476490497589111,-41.47999954223633,64.47000885009766,1.1700034141540527,-41.4548454284668,64.47516632080078
1753295903.1559238,-1.1548420190811157,-41.4676513671875,64.45999908447266,1.1748385429382324,-41.47750473022461,64.46484375,-1.1476490497589111,-41.47999954223633,64.47000885009766,1.1700034141540527,-41.4548454284668,64.47516632080078
1753295903.1659074,-1.1548420190811157,-41.4676513671875,64.45999908447266,1.1748385429382324,-41.47750473022461,64.46484375,-1.1476490497589111,-41.47999954223633,64.47000885009766,1.1700034141540527,-41.4548454284668,64.47516632080078
1753295903.1758935,-1.1548420190811157,-41.4676513671875,64.45999908447266,1.1748385429382324,-41.47750473022461,64.46484375,-1.1476490497589111,-41.47999954223633,64.47000885009766,1.1700034141540527,-41.4548454284668,64.47516632080078
1753295903.1858752,-1.1548420190811157,-41.4676513671875,64.45999908447266,1.1748385429382324,-41.47750473022461,64.46484375,-1.1476490497589111,-41.47999954223633,64.47000885009766,1.1700034141540527,-41.4548454284668,64.47516632080078
1753295903.195891,-1.1548420190811157,-41.4676513671875,64.45999908447266,1.1748385429382324,-41.47750473022461,64.46484375,-1.1476490497589111,-41.47999954223633,64.47000885009766,1.1700034141540527,-41.4548454284668,64.47516632080078
1753295903.2060597,-1.1548420190811157,-41.4676513671875,64.45999908447266,1.1748385429382324,-41.47750473022461,64.46484375,-1.1476490497589111,-41.47999954223633,64.47000885009766,1.1700034141540527,-41.4548454284668,64.47516632080078
1753295903.2158573,-1.1548420190811157,-41.4676513671875,64.45999908447266,1.1748385429382324,-41.47750473022461,64.46484375,-1.1476490497589111,-41.47999954223633,64.47000885009766,1.1700034141540527,-41.4548454284668,64.47516632080078
1753295903.225903,-1.1548420190811157,-41.4676513671875,64.45999908447266,1.1748385429382324,-41.47750473022461,64.46484375,-1.1476490497589111,-41.47999954223633,64.47000885009766,1.1700034141540527,-41.4548454284668,64.47516632080078
1753295903.2358704,-1.1548420190811157,-41.4676513671875,64.45999908447266,1.1748385429382324,-41.47750473022461,64.46484375,-1.1548364162445068,-41.47999954223633,64.47000885009766,1.1700034141540527,-41.4548454284668,64.47516632080078
1753295903.245873,-1.1548420190811157,-41.4676513671875,64.45999908447266,1.1748385429382324,-41.47750473022461,64.46484375,-1.1576488018035889,-41.47999954223633,64.47000885009766,1.1700034141540527,-41.4548454284668,64.47516632080078
1753295903.2559578,-1.1548420190811157,-41.4676513671875,64.45999908447266,1.1748385429382324,-41.47750473022461,64.46484375,-1.1576488018035889,-41.47999954223633,64.47000885009766,1.1700034141540527,-41.4548454284668,64.47516632080078
1753295903.2658663,-1.1548420190811157,-41.4676513671875,64.45999908447266,1.1748385429382324,-41.47750473022461,64.46484375,-1.1576488018035889,-41.47999954223633,64.47000885009766,1.1700034141540527,-41.4548454284668,64.47516632080078
1753295903.275943,-1.1548420190811157,-41.4676513671875,64.45999908447266,1.1748385429382324,-41.47750473022461,64.46484375,-1.1576488018035889,-41.47999954223633,64.47000885009766,1.1700034141540527,-41.4548454284668,64.47516632080078
1753295903.2859223,-1.1548420190811157,-41.4676513671875,64.45999908447266,1.1748385429382324,-41.47750473022461,64.46484375,-1.1576488018035889,-41.47999954223633,64.47000885009766,1.1700034141540527,-41.4548454284668,64.47516632080078
1753295903.295955,-1.1548420190811157,-41.45014953613281,64.45999908447266,1.1748385429382324,-41.47750473022461,64.46484375,-1.1576488018035889,-41.47999954223633,64.47000885009766,1.1700034141540527,-41.4548454284668,64.47516632080078
1753295903.305891,-1.1548420190811157,-41.45249938964844,64.45999908447266,1.1748385429382324,-41.47750473022461,64.46484375,-1.1576488018035889,-41.47999954223633,64.47000885009766,1.1700034141540527,-41.4548454284668,64.47516632080078
1753295903.3160057,-1.1548420190811157,-41.45249938964844,64.45999908447266,1.1748385429382324,-41.47750473022461,64.46484375,-1.1576488018035889,-41.47999954223633,64.47000885009766,1.1700034141540527,-41.4548454284668,64.47516632080078
1753295903.3259296,-1.1548420190811157,-41.4676513671875,64.45999908447266,1.1748385429382324,-41.47750473022461,64.46484375,-1.1576488018035889,-41.47999954223633,64.47000885009766,1.1700034141540527,-41.4548454284668,64.47516632080078
1753295903.3359113,-1.1548420190811157,-41.4676513671875,64.45999908447266,1.1748385429382324,-41.47750473022461,64.46484375,-1.1576488018035889,-41.47999954223633,64.47000885009766,1.1700034141540527,-41.4548454284668,64.47516632080078
1753295903.3458664,-1.1548420190811157,-41.4676513671875,64.45999908447266,1.1748385429382324,-41.47750473022461,64.46484375,-1.1576488018035889,-41.47999954223633,64.47000885009766,1.1700034141540527,-41.4548454284668,64.47516632080078
1753295903.3558826,-1.1548420190811157,-41.4676513671875,64.45999908447266,1.1748385429382324,-41.47750473022461,64.46484375,-1.1576488018035889,-41.47999954223633,64.47000885009766,1.1700034141540527,-41.4548454284668,64.47516632080078
1753295903.3659184,-1.1548420190811157,-41.45249938964844,64.45999908447266,1.1748385429382324,-41.47750473022461,64.46484375,-1.1576488018035889,-41.47999954223633,64.47000885009766,1.1700034141540527,-41.4548454284668,64.47516632080078
1753295903.375884,-1.1548420190811157,-41.45249938964844,64.45999908447266,1.1748385429382324,-41.47750473022461,64.46484375,-1.1576488018035889,-41.47999954223633,64.47000885009766,1.1700034141540527,-41.4548454284668,64.47516632080078
1753295903.3859062,-1.1548420190811157,-41.46609115600586,64.45999908447266,1.1748385429382324,-41.47750473022461,64.46484375,-1.1576488018035889,-41.47999954223633,64.47000885009766,1.1700034141540527,-41.4548454284668,64.47516632080078
1753295903.3958766,-1.1548420190811157,-41.4676513671875,64.45999908447266,1.1748385429382324,-41.47750473022461,64.46484375,-1.1576488018035889,-41.47999954223633,64.47000885009766,1.1700034141540527,-41.4548454284668,64.46000671386719
1753295903.4059308,-1.1548420190811157,-41.4676513671875,64.45999908447266,1.1748385429382324,-41.47750473022461,64.46484375,-1.1576488018035889,-41.476097106933594,64.47000885009766,1.1700034141540527,-41.46999740600586,64.4753189086914
1753295903.4158702,-1.1548420190811157,-41.4676513671875,64.45999908447266,1.1748385429382324,-41.47750473022461,64.46484375,-1.1576488018035889,-41.47000503540039,64.47000885009766,1.1700034141540527,-41.46999740600586,64.46250915527344
1753295903.42593,-1.1548420190811157,-41.4676513671875,64.45999908447266,1.1748385429382324,-41.47750473022461,64.46484375,-1.1576488018035889,-41.47000503540039,64.47000885009766,1.1700034141540527,-41.46999740600586,64.45001220703125
1753295903.4358692,-1.1548420190811157,-41.4676513671875,64.45999908447266,1.1748385429382324,-41.47750473022461,64.46484375,-1.1576488018035889,-41.47000503540039,64.47000885009766,1.1700034141540527,-41.46999740600586,64.47703552246094
1753295903.4459255,-1.1548420190811157,-41.45218276977539,64.45999908447266,1.1748385429382324,-41.47750473022461,64.46484375,-1.1576488018035889,-41.47000503540039,64.47000885009766,1.1700034141540527,-41.46999740600586,64.47516632080078
1753295903.4558632,-1.1548420190811157,-41.45249938964844,64.45999908447266,1.1748385429382324,-41.47750473022461,64.46484375,-1.1576488018035889,-41.47000503540039,64.47000885009766,1.1700034141540527,-41.46999740600586,64.45001220703125
1753295903.465911,-1.1548420190811157,-41.463279724121094,64.47516632080078,1.1748385429382324,-41.47750473022461,64.46484375,-1.1576488018035889,-41.47000503540039,64.47000885009766,1.1700034141540527,-41.46999740600586,64.45001220703125
1753295903.4758801,-1.1548420190811157,-41.4676513671875,64.4596939086914,1.1748385429382324,-41.47750473022461,64.46484375,-1.1576488018035889,-41.47000503540039,64.47000885009766,1.1700034141540527,-41.46999740600586,64.47516632080078
1753295903.4859347,-1.1548420190811157,-41.47578048706055,64.46937561035156,1.1748385429382324,-41.47750473022461,64.46484375,-1.1576488018035889,-41.47000503540039,64.47000885009766,1.1700034141540527,-41.46999740600586,64.45547485351562
1753295903.4958684,-1.1548420190811157,-41.4776496887207,64.48516082763672,1.1748385429382324,-41.47750473022461,64.46484375,-1.1576488018035889,-41.47000503540039,64.47000885009766,1.1700034141540527,-41.46999740600586,64.45001220703125
1753295903.505922,-1.1548420190811157,-41.4776496887207,64.45999908447266,1.1748385429382324,-41.47750473022461,64.46484375,-1.1576488018035889,-41.47000503540039,64.47000885009766,1.1700034141540527,-41.46999740600586,64.47689056396484
1753295903.5158732,-1.1548420190811157,-41.46249771118164,64.47516632080078,1.1748385429382324,-41.47750473022461,64.46484375,-1.1576488018035889,-41.47000503540039,64.47000885009766,1.1700034141540527,-41.46999740600586,64.47266387939453
1753295903.5259361,-1.1548420190811157,-41.46249771118164,64.47516632080078,1.1748385429382324,-41.47750473022461,64.46484375,-1.1576488018035889,-41.47000503540039,64.47000885009766,1.1700034141540527,-41.46999740600586,64.45001220703125
1753295903.5358765,-1.1548420190811157,-41.46249771118164,64.45984649658203,1.1748385429382324,-41.47750473022461,64.46484375,-1.1576488018035889,-41.47000503540039,64.47000885009766,1.1700034141540527,-41.46999740600586,64.46719360351562
1753295903.5459297,-1.1548420190811157,-41.46249771118164,64.47640991210938,1.172027587890625,-41.47750473022461,64.46484375,-1.1576488018035889,-41.47000503540039,64.47000885009766,1.1700034141540527,-41.46999740600586,64.47516632080078
1753295903.5558736,-1.1548420190811157,-41.4776496887207,64.47516632080078,1.164839267730713,-41.47750473022461,64.46484375,-1.1576488018035889,-41.46656799316406,64.47000885009766,1.1700034141540527,-41.46999740600586,64.44938659667969
1753295903.5659177,-1.1548420190811157,-41.4776496887207,64.45999908447266,1.164839267730713,-41.47750473022461,64.46484375,-1.1576488018035889,-41.47359848022461,64.47000885009766,1.1700034141540527,-41.46999740600586,64.45001220703125
1753295903.5758736,-1.1548420190811157,-41.4776496887207,64.47593688964844,1.164839267730713,-41.47750473022461,64.46484375,-1.1576488018035889,-41.475162506103516,64.47000885009766,1.1700034141540527,-41.46999740600586,64.47516632080078
1753295903.5859184,-1.1548420190811157,-41.4776496887207,64.47484588623047,1.164839267730713,-41.47750473022461,64.46484375,-1.1576488018035889,-41.475162506103516,64.47000885009766,1.1700034141540527,-41.46999740600586,64.45954132080078
1753295903.5958776,-1.1548420190811157,-41.4776496887207,64.45000457763672,1.164839267730713,-41.46235275268555,64.46484375,-1.1676490306854248,-41.475162506103516,64.47000885009766,1.1700034141540527,-41.46999740600586,64.45001220703125
1753295903.6059592,-1.1548420190811157,-41.4776496887207,64.48516082763672,1.164839267730713,-41.46235275268555,64.46484375,-1.1676490306854248,-41.475162506103516,64.47000885009766,1.1700034141540527,-41.46999740600586,64.47626495361328
1753295903.6158745,-1.1548420190811157,-41.48765563964844,64.4576644897461,1.164839267730713,-41.46235275268555,64.46484375,-1.1720240116119385,-41.45891189575195,64.47000885009766,1.1700034141540527,-41.46999740600586,64.47516632080078
1753295903.6261277,-1.1548420190811157,-41.48765563964844,64.45999908447266,1.164839267730713,-41.46235275268555,64.46484375,-1.177648901939392,-41.46000671386719,64.47000885009766,1.1700034141540527,-41.46999740600586,64.44906616210938
1753295903.6358833,-1.1548420190811157,-41.48765563964844,64.48516082763672,1.164839267730713,-41.46235275268555,64.46484375,-1.177648901939392,-41.46000671386719,64.47000885009766,1.1700034141540527,-41.46999740600586,64.46562957763672
1753295903.6458738,-1.1548420190811157,-41.48765563964844,64.45218658447266,1.164839267730713,-41.46235275268555,64.46484375,-1.177648901939392,-41.46000671386719,64.47000885009766,1.1700034141540527,-41.47999572753906,64.48516082763672
1753295903.6559277,-1.1548420190811157,-41.48765563964844,64.4742202758789,1.164839267730713,-41.46235275268555,64.46484375,-1.177648901939392,-41.46000671386719,64.47000885009766,1.1700034141540527,-41.47999572753906,64.44891357421875
1753295903.6658711,-1.1548420190811157,-41.48765563964844,64.48516082763672,1.164839267730713,-41.46235275268555,64.46484375,-1.185305118560791,-41.46000671386719,64.47000885009766,1.1700034141540527,-41.47999572753906,64.46172332763672
1753295903.675886,-1.1548420190811157,-41.48765563964844,64.44781494140625,1.164839267730713,-41.46235275268555,64.46484375,-1.1876487731933594,-41.46000671386719,64.47000885009766,1.1700034141540527,-41.47999572753906,64.47516632080078
1753295903.685868,-1.1548420190811157,-41.48765563964844,64.48578643798828,1.164839267730713,-41.46235275268555,64.46484375,-1.1876487731933594,-41.46000671386719,64.47000885009766,1.1700034141540527,-41.47999572753906,64.46672821044922
1753295903.6958666,-1.1548420190811157,-41.48765563964844,64.46312713623047,1.164839267730713,-41.46235275268555,64.46484375,-1.1876487731933594,-41.46000671386719,64.47000885009766,1.1700034141540527,-41.47999572753906,64.45001220703125
1753295903.7058856,-1.1548420190811157,-41.48765563964844,64.46312713623047,1.164839267730713,-41.46235275268555,64.46484375,-1.1876487731933594,-41.46000671386719,64.47000885009766,1.1700034141540527,-41.47999572753906,64.47516632080078
1753295903.7158732,-1.1548420190811157,-41.48765563964844,64.48516082763672,1.164839267730713,-41.46235275268555,64.46484375,-1.1876487731933594,-41.46000671386719,64.47000885009766,1.1700034141540527,-41.47999572753906,64.47516632080078
1753295903.7258778,-1.1548420190811157,-41.48765563964844,64.44984436035156,1.164839267730713,-41.46235275268555,64.46484375,-1.1876487731933594,-41.46000671386719,64.47000885009766,1.1700034141540527,-41.47999572753906,64.46000671386719
1753295903.7358706,-1.1548420190811157,-41.48765563964844,64.47984313964844,1.164839267730713,-41.46235275268555,64.46484375,-1.1876487731933594,-41.46000671386719,64.47000885009766,1.1700034141540527,-41.47999572753906,64.46000671386719
1753295903.7459123,-1.1548420190811157,-41.48765563964844,64.47061920166016,1.164839267730713,-41.46235275268555,64.46484375,-1.1876487731933594,-41.46000671386719,64.47000885009766,1.1700034141540527,-41.47999572753906,64.47563171386719
1753295903.7558725,-1.1548420190811157,-41.48765563964844,64.45000457763672,1.164839267730713,-41.46235275268555,64.46484375,-1.1876487731933594,-41.46000671386719,64.47000885009766,1.1700034141540527,-41.47999572753906,64.47516632080078
1753295903.7658815,-1.1548420190811157,-41.48765563964844,64.48532104492188,1.164839267730713,-41.46235275268555,64.46484375,-1.1876487731933594,-41.46000671386719,64.47000885009766,1.1700034141540527,-41.47999572753906,64.44923400878906
1753295903.7758656,-1.1548420190811157,-41.48765563964844,64.44876098632812,1.164839267730713,-41.46235275268555,64.46484375,-1.1876487731933594,-41.46000671386719,64.47000885009766,1.1700034141540527,-41.47999572753906,64.47579193115234
1753295903.7858746,-1.1548420190811157,-41.48765563964844,64.48375701904297,1.164839267730713,-41.46235275268555,64.46484375,-1.1876487731933594,-41.46000671386719,64.47000885009766,1.1700034141540527,-41.47999572753906,64.48516082763672
1753295903.7958717,-1.1548420190811157,-41.48765563964844,64.4771957397461,1.164839267730713,-41.46235275268555,64.46484375,-1.1876487731933594,-41.46000671386719,64.47000885009766,1.1700034141540527,-41.47999572753906,64.44813537597656
1753295903.8058755,-1.1548420190811157,-41.48765563964844,64.45000457763672,1.164839267730713,-41.46235275268555,64.46484375,-1.1876487731933594,-41.46000671386719,64.47000885009766,1.1700034141540527,-41.47999572753906,64.47329711914062
1753295903.815871,-1.1548420190811157,-41.48765563964844,64.48672485351562,1.164839267730713,-41.46235275268555,64.46484375,-1.1876487731933594,-41.46000671386719,64.47000885009766,1.1700034141540527,-41.47999572753906,64.48516082763672
1753295903.8259256,-1.1548420190811157,-41.48765563964844,64.45953369140625,1.164839267730713,-41.46235275268555,64.46484375,-1.1876487731933594,-41.46000671386719,64.47000885009766,1.1700034141540527,-41.47999572753906,64.44906616210938
1753295903.8358972,-1.1548420190811157,-41.48765563964844,64.45999908447266,1.164839267730713,-41.46235275268555,64.46484375,-1.1876487731933594,-41.46000671386719,64.47000885009766,1.1700034141540527,-41.47999572753906,64.47657012939453
1753295903.84591,-1.1548420190811157,-41.48765563964844,64.48516082763672,1.164839267730713,-41.46235275268555,64.46484375,-1.1876487731933594,-41.46000671386719,64.47000885009766,1.1700034141540527,-41.47999572753906,64.47516632080078
1753295903.8559067,-1.1548420190811157,-41.48765563964844,64.45000457763672,1.164839267730713,-41.46235275268555,64.46484375,-1.1876487731933594,-41.46000671386719,64.47000885009766,1.1700034141540527,-41.47999572753906,64.47516632080078
1753295903.8659081,-1.1548420190811157,-41.49233627319336,64.48609161376953,1.164839267730713,-41.46235275268555,64.46484375,-1.1876487731933594,-41.46000671386719,64.47000885009766,1.1700034141540527,-41.47999572753906,64.46000671386719
1753295903.8759196,-1.1548420190811157,-41.49765396118164,64.44437408447266,1.164839267730713,-41.46235275268555,64.46484375,-1.1876487731933594,-41.46000671386719,64.47000885009766,1.1700034141540527,-41.47999572753906,64.46250915527344
1753295903.8859239,-1.1548420190811157,-41.49765396118164,64.47125244140625,1.164839267730713,-41.46235275268555,64.46484375,-1.1876487731933594,-41.46000671386719,64.47000885009766,1.1700034141540527,-41.47999572753906,64.48516082763672
1753295903.895908,-1.1548420190811157,-41.47406005859375,64.48516082763672,1.164839267730713,-41.46235275268555,64.46484375,-1.1876487731933594,-41.46000671386719,64.47000885009766,1.1700034141540527,-41.47999572753906,64.44766235351562
1753295903.9059155,-1.1548420190811157,-41.472496032714844,64.45000457763672,1.164839267730713,-41.46235275268555,64.46484375,-1.1876487731933594,-41.46000671386719,64.47000885009766,1.1700034141540527,-41.47999572753906,64.47672271728516
1753295903.9159145,-1.1548420190811157,-41.472496032714844,64.4854736328125,1.164839267730713,-41.46235275268555,64.46484375,-1.1876487731933594,-41.46000671386719,64.47000885009766,1.1700034141540527,-41.47999572753906,64.47516632080078
1753295903.9258974,-1.1548420190811157,-41.472496032714844,64.45843505859375,1.164839267730713,-41.46235275268555,64.46484375,-1.1876487731933594,-41.46000671386719,64.47000885009766,1.1700034141540527,-41.47999572753906,64.47516632080078
1753295903.9358935,-1.1548420190811157,-41.48921203613281,64.45000457763672,1.164839267730713,-41.46235275268555,64.46484375,-1.1876487731933594,-41.46000671386719,64.47000885009766,1.1700034141540527,-41.47999572753906,64.46000671386719
1753295903.9459152,-1.1548420190811157,-41.48765563964844,64.47516632080078,1.164839267730713,-41.46235275268555,64.46484375,-1.1876487731933594,-41.46000671386719,64.47000885009766,1.1700034141540527,-41.47999572753906,64.46000671386719
1753295903.9559097,-1.1548420190811157,-41.48765563964844,64.4507827758789,1.164839267730713,-41.46235275268555,64.46484375,-1.1876487731933594,-41.46000671386719,64.47000885009766,1.1700034141540527,-41.47999572753906,64.48516082763672
1753295903.9659262,-1.1548420190811157,-41.48765563964844,64.45843505859375,1.164839267730713,-41.46235275268555,64.46484375,-1.1876487731933594,-41.46000671386719,64.47000885009766,1.1700034141540527,-41.47999572753906,64.44938659667969
1753295903.9759245,-1.1548420190811157,-41.47203063964844,64.48516082763672,1.164839267730713,-41.46235275268555,64.46484375,-1.1876487731933594,-41.46000671386719,64.47000885009766,1.1700034141540527,-41.47999572753906,64.47672271728516
1753295903.9858978,-1.1548420190811157,-41.472496032714844,64.44828796386719,1.164839267730713,-41.46235275268555,64.46484375,-1.1876487731933594,-41.46000671386719,64.47000885009766,1.1700034141540527,-41.47999572753906,64.47516632080078
1753295903.995918,-1.1548420190811157,-41.48655700683594,64.48329162597656,1.164839267730713,-41.46235275268555,64.46484375,-1.1876487731933594,-41.46000671386719,64.47000885009766,1.1700034141540527,-41.47999572753906,64.47516632080078
1753295904.0059216,-1.1548420190811157,-41.48765563964844,64.45516204833984,1.164839267730713,-41.46235275268555,64.46484375,-1.1876487731933594,-41.46000671386719,64.47000885009766,1.1700034141540527,-41.47999572753906,64.45938110351562
1753295904.0159152,-1.1548420190811157,-41.48765563964844,64.45000457763672,1.164839267730713,-41.46235275268555,64.46484375,-1.1876487731933594,-41.46000671386719,64.47000885009766,1.1700034141540527,-41.47999572753906,64.46000671386719
1753295904.0259256,-1.1548420190811157,-41.48765563964844,64.48516082763672,1.164839267730713,-41.46235275268555,64.46484375,-1.1876487731933594,-41.46000671386719,64.47000885009766,1.1700034141540527,-41.47999572753906,64.486572265625
1753295904.035919,-1.1548420190811157,-41.48765563964844,64.44937133789062,1.164839267730713,-41.46235275268555,64.46484375,-1.1876487731933594,-41.46000671386719,64.47000885009766,1.1700034141540527,-41.47999572753906,64.44953918457031
1753295904.045919,-1.1548420190811157,-41.48765563964844,64.47500610351562,1.164839267730713,-41.46235275268555,64.46484375,-1.1876487731933594,-41.46000671386719,64.47000885009766,1.1700034141540527,-41.47999572753906,64.46126556396484
1753295904.0559254,-1.1548420190811157,-41.48765563964844,64.4771957397461,1.164839267730713,-41.46235275268555,64.46484375,-1.1876487731933594,-41.46000671386719,64.47000885009766,1.1700034141540527,-41.47999572753906,64.48641967773438
1753295904.0659173,-1.1548420190811157,-41.48765563964844,64.45000457763672,1.164839267730713,-41.46235275268555,64.46484375,-1.1876487731933594,-41.46000671386719,64.47000885009766,1.1700034141540527,-41.47999572753906,64.45719146728516
1753295904.0759187,-1.1548420190811157,-41.48765563964844,64.48562622070312,1.164839267730713,-41.46235275268555,64.46484375,-1.1876487731933594,-41.46000671386719,64.47000885009766,1.1700034141540527,-41.47999572753906,64.45516967773438
1753295904.085921,-1.1548420190811157,-41.48765563964844,64.45204162597656,1.164839267730713,-41.46235275268555,64.46484375,-1.1876487731933594,-41.46000671386719,64.47000885009766,1.1700034141540527,-41.47999572753906,64.48516082763672
1753295904.0959225,-1.1548420190811157,-41.48765563964844,64.45000457763672,1.164839267730713,-41.46235275268555,64.46484375,-1.1876487731933594,-41.46000671386719,64.47000885009766,1.1700034141540527,-41.47999572753906,64.45891571044922
1753295904.1059124,-1.1548420190811157,-41.48765563964844,64.48516082763672,1.164839267730713,-41.46235275268555,64.46484375,-1.1876487731933594,-41.46000671386719,64.47000885009766,1.1700034141540527,-41.47999572753906,64.45001220703125
1753295904.1159174,-1.1548420190811157,-41.48765563964844,64.44890594482422,1.164839267730713,-41.46235275268555,64.46484375,-1.1876487731933594,-41.46000671386719,64.47000885009766,1.1700034141540527,-41.47999572753906,64.48548126220703
1753295904.125932,-1.1548420190811157,-41.48765563964844,64.48641204833984,1.164839267730713,-41.46235275268555,64.46484375,-1.1876487731933594,-41.46000671386719,64.47000885009766,1.1700034141540527,-41.47999572753906,64.46141815185547
1753295904.1359036,-1.1548420190811157,-41.48765563964844,64.45891571044922,1.164839267730713,-41.46235275268555,64.46484375,-1.1876487731933594,-41.46000671386719,64.47000885009766,1.1700034141540527,-41.47999572753906,64.45001220703125
1753295904.1459181,-1.1548420190811157,-41.48765563964844,64.45000457763672,1.164839267730713,-41.46235275268555,64.46484375,-1.1876487731933594,-41.46000671386719,64.47000885009766,1.1700034141540527,-41.47999572753906,64.47516632080078
1753295904.1559215,-1.1548420190811157,-41.48765563964844,64.48516082763672,1.164839267730713,-41.46235275268555,64.46484375,-1.1876487731933594,-41.46000671386719,64.47000885009766,1.1700034141540527,-41.47999572753906,64.47516632080078
1753295904.1659162,-1.1548420190811157,-41.48765563964844,64.44781494140625,1.164839267730713,-41.46235275268555,64.46484375,-1.1876487731933594,-41.46000671386719,64.47000885009766,1.1700034141540527,-41.47999572753906,64.47516632080078
1753295904.1758804,-1.1548420190811157,-41.48765563964844,64.48094177246094,1.164839267730713,-41.46235275268555,64.46484375,-1.1876487731933594,-41.46000671386719,64.47000885009766,1.1700034141540527,-41.47999572753906,64.46000671386719
1753295904.1858957,-1.1548420190811157,-41.48765563964844,64.4743881225586,1.164839267730713,-41.46235275268555,64.46484375,-1.1876487731933594,-41.46000671386719,64.47000885009766,1.1700034141540527,-41.47999572753906,64.47735595703125
1753295904.1959126,-1.1548420190811157,-41.48765563964844,64.45000457763672,1.164839267730713,-41.46235275268555,64.46484375,-1.1876487731933594,-41.46000671386719,64.47000885009766,1.1700034141540527,-41.47999572753906,64.48516082763672
1753295904.2058744,-1.1548420190811157,-41.48765563964844,64.48562622070312,1.164839267730713,-41.46235275268555,64.46484375,-1.1876487731933594,-41.46000671386719,64.47000885009766,1.1700034141540527,-41.47999572753906,64.44923400878906
1753295904.215885,-1.1548420190811157,-41.48765563964844,64.45390319824219,1.164839267730713,-41.46235275268555,64.46484375,-1.1876487731933594,-41.46000671386719,64.47000885009766,1.1700034141540527,-41.47999572753906,64.47735595703125
1753295904.225902,-1.1548420190811157,-41.48765563964844,64.45984649658203,1.164839267730713,-41.46235275268555,64.46484375,-1.1876487731933594,-41.46000671386719,64.47000885009766,1.1700034141540527,-41.47999572753906,64.48516082763672
1753295904.2358902,-1.1548420190811157,-41.48765563964844,64.48516082763672,1.164839267730713,-41.46235275268555,64.46484375,-1.1876487731933594,-41.46000671386719,64.47000885009766,1.1700034141540527,-41.47999572753906,64.44876098632812
1753295904.245923,-1.1548420190811157,-41.48765563964844,64.45000457763672,1.164839267730713,-41.46235275268555,64.46484375,-1.1876487731933594,-41.46000671386719,64.47000885009766,1.1700034141540527,-41.47999572753906,64.47579193115234
1753295904.2559185,-1.1548420190811157,-41.48765563964844,64.48516082763672,1.164839267730713,-41.46235275268555,64.46484375,-1.1876487731933594,-41.46000671386719,64.47000885009766,1.1700034141540527,-41.47999572753906,64.48516082763672
1753295904.2659235,-1.1548420190811157,-41.48765563964844,64.46390533447266,1.164839267730713,-41.46235275268555,64.46484375,-1.1876487731933594,-41.46000671386719,64.47000885009766,1.1700034141540527,-41.47999572753906,64.46438598632812
1753295904.2758982,-1.1548420190811157,-41.48765563964844,64.45000457763672,1.164839267730713,-41.46235275268555,64.46484375,-1.1876487731933594,-41.46000671386719,64.47000885009766,1.1700034141540527,-41.47999572753906,64.46000671386719
1753295904.2858903,-1.1548420190811157,-41.48765563964844,64.48687744140625,1.164839267730713,-41.46235275268555,64.46484375,-1.1876487731933594,-41.46000671386719,64.47000885009766,1.1700034141540527,-41.47999572753906,64.47750854492188
1753295904.2959301,-1.1548420190811157,-41.48765563964844,64.44953918457031,1.164839267730713,-41.46235275268555,64.46484375,-1.1876487731933594,-41.46000671386719,64.47000885009766,1.1700034141540527,-41.47999572753906,64.47516632080078
1753295904.3059292,-1.1548420190811157,-41.48765563964844,64.47140502929688,1.164839267730713,-41.46235275268555,64.46484375,-1.1876487731933594,-41.46000671386719,64.47000885009766,1.1700034141540527,-41.47999572753906,64.45860290527344
1753295904.315911,-1.1548420190811157,-41.48765563964844,64.48516082763672,1.164839267730713,-41.46235275268555,64.46484375,-1.1876487731933594,-41.46000671386719,64.47000885009766,1.1700034141540527,-41.47999572753906,64.46000671386719
1753295904.3259141,-1.1548420190811157,-41.48765563964844,64.44828796386719,1.164839267730713,-41.46235275268555,64.46484375,-1.1876487731933594,-41.46000671386719,64.47000885009766,1.1700034141540527,-41.47999572753906,64.47516632080078
1753295904.3359225,-1.1548420190811157,-41.48765563964844,64.48453521728516,1.164839267730713,-41.46235275268555,64.4800033569336,-1.1876487731933594,-41.46000671386719,64.47000885009766,1.1700034141540527,-41.47999572753906,64.47516632080078
1753295904.3459253,-1.1548420190811157,-41.48765563964844,64.45594024658203,1.164839267730713,-41.46235275268555,64.4800033569336,-1.1876487731933594,-41.46000671386719,64.47000885009766,1.1700034141540527,-41.47999572753906,64.47516632080078
1753295904.3558898,-1.1548420190811157,-41.48765563964844,64.45108795166016,1.164839267730713,-41.46235275268555,64.4800033569336,-1.1876487731933594,-41.46000671386719,64.47000885009766,1.1700034141540527,-41.47999572753906,64.46000671386719
1753295904.365938,-1.1548420190811157,-41.48765563964844,64.48516082763672,1.164839267730713,-41.46235275268555,64.4800033569336,-1.1876487731933594,-41.46000671386719,64.47000885009766,1.1700034141540527,-41.47999572753906,64.48641967773438
1753295904.3759236,-1.1548420190811157,-41.47734069824219,64.44859313964844,1.164839267730713,-41.46235275268555,64.4800033569336,-1.1876487731933594,-41.46000671386719,64.47000885009766,1.1700034141540527,-41.47999572753906,64.47157287597656
1753295904.3859365,-1.1548420190811157,-41.472496032714844,64.47734832763672,1.164839267730713,-41.46235275268555,64.4800033569336,-1.1876487731933594,-41.46000671386719,64.47000885009766,1.1700034141540527,-41.47999572753906,64.45001220703125
1753295904.3959255,-1.1548420190811157,-41.472496032714844,64.4664077758789,1.164839267730713,-41.46235275268555,64.4800033569336,-1.1876487731933594,-41.46000671386719,64.47000885009766,1.1700034141540527,-41.47999572753906,64.48672485351562
1753295904.4059176,-1.1548420190811157,-41.472496032714844,64.45125579833984,1.164839267730713,-41.46235275268555,64.4800033569336,-1.1876487731933594,-41.46000671386719,64.47000885009766,1.1700034141540527,-41.47999572753906,64.46595001220703
1753295904.4158916,-1.1548420190811157,-41.488121032714844,64.48719024658203,1.164839267730713,-41.46235275268555,64.4800033569336,-1.1876487731933594,-41.46000671386719,64.47000885009766,1.1700034141540527,-41.47999572753906,64.46000671386719
1753295904.425924,-1.1548420190811157,-41.47108840942383,64.44766235351562,1.164839267730713,-41.46235275268555,64.4800033569336,-1.1876487731933594,-41.46000671386719,64.47000885009766,1.1700034141540527,-41.47999572753906,64.46891784667969
1753295904.4359183,-1.1548420190811157,-41.472496032714844,64.48687744140625,1.164839267730713,-41.46235275268555,64.4800033569336,-1.1876487731933594,-41.46000671386719,64.47000885009766,1.1700034141540527,-41.47999572753906,64.48516082763672
1753295904.445909,-1.1548420190811157,-41.46249771118164,64.48265838623047,1.164839267730713,-41.46235275268555,64.4800033569336,-1.1876487731933594,-41.46000671386719,64.47000885009766,1.1700034141540527,-41.47999572753906,64.45797729492188
1753295904.4558928,-1.1548420190811157,-41.46249771118164,64.45000457763672,1.164839267730713,-41.46235275268555,64.4800033569336,-1.1876487731933594,-41.46000671386719,64.47000885009766,1.1700034141540527,-41.47999572753906,64.46000671386719
1753295904.4658911,-1.1548420190811157,-41.48796463012695,64.486572265625,1.164839267730713,-41.46235275268555,64.4800033569336,-1.1876487731933594,-41.46000671386719,64.47000885009766,1.1700034141540527,-41.47999572753906,64.47610473632812
1753295904.47589,-1.1548420190811157,-41.48765563964844,64.45281982421875,1.164839267730713,-41.46235275268555,64.4800033569336,-1.1876487731933594,-41.46000671386719,64.47000885009766,1.1700034141540527,-41.47999572753906,64.47516632080078
1753295904.485896,-1.1548420190811157,-41.48765563964844,64.47109985351562,1.164839267730713,-41.46235275268555,64.4800033569336,-1.1876487731933594,-41.46000671386719,64.47000885009766,1.1700034141540527,-41.47999572753906,64.47516632080078
1753295904.49589,-1.1548420190811157,-41.472496032714844,64.48516082763672,1.164839267730713,-41.46235275268555,64.4800033569336,-1.1876487731933594,-41.46000671386719,64.47000885009766,1.1700034141540527,-41.47999572753906,64.45813751220703
1753295904.5058956,-1.1548420190811157,-41.46358871459961,64.44906616210938,1.164839267730713,-41.46235275268555,64.4800033569336,-1.1876487731933594,-41.475162506103516,64.47000885009766,1.1700034141540527,-41.47999572753906,64.48735046386719
1753295904.5159655,-1.1548420190811157,-41.46249771118164,64.47891235351562,1.164839267730713,-41.46235275268555,64.4800033569336,-1.1876487731933594,-41.475162506103516,64.47000885009766,1.1700034141540527,-41.46484375,64.48001098632812
1753295904.525918,-1.1548420190811157,-41.46249771118164,64.47296905517578,1.164839267730713,-41.46235275268555,64.4800033569336,-1.1876487731933594,-41.475162506103516,64.47000885009766,1.1700034141540527,-41.46484375,64.46000671386719
1753295904.5359316,-1.1548420190811157,-41.4776496887207,64.44000244140625,1.164839267730713,-41.46235275268555,64.4800033569336,-1.1876487731933594,-41.475162506103516,64.47000885009766,1.1700034141540527,-41.46484375,64.4753189086914
1753295904.5459325,-1.1548420190811157,-41.48374557495117,64.47516632080078,1.164839267730713,-41.46235275268555,64.4800033569336,-1.1876487731933594,-41.475162506103516,64.47000885009766,1.1700034141540527,-41.46484375,64.48516082763672
1753295904.5559382,-1.1548420190811157,-41.450626373291016,64.453125,1.164839267730713,-41.46235275268555,64.4800033569336,-1.1876487731933594,-41.475162506103516,64.47000885009766,1.1700034141540527,-41.46484375,64.46000671386719
1753295904.565891,-1.1548420190811157,-41.45249938964844,64.46031188964844,1.164839267730713,-41.46235275268555,64.4800033569336,-1.1876487731933594,-41.475162506103516,64.47000885009766,1.1700034141540527,-41.46484375,64.46000671386719
1753295904.5759456,-1.1548420190811157,-41.45249938964844,64.48202514648438,1.164839267730713,-41.46235275268555,64.4800033569336,-1.1876487731933594,-41.475162506103516,64.47000885009766,1.1700034141540527,-41.46484375,64.47516632080078
1753295904.5859292,-1.1548420190811157,-41.4676513671875,64.43828582763672,1.164839267730713,-41.46235275268555,64.4800033569336,-1.1876487731933594,-41.475162506103516,64.47000885009766,1.1700034141540527,-41.46484375,64.47516632080078
1753295904.5958817,-1.1548420190811157,-41.47233963012695,64.47516632080078,1.164839267730713,-41.46235275268555,64.4800033569336,-1.1876487731933594,-41.475162506103516,64.47000885009766,1.1700034141540527,-41.46484375,64.47516632080078
1753295904.6059422,-1.1548420190811157,-41.46171569824219,64.46578979492188,1.164839267730713,-41.46235275268555,64.4800033569336,-1.1876487731933594,-41.475162506103516,64.47000885009766,1.1700034141540527,-41.46484375,64.46000671386719
1753295904.6158926,-1.1548420190811157,-41.46249771118164,64.44000244140625,1.164839267730713,-41.46235275268555,64.4800033569336,-1.1876487731933594,-41.475162506103516,64.47000885009766,1.1700034141540527,-41.46484375,64.48594665527344
1753295904.625903,-1.1548420190811157,-41.46249771118164,64.48516082763672,1.164839267730713,-41.46235275268555,64.4800033569336,-1.1876487731933594,-41.475162506103516,64.47000885009766,1.1700034141540527,-41.46484375,64.46641540527344
1753295904.635892,-1.1548420190811157,-41.46249771118164,64.44876098632812,1.164839267730713,-41.46235275268555,64.4800033569336,-1.1876487731933594,-41.475162506103516,64.47000885009766,1.1700034141540527,-41.46484375,64.46000671386719
1753295904.6459029,-1.1548420190811157,-41.47187423706055,64.46953582763672,1.164839267730713,-41.46235275268555,64.4800033569336,-1.1876487731933594,-41.475162506103516,64.47000885009766,1.1700034141540527,-41.46484375,64.48719787597656
1753295904.6559181,-1.1548420190811157,-41.4776496887207,64.47235107421875,1.164839267730713,-41.46235275268555,64.4800033569336,-1.1876487731933594,-41.45984649658203,64.47000885009766,1.1700034141540527,-41.46484375,64.48516082763672
1753295904.6659276,-1.1548420190811157,-41.4776496887207,64.44000244140625,1.164839267730713,-41.46235275268555,64.4800033569336,-1.1876487731933594,-41.476566314697266,64.47000885009766,1.1700034141540527,-41.46484375,64.44906616210938
1753295904.6759205,-1.1548420190811157,-41.4776496887207,64.48609161376953,1.164839267730713,-41.46235275268555,64.4800033569336,-1.1876487731933594,-41.475162506103516,64.47000885009766,1.1700034141540527,-41.46484375,64.48563385009766
1753295904.6859362,-1.1548420190811157,-41.4776496887207,64.44844818115234,1.164839267730713,-41.46235275268555,64.4800033569336,-1.1876487731933594,-41.475162506103516,64.47000885009766,1.1700034141540527,-41.46484375,64.48532104492188
1753295904.6959448,-1.1548420190811157,-41.46249771118164,64.45891571044922,1.164839267730713,-41.46235275268555,64.4800033569336,-1.1876487731933594,-41.475162506103516,64.47000885009766,1.1700034141540527,-41.46484375,64.45001220703125
1753295904.7059226,-1.1548420190811157,-41.46249771118164,64.48516082763672,1.164839267730713,-41.46235275268555,64.4800033569336,-1.1876487731933594,-41.475162506103516,64.47000885009766,1.1700034141540527,-41.46484375,64.49751281738281
1753295904.7159302,-1.1548420190811157,-41.47984313964844,64.43953704833984,1.164839267730713,-41.46235275268555,64.4800033569336,-1.1876487731933594,-41.475162506103516,64.47000885009766,1.1700034141540527,-41.46484375,64.47016906738281
1753295904.7259302,-1.1548420190811157,-41.48015213012695,64.47610473632812,1.164839267730713,-41.46235275268555,64.4800033569336,-1.1876487731933594,-41.475162506103516,64.47000885009766,1.1700034141540527,-41.46484375,64.45001220703125
1753295904.7359228,-1.1548420190811157,-41.4782829284668,64.4643783569336,1.164839267730713,-41.46235275268555,64.4800033569336,-1.1876487731933594,-41.475162506103516,64.47000885009766,1.1700034141540527,-41.46484375,64.48688507080078
1753295904.7459426,-1.1548420190811157,-41.46249771118164,64.45999908447266,1.164839267730713,-41.46235275268555,64.4800033569336,-1.1876487731933594,-41.475162506103516,64.47000885009766,1.1700034141540527,-41.46484375,64.48516082763672
1753295904.7559416,-1.1548420190811157,-41.46249771118164,64.48562622070312,1.164839267730713,-41.46235275268555,64.4800033569336,-1.1876487731933594,-41.475162506103516,64.47000885009766,1.1700034141540527,-41.46484375,64.44876098632812
1753295904.765921,-1.1548420190811157,-41.46249771118164,64.45984649658203,1.164839267730713,-41.46235275268555,64.4800033569336,-1.1876487731933594,-41.475162506103516,64.47000885009766,1.1700034141540527,-41.46484375,64.48625946044922
1753295904.7759423,-1.1548420190811157,-41.46249771118164,64.4659423828125,1.164839267730713,-41.46235275268555,64.4800033569336,-1.1876487731933594,-41.475162506103516,64.47000885009766,1.1700034141540527,-41.46484375,64.48516082763672
1753295904.7859335,-1.1548420190811157,-41.48765563964844,64.48516082763672,1.164839267730713,-41.46235275268555,64.4800033569336,-1.1876487731933594,-41.4620361328125,64.47000885009766,1.1700034141540527,-41.46484375,64.46000671386719
1753295904.7959034,-1.1548420190811157,-41.472496032714844,64.43968963623047,1.164839267730713,-41.46235275268555,64.4800033569336,-1.1876487731933594,-41.46000671386719,64.47000885009766,1.1700034141540527,-41.46484375,64.46891784667969
1753295904.8059313,-1.1548420190811157,-41.472496032714844,64.4967269897461,1.164839267730713,-41.46235275268555,64.4800033569336,-1.1876487731933594,-41.46000671386719,64.47000885009766,1.1700034141540527,-41.46484375,64.47516632080078
1753295904.8159347,-1.1548420190811157,-41.472496032714844,64.43843841552734,1.164839267730713,-41.46235275268555,64.4800033569336,-1.1876487731933594,-41.46000671386719,64.47000885009766,1.1700034141540527,-41.46484375,64.47516632080078
1753295904.8259032,-1.1548420190811157,-41.46311950683594,64.47281646728516,1.164839267730713,-41.46235275268555,64.4800033569336,-1.1876487731933594,-41.46000671386719,64.47000885009766,1.1700034141540527,-41.46484375,64.47516632080078
1753295904.8358939,-1.1548420190811157,-41.4776496887207,64.4800033569336,1.164839267730713,-41.46235275268555,64.4800033569336,-1.1876487731933594,-41.46000671386719,64.47000885009766,1.1700034141540527,-41.46484375,64.47516632080078
1753295904.8459063,-1.1548420190811157,-41.46249771118164,64.44812774658203,1.164839267730713,-41.46235275268555,64.4800033569336,-1.1876487731933594,-41.46000671386719,64.47000885009766,1.1700034141540527,-41.46484375,64.47516632080078
1753295904.8559043,-1.1548420190811157,-41.46249771118164,64.49578094482422,1.164839267730713,-41.46235275268555,64.4800033569336,-1.1876487731933594,-41.46000671386719,64.47000885009766,1.1700034141540527,-41.46484375,64.47516632080078
1753295904.8659046,-1.1548420190811157,-41.46249771118164,64.44969177246094,1.164839267730713,-41.46235275268555,64.4800033569336,-1.1876487731933594,-41.46000671386719,64.47000885009766,1.1700034141540527,-41.46484375,64.47516632080078
1753295904.8759358,-1.1548420190811157,-41.46249771118164,64.46328735351562,1.164839267730713,-41.46235275268555,64.4800033569336,-1.1876487731933594,-41.46000671386719,64.47000885009766,1.1700034141540527,-41.46484375,64.47516632080078
1753295904.8859298,-1.1548420190811157,-41.4776496887207,64.48516082763672,1.164839267730713,-41.46235275268555,64.4800033569336,-1.1876487731933594,-41.46000671386719,64.47000885009766,1.1700034141540527,-41.46484375,64.47516632080078
1753295904.895942,-1.1548420190811157,-41.4776496887207,64.44969177246094,1.164839267730713,-41.46235275268555,64.4800033569336,-1.1876487731933594,-41.46000671386719,64.47000885009766,1.1700034141540527,-41.46484375,64.47516632080078
1753295904.9059417,-1.1548420190811157,-41.46968078613281,64.48078155517578,1.164839267730713,-41.46235275268555,64.4800033569336,-1.1876487731933594,-41.463443756103516,64.47000885009766,1.1700034141540527,-41.46484375,64.47516632080078
1753295904.915945,-1.1548420190811157,-41.46249771118164,64.47203826904297,1.164839267730713,-41.46235275268555,64.4800033569336,-1.1876487731933594,-41.46000671386719,64.47000885009766,1.1700034141540527,-41.46484375,64.47516632080078
1753295904.9259367,-1.1548420190811157,-41.46249771118164,64.45000457763672,1.164839267730713,-41.46235275268555,64.4800033569336,-1.1876487731933594,-41.46000671386719,64.47000885009766,1.1700034141540527,-41.46484375,64.47516632080078
1753295904.9359503,-1.1548420190811157,-41.4787483215332,64.48562622070312,1.1559343338012695,-41.46235275268555,64.4800033569336,-1.1876487731933594,-41.475162506103516,64.47000885009766,1.1700034141540527,-41.46484375,64.47516632080078
1753295904.9459286,-1.1548420190811157,-41.4776496887207,64.44969177246094,1.1548399925231934,-41.46235275268555,64.4800033569336,-1.1876487731933594,-41.46000671386719,64.47000885009766,1.1700034141540527,-41.46484375,64.47516632080078
1753295904.9559426,-1.1548420190811157,-41.4776496887207,64.45796966552734,1.1548399925231934,-41.46235275268555,64.4800033569336,-1.1876487731933594,-41.46000671386719,64.47938537597656,1.1700034141540527,-41.46484375,64.47516632080078
1753295904.965905,-1.1548420190811157,-41.4776496887207,64.47516632080078,1.1548399925231934,-41.46235275268555,64.4800033569336,-1.1876487731933594,-41.46000671386719,64.48516082763672,1.1700034141540527,-41.46484375,64.45954132080078
1753295904.9759097,-1.1548420190811157,-41.462181091308594,64.45796966552734,1.1548399925231934,-41.46235275268555,64.4800033569336,-1.1876487731933594,-41.46000671386719,64.46907043457031,1.1700034141540527,-41.46484375,64.47266387939453
1753295904.9859595,-1.1548420190811157,-41.46249771118164,64.45999908447266,1.1548399925231934,-41.46235275268555,64.4800033569336,-1.1876487731933594,-41.475162506103516,64.47000885009766,1.1700034141540527,-41.46484375,64.48516082763672
1753295904.9959383,-1.1548420190811157,-41.46249771118164,64.47516632080078,1.1548399925231934,-41.46235275268555,64.4800033569336,-1.1876487731933594,-41.475162506103516,64.47000885009766,1.1700034141540527,-41.46484375,64.45001220703125
1753295905.005938,-1.1548420190811157,-41.46249771118164,64.45875549316406,1.1548399925231934,-41.46235275268555,64.4800033569336,-1.1876487731933594,-41.475162506103516,64.47000885009766,1.1700034141540527,-41.46484375,64.47563171386719
1753295905.0159469,-1.1548420190811157,-41.46249771118164,64.45999908447266,1.1548399925231934,-41.46235275268555,64.4800033569336,-1.1876487731933594,-41.46000671386719,64.47000885009766,1.1700034141540527,-41.46484375,64.48516082763672
1753295905.0259485,-1.1548420190811157,-41.46249771118164,64.47516632080078,1.1548399925231934,-41.46235275268555,64.4800033569336,-1.1876487731933594,-41.46000671386719,64.47000885009766,1.1700034141540527,-41.46484375,64.45391845703125
1753295905.0359259,-1.1548420190811157,-41.46249771118164,64.45922088623047,1.1548399925231934,-41.46235275268555,64.4800033569336,-1.1876487731933594,-41.47890853881836,64.47000885009766,1.1700034141540527,-41.46484375,64.4626693725586
1753295905.0459154,-1.1548420190811157,-41.46249771118164,64.45999908447266,1.1548399925231934,-41.46235275268555,64.4800033569336,-1.1876487731933594,-41.46937561035156,64.47000885009766,1.1700034141540527,-41.46484375,64.48516082763672
1753295905.0559163,-1.1548420190811157,-41.46249771118164,64.47516632080078,1.1548399925231934,-41.46235275268555,64.4800033569336,-1.1876487731933594,-41.46547317504883,64.47000885009766,1.1700034141540527,-41.46484375,64.43782806396484
1753295905.0659328,-1.1548420190811157,-41.46249771118164,64.46249389648438,1.1548399925231934,-41.46235275268555,64.4800033569336,-1.1876487731933594,-41.46000671386719,64.48079681396484,1.1700034141540527,-41.46484375,64.47985076904297
1753295905.075957,-1.1548420190811157,-41.46249771118164,64.45843505859375,1.1548399925231934,-41.46235275268555,64.4800033569336,-1.1876487731933594,-41.46000671386719,64.48516082763672,1.1700034141540527,-41.46484375,64.48516082763672
1753295905.085924,-1.1548420190811157,-41.46249771118164,64.48516082763672,1.1548399925231934,-41.46235275268555,64.4800033569336,-1.172492504119873,-41.46000671386719,64.46985626220703,1.1700034141540527,-41.46484375,64.44969177246094
1753295905.0959532,-1.1548420190811157,-41.46249771118164,64.44812774658203,1.1548399925231934,-41.46235275268555,64.4800033569336,-1.172492504119873,-41.46000671386719,64.47000885009766,1.1700034141540527,-41.46484375,64.47640991210938
1753295905.1060872,-1.1548420190811157,-41.46249771118164,64.48625183105469,1.1548399925231934,-41.46235275268555,64.4800033569336,-1.172492504119873,-41.46000671386719,64.47000885009766,1.1700034141540527,-41.46484375,64.48516082763672
1753295905.1159558,-1.1548420190811157,-41.46249771118164,64.45796966552734,1.1548399925231934,-41.46235275268555,64.4800033569336,-1.172492504119873,-41.46000671386719,64.47000885009766,1.1700034141540527,-41.46484375,64.46000671386719
1753295905.1259243,-1.1548420190811157,-41.46249771118164,64.45218658447266,1.1548399925231934,-41.46235275268555,64.4800033569336,-1.172492504119873,-41.46000671386719,64.47000885009766,1.1700034141540527,-41.46484375,64.46000671386719
1753295905.1359522,-1.1548420190811157,-41.47999572753906,64.48516082763672,1.1548399925231934,-41.46235275268555,64.4800033569336,-1.172492504119873,-41.46000671386719,64.48516082763672,1.1700034141540527,-41.46484375,64.47516632080078
1753295905.1459486,-1.1548420190811157,-41.45140075683594,64.44906616210938,1.1548399925231934,-41.46235275268555,64.4800033569336,-1.172492504119873,-41.46000671386719,64.459228515625,1.1700034141540527,-41.46484375,64.47516632080078
1753295905.1559305,-1.1548420190811157,-41.45249938964844,64.48687744140625,1.1548399925231934,-41.46235275268555,64.4800033569336,-1.172492504119873,-41.46000671386719,64.46000671386719,1.1700034141540527,-41.46484375,64.46000671386719
1753295905.1659172,-1.1548420190811157,-41.45249938964844,64.46063232421875,1.1548399925231934,-41.46235275268555,64.4800033569336,-1.172492504119873,-41.46000671386719,64.48687744140625,1.1700034141540527,-41.46484375,64.46000671386719
1753295905.1759346,-1.1548420190811157,-41.45249938964844,64.45000457763672,1.1548399925231934,-41.46235275268555,64.4800033569336,-1.172492504119873,-41.46000671386719,64.48516082763672,1.1700034141540527,-41.46484375,64.47516632080078
1753295905.1860027,-1.1548420190811157,-41.47921371459961,64.48751068115234,1.1548399925231934,-41.46235275268555,64.4800033569336,-1.172492504119873,-41.46000671386719,64.46829223632812,1.1700034141540527,-41.46484375,64.46344757080078
1753295905.1959233,-1.1548420190811157,-41.46031188964844,64.43890380859375,1.1548399925231934,-41.46235275268555,64.4800033569336,-1.172492504119873,-41.46000671386719,64.46000671386719,1.1700034141540527,-41.46484375,64.45001220703125
1753295905.2059333,-1.1548420190811157,-41.46249771118164,64.48625183105469,1.1548399925231934,-41.46235275268555,64.4800033569336,-1.172492504119873,-41.475162506103516,64.48751068115234,1.1700034141540527,-41.46484375,64.48548126220703
1753295905.2159712,-1.1548420190811157,-41.46249771118164,64.47624969482422,1.1548399925231934,-41.46235275268555,64.4800033569336,-1.172492504119873,-41.475162506103516,64.48516082763672,1.1700034141540527,-41.46484375,64.46391296386719
1753295905.2259247,-1.1548420190811157,-41.46249771118164,64.45000457763672,1.1548399925231934,-41.46235275268555,64.4800033569336,-1.172492504119873,-41.45984649658203,64.48516082763672,1.1700034141540527,-41.46484375,64.45001220703125
1753295905.235989,-1.1548420190811157,-41.47984313964844,64.48532104492188,1.1548399925231934,-41.46235275268555,64.4800033569336,-1.172492504119873,-41.46000671386719,64.48516082763672,1.1700034141540527,-41.46484375,64.48532104492188
1753295905.2459178,-1.1548420190811157,-41.4776496887207,64.44969177246094,1.1548399925231934,-41.46235275268555,64.4800033569336,-1.172492504119873,-41.47078323364258,64.46797943115234,1.1700034141540527,-41.46484375,64.4743881225586
1753295905.255949,-1.1548420190811157,-41.4776496887207,64.47203826904297,1.1548399925231934,-41.46235275268555,64.4800033569336,-1.172492504119873,-41.475162506103516,64.47000885009766,1.1700034141540527,-41.46484375,64.45001220703125
1753295905.2659588,-1.1548420190811157,-41.4776496887207,64.48516082763672,1.1548399925231934,-41.46235275268555,64.4800033569336,-1.172492504119873,-41.475162506103516,64.47000885009766,1.1700034141540527,-41.46484375,64.47703552246094
1753295905.2759185,-1.1548420190811157,-41.45124435424805,64.4479751586914,1.1548399925231934,-41.46235275268555,64.4800033569336,-1.172492504119873,-41.45797348022461,64.48516082763672,1.1700034141540527,-41.46484375,64.47516632080078
1753295905.2859337,-1.1548420190811157,-41.46827697753906,64.49015045166016,1.1548399925231934,-41.46235275268555,64.4800033569336,-1.172492504119873,-41.46000671386719,64.48516082763672,1.1700034141540527,-41.46484375,64.47516632080078
1753295905.2959907,-1.1548420190811157,-41.4676513671875,64.44734954833984,1.1548399925231934,-41.46235275268555,64.4800033569336,-1.172492504119873,-41.47172546386719,64.46907043457031,1.1700034141540527,-41.46484375,64.46000671386719
1753295905.3059216,-1.1548420190811157,-41.4676513671875,64.46859741210938,1.1548399925231934,-41.46235275268555,64.4800033569336,-1.172492504119873,-41.48265838623047,64.47000885009766,1.1700034141540527,-41.46484375,64.48563385009766
1753295905.3159692,-1.1548420190811157,-41.4676513671875,64.48516082763672,1.1548399925231934,-41.46235275268555,64.4800033569336,-1.172492504119873,-41.47000503540039,64.47000885009766,1.1700034141540527,-41.46484375,64.46188354492188
1753295905.3259568,-1.1548420190811157,-41.4676513671875,64.44812774658203,1.1548399925231934,-41.46235275268555,64.4800033569336,-1.1668676137924194,-41.46125411987305,64.47000885009766,1.1648471355438232,-41.46484375,64.45063781738281
1753295905.3359575,-1.1548420190811157,-41.4676513671875,64.48516082763672,1.1548399925231934,-41.46235275268555,64.4800033569336,-1.1624926328659058,-41.46000671386719,64.48516082763672,1.160003423690796,-41.46484375,64.48094940185547
1753295905.345949,-1.1548420190811157,-41.4676513671875,64.47343444824219,1.1548399925231934,-41.46235275268555,64.4800033569336,-1.1624926328659058,-41.46000671386719,64.4753189086914,1.160003423690796,-41.46484375,64.48516082763672
1753295905.355964,-1.1548420190811157,-41.4676513671875,64.45000457763672,1.1548399925231934,-41.46235275268555,64.4800033569336,-1.1624926328659058,-41.46000671386719,64.46000671386719,1.160003423690796,-41.46484375,64.45001220703125
1753295905.3659549,-1.1548420190811157,-41.4676513671875,64.48687744140625,1.1548399925231934,-41.46235275268555,64.4800033569336,-1.1624926328659058,-41.47406768798828,64.46000671386719,1.160003423690796,-41.46484375,64.48735046386719
1753295905.3759608,-1.1548420190811157,-41.4676513671875,64.44876098632812,1.1548399925231934,-41.46235275268555,64.4800033569336,-1.1624926328659058,-41.4620361328125,64.47219848632812,1.160003423690796,-41.46484375,64.4771957397461
1753295905.385954,-1.1548420190811157,-41.4676513671875,64.46078491210938,1.1548399925231934,-41.46235275268555,64.4800033569336,-1.1624926328659058,-41.46000671386719,64.47516632080078,1.160003423690796,-41.46484375,64.46000671386719
1753295905.3959491,-1.1548420190811157,-41.4676513671875,64.48281860351562,1.1548399925231934,-41.46235275268555,64.4800033569336,-1.1624926328659058,-41.46000671386719,64.47516632080078,1.160003423690796,-41.46484375,64.46000671386719
1753295905.4059534,-1.1548420190811157,-41.4676513671875,64.44876098632812,1.1548399925231934,-41.46235275268555,64.4800033569336,-1.1624926328659058,-41.46000671386719,64.47516632080078,1.160003423690796,-41.46484375,64.47516632080078
1753295905.415955,-1.1548420190811157,-41.4676513671875,64.48562622070312,1.1548399925231934,-41.46235275268555,64.4800033569336,-1.1624926328659058,-41.46797180175781,64.47516632080078,1.160003423690796,-41.46484375,64.47516632080078
1753295905.425949,-1.1548420190811157,-41.4676513671875,64.46875762939453,1.1548399925231934,-41.46235275268555,64.4800033569336,-1.1624926328659058,-41.475162506103516,64.47516632080078,1.160003423690796,-41.46484375,64.46000671386719
1753295905.4359455,-1.1548420190811157,-41.4676513671875,64.45000457763672,1.1548399925231934,-41.46235275268555,64.46688079833984,-1.1624926328659058,-41.475162506103516,64.47516632080078,1.160003423690796,-41.46484375,64.46797943115234
1753295905.445946,-1.1548420190811157,-41.47499465942383,64.48516082763672,1.1548399925231934,-41.46235275268555,64.46484375,-1.1624926328659058,-41.46000671386719,64.47516632080078,1.160003423690796,-41.46484375,64.48516082763672
1753295905.4559355,-1.1548420190811157,-41.4776496887207,64.44906616210938,1.1548399925231934,-41.46235275268555,64.46484375,-1.1624926328659058,-41.46000671386719,64.47516632080078,1.160003423690796,-41.46484375,64.44828796386719
1753295905.4660873,-1.1548420190811157,-41.4776496887207,64.48234558105469,1.1548399925231934,-41.46235275268555,64.46484375,-1.1624926328659058,-41.46000671386719,64.47516632080078,1.160003423690796,-41.46484375,64.478759765625
1753295905.4759266,-1.1548420190811157,-41.46171569824219,64.47671508789062,1.1548399925231934,-41.46235275268555,64.46484375,-1.1624926328659058,-41.46000671386719,64.47516632080078,1.160003423690796,-41.46484375,64.48516082763672
1753295905.4859574,-1.1548420190811157,-41.46249771118164,64.44969177246094,1.1548399925231934,-41.46235275268555,64.46484375,-1.1624926328659058,-41.46000671386719,64.47516632080078,1.160003423690796,-41.46484375,64.4507827758789
1753295905.4959333,-1.1548420190811157,-41.47468566894531,64.4854736328125,1.1548399925231934,-41.46235275268555,64.46484375,-1.1624926328659058,-41.46000671386719,64.47516632080078,1.160003423690796,-41.46484375,64.47126007080078
1753295905.505924,-1.1548420190811157,-41.4776496887207,64.44984436035156,1.1548399925231934,-41.46235275268555,64.46484375,-1.1624926328659058,-41.46000671386719,64.47516632080078,1.160003423690796,-41.46484375,64.48516082763672
1753295905.5159576,-1.1548420190811157,-41.4776496887207,64.45843505859375,1.1548399925231934,-41.46235275268555,64.46484375,-1.1624926328659058,-41.46000671386719,64.47516632080078,1.160003423690796,-41.46484375,64.4576644897461
1753295905.5259345,-1.1548420190811157,-41.4776496887207,64.48516082763672,1.1548399925231934,-41.46235275268555,64.46484375,-1.1624926328659058,-41.46000671386719,64.47516632080078,1.160003423690796,-41.46484375,64.46000671386719
1753295905.5360374,-1.1548420190811157,-41.46078109741211,64.45999908447266,1.1548399925231934,-41.46235275268555,64.46484375,-1.1624926328659058,-41.46000671386719,64.47516632080078,1.160003423690796,-41.46484375,64.4753189086914
1753295905.545952,-1.1548420190811157,-41.46249771118164,64.48016357421875,1.1548399925231934,-41.46235275268555,64.46484375,-1.1624926328659058,-41.46000671386719,64.47516632080078,1.160003423690796,-41.46484375,64.47516632080078
1753295905.5559464,-1.1548420190811157,-41.46249771118164,64.48516082763672,1.1548399925231934,-41.46235275268555,64.46484375,-1.1624926328659058,-41.46000671386719,64.47516632080078,1.160003423690796,-41.46484375,64.47516632080078
1753295905.5659378,-1.1548420190811157,-41.46249771118164,64.43843841552734,1.1548399925231934,-41.46235275268555,64.46484375,-1.1624926328659058,-41.46000671386719,64.47516632080078,1.160003423690796,-41.46484375,64.45001220703125
1753295905.5759563,-1.1548420190811157,-41.479530334472656,64.48516082763672,1.1548399925231934,-41.46235275268555,64.46484375,-1.1624926328659058,-41.46000671386719,64.47516632080078,1.160003423690796,-41.46484375,64.49423217773438
1753295905.5859585,-1.1548420190811157,-41.46171569824219,64.44906616210938,1.1548399925231934,-41.46235275268555,64.46484375,-1.1624926328659058,-41.46000671386719,64.47516632080078,1.160003423690796,-41.46484375,64.4509506225586
1753295905.5959518,-1.1548420190811157,-41.46249771118164,64.47578430175781,1.1548399925231934,-41.46235275268555,64.46484375,-1.1624926328659058,-41.46000671386719,64.47516632080078,1.160003423690796,-41.46484375,64.45938110351562
1753295905.6059499,-1.1548420190811157,-41.46249771118164,64.48516082763672,1.1548399925231934,-41.46235275268555,64.46484375,-1.1624926328659058,-41.46000671386719,64.47516632080078,1.160003423690796,-41.46484375,64.48641967773438
1753295905.6163032,-1.1548420190811157,-41.46249771118164,64.44828796386719,1.1548399925231934,-41.46235275268555,64.46484375,-1.1624926328659058,-41.46000671386719,64.47516632080078,1.160003423690796,-41.46484375,64.46235656738281
1753295905.6259544,-1.1548420190811157,-41.46249771118164,64.48516082763672,1.1548399925231934,-41.46235275268555,64.46484375,-1.1624926328659058,-41.46000671386719,64.47516632080078,1.160003423690796,-41.46484375,64.48516082763672
1753295905.6359842,-1.1548420190811157,-41.4776496887207,64.46484375,1.1548399925231934,-41.46235275268555,64.46484375,-1.1624926328659058,-41.46000671386719,64.47516632080078,1.160003423690796,-41.46484375,64.47016906738281
1753295905.645924,-1.1548420190811157,-41.4776496887207,64.66031646728516,1.1548399925231934,-41.52656555175781,64.54672241210938,-1.1624926328659058,-41.46000671386719,64.47516632080078,1.160003423690796,-41.69593811035156,64.74906921386719
1753295905.6559722,-0.6818733215332031,-41.857967376708984,67.35516357421875,1.0517144203186035,-42.31016159057617,66.99859619140625,-0.8615550398826599,-41.68937683105469,66.11266326904297,0.6353159546852112,-42.94093322753906,67.68251037597656
1753295905.6659348,0.11890798062086105,-41.65734100341797,69.6421890258789,0.8545279502868652,-43.27172088623047,69.75093841552734,-0.5668675899505615,-41.81281661987305,69.15859985351562,0.1404722034931183,-44.148277282714844,70.42860412597656
1753295905.6759655,1.2725015878677368,-40.264060974121094,68.60110473632812,1.0506200790405273,-43.552818298339844,69.36702728271484,-0.209055095911026,-41.21907043457031,69.52188110351562,-0.40859028697013855,-44.72780990600586,70.42860412597656
1753295905.686059,2.515470266342163,-38.433433532714844,66.9620361328125,0.975620687007904,-43.77875518798828,66.0140609741211,0.12797608971595764,-40.3604736328125,67.95907592773438,-0.8896839618682861,-45.33030700683594,69.26422882080078
1753295905.6959333,3.528751850128174,-37.170623779296875,65.58828735351562,0.605463981628418,-43.87688064575195,62.13343811035156,0.3926636278629303,-39.916568756103516,65.43219757080078,-0.7801526784896851,-45.551090240478516,67.88172912597656
1753295905.7059646,3.770157814025879,-35.96984100341797,62.12500762939453,-0.9075046181678772,-42.3509407043457,57.07609176635742,1.4778199195861816,-40.47531509399414,62.98172378540039,0.11031597852706909,-43.550933837890625,64.52781677246094
1753295905.716016,2.342970371246338,-35.283592224121094,56.94626235961914,-4.315316677093506,-40.58328628540039,51.41031265258789,1.5075072050094604,-42.139225006103516,61.89860153198242,1.470315933227539,-40.89890670776367,60.76797866821289
1753295905.7259796,0.08703291416168213,-34.078590393066406,50.24812698364258,-8.230940818786621,-36.9915657043457,45.04750061035156,1.3101636171340942,-44.77797317504883,59.71516799926758,3.2165660858154297,-36.74343490600586,55.097198486328125
1753295905.7359679,-2.132967233657837,-33.18499755859375,45.93110275268555,-10.667035102844238,-33.25437927246094,40.828121185302734,1.5418822765350342,-47.594688415527344,59.26626205444336,5.072347640991211,-31.967811584472656,48.70594787597656
1753295905.745968,-2.7921860218048096,-32.344215393066406,43.28765869140625,-10.789380073547363,-31.39672088623047,35.575618743896484,1.664694905281067,-48.37734603881836,57.75578308105469,4.489222526550293,-29.775779724121094,45.88438034057617
1753295905.7559662,-1.6881234645843506,-32.15031051635742,40.12484359741211,-11.89188003540039,-28.753286361694336,28.2656192779541,1.9045385122299194,-47.49906539916992,53.16891860961914,3.8189098834991455,-28.319843292236328,44.417198181152344
1753295905.7659752,-3.3621859550476074,-31.91140365600586,35.09640884399414,-14.008440971374512,-28.561880111694336,19.310312271118164,1.352819800376892,-44.63468933105469,46.00344467163086,3.786722421646118,-27.828903198242188,41.17579650878906
1753295905.7759738,-4.82999849319458,-32.64859390258789,28.095312118530273,-14.753284454345703,-28.66203498840332,8.611869812011719,-0.8048364520072937,-40.68672180175781,36.51813507080078,6.423285007476807,-28.674062728881836,37.151573181152344
1753295905.7859936,-3.7023425102233887,-33.46843338012695,19.263906478881836,-12.644848823547363,-29.598440170288086,-4.025154113769531,-1.5934300422668457,-35.66469192504883,27.807979583740234,8.439066886901855,-27.767967224121094,35.36407470703125
1753295905.7959642,0.16609534621238708,-34.98015213012695,11.343441009521484,-7.967660903930664,-31.030006408691406,-18.57219696044922,-0.6168675422668457,-30.078596115112305,19.48906898498535,10.342972755432129,-25.725154876708984,34.899539947509766
1753295905.8059762,3.61422061920166,-36.59562301635742,7.622499465942383,-2.246878147125244,-33.556880950927734,-35.097808837890625,2.900320053100586,-26.22828483581543,9.866886138916016,13.032347679138184,-25.02765464782715,33.10407638549805
1753295905.8159885,5.472970962524414,-37.74061965942383,5.841569900512695,3.8893699645996094,-36.83125305175781,-53.12641143798828,5.418757915496826,-22.85109519958496,-1.2968635559082031,15.906566619873047,-24.67656135559082,29.639387130737305
1753295905.8260098,5.0125017166137695,-38.19874572753906,1.5790653228759766,8.6785888671875,-38.3431282043457,-66.13031768798828,8.857820510864258,-20.17781639099121,-12.3504638671875,18.947036743164062,-21.65687370300293,23.913135528564453
1753295905.8359683,4.600001335144043,-36.64686965942383,-5.311717987060547,10.610152244567871,-42.283287048339844,-74.81578826904297,9.040008544921875,-18.659690856933594,-23.412799835205078,20.050161361694336,-21.488590240478516,23.913135528564453
1753295905.846016,4.3715643882751465,-34.232967376708984,-15.067338943481445,11.799683570861816,-43.915321350097656,-71.57750701904297,6.664695739746094,-17.610628128051758,-34.74937438964844,21.385786056518555,-20.03937339782715,5.174856185913086
1753295905.8561208,2.209376573562622,-29.73171615600586,-27.38968849182129,10.94577693939209,-44.603599548339844,-67.08686828613281,4.032039165496826,-15.740001678466797,-43.4442138671875,23.73953628540039,-14.206714630126953,-7.065305709838867
1753295905.8659618,-3.0617170333862305,-23.226247787475586,-42.04155731201172,6.9892144203186035,-43.93234634399414,-66.10875701904297,0.8189140558242798,-14.643439292907715,-41.09703063964844,24.397504806518555,-10.186715126037598,-22.598743438720703
1753295905.8760798,-9.221248626708984,-16.20218276977539,-59.10593795776367,1.7092156410217285,-40.335472106933594,-67.83921813964844,-4.067960739135742,-12.127501487731934,-36.67858123779297,20.148286819458008,-10.186715126037598,-22.598743438720703
1753295905.8859854,-11.8228120803833,-8.40202808380127,-75.45248413085938,-2.2485971450805664,-36.30610275268555,-69.2171859741211,-9.538586616516113,-8.422501564025879,-35.27750015258789,13.87688159942627,-3.874995708465576,-47.3370246887207
1753295905.89623,-11.750311851501465,-3.6342146396636963,-78.98968505859375,-4.49000358581543,-34.12266540527344,-68.39421844482422,-11.597180366516113,-4.97593879699707,-36.47592544555664,8.727350234985352,-3.54233980178833,-40.88124084472656
1753295905.9061708,-10.350624084472656,-0.3367137908935547,-71.52047729492188,-5.182347297668457,-31.525007247924805,-68.0129623413086,-12.208272933959961,-2.091250419616699,-37.17781066894531,6.023599624633789,-5.018746852874756,-34.73670196533203
1753295905.915948,-8.73843765258789,1.322035789489746,-65.88108825683594,-5.765941143035889,-30.48188018798828,-68.52281188964844,-12.549837112426758,-0.8148455619812012,-36.8610954284668,4.781099319458008,-5.03265380859375,-32.470619201660156
1753295905.9259586,-6.503905773162842,2.2689104080200195,-62.92795944213867,-5.48609733581543,-31.02828598022461,-68.31733703613281,-11.048274040222168,-0.9657836556434631,-36.792964935302734,2.629849433898926,-4.114058017730713,-33.590614318847656
1753295905.9360056,-2.221874713897705,2.000002861022949,-62.68172073364258,-3.100004196166992,-32.22297668457031,-68.2693862915039,-6.560148239135742,-2.1310949325561523,-36.91061019897461,-1.2060880661010742,-1.43890380859375,-37.190773010253906
1753295905.945993,0.8795318007469177,3.9026594161987305,-65.13125610351562,1.2709331512451172,-34.71562576293945,-68.35594177246094,0.23438231647014618,-4.786562919616699,-36.87437057495117,-3.4329633712768555,1.7171907424926758,-40.34577560424805
1753295905.9559994,2.377344846725464,5.212817192077637,-69.96577453613281,5.183277130126953,-35.04875183105469,-68.39797973632812,7.480476379394531,-7.995781898498535,-36.88405990600586,-2.9340569972991943,5.1007890701293945,-40.34577560424805
1753295905.9658897,3.9956254959106445,7.521095275878906,-73.49530029296875,5.551869869232178,-35.52828598022461,-68.60548400878906,13.850946426391602,-12.432500839233398,-36.90999984741211,-1.994213581085205,9.984850883483887,-38.592960357666016
1753295905.9759276,7.156250953674316,9.370317459106445,-72.43826293945312,4.277184009552002,-34.35219192504883,-68.42952728271484,17.352352142333984,-18.557188034057617,-36.864376068115234,-2.6503071784973145,15.43641185760498,-38.592960357666016
1753295905.9859993,9.69156265258789,11.429691314697266,-71.60623931884766,2.703120708465576,-31.197818756103516,-68.46391296386719,21.607820510864258,-23.637344360351562,-36.874046325683594,-4.947963237762451,19.053129196166992,-38.72452926635742
1753295905.9959805,9.233906745910645,16.023597717285156,-72.07608032226562,-0.2823472023010254,-27.38766098022461,-68.52735900878906,27.611417770385742,-26.895313262939453,-37.000770568847656,-7.098119735717773,22.242036819458008,-38.759986877441406
1753295906.0059297,5.719843864440918,19.727811813354492,-71.89812469482422,-6.052660942077637,-22.542661666870117,-68.44905853271484,33.12126159667969,-29.261566162109375,-36.96125030517578,-7.861401081085205,24.9570369720459,-38.759986877441406
1753295906.015969,1.2021878957748413,23.47219467163086,-71.75202178955078,-13.958439826965332,-16.508285522460938,-68.50547790527344,35.380165100097656,-29.626094818115234,-36.98406219482422,-8.129838943481445,24.9570369720459,-38.79702377319336
1753295906.0259776,-0.46546825766563416,27.15656280517578,-72.1351547241211,-19.085630416870117,-9.3292236328125,-68.43968963623047,34.57969665527344,-29.459062576293945,-37.042179107666016,-11.271869659423828,26.284069061279297,-38.734519958496094
1753295906.0359597,1.6360942125320435,29.73640251159668,-71.8187484741211,-21.121253967285156,-4.252660274505615,-68.35968017578125,32.440635681152344,-26.81578254699707,-36.92451477050781,-13.00827693939209,25.11469268798828,-38.92185974121094
1753295906.0459669,3.535313129425049,32.16203689575195,-71.75485229492188,-23.529691696166992,0.3862452507019043,-68.23905944824219,31.07594871520996,-22.837032318115234,-36.99077606201172,-10.212337493896484,22.43250274658203,-38.79359436035156
1753295906.055964,1.0239068269729614,33.286563873291016,-71.91498565673828,-26.949377059936523,2.454996109008789,-68.39952087402344,32.55016326904297,-17.876720428466797,-36.974830627441406,-5.170933246612549,21.476411819458008,-38.89125061035156
1753295906.0659852,-1.5882811546325684,31.31906509399414,-71.80327606201172,-28.648284912109375,3.1170248985290527,-68.31733703613281,31.512197494506836,-11.829376220703125,-36.99451446533203,-0.8257764577865601,17.35203742980957,-38.83982849121094
1753295906.07592,1.438281536102295,27.14390754699707,-71.26030731201172,-27.15266227722168,3.0620265007019043,-68.3090591430664,27.528291702270508,-5.930156707763672,-37.03998565673828,2.5196921825408936,12.659692764282227,-38.382179260253906
1753295906.0859926,6.72421932220459,21.81656837463379,-67.5932846069336,-23.396568298339844,0.49921274185180664,-68.36750030517578,23.5345401763916,-1.3167214393615723,-37.04154968261719,6.82266092300415,8.34719181060791,-38.15592956542969
1753295906.09597,8.655780792236328,17.444692611694336,-64.03374481201172,-19.95062828063965,-2.071411609649658,-66.81249237060547,22.350791931152344,2.610311508178711,-36.84623718261719,11.860160827636719,3.625473976135254,-38.95951461791992
1753295906.1059444,8.306095123291016,14.007816314697266,-64.09140014648438,-20.571565628051758,-4.003756046295166,-64.55155944824219,21.668291091918945,5.60499906539917,-36.792640686035156,13.66891098022461,0.9968805313110352,-39.01045608520508
1753295906.1162133,8.78671932220459,11.309375762939453,-67.46968841552734,-23.207660675048828,-5.961410999298096,-65.4242172241211,16.95172882080078,8.148123741149902,-36.96998596191406,12.283754348754883,-1.792807698249817,-38.772804260253906
1753295906.1261177,11.977656364440918,11.239066123962402,-72.39483642578125,-25.301408767700195,-6.897192001342773,-67.76985168457031,8.732666015625,8.450939178466797,-36.910152435302734,10.439224243164062,-2.6648378372192383,-38.91078186035156
1753295906.1362793,16.267969131469727,11.31812572479248,-73.36749267578125,-27.651409149169922,-4.993443489074707,-69.05780792236328,0.02250969409942627,7.0279717445373535,-36.83671951293945,8.8278169631958,-2.994213104248047,-38.71296691894531
1753295906.1459827,18.010313034057617,12.254066467285156,-68.81781768798828,-30.427194595336914,-6.319067478179932,-67.0261001586914,-2.381396770477295,7.116878032684326,-35.635623931884766,7.846254825592041,-3.6228060722351074,-37.29546356201172
1753295906.1560123,16.473440170288086,13.380942344665527,-64.49484252929688,-33.26234817504883,-5.969066619873047,-64.25907135009766,1.1045407056808472,8.234374046325684,-35.625152587890625,6.313598155975342,-3.6228060722351074,-37.29546356201172
1753295906.1659567,15.121095657348633,13.548908233642578,-60.47562789916992,-36.972503662109375,-5.581097602844238,-62.65562057495117,5.852353096008301,9.150158882141113,-36.147804260253906,2.8740670680999756,-2.8156185150146484,-36.35935974121094
1753295906.1759698,17.072813034057617,12.860159873962402,-56.83686447143555,-40.71000671386719,-5.550942420959473,-61.65578842163086,9.12313461303711,10.215938568115234,-36.044063568115234,-2.08249568939209,-1.470930576324463,-35.802486419677734
1753295906.1859808,21.735158920288086,12.113909721374512,-53.67171096801758,-43.820316314697266,-4.980161190032959,-61.07858657836914,9.344852447509766,10.321720123291016,-36.12764358520508,-6.301870822906494,-0.3726506233215332,-35.80561828613281
1753295906.1959488,26.66312599182129,11.818909645080566,-50.987022399902344,-46.249847412109375,-4.932348728179932,-60.93968963623047,7.031571865081787,10.360939979553223,-35.87451934814453,-8.668590545654297,0.2757883071899414,-35.8148307800293
1753295906.2059498,30.42828369140625,11.542191505432129,-48.86546325683594,-48.36594009399414,-4.823598861694336,-61.00172424316406,4.834852695465088,10.060469627380371,-35.807952880859375,-9.816089630126953,0.37578821182250977,-35.8148307800293
1753295906.215934,32.411720275878906,11.527814865112305,-47.12077331542969,-50.31156539916992,-4.776411056518555,-60.97984313964844,4.7046966552734375,9.949687004089355,-35.9324836730957,-11.490621566772461,0.22219419479370117,-35.80420684814453
1753295906.2259972,33.741722106933594,11.260004043579102,-46.05561447143555,-52.13937759399414,-5.758910179138184,-60.87782287597656,6.0509467124938965,10.066874504089355,-35.763282775878906,-14.596559524536133,0.16938209533691406,-35.804832458496094
1753295906.2359705,34.210941314697266,11.18140697479248,-45.38170623779297,-52.88969039916992,-6.235942840576172,-61.00343704223633,6.886727809906006,10.958283424377441,-35.90921401977539,-18.584840774536133,0.34110069274902344,-35.804832458496094
1753295906.245936,33.48890686035156,10.9112548828125,-45.0848503112793,-52.29985046386719,-6.808443069458008,-61.01499557495117,7.177821636199951,11.564685821533203,-35.83061218261719,-22.140151977539062,0.5765676498413086,-35.804832458496094
1753295906.2559242,32.5564079284668,10.635786056518555,-45.022499084472656,-51.37547302246094,-7.453911781311035,-60.89906692504883,7.591884136199951,11.721250534057617,-35.83232879638672,-24.71593475341797,0.4515695571899414,-35.804832458496094
1753295906.265927,31.968597412109375,10.447816848754883,-45.118892669677734,-51.049537658691406,-8.3331298828125,-60.99858856201172,8.855478286743164,11.68687629699707,-35.861549377441406,-26.941558837890625,0.10703802108764648,-35.804832458496094
1753295906.276002,31.91765594482422,9.971566200256348,-45.31031799316406,-50.94953536987305,-9.128911018371582,-60.97391128540039,10.625946998596191,11.448904991149902,-35.819358825683594,-29.67483901977539,0.009694099426269531,-35.804832458496094
1753295906.2861743,32.11859893798828,9.505939483642578,-45.52077102661133,-50.29890823364258,-9.710162162780762,-60.96000671386719,12.246416091918945,10.783435821533203,-35.874366760253906,-33.152496337890625,0.0075054168701171875,-35.804832458496094
1753295906.2959514,32.11609649658203,9.01890754699707,-45.652339935302734,-49.3721923828125,-10.319223403930664,-60.98516082763672,13.591100692749023,10.005156517028809,-35.824832916259766,-36.72905731201172,-0.04749298095703125,-35.804832458496094
1753295906.3059504,31.88140869140625,8.666720390319824,-45.80655288696289,-48.91891098022461,-10.954222679138184,-60.96999740600586,14.917977333068848,9.13687515258789,-35.84999084472656,-39.78483581542969,-0.29483795166015625,-35.804832458496094
1753295906.3159752,31.82312774658203,8.26500415802002,-46.03264617919922,-48.67109680175781,-11.504068374633789,-60.96999740600586,16.471885681152344,8.252032279968262,-35.84999084472656,-42.34062194824219,-0.5807757377624512,-35.804832458496094
1753295906.325947,31.875471115112305,7.939848899841309,-46.14748764038086,-48.1729736328125,-11.921098709106445,-60.96999740600586,17.99125862121582,7.282187461853027,-35.84999084472656,-44.81031036376953,-0.820462703704834,-35.804832458496094
1753295906.3361177,31.90515899658203,7.579689025878906,-46.22624206542969,-47.46562957763672,-12.240161895751953,-60.96999740600586,19.3995418548584,6.307346820831299,-35.84999084472656,-47.55765151977539,-1.0132741928100586,-35.804832458496094
1753295906.3459706,31.808753967285156,7.277970314025879,-46.30608367919922,-47.04000473022461,-12.49703598022461,-60.96999740600586,20.767663955688477,5.4001569747924805,-35.84999084472656,-50.4424934387207,-1.2334322929382324,-35.804832458496094
1753295906.3560498,31.72125244140625,6.912660598754883,-46.392032623291016,-46.84562683105469,-12.637505531311035,-60.96999740600586,22.161571502685547,4.468438625335693,-35.84999084472656,-53.08499526977539,-1.3759303092956543,-35.79640197753906
1753295906.3660433,31.704219818115234,6.4812517166137695,-46.40000534057617,-46.59453201293945,-12.66500473022461,-60.96999740600586,23.710790634155273,3.65234375,-35.84999084472656,-55.340309143066406,-1.3617134094238281,-35.7678108215332
1753295906.3761292,31.700002670288086,6.074066162109375,-46.364051818847656,-46.14875411987305,-12.443912506103516,-60.96999740600586,24.533601760864258,2.891252040863037,-35.833282470703125,-56.30046081542969,-1.3648366928100586,-35.81623840332031
1753295906.3861766,31.618438720703125,5.535626411437988,-46.364830017089844,-45.89922332763672,-12.290472984313965,-60.94984436035156,24.340476989746094,2.0139074325561523,-35.84484100341797,-55.16468048095703,-1.5221810340881348,-35.80624771118164
1753295906.3959994,31.51844024658203,5.01187801361084,-46.42092514038086,-45.81813049316406,-12.141098976135254,-60.96515655517578,23.94422721862793,1.0971879959106445,-35.8348274230957,-53.0396842956543,-1.751086711883545,-35.70796203613281
1753295906.4059935,31.48000144958496,4.452190399169922,-46.41999435424805,-45.8096923828125,-11.960317611694336,-60.96515655517578,23.990633010864258,0.5548453330993652,-35.8348274230957,-51.492496490478516,-1.8915557861328125,-35.83186340332031
1753295906.4159765,31.48000144958496,3.9735984802246094,-46.41999435424805,-45.69594192504883,-11.812505722045898,-60.96515655517578,24.478914260864258,0.3001570701599121,-35.8348274230957,-51.043277740478516,-1.8245244026184082,-35.72451400756836
1753295906.4259634,31.48000144958496,3.5178136825561523,-46.41999435424805,-45.59953689575195,-11.722192764282227,-60.96515655517578,24.88563346862793,0.06500005722045898,-35.8348274230957,-51.04484176635742,-1.8248367309570312,-35.80998229980469
1753295906.4359586,31.48000144958496,2.955942153930664,-46.4251594543457,-45.56172180175781,-11.722347259521484,-60.96515655517578,24.99860382080078,-0.1523423194885254,-35.8348274230957,-50.83452606201172,-1.8851494789123535,-35.77202606201172
1753295906.4459703,31.48000144958496,2.5618791580200195,-46.42998504638672,-45.57719421386719,-11.828754425048828,-60.96515655517578,24.96782112121582,-0.19906044006347656,-35.8348274230957,-50.6182746887207,-2.1507763862609863,-35.76483917236328
1753295906.4559834,31.48000144958496,2.3201608657836914,-46.42998504638672,-45.566253662109375,-11.8618803024292,-60.96515655517578,24.95235252380371,-0.1732802391052246,-35.8348274230957,-50.75358581542969,-2.3004627227783203,-35.76483917236328
1753295906.4659245,31.55265998840332,2.0600032806396484,-46.42998504638672,-45.428287506103516,-11.93781852722168,-60.96515655517578,24.985633850097656,-0.15999794006347656,-35.8348274230957,-50.981712341308594,-2.244994640350342,-35.76483917236328
1753295906.476027,31.610939025878906,1.8825005292892456,-46.41343307495117,-45.357662200927734,-11.937503814697266,-60.96515655517578,24.95610237121582,-0.13828039169311523,-35.8348274230957,-51.14077377319336,-2.2448372840881348,-35.77998352050781
1753295906.4860399,31.638126373291016,1.7067193984985352,-46.41484069824219,-45.36000061035156,-11.89188003540039,-60.96515655517578,24.942352294921875,-0.1399993896484375,-35.8348274230957,-51.159996032714844,-2.2048377990722656,-35.76483917236328
1753295906.496049,31.695783615112305,1.5848445892333984,-46.41484069824219,-45.299224853515625,-11.862349510192871,-60.96515655517578,25.03829002380371,-0.1178121566772461,-35.8348274230957,-51.064056396484375,-2.2048377990722656,-35.76483917236328
1753295906.5059814,31.785160064697266,1.4290666580200195,-46.41484069824219,-45.20984649658203,-11.800472259521484,-60.96515655517578,25.134540557861328,-0.11999845504760742,-35.8348274230957,-51.04484176635742,-2.2048377990722656,-35.76483917236328
1753295906.5159338,31.910783767700195,1.2907838821411133,-46.41484069824219,-45.1712532043457,-11.802349090576172,-60.96515655517578,25.215789794921875,-0.11999845504760742,-35.8348274230957,-51.04484176635742,-2.220776081085205,-35.76483917236328
1753295906.5259864,32.00578308105469,1.17828369140625,-46.41484069824219,-45.17000198364258,-11.81922435760498,-60.96515655517578,25.23750877380371,-0.1451563835144043,-35.8348274230957,-51.04484176635742,-2.232494354248047,-35.76483917236328
1753295906.5359771,32.015159606933594,1.1031293869018555,-46.43077087402344,-45.16468811035156,-11.868128776550293,-60.96515655517578,25.23750877380371,-0.16515493392944336,-35.8348274230957,-51.04484176635742,-2.2424936294555664,-35.76483917236328
1753295906.5459116,32.04844284057617,1.0462522506713867,-46.42998504638672,-45.101409912109375,-11.867504119873047,-60.96515655517578,25.212350845336914,-0.16515493392944336,-35.8348274230957,-51.04484176635742,-2.2424936294555664,-35.76483917236328
1753295906.555953,32.14344024658203,1.0323476791381836,-46.42998504638672,-45.038753509521484,-11.867504119873047,-60.96515655517578,25.212350845336914,-0.16515493392944336,-35.8348274230957,-51.06077575683594,-2.2424936294555664,-35.76483917236328
1753295906.5659993,32.19609451293945,1.022348403930664,-46.42998504638672,-44.98469543457031,-11.867504119873047,-60.96515655517578,25.212350845336914,-0.16515493392944336,-35.8348274230957,-51.059993743896484,-2.2424936294555664,-35.76483917236328
1753295906.5759509,32.19515609741211,1.022348403930664,-46.42998504638672,-44.936256408691406,-11.867504119873047,-60.96515655517578,25.212350845336914,-0.16515493392944336,-35.8348274230957,-51.059993743896484,-2.2424936294555664,-35.76483917236328
1753295906.5859585,32.16781234741211,1.022348403930664,-46.42998504638672,-44.85531997680664,-11.867504119873047,-60.96515655517578,25.212350845336914,-0.16515493392944336,-35.8348274230957,-51.059993743896484,-2.2424936294555664,-35.76483917236328
1753295906.5959575,32.11406326293945,1.022348403930664,-46.42998504638672,-44.77719497680664,-11.867504119873047,-60.96515655517578,25.212350845336914,-0.16515493392944336,-35.8348274230957,-51.06952667236328,-2.2424936294555664,-35.76483917236328
1753295906.6059737,32.063594818115234,1.022348403930664,-46.42998504638672,-44.713287353515625,-11.867504119873047,-60.96515655517578,25.212350845336914,-0.16515493392944336,-35.8348274230957,-51.06999206542969,-2.2424936294555664,-35.76483917236328
1753295906.6159737,32.00172424316406,1.0175037384033203,-46.42998504638672,-44.64969253540039,-11.867504119873047,-60.96515655517578,25.22594451904297,-0.16515493392944336,-35.8348274230957,-51.06999206542969,-2.2424936294555664,-35.76483917236328
1753295906.6259127,31.97281265258789,1.0073471069335938,-46.42998504638672,-44.56016159057617,-11.867504119873047,-60.96515655517578,25.23750877380371,-0.14999866485595703,-35.8348274230957,-51.06999206542969,-2.2424936294555664,-35.76483917236328
1753295906.63604,31.970001220703125,0.9718799591064453,-46.42998504638672,-44.48859786987305,-11.867504119873047,-60.96515655517578,25.23750877380371,-0.14999866485595703,-35.8348274230957,-51.06999206542969,-2.2424936294555664,-35.76483917236328
1753295906.6460345,31.970001220703125,0.9292221069335938,-46.42998504638672,-44.44953536987305,-11.867504119873047,-60.96515655517578,25.23750877380371,-0.14999866485595703,-35.8348274230957,-51.06999206542969,-2.2424936294555664,-35.76483917236328
1753295906.6559496,31.970001220703125,0.8582830429077148,-46.42998504638672,-44.41312789916992,-11.867504119873047,-60.96515655517578,25.23750877380371,-0.14999866485595703,-35.8348274230957,-51.06999206542969,-2.2424936294555664,-35.76483917236328
1753295906.6660187,31.970001220703125,0.7950019836425781,-46.42998504638672,-44.40000534057617,-11.867504119873047,-60.96515655517578,25.23750877380371,-0.14999866485595703,-35.8348274230957,-51.06999206542969,-2.2424936294555664,-35.76483917236328
1753295906.6759715,31.970001220703125,0.7473468780517578,-46.42998504638672,-44.40000534057617,-11.867504119873047,-60.96515655517578,25.23750877380371,-0.14999866485595703,-35.8348274230957,-51.06999206542969,-2.2424936294555664,-35.76483917236328
1753295906.68593,31.970001220703125,0.722346305847168,-46.42998504638672,-44.4229736328125,-11.867504119873047,-60.96515655517578,25.23750877380371,-0.14999866485595703,-35.8348274230957,-51.06999206542969,-2.2424936294555664,-35.76483917236328
1753295906.6959758,31.970001220703125,0.722346305847168,-46.42998504638672,-44.43437957763672,-11.867504119873047,-60.96515655517578,25.23750877380371,-0.14999866485595703,-35.8348274230957,-51.06999206542969,-2.2424936294555664,-35.76483917236328
1753295906.70595,31.970001220703125,0.722346305847168,-46.42998504638672,-44.45515823364258,-11.867504119873047,-60.96515655517578,25.23750877380371,-0.14999866485595703,-35.8348274230957,-51.06999206542969,-2.2424936294555664,-35.76483917236328
1753295906.7159564,31.970001220703125,0.7375049591064453,-46.42998504638672,-44.45515823364258,-11.867504119873047,-60.96515655517578,25.23750877380371,-0.14999866485595703,-35.8348274230957,-51.06999206542969,-2.2424936294555664,-35.76483917236328
1753295906.725987,31.970001220703125,0.7473468780517578,-46.42998504638672,-44.45515823364258,-11.867504119873047,-60.96515655517578,25.23750877380371,-0.14999866485595703,-35.8348274230957,-51.06999206542969,-2.2424936294555664,-35.76483917236328
1753295906.7363114,31.970001220703125,0.7475042343139648,-46.42998504638672,-44.428443908691406,-11.867504119873047,-60.96515655517578,25.23750877380371,-0.14999866485595703,-35.8348274230957,-51.06999206542969,-2.2424936294555664,-35.76483917236328
1753295906.7459285,31.970001220703125,0.722661018371582,-46.42998504638672,-44.41312789916992,-11.867504119873047,-60.96515655517578,25.23750877380371,-0.14999866485595703,-35.8348274230957,-51.06999206542969,-2.2424936294555664,-35.76483917236328
1753295906.7560356,31.970001220703125,0.7023477554321289,-46.42998504638672,-44.410003662109375,-11.867504119873047,-60.96515655517578,25.23750877380371,-0.14999866485595703,-35.8348274230957,-51.06999206542969,-2.2424936294555664,-35.76483917236328
1753295906.7659535,31.970001220703125,0.7023477554321289,-46.42998504638672,-44.410003662109375,-11.867504119873047,-60.96515655517578,25.23750877380371,-0.14999866485595703,-35.8348274230957,-51.06999206542969,-2.2424936294555664,-35.76483917236328
1753295906.7759528,31.979848861694336,0.7023477554321289,-46.42998504638672,-44.410003662109375,-11.867504119873047,-60.96515655517578,25.23750877380371,-0.14999866485595703,-35.8348274230957,-51.06999206542969,-2.2424936294555664,-35.76483917236328
1753295906.785961,32.00234603881836,0.7175016403198242,-46.42998504638672,-44.425315856933594,-11.867504119873047,-60.96515655517578,25.23750877380371,-0.14999866485595703,-35.8348274230957,-51.06999206542969,-2.2424936294555664,-35.76483917236328
1753295906.7959878,32.015159606933594,0.7175016403198242,-46.42998504638672,-44.42515563964844,-11.867504119873047,-60.96515655517578,25.23750877380371,-0.14999866485595703,-35.8348274230957,-51.06999206542969,-2.2424936294555664,-35.76483917236328
1753295906.8059344,32.015159606933594,0.7175016403198242,-46.42998504638672,-44.42515563964844,-11.867504119873047,-60.96515655517578,25.23750877380371,-0.14999866485595703,-35.8348274230957,-51.06999206542969,-2.2424936294555664,-35.76483917236328
1753295906.8159568,32.015159606933594,0.7175016403198242,-46.42998504638672,-44.42515563964844,-11.867504119873047,-60.96515655517578,25.23750877380371,-0.14999866485595703,-35.8348274230957,-51.06999206542969,-2.2424936294555664,-35.76483917236328
1753295906.825919,32.015159606933594,0.7175016403198242,-46.42998504638672,-44.42515563964844,-11.867504119873047,-60.96515655517578,25.23750877380371,-0.14999866485595703,-35.8348274230957,-51.06999206542969,-2.2424936294555664,-35.76483917236328
1753295906.8359444,32.015159606933594,0.7175016403198242,-46.42998504638672,-44.42515563964844,-11.867504119873047,-60.96515655517578,25.23750877380371,-0.14999866485595703,-35.8348274230957,-51.06999206542969,-2.2424936294555664,-35.76483917236328
1753295906.8460743,32.015159606933594,0.7175016403198242,-46.42998504638672,-44.42515563964844,-11.867504119873047,-60.96515655517578,25.23750877380371,-0.14999866485595703,-35.8348274230957,-51.06999206542969,-2.2424936294555664,-35.76483917236328
1753295906.8559828,32.015159606933594,0.7175016403198242,-46.42998504638672,-44.42515563964844,-11.867504119873047,-60.96515655517578,25.23750877380371,-0.14999866485595703,-35.8348274230957,-51.06999206542969,-2.2424936294555664,-35.76483917236328
1753295906.8660548,32.015159606933594,0.7175016403198242,-46.42998504638672,-44.42515563964844,-11.867504119873047,-60.96515655517578,25.23750877380371,-0.14999866485595703,-35.8348274230957,-51.06999206542969,-2.2424936294555664,-35.76483917236328
1753295906.875989,32.015159606933594,0.7175016403198242,-46.42998504638672,-44.42515563964844,-11.867504119873047,-60.96515655517578,25.23750877380371,-0.14999866485595703,-35.8348274230957,-51.06999206542969,-2.2424936294555664,-35.76483917236328
1753295906.8860316,32.015159606933594,0.7175016403198242,-46.42998504638672,-44.42515563964844,-11.867504119873047,-60.96515655517578,25.23750877380371,-0.14999866485595703,-35.8348274230957,-51.06999206542969,-2.2424936294555664,-35.76483917236328
1753295906.895998,32.015159606933594,0.7175016403198242,-46.42998504638672,-44.42515563964844,-11.867504119873047,-60.96515655517578,25.23750877380371,-0.14999866485595703,-35.8348274230957,-51.06999206542969,-2.2424936294555664,-35.76483917236328
1753295906.9059715,32.015159606933594,0.7175016403198242,-46.42998504638672,-44.42515563964844,-11.867504119873047,-60.96515655517578,25.23750877380371,-0.14999866485595703,-35.8348274230957,-51.06999206542969,-2.2424936294555664,-35.76483917236328
1753295906.9160016,32.015159606933594,0.7175016403198242,-46.42998504638672,-44.42515563964844,-11.867504119873047,-60.96515655517578,25.23750877380371,-0.14999866485595703,-35.8348274230957,-51.06999206542969,-2.2424936294555664,-35.76483917236328
1753295906.9259791,32.015159606933594,0.7175016403198242,-46.42998504638672,-44.42515563964844,-11.867504119873047,-60.96515655517578,25.23750877380371,-0.14999866485595703,-35.8348274230957,-51.06999206542969,-2.2424936294555664,-35.76483917236328
1753295906.9359493,32.015159606933594,0.7175016403198242,-46.42998504638672,-44.42515563964844,-11.867504119873047,-60.96515655517578,25.23750877380371,-0.14999866485595703,-35.8348274230957,-51.06999206542969,-2.2424936294555664,-35.76483917236328
1753295906.945967,32.015159606933594,0.7175016403198242,-46.42998504638672,-44.42515563964844,-11.867504119873047,-60.96515655517578,25.23750877380371,-0.14999866485595703,-35.8348274230957,-51.06999206542969,-2.2424936294555664,-35.76483917236328
1753295906.9559476,32.015159606933594,0.7175016403198242,-46.42998504638672,-44.42515563964844,-11.867504119873047,-60.96515655517578,25.23750877380371,-0.14999866485595703,-35.8348274230957,-51.06999206542969,-2.2424936294555664,-35.76483917236328
1753295906.965985,32.015159606933594,0.7175016403198242,-46.42998504638672,-44.42515563964844,-11.867504119873047,-60.96515655517578,25.23750877380371,-0.14999866485595703,-35.8348274230957,-51.06999206542969,-2.2424936294555664,-35.76483917236328
1753295906.9759398,32.015159606933594,0.7175016403198242,-46.42998504638672,-44.42515563964844,-11.867504119873047,-60.96515655517578,25.23750877380371,-0.14999866485595703,-35.8348274230957,-51.06999206542969,-2.2424936294555664,-35.76483917236328
1753295906.9859848,32.015159606933594,0.7175016403198242,-46.42998504638672,-44.42515563964844,-11.867504119873047,-60.96515655517578,25.23750877380371,-0.14999866485595703,-35.8348274230957,-51.06999206542969,-2.2424936294555664,-35.76483917236328
1753295906.9959717,32.015159606933594,0.7175016403198242,-46.42998504638672,-44.42515563964844,-11.867504119873047,-60.96515655517578,25.23750877380371,-0.14999866485595703,-35.8348274230957,-51.06999206542969,-2.2424936294555664,-35.76483917236328
1753295907.0060468,32.015159606933594,0.7175016403198242,-46.42998504638672,-44.42515563964844,-11.867504119873047,-60.96515655517578,25.23750877380371,-0.14999866485595703,-35.8348274230957,-51.06999206542969,-2.2424936294555664,-35.76483917236328
1753295907.0161548,32.015159606933594,0.7175016403198242,-46.42998504638672,-44.42515563964844,-11.867504119873047,-60.96515655517578,25.23750877380371,-0.14999866485595703,-35.8348274230957,-51.06999206542969,-2.2424936294555664,-35.76483917236328
1753295907.026004,32.015159606933594,0.7175016403198242,-46.42998504638672,-44.42515563964844,-11.867504119873047,-60.96515655517578,25.23750877380371,-0.14999866485595703,-35.8348274230957,-51.06999206542969,-2.2424936294555664,-35.76483917236328
1753295907.0360732,32.015159606933594,0.7175016403198242,-46.42998504638672,-44.42515563964844,-11.867504119873047,-60.96515655517578,25.23750877380371,-0.14999866485595703,-35.8348274230957,-51.06999206542969,-2.2424936294555664,-35.76483917236328
1753295907.0459893,32.015159606933594,0.7175016403198242,-46.42998504638672,-44.42515563964844,-11.867504119873047,-60.96515655517578,25.23750877380371,-0.14999866485595703,-35.8348274230957,-51.06999206542969,-2.2424936294555664,-35.76483917236328
1753295907.056003,32.015159606933594,0.7175016403198242,-46.42998504638672,-44.42515563964844,-11.867504119873047,-60.96515655517578,25.23750877380371,-0.14999866485595703,-35.8348274230957,-51.06999206542969,-2.2424936294555664,-35.76483917236328
1753295907.0659842,32.015159606933594,0.7175016403198242,-46.42998504638672,-44.42515563964844,-11.867504119873047,-60.96515655517578,25.23750877380371,-0.14999866485595703,-35.8348274230957,-51.06999206542969,-2.2424936294555664,-35.76483917236328
1753295907.0759878,32.015159606933594,0.7175016403198242,-46.42998504638672,-44.42515563964844,-11.867504119873047,-60.96515655517578,25.23750877380371,-0.14999866485595703,-35.8348274230957,-51.06999206542969,-2.2424936294555664,-35.76483917236328
1753295907.085937,32.015159606933594,0.7175016403198242,-46.42998504638672,-44.42515563964844,-11.867504119873047,-60.96515655517578,25.23750877380371,-0.14999866485595703,-35.8348274230957,-51.06999206542969,-2.2424936294555664,-35.76483917236328
1753295907.0959256,32.015159606933594,0.7175016403198242,-46.42998504638672,-44.42515563964844,-11.867504119873047,-60.96515655517578,25.23750877380371,-0.14999866485595703,-35.8348274230957,-51.06999206542969,-2.2424936294555664,-35.76483917236328
1753295907.1059225,32.015159606933594,0.7175016403198242,-46.42998504638672,-44.42515563964844,-11.867504119873047,-60.96515655517578,25.23750877380371,-0.14999866485595703,-35.8348274230957,-51.06999206542969,-2.2424936294555664,-35.76483917236328
1753295907.1159298,32.015159606933594,0.7175016403198242,-46.42998504638672,-44.42515563964844,-11.867504119873047,-60.96515655517578,25.23750877380371,-0.14999866485595703,-35.85702896118164,-51.06999206542969,-2.2424936294555664,-35.76483917236328
1753295907.1259246,32.015159606933594,0.7582855224609375,-46.42998504638672,-44.42515563964844,-11.867504119873047,-60.96515655517578,25.20953941345215,-0.18609285354614258,-35.91108322143555,-51.06999206542969,-2.2617125511169434,-35.76483917236328
1753295907.1359472,32.044063568115234,0.7675027847290039,-46.42998504638672,-44.38093948364258,-11.824536323547363,-60.96515655517578,25.08938217163086,-0.19171714782714844,-35.84249496459961,-51.093902587890625,-2.226870059967041,-35.76483917236328
1753295907.146168,32.09375,0.7675027847290039,-46.42998504638672,-44.34812927246094,-11.781411170959473,-60.96515655517578,25.040475845336914,-0.22734403610229492,-35.84484100341797,-51.15155792236328,-2.0287442207336426,-35.76483917236328
1753295907.1560113,32.095157623291016,0.7675027847290039,-46.42998504638672,-44.35000228881836,-11.790318489074707,-60.96515655517578,25.301883697509766,-0.13000011444091797,-35.824832916259766,-51.07249450683594,-1.7821812629699707,-35.76483917236328
1753295907.1659846,32.06484603881836,0.741877555847168,-46.42998504638672,-44.36515808105469,-11.858911514282227,-60.96515655517578,25.559539794921875,-0.014216899871826172,-35.824832916259766,-51.01421356201172,-1.7082762718200684,-35.76483917236328
1753295907.175978,32.034690856933594,0.7003164291381836,-46.42998504638672,-44.3939094543457,-11.939535140991211,-60.96515655517578,25.531570434570312,0.09078264236450195,-35.824832916259766,-51.02515411376953,-1.6259312629699707,-35.76483917236328
1753295907.185937,31.94437599182129,0.7023477554321289,-46.42998504638672,-44.4854736328125,-11.989378929138184,-60.96515655517578,25.372665405273438,0.12781381607055664,-35.824832916259766,-51.12765121459961,-1.5645241737365723,-35.76483917236328
1753295907.1959612,31.863285064697266,0.7023477554321289,-46.42998504638672,-44.49515914916992,-12.007505416870117,-60.96515655517578,25.372196197509766,0.22828102111816406,-35.824832916259766,-51.16139602661133,-1.5446805953979492,-35.76483917236328
1753295907.2059329,31.85000228881836,0.7023477554321289,-46.42998504638672,-44.45203399658203,-12.02828598022461,-60.96515655517578,25.45563316345215,0.2818751335144043,-35.824832916259766,-51.159996032714844,-1.5206193923950195,-35.76483917236328
1753295907.215929,31.919063568115234,0.7023477554321289,-46.42998504638672,-44.428443908691406,-12.027504920959473,-60.96515655517578,25.457509994506836,0.280001163482666,-35.824832916259766,-51.159996032714844,-1.5148377418518066,-35.76483917236328
1753295907.2259457,31.980939865112305,0.7023477554321289,-46.42998504638672,-44.392662048339844,-12.027504920959473,-60.96515655517578,25.442352294921875,0.2637505531311035,-35.824832916259766,-51.159996032714844,-1.5148377418518066,-35.76483917236328
1753295907.2359354,31.985158920288086,0.7023477554321289,-46.42998504638672,-44.35844039916992,-12.027504920959473,-60.96515655517578,25.442352294921875,0.2448439598083496,-35.824832916259766,-51.159996032714844,-1.530463695526123,-35.76483917236328
1753295907.2460177,32.01219177246094,0.7023477554321289,-46.42998504638672,-44.36000061035156,-12.002348899841309,-60.96515655517578,25.420007705688477,0.20265817642211914,-35.824832916259766,-51.159996032714844,-1.5524935722351074,-35.76483917236328
1753295907.2559302,32.03515625,0.7023477554321289,-46.42998504638672,-44.405784606933594,-11.982348442077637,-60.96515655517578,25.422351837158203,0.1471877098083496,-35.824832916259766,-51.159996032714844,-1.582024097442627,-35.76483917236328
1753295907.265997,32.03515625,0.7023477554321289,-46.42998504638672,-44.4207878112793,-11.962504386901855,-60.96515655517578,25.422351837158203,0.10687589645385742,-35.824832916259766,-51.144840240478516,-1.647493839263916,-35.76483917236328
1753295907.2759695,32.03515625,0.7023477554321289,-46.42998504638672,-44.42515563964844,-11.962349891662598,-60.96515655517578,25.422351837158203,0.006251335144042969,-35.824832916259766,-51.144840240478516,-1.7140555381774902,-35.76483917236328
1753295907.286003,32.03515625,0.7023477554321289,-46.42998504638672,-44.42515563964844,-11.962349891662598,-60.96515655517578,25.422351837158203,-0.07984399795532227,-35.824832916259766,-51.144840240478516,-1.7853069305419922,-35.76483917236328
1753295907.295973,32.03515625,0.7023477554321289,-46.42998504638672,-44.41203308105469,-11.962349891662598,-60.96515655517578,25.422351837158203,-0.14640569686889648,-35.824832916259766,-51.144840240478516,-1.8314003944396973,-35.76483917236328
1753295907.3059628,32.03515625,0.7023477554321289,-46.42998504638672,-44.381256103515625,-11.959223747253418,-60.96515655517578,25.422351837158203,-0.16515493392944336,-35.824832916259766,-51.144840240478516,-1.8324947357177734,-35.76483917236328
1753295907.3159149,32.03515625,0.7023477554321289,-46.42998504638672,-44.380001068115234,-11.94234848022461,-60.96515655517578,25.422351837158203,-0.16265630722045898,-35.824832916259766,-51.144840240478516,-1.8324947357177734,-35.76483917236328
1753295907.3259761,32.03515625,0.7023477554321289,-46.42998504638672,-44.380001068115234,-11.93547248840332,-60.96515655517578,25.422351837158203,-0.10562419891357422,-35.824832916259766,-51.144840240478516,-1.7896819114685059,-35.76483917236328
1753295907.3359325,32.027191162109375,0.7023477554321289,-46.42998504638672,-44.38984680175781,-11.93234920501709,-60.96515655517578,25.422351837158203,-0.08749961853027344,-35.824832916259766,-51.144840240478516,-1.784837245941162,-35.76483917236328
1753295907.3459766,32.02000427246094,0.7023477554321289,-46.42998504638672,-44.425785064697266,-11.93234920501709,-60.96515655517578,25.422351837158203,-0.07999897003173828,-35.824832916259766,-51.144840240478516,-1.784837245941162,-35.76483917236328
1753295907.3559387,32.02000427246094,0.7023477554321289,-46.42998504638672,-44.42515563964844,-11.93234920501709,-60.96515655517578,25.422351837158203,-0.09687423706054688,-35.824832916259766,-51.144840240478516,-1.784837245941162,-35.76483917236328
1753295907.3659513,32.02000427246094,0.7023477554321289,-46.42998504638672,-44.42515563964844,-11.93234920501709,-60.96515655517578,25.422351837158203,-0.12218713760375977,-35.824832916259766,-51.144840240478516,-1.8023371696472168,-35.76483917236328
1753295907.375915,32.02000427246094,0.7023477554321289,-46.42998504638672,-44.42515563964844,-11.93234920501709,-60.96515655517578,25.422351837158203,-0.12515544891357422,-35.824832916259766,-51.144840240478516,-1.8024945259094238,-35.76483917236328
1753295907.3859675,32.03515625,0.7023477554321289,-46.42998504638672,-44.42515563964844,-11.921879768371582,-60.96515655517578,25.422351837158203,-0.12515544891357422,-35.824832916259766,-51.144840240478516,-1.8024945259094238,-35.76483917236328
1753295907.39601,32.03515625,0.7023477554321289,-46.42998504638672,-44.410003662109375,-11.91281795501709,-60.96515655517578,25.422351837158203,-0.12515544891357422,-35.824832916259766,-51.144840240478516,-1.8024945259094238,-35.76483917236328
1753295907.406011,32.03515625,0.7023477554321289,-46.42998504638672,-44.410003662109375,-11.912348747253418,-60.96515655517578,25.422351837158203,-0.12515544891357422,-35.824832916259766,-51.144840240478516,-1.8024945259094238,-35.76483917236328
1753295907.4159734,32.02000427246094,0.7023477554321289,-46.42998504638672,-44.410003662109375,-11.912348747253418,-60.96515655517578,25.422351837158203,-0.12515544891357422,-35.824832916259766,-51.144840240478516,-1.8024945259094238,-35.76483917236328
1753295907.4260187,32.01000213623047,0.7023477554321289,-46.42998504638672,-44.410003662109375,-11.912348747253418,-60.96515655517578,25.422351837158203,-0.12515544891357422,-35.824832916259766,-51.144840240478516,-1.8024945259094238,-35.76483917236328
1753295907.436008,32.01000213623047,0.7023477554321289,-46.42998504638672,-44.410003662109375,-11.912348747253418,-60.96515655517578,25.422351837158203,-0.12515544891357422,-35.824832916259766,-51.144840240478516,-1.8024945259094238,-35.76483917236328
1753295907.4459827,32.01000213623047,0.7023477554321289,-46.42998504638672,-44.410003662109375,-11.912348747253418,-60.96515655517578,25.422351837158203,-0.12515544891357422,-35.824832916259766,-51.144840240478516,-1.8024945259094238,-35.76483917236328
1753295907.4560037,32.01000213623047,0.7023477554321289,-46.42998504638672,-44.410003662109375,-11.912348747253418,-60.96515655517578,25.422351837158203,-0.12515544891357422,-35.824832916259766,-51.144840240478516,-1.8024945259094238,-35.76483917236328
1753295907.4659767,32.02516174316406,0.7023477554321289,-46.42998504638672,-44.410003662109375,-11.912348747253418,-60.96515655517578,25.422351837158203,-0.12515544891357422,-35.824832916259766,-51.144840240478516,-1.8024945259094238,-35.76483917236328
1753295907.476009,32.02516174316406,0.7023477554321289,-46.42998504638672,-44.410003662109375,-11.912348747253418,-60.96515655517578,25.422351837158203,-0.12515544891357422,-35.824832916259766,-51.144840240478516,-1.8024945259094238,-35.76483917236328
1753295907.485976,32.02516174316406,0.7023477554321289,-46.42998504638672,-44.410003662109375,-11.912348747253418,-60.96515655517578,25.422351837158203,-0.12515544891357422,-35.824832916259766,-51.144840240478516,-1.8024945259094238,-35.76483917236328
1753295907.496015,32.02516174316406,0.7023477554321289,-46.42998504638672,-44.410003662109375,-11.912348747253418,-60.96515655517578,25.422351837158203,-0.12515544891357422,-35.824832916259766,-51.144840240478516,-1.8024945259094238,-35.76483917236328
1753295907.5059688,32.02516174316406,0.7023477554321289,-46.42998504638672,-44.410003662109375,-11.912348747253418,-60.96515655517578,25.422351837158203,-0.12515544891357422,-35.824832916259766,-51.144840240478516,-1.8024945259094238,-35.76483917236328
1753295907.5159707,32.02516174316406,0.7023477554321289,-46.42998504638672,-44.410003662109375,-11.912348747253418,-60.96515655517578,25.422351837158203,-0.12515544891357422,-35.824832916259766,-51.144840240478516,-1.8024945259094238,-35.76483917236328
1753295907.5259967,32.02516174316406,0.7023477554321289,-46.42998504638672,-44.410003662109375,-11.912348747253418,-60.96515655517578,25.422351837158203,-0.12515544891357422,-35.824832916259766,-51.144840240478516,-1.8024945259094238,-35.76483917236328
1753295907.5359647,32.02516174316406,0.6985950469970703,-46.42998504638672,-44.410003662109375,-11.912348747253418,-60.96515655517578,25.422351837158203,-0.12515544891357422,-35.824832916259766,-51.144840240478516,-1.8024945259094238,-35.76483917236328
1753295907.545972,32.02516174316406,0.6923484802246094,-46.42998504638672,-44.410003662109375,-11.912348747253418,-60.96515655517578,25.422351837158203,-0.12515544891357422,-35.824832916259766,-51.144840240478516,-1.8024945259094238,-35.76483917236328
1753295907.5559714,32.02516174316406,0.6923484802246094,-46.42998504638672,-44.410003662109375,-11.912348747253418,-60.96515655517578,25.422351837158203,-0.12515544891357422,-35.824832916259766,-51.144840240478516,-1.8024945259094238,-35.76483917236328
1753295907.565957,32.02516174316406,0.6923484802246094,-46.42998504638672,-44.410003662109375,-11.912348747253418,-60.96515655517578,25.422351837158203,-0.12515544891357422,-35.824832916259766,-51.144840240478516,-1.8024945259094238,-35.76483917236328
1753295907.5760329,32.02516174316406,0.6923484802246094,-46.42998504638672,-44.410003662109375,-11.912348747253418,-60.96515655517578,25.422351837158203,-0.12515544891357422,-35.824832916259766,-51.144840240478516,-1.8024945259094238,-35.76483917236328
1753295907.5862017,32.02516174316406,0.6923484802246094,-46.42998504638672,-44.410003662109375,-11.912348747253418,-60.96515655517578,25.422351837158203,-0.12515544891357422,-35.824832916259766,-51.144840240478516,-1.8024945259094238,-35.76483917236328
1753295907.5959847,32.02516174316406,0.6923484802246094,-46.42998504638672,-44.410003662109375,-11.912348747253418,-60.96515655517578,25.422351837158203,-0.12515544891357422,-35.824832916259766,-51.144840240478516,-1.8024945259094238,-35.76483917236328
1753295907.6059768,32.02516174316406,0.6923484802246094,-46.42998504638672,-44.410003662109375,-11.912348747253418,-60.96515655517578,25.422351837158203,-0.12515544891357422,-35.824832916259766,-51.144840240478516,-1.8024945259094238,-35.76483917236328
1753295907.6159682,32.02516174316406,0.6923484802246094,-46.42998504638672,-44.410003662109375,-11.912348747253418,-60.96515655517578,25.422351837158203,-0.12515544891357422,-35.824832916259766,-51.144840240478516,-1.8024945259094238,-35.76483917236328
1753295907.62598,32.02516174316406,0.6923484802246094,-46.42998504638672,-44.410003662109375,-11.912348747253418,-60.96515655517578,25.422351837158203,-0.12515544891357422,-35.824832916259766,-51.144840240478516,-1.8024945259094238,-35.76483917236328
1753295907.6359742,32.02516174316406,0.6923484802246094,-46.42998504638672,-44.410003662109375,-11.912348747253418,-60.96515655517578,25.422351837158203,-0.12515544891357422,-35.824832916259766,-51.144840240478516,-1.8024945259094238,-35.76483917236328
1753295907.6459599,32.02516174316406,0.6923484802246094,-46.42998504638672,-44.410003662109375,-11.912348747253418,-60.96515655517578,25.422351837158203,-0.12515544891357422,-35.824832916259766,-51.144840240478516,-1.8024945259094238,-35.76483917236328
1753295907.655996,32.02516174316406,0.6923484802246094,-46.42998504638672,-44.410003662109375,-11.912348747253418,-60.96515655517578,25.422351837158203,-0.12515544891357422,-35.824832916259766,-51.144840240478516,-1.8024945259094238,-35.76483917236328
1753295907.6659827,32.02516174316406,0.6923484802246094,-46.42998504638672,-44.410003662109375,-11.912348747253418,-60.96515655517578,25.422351837158203,-0.12515544891357422,-35.824832916259766,-51.144840240478516,-1.8024945259094238,-35.76483917236328
1753295907.675975,32.02516174316406,0.6923484802246094,-46.42998504638672,-44.410003662109375,-11.912348747253418,-60.96515655517578,25.422351837158203,-0.12515544891357422,-35.824832916259766,-51.144840240478516,-1.8024945259094238,-35.76483917236328
1753295907.6859777,32.02516174316406,0.6923484802246094,-46.42998504638672,-44.410003662109375,-11.912348747253418,-60.96515655517578,25.422351837158203,-0.12515544891357422,-35.824832916259766,-51.144840240478516,-1.8024945259094238,-35.76483917236328
1753295907.6959763,32.02516174316406,0.6923484802246094,-46.42998504638672,-44.410003662109375,-11.912348747253418,-60.96515655517578,25.422351837158203,-0.12515544891357422,-35.824832916259766,-51.144840240478516,-1.8024945259094238,-35.76483917236328
1753295907.7059817,32.02516174316406,0.6923484802246094,-46.42998504638672,-44.410003662109375,-11.912348747253418,-60.96515655517578,25.422351837158203,-0.12515544891357422,-35.824832916259766,-51.144840240478516,-1.8024945259094238,-35.76483917236328
1753295907.7159986,32.02516174316406,0.6923484802246094,-46.42998504638672,-44.410003662109375,-11.912348747253418,-60.96515655517578,25.422351837158203,-0.12515544891357422,-35.824832916259766,-51.144840240478516,-1.8024945259094238,-35.76483917236328
1753295907.7259626,32.02516174316406,0.6923484802246094,-46.42998504638672,-44.410003662109375,-11.912348747253418,-60.96515655517578,25.422351837158203,-0.12515544891357422,-35.824832916259766,-51.144840240478516,-1.8024945259094238,-35.76483917236328
1753295907.7362847,32.02516174316406,0.6923484802246094,-46.42998504638672,-44.410003662109375,-11.912348747253418,-60.96515655517578,25.422351837158203,-0.12515544891357422,-35.824832916259766,-51.144840240478516,-1.8024945259094238,-35.76483917236328
1753295907.7459764,32.02516174316406,0.6923484802246094,-46.42998504638672,-44.410003662109375,-11.912348747253418,-60.96515655517578,25.422351837158203,-0.12515544891357422,-35.824832916259766,-51.144840240478516,-1.8024945259094238,-35.76483917236328
1753295907.7559593,32.02516174316406,0.6923484802246094,-46.42998504638672,-44.410003662109375,-11.912348747253418,-60.96515655517578,25.422351837158203,-0.12515544891357422,-35.824832916259766,-51.144840240478516,-1.8024945259094238,-35.76483917236328
1753295907.7659605,32.02516174316406,0.6923484802246094,-46.42998504638672,-44.410003662109375,-11.912348747253418,-60.96515655517578,25.422351837158203,-0.12515544891357422,-35.824832916259766,-51.144840240478516,-1.8024945259094238,-35.76483917236328
1753295907.7759688,32.02516174316406,0.6923484802246094,-46.42998504638672,-44.410003662109375,-11.912348747253418,-60.96515655517578,25.422351837158203,-0.12515544891357422,-35.824832916259766,-51.144840240478516,-1.8024945259094238,-35.76483917236328
1753295907.7859654,32.02516174316406,0.6923484802246094,-46.42998504638672,-44.410003662109375,-11.912348747253418,-60.96515655517578,25.422351837158203,-0.12515544891357422,-35.824832916259766,-51.144840240478516,-1.8024945259094238,-35.76483917236328
1753295907.796069,32.02516174316406,0.6923484802246094,-46.42998504638672,-44.410003662109375,-11.912348747253418,-60.96515655517578,25.422351837158203,-0.12515544891357422,-35.824832916259766,-51.144840240478516,-1.8024945259094238,-35.76483917236328
1753295907.8059857,32.02516174316406,0.6923484802246094,-46.42998504638672,-44.410003662109375,-11.912348747253418,-60.96515655517578,25.422351837158203,-0.12515544891357422,-35.824832916259766,-51.144840240478516,-1.8024945259094238,-35.76483917236328
1753295907.8160112,32.02516174316406,0.6923484802246094,-46.42998504638672,-44.410003662109375,-11.912348747253418,-60.96515655517578,25.422351837158203,-0.12515544891357422,-35.824832916259766,-51.144840240478516,-1.8024945259094238,-35.76483917236328
1753295907.8259928,32.02516174316406,0.6923484802246094,-46.42998504638672,-44.410003662109375,-11.912348747253418,-60.96515655517578,25.422351837158203,-0.12515544891357422,-35.824832916259766,-51.144840240478516,-1.8024945259094238,-35.76483917236328
1753295907.8360488,32.02516174316406,0.6923484802246094,-46.42998504638672,-44.410003662109375,-11.912348747253418,-60.96515655517578,25.422351837158203,-0.12515544891357422,-35.824832916259766,-51.144840240478516,-1.8024945259094238,-35.76483917236328
1753295907.846012,32.02516174316406,0.6923484802246094,-46.42998504638672,-44.410003662109375,-11.912348747253418,-60.96515655517578,25.422351837158203,-0.12515544891357422,-35.824832916259766,-51.144840240478516,-1.8024945259094238,-35.76483917236328
1753295907.8560307,32.02516174316406,0.6923484802246094,-46.42998504638672,-44.410003662109375,-11.912348747253418,-60.96515655517578,25.422351837158203,-0.12515544891357422,-35.824832916259766,-51.144840240478516,-1.8024945259094238,-35.76483917236328
1753295907.8659725,32.02516174316406,0.6923484802246094,-46.42998504638672,-44.410003662109375,-11.912348747253418,-60.96515655517578,25.422351837158203,-0.12515544891357422,-35.824832916259766,-51.144840240478516,-1.8024945259094238,-35.76483917236328
1753295907.875952,32.02516174316406,0.6923484802246094,-46.42998504638672,-44.410003662109375,-11.912348747253418,-60.96515655517578,25.422351837158203,-0.12515544891357422,-35.824832916259766,-51.144840240478516,-1.8024945259094238,-35.76483917236328
1753295907.8859682,32.02516174316406,0.6923484802246094,-46.42998504638672,-44.410003662109375,-11.912348747253418,-60.96515655517578,25.422351837158203,-0.12515544891357422,-35.824832916259766,-51.144840240478516,-1.8024945259094238,-35.76483917236328
1753295907.8959231,32.02516174316406,0.6923484802246094,-46.42998504638672,-44.410003662109375,-11.912348747253418,-60.96515655517578,25.422351837158203,-0.12515544891357422,-35.824832916259766,-51.144840240478516,-1.8024945259094238,-35.76483917236328
1753295907.9060118,32.02516174316406,0.6923484802246094,-46.42998504638672,-44.410003662109375,-11.912348747253418,-60.96515655517578,25.422351837158203,-0.12515544891357422,-35.824832916259766,-51.144840240478516,-1.8024945259094238,-35.76483917236328
1753295907.9159503,32.02516174316406,0.6923484802246094,-46.42998504638672,-44.410003662109375,-11.912348747253418,-60.96515655517578,25.422351837158203,-0.12515544891357422,-35.824832916259766,-51.144840240478516,-1.8024945259094238,-35.76483917236328
1753295907.926005,32.02516174316406,0.6923484802246094,-46.42998504638672,-44.410003662109375,-11.912348747253418,-60.96515655517578,25.422351837158203,-0.12515544891357422,-35.824832916259766,-51.144840240478516,-1.8024945259094238,-35.76483917236328
1753295907.9360578,32.02516174316406,0.6923484802246094,-46.42998504638672,-44.410003662109375,-11.912348747253418,-60.96515655517578,25.422351837158203,-0.12515544891357422,-35.824832916259766,-51.144840240478516,-1.8024945259094238,-35.76483917236328
1753295907.9460304,32.02516174316406,0.6923484802246094,-46.42998504638672,-44.410003662109375,-11.912348747253418,-60.96515655517578,25.422351837158203,-0.12515544891357422,-35.824832916259766,-51.144840240478516,-1.8024945259094238,-35.76483917236328
1753295907.9560003,32.02516174316406,0.6923484802246094,-46.42998504638672,-44.410003662109375,-11.912348747253418,-60.96515655517578,25.422351837158203,-0.12515544891357422,-35.824832916259766,-51.144840240478516,-1.8024945259094238,-35.76483917236328
1753295907.9659817,32.02516174316406,0.6923484802246094,-46.42998504638672,-44.410003662109375,-11.912348747253418,-60.96515655517578,25.422351837158203,-0.12515544891357422,-35.824832916259766,-51.144840240478516,-1.8024945259094238,-35.76483917236328
1753295907.9760273,32.02516174316406,0.6923484802246094,-46.42998504638672,-44.410003662109375,-11.912348747253418,-60.96515655517578,25.422351837158203,-0.12515544891357422,-35.824832916259766,-51.144840240478516,-1.8024945259094238,-35.76483917236328
1753295907.986012,32.02516174316406,0.6923484802246094,-46.42998504638672,-44.410003662109375,-11.912348747253418,-60.96515655517578,25.422351837158203,-0.12515544891357422,-35.824832916259766,-51.144840240478516,-1.8024945259094238,-35.76483917236328
1753295907.9960454,32.02516174316406,0.6923484802246094,-46.42998504638672,-44.410003662109375,-11.912348747253418,-60.96515655517578,25.422351837158203,-0.12515544891357422,-35.824832916259766,-51.144840240478516,-1.8024945259094238,-35.76483917236328
1753295908.0060568,32.02516174316406,0.6923484802246094,-46.42998504638672,-44.410003662109375,-11.912348747253418,-60.96515655517578,25.422351837158203,-0.12515544891357422,-35.824832916259766,-51.144840240478516,-1.8024945259094238,-35.76483917236328
1753295908.0160239,32.02516174316406,0.6923484802246094,-46.42998504638672,-44.410003662109375,-11.912348747253418,-60.96515655517578,25.422351837158203,-0.12515544891357422,-35.824832916259766,-51.144840240478516,-1.8024945259094238,-35.76483917236328
1753295908.0260587,32.02516174316406,0.6923484802246094,-46.42998504638672,-44.410003662109375,-11.912348747253418,-60.96515655517578,25.422351837158203,-0.12515544891357422,-35.824832916259766,-51.144840240478516,-1.8024945259094238,-35.76483917236328
1753295908.0360172,32.02516174316406,0.6923484802246094,-46.42998504638672,-44.410003662109375,-11.912348747253418,-60.96515655517578,25.422351837158203,-0.12515544891357422,-35.824832916259766,-51.144840240478516,-1.8024945259094238,-35.76483917236328
1753295908.0459976,32.02516174316406,0.6923484802246094,-46.42998504638672,-44.410003662109375,-11.912348747253418,-60.96515655517578,25.422351837158203,-0.12515544891357422,-35.824832916259766,-51.144840240478516,-1.8024945259094238,-35.76483917236328
1753295908.056273,32.02516174316406,0.6923484802246094,-46.42998504638672,-44.410003662109375,-11.912348747253418,-60.96515655517578,25.422351837158203,-0.12515544891357422,-35.824832916259766,-51.144840240478516,-1.8024945259094238,-35.76483917236328
1753295908.0660162,32.02516174316406,0.6923484802246094,-46.42998504638672,-44.410003662109375,-11.912348747253418,-60.96515655517578,25.422351837158203,-0.12515544891357422,-35.824832916259766,-51.144840240478516,-1.8024945259094238,-35.76483917236328
1753295908.0759885,32.02516174316406,0.6923484802246094,-46.42998504638672,-44.410003662109375,-11.912348747253418,-60.96515655517578,25.422351837158203,-0.12515544891357422,-35.824832916259766,-51.144840240478516,-1.8024945259094238,-35.76483917236328
1753295908.0859885,32.02516174316406,0.6923484802246094,-46.42998504638672,-44.410003662109375,-11.912348747253418,-60.96515655517578,25.422351837158203,-0.12515544891357422,-35.824832916259766,-51.144840240478516,-1.8024945259094238,-35.76483917236328
1753295908.0960233,32.02516174316406,0.6923484802246094,-46.42998504638672,-44.410003662109375,-11.912348747253418,-60.96515655517578,25.422351837158203,-0.12515544891357422,-35.824832916259766,-51.144840240478516,-1.8024945259094238,-35.76483917236328
1753295908.1059813,32.02516174316406,0.6923484802246094,-46.42998504638672,-44.410003662109375,-11.912348747253418,-60.96515655517578,25.422351837158203,-0.12515544891357422,-35.824832916259766,-51.144840240478516,-1.8024945259094238,-35.76483917236328
1753295908.1160672,32.02516174316406,0.6923484802246094,-46.42998504638672,-44.410003662109375,-11.912348747253418,-60.96515655517578,25.422351837158203,-0.12515544891357422,-35.824832916259766,-51.144840240478516,-1.8024945259094238,-35.76483917236328
1753295908.1260245,32.02516174316406,0.6923484802246094,-46.42998504638672,-44.410003662109375,-11.912348747253418,-60.96515655517578,25.422351837158203,-0.12515544891357422,-35.824832916259766,-51.144840240478516,-1.8024945259094238,-35.76483917236328
1753295908.1360328,32.02516174316406,0.6923484802246094,-46.42998504638672,-44.410003662109375,-11.912348747253418,-60.96515655517578,25.422351837158203,-0.12515544891357422,-35.824832916259766,-51.144840240478516,-1.8024945259094238,-35.76483917236328
1753295908.1460264,32.02516174316406,0.6923484802246094,-46.42998504638672,-44.410003662109375,-11.912348747253418,-60.96515655517578,25.422351837158203,-0.12515544891357422,-35.824832916259766,-51.144840240478516,-1.8024945259094238,-35.76483917236328
1753295908.1559725,32.02516174316406,0.6923484802246094,-46.42998504638672,-44.410003662109375,-11.912348747253418,-60.96515655517578,25.422351837158203,-0.12515544891357422,-35.824832916259766,-51.144840240478516,-1.8024945259094238,-35.76483917236328
1753295908.166045,32.02516174316406,0.6923484802246094,-46.42998504638672,-44.410003662109375,-11.912348747253418,-60.96515655517578,25.422351837158203,-0.12515544891357422,-35.824832916259766,-51.144840240478516,-1.8024945259094238,-35.76483917236328
1753295908.1759934,32.02516174316406,0.6923484802246094,-46.42998504638672,-44.410003662109375,-11.912348747253418,-60.96515655517578,25.422351837158203,-0.12515544891357422,-35.824832916259766,-51.144840240478516,-1.8024945259094238,-35.76483917236328
1753295908.1860645,32.02516174316406,0.6923484802246094,-46.42998504638672,-44.410003662109375,-11.912348747253418,-60.96515655517578,25.422351837158203,-0.12515544891357422,-35.824832916259766,-51.144840240478516,-1.8024945259094238,-35.76483917236328
1753295908.1959138,32.02516174316406,0.6923484802246094,-46.42998504638672,-44.410003662109375,-11.912348747253418,-60.96515655517578,25.422351837158203,-0.12515544891357422,-35.824832916259766,-51.144840240478516,-1.8024945259094238,-35.76483917236328
1753295908.206052,32.02516174316406,0.6923484802246094,-46.42998504638672,-44.410003662109375,-11.912348747253418,-60.96515655517578,25.422351837158203,-0.12515544891357422,-35.824832916259766,-51.144840240478516,-1.8024945259094238,-35.76483917236328
1753295908.2160244,32.02516174316406,0.6923484802246094,-46.42998504638672,-44.410003662109375,-11.912348747253418,-60.96515655517578,25.422351837158203,-0.12515544891357422,-35.824832916259766,-51.144840240478516,-1.8024945259094238,-35.76483917236328
1753295908.2260098,32.02516174316406,0.6923484802246094,-46.42998504638672,-44.410003662109375,-11.912348747253418,-60.96515655517578,25.422351837158203,-0.12515544891357422,-35.824832916259766,-51.144840240478516,-1.8024945259094238,-35.76483917236328
1753295908.2360353,32.02516174316406,0.6923484802246094,-46.42998504638672,-44.410003662109375,-11.912348747253418,-60.96515655517578,25.422351837158203,-0.12515544891357422,-35.824832916259766,-51.144840240478516,-1.8024945259094238,-35.76483917236328
1753295908.2460132,32.02516174316406,0.6923484802246094,-46.42998504638672,-44.410003662109375,-11.912348747253418,-60.96515655517578,25.422351837158203,-0.12515544891357422,-35.824832916259766,-51.144840240478516,-1.8024945259094238,-35.76483917236328
1753295908.2560043,32.02516174316406,0.6923484802246094,-46.42998504638672,-44.410003662109375,-11.912348747253418,-60.96515655517578,25.422351837158203,-0.12515544891357422,-35.824832916259766,-51.144840240478516,-1.8024945259094238,-35.76483917236328
1753295908.2660131,32.02516174316406,0.6923484802246094,-46.42998504638672,-44.410003662109375,-11.912348747253418,-60.96515655517578,25.422351837158203,-0.12515544891357422,-35.824832916259766,-51.144840240478516,-1.8024945259094238,-35.76483917236328
1753295908.2760007,32.02516174316406,0.6923484802246094,-46.42998504638672,-44.410003662109375,-11.912348747253418,-60.96515655517578,25.422351837158203,-0.12515544891357422,-35.824832916259766,-51.144840240478516,-1.8024945259094238,-35.76483917236328
1753295908.2860277,32.02516174316406,0.6923484802246094,-46.42998504638672,-44.410003662109375,-11.912348747253418,-60.96515655517578,25.422351837158203,-0.12515544891357422,-35.824832916259766,-51.144840240478516,-1.8024945259094238,-35.76483917236328
1753295908.296224,32.02516174316406,0.6923484802246094,-46.42998504638672,-44.410003662109375,-11.912348747253418,-60.96515655517578,25.422351837158203,-0.12515544891357422,-35.824832916259766,-51.144840240478516,-1.8024945259094238,-35.76483917236328
1753295908.305999,32.02516174316406,0.6923484802246094,-46.42998504638672,-44.410003662109375,-11.912348747253418,-60.96515655517578,25.422351837158203,-0.12515544891357422,-35.824832916259766,-51.144840240478516,-1.8024945259094238,-35.76483917236328
1753295908.3159854,32.02516174316406,0.6923484802246094,-46.42998504638672,-44.410003662109375,-11.912348747253418,-60.96515655517578,25.422351837158203,-0.12515544891357422,-35.824832916259766,-51.144840240478516,-1.8024945259094238,-35.76483917236328
1753295908.3260527,32.02516174316406,0.6923484802246094,-46.42998504638672,-44.410003662109375,-11.912348747253418,-60.96515655517578,25.422351837158203,-0.12515544891357422,-35.824832916259766,-51.144840240478516,-1.8024945259094238,-35.76483917236328
1753295908.3360584,32.02516174316406,0.6923484802246094,-46.42998504638672,-44.410003662109375,-11.912348747253418,-60.96515655517578,25.422351837158203,-0.12515544891357422,-35.824832916259766,-51.144840240478516,-1.8024945259094238,-35.76483917236328
1753295908.3460038,32.02516174316406,0.6923484802246094,-46.42998504638672,-44.410003662109375,-11.912348747253418,-60.96515655517578,25.422351837158203,-0.12515544891357422,-35.824832916259766,-51.144840240478516,-1.8024945259094238,-35.76483917236328
1753295908.3560271,32.02516174316406,0.6923484802246094,-46.42998504638672,-44.410003662109375,-11.912348747253418,-60.96515655517578,25.422351837158203,-0.12515544891357422,-35.824832916259766,-51.144840240478516,-1.8024945259094238,-35.76483917236328
1753295908.36603,32.02516174316406,0.6923484802246094,-46.42998504638672,-44.410003662109375,-11.912348747253418,-60.96515655517578,25.422351837158203,-0.12515544891357422,-35.824832916259766,-51.144840240478516,-1.8024945259094238,-35.76483917236328
1753295908.3759885,32.02516174316406,0.6923484802246094,-46.42998504638672,-44.410003662109375,-11.912348747253418,-60.96515655517578,25.422351837158203,-0.12515544891357422,-35.824832916259766,-51.144840240478516,-1.8024945259094238,-35.76483917236328
1753295908.3860276,32.02516174316406,0.6923484802246094,-46.42998504638672,-44.410003662109375,-11.912348747253418,-60.96515655517578,25.422351837158203,-0.12515544891357422,-35.824832916259766,-51.144840240478516,-1.8024945259094238,-35.76483917236328
1753295908.3960164,32.02516174316406,0.6923484802246094,-46.42998504638672,-44.410003662109375,-11.912348747253418,-60.96515655517578,25.422351837158203,-0.12515544891357422,-35.824832916259766,-51.144840240478516,-1.8024945259094238,-35.76483917236328
1753295908.4059958,32.02516174316406,0.6923484802246094,-46.42998504638672,-44.410003662109375,-11.912348747253418,-60.96515655517578,25.422351837158203,-0.12515544891357422,-35.824832916259766,-51.144840240478516,-1.8024945259094238,-35.76483917236328
1753295908.4160044,32.02516174316406,0.6923484802246094,-46.42998504638672,-44.410003662109375,-11.912348747253418,-60.96515655517578,25.422351837158203,-0.12515544891357422,-35.824832916259766,-51.144840240478516,-1.8024945259094238,-35.76483917236328
1753295908.4260323,32.02516174316406,0.6923484802246094,-46.42998504638672,-44.410003662109375,-11.912348747253418,-60.96515655517578,25.422351837158203,-0.12515544891357422,-35.824832916259766,-51.144840240478516,-1.8024945259094238,-35.76483917236328
1753295908.4360182,32.02516174316406,0.6923484802246094,-46.42998504638672,-44.410003662109375,-11.912348747253418,-60.96515655517578,25.422351837158203,-0.12515544891357422,-35.824832916259766,-51.144840240478516,-1.8024945259094238,-35.76483917236328
1753295908.4460175,32.02516174316406,0.6923484802246094,-46.42998504638672,-44.410003662109375,-11.912348747253418,-60.96515655517578,25.422351837158203,-0.12515544891357422,-35.824832916259766,-51.144840240478516,-1.8024945259094238,-35.76201248168945
1753295908.4560335,32.02516174316406,0.6923484802246094,-46.42998504638672,-44.410003662109375,-11.912348747253418,-60.96515655517578,25.422351837158203,-0.12515544891357422,-35.824832916259766,-51.144840240478516,-1.8024945259094238,-35.75484085083008
1753295908.4660249,32.02516174316406,0.6923484802246094,-46.42998504638672,-44.410003662109375,-11.912348747253418,-60.96515655517578,25.422351837158203,-0.12515544891357422,-35.824832916259766,-51.144840240478516,-1.8024945259094238,-35.75484085083008
1753295908.4759884,32.02516174316406,0.6923484802246094,-46.42998504638672,-44.410003662109375,-11.912348747253418,-60.96515655517578,25.422351837158203,-0.12515544891357422,-35.824832916259766,-51.144840240478516,-1.8024945259094238,-35.75484085083008
1753295908.4860308,32.02516174316406,0.6923484802246094,-46.42998504638672,-44.410003662109375,-11.912348747253418,-60.96515655517578,25.422351837158203,-0.12515544891357422,-35.824832916259766,-51.144840240478516,-1.8024945259094238,-35.75484085083008
1753295908.496045,32.02516174316406,0.6923484802246094,-46.42998504638672,-44.410003662109375,-11.912348747253418,-60.96515655517578,25.422351837158203,-0.12515544891357422,-35.824832916259766,-51.144840240478516,-1.8024945259094238,-35.75484085083008
1753295908.5061526,32.02516174316406,0.6923484802246094,-46.42998504638672,-44.410003662109375,-11.912348747253418,-60.96515655517578,25.422351837158203,-0.12515544891357422,-35.824832916259766,-51.144840240478516,-1.8024945259094238,-35.75484085083008
1753295908.516033,32.02516174316406,0.6923484802246094,-46.42998504638672,-44.410003662109375,-11.912348747253418,-60.96515655517578,25.422351837158203,-0.12515544891357422,-35.824832916259766,-51.144840240478516,-1.8024945259094238,-35.75484085083008
1753295908.526057,32.02516174316406,0.6923484802246094,-46.42998504638672,-44.410003662109375,-11.912348747253418,-60.96515655517578,25.422351837158203,-0.12515544891357422,-35.824832916259766,-51.144840240478516,-1.8024945259094238,-35.75484085083008
1753295908.5360193,32.02516174316406,0.6923484802246094,-46.42998504638672,-44.410003662109375,-11.912348747253418,-60.96515655517578,25.422351837158203,-0.12515544891357422,-35.824832916259766,-51.144840240478516,-1.8024945259094238,-35.75484085083008
1753295908.5460215,32.02516174316406,0.6923484802246094,-46.42998504638672,-44.410003662109375,-11.912348747253418,-60.96515655517578,25.422351837158203,-0.12515544891357422,-35.824832916259766,-51.144840240478516,-1.8024945259094238,-35.75484085083008
1753295908.5560524,32.02516174316406,0.6923484802246094,-46.42998504638672,-44.410003662109375,-11.912348747253418,-60.96515655517578,25.422351837158203,-0.12515544891357422,-35.824832916259766,-51.144840240478516,-1.8024945259094238,-35.75484085083008
1753295908.5660076,32.02516174316406,0.6923484802246094,-46.42998504638672,-44.410003662109375,-11.912348747253418,-60.96515655517578,25.422351837158203,-0.12515544891357422,-35.824832916259766,-51.144840240478516,-1.8024945259094238,-35.75484085083008
1753295908.576022,32.02516174316406,0.6923484802246094,-46.42998504638672,-44.410003662109375,-11.912348747253418,-60.96515655517578,25.422351837158203,-0.12515544891357422,-35.824832916259766,-51.144840240478516,-1.8024945259094238,-35.75484085083008
1753295908.585977,32.02516174316406,0.6923484802246094,-46.42998504638672,-44.410003662109375,-11.912348747253418,-60.96515655517578,25.422351837158203,-0.12515544891357422,-35.824832916259766,-51.144840240478516,-1.8024945259094238,-35.75484085083008
1753295908.5959945,32.02516174316406,0.6923484802246094,-46.42998504638672,-44.410003662109375,-11.912348747253418,-60.96515655517578,25.422351837158203,-0.12515544891357422,-35.824832916259766,-51.144840240478516,-1.8024945259094238,-35.75484085083008
1753295908.6059763,32.02516174316406,0.6923484802246094,-46.42998504638672,-44.410003662109375,-11.912348747253418,-60.96515655517578,25.422351837158203,-0.12515544891357422,-35.824832916259766,-51.144840240478516,-1.8024945259094238,-35.75484085083008
1753295908.6159892,32.02516174316406,0.6923484802246094,-46.42998504638672,-44.410003662109375,-11.912348747253418,-60.96515655517578,25.422351837158203,-0.12515544891357422,-35.824832916259766,-51.144840240478516,-1.8024945259094238,-35.75484085083008
1753295908.6259792,32.02516174316406,0.6923484802246094,-46.42998504638672,-44.410003662109375,-11.912348747253418,-60.96515655517578,25.422351837158203,-0.12515544891357422,-35.824832916259766,-51.144840240478516,-1.8024945259094238,-35.75484085083008
1753295908.6359854,32.02516174316406,0.6923484802246094,-46.42998504638672,-44.410003662109375,-11.912348747253418,-60.96515655517578,25.422351837158203,-0.12515544891357422,-35.824832916259766,-51.144840240478516,-1.8024945259094238,-35.75484085083008
1753295908.6459975,32.02516174316406,0.6923484802246094,-46.42998504638672,-44.410003662109375,-11.912348747253418,-60.96515655517578,25.422351837158203,-0.12515544891357422,-35.824832916259766,-51.144840240478516,-1.8024945259094238,-35.75484085083008
1753295908.6560063,32.02516174316406,0.6923484802246094,-46.42998504638672,-44.410003662109375,-11.912348747253418,-60.96515655517578,25.422351837158203,-0.12515544891357422,-35.824832916259766,-51.144840240478516,-1.8024945259094238,-35.75484085083008
1753295908.6660304,32.02516174316406,0.6923484802246094,-46.42998504638672,-44.410003662109375,-11.912348747253418,-60.96515655517578,25.422351837158203,-0.12515544891357422,-35.824832916259766,-51.144840240478516,-1.8024945259094238,-35.75484085083008
1753295908.6760325,32.02516174316406,0.6923484802246094,-46.42998504638672,-44.410003662109375,-11.912348747253418,-60.96515655517578,25.422351837158203,-0.12515544891357422,-35.824832916259766,-51.144840240478516,-1.8024945259094238,-35.75484085083008
1753295908.6860468,32.02516174316406,0.6923484802246094,-46.42998504638672,-44.410003662109375,-11.912348747253418,-60.96515655517578,25.422351837158203,-0.12515544891357422,-35.824832916259766,-51.144840240478516,-1.8024945259094238,-35.75484085083008
1753295908.6960442,32.02516174316406,0.6923484802246094,-46.42998504638672,-44.410003662109375,-11.912348747253418,-60.96515655517578,25.422351837158203,-0.12515544891357422,-35.824832916259766,-51.144840240478516,-1.8024945259094238,-35.75484085083008
1753295908.7059913,32.02516174316406,0.6923484802246094,-46.42998504638672,-44.410003662109375,-11.912348747253418,-60.96515655517578,25.422351837158203,-0.12515544891357422,-35.824832916259766,-51.144840240478516,-1.8024945259094238,-35.75484085083008
1753295908.7160308,32.02516174316406,0.6923484802246094,-46.42998504638672,-44.410003662109375,-11.912348747253418,-60.96515655517578,25.422351837158203,-0.12515544891357422,-35.824832916259766,-51.144840240478516,-1.8024945259094238,-35.75484085083008
1753295908.7260296,32.02516174316406,0.6923484802246094,-46.42998504638672,-44.410003662109375,-11.912348747253418,-60.96515655517578,25.422351837158203,-0.12515544891357422,-35.824832916259766,-51.144840240478516,-1.8024945259094238,-35.75484085083008
1753295908.735994,32.02516174316406,0.6923484802246094,-46.42998504638672,-44.410003662109375,-11.912348747253418,-60.96515655517578,25.422351837158203,-0.12515544891357422,-35.824832916259766,-51.144840240478516,-1.8024945259094238,-35.75484085083008
1753295908.7460613,32.02516174316406,0.6923484802246094,-46.42998504638672,-44.410003662109375,-11.912348747253418,-60.96515655517578,25.422351837158203,-0.12515544891357422,-35.824832916259766,-51.144840240478516,-1.8024945259094238,-35.75484085083008
1753295908.7559962,32.02516174316406,0.6923484802246094,-46.42998504638672,-44.410003662109375,-11.912348747253418,-60.96515655517578,25.422351837158203,-0.12515544891357422,-35.824832916259766,-51.144840240478516,-1.8024945259094238,-35.75484085083008
1753295908.766038,32.02516174316406,0.6923484802246094,-46.42998504638672,-44.410003662109375,-11.912348747253418,-60.96515655517578,25.422351837158203,-0.12515544891357422,-35.824832916259766,-51.144840240478516,-1.8024945259094238,-35.75484085083008
1753295908.7760367,32.02516174316406,0.6923484802246094,-46.42998504638672,-44.410003662109375,-11.912348747253418,-60.96515655517578,25.422351837158203,-0.12515544891357422,-35.824832916259766,-51.144840240478516,-1.8024945259094238,-35.75484085083008
1753295908.7860122,32.02516174316406,0.6923484802246094,-46.42998504638672,-44.410003662109375,-11.912348747253418,-60.96515655517578,25.422351837158203,-0.12515544891357422,-35.824832916259766,-51.144840240478516,-1.8024945259094238,-35.75484085083008
1753295908.7960465,32.02516174316406,0.6923484802246094,-46.42998504638672,-44.410003662109375,-11.912348747253418,-60.96515655517578,25.422351837158203,-0.12515544891357422,-35.824832916259766,-51.144840240478516,-1.8024945259094238,-35.75484085083008
1753295908.8061192,32.02516174316406,0.6923484802246094,-46.42998504638672,-44.410003662109375,-11.912348747253418,-60.96515655517578,25.422351837158203,-0.12515544891357422,-35.824832916259766,-51.144840240478516,-1.8024945259094238,-35.75484085083008
1753295908.81599,32.02516174316406,0.6923484802246094,-46.42998504638672,-44.410003662109375,-11.912348747253418,-60.96515655517578,25.422351837158203,-0.12515544891357422,-35.824832916259766,-51.144840240478516,-1.8024945259094238,-35.75484085083008
1753295908.8260431,32.02516174316406,0.6923484802246094,-46.42998504638672,-44.410003662109375,-11.912348747253418,-60.96515655517578,25.422351837158203,-0.12515544891357422,-35.824832916259766,-51.144840240478516,-1.8024945259094238,-35.75484085083008
1753295908.836027,32.02516174316406,0.6923484802246094,-46.42998504638672,-44.410003662109375,-11.912348747253418,-60.96515655517578,25.422351837158203,-0.12515544891357422,-35.824832916259766,-51.144840240478516,-1.8024945259094238,-35.75484085083008
1753295908.8460305,32.02516174316406,0.6923484802246094,-46.42998504638672,-44.410003662109375,-11.912348747253418,-60.96515655517578,25.422351837158203,-0.12515544891357422,-35.824832916259766,-51.144840240478516,-1.8024945259094238,-35.75484085083008
1753295908.8559754,32.02516174316406,0.6923484802246094,-46.42998504638672,-44.410003662109375,-11.912348747253418,-60.96515655517578,25.422351837158203,-0.12515544891357422,-35.824832916259766,-51.144840240478516,-1.8024945259094238,-35.75484085083008
1753295908.8659885,32.02516174316406,0.6923484802246094,-46.42998504638672,-44.410003662109375,-11.912348747253418,-60.96515655517578,25.422351837158203,-0.12515544891357422,-35.824832916259766,-51.144840240478516,-1.8024945259094238,-35.75484085083008
1753295908.8760352,32.02516174316406,0.6923484802246094,-46.42998504638672,-44.410003662109375,-11.912348747253418,-60.96515655517578,25.422351837158203,-0.12515544891357422,-35.824832916259766,-51.144840240478516,-1.8024945259094238,-35.75484085083008
1753295908.8860614,32.02516174316406,0.6923484802246094,-46.42998504638672,-44.410003662109375,-11.912348747253418,-60.96515655517578,25.422351837158203,-0.12515544891357422,-35.824832916259766,-51.144840240478516,-1.8024945259094238,-35.75484085083008
1753295908.8960218,32.02516174316406,0.6923484802246094,-46.42998504638672,-44.410003662109375,-11.912348747253418,-60.96515655517578,25.422351837158203,-0.12515544891357422,-35.824832916259766,-51.144840240478516,-1.8024945259094238,-35.75484085083008
1753295908.9059823,32.02516174316406,0.6923484802246094,-46.42998504638672,-44.410003662109375,-11.912348747253418,-60.96515655517578,25.422351837158203,-0.12515544891357422,-35.824832916259766,-51.144840240478516,-1.8024945259094238,-35.75484085083008
1753295908.9160044,32.02516174316406,0.6923484802246094,-46.42998504638672,-44.410003662109375,-11.912348747253418,-60.96515655517578,25.422351837158203,-0.12515544891357422,-35.824832916259766,-51.144840240478516,-1.8024945259094238,-35.75484085083008
1753295908.9260418,32.02516174316406,0.6923484802246094,-46.42998504638672,-44.410003662109375,-11.912348747253418,-60.96515655517578,25.422351837158203,-0.12515544891357422,-35.824832916259766,-51.144840240478516,-1.8024945259094238,-35.75484085083008
1753295908.9360316,32.02516174316406,0.6923484802246094,-46.42998504638672,-44.410003662109375,-11.912348747253418,-60.96515655517578,25.422351837158203,-0.12515544891357422,-35.824832916259766,-51.144840240478516,-1.8024945259094238,-35.75484085083008
1753295908.9460516,32.02516174316406,0.6923484802246094,-46.42998504638672,-44.410003662109375,-11.912348747253418,-60.96515655517578,25.422351837158203,-0.12515544891357422,-35.824832916259766,-51.144840240478516,-1.8024945259094238,-35.75484085083008
1753295908.9560642,32.02516174316406,0.6923484802246094,-46.42998504638672,-44.410003662109375,-11.912348747253418,-60.96515655517578,25.422351837158203,-0.12515544891357422,-35.824832916259766,-51.144840240478516,-1.8024945259094238,-35.75484085083008
1753295908.9660451,32.02516174316406,0.6923484802246094,-46.42998504638672,-44.410003662109375,-11.912348747253418,-60.96515655517578,25.422351837158203,-0.12515544891357422,-35.824832916259766,-51.144840240478516,-1.8024945259094238,-35.75484085083008
1753295908.9759905,32.02516174316406,0.6923484802246094,-46.42998504638672,-44.410003662109375,-11.912348747253418,-60.96515655517578,25.422351837158203,-0.12515544891357422,-35.824832916259766,-51.144840240478516,-1.8024945259094238,-35.75484085083008
1753295908.9860382,32.02516174316406,0.6923484802246094,-46.42998504638672,-44.410003662109375,-11.912348747253418,-60.96515655517578,25.422351837158203,-0.12515544891357422,-35.824832916259766,-51.144840240478516,-1.8024945259094238,-35.75484085083008
1753295908.9960492,32.02516174316406,0.6923484802246094,-46.42998504638672,-44.410003662109375,-11.912348747253418,-60.96515655517578,25.422351837158203,-0.12515544891357422,-35.824832916259766,-51.144840240478516,-1.8024945259094238,-35.75484085083008
1753295909.0061605,32.02516174316406,0.6923484802246094,-46.42998504638672,-44.410003662109375,-11.912348747253418,-60.96515655517578,25.422351837158203,-0.12515544891357422,-35.824832916259766,-51.144840240478516,-1.8024945259094238,-35.75484085083008
1753295909.0159936,32.02516174316406,0.6923484802246094,-46.42998504638672,-44.410003662109375,-11.912348747253418,-60.96515655517578,25.422351837158203,-0.12515544891357422,-35.824832916259766,-51.144840240478516,-1.8024945259094238,-35.75484085083008
1753295909.0260592,32.02516174316406,0.6923484802246094,-46.42998504638672,-44.410003662109375,-11.912348747253418,-60.96515655517578,25.422351837158203,-0.12515544891357422,-35.824832916259766,-51.144840240478516,-1.8024945259094238,-35.75484085083008
1753295909.0360746,32.02516174316406,0.6923484802246094,-46.42998504638672,-44.410003662109375,-11.912348747253418,-60.96515655517578,25.422351837158203,-0.12515544891357422,-35.824832916259766,-51.144840240478516,-1.8024945259094238,-35.75484085083008
1753295909.0460882,32.02516174316406,0.6923484802246094,-46.42998504638672,-44.410003662109375,-11.912348747253418,-60.96515655517578,25.422351837158203,-0.12515544891357422,-35.824832916259766,-51.144840240478516,-1.8024945259094238,-35.75484085083008
1753295909.0560176,32.02516174316406,0.6923484802246094,-46.42998504638672,-44.410003662109375,-11.912348747253418,-60.96515655517578,25.422351837158203,-0.12515544891357422,-35.824832916259766,-51.144840240478516,-1.8024945259094238,-35.75484085083008
1753295909.066015,32.02516174316406,0.6923484802246094,-46.42998504638672,-44.410003662109375,-11.912348747253418,-60.96515655517578,25.422351837158203,-0.12515544891357422,-35.824832916259766,-51.144840240478516,-1.8024945259094238,-35.75484085083008
1753295909.076051,32.02516174316406,0.6923484802246094,-46.42998504638672,-44.410003662109375,-11.912348747253418,-60.96515655517578,25.422351837158203,-0.12515544891357422,-35.824832916259766,-51.144840240478516,-1.8024945259094238,-35.75484085083008
1753295909.0860431,32.02516174316406,0.6923484802246094,-46.42998504638672,-44.410003662109375,-11.912348747253418,-60.96515655517578,25.422351837158203,-0.12515544891357422,-35.824832916259766,-51.144840240478516,-1.8024945259094238,-35.75484085083008
1753295909.0959685,32.02516174316406,0.6923484802246094,-46.42998504638672,-44.410003662109375,-11.912348747253418,-60.96515655517578,25.422351837158203,-0.12515544891357422,-35.824832916259766,-51.144840240478516,-1.8024945259094238,-35.75484085083008
1753295909.1060283,32.02516174316406,0.6923484802246094,-46.42998504638672,-44.410003662109375,-11.912348747253418,-60.96515655517578,25.422351837158203,-0.12515544891357422,-35.824832916259766,-51.144840240478516,-1.8024945259094238,-35.75484085083008
1753295909.1160219,32.02516174316406,0.6923484802246094,-46.42998504638672,-44.410003662109375,-11.912348747253418,-60.96515655517578,25.422351837158203,-0.12515544891357422,-35.824832916259766,-51.144840240478516,-1.8024945259094238,-35.75484085083008
1753295909.1260273,32.02516174316406,0.6923484802246094,-46.42998504638672,-44.410003662109375,-11.912348747253418,-60.96515655517578,25.422351837158203,-0.12515544891357422,-35.824832916259766,-51.144840240478516,-1.8024945259094238,-35.75484085083008
1753295909.1360059,32.02516174316406,0.6923484802246094,-46.42998504638672,-44.410003662109375,-11.912348747253418,-60.96515655517578,25.422351837158203,-0.12515544891357422,-35.824832916259766,-51.144840240478516,-1.8024945259094238,-35.75484085083008
1753295909.1460252,32.02516174316406,0.6923484802246094,-46.42998504638672,-44.410003662109375,-11.912348747253418,-60.96515655517578,25.422351837158203,-0.12515544891357422,-35.824832916259766,-51.144840240478516,-1.8024945259094238,-35.75484085083008
1753295909.1560237,32.02516174316406,0.6923484802246094,-46.42998504638672,-44.410003662109375,-11.912348747253418,-60.96515655517578,25.422351837158203,-0.12515544891357422,-35.824832916259766,-51.144840240478516,-1.8024945259094238,-35.75484085083008
1753295909.166013,32.02516174316406,0.6923484802246094,-46.42998504638672,-44.410003662109375,-11.912348747253418,-60.96515655517578,25.422351837158203,-0.12515544891357422,-35.824832916259766,-51.144840240478516,-1.8024945259094238,-35.75484085083008
1753295909.1760118,32.02516174316406,0.6923484802246094,-46.42998504638672,-44.410003662109375,-11.912348747253418,-60.96515655517578,25.422351837158203,-0.12515544891357422,-35.824832916259766,-51.144840240478516,-1.8024945259094238,-35.75484085083008
1753295909.1861186,32.02516174316406,0.6923484802246094,-46.42998504638672,-44.410003662109375,-11.912348747253418,-60.96515655517578,25.422351837158203,-0.12515544891357422,-35.824832916259766,-51.144840240478516,-1.8024945259094238,-35.75484085083008
1753295909.1960387,32.02516174316406,0.6923484802246094,-46.42998504638672,-44.410003662109375,-11.912348747253418,-60.96515655517578,25.422351837158203,-0.12515544891357422,-35.824832916259766,-51.144840240478516,-1.8024945259094238,-35.75484085083008
1753295909.2060788,32.02516174316406,0.6923484802246094,-46.42998504638672,-44.410003662109375,-11.912348747253418,-60.96515655517578,25.422351837158203,-0.12515544891357422,-35.824832916259766,-51.144840240478516,-1.8024945259094238,-35.75484085083008
1753295909.216034,32.02516174316406,0.6923484802246094,-46.42998504638672,-44.410003662109375,-11.912348747253418,-60.96515655517578,25.422351837158203,-0.12515544891357422,-35.824832916259766,-51.144840240478516,-1.8024945259094238,-35.75484085083008
1753295909.22602,32.02516174316406,0.6923484802246094,-46.42998504638672,-44.410003662109375,-11.912348747253418,-60.96515655517578,25.422351837158203,-0.12515544891357422,-35.824832916259766,-51.144840240478516,-1.8024945259094238,-35.75484085083008
1753295909.2360413,32.02516174316406,0.6923484802246094,-46.42998504638672,-44.410003662109375,-11.912348747253418,-60.96515655517578,25.422351837158203,-0.12515544891357422,-35.824832916259766,-51.144840240478516,-1.8024945259094238,-35.75484085083008
1753295909.2460468,32.02516174316406,0.6923484802246094,-46.42998504638672,-44.410003662109375,-11.912348747253418,-60.96515655517578,25.422351837158203,-0.12515544891357422,-35.824832916259766,-51.144840240478516,-1.8024945259094238,-35.75484085083008
1753295909.2560077,32.02516174316406,0.6923484802246094,-46.42998504638672,-44.410003662109375,-11.912348747253418,-60.96515655517578,25.422351837158203,-0.12515544891357422,-35.824832916259766,-51.144840240478516,-1.8024945259094238,-35.75484085083008
1753295909.266009,32.02516174316406,0.6923484802246094,-46.42998504638672,-44.410003662109375,-11.912348747253418,-60.96515655517578,25.422351837158203,-0.12515544891357422,-35.824832916259766,-51.144840240478516,-1.8024945259094238,-35.75484085083008
1753295909.2760112,32.02516174316406,0.6923484802246094,-46.42998504638672,-44.410003662109375,-11.912348747253418,-60.96515655517578,25.422351837158203,-0.12515544891357422,-35.824832916259766,-51.144840240478516,-1.8024945259094238,-35.75484085083008
1753295909.2860143,32.02516174316406,0.6923484802246094,-46.42998504638672,-44.410003662109375,-11.912348747253418,-60.96515655517578,25.422351837158203,-0.12515544891357422,-35.824832916259766,-51.144840240478516,-1.8024945259094238,-35.75484085083008
1753295909.2960074,32.02516174316406,0.6923484802246094,-46.42998504638672,-44.410003662109375,-11.912348747253418,-60.96515655517578,25.422351837158203,-0.12515544891357422,-35.824832916259766,-51.144840240478516,-1.8024945259094238,-35.75484085083008
1753295909.3060012,32.02516174316406,0.6923484802246094,-46.42998504638672,-44.410003662109375,-11.912348747253418,-60.96515655517578,25.422351837158203,-0.12515544891357422,-35.824832916259766,-51.144840240478516,-1.8024945259094238,-35.75484085083008
1753295909.3160012,32.02516174316406,0.6923484802246094,-46.42998504638672,-44.410003662109375,-11.912348747253418,-60.96515655517578,25.422351837158203,-0.12515544891357422,-35.824832916259766,-51.144840240478516,-1.8024945259094238,-35.75484085083008
1753295909.3260045,32.02516174316406,0.6923484802246094,-46.42998504638672,-44.410003662109375,-11.912348747253418,-60.96515655517578,25.422351837158203,-0.12515544891357422,-35.824832916259766,-51.144840240478516,-1.8024945259094238,-35.75484085083008
1753295909.336043,32.02516174316406,0.6923484802246094,-46.42998504638672,-44.410003662109375,-11.912348747253418,-60.96515655517578,25.422351837158203,-0.12515544891357422,-35.824832916259766,-51.144840240478516,-1.8024945259094238,-35.75484085083008
1753295909.3460665,32.02516174316406,0.6923484802246094,-46.42998504638672,-44.410003662109375,-11.912348747253418,-60.96515655517578,25.422351837158203,-0.12515544891357422,-35.824832916259766,-51.144840240478516,-1.8024945259094238,-35.75484085083008
1753295909.356057,32.02516174316406,0.6923484802246094,-46.42998504638672,-44.410003662109375,-11.912348747253418,-60.96515655517578,25.422351837158203,-0.12515544891357422,-35.824832916259766,-51.144840240478516,-1.8024945259094238,-35.75484085083008
1753295909.3660367,32.02516174316406,0.6923484802246094,-46.42998504638672,-44.410003662109375,-11.912348747253418,-60.96515655517578,25.422351837158203,-0.12515544891357422,-35.824832916259766,-51.144840240478516,-1.8024945259094238,-35.75484085083008
1753295909.3760438,32.02516174316406,0.6923484802246094,-46.42998504638672,-44.410003662109375,-11.912348747253418,-60.96515655517578,25.422351837158203,-0.12515544891357422,-35.824832916259766,-51.144840240478516,-1.8024945259094238,-35.75484085083008
1753295909.3860304,32.02516174316406,0.6923484802246094,-46.42998504638672,-44.410003662109375,-11.912348747253418,-60.96515655517578,25.422351837158203,-0.12515544891357422,-35.824832916259766,-51.144840240478516,-1.8024945259094238,-35.75484085083008
1753295909.3960357,32.02516174316406,0.6923484802246094,-46.42998504638672,-44.410003662109375,-11.912348747253418,-60.96515655517578,25.422351837158203,-0.12515544891357422,-35.824832916259766,-51.144840240478516,-1.8024945259094238,-35.75484085083008
1753295909.40604,32.02516174316406,0.6923484802246094,-46.42998504638672,-44.410003662109375,-11.912348747253418,-60.96515655517578,25.422351837158203,-0.12515544891357422,-35.824832916259766,-51.144840240478516,-1.8024945259094238,-35.75484085083008
1753295909.4160497,32.02516174316406,0.6923484802246094,-46.42998504638672,-44.410003662109375,-11.912348747253418,-60.96515655517578,25.422351837158203,-0.12515544891357422,-35.824832916259766,-51.144840240478516,-1.8024945259094238,-35.75484085083008
1753295909.426037,32.02516174316406,0.6923484802246094,-46.42998504638672,-44.410003662109375,-11.912348747253418,-60.96515655517578,25.422351837158203,-0.12515544891357422,-35.824832916259766,-51.144840240478516,-1.8024945259094238,-35.75484085083008
1753295909.436025,32.02516174316406,0.6923484802246094,-46.42998504638672,-44.410003662109375,-11.912348747253418,-60.96515655517578,25.422351837158203,-0.12515544891357422,-35.824832916259766,-51.144840240478516,-1.8024945259094238,-35.75484085083008
1753295909.4460137,32.02516174316406,0.6923484802246094,-46.42998504638672,-44.410003662109375,-11.912348747253418,-60.96515655517578,25.422351837158203,-0.12515544891357422,-35.824832916259766,-51.144840240478516,-1.8024945259094238,-35.75484085083008
1753295909.456036,32.02516174316406,0.6923484802246094,-46.42998504638672,-44.410003662109375,-11.912348747253418,-60.96515655517578,25.422351837158203,-0.12515544891357422,-35.824832916259766,-51.144840240478516,-1.8024945259094238,-35.75484085083008
1753295909.4661973,32.02516174316406,0.6923484802246094,-46.42998504638672,-44.410003662109375,-11.912348747253418,-60.96515655517578,25.422351837158203,-0.12515544891357422,-35.824832916259766,-51.144840240478516,-1.8024945259094238,-35.75484085083008
1753295909.476059,32.02516174316406,0.6923484802246094,-46.42998504638672,-44.410003662109375,-11.912348747253418,-60.96515655517578,25.422351837158203,-0.12515544891357422,-35.824832916259766,-51.144840240478516,-1.8024945259094238,-35.75484085083008
1753295909.4860525,32.02516174316406,0.6923484802246094,-46.42998504638672,-44.410003662109375,-11.912348747253418,-60.96515655517578,25.422351837158203,-0.12515544891357422,-35.824832916259766,-51.144840240478516,-1.8024945259094238,-35.75484085083008
1753295909.496048,32.02516174316406,0.6923484802246094,-46.42998504638672,-44.410003662109375,-11.912348747253418,-60.96515655517578,25.422351837158203,-0.12515544891357422,-35.824832916259766,-51.144840240478516,-1.8024945259094238,-35.75484085083008
1753295909.5060375,32.02516174316406,0.6923484802246094,-46.42998504638672,-44.410003662109375,-11.912348747253418,-60.96515655517578,25.422351837158203,-0.12515544891357422,-35.824832916259766,-51.144840240478516,-1.8024945259094238,-35.75484085083008
1753295909.5160372,32.02516174316406,0.6923484802246094,-46.42998504638672,-44.410003662109375,-11.912348747253418,-60.96515655517578,25.422351837158203,-0.12515544891357422,-35.824832916259766,-51.144840240478516,-1.8024945259094238,-35.75484085083008
1753295909.52603,32.02516174316406,0.6923484802246094,-46.42998504638672,-44.410003662109375,-11.912348747253418,-60.96515655517578,25.422351837158203,-0.12515544891357422,-35.824832916259766,-51.144840240478516,-1.8024945259094238,-35.75484085083008
1753295909.536042,32.02516174316406,0.6923484802246094,-46.42998504638672,-44.410003662109375,-11.912348747253418,-60.96515655517578,25.422351837158203,-0.12515544891357422,-35.824832916259766,-51.144840240478516,-1.8024945259094238,-35.75484085083008
1753295909.5460618,32.02516174316406,0.6923484802246094,-46.42998504638672,-44.410003662109375,-11.912348747253418,-60.96515655517578,25.422351837158203,-0.12515544891357422,-35.824832916259766,-51.144840240478516,-1.8024945259094238,-35.75484085083008
1753295909.5560482,32.02516174316406,0.6923484802246094,-46.42998504638672,-44.410003662109375,-11.912348747253418,-60.96515655517578,25.422351837158203,-0.12515544891357422,-35.824832916259766,-51.144840240478516,-1.8024945259094238,-35.75484085083008
1753295909.5660517,32.02516174316406,0.6923484802246094,-46.42998504638672,-44.410003662109375,-11.912348747253418,-60.96515655517578,25.422351837158203,-0.12515544891357422,-35.824832916259766,-51.144840240478516,-1.8024945259094238,-35.75484085083008
1753295909.5760489,32.02516174316406,0.6923484802246094,-46.42998504638672,-44.410003662109375,-11.912348747253418,-60.96515655517578,25.422351837158203,-0.12515544891357422,-35.824832916259766,-51.144840240478516,-1.8024945259094238,-35.75484085083008
1753295909.5860689,32.02516174316406,0.6923484802246094,-46.42998504638672,-44.410003662109375,-11.912348747253418,-60.96515655517578,25.422351837158203,-0.12515544891357422,-35.824832916259766,-51.144840240478516,-1.8024945259094238,-35.75484085083008
1753295909.5960376,32.02516174316406,0.6923484802246094,-46.42998504638672,-44.410003662109375,-11.912348747253418,-60.96515655517578,25.422351837158203,-0.12515544891357422,-35.824832916259766,-51.144840240478516,-1.8024945259094238,-35.75484085083008
1753295909.606036,32.02516174316406,0.6923484802246094,-46.42998504638672,-44.410003662109375,-11.912348747253418,-60.96515655517578,25.422351837158203,-0.12515544891357422,-35.824832916259766,-51.144840240478516,-1.8024945259094238,-35.75484085083008
1753295909.6160605,32.02516174316406,0.6923484802246094,-46.42998504638672,-44.410003662109375,-11.912348747253418,-60.96515655517578,25.422351837158203,-0.12515544891357422,-35.824832916259766,-51.144840240478516,-1.8024945259094238,-35.75484085083008
1753295909.626073,32.02516174316406,0.6923484802246094,-46.42998504638672,-44.410003662109375,-11.912348747253418,-60.96515655517578,25.422351837158203,-0.12515544891357422,-35.824832916259766,-51.144840240478516,-1.8024945259094238,-35.75484085083008
1753295909.6359365,32.02516174316406,0.6923484802246094,-46.42998504638672,-44.410003662109375,-11.912348747253418,-60.96515655517578,25.422351837158203,-0.12515544891357422,-35.824832916259766,-51.144840240478516,-1.8024945259094238,-35.75484085083008
1753295909.6460612,32.02516174316406,0.6923484802246094,-46.42998504638672,-44.410003662109375,-11.912348747253418,-60.96515655517578,25.422351837158203,-0.12515544891357422,-35.824832916259766,-51.144840240478516,-1.8024945259094238,-35.75484085083008
1753295909.6560256,32.02516174316406,0.6923484802246094,-46.42998504638672,-44.410003662109375,-11.912348747253418,-60.96515655517578,25.422351837158203,-0.12515544891357422,-35.824832916259766,-51.144840240478516,-1.8024945259094238,-35.75484085083008
1753295909.6660209,32.02516174316406,0.6923484802246094,-46.42998504638672,-44.410003662109375,-11.912348747253418,-60.96515655517578,25.422351837158203,-0.12515544891357422,-35.824832916259766,-51.144840240478516,-1.8024945259094238,-35.75484085083008
1753295909.6760175,32.02516174316406,0.6923484802246094,-46.42998504638672,-44.410003662109375,-11.912348747253418,-60.96515655517578,25.422351837158203,-0.12515544891357422,-35.824832916259766,-51.144840240478516,-1.8024945259094238,-35.75484085083008
1753295909.6860266,32.02516174316406,0.6923484802246094,-46.42998504638672,-44.410003662109375,-11.912348747253418,-60.96515655517578,25.422351837158203,-0.12515544891357422,-35.824832916259766,-51.144840240478516,-1.8024945259094238,-35.75484085083008
1753295909.6960187,32.02516174316406,0.6923484802246094,-46.42998504638672,-44.410003662109375,-11.912348747253418,-60.96515655517578,25.422351837158203,-0.12515544891357422,-35.824832916259766,-51.144840240478516,-1.8024945259094238,-35.75484085083008
1753295909.7060223,32.02516174316406,0.6923484802246094,-46.42998504638672,-44.410003662109375,-11.912348747253418,-60.96515655517578,25.422351837158203,-0.12515544891357422,-35.824832916259766,-51.144840240478516,-1.8024945259094238,-35.75484085083008
1753295909.7160132,32.02516174316406,0.6923484802246094,-46.42998504638672,-44.410003662109375,-11.912348747253418,-60.96515655517578,25.422351837158203,-0.12515544891357422,-35.824832916259766,-51.144840240478516,-1.8024945259094238,-35.75484085083008
1753295909.7260082,32.02516174316406,0.6923484802246094,-46.42998504638672,-44.410003662109375,-11.912348747253418,-60.96515655517578,25.422351837158203,-0.12515544891357422,-35.824832916259766,-51.144840240478516,-1.8024945259094238,-35.75484085083008
1753295909.7360137,32.02516174316406,0.6923484802246094,-46.42998504638672,-44.410003662109375,-11.912348747253418,-60.96515655517578,25.422351837158203,-0.12515544891357422,-35.824832916259766,-51.144840240478516,-1.8024945259094238,-35.75484085083008
1753295909.7460322,32.02516174316406,0.6923484802246094,-46.42998504638672,-44.410003662109375,-11.912348747253418,-60.96515655517578,25.422351837158203,-0.12515544891357422,-35.824832916259766,-51.144840240478516,-1.8024945259094238,-35.75484085083008
1753295909.7560272,32.02516174316406,0.6923484802246094,-46.42998504638672,-44.410003662109375,-11.912348747253418,-60.96515655517578,25.422351837158203,-0.12515544891357422,-35.824832916259766,-51.144840240478516,-1.8024945259094238,-35.75484085083008
1753295909.7660127,32.02516174316406,0.6923484802246094,-46.42998504638672,-44.410003662109375,-11.912348747253418,-60.96515655517578,25.422351837158203,-0.12515544891357422,-35.824832916259766,-51.144840240478516,-1.8024945259094238,-35.75484085083008
1753295909.776025,32.02516174316406,0.6923484802246094,-46.42998504638672,-44.410003662109375,-11.912348747253418,-60.96515655517578,25.422351837158203,-0.12515544891357422,-35.824832916259766,-51.144840240478516,-1.8024945259094238,-35.75484085083008
1753295909.786021,32.02516174316406,0.6923484802246094,-46.42998504638672,-44.410003662109375,-11.912348747253418,-60.96515655517578,25.422351837158203,-0.12515544891357422,-35.824832916259766,-51.144840240478516,-1.8024945259094238,-35.75484085083008
1753295909.796012,32.02516174316406,0.6923484802246094,-46.42998504638672,-44.410003662109375,-11.912348747253418,-60.96515655517578,25.422351837158203,-0.12515544891357422,-35.824832916259766,-51.144840240478516,-1.8024945259094238,-35.75484085083008
1753295909.8060167,32.02516174316406,0.6923484802246094,-46.42998504638672,-44.410003662109375,-11.912348747253418,-60.96515655517578,25.422351837158203,-0.12515544891357422,-35.824832916259766,-51.144840240478516,-1.8024945259094238,-35.75484085083008
1753295909.8160985,32.02516174316406,0.6923484802246094,-46.42998504638672,-44.410003662109375,-11.912348747253418,-60.96515655517578,25.422351837158203,-0.12515544891357422,-35.824832916259766,-51.144840240478516,-1.8024945259094238,-35.75484085083008
1753295909.826009,32.02516174316406,0.6923484802246094,-46.42998504638672,-44.410003662109375,-11.912348747253418,-60.96515655517578,25.422351837158203,-0.12515544891357422,-35.824832916259766,-51.144840240478516,-1.8024945259094238,-35.75484085083008
1753295909.8360121,32.02516174316406,0.6923484802246094,-46.42998504638672,-44.410003662109375,-11.912348747253418,-60.96515655517578,25.422351837158203,-0.12515544891357422,-35.824832916259766,-51.144840240478516,-1.8024945259094238,-35.75484085083008
1753295909.8460205,32.02516174316406,0.6923484802246094,-46.42998504638672,-44.410003662109375,-11.912348747253418,-60.96515655517578,25.422351837158203,-0.12515544891357422,-35.824832916259766,-51.144840240478516,-1.8024945259094238,-35.75484085083008
1753295909.8560092,32.02516174316406,0.6923484802246094,-46.42998504638672,-44.410003662109375,-11.912348747253418,-60.96515655517578,25.422351837158203,-0.12515544891357422,-35.824832916259766,-51.144840240478516,-1.8024945259094238,-35.75484085083008
1753295909.86603,32.02516174316406,0.6923484802246094,-46.42998504638672,-44.410003662109375,-11.912348747253418,-60.96515655517578,25.422351837158203,-0.12515544891357422,-35.824832916259766,-51.144840240478516,-1.8024945259094238,-35.75484085083008
1753295909.8760211,32.02516174316406,0.6923484802246094,-46.42998504638672,-44.410003662109375,-11.912348747253418,-60.96515655517578,25.422351837158203,-0.12515544891357422,-35.824832916259766,-51.144840240478516,-1.8024945259094238,-35.75484085083008
1753295909.8860226,32.02516174316406,0.6923484802246094,-46.42998504638672,-44.410003662109375,-11.912348747253418,-60.96515655517578,25.422351837158203,-0.12515544891357422,-35.824832916259766,-51.144840240478516,-1.8024945259094238,-35.75484085083008
1753295909.8960583,32.02516174316406,0.6923484802246094,-46.42998504638672,-44.410003662109375,-11.912348747253418,-60.96515655517578,25.422351837158203,-0.12515544891357422,-35.824832916259766,-51.144840240478516,-1.8024945259094238,-35.75484085083008
1753295909.9060328,32.02516174316406,0.6923484802246094,-46.42998504638672,-44.410003662109375,-11.912348747253418,-60.96515655517578,25.422351837158203,-0.12515544891357422,-35.824832916259766,-51.144840240478516,-1.8024945259094238,-35.75484085083008
1753295909.9160247,32.02516174316406,0.6923484802246094,-46.42998504638672,-44.410003662109375,-11.912348747253418,-60.96515655517578,25.422351837158203,-0.12515544891357422,-35.824832916259766,-51.144840240478516,-1.8024945259094238,-35.75484085083008
1753295909.9260283,32.02516174316406,0.6923484802246094,-46.42998504638672,-44.410003662109375,-11.912348747253418,-60.96515655517578,25.422351837158203,-0.12515544891357422,-35.824832916259766,-51.144840240478516,-1.8024945259094238,-35.75484085083008
1753295909.9360647,32.02516174316406,0.6923484802246094,-46.42998504638672,-44.410003662109375,-11.912348747253418,-60.96515655517578,25.422351837158203,-0.12515544891357422,-35.824832916259766,-51.144840240478516,-1.8024945259094238,-35.75484085083008
1753295909.9460578,32.02516174316406,0.6923484802246094,-46.42998504638672,-44.410003662109375,-11.912348747253418,-60.96515655517578,25.422351837158203,-0.12515544891357422,-35.824832916259766,-51.144840240478516,-1.8024945259094238,-35.75484085083008
1753295909.9560478,32.02516174316406,0.6923484802246094,-46.42998504638672,-44.410003662109375,-11.912348747253418,-60.96515655517578,25.422351837158203,-0.12515544891357422,-35.824832916259766,-51.144840240478516,-1.8024945259094238,-35.75484085083008
1753295909.9660618,32.02516174316406,0.6923484802246094,-46.42998504638672,-44.410003662109375,-11.912348747253418,-60.96515655517578,25.422351837158203,-0.12515544891357422,-35.824832916259766,-51.144840240478516,-1.8024945259094238,-35.75484085083008
1753295909.9760652,32.02516174316406,0.6923484802246094,-46.42998504638672,-44.410003662109375,-11.912348747253418,-60.96515655517578,25.422351837158203,-0.12515544891357422,-35.824832916259766,-51.144840240478516,-1.8024945259094238,-35.75484085083008
1753295909.9860125,32.02516174316406,0.6923484802246094,-46.42998504638672,-44.410003662109375,-11.912348747253418,-60.96515655517578,25.422351837158203,-0.12515544891357422,-35.824832916259766,-51.144840240478516,-1.8024945259094238,-35.75484085083008
1753295909.9960613,32.02516174316406,0.6923484802246094,-46.42998504638672,-44.410003662109375,-11.912348747253418,-60.96515655517578,25.422351837158203,-0.12515544891357422,-35.824832916259766,-51.144840240478516,-1.8024945259094238,-35.75484085083008
1753295910.0060246,32.02516174316406,0.6923484802246094,-46.42998504638672,-44.410003662109375,-11.912348747253418,-60.96515655517578,25.422351837158203,-0.12515544891357422,-35.824832916259766,-51.144840240478516,-1.8024945259094238,-35.75484085083008
1753295910.016016,32.02516174316406,0.6923484802246094,-46.42998504638672,-44.410003662109375,-11.912348747253418,-60.96515655517578,25.422351837158203,-0.12515544891357422,-35.824832916259766,-51.144840240478516,-1.8024945259094238,-35.75484085083008
1753295910.0260172,32.02516174316406,0.6923484802246094,-46.42998504638672,-44.410003662109375,-11.912348747253418,-60.96515655517578,25.422351837158203,-0.12515544891357422,-35.824832916259766,-51.144840240478516,-1.8024945259094238,-35.75484085083008
1753295910.0360858,32.02516174316406,0.6923484802246094,-46.42998504638672,-44.410003662109375,-11.912348747253418,-60.96515655517578,25.422351837158203,-0.12515544891357422,-35.824832916259766,-51.144840240478516,-1.8024945259094238,-35.75484085083008
1753295910.0460796,32.02516174316406,0.6923484802246094,-46.42998504638672,-44.410003662109375,-11.912348747253418,-60.96515655517578,25.422351837158203,-0.12515544891357422,-35.824832916259766,-51.144840240478516,-1.8024945259094238,-35.75484085083008
1753295910.0560002,32.02516174316406,0.6923484802246094,-46.42998504638672,-44.410003662109375,-11.912348747253418,-60.96515655517578,25.422351837158203,-0.12515544891357422,-35.824832916259766,-51.144840240478516,-1.8024945259094238,-35.75484085083008
1753295910.0662634,32.02516174316406,0.6923484802246094,-46.42998504638672,-44.410003662109375,-11.912348747253418,-60.96515655517578,25.422351837158203,-0.12515544891357422,-35.824832916259766,-51.144840240478516,-1.8024945259094238,-35.75484085083008
1753295910.0760334,32.02516174316406,0.6923484802246094,-46.42998504638672,-44.410003662109375,-11.912348747253418,-60.96515655517578,25.422351837158203,-0.12515544891357422,-35.824832916259766,-51.144840240478516,-1.8024945259094238,-35.75484085083008
1753295910.085993,32.02516174316406,0.6923484802246094,-46.42998504638672,-44.410003662109375,-11.912348747253418,-60.96515655517578,25.422351837158203,-0.12515544891357422,-35.824832916259766,-51.144840240478516,-1.8024945259094238,-35.75484085083008
1753295910.0960019,32.02516174316406,0.6923484802246094,-46.42998504638672,-44.410003662109375,-11.912348747253418,-60.96515655517578,25.422351837158203,-0.10999917984008789,-35.824832916259766,-51.144840240478516,-1.8024945259094238,-35.75484085083008
1753295910.106082,32.02516174316406,0.6923484802246094,-46.42998504638672,-44.410003662109375,-11.912348747253418,-60.96515655517578,25.422351837158203,-0.10999917984008789,-35.824832916259766,-51.144840240478516,-1.8024945259094238,-35.75484085083008
1753295910.1160963,32.02516174316406,0.6923484802246094,-46.42998504638672,-44.410003662109375,-11.912348747253418,-60.96515655517578,25.422351837158203,-0.10999917984008789,-35.824832916259766,-51.144840240478516,-1.8024945259094238,-35.75484085083008
1753295910.1260774,32.02516174316406,0.6923484802246094,-46.42998504638672,-44.410003662109375,-11.912348747253418,-60.96515655517578,25.422351837158203,-0.10999917984008789,-35.824832916259766,-51.144840240478516,-1.8024945259094238,-35.75484085083008
1753295910.1360445,32.02516174316406,0.6923484802246094,-46.42998504638672,-44.410003662109375,-11.912348747253418,-60.96515655517578,25.422351837158203,-0.10999917984008789,-35.824832916259766,-51.144840240478516,-1.8024945259094238,-35.75484085083008
1753295910.146045,32.02516174316406,0.6923484802246094,-46.42998504638672,-44.410003662109375,-11.912348747253418,-60.96515655517578,25.422351837158203,-0.10999917984008789,-35.824832916259766,-51.144840240478516,-1.8024945259094238,-35.75484085083008
1753295910.1559722,32.02516174316406,0.6923484802246094,-46.42998504638672,-44.410003662109375,-11.912348747253418,-60.96515655517578,25.422351837158203,-0.10999917984008789,-35.824832916259766,-51.144840240478516,-1.8024945259094238,-35.75484085083008
1753295910.1660542,32.02516174316406,0.6923484802246094,-46.42998504638672,-44.410003662109375,-11.912348747253418,-60.96515655517578,25.422351837158203,-0.10999917984008789,-35.824832916259766,-51.144840240478516,-1.8024945259094238,-35.75484085083008
1753295910.1760194,32.02516174316406,0.6923484802246094,-46.42998504638672,-44.410003662109375,-11.912348747253418,-60.96515655517578,25.422351837158203,-0.10999917984008789,-35.824832916259766,-51.144840240478516,-1.8024945259094238,-35.75484085083008
1753295910.1860175,32.02516174316406,0.6923484802246094,-46.42998504638672,-44.410003662109375,-11.912348747253418,-60.96515655517578,25.422351837158203,-0.10999917984008789,-35.824832916259766,-51.144840240478516,-1.8024945259094238,-35.75484085083008
1753295910.1960087,32.02516174316406,0.6923484802246094,-46.42998504638672,-44.410003662109375,-11.912348747253418,-60.96515655517578,25.422351837158203,-0.10999917984008789,-35.824832916259766,-51.144840240478516,-1.8024945259094238,-35.75484085083008
1753295910.205991,32.02516174316406,0.6923484802246094,-46.42998504638672,-44.410003662109375,-11.912348747253418,-60.96515655517578,25.422351837158203,-0.10999917984008789,-35.824832916259766,-51.144840240478516,-1.8024945259094238,-35.75484085083008
1753295910.2160356,32.02516174316406,0.6923484802246094,-46.42998504638672,-44.410003662109375,-11.912348747253418,-60.96515655517578,25.422351837158203,-0.10999917984008789,-35.824832916259766,-51.144840240478516,-1.8024945259094238,-35.75484085083008
1753295910.2260525,32.02516174316406,0.6923484802246094,-46.42998504638672,-44.410003662109375,-11.912348747253418,-60.96515655517578,25.422351837158203,-0.10999917984008789,-35.824832916259766,-51.144840240478516,-1.8024945259094238,-35.75484085083008
1753295910.236056,32.02516174316406,0.6923484802246094,-46.42998504638672,-44.410003662109375,-11.912348747253418,-60.96515655517578,25.422351837158203,-0.10999917984008789,-35.824832916259766,-51.144840240478516,-1.8024945259094238,-35.75484085083008
1753295910.2460494,32.02516174316406,0.6923484802246094,-46.42998504638672,-44.410003662109375,-11.912348747253418,-60.96515655517578,25.422351837158203,-0.10999917984008789,-35.824832916259766,-51.144840240478516,-1.8024945259094238,-35.75484085083008
1753295910.2561154,32.02516174316406,0.6923484802246094,-46.42998504638672,-44.410003662109375,-11.912348747253418,-60.96515655517578,25.422351837158203,-0.10999917984008789,-35.824832916259766,-51.144840240478516,-1.8024945259094238,-35.75484085083008
1753295910.2660482,32.02516174316406,0.6923484802246094,-46.42998504638672,-44.410003662109375,-11.912348747253418,-60.96515655517578,25.422351837158203,-0.10999917984008789,-35.824832916259766,-51.144840240478516,-1.8024945259094238,-35.75484085083008
1753295910.276025,32.02516174316406,0.6923484802246094,-46.42998504638672,-44.410003662109375,-11.912348747253418,-60.96515655517578,25.422351837158203,-0.10999917984008789,-35.824832916259766,-51.144840240478516,-1.8024945259094238,-35.75484085083008
1753295910.2860448,32.02516174316406,0.6923484802246094,-46.42998504638672,-44.410003662109375,-11.912348747253418,-60.96515655517578,25.422351837158203,-0.10999917984008789,-35.824832916259766,-51.144840240478516,-1.8024945259094238,-35.75484085083008
1753295910.2960172,32.02516174316406,0.6923484802246094,-46.42998504638672,-44.410003662109375,-11.912348747253418,-60.96515655517578,25.422351837158203,-0.10999917984008789,-35.824832916259766,-51.144840240478516,-1.8024945259094238,-35.75484085083008
1753295910.3060384,32.02516174316406,0.6923484802246094,-46.42998504638672,-44.410003662109375,-11.912348747253418,-60.96515655517578,25.422351837158203,-0.10999917984008789,-35.824832916259766,-51.144840240478516,-1.8024945259094238,-35.75484085083008
1753295910.3160467,32.02516174316406,0.6923484802246094,-46.42998504638672,-44.410003662109375,-11.912348747253418,-60.96515655517578,25.422351837158203,-0.10999917984008789,-35.824832916259766,-51.144840240478516,-1.8024945259094238,-35.75484085083008
1753295910.3260403,32.02516174316406,0.6923484802246094,-46.42998504638672,-44.410003662109375,-11.912348747253418,-60.96515655517578,25.422351837158203,-0.10999917984008789,-35.824832916259766,-51.144840240478516,-1.8024945259094238,-35.75484085083008
1753295910.3360271,32.02516174316406,0.6923484802246094,-46.42998504638672,-44.410003662109375,-11.912348747253418,-60.96515655517578,25.422351837158203,-0.10999917984008789,-35.824832916259766,-51.144840240478516,-1.8024945259094238,-35.75484085083008
1753295910.3460052,32.02516174316406,0.6923484802246094,-46.42998504638672,-44.410003662109375,-11.912348747253418,-60.96515655517578,25.422351837158203,-0.10999917984008789,-35.824832916259766,-51.144840240478516,-1.8024945259094238,-35.75484085083008
1753295910.35601,32.02516174316406,0.6923484802246094,-46.42998504638672,-44.410003662109375,-11.912348747253418,-60.96515655517578,25.422351837158203,-0.10999917984008789,-35.824832916259766,-51.144840240478516,-1.8024945259094238,-35.75484085083008
1753295910.366038,32.02516174316406,0.6923484802246094,-46.42998504638672,-44.410003662109375,-11.912348747253418,-60.96515655517578,25.422351837158203,-0.10999917984008789,-35.824832916259766,-51.144840240478516,-1.8024945259094238,-35.75484085083008
1753295910.3760343,32.02516174316406,0.6923484802246094,-46.42998504638672,-44.410003662109375,-11.912348747253418,-60.96515655517578,25.422351837158203,-0.10999917984008789,-35.824832916259766,-51.144840240478516,-1.8024945259094238,-35.75484085083008
1753295910.3859813,32.02516174316406,0.6923484802246094,-46.42998504638672,-44.410003662109375,-11.912348747253418,-60.96515655517578,25.422351837158203,-0.10999917984008789,-35.824832916259766,-51.144840240478516,-1.8024945259094238,-35.75484085083008
1753295910.396046,32.02516174316406,0.6923484802246094,-46.42998504638672,-44.410003662109375,-11.912348747253418,-60.96515655517578,25.422351837158203,-0.10999917984008789,-35.824832916259766,-51.144840240478516,-1.8024945259094238,-35.75484085083008
1753295910.4060814,32.02516174316406,0.6923484802246094,-46.42998504638672,-44.410003662109375,-11.912348747253418,-60.96515655517578,25.422351837158203,-0.10999917984008789,-35.824832916259766,-51.144840240478516,-1.8024945259094238,-35.75484085083008
1753295910.416038,32.02516174316406,0.6923484802246094,-46.42998504638672,-44.410003662109375,-11.912348747253418,-60.96515655517578,25.422351837158203,-0.10999917984008789,-35.824832916259766,-51.144840240478516,-1.8024945259094238,-35.75484085083008
1753295910.4261103,32.02516174316406,0.6923484802246094,-46.42998504638672,-44.410003662109375,-11.912348747253418,-60.96515655517578,25.422351837158203,-0.10999917984008789,-35.824832916259766,-51.144840240478516,-1.8024945259094238,-35.75484085083008
1753295910.4360657,32.02516174316406,0.6923484802246094,-46.42998504638672,-44.410003662109375,-11.912348747253418,-60.96515655517578,25.422351837158203,-0.10999917984008789,-35.824832916259766,-51.144840240478516,-1.8024945259094238,-35.75484085083008
1753295910.446105,32.02516174316406,0.6923484802246094,-46.42998504638672,-44.410003662109375,-11.912348747253418,-60.96515655517578,25.422351837158203,-0.10999917984008789,-35.824832916259766,-51.144840240478516,-1.8024945259094238,-35.75484085083008
1753295910.4560704,32.02516174316406,0.6923484802246094,-46.42998504638672,-44.410003662109375,-11.912348747253418,-60.96515655517578,25.422351837158203,-0.10999917984008789,-35.824832916259766,-51.144840240478516,-1.8024945259094238,-35.75484085083008
1753295910.4660532,32.02516174316406,0.6923484802246094,-46.42998504638672,-44.410003662109375,-11.912348747253418,-60.96515655517578,25.422351837158203,-0.10999917984008789,-35.824832916259766,-51.144840240478516,-1.8024945259094238,-35.75484085083008
1753295910.4760284,32.02516174316406,0.6923484802246094,-46.42998504638672,-44.410003662109375,-11.912348747253418,-60.96515655517578,25.422351837158203,-0.10999917984008789,-35.824832916259766,-51.144840240478516,-1.8024945259094238,-35.75484085083008
1753295910.4860346,32.02516174316406,0.6923484802246094,-46.42998504638672,-44.410003662109375,-11.912348747253418,-60.96515655517578,25.422351837158203,-0.10999917984008789,-35.824832916259766,-51.144840240478516,-1.8024945259094238,-35.75484085083008
1753295910.4960551,32.02516174316406,0.6923484802246094,-46.42998504638672,-44.410003662109375,-11.912348747253418,-60.96515655517578,25.422351837158203,-0.10999917984008789,-35.824832916259766,-51.144840240478516,-1.8024945259094238,-35.75484085083008
1753295910.5060728,32.02516174316406,0.6923484802246094,-46.42998504638672,-44.410003662109375,-11.912348747253418,-60.96515655517578,25.422351837158203,-0.10999917984008789,-35.824832916259766,-51.144840240478516,-1.8024945259094238,-35.75484085083008
1753295910.5160356,32.02516174316406,0.6923484802246094,-46.42998504638672,-44.410003662109375,-11.912348747253418,-60.96515655517578,25.422351837158203,-0.10999917984008789,-35.824832916259766,-51.144840240478516,-1.8024945259094238,-35.75484085083008
1753295910.5260322,32.02516174316406,0.6923484802246094,-46.42998504638672,-44.410003662109375,-11.912348747253418,-60.96515655517578,25.422351837158203,-0.10999917984008789,-35.824832916259766,-51.144840240478516,-1.8024945259094238,-35.75484085083008
1753295910.5360227,32.02516174316406,0.6923484802246094,-46.42998504638672,-44.410003662109375,-11.912348747253418,-60.96515655517578,25.422351837158203,-0.10999917984008789,-35.824832916259766,-51.144840240478516,-1.8024945259094238,-35.75484085083008
1753295910.5460787,32.02516174316406,0.6923484802246094,-46.42998504638672,-44.410003662109375,-11.912348747253418,-60.96515655517578,25.422351837158203,-0.10999917984008789,-35.824832916259766,-51.144840240478516,-1.8024945259094238,-35.75484085083008
1753295910.5560448,32.02516174316406,0.6923484802246094,-46.42998504638672,-44.410003662109375,-11.912348747253418,-60.96515655517578,25.422351837158203,-0.10999917984008789,-35.824832916259766,-51.144840240478516,-1.8024945259094238,-35.75484085083008
1753295910.5660648,32.02516174316406,0.6923484802246094,-46.42998504638672,-44.410003662109375,-11.912348747253418,-60.96515655517578,25.422351837158203,-0.10999917984008789,-35.824832916259766,-51.144840240478516,-1.8024945259094238,-35.75484085083008
1753295910.576085,32.02516174316406,0.6923484802246094,-46.42998504638672,-44.410003662109375,-11.912348747253418,-60.96515655517578,25.422351837158203,-0.10999917984008789,-35.824832916259766,-51.144840240478516,-1.8024945259094238,-35.75484085083008
1753295910.5860407,32.02516174316406,0.6923484802246094,-46.42998504638672,-44.410003662109375,-11.912348747253418,-60.96515655517578,25.422351837158203,-0.10999917984008789,-35.824832916259766,-51.144840240478516,-1.8024945259094238,-35.75484085083008
1753295910.596114,32.02516174316406,0.6923484802246094,-46.42998504638672,-44.410003662109375,-11.912348747253418,-60.96515655517578,25.422351837158203,-0.10999917984008789,-35.824832916259766,-51.144840240478516,-1.8024945259094238,-35.75484085083008
1753295910.6060634,32.02516174316406,0.6923484802246094,-46.42998504638672,-44.410003662109375,-11.912348747253418,-60.96515655517578,25.422351837158203,-0.10999917984008789,-35.824832916259766,-51.144840240478516,-1.8024945259094238,-35.75484085083008
1753295910.6161256,32.02516174316406,0.6923484802246094,-46.42998504638672,-44.410003662109375,-11.912348747253418,-60.96515655517578,25.422351837158203,-0.10999917984008789,-35.824832916259766,-51.144840240478516,-1.8024945259094238,-35.75484085083008
1753295910.6261044,32.02516174316406,0.6923484802246094,-46.42998504638672,-44.410003662109375,-11.912348747253418,-60.96515655517578,25.422351837158203,-0.10999917984008789,-35.824832916259766,-51.144840240478516,-1.8024945259094238,-35.75484085083008
1753295910.6360607,32.02516174316406,0.6923484802246094,-46.42998504638672,-44.410003662109375,-11.912348747253418,-60.96515655517578,25.422351837158203,-0.10999917984008789,-35.824832916259766,-51.144840240478516,-1.8024945259094238,-35.75484085083008
1753295910.6460626,32.02516174316406,0.6923484802246094,-46.42998504638672,-44.410003662109375,-11.912348747253418,-60.96515655517578,25.422351837158203,-0.10999917984008789,-35.824832916259766,-51.144840240478516,-1.8024945259094238,-35.75484085083008
1753295910.656122,32.02516174316406,0.6923484802246094,-46.42998504638672,-44.410003662109375,-11.912348747253418,-60.96515655517578,25.422351837158203,-0.10999917984008789,-35.824832916259766,-51.144840240478516,-1.8024945259094238,-35.75484085083008
1753295910.6661026,32.02516174316406,0.6923484802246094,-46.42998504638672,-44.410003662109375,-11.912348747253418,-60.96515655517578,25.422351837158203,-0.10999917984008789,-35.824832916259766,-51.144840240478516,-1.8024945259094238,-35.75484085083008
1753295910.6761053,32.02516174316406,0.6923484802246094,-46.42998504638672,-44.410003662109375,-11.912348747253418,-60.96515655517578,25.422351837158203,-0.10999917984008789,-35.824832916259766,-51.144840240478516,-1.8024945259094238,-35.75484085083008
1753295910.6860864,32.02516174316406,0.6923484802246094,-46.42998504638672,-44.410003662109375,-11.912348747253418,-60.96515655517578,25.422351837158203,-0.10999917984008789,-35.824832916259766,-51.144840240478516,-1.8024945259094238,-35.75484085083008
1753295910.6961107,32.02516174316406,0.6923484802246094,-46.42998504638672,-44.410003662109375,-11.912348747253418,-60.96515655517578,25.422351837158203,-0.10999917984008789,-35.824832916259766,-51.144840240478516,-1.8024945259094238,-35.75484085083008
1753295910.706088,32.02516174316406,0.6923484802246094,-46.42998504638672,-44.410003662109375,-11.912348747253418,-60.96515655517578,25.422351837158203,-0.10999917984008789,-35.824832916259766,-51.144840240478516,-1.8024945259094238,-35.75484085083008
1753295910.716109,32.02516174316406,0.6923484802246094,-46.42998504638672,-44.410003662109375,-11.912348747253418,-60.96515655517578,25.422351837158203,-0.10999917984008789,-35.824832916259766,-51.144840240478516,-1.8024945259094238,-35.75484085083008
1753295910.726087,32.02516174316406,0.6923484802246094,-46.42998504638672,-44.410003662109375,-11.912348747253418,-60.96515655517578,25.422351837158203,-0.10999917984008789,-35.824832916259766,-51.144840240478516,-1.8024945259094238,-35.75484085083008
1753295910.7360625,32.02516174316406,0.6923484802246094,-46.42998504638672,-44.410003662109375,-11.912348747253418,-60.96515655517578,25.422351837158203,-0.10999917984008789,-35.824832916259766,-51.144840240478516,-1.8024945259094238,-35.75484085083008
1753295910.7460823,32.02516174316406,0.6923484802246094,-46.42998504638672,-44.410003662109375,-11.912348747253418,-60.96515655517578,25.422351837158203,-0.10999917984008789,-35.824832916259766,-51.144840240478516,-1.8024945259094238,-35.75484085083008
1753295910.756069,32.02516174316406,0.6923484802246094,-46.42998504638672,-44.410003662109375,-11.912348747253418,-60.96515655517578,25.422351837158203,-0.10999917984008789,-35.824832916259766,-51.144840240478516,-1.8024945259094238,-35.75484085083008
1753295910.7660463,32.02516174316406,0.6923484802246094,-46.42998504638672,-44.410003662109375,-11.912348747253418,-60.96515655517578,25.422351837158203,-0.10999917984008789,-35.824832916259766,-51.144840240478516,-1.8024945259094238,-35.75484085083008
1753295910.7760775,32.02516174316406,0.6923484802246094,-46.42998504638672,-44.410003662109375,-11.912348747253418,-60.96515655517578,25.422351837158203,-0.10999917984008789,-35.824832916259766,-51.144840240478516,-1.8024945259094238,-35.75484085083008
1753295910.786061,32.02516174316406,0.6923484802246094,-46.42998504638672,-44.410003662109375,-11.912348747253418,-60.96515655517578,25.422351837158203,-0.10999917984008789,-35.824832916259766,-51.144840240478516,-1.8024945259094238,-35.75484085083008
1753295910.7960591,32.02516174316406,0.6923484802246094,-46.42998504638672,-44.410003662109375,-11.912348747253418,-60.96515655517578,25.422351837158203,-0.10999917984008789,-35.824832916259766,-51.144840240478516,-1.8024945259094238,-35.75484085083008
1753295910.8060784,32.02516174316406,0.6923484802246094,-46.42998504638672,-44.410003662109375,-11.912348747253418,-60.96515655517578,25.422351837158203,-0.10999917984008789,-35.824832916259766,-51.144840240478516,-1.8024945259094238,-35.75484085083008
1753295910.8160357,32.02516174316406,0.6923484802246094,-46.42998504638672,-44.410003662109375,-11.912348747253418,-60.96515655517578,25.422351837158203,-0.10999917984008789,-35.824832916259766,-51.144840240478516,-1.8024945259094238,-35.75484085083008
1753295910.8260505,32.02516174316406,0.6923484802246094,-46.42998504638672,-44.410003662109375,-11.912348747253418,-60.96515655517578,25.422351837158203,-0.10999917984008789,-35.824832916259766,-51.144840240478516,-1.8024945259094238,-35.75484085083008
1753295910.8360732,32.02516174316406,0.6923484802246094,-46.42998504638672,-44.410003662109375,-11.912348747253418,-60.96515655517578,25.422351837158203,-0.10999917984008789,-35.824832916259766,-51.144840240478516,-1.8024945259094238,-35.75484085083008
1753295910.8460693,32.02516174316406,0.6923484802246094,-46.42998504638672,-44.410003662109375,-11.912348747253418,-60.96515655517578,25.422351837158203,-0.10999917984008789,-35.824832916259766,-51.144840240478516,-1.8024945259094238,-35.75484085083008
1753295910.8560534,32.02516174316406,0.6923484802246094,-46.42998504638672,-44.410003662109375,-11.912348747253418,-60.96515655517578,25.422351837158203,-0.10999917984008789,-35.824832916259766,-51.144840240478516,-1.8024945259094238,-35.75484085083008
1753295910.8660622,32.02516174316406,0.6923484802246094,-46.42998504638672,-44.410003662109375,-11.912348747253418,-60.96515655517578,25.422351837158203,-0.10999917984008789,-35.824832916259766,-51.144840240478516,-1.8024945259094238,-35.75484085083008
1753295910.876246,32.02516174316406,0.6923484802246094,-46.42998504638672,-44.410003662109375,-11.912348747253418,-60.96515655517578,25.422351837158203,-0.10999917984008789,-35.824832916259766,-51.144840240478516,-1.8024945259094238,-35.75484085083008
1753295910.886048,32.02516174316406,0.6923484802246094,-46.42998504638672,-44.410003662109375,-11.912348747253418,-60.96515655517578,25.422351837158203,-0.10999917984008789,-35.824832916259766,-51.144840240478516,-1.8024945259094238,-35.75484085083008
1753295910.8960686,32.02516174316406,0.6923484802246094,-46.42998504638672,-44.410003662109375,-11.912348747253418,-60.96515655517578,25.422351837158203,-0.10999917984008789,-35.824832916259766,-51.144840240478516,-1.8024945259094238,-35.75484085083008
1753295910.906048,32.02516174316406,0.6923484802246094,-46.42998504638672,-44.410003662109375,-11.912348747253418,-60.96515655517578,25.422351837158203,-0.10999917984008789,-35.824832916259766,-51.144840240478516,-1.8024945259094238,-35.75484085083008
1753295910.9160514,32.02516174316406,0.6923484802246094,-46.42998504638672,-44.410003662109375,-11.912348747253418,-60.96515655517578,25.422351837158203,-0.10999917984008789,-35.824832916259766,-51.144840240478516,-1.8024945259094238,-35.75484085083008
1753295910.9260457,32.02516174316406,0.6923484802246094,-46.42998504638672,-44.410003662109375,-11.912348747253418,-60.96515655517578,25.422351837158203,-0.10999917984008789,-35.824832916259766,-51.144840240478516,-1.8024945259094238,-35.75484085083008
1753295910.935961,32.02516174316406,0.6923484802246094,-46.42998504638672,-44.410003662109375,-11.912348747253418,-60.96515655517578,25.422351837158203,-0.10999917984008789,-35.824832916259766,-51.144840240478516,-1.8024945259094238,-35.75484085083008
1753295910.9460719,32.02516174316406,0.6923484802246094,-46.42998504638672,-44.410003662109375,-11.912348747253418,-60.96515655517578,25.422351837158203,-0.10999917984008789,-35.824832916259766,-51.144840240478516,-1.8024945259094238,-35.75484085083008
1753295910.9560664,32.02516174316406,0.6923484802246094,-46.42998504638672,-44.410003662109375,-11.912348747253418,-60.96515655517578,25.422351837158203,-0.10999917984008789,-35.824832916259766,-51.144840240478516,-1.8024945259094238,-35.75484085083008
1753295910.966088,32.02516174316406,0.6923484802246094,-46.42998504638672,-44.410003662109375,-11.912348747253418,-60.96515655517578,25.422351837158203,-0.10999917984008789,-35.824832916259766,-51.144840240478516,-1.8024945259094238,-35.75484085083008
1753295910.9760678,32.02516174316406,0.6923484802246094,-46.42998504638672,-44.410003662109375,-11.912348747253418,-60.96515655517578,25.422351837158203,-0.10999917984008789,-35.824832916259766,-51.144840240478516,-1.8024945259094238,-35.75484085083008
1753295910.9860268,32.02516174316406,0.6923484802246094,-46.42998504638672,-44.410003662109375,-11.912348747253418,-60.96515655517578,25.422351837158203,-0.10999917984008789,-35.824832916259766,-51.144840240478516,-1.8024945259094238,-35.75484085083008
1753295910.9960654,32.02516174316406,0.6923484802246094,-46.42998504638672,-44.410003662109375,-11.912348747253418,-60.96515655517578,25.422351837158203,-0.10999917984008789,-35.824832916259766,-51.144840240478516,-1.8024945259094238,-35.75484085083008
1753295911.0060866,32.02516174316406,0.6923484802246094,-46.42998504638672,-44.410003662109375,-11.912348747253418,-60.96515655517578,25.422351837158203,-0.10999917984008789,-35.824832916259766,-51.144840240478516,-1.8024945259094238,-35.75484085083008
1753295911.016091,32.02516174316406,0.6923484802246094,-46.42998504638672,-44.410003662109375,-11.912348747253418,-60.96515655517578,25.422351837158203,-0.10999917984008789,-35.824832916259766,-51.144840240478516,-1.8024945259094238,-35.75484085083008
1753295911.026031,32.02516174316406,0.6923484802246094,-46.42998504638672,-44.410003662109375,-11.912348747253418,-60.96515655517578,25.422351837158203,-0.10999917984008789,-35.824832916259766,-51.144840240478516,-1.8024945259094238,-35.75484085083008
1753295911.0360367,32.02516174316406,0.6923484802246094,-46.42998504638672,-44.410003662109375,-11.912348747253418,-60.96515655517578,25.422351837158203,-0.10999917984008789,-35.824832916259766,-51.144840240478516,-1.8024945259094238,-35.75484085083008
1753295911.0461671,32.02516174316406,0.6923484802246094,-46.42998504638672,-44.410003662109375,-11.912348747253418,-60.96515655517578,25.422351837158203,-0.10999917984008789,-35.824832916259766,-51.144840240478516,-1.8024945259094238,-35.75484085083008
1753295911.0560994,32.02516174316406,0.6923484802246094,-46.42998504638672,-44.410003662109375,-11.912348747253418,-60.96515655517578,25.422351837158203,-0.10999917984008789,-35.824832916259766,-51.144840240478516,-1.8024945259094238,-35.75484085083008
1753295911.066083,32.02516174316406,0.6923484802246094,-46.42998504638672,-44.410003662109375,-11.912348747253418,-60.96515655517578,25.422351837158203,-0.10999917984008789,-35.824832916259766,-51.144840240478516,-1.8024945259094238,-35.75484085083008
1753295911.0760748,32.02516174316406,0.6923484802246094,-46.42998504638672,-44.410003662109375,-11.912348747253418,-60.96515655517578,25.422351837158203,-0.10999917984008789,-35.824832916259766,-51.144840240478516,-1.8024945259094238,-35.75484085083008
1753295911.08606,32.02516174316406,0.6923484802246094,-46.42998504638672,-44.410003662109375,-11.912348747253418,-60.96515655517578,25.422351837158203,-0.10999917984008789,-35.824832916259766,-51.144840240478516,-1.8024945259094238,-35.75484085083008
1753295911.0960855,32.02516174316406,0.6923484802246094,-46.42998504638672,-44.410003662109375,-11.912348747253418,-60.96515655517578,25.422351837158203,-0.10999917984008789,-35.824832916259766,-51.144840240478516,-1.8024945259094238,-35.75484085083008
1753295911.106084,32.02516174316406,0.6923484802246094,-46.42998504638672,-44.410003662109375,-11.912348747253418,-60.96515655517578,25.422351837158203,-0.10999917984008789,-35.824832916259766,-51.144840240478516,-1.8024945259094238,-35.75484085083008
1753295911.116081,32.02516174316406,0.6923484802246094,-46.42998504638672,-44.410003662109375,-11.912348747253418,-60.96515655517578,25.422351837158203,-0.10999917984008789,-35.824832916259766,-51.144840240478516,-1.8024945259094238,-35.75484085083008
1753295911.1260793,32.02516174316406,0.6923484802246094,-46.42998504638672,-44.410003662109375,-11.912348747253418,-60.96515655517578,25.422351837158203,-0.10999917984008789,-35.824832916259766,-51.144840240478516,-1.8024945259094238,-35.75484085083008
1753295911.136086,32.02516174316406,0.6923484802246094,-46.42998504638672,-44.410003662109375,-11.912348747253418,-60.96515655517578,25.422351837158203,-0.10999917984008789,-35.824832916259766,-51.144840240478516,-1.8024945259094238,-35.75484085083008
1753295911.146077,32.02516174316406,0.6923484802246094,-46.42998504638672,-44.410003662109375,-11.912348747253418,-60.96515655517578,25.422351837158203,-0.10999917984008789,-35.824832916259766,-51.144840240478516,-1.8024945259094238,-35.75484085083008
1753295911.1560774,32.02516174316406,0.6923484802246094,-46.42998504638672,-44.410003662109375,-11.912348747253418,-60.96515655517578,25.422351837158203,-0.10999917984008789,-35.824832916259766,-51.144840240478516,-1.8024945259094238,-35.75484085083008
1753295911.1660855,32.02516174316406,0.6923484802246094,-46.42998504638672,-44.410003662109375,-11.912348747253418,-60.96515655517578,25.422351837158203,-0.10999917984008789,-35.824832916259766,-51.144840240478516,-1.8024945259094238,-35.75484085083008
1753295911.176132,32.02516174316406,0.6923484802246094,-46.42998504638672,-44.410003662109375,-11.912348747253418,-60.96515655517578,25.422351837158203,-0.10999917984008789,-35.824832916259766,-51.144840240478516,-1.8024945259094238,-35.75484085083008
1753295911.1860597,32.02516174316406,0.6923484802246094,-46.42998504638672,-44.410003662109375,-11.912348747253418,-60.96515655517578,25.422351837158203,-0.10999917984008789,-35.824832916259766,-51.144840240478516,-1.8024945259094238,-35.75484085083008
1753295911.1960928,32.02516174316406,0.6923484802246094,-46.42998504638672,-44.410003662109375,-11.912348747253418,-60.96515655517578,25.422351837158203,-0.10999917984008789,-35.824832916259766,-51.144840240478516,-1.8024945259094238,-35.75484085083008
1753295911.2061057,32.02516174316406,0.6923484802246094,-46.42998504638672,-44.410003662109375,-11.912348747253418,-60.96515655517578,25.422351837158203,-0.10999917984008789,-35.824832916259766,-51.144840240478516,-1.8024945259094238,-35.75484085083008
1753295911.2160788,32.02516174316406,0.6923484802246094,-46.42998504638672,-44.410003662109375,-11.912348747253418,-60.96515655517578,25.422351837158203,-0.10999917984008789,-35.824832916259766,-51.144840240478516,-1.8024945259094238,-35.75484085083008
1753295911.22607,32.02516174316406,0.6923484802246094,-46.42998504638672,-44.410003662109375,-11.912348747253418,-60.96515655517578,25.422351837158203,-0.10999917984008789,-35.824832916259766,-51.144840240478516,-1.8024945259094238,-35.75484085083008
1753295911.2360797,32.02516174316406,0.6923484802246094,-46.42998504638672,-44.410003662109375,-11.912348747253418,-60.96515655517578,25.422351837158203,-0.10999917984008789,-35.824832916259766,-51.144840240478516,-1.8024945259094238,-35.75484085083008
1753295911.2461116,32.02516174316406,0.6923484802246094,-46.42998504638672,-44.410003662109375,-11.912348747253418,-60.96515655517578,25.422351837158203,-0.10999917984008789,-35.824832916259766,-51.144840240478516,-1.8024945259094238,-35.75484085083008
1753295911.256088,32.02516174316406,0.6923484802246094,-46.42998504638672,-44.410003662109375,-11.912348747253418,-60.96515655517578,25.422351837158203,-0.10999917984008789,-35.824832916259766,-51.144840240478516,-1.8024945259094238,-35.75484085083008
1753295911.2660959,32.02516174316406,0.6923484802246094,-46.42998504638672,-44.410003662109375,-11.912348747253418,-60.96515655517578,25.422351837158203,-0.10999917984008789,-35.824832916259766,-51.144840240478516,-1.8024945259094238,-35.75484085083008
1753295911.276094,32.02516174316406,0.6923484802246094,-46.42998504638672,-44.410003662109375,-11.912348747253418,-60.96515655517578,25.422351837158203,-0.10999917984008789,-35.824832916259766,-51.144840240478516,-1.8024945259094238,-35.75484085083008
1753295911.2860656,32.02516174316406,0.6923484802246094,-46.42998504638672,-44.410003662109375,-11.912348747253418,-60.96515655517578,25.422351837158203,-0.10999917984008789,-35.824832916259766,-51.144840240478516,-1.8024945259094238,-35.75484085083008
