time_start,flshoulder,flarm,flfoot,frshoulder,frarm,frfoot,blshoulder,blarm,blfoot,brshoulder,brarm,brfoot
1753295889.6055975,-0.0,0.0,0.0,-0.0,-0.0,-0.0,0.0,0.0,0.0,0.0,-0.0,-0.0
1753295889.6155689,-0.0,0.0,0.0,-0.0,-0.0,-0.0,0.0,0.0,0.0,0.0,-0.0,-0.0
1753295889.6255689,-0.0,0.0,0.0,-0.0,-0.0,-0.0,0.0,0.0,0.0,0.0,-0.0,-0.0
1753295889.635586,-0.0,0.0,0.0,-0.0,-0.0,-0.0,0.0,0.0,0.0,0.0,-0.0,-0.0
1753295889.6455564,-0.0,0.0,0.0,-0.0,-0.0,-0.0,0.0,0.0,0.0,0.0,-0.0,-0.0
1753295889.6555753,-0.0,0.0,0.0,-0.0,-0.0,-0.0,0.0,0.0,0.0,0.0,-0.0,-0.0
1753295889.665578,-0.0,0.0,0.0,-0.0,-0.0,-0.0,0.0,0.0,0.0,0.0,-0.0,-0.0
1753295889.675641,-0.0,0.0,0.0,-0.0,-0.0,-0.0,0.0,0.0,0.0,0.0,-0.0,-0.0
1753295889.6856797,-0.0,0.0,0.0,-0.0,-0.0,-0.0,0.0,0.0,0.0,0.0,-0.0,-0.0
1753295889.6955743,-0.0,0.0,0.0,-0.0,-0.0,-0.0,0.0,0.0,0.0,0.0,-0.0,-0.0
1753295889.7056184,-0.0,0.0,0.0,-0.0,-0.0,-0.0,0.0,0.0,0.0,0.0,-0.0,-0.0
1753295889.715567,-0.0,0.0,0.0,-0.0,-0.0,-0.0,0.0,0.0,0.0,0.0,-0.0,-0.0
1753295889.725567,-0.0,0.0,0.0,-0.0,-0.0,-0.0,0.0,0.0,0.0,0.0,-0.0,-0.0
1753295889.7355704,-0.0,0.0,0.0,-0.0,-0.0,-0.0,0.0,0.0,0.0,0.0,-0.0,-0.0
1753295889.7455873,-0.0,0.0,0.0,-0.0,-0.0,-0.0,0.0,0.0,0.0,0.0,-0.0,-0.0
1753295889.75557,-0.0,0.0,0.0,-0.0,-0.0,-0.0,0.0,0.0,0.0,0.0,-0.0,-0.0
1753295889.7655985,-0.0,0.0,0.0,-0.0,-0.0,-0.0,0.0,0.0,0.0,0.0,-0.0,-0.0
1753295889.77558,-0.0,0.0,0.0,-0.0,-0.0,-0.0,0.0,0.0,0.0,0.0,-0.0,-0.0
1753295889.7855926,-0.0,0.0,0.0,-0.0,-0.0,-0.0,0.0,0.0,0.0,0.0,-0.0,-0.0
1753295889.795617,-0.0,0.0,0.0,-0.0,-0.0,-0.0,0.0,0.0,0.0,0.0,-0.0,-0.0
1753295889.8056202,-0.0,0.0,0.0,-0.0,-0.0,-0.0,0.0,0.0,0.0,0.0,-0.0,-0.0
1753295889.8156009,-0.0,0.0,0.0,-0.0,-0.0,-0.0,0.0,0.0,0.0,0.0,-0.0,-0.0
1753295889.8257463,-0.0,0.0,0.0,-0.0,-0.0,-0.0,0.0,0.0,0.0,0.0,-0.0,-0.0
1753295889.8355536,-0.0,0.0,0.0,-0.0,-0.0,-0.0,0.0,0.0,0.0,0.0,-0.0,-0.0
1753295889.8455517,-0.0,0.0,0.0,-0.0,-0.0,-0.0,0.0,0.0,0.0,0.0,-0.0,-0.0
1753295889.8555477,-0.0,0.0,0.0,-0.0,-0.0,-0.0,0.0,0.0,0.0,0.0,-0.0,-0.0
1753295889.8655386,-0.0,0.0,0.0,-0.0,-0.0,-0.0,0.0,0.0,0.0,0.0,-0.0,-0.0
1753295889.87561,-0.0,0.0,0.0,-0.0,-0.0,-0.0,0.0,0.0,0.0,0.0,-0.0,-0.0
1753295889.8855436,-0.0,0.0,0.0,-0.0,-0.0,-0.0,0.0,0.0,0.0,0.0,-0.0,-0.0
1753295889.8955512,-0.0,0.0,0.0,-0.0,-0.0,-0.0,0.0,0.0,0.0,0.0,-0.0,-0.0
1753295889.905571,-0.0,0.0,0.0,-0.0,-0.0,-0.0,0.0,0.0,0.0,0.0,-0.0,-0.0
1753295889.9155827,-0.0,0.0,0.0,-0.0,-0.0,-0.0,0.0,0.0,0.0,0.0,-0.0,-0.0
1753295889.9255862,-0.0,0.0,0.0,-0.0,-0.0,-0.0,0.0,0.0,0.0,0.0,-0.0,-0.0
1753295889.9356205,-0.0,0.0,0.0,-0.0,-0.0,-0.0,0.0,0.0,0.0,0.0,-0.0,-0.0
1753295889.9456027,-0.0,0.0,0.0,-0.0,-0.0,-0.0,0.0,0.0,0.0,0.0,-0.0,-0.0
1753295889.9556162,-0.0,0.0,0.0,-0.0,-0.0,-0.0,0.0,0.0,0.0,0.0,-0.0,-0.0
1753295889.965567,-0.0,0.0,0.0,-0.0,-0.0,-0.0,0.0,0.0,0.0,0.0,-0.0,-0.0
1753295889.9755998,-0.0,0.0,0.0,-0.0,-0.0,-0.0,0.0,0.0,0.0,0.0,-0.0,-0.0
1753295889.9856,-0.0,0.0,0.0,-0.0,-0.0,-0.0,0.0,0.0,0.0,0.0,-0.0,-0.0
1753295889.9955983,-0.0,0.0,0.0,-0.0,-0.0,-0.0,0.0,0.0,0.0,0.0,-0.0,-0.0
1753295890.0056071,-0.0,0.0,0.0,-0.0,-0.0,-0.0,0.0,0.0,0.0,0.0,-0.0,-0.0
1753295890.0156255,-0.0,0.0,0.0,-0.0,-0.0,-0.0,0.0,0.0,0.0,0.0,-0.0,-0.0
1753295890.0256124,-0.0,0.0,0.0,-0.0,-0.0,-0.0,0.0,0.0,0.0,0.0,-0.0,-0.0
1753295890.0355976,-0.0,0.0,0.0,-0.0,-0.0,-0.0,0.0,0.0,0.0,0.0,-0.0,-0.0
1753295890.0456088,-0.0,0.0,0.0,-0.0,-0.0,-0.0,0.0,0.0,0.0,0.0,-0.0,-0.0
1753295890.055572,-0.0,0.0,0.0,-0.0,-0.0,-0.0,0.0,0.0,0.0,0.0,-0.0,-0.0
1753295890.0656054,-0.0,0.0,0.0,-0.0,-0.0,-0.0,0.0,0.0,0.0,0.0,-0.0,-0.0
1753295890.0756035,-0.0,0.0,0.0,-0.0,-0.0,-0.0,0.0,0.0,0.0,0.0,-0.0,-0.0
1753295890.085603,-0.0,0.0,0.0,-0.0,-0.0,-0.0,0.0,0.0,0.0,0.0,-0.0,-0.0
1753295890.0956135,-0.0,0.0,0.0,-0.0,-0.0,-0.0,0.0,0.0,0.0,0.0,-0.0,-0.0
1753295890.1056075,-0.0,0.0,0.0,-0.0,-0.0,-0.0,0.0,0.0,0.0,0.0,-0.0,-0.0
1753295890.115613,-0.0,0.0,0.0,-0.0,-0.0,-0.0,0.0,0.0,0.0,0.0,-0.0,-0.0
1753295890.125606,-0.0,0.0,0.0,-0.0,-0.0,-0.0,0.0,0.0,0.0,0.0,-0.0,-0.0
1753295890.135602,-0.0,0.0,0.0,-0.0,-0.0,-0.0,0.0,0.0,0.0,0.0,-0.0,-0.0
1753295890.1455946,-0.0,0.0,0.0,-0.0,-0.0,-0.0,0.0,0.0,0.0,0.0,-0.0,-0.0
1753295890.1555624,-0.0,0.0,0.0,-0.0,-0.0,-0.0,0.0,0.0,0.0,0.0,-0.0,-0.0
1753295890.1655629,-0.0,0.0,0.0,-0.0,-0.0,-0.0,0.0,0.0,0.0,0.0,-0.0,-0.0
1753295890.175567,-0.0,0.0,0.0,-0.0,-0.0,-0.0,0.0,0.0,0.0,0.0,-0.0,-0.0
1753295890.1856017,-0.0,0.0,0.0,-0.0,-0.0,-0.0,0.0,0.0,0.0,0.0,-0.0,-0.0
1753295890.1956081,-0.0,0.0,0.0,-0.0,-0.0,-0.0,0.0,0.0,0.0,0.0,-0.0,-0.0
1753295890.2055738,-0.0,0.0,0.0,-0.0,-0.0,-0.0,0.0,0.0,0.0,0.0,-0.0,-0.0
1753295890.2156286,-0.0,0.0,0.0,-0.0,-0.0,-0.0,0.0,0.0,0.0,0.0,-0.0,-0.0
1753295890.225579,-0.0,0.0,0.0,-0.0,-0.0,-0.0,0.0,0.0,0.0,0.0,-0.0,-0.0
1753295890.23557,-0.0,0.0,0.0,-0.0,-0.0,-0.0,0.0,0.0,0.0,0.0,-0.0,-0.0
1753295890.2456014,-0.0,0.0,0.0,-0.0,-0.0,-0.0,0.0,0.0,0.0,0.0,-0.0,-0.0
1753295890.2555747,-0.0,0.0,0.0,-0.0,-0.0,-0.0,0.0,0.0,0.0,0.0,-0.0,-0.0
1753295890.2655754,-0.0,0.0,0.0,-0.0,-0.0,-0.0,0.0,0.0,0.0,0.0,-0.0,-0.0
1753295890.2755988,-0.0,0.0,0.0,-0.0,-0.0,-0.0,0.0,0.0,0.0,0.0,-0.0,-0.0
1753295890.285604,-0.0,0.0,0.0,-0.0,-0.0,-0.0,0.0,0.0,0.0,0.0,-0.0,-0.0
1753295890.295576,-0.0,0.0,0.0,-0.0,-0.0,-0.0,0.0,0.0,0.0,0.0,-0.0,-0.0
1753295890.3056028,-0.0,0.0,0.0,-0.0,-0.0,-0.0,0.0,0.0,0.0,0.0,-0.0,-0.0
1753295890.3155863,-0.0,0.0,0.0,-0.0,-0.0,-0.0,0.0,0.0,0.0,0.0,-0.0,-0.0
1753295890.325576,-0.0,0.0,0.0,-0.0,-0.0,-0.0,0.0,0.0,0.0,0.0,-0.0,-0.0
1753295890.335579,-0.0,0.0,0.0,-0.0,-0.0,-0.0,0.0,0.0,0.0,0.0,-0.0,-0.0
1753295890.3456035,-0.0,0.0,0.0,-0.0,-0.0,-0.0,0.0,0.0,0.0,0.0,-0.0,-0.0
1753295890.3555732,-0.0,0.0,0.0,-0.0,-0.0,-0.0,0.0,0.0,0.0,0.0,-0.0,-0.0
1753295890.3656,-0.0,0.0,0.0,-0.0,-0.0,-0.0,0.0,0.0,0.0,0.0,-0.0,-0.0
1753295890.3756053,-0.0,0.0,0.0,-0.0,-0.0,-0.0,0.0,0.0,0.0,0.0,-0.0,-0.0
1753295890.385574,-0.0,0.0,0.0,-0.0,-0.0,-0.0,0.0,0.0,0.0,0.0,-0.0,-0.0
1753295890.3956053,-0.0,0.0,0.0,-0.0,-0.0,-0.0,0.0,0.0,0.0,0.0,-0.0,-0.0
1753295890.4055815,-0.0,0.0,0.0,-0.0,-0.0,-0.0,0.0,0.0,0.0,0.0,-0.0,-0.0
1753295890.4155655,-0.0,0.0,0.0,-0.0,-0.0,-0.0,0.0,0.0,0.0,0.0,-0.0,-0.0
1753295890.4255927,-0.0,0.0,0.0,-0.0,-0.0,-0.0,0.0,0.0,0.0,0.0,-0.0,-0.0
1753295890.4355862,-0.0,0.0,0.0,-0.0,-0.0,-0.0,0.0,0.0,0.0,0.0,-0.0,-0.0
1753295890.4455779,-0.0,0.0,0.0,-0.0,-0.0,-0.0,0.0,0.0,0.0,0.0,-0.0,-0.0
1753295890.455569,-0.0,0.0,0.0,-0.0,-0.0,-0.0,0.0,0.0,0.0,0.0,-0.0,-0.0
1753295890.4655683,-0.0,0.0,0.0,-0.0,-0.0,-0.0,0.0,0.0,0.0,0.0,-0.0,-0.0
1753295890.4755886,-0.0,0.0,0.0,-0.0,-0.0,-0.0,0.0,0.0,0.0,0.0,-0.0,-0.0
1753295890.485571,-0.0,0.0,0.0,-0.0,-0.0,-0.0,0.0,0.0,0.0,0.0,-0.0,-0.0
1753295890.4956028,-0.0,0.0,0.0,-0.0,-0.0,-0.0,0.0,0.0,0.0,0.0,-0.0,-0.0
1753295890.5055978,-0.0,0.0,0.0,-0.0,-0.0,-0.0,0.0,0.0,0.0,0.0,-0.0,-0.0
1753295890.515612,-0.0,0.0,0.0,-0.0,-0.0,-0.0,0.0,0.0,0.0,0.0,-0.0,-0.0
1753295890.5256221,-0.0,0.0,0.0,-0.0,-0.0,-0.0,0.0,0.0,0.0,0.0,-0.0,-0.0
1753295890.5356085,-0.0,0.0,0.0,-0.0,-0.0,-0.0,0.0,0.0,0.0,0.0,-0.0,-0.0
1753295890.5455806,-0.0,0.0,0.0,-0.0,-0.0,-0.0,0.0,0.0,0.0,0.0,-0.0,-0.0
1753295890.555605,-0.0,0.0,0.0,-0.0,-0.0,-0.0,0.0,0.0,0.0,0.0,-0.0,-0.0
1753295890.5656097,-0.0,0.0,0.0,-0.0,-0.0,-0.0,0.0,0.0,0.0,0.0,-0.0,-0.0
1753295890.5756133,-0.0,0.0,0.0,-0.0,-0.0,-0.0,0.0,0.0,0.0,0.0,-0.0,-0.0
1753295890.5856247,-0.0,0.0,0.0,-0.0,-0.0,-0.0,0.0,0.0,0.0,0.0,-0.0,-0.0
1753295890.5955985,-0.0,0.0,0.0,-0.0,-0.0,-0.0,0.0,0.0,0.0,0.0,-0.0,-0.0
1753295890.6056013,-0.0,0.0,0.0,-0.0,-0.0,-0.0,0.0,0.0,0.0,0.0,-0.0,-0.0
1753295890.6156018,-0.0,0.0,0.0,-0.0,-0.0,-0.0,0.0,0.0,0.0,0.0,-0.0,-0.0
1753295890.625609,-0.0,0.0,0.0,-0.0,-0.0,-0.0,0.0,0.0,0.0,0.0,-0.0,-0.0
1753295890.6355927,-0.0,0.0,0.0,-0.0,-0.0,-0.0,0.0,0.0,0.0,0.0,-0.0,-0.0
1753295890.6455986,-0.0,0.0,0.0,-0.0,-0.0,-0.0,0.0,0.0,0.0,0.0,-0.0,-0.0
1753295890.6556048,-0.0,0.0,0.0,-0.0,-0.0,-0.0,0.0,0.0,0.0,0.0,-0.0,-0.0
1753295890.6656244,-0.0,0.0,0.0,-0.0,-0.0,-0.0,0.0,0.0,0.0,0.0,-0.0,-0.0
1753295890.6756253,-0.0,0.0,0.0,-0.0,-0.0,-0.0,0.0,0.0,0.0,0.0,-0.0,-0.0
1753295890.685603,-0.0,0.0,0.0,-0.0,-0.0,-0.0,0.0,0.0,0.0,0.0,-0.0,-0.0
1753295890.6956146,-0.0,0.0,0.0,-0.0,-0.0,-0.0,0.0,0.0,0.0,0.0,-0.0,-0.0
1753295890.7055957,-0.0,0.0,0.0,-0.0,-0.0,-0.0,0.0,0.0,0.0,0.0,-0.0,-0.0
1753295890.7156022,-0.0,0.0,0.0,-0.0,-0.0,-0.0,0.0,0.0,0.0,0.0,-0.0,-0.0
1753295890.725608,-0.0,0.0,0.0,-0.0,-0.0,-0.0,0.0,0.0,0.0,0.0,-0.0,-0.0
1753295890.7356105,-0.0,0.0,0.0,-0.0,-0.0,-0.0,0.0,0.0,0.0,0.0,-0.0,-0.0
1753295890.745613,-0.0,0.0,0.0,-0.0,-0.0,-0.0,0.0,0.0,0.0,0.0,-0.0,-0.0
1753295890.7555878,-0.0,0.0,0.0,-0.0,-0.0,-0.0,0.0,0.0,0.0,0.0,-0.0,-0.0
1753295890.765623,-0.0,0.0,0.0,-0.0,-0.0,-0.0,0.0,0.0,0.0,0.0,-0.0,-0.0
1753295890.7756047,-0.0,0.0,0.0,-0.0,-0.0,-0.0,0.0,0.0,0.0,0.0,-0.0,-0.0
1753295890.7856088,-0.0,0.0,0.0,-0.0,-0.0,-0.0,0.0,0.0,0.0,0.0,-0.0,-0.0
1753295890.7955985,-0.0,0.0,0.0,-0.0,-0.0,-0.0,0.0,0.0,0.0,0.0,-0.0,-0.0
1753295890.8056042,-0.0,0.0,0.0,-0.0,-0.0,-0.0,0.0,0.0,0.0,0.0,-0.0,-0.0
1753295890.8156002,-0.0,0.0,0.0,-0.0,-0.0,-0.0,0.0,0.0,0.0,0.0,-0.0,-0.0
1753295890.8256147,-0.0,0.0,0.0,-0.0,-0.0,-0.0,0.0,0.0,0.0,0.0,-0.0,-0.0
1753295890.83559,-0.0,0.0,0.0,-0.0,-0.0,-0.0,0.0,0.0,0.0,0.0,-0.0,-0.0
1753295890.845622,-0.0,0.0,0.0,-0.0,-0.0,-0.0,0.0,0.0,0.0,0.0,-0.0,-0.0
1753295890.8556056,-0.0,0.0,0.0,-0.0,-0.0,-0.0,0.0,0.0,0.0,0.0,-0.0,-0.0
1753295890.8655915,-0.0,0.0,0.0,-0.0,-0.0,-0.0,0.0,0.0,0.0,0.0,-0.0,-0.0
1753295890.8756034,-0.0,0.0,0.0,-0.0,-0.0,-0.0,0.0,0.0,0.0,0.0,-0.0,-0.0
1753295890.8856125,-0.0,0.0,0.0,-0.0,-0.0,-0.0,0.0,0.0,0.0,0.0,-0.0,-0.0
1753295890.8956046,-0.0,0.0,0.0,-0.0,-0.0,-0.0,0.0,0.0,0.0,0.0,-0.0,-0.0
1753295890.9056125,-0.0,0.0,0.0,-0.0,-0.0,-0.0,0.0,0.0,0.0,0.0,-0.0,-0.0
1753295890.9156156,-0.0,0.0,0.0,-0.0,-0.0,-0.0,0.0,0.0,0.0,0.0,-0.0,-0.0
1753295890.925592,-0.0,0.0,0.0,-0.0,-0.0,-0.0,0.0,0.0,0.0,0.0,-0.0,-0.0
1753295890.935577,-0.0,0.0,0.0,-0.0,-0.0,-0.0,0.0,0.0,0.0,0.0,-0.0,-0.0
1753295890.945627,-0.0,0.0,0.0,-0.0,-0.0,-0.0,0.0,0.0,0.0,0.0,-0.0,-0.0
1753295890.955593,-0.0,0.0,0.0,-0.0,-0.0,-0.0,0.0,0.0,0.0,0.0,-0.0,-0.0
1753295890.9656265,-0.0,0.0,0.0,-0.0,-0.0,-0.0,0.0,0.0,0.0,0.0,-0.0,-0.0
1753295890.9756083,-0.0,0.0,0.0,-0.0,-0.0,-0.0,0.0,0.0,0.0,0.0,-0.0,-0.0
1753295890.9855862,-0.0,0.0,0.0,-0.0,-0.0,-0.0,0.0,0.0,0.0,0.0,-0.0,-0.0
1753295890.9956055,-0.0,0.0,0.0,-0.0,-0.0,-0.0,0.0,0.0,0.0,0.0,-0.0,-0.0
1753295891.005613,-0.0,0.0,0.0,-0.0,-0.0,-0.0,0.0,0.0,0.0,0.0,-0.0,-0.0
1753295891.0156262,-0.0,0.0,0.0,-0.0,-0.0,-0.0,0.0,0.0,0.0,0.0,-0.0,-0.0
1753295891.0256038,-0.0,0.0,0.0,-0.0,-0.0,-0.0,0.0,0.0,0.0,0.0,-0.0,-0.0
1753295891.0356143,-0.0,0.0,0.0,-0.0,-0.0,-0.0,0.0,0.0,0.0,0.0,-0.0,-0.0
1753295891.045621,-0.0,0.0,0.0,-0.0,-0.0,-0.0,0.0,0.0,0.0,0.0,-0.0,-0.0
1753295891.055609,-0.0,0.0,0.0,-0.0,-0.0,-0.0,0.0,0.0,0.0,0.0,-0.0,-0.0
1753295891.0656123,-0.0,0.0,0.0,-0.0,-0.0,-0.0,0.0,0.0,0.0,0.0,-0.0,-0.0
1753295891.075614,-0.0,0.0,0.0,-0.0,-0.0,-0.0,0.0,0.0,0.0,0.0,-0.0,-0.0
1753295891.0856087,-0.0,0.0,0.0,-0.0,-0.0,-0.0,0.0,0.0,0.0,0.0,-0.0,-0.0
1753295891.095614,-0.0,0.0,0.0,-0.0,-0.0,-0.0,0.0,0.0,0.0,0.0,-0.0,-0.0
1753295891.1056454,-0.0,0.0,0.0,-0.0,-0.0,-0.0,0.0,0.0,0.0,0.0,-0.0,-0.0
1753295891.1156132,-0.0,0.0,0.0,-0.0,-0.0,-0.0,0.0,0.0,0.0,0.0,-0.0,-0.0
1753295891.1256225,-0.0,0.0,0.0,-0.0,-0.0,-0.0,0.0,0.0,0.0,0.0,-0.0,-0.0
1753295891.1356757,-0.0,0.0,0.0,-0.0,-0.0,-0.0,0.0,0.0,0.0,0.0,-0.0,-0.0
1753295891.145644,-0.0,0.0,0.0,-0.0,-0.0,-0.0,0.0,0.0,0.0,0.0,-0.0,-0.0
1753295891.1556242,-0.0,0.0,0.0,-0.0,-0.0,-0.0,0.0,0.0,0.0,0.0,-0.0,-0.0
1753295891.1656435,-0.0,0.0,0.0,-0.0,-0.0,-0.0,0.0,0.0,0.0,0.0,-0.0,-0.0
1753295891.1756177,-0.0,0.0,0.0,-0.0,-0.0,-0.0,0.0,0.0,0.0,0.0,-0.0,-0.0
1753295891.1855938,-0.0,0.0,0.0,-0.0,-0.0,-0.0,0.0,0.0,0.0,0.0,-0.0,-0.0
1753295891.1956248,-0.0,0.0,0.0,-0.0,-0.0,-0.0,0.0,0.0,0.0,0.0,-0.0,-0.0
1753295891.2056236,-0.0,0.0,0.0,-0.0,-0.0,-0.0,0.0,0.0,0.0,0.0,-0.0,-0.0
1753295891.2155976,-0.0,0.0,0.0,-0.0,-0.0,-0.0,0.0,0.0,0.0,0.0,-0.0,-0.0
1753295891.2256129,-0.0,0.0,0.0,-0.0,-0.0,-0.0,0.0,0.0,0.0,0.0,-0.0,-0.0
1753295891.2355838,-0.0,0.0,0.0,-0.0,-0.0,-0.0,0.0,0.0,0.0,0.0,-0.0,-0.0
1753295891.245609,-0.0,0.0,0.0,-0.0,-0.0,-0.0,0.0,0.0,0.0,0.0,-0.0,-0.0
1753295891.2556129,-0.0,0.0,0.0,-0.0,-0.0,-0.0,0.0,0.0,0.0,0.0,-0.0,-0.0
1753295891.2656038,-0.0,0.0,0.0,-0.0,-0.0,-0.0,0.0,0.0,0.0,0.0,-0.0,-0.0
1753295891.275628,-0.0,0.0,0.0,-0.0,-0.0,-0.0,0.0,0.0,0.0,0.0,-0.0,-0.0
1753295891.2856262,-0.0,0.0,0.0,-0.0,-0.0,-0.0,0.0,0.0,0.0,0.0,-0.0,-0.0
1753295891.295619,-0.0,0.0,0.0,-0.0,-0.0,-0.0,0.0,0.0,0.0,0.0,-0.0,-0.0
1753295891.3056147,-0.0,0.0,0.0,-0.0,-0.0,-0.0,0.0,0.0,0.0,0.0,-0.0,-0.0
1753295891.3155968,-0.0,0.0,0.0,-0.0,-0.0,-0.0,0.0,0.0,0.0,0.0,-0.0,-0.0
1753295891.3256083,-0.0,0.0,0.0,-0.0,-0.0,-0.0,0.0,0.0,0.0,0.0,-0.0,-0.0
1753295891.3355808,-0.0,0.0,0.0,-0.0,-0.0,-0.0,0.0,0.0,0.0,0.0,-0.0,-0.0
1753295891.3456297,-0.0,0.0,0.0,-0.0,-0.0,-0.0,0.0,0.0,0.0,0.0,-0.0,-0.0
1753295891.3556297,-0.0,0.0,0.0,-0.0,-0.0,-0.0,0.0,0.0,0.0,0.0,-0.0,-0.0
1753295891.3656275,-0.0,0.0,0.0,-0.0,-0.0,-0.0,0.0,0.0,0.0,0.0,-0.0,-0.0
1753295891.3756254,-0.0,0.0,0.0,-0.0,-0.0,-0.0,0.0,0.0,0.0,0.0,-0.0,-0.0
1753295891.3856268,-0.0,0.0,0.0,-0.0,-0.0,-0.0,0.0,0.0,0.0,0.0,-0.0,-0.0
1753295891.3956313,-0.0,0.0,0.0,-0.0,-0.0,-0.0,0.0,0.0,0.0,0.0,-0.0,-0.0
1753295891.4056687,-0.0,0.0,0.0,-0.0,-0.0,-0.0,0.0,0.0,0.0,0.0,-0.0,-0.0
1753295891.415627,-0.0,0.0,0.0,-0.0,-0.0,-0.0,0.0,0.0,0.0,0.0,-0.0,-0.0
1753295891.4256105,-0.0,0.0,0.0,-0.0,-0.0,-0.0,0.0,0.0,0.0,0.0,-0.0,-0.0
1753295891.4356053,-0.0,0.0,0.0,-0.0,-0.0,-0.0,0.0,0.0,0.0,0.0,-0.0,-0.0
1753295891.4456284,-0.0,0.0,0.0,-0.0,-0.0,-0.0,0.0,0.0,0.0,0.0,-0.0,-0.0
1753295891.455617,-0.0,0.0,0.0,-0.0,-0.0,-0.0,0.0,0.0,0.0,0.0,-0.0,-0.0
1753295891.465603,-0.0,0.0,0.0,-0.0,-0.0,-0.0,0.0,0.0,0.0,0.0,-0.0,-0.0
1753295891.475629,-0.0,0.0,0.0,-0.0,-0.0,-0.0,0.0,0.0,0.0,0.0,-0.0,-0.0
1753295891.4856155,-0.0,0.0,0.0,-0.0,-0.0,-0.0,0.0,0.0,0.0,0.0,-0.0,-0.0
1753295891.495635,-0.0,0.0,0.0,-0.0,-0.0,-0.0,0.0,0.0,0.0,0.0,-0.0,-0.0
1753295891.5056164,-0.0,0.0,0.0,-0.0,-0.0,-0.0,0.0,0.0,0.0,0.0,-0.0,-0.0
1753295891.5156357,-0.0,0.0,0.0,-0.0,-0.0,-0.0,0.0,0.0,0.0,0.0,-0.0,-0.0
1753295891.525631,-0.0,0.0,0.0,-0.0,-0.0,-0.0,0.0,0.0,0.0,0.0,-0.0,-0.0
1753295891.5356147,-0.0,0.0,0.0,-0.0,-0.0,-0.0,0.0,0.0,0.0,0.0,-0.0,-0.0
1753295891.545619,-0.0,0.0,0.0,-0.0,-0.0,-0.0,0.0,0.0,0.0,0.0,-0.0,-0.0
1753295891.5556176,-0.0,0.0,0.0,-0.0,-0.0,-0.0,0.0,0.0,0.0,0.0,-0.0,-0.0
1753295891.5656242,-0.0,0.0,0.0,-0.0,-0.0,-0.0,0.0,0.0,0.0,0.0,-0.0,-0.0
1753295891.5756388,-0.0,0.0,0.0,-0.0,-0.0,-0.0,0.0,0.0,0.0,0.0,-0.0,-0.0
1753295891.5856407,-0.0,0.0,0.0,-0.0,-0.0,-0.0,0.0,0.0,0.0,0.0,-0.0,-0.0
1753295891.595647,-0.0,0.0,0.0,-0.0,-0.0,-0.0,0.0,0.0,0.0,0.0,-0.0,-0.0
1753295891.6056116,-0.0,0.0,0.0,-0.0,-0.0,-0.0,0.0,0.0,0.0,0.0,-0.0,-0.0
1753295891.6156085,-0.0,0.0,0.0,-0.0,-0.0,-0.0,0.0,0.0,0.0,0.0,-0.0,-0.0
1753295891.6256278,-0.0,0.0,0.0,-0.0,-0.0,-0.0,0.0,0.0,0.0,0.0,-0.0,-0.0
1753295891.635618,-0.0,0.0,0.0,-0.0,-0.0,-0.0,0.0,0.0,0.0,0.0,-0.0,-0.0
1753295891.6456356,-0.0,0.0,0.0,-0.0,-0.0,-0.0,0.0,0.0,0.0,0.0,-0.0,-0.0
1753295891.6556258,-0.0,0.0,0.0,-0.0,-0.0,-0.0,0.0,0.0,0.0,0.0,-0.0,-0.0
1753295891.6656008,-0.0,0.0,0.0,-0.0,-0.0,-0.0,0.0,0.0,0.0,0.0,-0.0,-0.0
1753295891.6756353,-0.0,0.0,0.0,-0.0,-0.0,-0.0,0.0,0.0,0.0,0.0,-0.0,-0.0
1753295891.6856687,-0.0,0.0,0.0,-0.0,-0.0,-0.0,0.0,0.0,0.0,0.0,-0.0,-0.0
1753295891.6956136,-0.0,0.0,0.0,-0.0,-0.0,-0.0,0.0,0.0,0.0,0.0,-0.0,-0.0
1753295891.7056482,-0.0,0.0,0.0,-0.0,-0.0,-0.0,0.0,0.0,0.0,0.0,-0.0,-0.0
1753295891.715722,-0.0,0.0,0.0,-0.0,-0.0,-0.0,0.0,0.0,0.0,0.0,-0.0,-0.0
1753295891.7256396,-0.0,0.0,0.0,-0.0,-0.0,-0.0,0.0,0.0,0.0,0.0,-0.0,-0.0
1753295891.7356393,-0.0,0.0,0.0,-0.0,-0.0,-0.0,0.0,0.0,0.0,0.0,-0.0,-0.0
1753295891.7456543,-0.0,0.0,0.0,-0.0,-0.0,-0.0,0.0,0.0,0.0,0.0,-0.0,-0.0
1753295891.755618,-0.0,0.0,0.0,-0.0,-0.0,-0.0,0.0,0.0,0.0,0.0,-0.0,-0.0
1753295891.7656605,-0.0,0.0,0.0,-0.0,-0.0,-0.0,0.0,0.0,0.0,0.0,-0.0,-0.0
1753295891.7756186,-0.0,0.0,0.0,-0.0,-0.0,-0.0,0.0,0.0,0.0,0.0,-0.0,-0.0
1753295891.7856321,-0.0,0.0,0.0,-0.0,-0.0,-0.0,0.0,0.0,0.0,0.0,-0.0,-0.0
1753295891.7956347,-0.0,0.0,0.0,-0.0,-0.0,-0.0,0.0,0.0,0.0,0.0,-0.0,-0.0
1753295891.8056345,-0.0,0.0,0.0,-0.0,-0.0,-0.0,0.0,0.0,0.0,0.0,-0.0,-0.0
1753295891.8156426,-0.0,0.0,0.0,-0.0,-0.0,-0.0,0.0,0.0,0.0,0.0,-0.0,-0.0
1753295891.8256247,-0.0,0.0,0.0,-0.0,-0.0,-0.0,0.0,0.0,0.0,0.0,-0.0,-0.0
1753295891.8356183,-0.0,0.0,0.0,-0.0,-0.0,-0.0,0.0,0.0,0.0,0.0,-0.0,-0.0
1753295891.84565,-0.0,0.0,0.0,-0.0,-0.0,-0.0,0.0,0.0,0.0,0.0,-0.0,-0.0
1753295891.855647,-0.0,0.0,0.0,-0.0,-0.0,-0.0,0.0,0.0,0.0,0.0,-0.0,-0.0
1753295891.86562,-0.0,0.0,0.0,-0.0,-0.0,-0.0,0.0,0.0,0.0,0.0,-0.0,-0.0
1753295891.8756335,-0.0,0.0,0.0,-0.0,-0.0,-0.0,0.0,0.0,0.0,0.0,-0.0,-0.0
1753295891.8856044,-0.0,0.0,0.0,-0.0,-0.0,-0.0,0.0,0.0,0.0,0.0,-0.0,-0.0
1753295891.8956172,-0.0,0.0,0.0,-0.0,-0.0,-0.0,0.0,0.0,0.0,0.0,-0.0,-0.0
1753295891.905637,-0.0,0.0,0.0,-0.0,-0.0,-0.0,0.0,0.0,0.0,0.0,-0.0,-0.0
1753295891.9156392,-0.0,0.0,0.0,-0.0,-0.0,-0.0,0.0,0.0,0.0,0.0,-0.0,-0.0
1753295891.925619,-0.0,0.0,0.0,-0.0,-0.0,-0.0,0.0,0.0,0.0,0.0,-0.0,-0.0
1753295891.9356718,-0.0,0.0,0.0,-0.0,-0.0,-0.0,0.0,0.0,0.0,0.0,-0.0,-0.0
1753295891.9456174,-0.0,0.0,0.0,-0.0,-0.0,-0.0,0.0,0.0,0.0,0.0,-0.0,-0.0
1753295891.955588,-0.0,0.0,0.0,-0.0,-0.0,-0.0,0.0,0.0,0.0,0.0,-0.0,-0.0
1753295891.9656122,-0.0,0.0,0.0,-0.0,-0.0,-0.0,0.0,0.0,0.0,0.0,-0.0,-0.0
1753295891.975648,-0.0,0.0,0.0,-0.0,-0.0,-0.0,0.0,0.0,0.0,0.0,-0.0,-0.0
1753295891.9856167,-0.0,0.0,0.0,-0.0,-0.0,-0.0,0.0,0.0,0.0,0.0,-0.0,-0.0
1753295891.9956098,-0.0,0.0,0.0,-0.0,-0.0,-0.0,0.0,0.0,0.0,0.0,-0.0,-0.0
1753295892.0056558,-0.0,0.0,0.0,-0.0,-0.0,-0.0,0.0,0.0,0.0,0.0,-0.0,-0.0
1753295892.0156095,-0.0,0.0,0.0,-0.0,-0.0,-0.0,0.0,0.0,0.0,0.0,-0.0,-0.0
1753295892.0256553,-0.0,0.0,0.0,-0.0,-0.0,-0.0,0.0,0.0,0.0,0.0,-0.0,-0.0
1753295892.0356367,-0.0,0.0,0.0,-0.0,-0.0,-0.0,0.0,0.0,0.0,0.0,-0.0,-0.0
1753295892.0456169,-0.0,0.0,0.0,-0.0,-0.0,-0.0,0.0,0.0,0.0,0.0,-0.0,-0.0
1753295892.0556548,-0.0,0.0,0.0,-0.0,-0.0,-0.0,0.0,0.0,0.0,0.0,-0.0,-0.0
1753295892.0656598,-0.0,0.0,0.0,-0.0,-0.0,-0.0,0.0,0.0,0.0,0.0,-0.0,-0.0
1753295892.0756428,-0.0,0.0,0.0,-0.0,-0.0,-0.0,0.0,0.0,0.0,0.0,-0.0,-0.0
1753295892.085642,-0.0,0.0,0.0,-0.0,-0.0,-0.0,0.0,0.0,0.0,0.0,-0.0,-0.0
1753295892.0956194,-0.0,0.0,0.0,-0.0,-0.0,-0.0,0.0,0.0,0.0,0.0,-0.0,-0.0
1753295892.1056442,-0.0,0.0,0.0,-0.0,-0.0,-0.0,0.0,0.0,0.0,0.0,-0.0,-0.0
1753295892.1156423,-0.0,0.0,0.0,-0.0,-0.0,-0.0,0.0,0.0,0.0,0.0,-0.0,-0.0
1753295892.1255858,-0.0,0.0,0.0,-0.0,-0.0,-0.0,0.0,0.0,0.0,0.0,-0.0,-0.0
1753295892.1356416,-0.0,0.0,0.0,-0.0,-0.0,-0.0,0.0,0.0,0.0,0.0,-0.0,-0.0
1753295892.1456344,-0.0,0.0,0.0,-0.0,-0.0,-0.0,0.0,0.0,0.0,0.0,-0.0,-0.0
1753295892.15563,-0.0,0.0,0.0,-0.0,-0.0,-0.0,0.0,0.0,0.0,0.0,-0.0,-0.0
1753295892.165646,-0.0,0.0,0.0,-0.0,-0.0,-0.0,0.0,0.0,0.0,0.0,-0.0,-0.0
1753295892.1756332,-0.0,0.0,0.0,-0.0,-0.0,-0.0,0.0,0.0,0.0,0.0,-0.0,-0.0
1753295892.185648,-0.0,0.0,0.0,-0.0,-0.0,-0.0,0.0,0.0,0.0,0.0,-0.0,-0.0
1753295892.1956477,-0.0,0.0,0.0,-0.0,-0.0,-0.0,0.0,0.0,0.0,0.0,-0.0,-0.0
1753295892.205642,-0.0,0.0,0.0,-0.0,-0.0,-0.0,0.0,0.0,0.0,0.0,-0.0,-0.0
1753295892.2156312,-0.0,0.0,0.0,-0.0,-0.0,-0.0,0.0,0.0,0.0,0.0,-0.0,-0.0
1753295892.225616,-0.0,0.0,0.0,-0.0,-0.0,-0.0,0.0,0.0,0.0,0.0,-0.0,-0.0
1753295892.235614,-0.0,0.0,0.0,-0.0,-0.0,-0.0,0.0,0.0,0.0,0.0,-0.0,-0.0
1753295892.2456183,-0.0,0.0,0.0,-0.0,-0.0,-0.0,0.0,0.0,0.0,0.0,-0.0,-0.0
1753295892.2556255,-0.0,0.0,0.0,-0.0,-0.0,-0.0,0.0,0.0,0.0,0.0,-0.0,-0.0
1753295892.2656488,-0.0,0.0,0.0,-0.0,-0.0,-0.0,0.0,0.0,0.0,0.0,-0.0,-0.0
1753295892.2756243,-0.0,0.0,0.0,-0.0,-0.0,-0.0,0.0,0.0,0.0,0.0,-0.0,-0.0
1753295892.2856355,-0.0,0.0,0.0,-0.0,-0.0,-0.0,0.0,0.0,0.0,0.0,-0.0,-0.0
1753295892.2956367,-0.0,0.0,0.0,-0.0,-0.0,-0.0,0.0,0.0,0.0,0.0,-0.0,-0.0
1753295892.305631,-0.0,0.0,0.0,-0.0,-0.0,-0.0,0.0,0.0,0.0,0.0,-0.0,-0.0
1753295892.3156314,-0.0,0.0,0.0,-0.0,-0.0,-0.0,0.0,0.0,0.0,0.0,-0.0,-0.0
1753295892.325651,-0.0,0.0,0.0,-0.0,-0.0,-0.0,0.0,0.0,0.0,0.0,-0.0,-0.0
1753295892.3356116,-0.0,0.0,0.0,-0.0,-0.0,-0.0,0.0,0.0,0.0,0.0,-0.0,-0.0
1753295892.3456438,-0.0,0.0,0.0,-0.0,-0.0,-0.0,0.0,0.0,0.0,0.0,-0.0,-0.0
1753295892.3556378,-0.0,0.0,0.0,-0.0,-0.0,-0.0,0.0,0.0,0.0,0.0,-0.0,-0.0
1753295892.3656309,-0.0,0.0,0.0,-0.0,-0.0,-0.0,0.0,0.0,0.0,0.0,-0.0,-0.0
1753295892.3755856,-0.0,0.0,0.0,-0.0,-0.0,-0.0,0.0,0.0,0.0,0.0,-0.0,-0.0
1753295892.3855855,-0.0,0.0,0.0,-0.0,-0.0,-0.0,0.0,0.0,0.0,0.0,-0.0,-0.0
1753295892.3956342,-0.0,0.0,0.0,-0.0,-0.0,-0.0,0.0,0.0,0.0,0.0,-0.0,-0.0
1753295892.4056368,-0.0,0.0,0.0,-0.0,-0.0,-0.0,0.0,0.0,0.0,0.0,-0.0,-0.0
1753295892.4156291,-0.0,0.0,0.0,-0.0,-0.0,-0.0,0.0,0.0,0.0,0.0,-0.0,-0.0
1753295892.4256518,-0.0,0.0,0.0,-0.0,-0.0,-0.0,0.0,0.0,0.0,0.0,-0.0,-0.0
1753295892.43564,-0.0,0.0,0.0,-0.0,-0.0,-0.0,0.0,0.0,0.0,0.0,-0.0,-0.0
1753295892.445644,-0.0,0.0,0.0,-0.0,-0.0,-0.0,0.0,0.0,0.0,0.0,-0.0,-0.0
1753295892.455625,-0.0,0.0,0.0,-0.0,-0.0,-0.0,0.0,0.0,0.0,0.0,-0.0,-0.0
1753295892.4656312,-0.0,0.0,0.0,-0.0,-0.0,-0.0,0.0,0.0,0.0,0.0,-0.0,-0.0
1753295892.47561,-0.0,0.0,0.0,-0.0,-0.0,-0.0,0.0,0.0,0.0,0.0,-0.0,-0.0
1753295892.4856467,-0.0,0.0,0.0,-0.0,-0.0,-0.0,0.0,0.0,0.0,0.0,-0.0,-0.0
1753295892.4956322,-0.0,0.0,0.0,-0.0,-0.0,-0.0,0.0,0.0,0.0,0.0,-0.0,-0.0
1753295892.5056674,-0.0,0.0,0.0,-0.0,-0.0,-0.0,0.0,0.0,0.0,0.0,-0.0,-0.0
1753295892.5156524,-0.0,0.0,0.0,-0.0,-0.0,-0.0,0.0,0.0,0.0,0.0,-0.0,-0.0
1753295892.5256531,-0.0,0.0,0.0,-0.0,-0.0,-0.0,0.0,0.0,0.0,0.0,-0.0,-0.0
1753295892.5356822,-0.0,0.0,0.0,-0.0,-0.0,-0.0,0.0,0.0,0.0,0.0,-0.0,-0.0
1753295892.5456746,-0.0,0.0,0.0,-0.0,-0.0,-0.0,0.0,0.0,0.0,0.0,-0.0,-0.0
1753295892.5556338,-0.0,0.0,0.0,-0.0,-0.0,-0.0,0.0,0.0,0.0,0.0,-0.0,-0.0
1753295892.5656626,-0.0,0.0,0.0,-0.0,-0.0,-0.0,0.0,0.0,0.0,0.0,-0.0,-0.0
1753295892.5756483,-0.0,0.0,0.0,-0.0,-0.0,-0.0,0.0,0.0,0.0,0.0,-0.0,-0.0
1753295892.585615,-0.0,0.0,0.0,-0.0,-0.0,-0.0,0.0,0.0,0.0,0.0,-0.0,-0.0
1753295892.5956154,-0.0,0.0,0.0,-0.0,-0.0,-0.0,0.0,0.0,0.0,0.0,-0.0,-0.0
1753295892.6056228,-0.0,0.0,0.0,-0.0,-0.0,-0.0,0.0,0.0,0.0,0.0,-0.0,-0.0
1753295892.6156337,-0.0,0.0,0.0,-0.0,-0.0,-0.0,0.0,0.0,0.0,0.0,-0.0,-0.0
1753295892.6256242,-0.0,0.0,0.0,-0.0,-0.0,-0.0,0.0,0.0,0.0,0.0,-0.0,-0.0
1753295892.6356318,-0.0,0.0,0.0,-0.0,-0.0,-0.0,0.0,0.0,0.0,0.0,-0.0,-0.0
1753295892.6456804,-0.0,0.0,0.0,-0.0,-0.0,-0.0,0.0,0.0,0.0,0.0,-0.0,-0.0
1753295892.6556609,-0.0,0.0,0.0,-0.0,-0.0,-0.0,0.0,0.0,0.0,0.0,-0.0,-0.0
1753295892.6656427,-0.0,0.0,0.0,-0.0,-0.0,-0.0,0.0,0.0,0.0,0.0,-0.0,-0.0
1753295892.6756551,-0.0,0.0,0.0,-0.0,-0.0,-0.0,0.0,0.0,0.0,0.0,-0.0,-0.0
1753295892.685666,-0.0,0.0,0.0,-0.0,-0.0,-0.0,0.0,0.0,0.0,0.0,-0.0,-0.0
1753295892.6957676,-0.0,0.0,0.0,-0.0,-0.0,-0.0,0.0,0.0,0.0,0.0,-0.0,-0.0
1753295892.7056587,-0.0,0.0,0.0,-0.0,-0.0,-0.0,0.0,0.0,0.0,0.0,-0.0,-0.0
1753295892.7156534,-0.0,0.0,0.0,-0.0,-0.0,-0.0,0.0,0.0,0.0,0.0,-0.0,-0.0
1753295892.7256846,-0.0,0.0,0.0,-0.0,-0.0,-0.0,0.0,0.0,0.0,0.0,-0.0,-0.0
1753295892.7356281,-0.0,0.0,0.0,-0.0,-0.0,-0.0,0.0,0.0,0.0,0.0,-0.0,-0.0
1753295892.7456388,-0.0,0.0,0.0,-0.0,-0.0,-0.0,0.0,0.0,0.0,0.0,-0.0,-0.0
1753295892.7556303,-0.0,0.0,0.0,-0.0,-0.0,-0.0,0.0,0.0,0.0,0.0,-0.0,-0.0
1753295892.7656448,-0.0,0.0,0.0,-0.0,-0.0,-0.0,0.0,0.0,0.0,0.0,-0.0,-0.0
1753295892.775662,-0.0,0.0,0.0,-0.0,-0.0,-0.0,0.0,0.0,0.0,0.0,-0.0,-0.0
1753295892.7856762,-0.0,0.0,0.0,-0.0,-0.0,-0.0,0.0,0.0,0.0,0.0,-0.0,-0.0
1753295892.7956681,-0.0,0.0,0.0,-0.0,-0.0,-0.0,0.0,0.0,0.0,0.0,-0.0,-0.0
1753295892.8056397,-0.0,0.0,0.0,-0.0,-0.0,-0.0,0.0,0.0,0.0,0.0,-0.0,-0.0
1753295892.815621,-0.0,0.0,0.0,-0.0,-0.0,-0.0,0.0,0.0,0.0,0.0,-0.0,-0.0
1753295892.8256445,-0.0,0.0,0.0,-0.0,-0.0,-0.0,0.0,0.0,0.0,0.0,-0.0,-0.0
1753295892.8356855,-0.0,0.0,0.0,-0.0,-0.0,-0.0,0.0,0.0,0.0,0.0,-0.0,-0.0
1753295892.8456664,-0.0,0.0,0.0,-0.0,-0.0,-0.0,0.0,0.0,0.0,0.0,-0.0,-0.0
1753295892.855677,-0.0,0.0,0.0,-0.0,-0.0,-0.0,0.0,0.0,0.0,0.0,-0.0,-0.0
1753295892.8656402,-0.0,0.0,0.0,-0.0,-0.0,-0.0,0.0,0.0,0.0,0.0,-0.0,-0.0
1753295892.8756688,-0.0,0.0,0.0,-0.0,-0.0,-0.0,0.0,0.0,0.0,0.0,-0.0,-0.0
1753295892.8856263,-0.0,0.0,0.0,-0.0,-0.0,-0.0,0.0,0.0,0.0,0.0,-0.0,-0.0
1753295892.8956425,-0.0,0.0,0.0,-0.0,-0.0,-0.0,0.0,0.0,0.0,0.0,-0.0,-0.0
1753295892.9056678,-0.0,0.0,0.0,-0.0,-0.0,-0.0,0.0,0.0,0.0,0.0,-0.0,-0.0
1753295892.9156332,-0.0,0.0,0.0,-0.0,-0.0,-0.0,0.0,0.0,0.0,0.0,-0.0,-0.0
1753295892.9256444,-0.0,0.0,0.0,-0.0,-0.0,-0.0,0.0,0.0,0.0,0.0,-0.0,-0.0
1753295892.9356697,-0.0,0.0,0.0,-0.0,-0.0,-0.0,0.0,0.0,0.0,0.0,-0.0,-0.0
1753295892.945669,-0.0,0.0,0.0,-0.0,-0.0,-0.0,0.0,0.0,0.0,0.0,-0.0,-0.0
1753295892.9556866,-0.0,0.0,0.0,-0.0,-0.0,-0.0,0.0,0.0,0.0,0.0,-0.0,-0.0
1753295892.9656386,-0.0,0.0,0.0,-0.0,-0.0,-0.0,0.0,0.0,0.0,0.0,-0.0,-0.0
1753295892.9756515,-0.0,0.0,0.0,-0.0,-0.0,-0.0,0.0,0.0,0.0,0.0,-0.0,-0.0
1753295892.9856672,-0.0,0.0,0.0,-0.0,-0.0,-0.0,0.0,0.0,0.0,0.0,-0.0,-0.0
1753295892.9956756,-0.0,0.0,0.0,-0.0,-0.0,-0.0,0.0,0.0,0.0,0.0,-0.0,-0.0
1753295893.0056653,-0.0,0.0,0.0,-0.0,-0.0,-0.0,0.0,0.0,0.0,0.0,-0.0,-0.0
1753295893.0156803,-0.0,0.0,0.0,-0.0,-0.0,-0.0,0.0,0.0,0.0,0.0,-0.0,-0.0
1753295893.0256765,-0.0,0.0,0.0,-0.0,-0.0,-0.0,0.0,0.0,0.0,0.0,-0.0,-0.0
1753295893.0356429,-0.0,0.0,0.0,-0.0,-0.0,-0.0,0.0,0.0,0.0,0.0,-0.0,-0.0
1753295893.0456557,-0.0,0.0,0.0,-0.0,-0.0,-0.0,0.0,0.0,0.0,0.0,-0.0,-0.0
1753295893.0556827,-0.0,0.0,0.0,-0.0,-0.0,-0.0,0.0,0.0,0.0,0.0,-0.0,-0.0
1753295893.06567,-0.0,0.0,0.0,-0.0,-0.0,-0.0,0.0,0.0,0.0,0.0,-0.0,-0.0
1753295893.075634,-0.0,0.0,0.0,-0.0,-0.0,-0.0,0.0,0.0,0.0,0.0,-0.0,-0.0
1753295893.0856683,-0.0,0.0,0.0,-0.0,-0.0,-0.0,0.0,0.0,0.0,0.0,-0.0,-0.0
1753295893.095682,-0.0,0.0,0.0,-0.0,-0.0,-0.0,0.0,0.0,0.0,0.0,-0.0,-0.0
1753295893.105645,-0.0,0.0,0.0,-0.0,-0.0,-0.0,0.0,0.0,0.0,0.0,-0.0,-0.0
1753295893.115679,-0.0,0.0,0.0,-0.0,-0.0,-0.0,0.0,0.0,0.0,0.0,-0.0,-0.0
1753295893.125653,-0.0,0.0,0.0,-0.0,-0.0,-0.0,0.0,0.0,0.0,0.0,-0.0,-0.0
1753295893.1356587,-0.0,0.0,0.0,-0.0,-0.0,-0.0,0.0,0.0,0.0,0.0,-0.0,-0.0
1753295893.1456676,-0.0,0.0,0.0,-0.0,-0.0,-0.0,0.0,0.0,0.0,0.0,-0.0,-0.0
1753295893.1556597,-0.0,0.0,0.0,-0.0,-0.0,-0.0,0.0,0.0,0.0,0.0,-0.0,-0.0
1753295893.1656787,-0.0,0.0,0.0,-0.0,-0.0,-0.0,0.0,0.0,0.0,0.0,-0.0,-0.0
1753295893.175652,-0.0,0.0,0.0,-0.0,-0.0,-0.0,0.0,0.0,0.0,0.0,-0.0,-0.0
1753295893.185681,-0.0,0.0,0.0,-0.0,-0.0,-0.0,0.0,0.0,0.0,0.0,-0.0,-0.0
1753295893.1956685,-0.0,0.0,0.0,-0.0,-0.0,-0.0,0.0,0.0,0.0,0.0,-0.0,-0.0
1753295893.2056987,-0.0,0.0,0.0,-0.0,-0.0,-0.0,0.0,0.0,0.0,0.0,-0.0,-0.0
1753295893.2156868,-0.0,0.0,0.0,-0.0,-0.0,-0.0,0.0,0.0,0.0,0.0,-0.0,-0.0
1753295893.2256627,-0.0,0.0,0.0,-0.0,-0.0,-0.0,0.0,0.0,0.0,0.0,-0.0,-0.0
1753295893.235659,-0.0,0.0,0.0,-0.0,-0.0,-0.0,0.0,0.0,0.0,0.0,-0.0,-0.0
1753295893.2457035,-0.0,0.0,0.0,-0.0,-0.0,-0.0,0.0,0.0,0.0,0.0,-0.0,-0.0
1753295893.2556734,-0.0,0.0,0.0,-0.0,-0.0,-0.0,0.0,0.0,0.0,0.0,-0.0,-0.0
1753295893.2657125,-0.0,0.0,0.0,-0.0,-0.0,-0.0,0.0,0.0,0.0,0.0,-0.0,-0.0
1753295893.2756872,-0.0,0.0,0.0,-0.0,-0.0,-0.0,0.0,0.0,0.0,0.0,-0.0,-0.0
1753295893.2857015,-0.0,0.0,0.0,-0.0,-0.0,-0.0,0.0,0.0,0.0,0.0,-0.0,-0.0
1753295893.2957091,-0.0,0.0,0.0,-0.0,-0.0,-0.0,0.0,0.0,0.0,0.0,-0.0,-0.0
1753295893.3056438,-0.0,0.0,0.0,-0.0,-0.0,-0.0,0.0,0.0,0.0,0.0,-0.0,-0.0
1753295893.3156667,-0.0,0.0,0.0,-0.0,-0.0,-0.0,0.0,0.0,0.0,0.0,-0.0,-0.0
1753295893.3256898,-0.0,0.0,0.0,-0.0,-0.0,-0.0,0.0,0.0,0.0,0.0,-0.0,-0.0
1753295893.3356643,-0.0,0.0,0.0,-0.0,-0.0,-0.0,0.0,0.0,0.0,0.0,-0.0,-0.0
1753295893.3456957,-0.0,0.0,0.0,-0.0,-0.0,-0.0,0.0,0.0,0.0,0.0,-0.0,-0.0
1753295893.3556933,-0.0,0.0,0.0,-0.0,-0.0,-0.0,0.0,0.0,0.0,0.0,-0.0,-0.0
1753295893.365911,-0.0,0.0,0.0,-0.0,-0.0,-0.0,0.0,0.0,0.0,0.0,-0.0,-0.0
1753295893.3756995,-0.0,0.0,0.0,-0.0,-0.0,-0.0,0.0,0.0,0.0,0.0,-0.0,-0.0
1753295893.385676,-0.0,0.0,0.0,-0.0,-0.0,-0.0,0.0,0.0,0.0,0.0,-0.0,-0.0
1753295893.3956904,-0.0,0.0,0.0,-0.0,-0.0,-0.0,0.0,0.0,0.0,0.0,-0.0,-0.0
1753295893.4056883,-0.0,0.0,0.0,-0.0,-0.0,-0.0,0.0,0.0,0.0,0.0,-0.0,-0.0
1753295893.415678,-0.0,0.0,0.0,-0.0,-0.0,-0.0,0.0,0.0,0.0,0.0,-0.0,-0.0
1753295893.4256947,-0.0,0.0,0.0,-0.0,-0.0,-0.0,0.0,0.0,0.0,0.0,-0.0,-0.0
1753295893.4357877,-0.0,0.0,0.0,-0.0,-0.0,-0.0,0.0,0.0,0.0,0.0,-0.0,-0.0
1753295893.4456544,-0.0,0.0,0.0,-0.0,-0.0,-0.0,0.0,0.0,0.0,0.0,-0.0,-0.0
1753295893.455683,-0.0,0.0,0.0,-0.0,-0.0,-0.0,0.0,0.0,0.0,0.0,-0.0,-0.0
1753295893.465711,-0.0,0.0,0.0,-0.0,-0.0,-0.0,0.0,0.0,0.0,0.0,-0.0,-0.0
1753295893.4756546,-0.0,0.0,0.0,-0.0,-0.0,-0.0,0.0,0.0,0.0,0.0,-0.0,-0.0
1753295893.4856908,-0.0,0.0,0.0,-0.0,-0.0,-0.0,0.0,0.0,0.0,0.0,-0.0,-0.0
1753295893.4957027,-0.0,0.0,0.0,-0.0,-0.0,-0.0,0.0,0.0,0.0,0.0,-0.0,-0.0
1753295893.5056882,-0.0,0.0,0.0,-0.0,-0.0,-0.0,0.0,0.0,0.0,0.0,-0.0,-0.0
1753295893.5156794,-0.0,0.0,0.0,-0.0,-0.0,-0.0,0.0,0.0,0.0,0.0,-0.0,-0.0
1753295893.5256848,-0.0,0.0,0.0,-0.0,-0.0,-0.0,0.0,0.0,0.0,0.0,-0.0,-0.0
1753295893.5356834,-0.0,0.0,0.0,-0.0,-0.0,-0.0,0.0,0.0,0.0,0.0,-0.0,-0.0
1753295893.5456762,-0.0,0.0,0.0,-0.0,-0.0,-0.0,0.0,0.0,0.0,0.0,-0.0,-0.0
1753295893.555675,-0.0,0.0,0.0,-0.0,-0.0,-0.0,0.0,0.0,0.0,0.0,-0.0,-0.0
1753295893.5656993,-0.0,0.0,0.0,-0.0,-0.0,-0.0,0.0,0.0,0.0,0.0,-0.0,-0.0
1753295893.5756981,-0.0,0.0,0.0,-0.0,-0.0,-0.0,0.0,0.0,0.0,0.0,-0.0,-0.0
1753295893.5857143,-0.0,0.0,0.0,-0.0,-0.0,-0.0,0.0,0.0,0.0,0.0,-0.0,-0.0
1753295893.595669,-0.0,0.0,0.0,-0.0,-0.0,-0.0,0.0,0.0,0.0,0.0,-0.0,-0.0
1753295893.605691,-0.0,0.0,0.0,-0.0,-0.0,-0.0,0.0,0.0,0.0,0.0,-0.0,-0.0
1753295893.615695,-0.0,0.0,0.0,-0.0,-0.0,-0.0,0.0,0.0,0.0,0.0,-0.0,-0.0
1753295893.6256604,-0.0,0.0,0.0,-0.0,-0.0,-0.0,0.0,0.0,0.0,0.0,-0.0,-0.0
1753295893.635717,-0.0,0.0,0.0,-0.0,-0.0,-0.0,0.0,0.0,0.0,0.0,-0.0,-0.0
1753295893.645675,-0.0,0.0,0.0,-0.0,-0.0,-0.0,0.0,0.0,0.0,0.0,-0.0,-0.0
1753295893.655641,-0.0,0.0,0.0,-0.0,-0.0,-0.0,0.0,0.0,0.0,0.0,-0.0,-0.0
1753295893.665685,-0.0,0.0,0.0,-0.0,-0.0,-0.0,0.0,0.0,0.0,0.0,-0.0,-0.0
1753295893.6756518,-0.0,0.0,0.0,-0.0,-0.0,-0.0,0.0,0.0,0.0,0.0,-0.0,-0.0
1753295893.6856458,-0.0,0.0,0.0,-0.0,-0.0,-0.0,0.0,0.0,0.0,0.0,-0.0,-0.0
1753295893.6956398,-0.0,0.0,0.0,-0.0,-0.0,-0.0,0.0,0.0,0.0,0.0,-0.0,-0.0
1753295893.7056606,-0.0,0.0,0.0,-0.0,-0.0,-0.0,0.0,0.0,0.0,0.0,-0.0,-0.0
1753295893.715711,-0.0,0.0,0.0,-0.0,-0.0,-0.0,0.0,0.0,0.0,0.0,-0.0,-0.0
1753295893.725686,-0.0,0.0,0.0,-0.0,-0.0,-0.0,0.0,0.0,0.0,0.0,-0.0,-0.0
1753295893.7356977,-0.0,0.0,0.0,-0.0,-0.0,-0.0,0.0,0.0,0.0,0.0,-0.0,-0.0
1753295893.7456813,-0.0,0.0,0.0,-0.0,-0.0,-0.0,0.0,0.0,0.0,0.0,-0.0,-0.0
1753295893.755802,-0.0,0.0,0.0,-0.0,-0.0,-0.0,0.0,0.0,0.0,0.0,-0.0,-0.0
1753295893.7657006,-0.0,0.0,0.0,-0.0,-0.0,-0.0,0.0,0.0,0.0,0.0,-0.0,-0.0
1753295893.7756996,-0.0,0.0,0.0,-0.0,-0.0,-0.0,0.0,0.0,0.0,0.0,-0.0,-0.0
1753295893.7857156,-0.0,0.0,0.0,-0.0,-0.0,-0.0,0.0,0.0,0.0,0.0,-0.0,-0.0
1753295893.795701,-0.0,0.0,0.0,-0.0,-0.0,-0.0,0.0,0.0,0.0,0.0,-0.0,-0.0
1753295893.805664,-0.0,0.0,0.0,-0.0,-0.0,-0.0,0.0,0.0,0.0,0.0,-0.0,-0.0
1753295893.8157086,-0.0,0.0,0.0,-0.0,-0.0,-0.0,0.0,0.0,0.0,0.0,-0.0,-0.0
1753295893.8256922,-0.0,0.0,0.0,-0.0,-0.0,-0.0,0.0,0.0,0.0,0.0,-0.0,-0.0
1753295893.835666,-0.0,0.0,0.0,-0.0,-0.0,-0.0,0.0,0.0,0.0,0.0,-0.0,-0.0
1753295893.8456979,-0.0,0.0,0.0,-0.0,-0.0,-0.0,0.0,0.0,0.0,0.0,-0.0,-0.0
1753295893.8556569,-0.0,0.0,0.0,-0.0,-0.0,-0.0,0.0,0.0,0.0,0.0,-0.0,-0.0
1753295893.8657217,-0.0,0.0,0.0,-0.0,-0.0,-0.0,0.0,0.0,0.0,0.0,-0.0,-0.0
1753295893.875692,-0.0,0.0,0.0,-0.0,-0.0,-0.0,0.0,0.0,0.0,0.0,-0.0,-0.0
1753295893.885695,-0.0,0.0,0.0,-0.0,-0.0,-0.0,0.0,0.0,0.0,0.0,-0.0,-0.0
1753295893.8956957,-0.0,0.0,0.0,-0.0,-0.0,-0.0,0.0,0.0,0.0,0.0,-0.0,-0.0
1753295893.9056692,-0.0,0.0,0.0,-0.0,-0.0,-0.0,0.0,0.0,0.0,0.0,-0.0,-0.0
1753295893.9156623,-0.0,0.0,0.0,-0.0,-0.0,-0.0,0.0,0.0,0.0,0.0,-0.0,-0.0
1753295893.9256866,-0.0,0.0,0.0,-0.0,-0.0,-0.0,0.0,0.0,0.0,0.0,-0.0,-0.0
1753295893.935704,-0.0,0.0,0.0,-0.0,-0.0,-0.0,0.0,0.0,0.0,0.0,-0.0,-0.0
1753295893.9457126,-0.0,0.0,0.0,-0.0,-0.0,-0.0,0.0,0.0,0.0,0.0,-0.0,-0.0
1753295893.9557178,-0.0,0.0,0.0,-0.0,-0.0,-0.0,0.0,0.0,0.0,0.0,-0.0,-0.0
1753295893.9656973,-0.0,0.0,0.0,-0.0,-0.0,-0.0,0.0,0.0,0.0,0.0,-0.0,-0.0
1753295893.9756851,-0.0,0.0,0.0,-0.0,-0.0,-0.0,0.0,0.0,0.0,0.0,-0.0,-0.0
1753295893.9856744,-0.0,0.0,0.0,-0.0,-0.0,-0.0,0.0,0.0,0.0,0.0,-0.0,-0.0
1753295893.995665,-0.0,0.0,0.0,-0.0,-0.0,-0.0,0.0,0.0,0.0,0.0,-0.0,-0.0
1753295894.00571,-0.0,0.0,0.0,-0.0,-0.0,-0.0,0.0,0.0,0.0,0.0,-0.0,-0.0
1753295894.0157104,-0.0,0.0,0.0,-0.0,-0.0,-0.0,0.0,0.0,0.0,0.0,-0.0,-0.0
1753295894.0257149,-0.0,0.0,0.0,-0.0,-0.0,-0.0,0.0,0.0,0.0,0.0,-0.0,-0.0
1753295894.0356574,-0.0,0.0,0.0,-0.0,-0.0,-0.0,0.0,0.0,0.0,0.0,-0.0,-0.0
1753295894.0457048,-0.0,0.0,0.0,-0.0,-0.0,-0.0,0.0,0.0,0.0,0.0,-0.0,-0.0
1753295894.055706,-0.0,0.0,0.0,-0.0,-0.0,-0.0,0.0,0.0,0.0,0.0,-0.0,-0.0
1753295894.0657032,-0.0,0.0,0.0,-0.0,-0.0,-0.0,0.0,0.0,0.0,0.0,-0.0,-0.0
1753295894.0757031,-0.0,0.0,0.0,-0.0,-0.0,-0.0,0.0,0.0,0.0,0.0,-0.0,-0.0
1753295894.0857105,-0.0,0.0,0.0,-0.0,-0.0,-0.0,0.0,0.0,0.0,0.0,-0.0,-0.0
1753295894.0956953,-0.0,0.0,0.0,-0.0,-0.0,-0.0,0.0,0.0,0.0,0.0,-0.0,-0.0
1753295894.1057222,-0.0,0.0,0.0,-0.0,-0.0,-0.0,0.0,0.0,0.0,0.0,-0.0,-0.0
1753295894.115704,-0.0,0.0,0.0,-0.0,-0.0,-0.0,0.0,0.0,0.0,0.0,-0.0,-0.0
1753295894.125687,-0.0,0.0,0.0,-0.0,-0.0,-0.0,0.0,0.0,0.0,0.0,-0.0,-0.0
1753295894.1357064,-0.0,0.0,0.0,-0.0,-0.0,-0.0,0.0,0.0,0.0,0.0,-0.0,-0.0
1753295894.1456864,-0.0,0.0,0.0,-0.0,-0.0,-0.0,0.0,0.0,0.0,0.0,-0.0,-0.0
1753295894.155698,-0.0,0.0,0.0,-0.0,-0.0,-0.0,0.0,0.0,0.0,0.0,-0.0,-0.0
1753295894.1657078,-0.0,0.0,0.0,-0.0,-0.0,-0.0,0.0,0.0,0.0,0.0,-0.0,-0.0
1753295894.175707,-0.0,0.0,0.0,-0.0,-0.0,-0.0,0.0,0.0,0.0,0.0,-0.0,-0.0
1753295894.1858435,-0.0,0.0,0.0,-0.0,-0.0,-0.0,0.0,0.0,0.0,0.0,-0.0,-0.0
1753295894.1957207,-0.0,0.0,0.0,-0.0,-0.0,-0.0,0.0,0.0,0.0,0.0,-0.0,-0.0
1753295894.2058282,-0.0,0.0,0.0,-0.0,-0.0,-0.0,0.0,0.0,0.0,0.0,-0.0,-0.0
1753295894.215713,-0.0,0.0,0.0,-0.0,-0.0,-0.0,0.0,0.0,0.0,0.0,-0.0,-0.0
1753295894.225721,-0.0,0.0,0.0,-0.0,-0.0,-0.0,0.0,0.0,0.0,0.0,-0.0,-0.0
1753295894.2356865,-0.0,0.0,0.0,-0.0,-0.0,-0.0,0.0,0.0,0.0,0.0,-0.0,-0.0
1753295894.2456882,-0.0,0.0,0.0,-0.0,-0.0,-0.0,0.0,0.0,0.0,0.0,-0.0,-0.0
1753295894.2556906,-0.0,0.0,0.0,-0.0,-0.0,-0.0,0.0,0.0,0.0,0.0,-0.0,-0.0
1753295894.2658339,-0.0,0.0,0.0,-0.0,-0.0,-0.0,0.0,0.0,0.0,0.0,-0.0,-0.0
1753295894.275723,-0.0,0.0,0.0,-0.0,-0.0,-0.0,0.0,0.0,0.0,0.0,-0.0,-0.0
1753295894.285754,-0.0,0.0,0.0,-0.0,-0.0,-0.0,0.0,0.0,0.0,0.0,-0.0,-0.0
1753295894.2957053,-0.0,0.0,0.0,-0.0,-0.0,-0.0,0.0,0.0,0.0,0.0,-0.0,-0.0
1753295894.3057084,-0.0,0.0,0.0,-0.0,-0.0,-0.0,0.0,0.0,0.0,0.0,-0.0,-0.0
1753295894.3157074,-0.0,0.0,0.0,-0.0,-0.0,-0.0,0.0,0.0,0.0,0.0,-0.0,-0.0
1753295894.32572,-0.0,0.0,0.0,-0.0,-0.0,-0.0,0.0,0.0,0.0,0.0,-0.0,-0.0
1753295894.335725,-0.0,0.0,0.0,-0.0,-0.0,-0.0,0.0,0.0,0.0,0.0,-0.0,-0.0
1753295894.3457067,-0.0,0.0,0.0,-0.0,-0.0,-0.0,0.0,0.0,0.0,0.0,-0.0,-0.0
1753295894.3557045,-0.0,0.0,0.0,-0.0,-0.0,-0.0,0.0,0.0,0.0,0.0,-0.0,-0.0
1753295894.365697,-0.0,0.0,0.0,-0.0,-0.0,-0.0,0.0,0.0,0.0,0.0,-0.0,-0.0
1753295894.375664,-0.0,0.0,0.0,-0.0,-0.0,-0.0,0.0,0.0,0.0,0.0,-0.0,-0.0
1753295894.3856752,-0.0,0.0,0.0,-0.0,-0.0,-0.0,0.0,0.0,0.0,0.0,-0.0,-0.0
1753295894.3956647,-0.0,0.0,0.0,-0.0,-0.0,-0.0,0.0,0.0,0.0,0.0,-0.0,-0.0
1753295894.4057186,-0.0,0.0,0.0,-0.0,-0.0,-0.0,0.0,0.0,0.0,0.0,-0.0,-0.0
1753295894.4157262,-0.0,0.0,0.0,-0.0,-0.0,-0.0,0.0,0.0,0.0,0.0,-0.0,-0.0
1753295894.4257178,-0.0,0.0,0.0,-0.0,-0.0,-0.0,0.0,0.0,0.0,0.0,-0.0,-0.0
1753295894.43571,-0.0,0.0,0.0,-0.0,-0.0,-0.0,0.0,0.0,0.0,0.0,-0.0,-0.0
1753295894.4457147,-0.0,0.0,0.0,-0.0,-0.0,-0.0,0.0,0.0,0.0,0.0,-0.0,-0.0
1753295894.455721,-0.0,0.0,0.0,-0.0,-0.0,-0.0,0.0,0.0,0.0,0.0,-0.0,-0.0
1753295894.4657326,-0.0,0.0,0.0,-0.0,-0.0,-0.0,0.0,0.0,0.0,0.0,-0.0,-0.0
1753295894.4757414,-0.0,0.0,0.0,-0.0,-0.0,-0.0,0.0,0.0,0.0,0.0,-0.0,-0.0
1753295894.4856992,-0.0,0.0,0.0,-0.0,-0.0,-0.0,0.0,0.0,0.0,0.0,-0.0,-0.0
1753295894.4957235,-0.0,0.0,0.0,-0.0,-0.0,-0.0,0.0,0.0,0.0,0.0,-0.0,-0.0
1753295894.505743,-0.0,0.0,0.0,-0.0,-0.0,-0.0,0.0,0.0,0.0,0.0,-0.0,-0.0
1753295894.5157747,-0.0,0.0,0.0,-0.0,-0.0,-0.0,0.0,0.0,0.0,0.0,-0.0,-0.0
1753295894.525693,-0.0,0.0,0.0,-0.0,-0.0,-0.0,0.0,0.0,0.0,0.0,-0.0,-0.0
1753295894.5357072,-0.0,0.0,0.0,-0.0,-0.0,-0.0,0.0,0.0,0.0,0.0,-0.0,-0.0
1753295894.5456772,-0.0,0.0,0.0,-0.0,-0.0,-0.0,0.0,0.0,0.0,0.0,-0.0,-0.0
1753295894.5556755,-0.0,0.0,0.0,-0.0,-0.0,-0.0,0.0,0.0,0.0,0.0,-0.0,-0.0
1753295894.565684,-0.0,0.0,0.0,-0.0,-0.0,-0.0,0.0,0.0,0.0,0.0,-0.0,-0.0
1753295894.575713,-0.0,0.0,0.0,-0.0,-0.208333358168602,-0.0,0.0,0.0,0.0,0.0,-0.0,-0.0
1753295894.5857527,-0.0,0.0,0.0,-0.0,-0.0,-0.0,0.0,0.0,0.0,0.0,-0.0,-0.0
1753295894.5957181,-0.0,0.0,0.0,-0.0,-0.0,-0.0,0.0,0.0,0.0,0.0,-0.0,-0.0
1753295894.6057127,-0.0,0.0,0.0,-0.0,-0.0,-0.0,0.0,0.0,0.0,0.0,-0.0,-0.0
1753295894.6157234,-0.0,0.0,0.0,-0.0,-0.0,-0.0,0.0,0.0,0.0,0.0,-0.0,-0.0
1753295894.6257136,-0.0,0.0,0.0,-0.0,-0.0,-0.0,0.0,0.0,0.0,0.0,-0.0,-0.0
1753295894.6357183,-0.0,0.0,0.0,-0.0,-0.0,-0.0,0.0,0.0,0.0,0.0,-0.0,-0.0
1753295894.6457124,-0.0,0.0,0.0,-0.0,-0.0,-0.0,0.0,0.0,0.0,0.0,-0.0,-0.0
1753295894.6557376,-0.0,0.0,0.0,-0.0,-0.0,-0.0,0.0,0.0,0.0,0.0,-0.0,-0.0
1753295894.6656978,-0.0,0.0,0.0,-0.0,-0.0,-0.0,0.0,0.0,0.0,0.0,-0.0,-0.0
1753295894.675662,-0.0,0.0,0.0,-0.0,-0.0,-0.0,0.0,0.0,0.0,0.0,-0.0,-0.0
1753295894.6857245,-0.0,0.0,0.0,-0.0,-0.0,-0.0,0.0,0.0,0.0,0.0,-0.0,-0.0
1753295894.6956587,-0.0,0.0,0.0,-0.0,-0.0,-0.0,0.0,0.0,0.0,0.0,-0.0,-0.0
1753295894.7056792,-0.0,0.0,0.0,-0.0,-0.0,-0.0,0.0,0.0,0.0,0.0,-0.0,-0.0
1753295894.7156682,-0.0,0.0,0.0,-0.0,-0.0,-0.0,0.0,0.0,0.0,0.0,-0.0,-0.0
1753295894.7256656,-0.0,0.0,0.0,-0.0,-0.0,-0.0,0.0,0.0,0.0,0.0,-0.0,-0.0
1753295894.7356753,-0.0,0.0,0.0,-0.0,-0.0,-0.0,0.0,0.0,0.0,0.0,-0.0,-0.0
1753295894.7456684,-0.0,0.0,0.0,-0.0,-0.0,-0.0,0.0,0.0,0.0,0.0,-0.0,-0.0
1753295894.755684,-0.0,0.0,0.0,-0.0,-0.0,-0.0,0.0,0.0,0.0,0.0,-0.0,-0.0
1753295894.7656796,-0.0,0.0,0.0,-0.0,-0.0,-0.0,0.0,0.0,0.0,0.0,-0.0,-0.0
1753295894.7756767,-0.0,0.0,0.0,-0.0,-0.0,-0.0,0.0,0.0,0.0,0.0,-0.0,-0.0
1753295894.78569,-0.0,0.0,0.0,-0.0,-0.0,-0.0,0.0,0.0,0.0,0.0,-0.0,-0.0
1753295894.7956867,-0.0,0.0,0.0,-0.0,-0.0,-0.0,0.0,0.0,0.0,0.0,-0.0,-0.0
1753295894.8056948,-0.0,0.0,0.0,-0.0,-0.0,-0.0,0.0,0.0,0.0,0.0,-0.0,-0.0
1753295894.8156793,-0.0,0.0,0.0,-0.0,-0.0,-0.0,0.0,0.0,0.0,0.0,-0.0,-0.0
1753295894.8257074,-0.0,0.0,0.0,-0.0,-0.0,-0.0,0.0,0.0,0.0,0.0,-0.0,-0.0
1753295894.8357046,-0.0,0.0,0.0,-0.0,-0.0,-0.0,0.0,0.0,0.0,0.0,-0.0,-0.0
1753295894.845709,-0.0,0.0,0.0,-0.0,-0.0,-0.0,0.0,0.0,0.0,0.0,-0.0,-0.0
1753295894.8556583,-0.0,0.0,0.0,-0.0,-0.0,-0.0,0.0,0.0,0.0,0.0,-0.0,-0.0
1753295894.8656776,-0.0,0.0,0.0,-0.0,-0.0,-0.0,0.0,0.0,0.0,0.0,-0.0,-0.0
1753295894.8757086,-0.0,0.0,0.0,-0.0,-0.0,-0.0,0.0,0.0,0.0,0.0,-0.0,-0.0
1753295894.8857126,-0.0,0.0,0.0,-0.0,-0.0,-0.0,0.0,0.0,0.0,0.0,-0.0,-0.0
1753295894.895721,-0.0,0.0,0.0,-0.0,-0.0,-0.0,0.0,0.0,0.0,0.0,-0.0,-0.0
1753295894.9057224,-0.0,0.0,0.0,-0.0,-0.0,-0.0,0.0,0.0,0.0,0.0,-0.0,-0.0
1753295894.9157212,-0.0,0.0,0.0,-0.0,-0.0,-0.0,0.0,0.0,0.0,0.0,-0.0,-0.0
1753295894.9257152,-0.0,0.0,0.0,-0.0,-0.0,-0.0,0.0,0.0,0.0,0.0,-0.0,-0.0
1753295894.935694,-0.0,0.0,0.0,-0.0,-0.0,-0.0,0.0,0.0,0.0,0.0,-0.0,-0.0
1753295894.945708,-0.0,0.0,0.0,-0.0,-0.0,-0.0,0.0,0.0,0.0,0.0,-0.0,-0.0
1753295894.9556634,-0.0,0.0,0.0,-0.0,-0.0,-0.0,0.0,0.0,0.0,0.0,-0.0,-0.0
1753295894.9656644,-0.0,0.0,0.0,-0.0,-0.0,-0.0,0.0,0.0,0.0,0.0,-0.0,-0.0
1753295894.9756677,-0.0,0.0,0.0,-0.0,-0.0,-0.0,0.0,0.0,0.0,0.0,-0.0,-0.0
1753295894.985683,-0.0,0.0,0.0,-0.0,-0.0,-0.0,0.0,0.0,0.0,0.0,-0.0,-0.0
1753295894.995725,-0.0,0.0,0.0,-0.0,-0.0,-0.0,0.0,0.0,0.0,0.0,-0.0,-0.0
1753295895.0057297,-0.0,0.0,0.0,-0.0,-0.0,-0.0,0.0,0.0,0.0,0.0,-0.0,-0.0
1753295895.0156915,-0.0,0.0,0.0,-0.0,-0.0,-0.0,0.0,0.0,0.0,0.0,-0.0,-0.0
1753295895.0257266,-0.0,0.0,0.0,-0.0,-0.0,-0.0,0.0,0.0,0.0,0.0,-0.0,-0.0
1753295895.0356693,-0.0,0.0,0.0,-0.0,-0.0,-0.0,0.0,0.0,0.0,0.0,-0.0,-0.0
1753295895.0456767,-0.0,0.0,0.0,-0.0,-0.0,-0.0,0.0,0.0,0.0,0.0,-0.0,-0.0
1753295895.0556712,-0.0,0.0,0.0,-0.0,-0.0,-0.0,0.0,0.0,0.0,0.0,-0.0,-0.0
1753295895.0656705,-0.0,0.0,0.0,-0.0,-0.0,-0.0,0.0,0.0,0.0,0.0,-0.0,-0.0
1753295895.0757194,-0.0,0.0,0.0,-0.0,-0.0,-0.0,0.0,0.0,0.0,0.0,-0.0,-0.0
1753295895.0856664,-0.0,0.0,0.0,-0.0,-0.0,-0.0,0.0,0.0,0.0,0.0,-0.0,-0.0
1753295895.095782,-0.0,0.0,0.0,-0.0,-0.0,-0.0,0.0,0.0,0.0,0.0,-0.0,-0.0
1753295895.105684,-0.0,0.0,0.0,-0.0,-0.0,-0.0,0.0,0.0,0.0,0.0,-0.0,-0.0
1753295895.1156623,-0.0,0.0,0.0,-0.0,-0.0,-0.0,0.0,0.0,0.0,0.0,-0.0,-0.0
1753295895.1257179,-0.0,0.0,0.0,-0.0,-0.0,-0.0,0.0,0.0,0.0,0.0,-0.0,-0.0
1753295895.1356747,-0.0,0.0,0.0,-0.0,-0.0,-0.0,0.0,0.0,0.0,0.0,-0.0,-0.0
1753295895.1457114,-0.0,0.0,0.0,-0.0,-0.0,-0.0,0.0,0.0,0.0,0.0,-0.0,-0.0
1753295895.155732,-0.0,0.0,0.0,-0.0,-0.0,-0.0,0.0,0.0,0.0,0.0,-0.0,-0.0
1753295895.1656868,-0.0,0.0,0.0,-0.0,-0.0,-0.0,0.0,0.0,0.0,0.0,-0.0,-0.0
1753295895.1757295,-0.0,0.0,0.0,-0.0,-0.0,-0.0,0.0,0.0,0.0,0.0,-0.0,-0.0
1753295895.1856816,-0.0,0.0,0.0,-0.0,-0.0,-0.0,0.0,0.0,0.0,0.0,-0.0,-0.0
1753295895.1956677,-0.0,0.0,0.0,-0.0,-0.0,-0.0,0.0,0.0,0.0,0.0,-0.0,-0.0
1753295895.2056742,-0.0,0.0,0.0,-0.0,-0.0,-0.0,0.0,0.0,0.0,0.0,-0.0,-0.0
1753295895.215683,-0.0,0.0,0.0,-0.0,-0.0,-0.0,0.0,0.0,0.0,0.0,-0.0,-0.0
1753295895.2256806,-0.0,0.0,0.0,-0.0,-0.0,-0.0,0.0,0.0,0.0,0.0,-0.0,-0.0
1753295895.2356732,-0.0,0.0,0.0,-0.0,-0.0,-0.0,0.0,0.0,0.0,0.0,-0.0,-0.0
1753295895.2457225,-0.0,0.0,0.0,-0.0,-0.0,-0.0,0.0,0.0,0.0,0.0,-0.0,-0.0
1753295895.2556798,-0.0,0.0,0.0,-0.0,-0.0,-0.0,0.0,0.0,0.0,0.0,-0.0,-0.0
1753295895.2656746,-0.0,0.0,0.0,-0.0,-0.0,-0.0,0.0,0.0,0.0,0.0,-0.0,-0.0
1753295895.2756758,-0.0,0.0,0.0,-0.0,-0.0,-0.0,0.0,0.0,0.0,0.0,-0.0,-0.0
1753295895.285685,-0.0,0.0,0.0,-0.0,-0.0,-0.0,0.0,0.0,0.0,0.0,-0.0,-0.0
1753295895.295673,-0.0,0.0,0.0,-0.0,-0.0,-0.0,0.0,0.0,0.0,0.0,-0.0,-0.0
1753295895.3056712,-0.0,0.0,0.0,-0.0,-0.0,-0.0,0.0,0.0,0.0,0.0,-0.0,-0.0
1753295895.3156679,-0.0,0.0,0.0,-0.0,-0.0,-0.0,0.0,0.0,0.0,0.0,-0.0,-0.0
1753295895.325668,-0.0,0.0,0.0,-0.0,-0.0,-0.0,0.0,0.0,0.0,0.0,-0.0,-0.0
1753295895.3356733,-0.0,0.0,0.0,-0.0,-0.0,-0.0,0.0,0.0,0.0,0.0,-0.0,-0.0
1753295895.3456814,-0.0,0.0,0.0,-0.0,-0.0,-0.0,0.0,0.0,0.0,0.0,-0.0,-0.0
1753295895.35567,-0.0,0.0,0.0,-0.0,-0.0,-0.0,0.0,0.0,0.0,0.0,-0.0,-0.0
1753295895.3657107,-0.0,0.0,0.0,-0.0,-0.0,-0.0,0.0,0.0,0.0,0.0,-0.0,-0.0
1753295895.3756804,-0.0,0.0,0.0,-0.0,-0.0,-0.0,0.0,0.0,0.0,0.0,-0.0,-0.0
1753295895.3857615,-0.0,0.0,0.0,-0.0,-0.0,-0.0,0.0,0.0,0.0,0.0,-0.0,-0.0
1753295895.395687,-0.0,0.0,0.0,-0.0,-0.0,-0.0,0.0,0.0,0.0,0.0,-0.0,-0.0
1753295895.4057143,-0.0,0.0,0.0,-0.0,-0.0,-0.0,0.0,0.0,0.0,0.0,-0.0,-0.0
1753295895.415733,-0.0,0.0,0.0,-0.0,-0.0,-0.0,0.0,0.0,0.0,0.0,-0.0,-0.0
1753295895.4257026,-0.0,0.0,0.0,-0.0,-0.0,-0.0,0.0,0.0,0.0,0.0,-0.0,-0.0
1753295895.4357352,-0.0,0.0,0.0,-0.0,-0.0,-0.0,0.0,0.0,0.0,0.0,-0.0,-0.0
1753295895.4456742,-0.0,0.0,0.0,-0.0,-0.0,-0.0,0.0,0.0,0.0,0.0,-0.0,-0.0
1753295895.4557335,-0.0,0.0,0.0,-0.0,-0.0,-0.0,0.0,0.0,0.0,0.0,-0.0,-0.0
1753295895.465677,-0.0,0.0,0.0,-0.0,-0.0,-0.0,0.0,0.0,0.0,0.0,-0.0,-0.0
1753295895.4756744,-0.0,0.0,0.0,-0.0,-0.0,-0.0,0.0,0.0,0.0,0.0,-0.0,-0.0
1753295895.4857259,-0.0,0.0,0.0,-0.0,-0.0,-0.0,0.0,0.0,0.0,0.0,-0.0,-0.0
1753295895.495679,-0.0,0.0,0.0,-0.0,-0.0,-0.0,0.0,0.0,0.0,0.0,-0.0,-0.0
1753295895.5057247,-0.0,0.0,0.0,-0.0,-0.0,-0.0,0.0,0.0,0.0,0.0,-0.0,-0.0
1753295895.5157423,-0.0,0.0,0.0,-0.0,-0.0,-0.0,0.0,0.0,0.0,0.0,-0.0,-0.0
1753295895.5256927,-0.0,0.0,0.0,-0.0,-0.0,-0.0,0.0,0.0,0.0,0.0,-0.0,-0.0
1753295895.5356836,-0.0,0.0,0.0,-0.0,-0.0,-0.0,0.0,0.0,0.0,0.0,-0.0,-0.0
1753295895.5456758,-0.0,0.0,0.0,-0.0,-0.0,-0.0,0.0,0.0,0.0,0.0,-0.0,-0.0
1753295895.5557115,-0.0,0.0,0.0,-0.0,-0.0,-0.0,0.0,0.0,0.0,0.0,-0.0,-0.0
1753295895.5657372,-0.0,0.0,0.0,-0.0,-0.0,-0.0,0.0,0.0,0.0,0.0,-0.0,-0.0
1753295895.5757058,-0.0,0.0,0.0,-0.0,-0.0,-0.0,0.0,0.0,0.0,0.0,-0.0,-0.0
1753295895.5857296,-0.0,0.0,0.0,-0.0,-0.0,-0.0,0.0,0.0,0.0,0.0,-0.0,-0.0
1753295895.595762,-0.0,0.0,0.0,-0.0,-0.0,-0.0,0.0,0.0,0.0,0.0,-0.0,-0.0
1753295895.6057072,-0.0,0.0,0.0,-0.0,-0.0,-0.0,0.0,0.0,0.0,0.0,-0.0,-0.0
1753295895.6157055,-0.0,0.0,0.0,-0.0,-0.0,-0.0,0.0,0.0,0.0,0.0,-0.0,-0.0
1753295895.6257007,-0.0,0.0,0.0,-0.0,-0.0,-0.0,0.0,0.0,0.0,0.0,-0.0,-0.0
1753295895.6356993,-0.0,0.0,0.0,-0.0,-0.0,-0.0,0.0,0.0,0.0,0.0,-0.0,-0.0
1753295895.6456995,-0.0,0.0,0.0,-0.0,-0.0,-0.0,0.0,0.0,0.0,0.0,-0.0,-0.0
1753295895.6556966,-0.0,0.0,0.0,-0.0,-0.0,-0.0,0.0,0.0,0.0,0.0,-0.0,-0.0
1753295895.665687,-0.0,0.0,0.0,-0.0,-0.0,-0.0,0.0,0.0,0.0,0.0,-0.0,-0.0
1753295895.6757395,-0.0,0.0,0.0,-0.0,-0.0,-0.0,0.0,0.0,0.0,0.0,-0.0,-0.0
1753295895.6857374,-0.0,0.0,0.0,-0.0,-0.0,-0.0,0.0,0.0,0.0,0.0,-0.0,-0.0
1753295895.695742,-0.0,0.0,0.0,-0.0,-0.0,-0.0,0.0,0.0,0.0,0.0,-0.0,-0.0
1753295895.705734,-0.0,0.0,0.0,-0.0,-0.0,-0.0,0.0,0.0,0.0,0.0,-0.0,-0.0
1753295895.7157395,-0.0,0.0,0.0,-0.0,-0.0,-0.0,0.0,0.0,0.0,0.0,-0.0,-0.0
1753295895.7257316,-0.0,0.0,0.0,-0.0,-0.0,-0.0,0.0,0.0,0.0,0.0,-0.0,-0.0
1753295895.7356992,-0.0,0.0,0.0,-0.0,-0.0,-0.0,0.0,0.0,0.0,0.0,-0.0,-0.0
1753295895.7457352,-0.0,0.0,0.0,-0.0,-0.0,-0.0,0.0,0.0,0.0,0.0,-0.0,-0.0
1753295895.7557302,-0.0,0.0,0.0,-0.0,-0.0,-0.0,0.0,0.0,0.0,0.0,-0.0,-0.0
1753295895.765743,-0.0,0.0,0.0,-0.0,-0.0,-0.0,0.0,0.0,0.0,0.0,-0.0,-0.0
1753295895.775751,-0.0,0.0,0.0,-0.0,-0.0,-0.0,0.0,0.0,0.0,0.0,-0.0,-0.0
1753295895.7857506,-0.0,0.0,0.0,-0.0,-0.0,-0.0,0.0,0.0,0.0,0.0,-0.0,-0.0
1753295895.7957413,-0.0,0.0,0.0,-0.0,-0.0,-0.0,0.0,0.0,0.0,0.0,-0.0,-0.0
1753295895.805741,-0.0,0.0,0.0,-0.0,-0.0,-0.0,0.0,0.0,0.0,0.0,-0.0,-0.0
1753295895.8157384,-0.0,0.0,0.0,-0.0,-0.0,-0.0,0.0,0.0,0.0,0.0,-0.0,-0.0
1753295895.825741,-0.0,0.0,0.0,-0.0,-0.0,-0.0,0.0,0.0,0.0,0.0,-0.0,-0.0
1753295895.8357513,-0.0,0.0,0.0,-0.0,-0.0,-0.0,0.0,0.0,0.0,0.0,-0.0,-0.0
1753295895.8457403,-0.0,0.0,0.0,-0.0,-0.0,-0.0,0.0,0.0,0.0,0.0,-0.0,-0.0
1753295895.855739,-0.0,0.0,0.0,-0.0,-0.0,-0.0,0.0,0.0,0.0,0.0,-0.0,-0.0
1753295895.8657403,-0.0,0.0,0.0,-0.0,-0.0,-0.0,0.0,0.0,0.0,0.0,-0.0,-0.0
1753295895.87574,-0.0,0.0,0.0,-0.0,-0.0,-0.0,0.0,0.0,0.0,0.0,-0.0,-0.0
1753295895.885753,-0.0,0.0,0.0,-0.0,-0.0,-0.0,0.0,0.0,0.0,0.0,-0.0,-0.0
1753295895.8956954,-0.0,0.0,0.0,-0.0,-0.0,-0.0,0.0,0.0,0.0,0.0,-0.0,-0.0
1753295895.9057434,-0.0,0.0,0.0,-0.0,-0.0,-0.0,0.0,0.0,0.0,0.0,-0.0,-0.0
1753295895.9157379,-0.0,0.0,0.0,-0.0,-0.0,-0.0,0.0,0.0,0.0,0.0,-0.0,-0.0
1753295895.9257512,-0.0,0.0,0.0,-0.0,-0.0,-0.0,0.0,0.0,0.0,0.0,-0.0,-0.0
1753295895.9357455,-0.0,0.0,0.0,-0.0,-0.0,-0.0,0.0,0.0,0.0,0.0,-0.0,-0.0
1753295895.9457426,-0.0,0.0,0.0,-0.0,-0.0,-0.0,0.0,0.0,0.0,0.0,-0.0,-0.0
1753295895.9557004,-0.0,0.0,0.0,-0.0,-0.0,-0.0,0.0,0.0,0.0,0.0,-0.0,-0.0
1753295895.9657323,-0.0,0.0,0.0,-0.0,-0.0,-0.0,0.0,0.0,0.0,0.0,-0.0,-0.0
1753295895.9757717,-0.0,0.0,0.0,-0.0,-0.0,-0.0,0.0,0.0,0.0,0.0,-0.0,-0.0
1753295895.985718,-0.0,0.0,0.0,-0.0,-0.0,-0.0,0.0,0.0,0.0,0.0,-0.0,-0.0
1753295895.9957545,-0.0,0.0,0.0,-0.0,-0.0,-0.0,0.0,0.0,0.0,0.0,-0.0,-0.0
1753295896.0057573,-0.0,0.0,0.0,-0.0,-0.0,-0.0,0.0,0.0,0.0,0.0,-0.0,-0.0
1753295896.015753,-0.0,0.0,0.0,-0.0,-0.0,-0.0,0.0,0.0,0.0,0.0,-0.0,-0.0
1753295896.025752,-0.0,0.0,0.0,-0.0,-0.0,-0.0,0.0,0.0,0.0,0.0,-0.0,-0.0
1753295896.0357475,-0.0,0.0,0.0,-0.0,-0.0,-0.0,0.0,0.0,0.0,0.0,-0.0,-0.0
1753295896.0457528,-0.0,0.0,0.0,-0.0,-0.0,-0.0,0.0,0.0,0.0,0.0,-0.0,-0.0
1753295896.05575,-0.0,0.0,0.0,-0.0,-0.0,-0.0,0.0,0.0,0.0,0.0,-0.0,-0.0
1753295896.0657496,-0.0,0.0,0.0,-0.0,-0.0,-0.0,0.0,0.0,0.0,0.0,-0.0,-0.0
1753295896.075749,-0.0,0.0,0.0,-0.0,-0.0,-0.0,0.0,0.0,0.0,0.0,-0.0,-0.0
1753295896.0857604,-0.0,0.0,0.0,-0.0,-0.0,-0.0,0.0,0.0,0.0,0.0,-0.0,-0.0
1753295896.0957472,-0.0,0.0,0.0,-0.0,-0.0,-0.0,0.0,0.0,0.0,0.0,-0.0,-0.0
1753295896.1057491,-0.0,0.0,0.0,-0.0,-0.0,-0.0,0.0,0.0,0.0,0.0,-0.0,-0.0
1753295896.1157496,-0.0,0.0,0.0,-0.0,-0.0,-0.0,0.0,0.0,0.0,0.0,-0.0,-0.0
1753295896.125706,-0.0,0.0,0.0,-0.0,-0.0,-0.0,0.0,0.0,0.0,0.0,-0.0,-0.0
1753295896.1357138,-0.0,0.0,0.0,-0.0,-0.0,-0.0,0.0,0.0,0.0,0.0,-0.0,-0.0
1753295896.1457114,-0.0,0.0,0.0,-0.0,-0.0,-0.0,0.0,0.0,0.0,0.0,-0.0,-0.0
1753295896.155709,-0.0,0.0,0.0,-0.0,-0.0,-0.0,0.0,0.0,0.0,0.0,-0.0,-0.0
1753295896.1657147,-0.0,0.0,0.0,-0.0,-0.0,-0.0,0.0,0.0,0.0,0.0,-0.0,-0.0
1753295896.175711,-0.0,0.0,0.0,-0.0,-0.0,-0.0,0.0,0.0,0.0,0.0,-0.0,-0.0
1753295896.185712,-0.0,0.0,0.0,-0.0,-0.0,-0.0,0.0,0.0,0.0,0.0,-0.0,-0.0
1753295896.1957655,-0.0,0.0,0.0,-0.0,-0.0,-0.0,0.0,0.0,0.0,0.0,-0.0,-0.0
1753295896.2057679,-0.0,0.0,0.0,-0.0,-0.0,-0.0,0.0,0.0,0.0,0.0,-0.0,-0.0
1753295896.2157464,-0.0,0.0,0.0,-0.0,-0.0,-0.0,0.0,0.0,0.0,0.0,-0.0,-0.0
1753295896.2257504,-0.0,0.0,0.0,-0.0,-0.0,-0.0,0.0,0.0,0.0,0.0,-0.0,-0.0
1753295896.2357643,-0.0,0.0,0.0,-0.0,-0.0,-0.0,0.0,0.0,0.0,0.0,-0.0,-0.0
1753295896.2457414,-0.0,0.0,0.0,-0.0,-0.0,-0.0,0.0,0.0,0.0,0.0,-0.0,-0.0
1753295896.2557604,-0.0,0.0,0.0,-0.0,-0.0,-0.0,0.0,0.0,0.0,0.0,-0.0,-0.0
1753295896.2658048,-0.0,0.0,0.0,-0.0,-0.0,-0.0,0.0,0.0,0.0,0.0,-0.0,-0.0
1753295896.275784,-0.0,0.0,0.0,-0.0,-0.0,-0.0,0.0,0.0,0.0,0.0,-0.0,-0.0
1753295896.285706,-0.0,0.0,0.0,-0.0,-0.0,-0.0,0.0,0.0,0.0,0.0,-0.0,-0.0
1753295896.2957757,-0.0,0.0,0.0,-0.0,-0.0,-0.0,0.0,0.0,0.0,0.0,-0.0,-0.0
1753295896.3057454,-0.0,0.0,0.0,-0.0,-0.0,-0.0,0.0,0.0,0.0,0.0,-0.0,-0.0
1753295896.3157778,-0.0,0.0,0.0,-0.0,-0.0,-0.0,0.0,0.0,0.0,0.0,-0.0,-0.0
1753295896.325756,-0.0,0.0,0.0,-0.0,-0.0,-0.0,0.0,0.0,0.0,0.0,-0.0,-0.0
1753295896.3358011,-0.0,0.0,0.0,-0.0,-0.0,-0.0,0.0,0.0,0.0,0.0,-0.0,-0.0
1753295896.3457282,-0.0,0.0,0.0,-0.0,-0.0,-0.0,0.0,0.0,0.0,0.0,-0.0,-0.0
1753295896.3557653,-0.0,0.0,0.0,-0.0,-0.0,-0.0,0.0,0.0,0.0,0.0,-0.0,-0.0
1753295896.3658075,-0.0,0.0,0.0,-0.0,-0.0,-0.0,0.0,0.0,0.0,0.0,-0.0,-0.0
1753295896.3757238,-0.0,0.0,0.0,-0.0,-0.0,-0.0,0.0,0.0,0.0,0.0,-0.0,-0.0
1753295896.385736,-0.0,0.0,0.0,-0.0,-0.0,-0.0,0.0,0.0,0.0,0.0,-0.0,-0.0
1753295896.3957763,-0.0,0.0,0.0,-0.0,-0.0,-0.0,0.0,0.0,0.0,0.0,-0.0,-0.0
1753295896.4058037,-0.0,0.0,0.0,-0.0,-0.0,-0.0,0.0,0.0,0.0,0.0,-0.0,-0.0
1753295896.415751,-0.0,0.0,0.0,-0.0,-0.0,-0.0,0.0,0.0,0.0,0.0,-0.0,-0.0
1753295896.425796,-0.0,0.0,0.0,-0.0,-0.0,-0.0,0.0,0.0,0.0,0.0,-0.0,-0.0
1753295896.4357152,-0.0,0.0,0.0,-0.0,-0.0,-0.0,0.0,0.0,0.0,0.0,-0.0,-0.0
1753295896.4457552,-0.0,0.0,0.0,-0.0,-0.0,-0.0,0.0,0.0,0.0,0.0,-0.0,-0.0
1753295896.4557507,-0.0,0.0,0.0,-0.0,-0.0,-0.0,0.0,0.0,0.0,0.0,-0.0,-0.0
1753295896.4657896,-0.0,0.0,0.0,-0.0,-0.0,-0.0,0.0,0.0,0.0,0.0,-0.0,-0.0
1753295896.4757895,-0.0,0.0,0.0,-0.0,-0.0,-0.0,0.0,0.0,0.0,0.0,-0.0,-0.0
1753295896.48576,-0.0,0.0,0.0,-0.0,-0.0,-0.0,0.0,0.0,0.0,0.0,-0.0,-0.0
1753295896.49579,-0.0,0.0,0.0,-0.0,-0.0,-0.0,0.0,0.0,0.0,0.0,-0.0,-0.0
1753295896.5057752,-0.0,0.0,0.0,-0.0,-0.0,-0.0,0.0,0.0,0.0,0.0,-0.0,-0.0
1753295896.5157244,-0.0,0.0,0.0,-0.0,-0.0,-0.0,0.0,0.0,0.0,0.0,-0.0,-0.0
1753295896.525762,-0.0,0.0,0.0,-0.0,-0.0,-0.0,0.0,0.0,0.0,0.0,-0.0,-0.0
1753295896.5357478,-0.0,0.0,0.0,-0.0,-0.0,-0.0,0.0,0.0,0.0,0.0,-0.0,-0.0
1753295896.5457318,-0.0,0.0,0.0,-0.0,-0.0,-0.0,0.0,0.0,0.0,0.0,-0.0,-0.0
1753295896.5557342,-0.0,0.0,0.0,-0.0,-0.0,-0.0,0.0,0.0,0.0,0.0,-0.0,-0.0
1753295896.5657115,-0.0,0.0,0.0,-0.0,-0.0,-0.0,0.0,0.0,0.0,0.0,-0.0,-0.0
1753295896.5757194,-0.0,0.0,0.0,-0.0,-0.0,-0.0,0.0,0.0,0.0,0.0,-0.0,-0.0
1753295896.5857363,-0.0,0.0,0.0,-0.0,-0.0,-0.0,0.0,0.0,0.0,0.0,-0.0,-0.0
1753295896.5957284,-0.0,0.0,0.0,-0.0,-0.0,-0.0,0.0,0.0,0.0,0.0,-0.0,-0.0
1753295896.6057713,-0.0,0.0,0.0,-0.0,-0.0,-0.0,0.0,0.0,0.0,0.0,-0.0,-0.0
1753295896.6157587,-0.0,0.0,0.0,-0.0,-0.0,-0.0,0.0,0.0,0.0,0.0,-0.0,-0.0
1753295896.6257482,-0.0,0.0,0.0,-0.0,-0.0,-0.0,0.0,0.0,0.0,0.0,-0.0,-0.0
1753295896.6357346,-0.0,0.0,0.0,-0.0,-0.0,-0.0,0.0,0.0,0.0,0.0,-0.0,-0.0
1753295896.6457438,-0.0,0.0,0.0,-0.0,-0.0,-0.0,0.0,0.0,0.0,0.0,-0.0,-0.0
1753295896.6557534,-0.0,0.0,0.0,-0.0,-0.0,-0.0,0.0,0.0,0.0,0.0,-0.0,-0.0
1753295896.6657474,-0.0,0.0,0.0,-0.0,-0.0,-0.0,0.0,0.0,0.0,0.0,-0.0,-0.0
1753295896.6757483,-0.0,0.0,0.0,-0.0,-0.0,-0.0,0.0,0.0,0.0,0.0,-0.0,-0.0
1753295896.6857593,-0.0,0.0,0.0,-0.0,-0.0,-0.0,0.0,0.0,0.0,0.0,-0.0,-0.0
1753295896.695749,-0.0,0.0,0.0,-0.0,-0.0,-0.0,0.0,0.0,0.0,0.0,-0.0,-0.0
1753295896.7057614,-0.0,0.0,0.0,-0.0,-0.0,-0.0,0.0,0.0,0.0,0.0,-0.0,-0.0
1753295896.715737,-0.0,0.0,0.0,-0.0,-0.0,-0.0,0.0,0.0,0.0,0.0,-0.0,-0.0
1753295896.7257636,-0.0,0.0,0.0,-0.0,-0.0,-0.0,0.0,0.0,0.0,0.0,-0.0,-0.0
1753295896.7357385,-0.0,0.0,0.0,-0.0,-0.0,-0.0,0.0,0.0,0.0,0.0,-0.0,-0.0
1753295896.7457466,-0.0,0.0,0.0,-0.0,-0.0,-0.0,0.0,0.0,0.0,0.0,-0.0,-0.0
1753295896.7557468,-0.0,0.0,0.0,-0.0,-0.0,-0.0,0.0,0.0,0.0,0.0,-0.0,-0.0
1753295896.7657876,-0.0,0.0,0.0,-0.0,-0.0,-0.0,0.0,0.0,0.0,0.0,-0.0,-0.0
1753295896.7757459,-0.0,0.0,0.0,-0.0,-0.0,-0.0,0.0,0.0,0.0,0.0,-0.0,-0.0
1753295896.785729,-0.0,0.0,0.0,-0.0,-0.0,-0.0,0.0,0.0,0.0,0.0,-0.0,-0.0
1753295896.7957485,-0.0,0.0,0.0,-0.0,-0.0,-0.0,0.0,0.0,0.0,0.0,-0.0,-0.0
1753295896.8057506,-0.0,0.0,0.0,-0.0,-0.0,-0.0,0.0,0.0,0.0,0.0,-0.0,-0.0
1753295896.8157265,-0.0,0.0,0.0,-0.0,-0.0,-0.0,0.0,0.0,0.0,0.0,-0.0,-0.0
1753295896.8257453,-0.0,0.0,0.0,-0.0,-0.0,-0.0,0.0,0.0,0.0,0.0,-0.0,-0.0
1753295896.8357286,-0.0,0.0,0.0,-0.0,-0.0,-0.0,0.0,0.0,0.0,0.0,-0.0,-0.0
1753295896.845735,-0.0,0.0,0.0,-0.0,-0.0,-0.0,0.0,0.0,0.0,0.0,-0.0,-0.0
1753295896.855745,-0.0,0.0,0.0,-0.0,-0.0,-0.0,0.0,0.0,0.0,0.0,-0.0,-0.0
1753295896.8657615,-0.0,0.0,0.0,-0.0,-0.0,-0.0,0.0,0.0,0.0,0.0,-0.0,-0.0
1753295896.87573,-0.0,0.0,0.0,-0.0,-0.0,-0.0,0.0,0.0,0.0,0.0,-0.0,-0.0
1753295896.8857667,-0.0,0.0,0.0,-0.0,-0.0,-0.0,0.0,0.0,0.0,0.0,-0.0,-0.0
1753295896.895727,-0.0,0.0,0.0,-0.0,-0.0,-0.0,0.0,0.0,0.0,0.0,-0.0,-0.0
1753295896.9057696,-0.0,0.0,0.0,-0.0,-0.0,-0.0,0.0,0.0,0.0,0.0,-0.0,-0.0
1753295896.9157364,-0.0,0.0,0.0,-0.0,-0.0,-0.0,0.0,0.0,0.0,0.0,-0.0,-0.0
1753295896.925775,-0.0,0.0,0.0,-0.0,-0.0,-0.0,0.0,-0.20833338797092438,0.0,0.0,-0.0,-0.0
1753295896.9357371,-0.0,0.0,0.0,-0.0,-0.0,-0.0,0.0,0.0,0.0,0.0,-0.0,-0.0
1753295896.9457934,-0.0,0.0,0.0,-0.0,-0.0,-0.0,0.0,0.0,0.6250000596046448,0.0,-0.0,-0.0
1753295896.9557374,-0.0,-0.208333358168602,0.0,-0.0,-0.0,0.20833338797092438,0.0,0.0,0.0,0.0,-0.0,-0.0
1753295896.9659843,-0.0,0.0,0.6250000596046448,-0.0,-0.208333358168602,-0.0,0.0,0.0,0.0,0.0,-0.0,0.208333358168602
1753295896.9757354,-0.0,-0.6250000596046448,0.0,-0.0,-0.208333358168602,0.6250000596046448,0.0,0.0,0.20833338797092438,0.0,-0.208333358168602,-0.0
1753295896.9857771,-0.0,0.0,0.0,-0.0,-0.0,-0.0,0.0,-0.208333358168602,0.0,0.0,-0.0,0.208333358168602
1753295896.9957373,-0.0,-0.208333358168602,0.416666716337204,-0.0,-0.0,-0.0,0.0,0.0,0.833333432674408,0.0,-0.208333358168602,-0.0
1753295897.005751,-0.0,0.0,0.0,-0.0,-0.208333358168602,-0.0,0.0,0.0,0.20833338797092438,0.0,-0.0,0.6250000596046448
1753295897.0157335,-0.6250000596046448,-0.208333358168602,0.0,-0.0,-0.0,0.833333432674408,0.0,0.0,0.0,0.0,-0.6250000596046448,-0.0
1753295897.0257852,-0.0,0.0,0.416666716337204,-0.0,-0.416666716337204,0.208333358168602,0.0,-0.208333358168602,1.4583334922790527,0.0,-0.0,0.208333358168602
1753295897.0357196,-0.0,-0.20833338797092438,0.0,-0.0,-0.0,0.6250001192092896,0.0,0.0,0.0,0.0,-0.208333358168602,0.833333432674408
1753295897.0457654,-0.0,-0.208333358168602,0.0,-0.0,-0.20833343267440796,0.833333432674408,0.0,-0.833333432674408,1.0416667461395264,0.0,-0.0,-0.0
1753295897.0557597,-0.0,-0.20833343267440796,0.20833338797092438,-0.0,-1.0416667461395264,0.6250001192092896,0.0,0.0,0.41666677594184875,0.0,-0.0,0.416666716337204
1753295897.06572,-0.208333358168602,-1.4583334922790527,0.0,-0.0,-0.833333432674408,1.0416667461395264,0.0,-0.208333358168602,1.0416667461395264,0.0,-0.208333358168602,0.41666677594184875
1753295897.075756,-0.0,-1.0416667461395264,0.6250000596046448,0.208333358168602,-0.833333432674408,0.41666677594184875,0.0,-0.6250000596046448,0.6250001192092896,0.0,-0.0,0.833333432674408
1753295897.08573,-0.0,-1.2500001192092896,0.0,-0.0,-0.6250001192092896,0.6250001192092896,0.0,0.0,0.208333358168602,0.0,-0.416666716337204,0.6250001192092896
1753295897.0957773,-0.208333358168602,-1.4583334922790527,1.4583334922790527,0.208333358168602,-1.0416667461395264,-0.0,0.0,-0.833333432674408,0.6250000596046448,0.0,-0.208333358168602,0.20833343267440796
1753295897.1057725,-0.0,-0.6250002384185791,0.208333358168602,-0.0,-0.833333432674408,1.0416667461395264,0.0,0.0,0.208333358168602,0.208333358168602,-0.833333432674408,0.416666716337204
1753295897.1157184,-0.208333358168602,-0.20833353698253632,0.6250000596046448,0.208333358168602,-0.41666677594184875,0.208333358168602,0.0,-0.416666716337204,0.208333358168602,0.0,-0.208333358168602,0.20833338797092438
1753295897.1257193,-0.0,-0.41666677594184875,0.416666716337204,-0.0,-0.41666677594184875,0.416666716337204,0.0,-0.833333432674408,0.41666677594184875,0.0,-0.416666716337204,0.416666716337204
1753295897.1357179,-0.0,-0.208333358168602,1.0416667461395264,0.208333358168602,-0.0,0.833333432674408,0.0,0.0,0.833333432674408,0.208333358168602,-0.833333432674408,1.2500001192092896
1753295897.14572,-0.208333358168602,0.0,1.2500001192092896,-0.0,-0.6250001192092896,0.208333358168602,0.0,-0.833333432674408,0.41666677594184875,0.0,-0.0,0.41666677594184875
1753295897.155718,-0.0,-0.833333432674408,1.4583334922790527,-0.0,-0.208333358168602,0.208333358168602,0.0,-0.833333432674408,1.0416667461395264,0.208333358168602,-1.0416667461395264,1.0416667461395264
1753295897.165719,-0.833333432674408,0.0,0.833333432674408,0.208333358168602,-0.0,0.6250001192092896,-0.6250000596046448,-0.4166668653488159,1.2500001192092896,0.0,-0.6250001192092896,0.6250001192092896
1753295897.1757197,-0.0,-0.41666677594184875,1.2500001192092896,-0.0,-1.2500001192092896,0.833333432674408,0.0,-1.250000238418579,2.0833334922790527,0.208333358168602,-1.0416667461395264,1.0416667461395264
1753295897.1857564,-0.0,-1.4583334922790527,0.20833343267440796,0.6250000596046448,-0.416666716337204,0.833333432674408,0.0,-2.500000238418579,0.8333335518836975,0.208333358168602,-1.2500001192092896,1.250000238418579
1753295897.1957283,-0.0,-0.41666677594184875,1.4583334922790527,-0.0,-0.6250002384185791,0.833333432674408,0.0,-1.041666865348816,1.041666865348816,0.0,-0.6250002384185791,1.4583334922790527
1753295897.2057517,-0.0,-1.666666865348816,0.6250001192092896,0.833333432674408,-2.0833334922790527,1.875000238418579,0.0,-0.8333335518836975,0.20833353698253632,0.833333432674408,-1.666666865348816,0.4166668653488159
1753295897.2157207,-0.208333358168602,-2.500000238418579,1.2500001192092896,-0.0,-1.875000238418579,1.4583334922790527,-0.833333432674408,-1.250000238418579,1.4583334922790527,0.0,-1.666666865348816,0.8333335518836975
1753295897.2257702,-0.0,-1.041666865348816,1.666666865348816,0.833333432674408,-2.0833334922790527,0.6250002384185791,0.0,-1.4583334922790527,0.208333358168602,0.6250000596046448,-1.250000238418579,0.8333335518836975
1753295897.2357194,-0.6250000596046448,-1.041666865348816,2.0833334922790527,-0.0,-1.250000238418579,0.6250002384185791,0.0,-1.4583334922790527,1.2500001192092896,0.0,-1.4583334922790527,0.6250002384185791
1753295897.245735,-0.0,-0.8333335518836975,2.2916669845581055,0.833333432674408,-1.250000238418579,1.041666865348816,-0.208333358168602,-1.250000238418579,1.666666865348816,0.6250000596046448,-1.4583334922790527,1.041666865348816
1753295897.2557778,-0.208333358168602,-1.041666865348816,1.250000238418579,0.416666716337204,-1.666666865348816,0.20833353698253632,0.0,-1.041666865348816,2.0833334922790527,0.0,-1.666666865348816,1.250000238418579
1753295897.2657413,-0.0,-1.041666865348816,0.8333335518836975,0.6250000596046448,-1.666666865348816,0.8333335518836975,-0.41666677594184875,-1.041666865348816,2.2916669845581055,0.6250000596046448,-1.041666865348816,2.0833334922790527
1753295897.275731,-1.0416667461395264,-1.875000238418579,0.8333335518836975,1.0416667461395264,-1.041666865348816,0.8333335518836975,-0.208333358168602,-0.6250002384185791,1.041666865348816,0.20833338797092438,-1.041666865348816,1.4583334922790527
1753295897.2857232,-0.41666677594184875,-1.666666865348816,1.666666865348816,1.666666865348816,-1.250000238418579,1.4583334922790527,-0.41666677594184875,-1.041666865348816,0.8333335518836975,0.208333358168602,-1.250000238418579,1.4583334922790527
1753295897.2957215,-1.0416667461395264,-1.250000238418579,2.500000238418579,1.041666865348816,-1.4583334922790527,1.666666865348816,-0.833333432674408,-2.0833334922790527,0.6250002384185791,0.6250001192092896,-1.041666865348816,0.8333335518836975
1753295897.3057318,-0.833333432674408,-1.250000238418579,2.0833334922790527,1.4583334922790527,-2.500000238418579,1.041666865348816,-0.833333432674408,-2.500000238418579,1.250000238418579,0.6250001192092896,-1.666666865348816,0.8333335518836975
1753295897.315726,-1.4583334922790527,-1.666666865348816,1.250000238418579,1.041666865348816,-2.0833334922790527,1.250000238418579,-1.0416667461395264,-2.0833334922790527,1.4583334922790527,0.6250001192092896,-1.875000238418579,1.041666865348816
1753295897.3257325,-1.4583334922790527,-1.666666865348816,1.041666865348816,1.250000238418579,-1.875000238418579,0.8333335518836975,-0.6250001192092896,-1.4583334922790527,2.0833334922790527,0.833333432674408,-2.0833334922790527,2.2916669845581055
1753295897.3357298,-1.4583334922790527,-1.875000238418579,1.4583334922790527,0.6250002384185791,-2.0833334922790527,2.0833334922790527,-1.0416667461395264,-1.041666865348816,2.0833334922790527,0.6250001192092896,-2.0833334922790527,1.250000238418579
1753295897.3457298,-1.666666865348816,-2.2916669845581055,2.7083334922790527,0.6250002384185791,-1.875000238418579,3.125000238418579,-0.833333432674408,-0.833333432674408,1.250000238418579,0.41666677594184875,-1.875000238418579,1.666666865348816
1753295897.3557208,-1.041666865348816,-2.2916669845581055,1.666666865348816,1.4583334922790527,-1.250000238418579,1.666666865348816,-1.0416667461395264,-1.041666865348816,1.875000238418579,0.833333432674408,-1.875000238418579,1.250000238418579
1753295897.3657358,-1.041666865348816,-0.8333335518836975,1.4583334922790527,0.8333335518836975,-1.666666865348816,1.250000238418579,0.0,-1.875000238418579,2.500000238418579,0.20833343267440796,-1.666666865348816,1.875000238418579
1753295897.3757374,-1.250000238418579,-1.4583334922790527,1.250000238418579,0.6250002384185791,-1.875000238418579,1.4583334922790527,-0.833333432674408,-2.2916669845581055,1.875000238418579,1.0416667461395264,-1.875000238418579,2.0833334922790527
1753295897.3857265,-1.4583334922790527,-2.0833334922790527,1.666666865348816,0.8333335518836975,-1.250000238418579,2.2916669845581055,0.0,-1.4583334922790527,0.6250002384185791,0.0,-2.0833334922790527,1.041666865348816
1753295897.3957434,-1.250000238418579,-2.2916669845581055,1.666666865348816,0.4166668653488159,-1.4583334922790527,2.2916669845581055,-0.833333432674408,-1.666666865348816,1.4583334922790527,0.416666716337204,-1.875000238418579,1.041666865348816
1753295897.405731,-1.250000238418579,-2.0833334922790527,2.500000238418579,0.20833353698253632,-1.875000238418579,1.041666865348816,-0.6250001192092896,-1.4583334922790527,1.875000238418579,0.208333358168602,-2.0833334922790527,1.250000238418579
1753295897.4157746,-1.041666865348816,-2.0833334922790527,1.666666865348816,0.833333432674408,-2.0833334922790527,0.8333335518836975,-1.2500001192092896,-2.0833334922790527,2.7083334922790527,0.833333432674408,-2.7083334922790527,1.666666865348816
1753295897.4257288,-1.666666865348816,-1.666666865348816,1.041666865348816,0.6250001192092896,-1.250000238418579,1.666666865348816,-1.2500001192092896,-1.875000238418579,2.0833334922790527,0.833333432674408,-2.7083334922790527,2.500000238418579
1753295897.4357216,-2.0833334922790527,-2.500000238418579,1.4583334922790527,0.833333432674408,-0.8333335518836975,2.9166669845581055,-2.0833334922790527,-2.500000238418579,1.250000238418579,1.0416667461395264,-1.4583334922790527,2.500000238418579
1753295897.4457371,-1.4583334922790527,-2.7083334922790527,2.2916669845581055,1.2500001192092896,-1.875000238418579,2.7083334922790527,-1.875000238418579,-2.7083334922790527,1.875000238418579,1.666666865348816,-2.0833334922790527,1.041666865348816
1753295897.4557216,-0.8333335518836975,-2.7083334922790527,2.2916669845581055,1.2500001192092896,-2.7083334922790527,1.250000238418579,-1.4583334922790527,-2.7083334922790527,2.2916669845581055,1.666666865348816,-2.7083334922790527,2.0833334922790527
1753295897.4657218,-1.041666865348816,-2.7083334922790527,1.666666865348816,1.666666865348816,-2.2916669845581055,1.666666865348816,-1.666666865348816,-3.125000476837158,2.7083334922790527,1.4583334922790527,-2.708333730697632,2.500000238418579
1753295897.4757302,-1.250000238418579,-2.2916669845581055,1.666666865348816,1.250000238418579,-2.500000238418579,1.4583334922790527,-2.2916669845581055,-2.2916669845581055,1.666666865348816,1.4583334922790527,-1.8750004768371582,2.7083334922790527
1753295897.4857323,-1.4583334922790527,-2.2916669845581055,2.0833334922790527,1.4583334922790527,-3.125000238418579,2.500000238418579,-1.666666865348816,-2.2916669845581055,1.666666865348816,2.0833334922790527,-1.4583337306976318,1.250000238418579
1753295897.495747,-2.2916669845581055,-2.7083334922790527,2.7083334922790527,1.875000238418579,-3.125000476837158,2.0833334922790527,-2.0833334922790527,-3.125000476837158,2.0833334922790527,1.875000238418579,-2.708333730697632,1.875000238418579
1753295897.5057473,-1.875000238418579,-3.125000238418579,2.0833334922790527,1.4583334922790527,-3.333333730697632,1.4583334922790527,-2.500000238418579,-2.9166669845581055,3.125000476837158,1.4583334922790527,-2.708333730697632,3.125000238418579
1753295897.5157328,-1.041666865348816,-3.125000238418579,1.666666865348816,1.666666865348816,-2.708333730697632,1.875000238418579,-2.7083334922790527,-2.9166669845581055,2.083333730697632,1.250000238418579,-3.125000476837158,2.500000476837158
1753295897.5257347,-0.8333335518836975,-2.7083334922790527,1.875000238418579,1.666666865348816,-3.333333730697632,2.0833334922790527,-1.041666865348816,-2.708333730697632,3.333333730697632,0.6250002384185791,-3.333333730697632,1.8750004768371582
1753295897.535736,-1.4583334922790527,-2.9166669845581055,2.9166669845581055,2.0833334922790527,-3.5416669845581055,2.9166669845581055,-1.666666865348816,-2.2916669845581055,3.5416669845581055,1.041666865348816,-3.5416669845581055,2.083333730697632
1753295897.5457332,-1.4583334922790527,-2.9166669845581055,3.333333730697632,1.666666865348816,-3.125000476837158,1.666666865348816,-2.500000238418579,-2.500000476837158,1.666667103767395,1.666666865348816,-2.9166669845581055,2.9166669845581055
1753295897.5557446,-1.666666865348816,-3.125000476837158,1.4583337306976318,2.9166669845581055,-3.333333730697632,1.250000238418579,-2.500000238418579,-2.500000476837158,2.500000476837158,1.875000238418579,-2.9166669845581055,1.666667103767395
1753295897.565739,-1.250000238418579,-3.125000476837158,2.083333730697632,2.2916669845581055,-3.125000476837158,1.666666865348816,-1.4583334922790527,-3.125000476837158,3.750000476837158,1.875000238418579,-2.500000476837158,1.8750004768371582
1753295897.5757375,-1.4583334922790527,-2.083333730697632,3.125000476837158,1.666666865348816,-2.500000476837158,2.2916669845581055,-0.8333335518836975,-3.125000476837158,1.8750004768371582,1.041666865348816,-2.708333730697632,3.125000476837158
1753295897.5857375,-1.666666865348816,-2.500000476837158,1.4583337306976318,2.9166669845581055,-3.125000476837158,3.333333730697632,-1.041666865348816,-2.083333730697632,1.4583337306976318,1.4583334922790527,-2.500000476837158,2.708333730697632
1753295897.595747,-1.666666865348816,-2.083333730697632,1.666667103767395,3.125000476837158,-2.2916669845581055,1.875000238418579,-1.041666865348816,-2.9166669845581055,2.9166669845581055,1.875000238418579,-2.083333730697632,0.6250004172325134
1753295897.6057625,-1.875000238418579,-2.708333730697632,2.500000476837158,1.666667103767395,-3.125000476837158,1.666666865348816,-1.041666865348816,-3.125000476837158,2.9166669845581055,2.2916669845581055,-2.708333730697632,2.500000476837158
1753295897.6158104,-1.4583334922790527,-3.5416669845581055,2.500000476837158,2.083333730697632,-3.333333730697632,1.875000238418579,-1.4583334922790527,-2.9166669845581055,2.083333730697632,1.666666865348816,-2.500000476837158,3.125000476837158
1753295897.625769,-1.250000238418579,-3.125000476837158,1.4583337306976318,2.500000476837158,-3.125000476837158,2.7083334922790527,-1.250000238418579,-2.708333730697632,2.9166669845581055,1.250000238418579,-3.125000476837158,1.8750004768371582
1753295897.6358004,-2.2916669845581055,-3.125000476837158,1.8750004768371582,1.8750004768371582,-3.125000476837158,1.666666865348816,-0.6250002384185791,-2.9166669845581055,2.500000476837158,1.4583334922790527,-3.125000476837158,1.8750004768371582
1753295897.6457448,-2.7083334922790527,-4.375000476837158,2.708333730697632,1.041667103767395,-2.9166669845581055,1.875000238418579,-1.666666865348816,-3.125000476837158,1.8750004768371582,1.666666865348816,-2.083333730697632,3.125000476837158
1753295897.655821,-1.4583334922790527,-3.333333730697632,1.4583337306976318,2.083333730697632,-3.125000476837158,3.125000238418579,-1.250000238418579,-3.750000476837158,2.500000476837158,2.2916669845581055,-3.5416669845581055,2.9166669845581055
1753295897.665747,-1.250000238418579,-4.375000476837158,1.2500004768371582,2.500000476837158,-4.1666669845581055,2.2916669845581055,-1.250000238418579,-3.750000476837158,2.9166669845581055,1.875000238418579,-4.1666669845581055,1.4583337306976318
1753295897.6758313,-1.041666865348816,-3.5416669845581055,2.083333730697632,1.666667103767395,-3.958333730697632,1.8750004768371582,-1.4583334922790527,-3.333333730697632,2.500000476837158,1.4583334922790527,-3.333333730697632,2.500000476837158
1753295897.6857765,-1.666666865348816,-4.1666669845581055,2.708333730697632,1.4583337306976318,-4.1666669845581055,2.083333730697632,-1.4583334922790527,-2.9166669845581055,1.8750004768371582,1.875000238418579,-4.1666669845581055,2.9166669845581055
1753295897.6957874,-2.2916669845581055,-3.333333730697632,2.083333730697632,2.2916669845581055,-3.750000476837158,2.500000476837158,-1.875000238418579,-3.333333730697632,3.5416669845581055,2.0833334922790527,-3.750000476837158,2.500000476837158
1753295897.7057703,-1.875000238418579,-4.375000476837158,1.041667103767395,1.8750004768371582,-3.750000476837158,1.4583337306976318,-1.666666865348816,-2.9166669845581055,2.9166669845581055,1.875000238418579,-4.375000476837158,1.4583337306976318
1753295897.7158055,-1.666666865348816,-3.5416669845581055,2.708333730697632,1.041667103767395,-3.5416669845581055,1.666667103767395,-1.875000238418579,-2.9166669845581055,1.8750004768371582,1.4583334922790527,-3.750000476837158,2.500000476837158
1753295897.7257674,-2.2916669845581055,-3.750000476837158,2.708333730697632,1.2500004768371582,-3.333333730697632,1.666667103767395,-1.875000238418579,-3.125000476837158,2.9166669845581055,2.7083334922790527,-4.583333969116211,2.9166669845581055
1753295897.7358131,-3.5416669845581055,-3.125000476837158,1.8750004768371582,1.4583337306976318,-3.958333730697632,2.2916669845581055,-1.250000238418579,-3.333333730697632,3.5416669845581055,3.125000238418579,-2.9166669845581055,1.666667103767395
1753295897.7457895,-2.500000476837158,-2.9166669845581055,1.2500004768371582,2.2916669845581055,-2.708333730697632,2.708333730697632,-1.4583334922790527,-3.5416669845581055,2.2916669845581055,2.0833334922790527,-3.750000476837158,2.2916669845581055
1753295897.7557464,-2.9166669845581055,-3.750000476837158,2.083333730697632,1.8750004768371582,-4.1666669845581055,1.8750004768371582,-2.500000238418579,-2.9166669845581055,2.9166669845581055,1.875000238418579,-3.333333730697632,3.750000476837158
1753295897.765804,-3.125000476837158,-3.750000476837158,2.708333730697632,1.8750004768371582,-3.333333730697632,1.4583337306976318,-3.125000238418579,-4.375000476837158,2.708333730697632,2.7083334922790527,-3.333333730697632,2.2916669845581055
1753295897.7757497,-1.666667103767395,-4.583333969116211,1.4583337306976318,1.666667103767395,-4.1666669845581055,1.666667103767395,-1.666667103767395,-2.2916669845581055,1.041667103767395,2.0833334922790527,-3.333333730697632,2.500000476837158
1753295897.785784,-2.708333730697632,-3.750000476837158,1.666667103767395,2.9166669845581055,-3.5416669845581055,2.708333730697632,-2.708333730697632,-3.750000476837158,2.2916669845581055,1.250000238418579,-3.333333730697632,2.500000476837158
1753295897.7957377,-3.125000476837158,-4.375000476837158,2.083333730697632,2.708333730697632,-3.125000476837158,2.083333730697632,-3.750000476837158,-3.958333730697632,3.5416669845581055,1.666666865348816,-4.1666669845581055,2.9166669845581055
1753295897.8057854,-2.2916669845581055,-3.5416669845581055,3.333333730697632,2.083333730697632,-3.333333730697632,2.083333730697632,-2.083333730697632,-4.583333969116211,2.9166669845581055,2.0833334922790527,-3.750000476837158,1.2500004768371582
1753295897.815875,-2.500000476837158,-4.375000476837158,1.2500004768371582,4.1666669845581055,-3.333333730697632,2.9166669845581055,-2.2916669845581055,-3.125000476837158,1.2500004768371582,1.666666865348816,-4.7916669845581055,2.083333730697632
1753295897.8257647,-2.708333730697632,-3.333333730697632,1.666667103767395,2.9166669845581055,-3.958333730697632,2.083333730697632,-3.125000476837158,-3.958333730697632,2.2916669845581055,1.4583334922790527,-4.1666669845581055,2.2916669845581055
1753295897.835789,-1.8750004768371582,-3.333333730697632,2.083333730697632,3.333333730697632,-3.750000476837158,1.666667103767395,-1.8750004768371582,-3.333333730697632,2.9166669845581055,1.666666865348816,-4.375000476837158,2.500000476837158
1753295897.8457441,-2.083333730697632,-2.708333730697632,3.333333730697632,4.583333969116211,-4.1666669845581055,1.041667103767395,-2.9166669845581055,-3.750000476837158,2.2916669845581055,1.4583334922790527,-5.000000476837158,1.4583337306976318
1753295897.8557684,-3.125000476837158,-3.333333730697632,1.8750004768371582,2.708333730697632,-3.750000476837158,2.083333730697632,-2.9166669845581055,-3.958333730697632,2.2916669845581055,2.0833334922790527,-3.750000476837158,2.2916669845581055
1753295897.8657513,-2.708333730697632,-3.958333730697632,1.666667103767395,2.9166669845581055,-4.375000476837158,2.708333730697632,-1.666667103767395,-3.958333730697632,2.708333730697632,2.500000238418579,-4.7916669845581055,3.125000476837158
1753295897.8757408,-2.083333730697632,-3.958333730697632,2.2916669845581055,1.8750004768371582,-3.5416669845581055,2.9166669845581055,-1.666667103767395,-3.5416669845581055,2.500000476837158,1.666666865348816,-3.125000476837158,2.500000476837158
1753295897.8857453,-3.125000476837158,-4.375000476837158,2.708333730697632,1.4583337306976318,-3.333333730697632,0.8333337306976318,-2.500000476837158,-3.958333730697632,1.666667103767395,2.0833334922790527,-4.375000476837158,1.666667103767395
1753295897.8957822,-2.708333730697632,-3.750000476837158,1.041667103767395,2.500000476837158,-4.375000476837158,1.4583337306976318,-2.083333730697632,-3.958333730697632,2.2916669845581055,2.9166669845581055,-3.5416669845581055,2.9166669845581055
1753295897.9057524,-1.8750004768371582,-4.375000476837158,1.8750004768371582,2.2916669845581055,-4.1666669845581055,2.083333730697632,-0.8333337306976318,-3.750000476837158,2.708333730697632,2.500000476837158,-4.375000476837158,2.500000476837158
1753295897.9157495,-3.125000476837158,-3.958333730697632,1.666667103767395,1.666667103767395,-5.000000476837158,2.2916669845581055,-1.666667103767395,-3.750000476837158,2.708333730697632,2.083333730697632,-3.958333730697632,1.4583337306976318
1753295897.9257505,-2.2916669845581055,-5.625000476837158,2.083333730697632,2.2916669845581055,-4.375000476837158,1.4583337306976318,-1.666667103767395,-4.1666669845581055,1.2500004768371582,2.9166669845581055,-3.5416669845581055,2.2916669845581055
1753295897.935758,-2.2916669845581055,-4.1666669845581055,1.666667103767395,2.083333730697632,-5.4166669845581055,1.041667103767395,-2.500000476837158,-4.1666669845581055,2.500000476837158,2.500000476837158,-4.1666669845581055,3.125000476837158
1753295897.9457448,-3.750000476837158,-4.7916669845581055,1.666667103767395,2.2916669845581055,-4.583333969116211,0.8333337306976318,-2.500000476837158,-4.583333969116211,3.125000476837158,1.4583337306976318,-4.583333969116211,2.083333730697632
1753295897.9557824,-2.2916669845581055,-5.000000476837158,0.6250004172325134,1.8750004768371582,-4.583333969116211,2.083333730697632,-2.083333730697632,-3.333333730697632,1.666667103767395,2.2916669845581055,-3.958333730697632,1.666667103767395
1753295897.9657457,-3.958333730697632,-4.1666669845581055,2.2916669845581055,3.125000476837158,-5.000000476837158,2.500000476837158,-3.5416669845581055,-3.5416669845581055,1.2500004768371582,2.708333730697632,-4.375000476837158,2.083333730697632
1753295897.9757552,-3.333333730697632,-3.5416669845581055,1.666667103767395,2.9166669845581055,-4.1666669845581055,1.2500004768371582,-2.2916669845581055,-3.5416669845581055,2.2916669845581055,2.2916669845581055,-4.1666669845581055,2.9166669845581055
1753295897.9857368,-2.2916669845581055,-3.958333730697632,1.666667103767395,2.708333730697632,-4.375000476837158,1.041667103767395,-2.2916669845581055,-3.333333730697632,2.9166669845581055,2.708333730697632,-4.583333969116211,1.666667103767395
1753295897.9957485,-2.9166669845581055,-3.750000476837158,0.41666707396507263,4.1666669845581055,-3.750000476837158,1.041667103767395,-3.958333730697632,-4.1666669845581055,2.2916669845581055,3.333333730697632,-3.5416669845581055,1.4583337306976318
1753295898.0057576,-2.500000476837158,-4.375000476837158,1.2500004768371582,3.750000476837158,-4.1666669845581055,1.2500004768371582,-2.708333730697632,-3.5416669845581055,2.2916669845581055,1.666667103767395,-4.375000476837158,1.2500004768371582
1753295898.0157366,-1.8750004768371582,-3.958333730697632,0.8333337306976318,4.1666669845581055,-3.958333730697632,1.666667103767395,-2.9166669845581055,-3.750000476837158,2.9166669845581055,1.8750004768371582,-3.750000476837158,2.083333730697632
1753295898.0257638,-2.708333730697632,-5.208333969116211,1.8750004768371582,2.2916669845581055,-4.1666669845581055,0.6250004172325134,-3.958333730697632,-3.125000476837158,2.083333730697632,2.083333730697632,-5.208333969116211,2.708333730697632
1753295898.0357437,-2.9166669845581055,-4.375000476837158,1.666667103767395,3.125000476837158,-4.375000476837158,1.2500004768371582,-1.8750004768371582,-5.000000476837158,0.8333337306976318,2.2916669845581055,-3.750000476837158,1.666667103767395
1753295898.0457644,-1.666667103767395,-4.7916669845581055,1.666667103767395,3.333333730697632,-5.208333969116211,0.41666707396507263,-3.125000476837158,-4.1666669845581055,1.666667103767395,1.8750004768371582,-5.208333969116211,1.2500004768371582
1753295898.0557535,-2.708333730697632,-4.583333969116211,0.8333337306976318,1.8750004768371582,-3.958333730697632,0.8333337306976318,-3.333333730697632,-5.833333969116211,1.666667103767395,2.500000476837158,-4.1666669845581055,1.4583337306976318
1753295898.065743,-2.9166669845581055,-4.375000476837158,0.8333337306976318,2.708333730697632,-5.833333969116211,-0.0,-1.666667103767395,-3.5416669845581055,2.500000476837158,2.708333730697632,-5.000000476837158,1.8750004768371582
1753295898.0757391,-2.083333730697632,-4.583333969116211,0.8333337306976318,1.8750004768371582,-3.958333730697632,1.0416667461395264,-2.708333730697632,-4.375000476837158,1.041667103767395,2.500000476837158,-4.7916669845581055,1.666667103767395
1753295898.0857391,-2.9166669845581055,-3.750000476837158,1.2500004768371582,1.8750004768371582,-5.000000476837158,-0.0,-2.9166669845581055,-3.750000476837158,0.8333337306976318,1.4583337306976318,-3.750000476837158,1.041667103767395
1753295898.0957398,-3.5416669845581055,-4.583333969116211,1.2500004768371582,2.083333730697632,-4.375000476837158,1.0416667461395264,-1.666667103767395,-4.583333969116211,1.4583337306976318,2.500000476837158,-4.1666669845581055,0.8333337306976318
1753295898.1057396,-2.500000476837158,-3.958333730697632,1.666667103767395,2.708333730697632,-4.1666669845581055,1.4583334922790527,-2.083333730697632,-3.958333730697632,0.6250004172325134,3.5416669845581055,-3.5416669845581055,0.8333337306976318
1753295898.1157398,-4.375000476837158,-3.750000476837158,1.041667103767395,2.2916669845581055,-3.750000476837158,0.6250001192092896,-3.125000476837158,-4.1666669845581055,1.4583337306976318,2.2916669845581055,-4.7916669845581055,1.4583337306976318
1753295898.1257389,-2.708333730697632,-4.1666669845581055,0.8333337306976318,2.2916669845581055,-4.1666669845581055,1.0416667461395264,-2.2916669845581055,-4.375000476837158,2.083333730697632,2.708333730697632,-3.333333730697632,1.8750004768371582
1753295898.1357434,-2.708333730697632,-4.583333969116211,0.41666707396507263,3.333333730697632,-3.125000476837158,0.833333432674408,-2.708333730697632,-4.1666669845581055,1.4583337306976318,3.958333730697632,-5.000000476837158,1.8750004768371582
1753295898.1457434,-3.125000476837158,-4.7916669845581055,0.208333358168602,2.500000476837158,-3.750000476837158,1.0416667461395264,-3.750000476837158,-3.750000476837158,0.8333337306976318,2.2916669845581055,-4.1666669845581055,1.041667103767395
1753295898.1557462,-2.500000476837158,-4.583333969116211,0.0,4.1666669845581055,-3.5416669845581055,0.20833343267440796,-2.708333730697632,-4.583333969116211,1.041667103767395,3.750000476837158,-4.583333969116211,0.41666707396507263
1753295898.1657672,-3.5416669845581055,-4.7916669845581055,0.833333432674408,4.375000476837158,-4.1666669845581055,0.208333358168602,-3.5416669845581055,-4.7916669845581055,1.041667103767395,3.125000476837158,-4.1666669845581055,0.8333337306976318
1753295898.175747,-2.708333730697632,-4.1666669845581055,0.208333358168602,2.9166669845581055,-3.958333730697632,0.208333358168602,-3.333333730697632,-4.583333969116211,1.8750004768371582,2.083333730697632,-5.4166669845581055,0.6250004172325134
1753295898.1857588,-2.708333730697632,-3.958333730697632,0.208333358168602,4.375000476837158,-4.1666669845581055,0.208333358168602,-2.708333730697632,-4.375000476837158,1.666667103767395,3.333333730697632,-4.7916669845581055,0.8333337306976318
1753295898.1957545,-3.125000476837158,-4.1666669845581055,0.20833338797092438,3.125000476837158,-3.958333730697632,-0.0,-4.1666669845581055,-3.5416669845581055,1.041667103767395,2.9166669845581055,-4.375000476837158,1.041667103767395
1753295898.2057998,-2.083333730697632,-3.5416669845581055,0.833333432674408,3.750000476837158,-3.750000476837158,-0.0,-2.708333730697632,-3.750000476837158,0.6250004172325134,2.500000476837158,-4.375000476837158,1.8750004768371582
1753295898.2157562,-2.708333730697632,-3.958333730697632,0.416666716337204,2.2916669845581055,-3.958333730697632,0.208333358168602,-2.9166669845581055,-2.708333730697632,0.6250004172325134,2.708333730697632,-3.750000476837158,1.666667103767395
1753295898.2257576,-3.958333730697632,-3.750000476837158,0.0,3.5416669845581055,-3.125000476837158,0.208333358168602,-3.333333730697632,-3.125000476837158,0.0,2.083333730697632,-3.750000476837158,0.6250004172325134
1753295898.2357554,-2.2916669845581055,-3.125000476837158,1.0416667461395264,2.2916669845581055,-3.750000476837158,-0.0,-2.083333730697632,-2.9166669845581055,1.0416667461395264,2.083333730697632,-3.750000476837158,0.833333432674408
1753295898.2457829,-3.750000476837158,-4.1666669845581055,0.833333432674408,1.8750004768371582,-3.958333730697632,-0.0,-3.125000476837158,-3.125000476837158,0.833333432674408,2.708333730697632,-3.5416669845581055,0.833333432674408
1753295898.2557888,-2.9166669845581055,-2.9166669845581055,0.833333432674408,2.9166669845581055,-4.375000476837158,-0.0,-3.333333730697632,-3.333333730697632,0.833333432674408,2.708333730697632,-4.7916669845581055,0.416666716337204
1753295898.2657907,-3.5416669845581055,-4.1666669845581055,0.833333432674408,2.083333730697632,-3.750000476837158,-0.0,-1.8750004768371582,-3.125000476837158,1.666666865348816,2.083333730697632,-2.9166669845581055,0.20833338797092438
1753295898.2757676,-3.333333730697632,-4.375000476837158,0.0,2.083333730697632,-5.4166669845581055,-0.0,-3.125000476837158,-3.333333730697632,1.2500001192092896,1.8750004768371582,-4.1666669845581055,0.833333432674408
1753295898.2858245,-2.708333730697632,-5.208333969116211,0.0,2.708333730697632,-3.750000476837158,-0.0,-3.125000476837158,-3.958333730697632,0.6250001192092896,2.2916669845581055,-3.5416669845581055,0.41666677594184875
1753295898.2957897,-3.333333730697632,-4.1666669845581055,0.0,3.333333730697632,-4.583333969116211,-0.0,-2.2916669845581055,-2.9166669845581055,0.6250001192092896,2.500000476837158,-5.000000476837158,0.833333432674408
1753295898.305793,-2.500000476837158,-3.750000476837158,-0.6250000596046448,3.125000476837158,-4.1666669845581055,-0.6250000596046448,-3.333333730697632,-3.750000476837158,0.208333358168602,1.8750004768371582,-3.333333730697632,1.2500001192092896
1753295898.3157823,-2.500000476837158,-2.708333730697632,0.0,3.958333730697632,-5.000000476837158,-0.0,-2.708333730697632,-3.333333730697632,0.0,3.958333730697632,-4.375000476837158,0.41666677594184875
1753295898.3259718,-2.708333730697632,-3.125000476837158,-0.208333358168602,3.333333730697632,-3.750000476837158,-0.208333358168602,-3.125000476837158,-4.7916669845581055,0.0,2.708333730697632,-3.750000476837158,0.833333432674408
1753295898.335779,-2.2916669845581055,-3.333333730697632,-0.208333358168602,4.375000476837158,-3.750000476837158,-0.0,-3.958333730697632,-3.750000476837158,0.0,2.708333730697632,-3.5416669845581055,0.208333358168602
1753295898.3457854,-3.750000476837158,-3.333333730697632,-0.41666677594184875,2.2916669845581055,-3.5416669845581055,-0.416666716337204,-3.333333730697632,-4.375000476837158,0.0,3.333333730697632,-3.5416669845581055,0.6250001192092896
1753295898.3557851,-2.708333730697632,-3.333333730697632,-0.41666677594184875,3.958333730697632,-3.750000476837158,-0.0,-4.1666669845581055,-3.750000476837158,0.208333358168602,2.708333730697632,-3.958333730697632,-0.0
1753295898.3657699,-2.2916669845581055,-3.333333730697632,-1.0416667461395264,2.500000476837158,-3.125000476837158,-0.6250000596046448,-2.2916669845581055,-3.5416669845581055,0.0,2.708333730697632,-3.5416669845581055,0.208333358168602
1753295898.3757823,-3.958333730697632,-4.1666669845581055,-1.0416667461395264,3.750000476837158,-2.9166669845581055,-0.6250001192092896,-2.500000476837158,-3.5416669845581055,0.0,3.125000476837158,-3.750000476837158,-0.0
1753295898.3860092,-2.083333730697632,-3.333333730697632,-1.4583334922790527,2.500000476837158,-3.125000476837158,-0.833333432674408,-2.708333730697632,-4.1666669845581055,0.0,2.708333730697632,-3.750000476837158,-0.6250000596046448
1753295898.3957844,-3.333333730697632,-4.1666669845581055,-0.6250001192092896,1.666667103767395,-3.125000476837158,-1.2500001192092896,-2.500000476837158,-3.958333730697632,0.0,3.125000476837158,-4.1666669845581055,-0.0
1753295898.405833,-3.958333730697632,-2.9166669845581055,0.0,2.500000476837158,-3.750000476837158,-1.666666865348816,-2.2916669845581055,-4.7916669845581055,0.0,2.500000476837158,-4.375000476837158,-0.0
1753295898.415778,-2.500000476837158,-4.1666669845581055,-1.2500001192092896,2.9166669845581055,-3.5416669845581055,-1.666666865348816,-2.9166669845581055,-3.958333730697632,0.0,1.8750004768371582,-3.958333730697632,-0.833333432674408
1753295898.4258094,-3.958333730697632,-3.333333730697632,0.0,2.2916669845581055,-3.5416669845581055,-0.833333432674408,-2.083333730697632,-4.1666669845581055,0.0,2.2916669845581055,-4.375000476837158,-0.0
1753295898.4357924,-2.9166669845581055,-3.958333730697632,-1.4583334922790527,3.125000476837158,-3.333333730697632,-0.833333432674408,-2.083333730697632,-4.583333969116211,0.0,2.9166669845581055,-3.750000476837158,-0.0
1753295898.445783,-2.9166669845581055,-3.750000476837158,-0.208333358168602,3.958333730697632,-3.750000476837158,-0.833333432674408,-2.708333730697632,-3.125000476837158,-0.6250000596046448,2.2916669845581055,-4.1666669845581055,-0.833333432674408
1753295898.4557471,-3.5416669845581055,-2.708333730697632,-1.0416667461395264,2.9166669845581055,-3.5416669845581055,-0.833333432674408,-3.333333730697632,-3.750000476837158,0.0,1.666667103767395,-4.1666669845581055,-0.833333432674408
1753295898.4657867,-1.8750004768371582,-3.5416669845581055,-1.875000238418579,4.375000476837158,-2.9166669845581055,-1.0416667461395264,-2.708333730697632,-3.125000476837158,-0.833333432674408,1.8750004768371582,-4.1666669845581055,-1.0416667461395264
1753295898.4757538,-3.125000476837158,-2.9166669845581055,-2.0833334922790527,3.5416669845581055,-3.958333730697632,-1.875000238418579,-3.958333730697632,-3.333333730697632,-0.208333358168602,2.9166669845581055,-3.333333730697632,-0.833333432674408
1753295898.485836,-2.500000476837158,-2.708333730697632,-1.4583334922790527,3.958333730697632,-3.125000476837158,-1.666666865348816,-3.125000476837158,-2.2916669845581055,-0.208333358168602,1.8750004768371582,-3.333333730697632,-0.833333432674408
1753295898.4957726,-2.500000476837158,-2.500000476837158,-1.041666865348816,3.125000476837158,-2.500000476837158,-1.875000238418579,-3.5416669845581055,-2.708333730697632,-0.6250000596046448,1.4583337306976318,-3.125000476837158,-0.41666677594184875
1753295898.5057764,-3.125000476837158,-2.083333730697632,-1.250000238418579,3.5416669845581055,-2.9166669845581055,-0.8333335518836975,-4.1666669845581055,-3.125000476837158,-0.833333432674408,2.9166669845581055,-3.958333730697632,-0.6250001192092896
1753295898.5157948,-1.8750004768371582,-2.708333730697632,-1.666666865348816,2.708333730697632,-3.125000476837158,-1.250000238418579,-3.333333730697632,-2.500000476837158,-0.6250000596046448,2.500000476837158,-3.125000476837158,-0.208333358168602
1753295898.5257926,-2.708333730697632,-2.708333730697632,-2.0833334922790527,1.8750004768371582,-2.708333730697632,-1.666666865348816,-4.1666669845581055,-2.708333730697632,-1.2500001192092896,2.500000476837158,-3.333333730697632,-1.4583334922790527
1753295898.5357947,-3.958333730697632,-2.9166669845581055,-2.2916669845581055,2.500000476837158,-2.9166669845581055,-2.500000238418579,-2.708333730697632,-3.125000476837158,-1.666666865348816,3.125000476837158,-3.125000476837158,-0.20833343267440796
1753295898.545776,-1.666667103767395,-3.333333730697632,-2.2916669845581055,2.083333730697632,-3.125000476837158,-2.500000238418579,-3.333333730697632,-3.125000476837158,-1.4583334922790527,3.125000476837158,-3.125000476837158,-1.0416667461395264
1753295898.5558333,-3.333333730697632,-2.9166669845581055,-2.0833334922790527,1.8750004768371582,-2.9166669845581055,-1.4583334922790527,-1.4583337306976318,-3.125000476837158,-1.2500001192092896,2.500000476837158,-3.958333730697632,-1.2500001192092896
1753295898.5657978,-2.9166669845581055,-3.333333730697632,-2.0833334922790527,2.500000476837158,-2.500000476837158,-1.875000238418579,-1.2500004768371582,-3.333333730697632,-0.41666677594184875,3.750000476837158,-2.500000476837158,-1.666666865348816
1753295898.5758214,-2.083333730697632,-3.125000476837158,-2.7083334922790527,2.708333730697632,-2.2916669845581055,-2.2916669845581055,-1.666667103767395,-2.9166669845581055,-1.0416667461395264,2.500000476837158,-2.9166669845581055,-1.666666865348816
1753295898.5857708,-3.750000476837158,-2.708333730697632,-1.875000238418579,1.4583337306976318,-2.9166669845581055,-2.7083334922790527,-2.2916669845581055,-3.125000476837158,-1.0416667461395264,2.2916669845581055,-3.333333730697632,-0.4166668653488159
1753295898.5957754,-3.125000476837158,-3.125000476837158,-1.4583334922790527,2.500000476837158,-4.1666669845581055,-1.250000238418579,-1.8750004768371582,-2.083333730697632,-1.0416667461395264,3.333333730697632,-2.2916669845581055,-1.041666865348816
1753295898.6057959,-2.9166669845581055,-3.333333730697632,-1.041666865348816,3.125000476837158,-3.333333730697632,-1.666666865348816,-1.2500004768371582,-2.083333730697632,-1.0416667461395264,1.4583337306976318,-2.2916669845581055,-1.041666865348816
1753295898.6159928,-3.125000476837158,-2.2916669845581055,-2.2916669845581055,3.333333730697632,-3.125000476837158,-3.5416669845581055,-2.500000476837158,-2.083333730697632,-1.250000238418579,1.4583337306976318,-2.708333730697632,-1.041666865348816
1753295898.6257918,-2.083333730697632,-2.500000476837158,-2.7083334922790527,4.1666669845581055,-2.2916669845581055,-3.333333730697632,-3.333333730697632,-2.9166669845581055,-1.875000238418579,2.500000476837158,-2.500000476837158,-1.4583334922790527
1753295898.635798,-2.500000476837158,-2.2916669845581055,-1.875000238418579,3.333333730697632,-2.708333730697632,-1.2500004768371582,-2.083333730697632,-1.8750004768371582,-1.4583334922790527,2.500000476837158,-1.8750004768371582,-1.875000238418579
1753295898.6457846,-3.125000476837158,-2.708333730697632,-1.4583334922790527,3.958333730697632,-2.2916669845581055,-2.500000476837158,-2.2916669845581055,-2.2916669845581055,-1.250000238418579,2.083333730697632,-2.2916669845581055,-0.8333335518836975
1753295898.6558287,-1.8750004768371582,-1.666667103767395,-2.0833334922790527,3.958333730697632,-2.708333730697632,-3.125000476837158,-3.5416669845581055,-2.9166669845581055,-1.250000238418579,2.083333730697632,-2.2916669845581055,-1.041666865348816
1753295898.665812,-1.8750004768371582,-1.8750004768371582,-2.9166669845581055,2.2916669845581055,-2.500000476837158,-2.500000476837158,-2.708333730697632,-1.8750004768371582,-1.4583334922790527,2.708333730697632,-2.708333730697632,-0.6250002384185791
1753295898.6757698,-2.2916669845581055,-2.083333730697632,-1.250000238418579,3.125000476837158,-2.2916669845581055,-2.500000476837158,-3.958333730697632,-2.083333730697632,-2.500000238418579,2.708333730697632,-2.2916669845581055,-1.875000238418579
1753295898.6858082,-2.083333730697632,-2.2916669845581055,-1.875000238418579,1.666667103767395,-1.4583337306976318,-2.708333730697632,-5.000000476837158,-2.9166669845581055,-1.041666865348816,2.083333730697632,-2.500000476837158,-2.500000238418579
1753295898.6958477,-1.666667103767395,-1.666667103767395,-2.9166669845581055,2.083333730697632,-2.083333730697632,-1.8750004768371582,-3.750000476837158,-2.2916669845581055,-1.250000238418579,2.2916669845581055,-1.8750004768371582,-1.250000238418579
1753295898.7057974,-2.9166669845581055,-1.041667103767395,-3.333333730697632,2.2916669845581055,-1.8750004768371582,-1.666667103767395,-3.750000476837158,-1.666667103767395,-1.041666865348816,3.333333730697632,-2.500000476837158,-1.250000238418579
1753295898.7158387,-2.9166669845581055,-1.8750004768371582,-2.083333730697632,1.4583337306976318,-1.8750004768371582,-2.9166669845581055,-2.2916669845581055,-1.8750004768371582,-1.041666865348816,2.083333730697632,-3.125000476837158,-1.4583334922790527
1753295898.7257717,-1.666667103767395,-2.2916669845581055,-2.2916669845581055,1.4583337306976318,-1.8750004768371582,-2.9166669845581055,-3.5416669845581055,-2.9166669845581055,-1.666666865348816,1.8750004768371582,-1.8750004768371582,-1.875000238418579
1753295898.735844,-2.9166669845581055,-1.8750004768371582,-4.1666669845581055,2.083333730697632,-2.2916669845581055,-1.666667103767395,-2.083333730697632,-1.8750004768371582,-2.0833334922790527,3.125000476837158,-1.8750004768371582,-2.500000238418579
1753295898.7457669,-3.5416669845581055,-2.2916669845581055,-2.708333730697632,2.083333730697632,-2.2916669845581055,-1.8750004768371582,-1.666667103767395,-2.2916669845581055,-1.041666865348816,2.2916669845581055,-2.708333730697632,-1.666666865348816
1753295898.7557623,-2.083333730697632,-3.125000476837158,-2.500000476837158,1.666667103767395,-1.666667103767395,-3.333333730697632,-2.2916669845581055,-2.708333730697632,-1.250000238418579,2.083333730697632,-2.500000476837158,-1.666666865348816
1753295898.765807,-2.9166669845581055,-2.2916669845581055,-3.333333730697632,1.4583337306976318,-0.8333337306976318,-2.9166669845581055,-1.2500004768371582,-2.2916669845581055,-1.250000238418579,2.708333730697632,-2.9166669845581055,-1.666666865348816
1753295898.7757597,-3.5416669845581055,-2.9166669845581055,-1.8750004768371582,2.9166669845581055,-1.4583337306976318,-2.2916669845581055,-1.2500004768371582,-2.500000476837158,-1.4583334922790527,2.9166669845581055,-2.9166669845581055,-2.2916669845581055
1753295898.7857802,-2.083333730697632,-2.708333730697632,-1.8750004768371582,2.083333730697632,-2.2916669845581055,-2.9166669845581055,-1.2500004768371582,-1.666667103767395,-2.500000238418579,1.2500004768371582,-2.500000476837158,-2.500000238418579
1753295898.7957582,-2.708333730697632,-2.708333730697632,-2.708333730697632,2.2916669845581055,-1.8750004768371582,-3.333333730697632,-1.2500004768371582,-2.2916669845581055,-2.0833334922790527,1.8750004768371582,-2.2916669845581055,-1.875000238418579
1753295898.8058188,-2.708333730697632,-2.2916669845581055,-2.9166669845581055,3.125000476837158,-1.666667103767395,-2.708333730697632,-1.2500004768371582,-2.2916669845581055,-1.875000238418579,2.9166669845581055,-1.2500004768371582,-1.250000238418579
1753295898.8157701,-1.8750004768371582,-2.083333730697632,-1.666667103767395,2.9166669845581055,-0.8333337306976318,-3.125000476837158,-1.041667103767395,-1.666667103767395,-2.500000238418579,1.8750004768371582,-2.083333730697632,-2.2916669845581055
1753295898.8257983,-1.8750004768371582,-1.2500004768371582,-2.500000476837158,2.500000476837158,-1.041667103767395,-2.500000476837158,-2.083333730697632,-2.083333730697632,-3.125000238418579,1.666667103767395,-1.666667103767395,-2.9166669845581055
1753295898.835763,-2.2916669845581055,-2.2916669845581055,-2.2916669845581055,3.750000476837158,-1.8750004768371582,-2.500000476837158,-2.708333730697632,-2.083333730697632,-2.0833334922790527,1.666667103767395,-1.8750004768371582,-1.875000238418579
1753295898.8457782,-1.666667103767395,-1.666667103767395,-1.8750004768371582,1.8750004768371582,-1.8750004768371582,-3.750000476837158,-2.500000476837158,-1.2500004768371582,-1.041666865348816,2.500000476837158,-2.083333730697632,-1.875000238418579
1753295898.8557684,-1.8750004768371582,-1.041667103767395,-1.8750004768371582,2.500000476837158,-2.083333730697632,-3.125000476837158,-2.9166669845581055,-1.8750004768371582,-1.875000238418579,2.2916669845581055,-1.041667103767395,-2.7083334922790527
1753295898.8657718,-2.708333730697632,-0.41666707396507263,-2.708333730697632,3.125000476837158,-1.8750004768371582,-1.666667103767395,-2.9166669845581055,-1.2500004768371582,-3.125000238418579,1.2500004768371582,-1.041667103767395,-2.500000238418579
1753295898.8757973,-2.500000476837158,-0.41666707396507263,-3.125000476837158,1.666667103767395,-1.4583337306976318,-3.125000476837158,-2.9166669845581055,-0.6250004172325134,-1.666666865348816,1.041667103767395,-1.666667103767395,-1.041666865348816
1753295898.8857954,-1.2500004768371582,-1.4583337306976318,-1.8750004768371582,2.083333730697632,-2.083333730697632,-3.5416669845581055,-4.583333969116211,-0.8333337306976318,-1.666666865348816,1.666667103767395,-1.041667103767395,-2.0833334922790527
1753295898.8957846,-1.666667103767395,-0.8333337306976318,-2.708333730697632,2.083333730697632,-1.8750004768371582,-2.2916669845581055,-3.333333730697632,-1.8750004768371582,-1.875000238418579,2.2916669845581055,-1.2500004768371582,-2.7083334922790527
1753295898.9057658,-1.666667103767395,-1.2500004768371582,-3.750000476837158,2.083333730697632,-1.2500004768371582,-3.333333730697632,-4.583333969116211,-1.666667103767395,-3.125000238418579,1.8750004768371582,-1.2500004768371582,-2.083333730697632
1753295898.9157655,-2.2916669845581055,-1.041667103767395,-2.083333730697632,1.2500004768371582,-0.41666707396507263,-2.083333730697632,-3.750000476837158,-1.041667103767395,-2.083333730697632,1.666667103767395,-2.083333730697632,-1.4583337306976318
1753295898.9257748,-1.666667103767395,-0.8333337306976318,-2.9166669845581055,1.2500004768371582,-0.6250004172325134,-1.666667103767395,-3.333333730697632,-1.4583337306976318,-1.4583337306976318,2.708333730697632,-2.083333730697632,-1.8750004768371582
1753295898.9357665,-1.666667103767395,-0.416666716337204,-3.125000476837158,1.4583337306976318,-0.6250004172325134,-2.9166669845581055,-2.9166669845581055,-0.20833373069763184,-2.2916669845581055,2.708333730697632,-1.4583337306976318,-3.125000476837158
1753295898.9458013,-2.083333730697632,-0.416666716337204,-2.083333730697632,0.8333337306976318,-1.0416667461395264,-3.125000476837158,-1.666667103767395,-0.41666707396507263,-2.083333730697632,1.8750004768371582,-1.2500004768371582,-1.8750004768371582
1753295898.955774,-2.500000476837158,-0.41666677594184875,-3.5416669845581055,1.666667103767395,-1.666666865348816,-2.2916669845581055,-1.041667103767395,-1.8750004768371582,-2.083333730697632,1.666667103767395,-1.8750004768371582,-1.4583337306976318
1753295898.9657667,-1.2500004768371582,-0.6250002384185791,-3.333333730697632,1.8750004768371582,-1.4583334922790527,-2.9166669845581055,-1.2500004768371582,-1.4583337306976318,-1.666667103767395,2.500000476837158,-2.9166669845581055,-2.2916669845581055
1753295898.9757717,-1.8750004768371582,-1.875000238418579,-2.083333730697632,1.4583337306976318,-0.8333335518836975,-3.750000476837158,-1.041667103767395,-1.4583337306976318,-2.708333730697632,2.2916669845581055,-2.2916669845581055,-2.500000476837158
1753295898.9857688,-3.125000476837158,-1.250000238418579,-3.125000476837158,1.4583337306976318,-0.8333335518836975,-1.8750004768371582,-1.2500004768371582,-0.8333337306976318,-2.500000476837158,1.666667103767395,-1.4583337306976318,-2.708333730697632
1753295898.9957633,-2.083333730697632,-0.8333335518836975,-2.500000476837158,2.2916669845581055,-0.4166668653488159,-2.500000476837158,-0.833333432674408,-1.2500004768371582,-1.2500004768371582,1.2500004768371582,-1.2500004768371582,-1.666667103767395
1753295899.0057912,-1.041667103767395,-0.4166668653488159,-1.8750004768371582,1.8750004768371582,-0.208333358168602,-3.958333730697632,-0.6250001192092896,-1.041667103767395,-1.2500004768371582,1.666667103767395,-1.2500004768371582,-1.666667103767395
1753295899.0157645,-1.666667103767395,-0.4166668653488159,-2.2916669845581055,2.083333730697632,-0.6250000596046448,-2.500000476837158,-0.833333432674408,-1.2500004768371582,-1.8750004768371582,1.8750004768371582,-1.2500004768371582,-2.500000476837158
1753295899.0257733,-2.083333730697632,-1.0416667461395264,-2.9166669845581055,1.8750004768371582,-0.6250000596046448,-3.333333730697632,-0.6250001192092896,-0.8333337306976318,-2.083333730697632,1.4583337306976318,-1.4583337306976318,-2.083333730697632
1753295899.0357652,-2.9166669845581055,-1.2500001192092896,-2.083333730697632,2.9166669845581055,-0.6250000596046448,-2.9166669845581055,-0.208333358168602,-1.8750004768371582,-2.9166669845581055,1.2500004768371582,-1.666667103767395,-1.2500004768371582
1753295899.0457685,-1.8750004768371582,-0.41666677594184875,-1.666667103767395,2.083333730697632,-0.6250000596046448,-1.666667103767395,-0.833333432674408,-1.4583337306976318,-1.4583337306976318,1.4583337306976318,-1.2500004768371582,-2.083333730697632
1753295899.0557659,-1.4583337306976318,-1.2500001192092896,-3.125000476837158,2.083333730697632,-0.833333432674408,-3.333333730697632,-0.6250001192092896,-1.666667103767395,-1.666667103767395,1.2500004768371582,-0.0,-2.9166669845581055
1753295899.0657992,-1.041667103767395,-1.250000238418579,-2.9166669845581055,2.500000476837158,-0.833333432674408,-3.333333730697632,-1.666666865348816,-0.6250004172325134,-1.4583337306976318,1.041667103767395,-0.20833338797092438,-2.708333730697632
1753295899.075776,-0.6250004172325134,-0.8333335518836975,-1.2500004768371582,2.708333730697632,-1.0416667461395264,-1.8750004768371582,-1.666666865348816,-0.6250004172325134,-2.2916669845581055,1.041667103767395,-1.2500001192092896,-1.8750004768371582
1753295899.0857959,-0.833333432674408,-0.8333335518836975,-2.9166669845581055,1.666667103767395,-1.0416667461395264,-3.125000476837158,-1.4583334922790527,-0.20833373069763184,-2.708333730697632,1.041667103767395,-1.0416667461395264,-2.083333730697632
1753295899.0957897,-0.6250001192092896,-0.6250000596046448,-3.333333730697632,1.666667103767395,-0.208333358168602,-2.9166669845581055,-1.4583334922790527,-0.6250000596046448,-1.8750004768371582,2.083333730697632,-1.4583334922790527,-2.500000476837158
1753295899.1057727,-1.4583334922790527,-0.208333358168602,-1.8750004768371582,2.500000476837158,-0.0,-1.666667103767395,-0.8333335518836975,-1.2500001192092896,-2.083333730697632,1.041667103767395,-1.2500001192092896,-2.500000476837158
1753295899.115782,-1.0416667461395264,-0.416666716337204,-2.500000476837158,1.666667103767395,-0.20833338797092438,-2.708333730697632,-0.4166668653488159,-1.666666865348816,-2.500000476837158,1.2500004768371582,-1.875000238418579,-1.2500004768371582
1753295899.1257699,-1.0416667461395264,0.0,-3.5416669845581055,0.8333337306976318,-0.0,-3.333333730697632,-0.6250002384185791,-1.250000238418579,-2.708333730697632,1.666667103767395,-1.041666865348816,-1.666667103767395
1753295899.135774,-1.666666865348816,0.0,-1.4583337306976318,0.41666707396507263,-0.0,-1.8750004768371582,-1.666666865348816,-2.0833334922790527,-1.041667103767395,1.4583337306976318,-1.041666865348816,-2.2916669845581055
1753295899.145775,-1.666666865348816,-0.833333432674408,-2.500000476837158,0.41666707396507263,-0.416666716337204,-1.4583337306976318,-2.9166669845581055,-1.250000238418579,-1.2500004768371582,1.666667103767395,-1.041666865348816,-2.083333730697632
1753295899.155776,-0.8333335518836975,-0.833333432674408,-3.125000476837158,0.41666707396507263,-0.0,-2.9166669845581055,-2.0833334922790527,-0.208333358168602,-1.8750004768371582,1.4583337306976318,-0.6250002384185791,-1.2500004768371582
1753295899.1657689,-0.8333335518836975,0.0,-2.2916669845581055,0.6250004172325134,-0.208333358168602,-3.125000476837158,-2.7083334922790527,-0.20833343267440796,-2.500000476837158,1.041667103767395,-0.4166668653488159,-1.041667103767395
1753295899.17577,-0.4166668653488159,-0.41666677594184875,-1.666667103767395,1.2500004768371582,-0.833333432674408,-1.8750004768371582,-3.5416669845581055,-0.208333358168602,-2.083333730697632,1.4583337306976318,-0.8333335518836975,-1.666667103767395
1753295899.185774,-1.041666865348816,-0.833333432674408,-2.083333730697632,1.041667103767395,-0.0,-2.083333730697632,-2.500000476837158,0.0,-0.8333337306976318,0.8333337306976318,-0.4166668653488159,-2.083333730697632
1753295899.1957982,-1.250000238418579,0.0,-3.125000476837158,1.2500004768371582,-0.20833338797092438,-2.500000476837158,-2.500000476837158,-0.6250001192092896,-1.041667103767395,0.8333337306976318,-0.6250002384185791,-2.083333730697632
1753295899.20578,-1.875000238418579,-1.4583334922790527,-0.8333337306976318,1.041667103767395,-0.0,-2.9166669845581055,-3.5416669845581055,-1.2500001192092896,-1.4583337306976318,1.2500004768371582,-1.250000238418579,-1.041667103767395
1753295899.2157702,-1.250000238418579,-1.666666865348816,-2.083333730697632,0.8333337306976318,-0.0,-2.083333730697632,-2.2916669845581055,-0.41666677594184875,-2.083333730697632,1.4583337306976318,-0.0,-1.666667103767395
1753295899.2257748,-1.041666865348816,-0.4166668653488159,-1.2500004768371582,0.6250004172325134,-0.833333432674408,-2.2916669845581055,-2.2916669845581055,-1.666666865348816,-2.083333730697632,1.2500004768371582,-0.0,-1.666667103767395
1753295899.2357717,-0.8333335518836975,-0.8333335518836975,-2.2916669845581055,1.041667103767395,-1.0416667461395264,-2.9166669845581055,-3.333333730697632,-0.833333432674408,-1.041667103767395,1.041667103767395,-0.0,-2.083333730697632
1753295899.2458053,-1.250000238418579,-0.208333358168602,-2.2916669845581055,1.041667103767395,-0.41666677594184875,-3.125000476837158,-1.666667103767395,-0.6250001192092896,-1.2500004768371582,1.041667103767395,-0.416666716337204,-1.666667103767395
1753295899.2557812,-1.041666865348816,0.0,-0.6250004172325134,1.041667103767395,-1.0416667461395264,-1.4583337306976318,-1.8750004768371582,-0.208333358168602,-1.4583337306976318,1.2500004768371582,-0.833333432674408,-1.2500004768371582
1753295899.2657833,-1.250000238418579,-0.208333358168602,-1.666667103767395,0.8333337306976318,-0.833333432674408,-2.083333730697632,-1.666667103767395,0.0,-1.666667103767395,0.833333432674408,-0.0,-1.2500004768371582
1753295899.2758062,-1.041666865348816,0.0,-1.4583337306976318,0.6250004172325134,-0.6250001192092896,-2.2916669845581055,-1.041667103767395,-0.208333358168602,-1.666667103767395,0.6250001192092896,-0.208333358168602,-1.2500004768371582
1753295899.2857776,-1.041666865348816,-0.6250000596046448,-2.2916669845581055,1.041667103767395,-1.2500001192092896,-1.8750004768371582,-1.041667103767395,0.0,-1.666667103767395,0.6250001192092896,-0.0,-2.500000476837158
1753295899.2957728,-0.8333335518836975,0.0,-2.083333730697632,0.41666707396507263,-0.208333358168602,-1.041667103767395,-0.41666707396507263,-0.41666677594184875,-1.041667103767395,0.833333432674408,-0.0,-2.2916669845581055
1753295899.3057737,-1.250000238418579,0.0,-0.8333337306976318,0.41666707396507263,-0.0,-1.041667103767395,-0.6250004172325134,0.0,-1.041667103767395,1.0416667461395264,-0.0,-1.041667103767395
1753295899.3157775,-1.250000238418579,-0.416666716337204,-1.2500004768371582,0.41666707396507263,-0.0,-1.4583337306976318,0.0,0.0,-1.2500004768371582,1.4583334922790527,-0.416666716337204,-0.8333337306976318
1753295899.3257778,-0.8333335518836975,0.0,-1.041667103767395,0.208333358168602,-0.0,-1.666667103767395,0.0,-0.208333358168602,-1.666667103767395,1.0416667461395264,-0.0,-1.041667103767395
1753295899.3357682,-1.250000238418579,0.0,-1.8750004768371582,0.416666716337204,-0.208333358168602,-2.500000476837158,-1.0416667461395264,0.0,-2.083333730697632,1.0416667461395264,-0.0,-1.8750004768371582
1753295899.3457649,-1.041666865348816,0.0,-2.2916669845581055,-0.0,-0.0,-1.666667103767395,0.0,-0.6250000596046448,-1.041667103767395,1.2500001192092896,-0.833333432674408,-1.8750004768371582
1753295899.3557646,-1.041666865348816,-0.416666716337204,-1.666667103767395,0.6250000596046448,-0.0,-0.8333337306976318,0.0,0.0,-0.8333337306976318,0.41666677594184875,-0.208333358168602,-2.083333730697632
1753295899.3657832,-1.250000238418579,-1.0416667461395264,-1.4583337306976318,1.2500001192092896,-0.208333358168602,-1.041667103767395,0.0,-0.6250000596046448,0.0,1.0416667461395264,-0.833333432674408,-1.041667103767395
1753295899.3757777,-0.4166668653488159,0.0,-0.41666707396507263,1.4583334922790527,-0.0,-0.6250004172325134,-0.208333358168602,0.0,-0.833333432674408,1.2500001192092896,-0.0,-0.6250004172325134
1753295899.3857868,-0.6250002384185791,-0.41666677594184875,-0.8333337306976318,1.4583334922790527,-0.208333358168602,-1.2500004768371582,0.0,-0.208333358168602,-0.20833343267440796,0.6250002384185791,-0.833333432674408,-0.8333337306976318
1753295899.3957849,-0.4166668653488159,-0.833333432674408,-1.666667103767395,1.041666865348816,-0.0,-1.4583337306976318,-0.208333358168602,-1.0416667461395264,-1.2500001192092896,0.8333335518836975,-0.0,-0.8333337306976318
1753295899.4057794,-0.4166668653488159,-0.6250001192092896,-1.666667103767395,0.8333335518836975,-0.0,-1.8750004768371582,0.0,-0.20833343267440796,-1.4583334922790527,0.8333335518836975,-0.41666677594184875,-1.041667103767395
1753295899.4157693,-1.0416667461395264,-1.2500001192092896,-1.4583337306976318,0.6250002384185791,-0.0,-0.8333337306976318,-0.20833338797092438,-1.0416667461395264,-2.2916669845581055,0.20833353698253632,-0.833333432674408,-2.083333730697632
1753295899.4257796,-0.20833343267440796,-0.6250001192092896,-1.2500004768371582,0.8333335518836975,-0.208333358168602,-0.8333337306976318,-0.208333358168602,-1.0416667461395264,-1.4583334922790527,0.208333358168602,-0.41666677594184875,-1.4583337306976318
1753295899.4357762,-0.833333432674408,0.0,-0.41666707396507263,1.041666865348816,-0.0,-0.8333337306976318,0.0,-1.0416667461395264,-0.208333358168602,0.0,-1.0416667461395264,-0.41666707396507263
1753295899.4457726,-1.666666865348816,0.0,-0.41666707396507263,1.041666865348816,-0.208333358168602,-1.041667103767395,0.0,-0.833333432674408,-0.6250001192092896,0.0,-0.208333358168602,-0.8333337306976318
1753295899.4557807,-0.6250002384185791,0.0,-0.6250004172325134,0.6250002384185791,-0.0,-1.4583337306976318,0.0,0.0,0.0,0.0,-0.0,-0.208333358168602
1753295899.4657788,-0.8333335518836975,0.0,-1.666667103767395,1.4583334922790527,-0.0,-1.4583337306976318,0.0,0.0,-1.2500001192092896,0.208333358168602,-0.208333358168602,-0.6250000596046448
1753295899.475769,-0.6250002384185791,0.0,-1.666667103767395,1.4583334922790527,-0.0,-0.6250004172325134,0.0,-0.208333358168602,0.0,0.208333358168602,-0.0,-1.0416667461395264
1753295899.4857843,-0.4166668653488159,0.0,-1.2500004768371582,1.041666865348816,-0.0,-0.8333337306976318,0.0,0.0,-0.833333432674408,0.208333358168602,-0.416666716337204,-0.6250001192092896
1753295899.4957757,-0.0,-0.208333358168602,-0.41666707396507263,1.4583334922790527,-0.0,-0.208333358168602,-0.208333358168602,-0.208333358168602,-0.6250001192092896,0.0,-0.0,-0.41666677594184875
1753295899.505791,-0.0,0.0,-1.2500004768371582,1.041666865348816,-0.208333358168602,-0.416666716337204,-0.208333358168602,-0.208333358168602,-0.41666677594184875,0.0,-0.0,-0.833333432674408
1753295899.5157778,-0.208333358168602,0.0,-0.208333358168602,1.250000238418579,-0.0,-1.0416667461395264,-0.208333358168602,0.0,-1.0416667461395264,0.20833338797092438,-0.0,-1.875000238418579
1753295899.525776,-0.0,0.0,-0.416666716337204,1.250000238418579,-0.0,-0.41666677594184875,0.0,0.0,-1.2500001192092896,0.0,-0.208333358168602,-1.041666865348816
1753295899.535776,-0.0,-0.208333358168602,-0.6250000596046448,1.041666865348816,-0.208333358168602,-1.0416667461395264,0.0,0.0,-0.833333432674408,0.833333432674408,-0.0,-0.8333335518836975
1753295899.5458286,-0.208333358168602,0.0,-0.6250000596046448,0.4166668653488159,-0.0,-1.0416667461395264,-0.6250000596046448,-0.20833338797092438,-0.833333432674408,0.0,-0.208333358168602,-0.20833353698253632
1753295899.5558314,-0.208333358168602,0.0,-0.20833338797092438,0.4166668653488159,-0.208333358168602,-0.41666677594184875,0.0,0.0,-0.208333358168602,0.416666716337204,-0.0,-0.208333358168602
1753295899.5657918,-0.20833338797092438,0.0,-0.416666716337204,-0.0,-0.208333358168602,-1.2500001192092896,-0.20833338797092438,0.0,0.0,0.20833338797092438,-0.0,-0.0
1753295899.5757957,-0.0,0.0,-0.833333432674408,-0.0,-0.0,-1.0416667461395264,-0.833333432674408,0.0,-0.416666716337204,0.6250000596046448,-0.0,-0.416666716337204
1753295899.5857882,-0.0,0.0,-1.0416667461395264,-0.0,-0.0,-0.6250001192092896,0.0,0.0,0.0,1.4583334922790527,-0.0,-0.0
1753295899.595783,-0.0,0.0,-1.0416667461395264,-0.0,-0.0,-0.20833343267440796,-0.833333432674408,0.0,-0.6250000596046448,1.0416667461395264,-0.208333358168602,-0.208333358168602
1753295899.605783,-0.0,0.0,-0.6250001192092896,-0.0,-0.0,-0.41666677594184875,-0.208333358168602,0.0,-0.208333358168602,0.6250001192092896,-0.0,-0.0
1753295899.615776,-0.416666716337204,0.0,-1.0416667461395264,-0.0,-0.0,-0.208333358168602,-1.0416667461395264,0.0,-0.6250000596046448,0.41666677594184875,-0.0,-0.0
1753295899.6257813,-0.0,0.0,0.0,-0.0,-0.0,-0.0,-1.0416667461395264,0.0,-0.20833338797092438,0.208333358168602,-0.0,-0.833333432674408
1753295899.6357803,-0.6250000596046448,0.0,0.0,0.208333358168602,-0.0,-0.20833338797092438,-0.6250001192092896,0.0,0.0,0.0,-0.0,-0.0
1753295899.6457818,-0.0,0.0,-0.416666716337204,-0.0,-0.0,-0.0,-0.20833343267440796,0.0,-0.6250000596046448,0.0,-0.0,-0.0
1753295899.6557791,-0.208333358168602,0.0,0.0,-0.0,-0.0,-0.416666716337204,-0.20833343267440796,0.0,-0.416666716337204,0.0,-0.0,-0.833333432674408
1753295899.665778,-0.0,0.0,-0.208333358168602,-0.0,-0.0,-0.0,-0.416666716337204,0.0,-0.208333358168602,0.0,-0.208333358168602,-0.0
1753295899.6757843,-0.0,0.0,0.0,-0.0,-0.0,-0.208333358168602,-0.208333358168602,0.0,-0.6250000596046448,0.0,-0.0,-0.0
1753295899.6857784,-0.20833338797092438,0.0,-0.208333358168602,-0.0,-0.0,-0.0,0.0,0.0,-0.416666716337204,0.208333358168602,-0.0,-0.6250000596046448
1753295899.695783,-0.0,0.0,0.0,-0.0,-0.0,-0.0,-0.20833338797092438,0.0,-0.6250000596046448,0.0,-0.0,-0.0
1753295899.705774,-0.833333432674408,0.0,0.0,0.208333358168602,-0.0,-0.208333358168602,0.0,0.0,0.0,0.0,-0.0,-0.0
1753295899.7157757,-0.208333358168602,0.0,-0.208333358168602,-0.0,-0.0,-0.0,-0.208333358168602,0.0,-1.0416667461395264,0.0,-0.0,-0.208333358168602
1753295899.7257898,-0.0,0.0,0.0,-0.0,-0.0,-0.0,0.0,0.0,0.0,0.0,-0.0,-0.20833338797092438
1753295899.735776,-0.833333432674408,0.0,0.0,-0.0,-0.0,-0.0,-0.208333358168602,0.0,0.0,0.0,-0.0,-0.0
1753295899.7457755,-0.416666716337204,0.0,-0.208333358168602,-0.0,-0.0,-0.208333358168602,0.0,0.0,-0.208333358168602,0.0,-0.0,-0.0
1753295899.7558105,-0.416666716337204,0.0,0.0,-0.0,-0.0,-0.0,-0.208333358168602,0.0,0.0,0.0,-0.0,-0.208333358168602
1753295899.765792,-0.208333358168602,0.0,0.0,-0.0,-0.0,-0.0,0.0,0.0,0.0,0.0,-0.0,-0.0
1753295899.775787,-0.416666716337204,0.0,0.0,-0.0,-0.0,-0.0,0.0,0.0,0.0,0.0,-0.208333358168602,-0.0
1753295899.7857926,-0.0,0.0,0.0,-0.0,-0.0,-0.208333358168602,0.0,0.0,0.0,0.0,-0.0,-0.0
1753295899.795855,-0.20833338797092438,0.0,0.0,-0.0,-0.0,-0.0,0.0,0.0,0.0,0.0,-0.0,-0.0
1753295899.8058236,-0.0,0.0,0.0,-0.0,-0.208333358168602,-0.0,0.0,0.0,0.0,0.0,-0.0,-0.0
1753295899.8157797,-0.208333358168602,0.0,-0.208333358168602,-0.0,-0.0,-0.0,-0.208333358168602,0.0,0.0,0.0,-0.0,-0.0
1753295899.8258247,-0.0,0.0,0.0,-0.0,-0.0,-0.0,0.0,0.0,0.0,0.0,-0.208333358168602,-0.0
1753295899.8358374,-0.208333358168602,0.0,0.0,-0.0,-0.0,-0.0,-0.208333358168602,0.0,0.0,0.208333358168602,-0.0,-0.833333432674408
1753295899.8458147,-0.0,0.0,0.0,-0.0,-0.0,-0.0,0.0,0.0,0.0,0.0,-0.0,-0.0
1753295899.8558605,-0.0,0.0,0.0,-0.0,-0.0,-0.0,0.0,0.0,0.0,0.0,-0.0,-0.0
1753295899.8658655,-0.0,0.0,0.0,-0.0,-0.0,-0.0,0.0,0.0,0.0,0.0,-0.0,-0.0
1753295899.875788,-0.0,0.0,0.0,-0.0,-0.0,-0.0,0.0,0.0,0.0,0.0,-0.0,-0.208333358168602
1753295899.8858652,-0.0,0.0,0.0,-0.0,-0.0,-0.0,0.0,0.0,0.0,0.0,-0.0,-0.208333358168602
1753295899.8957834,-0.0,0.0,0.0,-0.0,-0.0,-0.0,-0.208333358168602,0.0,0.0,0.0,-0.208333358168602,-0.0
1753295899.9058754,-0.0,0.0,0.0,-0.0,-0.0,-0.0,-0.208333358168602,0.0,0.0,0.0,-0.0,-0.0
1753295899.915785,-0.0,0.0,0.0,-0.0,-0.0,-0.0,0.0,0.0,0.0,0.0,-0.0,-0.416666716337204
1753295899.9258034,-0.0,0.0,0.0,-0.0,-0.0,-0.0,0.0,0.0,0.0,0.0,-0.0,-0.0
1753295899.9357939,-0.0,0.0,0.0,-0.0,-0.0,-0.0,0.0,0.0,0.0,0.0,-0.0,-0.0
1753295899.9457908,-0.0,0.0,0.0,-0.0,-0.0,-0.0,-0.208333358168602,0.0,0.0,0.0,-0.0,-0.0
1753295899.9557824,-0.0,0.0,0.0,-0.0,-0.0,-0.0,0.0,0.0,0.0,0.0,-0.0,-0.0
1753295899.965823,-0.0,0.0,0.0,-0.0,-0.0,-0.0,0.0,0.0,0.0,0.0,-0.0,-0.0
1753295899.975788,-0.0,0.0,-0.208333358168602,-0.0,-0.0,-0.0,-0.208333358168602,0.0,0.208333358168602,0.0,-0.0,-0.0
1753295899.9857874,-0.0,0.0,0.0,-0.0,-0.0,-0.0,0.0,0.0,0.0,0.0,-0.0,-0.0
1753295899.9957862,-0.0,0.0,0.0,-0.0,-0.0,-0.0,0.0,0.0,0.0,0.0,-0.0,-0.0
1753295900.0058296,-0.0,0.0,0.0,-0.0,-0.0,-0.0,0.0,0.0,0.0,0.0,-0.0,-0.0
1753295900.015845,-0.0,0.0,0.0,-0.0,-0.0,-0.0,0.0,0.0,0.0,0.0,-0.0,-0.0
1753295900.0258248,-0.0,0.0,0.0,-0.0,-0.0,-0.0,0.0,0.0,0.0,0.0,-0.0,-0.0
1753295900.0358002,-0.0,0.0,0.0,-0.0,-0.0,-0.0,-0.208333358168602,0.0,0.208333358168602,0.0,-0.0,-0.0
1753295900.0457923,-0.0,0.0,0.0,-0.0,-0.0,-0.0,-0.208333358168602,0.0,0.0,0.0,-0.208333358168602,-0.0
1753295900.0558038,-0.0,0.0,0.0,-0.0,-0.0,-0.0,0.0,0.0,0.208333358168602,0.0,-0.0,-0.0
1753295900.0657907,-0.0,0.0,0.0,-0.0,-0.0,-0.208333358168602,0.0,0.0,0.0,0.0,-0.0,-0.0
1753295900.0758379,-0.0,0.0,0.0,-0.0,-0.0,-0.0,0.0,0.0,0.0,0.0,-0.0,-0.0
1753295900.085795,-0.0,0.0,0.0,-0.0,-0.0,-0.0,-0.20833338797092438,0.0,0.0,0.0,-0.0,-0.0
1753295900.0957913,-0.0,0.208333358168602,0.0,-0.0,-0.0,-0.0,-0.208333358168602,0.0,0.6250000596046448,0.0,-0.208333358168602,-0.0
1753295900.1058323,-0.0,0.0,0.0,-0.0,-0.0,-0.0,-0.208333358168602,0.0,0.0,0.0,-0.0,-0.0
1753295900.115792,-0.0,0.0,0.0,-0.0,-0.0,-0.0,0.0,0.0,0.0,0.0,-0.0,-0.0
1753295900.1258268,-0.0,0.0,0.0,-0.0,-0.0,-0.0,-0.416666716337204,0.0,0.0,0.0,-0.0,-0.0
1753295900.1357968,-0.0,0.0,0.0,-0.0,-0.0,-0.0,-0.208333358168602,0.0,0.0,0.0,-0.0,-0.0
1753295900.145792,-0.0,0.0,0.0,-0.0,-0.0,-0.0,-0.208333358168602,0.0,0.20833338797092438,0.0,-0.0,-0.0
1753295900.1557913,-0.0,0.0,0.0,-0.0,-0.0,-0.0,-0.416666716337204,0.0,0.0,0.0,-0.0,-0.0
1753295900.1658342,-0.0,0.0,0.0,-0.0,-0.0,-0.0,0.0,0.0,0.0,0.0,-0.208333358168602,-0.0
1753295900.1758578,-0.0,0.0,0.0,-0.0,-0.0,-0.0,-0.416666716337204,0.0,0.0,0.0,-0.0,-0.0
1753295900.1858346,-0.0,0.0,0.0,-0.0,-0.0,-0.0,0.0,0.0,0.0,0.0,-0.0,-0.0
1753295900.1958401,-0.0,0.0,0.0,-0.0,-0.0,-0.0,-0.6250000596046448,0.0,0.0,0.0,-0.0,-0.0
1753295900.2057998,-0.0,0.208333358168602,0.0,-0.0,-0.0,-0.0,-0.208333358168602,0.0,0.208333358168602,0.0,-0.0,-0.0
1753295900.2158384,-0.0,0.0,0.0,-0.0,-0.0,-0.0,0.0,0.0,0.0,0.0,-0.208333358168602,-0.0
1753295900.225792,-0.0,0.0,0.0,-0.0,-0.0,-0.0,0.0,0.0,0.0,0.0,-0.0,-0.0
1753295900.2358167,-0.0,0.0,0.0,-0.0,-0.0,-0.0,0.0,0.0,0.0,0.0,-0.0,-0.0
1753295900.2458227,-0.0,0.0,0.0,-0.0,-0.0,-0.0,-0.208333358168602,0.0,0.208333358168602,0.0,-0.0,-0.0
1753295900.2558053,-0.0,0.0,0.0,-0.0,-0.0,-0.0,0.0,0.0,0.0,0.0,-0.0,-0.0
1753295900.2658463,-0.0,0.0,0.0,-0.0,-0.0,-0.208333358168602,0.0,0.0,0.0,0.0,-0.0,-0.0
1753295900.2757926,-0.0,0.0,-0.208333358168602,-0.208333358168602,-0.0,-0.0,0.0,0.0,0.0,0.0,-0.0,-0.0
1753295900.2858322,-0.0,0.0,0.0,-0.0,-0.0,-0.0,0.0,0.0,0.208333358168602,0.0,-0.0,-0.0
1753295900.2957926,-0.0,0.0,0.0,-0.0,-0.0,-0.0,0.0,0.0,0.208333358168602,0.0,-0.0,-0.0
1753295900.3057883,-0.0,0.0,0.0,-0.0,-0.0,-0.0,0.0,0.0,0.0,0.0,-0.0,-0.0
1753295900.3158047,-0.0,0.0,0.0,-0.0,-0.0,-0.0,0.0,0.0,0.0,0.0,-0.0,-0.0
1753295900.3258004,-0.0,0.0,0.0,-0.0,-0.0,-0.0,0.0,0.0,0.0,0.0,-0.0,-0.0
1753295900.3358047,-0.0,0.0,0.0,-0.0,-0.0,-0.0,0.0,0.0,0.0,0.0,-0.0,-0.0
1753295900.345806,-0.0,0.0,0.0,-0.0,-0.0,-0.0,0.0,0.0,0.0,0.0,-0.0,-0.0
1753295900.3557947,-0.0,0.0,0.0,-0.0,-0.0,-0.0,0.0,0.0,0.0,0.0,-0.0,-0.0
1753295900.365798,-0.0,0.0,0.0,-0.0,-0.0,-0.0,0.0,0.0,0.0,0.0,-0.0,-0.0
1753295900.3757942,-0.0,0.0,0.0,-0.0,-0.0,-0.0,0.0,0.0,0.0,0.0,-0.0,-0.0
1753295900.385796,-0.0,0.0,0.0,-0.0,-0.0,-0.0,0.0,0.0,0.0,0.0,-0.0,-0.0
1753295900.3958044,-0.0,0.208333358168602,0.0,-0.0,-0.0,-0.0,0.0,0.0,0.208333358168602,0.0,-0.0,-0.0
1753295900.4057965,-0.0,0.0,0.0,-0.0,-0.0,-0.0,0.0,0.0,0.0,0.0,-0.208333358168602,-0.0
1753295900.4158096,-0.0,0.0,0.0,-0.0,-0.0,-0.0,0.0,0.0,0.0,0.0,-0.0,-0.0
1753295900.425797,-0.0,0.0,0.0,-0.0,-0.0,-0.0,0.0,0.0,0.0,0.0,-0.0,-0.0
1753295900.4358127,-0.0,0.0,0.0,-0.0,-0.0,-0.0,0.0,0.0,0.0,0.0,-0.0,-0.0
1753295900.4458098,-0.0,0.0,0.0,-0.208333358168602,-0.0,-0.0,0.0,0.0,0.0,0.0,-0.0,-0.0
1753295900.4558225,-0.0,0.0,0.0,-0.0,-0.0,-0.0,0.0,0.0,0.0,0.0,-0.208333358168602,-0.0
1753295900.4657998,-0.0,0.0,0.0,-0.0,-0.0,-0.0,0.0,0.0,0.0,0.0,-0.0,-0.0
1753295900.475832,-0.0,0.0,0.0,-0.0,-0.0,-0.0,0.0,0.208333358168602,0.0,0.0,-0.0,-0.0
1753295900.4857986,-0.0,0.0,0.0,-0.0,-0.0,-0.0,0.0,0.0,0.0,0.0,-0.0,-0.0
1753295900.4958682,-0.0,0.0,0.0,-0.0,-0.0,-0.0,-0.208333358168602,0.0,0.0,0.0,-0.0,-0.0
1753295900.5058124,-0.0,0.0,0.0,-0.0,-0.0,-0.0,0.0,0.0,0.0,0.0,-0.208333358168602,-0.0
1753295900.5158465,-0.0,0.208333358168602,0.0,-0.0,-0.0,-0.0,0.0,0.0,0.0,0.0,-0.0,-0.0
1753295900.5257967,-0.0,0.0,0.0,-0.0,-0.0,-0.0,0.0,0.0,0.0,0.0,-0.0,-0.0
1753295900.5357962,-0.0,0.0,0.0,-0.0,-0.0,-0.0,0.0,0.0,0.0,0.0,-0.0,-0.0
1753295900.5458024,-0.0,0.0,0.0,-0.0,-0.0,-0.0,0.0,0.0,0.0,0.0,-0.208333358168602,-0.0
1753295900.5557995,-0.0,0.0,0.0,-0.0,-0.0,-0.0,0.0,0.0,0.0,0.0,-0.0,-0.0
1753295900.5658264,-0.0,0.0,0.0,-0.0,-0.0,-0.0,0.0,0.0,0.0,0.0,-0.0,-0.0
1753295900.575836,-0.0,0.0,0.0,-0.0,-0.0,-0.0,0.0,0.0,0.0,0.0,-0.0,0.6250000596046448
1753295900.5858483,-0.0,0.0,0.0,-0.0,-0.0,-0.0,0.0,0.0,0.0,0.0,-0.0,-0.0
1753295900.5957994,-0.0,0.0,0.0,-0.0,-0.0,-0.0,0.0,0.0,0.0,0.0,-0.0,-0.0
1753295900.605881,-0.0,0.0,0.0,-0.0,-0.0,-0.0,0.0,0.0,0.0,0.0,-0.0,-0.0
1753295900.6158023,-0.0,0.0,0.0,-0.0,-0.0,-0.0,0.0,0.0,0.0,0.0,-0.0,-0.0
1753295900.6257985,-0.0,0.0,0.0,-0.0,-0.0,-0.0,0.0,0.0,0.0,0.0,-0.0,-0.0
1753295900.635804,-0.0,0.0,0.0,-0.208333358168602,-0.0,-0.0,0.0,0.0,0.0,0.0,-0.208333358168602,-0.0
1753295900.6458669,-0.0,0.0,0.0,-0.0,-0.0,-0.0,0.0,0.0,0.0,0.0,-0.0,-0.0
1753295900.655865,-0.0,0.0,0.0,-0.0,-0.0,-0.0,0.0,0.0,0.0,0.0,-0.208333358168602,-0.0
1753295900.6658006,-0.0,0.0,0.0,-0.0,-0.0,-0.0,0.0,0.0,0.0,0.0,-0.0,-0.0
1753295900.6758146,-0.0,0.0,0.0,-0.0,-0.0,-0.0,0.0,0.0,0.0,0.0,-0.0,-0.0
1753295900.6858113,0.6250000596046448,0.0,0.0,-0.0,-0.0,-0.0,0.0,0.0,0.0,0.0,-0.0,-0.0
1753295900.6958122,-0.0,0.0,0.0,-0.0,-0.0,-0.0,0.0,0.0,0.0,0.0,-0.0,-0.0
1753295900.7058172,-0.0,0.0,0.0,-0.0,-0.0,-0.0,0.0,0.0,0.0,0.0,-0.208333358168602,-0.0
1753295900.7158413,-0.0,0.0,0.0,-0.0,-0.0,-0.0,0.0,0.0,0.0,0.0,-0.0,-0.0
1753295900.725806,-0.0,0.0,0.0,-0.0,-0.0,-0.0,0.0,0.0,0.0,0.0,-0.416666716337204,-0.0
1753295900.735812,-0.0,0.0,0.0,-0.0,-0.0,-0.0,0.0,0.0,0.0,0.0,-0.0,-0.0
1753295900.7458062,-0.0,0.0,0.0,-0.0,-0.0,-0.0,0.0,0.0,0.0,0.0,-0.20833338797092438,-0.0
1753295900.7558496,-0.0,0.0,0.0,-0.0,-0.0,-0.0,0.0,0.0,0.0,0.0,-0.0,-0.0
1753295900.7658153,-0.0,0.0,0.0,-0.0,-0.0,-0.0,0.0,0.0,0.0,0.0,-0.20833338797092438,-0.0
1753295900.7758012,-0.0,0.0,0.0,-0.0,-0.0,-0.0,0.0,0.0,0.208333358168602,0.0,-0.0,-0.0
1753295900.78588,-0.0,0.0,0.0,-0.0,-0.0,-0.0,0.0,0.0,0.0,0.0,-0.0,-0.0
1753295900.795814,-0.0,0.0,0.0,-0.0,-0.0,-0.0,0.0,0.0,0.0,0.0,-0.0,-0.0
1753295900.8058035,-0.0,0.0,0.0,-0.208333358168602,-0.0,-0.0,0.0,0.0,0.0,0.0,-0.0,-0.0
1753295900.8158004,-0.0,0.0,0.0,-0.0,-0.0,-0.0,0.0,0.0,0.0,0.0,-0.0,-0.0
1753295900.8258033,-0.0,0.0,0.0,-0.0,-0.0,-0.0,0.0,0.0,0.0,0.0,-0.0,-0.0
1753295900.835811,0.208333358168602,0.0,0.0,-0.0,-0.0,-0.0,0.0,0.0,0.0,0.0,-0.208333358168602,-0.0
1753295900.845839,-0.0,0.0,0.0,-0.0,-0.0,-0.0,0.0,0.0,0.0,0.0,-0.0,-0.0
1753295900.8558075,-0.0,0.0,0.0,-0.0,-0.0,-0.0,0.0,0.208333358168602,0.0,0.0,-0.0,-0.0
1753295900.865802,-0.0,0.0,0.0,-0.0,-0.0,-0.0,0.0,0.0,0.0,0.0,-0.0,-0.0
1753295900.8758204,-0.0,0.0,0.0,-0.0,-0.0,-0.0,0.0,0.0,0.0,0.0,-0.0,-0.0
1753295900.8859212,-0.0,0.0,0.0,-0.0,-0.0,-0.0,0.0,0.0,0.0,0.0,-0.0,-0.0
1753295900.8958118,-0.0,0.0,0.0,-0.0,-0.0,-0.0,0.0,0.0,0.0,0.0,-0.0,-0.0
1753295900.9058163,-0.0,0.0,0.0,-0.0,-0.0,-0.0,0.0,0.0,0.0,0.0,-0.0,-0.0
1753295900.9158168,-0.0,0.0,0.0,-0.0,-0.0,-0.0,0.0,0.0,0.0,0.0,-0.0,-0.0
1753295900.9258237,-0.0,0.208333358168602,0.0,-0.0,-0.0,-0.0,0.0,0.0,0.0,0.0,-0.0,-0.0
1753295900.9358132,-0.0,0.0,0.0,-0.0,-0.0,-0.0,0.0,0.0,0.0,0.0,-0.0,-0.0
1753295900.9458547,-0.0,0.0,0.0,-0.0,-0.0,-0.0,0.0,0.0,0.0,0.0,-0.0,-0.0
1753295900.9558165,-0.0,0.0,-0.208333358168602,-0.0,-0.0,-0.0,0.0,0.0,0.0,0.0,-0.0,-0.0
1753295900.9658258,-0.0,0.0,0.0,-0.0,-0.0,-0.0,0.0,0.0,0.0,0.0,-0.0,-0.0
1753295900.9758203,-0.0,0.0,0.0,-0.0,-0.0,-0.0,0.0,0.0,0.0,0.0,-0.0,-0.0
1753295900.9858255,-0.0,0.0,0.0,-0.0,-0.0,-0.0,0.0,0.0,0.0,0.0,-0.0,-0.0
1753295900.9958148,-0.0,0.208333358168602,0.0,-0.0,-0.0,-0.0,0.0,0.0,0.0,0.0,0.20833338797092438,-0.0
1753295901.005815,-0.0,0.0,0.0,-0.0,-0.0,-0.0,0.0,0.0,0.0,0.0,-0.0,-0.0
1753295901.015813,-0.0,0.0,0.0,-0.0,-0.0,-0.0,0.0,0.0,0.0,0.0,-0.0,-0.0
1753295901.025816,-0.0,0.0,0.0,-0.208333358168602,-0.0,-0.0,0.0,0.208333358168602,0.0,0.0,0.208333358168602,-0.0
1753295901.0358126,-0.0,0.0,0.0,-0.0,-0.0,-0.0,0.0,0.0,0.0,0.0,-0.0,-0.0
1753295901.0458117,-0.0,0.0,0.0,-0.0,-0.0,-0.0,0.0,0.0,0.0,0.0,0.208333358168602,-0.0
1753295901.05581,-0.0,0.0,0.0,-0.0,-0.0,-0.0,0.0,0.0,0.0,0.0,-0.0,-0.0
1753295901.0658417,-0.0,0.0,0.0,-0.0,-0.0,-0.0,0.20833338797092438,0.0,0.0,0.0,-0.0,-0.0
1753295901.0758145,-0.0,0.0,0.0,-0.0,-0.0,-0.0,0.0,0.0,0.0,0.0,0.208333358168602,-0.0
1753295901.0858195,-0.0,0.0,0.0,-0.0,-0.0,-0.0,0.0,0.0,0.0,0.0,-0.0,-0.0
1753295901.0958133,-0.0,0.0,0.0,-0.0,-0.0,-0.0,0.0,0.0,0.0,0.0,-0.0,-0.0
1753295901.1058128,-0.0,0.0,0.0,-0.208333358168602,-0.0,-0.0,0.0,0.0,0.0,0.0,0.208333358168602,-0.0
1753295901.115812,-0.0,0.0,0.0,-0.0,-0.208333358168602,-0.0,0.208333358168602,0.0,0.0,0.0,-0.0,-0.0
1753295901.1258101,-0.0,0.0,0.0,-0.0,-0.0,-0.0,0.0,0.0,0.0,0.0,-0.0,-0.0
1753295901.1358113,-0.0,0.0,0.0,-0.0,-0.0,-0.0,0.0,0.0,0.0,0.0,0.208333358168602,-0.0
1753295901.1458466,-0.0,0.0,0.0,-0.0,-0.0,-0.0,0.0,0.0,0.0,0.0,-0.0,-0.0
1753295901.1558135,-0.0,0.0,0.0,-0.0,-0.0,-0.0,0.0,0.0,0.0,0.0,0.208333358168602,-0.0
1753295901.165818,-0.0,0.0,0.0,-0.0,-0.0,-0.0,0.0,0.0,0.0,0.0,-0.0,-0.0
1753295901.1758385,0.208333358168602,0.0,0.0,-0.0,-0.0,-0.0,0.0,0.0,-0.20833338797092438,0.0,-0.0,-0.0
1753295901.1858115,-0.0,0.0,0.0,-0.0,-0.0,-0.0,0.0,0.0,0.0,0.0,-0.0,-0.0
1753295901.1958234,-0.0,0.208333358168602,0.0,-0.0,-0.0,-0.0,0.0,0.0,0.0,0.0,0.208333358168602,-0.0
1753295901.2058194,-0.0,0.0,0.0,-0.0,-0.0,-0.0,0.0,0.0,0.0,0.0,-0.0,-0.0
1753295901.2158182,-0.0,0.0,0.0,-0.0,-0.0,-0.0,0.208333358168602,0.0,-0.20833338797092438,0.0,-0.0,-0.0
1753295901.2258112,-0.0,0.0,0.0,-0.0,-0.0,-0.0,0.0,0.0,0.0,0.0,-0.0,-0.0
1753295901.2358098,-0.0,0.0,0.0,-0.0,-0.0,-0.0,0.0,0.0,0.0,0.0,-0.0,-0.0
1753295901.2458103,-0.0,0.0,0.0,-0.0,-0.0,-0.0,0.0,0.0,0.0,0.0,0.208333358168602,-0.0
1753295901.2558174,0.208333358168602,0.0,0.0,-0.0,-0.0,-0.0,0.0,0.0,0.0,-0.6250000596046448,-0.0,-0.0
1753295901.2658205,-0.0,0.0,0.0,-0.0,-0.0,-0.0,0.208333358168602,0.0,0.0,0.0,-0.0,-0.0
1753295901.275863,-0.0,0.0,0.0,-0.0,-0.0,-0.0,0.0,0.0,0.0,0.0,-0.0,-0.0
1753295901.2858205,-0.0,0.0,0.0,-0.0,-0.0,-0.0,0.208333358168602,0.0,0.0,0.0,-0.0,-0.0
1753295901.2958205,-0.0,0.0,0.0,-0.0,-0.0,-0.0,0.0,0.0,0.0,0.0,-0.0,-0.0
1753295901.3058174,-0.0,0.0,0.0,-0.0,-0.0,-0.0,0.0,0.208333358168602,0.0,0.0,-0.0,-0.0
1753295901.3158123,-0.0,0.0,0.0,-0.0,-0.0,-0.0,0.0,0.0,0.0,0.0,-0.0,-0.0
1753295901.3258226,-0.0,0.0,0.0,-0.0,-0.0,-0.0,0.0,0.0,0.0,0.0,-0.0,-0.0
1753295901.33581,-0.0,0.0,0.0,-0.0,-0.0,-0.0,0.0,0.0,0.0,0.0,-0.0,-0.0
1753295901.3458133,-0.0,0.0,0.0,-0.0,-0.0,-0.0,0.0,0.0,0.0,0.0,-0.0,-0.0
1753295901.3558135,-0.0,0.0,0.0,-0.0,-0.0,-0.0,0.0,0.0,0.0,0.0,-0.0,-0.0
1753295901.3658226,-0.0,0.0,0.0,-0.0,-0.0,-0.0,0.208333358168602,0.0,0.0,0.0,-0.0,-0.0
1753295901.3758223,-0.0,0.0,0.0,-0.0,-0.0,-0.0,0.0,0.0,0.0,0.0,-0.0,-0.0
1753295901.3858142,-0.0,0.0,0.0,-0.0,-0.0,-0.0,0.208333358168602,0.0,0.0,0.0,-0.0,-0.0
1753295901.3958123,-0.0,0.0,0.0,-0.0,-0.0,-0.0,0.0,0.0,0.0,0.0,0.208333358168602,-0.0
1753295901.405821,-0.0,0.0,0.0,-0.0,-0.0,-0.0,0.0,0.0,0.0,0.0,-0.0,-0.0
1753295901.415836,0.208333358168602,0.0,0.0,-0.0,-0.0,-0.0,0.0,0.0,0.0,0.0,-0.0,-0.0
1753295901.4258256,-0.0,0.0,0.0,-0.0,-0.0,-0.0,0.0,0.0,0.0,0.0,-0.0,-0.0
1753295901.4358177,-0.0,0.0,0.0,-0.0,-0.0,-0.0,0.0,0.0,0.0,0.0,-0.0,-0.0
1753295901.4458187,-0.0,0.0,0.0,-0.208333358168602,-0.0,-0.0,0.0,0.0,0.0,0.0,-0.0,-0.0
1753295901.4558396,-0.0,0.0,0.0,-0.0,-0.0,-0.0,0.208333358168602,0.0,0.0,0.0,-0.0,-0.0
1753295901.4658265,-0.0,0.0,0.0,-0.0,-0.0,-0.0,0.0,0.0,0.0,0.0,-0.0,-0.0
1753295901.4758177,-0.0,0.0,0.0,-0.0,-0.0,-0.0,0.0,0.0,0.0,0.0,-0.0,-0.0
1753295901.4858267,-0.0,0.0,0.0,-0.0,-0.0,-0.0,0.0,0.0,0.0,0.0,-0.0,-0.0
1753295901.4958143,-0.0,0.0,0.0,-0.0,-0.0,-0.0,0.0,0.0,0.0,0.0,-0.0,-0.0
1753295901.5058155,-0.0,0.0,0.0,-0.0,-0.0,-0.0,0.0,0.0,0.0,0.0,-0.0,-0.0
1753295901.5158186,-0.0,0.0,0.0,-0.0,-0.0,-0.0,0.208333358168602,0.0,0.0,0.0,-0.0,-0.0
1753295901.525817,-0.0,0.0,0.0,-0.0,-0.0,-0.0,0.0,0.0,0.0,0.0,-0.0,-0.0
1753295901.5358262,-0.0,0.0,0.0,-0.0,-0.0,-0.0,0.0,0.0,0.0,0.0,-0.0,-0.0
1753295901.5458171,-0.0,0.0,0.0,-0.0,-0.0,-0.0,0.0,0.0,0.0,0.0,0.208333358168602,-0.0
1753295901.5558133,-0.0,0.0,0.0,-0.0,-0.0,-0.0,0.0,0.0,0.0,0.0,-0.0,-0.0
1753295901.5658195,-0.0,0.0,0.0,-0.0,-0.0,-0.0,0.0,0.0,0.0,0.0,-0.0,-0.0
1753295901.575819,-0.0,0.0,0.0,-0.0,-0.0,-0.0,0.208333358168602,0.0,0.0,0.0,-0.0,-0.0
1753295901.585819,-0.0,0.0,0.0,-0.208333358168602,-0.0,-0.0,0.0,0.208333358168602,0.0,0.0,-0.0,-0.0
1753295901.595868,-0.0,0.0,0.0,-0.0,-0.0,-0.0,0.208333358168602,0.0,0.0,0.0,-0.0,-0.0
1753295901.6058242,-0.0,0.0,0.0,-0.0,-0.0,-0.0,0.0,0.0,0.0,0.0,-0.0,-0.0
1753295901.615873,-0.0,0.0,0.0,-0.0,-0.0,-0.0,0.0,0.0,0.0,0.0,-0.0,-0.0
1753295901.6258197,-0.0,0.0,0.0,-0.0,-0.0,-0.0,0.0,0.0,0.0,0.0,-0.0,-0.0
1753295901.63582,-0.0,0.0,0.0,-0.0,-0.0,-0.0,0.0,0.0,0.0,0.0,-0.0,-0.0
1753295901.6458247,-0.0,0.0,0.0,-0.0,-0.0,-0.0,0.0,0.0,0.0,0.0,-0.0,-0.0
1753295901.655836,-0.0,0.0,0.0,-0.0,-0.0,-0.0,0.0,0.0,0.0,0.0,-0.0,-0.0
1753295901.6658702,-0.0,0.0,0.0,-0.0,-0.0,-0.0,0.0,0.0,0.0,0.0,-0.0,-0.0
1753295901.6758232,-0.0,0.0,0.0,-0.0,-0.0,-0.0,0.0,0.0,0.0,0.0,-0.0,-0.0
1753295901.6858897,-0.0,0.0,0.0,-0.0,-0.0,-0.0,0.208333358168602,0.0,0.0,0.0,-0.0,-0.0
1753295901.6958218,-0.0,0.0,0.0,-0.0,-0.0,-0.0,0.0,0.0,0.0,0.0,-0.0,-0.0
1753295901.7058876,-0.0,0.0,0.0,-0.0,-0.0,-0.0,0.0,0.0,0.0,0.0,-0.0,-0.0
1753295901.7158823,-0.0,0.0,0.0,-0.0,-0.0,-0.0,0.0,0.0,0.0,0.0,-0.0,-0.0
1753295901.7258728,-0.0,0.0,0.0,-0.0,-0.0,-0.0,0.0,0.0,0.0,0.0,-0.0,-0.0
1753295901.7358904,-0.0,0.0,0.0,-0.0,-0.0,-0.0,0.0,0.0,0.0,0.0,-0.0,-0.0
1753295901.7459006,-0.0,0.0,0.0,-0.0,-0.0,-0.0,0.0,0.0,0.0,0.0,-0.0,-0.0
1753295901.755847,-0.0,0.208333358168602,0.0,-0.0,-0.0,-0.0,0.0,0.0,0.0,0.0,-0.0,0.208333358168602
1753295901.765931,-0.0,0.0,0.0,-0.0,-0.0,-0.0,0.0,0.0,0.0,0.0,-0.0,-0.0
1753295901.7758517,-0.0,0.0,0.0,-0.0,-0.0,-0.0,0.0,0.0,0.0,0.0,-0.0,-0.0
1753295901.785919,-0.0,0.208333358168602,0.0,-0.0,-0.0,-0.0,0.0,0.0,0.0,0.0,-0.0,-0.0
1753295901.795879,-0.0,0.0,0.0,-0.0,-0.0,-0.0,0.0,0.0,0.0,0.0,-0.0,-0.0
1753295901.805914,-0.0,0.6250000596046448,0.0,-0.0,-0.0,-0.0,0.0,0.0,0.0,-0.208333358168602,-0.0,-0.0
1753295901.8158813,-0.0,0.0,0.0,-0.0,-0.0,-0.0,0.0,0.0,0.0,0.0,-0.0,-0.0
1753295901.8258772,-0.0,0.0,0.0,-0.0,-0.0,-0.0,0.0,0.0,0.0,0.0,-0.0,-0.0
1753295901.8358846,-0.0,0.0,0.0,-0.0,-0.0,-0.0,0.0,0.0,0.0,0.0,-0.0,-0.0
1753295901.8459182,0.208333358168602,-0.6250000596046448,0.0,-0.0,-0.0,-0.0,0.0,0.0,0.0,0.0,-0.0,-0.0
1753295901.8558326,-0.0,0.0,0.0,-0.0,-0.0,-0.0,0.0,0.0,0.0,0.0,-0.0,-0.0
1753295901.8658776,-0.0,0.0,0.0,-0.0,-0.0,-0.0,0.0,0.0,0.0,0.0,-0.0,-0.0
1753295901.8758729,-0.0,0.0,0.0,-0.0,-0.0,-0.0,0.0,0.0,0.0,0.0,-0.0,-0.0
1753295901.885876,0.208333358168602,0.208333358168602,0.0,-0.0,-0.0,-0.0,0.0,0.0,0.0,0.0,-0.0,-0.0
1753295901.8958542,-0.0,0.0,-0.208333358168602,-0.0,-0.0,-0.0,0.0,0.0,0.0,0.0,-0.0,-0.0
1753295901.9059176,-0.0,0.0,0.0,-0.0,-0.0,-0.0,0.0,0.0,0.0,0.0,-0.0,-0.0
1753295901.9158692,-0.0,0.0,0.0,-0.208333358168602,-0.0,-0.0,0.0,0.0,0.0,0.0,-0.0,-0.0
1753295901.9259193,-0.0,0.0,0.0,-0.0,-0.0,-0.0,0.0,0.0,0.0,0.0,-0.0,-0.0
1753295901.9358847,-0.0,0.0,0.0,-0.0,-0.0,-0.0,0.0,0.0,0.0,0.0,-0.0,-0.0
1753295901.9459379,-0.0,0.0,0.0,-0.0,-0.0,-0.0,0.208333358168602,0.0,0.0,0.0,-0.0,-0.0
1753295901.9558992,-0.0,0.0,0.0,-0.0,-0.0,-0.0,0.0,0.0,0.0,0.0,-0.0,-0.0
1753295901.9658906,-0.0,0.0,0.0,-0.0,-0.0,-0.0,0.0,0.0,0.0,0.0,-0.0,-0.0
1753295901.9758496,-0.0,0.208333358168602,0.0,-0.0,-0.0,-0.0,0.0,0.0,0.0,0.0,-0.0,-0.0
1753295901.9858577,-0.0,0.0,0.0,-0.0,-0.0,-0.0,0.0,0.0,0.0,0.0,-0.0,-0.0
1753295901.9958935,-0.0,0.0,0.0,-0.0,-0.0,-0.0,0.0,0.0,0.0,0.0,-0.0,-0.0
1753295902.0058932,-0.0,0.0,0.0,-0.0,-0.0,-0.0,0.0,0.0,0.0,0.0,-0.0,-0.0
1753295902.0158904,-0.0,0.0,0.0,-0.0,-0.0,-0.0,0.0,0.0,0.0,0.0,-0.0,-0.0
1753295902.0258877,-0.0,0.0,0.0,-0.0,-0.0,-0.0,0.0,0.0,0.0,0.0,-0.0,-0.0
1753295902.0358891,-0.0,0.0,0.0,-0.0,-0.0,-0.0,0.208333358168602,0.0,0.0,0.0,-0.0,-0.0
1753295902.0458503,-0.0,0.0,0.0,-0.0,-0.0,-0.0,0.0,0.0,0.0,0.0,-0.0,-0.0
1753295902.055881,-0.0,0.0,0.0,-0.0,-0.0,-0.0,0.0,0.0,0.0,0.0,-0.0,-0.0
1753295902.0658903,-0.0,0.0,0.0,-0.0,-0.0,-0.0,0.0,0.0,0.0,0.0,-0.0,-0.0
1753295902.0759032,-0.0,0.0,0.0,-0.0,-0.0,-0.0,0.0,0.0,0.0,0.0,-0.0,-0.0
1753295902.085854,-0.0,0.0,0.0,-0.0,-0.0,-0.0,0.0,0.0,0.0,0.0,-0.0,-0.0
1753295902.0958838,-0.0,0.0,0.0,-0.0,-0.0,-0.0,0.0,0.0,0.0,0.0,-0.0,-0.0
1753295902.1058736,-0.0,0.0,0.0,-0.0,-0.0,-0.0,0.0,0.0,0.0,0.0,-0.0,-0.0
1753295902.1158385,-0.0,0.0,0.0,-0.0,-0.0,-0.0,0.0,0.0,0.0,0.0,-0.0,-0.0
1753295902.1258497,-0.0,0.0,0.0,-0.0,-0.0,-0.0,0.0,0.208333358168602,0.0,0.0,-0.0,-0.0
1753295902.1358778,-0.0,0.0,0.0,-0.0,-0.0,-0.0,0.0,0.0,0.0,0.0,-0.0,-0.0
1753295902.1458437,-0.0,0.0,0.0,-0.0,-0.0,-0.0,0.0,0.0,0.0,0.0,-0.0,-0.0
1753295902.1558802,-0.0,0.0,0.0,-0.0,-0.0,-0.0,0.0,0.0,0.0,-0.208333358168602,-0.0,-0.0
1753295902.1658921,-0.0,0.0,0.0,-0.0,-0.0,-0.0,0.0,0.0,0.0,0.0,-0.0,-0.0
1753295902.1758912,-0.0,0.0,0.0,-0.0,-0.0,-0.0,0.0,0.0,0.0,0.0,-0.0,-0.0
1753295902.1858997,-0.0,0.0,0.0,-0.0,-0.0,-0.0,0.0,0.0,0.0,0.0,-0.0,-0.0
1753295902.1958342,-0.0,0.0,0.0,-0.0,-0.0,-0.0,0.0,0.0,0.0,0.0,-0.0,-0.0
1753295902.205836,-0.0,0.0,0.0,-0.0,-0.0,-0.0,0.0,0.0,0.0,0.0,-0.0,-0.0
1753295902.2158644,-0.0,0.0,0.0,-0.0,-0.0,-0.0,0.0,0.0,0.0,0.0,-0.0,-0.0
1753295902.2258406,0.208333358168602,0.20833338797092438,0.0,-0.0,-0.0,-0.0,0.0,0.0,0.0,0.0,-0.0,-0.0
1753295902.2360854,-0.0,0.0,0.0,-0.0,-0.0,-0.0,0.0,0.0,0.0,0.0,-0.0,-0.0
1753295902.2459323,-0.0,0.0,0.0,-0.0,-0.0,-0.0,0.0,0.0,0.0,0.0,-0.0,-0.0
1753295902.255935,-0.0,-0.6250000596046448,0.0,-0.0,-0.0,-0.0,0.0,0.0,0.0,0.0,-0.0,-0.0
1753295902.2659402,-0.0,0.0,0.0,-0.0,-0.0,-0.0,0.0,0.0,0.0,0.0,-0.0,-0.0
1753295902.2759252,-0.0,0.0,0.0,-0.0,-0.0,-0.0,0.0,0.0,0.0,0.0,-0.0,-0.0
1753295902.2859464,-0.0,0.0,0.0,-0.0,-0.0,-0.0,0.0,0.0,0.0,0.0,-0.0,-0.0
1753295902.2960463,-0.0,0.0,0.0,-0.0,-0.0,-0.0,0.0,0.0,0.0,0.0,-0.0,-0.0
1753295902.3058462,-0.0,0.0,0.0,-0.0,-0.0,-0.0,0.0,0.0,0.0,0.0,-0.0,-0.0
1753295902.315926,-0.0,0.0,0.0,-0.0,-0.0,-0.0,0.0,0.0,0.0,0.0,-0.0,-0.0
1753295902.3258498,-0.0,0.0,0.0,-0.0,-0.0,-0.0,0.0,0.0,0.0,0.0,-0.0,-0.0
1753295902.335948,-0.0,0.0,0.0,-0.0,-0.0,-0.0,0.0,0.0,0.0,0.0,-0.0,-0.0
1753295902.3458517,-0.0,0.0,0.0,-0.208333358168602,-0.0,-0.0,0.0,0.0,0.0,0.0,-0.0,-0.0
1753295902.355953,-0.0,0.0,0.0,-0.0,-0.0,-0.0,0.0,0.0,0.0,0.0,-0.0,-0.0
1753295902.3658926,-0.0,0.0,0.0,-0.0,-0.0,-0.0,0.0,0.0,0.0,0.0,-0.0,-0.0
1753295902.375945,-0.0,0.0,0.0,-0.0,-0.0,-0.0,0.0,0.0,0.0,0.0,-0.0,-0.0
1753295902.3858874,-0.0,0.0,0.0,-0.0,-0.0,-0.0,0.0,0.0,0.0,0.0,-0.0,-0.0
1753295902.3958795,-0.0,0.0,0.0,-0.0,-0.0,-0.0,0.0,0.0,0.0,0.0,-0.0,-0.0
1753295902.405874,-0.0,0.0,0.0,-0.0,-0.0,-0.0,0.0,0.0,0.0,0.0,-0.0,-0.0
1753295902.4159293,-0.0,0.0,0.0,-0.0,-0.0,-0.0,0.0,0.0,0.0,0.0,-0.0,-0.0
1753295902.425895,-0.0,0.0,0.0,-0.0,-0.0,-0.0,0.0,0.0,0.0,0.0,-0.0,-0.0
1753295902.4359353,-0.0,0.0,0.0,-0.0,-0.0,-0.0,0.0,0.0,0.0,0.0,-0.0,-0.0
1753295902.4458508,-0.0,0.0,0.0,-0.0,-0.0,-0.0,0.0,0.0,0.0,0.0,-0.0,-0.0
1753295902.455929,-0.0,0.0,0.0,-0.0,-0.0,-0.0,0.0,0.0,0.0,0.0,-0.0,-0.0
1753295902.4658551,-0.0,0.0,0.0,-0.0,-0.0,-0.0,0.0,0.0,0.0,0.0,-0.0,-0.0
1753295902.4760678,-0.0,0.0,0.0,-0.0,-0.0,-0.0,0.0,0.0,0.0,0.0,-0.0,-0.0
1753295902.4858444,-0.0,0.0,0.0,-0.0,-0.0,-0.0,0.0,0.0,0.0,0.0,-0.0,-0.0
1753295902.495922,-0.0,0.0,0.0,-0.0,-0.0,-0.0,0.0,0.0,0.0,0.0,-0.0,-0.0
1753295902.5058968,-0.0,0.0,0.0,-0.0,-0.0,-0.0,0.0,0.0,0.0,0.0,-0.0,-0.0
1753295902.5159507,-0.0,0.0,0.0,-0.0,-0.0,-0.0,0.0,0.0,0.0,0.0,-0.0,-0.0
1753295902.525841,-0.0,0.0,0.0,-0.0,-0.0,-0.0,0.0,0.0,0.0,0.0,-0.0,-0.0
1753295902.5358992,-0.0,0.0,0.0,-0.0,-0.0,-0.0,0.0,0.0,0.0,0.0,-0.0,-0.0
1753295902.5458539,-0.0,0.0,0.0,-0.0,-0.0,-0.0,0.0,0.0,0.0,0.0,-0.0,-0.0
1753295902.555849,-0.0,0.0,0.0,-0.0,-0.0,-0.0,0.0,0.0,0.0,0.0,-0.0,-0.0
1753295902.5658686,-0.0,0.0,0.0,-0.0,-0.0,-0.0,0.0,0.0,0.0,0.0,-0.0,-0.0
1753295902.5758429,-0.0,0.0,0.0,-0.0,-0.0,-0.0,0.0,0.208333358168602,0.0,0.0,-0.0,-0.0
1753295902.585851,-0.0,0.0,0.0,-0.0,-0.0,-0.0,0.0,0.0,0.0,0.0,-0.0,-0.0
1753295902.59585,-0.0,0.0,0.0,-0.0,-0.0,-0.0,0.0,0.0,0.0,0.0,-0.0,-0.0
1753295902.6058495,-0.0,0.0,0.0,-0.0,-0.0,-0.0,0.0,0.0,0.0,0.0,-0.0,-0.0
1753295902.6158504,-0.0,0.0,0.0,-0.0,-0.0,-0.0,0.0,0.0,0.0,0.0,-0.0,-0.0
1753295902.625848,-0.0,0.0,0.0,-0.0,-0.0,-0.0,0.0,0.0,0.0,0.0,-0.0,-0.0
1753295902.6358492,-0.0,0.0,0.0,-0.0,-0.0,-0.0,0.0,0.0,0.0,0.0,-0.0,-0.0
1753295902.6458483,-0.0,0.0,0.0,-0.0,-0.0,-0.0,0.0,0.0,0.0,0.0,-0.0,-0.0
1753295902.655846,-0.0,0.0,0.0,-0.0,-0.0,-0.0,0.0,0.0,0.0,0.0,-0.0,-0.0
1753295902.6658413,-0.0,-0.208333358168602,0.0,-0.0,-0.0,-0.0,0.0,0.0,0.0,0.0,-0.0,-0.0
1753295902.6758475,-0.0,0.0,0.0,-0.0,-0.0,-0.0,0.0,0.0,0.0,0.0,-0.0,-0.0
1753295902.6858442,-0.0,0.0,0.0,-0.0,-0.0,-0.0,0.0,0.0,0.0,0.0,-0.0,-0.0
1753295902.6958435,-0.0,0.0,0.0,-0.0,-0.0,-0.0,0.0,0.0,0.0,0.0,-0.0,-0.0
1753295902.7058477,-0.0,-0.208333358168602,0.0,-0.0,-0.0,-0.0,0.0,0.0,0.0,0.0,-0.0,-0.0
1753295902.715844,-0.0,0.0,0.0,-0.0,-0.0,-0.0,0.0,0.0,0.0,0.0,-0.0,-0.0
1753295902.7258449,-0.0,0.0,0.0,-0.0,-0.0,-0.0,0.0,0.0,0.0,0.0,-0.0,-0.0
1753295902.7358453,-0.0,0.0,0.0,-0.0,-0.0,-0.0,0.0,0.0,0.0,0.0,-0.0,-0.0
1753295902.7458532,-0.0,-0.208333358168602,0.0,-0.0,-0.0,-0.0,0.0,0.0,0.0,0.0,-0.0,-0.0
1753295902.7558496,-0.0,0.0,0.0,-0.0,-0.0,-0.0,0.0,0.0,0.0,0.0,-0.0,-0.0
1753295902.7658503,-0.0,0.0,0.0,-0.0,-0.0,-0.0,0.0,0.0,0.0,0.0,-0.0,-0.0
1753295902.7758493,-0.0,0.0,0.0,-0.0,-0.0,-0.0,0.0,0.0,0.0,0.0,-0.0,-0.0
1753295902.7858453,-0.0,0.0,0.0,-0.0,-0.0,-0.0,0.0,0.0,0.0,0.0,-0.0,-0.0
1753295902.7958598,-0.0,0.0,0.0,-0.0,-0.0,-0.0,0.0,0.0,0.0,0.0,-0.0,-0.0
1753295902.8058646,-0.0,0.0,0.0,-0.0,-0.0,-0.0,0.0,0.0,0.0,0.0,-0.0,-0.0
1753295902.8158476,-0.0,0.0,0.0,-0.0,-0.0,-0.0,0.0,0.0,0.0,0.0,-0.0,-0.0
1753295902.8258898,-0.0,0.0,0.0,-0.0,-0.0,-0.0,0.0,0.0,0.0,0.0,-0.0,-0.0
1753295902.8358445,-0.0,0.0,0.0,-0.0,-0.0,-0.0,0.0,0.0,0.0,0.0,-0.0,-0.0
1753295902.8458939,-0.0,0.0,0.0,-0.0,-0.0,-0.0,0.0,0.0,0.0,0.0,-0.0,-0.0
1753295902.8558466,-0.0,0.0,0.0,-0.0,-0.0,-0.0,0.0,0.0,0.0,0.0,-0.0,-0.0
1753295902.8658912,-0.0,0.0,0.0,-0.0,-0.0,-0.0,0.0,0.0,0.0,0.0,-0.0,-0.0
1753295902.8758497,-0.0,0.0,0.0,-0.0,-0.0,-0.0,0.0,0.0,0.0,0.0,-0.0,-0.0
1753295902.8859167,-0.0,0.0,0.0,-0.0,-0.0,-0.0,0.0,0.0,0.0,0.0,-0.0,-0.0
1753295902.8960958,-0.0,0.0,0.0,-0.0,-0.0,-0.0,0.0,0.0,0.0,0.0,-0.0,-0.0
1753295902.905858,-0.0,0.0,0.0,-0.0,-0.0,-0.0,0.0,0.0,0.0,0.0,-0.0,-0.0
1753295902.9159648,-0.0,0.0,0.0,-0.0,-0.0,-0.0,0.0,0.0,0.0,0.0,-0.0,-0.0
1753295902.9258502,-0.0,0.0,0.0,-0.0,-0.0,-0.0,0.0,0.0,0.0,0.0,-0.0,-0.0
1753295902.9359503,-0.0,0.0,0.0,-0.0,-0.0,-0.0,0.0,0.0,0.0,0.0,-0.0,-0.0
1753295902.9458864,-0.0,0.0,0.0,-0.0,-0.0,-0.0,0.0,0.0,0.0,0.0,-0.0,-0.0
1753295902.956024,-0.0,0.0,0.0,-0.0,-0.0,-0.0,0.0,0.0,0.0,0.0,-0.0,-0.0
1753295902.9658659,-0.0,0.0,0.0,-0.0,-0.0,-0.0,0.0,0.0,0.0,0.0,-0.0,-0.0
1753295902.9758623,-0.0,0.0,0.0,-0.0,-0.0,-0.0,0.0,0.0,0.0,0.0,-0.0,-0.0
1753295902.9858625,-0.0,0.0,0.0,-0.0,-0.0,-0.0,0.0,0.0,0.0,0.0,-0.0,-0.0
1753295902.9958627,-0.0,0.0,0.0,-0.0,-0.0,-0.0,0.0,0.0,0.0,0.0,-0.0,-0.0
1753295903.0058627,-0.0,0.0,0.0,-0.0,-0.0,-0.0,0.0,0.0,0.0,0.0,-0.0,-0.0
1753295903.015851,-0.0,0.0,0.0,-0.0,-0.0,-0.0,0.0,0.0,0.0,0.0,-0.0,-0.0
1753295903.0259047,-0.0,0.0,0.0,-0.0,-0.0,-0.0,0.0,0.0,0.0,0.0,-0.0,-0.0
1753295903.035851,-0.0,0.0,0.0,-0.0,-0.0,-0.0,0.0,0.0,0.0,0.0,-0.0,-0.0
1753295903.0458608,-0.0,0.0,0.0,-0.0,-0.0,-0.0,0.0,0.0,0.0,0.0,-0.0,-0.0
1753295903.055904,-0.0,0.0,0.0,-0.0,-0.0,-0.0,0.0,0.0,0.0,0.0,-0.0,-0.0
1753295903.0658863,-0.0,0.0,0.0,-0.0,-0.0,-0.0,0.0,0.0,0.0,0.0,-0.0,-0.0
1753295903.0759146,-0.0,0.0,0.0,-0.0,-0.0,-0.0,0.0,0.0,0.0,0.0,-0.0,-0.0
1753295903.0858638,-0.0,0.0,0.0,-0.0,-0.0,-0.0,0.0,0.0,0.0,0.0,-0.0,-0.0
1753295903.0959077,-0.0,0.0,0.0,-0.0,-0.0,-0.0,0.0,0.0,0.0,0.0,-0.0,-0.0
1753295903.1059105,-0.0,0.0,0.0,-0.0,-0.0,-0.0,0.0,0.0,0.0,0.0,-0.0,-0.0
1753295903.1159065,-0.0,0.0,0.0,-0.0,-0.0,-0.0,-0.208333358168602,0.0,0.0,0.0,-0.0,-0.0
1753295903.1259081,-0.0,0.0,0.0,-0.0,-0.0,-0.0,0.0,0.0,0.0,0.0,-0.0,-0.0
1753295903.1359131,-0.0,0.0,0.0,-0.0,-0.0,-0.0,0.0,0.0,0.0,-0.208333358168602,-0.0,-0.0
1753295903.1459272,-0.0,0.0,0.0,-0.0,-0.0,-0.0,0.0,0.0,0.0,0.0,-0.0,-0.0
1753295903.1559238,-0.0,0.0,0.0,-0.0,-0.0,-0.0,0.0,0.0,0.0,0.0,-0.0,-0.0
1753295903.1659074,-0.0,0.0,0.0,-0.0,-0.0,-0.0,0.0,0.0,0.0,0.0,-0.0,-0.0
1753295903.1758935,-0.0,0.0,0.0,-0.0,-0.0,-0.0,0.0,0.0,0.0,0.0,-0.0,-0.0
1753295903.1858752,-0.0,0.0,0.0,-0.0,-0.0,-0.0,0.0,0.0,0.0,0.0,-0.0,-0.0
1753295903.195891,-0.0,0.0,0.0,-0.0,-0.0,-0.0,0.0,0.0,0.0,0.0,-0.0,-0.0
1753295903.2060597,-0.0,0.0,0.0,-0.0,-0.0,-0.0,0.0,0.0,0.0,0.0,-0.0,-0.0
1753295903.2158573,-0.0,0.0,0.0,-0.0,-0.0,-0.0,0.0,0.0,0.0,0.0,-0.0,-0.0
1753295903.225903,-0.0,0.0,0.0,-0.0,-0.0,-0.0,0.0,0.0,0.0,0.0,-0.0,-0.0
1753295903.2358704,-0.0,0.0,0.0,-0.0,-0.0,-0.0,-0.208333358168602,0.0,0.0,0.0,-0.0,-0.0
1753295903.245873,-0.0,0.0,0.0,-0.0,-0.0,-0.0,0.0,0.0,0.0,0.0,-0.0,-0.0
1753295903.2559578,-0.0,0.0,0.0,-0.0,-0.0,-0.0,0.0,0.0,0.0,0.0,-0.0,-0.0
1753295903.2658663,-0.0,0.0,0.0,-0.0,-0.0,-0.0,0.0,0.0,0.0,0.0,-0.0,-0.0
1753295903.275943,-0.0,0.0,0.0,-0.0,-0.0,-0.0,0.0,0.0,0.0,0.0,-0.0,-0.0
1753295903.2859223,-0.0,0.0,0.0,-0.0,-0.0,-0.0,0.0,0.0,0.0,0.0,-0.0,-0.0
1753295903.295955,-0.0,0.416666716337204,0.0,-0.0,-0.0,-0.0,0.0,0.0,0.0,0.0,-0.0,-0.0
1753295903.305891,-0.0,0.0,0.0,-0.0,-0.0,-0.0,0.0,0.0,0.0,0.0,-0.0,-0.0
1753295903.3160057,-0.0,0.0,0.0,-0.0,-0.0,-0.0,0.0,0.0,0.0,0.0,-0.0,-0.0
1753295903.3259296,-0.0,0.0,0.0,-0.0,-0.0,-0.0,0.0,0.0,0.0,0.0,-0.0,-0.0
1753295903.3359113,-0.0,0.0,0.0,-0.0,-0.0,-0.0,0.0,0.0,0.0,0.0,-0.0,-0.0
1753295903.3458664,-0.0,0.0,0.0,-0.0,-0.0,-0.0,0.0,0.0,0.0,0.0,-0.0,-0.0
1753295903.3558826,-0.0,0.0,0.0,-0.0,-0.0,-0.0,0.0,0.0,0.0,0.0,-0.0,-0.0
1753295903.3659184,-0.0,0.0,0.0,-0.0,-0.0,-0.0,0.0,0.0,0.0,0.0,-0.0,-0.0
1753295903.375884,-0.0,0.0,0.0,-0.0,-0.0,-0.0,0.0,0.0,0.0,0.0,-0.0,-0.0
1753295903.3859062,-0.0,-0.6250000596046448,0.0,-0.0,-0.0,-0.0,0.0,0.0,0.0,0.0,-0.0,-0.0
1753295903.3958766,-0.0,0.0,0.0,-0.0,-0.0,-0.0,0.0,0.0,0.0,0.0,-0.0,-0.0
1753295903.4059308,-0.0,0.0,0.0,-0.0,-0.0,-0.0,0.0,0.208333358168602,0.0,0.0,-0.0,0.416666716337204
1753295903.4158702,-0.0,0.0,0.0,-0.0,-0.0,-0.0,0.0,0.0,0.0,0.0,-0.0,-0.6250000596046448
1753295903.42593,-0.0,0.0,0.0,-0.0,-0.0,-0.0,0.0,0.0,0.0,0.0,-0.0,-0.0
1753295903.4358692,-0.0,0.0,0.0,-0.0,-0.0,-0.0,0.0,0.0,0.0,0.0,-0.0,0.6250000596046448
1753295903.4459255,-0.0,0.20833338797092438,0.0,-0.0,-0.0,-0.0,0.0,0.0,0.0,0.0,-0.0,-0.0
1753295903.4558632,-0.0,0.0,0.0,-0.0,-0.0,-0.0,0.0,0.0,0.0,0.0,-0.0,-0.0
1753295903.465911,-0.0,-0.6250000596046448,0.0,-0.0,-0.0,-0.0,0.0,0.0,0.0,0.0,-0.0,-0.0
1753295903.4758801,-0.0,0.0,-0.6250000596046448,-0.0,-0.0,-0.0,0.0,0.0,0.0,0.0,-0.0,-0.0
1753295903.4859347,-0.0,-0.208333358168602,0.6250000596046448,-0.0,-0.0,-0.0,0.0,0.0,0.0,0.0,-0.0,-0.416666716337204
1753295903.4958684,-0.0,0.0,0.0,-0.0,-0.0,-0.0,0.0,0.0,0.0,0.0,-0.0,-0.0
1753295903.505922,-0.0,0.0,0.0,-0.0,-0.0,-0.0,0.0,0.0,0.0,0.0,-0.0,0.416666716337204
1753295903.5158732,-0.0,0.0,0.0,-0.0,-0.0,-0.0,0.0,0.0,0.0,0.0,-0.0,-0.208333358168602
1753295903.5259361,-0.0,0.0,0.0,-0.0,-0.0,-0.0,0.0,0.0,0.0,0.0,-0.0,-0.0
1753295903.5358765,-0.0,0.0,-0.20833338797092438,-0.0,-0.0,-0.0,0.0,0.0,0.0,0.0,-0.0,0.416666716337204
1753295903.5459297,-0.0,0.0,0.6250000596046448,-0.208333358168602,-0.0,-0.0,0.0,0.0,0.0,0.0,-0.0,-0.0
1753295903.5558736,-0.0,0.0,0.0,-0.0,-0.0,-0.0,0.0,0.208333358168602,0.0,0.0,-0.0,-0.20833343267440796
1753295903.5659177,-0.0,0.0,0.0,-0.0,-0.0,-0.0,0.0,-0.6250000596046448,0.0,0.0,-0.0,-0.0
1753295903.5758736,-0.0,0.0,0.416666716337204,-0.0,-0.0,-0.0,0.0,0.0,0.0,0.0,-0.0,-0.0
1753295903.5859184,-0.0,0.0,-0.6250000596046448,-0.0,-0.0,-0.0,0.0,0.0,0.0,0.0,-0.0,-0.20833338797092438
1753295903.5958776,-0.0,0.0,0.0,-0.0,-0.0,-0.0,0.0,0.0,0.0,0.0,-0.0,-0.0
1753295903.6059592,-0.0,0.0,0.0,-0.0,-0.0,-0.0,0.0,0.0,0.0,0.0,-0.0,0.20833343267440796
1753295903.6158745,-0.0,0.0,-0.6250000596046448,-0.0,-0.0,-0.0,-0.208333358168602,0.20833338797092438,0.0,0.0,-0.0,-0.0
1753295903.6261277,-0.0,0.0,0.0,-0.0,-0.0,-0.0,0.0,0.0,0.0,0.0,-0.0,-0.20833338797092438
1753295903.6358833,-0.0,0.0,0.0,-0.0,-0.0,-0.0,0.0,0.0,0.0,0.0,-0.0,0.833333432674408
1753295903.6458738,-0.0,0.0,-0.6250000596046448,-0.0,-0.0,-0.0,0.0,0.0,0.0,0.0,-0.0,-0.0
1753295903.6559277,-0.0,0.0,1.0416667461395264,-0.0,-0.0,-0.0,0.0,0.0,0.0,0.0,-0.0,-0.20833343267440796
1753295903.6658711,-0.0,0.0,0.0,-0.0,-0.0,-0.0,-0.208333358168602,0.0,0.0,0.0,-0.0,0.6250000596046448
1753295903.675886,-0.0,0.0,-0.20833343267440796,-0.0,-0.0,-0.0,0.0,0.0,0.0,0.0,-0.0,-0.0
1753295903.685868,-0.0,0.0,0.41666677594184875,-0.0,-0.0,-0.0,0.0,0.0,0.0,0.0,-0.0,-0.6250000596046448
1753295903.6958666,-0.0,0.0,-0.6250000596046448,-0.0,-0.0,-0.0,0.0,0.0,0.0,0.0,-0.0,-0.0
1753295903.7058856,-0.0,0.0,0.6250000596046448,-0.0,-0.0,-0.0,0.0,0.0,0.0,0.0,-0.0,-0.0
1753295903.7158732,-0.0,0.0,0.0,-0.0,-0.0,-0.0,0.0,0.0,0.0,0.0,-0.0,-0.0
1753295903.7258778,-0.0,0.0,-0.20833343267440796,-0.0,-0.0,-0.0,0.0,0.0,0.0,0.0,-0.0,-0.0
1753295903.7358706,-0.0,0.0,1.0416667461395264,-0.0,-0.0,-0.0,0.0,0.0,0.0,0.0,-0.0,-0.0
1753295903.7459123,-0.0,0.0,-0.6250000596046448,-0.0,-0.0,-0.0,0.0,0.0,0.0,0.0,-0.0,0.20833338797092438
1753295903.7558725,-0.0,0.0,0.0,-0.0,-0.0,-0.0,0.0,0.0,0.0,0.0,-0.0,-0.0
1753295903.7658815,-0.0,0.0,0.416666716337204,-0.0,-0.0,-0.0,0.0,0.0,0.0,0.0,-0.0,-0.20833338797092438
1753295903.7758656,-0.0,0.0,-0.6250001192092896,-0.0,-0.0,-0.0,0.0,0.0,0.0,0.0,-0.0,0.41666677594184875
1753295903.7858746,-0.0,0.0,1.2500001192092896,-0.0,-0.0,-0.0,0.0,0.0,0.0,0.0,-0.0,-0.0
1753295903.7958717,-0.0,0.0,-0.6250000596046448,-0.0,-0.0,-0.0,0.0,0.0,0.0,0.0,-0.0,-0.20833343267440796
1753295903.8058755,-0.0,0.0,0.0,-0.0,-0.0,-0.0,0.0,0.0,0.0,0.0,-0.0,0.6250000596046448
1753295903.815871,-0.0,0.0,0.20833343267440796,-0.0,-0.0,-0.0,0.0,0.0,0.0,0.0,-0.0,-0.0
1753295903.8259256,-0.0,0.0,-0.20833343267440796,-0.0,-0.0,-0.0,0.0,0.0,0.0,0.0,-0.0,-0.20833343267440796
1753295903.8358972,-0.0,0.0,0.0,-0.0,-0.0,-0.0,0.0,0.0,0.0,0.0,-0.0,0.6250001192092896
1753295903.84591,-0.0,0.0,0.0,-0.0,-0.0,-0.0,0.0,0.0,0.0,0.0,-0.0,-0.0
1753295903.8559067,-0.0,0.0,0.0,-0.0,-0.0,-0.0,0.0,0.0,0.0,0.0,-0.0,-0.0
1753295903.8659081,-0.0,-0.208333358168602,0.41666677594184875,-0.0,-0.0,-0.0,0.0,0.0,0.0,0.0,-0.0,-0.0
1753295903.8759196,-0.0,0.0,-1.666666865348816,-0.0,-0.0,-0.0,0.0,0.0,0.0,0.0,-0.0,0.208333358168602
1753295903.8859239,-0.0,0.0,1.4583334922790527,-0.0,-0.0,-0.0,0.0,0.0,0.0,0.0,-0.0,-0.0
1753295903.895908,-0.0,1.0416667461395264,0.0,-0.0,-0.0,-0.0,0.0,0.0,0.0,0.0,-0.0,-0.20833343267440796
1753295903.9059155,-0.0,0.0,0.0,-0.0,-0.0,-0.0,0.0,0.0,0.0,0.0,-0.0,0.833333432674408
1753295903.9159145,-0.0,0.0,0.6250001192092896,-0.0,-0.0,-0.0,0.0,0.0,0.0,0.0,-0.0,-0.0
1753295903.9258974,-0.0,0.0,-0.833333432674408,-0.0,-0.0,-0.0,0.0,0.0,0.0,0.0,-0.0,-0.0
1753295903.9358935,-0.0,-0.20833338797092438,0.0,-0.0,-0.0,-0.0,0.0,0.0,0.0,0.0,-0.0,-0.0
1753295903.9459152,-0.0,0.0,0.0,-0.0,-0.0,-0.0,0.0,0.0,0.0,0.0,-0.0,-0.0
1753295903.9559097,-0.0,0.0,-1.0416667461395264,-0.0,-0.0,-0.0,0.0,0.0,0.0,0.0,-0.0,-0.0
1753295903.9659262,-0.0,0.0,0.6250000596046448,-0.0,-0.0,-0.0,0.0,0.0,0.0,0.0,-0.0,-0.20833343267440796
1753295903.9759245,-0.0,0.20833338797092438,0.0,-0.0,-0.0,-0.0,0.0,0.0,0.0,0.0,-0.0,1.2500001192092896
1753295903.9858978,-0.0,0.0,-0.20833343267440796,-0.0,-0.0,-0.0,0.0,0.0,0.0,0.0,-0.0,-0.0
1753295903.995918,-0.0,-0.6250000596046448,0.833333432674408,-0.0,-0.0,-0.0,0.0,0.0,0.0,0.0,-0.0,-0.0
1753295904.0059216,-0.0,0.0,-1.2500001192092896,-0.0,-0.0,-0.0,0.0,0.0,0.0,0.0,-0.0,-0.20833338797092438
1753295904.0159152,-0.0,0.0,0.0,-0.0,-0.0,-0.0,0.0,0.0,0.0,0.0,-0.0,-0.0
1753295904.0259256,-0.0,0.0,0.0,-0.0,-0.0,-0.0,0.0,0.0,0.0,0.0,-0.0,0.20833338797092438
1753295904.035919,-0.0,0.0,-0.20833343267440796,-0.0,-0.0,-0.0,0.0,0.0,0.0,0.0,-0.0,-0.6250001192092896
1753295904.045919,-0.0,0.0,1.0416667461395264,-0.0,-0.0,-0.0,0.0,0.0,0.0,0.0,-0.0,0.6250000596046448
1753295904.0559254,-0.0,0.0,-0.6250000596046448,-0.0,-0.0,-0.0,0.0,0.0,0.0,0.0,-0.0,0.20833338797092438
1753295904.0659173,-0.0,0.0,0.0,-0.0,-0.0,-0.0,0.0,0.0,0.0,0.0,-0.0,-0.6250000596046448
1753295904.0759187,-0.0,0.0,0.6250001192092896,-0.0,-0.0,-0.0,0.0,0.0,0.0,0.0,-0.0,0.416666716337204
1753295904.085921,-0.0,0.0,-1.0416667461395264,-0.0,-0.0,-0.0,0.0,0.0,0.0,0.0,-0.0,-0.0
1753295904.0959225,-0.0,0.0,0.0,-0.0,-0.0,-0.0,0.0,0.0,0.0,0.0,-0.0,-0.833333432674408
1753295904.1059124,-0.0,0.0,0.0,-0.0,-0.0,-0.0,0.0,0.0,0.0,0.0,-0.0,-0.0
1753295904.1159174,-0.0,0.0,-0.20833343267440796,-0.0,-0.0,-0.0,0.0,0.0,0.0,0.0,-0.0,0.20833343267440796
1753295904.125932,-0.0,0.0,0.833333432674408,-0.0,-0.0,-0.0,0.0,0.0,0.0,0.0,-0.0,-0.833333432674408
1753295904.1359036,-0.0,0.0,-1.0416667461395264,-0.0,-0.0,-0.0,0.0,0.0,0.0,0.0,-0.0,-0.0
1753295904.1459181,-0.0,0.0,0.0,-0.0,-0.0,-0.0,0.0,0.0,0.0,0.0,-0.0,-0.0
1753295904.1559215,-0.0,0.0,0.0,-0.0,-0.0,-0.0,0.0,0.0,0.0,0.0,-0.0,-0.0
1753295904.1659162,-0.0,0.0,-0.41666677594184875,-0.0,-0.0,-0.0,0.0,0.0,0.0,0.0,-0.0,-0.0
1753295904.1758804,-0.0,0.0,1.2500001192092896,-0.0,-0.0,-0.0,0.0,0.0,0.0,0.0,-0.0,-0.0
1753295904.1858957,-0.0,0.0,-0.6250000596046448,-0.0,-0.0,-0.0,0.0,0.0,0.0,0.0,-0.0,0.6250000596046448
1753295904.1959126,-0.0,0.0,0.0,-0.0,-0.0,-0.0,0.0,0.0,0.0,0.0,-0.0,-0.0
1753295904.2058744,-0.0,0.0,0.20833343267440796,-0.0,-0.0,-0.0,0.0,0.0,0.0,0.0,-0.0,-0.20833343267440796
1753295904.215885,-0.0,0.0,-0.833333432674408,-0.0,-0.0,-0.0,0.0,0.0,0.0,0.0,-0.0,0.833333432674408
1753295904.225902,-0.0,0.0,0.6250000596046448,-0.0,-0.0,-0.0,0.0,0.0,0.0,0.0,-0.0,-0.0
1753295904.2358902,-0.0,0.0,0.0,-0.0,-0.0,-0.0,0.0,0.0,0.0,0.0,-0.0,-0.20833343267440796
1753295904.245923,-0.0,0.0,0.0,-0.0,-0.0,-0.0,0.0,0.0,0.0,0.0,-0.0,0.6250001192092896
1753295904.2559185,-0.0,0.0,0.6250001192092896,-0.0,-0.0,-0.0,0.0,0.0,0.0,0.0,-0.0,-0.0
1753295904.2659235,-0.0,0.0,-1.0416667461395264,-0.0,-0.0,-0.0,0.0,0.0,0.0,0.0,-0.0,-0.208333358168602
1753295904.2758982,-0.0,0.0,0.0,-0.0,-0.0,-0.0,0.0,0.0,0.0,0.0,-0.0,-0.0
1753295904.2858903,-0.0,0.0,0.20833343267440796,-0.0,-0.0,-0.0,0.0,0.0,0.0,0.0,-0.0,0.416666716337204
1753295904.2959301,-0.0,0.0,-0.6250001192092896,-0.0,-0.0,-0.0,0.0,0.0,0.0,0.0,-0.0,-0.0
1753295904.3059292,-0.0,0.0,1.0416667461395264,-0.0,-0.0,-0.0,0.0,0.0,0.0,0.0,-0.0,-0.416666716337204
1753295904.315911,-0.0,0.0,0.0,-0.0,-0.0,-0.0,0.0,0.0,0.0,0.0,-0.0,-0.0
1753295904.3259141,-0.0,0.0,-0.20833338797092438,-0.0,-0.0,-0.0,0.0,0.0,0.0,0.0,-0.0,-0.0
1753295904.3359225,-0.0,0.0,0.833333432674408,-0.0,-0.0,-0.0,0.0,0.0,0.0,0.0,-0.0,-0.0
1753295904.3459253,-0.0,0.0,-1.2500001192092896,-0.0,-0.0,-0.0,0.0,0.0,0.0,0.0,-0.0,-0.0
1753295904.3558898,-0.0,0.0,0.6250000596046448,-0.0,-0.0,-0.0,0.0,0.0,0.0,0.0,-0.0,-0.0
1753295904.365938,-0.0,0.0,0.0,-0.0,-0.0,-0.0,0.0,0.0,0.0,0.0,-0.0,0.20833343267440796
1753295904.3759236,-0.0,0.6250000596046448,-0.20833343267440796,-0.0,-0.0,-0.0,0.0,0.0,0.0,0.0,-0.0,-1.0416667461395264
1753295904.3859365,-0.0,0.0,0.6250001192092896,-0.0,-0.0,-0.0,0.0,0.0,0.0,0.0,-0.0,-0.0
1753295904.3959255,-0.0,0.0,-1.666666865348816,-0.0,-0.0,-0.0,0.0,0.0,0.0,0.0,-0.0,0.20833343267440796
1753295904.4059176,-0.0,0.0,0.6250000596046448,-0.0,-0.0,-0.0,0.0,0.0,0.0,0.0,-0.0,-1.0416667461395264
1753295904.4158916,-0.0,-0.20833338797092438,0.20833343267440796,-0.0,-0.0,-0.0,0.0,0.0,0.0,0.0,-0.0,-0.0
1753295904.425924,-0.0,0.20833338797092438,-0.41666677594184875,-0.0,-0.0,-0.0,0.0,0.0,0.0,0.0,-0.0,0.6250000596046448
1753295904.4359183,-0.0,0.0,1.875000238418579,-0.0,-0.0,-0.0,0.0,0.0,0.0,0.0,-0.0,-0.0
1753295904.445909,-0.0,0.0,-0.208333358168602,-0.0,-0.0,-0.0,0.0,0.0,0.0,0.0,-0.0,-0.20833338797092438
1753295904.4558928,-0.0,0.0,0.0,-0.0,-0.0,-0.0,0.0,0.0,0.0,0.0,-0.0,-0.0
1753295904.4658911,-0.0,-0.833333432674408,0.833333432674408,-0.0,-0.0,-0.0,0.0,0.0,0.0,0.0,-0.0,0.20833338797092438
1753295904.47589,-0.0,0.0,-1.2500001192092896,-0.0,-0.0,-0.0,0.0,0.0,0.0,0.0,-0.0,-0.0
1753295904.485896,-0.0,0.0,1.875000238418579,-0.0,-0.0,-0.0,0.0,0.0,0.0,0.0,-0.0,-0.0
1753295904.49589,-0.0,0.0,0.0,-0.0,-0.0,-0.0,0.0,0.0,0.0,0.0,-0.0,-0.20833338797092438
1753295904.5058956,-0.0,0.208333358168602,-0.20833338797092438,-0.0,-0.0,-0.0,0.0,0.0,0.0,0.0,-0.0,0.833333432674408
1753295904.5159655,-0.0,0.0,1.2500001192092896,-0.0,-0.0,-0.0,0.0,0.0,0.0,0.0,-0.0,-0.416666716337204
1753295904.525918,-0.0,0.0,-0.6250000596046448,-0.0,-0.0,-0.0,0.0,0.0,0.0,0.0,-0.0,-0.0
1753295904.5359316,-0.0,0.0,0.0,-0.0,-0.0,-0.0,0.0,0.0,0.0,0.0,-0.0,0.20833338797092438
1753295904.5459325,-0.0,-0.208333358168602,0.0,-0.0,-0.0,-0.0,0.0,0.0,0.0,0.0,-0.0,-0.0
1753295904.5559382,-0.0,0.833333432674408,-1.0416667461395264,-0.0,-0.0,-0.0,0.0,0.0,0.0,0.0,-0.0,-0.0
1753295904.565891,-0.0,0.0,0.6250000596046448,-0.0,-0.0,-0.0,0.0,0.0,0.0,0.0,-0.0,-0.0
1753295904.5759456,-0.0,0.0,-0.6249999403953552,-0.0,-0.0,-0.0,0.0,0.0,0.0,0.0,-0.0,-0.0
1753295904.5859292,-0.0,0.0,-0.2083333134651184,-0.0,-0.0,-0.0,0.0,0.0,0.0,0.0,-0.0,-0.0
1753295904.5958817,-0.0,-0.208333358168602,0.20833343267440796,-0.0,-0.0,-0.0,0.0,0.0,0.0,0.0,-0.0,-0.0
1753295904.6059422,-0.0,0.416666716337204,-0.6250000596046448,-0.0,-0.0,-0.0,0.0,0.0,0.0,0.0,-0.0,-0.0
1753295904.6158926,-0.0,0.0,0.0,-0.0,-0.0,-0.0,0.0,0.0,0.0,0.0,-0.0,0.20833338797092438
1753295904.625903,-0.0,0.0,0.0,-0.0,-0.0,-0.0,0.0,0.0,0.0,0.0,-0.0,-1.2500001192092896
1753295904.635892,-0.0,0.0,-0.20833343267440796,-0.0,-0.0,-0.0,0.0,0.0,0.0,0.0,-0.0,-0.0
1753295904.6459029,-0.0,-0.6250000596046448,0.833333432674408,-0.0,-0.0,-0.0,0.0,0.0,0.0,0.0,-0.0,1.2500001192092896
1753295904.6559181,-0.0,0.0,-0.833333432674408,-0.0,-0.0,-0.0,0.0,0.20833338797092438,0.0,0.0,-0.0,-0.0
1753295904.6659276,-0.0,0.0,0.0,-0.0,-0.0,-0.0,0.0,-0.416666716337204,0.0,0.0,-0.0,-0.20833343267440796
1753295904.6759205,-0.0,0.0,0.20833343267440796,-0.0,-0.0,-0.0,0.0,0.0,0.0,0.0,-0.0,0.6250001192092896
1753295904.6859362,-0.0,0.0,-0.6250001192092896,-0.0,-0.0,-0.0,0.0,0.0,0.0,0.0,-0.0,-0.6250000596046448
1753295904.6959448,-0.0,0.0,0.6250000596046448,-0.0,-0.0,-0.0,0.0,0.0,0.0,0.0,-0.0,-0.0
1753295904.7059226,-0.0,0.0,0.0,-0.0,-0.0,-0.0,0.0,0.0,0.0,0.0,-0.0,1.4583334922790527
1753295904.7159302,-0.0,-0.6250000596046448,-0.41666677594184875,-0.0,-0.0,-0.0,0.0,0.0,0.0,0.0,-0.0,-1.0416667461395264
1753295904.7259302,-0.0,-0.208333358168602,0.20833343267440796,-0.0,-0.0,-0.0,0.0,0.0,0.0,0.0,-0.0,-0.0
1753295904.7359228,-0.0,0.6250000596046448,-0.6250000596046448,-0.0,-0.0,-0.0,0.0,0.0,0.0,0.0,-0.0,0.416666716337204
1753295904.7459426,-0.0,0.0,0.0,-0.0,-0.0,-0.0,0.0,0.0,0.0,0.0,-0.0,-0.0
1753295904.7559416,-0.0,0.0,0.20833343267440796,-0.0,-0.0,-0.0,0.0,0.0,0.0,0.0,-0.0,-0.20833338797092438
1753295904.765921,-0.0,0.0,-0.20833343267440796,-0.0,-0.0,-0.0,0.0,0.0,0.0,0.0,-0.0,0.6250001192092896
1753295904.7759423,-0.0,0.0,0.416666716337204,-0.0,-0.0,-0.0,0.0,0.0,0.0,0.0,-0.0,-0.0
1753295904.7859335,-0.0,0.0,0.0,-0.0,-0.0,-0.0,0.0,0.6250000596046448,0.0,0.0,-0.0,-0.0
1753295904.7959034,-0.0,0.0,-0.20833343267440796,-0.0,-0.0,-0.0,0.0,0.0,0.0,0.0,-0.0,0.6250000596046448
1753295904.8059313,-0.0,0.0,0.6250001192092896,-0.0,-0.0,-0.0,0.0,0.0,0.0,0.0,-0.0,-0.0
1753295904.8159347,-0.0,0.0,-1.2500001192092896,-0.0,-0.0,-0.0,0.0,0.0,0.0,0.0,-0.0,-0.0
1753295904.8259032,-0.0,0.208333358168602,1.2500001192092896,-0.0,-0.0,-0.0,0.0,0.0,0.0,0.0,-0.0,-0.0
1753295904.8358939,-0.0,0.0,-0.416666716337204,-0.0,-0.0,-0.0,0.0,0.0,0.0,0.0,-0.0,-0.0
1753295904.8459063,-0.0,0.0,-0.20833338797092438,-0.0,-0.0,-0.0,0.0,0.0,0.0,0.0,-0.0,-0.0
1753295904.8559043,-0.0,0.0,1.2500001192092896,-0.0,-0.0,-0.0,0.0,0.0,0.0,0.0,-0.0,-0.0
1753295904.8659046,-0.0,0.0,-1.2500001192092896,-0.0,-0.0,-0.0,0.0,0.0,0.0,0.0,-0.0,-0.0
1753295904.8759358,-0.0,0.0,0.833333432674408,-0.0,-0.0,-0.0,0.0,0.0,0.0,0.0,-0.0,-0.0
1753295904.8859298,-0.0,0.0,0.0,-0.0,-0.0,-0.0,0.0,0.0,0.0,0.0,-0.0,-0.0
1753295904.895942,-0.0,0.0,-0.20833338797092438,-0.0,-0.0,-0.0,0.0,0.0,0.0,0.0,-0.0,-0.0
1753295904.9059417,-0.0,0.6250000596046448,0.833333432674408,-0.0,-0.0,-0.0,0.0,0.6250000596046448,0.0,0.0,-0.0,-0.0
1753295904.915945,-0.0,0.0,-0.6250000596046448,-0.0,-0.0,-0.0,0.0,0.0,0.0,0.0,-0.0,-0.0
1753295904.9259367,-0.0,0.0,0.0,-0.0,-0.0,-0.0,0.0,0.0,0.0,0.0,-0.0,-0.0
1753295904.9359503,-0.0,-0.20833338797092438,0.41666677594184875,-0.208333358168602,-0.0,-0.0,0.0,0.0,0.0,0.0,-0.0,-0.0
1753295904.9459286,-0.0,0.0,-0.4166668653488159,-0.0,-0.0,-0.0,0.0,0.0,0.0,0.0,-0.0,-0.0
1753295904.9559426,-0.0,0.0,0.6250000596046448,-0.0,-0.0,-0.0,0.0,0.0,0.6250000596046448,0.0,-0.0,-0.0
1753295904.965905,-0.0,0.0,0.0,-0.0,-0.0,-0.0,0.0,0.0,0.0,0.0,-0.0,-0.416666716337204
1753295904.9759097,-0.0,0.6250000596046448,-0.416666716337204,-0.0,-0.0,-0.0,0.0,0.0,-0.20833338797092438,0.0,-0.0,0.6250000596046448
1753295904.9859595,-0.0,0.0,0.0,-0.0,-0.0,-0.0,0.0,0.0,0.0,0.0,-0.0,-0.0
1753295904.9959383,-0.0,0.0,0.0,-0.0,-0.0,-0.0,0.0,0.0,0.0,0.0,-0.0,-0.20833343267440796
1753295905.005938,-0.0,0.0,-0.6250000596046448,-0.0,-0.0,-0.0,0.0,0.0,0.0,0.0,-0.0,0.6250001192092896
1753295905.0159469,-0.0,0.0,0.0,-0.0,-0.0,-0.0,0.0,0.0,0.0,0.0,-0.0,-0.0
1753295905.0259485,-0.0,0.0,0.0,-0.0,-0.0,-0.0,0.0,0.0,0.0,0.0,-0.0,-0.41666677594184875
1753295905.0359259,-0.0,0.0,-0.6250000596046448,-0.0,-0.0,-0.0,0.0,-1.2500001192092896,0.0,0.0,-0.0,0.6250000596046448
1753295905.0459154,-0.0,0.0,0.0,-0.0,-0.0,-0.0,0.0,0.20833338797092438,0.0,0.0,-0.0,-0.0
1753295905.0559163,-0.0,0.0,0.0,-0.0,-0.0,-0.0,0.0,0.208333358168602,0.0,0.0,-0.0,-1.0416667461395264
1753295905.0659328,-0.0,0.0,-0.6250000596046448,-0.0,-0.0,-0.0,0.0,0.0,0.6250000596046448,0.0,-0.0,1.2500001192092896
1753295905.075957,-0.0,0.0,0.6250000596046448,-0.0,-0.0,-0.0,0.0,0.0,0.0,0.0,-0.0,-0.0
1753295905.085924,-0.0,0.0,0.0,-0.0,-0.0,-0.0,0.0,0.0,-0.416666716337204,0.0,-0.0,-0.20833343267440796
1753295905.0959532,-0.0,0.0,-0.20833343267440796,-0.0,-0.0,-0.0,0.0,0.0,0.0,0.0,-0.0,1.2500001192092896
1753295905.1060872,-0.0,0.0,0.6250001192092896,-0.0,-0.0,-0.0,0.0,0.0,0.0,0.0,-0.0,-0.0
1753295905.1159558,-0.0,0.0,-1.2500001192092896,-0.0,-0.0,-0.0,0.0,0.0,0.0,0.0,-0.0,-0.0
1753295905.1259243,-0.0,0.0,0.6250000596046448,-0.0,-0.0,-0.0,0.0,0.0,0.0,0.0,-0.0,-0.0
1753295905.1359522,-0.0,-0.20833338797092438,0.0,-0.0,-0.0,-0.0,0.0,0.0,0.0,0.0,-0.0,-0.0
1753295905.1459486,-0.0,0.20833343267440796,-0.20833343267440796,-0.0,-0.0,-0.0,0.0,0.0,-0.416666716337204,0.0,-0.0,-0.0
1753295905.1559305,-0.0,0.0,1.2500001192092896,-0.0,-0.0,-0.0,0.0,0.0,0.0,0.0,-0.0,-0.0
1753295905.1659172,-0.0,0.0,-1.666666865348816,-0.0,-0.0,-0.0,0.0,0.0,0.20833343267440796,0.0,-0.0,-0.0
1753295905.1759346,-0.0,0.0,0.0,-0.0,-0.0,-0.0,0.0,0.0,0.0,0.0,-0.0,-0.0
1753295905.1860027,-0.0,-0.20833343267440796,0.20833343267440796,-0.0,-0.0,-0.0,0.0,0.0,-0.416666716337204,0.0,-0.0,-0.6250000596046448
1753295905.1959233,-0.0,0.20833338797092438,-1.0416667461395264,-0.0,-0.0,-0.0,0.0,0.0,0.0,0.0,-0.0,-0.0
1753295905.2059333,-0.0,0.0,1.0416667461395264,-0.0,-0.0,-0.0,0.0,0.0,0.20833338797092438,0.0,-0.0,0.20833343267440796
1753295905.2159712,-0.0,0.0,-0.6250000596046448,-0.0,-0.0,-0.0,0.0,0.0,0.0,0.0,-0.0,-1.0416667461395264
1753295905.2259247,-0.0,0.0,0.0,-0.0,-0.0,-0.0,0.0,0.416666716337204,0.0,0.0,-0.0,-0.0
1753295905.235989,-0.0,-0.6250000596046448,0.20833343267440796,-0.0,-0.0,-0.0,0.0,0.0,0.0,0.0,-0.0,0.20833343267440796
1753295905.2459178,-0.0,0.0,-1.2500001192092896,-0.0,-0.0,-0.0,0.0,-0.6250000596046448,-0.20833338797092438,0.0,-0.0,-0.6250000596046448
1753295905.255949,-0.0,0.0,1.4583334922790527,-0.0,-0.0,-0.0,0.0,0.0,0.0,0.0,-0.0,-0.0
1753295905.2659588,-0.0,0.0,0.0,-0.0,-0.0,-0.0,0.0,0.0,0.0,0.0,-0.0,0.20833343267440796
1753295905.2759185,-0.0,0.20833338797092438,-0.20833343267440796,-0.0,-0.0,-0.0,0.0,0.416666716337204,0.0,0.0,-0.0,-0.0
1753295905.2859337,-0.0,-0.20833338797092438,1.0416667461395264,-0.0,-0.0,-0.0,0.0,0.0,0.0,0.0,-0.0,-0.0
1753295905.2959907,-0.0,0.0,-1.250000238418579,-0.0,-0.0,-0.0,0.0,-0.6250000596046448,-0.20833338797092438,0.0,-0.0,-0.0
1753295905.3059216,-0.0,0.0,1.4583334922790527,-0.0,-0.0,-0.0,0.0,0.208333358168602,0.0,0.0,-0.0,0.20833338797092438
1753295905.3159692,-0.0,0.0,0.0,-0.0,-0.0,-0.0,0.0,0.0,0.0,0.0,-0.0,-0.833333432674408
1753295905.3259568,-0.0,0.0,-0.20833343267440796,-0.0,-0.0,-0.0,0.208333358168602,0.208333358168602,0.0,-0.208333358168602,-0.0,-0.20833338797092438
1753295905.3359575,-0.0,0.0,1.0416667461395264,-0.0,-0.0,-0.0,0.0,0.0,0.0,0.0,-0.0,0.41666677594184875
1753295905.345949,-0.0,0.0,-0.6250000596046448,-0.0,-0.0,-0.0,0.0,0.0,-0.6250000596046448,0.0,-0.0,-0.0
1753295905.355964,-0.0,0.0,0.0,-0.0,-0.0,-0.0,0.0,0.0,0.0,0.0,-0.0,-0.0
1753295905.3659549,-0.0,0.0,0.20833343267440796,-0.0,-0.0,-0.0,0.0,-0.6250000596046448,0.0,0.0,-0.0,0.6250001192092896
1753295905.3759608,-0.0,0.0,-1.2500001192092896,-0.0,-0.0,-0.0,0.0,0.6250000596046448,0.6250000596046448,0.0,-0.0,-0.6250000596046448
1753295905.385954,-0.0,0.0,0.6250000596046448,-0.0,-0.0,-0.0,0.0,0.0,0.0,0.0,-0.0,-0.0
1753295905.3959491,-0.0,0.0,-0.6250000596046448,-0.0,-0.0,-0.0,0.0,0.0,0.0,0.0,-0.0,-0.0
1753295905.4059534,-0.0,0.0,-0.20833338797092438,-0.0,-0.0,-0.0,0.0,0.0,0.0,0.0,-0.0,-0.0
1753295905.415955,-0.0,0.0,0.6250001192092896,-0.0,-0.0,-0.0,0.0,-0.6250000596046448,0.0,0.0,-0.0,-0.0
1753295905.425949,-0.0,0.0,-0.6250000596046448,-0.0,-0.0,-0.0,0.0,0.0,0.0,0.0,-0.0,-0.0
1753295905.4359455,-0.0,0.0,0.0,-0.0,-0.0,-0.6250000596046448,0.0,0.0,0.0,0.0,-0.0,0.6250000596046448
1753295905.445946,-0.0,-0.208333358168602,0.0,-0.0,-0.0,-0.0,0.0,0.0,0.0,0.0,-0.0,-0.0
1753295905.4559355,-0.0,0.0,-0.41666677594184875,-0.0,-0.0,-0.0,0.0,0.0,0.0,0.0,-0.0,-0.20833343267440796
1753295905.4660873,-0.0,0.0,1.666666865348816,-0.0,-0.0,-0.0,0.0,0.0,0.0,0.0,-0.0,0.833333432674408
1753295905.4759266,-0.0,0.416666716337204,-0.6250000596046448,-0.0,-0.0,-0.0,0.0,0.0,0.0,0.0,-0.0,-0.0
1753295905.4859574,-0.0,0.0,-0.416666716337204,-0.0,-0.0,-0.0,0.0,0.0,0.0,0.0,-0.0,-0.41666677594184875
1753295905.4959333,-0.0,-0.6250000596046448,0.41666677594184875,-0.0,-0.0,-0.0,0.0,0.0,0.0,0.0,-0.0,0.833333432674408
1753295905.505924,-0.0,0.0,-1.0416667461395264,-0.0,-0.0,-0.0,0.0,0.0,0.0,0.0,-0.0,-0.0
1753295905.5159576,-0.0,0.0,0.6250000596046448,-0.0,-0.0,-0.0,0.0,0.0,0.0,0.0,-0.0,-0.20833338797092438
1753295905.5259345,-0.0,0.0,0.0,-0.0,-0.0,-0.0,0.0,0.0,0.0,0.0,-0.0,-0.0
1753295905.5360374,-0.0,0.6250000596046448,0.0,-0.0,-0.0,-0.0,0.0,0.0,0.0,0.0,-0.0,0.416666716337204
1753295905.545952,-0.0,0.0,1.0416667461395264,-0.0,-0.0,-0.0,0.0,0.0,0.0,0.0,-0.0,-0.0
1753295905.5559464,-0.0,0.0,0.0,-0.0,-0.0,-0.0,0.0,0.0,0.0,0.0,-0.0,-0.0
1753295905.5659378,-0.0,0.0,-0.20833343267440796,-0.0,-0.0,-0.0,0.0,0.0,0.0,0.0,-0.0,-0.0
1753295905.5759563,-0.0,-0.20833338797092438,0.0,-0.0,-0.0,-0.0,0.0,0.0,0.0,0.0,-0.0,0.41666677594184875
1753295905.5859585,-0.0,0.6250000596046448,-0.41666677594184875,-0.0,-0.0,-0.0,0.0,0.0,0.0,0.0,-0.0,-1.0416667461395264
1753295905.5959518,-0.0,0.0,1.2500001192092896,-0.0,-0.0,-0.0,0.0,0.0,0.0,0.0,-0.0,0.6250000596046448
1753295905.6059499,-0.0,0.0,0.0,-0.0,-0.0,-0.0,0.0,0.0,0.0,0.0,-0.0,0.20833343267440796
1753295905.6163032,-0.0,0.0,-0.20833343267440796,-0.0,-0.0,-0.0,0.0,0.0,0.0,0.0,-0.0,-0.833333432674408
1753295905.6259544,-0.0,0.0,0.41666677594184875,-0.0,-0.0,-0.0,0.0,0.0,0.0,0.0,-0.0,-0.0
1753295905.6359842,-0.0,0.0,-1.0416667461395264,-0.0,-0.0,-0.0,0.0,0.0,0.0,0.0,-0.0,-0.6250000596046448
1753295905.645924,-0.0,0.0,11.875000953674316,-0.0,-4.375000476837158,5.4166669845581055,0.0,0.0,0.0,0.0,-11.458333969116211,15.000001907348633
1753295905.6559722,16.875001907348633,-6.666667461395264,58.95833969116211,-4.375000476837158,-11.666667938232422,56.45833969116211,5.4166669845581055,-4.583333969116211,41.66667175292969,-9.791667938232422,-16.666667938232422,63.54167175292969
1753295905.6659348,11.250001907348633,10.416666984558105,20.00000762939453,-1.4583337306976318,-16.250001907348633,27.91667366027832,6.0416669845581055,3.958333730697632,40.62500762939453,-10.625000953674316,-19.583335876464844,31.66667366027832
1753295905.6759655,21.250001907348633,23.54166603088379,-33.333335876464844,3.333333730697632,-1.2500015497207642,-22.708328247070312,5.416667461395264,11.250000953674316,-9.999994277954102,-7.500000953674316,-8.750001907348633,31.66667366027832
1753295905.686059,20.625001907348633,35.625,-18.750003814697266,-3.750000476837158,-4.583334922790527,-69.16666412353516,4.583333969116211,12.916667938232422,-27.08332633972168,-6.875000953674316,-9.583334922790527,-15.624995231628418
1753295905.6959333,15.625001907348633,15.416666984558105,-30.416669845581055,-10.833333969116211,3.958332061767578,-63.33333206176758,6.250000953674316,5.000001907348633,-43.33332824707031,4.583333969116211,8.125000953674316,-33.33332824707031
1753295905.7059646,-7.291666030883789,18.125,-66.45834350585938,-36.875003814697266,26.04166603088379,-90.20833587646484,13.750001907348633,-11.250000953674316,-33.33332824707031,17.083335876464844,43.333335876464844,-65.0
1753295905.716016,-30.83333396911621,18.54166603088379,-97.50000762939453,-62.08333969116211,36.66666793823242,-90.0,0.0,-33.958335876464844,-15.41666316986084,24.166667938232422,46.458335876464844,-66.66666412353516
1753295905.7259796,-39.79166793823242,20.625,-104.79167938232422,-69.37500762939453,68.95833587646484,-96.875,-1.8750004768371582,-41.04167175292969,-39.999996185302734,32.083335876464844,77.91667175292969,-105.83333587646484
1753295905.7359679,-30.0,3.125,-61.87501525878906,-20.00000762939453,47.70833206176758,-71.45833587646484,6.250000476837158,-49.375003814697266,2.291670083999634,25.625003814697266,66.04167175292969,-90.625
1753295905.745968,4.7916669845581055,17.500001907348633,-32.70834732055664,-0.4166731834411621,36.875,-98.75,1.8750004768371582,-3.1250030994415283,-42.499996185302734,-18.333335876464844,28.54167366027832,-25.41666603088379
1753295905.7559662,8.958334922790527,2.7083349227905273,-62.50001525878906,-28.33333969116211,32.91666793823242,-126.45833587646484,3.5416669845581055,26.666664123535156,-89.79166412353516,-11.041667938232422,23.12500762939453,-34.375
1753295905.7659752,-35.20833206176758,1.4583349227905273,-93.95834350585938,-33.54167175292969,-3.750000476837158,-157.5,-19.375001907348633,54.58333206176758,-132.9166717529297,17.91666603088379,0.6250064969062805,-63.75
1753295905.7759738,-7.916666507720947,-15.833333015441895,-126.25001525878906,-2.500006675720215,-1.041667103767395,-188.125,-32.91667175292969,69.375,-162.9166717529297,40.20833206176758,-11.041661262512207,-61.04166793823242
1753295905.7859936,40.833335876464844,-14.791666984558105,-158.75001525878906,50.41667175292969,-20.000001907348633,-221.25,-11.875003814697266,94.58333587646484,-136.6666717529297,31.45833396911621,28.12500762939453,-16.25
1753295905.7959642,63.54167175292969,-29.58333396911621,-109.79167938232422,87.08334350585938,-25.625001907348633,-250.0,45.0,73.95833587646484,-145.4166717529297,37.5,31.66667366027832,-11.041666984558105
1753295905.8059762,53.33333969116211,-17.5,-43.33334732055664,98.95834350585938,-49.583335876464844,-288.125,51.04166793823242,66.25,-167.7083282470703,43.125,2.916673183441162,-39.16666793823242
1753295905.8159885,16.66667366027832,-23.33333396911621,-39.37501525878906,104.16667175292969,-44.37500762939453,-297.2916564941406,42.91666793823242,50.625,-193.5416717529297,48.95833206176758,22.91667366027832,-67.08333587646484
1753295905.8260098,-15.208334922790527,4.7916669845581055,-83.75001525878906,59.58333969116211,-32.70833969116211,-217.0833282470703,49.375,41.04166793823242,-170.2083282470703,47.08333206176758,52.70833969116211,-109.79166412353516
1753295905.8359683,-1.4583349227905273,28.333335876464844,-130.41668701171875,28.12500762939453,-62.29167175292969,-73.125,-16.250001907348633,21.25,-193.125,7.916666507720947,-17.083328247070312,-109.79166412353516
1753295905.846016,-9.583333969116211,48.54167175292969,-175.83334350585938,13.54167366027832,-14.58333969116211,87.50000762939453,-42.91667175292969,24.375,-203.5416717529297,31.25,63.33333969116211,-176.875
1753295905.8561208,-51.250003814697266,87.29167175292969,-218.33335876464844,-29.791664123535156,-12.91667366027832,59.37500762939453,-43.750003814697266,25.83333396911621,-80.41666412353516,35.20833206176758,99.37500762939453,-218.75
1753295905.8659618,-103.75000762939453,113.95834350585938,-256.2500305175781,-80.83333587646484,29.583335876464844,-1.6666604280471802,-60.83333969116211,20.0,74.16667175292969,-3.5416669845581055,45.41667175292969,-274.5833435058594
1753295905.8760798,-85.00001525878906,119.16667938232422,-294.16668701171875,-75.41666412353516,67.08334350585938,-33.124996185302734,-89.58334350585938,49.16666793823242,63.54167175292969,-91.66667175292969,45.41667175292969,-274.5833435058594
1753295905.8859854,-26.04167938232422,123.33334350585938,-238.54168701171875,-64.79166412353516,62.70833969116211,-11.874996185302734,-76.45834350585938,70.0,5.833339691162109,-100.83334350585938,58.33333969116211,-37.91666793823242
1753295905.89623,9.791667938232422,68.75001525878906,34.999977111816406,-25.625,37.91667175292969,18.750001907348633,-20.83333969116211,50.20833206176758,-23.333335876464844,-75.20834350585938,-16.8749942779541,126.66667938232422
1753295905.9061708,27.916669845581055,45.83334732055664,123.95832061767578,-9.583333015441895,41.25000762939453,-0.208333358168602,-10.000006675720215,45.0,-4.16666841506958,-32.70833969116211,-21.458328247070312,83.95834350585938
1753295905.915948,25.416669845581055,24.37501335144043,79.79165649414062,-7.5,4.166673183441162,-5.833333969116211,-1.041673183441162,8.75,6.041667461395264,-21.25000762939453,9.583333969116211,18.75001335144043
1753295905.9259586,48.750003814697266,8.333346366882324,35.20832061767578,14.166667938232422,-10.416667938232422,5.8333330154418945,38.958335876464844,-5.208333969116211,0.20833413302898407,-43.95833969116211,21.666667938232422,-33.541656494140625
1753295905.9360056,71.04167175292969,2.291666030883789,-8.750000953674316,51.875003814697266,-27.708335876464844,-2.2916669845581055,91.25000762939453,-28.333335876464844,-0.6250002384185791,-71.87500762939453,51.04167175292969,-68.54165649414062
1753295905.945993,41.25000762939453,33.75,-53.33333969116211,78.54167175292969,-41.875003814697266,-0.20833353698253632,118.95834350585938,-49.16667175292969,1.0416667461395264,-16.87500762939453,50.625003814697266,-35.20832824707031
1753295905.9559994,18.33333969116211,21.04166603088379,-89.58334350585938,43.33333969116211,-0.41666996479034424,-2.500000238418579,117.29167938232422,-55.41667175292969,-1.666666865348816,16.458335876464844,61.87500762939453,-35.20832824707031
1753295905.9658897,36.25000762939453,42.91666793823242,-34.79167175292969,-6.874994277954102,-6.666669845581055,-1.2500004768371582,93.12501525878906,-85.62500762939453,0.0,9.583334922790527,90.20834350585938,7.708342552185059
1753295905.9759276,56.87500762939453,25.0,30.624996185302734,-24.3749942779541,36.25,2.708333730697632,54.37501525878906,-106.25000762939453,0.6250001192092896,-21.875,78.95834350585938,7.708342552185059
1753295905.9859993,28.75000762939453,47.5,3.541663408279419,-29.166664123535156,54.58333206176758,-3.125000238418579,79.58334350585938,-69.58334350585938,-1.2500001192092896,-41.45833206176758,48.95833969116211,0.4166668653488159
1753295905.9959805,-25.208335876464844,79.79166412353516,-8.125003814697266,-60.83333206176758,69.58333587646484,-0.20833353698253632,104.58334350585938,-53.33333969116211,-1.4583334922790527,-29.58333396911621,60.00000762939453,-0.0
1753295906.0059297,-68.95834350585938,58.125,7.29166316986084,-111.45833587646484,86.45833587646484,0.20833353698253632,80.00001525878906,-27.08333969116211,1.4583334922790527,-8.125,29.58333969116211,-0.0
1753295906.015969,-74.79167175292969,70.0,-1.4583334922790527,-130.4166717529297,109.79166412353516,-0.20833353698253632,18.75001335144043,-2.916673183441162,-2.0833334922790527,-10.416666984558105,29.58333969116211,-1.666666865348816
1753295906.0259776,-3.9583396911621094,48.54166793823242,-3.7500009536743164,-62.91666793823242,118.33333587646484,1.041666865348816,-24.583335876464844,10.833327293395996,-0.20833353698253632,-66.04166412353516,7.083339691162109,-1.666666865348816
1753295906.0359597,48.124996185302734,39.79166793823242,6.458333969116211,-30.20833396911621,79.16666412353516,2.2916669845581055,-35.833335876464844,55.625,1.4583334922790527,-6.458333492279053,-33.958335876464844,-1.041667103767395
1753295906.0459669,6.875,41.66666793823242,0.0,-46.66666793823242,73.75,0.6250002384185791,-15.20833683013916,70.0,-1.250000238418579,65.41667175292969,-32.500003814697266,2.2916669845581055
1753295906.055964,-58.12500762939453,5.0,-1.666666865348816,-54.58333206176758,17.70833396911621,-2.2916669845581055,25.0,89.79166412353516,1.0416667461395264,83.95834350585938,-26.875003814697266,-1.875000238418579
1753295906.0659852,-13.750006675720215,-51.66667175292969,1.2500004768371582,-13.333333015441895,12.291666984558105,2.9166669845581055,-38.125003814697266,101.66666412353516,-1.666666865348816,65.62500762939453,-82.29167175292969,3.125000238418579
1753295906.07592,75.62500762939453,-73.75000762939453,26.458335876464844,42.708335876464844,-12.916667938232422,-2.0833334922790527,-74.37500762939453,95.83333587646484,0.0,56.25000762939453,-65.62500762939453,15.000001907348633
1753295906.0859926,73.54167175292969,-95.20834350585938,75.62500762939453,65.20834350585938,-54.37500762939453,-0.20833353698253632,-58.12500762939453,72.08333587646484,0.6250000596046448,79.79167175292969,-85.62500762939453,-4.1666669845581055
1753295906.09597,15.000006675720215,-60.00000762939453,40.83333969116211,47.91667175292969,-25.20833969116211,44.583335876464844,8.541667938232422,56.25,3.125000476837158,74.16667175292969,-62.29167175292969,-15.416667938232422
1753295906.1059444,-6.249994277954102,-60.00000762939453,-20.416662216186523,-29.999996185302734,-42.50000762939453,24.166669845581055,-31.250003814697266,56.45833206176758,0.20833373069763184,10.625006675720215,-44.37500762939453,5.833332061767578
1753295906.1162133,21.87500762939453,-29.37500762939453,-69.375,-40.624996185302734,-26.25000762939453,-28.95833396911621,-99.58334350585938,24.58333396911621,-0.8333337306976318,-32.70832824707031,-41.04167175292969,1.4583325386047363
1753295906.1261177,65.83334350585938,3.958333730697632,-76.875,-31.874996185302734,3.958333730697632,-37.70833206176758,-148.12501525878906,1.875,0.6250002384185791,-27.708330154418945,-6.875006198883057,-3.333333730697632
1753295906.1362793,66.25000762939453,0.41666707396507263,29.166669845581055,-42.499996185302734,17.916669845581055,-7.708333492279053,-125.62501525878906,-33.333335876464844,1.666666865348816,-28.541664123535156,-8.33333969116211,13.333333015441895
1753295906.1459827,5.625006198883057,23.541667938232422,76.87500762939453,-43.33332824707031,-25.83333396911621,44.583335876464844,-5.62501335144043,19.374998092651367,20.833335876464844,-14.374996185302734,-8.33333969116211,18.75
1753295906.1560123,-30.624996185302734,12.916667938232422,70.62500762939453,-53.95832824707031,16.875001907348633,38.125003814697266,73.54165649414062,14.166665077209473,-9.999999046325684,-33.124996185302734,-8.33333969116211,18.75
1753295906.1659567,-12.083330154418945,0.8333349227905273,65.62500762939453,-62.5,0.8333349227905273,22.083335876464844,75.83332824707031,19.166664123535156,-2.9166667461395264,-71.25,20.416662216186523,14.166666984558105
1753295906.1759698,51.45833969116211,-14.375001907348633,57.08333969116211,-60.0,5.625,14.375003814697266,41.66666030883789,12.083332061767578,1.041666865348816,-82.91666412353516,21.666662216186523,6.666666507720947
1753295906.1859808,83.95834350585938,-10.416667938232422,50.00000762939453,-48.125,6.666666507720947,7.08333683013916,-13.125006675720215,0.20833168923854828,-2.0833334922790527,-61.04166793823242,16.2499942779541,-2.2916669845581055
1753295906.1959488,80.00000762939453,-4.583334922790527,42.70833969116211,-38.125,-0.0,0.41666996479034424,-43.54167556762695,0.6250001192092896,8.333333969116211,-30.0,8.124995231628418,-0.0
1753295906.2059498,51.87500762939453,-1.4583349227905273,32.91667175292969,-33.33333206176758,2.7083334922790527,-1.4583334922790527,-28.750009536743164,-4.1666669845581055,-4.1666669845581055,-18.125,0.20832844078540802,-0.0
1753295906.215934,26.87500762939453,-0.208333358168602,26.87500762939453,-32.70833206176758,-1.666666865348816,2.0833334922790527,9.166658401489258,-3.5416669845581055,0.416666716337204,-34.16666793823242,-2.0833334922790527,0.208333358168602
1753295906.2259972,20.00000762939453,-6.666667461395264,14.16667366027832,-29.375,-15.833334922790527,0.41666707396507263,22.083324432373047,9.791666984558105,1.666666865348816,-59.16666793823242,-0.20833353698253632,-0.0
1753295906.2359705,1.8750065565109253,-0.8333341479301453,10.20833969116211,-4.166666507720947,-6.875001907348633,-2.0833334922790527,11.041659355163574,13.125,-3.750000476837158,-67.29166412353516,3.750000476837158,-0.0
1753295906.245936,-16.458328247070312,-5.000000953674316,2.7083399295806885,16.041667938232422,-10.208334922790527,1.2500001192092896,3.9583253860473633,8.333333015441895,4.7916669845581055,-53.95833206176758,3.125000476837158,-0.0
1753295906.2559242,-14.166661262512207,-3.95833420753479,0.2083398401737213,13.125001907348633,-12.500001907348633,0.4166668653488159,10.416659355163574,0.4166666567325592,-3.125000238418579,-38.75,-4.583333969116211,-0.0
1753295906.265927,-7.291661739349365,-4.166667461395264,-1.875000238418579,2.7083349227905273,-14.791667938232422,-1.4583334922790527,25.416658401489258,-0.6250000596046448,1.875000238418579,-38.125,-5.4166669845581055,-0.0
1753295906.276002,-0.20832844078540802,-7.916667461395264,-3.333333730697632,3.54166841506958,-12.291667938232422,1.2500001192092896,29.79166030883789,-7.708333969116211,-1.4583334922790527,-50.0,-0.41666707396507263,-0.0
1753295906.2861743,3.125000476837158,-7.916667461395264,-3.5416669845581055,13.958334922790527,-9.166667938232422,-0.0,25.62499237060547,-10.833333969116211,0.416666716337204,-60.625,-0.0,-0.0
1753295906.2959514,-2.500000238418579,-6.875000953674316,-2.083333730697632,14.166667938232422,-10.416667938232422,-0.0,21.66666030883789,-14.791667938232422,0.0,-58.33333206176758,-1.875000238418579,-0.0
1753295906.3059504,-3.333333730697632,-5.416667461395264,-3.125000476837158,4.375001907348633,-10.625001907348633,-0.0,22.91666030883789,-13.958334922790527,0.0,-47.5,-5.4166669845581055,-0.0
1753295906.3159752,-0.41666707396507263,-7.291667461395264,-3.333333730697632,5.000001907348633,-9.166667938232422,-0.0,27.08332633972168,-15.625001907348633,0.0,-41.66666793823242,-3.125000476837158,-0.0
1753295906.325947,1.4583334922790527,-5.833333969116211,-1.4583337306976318,10.833334922790527,-6.66666841506958,-0.0,24.37499237060547,-16.458335876464844,0.0,-42.5,-4.583333969116211,-0.0
1753295906.3361177,-0.0,-5.416667461395264,-1.4583337306976318,10.625001907348633,-5.625001907348633,-0.0,23.12499237060547,-16.041667938232422,0.0,-47.08333206176758,-2.2916669845581055,-0.0
1753295906.3459706,-1.875000238418579,-5.000000953674316,-1.2500004768371582,5.208334922790527,-3.1250016689300537,-0.0,22.29166030883789,-14.791667938232422,0.0,-48.125,-3.750000476837158,-0.0
1753295906.3560498,-1.4583334922790527,-7.291667461395264,-0.8333337306976318,3.1250016689300537,-1.8750016689300537,-0.0,24.16666030883789,-15.208334922790527,0.0,-41.875,-1.666667103767395,0.208333358168602
1753295906.3660433,-0.20833353698253632,-6.875000953674316,0.0,5.000001907348633,0.208333358168602,-0.0,24.99999237060547,-12.291667938232422,0.0,-35.625,1.0416667461395264,1.666666865348816
1753295906.3761292,-0.0,-7.083333969116211,0.20833343267440796,8.333334922790527,6.458333969116211,-0.0,7.70832633972168,-15.000001907348633,-0.6250000596046448,-3.75,-1.875000238418579,-5.4166669845581055
1753295906.3861766,-1.666666865348816,-9.375000953674316,0.0,2.7083349227905273,0.41666707396507263,0.20833338797092438,-7.500000953674316,-13.125001907348633,1.875,26.458335876464844,-1.666667103767395,4.375000476837158
1753295906.3959994,-2.0833334922790527,-7.708333969116211,-0.20833343267440796,0.4166682958602905,5.4166669845581055,-0.0,-5.416667461395264,-14.166667938232422,0.0,36.04167175292969,-5.000000476837158,-1.2500001192092896
1753295906.4059935,-0.0,-10.000000953674316,0.0,0.208333358168602,2.083333730697632,-0.0,4.583333969116211,-7.29166841506958,0.0,19.791669845581055,-0.41666707396507263,-0.41666707396507263
1753295906.4159765,-0.0,-7.291667461395264,0.0,2.500000238418579,2.708333730697632,-0.0,8.541667938232422,-3.54166841506958,0.0,3.5416698455810547,0.4166668653488159,0.20833353698253632
1753295906.4259634,-0.0,-8.750000953674316,0.0,1.250000238418579,0.6250004172325134,-0.0,5.833333969116211,-3.9583349227905273,0.0,0.0,-0.0,-0.20833353698253632
1753295906.4359586,-0.0,-8.333333969116211,-0.208333358168602,0.4166668653488159,-0.0,-0.0,0.8333341479301453,-2.0833349227905273,0.0,4.7916669845581055,-2.500000238418579,1.0416667461395264
1753295906.4459703,-0.0,-5.416667461395264,0.0,-0.416666716337204,-1.666666865348816,-0.0,-1.2500001192092896,-1.2500015497207642,0.0,2.083333730697632,-4.583333969116211,-0.0
1753295906.4559834,-0.0,-4.583333969116211,0.0,0.6250000596046448,-1.4583334922790527,-0.0,0.0,1.666666865348816,0.0,-5.208333969116211,-0.6250004172325134,-0.0
1753295906.4659245,1.2500001192092896,-2.5000009536743164,0.0,2.2916669845581055,-0.4166668653488159,-0.0,0.41666677594184875,0.0,0.0,-2.9166669845581055,1.041666865348816,-0.0
1753295906.476027,1.2500001192092896,-4.166667461395264,0.416666716337204,0.4166668653488159,-0.0,-0.0,-1.2500001192092896,0.416666716337204,0.0,-1.8750004768371582,-0.0,-0.0
1753295906.4860399,0.208333358168602,-2.08333420753479,0.0,-0.0,1.875000238418579,-0.0,0.0,0.0,0.0,0.0,0.6250001192092896,-0.0
1753295906.496049,1.2500001192092896,-3.1250009536743164,0.0,1.2500001192092896,-0.0,-0.0,1.875000238418579,0.20833338797092438,0.0,1.250000238418579,-0.0,-0.0
1753295906.5059814,1.666666865348816,-2.2916674613952637,0.0,0.8333335518836975,1.4583334922790527,-0.0,1.4583334922790527,0.0,0.0,0.0,-0.0,-0.0
1753295906.5159338,1.875000238418579,-2.2916674613952637,0.0,0.4166668653488159,-0.0,-0.0,1.041666865348816,0.0,0.0,0.0,-0.20833338797092438,-0.0
1753295906.5259864,0.8333335518836975,-1.2500008344650269,0.0,-0.0,-1.0416667461395264,-0.0,0.0,0.0,0.0,0.0,-0.0,-0.0
1753295906.5359771,-0.0,-1.6666674613952637,-0.20833338797092438,0.208333358168602,-0.41666677594184875,-0.0,0.0,0.0,0.0,0.0,-0.0,-0.0
1753295906.5459116,1.2500001192092896,-0.6250007748603821,0.0,0.833333432674408,-0.0,-0.0,0.0,0.0,0.0,0.0,-0.0,-0.0
1753295906.555953,1.4583334922790527,0.0,0.0,0.833333432674408,-0.0,-0.0,0.0,0.0,0.0,-0.20833338797092438,-0.0,-0.0
1753295906.5659993,0.6250002384185791,0.0,0.0,1.0416667461395264,-0.0,-0.0,0.0,0.0,0.0,0.0,-0.0,-0.0
1753295906.5759509,-0.0,0.0,0.0,1.0416667461395264,-0.0,-0.0,0.0,0.0,0.0,0.0,-0.0,-0.0
1753295906.5859585,-0.833333432674408,0.0,0.0,1.666666865348816,-0.0,-0.0,0.0,0.0,0.0,0.0,-0.0,-0.0
1753295906.5959575,-0.833333432674408,0.0,0.0,1.2500001192092896,-0.0,-0.0,0.0,0.0,0.0,-0.208333358168602,-0.0,-0.0
1753295906.6059737,-0.833333432674408,0.0,0.0,1.2500001192092896,-0.0,-0.0,0.0,0.0,0.0,0.0,-0.0,-0.0
1753295906.6159737,-0.833333432674408,-0.208333358168602,0.0,1.0416667461395264,-0.0,-0.0,0.6250000596046448,0.0,0.0,0.0,-0.0,-0.0
1753295906.6259127,-0.41666677594184875,-0.208333358168602,0.0,1.4583334922790527,-0.0,-0.0,0.0,0.0,0.0,0.0,-0.0,-0.0
1753295906.63604,-0.0,-0.6250000596046448,0.0,1.041666865348816,-0.0,-0.0,0.0,0.0,0.0,0.0,-0.0,-0.0
1753295906.6460345,-0.0,-0.6250001192092896,0.0,0.4166668653488159,-0.0,-0.0,0.0,0.0,0.0,0.0,-0.0,-0.0
1753295906.6559496,-0.0,-1.666666865348816,0.0,0.8333335518836975,-0.0,-0.0,0.0,0.0,0.0,0.0,-0.0,-0.0
1753295906.6660187,-0.0,-1.2500001192092896,0.0,-0.0,-0.0,-0.0,0.0,0.0,0.0,0.0,-0.0,-0.0
1753295906.6759715,-0.0,-0.6250001192092896,0.0,-0.0,-0.0,-0.0,0.0,0.0,0.0,0.0,-0.0,-0.0
1753295906.68593,-0.0,0.0,0.0,-0.416666716337204,-0.0,-0.0,0.0,0.0,0.0,0.0,-0.0,-0.0
1753295906.6959758,-0.0,0.0,0.0,-0.208333358168602,-0.0,-0.0,0.0,0.0,0.0,0.0,-0.0,-0.0
1753295906.70595,-0.0,0.0,0.0,-0.0,-0.0,-0.0,0.0,0.0,0.0,0.0,-0.0,-0.0
1753295906.7159564,-0.0,0.0,0.0,-0.0,-0.0,-0.0,0.0,0.0,0.0,0.0,-0.0,-0.0
1753295906.725987,-0.0,0.208333358168602,0.0,-0.0,-0.0,-0.0,0.0,0.0,0.0,0.0,-0.0,-0.0
1753295906.7363114,-0.0,0.0,0.0,0.20833338797092438,-0.0,-0.0,0.0,0.0,0.0,0.0,-0.0,-0.0
1753295906.7459285,-0.0,-0.416666716337204,0.0,0.208333358168602,-0.0,-0.0,0.0,0.0,0.0,0.0,-0.0,-0.0
1753295906.7560356,-0.0,0.0,0.0,-0.0,-0.0,-0.0,0.0,0.0,0.0,0.0,-0.0,-0.0
1753295906.7659535,-0.0,0.0,0.0,-0.0,-0.0,-0.0,0.0,0.0,0.0,0.0,-0.0,-0.0
1753295906.7759528,0.6250000596046448,0.0,0.0,-0.0,-0.0,-0.0,0.0,0.0,0.0,0.0,-0.0,-0.0
1753295906.785961,0.416666716337204,0.0,0.0,-0.416666716337204,-0.0,-0.0,0.0,0.0,0.0,0.0,-0.0,-0.0
1753295906.7959878,-0.0,0.0,0.0,-0.0,-0.0,-0.0,0.0,0.0,0.0,0.0,-0.0,-0.0
1753295906.8059344,-0.0,0.0,0.0,-0.0,-0.0,-0.0,0.0,0.0,0.0,0.0,-0.0,-0.0
1753295906.8159568,-0.0,0.0,0.0,-0.0,-0.0,-0.0,0.0,0.0,0.0,0.0,-0.0,-0.0
1753295906.825919,-0.0,0.0,0.0,-0.0,-0.0,-0.0,0.0,0.0,0.0,0.0,-0.0,-0.0
1753295906.8359444,-0.0,0.0,0.0,-0.0,-0.0,-0.0,0.0,0.0,0.0,0.0,-0.0,-0.0
1753295906.8460743,-0.0,0.0,0.0,-0.0,-0.0,-0.0,0.0,0.0,0.0,0.0,-0.0,-0.0
1753295906.8559828,-0.0,0.0,0.0,-0.0,-0.0,-0.0,0.0,0.0,0.0,0.0,-0.0,-0.0
1753295906.8660548,-0.0,0.0,0.0,-0.0,-0.0,-0.0,0.0,0.0,0.0,0.0,-0.0,-0.0
1753295906.875989,-0.0,0.0,0.0,-0.0,-0.0,-0.0,0.0,0.0,0.0,0.0,-0.0,-0.0
1753295906.8860316,-0.0,0.0,0.0,-0.0,-0.0,-0.0,0.0,0.0,0.0,0.0,-0.0,-0.0
1753295906.895998,-0.0,0.0,0.0,-0.0,-0.0,-0.0,0.0,0.0,0.0,0.0,-0.0,-0.0
1753295906.9059715,-0.0,0.0,0.0,-0.0,-0.0,-0.0,0.0,0.0,0.0,0.0,-0.0,-0.0
1753295906.9160016,-0.0,0.0,0.0,-0.0,-0.0,-0.0,0.0,0.0,0.0,0.0,-0.0,-0.0
1753295906.9259791,-0.0,0.0,0.0,-0.0,-0.0,-0.0,0.0,0.0,0.0,0.0,-0.0,-0.0
1753295906.9359493,-0.0,0.0,0.0,-0.0,-0.0,-0.0,0.0,0.0,0.0,0.0,-0.0,-0.0
1753295906.945967,-0.0,0.0,0.0,-0.0,-0.0,-0.0,0.0,0.0,0.0,0.0,-0.0,-0.0
1753295906.9559476,-0.0,0.0,0.0,-0.0,-0.0,-0.0,0.0,0.0,0.0,0.0,-0.0,-0.0
1753295906.965985,-0.0,0.0,0.0,-0.0,-0.0,-0.0,0.0,0.0,0.0,0.0,-0.0,-0.0
1753295906.9759398,-0.0,0.0,0.0,-0.0,-0.0,-0.0,0.0,0.0,0.0,0.0,-0.0,-0.0
1753295906.9859848,-0.0,0.0,0.0,-0.0,-0.0,-0.0,0.0,0.0,0.0,0.0,-0.0,-0.0
1753295906.9959717,-0.0,0.0,0.0,-0.0,-0.0,-0.0,0.0,0.0,0.0,0.0,-0.0,-0.0
1753295907.0060468,-0.0,0.0,0.0,-0.0,-0.0,-0.0,0.0,0.0,0.0,0.0,-0.0,-0.0
1753295907.0161548,-0.0,0.0,0.0,-0.0,-0.0,-0.0,0.0,0.0,0.0,0.0,-0.0,-0.0
1753295907.026004,-0.0,0.0,0.0,-0.0,-0.0,-0.0,0.0,0.0,0.0,0.0,-0.0,-0.0
1753295907.0360732,-0.0,0.0,0.0,-0.0,-0.0,-0.0,0.0,0.0,0.0,0.0,-0.0,-0.0
1753295907.0459893,-0.0,0.0,0.0,-0.0,-0.0,-0.0,0.0,0.0,0.0,0.0,-0.0,-0.0
1753295907.056003,-0.0,0.0,0.0,-0.0,-0.0,-0.0,0.0,0.0,0.0,0.0,-0.0,-0.0
1753295907.0659842,-0.0,0.0,0.0,-0.0,-0.0,-0.0,0.0,0.0,0.0,0.0,-0.0,-0.0
1753295907.0759878,-0.0,0.0,0.0,-0.0,-0.0,-0.0,0.0,0.0,0.0,0.0,-0.0,-0.0
1753295907.085937,-0.0,0.0,0.0,-0.0,-0.0,-0.0,0.0,0.0,0.0,0.0,-0.0,-0.0
1753295907.0959256,-0.0,0.0,0.0,-0.0,-0.0,-0.0,0.0,0.0,0.0,0.0,-0.0,-0.0
1753295907.1059225,-0.0,0.0,0.0,-0.0,-0.0,-0.0,0.0,0.0,0.0,0.0,-0.0,-0.0
1753295907.1159298,-0.0,0.0,0.0,-0.0,-0.0,-0.0,0.0,0.0,-1.2500001192092896,0.0,-0.0,-0.0
1753295907.1259246,-0.0,1.0416667461395264,0.0,-0.0,-0.0,-0.0,-1.2500001192092896,-0.20833343267440796,-0.20833353698253632,0.0,-0.833333432674408,-0.0
1753295907.1359472,1.2500001192092896,0.0,0.0,1.0416667461395264,1.2500001192092896,-0.0,-1.875000238418579,-0.208333358168602,0.8333335518836975,-1.2500001192092896,1.875000238418579,-0.0
1753295907.146168,0.6250001192092896,0.0,0.0,0.41666677594184875,0.20833343267440796,-0.0,-0.20833353698253632,-0.20833343267440796,0.0,-0.20833353698253632,3.5416669845581055,-0.0
1753295907.1560113,-0.0,0.0,0.0,-0.0,-0.6250000596046448,-0.0,5.833333969116211,2.0833334922790527,0.0,1.875000238418579,4.1666669845581055,-0.0
1753295907.1659846,-0.416666716337204,-1.0416667461395264,0.0,-0.0,-1.4583334922790527,-0.0,2.708333730697632,1.875000238418579,0.0,0.20833353698253632,0.6250004172325134,-0.0
1753295907.175978,-0.6250000596046448,-0.20833343267440796,0.0,-1.0416667461395264,-1.4583334922790527,-0.0,-1.875000238418579,1.666666865348816,0.0,-0.6250000596046448,1.666667103767395,-0.0
1753295907.185937,-1.4583334922790527,0.0,0.0,-1.4583334922790527,-0.6250002384185791,-0.0,-1.875000238418579,0.6250002384185791,0.0,-1.666666865348816,0.41666707396507263,-0.0
1753295907.1959612,-1.041666865348816,0.0,0.0,-0.0,-0.0,-0.0,0.6250000596046448,2.2916669845581055,0.0,-0.20833353698253632,0.20833373069763184,-0.0
1753295907.2059329,-0.0,0.0,0.0,1.2500001192092896,-0.416666716337204,-0.0,0.8333335518836975,0.20833353698253632,0.0,0.0,0.41666707396507263,-0.0
1753295907.215929,1.4583334922790527,0.0,0.0,0.20833343267440796,-0.0,-0.0,0.0,0.0,0.0,0.0,-0.0,-0.0
1753295907.2259457,0.6250002384185791,0.0,0.0,0.833333432674408,-0.0,-0.0,0.0,-0.416666716337204,0.0,0.0,-0.0,-0.0
1753295907.2359354,-0.0,0.0,0.0,0.41666677594184875,-0.0,-0.0,0.0,0.0,0.0,0.0,-0.416666716337204,-0.0
1753295907.2460177,0.833333432674408,0.0,0.0,-0.0,0.6250000596046448,-0.0,-0.6250000596046448,-1.0416667461395264,0.0,0.0,-0.0,-0.0
1753295907.2559302,-0.0,0.0,0.0,-1.0416667461395264,-0.0,-0.0,0.0,-1.0416667461395264,0.0,0.0,-0.6250000596046448,-0.0
1753295907.265997,-0.0,0.0,0.0,-0.208333358168602,0.416666716337204,-0.0,0.0,-0.833333432674408,0.0,0.0,-1.4583334922790527,-0.0
1753295907.2759695,-0.0,0.0,0.0,-0.0,-0.0,-0.0,0.0,-1.875000238418579,0.0,0.0,-1.4583334922790527,-0.0
1753295907.286003,-0.0,0.0,0.0,-0.0,-0.0,-0.0,0.0,-1.4583334922790527,0.0,0.0,-1.2500001192092896,-0.0
1753295907.295973,-0.0,0.0,0.0,0.6250000596046448,-0.0,-0.0,0.0,-0.4166668653488159,0.0,0.0,-0.20833343267440796,-0.0
1753295907.3059628,-0.0,0.0,0.0,0.6250000596046448,0.208333358168602,-0.0,0.0,0.0,0.0,0.0,-0.0,-0.0
1753295907.3159149,-0.0,0.0,0.0,-0.0,-0.0,-0.0,0.0,0.208333358168602,0.0,0.0,-0.0,-0.0
1753295907.3259761,-0.0,0.0,0.0,-0.0,0.208333358168602,-0.0,0.0,0.833333432674408,0.0,0.0,0.6250001192092896,-0.0
1753295907.3359325,-0.6250000596046448,0.0,0.0,-0.6250000596046448,-0.0,-0.0,0.0,0.208333358168602,0.0,0.0,-0.0,-0.0
1753295907.3459766,-0.0,0.0,0.0,-0.41666677594184875,-0.0,-0.0,0.0,0.0,0.0,0.0,-0.0,-0.0
1753295907.3559387,-0.0,0.0,0.0,-0.0,-0.0,-0.0,0.0,-0.6250000596046448,0.0,0.0,-0.0,-0.0
1753295907.3659513,-0.0,0.0,0.0,-0.0,-0.0,-0.0,0.0,-0.416666716337204,0.0,0.0,-0.20833338797092438,-0.0
1753295907.375915,-0.0,0.0,0.0,-0.0,-0.0,-0.0,0.0,0.0,0.0,0.0,-0.0,-0.0
1753295907.3859675,-0.0,0.0,0.0,-0.0,0.208333358168602,-0.0,0.0,0.0,0.0,0.0,-0.0,-0.0
1753295907.39601,-0.0,0.0,0.0,-0.0,0.208333358168602,-0.0,0.0,0.0,0.0,0.0,-0.0,-0.0
1753295907.406011,-0.0,0.0,0.0,-0.0,-0.0,-0.0,0.0,0.0,0.0,0.0,-0.0,-0.0
1753295907.4159734,-0.0,0.0,0.0,-0.0,-0.0,-0.0,0.0,0.0,0.0,0.0,-0.0,-0.0
1753295907.4260187,-0.0,0.0,0.0,-0.0,-0.0,-0.0,0.0,0.0,0.0,0.0,-0.0,-0.0
1753295907.436008,-0.0,0.0,0.0,-0.0,-0.0,-0.0,0.0,0.0,0.0,0.0,-0.0,-0.0
1753295907.4459827,-0.0,0.0,0.0,-0.0,-0.0,-0.0,0.0,0.0,0.0,0.0,-0.0,-0.0
1753295907.4560037,-0.0,0.0,0.0,-0.0,-0.0,-0.0,0.0,0.0,0.0,0.0,-0.0,-0.0
1753295907.4659767,-0.0,0.0,0.0,-0.0,-0.0,-0.0,0.0,0.0,0.0,0.0,-0.0,-0.0
1753295907.476009,-0.0,0.0,0.0,-0.0,-0.0,-0.0,0.0,0.0,0.0,0.0,-0.0,-0.0
1753295907.485976,-0.0,0.0,0.0,-0.0,-0.0,-0.0,0.0,0.0,0.0,0.0,-0.0,-0.0
1753295907.496015,-0.0,0.0,0.0,-0.0,-0.0,-0.0,0.0,0.0,0.0,0.0,-0.0,-0.0
1753295907.5059688,-0.0,0.0,0.0,-0.0,-0.0,-0.0,0.0,0.0,0.0,0.0,-0.0,-0.0
1753295907.5159707,-0.0,0.0,0.0,-0.0,-0.0,-0.0,0.0,0.0,0.0,0.0,-0.0,-0.0
1753295907.5259967,-0.0,0.0,0.0,-0.0,-0.0,-0.0,0.0,0.0,0.0,0.0,-0.0,-0.0
1753295907.5359647,-0.0,-0.208333358168602,0.0,-0.0,-0.0,-0.0,0.0,0.0,0.0,0.0,-0.0,-0.0
1753295907.545972,-0.0,0.0,0.0,-0.0,-0.0,-0.0,0.0,0.0,0.0,0.0,-0.0,-0.0
1753295907.5559714,-0.0,0.0,0.0,-0.0,-0.0,-0.0,0.0,0.0,0.0,0.0,-0.0,-0.0
1753295907.565957,-0.0,0.0,0.0,-0.0,-0.0,-0.0,0.0,0.0,0.0,0.0,-0.0,-0.0
1753295907.5760329,-0.0,0.0,0.0,-0.0,-0.0,-0.0,0.0,0.0,0.0,0.0,-0.0,-0.0
1753295907.5862017,-0.0,0.0,0.0,-0.0,-0.0,-0.0,0.0,0.0,0.0,0.0,-0.0,-0.0
1753295907.5959847,-0.0,0.0,0.0,-0.0,-0.0,-0.0,0.0,0.0,0.0,0.0,-0.0,-0.0
1753295907.6059768,-0.0,0.0,0.0,-0.0,-0.0,-0.0,0.0,0.0,0.0,0.0,-0.0,-0.0
1753295907.6159682,-0.0,0.0,0.0,-0.0,-0.0,-0.0,0.0,0.0,0.0,0.0,-0.0,-0.0
1753295907.62598,-0.0,0.0,0.0,-0.0,-0.0,-0.0,0.0,0.0,0.0,0.0,-0.0,-0.0
1753295907.6359742,-0.0,0.0,0.0,-0.0,-0.0,-0.0,0.0,0.0,0.0,0.0,-0.0,-0.0
1753295907.6459599,-0.0,0.0,0.0,-0.0,-0.0,-0.0,0.0,0.0,0.0,0.0,-0.0,-0.0
1753295907.655996,-0.0,0.0,0.0,-0.0,-0.0,-0.0,0.0,0.0,0.0,0.0,-0.0,-0.0
1753295907.6659827,-0.0,0.0,0.0,-0.0,-0.0,-0.0,0.0,0.0,0.0,0.0,-0.0,-0.0
1753295907.675975,-0.0,0.0,0.0,-0.0,-0.0,-0.0,0.0,0.0,0.0,0.0,-0.0,-0.0
1753295907.6859777,-0.0,0.0,0.0,-0.0,-0.0,-0.0,0.0,0.0,0.0,0.0,-0.0,-0.0
1753295907.6959763,-0.0,0.0,0.0,-0.0,-0.0,-0.0,0.0,0.0,0.0,0.0,-0.0,-0.0
1753295907.7059817,-0.0,0.0,0.0,-0.0,-0.0,-0.0,0.0,0.0,0.0,0.0,-0.0,-0.0
1753295907.7159986,-0.0,0.0,0.0,-0.0,-0.0,-0.0,0.0,0.0,0.0,0.0,-0.0,-0.0
1753295907.7259626,-0.0,0.0,0.0,-0.0,-0.0,-0.0,0.0,0.0,0.0,0.0,-0.0,-0.0
1753295907.7362847,-0.0,0.0,0.0,-0.0,-0.0,-0.0,0.0,0.0,0.0,0.0,-0.0,-0.0
1753295907.7459764,-0.0,0.0,0.0,-0.0,-0.0,-0.0,0.0,0.0,0.0,0.0,-0.0,-0.0
1753295907.7559593,-0.0,0.0,0.0,-0.0,-0.0,-0.0,0.0,0.0,0.0,0.0,-0.0,-0.0
1753295907.7659605,-0.0,0.0,0.0,-0.0,-0.0,-0.0,0.0,0.0,0.0,0.0,-0.0,-0.0
1753295907.7759688,-0.0,0.0,0.0,-0.0,-0.0,-0.0,0.0,0.0,0.0,0.0,-0.0,-0.0
1753295907.7859654,-0.0,0.0,0.0,-0.0,-0.0,-0.0,0.0,0.0,0.0,0.0,-0.0,-0.0
1753295907.796069,-0.0,0.0,0.0,-0.0,-0.0,-0.0,0.0,0.0,0.0,0.0,-0.0,-0.0
1753295907.8059857,-0.0,0.0,0.0,-0.0,-0.0,-0.0,0.0,0.0,0.0,0.0,-0.0,-0.0
1753295907.8160112,-0.0,0.0,0.0,-0.0,-0.0,-0.0,0.0,0.0,0.0,0.0,-0.0,-0.0
1753295907.8259928,-0.0,0.0,0.0,-0.0,-0.0,-0.0,0.0,0.0,0.0,0.0,-0.0,-0.0
1753295907.8360488,-0.0,0.0,0.0,-0.0,-0.0,-0.0,0.0,0.0,0.0,0.0,-0.0,-0.0
1753295907.846012,-0.0,0.0,0.0,-0.0,-0.0,-0.0,0.0,0.0,0.0,0.0,-0.0,-0.0
1753295907.8560307,-0.0,0.0,0.0,-0.0,-0.0,-0.0,0.0,0.0,0.0,0.0,-0.0,-0.0
1753295907.8659725,-0.0,0.0,0.0,-0.0,-0.0,-0.0,0.0,0.0,0.0,0.0,-0.0,-0.0
1753295907.875952,-0.0,0.0,0.0,-0.0,-0.0,-0.0,0.0,0.0,0.0,0.0,-0.0,-0.0
1753295907.8859682,-0.0,0.0,0.0,-0.0,-0.0,-0.0,0.0,0.0,0.0,0.0,-0.0,-0.0
1753295907.8959231,-0.0,0.0,0.0,-0.0,-0.0,-0.0,0.0,0.0,0.0,0.0,-0.0,-0.0
1753295907.9060118,-0.0,0.0,0.0,-0.0,-0.0,-0.0,0.0,0.0,0.0,0.0,-0.0,-0.0
1753295907.9159503,-0.0,0.0,0.0,-0.0,-0.0,-0.0,0.0,0.0,0.0,0.0,-0.0,-0.0
1753295907.926005,-0.0,0.0,0.0,-0.0,-0.0,-0.0,0.0,0.0,0.0,0.0,-0.0,-0.0
1753295907.9360578,-0.0,0.0,0.0,-0.0,-0.0,-0.0,0.0,0.0,0.0,0.0,-0.0,-0.0
1753295907.9460304,-0.0,0.0,0.0,-0.0,-0.0,-0.0,0.0,0.0,0.0,0.0,-0.0,-0.0
1753295907.9560003,-0.0,0.0,0.0,-0.0,-0.0,-0.0,0.0,0.0,0.0,0.0,-0.0,-0.0
1753295907.9659817,-0.0,0.0,0.0,-0.0,-0.0,-0.0,0.0,0.0,0.0,0.0,-0.0,-0.0
1753295907.9760273,-0.0,0.0,0.0,-0.0,-0.0,-0.0,0.0,0.0,0.0,0.0,-0.0,-0.0
1753295907.986012,-0.0,0.0,0.0,-0.0,-0.0,-0.0,0.0,0.0,0.0,0.0,-0.0,-0.0
1753295907.9960454,-0.0,0.0,0.0,-0.0,-0.0,-0.0,0.0,0.0,0.0,0.0,-0.0,-0.0
1753295908.0060568,-0.0,0.0,0.0,-0.0,-0.0,-0.0,0.0,0.0,0.0,0.0,-0.0,-0.0
1753295908.0160239,-0.0,0.0,0.0,-0.0,-0.0,-0.0,0.0,0.0,0.0,0.0,-0.0,-0.0
1753295908.0260587,-0.0,0.0,0.0,-0.0,-0.0,-0.0,0.0,0.0,0.0,0.0,-0.0,-0.0
1753295908.0360172,-0.0,0.0,0.0,-0.0,-0.0,-0.0,0.0,0.0,0.0,0.0,-0.0,-0.0
1753295908.0459976,-0.0,0.0,0.0,-0.0,-0.0,-0.0,0.0,0.0,0.0,0.0,-0.0,-0.0
1753295908.056273,-0.0,0.0,0.0,-0.0,-0.0,-0.0,0.0,0.0,0.0,0.0,-0.0,-0.0
1753295908.0660162,-0.0,0.0,0.0,-0.0,-0.0,-0.0,0.0,0.0,0.0,0.0,-0.0,-0.0
1753295908.0759885,-0.0,0.0,0.0,-0.0,-0.0,-0.0,0.0,0.0,0.0,0.0,-0.0,-0.0
1753295908.0859885,-0.0,0.0,0.0,-0.0,-0.0,-0.0,0.0,0.0,0.0,0.0,-0.0,-0.0
1753295908.0960233,-0.0,0.0,0.0,-0.0,-0.0,-0.0,0.0,0.0,0.0,0.0,-0.0,-0.0
1753295908.1059813,-0.0,0.0,0.0,-0.0,-0.0,-0.0,0.0,0.0,0.0,0.0,-0.0,-0.0
1753295908.1160672,-0.0,0.0,0.0,-0.0,-0.0,-0.0,0.0,0.0,0.0,0.0,-0.0,-0.0
1753295908.1260245,-0.0,0.0,0.0,-0.0,-0.0,-0.0,0.0,0.0,0.0,0.0,-0.0,-0.0
1753295908.1360328,-0.0,0.0,0.0,-0.0,-0.0,-0.0,0.0,0.0,0.0,0.0,-0.0,-0.0
1753295908.1460264,-0.0,0.0,0.0,-0.0,-0.0,-0.0,0.0,0.0,0.0,0.0,-0.0,-0.0
1753295908.1559725,-0.0,0.0,0.0,-0.0,-0.0,-0.0,0.0,0.0,0.0,0.0,-0.0,-0.0
1753295908.166045,-0.0,0.0,0.0,-0.0,-0.0,-0.0,0.0,0.0,0.0,0.0,-0.0,-0.0
1753295908.1759934,-0.0,0.0,0.0,-0.0,-0.0,-0.0,0.0,0.0,0.0,0.0,-0.0,-0.0
1753295908.1860645,-0.0,0.0,0.0,-0.0,-0.0,-0.0,0.0,0.0,0.0,0.0,-0.0,-0.0
1753295908.1959138,-0.0,0.0,0.0,-0.0,-0.0,-0.0,0.0,0.0,0.0,0.0,-0.0,-0.0
1753295908.206052,-0.0,0.0,0.0,-0.0,-0.0,-0.0,0.0,0.0,0.0,0.0,-0.0,-0.0
1753295908.2160244,-0.0,0.0,0.0,-0.0,-0.0,-0.0,0.0,0.0,0.0,0.0,-0.0,-0.0
1753295908.2260098,-0.0,0.0,0.0,-0.0,-0.0,-0.0,0.0,0.0,0.0,0.0,-0.0,-0.0
1753295908.2360353,-0.0,0.0,0.0,-0.0,-0.0,-0.0,0.0,0.0,0.0,0.0,-0.0,-0.0
1753295908.2460132,-0.0,0.0,0.0,-0.0,-0.0,-0.0,0.0,0.0,0.0,0.0,-0.0,-0.0
1753295908.2560043,-0.0,0.0,0.0,-0.0,-0.0,-0.0,0.0,0.0,0.0,0.0,-0.0,-0.0
1753295908.2660131,-0.0,0.0,0.0,-0.0,-0.0,-0.0,0.0,0.0,0.0,0.0,-0.0,-0.0
1753295908.2760007,-0.0,0.0,0.0,-0.0,-0.0,-0.0,0.0,0.0,0.0,0.0,-0.0,-0.0
1753295908.2860277,-0.0,0.0,0.0,-0.0,-0.0,-0.0,0.0,0.0,0.0,0.0,-0.0,-0.0
1753295908.296224,-0.0,0.0,0.0,-0.0,-0.0,-0.0,0.0,0.0,0.0,0.0,-0.0,-0.0
1753295908.305999,-0.0,0.0,0.0,-0.0,-0.0,-0.0,0.0,0.0,0.0,0.0,-0.0,-0.0
1753295908.3159854,-0.0,0.0,0.0,-0.0,-0.0,-0.0,0.0,0.0,0.0,0.0,-0.0,-0.0
1753295908.3260527,-0.0,0.0,0.0,-0.0,-0.0,-0.0,0.0,0.0,0.0,0.0,-0.0,-0.0
1753295908.3360584,-0.0,0.0,0.0,-0.0,-0.0,-0.0,0.0,0.0,0.0,0.0,-0.0,-0.0
1753295908.3460038,-0.0,0.0,0.0,-0.0,-0.0,-0.0,0.0,0.0,0.0,0.0,-0.0,-0.0
1753295908.3560271,-0.0,0.0,0.0,-0.0,-0.0,-0.0,0.0,0.0,0.0,0.0,-0.0,-0.0
1753295908.36603,-0.0,0.0,0.0,-0.0,-0.0,-0.0,0.0,0.0,0.0,0.0,-0.0,-0.0
1753295908.3759885,-0.0,0.0,0.0,-0.0,-0.0,-0.0,0.0,0.0,0.0,0.0,-0.0,-0.0
1753295908.3860276,-0.0,0.0,0.0,-0.0,-0.0,-0.0,0.0,0.0,0.0,0.0,-0.0,-0.0
1753295908.3960164,-0.0,0.0,0.0,-0.0,-0.0,-0.0,0.0,0.0,0.0,0.0,-0.0,-0.0
1753295908.4059958,-0.0,0.0,0.0,-0.0,-0.0,-0.0,0.0,0.0,0.0,0.0,-0.0,-0.0
1753295908.4160044,-0.0,0.0,0.0,-0.0,-0.0,-0.0,0.0,0.0,0.0,0.0,-0.0,-0.0
1753295908.4260323,-0.0,0.0,0.0,-0.0,-0.0,-0.0,0.0,0.0,0.0,0.0,-0.0,-0.0
1753295908.4360182,-0.0,0.0,0.0,-0.0,-0.0,-0.0,0.0,0.0,0.0,0.0,-0.0,-0.0
1753295908.4460175,-0.0,0.0,0.0,-0.0,-0.0,-0.0,0.0,0.0,0.0,0.0,-0.0,0.208333358168602
1753295908.4560335,-0.0,0.0,0.0,-0.0,-0.0,-0.0,0.0,0.0,0.0,0.0,-0.0,-0.0
1753295908.4660249,-0.0,0.0,0.0,-0.0,-0.0,-0.0,0.0,0.0,0.0,0.0,-0.0,-0.0
1753295908.4759884,-0.0,0.0,0.0,-0.0,-0.0,-0.0,0.0,0.0,0.0,0.0,-0.0,-0.0
1753295908.4860308,-0.0,0.0,0.0,-0.0,-0.0,-0.0,0.0,0.0,0.0,0.0,-0.0,-0.0
1753295908.496045,-0.0,0.0,0.0,-0.0,-0.0,-0.0,0.0,0.0,0.0,0.0,-0.0,-0.0
1753295908.5061526,-0.0,0.0,0.0,-0.0,-0.0,-0.0,0.0,0.0,0.0,0.0,-0.0,-0.0
1753295908.516033,-0.0,0.0,0.0,-0.0,-0.0,-0.0,0.0,0.0,0.0,0.0,-0.0,-0.0
1753295908.526057,-0.0,0.0,0.0,-0.0,-0.0,-0.0,0.0,0.0,0.0,0.0,-0.0,-0.0
1753295908.5360193,-0.0,0.0,0.0,-0.0,-0.0,-0.0,0.0,0.0,0.0,0.0,-0.0,-0.0
1753295908.5460215,-0.0,0.0,0.0,-0.0,-0.0,-0.0,0.0,0.0,0.0,0.0,-0.0,-0.0
1753295908.5560524,-0.0,0.0,0.0,-0.0,-0.0,-0.0,0.0,0.0,0.0,0.0,-0.0,-0.0
1753295908.5660076,-0.0,0.0,0.0,-0.0,-0.0,-0.0,0.0,0.0,0.0,0.0,-0.0,-0.0
1753295908.576022,-0.0,0.0,0.0,-0.0,-0.0,-0.0,0.0,0.0,0.0,0.0,-0.0,-0.0
1753295908.585977,-0.0,0.0,0.0,-0.0,-0.0,-0.0,0.0,0.0,0.0,0.0,-0.0,-0.0
1753295908.5959945,-0.0,0.0,0.0,-0.0,-0.0,-0.0,0.0,0.0,0.0,0.0,-0.0,-0.0
1753295908.6059763,-0.0,0.0,0.0,-0.0,-0.0,-0.0,0.0,0.0,0.0,0.0,-0.0,-0.0
1753295908.6159892,-0.0,0.0,0.0,-0.0,-0.0,-0.0,0.0,0.0,0.0,0.0,-0.0,-0.0
1753295908.6259792,-0.0,0.0,0.0,-0.0,-0.0,-0.0,0.0,0.0,0.0,0.0,-0.0,-0.0
1753295908.6359854,-0.0,0.0,0.0,-0.0,-0.0,-0.0,0.0,0.0,0.0,0.0,-0.0,-0.0
1753295908.6459975,-0.0,0.0,0.0,-0.0,-0.0,-0.0,0.0,0.0,0.0,0.0,-0.0,-0.0
1753295908.6560063,-0.0,0.0,0.0,-0.0,-0.0,-0.0,0.0,0.0,0.0,0.0,-0.0,-0.0
1753295908.6660304,-0.0,0.0,0.0,-0.0,-0.0,-0.0,0.0,0.0,0.0,0.0,-0.0,-0.0
1753295908.6760325,-0.0,0.0,0.0,-0.0,-0.0,-0.0,0.0,0.0,0.0,0.0,-0.0,-0.0
1753295908.6860468,-0.0,0.0,0.0,-0.0,-0.0,-0.0,0.0,0.0,0.0,0.0,-0.0,-0.0
1753295908.6960442,-0.0,0.0,0.0,-0.0,-0.0,-0.0,0.0,0.0,0.0,0.0,-0.0,-0.0
1753295908.7059913,-0.0,0.0,0.0,-0.0,-0.0,-0.0,0.0,0.0,0.0,0.0,-0.0,-0.0
1753295908.7160308,-0.0,0.0,0.0,-0.0,-0.0,-0.0,0.0,0.0,0.0,0.0,-0.0,-0.0
1753295908.7260296,-0.0,0.0,0.0,-0.0,-0.0,-0.0,0.0,0.0,0.0,0.0,-0.0,-0.0
1753295908.735994,-0.0,0.0,0.0,-0.0,-0.0,-0.0,0.0,0.0,0.0,0.0,-0.0,-0.0
1753295908.7460613,-0.0,0.0,0.0,-0.0,-0.0,-0.0,0.0,0.0,0.0,0.0,-0.0,-0.0
1753295908.7559962,-0.0,0.0,0.0,-0.0,-0.0,-0.0,0.0,0.0,0.0,0.0,-0.0,-0.0
1753295908.766038,-0.0,0.0,0.0,-0.0,-0.0,-0.0,0.0,0.0,0.0,0.0,-0.0,-0.0
1753295908.7760367,-0.0,0.0,0.0,-0.0,-0.0,-0.0,0.0,0.0,0.0,0.0,-0.0,-0.0
1753295908.7860122,-0.0,0.0,0.0,-0.0,-0.0,-0.0,0.0,0.0,0.0,0.0,-0.0,-0.0
1753295908.7960465,-0.0,0.0,0.0,-0.0,-0.0,-0.0,0.0,0.0,0.0,0.0,-0.0,-0.0
1753295908.8061192,-0.0,0.0,0.0,-0.0,-0.0,-0.0,0.0,0.0,0.0,0.0,-0.0,-0.0
1753295908.81599,-0.0,0.0,0.0,-0.0,-0.0,-0.0,0.0,0.0,0.0,0.0,-0.0,-0.0
1753295908.8260431,-0.0,0.0,0.0,-0.0,-0.0,-0.0,0.0,0.0,0.0,0.0,-0.0,-0.0
1753295908.836027,-0.0,0.0,0.0,-0.0,-0.0,-0.0,0.0,0.0,0.0,0.0,-0.0,-0.0
1753295908.8460305,-0.0,0.0,0.0,-0.0,-0.0,-0.0,0.0,0.0,0.0,0.0,-0.0,-0.0
1753295908.8559754,-0.0,0.0,0.0,-0.0,-0.0,-0.0,0.0,0.0,0.0,0.0,-0.0,-0.0
1753295908.8659885,-0.0,0.0,0.0,-0.0,-0.0,-0.0,0.0,0.0,0.0,0.0,-0.0,-0.0
1753295908.8760352,-0.0,0.0,0.0,-0.0,-0.0,-0.0,0.0,0.0,0.0,0.0,-0.0,-0.0
1753295908.8860614,-0.0,0.0,0.0,-0.0,-0.0,-0.0,0.0,0.0,0.0,0.0,-0.0,-0.0
1753295908.8960218,-0.0,0.0,0.0,-0.0,-0.0,-0.0,0.0,0.0,0.0,0.0,-0.0,-0.0
1753295908.9059823,-0.0,0.0,0.0,-0.0,-0.0,-0.0,0.0,0.0,0.0,0.0,-0.0,-0.0
1753295908.9160044,-0.0,0.0,0.0,-0.0,-0.0,-0.0,0.0,0.0,0.0,0.0,-0.0,-0.0
1753295908.9260418,-0.0,0.0,0.0,-0.0,-0.0,-0.0,0.0,0.0,0.0,0.0,-0.0,-0.0
1753295908.9360316,-0.0,0.0,0.0,-0.0,-0.0,-0.0,0.0,0.0,0.0,0.0,-0.0,-0.0
1753295908.9460516,-0.0,0.0,0.0,-0.0,-0.0,-0.0,0.0,0.0,0.0,0.0,-0.0,-0.0
1753295908.9560642,-0.0,0.0,0.0,-0.0,-0.0,-0.0,0.0,0.0,0.0,0.0,-0.0,-0.0
1753295908.9660451,-0.0,0.0,0.0,-0.0,-0.0,-0.0,0.0,0.0,0.0,0.0,-0.0,-0.0
1753295908.9759905,-0.0,0.0,0.0,-0.0,-0.0,-0.0,0.0,0.0,0.0,0.0,-0.0,-0.0
1753295908.9860382,-0.0,0.0,0.0,-0.0,-0.0,-0.0,0.0,0.0,0.0,0.0,-0.0,-0.0
1753295908.9960492,-0.0,0.0,0.0,-0.0,-0.0,-0.0,0.0,0.0,0.0,0.0,-0.0,-0.0
1753295909.0061605,-0.0,0.0,0.0,-0.0,-0.0,-0.0,0.0,0.0,0.0,0.0,-0.0,-0.0
1753295909.0159936,-0.0,0.0,0.0,-0.0,-0.0,-0.0,0.0,0.0,0.0,0.0,-0.0,-0.0
1753295909.0260592,-0.0,0.0,0.0,-0.0,-0.0,-0.0,0.0,0.0,0.0,0.0,-0.0,-0.0
1753295909.0360746,-0.0,0.0,0.0,-0.0,-0.0,-0.0,0.0,0.0,0.0,0.0,-0.0,-0.0
1753295909.0460882,-0.0,0.0,0.0,-0.0,-0.0,-0.0,0.0,0.0,0.0,0.0,-0.0,-0.0
1753295909.0560176,-0.0,0.0,0.0,-0.0,-0.0,-0.0,0.0,0.0,0.0,0.0,-0.0,-0.0
1753295909.066015,-0.0,0.0,0.0,-0.0,-0.0,-0.0,0.0,0.0,0.0,0.0,-0.0,-0.0
1753295909.076051,-0.0,0.0,0.0,-0.0,-0.0,-0.0,0.0,0.0,0.0,0.0,-0.0,-0.0
1753295909.0860431,-0.0,0.0,0.0,-0.0,-0.0,-0.0,0.0,0.0,0.0,0.0,-0.0,-0.0
1753295909.0959685,-0.0,0.0,0.0,-0.0,-0.0,-0.0,0.0,0.0,0.0,0.0,-0.0,-0.0
1753295909.1060283,-0.0,0.0,0.0,-0.0,-0.0,-0.0,0.0,0.0,0.0,0.0,-0.0,-0.0
1753295909.1160219,-0.0,0.0,0.0,-0.0,-0.0,-0.0,0.0,0.0,0.0,0.0,-0.0,-0.0
1753295909.1260273,-0.0,0.0,0.0,-0.0,-0.0,-0.0,0.0,0.0,0.0,0.0,-0.0,-0.0
1753295909.1360059,-0.0,0.0,0.0,-0.0,-0.0,-0.0,0.0,0.0,0.0,0.0,-0.0,-0.0
1753295909.1460252,-0.0,0.0,0.0,-0.0,-0.0,-0.0,0.0,0.0,0.0,0.0,-0.0,-0.0
1753295909.1560237,-0.0,0.0,0.0,-0.0,-0.0,-0.0,0.0,0.0,0.0,0.0,-0.0,-0.0
1753295909.166013,-0.0,0.0,0.0,-0.0,-0.0,-0.0,0.0,0.0,0.0,0.0,-0.0,-0.0
1753295909.1760118,-0.0,0.0,0.0,-0.0,-0.0,-0.0,0.0,0.0,0.0,0.0,-0.0,-0.0
1753295909.1861186,-0.0,0.0,0.0,-0.0,-0.0,-0.0,0.0,0.0,0.0,0.0,-0.0,-0.0
1753295909.1960387,-0.0,0.0,0.0,-0.0,-0.0,-0.0,0.0,0.0,0.0,0.0,-0.0,-0.0
1753295909.2060788,-0.0,0.0,0.0,-0.0,-0.0,-0.0,0.0,0.0,0.0,0.0,-0.0,-0.0
1753295909.216034,-0.0,0.0,0.0,-0.0,-0.0,-0.0,0.0,0.0,0.0,0.0,-0.0,-0.0
1753295909.22602,-0.0,0.0,0.0,-0.0,-0.0,-0.0,0.0,0.0,0.0,0.0,-0.0,-0.0
1753295909.2360413,-0.0,0.0,0.0,-0.0,-0.0,-0.0,0.0,0.0,0.0,0.0,-0.0,-0.0
1753295909.2460468,-0.0,0.0,0.0,-0.0,-0.0,-0.0,0.0,0.0,0.0,0.0,-0.0,-0.0
1753295909.2560077,-0.0,0.0,0.0,-0.0,-0.0,-0.0,0.0,0.0,0.0,0.0,-0.0,-0.0
1753295909.266009,-0.0,0.0,0.0,-0.0,-0.0,-0.0,0.0,0.0,0.0,0.0,-0.0,-0.0
1753295909.2760112,-0.0,0.0,0.0,-0.0,-0.0,-0.0,0.0,0.0,0.0,0.0,-0.0,-0.0
1753295909.2860143,-0.0,0.0,0.0,-0.0,-0.0,-0.0,0.0,0.0,0.0,0.0,-0.0,-0.0
1753295909.2960074,-0.0,0.0,0.0,-0.0,-0.0,-0.0,0.0,0.0,0.0,0.0,-0.0,-0.0
1753295909.3060012,-0.0,0.0,0.0,-0.0,-0.0,-0.0,0.0,0.0,0.0,0.0,-0.0,-0.0
1753295909.3160012,-0.0,0.0,0.0,-0.0,-0.0,-0.0,0.0,0.0,0.0,0.0,-0.0,-0.0
1753295909.3260045,-0.0,0.0,0.0,-0.0,-0.0,-0.0,0.0,0.0,0.0,0.0,-0.0,-0.0
1753295909.336043,-0.0,0.0,0.0,-0.0,-0.0,-0.0,0.0,0.0,0.0,0.0,-0.0,-0.0
1753295909.3460665,-0.0,0.0,0.0,-0.0,-0.0,-0.0,0.0,0.0,0.0,0.0,-0.0,-0.0
1753295909.356057,-0.0,0.0,0.0,-0.0,-0.0,-0.0,0.0,0.0,0.0,0.0,-0.0,-0.0
1753295909.3660367,-0.0,0.0,0.0,-0.0,-0.0,-0.0,0.0,0.0,0.0,0.0,-0.0,-0.0
1753295909.3760438,-0.0,0.0,0.0,-0.0,-0.0,-0.0,0.0,0.0,0.0,0.0,-0.0,-0.0
1753295909.3860304,-0.0,0.0,0.0,-0.0,-0.0,-0.0,0.0,0.0,0.0,0.0,-0.0,-0.0
1753295909.3960357,-0.0,0.0,0.0,-0.0,-0.0,-0.0,0.0,0.0,0.0,0.0,-0.0,-0.0
1753295909.40604,-0.0,0.0,0.0,-0.0,-0.0,-0.0,0.0,0.0,0.0,0.0,-0.0,-0.0
1753295909.4160497,-0.0,0.0,0.0,-0.0,-0.0,-0.0,0.0,0.0,0.0,0.0,-0.0,-0.0
1753295909.426037,-0.0,0.0,0.0,-0.0,-0.0,-0.0,0.0,0.0,0.0,0.0,-0.0,-0.0
1753295909.436025,-0.0,0.0,0.0,-0.0,-0.0,-0.0,0.0,0.0,0.0,0.0,-0.0,-0.0
1753295909.4460137,-0.0,0.0,0.0,-0.0,-0.0,-0.0,0.0,0.0,0.0,0.0,-0.0,-0.0
1753295909.456036,-0.0,0.0,0.0,-0.0,-0.0,-0.0,0.0,0.0,0.0,0.0,-0.0,-0.0
1753295909.4661973,-0.0,0.0,0.0,-0.0,-0.0,-0.0,0.0,0.0,0.0,0.0,-0.0,-0.0
1753295909.476059,-0.0,0.0,0.0,-0.0,-0.0,-0.0,0.0,0.0,0.0,0.0,-0.0,-0.0
1753295909.4860525,-0.0,0.0,0.0,-0.0,-0.0,-0.0,0.0,0.0,0.0,0.0,-0.0,-0.0
1753295909.496048,-0.0,0.0,0.0,-0.0,-0.0,-0.0,0.0,0.0,0.0,0.0,-0.0,-0.0
1753295909.5060375,-0.0,0.0,0.0,-0.0,-0.0,-0.0,0.0,0.0,0.0,0.0,-0.0,-0.0
1753295909.5160372,-0.0,0.0,0.0,-0.0,-0.0,-0.0,0.0,0.0,0.0,0.0,-0.0,-0.0
1753295909.52603,-0.0,0.0,0.0,-0.0,-0.0,-0.0,0.0,0.0,0.0,0.0,-0.0,-0.0
1753295909.536042,-0.0,0.0,0.0,-0.0,-0.0,-0.0,0.0,0.0,0.0,0.0,-0.0,-0.0
1753295909.5460618,-0.0,0.0,0.0,-0.0,-0.0,-0.0,0.0,0.0,0.0,0.0,-0.0,-0.0
1753295909.5560482,-0.0,0.0,0.0,-0.0,-0.0,-0.0,0.0,0.0,0.0,0.0,-0.0,-0.0
1753295909.5660517,-0.0,0.0,0.0,-0.0,-0.0,-0.0,0.0,0.0,0.0,0.0,-0.0,-0.0
1753295909.5760489,-0.0,0.0,0.0,-0.0,-0.0,-0.0,0.0,0.0,0.0,0.0,-0.0,-0.0
1753295909.5860689,-0.0,0.0,0.0,-0.0,-0.0,-0.0,0.0,0.0,0.0,0.0,-0.0,-0.0
1753295909.5960376,-0.0,0.0,0.0,-0.0,-0.0,-0.0,0.0,0.0,0.0,0.0,-0.0,-0.0
1753295909.606036,-0.0,0.0,0.0,-0.0,-0.0,-0.0,0.0,0.0,0.0,0.0,-0.0,-0.0
1753295909.6160605,-0.0,0.0,0.0,-0.0,-0.0,-0.0,0.0,0.0,0.0,0.0,-0.0,-0.0
1753295909.626073,-0.0,0.0,0.0,-0.0,-0.0,-0.0,0.0,0.0,0.0,0.0,-0.0,-0.0
1753295909.6359365,-0.0,0.0,0.0,-0.0,-0.0,-0.0,0.0,0.0,0.0,0.0,-0.0,-0.0
1753295909.6460612,-0.0,0.0,0.0,-0.0,-0.0,-0.0,0.0,0.0,0.0,0.0,-0.0,-0.0
1753295909.6560256,-0.0,0.0,0.0,-0.0,-0.0,-0.0,0.0,0.0,0.0,0.0,-0.0,-0.0
1753295909.6660209,-0.0,0.0,0.0,-0.0,-0.0,-0.0,0.0,0.0,0.0,0.0,-0.0,-0.0
1753295909.6760175,-0.0,0.0,0.0,-0.0,-0.0,-0.0,0.0,0.0,0.0,0.0,-0.0,-0.0
1753295909.6860266,-0.0,0.0,0.0,-0.0,-0.0,-0.0,0.0,0.0,0.0,0.0,-0.0,-0.0
1753295909.6960187,-0.0,0.0,0.0,-0.0,-0.0,-0.0,0.0,0.0,0.0,0.0,-0.0,-0.0
1753295909.7060223,-0.0,0.0,0.0,-0.0,-0.0,-0.0,0.0,0.0,0.0,0.0,-0.0,-0.0
1753295909.7160132,-0.0,0.0,0.0,-0.0,-0.0,-0.0,0.0,0.0,0.0,0.0,-0.0,-0.0
1753295909.7260082,-0.0,0.0,0.0,-0.0,-0.0,-0.0,0.0,0.0,0.0,0.0,-0.0,-0.0
1753295909.7360137,-0.0,0.0,0.0,-0.0,-0.0,-0.0,0.0,0.0,0.0,0.0,-0.0,-0.0
1753295909.7460322,-0.0,0.0,0.0,-0.0,-0.0,-0.0,0.0,0.0,0.0,0.0,-0.0,-0.0
1753295909.7560272,-0.0,0.0,0.0,-0.0,-0.0,-0.0,0.0,0.0,0.0,0.0,-0.0,-0.0
1753295909.7660127,-0.0,0.0,0.0,-0.0,-0.0,-0.0,0.0,0.0,0.0,0.0,-0.0,-0.0
1753295909.776025,-0.0,0.0,0.0,-0.0,-0.0,-0.0,0.0,0.0,0.0,0.0,-0.0,-0.0
1753295909.786021,-0.0,0.0,0.0,-0.0,-0.0,-0.0,0.0,0.0,0.0,0.0,-0.0,-0.0
1753295909.796012,-0.0,0.0,0.0,-0.0,-0.0,-0.0,0.0,0.0,0.0,0.0,-0.0,-0.0
1753295909.8060167,-0.0,0.0,0.0,-0.0,-0.0,-0.0,0.0,0.0,0.0,0.0,-0.0,-0.0
1753295909.8160985,-0.0,0.0,0.0,-0.0,-0.0,-0.0,0.0,0.0,0.0,0.0,-0.0,-0.0
1753295909.826009,-0.0,0.0,0.0,-0.0,-0.0,-0.0,0.0,0.0,0.0,0.0,-0.0,-0.0
1753295909.8360121,-0.0,0.0,0.0,-0.0,-0.0,-0.0,0.0,0.0,0.0,0.0,-0.0,-0.0
1753295909.8460205,-0.0,0.0,0.0,-0.0,-0.0,-0.0,0.0,0.0,0.0,0.0,-0.0,-0.0
1753295909.8560092,-0.0,0.0,0.0,-0.0,-0.0,-0.0,0.0,0.0,0.0,0.0,-0.0,-0.0
1753295909.86603,-0.0,0.0,0.0,-0.0,-0.0,-0.0,0.0,0.0,0.0,0.0,-0.0,-0.0
1753295909.8760211,-0.0,0.0,0.0,-0.0,-0.0,-0.0,0.0,0.0,0.0,0.0,-0.0,-0.0
1753295909.8860226,-0.0,0.0,0.0,-0.0,-0.0,-0.0,0.0,0.0,0.0,0.0,-0.0,-0.0
1753295909.8960583,-0.0,0.0,0.0,-0.0,-0.0,-0.0,0.0,0.0,0.0,0.0,-0.0,-0.0
1753295909.9060328,-0.0,0.0,0.0,-0.0,-0.0,-0.0,0.0,0.0,0.0,0.0,-0.0,-0.0
1753295909.9160247,-0.0,0.0,0.0,-0.0,-0.0,-0.0,0.0,0.0,0.0,0.0,-0.0,-0.0
1753295909.9260283,-0.0,0.0,0.0,-0.0,-0.0,-0.0,0.0,0.0,0.0,0.0,-0.0,-0.0
1753295909.9360647,-0.0,0.0,0.0,-0.0,-0.0,-0.0,0.0,0.0,0.0,0.0,-0.0,-0.0
1753295909.9460578,-0.0,0.0,0.0,-0.0,-0.0,-0.0,0.0,0.0,0.0,0.0,-0.0,-0.0
1753295909.9560478,-0.0,0.0,0.0,-0.0,-0.0,-0.0,0.0,0.0,0.0,0.0,-0.0,-0.0
1753295909.9660618,-0.0,0.0,0.0,-0.0,-0.0,-0.0,0.0,0.0,0.0,0.0,-0.0,-0.0
1753295909.9760652,-0.0,0.0,0.0,-0.0,-0.0,-0.0,0.0,0.0,0.0,0.0,-0.0,-0.0
1753295909.9860125,-0.0,0.0,0.0,-0.0,-0.0,-0.0,0.0,0.0,0.0,0.0,-0.0,-0.0
1753295909.9960613,-0.0,0.0,0.0,-0.0,-0.0,-0.0,0.0,0.0,0.0,0.0,-0.0,-0.0
1753295910.0060246,-0.0,0.0,0.0,-0.0,-0.0,-0.0,0.0,0.0,0.0,0.0,-0.0,-0.0
1753295910.016016,-0.0,0.0,0.0,-0.0,-0.0,-0.0,0.0,0.0,0.0,0.0,-0.0,-0.0
1753295910.0260172,-0.0,0.0,0.0,-0.0,-0.0,-0.0,0.0,0.0,0.0,0.0,-0.0,-0.0
1753295910.0360858,-0.0,0.0,0.0,-0.0,-0.0,-0.0,0.0,0.0,0.0,0.0,-0.0,-0.0
1753295910.0460796,-0.0,0.0,0.0,-0.0,-0.0,-0.0,0.0,0.0,0.0,0.0,-0.0,-0.0
1753295910.0560002,-0.0,0.0,0.0,-0.0,-0.0,-0.0,0.0,0.0,0.0,0.0,-0.0,-0.0
1753295910.0662634,-0.0,0.0,0.0,-0.0,-0.0,-0.0,0.0,0.0,0.0,0.0,-0.0,-0.0
1753295910.0760334,-0.0,0.0,0.0,-0.0,-0.0,-0.0,0.0,0.0,0.0,0.0,-0.0,-0.0
1753295910.085993,-0.0,0.0,0.0,-0.0,-0.0,-0.0,0.0,0.0,0.0,0.0,-0.0,-0.0
1753295910.0960019,-0.0,0.0,0.0,-0.0,-0.0,-0.0,0.0,0.0,0.0,0.0,-0.0,-0.0
1753295910.106082,-0.0,0.0,0.0,-0.0,-0.0,-0.0,0.0,0.0,0.0,0.0,-0.0,-0.0
1753295910.1160963,-0.0,0.0,0.0,-0.0,-0.0,-0.0,0.0,0.0,0.0,0.0,-0.0,-0.0
1753295910.1260774,-0.0,0.0,0.0,-0.0,-0.0,-0.0,0.0,0.0,0.0,0.0,-0.0,-0.0
1753295910.1360445,-0.0,0.0,0.0,-0.0,-0.0,-0.0,0.0,0.0,0.0,0.0,-0.0,-0.0
1753295910.146045,-0.0,0.0,0.0,-0.0,-0.0,-0.0,0.0,0.0,0.0,0.0,-0.0,-0.0
1753295910.1559722,-0.0,0.0,0.0,-0.0,-0.0,-0.0,0.0,0.0,0.0,0.0,-0.0,-0.0
1753295910.1660542,-0.0,0.0,0.0,-0.0,-0.0,-0.0,0.0,0.0,0.0,0.0,-0.0,-0.0
1753295910.1760194,-0.0,0.0,0.0,-0.0,-0.0,-0.0,0.0,0.0,0.0,0.0,-0.0,-0.0
1753295910.1860175,-0.0,0.0,0.0,-0.0,-0.0,-0.0,0.0,0.0,0.0,0.0,-0.0,-0.0
1753295910.1960087,-0.0,0.0,0.0,-0.0,-0.0,-0.0,0.0,0.0,0.0,0.0,-0.0,-0.0
1753295910.205991,-0.0,0.0,0.0,-0.0,-0.0,-0.0,0.0,0.0,0.0,0.0,-0.0,-0.0
1753295910.2160356,-0.0,0.0,0.0,-0.0,-0.0,-0.0,0.0,0.0,0.0,0.0,-0.0,-0.0
1753295910.2260525,-0.0,0.0,0.0,-0.0,-0.0,-0.0,0.0,0.0,0.0,0.0,-0.0,-0.0
1753295910.236056,-0.0,0.0,0.0,-0.0,-0.0,-0.0,0.0,0.0,0.0,0.0,-0.0,-0.0
1753295910.2460494,-0.0,0.0,0.0,-0.0,-0.0,-0.0,0.0,0.0,0.0,0.0,-0.0,-0.0
1753295910.2561154,-0.0,0.0,0.0,-0.0,-0.0,-0.0,0.0,0.0,0.0,0.0,-0.0,-0.0
1753295910.2660482,-0.0,0.0,0.0,-0.0,-0.0,-0.0,0.0,0.0,0.0,0.0,-0.0,-0.0
1753295910.276025,-0.0,0.0,0.0,-0.0,-0.0,-0.0,0.0,0.0,0.0,0.0,-0.0,-0.0
1753295910.2860448,-0.0,0.0,0.0,-0.0,-0.0,-0.0,0.0,0.0,0.0,0.0,-0.0,-0.0
1753295910.2960172,-0.0,0.0,0.0,-0.0,-0.0,-0.0,0.0,0.0,0.0,0.0,-0.0,-0.0
1753295910.3060384,-0.0,0.0,0.0,-0.0,-0.0,-0.0,0.0,0.0,0.0,0.0,-0.0,-0.0
1753295910.3160467,-0.0,0.0,0.0,-0.0,-0.0,-0.0,0.0,0.0,0.0,0.0,-0.0,-0.0
1753295910.3260403,-0.0,0.0,0.0,-0.0,-0.0,-0.0,0.0,0.0,0.0,0.0,-0.0,-0.0
1753295910.3360271,-0.0,0.0,0.0,-0.0,-0.0,-0.0,0.0,0.0,0.0,0.0,-0.0,-0.0
1753295910.3460052,-0.0,0.0,0.0,-0.0,-0.0,-0.0,0.0,0.0,0.0,0.0,-0.0,-0.0
1753295910.35601,-0.0,0.0,0.0,-0.0,-0.0,-0.0,0.0,0.0,0.0,0.0,-0.0,-0.0
1753295910.366038,-0.0,0.0,0.0,-0.0,-0.0,-0.0,0.0,0.0,0.0,0.0,-0.0,-0.0
1753295910.3760343,-0.0,0.0,0.0,-0.0,-0.0,-0.0,0.0,0.0,0.0,0.0,-0.0,-0.0
1753295910.3859813,-0.0,0.0,0.0,-0.0,-0.0,-0.0,0.0,0.0,0.0,0.0,-0.0,-0.0
1753295910.396046,-0.0,0.0,0.0,-0.0,-0.0,-0.0,0.0,0.0,0.0,0.0,-0.0,-0.0
1753295910.4060814,-0.0,0.0,0.0,-0.0,-0.0,-0.0,0.0,0.0,0.0,0.0,-0.0,-0.0
1753295910.416038,-0.0,0.0,0.0,-0.0,-0.0,-0.0,0.0,0.0,0.0,0.0,-0.0,-0.0
1753295910.4261103,-0.0,0.0,0.0,-0.0,-0.0,-0.0,0.0,0.0,0.0,0.0,-0.0,-0.0
1753295910.4360657,-0.0,0.0,0.0,-0.0,-0.0,-0.0,0.0,0.0,0.0,0.0,-0.0,-0.0
1753295910.446105,-0.0,0.0,0.0,-0.0,-0.0,-0.0,0.0,0.0,0.0,0.0,-0.0,-0.0
1753295910.4560704,-0.0,0.0,0.0,-0.0,-0.0,-0.0,0.0,0.0,0.0,0.0,-0.0,-0.0
1753295910.4660532,-0.0,0.0,0.0,-0.0,-0.0,-0.0,0.0,0.0,0.0,0.0,-0.0,-0.0
1753295910.4760284,-0.0,0.0,0.0,-0.0,-0.0,-0.0,0.0,0.0,0.0,0.0,-0.0,-0.0
1753295910.4860346,-0.0,0.0,0.0,-0.0,-0.0,-0.0,0.0,0.0,0.0,0.0,-0.0,-0.0
1753295910.4960551,-0.0,0.0,0.0,-0.0,-0.0,-0.0,0.0,0.0,0.0,0.0,-0.0,-0.0
1753295910.5060728,-0.0,0.0,0.0,-0.0,-0.0,-0.0,0.0,0.0,0.0,0.0,-0.0,-0.0
1753295910.5160356,-0.0,0.0,0.0,-0.0,-0.0,-0.0,0.0,0.0,0.0,0.0,-0.0,-0.0
1753295910.5260322,-0.0,0.0,0.0,-0.0,-0.0,-0.0,0.0,0.0,0.0,0.0,-0.0,-0.0
1753295910.5360227,-0.0,0.0,0.0,-0.0,-0.0,-0.0,0.0,0.0,0.0,0.0,-0.0,-0.0
1753295910.5460787,-0.0,0.0,0.0,-0.0,-0.0,-0.0,0.0,0.0,0.0,0.0,-0.0,-0.0
1753295910.5560448,-0.0,0.0,0.0,-0.0,-0.0,-0.0,0.0,0.0,0.0,0.0,-0.0,-0.0
1753295910.5660648,-0.0,0.0,0.0,-0.0,-0.0,-0.0,0.0,0.0,0.0,0.0,-0.0,-0.0
1753295910.576085,-0.0,0.0,0.0,-0.0,-0.0,-0.0,0.0,0.0,0.0,0.0,-0.0,-0.0
1753295910.5860407,-0.0,0.0,0.0,-0.0,-0.0,-0.0,0.0,0.0,0.0,0.0,-0.0,-0.0
1753295910.596114,-0.0,0.0,0.0,-0.0,-0.0,-0.0,0.0,0.0,0.0,0.0,-0.0,-0.0
1753295910.6060634,-0.0,0.0,0.0,-0.0,-0.0,-0.0,0.0,0.0,0.0,0.0,-0.0,-0.0
1753295910.6161256,-0.0,0.0,0.0,-0.0,-0.0,-0.0,0.0,0.0,0.0,0.0,-0.0,-0.0
1753295910.6261044,-0.0,0.0,0.0,-0.0,-0.0,-0.0,0.0,0.0,0.0,0.0,-0.0,-0.0
1753295910.6360607,-0.0,0.0,0.0,-0.0,-0.0,-0.0,0.0,0.0,0.0,0.0,-0.0,-0.0
1753295910.6460626,-0.0,0.0,0.0,-0.0,-0.0,-0.0,0.0,0.0,0.0,0.0,-0.0,-0.0
1753295910.656122,-0.0,0.0,0.0,-0.0,-0.0,-0.0,0.0,0.0,0.0,0.0,-0.0,-0.0
1753295910.6661026,-0.0,0.0,0.0,-0.0,-0.0,-0.0,0.0,0.0,0.0,0.0,-0.0,-0.0
1753295910.6761053,-0.0,0.0,0.0,-0.0,-0.0,-0.0,0.0,0.0,0.0,0.0,-0.0,-0.0
1753295910.6860864,-0.0,0.0,0.0,-0.0,-0.0,-0.0,0.0,0.0,0.0,0.0,-0.0,-0.0
1753295910.6961107,-0.0,0.0,0.0,-0.0,-0.0,-0.0,0.0,0.0,0.0,0.0,-0.0,-0.0
1753295910.706088,-0.0,0.0,0.0,-0.0,-0.0,-0.0,0.0,0.0,0.0,0.0,-0.0,-0.0
1753295910.716109,-0.0,0.0,0.0,-0.0,-0.0,-0.0,0.0,0.0,0.0,0.0,-0.0,-0.0
1753295910.726087,-0.0,0.0,0.0,-0.0,-0.0,-0.0,0.0,0.0,0.0,0.0,-0.0,-0.0
1753295910.7360625,-0.0,0.0,0.0,-0.0,-0.0,-0.0,0.0,0.0,0.0,0.0,-0.0,-0.0
1753295910.7460823,-0.0,0.0,0.0,-0.0,-0.0,-0.0,0.0,0.0,0.0,0.0,-0.0,-0.0
1753295910.756069,-0.0,0.0,0.0,-0.0,-0.0,-0.0,0.0,0.0,0.0,0.0,-0.0,-0.0
1753295910.7660463,-0.0,0.0,0.0,-0.0,-0.0,-0.0,0.0,0.0,0.0,0.0,-0.0,-0.0
1753295910.7760775,-0.0,0.0,0.0,-0.0,-0.0,-0.0,0.0,0.0,0.0,0.0,-0.0,-0.0
1753295910.786061,-0.0,0.0,0.0,-0.0,-0.0,-0.0,0.0,0.0,0.0,0.0,-0.0,-0.0
1753295910.7960591,-0.0,0.0,0.0,-0.0,-0.0,-0.0,0.0,0.0,0.0,0.0,-0.0,-0.0
1753295910.8060784,-0.0,0.0,0.0,-0.0,-0.0,-0.0,0.0,0.0,0.0,0.0,-0.0,-0.0
1753295910.8160357,-0.0,0.0,0.0,-0.0,-0.0,-0.0,0.0,0.0,0.0,0.0,-0.0,-0.0
1753295910.8260505,-0.0,0.0,0.0,-0.0,-0.0,-0.0,0.0,0.0,0.0,0.0,-0.0,-0.0
1753295910.8360732,-0.0,0.0,0.0,-0.0,-0.0,-0.0,0.0,0.0,0.0,0.0,-0.0,-0.0
1753295910.8460693,-0.0,0.0,0.0,-0.0,-0.0,-0.0,0.0,0.0,0.0,0.0,-0.0,-0.0
1753295910.8560534,-0.0,0.0,0.0,-0.0,-0.0,-0.0,0.0,0.0,0.0,0.0,-0.0,-0.0
1753295910.8660622,-0.0,0.0,0.0,-0.0,-0.0,-0.0,0.0,0.0,0.0,0.0,-0.0,-0.0
1753295910.876246,-0.0,0.0,0.0,-0.0,-0.0,-0.0,0.0,0.0,0.0,0.0,-0.0,-0.0
1753295910.886048,-0.0,0.0,0.0,-0.0,-0.0,-0.0,0.0,0.0,0.0,0.0,-0.0,-0.0
1753295910.8960686,-0.0,0.0,0.0,-0.0,-0.0,-0.0,0.0,0.0,0.0,0.0,-0.0,-0.0
1753295910.906048,-0.0,0.0,0.0,-0.0,-0.0,-0.0,0.0,0.0,0.0,0.0,-0.0,-0.0
1753295910.9160514,-0.0,0.0,0.0,-0.0,-0.0,-0.0,0.0,0.0,0.0,0.0,-0.0,-0.0
1753295910.9260457,-0.0,0.0,0.0,-0.0,-0.0,-0.0,0.0,0.0,0.0,0.0,-0.0,-0.0
1753295910.935961,-0.0,0.0,0.0,-0.0,-0.0,-0.0,0.0,0.0,0.0,0.0,-0.0,-0.0
1753295910.9460719,-0.0,0.0,0.0,-0.0,-0.0,-0.0,0.0,0.0,0.0,0.0,-0.0,-0.0
1753295910.9560664,-0.0,0.0,0.0,-0.0,-0.0,-0.0,0.0,0.0,0.0,0.0,-0.0,-0.0
1753295910.966088,-0.0,0.0,0.0,-0.0,-0.0,-0.0,0.0,0.0,0.0,0.0,-0.0,-0.0
1753295910.9760678,-0.0,0.0,0.0,-0.0,-0.0,-0.0,0.0,0.0,0.0,0.0,-0.0,-0.0
1753295910.9860268,-0.0,0.0,0.0,-0.0,-0.0,-0.0,0.0,0.0,0.0,0.0,-0.0,-0.0
1753295910.9960654,-0.0,0.0,0.0,-0.0,-0.0,-0.0,0.0,0.0,0.0,0.0,-0.0,-0.0
1753295911.0060866,-0.0,0.0,0.0,-0.0,-0.0,-0.0,0.0,0.0,0.0,0.0,-0.0,-0.0
1753295911.016091,-0.0,0.0,0.0,-0.0,-0.0,-0.0,0.0,0.0,0.0,0.0,-0.0,-0.0
1753295911.026031,-0.0,0.0,0.0,-0.0,-0.0,-0.0,0.0,0.0,0.0,0.0,-0.0,-0.0
1753295911.0360367,-0.0,0.0,0.0,-0.0,-0.0,-0.0,0.0,0.0,0.0,0.0,-0.0,-0.0
1753295911.0461671,-0.0,0.0,0.0,-0.0,-0.0,-0.0,0.0,0.0,0.0,0.0,-0.0,-0.0
1753295911.0560994,-0.0,0.0,0.0,-0.0,-0.0,-0.0,0.0,0.0,0.0,0.0,-0.0,-0.0
1753295911.066083,-0.0,0.0,0.0,-0.0,-0.0,-0.0,0.0,0.0,0.0,0.0,-0.0,-0.0
1753295911.0760748,-0.0,0.0,0.0,-0.0,-0.0,-0.0,0.0,0.0,0.0,0.0,-0.0,-0.0
1753295911.08606,-0.0,0.0,0.0,-0.0,-0.0,-0.0,0.0,0.0,0.0,0.0,-0.0,-0.0
1753295911.0960855,-0.0,0.0,0.0,-0.0,-0.0,-0.0,0.0,0.0,0.0,0.0,-0.0,-0.0
1753295911.106084,-0.0,0.0,0.0,-0.0,-0.0,-0.0,0.0,0.0,0.0,0.0,-0.0,-0.0
1753295911.116081,-0.0,0.0,0.0,-0.0,-0.0,-0.0,0.0,0.0,0.0,0.0,-0.0,-0.0
1753295911.1260793,-0.0,0.0,0.0,-0.0,-0.0,-0.0,0.0,0.0,0.0,0.0,-0.0,-0.0
1753295911.136086,-0.0,0.0,0.0,-0.0,-0.0,-0.0,0.0,0.0,0.0,0.0,-0.0,-0.0
1753295911.146077,-0.0,0.0,0.0,-0.0,-0.0,-0.0,0.0,0.0,0.0,0.0,-0.0,-0.0
1753295911.1560774,-0.0,0.0,0.0,-0.0,-0.0,-0.0,0.0,0.0,0.0,0.0,-0.0,-0.0
1753295911.1660855,-0.0,0.0,0.0,-0.0,-0.0,-0.0,0.0,0.0,0.0,0.0,-0.0,-0.0
1753295911.176132,-0.0,0.0,0.0,-0.0,-0.0,-0.0,0.0,0.0,0.0,0.0,-0.0,-0.0
1753295911.1860597,-0.0,0.0,0.0,-0.0,-0.0,-0.0,0.0,0.0,0.0,0.0,-0.0,-0.0
1753295911.1960928,-0.0,0.0,0.0,-0.0,-0.0,-0.0,0.0,0.0,0.0,0.0,-0.0,-0.0
1753295911.2061057,-0.0,0.0,0.0,-0.0,-0.0,-0.0,0.0,0.0,0.0,0.0,-0.0,-0.0
1753295911.2160788,-0.0,0.0,0.0,-0.0,-0.0,-0.0,0.0,0.0,0.0,0.0,-0.0,-0.0
1753295911.22607,-0.0,0.0,0.0,-0.0,-0.0,-0.0,0.0,0.0,0.0,0.0,-0.0,-0.0
1753295911.2360797,-0.0,0.0,0.0,-0.0,-0.0,-0.0,0.0,0.0,0.0,0.0,-0.0,-0.0
1753295911.2461116,-0.0,0.0,0.0,-0.0,-0.0,-0.0,0.0,0.0,0.0,0.0,-0.0,-0.0
1753295911.256088,-0.0,0.0,0.0,-0.0,-0.0,-0.0,0.0,0.0,0.0,0.0,-0.0,-0.0
1753295911.2660959,-0.0,0.0,0.0,-0.0,-0.0,-0.0,0.0,0.0,0.0,0.0,-0.0,-0.0
1753295911.276094,-0.0,0.0,0.0,-0.0,-0.0,-0.0,0.0,0.0,0.0,0.0,-0.0,-0.0
1753295911.2860656,-0.0,0.0,0.0,-0.0,-0.0,-0.0,0.0,0.0,0.0,0.0,-0.0,-0.0
