timestamp,obs_0,obs_1,obs_2,obs_3,obs_4,obs_5,obs_6,obs_7,obs_8,obs_9,obs_10,obs_11,obs_12,obs_13,obs_14,obs_15,obs_16,obs_17,obs_18,obs_19,obs_20,obs_21,obs_22,obs_23,obs_24,obs_25,obs_26,obs_27,obs_28,obs_29,obs_30,obs_31,obs_32,obs_33,obs_34,obs_35,obs_36,obs_37,obs_38,obs_39,obs_40,obs_41,obs_42,obs_43,obs_44,obs_45,obs_46,obs_47,action_0,action_1,action_2,action_3,action_4,action_5,action_6,action_7,action_8,action_9,action_10,action_11
1789149922.071214,-0.000086,0.000030,0.000059,0.002321,0.003164,-0.000537,0.000025,0.000260,-1.000000,0.000000,0.000000,0.000000,-0.024086,0.024345,-0.022425,0.024568,-0.180752,-0.181715,-0.181450,-0.181145,0.054783,0.054474,0.054698,0.054300,0.000000,0.000000,-0.000000,-0.000000,0.000000,-0.000000,0.000000,-0.000000,0.000000,-0.000000,0.000000,-0.000000,0.000000,0.000000,0.000000,0.000000,0.000000,0.000000,0.000000,0.000000,0.000000,0.000000,0.000000,0.000000,0.000000,0.000000,0.000000,0.000000,0.000000,0.000000,0.000000,0.000000,0.000000,0.000000,0.000000,0.000000
1789149922.089134,-0.000065,-0.000045,0.000070,-0.000608,0.003430,-0.000137,0.000070,0.000503,-1.000000,0.000000,0.000000,0.000000,-0.024086,0.024345,-0.022425,0.024568,-0.180752,-0.181715,-0.181450,-0.181145,0.054783,0.054474,0.054698,0.054300,0.000000,0.000000,-0.000000,-0.000000,0.000000,-0.000000,0.000000,-0.000000,0.000000,-0.000000,0.000000,-0.000000,0.000000,0.000000,0.000000,0.000000,0.000000,0.000000,0.000000,0.000000,0.000000,0.000000,0.000000,0.000000,0.000000,0.000000,0.000000,0.000000,0.000000,0.000000,0.000000,0.000000,0.000000,0.000000,0.000000,0.000000
1789149922.108917,-0.000047,-0.000057,0.000238,-0.009263,-0.002296,0.005722,-0.000959,0.000742,-0.999999,0.000000,0.000000,0.000000,-0.020579,0.022367,-0.022332,0.021792,-0.156410,-0.181142,-0.159982,-0.150113,0.049195,0.054385,0.038205,0.039419,0.589049,-0.458149,0.021817,-0.414516,3.970625,0.239983,3.163409,3.272493,-1.069014,-0.043633,-2.028945,-1.396264,0.000000,0.000000,0.000000,0.000000,0.000000,0.000000,0.000000,0.000000,0.000000,0.000000,0.000000,0.000000,0.000000,0.000000,0.000000,0.000000,0.000000,0.000000,0.000000,0.000000,0.000000,0.000000,0.000000,0.000000
1789149922.128703,0.000985,0.000947,0.007634,-0.060529,0.390520,0.080956,-0.009652,0.000135,-0.999953,0.000000,0.000000,0.000000,-0.014876,0.015959,-0.026911,0.021797,-0.117765,-0.105215,-0.132371,-0.136601,0.024979,0.029544,0.024000,0.029999,0.109083,-0.218166,-0.261799,0.043633,1.483530,3.250676,0.349066,-0.196350,-1.047198,-0.654499,-0.218166,-0.065450,0.000000,0.000000,0.000000,0.000000,0.000000,0.000000,0.000000,0.000000,0.000000,0.000000,0.000000,0.000000,0.000000,0.000000,0.000000,0.000000,0.000000,0.000000,0.000000,0.000000,0.000000,0.000000,0.000000,0.000000
1789149922.149097,0.004430,0.002974,0.020020,0.167837,0.466953,0.140344,-0.019991,0.003476,-0.999794,0.000000,0.000000,0.000000,-0.012665,0.015443,-0.026420,0.019899,-0.087587,-0.069496,-0.111443,-0.117339,0.004157,0.010056,0.019380,0.028606,0.130900,0.000000,0.109083,-0.152716,1.505347,1.592613,1.178098,1.265364,-0.916298,-0.850848,-0.261800,-0.218166,0.000000,0.000000,0.000000,0.000000,0.000000,0.000000,0.000000,0.000000,0.000000,0.000000,0.000000,0.000000,0.000000,0.000000,0.000000,0.000000,0.000000,0.000000,0.000000,0.000000,0.000000,0.000000,0.000000,0.000000
1789149922.168847,0.010883,0.006355,0.032469,-0.161197,0.182394,0.164047,-0.023877,0.000243,-0.999715,0.000000,0.000000,0.000000,-0.011694,0.014729,-0.026264,0.020747,-0.062234,-0.041415,-0.095642,-0.101124,-0.006822,0.000991,0.017553,0.022639,0.000000,-0.021817,-0.000000,0.021817,1.090831,1.439897,0.829032,0.959931,-0.239983,-0.218166,-0.087267,-0.349066,0.000000,0.000000,0.000000,0.000000,0.000000,0.000000,0.000000,0.000000,0.000000,0.000000,0.000000,0.000000,0.000000,0.000000,0.000000,0.000000,0.000000,0.000000,0.000000,0.000000,0.000000,0.000000,0.000000,0.000000
1789149922.188551,0.028727,0.014939,0.043151,-0.155338,-0.176866,0.162049,-0.020977,-0.002605,-0.999777,0.000000,0.000000,0.000000,-0.011694,0.013488,-0.025220,0.019068,-0.050946,-0.022942,-0.082803,-0.086201,-0.007389,-0.001550,0.014962,0.015295,0.000000,-0.087266,0.021817,-0.000000,0.501782,0.501782,0.589049,0.610865,0.261799,-0.000000,-0.087267,-0.305433,0.000000,0.000000,0.000000,0.000000,0.000000,0.000000,0.000000,0.000000,0.000000,0.000000,0.000000,0.000000,0.000000,0.000000,0.000000,0.000000,0.000000,0.000000,0.000000,0.000000,0.000000,0.000000,0.000000,0.000000
1789149922.208510,0.045486,0.023121,0.040894,-0.077574,-0.196440,0.182156,-0.017533,-0.004094,-0.999838,0.000000,0.000000,0.000000,-0.013870,0.009654,-0.025217,0.018893,-0.044074,-0.017733,-0.071549,-0.075460,-0.001537,0.000756,0.014458,0.013285,-0.130900,-0.261799,-0.000000,-0.000000,0.458149,0.152717,0.479966,0.523599,0.414516,0.218166,0.130900,-0.000000,0.000000,0.000000,0.000000,0.000000,0.000000,0.000000,0.000000,0.000000,0.000000,0.000000,0.000000,0.000000,0.000000,0.000000,0.000000,0.000000,0.000000,0.000000,0.000000,0.000000,0.000000,0.000000,0.000000,0.000000
1789149922.228544,0.071885,0.036616,0.032737,0.057182,-0.079261,0.136083,-0.016765,-0.002832,-0.999855,0.000000,0.000000,0.000000,-0.015531,0.008168,-0.021915,0.018893,-0.034106,-0.013560,-0.059274,-0.065577,0.005401,0.008463,0.017518,0.016481,-0.043633,-0.043633,0.239983,-0.000000,0.676315,0.305433,0.654499,0.567232,0.327249,0.370883,0.218166,0.239983,0.000000,0.000000,0.000000,0.000000,0.000000,0.000000,0.000000,0.000000,0.000000,0.000000,0.000000,0.000000,0.000000,0.000000,0.000000,0.000000,0.000000,0.000000,0.000000,0.000000,0.000000,0.000000,0.000000,0.000000
1789149922.248486,0.090373,0.045950,0.025346,-0.015655,-0.066877,0.114512,-0.015547,-0.003195,-0.999874,0.000000,0.000000,0.000000,-0.016281,0.007636,-0.019613,0.018953,-0.022165,-0.008256,-0.045003,-0.055402,0.011665,0.016781,0.020277,0.020883,-0.043633,-0.043633,0.087266,-0.109083,0.567232,0.218167,0.741765,0.545416,0.196350,0.370883,0.043633,0.130900,0.000000,0.000000,0.000000,0.000000,0.000000,0.000000,0.000000,0.000000,0.000000,0.000000,0.000000,0.000000,0.000000,0.000000,0.000000,0.000000,0.000000,0.000000,0.000000,0.000000,0.000000,0.000000,0.000000,0.000000
1789149922.268413,0.108889,0.054744,0.019341,-0.022712,-0.105626,0.089744,-0.013379,-0.003645,-0.999904,0.000000,0.000000,0.000000,-0.016832,0.007489,-0.017988,0.018241,-0.011848,-0.003271,-0.030675,-0.043146,0.016792,0.023372,0.021014,0.021404,-0.087266,-0.021817,0.065450,-0.065450,0.458149,0.261800,0.719949,0.610865,0.283616,0.174533,0.000000,-0.000000,0.000000,0.000000,0.000000,0.000000,0.000000,0.000000,0.000000,0.000000,0.000000,0.000000,0.000000,0.000000,0.000000,0.000000,0.000000,0.000000,0.000000,0.000000,0.000000,0.000000,0.000000,0.000000,0.000000,0.000000
1789149922.288505,0.134233,0.064843,0.014193,-0.079038,-0.159156,0.028225,-0.009416,-0.005135,-0.999942,0.000000,0.000000,0.000000,-0.017429,0.007240,-0.012915,0.016913,-0.001894,-0.000211,-0.018035,-0.028971,0.020754,0.026672,0.020329,0.018505,-0.021817,0.000000,0.349066,-0.109083,0.479966,0.043634,0.654499,0.763582,0.174533,0.196350,-0.021817,-0.174533,0.000000,0.000000,0.000000,0.000000,0.000000,0.000000,0.000000,0.000000,0.000000,0.000000,0.000000,0.000000,0.000000,0.000000,0.000000,0.000000,0.000000,0.000000,0.000000,0.000000,0.000000,0.000000,0.000000,0.000000
1789149922.308384,0.149252,0.069161,0.012536,-0.103406,-0.096039,-0.034625,-0.006952,-0.007315,-0.999949,0.000000,0.000000,0.000000,-0.017412,0.007240,-0.011429,0.015738,0.002158,0.000991,-0.006153,-0.013762,0.023277,0.029492,0.019483,0.014460,0.000000,0.000000,-0.000000,-0.021817,0.000000,0.087267,0.545416,0.785398,0.130900,0.174533,0.000000,-0.109083,0.000000,0.000000,0.000000,0.000000,0.000000,0.000000,0.000000,0.000000,0.000000,0.000000,0.000000,0.000000,0.000000,0.000000,0.000000,0.000000,0.000000,0.000000,0.000000,0.000000,0.000000,0.000000,0.000000,0.000000
1789149922.328487,0.160399,0.071028,0.011552,-0.041621,-0.032656,-0.092016,-0.004607,-0.008460,-0.999954,0.000000,0.000000,0.000000,-0.017412,0.007925,-0.011429,0.014442,0.007659,0.002014,0.004286,-0.000119,0.029222,0.031875,0.019135,0.013697,0.000000,0.065450,-0.000000,-0.109083,0.261799,0.021817,0.436333,0.589049,0.327249,0.021817,0.000000,-0.021817,0.000000,0.000000,0.000000,0.000000,0.000000,0.000000,0.000000,0.000000,0.000000,0.000000,0.000000,0.000000,0.000000,0.000000,0.000000,0.000000,0.000000,0.000000,0.000000,0.000000,0.000000,0.000000,0.000000,0.000000
1789149922.348408,0.168813,0.068504,0.008936,-0.132435,-0.071405,-0.164721,-0.000795,-0.011411,-0.999935,0.000000,0.000000,0.000000,-0.016488,0.008683,-0.011429,0.011620,0.013345,0.005352,0.012047,0.011215,0.037539,0.034911,0.019617,0.013102,0.021817,0.087266,-0.000000,-0.196350,0.218166,0.327249,0.283616,0.545416,0.501782,0.261799,0.000000,-0.021817,0.000000,0.000000,0.000000,0.000000,0.000000,0.000000,0.000000,0.000000,0.000000,0.000000,0.000000,0.000000,0.000000,0.000000,0.000000,0.000000,0.000000,0.000000,0.000000,0.000000,0.000000,0.000000,0.000000,0.000000
1789149922.368506,0.172120,0.065391,0.005862,-0.122181,-0.160887,-0.195613,0.004330,-0.013424,-0.999901,0.000000,0.000000,0.000000,-0.014999,0.009496,-0.011429,0.008999,0.015597,0.009849,0.017013,0.019560,0.049252,0.045442,0.019579,0.011758,0.109083,0.065450,-0.000000,-0.130900,0.000000,0.218166,0.152717,0.392699,0.545415,0.479966,-0.130900,-0.087266,0.000000,0.000000,0.000000,0.000000,0.000000,0.000000,0.000000,0.000000,0.000000,0.000000,0.000000,0.000000,0.000000,0.000000,0.000000,0.000000,0.000000,0.000000,0.000000,0.000000,0.000000,0.000000,0.000000,0.000000
1789149922.388603,0.172441,0.063167,0.004004,-0.022446,-0.126665,-0.183895,0.008522,-0.013098,-0.999878,0.000000,0.000000,0.000000,-0.010270,0.011713,-0.011429,0.007636,0.015297,0.015480,0.020719,0.025451,0.064797,0.058265,0.018785,0.010190,0.174533,0.109083,-0.000000,-0.065450,-0.021817,0.196350,0.087267,0.196350,0.370883,0.414516,0.000000,-0.043633,0.000000,0.000000,0.000000,0.000000,0.000000,0.000000,0.000000,0.000000,0.000000,0.000000,0.000000,0.000000,0.000000,0.000000,0.000000,0.000000,0.000000,0.000000,0.000000,0.000000,0.000000,0.000000,0.000000,0.000000
1789149922.408504,0.172441,0.063167,0.004004,-0.017786,-0.097371,-0.158995,0.012111,-0.012690,-0.999846,0.000000,0.000000,0.000000,-0.007859,0.015198,-0.011429,0.007017,0.014984,0.019394,0.023651,0.029487,0.070652,0.061505,0.017877,0.008545,0.087266,0.109083,-0.000000,-0.043633,0.000000,0.283616,0.174533,0.174533,0.305433,0.152716,-0.043633,-0.109083,0.000000,0.000000,0.000000,0.000000,0.000000,0.000000,0.000000,0.000000,0.000000,0.000000,0.000000,0.000000,0.000000,0.000000,0.000000,0.000000,0.000000,0.000000,0.000000,0.000000,0.000000,0.000000,0.000000,0.000000
1789149922.428481,0.089580,0.025019,-0.002518,-0.054005,-0.066744,-0.121844,0.015299,-0.012904,-0.999800,0.000000,0.000000,0.000000,-0.006300,0.016747,-0.011320,0.006613,0.014531,0.022298,0.025372,0.031417,0.077068,0.064884,0.017040,0.006688,0.109083,0.065450,0.021817,-0.021817,-0.021817,0.087267,0.021817,0.065450,0.436332,0.043633,0.000000,-0.087266,0.000000,0.000000,0.000000,0.000000,0.000000,0.000000,0.000000,0.000000,0.000000,0.000000,0.000000,0.000000,0.000000,0.000000,0.000000,0.000000,0.000000,0.000000,0.000000,0.000000,0.000000,0.000000,0.000000,0.000000
1789149922.449061,0.082529,0.019457,-0.003167,-0.059464,-0.059154,-0.074972,0.018661,-0.013264,-0.999738,0.000000,0.000000,0.000000,-0.005029,0.017576,-0.010906,0.006152,0.012870,0.023026,0.025895,0.032268,0.079043,0.064249,0.016069,0.005150,0.043633,0.043633,-0.000000,-0.000000,-0.065450,0.130900,0.000000,-0.000000,0.000000,-0.000000,-0.021817,-0.065450,0.000000,0.000000,0.000000,0.000000,0.000000,0.000000,0.000000,0.000000,0.000000,0.000000,0.000000,0.000000,0.000000,0.000000,0.000000,0.000000,0.000000,0.000000,0.000000,0.000000,0.000000,0.000000,0.000000,0.000000
1789149922.469204,0.071641,0.010090,-0.003673,-0.052540,-0.016011,-0.016782,0.020934,-0.013400,-0.999691,0.000000,0.000000,0.000000,-0.002981,0.018348,-0.010256,0.005803,0.011155,0.023187,0.025470,0.030594,0.082176,0.064249,0.015568,0.004558,0.130900,0.065450,0.087266,-0.000000,-0.087266,-0.000000,-0.109083,-0.087266,0.174533,-0.000000,-0.021817,-0.000000,0.000000,0.000000,0.000000,0.000000,0.000000,0.000000,0.000000,0.000000,0.000000,0.000000,0.000000,0.000000,0.000000,0.000000,0.000000,0.000000,0.000000,0.000000,0.000000,0.000000,0.000000,0.000000,0.000000,0.000000
1789149922.489158,0.064393,0.004402,-0.003590,-0.015921,0.012884,0.029291,0.022598,-0.013114,-0.999659,0.000000,0.000000,0.000000,-0.001045,0.018675,-0.009152,0.006068,0.009224,0.022663,0.023929,0.028358,0.084254,0.063122,0.015469,0.004397,0.043633,0.000000,0.065450,-0.000000,0.000000,-0.000000,-0.109083,-0.174533,0.021817,-0.087266,0.000000,-0.021817,0.000000,0.000000,0.000000,0.000000,0.000000,0.000000,0.000000,0.000000,0.000000,0.000000,0.000000,0.000000,0.000000,0.000000,0.000000,0.000000,0.000000,0.000000,0.000000,0.000000,0.000000,0.000000,0.000000,0.000000
1789149922.508893,0.064393,0.004402,-0.003590,-0.039890,0.044310,0.072833,0.023044,-0.013913,-0.999638,0.000000,0.000000,0.000000,-0.000728,0.018675,-0.006409,0.007071,0.007389,0.021267,0.020324,0.025050,0.084453,0.059612,0.016179,0.004384,0.021817,0.000000,0.239983,0.065450,-0.152716,-0.000000,-0.196350,-0.196350,0.000000,-0.239983,0.043633,-0.000000,0.000000,0.000000,0.000000,0.000000,0.000000,0.000000,0.000000,0.000000,0.000000,0.000000,0.000000,0.000000,0.000000,0.000000,0.000000,0.000000,0.000000,0.000000,0.000000,0.000000,0.000000,0.000000,0.000000,0.000000
1789149922.528658,0.035599,-0.003266,-0.002605,-0.058132,0.090515,0.114112,0.022083,-0.014887,-0.999645,0.000000,0.000000,0.000000,-0.000698,0.018236,-0.003891,0.007707,0.005758,0.019276,0.017002,0.020820,0.082386,0.054739,0.017174,0.004384,0.000000,0.000000,0.021817,0.087266,-0.109083,-0.174533,-0.130900,-0.130900,-0.174533,-0.109083,0.000000,-0.000000,0.000000,0.000000,0.000000,0.000000,0.000000,0.000000,0.000000,0.000000,0.000000,0.000000,0.000000,0.000000,0.000000,0.000000,0.000000,0.000000,0.000000,0.000000,0.000000,0.000000,0.000000,0.000000,0.000000,0.000000
1789149922.548564,0.022160,-0.008018,-0.001718,-0.000741,0.072273,0.135950,0.021103,-0.014707,-0.999669,0.000000,0.000000,0.000000,-0.000698,0.017189,-0.003750,0.008885,0.004834,0.015420,0.013792,0.016318,0.077167,0.048791,0.017523,0.003947,0.000000,0.000000,-0.000000,0.065450,-0.021817,-0.174533,-0.196350,-0.327249,-0.130900,-0.458149,0.000000,-0.021817,0.000000,0.000000,0.000000,0.000000,0.000000,0.000000,0.000000,0.000000,0.000000,0.000000,0.000000,0.000000,0.000000,0.000000,0.000000,0.000000,0.000000,0.000000,0.000000,0.000000,0.000000,0.000000,0.000000,0.000000
1789149922.568509,0.006996,-0.012886,0.000250,0.024825,0.071207,0.134219,0.019905,-0.014888,-0.999691,0.000000,0.000000,0.000000,-0.000698,0.016172,-0.002681,0.009487,0.002627,0.012529,0.009936,0.010863,0.074178,0.043152,0.017040,0.003511,0.000000,-0.087266,0.043633,0.043633,-0.087266,-0.130900,-0.196350,-0.196350,-0.349066,-0.305433,0.000000,-0.000000,0.000000,0.000000,0.000000,0.000000,0.000000,0.000000,0.000000,0.000000,0.000000,0.000000,0.000000,0.000000,0.000000,0.000000,0.000000,0.000000,0.000000,0.000000,0.000000,0.000000,0.000000,0.000000,0.000000,0.000000
1789149922.588476,-0.003535,-0.015862,0.001803,-0.003804,0.071474,0.118906,0.018486,-0.015643,-0.999707,0.000000,0.000000,0.000000,-0.001006,0.015013,-0.002092,0.010393,0.001185,0.007953,0.006590,0.004997,0.065855,0.038652,0.016168,0.002638,0.000000,-0.087266,0.043633,0.043633,-0.021817,-0.239983,-0.196350,-0.305433,-0.239983,-0.239983,0.000000,-0.000000,0.000000,0.000000,0.000000,0.000000,0.000000,0.000000,0.000000,0.000000,0.000000,0.000000,0.000000,0.000000,0.000000,0.000000,0.000000,0.000000,0.000000,0.000000,0.000000,0.000000,0.000000,0.000000,0.000000,0.000000
1789149922.608473,-0.018504,-0.018934,0.004323,0.107383,0.084523,0.088413,0.016351,-0.014434,-0.999762,0.000000,0.000000,0.000000,-0.001006,0.013840,-0.000592,0.011969,-0.000282,0.004425,0.002513,0.000574,0.059454,0.035000,0.015120,0.002464,0.000000,-0.043633,0.065450,0.087266,-0.087266,-0.152716,-0.218166,-0.283616,-0.436332,-0.196350,0.000000,-0.000000,0.000000,0.000000,0.000000,0.000000,0.000000,0.000000,0.000000,0.000000,0.000000,0.000000,0.000000,0.000000,0.000000,0.000000,0.000000,0.000000,0.000000,0.000000,0.000000,0.000000,0.000000,0.000000,0.000000,0.000000
1789149922.628444,-0.028250,-0.020022,0.006250,0.084213,0.085455,0.054324,0.014004,-0.013541,-0.999810,0.000000,0.000000,0.000000,-0.001088,0.012561,0.001584,0.013592,-0.001613,0.000983,-0.000233,-0.004367,0.053237,0.030945,0.013719,0.002729,-0.021817,-0.065450,0.152716,0.087266,-0.065450,-0.174533,-0.130900,-0.174533,-0.479966,-0.152716,-0.043633,-0.000000,0.000000,0.000000,0.000000,0.000000,0.000000,0.000000,0.000000,0.000000,0.000000,0.000000,0.000000,0.000000,0.000000,0.000000,0.000000,0.000000,0.000000,0.000000,0.000000,0.000000,0.000000,0.000000,0.000000,0.000000
1789149922.648586,-0.037212,-0.020364,0.007361,0.089140,0.069343,0.020635,0.011627,-0.012539,-0.999854,0.000000,0.000000,0.000000,-0.001181,0.010439,0.002978,0.014884,-0.002682,-0.001526,-0.002957,-0.007536,0.045950,0.028142,0.012330,0.003290,0.000000,-0.087266,0.021817,0.043633,-0.043633,-0.065450,-0.109083,-0.152716,-0.305433,-0.152716,-0.065450,0.065450,0.000000,0.000000,0.000000,0.000000,0.000000,0.000000,0.000000,0.000000,0.000000,0.000000,0.000000,0.000000,0.000000,0.000000,0.000000,0.000000,0.000000,0.000000,0.000000,0.000000,0.000000,0.000000,0.000000,0.000000
1789149922.668612,-0.047880,-0.019272,0.008981,0.071830,0.054829,-0.003866,0.009623,-0.011916,-0.999883,0.000000,0.000000,0.000000,-0.001233,0.009149,0.003057,0.015143,-0.004106,-0.003159,-0.005671,-0.010626,0.042298,0.024744,0.011122,0.003601,-0.021817,-0.021817,-0.000000,-0.000000,-0.109083,-0.065450,-0.109083,-0.109083,-0.152716,-0.152716,-0.065450,-0.000000,0.000000,0.000000,0.000000,0.000000,0.000000,0.000000,0.000000,0.000000,0.000000,0.000000,0.000000,0.000000,0.000000,0.000000,0.000000,0.000000,0.000000,0.000000,0.000000,0.000000,0.000000,0.000000,0.000000,0.000000
1789149922.688542,-0.052444,-0.017301,0.009452,0.009112,0.019675,-0.033294,0.008119,-0.012209,-0.999893,0.000000,0.000000,0.000000,-0.001530,0.008288,0.002332,0.014492,-0.006287,-0.005109,-0.007798,-0.012505,0.038677,0.022521,0.010124,0.003950,0.000000,0.000000,-0.087266,-0.043633,-0.087266,-0.152716,-0.087266,-0.021817,-0.196350,-0.087267,-0.043633,-0.000000,0.000000,0.000000,0.000000,0.000000,0.000000,0.000000,0.000000,0.000000,0.000000,0.000000,0.000000,0.000000,0.000000,0.000000,0.000000,0.000000,0.000000,0.000000,0.000000,0.000000,0.000000,0.000000,0.000000,0.000000
1789149922.708514,-0.055464,-0.014528,0.009671,0.028420,0.004495,-0.053800,0.006795,-0.011603,-0.999910,0.000000,0.000000,0.000000,-0.002228,0.007527,0.000235,0.013510,-0.007915,-0.007144,-0.009058,-0.013418,0.036023,0.021837,0.009110,0.003950,0.000000,-0.021817,-0.152716,-0.065450,-0.087266,-0.130900,-0.043633,-0.000000,-0.130900,-0.000000,-0.021817,-0.000000,0.000000,0.000000,0.000000,0.000000,0.000000,0.000000,0.000000,0.000000,0.000000,0.000000,0.000000,0.000000,0.000000,0.000000,0.000000,0.000000,0.000000,0.000000,0.000000,0.000000,0.000000,0.000000,0.000000,0.000000
1789149922.728612,-0.055990,-0.010742,0.009365,0.060378,0.007957,-0.066450,0.005315,-0.010420,-0.999932,0.000000,0.000000,0.000000,-0.002315,0.007066,-0.003578,0.011448,-0.008578,-0.008055,-0.009450,-0.013942,0.034272,0.021662,0.007160,0.004474,-0.021817,0.000000,-0.152716,-0.130900,0.000000,-0.000000,0.000000,-0.000000,-0.109083,-0.000000,-0.130900,-0.000000,0.000000,0.000000,0.000000,0.000000,0.000000,0.000000,0.000000,0.000000,0.000000,0.000000,0.000000,0.000000,0.000000,0.000000,0.000000,0.000000,0.000000,0.000000,0.000000,0.000000,0.000000,0.000000,0.000000,0.000000
1789149922.748470,-0.053047,-0.004051,0.008447,0.045331,-0.002429,-0.075771,0.004394,-0.009431,-0.999946,0.000000,0.000000,0.000000,-0.002577,0.006717,-0.004407,0.009425,-0.008753,-0.008229,-0.009450,-0.013942,0.032696,0.021662,0.005319,0.004998,0.000000,0.000000,-0.000000,-0.065450,0.000000,-0.000000,0.000000,-0.000000,-0.065450,-0.000000,-0.130900,-0.000000,0.000000,0.000000,0.000000,0.000000,0.000000,0.000000,0.000000,0.000000,0.000000,0.000000,0.000000,0.000000,0.000000,0.000000,0.000000,0.000000,0.000000,0.000000,0.000000,0.000000,0.000000,0.000000,0.000000,0.000000
1789149922.768470,-0.050663,0.000287,0.008006,0.024159,-0.010152,-0.078701,0.003632,-0.008440,-0.999958,0.000000,0.000000,0.000000,-0.003101,0.006338,-0.005601,0.008116,-0.008753,-0.008229,-0.009003,-0.012952,0.031139,0.021932,0.004081,0.005346,0.000000,-0.021817,-0.065450,-0.043633,0.000000,-0.000000,0.043633,0.130900,-0.065450,0.065450,-0.043633,-0.000000,0.000000,0.000000,0.000000,0.000000,0.000000,0.000000,0.000000,0.000000,0.000000,0.000000,0.000000,0.000000,0.000000,0.000000,0.000000,0.000000,0.000000,0.000000,0.000000,0.000000,0.000000,0.000000,0.000000,0.000000
1789149922.788470,-0.042793,0.007482,0.006958,0.037874,-0.019473,-0.072176,0.003479,-0.007109,-0.999969,0.000000,0.000000,0.000000,-0.003742,0.006261,-0.007794,0.006569,-0.007954,-0.006887,-0.007702,-0.011409,0.029854,0.022486,0.002898,0.005695,-0.021817,-0.021817,-0.109083,-0.087266,0.043633,0.087266,0.109083,0.087266,-0.043633,0.043633,-0.021817,-0.000000,0.000000,0.000000,0.000000,0.000000,0.000000,0.000000,0.000000,0.000000,0.000000,0.000000,0.000000,0.000000,0.000000,0.000000,0.000000,0.000000,0.000000,0.000000,0.000000,0.000000,0.000000,0.000000,0.000000,0.000000
1789149922.808563,-0.039910,0.009629,0.006537,0.007381,-0.020805,-0.063654,0.003658,-0.006484,-0.999972,0.000000,0.000000,0.000000,-0.004322,0.005803,-0.011718,0.005020,-0.006912,-0.005336,-0.006192,-0.008872,0.029517,0.022974,0.002205,0.006069,0.000000,-0.021817,-0.218166,-0.109083,0.021817,0.065450,0.065450,0.152716,0.000000,-0.000000,0.000000,0.021817,0.000000,0.000000,0.000000,0.000000,0.000000,0.000000,0.000000,0.000000,0.000000,0.000000,0.000000,0.000000,0.000000,0.000000,0.000000,0.000000,0.000000,0.000000,0.000000,0.000000,0.000000,0.000000,0.000000,0.000000
1789149922.828590,-0.027293,0.017780,0.004874,-0.035762,-0.016544,-0.060857,0.003893,-0.006390,-0.999972,0.000000,0.000000,0.000000,-0.005176,0.005321,-0.012610,0.002484,-0.006219,-0.003233,-0.004626,-0.006162,0.029871,0.023498,0.001869,0.006045,-0.087266,0.000000,-0.000000,-0.087266,0.000000,0.087266,0.065450,0.130900,0.043633,-0.000000,0.065450,-0.000000,0.000000,0.000000,0.000000,0.000000,0.000000,0.000000,0.000000,0.000000,0.000000,0.000000,0.000000,0.000000,0.000000,0.000000,0.000000,0.000000,0.000000,0.000000,0.000000,0.000000,0.000000,0.000000,0.000000,0.000000
1789149922.848596,-0.020779,0.020359,0.003997,-0.033765,-0.019739,-0.051270,0.004369,-0.006048,-0.999972,0.000000,0.000000,0.000000,-0.006414,0.004123,-0.013237,0.000090,-0.005347,-0.001744,-0.003061,-0.004095,0.031856,0.024998,0.001989,0.006045,-0.021817,-0.043633,-0.043633,-0.130900,0.000000,0.087266,0.043633,0.065450,0.152716,0.130900,0.000000,-0.000000,0.000000,0.000000,0.000000,0.000000,0.000000,0.000000,0.000000,0.000000,0.000000,0.000000,0.000000,0.000000,0.000000,0.000000,0.000000,0.000000,0.000000,0.000000,0.000000,0.000000,0.000000,0.000000,0.000000,0.000000
1789149922.868691,-0.014503,0.022045,0.003026,0.002721,-0.042643,-0.027302,0.005360,-0.004859,-0.999974,0.000000,0.000000,0.000000,-0.006940,0.002773,-0.014006,-0.000696,-0.004823,-0.001010,-0.001302,-0.002082,0.034139,0.027910,0.001488,0.006219,0.000000,-0.065450,-0.000000,-0.021817,0.000000,0.043633,0.087266,0.109083,0.109083,0.218166,-0.043633,-0.000000,0.000000,0.000000,0.000000,0.000000,0.000000,0.000000,0.000000,0.000000,0.000000,0.000000,0.000000,0.000000,0.000000,0.000000,0.000000,0.000000,0.000000,0.000000,0.000000,0.000000,0.000000,0.000000,0.000000,0.000000
1789149922.888497,-0.006140,0.022362,0.001371,0.024825,-0.055160,-0.003067,0.006455,-0.003322,-0.999974,0.000000,0.000000,0.000000,-0.007014,0.002004,-0.014006,-0.001004,-0.004299,-0.000983,0.000179,-0.000402,0.035328,0.032197,0.001016,0.006219,-0.021817,0.000000,-0.000000,-0.000000,0.000000,-0.000000,0.087266,0.130900,0.065450,0.152716,-0.087266,-0.000000,0.000000,0.000000,0.000000,0.000000,0.000000,0.000000,0.000000,0.000000,0.000000,0.000000,0.000000,0.000000,0.000000,0.000000,0.000000,0.000000,0.000000,0.000000,0.000000,0.000000,0.000000,0.000000,0.000000,0.000000
1789149922.908499,-0.001262,0.022511,0.000176,0.003520,-0.019739,0.018372,0.006897,-0.002509,-0.999973,0.000000,0.000000,0.000000,-0.007115,0.001655,-0.014006,-0.001178,-0.003236,-0.000983,0.001613,0.001111,0.036741,0.034687,0.000975,0.006219,0.000000,0.000000,-0.000000,-0.000000,0.043633,-0.000000,0.109083,0.043633,0.043633,0.109083,-0.043633,-0.000000,0.000000,0.000000,0.000000,0.000000,0.000000,0.000000,0.000000,0.000000,0.000000,0.000000,0.000000,0.000000,0.000000,0.000000,0.000000,0.000000,0.000000,0.000000,0.000000,0.000000,0.000000,0.000000,0.000000,0.000000
1789149922.928480,0.004894,0.021279,-0.000995,-0.022846,-0.014014,0.031288,0.007477,-0.002294,-0.999969,0.000000,0.000000,0.000000,-0.007309,0.001306,-0.014006,-0.001178,-0.001671,-0.000983,0.002816,0.002429,0.037875,0.037670,0.001640,0.005892,-0.021817,0.000000,-0.000000,-0.000000,0.021817,-0.000000,0.109083,0.021817,0.130900,0.109083,0.000000,-0.021817,0.000000,0.000000,0.000000,0.000000,0.000000,0.000000,0.000000,0.000000,0.000000,0.000000,0.000000,0.000000,0.000000,0.000000,0.000000,0.000000,0.000000,0.000000,0.000000,0.000000,0.000000,0.000000,0.000000,0.000000
1789149922.948587,0.008339,0.020003,-0.001554,-0.007399,-0.029593,0.040076,0.008453,-0.001907,-0.999962,0.000000,0.000000,0.000000,-0.007290,0.001118,-0.013491,-0.001178,-0.000983,-0.000809,0.004395,0.003176,0.040992,0.038393,0.001578,0.005559,0.000000,-0.021817,0.021817,-0.000000,0.000000,-0.000000,0.152716,0.021817,0.239983,0.021817,-0.130900,-0.021817,0.000000,0.000000,0.000000,0.000000,0.000000,0.000000,0.000000,0.000000,0.000000,0.000000,0.000000,0.000000,0.000000,0.000000,0.000000,0.000000,0.000000,0.000000,0.000000,0.000000,0.000000,0.000000,0.000000,0.000000
1789149922.968466,0.012528,0.016752,-0.002382,-0.046281,-0.033188,0.047134,0.009407,-0.002306,-0.999953,0.000000,0.000000,0.000000,-0.007290,0.001132,-0.013349,-0.001178,-0.000634,-0.000460,0.005126,0.003645,0.043613,0.039301,0.001815,0.005082,0.000000,0.000000,-0.000000,-0.000000,0.000000,-0.000000,0.000000,-0.000000,0.000000,0.109083,0.000000,-0.000000,0.000000,0.000000,0.000000,0.000000,0.000000,0.000000,0.000000,0.000000,0.000000,0.000000,0.000000,0.000000,0.000000,0.000000,0.000000,0.000000,0.000000,0.000000,0.000000,0.000000,0.000000,0.000000,0.000000,0.000000
1789149922.988567,0.014758,0.014097,-0.002947,-0.046015,-0.000831,0.043006,0.009713,-0.002760,-0.999949,0.000000,0.000000,0.000000,-0.007290,0.000783,-0.012839,-0.000914,-0.000285,-0.000460,0.005878,0.004168,0.044805,0.039555,0.002306,0.004558,0.000000,0.000000,0.021817,-0.000000,0.000000,-0.000000,0.021817,-0.000000,0.065450,-0.000000,0.021817,-0.000000,0.000000,0.000000,0.000000,0.000000,0.000000,0.000000,0.000000,0.000000,0.000000,0.000000,0.000000,0.000000,0.000000,0.000000,0.000000,0.000000,0.000000,0.000000,0.000000,0.000000,0.000000,0.000000,0.000000,0.000000
1789149923.008450,0.016163,0.011108,-0.003227,-0.008864,0.012618,0.039011,0.009850,-0.002861,-0.999947,0.000000,0.000000,0.000000,-0.007290,0.000783,-0.012195,-0.000565,0.000413,-0.000111,0.006571,0.004517,0.045009,0.039555,0.002797,0.004348,0.000000,0.000000,0.043633,-0.000000,0.000000,-0.000000,0.021817,-0.000000,0.000000,-0.000000,0.087266,-0.021817,0.000000,0.000000,0.000000,0.000000,0.000000,0.000000,0.000000,0.000000,0.000000,0.000000,0.000000,0.000000,0.000000,0.000000,0.000000,0.000000,0.000000,0.000000,0.000000,0.000000,0.000000,0.000000,0.000000,0.000000
1789149923.028485,0.017048,0.006260,-0.003074,-0.005402,0.002764,0.034484,0.010201,-0.003115,-0.999943,0.000000,0.000000,0.000000,-0.007290,0.000783,-0.011358,0.000133,0.001111,0.000064,0.007046,0.004517,0.045241,0.039555,0.002862,0.003819,0.000000,0.000000,0.021817,-0.000000,0.000000,-0.000000,0.000000,-0.000000,0.021817,-0.000000,0.000000,-0.021817,0.000000,0.000000,0.000000,0.000000,0.000000,0.000000,0.000000,0.000000,0.000000,0.000000,0.000000,0.000000,0.000000,0.000000,0.000000,0.000000,0.000000,0.000000,0.000000,0.000000,0.000000,0.000000,0.000000,0.000000
1789149923.048449,0.016978,0.003023,-0.002911,-0.033099,-0.000032,0.017173,0.010480,-0.003861,-0.999938,0.000000,0.000000,0.000000,-0.006850,0.000783,-0.010764,0.000657,0.000822,0.000064,0.007046,0.004517,0.045882,0.039290,0.003036,0.003337,0.021817,0.000000,0.021817,-0.000000,-0.043633,-0.000000,0.000000,-0.000000,0.000000,-0.000000,0.000000,-0.000000,0.000000,0.000000,0.000000,0.000000,0.000000,0.000000,0.000000,0.000000,0.000000,0.000000,0.000000,0.000000,0.000000,0.000000,0.000000,0.000000,0.000000,0.000000,0.000000,0.000000,0.000000,0.000000,0.000000,0.000000
1789149923.068473,0.016297,-0.000332,-0.002809,-0.029104,0.008224,0.006254,0.010531,-0.004661,-0.999934,0.000000,0.000000,0.000000,-0.006496,0.000783,-0.010243,0.001042,0.000309,0.000064,0.006566,0.004209,0.046332,0.038589,0.003386,0.002955,0.043633,0.000000,0.021817,0.021817,-0.021817,-0.000000,-0.021817,-0.000000,0.043633,-0.065450,0.000000,-0.021817,0.000000,0.000000,0.000000,0.000000,0.000000,0.000000,0.000000,0.000000,0.000000,0.000000,0.000000,0.000000,0.000000,0.000000,0.000000,0.000000,0.000000,0.000000,0.000000,0.000000,0.000000,0.000000,0.000000,0.000000
1789149923.088555,0.014091,-0.004810,-0.002553,-0.010462,0.014615,0.004523,0.010360,-0.005076,-0.999933,0.000000,0.000000,0.000000,-0.006109,0.001047,-0.009586,0.001271,-0.000026,0.000064,0.005908,0.003686,0.046580,0.037698,0.003538,0.002933,0.000000,0.000000,0.021817,0.021817,0.000000,-0.000000,0.000000,-0.000000,0.000000,-0.043633,0.021817,-0.021817,0.000000,0.000000,0.000000,0.000000,0.000000,0.000000,0.000000,0.000000,0.000000,0.000000,0.000000,0.000000,0.000000,0.000000,0.000000,0.000000,0.000000,0.000000,0.000000,0.000000,0.000000,0.000000,0.000000,0.000000
1789149923.109219,0.012208,-0.007298,-0.002313,-0.005935,0.013284,-0.000803,0.010222,-0.005257,-0.999934,0.000000,0.000000,0.000000,-0.005345,0.001396,-0.008083,0.001764,-0.000375,0.000064,0.005118,0.003162,0.046580,0.036705,0.003789,0.002813,0.021817,0.000000,0.109083,0.021817,0.000000,-0.000000,-0.021817,-0.000000,0.000000,-0.065450,0.021817,-0.000000,0.000000,0.000000,0.000000,0.000000,0.000000,0.000000,0.000000,0.000000,0.000000,0.000000,0.000000,0.000000,0.000000,0.000000,0.000000,0.000000,0.000000,0.000000,0.000000,0.000000,0.000000,0.000000,0.000000,0.000000
1789149923.128487,0.008818,-0.010058,-0.001686,-0.002739,0.013683,0.000262,0.009975,-0.005248,-0.999936,0.000000,0.000000,0.000000,-0.004464,0.001778,-0.005915,0.002408,-0.000899,0.000064,0.003847,0.002639,0.046580,0.035050,0.003909,0.002464,0.021817,0.043633,0.109083,0.021817,0.000000,-0.000000,-0.109083,-0.000000,0.000000,-0.109083,0.000000,-0.000000,0.000000,0.000000,0.000000,0.000000,0.000000,0.000000,0.000000,0.000000,0.000000,0.000000,0.000000,0.000000,0.000000,0.000000,0.000000,0.000000,0.000000,0.000000,0.000000,0.000000,0.000000,0.000000,0.000000,0.000000
1789149923.148438,0.006678,-0.011056,-0.001122,-0.005002,0.021673,0.002925,0.009522,-0.005364,-0.999940,0.000000,0.000000,0.000000,-0.003603,0.001890,-0.005146,0.002926,-0.001248,0.000064,0.003214,0.002115,0.046043,0.033353,0.003909,0.002115,0.043633,0.021817,-0.000000,-0.000000,0.000000,-0.000000,-0.021817,-0.000000,-0.021817,-0.021817,0.000000,-0.000000,0.000000,0.000000,0.000000,0.000000,0.000000,0.000000,0.000000,0.000000,0.000000,0.000000,0.000000,0.000000,0.000000,0.000000,0.000000,0.000000,0.000000,0.000000,0.000000,0.000000,0.000000,0.000000,0.000000,0.000000
1789149923.168594,0.003428,-0.011727,-0.000193,0.002055,0.015414,0.009583,0.009197,-0.005430,-0.999943,0.000000,0.000000,0.000000,-0.002814,0.002119,-0.005146,0.003624,-0.001422,0.000064,0.002718,0.001591,0.045574,0.032085,0.003909,0.001935,0.043633,0.021817,-0.000000,-0.000000,0.000000,-0.000000,-0.021817,-0.000000,0.000000,-0.021817,0.000000,-0.021817,0.000000,0.000000,0.000000,0.000000,0.000000,0.000000,0.000000,0.000000,0.000000,0.000000,0.000000,0.000000,0.000000,0.000000,0.000000,0.000000,0.000000,0.000000,0.000000,0.000000,0.000000,0.000000,0.000000,0.000000
1789149923.188551,0.001400,-0.011666,0.000298,0.011776,0.008357,0.012380,0.008906,-0.005232,-0.999947,0.000000,0.000000,0.000000,-0.002580,0.002094,-0.004971,0.004322,-0.001771,-0.000200,0.002205,0.000893,0.045050,0.030891,0.003909,0.001940,0.087266,0.000000,-0.000000,-0.000000,0.000000,-0.000000,-0.043633,-0.000000,0.000000,-0.087266,0.000000,-0.000000,0.000000,0.000000,0.000000,0.000000,0.000000,0.000000,0.000000,0.000000,0.000000,0.000000,0.000000,0.000000,0.000000,0.000000,0.000000,0.000000,0.000000,0.000000,0.000000,0.000000,0.000000,0.000000,0.000000,0.000000
1789149923.208430,-0.000431,-0.011214,0.000619,0.005118,0.013017,0.010648,0.008472,-0.005045,-0.999951,0.000000,0.000000,0.000000,-0.002269,0.002094,-0.004971,0.004704,-0.001946,-0.000582,0.001804,0.000195,0.044875,0.030165,0.003601,0.001940,0.000000,0.000000,-0.000000,0.021817,0.000000,-0.021817,-0.021817,-0.000000,0.000000,-0.043633,0.000000,-0.000000,0.000000,0.000000,0.000000,0.000000,0.000000,0.000000,0.000000,0.000000,0.000000,0.000000,0.000000,0.000000,0.000000,0.000000,0.000000,0.000000,0.000000,0.000000,0.000000,0.000000,0.000000,0.000000,0.000000,0.000000
1789149923.228498,-0.002558,-0.009877,0.000886,0.007914,0.015015,0.008385,0.008037,-0.004933,-0.999956,0.000000,0.000000,0.000000,-0.002269,0.002094,-0.004816,0.004742,-0.001946,-0.000760,0.001371,-0.000328,0.044526,0.029505,0.003479,0.001940,0.000000,0.000000,0.021817,0.021817,0.000000,-0.021817,0.000000,-0.000000,0.000000,-0.021817,-0.021817,-0.000000,0.000000,0.000000,0.000000,0.000000,0.000000,0.000000,0.000000,0.000000,0.000000,0.000000,0.000000,0.000000,0.000000,0.000000,0.000000,0.000000,0.000000,0.000000,0.000000,0.000000,0.000000,0.000000,0.000000,0.000000
1789149923.248611,-0.003745,-0.008854,0.000922,0.003253,0.003963,0.010116,0.007771,-0.004849,-0.999958,0.000000,0.000000,0.000000,-0.002269,0.001805,-0.004797,0.004846,-0.001946,-0.000910,0.001196,-0.000844,0.044177,0.029124,0.003383,0.001940,0.000000,-0.021817,-0.000000,-0.000000,0.000000,-0.021817,0.000000,-0.021817,0.000000,-0.021817,-0.021817,-0.000000,0.000000,0.000000,0.000000,0.000000,0.000000,0.000000,0.000000,0.000000,0.000000,0.000000,0.000000,0.000000,0.000000,0.000000,0.000000,0.000000,0.000000,0.000000,0.000000,0.000000,0.000000,0.000000,0.000000,0.000000
1789149923.268680,-0.004763,-0.006842,0.000890,0.009512,0.000634,0.002126,0.007556,-0.004551,-0.999961,0.000000,0.000000,0.000000,-0.002269,0.001830,-0.004797,0.004846,-0.001946,-0.000899,0.001196,-0.000937,0.044022,0.028818,0.003252,0.001940,0.000000,0.000000,-0.000000,-0.000000,0.000000,-0.000000,0.000000,-0.021817,-0.021817,-0.000000,0.000000,-0.000000,0.000000,0.000000,0.000000,0.000000,0.000000,0.000000,0.000000,0.000000,0.000000,0.000000,0.000000,0.000000,0.000000,0.000000,0.000000,0.000000,0.000000,0.000000,0.000000,0.000000,0.000000,0.000000,0.000000,0.000000
1789149923.288644,-0.004969,-0.005370,0.000873,0.008180,-0.004027,-0.002268,0.007481,-0.004379,-0.999962,0.000000,0.000000,0.000000,-0.002269,0.001481,-0.004797,0.004756,-0.001946,-0.001062,0.001196,-0.001027,0.044003,0.028818,0.003522,0.001940,0.000000,0.000000,-0.000000,-0.043633,0.000000,-0.021817,0.000000,-0.000000,0.000000,-0.000000,0.043633,-0.000000,0.000000,0.000000,0.000000,0.000000,0.000000,0.000000,0.000000,0.000000,0.000000,0.000000,0.000000,0.000000,0.000000,0.000000,0.000000,0.000000,0.000000,0.000000,0.000000,0.000000,0.000000,0.000000,0.000000,0.000000
1789149923.308578,-0.004811,-0.003846,0.000793,0.007514,0.001566,-0.003866,0.007338,-0.004159,-0.999964,0.000000,0.000000,0.000000,-0.002269,0.001279,-0.004797,0.004581,-0.001946,-0.001073,0.001196,-0.001027,0.044003,0.028818,0.003375,0.001940,0.000000,-0.021817,-0.000000,-0.000000,0.000000,-0.000000,0.000000,-0.000000,0.000000,-0.000000,0.021817,-0.000000,0.000000,0.000000,0.000000,0.000000,0.000000,0.000000,0.000000,0.000000,0.000000,0.000000,0.000000,0.000000,0.000000,0.000000,0.000000,0.000000,0.000000,0.000000,0.000000,0.000000,0.000000,0.000000,0.000000,0.000000
1789149923.328522,-0.004043,-0.001653,0.000577,0.012574,-0.006424,-0.009325,0.007337,-0.003767,-0.999966,0.000000,0.000000,0.000000,-0.002577,0.001306,-0.004797,0.004232,-0.001681,-0.001073,0.001461,-0.001027,0.044003,0.029415,0.002562,0.001940,0.000000,0.000000,-0.000000,-0.000000,0.000000,-0.000000,0.000000,-0.000000,0.000000,0.065450,-0.174533,-0.000000,0.000000,0.000000,0.000000,0.000000,0.000000,0.000000,0.000000,0.000000,0.000000,0.000000,0.000000,0.000000,0.000000,0.000000,0.000000,0.000000,0.000000,0.000000,0.000000,0.000000,0.000000,0.000000,0.000000,0.000000
1789149923.348777,-0.003270,-0.000355,0.000447,0.003120,-0.006690,-0.012122,0.007345,-0.003607,-0.999967,0.000000,0.000000,0.000000,-0.002577,0.001306,-0.004797,0.003875,-0.001681,-0.001073,0.001526,-0.000718,0.044003,0.029795,0.002467,0.001940,0.000000,0.000000,-0.000000,-0.065450,0.000000,-0.000000,-0.021817,-0.000000,0.000000,0.021817,-0.130900,-0.000000,0.000000,0.000000,0.000000,0.000000,0.000000,0.000000,0.000000,0.000000,0.000000,0.000000,0.000000,0.000000,0.000000,0.000000,0.000000,0.000000,0.000000,0.000000,0.000000,0.000000,0.000000,0.000000,0.000000,0.000000
1789149923.368552,-0.002371,0.000747,0.000262,0.012042,-0.004027,-0.014252,0.007364,-0.003215,-0.999968,0.000000,0.000000,0.000000,-0.002577,0.001306,-0.004797,0.003883,-0.001681,-0.001073,0.002167,-0.000198,0.044003,0.030157,0.002379,0.001940,0.000000,0.000000,-0.000000,-0.000000,0.000000,-0.000000,0.043633,0.021817,0.000000,0.021817,0.000000,-0.000000,0.000000,0.000000,0.000000,0.000000,0.000000,0.000000,0.000000,0.000000,0.000000,0.000000,0.000000,0.000000,0.000000,0.000000,0.000000,0.000000,0.000000,0.000000,0.000000,0.000000,0.000000,0.000000,0.000000,0.000000
1789149923.388807,-0.000965,0.002067,0.000032,0.002721,-0.007888,-0.017182,0.007529,-0.003015,-0.999967,0.000000,0.000000,0.000000,-0.002577,0.001306,-0.004797,0.003038,-0.001507,-0.001073,0.001701,0.000329,0.044003,0.030828,0.002379,0.002205,0.000000,0.000000,-0.000000,-0.109083,0.000000,-0.000000,-0.021817,-0.000000,0.000000,-0.000000,0.000000,-0.000000,0.000000,0.000000,0.000000,0.000000,0.000000,0.000000,0.000000,0.000000,0.000000,0.000000,0.000000,0.000000,0.000000,0.000000,0.000000,0.000000,0.000000,0.000000,0.000000,0.000000,0.000000,0.000000,0.000000,0.000000
1789149923.408583,-0.000065,0.002665,-0.000069,-0.004470,-0.000831,-0.015717,0.007632,-0.002921,-0.999967,0.000000,0.000000,0.000000,-0.002577,0.001306,-0.004797,0.002915,-0.001332,-0.000809,0.002232,0.000852,0.044003,0.031003,0.002464,0.002205,0.000000,0.000000,-0.000000,-0.021817,0.000000,-0.000000,0.065450,-0.000000,0.000000,-0.000000,0.130900,-0.000000,0.000000,0.000000,0.000000,0.000000,0.000000,0.000000,0.000000,0.000000,0.000000,0.000000,0.000000,0.000000,0.000000,0.000000,0.000000,0.000000,0.000000,0.000000,0.000000,0.000000,0.000000,0.000000,0.000000,0.000000
1789149923.428591,0.001166,0.003231,-0.000126,-0.006334,-0.001896,-0.012122,0.007803,-0.002807,-0.999966,0.000000,0.000000,0.000000,-0.002577,0.001306,-0.004797,0.002454,-0.001332,-0.000634,0.002508,0.001376,0.044003,0.031177,0.002655,0.002205,0.000000,0.000000,-0.000000,-0.021817,0.000000,-0.000000,0.043633,-0.000000,0.000000,-0.000000,0.130900,-0.000000,0.000000,0.000000,0.000000,0.000000,0.000000,0.000000,0.000000,0.000000,0.000000,0.000000,0.000000,0.000000,0.000000,0.000000,0.000000,0.000000,0.000000,0.000000,0.000000,0.000000,0.000000,0.000000,0.000000,0.000000
1789149923.448523,0.001766,0.003261,-0.000158,0.003786,-0.001097,-0.008793,0.007996,-0.002541,-0.999965,0.000000,0.000000,0.000000,-0.002577,0.001306,-0.004797,0.002312,-0.001158,-0.000460,0.002682,0.001725,0.044003,0.031603,0.002494,0.002205,0.000000,0.000000,-0.000000,-0.000000,0.000000,-0.000000,0.000000,-0.000000,0.000000,0.021817,0.065450,-0.000000,0.000000,0.000000,0.000000,0.000000,0.000000,0.000000,0.000000,0.000000,0.000000,0.000000,0.000000,0.000000,0.000000,0.000000,0.000000,0.000000,0.000000,0.000000,0.000000,0.000000,0.000000,0.000000,0.000000,0.000000
1789149923.468525,0.002404,0.003031,-0.000295,-0.000076,-0.004027,0.000129,0.008225,-0.002365,-0.999963,0.000000,0.000000,0.000000,-0.002577,0.001306,-0.004797,0.002138,-0.001158,-0.000460,0.002682,0.001725,0.044303,0.031875,0.002475,0.002205,0.000000,0.000000,-0.000000,-0.000000,0.000000,-0.000000,0.000000,-0.000000,0.021817,-0.000000,0.043633,-0.000000,0.000000,0.000000,0.000000,0.000000,0.000000,0.000000,0.000000,0.000000,0.000000,0.000000,0.000000,0.000000,0.000000,0.000000,0.000000,0.000000,0.000000,0.000000,0.000000,0.000000,0.000000,0.000000,0.000000,0.000000
1789149923.488676,0.002628,0.002683,-0.000413,-0.011261,0.004762,0.002659,0.008264,-0.002439,-0.999963,0.000000,0.000000,0.000000,-0.002577,0.001306,-0.004797,0.002138,-0.001087,-0.000460,0.002682,0.001725,0.044485,0.031875,0.002508,0.002205,0.000000,0.000000,-0.000000,-0.000000,0.021817,-0.000000,0.000000,-0.000000,0.000000,-0.000000,0.043633,-0.000000,0.000000,0.000000,0.000000,0.000000,0.000000,0.000000,0.000000,0.000000,0.000000,0.000000,0.000000,0.000000,0.000000,0.000000,0.000000,0.000000,0.000000,0.000000,0.000000,0.000000,0.000000,0.000000,0.000000,0.000000
1789149923.508987,0.002644,0.002082,-0.000438,-0.003804,0.006759,0.006920,0.008337,-0.002380,-0.999962,0.000000,0.000000,0.000000,-0.002577,0.001306,-0.004797,0.002138,-0.000983,-0.000460,0.002682,0.001725,0.044485,0.031875,0.002494,0.001940,0.000000,0.000000,-0.000000,-0.000000,0.000000,-0.000000,0.000000,-0.000000,0.000000,-0.000000,0.021817,-0.000000,0.000000,0.000000,0.000000,0.000000,0.000000,0.000000,0.000000,0.000000,0.000000,0.000000,0.000000,0.000000,0.000000,0.000000,0.000000,0.000000,0.000000,0.000000,0.000000,0.000000,0.000000,0.000000,0.000000,0.000000
1789149923.529107,0.002460,0.001061,-0.000397,-0.001540,0.003031,0.009983,0.008453,-0.002314,-0.999962,0.000000,0.000000,0.000000,-0.002577,0.001306,-0.004797,0.002138,-0.000983,-0.000460,0.002682,0.001725,0.044485,0.031875,0.002505,0.001591,0.000000,0.000000,-0.000000,-0.000000,0.000000,-0.000000,0.000000,-0.000000,0.000000,-0.000000,0.021817,-0.000000,0.000000,0.000000,0.000000,0.000000,0.000000,0.000000,0.000000,0.000000,0.000000,0.000000,0.000000,0.000000,0.000000,0.000000,0.000000,0.000000,0.000000,0.000000,0.000000,0.000000,0.000000,0.000000,0.000000,0.000000
1789149923.549097,0.002139,0.000289,-0.000346,0.000324,0.003297,0.008252,0.008513,-0.002293,-0.999961,0.000000,0.000000,0.000000,-0.002269,0.001306,-0.004797,0.002138,-0.000983,-0.000460,0.002682,0.001725,0.044485,0.031679,0.002338,0.001229,0.000000,0.000000,-0.000000,-0.000000,0.000000,-0.000000,0.000000,-0.000000,0.000000,-0.065450,0.000000,-0.021817,0.000000,0.000000,0.000000,0.000000,0.000000,0.000000,0.000000,0.000000,0.000000,0.000000,0.000000,0.000000,0.000000,0.000000,0.000000,0.000000,0.000000,0.000000,0.000000,0.000000,0.000000,0.000000,0.000000,0.000000
1789149923.568719,0.001552,-0.000855,-0.000257,-0.002606,0.004895,0.008651,0.008456,-0.002304,-0.999962,0.000000,0.000000,0.000000,-0.002269,0.001306,-0.004797,0.002138,-0.000983,-0.000460,0.002355,0.001417,0.044485,0.031376,0.002423,0.000967,0.000000,0.000000,-0.000000,-0.000000,0.000000,-0.000000,-0.021817,-0.000000,0.000000,-0.043633,-0.043633,-0.087266,0.000000,0.000000,0.000000,0.000000,0.000000,0.000000,0.000000,0.000000,0.000000,0.000000,0.000000,0.000000,0.000000,0.000000,0.000000,0.000000,0.000000,0.000000,0.000000,0.000000,0.000000,0.000000,0.000000,0.000000
1789149923.588577,0.001123,-0.001498,-0.000165,-0.008731,0.005427,0.007852,0.008333,-0.002385,-0.999962,0.000000,0.000000,0.000000,-0.002269,0.001306,-0.004797,0.002138,-0.000983,-0.000460,0.001801,0.001079,0.044485,0.030953,0.001965,0.000893,0.000000,0.000000,-0.000000,-0.000000,0.000000,-0.000000,-0.130900,-0.021817,0.000000,-0.043633,-0.196350,-0.000000,0.000000,0.000000,0.000000,0.000000,0.000000,0.000000,0.000000,0.000000,0.000000,0.000000,0.000000,0.000000,0.000000,0.000000,0.000000,0.000000,0.000000,0.000000,0.000000,0.000000,0.000000,0.000000,0.000000,0.000000
1789149923.608697,0.000386,-0.002350,-0.000005,-0.001407,0.005561,0.005722,0.008179,-0.002434,-0.999964,0.000000,0.000000,0.000000,-0.002220,0.001132,-0.004622,0.002228,-0.001248,-0.000460,0.001529,0.000828,0.044485,0.030585,0.001924,0.000719,0.021817,0.000000,-0.000000,0.043633,0.000000,-0.000000,-0.021817,-0.021817,0.000000,-0.065450,-0.130900,-0.000000,0.000000,0.000000,0.000000,0.000000,0.000000,0.000000,0.000000,0.000000,0.000000,0.000000,0.000000,0.000000,0.000000,0.000000,0.000000,0.000000,0.000000,0.000000,0.000000,0.000000,0.000000,0.000000,0.000000,0.000000
1789149923.628507,0.000151,-0.002587,0.000007,0.005517,0.004495,0.005722,0.008010,-0.002433,-0.999965,0.000000,0.000000,0.000000,-0.001920,0.000919,-0.004448,0.002402,-0.001422,-0.000743,0.001529,0.000566,0.044485,0.030302,0.002300,0.000719,0.000000,-0.021817,-0.000000,-0.000000,0.000000,-0.043633,0.130900,-0.021817,0.000000,-0.021817,0.043633,-0.000000,0.000000,0.000000,0.000000,0.000000,0.000000,0.000000,0.000000,0.000000,0.000000,0.000000,0.000000,0.000000,0.000000,0.000000,0.000000,0.000000,0.000000,0.000000,0.000000,0.000000,0.000000,0.000000,0.000000,0.000000
1789149923.648521,-0.000385,-0.003065,0.000093,-0.001008,0.005960,0.002260,0.007797,-0.002416,-0.999967,0.000000,0.000000,0.000000,-0.001784,0.000957,-0.004448,0.002577,-0.001422,-0.000724,0.001861,0.000476,0.044485,0.029977,0.002317,0.000612,0.021817,0.000000,-0.000000,-0.000000,0.000000,-0.000000,0.239983,-0.021817,0.000000,-0.021817,0.043633,-0.021817,0.000000,0.000000,0.000000,0.000000,0.000000,0.000000,0.000000,0.000000,0.000000,0.000000,0.000000,0.000000,0.000000,0.000000,0.000000,0.000000,0.000000,0.000000,0.000000,0.000000,0.000000,0.000000,0.000000,0.000000
1789149923.668602,-0.000668,-0.002944,0.000128,-0.004337,-0.001630,-0.002268,0.007735,-0.002526,-0.999967,0.000000,0.000000,0.000000,-0.001571,0.000957,-0.004448,0.002577,-0.001619,-0.000724,0.001804,0.000272,0.044485,0.029489,0.002030,0.000544,0.000000,0.000000,-0.000000,-0.000000,-0.021817,-0.000000,0.130900,-0.021817,0.000000,-0.087266,0.000000,-0.000000,0.000000,0.000000,0.000000,0.000000,0.000000,0.000000,0.000000,0.000000,0.000000,0.000000,0.000000,0.000000,0.000000,0.000000,0.000000,0.000000,0.000000,0.000000,0.000000,0.000000,0.000000,0.000000,0.000000,0.000000
1789149923.688804,-0.000752,-0.002804,0.000107,0.008180,0.004495,-0.001735,0.007641,-0.002491,-0.999968,0.000000,0.000000,0.000000,-0.001571,0.000957,-0.004243,0.002577,-0.001597,-0.000724,0.001635,0.000021,0.044485,0.029456,0.002030,0.000544,0.000000,0.000000,0.021817,-0.000000,0.000000,-0.000000,0.021817,-0.000000,0.000000,-0.021817,0.000000,-0.000000,0.000000,0.000000,0.000000,0.000000,0.000000,0.000000,0.000000,0.000000,0.000000,0.000000,0.000000,0.000000,0.000000,0.000000,0.000000,0.000000,0.000000,0.000000,0.000000,0.000000,0.000000,0.000000,0.000000,0.000000
1789149923.708570,-0.000784,-0.002601,0.000074,-0.011660,0.001566,-0.000270,0.007578,-0.002654,-0.999968,0.000000,0.000000,0.000000,-0.001571,0.000957,-0.004273,0.002751,-0.001597,-0.000724,0.001834,0.000021,0.044485,0.029342,0.002030,0.000544,0.000000,0.000000,-0.000000,-0.000000,0.000000,-0.000000,0.021817,-0.000000,0.000000,-0.000000,0.000000,-0.000000,0.000000,0.000000,0.000000,0.000000,0.000000,0.000000,0.000000,0.000000,0.000000,0.000000,0.000000,0.000000,0.000000,0.000000,0.000000,0.000000,0.000000,0.000000,0.000000,0.000000,0.000000,0.000000,0.000000,0.000000
1789149923.728520,-0.000769,-0.002470,0.000082,-0.000608,0.003696,0.000262,0.007454,-0.002537,-0.999969,0.000000,0.000000,0.000000,-0.001571,0.000957,-0.004273,0.002751,-0.001597,-0.000724,0.001221,0.000021,0.044485,0.029342,0.002030,0.000544,0.000000,0.000000,-0.000000,-0.000000,0.000000,-0.000000,0.087266,-0.000000,0.000000,-0.000000,0.000000,-0.000000,0.000000,0.000000,0.000000,0.000000,0.000000,0.000000,0.000000,0.000000,0.000000,0.000000,0.000000,0.000000,0.000000,0.000000,0.000000,0.000000,0.000000,0.000000,0.000000,0.000000,0.000000,0.000000,0.000000,0.000000
1789149923.748497,-0.000600,-0.001681,0.000061,0.011909,-0.000698,-0.002934,0.007432,-0.002323,-0.999970,0.000000,0.000000,0.000000,-0.001571,0.000957,-0.004273,0.002751,-0.001597,-0.000724,0.001182,0.000021,0.044485,0.029342,0.002030,0.000544,0.000000,0.000000,-0.000000,-0.000000,0.000000,-0.000000,-0.109083,-0.000000,0.000000,-0.000000,0.000000,-0.000000,0.000000,0.000000,0.000000,0.000000,0.000000,0.000000,0.000000,0.000000,0.000000,0.000000,0.000000,0.000000,0.000000,0.000000,0.000000,0.000000,0.000000,0.000000,0.000000,0.000000,0.000000,0.000000,0.000000,0.000000
1789149923.768925,-0.000443,-0.000916,0.000042,0.008180,0.003297,-0.000936,0.007328,-0.002196,-0.999971,0.000000,0.000000,0.000000,-0.001484,0.000957,-0.004273,0.002468,-0.001597,-0.000724,0.001362,0.000021,0.044485,0.029342,0.001856,0.000544,0.021817,0.000000,-0.000000,-0.043633,0.000000,-0.000000,-0.021817,-0.000000,0.000000,-0.000000,0.000000,-0.000000,0.000000,0.000000,0.000000,0.000000,0.000000,0.000000,0.000000,0.000000,0.000000,0.000000,0.000000,0.000000,0.000000,0.000000,0.000000,0.000000,0.000000,0.000000,0.000000,0.000000,0.000000,0.000000,0.000000,0.000000
1789149923.788525,-0.000341,-0.000326,0.000070,-0.008598,-0.001763,-0.003333,0.007331,-0.002201,-0.999971,0.000000,0.000000,0.000000,-0.001705,0.000783,-0.004273,0.002432,-0.001597,-0.000724,0.001507,0.000021,0.044485,0.029342,0.001856,0.000544,0.000000,0.000000,-0.000000,-0.021817,0.000000,-0.000000,-0.021817,-0.000000,0.000000,-0.000000,0.000000,-0.000000,0.000000,0.000000,0.000000,0.000000,0.000000,0.000000,0.000000,0.000000,0.000000,0.000000,0.000000,0.000000,0.000000,0.000000,0.000000,0.000000,0.000000,0.000000,0.000000,0.000000,0.000000,0.000000,0.000000,0.000000
1789149923.808560,-0.000218,0.000471,0.000174,0.003120,0.001166,-0.010524,0.007339,-0.002056,-0.999971,0.000000,0.000000,0.000000,-0.001705,0.000635,-0.004273,0.002138,-0.001332,-0.000724,0.001540,0.000329,0.044485,0.029342,0.001681,0.000544,0.000000,-0.021817,-0.000000,-0.000000,0.000000,-0.000000,0.065450,-0.000000,0.000000,-0.000000,0.000000,-0.000000,0.000000,0.000000,0.000000,0.000000,0.000000,0.000000,0.000000,0.000000,0.000000,0.000000,0.000000,0.000000,0.000000,0.000000,0.000000,0.000000,0.000000,0.000000,0.000000,0.000000,0.000000,0.000000,0.000000,0.000000
1789149923.828528,-0.000106,0.000867,0.000306,-0.001141,-0.004426,-0.004798,0.007497,-0.001944,-0.999970,0.000000,0.000000,0.000000,-0.001705,0.000608,-0.004273,0.001789,-0.001332,-0.000724,0.002162,0.000678,0.044485,0.029342,0.001332,0.000083,0.000000,0.000000,-0.000000,-0.000000,0.000000,-0.000000,0.174533,-0.000000,0.000000,-0.000000,0.000000,-0.021817,0.000000,0.000000,0.000000,0.000000,0.000000,0.000000,0.000000,0.000000,0.000000,0.000000,0.000000,0.000000,0.000000,0.000000,0.000000,0.000000,0.000000,0.000000,0.000000,0.000000,0.000000,0.000000,0.000000,0.000000
1789149923.848513,0.000039,0.001142,0.000441,-0.011128,-0.005625,-0.003733,0.007712,-0.001888,-0.999968,0.000000,0.000000,0.000000,-0.001705,0.000608,-0.004273,0.001658,-0.001332,-0.000724,0.002352,0.000844,0.044485,0.029342,0.001158,-0.000225,0.000000,0.000000,-0.000000,-0.021817,0.000000,-0.000000,0.109083,0.021817,0.000000,-0.000000,0.000000,-0.021817,0.000000,0.000000,0.000000,0.000000,0.000000,0.000000,0.000000,0.000000,0.000000,0.000000,0.000000,0.000000,0.000000,0.000000,0.000000,0.000000,0.000000,0.000000,0.000000,0.000000,0.000000,0.000000,0.000000,0.000000
1789149923.868549,0.000197,0.001138,0.000623,-0.005269,-0.002163,-0.006662,0.007841,-0.001735,-0.999968,0.000000,0.000000,0.000000,-0.001705,0.000608,-0.004273,0.001704,-0.001332,-0.000724,0.002366,0.000852,0.044485,0.029342,0.000784,-0.000503,0.000000,0.000000,-0.000000,-0.000000,0.000000,-0.000000,0.043633,-0.000000,0.000000,-0.000000,-0.021817,-0.000000,0.000000,0.000000,0.000000,0.000000,0.000000,0.000000,0.000000,0.000000,0.000000,0.000000,0.000000,0.000000,0.000000,0.000000,0.000000,0.000000,0.000000,0.000000,0.000000,0.000000,0.000000,0.000000,0.000000,0.000000
1789149923.888564,0.000252,0.001006,0.000677,-0.007266,0.005161,0.001327,0.007858,-0.001615,-0.999968,0.000000,0.000000,0.000000,-0.001705,0.000608,-0.004107,0.001538,-0.001332,-0.000724,0.002347,0.000852,0.044485,0.029342,0.000809,-0.001027,0.000000,0.000000,0.021817,0.043633,0.000000,-0.000000,0.021817,-0.000000,0.000000,-0.000000,0.000000,-0.000000,0.000000,0.000000,0.000000,0.000000,0.000000,0.000000,0.000000,0.000000,0.000000,0.000000,0.000000,0.000000,0.000000,0.000000,0.000000,0.000000,0.000000,0.000000,0.000000,0.000000,0.000000,0.000000,0.000000,0.000000
1789149923.908526,0.000474,0.000259,0.000709,-0.007666,0.002365,0.007186,0.007907,-0.001518,-0.999968,0.000000,0.000000,0.000000,-0.001396,0.000608,-0.004099,0.001265,-0.001332,-0.000724,0.002181,0.000852,0.044485,0.029167,0.000809,-0.001550,0.000000,0.000000,-0.000000,-0.000000,0.000000,-0.000000,-0.065450,-0.000000,0.000000,-0.000000,0.000000,-0.000000,0.000000,0.000000,0.000000,0.000000,0.000000,0.000000,0.000000,0.000000,0.000000,0.000000,0.000000,0.000000,0.000000,0.000000,0.000000,0.000000,0.000000,0.000000,0.000000,0.000000,0.000000,0.000000,0.000000,0.000000
1789149923.928559,0.000631,-0.000800,0.000823,-0.002606,0.003963,0.007985,0.007922,-0.001379,-0.999968,0.000000,0.000000,0.000000,-0.001396,0.000608,-0.003954,0.001415,-0.001332,-0.000724,0.001531,0.000852,0.044485,0.028464,0.000637,-0.001676,0.000000,0.000000,0.021817,-0.043633,0.000000,-0.000000,-0.196350,-0.000000,0.000000,-0.043633,-0.021817,-0.021817,0.000000,0.000000,0.000000,0.000000,0.000000,0.000000,0.000000,0.000000,0.000000,0.000000,0.000000,0.000000,0.000000,0.000000,0.000000,0.000000,0.000000,0.000000,0.000000,0.000000,0.000000,0.000000,0.000000,0.000000
1789149923.948483,0.000693,-0.001620,0.000838,-0.006467,0.007558,0.011048,0.007789,-0.001345,-0.999969,0.000000,0.000000,0.000000,-0.001396,0.000608,-0.003856,0.001879,-0.001332,-0.000724,0.001401,0.000852,0.044485,0.027997,0.000634,-0.001725,0.000000,0.000000,0.021817,-0.000000,0.000000,-0.000000,-0.130900,-0.000000,0.000000,-0.087266,0.000000,-0.000000,0.000000,0.000000,0.000000,0.000000,0.000000,0.000000,0.000000,0.000000,0.000000,0.000000,0.000000,0.000000,0.000000,0.000000,0.000000,0.000000,0.000000,0.000000,0.000000,0.000000,0.000000,0.000000,0.000000,0.000000
1789149923.968506,0.000600,-0.002916,0.000836,-0.014989,0.011952,0.014111,0.007558,-0.001475,-0.999970,0.000000,0.000000,0.000000,-0.001396,0.000608,-0.003750,0.002059,-0.001332,-0.000724,0.001155,0.000852,0.044485,0.027414,0.000939,-0.001725,0.000000,0.000000,-0.000000,0.043633,0.000000,-0.000000,-0.065450,-0.000000,0.000000,-0.043633,0.021817,-0.000000,0.000000,0.000000,0.000000,0.000000,0.000000,0.000000,0.000000,0.000000,0.000000,0.000000,0.000000,0.000000,0.000000,0.000000,0.000000,0.000000,0.000000,0.000000,0.000000,0.000000,0.000000,0.000000,0.000000,0.000000
1789149923.988501,0.000252,-0.004038,0.001033,-0.025109,0.008490,0.012912,0.007381,-0.001934,-0.999971,0.000000,0.000000,0.000000,-0.001241,0.000608,-0.003692,0.001789,-0.001332,-0.000724,0.000997,0.000544,0.044485,0.026266,0.001095,-0.002205,0.021817,0.000000,0.021817,-0.000000,0.000000,-0.000000,-0.021817,-0.000000,0.000000,-0.087266,0.021817,-0.065450,0.000000,0.000000,0.000000,0.000000,0.000000,0.000000,0.000000,0.000000,0.000000,0.000000,0.000000,0.000000,0.000000,0.000000,0.000000,0.000000,0.000000,0.000000,0.000000,0.000000,0.000000,0.000000,0.000000,0.000000
1789149924.008480,0.000252,-0.004038,0.001033,-0.034963,0.000634,0.015575,0.007345,-0.002412,-0.999970,0.000000,0.000000,0.000000,-0.001222,0.000434,-0.003518,0.001786,-0.001332,-0.000460,0.000847,0.000544,0.044485,0.025153,0.001117,-0.002783,0.000000,0.000000,0.021817,-0.021817,0.000000,-0.000000,0.000000,-0.000000,0.000000,-0.000000,0.000000,-0.021817,0.000000,0.000000,0.000000,0.000000,0.000000,0.000000,0.000000,0.000000,0.000000,0.000000,0.000000,0.000000,0.000000,0.000000,0.000000,0.000000,0.000000,0.000000,0.000000,0.000000,0.000000,0.000000,0.000000,0.000000
1789149924.028476,0.000051,-0.004996,0.001191,-0.010062,0.010487,0.012779,0.007084,-0.002480,-0.999972,0.000000,0.000000,0.000000,-0.001222,0.000434,-0.003272,0.002228,-0.001332,-0.000285,0.001212,0.000544,0.044485,0.023863,0.001291,-0.003121,0.000000,0.000000,0.021817,-0.000000,0.000000,-0.000000,0.109083,-0.000000,0.000000,-0.087266,0.000000,-0.000000,0.000000,0.000000,0.000000,0.000000,0.000000,0.000000,0.000000,0.000000,0.000000,0.000000,0.000000,0.000000,0.000000,0.000000,0.000000,0.000000,0.000000,0.000000,0.000000,0.000000,0.000000,0.000000,0.000000,0.000000
1789149924.048477,0.000171,-0.005960,0.001321,0.004452,0.009156,0.011980,0.006922,-0.002458,-0.999973,0.000000,0.000000,0.000000,-0.001222,0.000434,-0.002806,0.002599,-0.001332,-0.000285,0.001466,0.000370,0.044485,0.023209,0.000776,-0.003121,0.000000,0.000000,0.021817,0.043633,0.000000,-0.000000,0.065450,-0.000000,0.000000,-0.021817,-0.130900,-0.000000,0.000000,0.000000,0.000000,0.000000,0.000000,0.000000,0.000000,0.000000,0.000000,0.000000,0.000000,0.000000,0.000000,0.000000,0.000000,0.000000,0.000000,0.000000,0.000000,0.000000,0.000000,0.000000,0.000000,0.000000
1789149924.068461,0.000177,-0.006795,0.000832,-0.000875,0.012485,0.009583,0.006789,-0.002741,-0.999973,0.000000,0.000000,0.000000,-0.000698,0.000434,-0.002353,0.002623,-0.001332,-0.000285,0.001324,0.000021,0.044485,0.022996,0.000945,-0.003121,0.000000,0.000000,-0.000000,0.021817,0.000000,-0.000000,0.021817,-0.000000,0.000000,-0.021817,-0.043633,-0.000000,0.000000,0.000000,0.000000,0.000000,0.000000,0.000000,0.000000,0.000000,0.000000,0.000000,0.000000,0.000000,0.000000,0.000000,0.000000,0.000000,0.000000,0.000000,0.000000,0.000000,0.000000,0.000000,0.000000,0.000000
1789149924.088488,-0.000198,-0.008117,0.000376,-0.011527,0.008490,0.008651,0.006743,-0.003078,-0.999973,0.000000,0.000000,0.000000,-0.000559,0.000434,-0.001931,0.003101,-0.001332,-0.000285,0.000621,-0.000328,0.044485,0.022734,0.001294,-0.003121,0.021817,0.000000,0.021817,-0.000000,0.000000,-0.000000,-0.174533,-0.000000,0.000000,-0.021817,-0.021817,-0.000000,0.000000,0.000000,0.000000,0.000000,0.000000,0.000000,0.000000,0.000000,0.000000,0.000000,0.000000,0.000000,0.000000,0.000000,0.000000,0.000000,0.000000,0.000000,0.000000,0.000000,0.000000,0.000000,0.000000,0.000000
1789149924.108469,-0.000343,-0.008489,0.000143,-0.013125,0.004495,0.010782,0.006599,-0.003352,-0.999973,0.000000,0.000000,0.000000,-0.000524,0.000434,-0.001655,0.003275,-0.001332,-0.000285,-0.000067,-0.000678,0.044485,0.022612,0.002074,-0.003121,0.000000,0.000000,-0.000000,-0.000000,0.000000,-0.000000,-0.174533,-0.000000,0.000000,-0.021817,0.130900,-0.000000,0.000000,0.000000,0.000000,0.000000,0.000000,0.000000,0.000000,0.000000,0.000000,0.000000,0.000000,0.000000,0.000000,0.000000,0.000000,0.000000,0.000000,0.000000,0.000000,0.000000,0.000000,0.000000,0.000000,0.000000
1789149924.128473,-0.000501,-0.008325,-0.000181,0.002588,0.003297,0.011181,0.006475,-0.003410,-0.999973,0.000000,0.000000,0.000000,-0.000450,0.000434,-0.001306,0.003665,-0.001597,-0.000285,-0.000227,-0.001027,0.044485,0.022360,0.002371,-0.003121,0.021817,0.000000,-0.000000,0.087266,0.000000,-0.000000,-0.043633,-0.000000,0.000000,-0.000000,0.152716,-0.000000,0.000000,0.000000,0.000000,0.000000,0.000000,0.000000,0.000000,0.000000,0.000000,0.000000,0.000000,0.000000,0.000000,0.000000,0.000000,0.000000,0.000000,0.000000,0.000000,0.000000,0.000000,0.000000,0.000000,0.000000
1789149924.148509,-0.000626,-0.007981,-0.000270,0.017235,0.007824,0.006920,0.006276,-0.003256,-0.999975,0.000000,0.000000,0.000000,-0.000657,0.000434,-0.000824,0.003624,-0.001771,-0.000285,0.000034,-0.001362,0.044485,0.022186,0.002306,-0.003121,0.000000,0.000000,0.065450,-0.000000,0.000000,-0.000000,0.087266,-0.043633,0.000000,-0.000000,0.043633,-0.000000,0.000000,0.000000,0.000000,0.000000,0.000000,0.000000,0.000000,0.000000,0.000000,0.000000,0.000000,0.000000,0.000000,0.000000,0.000000,0.000000,0.000000,0.000000,0.000000,0.000000,0.000000,0.000000,0.000000,0.000000
1789149924.168493,-0.000914,-0.006967,-0.000336,0.032814,0.005561,0.000662,0.006221,-0.002781,-0.999977,0.000000,0.000000,0.000000,-0.000349,0.000434,0.000115,0.003973,-0.001771,-0.000285,0.000602,-0.001706,0.044485,0.022012,0.002338,-0.002857,0.000000,0.000000,0.065450,-0.000000,0.000000,-0.000000,0.218166,-0.065450,0.000000,-0.000000,0.000000,-0.000000,0.000000,0.000000,0.000000,0.000000,0.000000,0.000000,0.000000,0.000000,0.000000,0.000000,0.000000,0.000000,0.000000,0.000000,0.000000,0.000000,0.000000,0.000000,0.000000,0.000000,0.000000,0.000000,0.000000,0.000000
1789149924.188544,-0.001176,-0.005960,-0.000362,0.020164,-0.002562,-0.000404,0.006226,-0.002483,-0.999978,0.000000,0.000000,0.000000,-0.000349,0.000698,0.001402,0.004052,-0.001771,-0.000549,0.000550,-0.002047,0.044485,0.022012,0.001869,-0.002507,0.000000,0.000000,0.087266,0.021817,0.000000,-0.000000,0.109083,-0.065450,0.000000,-0.000000,-0.065450,-0.000000,0.000000,0.000000,0.000000,0.000000,0.000000,0.000000,0.000000,0.000000,0.000000,0.000000,0.000000,0.000000,0.000000,0.000000,0.000000,0.000000,0.000000,0.000000,0.000000,0.000000,0.000000,0.000000,0.000000,0.000000
1789149924.208562,-0.001462,-0.004845,-0.000336,0.008180,-0.002828,-0.004132,0.006217,-0.002390,-0.999978,0.000000,0.000000,0.000000,-0.000175,0.000698,0.002064,0.004148,-0.001771,-0.000899,0.000591,-0.002150,0.044177,0.022012,0.001496,-0.002507,0.000000,0.000000,0.021817,-0.000000,0.000000,-0.000000,0.021817,-0.021817,0.000000,-0.000000,-0.021817,-0.000000,0.000000,0.000000,0.000000,0.000000,0.000000,0.000000,0.000000,0.000000,0.000000,0.000000,0.000000,0.000000,0.000000,0.000000,0.000000,0.000000,0.000000,0.000000,0.000000,0.000000,0.000000,0.000000,0.000000,0.000000
1789149924.228489,-0.001757,-0.002735,-0.000066,0.009512,0.000234,-0.001336,0.006173,-0.002237,-0.999978,0.000000,0.000000,0.000000,-0.000175,0.000698,0.002184,0.004148,-0.001507,-0.000899,0.000762,-0.002248,0.043831,0.022012,0.001133,-0.002507,0.000000,0.000000,-0.000000,-0.000000,0.000000,-0.000000,0.000000,-0.000000,-0.043633,-0.000000,-0.021817,-0.000000,0.000000,0.000000,0.000000,0.000000,0.000000,0.000000,0.000000,0.000000,0.000000,0.000000,0.000000,0.000000,0.000000,0.000000,0.000000,0.000000,0.000000,0.000000,0.000000,0.000000,0.000000,0.000000,0.000000,0.000000
1789149924.248491,-0.001621,-0.001133,0.000049,0.018167,-0.008554,0.000528,0.006355,-0.001876,-0.999978,0.000000,0.000000,0.000000,-0.000175,0.000698,0.002378,0.004148,-0.001332,-0.000899,0.000752,-0.001918,0.043654,0.022377,0.000809,-0.002507,0.000000,0.000000,0.021817,-0.000000,0.000000,-0.000000,-0.109083,0.021817,0.000000,0.043633,0.000000,-0.000000,0.000000,0.000000,0.000000,0.000000,0.000000,0.000000,0.000000,0.000000,0.000000,0.000000,0.000000,0.000000,0.000000,0.000000,0.000000,0.000000,0.000000,0.000000,0.000000,0.000000,0.000000,0.000000,0.000000,0.000000
1789149924.268503,-0.001309,0.000448,0.000093,0.012708,-0.010418,-0.001602,0.006568,-0.001657,-0.999977,0.000000,0.000000,0.000000,-0.000175,0.000698,0.002359,0.003883,-0.000983,-0.000899,0.000844,-0.001845,0.043654,0.022851,0.000656,-0.002507,0.000000,0.000000,-0.000000,-0.000000,0.000000,-0.000000,-0.087266,0.021817,0.000000,0.065450,0.065450,-0.000000,0.000000,0.000000,0.000000,0.000000,0.000000,0.000000,0.000000,0.000000,0.000000,0.000000,0.000000,0.000000,0.000000,0.000000,0.000000,0.000000,0.000000,0.000000,0.000000,0.000000,0.000000,0.000000,0.000000,0.000000
1789149924.288574,-0.000759,0.002735,0.000279,0.015504,0.000900,-0.006129,0.006547,-0.001345,-0.999978,0.000000,0.000000,0.000000,-0.000502,0.000698,0.002359,0.003501,-0.000809,-0.000899,0.001022,-0.001681,0.043654,0.023421,0.000432,-0.002142,-0.021817,0.000000,-0.000000,-0.021817,0.000000,-0.000000,-0.043633,0.021817,0.000000,0.043633,-0.021817,0.021817,0.000000,0.000000,0.000000,0.000000,0.000000,0.000000,0.000000,0.000000,0.000000,0.000000,0.000000,0.000000,0.000000,0.000000,0.000000,0.000000,0.000000,0.000000,0.000000,0.000000,0.000000,0.000000,0.000000,0.000000
1789149924.308522,-0.000383,0.004157,0.000403,0.015104,0.009688,-0.009991,0.006388,-0.000951,-0.999979,0.000000,0.000000,0.000000,-0.000483,0.000395,0.002359,0.003174,-0.000460,-0.000899,0.001829,-0.001417,0.043654,0.023849,0.000525,-0.001433,0.000000,-0.065450,-0.000000,-0.087266,0.000000,-0.000000,0.021817,-0.000000,0.000000,0.065450,-0.087266,0.043633,0.000000,0.000000,0.000000,0.000000,0.000000,0.000000,0.000000,0.000000,0.000000,0.000000,0.000000,0.000000,0.000000,0.000000,0.000000,0.000000,0.000000,0.000000,0.000000,0.000000,0.000000,0.000000,0.000000,0.000000
1789149924.328489,-0.000547,0.005234,0.000305,-0.005269,0.002498,-0.016383,0.006318,-0.000794,-0.999980,0.000000,0.000000,0.000000,-0.000832,0.000434,0.002359,0.002836,-0.000460,-0.000899,0.001810,-0.001068,0.043654,0.024196,0.000258,-0.001395,0.000000,0.000000,-0.000000,-0.000000,0.000000,-0.000000,0.000000,-0.000000,0.000000,-0.000000,-0.130900,0.021817,0.000000,0.000000,0.000000,0.000000,0.000000,0.000000,0.000000,0.000000,0.000000,0.000000,0.000000,0.000000,0.000000,0.000000,0.000000,0.000000,0.000000,0.000000,0.000000,0.000000,0.000000,0.000000,0.000000,0.000000
1789149924.348549,-0.000547,0.005234,0.000305,-0.006201,0.002098,-0.025970,0.006430,-0.000658,-0.999979,0.000000,0.000000,0.000000,-0.000832,0.000259,0.002359,0.002312,-0.000460,-0.000634,0.001810,-0.000718,0.043654,0.024370,0.000026,-0.001111,0.000000,0.000000,-0.000000,-0.000000,0.000000,-0.000000,0.000000,-0.000000,0.000000,-0.000000,-0.196350,-0.000000,0.000000,0.000000,0.000000,0.000000,0.000000,0.000000,0.000000,0.000000,0.000000,0.000000,0.000000,0.000000,0.000000,0.000000,0.000000,0.000000,0.000000,0.000000,0.000000,0.000000,0.000000,0.000000,0.000000,0.000000
1789149924.368591,-0.000447,0.005672,0.000087,0.010178,0.007824,-0.024772,0.006468,-0.000313,-0.999979,0.000000,0.000000,0.000000,-0.000832,0.000259,0.002051,0.001963,-0.000460,-0.000285,0.001810,-0.000544,0.043654,0.024370,-0.000255,-0.001111,0.000000,0.000000,-0.000000,-0.000000,0.000000,-0.000000,0.000000,-0.000000,0.000000,-0.000000,-0.174533,-0.000000,0.000000,0.000000,0.000000,0.000000,0.000000,0.000000,0.000000,0.000000,0.000000,0.000000,0.000000,0.000000,0.000000,0.000000,0.000000,0.000000,0.000000,0.000000,0.000000,0.000000,0.000000,0.000000,0.000000,0.000000
1789149924.388635,-0.000423,0.005404,0.000110,0.006316,0.004895,-0.017981,0.006526,0.000171,-0.999979,0.000000,0.000000,0.000000,-0.000832,0.000259,0.001893,0.001614,-0.000460,-0.000100,0.001545,-0.000369,0.043468,0.024370,-0.000250,-0.001062,0.000000,0.000000,-0.021817,-0.000000,0.000000,0.021817,0.000000,-0.000000,-0.021817,-0.000000,-0.087266,0.021817,0.000000,0.000000,0.000000,0.000000,0.000000,0.000000,0.000000,0.000000,0.000000,0.000000,0.000000,0.000000,0.000000,0.000000,0.000000,0.000000,0.000000,0.000000,0.000000,0.000000,0.000000,0.000000,0.000000,0.000000
1789149924.408584,-0.000222,0.005036,0.000030,-0.011527,0.009289,-0.012654,0.006437,0.000219,-0.999979,0.000000,0.000000,0.000000,-0.000524,0.000259,0.001811,0.001614,-0.000460,-0.000111,0.001545,-0.000369,0.043479,0.024370,-0.000380,-0.000937,0.000000,0.000000,-0.021817,-0.000000,0.000000,-0.000000,0.000000,-0.000000,0.000000,-0.000000,-0.130900,-0.000000,0.000000,0.000000,0.000000,0.000000,0.000000,0.000000,0.000000,0.000000,0.000000,0.000000,0.000000,0.000000,0.000000,0.000000,0.000000,0.000000,0.000000,0.000000,0.000000,0.000000,0.000000,0.000000,0.000000,0.000000
1789149924.428613,-0.000312,0.003728,-0.000024,-0.002073,0.009822,-0.002667,0.006298,0.000302,-0.999980,0.000000,0.000000,0.000000,-0.000224,0.000259,0.001702,0.001565,-0.000724,-0.000111,0.001346,-0.000369,0.043479,0.024370,-0.000269,-0.000937,0.065450,0.000000,-0.000000,-0.021817,0.000000,-0.000000,-0.021817,-0.000000,0.000000,-0.000000,-0.109083,-0.000000,0.000000,0.000000,0.000000,0.000000,0.000000,0.000000,0.000000,0.000000,0.000000,0.000000,0.000000,0.000000,0.000000,0.000000,0.000000,0.000000,0.000000,0.000000,0.000000,0.000000,0.000000,0.000000,0.000000,0.000000
1789149924.448535,-0.000572,0.002699,0.000010,-0.003138,0.011686,0.011980,0.006082,0.000505,-0.999981,0.000000,0.000000,0.000000,-0.000175,0.000259,0.001702,0.001440,-0.000899,-0.000111,0.001022,-0.000678,0.043305,0.024035,0.000129,-0.000937,0.000000,0.000000,-0.000000,-0.000000,0.000000,-0.000000,0.000000,-0.000000,0.000000,-0.021817,-0.065450,-0.000000,0.000000,0.000000,0.000000,0.000000,0.000000,0.000000,0.000000,0.000000,0.000000,0.000000,0.000000,0.000000,0.000000,0.000000,0.000000,0.000000,0.000000,0.000000,0.000000,0.000000,0.000000,0.000000,0.000000,0.000000
1789149924.468515,-0.000669,0.001398,0.000519,-0.006467,0.003031,0.013711,0.006045,0.000534,-0.999982,0.000000,0.000000,0.000000,-0.000240,0.000259,0.001702,0.001440,-0.000899,-0.000111,0.000651,-0.001027,0.043130,0.023757,0.000359,-0.000937,-0.065450,0.000000,-0.000000,-0.000000,0.000000,-0.000000,-0.021817,-0.000000,0.000000,-0.000000,-0.109083,-0.000000,0.000000,0.000000,0.000000,0.000000,0.000000,0.000000,0.000000,0.000000,0.000000,0.000000,0.000000,0.000000,0.000000,0.000000,0.000000,0.000000,0.000000,0.000000,0.000000,0.000000,0.000000,0.000000,0.000000,0.000000
1789149924.488567,-0.000777,0.000584,0.000778,-0.004337,0.007292,0.017839,0.005910,0.000315,-0.999982,0.000000,0.000000,0.000000,-0.000000,0.000259,0.001702,0.001661,-0.000899,-0.000375,0.000672,-0.001447,0.043130,0.023408,0.000566,-0.000937,0.000000,0.000000,-0.000000,0.065450,0.000000,-0.000000,0.000000,-0.021817,0.000000,-0.000000,0.021817,-0.000000,0.000000,0.000000,0.000000,0.000000,0.000000,0.000000,0.000000,0.000000,0.000000,0.000000,0.000000,0.000000,0.000000,0.000000,0.000000,0.000000,0.000000,0.000000,0.000000,0.000000,0.000000,0.000000,0.000000,0.000000
1789149924.508503,-0.000924,-0.000175,0.000842,-0.007932,0.005028,0.025429,0.005769,0.000162,-0.999983,0.000000,0.000000,0.000000,-0.000308,0.000259,0.001702,0.001704,-0.000899,-0.000498,0.000672,-0.001804,0.043130,0.023059,0.000757,-0.000937,0.000000,0.000000,-0.000000,-0.000000,0.000000,-0.021817,0.000000,-0.021817,0.000000,-0.000000,0.109083,-0.000000,0.000000,0.000000,0.000000,0.000000,0.000000,0.000000,0.000000,0.000000,0.000000,0.000000,0.000000,0.000000,0.000000,0.000000,0.000000,0.000000,0.000000,0.000000,0.000000,0.000000,0.000000,0.000000,0.000000,0.000000
1789149924.528482,-0.001362,-0.001276,0.000433,0.002721,0.003297,0.015575,0.005620,0.000253,-0.999984,0.000000,0.000000,0.000000,-0.000308,0.000259,0.001702,0.001879,-0.001103,-0.000648,0.000672,-0.002074,0.043130,0.022710,0.000539,-0.000937,0.000000,0.000000,-0.000000,-0.000000,-0.021817,-0.021817,0.000000,-0.000000,0.000000,-0.000000,0.065450,-0.000000,0.000000,0.000000,0.000000,0.000000,0.000000,0.000000,0.000000,0.000000,0.000000,0.000000,0.000000,0.000000,0.000000,0.000000,0.000000,0.000000,0.000000,0.000000,0.000000,0.000000,0.000000,0.000000,0.000000,0.000000
1789149924.548486,-0.001519,-0.001766,0.000191,0.010444,0.001299,0.007985,0.005591,0.000264,-0.999984,0.000000,0.000000,0.000000,-0.000308,0.000259,0.001702,0.002053,-0.001073,-0.000724,0.000672,-0.002248,0.043130,0.022710,0.000460,-0.000937,0.000000,0.000000,-0.000000,-0.000000,0.000000,-0.000000,0.000000,-0.000000,0.000000,-0.000000,0.000000,-0.000000,0.000000,0.000000,0.000000,0.000000,0.000000,0.000000,0.000000,0.000000,0.000000,0.000000,0.000000,0.000000,0.000000,0.000000,0.000000,0.000000,0.000000,0.000000,0.000000,0.000000,0.000000,0.000000,0.000000,0.000000
1789149924.568496,-0.001499,-0.001992,0.000026,-0.004337,0.002365,0.006121,0.005518,0.000076,-0.999985,0.000000,0.000000,0.000000,-0.000308,0.000259,0.001702,0.002053,-0.001073,-0.000724,0.000672,-0.002423,0.043130,0.022535,0.000424,-0.000937,0.000000,0.000000,-0.000000,-0.000000,0.000000,-0.000000,0.000000,-0.000000,0.000000,-0.000000,-0.021817,-0.000000,0.000000,0.000000,0.000000,0.000000,0.000000,0.000000,0.000000,0.000000,0.000000,0.000000,0.000000,0.000000,0.000000,0.000000,0.000000,0.000000,0.000000,0.000000,0.000000,0.000000,0.000000,0.000000,0.000000,0.000000
1789149924.588499,-0.001217,-0.001999,-0.000109,-0.006068,0.003031,-0.007195,0.005436,-0.000112,-0.999985,0.000000,0.000000,0.000000,-0.000308,0.000259,0.001702,0.002228,-0.001073,-0.000724,0.000672,-0.002423,0.043130,0.022535,0.000454,-0.000937,0.000000,0.000000,-0.000000,-0.000000,0.000000,-0.000000,0.000000,-0.000000,0.000000,-0.000000,-0.021817,-0.000000,0.000000,0.000000,0.000000,0.000000,0.000000,0.000000,0.000000,0.000000,0.000000,0.000000,0.000000,0.000000,0.000000,0.000000,0.000000,0.000000,0.000000,0.000000,0.000000,0.000000,0.000000,0.000000,0.000000,0.000000
1789149924.608507,-0.000876,-0.001823,-0.000207,0.003120,0.002764,-0.014518,0.005343,-0.000152,-0.999986,0.000000,0.000000,0.000000,-0.000308,0.000259,0.001702,0.002228,-0.001073,-0.000724,0.000672,-0.002423,0.043130,0.022535,0.000942,-0.000937,0.000000,0.000000,-0.000000,-0.000000,0.000000,-0.000000,0.000000,-0.000000,0.000000,-0.000000,0.000000,-0.000000,0.000000,0.000000,0.000000,0.000000,0.000000,0.000000,0.000000,0.000000,0.000000,0.000000,0.000000,0.000000,0.000000,0.000000,0.000000,0.000000,0.000000,0.000000,0.000000,0.000000,0.000000,0.000000,0.000000,0.000000
1789149924.628489,-0.000273,-0.001356,-0.000282,0.000324,-0.000698,-0.013719,0.005358,-0.000158,-0.999986,0.000000,0.000000,0.000000,-0.000308,0.000259,0.001702,0.002228,-0.001073,-0.000724,0.000672,-0.002115,0.043130,0.022535,0.000942,-0.000937,0.000000,0.000000,-0.000000,-0.000000,0.000000,-0.000000,0.000000,-0.000000,0.000000,-0.000000,0.000000,-0.000000,0.000000,0.000000,0.000000,0.000000,0.000000,0.000000,0.000000,0.000000,0.000000,0.000000,0.000000,0.000000,0.000000,0.000000,0.000000,0.000000,0.000000,0.000000,0.000000,0.000000,0.000000,0.000000,0.000000,0.000000
1789149924.648519,0.000014,-0.001049,-0.000080,0.005251,-0.001231,-0.017182,0.005360,0.000016,-0.999986,0.000000,0.000000,0.000000,-0.000308,0.000259,0.001702,0.001963,-0.001073,-0.000724,0.000672,-0.001766,0.043130,0.022535,0.000929,-0.000937,0.000000,0.000000,-0.000000,-0.000000,0.000000,-0.000000,0.000000,-0.000000,0.000000,-0.000000,0.021817,-0.000000,0.000000,0.000000,0.000000,0.000000,0.000000,0.000000,0.000000,0.000000,0.000000,0.000000,0.000000,0.000000,0.000000,0.000000,0.000000,0.000000,0.000000,0.000000,0.000000,0.000000,0.000000,0.000000,0.000000,0.000000
1789149924.668500,0.000865,0.000018,0.000211,0.004718,-0.002695,-0.015850,0.005441,0.000105,-0.999985,0.000000,0.000000,0.000000,-0.000308,0.000259,0.001702,0.001824,-0.001073,-0.000724,0.000672,-0.001417,0.043130,0.023198,0.000931,-0.000762,0.000000,0.000000,-0.000000,-0.021817,0.000000,-0.000000,0.000000,-0.000000,0.000000,0.021817,0.043633,-0.000000,0.000000,0.000000,0.000000,0.000000,0.000000,0.000000,0.000000,0.000000,0.000000,0.000000,0.000000,0.000000,0.000000,0.000000,0.000000,0.000000,0.000000,0.000000,0.000000,0.000000,0.000000,0.000000,0.000000,0.000000
1789149924.688530,0.001046,0.000444,-0.000020,0.009112,-0.005492,-0.007062,0.005621,0.000403,-0.999984,0.000000,0.000000,0.000000,-0.000308,0.000259,0.001702,0.001789,-0.001073,-0.000394,0.000672,-0.001068,0.043130,0.023323,0.000460,-0.000588,0.000000,0.000000,-0.000000,-0.000000,0.000000,0.021817,0.000000,-0.000000,0.000000,-0.000000,0.000000,-0.000000,0.000000,0.000000,0.000000,0.000000,0.000000,0.000000,0.000000,0.000000,0.000000,0.000000,0.000000,0.000000,0.000000,0.000000,0.000000,0.000000,0.000000,0.000000,0.000000,0.000000,0.000000,0.000000,0.000000,0.000000
1789149924.708743,0.001216,0.000945,-0.000008,0.001123,0.002098,-0.005464,0.005684,0.000531,-0.999984,0.000000,0.000000,0.000000,-0.000308,0.000259,0.001702,0.001587,-0.000809,-0.000285,0.000937,-0.001021,0.043130,0.023323,0.000285,-0.000233,0.000000,0.000000,-0.000000,-0.021817,0.000000,-0.000000,0.000000,0.021817,0.000000,-0.000000,0.000000,0.021817,0.000000,0.000000,0.000000,0.000000,0.000000,0.000000,0.000000,0.000000,0.000000,0.000000,0.000000,0.000000,0.000000,0.000000,0.000000,0.000000,0.000000,0.000000,0.000000,0.000000,0.000000,0.000000,0.000000,0.000000
1789149924.728531,0.001122,0.001461,0.000100,-0.009530,0.004495,-0.002401,0.005733,0.000433,-0.999983,0.000000,0.000000,0.000000,-0.000308,0.000259,0.001702,0.001614,-0.000634,-0.000111,0.000937,-0.000893,0.043130,0.023378,0.000091,-0.000238,0.000000,0.000000,-0.000000,-0.000000,0.000000,-0.000000,0.000000,-0.000000,0.000000,0.021817,-0.043633,-0.000000,0.000000,0.000000,0.000000,0.000000,0.000000,0.000000,0.000000,0.000000,0.000000,0.000000,0.000000,0.000000,0.000000,0.000000,0.000000,0.000000,0.000000,0.000000,0.000000,0.000000,0.000000,0.000000,0.000000,0.000000
1789149924.748519,0.000921,0.001652,0.000115,0.012574,0.002764,0.001061,0.005760,0.000806,-0.999983,0.000000,0.000000,0.000000,-0.000308,0.000259,0.001702,0.001440,-0.000634,-0.000111,0.000937,-0.000893,0.043130,0.023498,0.000266,-0.000238,0.000000,0.000000,-0.000000,-0.000000,0.000000,-0.000000,0.000000,-0.000000,0.000000,-0.000000,-0.021817,-0.000000,0.000000,0.000000,0.000000,0.000000,0.000000,0.000000,0.000000,0.000000,0.000000,0.000000,0.000000,0.000000,0.000000,0.000000,0.000000,0.000000,0.000000,0.000000,0.000000,0.000000,0.000000,0.000000,0.000000,0.000000
1789149924.768493,0.000713,0.001841,0.000093,0.006449,0.004628,0.002659,0.005738,0.001102,-0.999983,0.000000,0.000000,0.000000,-0.000308,0.000259,0.001702,0.001265,-0.000634,-0.000111,0.001112,-0.000893,0.043130,0.023547,0.000389,-0.000064,0.000000,0.000000,-0.000000,-0.000000,0.000000,-0.000000,0.000000,-0.000000,0.000000,0.021817,-0.109083,-0.000000,0.000000,0.000000,0.000000,0.000000,0.000000,0.000000,0.000000,0.000000,0.000000,0.000000,0.000000,0.000000,0.000000,0.000000,0.000000,0.000000,0.000000,0.000000,0.000000,0.000000,0.000000,0.000000,0.000000,0.000000
1789149924.788586,0.000339,0.002041,-0.000243,-0.005935,0.003430,-0.001602,0.005738,0.001073,-0.999983,0.000000,0.000000,0.000000,-0.000308,0.000259,0.001702,0.001091,-0.000451,-0.000111,0.001112,-0.000893,0.043130,0.023672,0.000768,0.000110,0.000000,0.000000,-0.000000,-0.000000,0.021817,-0.000000,0.000000,-0.000000,0.000000,-0.000000,0.000000,-0.000000,0.000000,0.000000,0.000000,0.000000,0.000000,0.000000,0.000000,0.000000,0.000000,0.000000,0.000000,0.000000,0.000000,0.000000,0.000000,0.000000,0.000000,0.000000,0.000000,0.000000,0.000000,0.000000,0.000000,0.000000
1789149924.808543,-0.000229,0.001815,-0.000364,-0.005668,0.000101,-0.002268,0.005793,0.000941,-0.999983,0.000000,0.000000,0.000000,-0.000308,0.000259,0.001702,0.001091,-0.000460,-0.000111,0.001112,-0.000893,0.043130,0.023672,0.000768,0.000110,0.000000,0.000000,-0.000000,-0.000000,0.000000,-0.000000,0.000000,-0.000000,0.000000,-0.000000,0.000000,-0.000000,0.000000,0.000000,0.000000,0.000000,0.000000,0.000000,0.000000,0.000000,0.000000,0.000000,0.000000,0.000000,0.000000,0.000000,0.000000,0.000000,0.000000,0.000000,0.000000,0.000000,0.000000,0.000000,0.000000,0.000000
1789149924.828506,-0.000513,0.001651,-0.000394,0.012441,0.003164,-0.001203,0.005748,0.001265,-0.999983,0.000000,0.000000,0.000000,-0.000308,0.000259,0.001702,0.001091,-0.000460,-0.000111,0.001112,-0.000893,0.043130,0.023672,0.000577,0.000110,0.000000,0.000000,-0.000000,-0.000000,0.000000,-0.000000,0.000000,-0.000000,0.000000,-0.000000,0.021817,-0.000000,0.000000,0.000000,0.000000,0.000000,0.000000,0.000000,0.000000,0.000000,0.000000,0.000000,0.000000,0.000000,0.000000,0.000000,0.000000,0.000000,0.000000,0.000000,0.000000,0.000000,0.000000,0.000000,0.000000,0.000000
1789149924.848500,-0.000553,0.001569,0.000025,0.006716,0.003829,-0.004798,0.005721,0.001502,-0.999983,0.000000,0.000000,0.000000,-0.000308,0.000259,0.001702,0.001091,-0.000460,-0.000111,0.001112,-0.000893,0.043130,0.023672,0.000558,0.000320,0.000000,0.000000,-0.000000,-0.000000,0.000000,-0.000000,0.000000,-0.000000,0.000000,-0.000000,0.109083,0.021817,0.000000,0.000000,0.000000,0.000000,0.000000,0.000000,0.000000,0.000000,0.000000,0.000000,0.000000,0.000000,0.000000,0.000000,0.000000,0.000000,0.000000,0.000000,0.000000,0.000000,0.000000,0.000000,0.000000,0.000000
1789149924.868498,-0.000598,0.001361,0.000481,0.000324,0.002631,-0.005464,0.005683,0.001563,-0.999983,0.000000,0.000000,0.000000,-0.000308,0.000259,0.001702,0.001091,-0.000460,-0.000111,0.001112,-0.000893,0.043130,0.023672,0.000285,0.000285,0.000000,0.000000,-0.000000,-0.000000,0.000000,-0.000000,0.000000,-0.000000,0.000000,-0.000000,0.000000,-0.000000,0.000000,0.000000,0.000000,0.000000,0.000000,0.000000,0.000000,0.000000,0.000000,0.000000,0.000000,0.000000,0.000000,0.000000,0.000000,0.000000,0.000000,0.000000,0.000000,0.000000,0.000000,0.000000,0.000000,0.000000
1789149924.888501,-0.000639,0.001068,0.000444,-0.002206,0.005561,-0.002800,0.005575,0.001598,-0.999983,0.000000,0.000000,0.000000,-0.000308,0.000259,0.001702,0.001091,-0.000460,-0.000111,0.001112,-0.000893,0.043130,0.023672,0.000089,0.000285,0.000000,0.000000,-0.000000,-0.000000,0.000000,-0.000000,0.000000,-0.000000,0.000000,-0.000000,-0.087266,-0.000000,0.000000,0.000000,0.000000,0.000000,0.000000,0.000000,0.000000,0.000000,0.000000,0.000000,0.000000,0.000000,0.000000,0.000000,0.000000,0.000000,0.000000,0.000000,0.000000,0.000000,0.000000,0.000000,0.000000,0.000000
1789149924.908559,-0.000704,0.000664,0.000274,-0.003538,0.006359,-0.001203,0.005395,0.001679,-0.999984,0.000000,0.000000,0.000000,-0.000308,0.000259,0.001702,0.001091,-0.000460,-0.000111,0.000847,-0.000893,0.043130,0.023672,0.000078,0.000285,0.000000,0.000000,-0.000000,-0.000000,0.000000,-0.000000,0.000000,-0.000000,0.000000,-0.000000,-0.087266,-0.000000,0.000000,0.000000,0.000000,0.000000,0.000000,0.000000,0.000000,0.000000,0.000000,0.000000,0.000000,0.000000,0.000000,0.000000,0.000000,0.000000,0.000000,0.000000,0.000000,0.000000,0.000000,0.000000,0.000000,0.000000
1789149924.928552,-0.000404,0.000368,0.000585,-0.007532,0.002764,-0.000803,0.005306,0.001644,-0.999985,0.000000,0.000000,0.000000,-0.000308,0.000259,0.001702,0.001091,-0.000460,-0.000111,0.000847,-0.000893,0.043130,0.023672,0.000288,0.000285,0.000000,0.000000,-0.000000,-0.000000,0.000000,-0.000000,0.000000,-0.000000,0.000000,-0.000000,-0.109083,-0.000000,0.000000,0.000000,0.000000,0.000000,0.000000,0.000000,0.000000,0.000000,0.000000,0.000000,0.000000,0.000000,0.000000,0.000000,0.000000,0.000000,0.000000,0.000000,0.000000,0.000000,0.000000,0.000000,0.000000,0.000000
1789149924.948549,-0.000214,0.000138,0.000694,-0.009663,0.001299,0.002393,0.005254,0.001525,-0.999985,0.000000,0.000000,0.000000,-0.000308,0.000259,0.001702,0.001091,-0.000460,-0.000111,0.000847,-0.000893,0.043130,0.023672,0.000569,0.000285,0.000000,0.000000,-0.000000,-0.000000,0.000000,-0.000000,0.000000,-0.000000,0.000000,-0.000000,-0.065450,-0.000000,0.000000,0.000000,0.000000,0.000000,0.000000,0.000000,0.000000,0.000000,0.000000,0.000000,0.000000,0.000000,0.000000,0.000000,0.000000,0.000000,0.000000,0.000000,0.000000,0.000000,0.000000,0.000000,0.000000,0.000000
1789149924.968529,0.000054,-0.000113,0.000637,-0.007932,0.003297,0.003724,0.005174,0.001411,-0.999986,0.000000,0.000000,0.000000,-0.000308,0.000259,0.001702,0.001091,-0.000460,-0.000111,0.000847,-0.000893,0.043130,0.023672,0.000768,0.000285,0.000000,0.000000,-0.000000,-0.000000,0.000000,-0.000000,0.000000,-0.000000,0.000000,-0.000000,0.000000,-0.000000,0.000000,0.000000,0.000000,0.000000,0.000000,0.000000,0.000000,0.000000,0.000000,0.000000,0.000000,0.000000,0.000000,0.000000,0.000000,0.000000,0.000000,0.000000,0.000000,0.000000,0.000000,0.000000,0.000000,0.000000
1789149924.988557,0.000603,-0.000282,0.000842,-0.005668,0.002098,0.003058,0.005125,0.001342,-0.999986,0.000000,0.000000,0.000000,-0.000308,0.000259,0.001702,0.001091,-0.000460,-0.000111,0.000847,-0.000893,0.043130,0.023672,0.000751,0.000285,0.000000,0.000000,-0.000000,-0.000000,0.000000,-0.000000,0.000000,-0.000000,0.000000,-0.000000,0.021817,-0.000000,0.000000,0.000000,0.000000,0.000000,0.000000,0.000000,0.000000,0.000000,0.000000,0.000000,0.000000,0.000000,0.000000,0.000000,0.000000,0.000000,0.000000,0.000000,0.000000,0.000000,0.000000,0.000000,0.000000,0.000000
1789149925.008526,0.001056,-0.000453,0.000822,-0.001274,-0.000432,0.001860,0.005188,0.001289,-0.999986,0.000000,0.000000,0.000000,-0.000308,0.000259,0.001702,0.001091,-0.000460,-0.000111,0.000847,-0.000893,0.043130,0.023672,0.000607,0.000285,0.000000,0.000000,-0.000000,-0.000000,0.000000,-0.000000,0.000000,-0.000000,0.000000,-0.000000,0.065450,-0.000000,0.000000,0.000000,0.000000,0.000000,0.000000,0.000000,0.000000,0.000000,0.000000,0.000000,0.000000,0.000000,0.000000,0.000000,0.000000,0.000000,0.000000,0.000000,0.000000,0.000000,0.000000,0.000000,0.000000,0.000000
1789149925.028525,0.001147,-0.000731,0.000690,0.000590,-0.001497,0.001061,0.005284,0.001242,-0.999985,0.000000,0.000000,0.000000,-0.000308,0.000259,0.001702,0.001091,-0.000460,-0.000111,0.000847,-0.000893,0.043438,0.023672,0.000460,0.000285,0.000000,0.000000,-0.000000,-0.000000,0.000000,-0.000000,0.000000,-0.000000,0.000000,-0.000000,0.000000,-0.000000,0.000000,0.000000,0.000000,0.000000,0.000000,0.000000,0.000000,0.000000,0.000000,0.000000,0.000000,0.000000,0.000000,0.000000,0.000000,0.000000,0.000000,0.000000,0.000000,0.000000,0.000000,0.000000,0.000000,0.000000
1789149925.048534,0.001361,-0.000801,0.000989,-0.001540,0.000234,-0.001868,0.005344,0.001221,-0.999985,0.000000,0.000000,0.000000,-0.000308,0.000259,0.001702,0.001091,-0.000460,-0.000111,0.000847,-0.000718,0.043438,0.023672,0.000460,0.000021,0.000000,0.000000,-0.000000,-0.000000,0.000000,-0.000000,0.000000,-0.000000,0.000000,-0.000000,0.000000,-0.000000,0.000000,0.000000,0.000000,0.000000,0.000000,0.000000,0.000000,0.000000,0.000000,0.000000,0.000000,0.000000,0.000000,0.000000,0.000000,0.000000,0.000000,0.000000,0.000000,0.000000,0.000000,0.000000,0.000000,0.000000
1789149925.068525,0.001535,-0.000969,0.001027,-0.001008,0.004762,-0.003733,0.005326,0.001233,-0.999985,0.000000,0.000000,0.000000,-0.000308,0.000259,0.001702,0.001091,-0.000460,-0.000111,0.000847,-0.000533,0.043613,0.023672,0.000457,-0.000181,0.000000,0.000000,-0.000000,-0.000000,0.000000,-0.000000,0.000000,0.021817,0.000000,-0.000000,-0.021817,-0.021817,0.000000,0.000000,0.000000,0.000000,0.000000,0.000000,0.000000,0.000000,0.000000,0.000000,0.000000,0.000000,0.000000,0.000000,0.000000,0.000000,0.000000,0.000000,0.000000,0.000000,0.000000,0.000000,0.000000,0.000000
1789149925.088532,0.001527,-0.001039,0.001122,0.000590,0.003563,-0.003333,0.005331,0.001219,-0.999985,0.000000,0.000000,0.000000,-0.000308,0.000259,0.001702,0.001091,-0.000460,-0.000111,0.000847,-0.000369,0.043613,0.023672,0.000768,-0.000154,0.000000,0.000000,-0.000000,-0.000000,0.000000,-0.000000,0.000000,-0.000000,0.000000,-0.000000,0.000000,-0.000000,0.000000,0.000000,0.000000,0.000000,0.000000,0.000000,0.000000,0.000000,0.000000,0.000000,0.000000,0.000000,0.000000,0.000000,0.000000,0.000000,0.000000,0.000000,0.000000,0.000000,0.000000,0.000000,0.000000,0.000000
1789149925.108540,0.001541,-0.000983,0.001014,-0.004070,0.004096,-0.003466,0.005300,0.001136,-0.999985,0.000000,0.000000,0.000000,-0.000308,0.000259,0.001702,0.001091,-0.000460,-0.000111,0.000847,-0.000369,0.043613,0.023672,0.000757,-0.000154,0.000000,0.000000,-0.000000,-0.000000,0.000000,-0.000000,0.000000,-0.000000,0.000000,-0.000000,0.021817,-0.000000,0.000000,0.000000,0.000000,0.000000,0.000000,0.000000,0.000000,0.000000,0.000000,0.000000,0.000000,0.000000,0.000000,0.000000,0.000000,0.000000,0.000000,0.000000,0.000000,0.000000,0.000000,0.000000,0.000000,0.000000
1789149925.128557,0.001163,-0.001053,0.000935,0.000191,0.002498,-0.003067,0.005289,0.001148,-0.999985,0.000000,0.000000,0.000000,-0.000308,0.000259,0.001702,0.001091,-0.000460,-0.000111,0.000847,-0.000369,0.043613,0.023672,0.000874,-0.000154,0.000000,0.000000,-0.000000,-0.000000,0.000000,-0.000000,0.000000,-0.000000,0.000000,-0.000000,0.087266,-0.000000,0.000000,0.000000,0.000000,0.000000,0.000000,0.000000,0.000000,0.000000,0.000000,0.000000,0.000000,0.000000,0.000000,0.000000,0.000000,0.000000,0.000000,0.000000,0.000000,0.000000,0.000000,0.000000,0.000000,0.000000
1789149925.148519,0.000967,-0.000951,0.000797,0.008979,0.002498,0.001061,0.005289,0.001326,-0.999985,0.000000,0.000000,0.000000,-0.000308,0.000259,0.001702,0.001091,-0.000460,-0.000111,0.000847,-0.000369,0.043613,0.023672,0.000664,-0.000154,0.000000,0.000000,-0.000000,-0.000000,0.000000,-0.000000,0.000000,-0.000000,0.000000,-0.000000,0.065450,-0.000000,0.000000,0.000000,0.000000,0.000000,0.000000,0.000000,0.000000,0.000000,0.000000,0.000000,0.000000,0.000000,0.000000,0.000000,0.000000,0.000000,0.000000,0.000000,0.000000,0.000000,0.000000,0.000000,0.000000,0.000000
1789149925.168531,0.000668,-0.000821,0.000734,0.011110,0.002232,0.001594,0.005291,0.001560,-0.999985,0.000000,0.000000,0.000000,-0.000308,0.000259,0.001702,0.001091,-0.000460,-0.000111,0.000847,-0.000369,0.043613,0.023672,0.000460,-0.000154,0.000000,0.000000,-0.000000,-0.000000,0.000000,-0.000000,0.000000,-0.000000,0.000000,-0.000000,0.000000,-0.000000,0.000000,0.000000,0.000000,0.000000,0.000000,0.000000,0.000000,0.000000,0.000000,0.000000,0.000000,0.000000,0.000000,0.000000,0.000000,0.000000,0.000000,0.000000,0.000000,0.000000,0.000000,0.000000,0.000000,0.000000
1789149925.188530,0.000121,-0.000557,0.000587,-0.001008,0.004096,0.001727,0.005253,0.001539,-0.999985,0.000000,0.000000,0.000000,-0.000308,0.000259,0.001702,0.001091,-0.000460,-0.000111,0.000847,-0.000678,0.043613,0.023672,0.000274,-0.000154,0.000000,0.000000,-0.000000,-0.000000,0.000000,-0.000000,0.000000,-0.000000,0.000000,-0.000000,-0.043633,-0.000000,0.000000,0.000000,0.000000,0.000000,0.000000,0.000000,0.000000,0.000000,0.000000,0.000000,0.000000,0.000000,0.000000,0.000000,0.000000,0.000000,0.000000,0.000000,0.000000,0.000000,0.000000,0.000000,0.000000,0.000000
1789149925.208597,-0.000487,-0.000293,0.000581,-0.000475,0.006892,0.000928,0.005123,0.001536,-0.999986,0.000000,0.000000,0.000000,-0.000308,0.000259,0.001702,0.001091,-0.000460,-0.000111,0.000847,-0.000852,0.043613,0.023672,0.000269,-0.000154,0.000000,0.000000,-0.000000,-0.000000,0.000000,-0.000000,0.000000,-0.021817,0.000000,-0.000000,-0.065450,-0.000000,0.000000,0.000000,0.000000,0.000000,0.000000,0.000000,0.000000,0.000000,0.000000,0.000000,0.000000,0.000000,0.000000,0.000000,0.000000,0.000000,0.000000,0.000000,0.000000,0.000000,0.000000,0.000000,0.000000,0.000000
1789149925.228582,-0.000801,-0.000034,0.000498,0.008047,0.004895,-0.000670,0.005010,0.001702,-0.999986,0.000000,0.000000,0.000000,-0.000308,0.000259,0.001702,0.001091,-0.000460,-0.000111,0.000847,-0.000852,0.043613,0.023672,0.000288,0.000110,0.000000,0.000000,-0.000000,-0.000000,0.000000,-0.000000,0.000000,-0.000000,0.000000,-0.000000,-0.109083,-0.000000,0.000000,0.000000,0.000000,0.000000,0.000000,0.000000,0.000000,0.000000,0.000000,0.000000,0.000000,0.000000,0.000000,0.000000,0.000000,0.000000,0.000000,0.000000,0.000000,0.000000,0.000000,0.000000,0.000000,0.000000
1789149925.250576,-0.001041,0.000240,0.000419,0.004185,0.000634,-0.001602,0.004989,0.001837,-0.999986,0.021926,0.000000,0.000000,-0.000308,0.000259,0.001702,0.001091,-0.000460,-0.000111,0.000681,-0.000852,0.043613,0.023672,0.000561,0.000285,0.000000,0.000000,-0.000000,-0.000000,0.000000,-0.000000,-0.021817,-0.000000,0.000000,-0.000000,-0.065450,-0.000000,0.000000,0.000000,0.000000,0.000000,0.000000,0.000000,0.000000,0.000000,0.000000,0.000000,0.000000,0.000000,-0.172817,-0.417512,-0.246782,-0.496568,0.512239,-0.148461,0.165036,0.062095,-0.342892,0.555506,-0.744357,0.359738
1789149925.269300,-0.001176,0.000545,0.000348,-0.005402,0.002232,-0.004398,0.004939,0.001746,-0.999986,0.047889,0.000000,0.000000,-0.000308,0.000259,0.001702,0.001091,-0.000460,-0.000111,0.000672,-0.000852,0.043613,0.023672,0.000593,0.008924,0.000000,0.000000,-0.000000,-0.000000,0.000000,-0.000000,0.000000,-0.000000,0.000000,-0.000000,0.000000,2.399828,-0.172817,-0.417512,-0.246782,-0.496568,0.512239,-0.148461,0.165036,0.062095,-0.342892,0.555506,-0.744357,0.359738,0.018166,-0.759889,-0.486800,-0.282048,0.761233,-0.211972,0.483382,-0.122071,-0.120302,0.420823,-1.070844,0.361921
1789149925.289254,-0.001199,0.000955,0.000214,-0.100210,0.038184,0.003458,0.003796,-0.000410,-0.999993,0.082859,0.000000,0.000000,-0.009414,-0.028397,-0.010559,-0.029363,0.034894,-0.013116,0.006743,-0.001095,0.035230,0.079962,-0.004757,0.050201,-0.109083,-1.221731,-0.632682,-1.090831,0.719949,-0.938115,0.109083,0.021817,-1.069014,3.097960,-0.436332,1.221731,0.018166,-0.759889,-0.486800,-0.282048,0.761233,-0.211972,0.483382,-0.122071,-0.120302,0.420823,-1.070844,0.361921,0.079389,-0.681413,-0.256608,-0.241847,0.624224,-0.153584,0.151190,-0.059013,-0.513951,0.570128,-1.001474,0.192656
1789149925.309172,-0.001878,0.003890,-0.000524,0.763053,0.409562,0.236351,-0.005584,0.016565,-0.999847,0.124322,0.000000,0.000000,0.000952,-0.076336,-0.023055,-0.043982,0.063419,-0.024755,0.028731,-0.005903,0.015338,0.091219,-0.004687,0.070657,0.458149,-1.963496,-0.109083,-0.654499,1.592613,-0.349066,0.610865,-0.087267,-1.178097,0.392699,-0.021817,0.283616,0.079389,-0.681413,-0.256608,-0.241847,0.624224,-0.153584,0.151190,-0.059013,-0.513951,0.570128,-1.001474,0.192656,0.225565,-0.771500,-0.373615,-0.446344,0.727871,-0.233682,0.363707,0.136157,-0.294350,0.464708,-1.263595,0.214073
1789149925.329130,-0.003542,0.015488,-0.000530,1.238161,0.322610,0.296539,-0.012556,0.041113,-0.999076,0.174376,0.000000,0.000000,0.010565,-0.096991,0.004044,-0.046557,0.087388,-0.027744,0.031513,-0.002319,-0.025996,0.118228,-0.003361,0.086210,0.349066,-1.090831,1.527163,-0.000000,1.418080,-0.283616,0.763582,1.069014,-1.396264,0.829032,0.239983,1.418080,0.225565,-0.771500,-0.373615,-0.446344,0.727871,-0.233682,0.363707,0.136157,-0.294350,0.464708,-1.263595,0.214073,0.380002,-0.851513,-0.547032,-0.147085,0.819493,-0.246917,0.289469,-0.013272,-0.225307,0.145801,-1.304450,0.379600
1789149925.349123,-0.003425,0.027404,-0.000178,0.218437,0.119810,0.278296,-0.015110,0.045061,-0.998870,0.237124,0.000000,0.000000,0.026684,-0.123340,0.021195,-0.049390,0.111195,-0.031093,0.048364,0.002235,-0.031665,0.121168,-0.003380,0.101451,0.763582,-0.981748,0.305433,0.065450,0.981748,-0.000000,0.567232,-0.414516,-0.632682,0.458149,0.000000,1.483530,0.380002,-0.851513,-0.547032,-0.147085,0.819493,-0.246917,0.289469,-0.013272,-0.225307,0.145801,-1.304450,0.379600,0.538422,-0.888457,-0.730504,0.239830,0.770453,-0.173738,0.280185,-0.033669,-0.153277,-0.049111,-1.327747,0.318939
1789149925.369169,0.002051,0.047085,0.001734,0.039472,0.099703,0.327298,-0.017915,0.045030,-0.998825,0.319036,0.000000,0.000000,0.042630,-0.139441,0.004860,-0.037323,0.129134,-0.028289,0.058326,0.003994,-0.031068,0.098522,-0.004422,0.108776,0.283616,-0.676315,-1.178097,0.523599,0.763582,0.305433,0.807215,-0.000000,-0.174533,-1.876229,-0.152716,-0.436332,0.538422,-0.888457,-0.730504,0.239830,0.770453,-0.173738,0.280185,-0.033669,-0.153277,-0.049111,-1.327747,0.318939,0.606732,-0.942338,-0.885898,0.565437,0.741105,-0.259284,0.116688,0.040384,-0.047358,-0.106011,-1.499381,0.366620
1789149925.389211,0.007188,0.060086,0.002889,-0.093153,0.121808,0.307990,-0.020206,0.043128,-0.998865,0.399813,0.000000,0.000000,0.051299,-0.155296,-0.004189,-0.013368,0.138959,-0.019017,0.070172,0.010806,-0.024455,0.093461,-0.002036,0.105076,0.109083,-0.676315,0.087266,1.003564,0.545416,0.283616,0.436332,0.589049,0.000000,0.370883,0.109083,-0.021817,0.606732,-0.942338,-0.885898,0.565437,0.741105,-0.259284,0.116688,0.040384,-0.047358,-0.106011,-1.499381,0.366620,0.721731,-1.084723,-0.917490,0.620837,0.623321,-0.235048,0.222618,-0.036112,-0.353141,-0.188012,-1.636390,0.307053
1789149925.409153,0.012519,0.073399,0.003542,0.161978,-0.197106,0.414650,-0.015710,0.047101,-0.998767,0.466349,0.000000,0.000000,0.052709,-0.170688,0.012632,0.021315,0.144506,-0.022254,0.068440,0.013023,-0.011387,0.099889,-0.003099,0.101561,0.000000,-0.632682,0.807215,1.156281,0.458149,-0.174533,0.087266,-0.349066,0.174533,0.414516,-0.043633,-0.523599,0.721731,-1.084723,-0.917490,0.620837,0.623321,-0.235048,0.222618,-0.036112,-0.353141,-0.188012,-1.636390,0.307053,0.688733,-0.933560,-0.715238,0.377151,0.460269,-0.232123,0.191202,-0.071261,-0.656333,-0.014360,-1.617219,0.052285
1789149925.429148,0.019375,0.091622,0.000781,0.369039,-0.278066,0.430363,-0.010239,0.057664,-0.998284,0.520243,0.000000,0.000000,0.056022,-0.190222,0.021416,0.042929,0.148341,-0.029571,0.076891,0.008873,-0.031805,0.120481,-0.009314,0.092166,0.196350,-0.763582,0.109083,0.785398,0.392699,-0.458149,0.370883,-0.349066,-0.349066,1.265364,-0.545415,-1.134464,0.688733,-0.933560,-0.715238,0.377151,0.460269,-0.232123,0.191202,-0.071261,-0.656333,-0.014360,-1.617219,0.052285,0.474800,-0.620835,-0.337632,-0.217151,0.164534,-0.191284,0.187756,-0.170930,-0.873709,0.510006,-1.396424,-0.307282
1789149925.449129,0.022329,0.103006,-0.001504,0.467043,-0.233059,0.479897,-0.006034,0.067195,-0.997722,0.563896,0.000000,0.000000,0.053036,-0.192902,0.023557,0.044773,0.141269,-0.039694,0.085269,0.002578,-0.034065,0.141929,-0.023621,0.076280,-0.327249,-0.152716,0.414516,0.130900,0.065450,-0.479966,0.305433,-0.785398,-0.349066,0.676315,-0.850848,-0.021817,0.474800,-0.620835,-0.337632,-0.217151,0.164534,-0.191284,0.187756,-0.170930,-0.873709,0.510006,-1.396424,-0.307282,0.175891,-0.309763,-0.078727,-0.747839,0.265351,-0.437363,0.163556,-0.136920,-0.704155,0.773824,-1.212964,-0.672283
1789149925.469103,0.023977,0.111241,-0.002285,0.232418,-0.548244,0.406794,0.004958,0.072174,-0.997380,0.599256,0.000000,0.000000,0.039837,-0.180391,0.038046,0.004857,0.123208,-0.051134,0.087505,-0.004989,-0.033953,0.154166,-0.047774,0.070335,-0.479966,0.283616,0.698132,-1.658063,-0.305433,-0.785398,0.000000,-0.109083,0.632682,0.305433,-1.418080,-1.199914,0.175891,-0.309763,-0.078727,-0.747839,0.265351,-0.437363,0.163556,-0.136920,-0.704155,0.773824,-1.212964,-0.672283,-0.292176,0.020176,0.168773,-1.214977,0.441002,-0.513013,0.281965,-0.087587,-0.599511,0.867795,-1.242120,-0.992620
1789149925.489116,0.024171,0.115123,-0.000925,-0.249747,-0.719086,0.182156,0.020129,0.067495,-0.997517,0.627897,0.000000,0.000000,0.017524,-0.157230,0.042335,-0.041190,0.114478,-0.080322,0.087505,-0.009909,-0.025099,0.187270,-0.075481,0.041614,-0.981748,0.654499,0.196350,-1.592613,-0.479966,-1.287180,0.000000,-0.087267,0.261799,0.894482,-1.134464,-1.308997,-0.292176,0.020176,0.168773,-1.214977,0.441002,-0.513013,0.281965,-0.087587,-0.599511,0.867795,-1.242120,-0.992620,-0.821413,0.254884,0.362532,-1.469174,0.508930,-0.562006,0.277690,-0.223348,-0.673223,0.882198,-1.335274,-1.193170
1789149925.509130,0.023796,0.115267,-0.000752,-0.117654,-0.882737,0.008518,0.037592,0.063332,-0.997284,0.651097,0.000000,0.000000,-0.023786,-0.129323,0.045989,-0.079353,0.112057,-0.111727,0.091520,-0.016699,-0.013105,0.210657,-0.110006,0.017806,-1.396264,1.069014,0.021817,-1.832596,-0.523599,-1.199914,0.000000,-0.829032,0.850848,0.698132,-2.334378,-1.178097,-0.821413,0.254884,0.362532,-1.469174,0.508930,-0.562006,0.277690,-0.223348,-0.673223,0.882198,-1.335274,-1.193170,-1.235406,0.352235,0.454102,-1.723059,0.746252,-0.597971,0.359719,-0.186920,-0.721129,0.881056,-1.416270,-1.225283
1789149925.529100,0.022513,0.113060,-0.002096,0.029486,-0.712428,-0.155266,0.051051,0.063857,-0.996652,0.669888,0.000000,0.000000,-0.075903,-0.103135,0.045103,-0.110488,0.101110,-0.130568,0.092180,-0.023348,-0.001095,0.223455,-0.146358,-0.000509,-2.050762,1.047198,-0.021817,-1.919863,-0.610865,-0.610865,-0.065450,-0.130900,0.109083,0.414516,-1.461713,-0.763582,-1.235406,0.352235,0.454102,-1.723059,0.746252,-0.597971,0.359719,-0.186920,-0.721129,0.881056,-1.416270,-1.225283,-1.468432,0.362247,0.508821,-1.795330,0.939049,-0.576413,0.444143,-0.242977,-0.738177,0.846313,-1.491110,-1.136281
1789149925.549140,0.021409,0.110885,-0.000976,-0.100077,-0.336922,-0.220647,0.057590,0.062188,-0.996402,0.685110,0.000000,0.000000,-0.127126,-0.101960,0.043358,-0.171413,0.102365,-0.142859,0.097260,-0.026847,-0.008594,0.230139,-0.175407,-0.016440,-2.159845,-0.589049,-0.174533,-3.534292,0.087266,-0.327249,0.130900,-0.349066,-0.632682,0.261800,-1.308997,-0.719949,-1.468432,0.362247,0.508821,-1.795330,0.939049,-0.576413,0.444143,-0.242977,-0.738177,0.846313,-1.491110,-1.136281,-1.316805,0.131723,0.523220,-1.718839,0.864950,-0.533554,0.482668,-0.259968,-0.669858,0.475313,-1.583537,-0.909290
1789149925.569119,0.020043,0.110226,0.002402,-0.020848,-0.037849,-0.169381,0.058173,0.061851,-0.996389,0.691599,0.000000,0.000000,-0.151432,-0.109315,0.040903,-0.205480,0.105558,-0.143879,0.103238,-0.028881,-0.016268,0.230207,-0.185524,-0.023171,-2.290745,-0.807215,-0.305433,-3.359759,0.567232,-0.021817,0.698132,-0.196350,-0.829032,-0.239983,-0.894481,-0.698132,-1.316805,0.131723,0.523220,-1.718839,0.864950,-0.533554,0.482668,-0.259968,-0.669858,0.475313,-1.583537,-0.909290,-0.927212,-0.147197,0.418427,-1.346116,0.755723,-0.559403,0.244959,-0.276006,-0.507369,0.106659,-1.615763,-0.499140
1789149925.589093,0.016360,0.112500,0.010757,0.299397,0.119411,0.002659,0.055390,0.068229,-0.996131,0.707425,0.000000,0.000000,-0.174165,-0.117237,0.023619,-0.294494,0.136000,-0.130836,0.117277,-0.038862,-0.058085,0.200635,-0.208844,-0.065596,-0.130900,0.392699,-0.567232,-2.138029,0.785398,0.719948,0.436332,-0.327249,-1.374447,-2.181662,-0.479966,-1.090831,-0.927212,-0.147197,0.418427,-1.346116,0.755723,-0.559403,0.244959,-0.276006,-0.507369,0.106659,-1.615763,-0.499140,-0.538670,-0.325915,0.139405,-0.861437,0.695901,-0.620016,-0.158221,-0.155887,-0.281764,-0.144845,-1.677355,-0.218068
1789149925.609066,0.012421,0.117111,0.017429,0.663584,0.273874,0.108520,0.049486,0.081824,-0.995418,0.715515,0.000000,0.000000,-0.162526,-0.121990,0.022256,-0.309403,0.149270,-0.121981,0.118321,-0.044963,-0.073452,0.196326,-0.212907,-0.067434,0.523598,-0.218166,0.152716,-0.589049,0.676315,0.349066,0.283616,-0.043633,-0.850848,0.676315,-0.043633,2.290745,-0.538670,-0.325915,0.139405,-0.861437,0.695901,-0.620016,-0.158221,-0.155887,-0.281764,-0.144845,-1.677355,-0.218068,-0.223641,-0.382419,-0.021821,-0.422881,0.656275,-0.670948,-0.371186,-0.218599,-0.268767,-0.374576,-1.486017,-0.175529
1789149925.629060,0.002799,0.125510,0.024567,0.920180,0.060022,0.166843,0.047939,0.101555,-0.993674,0.722067,0.000000,0.000000,-0.137071,-0.132735,0.021599,-0.293166,0.155191,-0.121692,0.114918,-0.047223,-0.063750,0.197049,-0.215569,-0.047731,0.676315,-0.239983,-0.043633,0.850848,0.523599,-0.021817,-0.261799,-0.305433,-0.370883,-0.021817,-0.239983,0.981748,-0.223641,-0.382419,-0.021821,-0.422881,0.656275,-0.670948,-0.371186,-0.218599,-0.268767,-0.374576,-1.486017,-0.175529,-0.029613,-0.453051,-0.134215,-0.119515,0.650574,-0.675966,-0.498340,-0.309491,-0.239828,-0.457528,-1.443579,-0.054561
1789149925.649115,-0.004092,0.130423,0.023234,0.776236,-0.133856,0.114245,0.049875,0.116948,-0.991885,0.727374,0.000000,0.000000,-0.109713,-0.136373,0.020900,-0.250324,0.160288,-0.130590,0.101225,-0.058421,-0.062536,0.219684,-0.223537,-0.032974,1.112647,-0.174533,-0.000000,2.072579,0.021817,-0.479966,-0.741765,-0.959931,-0.152716,1.701696,-0.261799,1.636246,-0.029613,-0.453051,-0.134215,-0.119515,0.650574,-0.675966,-0.498340,-0.309491,-0.239828,-0.457528,-1.443579,-0.054561,0.094632,-0.459528,-0.014506,-0.024289,0.376369,-0.457027,-0.369078,-0.522304,-0.369021,-0.455597,-1.334103,-0.175272
1789149925.669119,-0.014707,0.132688,0.012260,0.975573,-0.144775,0.079624,0.051219,0.138440,-0.989045,0.731673,0.000000,0.000000,-0.080318,-0.140944,0.022790,-0.205600,0.156184,-0.150176,0.077374,-0.077300,-0.057278,0.251732,-0.228549,-0.015903,1.003564,-0.109083,0.043633,1.941679,-0.261799,-1.003564,-1.243547,-1.658063,0.109083,1.374447,-0.545415,-0.218166,0.094632,-0.459528,-0.014506,-0.024289,0.376369,-0.457027,-0.369078,-0.522304,-0.369021,-0.455597,-1.334103,-0.175272,0.115359,-0.350311,0.119277,-0.205631,-0.060283,-0.355888,-0.370503,-0.714976,-0.762065,-0.113840,-1.110164,-0.386828
1789149925.689079,-0.021579,0.129658,0.002822,0.634955,-0.133190,-0.009458,0.052900,0.151156,-0.987093,0.735155,0.000000,0.000000,-0.058839,-0.139343,0.029851,-0.170977,0.134007,-0.151324,0.039340,-0.099114,-0.066302,0.275960,-0.242640,-0.014198,0.850848,0.065450,0.392699,1.090831,-0.698132,0.305433,-2.050762,-1.723513,0.000000,1.178097,-0.610865,0.021817,0.115359,-0.350311,0.119277,-0.205631,-0.060283,-0.355888,-0.370503,-0.714976,-0.762065,-0.113840,-1.110164,-0.386828,-0.123847,-0.139605,0.217288,-0.463470,-0.147235,-0.336952,-0.157067,-0.766862,-0.873121,0.223757,-0.868571,-0.763152
1789149925.709190,-0.031099,0.117080,-0.006529,0.800870,-0.290317,0.028758,0.057752,0.167372,-0.984201,0.737976,0.000000,0.000000,-0.042902,-0.126103,0.039207,-0.163019,0.101037,-0.136906,-0.000110,-0.117165,-0.082899,0.295493,-0.249657,-0.016386,0.632682,0.610865,0.458149,0.196350,-0.676315,0.610865,-1.985312,-0.829032,-0.174533,0.654499,-0.850848,-0.000000,-0.123847,-0.139605,0.217288,-0.463470,-0.147235,-0.336952,-0.157067,-0.766862,-0.873121,0.223757,-0.868571,-0.763152,-0.459458,0.136650,0.273298,-0.868037,0.063075,-0.400851,0.090227,-0.719591,-0.847023,0.441696,-0.795231,-1.122917
1789149925.729425,-0.037456,0.103692,-0.008084,0.445604,-0.089914,-0.006129,0.058777,0.176511,-0.982542,0.740260,0.000000,0.000000,-0.044427,-0.104927,0.047042,-0.166682,0.091045,-0.137375,-0.025480,-0.128370,-0.082784,0.297108,-0.232463,-0.017438,0.065450,0.850848,0.239983,-0.021817,-0.545416,-0.239983,-1.243547,-0.327249,-0.589049,-0.349066,0.479966,-0.043633,-0.459458,0.136650,0.273298,-0.868037,0.063075,-0.400851,0.090227,-0.719591,-0.847023,0.441696,-0.795231,-1.122917,-0.717090,0.205749,0.282638,-1.113219,0.255705,-0.591087,0.136547,-0.693372,-0.792555,0.456204,-0.895046,-1.409524
1789149925.749425,-0.040623,0.096703,-0.007864,-0.211131,0.178666,-0.117583,0.055643,0.172073,-0.983512,0.741234,0.000000,0.000000,-0.065698,-0.077411,0.047751,-0.191654,0.088446,-0.140699,-0.015690,-0.133895,-0.100718,0.285264,-0.213709,-0.018131,-0.698132,0.938115,0.130900,-0.872665,0.065450,-0.000000,1.069014,-0.174533,-0.916298,-0.938115,0.741765,-0.000000,-0.717090,0.205749,0.282638,-1.113219,0.255705,-0.591087,0.136547,-0.693372,-0.792555,0.456204,-0.895046,-1.409524,-0.684144,0.025792,0.428308,-1.095312,0.371911,-0.791998,0.035307,-0.624963,-0.645480,0.022860,-1.089828,-1.351078
1789149925.769284,-0.053088,0.057961,-0.001047,-0.612336,0.293315,-0.170580,0.051010,0.159445,-0.985888,0.743610,0.000000,0.000000,-0.091848,-0.062112,0.048610,-0.220498,0.095187,-0.145788,0.012481,-0.139235,-0.112938,0.261288,-0.218402,-0.020367,-1.112648,0.501782,-0.000000,-1.090831,0.218166,-0.043633,1.199914,-0.065450,-0.392699,-1.178097,-0.218166,-0.239983,-0.684144,0.025792,0.428308,-1.095312,0.371911,-0.791998,0.035307,-0.624963,-0.645480,0.022860,-1.089828,-1.351078,-0.541005,-0.079081,0.509752,-0.831631,0.420552,-0.850731,-0.191996,-0.531319,-0.401472,-0.286773,-1.187862,-1.017534
1789149925.789113,-0.060451,0.035140,0.001707,-0.611671,0.463491,-0.258331,0.043370,0.146182,-0.988307,0.744824,0.000000,0.000000,-0.104543,-0.071158,0.052117,-0.236070,0.099259,-0.166533,0.016318,-0.139371,-0.116398,0.237543,-0.238686,-0.020817,-0.392699,-0.414516,0.043633,-0.436332,-0.065450,-1.047198,-0.414516,0.458149,-0.065450,-1.352630,-0.218166,0.305433,-0.541005,-0.079081,0.509752,-0.831631,0.420552,-0.850731,-0.191996,-0.531319,-0.401472,-0.286773,-1.187862,-1.017534,-0.473330,-0.176749,0.511115,-0.603258,0.530982,-0.802659,-0.365011,-0.464576,-0.197225,-0.496151,-1.299878,-0.590712
1789149925.809206,-0.068328,0.012931,0.003137,-0.252011,0.244712,-0.253803,0.038844,0.140907,-0.989261,0.745807,0.000000,0.000000,-0.103414,-0.077790,0.046039,-0.230193,0.096488,-0.180607,-0.002529,-0.139333,-0.096054,0.214718,-0.241634,-0.021916,-0.043633,-0.065450,-0.414516,0.021817,-0.283616,-0.174533,-0.632682,0.349066,0.065450,-0.676315,-0.043633,-0.458149,-0.473330,-0.176749,0.511115,-0.603258,0.530982,-0.802659,-0.365011,-0.464576,-0.197225,-0.496151,-1.299878,-0.590712,-0.344302,-0.291024,0.472696,-0.349668,0.483173,-0.637143,-0.434547,-0.478725,-0.229514,-0.592236,-1.344015,-0.382671
1789149925.829227,-0.080073,-0.016596,0.002456,-0.209400,-0.154096,-0.249542,0.042155,0.137051,-0.989667,0.746604,0.000000,0.000000,-0.100062,-0.084638,0.044670,-0.215936,0.098070,-0.187581,-0.028764,-0.140129,-0.065730,0.213602,-0.237846,-0.040158,-0.130900,-0.218166,-0.043633,0.763582,0.523599,-0.545415,-0.916298,-0.000000,0.632682,0.021817,0.043633,-0.763582,-0.344302,-0.291024,0.472696,-0.349668,0.483173,-0.637143,-0.434547,-0.478725,-0.229514,-0.592236,-1.344015,-0.382671,-0.251754,-0.313341,0.511704,-0.233332,0.339643,-0.436167,-0.413233,-0.525066,-0.382990,-0.512911,-1.336975,-0.365091
1789149925.849167,-0.086216,-0.032983,-0.000712,-0.083033,-0.403235,-0.221446,0.050367,0.135717,-0.989467,0.747249,0.000000,0.000000,-0.096487,-0.091573,0.044293,-0.192690,0.108212,-0.184235,-0.046045,-0.144692,-0.059367,0.214407,-0.250336,-0.054876,0.043633,-0.174533,-0.087266,0.938115,0.370883,0.370883,-0.785398,-0.479966,0.239983,0.239983,-1.047198,-0.654499,-0.251754,-0.313341,0.511704,-0.233332,0.339643,-0.436167,-0.413233,-0.525066,-0.382990,-0.512911,-1.336975,-0.365091,-0.253622,-0.262520,0.552017,-0.260517,0.250657,-0.359786,-0.399043,-0.549283,-0.520188,-0.386951,-1.283024,-0.534662
1789149925.869622,-0.090049,-0.048166,-0.005761,0.148129,-0.461957,-0.252871,0.059150,0.139902,-0.988397,0.747772,0.000000,0.000000,-0.085647,-0.092069,0.044113,-0.173876,0.089430,-0.165704,-0.057251,-0.154177,-0.065375,0.224900,-0.275979,-0.071317,0.479966,0.000000,-0.000000,0.829032,-1.527163,0.152716,-0.501782,-0.501782,0.436332,0.523599,-1.134464,-1.636246,-0.253622,-0.262520,0.552017,-0.260517,0.250657,-0.359786,-0.399043,-0.549283,-0.520188,-0.386951,-1.283024,-0.534662,-0.443811,-0.065310,0.580082,-0.463053,0.050273,-0.248485,-0.313709,-0.696624,-0.914129,0.064800,-1.017174,-0.819551
1789149925.889328,-0.091427,-0.055402,-0.008467,0.329624,0.182528,-0.176039,0.054963,0.146604,-0.987667,0.748195,0.000000,0.000000,-0.079546,-0.084346,0.047713,-0.160339,0.078361,-0.167758,-0.063662,-0.162137,-0.078574,0.220297,-0.285109,-0.082359,0.218166,0.479966,0.327249,0.589049,-0.087267,0.261799,-0.349066,-1.025381,-0.872665,-0.567232,-0.523599,-0.000000,-0.443811,-0.065310,0.580082,-0.463053,0.050273,-0.248485,-0.313709,-0.696624,-0.914129,0.064800,-1.017174,-0.819551,-0.554557,-0.031339,0.461053,-0.676718,0.310931,-0.572833,-0.306138,-0.588897,-0.745081,-0.035119,-1.001655,-0.943830
1789149925.909210,-0.084284,-0.069095,-0.009894,-0.009130,0.490655,-0.162590,0.045073,0.146179,-0.988231,0.748538,0.000000,0.000000,-0.083211,-0.064424,0.057672,-0.163898,0.065075,-0.153547,-0.070021,-0.167910,-0.107702,0.193689,-0.262082,-0.071249,0.000000,0.741765,0.501782,-0.021817,0.545415,1.134464,-0.501782,0.043633,-1.614430,-1.985312,0.458149,0.327249,-0.554557,-0.031339,0.461053,-0.676718,0.310931,-0.572833,-0.306138,-0.588897,-0.745081,-0.035119,-1.001655,-0.943830,-0.448365,-0.165459,0.402294,-0.610146,0.586465,-0.880906,-0.437432,-0.482734,-0.379667,-0.342990,-1.221557,-0.659127
1789149925.929211,-0.083770,-0.081837,-0.000012,-0.549885,0.700779,-0.127037,0.032446,0.135580,-0.990235,0.748816,0.000000,0.000000,-0.090896,-0.051021,0.058210,-0.177653,0.084770,-0.148810,-0.074647,-0.164332,-0.131793,0.151798,-0.249881,-0.068465,-0.261799,0.523599,-0.000000,-0.218166,0.916298,0.763582,-0.174533,0.719948,-0.589049,-1.679880,0.501782,0.043633,-0.448365,-0.165459,0.402294,-0.610146,0.586465,-0.880906,-0.437432,-0.482734,-0.379667,-0.342990,-1.221557,-0.659127,-0.226477,-0.303016,0.259814,-0.294730,0.654960,-0.959654,-0.612943,-0.299878,-0.117277,-0.593553,-1.266726,-0.317815
1789149925.949134,-0.084999,-0.091637,0.007767,-0.342292,0.418750,-0.060325,0.024363,0.128499,-0.991410,0.749041,0.000000,0.000000,-0.090943,-0.053497,0.053001,-0.178877,0.105550,-0.171338,-0.083188,-0.156792,-0.103977,0.114533,-0.259698,-0.064567,-0.436332,0.000000,-0.414516,-0.109083,0.589049,-1.374447,-0.174533,1.134464,0.392699,-2.050762,-0.239983,1.069014,-0.226477,-0.303016,0.259814,-0.294730,0.654960,-0.959654,-0.612943,-0.299878,-0.117277,-0.593553,-1.266726,-0.317815,0.027578,-0.452672,-0.029261,0.025682,0.791870,-0.986009,-0.860290,-0.050451,0.045849,-0.832843,-1.380856,0.037039
1789149925.969237,-0.086601,-0.105602,0.014474,-0.370521,-0.061551,-0.006129,0.025976,0.121374,-0.992267,0.749223,0.000000,0.000000,-0.084128,-0.061776,0.046374,-0.163857,0.126178,-0.188486,-0.101516,-0.152737,-0.055328,0.093030,-0.262818,-0.057237,0.021817,-0.239983,-0.196350,0.741765,1.418080,-0.392699,-0.785398,-0.000000,1.810779,-0.065450,-0.021817,2.225295,0.027578,-0.452672,-0.029261,0.025682,0.791870,-0.986009,-0.860290,-0.050451,0.045849,-0.832843,-1.380856,0.037039,0.121398,-0.424451,0.074740,0.185827,0.854888,-0.921817,-0.764750,0.180277,0.093531,-0.799953,-1.319129,0.011699
1789149925.989211,-0.087427,-0.114270,0.013947,0.208583,-0.196440,-0.025970,0.029491,0.126068,-0.991583,0.749371,0.000000,0.000000,-0.060888,-0.074247,0.044288,-0.136370,0.155368,-0.207240,-0.128027,-0.142349,-0.011207,0.100309,-0.274880,-0.011253,1.069014,-0.392699,-0.000000,1.701696,1.636246,-0.829031,-1.199914,1.767146,1.308997,0.109083,-1.199914,1.178098,0.121398,-0.424451,0.074740,0.185827,0.854888,-0.921817,-0.764750,0.180277,0.093531,-0.799953,-1.319129,0.011699,0.266715,-0.563492,0.037873,0.237973,0.784920,-0.701553,-0.677439,0.019535,-0.038221,-0.955559,-1.444779,0.091189
1789149926.009099,-0.084347,-0.123353,0.003220,-0.101276,-0.239583,-0.024505,0.033489,0.122804,-0.991866,0.749490,0.000000,0.000000,-0.030682,-0.075676,0.043963,-0.097237,0.185325,-0.221555,-0.155254,-0.102978,0.010716,0.107170,-0.294698,0.007206,1.483530,-0.152716,-0.239983,1.832596,1.330814,-0.698132,-1.308997,1.156281,0.567232,0.567232,-0.698132,1.330814,0.266715,-0.563492,0.037873,0.237973,0.784920,-0.701553,-0.677439,0.019535,-0.038221,-0.955559,-1.444779,0.091189,0.303610,-0.582820,0.082635,0.242403,0.536452,-0.437572,-0.585972,-0.125524,-0.191817,-0.941634,-1.481970,-0.051175
1789149926.029078,-0.080745,-0.131948,-0.006997,-0.644161,-0.298972,-0.025571,0.039929,0.110382,-0.993087,0.749587,0.000000,0.000000,0.002032,-0.086830,0.038280,-0.070713,0.193285,-0.208304,-0.166326,-0.076239,0.001741,0.109360,-0.311993,0.017523,1.243547,-0.349066,-0.305433,1.090831,0.130900,0.589049,-0.501782,0.741765,0.654499,-0.109083,-0.458149,-0.785398,0.303610,-0.582820,0.082635,0.242403,0.536452,-0.437572,-0.585972,-0.125524,-0.191817,-0.941634,-1.481970,-0.051175,0.238409,-0.500519,0.183105,0.214065,0.204541,-0.322349,-0.539708,-0.269212,-0.507381,-0.729678,-1.490380,-0.296203
1789149926.049232,-0.071025,-0.136223,-0.018259,-0.687437,-0.372342,0.148334,0.046183,0.099979,-0.993917,0.749666,0.000000,0.000000,0.018130,-0.094548,0.029652,-0.042889,0.171810,-0.185334,-0.171278,-0.064341,0.007253,0.110085,-0.317916,0.004984,0.239983,-0.392699,-0.370883,1.374447,-0.872665,0.239983,-0.414516,-0.152716,1.025381,0.087266,-0.239983,-1.330814,0.238409,-0.500519,0.183105,0.214065,0.204541,-0.322349,-0.539708,-0.269212,-0.507381,-0.729678,-1.490380,-0.296203,0.150801,-0.278398,0.249322,-0.026015,-0.178528,-0.290064,-0.537811,-0.490748,-0.823275,-0.138211,-1.237125,-0.569793
1789149926.069097,-0.062524,-0.139677,-0.024651,-0.059331,0.041646,0.113446,0.045397,0.098764,-0.994075,0.749729,0.000000,0.000000,0.018738,-0.093588,0.036224,-0.024129,0.144294,-0.185584,-0.172189,-0.071083,0.025085,0.099100,-0.320550,-0.019287,0.305433,0.283616,0.567232,0.436332,-0.763582,0.261799,-0.065450,-1.592613,0.218166,-0.850848,-0.283616,-0.698132,0.150801,-0.278398,0.249322,-0.026015,-0.178528,-0.290064,-0.537811,-0.490748,-0.823275,-0.138211,-1.237125,-0.569793,-0.051628,-0.176070,0.221257,-0.311638,0.060935,-0.701003,-0.507508,-0.351807,-0.725473,0.026844,-1.145869,-0.701629
1789149926.089218,-0.049519,-0.136510,-0.021312,-0.425116,-0.028528,0.136616,0.046283,0.090412,-0.994828,0.749781,0.000000,0.000000,0.018465,-0.079162,0.046055,-0.032848,0.139251,-0.173733,-0.175797,-0.079021,0.016699,0.069402,-0.304867,-0.033659,-0.109083,0.479966,0.523599,-0.414516,0.000000,0.545415,-0.196350,0.589049,-0.719948,-1.679880,0.065450,-0.829032,-0.051628,-0.176070,0.221257,-0.311638,0.060935,-0.701003,-0.507508,-0.351807,-0.725473,0.026844,-1.145869,-0.701629,-0.245005,-0.096075,0.200860,-0.542700,0.391341,-0.865511,-0.407521,-0.277891,-0.500192,-0.002862,-1.396818,-0.699474
1789149926.109225,-0.044169,-0.139306,-0.015493,-0.900624,0.200104,0.126762,0.043547,0.072508,-0.996417,0.749822,0.000000,0.000000,0.004884,-0.066595,0.047214,-0.047397,0.142494,-0.182181,-0.177722,-0.074238,0.005308,0.052078,-0.292093,-0.054284,-0.458149,0.327249,-0.000000,-0.436332,0.043633,0.196350,-0.218166,0.458149,-0.436332,-0.654499,0.283616,-1.025381,-0.245005,-0.096075,0.200860,-0.542700,0.391341,-0.865511,-0.407521,-0.277891,-0.500192,-0.002862,-1.396818,-0.699474,-0.268877,-0.140252,0.158663,-0.483667,0.373977,-0.823030,-0.356563,-0.358305,-0.424402,-0.077267,-1.557335,-0.562260
1789149926.129249,-0.039370,-0.145418,-0.004606,-0.384503,-0.051831,0.122634,0.044998,0.064968,-0.996872,0.749856,0.000000,0.000000,-0.014448,-0.056974,0.047214,-0.066265,0.140167,-0.195631,-0.172922,-0.074404,0.004100,0.036290,-0.312563,-0.070226,-0.567232,0.414516,-0.000000,-0.698132,-0.392699,-0.567232,0.239983,-0.567232,0.349066,-0.479966,-0.589049,-0.785398,-0.268877,-0.140252,0.158663,-0.483667,0.373977,-0.823030,-0.356563,-0.358305,-0.424402,-0.077267,-1.557335,-0.562260,-0.223150,-0.236064,0.073678,-0.388582,0.493152,-0.882984,-0.415724,-0.284258,-0.350874,-0.189533,-1.684974,-0.347359
1789149926.149113,-0.037081,-0.148894,0.000456,-0.149079,-0.282593,0.189080,0.050744,0.062212,-0.996772,0.749883,0.000000,0.000000,-0.020418,-0.055605,0.046895,-0.069262,0.127331,-0.202525,-0.166786,-0.078833,0.013751,0.021534,-0.341600,-0.081037,-0.152716,0.065450,0.239983,-0.087267,-0.589049,-0.305433,0.589049,-0.065450,0.261799,-0.349066,-1.156281,1.134464,-0.223150,-0.236064,0.073678,-0.388582,0.493152,-0.882984,-0.415724,-0.284258,-0.350874,-0.189533,-1.684974,-0.347359,-0.079042,-0.338104,-0.058905,-0.142015,0.678351,-0.934031,-0.585833,-0.178904,-0.170549,-0.398720,-1.732762,-0.189598
1789149926.169231,-0.034778,-0.151042,0.004199,0.157717,-0.173537,0.227829,0.053790,0.065438,-0.996406,0.749906,0.000000,0.000000,-0.017901,-0.058209,0.047563,-0.065665,0.122990,-0.212179,-0.161613,-0.079586,0.013942,0.009472,-0.371956,-0.070769,0.109083,0.000000,-0.000000,0.196350,-0.130900,-0.130900,0.567232,0.414516,0.000000,-0.894481,-1.069014,1.810779,-0.079042,-0.338104,-0.058905,-0.142015,0.678351,-0.934031,-0.585833,-0.178904,-0.170549,-0.398720,-1.732762,-0.189598,0.169710,-0.496875,-0.303682,0.210374,0.786259,-0.990286,-0.743980,0.011934,-0.054428,-0.611306,-1.756702,-0.032262
1789149926.189241,-0.032416,-0.148216,0.007796,0.165973,0.300772,0.289881,0.047447,0.068165,-0.996545,0.749923,0.000000,0.000000,-0.007805,-0.063110,0.049456,-0.047768,0.137863,-0.219768,-0.162720,-0.060829,0.004460,-0.004397,-0.388956,-0.046689,0.414516,-0.174533,0.283616,0.872665,0.501782,-0.349066,0.349066,1.854412,-0.414516,-0.676315,-0.414516,2.159845,0.169710,-0.496875,-0.303682,0.210374,0.786259,-0.990286,-0.743980,0.011934,-0.054428,-0.611306,-1.756702,-0.032262,0.502876,-0.792675,-0.681620,0.562865,0.746209,-0.928426,-0.728236,0.085876,-0.189095,-0.845504,-1.808832,0.219310
1789149926.209430,-0.031121,-0.139648,0.012851,0.416576,0.511295,0.355927,0.036881,0.076287,-0.996404,0.749938,0.000000,0.000000,0.012874,-0.075701,0.055728,-0.015179,0.155344,-0.229567,-0.167313,-0.026792,0.003868,-0.025178,-0.393287,-0.010596,0.850848,-0.327249,0.174533,1.570796,0.610865,-0.392699,0.152716,1.919862,-0.632682,-1.221731,0.000000,3.076143,0.502876,-0.792675,-0.681620,0.562865,0.746209,-0.928426,-0.728236,0.085876,-0.189095,-0.845504,-1.808832,0.219310,0.769708,-1.004967,-0.986610,0.843653,0.730214,-0.896081,-0.743664,0.224308,-0.329187,-1.010755,-1.793058,0.318692
1789149926.229218,-0.032156,-0.133618,0.015088,0.397268,0.569485,0.402533,0.025481,0.084208,-0.996122,0.749950,0.000000,0.000000,0.047110,-0.098788,0.067348,0.029125,0.169263,-0.227903,-0.167926,0.004362,-0.014010,-0.042029,-0.382403,0.037602,1.374447,-0.938115,0.850848,1.985312,0.719948,0.196350,0.000000,1.832596,-0.632682,-0.392699,0.850848,2.094395,0.769708,-1.004967,-0.986610,0.843653,0.730214,-0.896081,-0.743664,0.224308,-0.329187,-1.010755,-1.793058,0.318692,0.825487,-1.030750,-0.996263,0.844366,0.538471,-0.759534,-0.564690,0.149319,-0.655856,-1.004170,-1.761366,0.251987
1789149926.249434,-0.037474,-0.121634,0.013651,0.459852,0.580271,0.517714,0.013601,0.092143,-0.995653,0.749959,0.000000,0.000000,0.080664,-0.124027,0.093803,0.084648,0.178788,-0.225250,-0.173263,0.028955,-0.035571,-0.042958,-0.358923,0.061895,1.090831,-0.938115,1.352630,2.465278,0.174533,0.021817,-0.305433,0.763582,-0.632682,-0.152716,1.178097,0.109083,0.825487,-1.030750,-0.996263,0.844366,0.538471,-0.759534,-0.564690,0.149319,-0.655856,-1.004170,-1.761366,0.251987,0.713422,-0.811104,-0.747620,0.577948,0.116951,-0.662594,-0.530510,-0.104867,-1.100966,-0.647645,-1.560644,0.063502
1789149926.269429,-0.047307,-0.112226,0.008051,0.596206,0.465089,0.591750,0.003368,0.103063,-0.994669,0.749967,0.000000,0.000000,0.097957,-0.136043,0.114796,0.126994,0.176001,-0.210963,-0.170760,0.032252,-0.050423,-0.048715,-0.342773,0.054292,0.676315,-0.370883,0.567232,1.636246,0.196350,0.698132,-0.305433,-1.330814,-0.305433,-0.370883,0.261799,-1.767146,0.713422,-0.811104,-0.747620,0.577948,0.116951,-0.662594,-0.530510,-0.104867,-1.100966,-0.647645,-1.560644,0.063502,0.551523,-0.492902,-0.333689,0.057071,-0.155455,-0.684309,-0.447992,-0.238319,-1.129630,-0.200518,-1.230001,-0.214365
1789149926.289157,-0.056119,-0.105649,0.002816,0.409652,0.058158,0.638089,0.001420,0.110994,-0.993820,0.749973,0.000000,0.000000,0.100182,-0.130900,0.121415,0.134390,0.163675,-0.194595,-0.169407,0.009985,-0.049915,-0.057794,-0.339222,0.034575,0.000000,0.000000,0.414516,0.218167,-0.676315,0.698132,0.000000,-1.614430,0.196350,-0.305433,0.021817,-1.265364,0.551523,-0.492902,-0.333689,0.057071,-0.155455,-0.684309,-0.447992,-0.238319,-1.129630,-0.200518,-1.230001,-0.214365,0.338152,-0.172845,0.004954,-0.533078,-0.064097,-0.738852,-0.300669,-0.233274,-0.886276,0.152449,-0.946877,-0.578006
1789149926.309278,-0.069672,-0.095073,-0.005090,-0.341360,-0.238385,0.665120,0.006776,0.102979,-0.994660,0.749978,0.000000,0.000000,0.096623,-0.118952,0.133564,0.101717,0.150470,-0.197905,-0.173536,-0.011526,-0.045609,-0.041767,-0.313765,0.001496,-0.261799,0.239983,0.981748,-1.287180,-0.436332,-0.589049,-0.807215,-0.698132,0.196350,0.065450,0.261800,-0.981748,0.338152,-0.172845,0.004954,-0.533078,-0.064097,-0.738852,-0.300669,-0.233274,-0.886276,0.152449,-0.946877,-0.578006,0.087984,0.099538,0.203235,-0.978960,-0.046108,-0.598718,-0.145422,-0.283333,-0.681545,0.331606,-0.929117,-0.932903
1789149926.329133,-0.073027,-0.091436,-0.007611,-0.936576,-0.245442,0.536889,0.013844,0.084222,-0.996351,0.749982,0.000000,0.000000,0.078567,-0.101518,0.143403,0.055869,0.134288,-0.216520,-0.188532,-0.027188,-0.028837,-0.004144,-0.274836,-0.017787,-0.741765,0.436332,0.065450,-1.701696,-1.047198,-0.872665,-1.287180,-0.894481,1.199914,1.941679,1.374447,-0.938115,0.087984,0.099538,0.203235,-0.978960,-0.046108,-0.598718,-0.145422,-0.283333,-0.681545,0.331606,-0.929117,-0.932903,-0.221263,0.239045,0.370270,-1.126308,-0.230570,-0.472562,-0.188587,-0.473240,-0.683366,0.368238,-0.890132,-1.047403
1789149926.349091,-0.078761,-0.083247,-0.014631,-1.039774,-0.167012,0.310121,0.019360,0.058223,-0.998116,0.749986,0.000000,0.000000,0.045910,-0.080081,0.131072,0.020799,0.109701,-0.215798,-0.205666,-0.044584,0.006617,0.036817,-0.255119,-0.028679,-1.418080,1.287180,-0.829032,-1.810779,-1.614430,0.829032,-0.916298,-1.614430,1.898046,2.487094,0.589049,-0.305433,-0.221263,0.239045,0.370270,-1.126308,-0.230570,-0.472562,-0.188587,-0.473240,-0.683366,0.368238,-0.890132,-1.047403,-0.535941,0.409080,0.404402,-1.224941,-0.171400,-0.515983,-0.085500,-0.564369,-0.705054,0.554304,-0.849232,-1.058263
1789149926.369157,-0.080351,-0.081315,-0.020387,-1.252960,-0.409360,0.019171,0.030994,0.033832,-0.998947,0.749988,0.000000,0.000000,0.006409,-0.052682,0.119574,-0.021345,0.074437,-0.187384,-0.230297,-0.070011,0.049108,0.068724,-0.240745,-0.036820,-1.876229,1.112648,-0.567232,-2.596177,-1.854412,0.850848,-1.308997,-1.658063,2.530727,1.025381,0.436333,-0.785398,-0.535941,0.409080,0.404402,-1.224941,-0.171400,-0.515983,-0.085500,-0.564369,-0.705054,0.554304,-0.849232,-1.058263,-1.065647,0.548145,0.438012,-1.429709,0.172444,-0.656376,0.101739,-0.488577,-0.762702,0.809598,-0.971904,-1.146192
1789149926.389250,-0.076958,-0.079916,-0.033161,-1.246568,-0.535594,-0.143948,0.044221,0.008817,-0.998983,0.749991,0.000000,0.000000,-0.038449,-0.020998,0.105854,-0.086539,0.041507,-0.175440,-0.258146,-0.092610,0.096136,0.108313,-0.227500,-0.053378,-1.723513,1.854413,-0.807215,-3.207043,-1.352630,0.938115,-1.483530,-0.610865,2.181662,1.723513,0.327250,-0.719949,-1.065647,0.548145,0.438012,-1.429709,0.172444,-0.656376,0.101739,-0.488577,-0.762702,0.809598,-0.971904,-1.146192,-1.473316,0.680074,0.538293,-1.663213,0.518725,-0.661567,0.268470,-0.488133,-0.834523,0.839156,-1.193728,-1.184232
1789149926.409139,-0.072054,-0.079585,-0.042620,-1.161214,-0.614557,-0.176439,0.059048,-0.012159,-0.998181,0.749992,0.000000,0.000000,-0.100193,0.017524,0.091166,-0.150701,0.037728,-0.167657,-0.275485,-0.105711,0.126101,0.161687,-0.234486,-0.074399,-2.421645,1.985312,-0.632682,-2.901610,-0.305433,0.239983,-0.698132,-0.523599,1.221731,2.443461,-0.065450,-1.308997,-1.473316,0.680074,0.538293,-1.663213,0.518725,-0.661567,0.268470,-0.488133,-0.834523,0.839156,-1.193728,-1.184232,-1.646538,0.700395,0.688563,-1.859656,0.756401,-0.586644,0.326885,-0.443629,-0.935915,0.772528,-1.314750,-1.093191
1789149926.429210,-0.059863,-0.073832,-0.053492,-0.799024,-0.431864,-0.122243,0.068347,-0.026280,-0.997315,0.749994,0.000000,0.000000,-0.160230,0.060667,0.075368,-0.213165,0.047523,-0.160062,-0.282963,-0.109035,0.140980,0.189727,-0.259824,-0.095727,-2.334378,1.701696,-0.850848,-2.683444,-0.152716,0.152716,-0.021817,-0.021817,0.087267,0.981748,-0.676315,-0.850848,-1.646538,0.700395,0.688563,-1.859656,0.756401,-0.586644,0.326885,-0.443629,-0.935915,0.772528,-1.314750,-1.093191,-1.677684,0.520476,0.633593,-2.042783,1.010301,-0.623708,0.336583,-0.318045,-0.991207,0.718553,-1.449556,-0.971621
1789149926.449211,-0.050822,-0.066232,-0.053922,-0.558940,-0.347575,0.177096,0.076312,-0.036242,-0.996425,0.749995,0.000000,0.000000,-0.202199,0.090258,0.054607,-0.269831,0.047594,-0.142878,-0.279949,-0.105880,0.139224,0.192001,-0.281771,-0.125540,-1.745329,1.134464,-0.807215,-2.814343,0.065450,1.505347,0.436332,0.763582,-0.174533,-0.043633,-0.632682,-2.028945,-1.677684,0.520476,0.633593,-2.042783,1.010301,-0.623708,0.336583,-0.318045,-0.991207,0.718553,-1.449556,-0.971621,-1.332689,0.234612,0.467325,-2.098731,1.123652,-0.616496,0.302726,-0.210438,-0.842728,0.504161,-1.623510,-0.668323
1789149926.469124,-0.042483,-0.053903,-0.048957,0.081018,-0.414020,0.466715,0.082947,-0.031640,-0.996052,0.749996,0.000000,0.000000,-0.209745,0.092595,0.049030,-0.332125,0.053435,-0.133083,-0.265929,-0.095329,0.132644,0.185748,-0.307943,-0.158608,0.239982,0.261799,-0.043633,-2.967060,0.414516,0.087267,0.959931,1.047198,-0.283616,-0.349066,-1.112648,1.156281,-1.332689,0.234612,0.467325,-2.098731,1.123652,-0.616496,0.302726,-0.210438,-0.842728,0.504161,-1.623510,-0.668323,-0.851453,-0.041269,0.121481,-1.849161,1.149601,-0.656685,-0.054834,-0.125011,-0.503441,0.026445,-1.748508,-0.277683
1789149926.489265,-0.034347,-0.032739,-0.037109,0.501531,-0.217346,0.578035,0.085287,-0.020803,-0.996139,0.749997,0.000000,0.000000,-0.209431,0.079077,0.043827,-0.382808,0.071183,-0.136685,-0.243704,-0.078372,0.114121,0.152134,-0.340793,-0.151174,-0.087266,-0.458149,-0.174533,-2.203478,1.199914,-0.000000,1.439897,1.221731,-1.418080,-1.745329,-1.832596,1.854412,-0.851453,-0.041269,0.121481,-1.849161,1.149601,-0.656685,-0.054834,-0.125011,-0.503441,0.026445,-1.748508,-0.277683,-0.448860,-0.173370,-0.253382,-1.106298,1.159908,-0.604145,-0.398854,0.075598,-0.189557,-0.376361,-1.897166,0.029424
1789149926.509197,-0.025294,0.005127,-0.017657,1.360933,0.138053,0.876176,0.077734,0.006122,-0.996955,0.749997,0.000000,0.000000,-0.189243,0.055035,0.036919,-0.412863,0.116017,-0.138431,-0.210872,-0.054085,0.067876,0.093202,-0.371255,-0.083139,0.785398,-0.829031,-0.218166,-1.265364,2.923427,0.501782,1.788963,2.617994,-2.967060,-3.076143,-1.396264,4.254240,-0.448860,-0.173370,-0.253382,-1.106298,1.159908,-0.604145,-0.398854,0.075598,-0.189557,-0.376361,-1.897166,0.029424,-0.186624,-0.143997,-0.678778,-0.399572,1.121551,-0.502942,-0.663303,0.461780,-0.063357,-0.638890,-1.999967,0.040664
1789149926.529162,-0.020352,0.047789,0.002360,2.146033,0.760833,1.124516,0.054328,0.046561,-0.997437,0.749998,0.000000,0.000000,-0.151568,0.036556,0.039191,-0.390021,0.175292,-0.135305,-0.180534,-0.006104,0.010681,0.101680,-0.387451,-0.021567,1.548980,-0.632682,0.829032,0.938115,2.923427,0.021817,1.527163,4.057891,-2.225295,1.788962,-0.632682,1.810779,-0.186624,-0.143997,-0.678778,-0.399572,1.121551,-0.502942,-0.663303,0.461780,-0.063357,-0.638890,-1.999967,0.040664,0.125774,-0.435792,-0.853992,-0.125674,0.556652,-0.282347,-0.420043,-0.136836,-0.629810,-0.783222,-1.872141,0.378852
1789149926.549164,-0.019767,0.076243,0.016621,2.264677,0.668554,1.270723,0.031813,0.088571,-0.995562,0.749998,0.000000,0.000000,-0.115571,0.030800,0.090411,-0.332472,0.223098,-0.128027,-0.169418,0.042593,-0.004258,0.112875,-0.385160,0.009241,1.461713,-0.021817,3.359759,4.036075,1.919863,0.327249,0.785398,1.090831,-0.676315,-0.414516,0.436332,3.185226,0.125774,-0.435792,-0.853992,-0.125674,0.556652,-0.282347,-0.420043,-0.136836,-0.629810,-0.783222,-1.872141,0.378852,0.246750,-0.505398,-1.026402,0.228986,0.789164,-0.456072,-0.577195,-0.065247,-0.613735,-0.803532,-1.648033,0.385364
1789149926.569209,-0.018909,0.094813,0.023888,1.716465,0.634999,1.282308,0.011966,0.118674,-0.992861,0.749999,0.000000,0.000000,-0.070683,0.010756,0.151566,-0.250938,0.217213,-0.109338,-0.146726,0.035824,-0.084222,0.123238,-0.378822,0.069381,1.832596,-0.894481,2.247112,4.057891,0.174533,0.916298,0.654499,-0.829032,-3.883358,1.396264,0.392699,1.439897,0.246750,-0.505398,-1.026402,0.228986,0.789164,-0.456072,-0.577195,-0.065247,-0.613735,-0.803532,-1.648033,0.385364,0.311731,-0.205120,-0.705885,-0.038309,0.222213,-0.314499,-0.447951,-0.391923,-0.963606,-0.665744,-1.483168,0.017287
1789149926.589172,-0.020044,0.116337,0.028102,1.027372,0.519018,1.292295,-0.004077,0.135661,-0.990747,0.749999,0.000000,0.000000,-0.033276,-0.008713,0.170985,-0.154056,0.224243,-0.111588,-0.141847,-0.000438,-0.105250,0.157937,-0.358571,0.076714,1.352630,-1.025381,0.567232,3.752458,0.741765,-0.130900,0.632682,-3.207043,-0.938115,1.352630,1.265364,-1.570796,0.311731,-0.205120,-0.705885,-0.038309,0.222213,-0.314499,-0.447951,-0.391923,-0.963606,-0.665744,-1.483168,0.017287,0.371895,-0.091547,-0.210659,-0.603292,-0.215681,-0.374654,-0.404073,-0.431341,-1.041545,-0.153366,-1.085867,-0.306480
1789149926.609162,-0.021856,0.122515,0.025316,0.673837,0.357497,1.201481,-0.014712,0.146291,-0.989132,0.749999,0.000000,0.000000,-0.016971,-0.005948,0.186322,-0.111257,0.224551,-0.103047,-0.135482,-0.033441,-0.124615,0.166803,-0.339506,0.054993,0.545416,0.000000,0.894482,1.505347,-0.065450,-0.021817,0.065450,-1.308997,-0.610866,0.021817,0.545415,-0.021817,0.371895,-0.091547,-0.210659,-0.603292,-0.215681,-0.374654,-0.404073,-0.431341,-1.041545,-0.153366,-1.085867,-0.306480,0.361632,0.006898,0.057432,-0.997821,-0.081004,-0.630980,-0.442997,-0.395817,-0.813494,0.042090,-0.788211,-0.684774
1789149926.629156,-0.025248,0.127811,0.021026,-0.472787,0.076267,1.102811,-0.012607,0.135970,-0.990633,0.749999,0.000000,0.000000,-0.006837,-0.010766,0.204195,-0.128636,0.222168,-0.113238,-0.135826,-0.049173,-0.123647,0.166176,-0.288766,0.052192,0.174533,-0.349066,0.829032,-0.763581,0.065450,-0.414516,-0.349066,-0.523599,0.218166,-0.000000,1.090831,-0.501782,0.361632,0.006898,0.057432,-0.997821,-0.081004,-0.630980,-0.442997,-0.395817,-0.813494,0.042090,-0.788211,-0.684774,0.405878,-0.049541,0.165951,-1.150386,-0.141169,-0.705905,-0.438956,-0.373371,-0.670123,0.079630,-0.690593,-0.991850
1789149926.649154,-0.028700,0.127850,0.020578,-0.752419,0.208493,0.806001,-0.011253,0.120172,-0.992689,0.749999,0.000000,0.000000,-0.004917,-0.012967,0.201869,-0.160830,0.219152,-0.129592,-0.142117,-0.059261,-0.123923,0.153195,-0.236954,0.041947,0.021817,-0.567232,-0.741765,-1.178097,-0.239983,-0.283616,-0.239983,-0.327250,-0.043633,-0.610865,1.941679,-0.458149,0.405878,-0.049541,0.165951,-1.150386,-0.141169,-0.705905,-0.438956,-0.373371,-0.670123,0.079630,-0.690593,-0.991850,0.168235,-0.081124,0.118434,-1.204725,-0.107754,-0.829893,-0.427842,-0.397736,-0.623210,0.190197,-0.859647,-1.079491
1789149926.669269,-0.033004,0.124990,0.020211,-0.670526,0.282796,0.639953,-0.010405,0.104437,-0.994477,0.750000,0.000000,0.000000,-0.002659,-0.028945,0.183985,-0.189327,0.210829,-0.145082,-0.142935,-0.065800,-0.114975,0.141545,-0.199932,0.038862,0.065450,-0.698132,-0.807215,-1.134464,-0.523599,-0.741765,-0.021817,-0.414516,0.567232,-0.807215,1.287181,0.109083,0.168235,-0.081124,0.118434,-1.204725,-0.107754,-0.829893,-0.427842,-0.397736,-0.623210,0.190197,-0.859647,-1.079491,-0.153215,-0.065196,0.065736,-1.212656,0.110388,-0.931661,-0.385729,-0.356915,-0.489698,0.118426,-1.127316,-0.973821
1789149926.689138,-0.040995,0.115079,0.017705,-0.317791,0.186922,0.340481,-0.011126,0.096818,-0.995240,0.750000,0.000000,0.000000,-0.015967,-0.043028,0.169133,-0.214697,0.197447,-0.167932,-0.141798,-0.071884,-0.103109,0.123729,-0.204579,0.038519,-0.436332,-0.698132,-0.719948,-1.134464,-0.698132,-1.134464,0.174533,-0.130900,0.567232,-0.719948,0.218166,-0.349066,-0.153215,-0.065196,0.065736,-1.212656,0.110388,-0.931661,-0.385729,-0.356915,-0.489698,0.118426,-1.127316,-0.973821,-0.405052,-0.082715,0.077290,-1.085118,0.305867,-0.895240,-0.281736,-0.396277,-0.353035,0.069561,-1.360503,-0.743020
1789149926.709131,-0.046500,0.106718,0.015282,-0.217789,-0.079527,0.064711,-0.008043,0.093304,-0.995605,0.750000,0.000000,0.000000,-0.038714,-0.051315,0.159654,-0.238309,0.177463,-0.186473,-0.140304,-0.076635,-0.091983,0.121247,-0.230508,0.022702,-0.654499,-0.261799,-0.261799,-1.047197,-1.199914,-0.632682,0.218166,-0.501782,0.589049,0.305433,-1.134464,-1.243547,-0.405052,-0.082715,0.077290,-1.085118,0.305867,-0.895240,-0.281736,-0.396277,-0.353035,0.069561,-1.360503,-0.743020,-0.536274,-0.083351,0.220781,-0.886577,0.329852,-0.733782,-0.118887,-0.530231,-0.455586,0.079913,-1.438059,-0.673704
1789149926.729308,-0.053764,0.093620,0.012208,0.334284,-0.490054,-0.082296,-0.001183,0.102953,-0.994686,0.750000,0.000000,0.000000,-0.062112,-0.055845,0.156652,-0.249244,0.155090,-0.200319,-0.134997,-0.087802,-0.073311,0.123598,-0.267399,-0.010263,-0.785398,-0.087267,-0.283616,-0.501782,-1.134464,-0.916298,0.414516,-1.221731,0.458149,0.043633,-2.465278,-1.767146,-0.536274,-0.083351,0.220781,-0.886577,0.329852,-0.733782,-0.118887,-0.530231,-0.455586,0.079913,-1.438059,-0.673704,-0.698019,-0.078435,0.366546,-0.906775,0.439574,-0.639974,-0.061375,-0.506823,-0.563088,0.121305,-1.481119,-0.651116
1789149926.749537,-0.057889,0.083459,0.010613,0.206985,-0.632400,-0.213057,0.009581,0.111604,-0.993707,0.750000,0.000000,0.000000,-0.072562,-0.056311,0.153025,-0.245928,0.145654,-0.204099,-0.130238,-0.093995,-0.076856,0.128553,-0.288482,-0.029587,-0.959931,-0.021817,-0.392699,0.283616,-0.981748,0.283616,0.523599,-0.589049,-0.458149,0.632682,-2.268928,-2.094395,-0.698019,-0.078435,0.366546,-0.906775,0.439574,-0.639974,-0.061375,-0.506823,-0.563088,0.121305,-1.481119,-0.651116,-0.887911,0.031526,0.516650,-0.999805,0.461525,-0.499868,0.014335,-0.567589,-0.763924,0.342394,-1.311732,-0.855787
1789149926.769291,-0.064438,0.069252,0.011875,0.235881,-0.384326,-0.191885,0.015074,0.118531,-0.992836,0.750000,0.000000,0.000000,-0.099334,-0.052627,0.157121,-0.247158,0.125130,-0.190520,-0.121506,-0.105476,-0.087410,0.145630,-0.338186,-0.092065,-0.719949,0.196350,0.218166,-0.218166,-0.545415,0.043633,0.283616,-0.283616,-0.698132,-0.261799,-1.330814,-1.069014,-0.887911,0.031526,0.516650,-0.999805,0.461525,-0.499868,0.014335,-0.567589,-0.763924,0.342394,-1.311732,-0.855787,-0.991196,0.084283,0.541526,-1.180949,0.581446,-0.574353,0.042403,-0.524880,-0.734991,0.289887,-1.341827,-0.956373
1789149926.789222,-0.069007,0.059151,0.016835,-0.200878,0.188253,-0.158063,0.012694,0.113438,-0.993464,0.750000,0.000000,0.000000,-0.119817,-0.044250,0.159788,-0.252601,0.121735,-0.184065,-0.118844,-0.106619,-0.102632,0.131471,-0.337275,-0.105057,-0.698132,0.305433,-0.000000,-0.349066,0.043633,0.261799,-0.414516,-0.000000,-1.047198,-0.807215,-0.130900,-0.741765,-0.991196,0.084283,0.541526,-1.180949,0.581446,-0.574353,0.042403,-0.524880,-0.734991,0.289887,-1.341827,-0.956373,-0.860942,-0.016039,0.466091,-1.098255,0.635867,-0.700103,-0.067204,-0.521890,-0.612285,0.028279,-1.427704,-0.790524
1789149926.809144,-0.075038,0.047236,0.024006,-0.410602,0.467752,-0.133295,0.006588,0.102698,-0.994691,0.750000,0.000000,0.000000,-0.135037,-0.040833,0.154669,-0.270153,0.135013,-0.172366,-0.120279,-0.107143,-0.126650,0.109575,-0.337502,-0.113955,-0.523599,0.021817,-0.414516,-0.501782,0.654499,0.807215,0.000000,-0.000000,-0.807215,-0.894481,0.021817,-0.021817,-0.860942,-0.016039,0.466091,-1.098255,0.635867,-0.700103,-0.067204,-0.521890,-0.612285,0.028279,-1.427704,-0.790524,-0.597340,-0.188101,0.420595,-0.797396,0.659717,-0.829380,-0.318857,-0.400913,-0.343636,-0.252627,-1.437013,-0.474155
1789149926.829142,-0.083908,0.033186,0.033237,0.044266,0.318482,-0.084027,0.000472,0.101768,-0.994808,0.750000,0.000000,0.000000,-0.137892,-0.044421,0.142801,-0.275380,0.142728,-0.168641,-0.123344,-0.105945,-0.130337,0.072171,-0.342001,-0.104915,-0.392699,0.000000,-0.632682,-0.087267,0.349066,-0.087266,0.087266,0.610865,-0.436332,-1.614430,-0.021817,1.308997,-0.597340,-0.188101,0.420595,-0.797396,0.659717,-0.829380,-0.318857,-0.400913,-0.343636,-0.252627,-1.437013,-0.474155,-0.401037,-0.280525,0.232872,-0.431456,0.781436,-0.913737,-0.653144,-0.241730,-0.138142,-0.479380,-1.454451,-0.197451
1789149926.849168,-0.089509,0.026686,0.035868,0.016037,0.182661,-0.101204,-0.003249,0.101607,-0.994819,0.750000,0.000000,0.000000,-0.131088,-0.056077,0.132683,-0.260856,0.148859,-0.180899,-0.128877,-0.102766,-0.099711,0.057736,-0.343779,-0.086670,0.021817,-0.436332,-0.327249,0.654499,0.589049,-0.610865,-0.021817,0.829032,0.763582,-0.523599,0.130900,2.967060,-0.401037,-0.280525,0.232872,-0.431456,0.781436,-0.913737,-0.653144,-0.241730,-0.138142,-0.479380,-1.454451,-0.197451,-0.165008,-0.357498,0.187857,-0.153167,0.914448,-0.928100,-0.800588,-0.064770,-0.041632,-0.669816,-1.367117,-0.043888
1789149926.869126,-0.094559,0.019483,0.031675,0.391542,0.195977,-0.099606,-0.009978,0.108103,-0.994090,0.750000,0.000000,0.000000,-0.120401,-0.065973,0.127025,-0.227864,0.168333,-0.196125,-0.148436,-0.093005,-0.057207,0.058887,-0.343193,-0.050406,0.327249,-0.261799,-0.087267,1.570796,1.178097,-0.589049,-0.436332,1.178097,1.330814,0.218166,0.174533,2.530728,-0.165008,-0.357498,0.187857,-0.153167,0.914448,-0.928100,-0.800588,-0.064770,-0.041632,-0.669816,-1.367117,-0.043888,0.085933,-0.550097,0.070753,0.082316,0.984267,-0.905491,-0.866284,-0.011304,-0.085630,-0.829757,-1.273151,0.200716
1789149926.889241,-0.096523,0.015153,0.023940,0.242938,0.267216,-0.083627,-0.016275,0.111179,-0.993667,0.750000,0.000000,0.000000,-0.092519,-0.072985,0.128923,-0.187852,0.196880,-0.204890,-0.164577,-0.078527,-0.027640,0.063722,-0.331584,-0.006974,1.199914,-0.239983,0.021817,1.788963,1.461713,-0.196350,-0.589049,0.981748,0.741765,0.458149,0.305433,3.599742,0.085933,-0.550097,0.070753,0.082316,0.984267,-0.905491,-0.866284,-0.011304,-0.085630,-0.829757,-1.273151,0.200716,0.283114,-0.644988,0.019559,0.194963,0.995351,-0.845059,-0.870290,0.084585,-0.076838,-0.935026,-1.177392,0.214537
1789149926.909188,-0.098514,0.010297,0.014519,0.004851,0.271743,-0.104533,-0.021252,0.111071,-0.993585,0.750000,0.000000,0.000000,-0.053813,-0.087716,0.127284,-0.148397,0.222577,-0.210305,-0.183288,-0.060272,-0.023640,0.071560,-0.312012,0.037550,1.636246,-0.458149,-0.349066,2.028945,1.003564,-0.196350,-0.850848,1.483530,0.130900,0.261799,0.698132,1.483530,0.283114,-0.644988,0.019559,0.194963,0.995351,-0.845059,-0.870290,0.084585,-0.076838,-0.935026,-1.177392,0.214537,0.395649,-0.798461,-0.039153,0.281143,0.746683,-0.608556,-0.740665,-0.125991,-0.208154,-1.012635,-1.275504,0.251737
1789149926.929154,-0.098130,-0.000845,-0.004977,-0.387033,0.158692,-0.105465,-0.021651,0.102807,-0.994466,0.750000,0.000000,0.000000,-0.009144,-0.103233,0.122697,-0.108783,0.234991,-0.211560,-0.200389,-0.044344,-0.022134,0.073414,-0.290004,0.059697,1.941679,-0.632682,-0.458149,1.570796,0.196350,-0.000000,-0.916298,-0.218166,0.021817,-0.000000,0.763582,1.047198,0.395649,-0.798461,-0.039153,0.281143,0.746683,-0.608556,-0.740665,-0.125991,-0.208154,-1.012635,-1.275504,0.251737,0.400533,-0.770695,0.017650,0.331931,0.478338,-0.467702,-0.658536,-0.165719,-0.348574,-0.925369,-1.357008,0.034652
1789149926.949156,-0.096790,-0.010410,-0.017749,-0.516729,-0.045306,0.025562,-0.017439,0.093550,-0.995462,0.750000,0.000000,0.000000,0.022526,-0.123117,0.109571,-0.082737,0.218211,-0.188232,-0.209402,-0.048284,-0.018581,0.073763,-0.288409,0.067974,0.959931,-0.698132,-0.719948,1.178097,-0.938114,1.265364,-0.523599,-0.567232,0.654499,-0.000000,-0.021817,-0.763582,0.400533,-0.770695,0.017650,0.331931,0.478338,-0.467702,-0.658536,-0.165719,-0.348574,-0.925369,-1.357008,0.034652,0.298790,-0.648426,0.041043,0.316090,0.090431,-0.444903,-0.588908,-0.320622,-0.678402,-0.633456,-1.396096,-0.210471
1789149926.969175,-0.094996,-0.020165,-0.027501,0.185547,-0.045972,0.144206,-0.017790,0.097330,-0.995093,0.750000,0.000000,0.000000,0.030707,-0.132230,0.107831,-0.050380,0.198500,-0.170956,-0.209375,-0.053520,-0.015728,0.070987,-0.294943,0.048783,0.349066,-0.305433,0.349066,1.396264,-0.545415,0.043633,0.000000,-1.090831,0.000000,-0.392699,-0.741765,-0.785398,0.298790,-0.648426,0.041043,0.316090,0.090431,-0.444903,-0.588908,-0.320622,-0.678402,-0.633456,-1.396096,-0.210471,0.182932,-0.469892,0.028763,0.111931,0.012332,-0.549973,-0.568685,-0.392843,-0.852414,-0.326487,-1.387659,-0.368253
1789149926.989117,-0.091162,-0.032042,-0.027525,0.324297,-0.137318,0.227829,-0.017492,0.105212,-0.994296,0.750000,0.000000,0.000000,0.034383,-0.126864,0.123515,-0.035984,0.189691,-0.169582,-0.200073,-0.062083,-0.027698,0.052435,-0.315153,0.026383,0.109083,0.261799,0.829032,0.327249,-0.043633,-0.000000,0.523599,-0.719948,-0.785398,-1.178097,-0.938114,-1.199914,0.182932,-0.469892,0.028763,0.111931,0.012332,-0.549973,-0.568685,-0.392843,-0.852414,-0.326487,-1.387659,-0.368253,0.014413,-0.246322,0.107284,-0.225580,0.216131,-0.690405,-0.473190,-0.263739,-0.733441,-0.194178,-1.442165,-0.549245
1789149927.009122,-0.089634,-0.038479,-0.019203,-0.056401,-0.060619,0.255926,-0.015754,0.104870,-0.994361,0.750000,0.000000,0.000000,0.029733,-0.115353,0.136185,-0.033298,0.190927,-0.173356,-0.191390,-0.067371,-0.056040,0.032999,-0.331859,0.001880,-0.065450,0.327249,0.589049,0.196350,0.109083,-0.021817,0.305433,0.392699,-1.527163,-0.850848,-0.872665,-1.134464,0.014413,-0.246322,0.107284,-0.225580,0.216131,-0.690405,-0.473190,-0.263739,-0.733441,-0.194178,-1.442165,-0.549245,-0.140474,-0.075503,0.222389,-0.511840,0.236894,-0.646720,-0.399320,-0.328852,-0.714184,-0.024071,-1.457055,-0.735973
1789149927.029137,-0.088665,-0.048779,0.000239,-0.175578,-0.036384,0.281092,-0.013681,0.101983,-0.994692,0.750000,0.000000,0.000000,0.019062,-0.097286,0.138146,-0.050432,0.188816,-0.178652,-0.180607,-0.069727,-0.066940,0.008673,-0.351044,-0.019115,-0.436332,0.610865,-0.000000,-0.785398,-0.436332,0.174533,0.349066,-0.458149,-0.152716,-1.221731,-0.719948,-1.025381,-0.140474,-0.075503,0.222389,-0.511840,0.236894,-0.646720,-0.399320,-0.328852,-0.714184,-0.024071,-1.457055,-0.735973,-0.248205,-0.012713,0.240557,-0.658906,0.435575,-0.805724,-0.419214,-0.206610,-0.408265,-0.100834,-1.504645,-0.676832
1789149927.049127,-0.088777,-0.056749,0.012169,-0.462800,-0.191647,0.227030,-0.006716,0.093866,-0.995562,0.750000,0.000000,0.000000,0.001503,-0.080877,0.137475,-0.077367,0.178963,-0.179637,-0.174174,-0.072441,-0.070671,0.004836,-0.364748,-0.042838,-0.741765,0.479966,0.218166,-1.178097,-0.414516,-0.130900,0.087267,0.370882,-0.109083,-0.807215,-0.567232,-1.308997,-0.248205,-0.012713,0.240557,-0.658906,0.435575,-0.805724,-0.419214,-0.206610,-0.408265,-0.100834,-1.504645,-0.676832,-0.338016,0.036225,0.259239,-0.654694,0.456281,-0.722697,-0.365642,-0.263782,-0.378356,-0.123107,-1.636828,-0.608228
1789149927.069119,-0.088288,-0.067796,0.022746,-0.532042,-0.261821,0.108253,0.001700,0.084342,-0.996435,0.750000,0.000000,0.000000,-0.017745,-0.073372,0.135961,-0.098925,0.169091,-0.192238,-0.175701,-0.071740,-0.063122,-0.008057,-0.376673,-0.071396,-0.785398,0.196350,-0.239983,-0.589049,-0.523599,-0.370883,0.065450,-0.109083,0.109083,-0.349066,-0.414516,-1.396264,-0.338016,0.036225,0.259239,-0.654694,0.456281,-0.722697,-0.365642,-0.263782,-0.378356,-0.123107,-1.636828,-0.608228,-0.425742,0.030567,0.338635,-0.637600,0.390062,-0.636060,-0.339849,-0.341995,-0.461951,-0.036195,-1.668018,-0.600005
1789149927.089135,-0.085028,-0.072788,0.024188,-0.445489,-0.218944,0.004124,0.007168,0.074369,-0.997205,0.750000,0.000000,0.000000,-0.031915,-0.069347,0.132738,-0.107684,0.155802,-0.196896,-0.176882,-0.075165,-0.052418,-0.017471,-0.397868,-0.088391,-0.436332,0.152716,-0.196350,-0.436332,-0.719948,-0.370883,0.174533,-0.545415,0.479966,-0.458149,-0.523599,-0.589049,-0.425742,0.030567,0.338635,-0.637600,0.390062,-0.636060,-0.339849,-0.341995,-0.461951,-0.036195,-1.668018,-0.600005,-0.461555,-0.067057,0.349065,-0.595070,0.489917,-0.714062,-0.385011,-0.295747,-0.397816,-0.118692,-1.694747,-0.509681
1789149927.109112,-0.079287,-0.075496,0.023290,-0.211930,-0.100034,-0.101471,0.009712,0.069682,-0.997522,0.750000,0.000000,0.000000,-0.040833,-0.066680,0.129144,-0.112879,0.142668,-0.196635,-0.178769,-0.077107,-0.044292,-0.013495,-0.410053,-0.094265,-0.327249,0.196350,-0.196350,-0.305433,-0.392699,-0.000000,-0.021817,-0.021817,0.261799,0.065450,-0.370882,0.218166,-0.461555,-0.067057,0.349065,-0.595070,0.489917,-0.714062,-0.385011,-0.295747,-0.397816,-0.118692,-1.694747,-0.509681,-0.372671,-0.248256,0.287611,-0.427844,0.574371,-0.757193,-0.428492,-0.303540,-0.383031,-0.277417,-1.711676,-0.320870
1789149927.129138,-0.067663,-0.075631,0.020715,-0.049211,0.057625,-0.185094,0.008546,0.068000,-0.997649,0.750000,0.000000,0.000000,-0.044989,-0.067705,0.128064,-0.115167,0.142038,-0.198587,-0.178134,-0.077374,-0.047682,-0.020226,-0.418038,-0.084546,-0.087267,0.152716,-0.000000,-0.021817,-0.021817,0.087266,0.000000,-0.109083,-0.261799,-0.021817,-0.218166,2.203478,-0.372671,-0.248256,0.287611,-0.427844,0.574371,-0.757193,-0.428492,-0.303540,-0.383031,-0.277417,-1.711676,-0.320870,-0.176756,-0.455700,0.186804,-0.187399,0.716619,-0.902756,-0.604748,-0.143869,-0.254006,-0.495735,-1.616155,-0.175774
1789149927.149134,-0.061179,-0.075060,0.019369,0.255055,0.278801,-0.191352,0.001272,0.070665,-0.997499,0.732735,0.000000,0.000000,-0.042049,-0.073244,0.127085,-0.107082,0.148654,-0.193065,-0.176770,-0.075727,-0.051494,-0.038339,-0.421736,-0.061849,0.196350,-0.109083,-0.152716,0.239983,0.523599,0.567232,0.218166,0.872665,-0.174533,-0.370883,0.000000,2.094395,-0.176756,-0.455700,0.186804,-0.187399,0.716619,-0.902756,-0.604748,-0.143869,-0.254006,-0.495735,-1.616155,-0.175774,0.152696,-0.762585,-0.078807,0.155847,0.802480,-1.024659,-0.787393,-0.007747,-0.242611,-0.717615,-1.531906,0.080348
1789149927.169110,-0.052138,-0.071348,0.016836,0.149328,0.436993,-0.144481,-0.008171,0.070499,-0.997478,0.668485,0.000000,0.000000,-0.030718,-0.084092,0.125767,-0.088246,0.160432,-0.197079,-0.184357,-0.066414,-0.047103,-0.063122,-0.408065,-0.029991,0.479966,-0.392699,-0.130900,0.741765,0.589049,-0.545415,-0.196350,1.069014,-0.109083,-1.439897,0.458149,3.359759,0.152696,-0.762585,-0.078807,0.155847,0.802480,-1.024659,-0.787393,-0.007747,-0.242611,-0.717615,-1.531906,0.080348,0.529710,-0.984599,-0.416558,0.532937,0.873547,-1.031239,-0.866317,0.224608,-0.147494,-0.926350,-1.490211,0.248904
1789149927.188582,-0.047049,-0.068494,0.014072,-0.115257,0.720886,-0.122510,-0.021328,0.063652,-0.997744,0.000000,0.000000,0.000000,-0.005141,-0.108868,0.122563,-0.057686,0.174864,-0.213619,-0.198832,-0.045129,-0.047453,-0.078225,-0.384290,0.013972,0.938115,-1.003564,-0.283616,1.483530,0.850848,-0.370883,-0.523599,2.247112,-0.087266,-0.719949,0.981748,2.901610,0.529710,-0.984599,-0.416558,0.532937,0.873547,-1.031239,-0.866317,0.224608,-0.147494,-0.926350,-1.490211,0.248904,0.000000,0.000000,0.000000,0.000000,0.000000,0.000000,0.000000,0.000000,0.000000,0.000000,0.000000,0.000000
1789149927.208555,-0.042783,-0.065693,0.009615,0.102190,0.584132,0.019037,-0.033067,0.061954,-0.997531,0.000000,0.000000,0.000000,0.030508,-0.134644,0.123174,-0.012899,0.187084,-0.211274,-0.212664,-0.017877,-0.037962,-0.082310,-0.360275,0.042416,1.112648,-0.741765,0.218166,1.178097,0.239983,0.021817,-0.479966,0.283616,0.283616,-0.043633,0.981748,-0.370883,0.000000,0.000000,0.000000,0.000000,0.000000,0.000000,0.000000,0.000000,0.000000,0.000000,0.000000,0.000000,0.000000,0.000000,0.000000,0.000000,0.000000,0.000000,0.000000,0.000000,0.000000,0.000000,0.000000,0.000000
1789149927.228560,-0.036119,-0.058638,-0.003230,-0.158933,-0.158623,0.147402,-0.028725,0.059578,-0.997810,0.000000,0.000000,0.000000,0.014579,-0.089947,0.132563,-0.010862,0.133538,-0.150135,-0.212048,-0.014046,-0.005502,-0.031308,-0.236714,0.035301,-0.218166,1.352630,0.436332,0.479966,-2.552544,4.777839,-1.876229,-0.523599,1.308997,1.636246,9.293879,0.109083,0.000000,0.000000,0.000000,0.000000,0.000000,0.000000,0.000000,0.000000,0.000000,0.000000,0.000000,0.000000,0.000000,0.000000,0.000000,0.000000,0.000000,0.000000,0.000000,0.000000,0.000000,0.000000,0.000000,0.000000
1789149927.248725,-0.029852,-0.054683,-0.016818,-0.652683,-0.035852,-0.072575,-0.024505,0.047753,-0.998559,0.000000,0.000000,0.000000,0.008176,-0.072576,0.125121,-0.011146,0.091437,-0.137580,-0.232790,-0.013743,0.019244,-0.017684,-0.082422,0.040668,-0.479966,0.741765,-1.330814,-0.065450,-1.134464,-0.894481,3.032510,-0.065450,1.003564,0.719948,4.952373,0.392699,0.000000,0.000000,0.000000,0.000000,0.000000,0.000000,0.000000,0.000000,0.000000,0.000000,0.000000,0.000000,0.000000,0.000000,0.000000,0.000000,0.000000,0.000000,0.000000,0.000000,0.000000,0.000000,0.000000,0.000000
1789149927.268659,-0.014725,-0.051483,-0.036761,-0.746826,0.155496,-0.132230,-0.022301,0.032598,-0.999220,0.000000,0.000000,0.000000,-0.000426,-0.068482,0.094286,-0.012602,0.088378,-0.135916,-0.149412,-0.010585,0.040779,-0.009865,-0.030768,0.049558,-0.545415,0.087266,-0.785398,-0.261799,0.000000,0.785398,3.425209,0.218166,1.134464,0.196350,2.116212,0.523599,0.000000,0.000000,0.000000,0.000000,0.000000,0.000000,0.000000,0.000000,0.000000,0.000000,0.000000,0.000000,0.000000,0.000000,0.000000,0.000000,0.000000,0.000000,0.000000,0.000000,0.000000,0.000000,0.000000,0.000000
1789149927.288586,-0.001676,-0.050352,-0.045654,-0.061195,0.006093,-0.207065,-0.022071,0.031405,-0.999263,0.000000,0.000000,0.000000,-0.003559,-0.063871,0.091935,-0.019720,0.081792,-0.128395,-0.121209,-0.004877,0.056198,-0.006593,-0.007763,0.061734,-0.152716,0.392699,-0.000000,-0.218166,-0.065450,0.327249,0.218167,0.305433,0.392699,0.218166,0.719949,0.218166,0.000000,0.000000,0.000000,0.000000,0.000000,0.000000,0.000000,0.000000,0.000000,0.000000,0.000000,0.000000,0.000000,0.000000,0.000000,0.000000,0.000000,0.000000,0.000000,0.000000,0.000000,0.000000,0.000000,0.000000
1789149927.308798,0.005364,-0.049828,-0.048241,-0.039224,-0.025865,-0.373779,-0.021416,0.030843,-0.999295,0.000000,0.000000,0.000000,-0.002119,-0.055834,0.093855,-0.020835,0.083840,-0.124307,-0.120320,0.003948,0.053594,-0.001087,-0.001567,0.053867,0.109083,0.436332,0.239983,-0.043633,0.000000,0.196350,0.501782,0.523599,-0.370883,0.196350,0.152717,-0.327249,0.000000,0.000000,0.000000,0.000000,0.000000,0.000000,0.000000,0.000000,0.000000,0.000000,0.000000,0.000000,0.000000,0.000000,0.000000,0.000000,0.000000,0.000000,0.000000,0.000000,0.000000,0.000000,0.000000,0.000000
1789149927.328603,0.028385,-0.046149,-0.046010,0.045464,-0.072337,-0.394551,-0.020338,0.031162,-0.999307,0.000000,0.000000,0.000000,0.000679,-0.044023,0.095126,-0.021948,0.082989,-0.111940,-0.105081,0.015159,0.051857,0.000287,-0.001460,0.049552,0.130900,0.654498,-0.218166,-0.000000,-0.261799,0.589049,1.112647,0.589049,0.000000,0.021817,0.000000,-0.523599,0.000000,0.000000,0.000000,0.000000,0.000000,0.000000,0.000000,0.000000,0.000000,0.000000,0.000000,0.000000,0.000000,0.000000,0.000000,0.000000,0.000000,0.000000,0.000000,0.000000,0.000000,0.000000,0.000000,0.000000
1789149927.348545,0.051109,-0.043815,-0.036576,-0.096083,-0.059021,-0.421849,-0.018547,0.029779,-0.999384,0.000000,0.000000,0.000000,0.006188,-0.032201,0.090542,-0.023731,0.075590,-0.097988,-0.082798,0.028816,0.050984,0.001157,-0.000004,0.041486,0.261799,0.567232,-0.196350,-0.043633,-0.458149,0.741765,1.134464,0.698132,0.000000,-0.000000,0.087266,-0.327249,0.000000,0.000000,0.000000,0.000000,0.000000,0.000000,0.000000,0.000000,0.000000,0.000000,0.000000,0.000000,0.000000,0.000000,0.000000,0.000000,0.000000,0.000000,0.000000,0.000000,0.000000,0.000000,0.000000,0.000000
1789149927.368571,0.066627,-0.043379,-0.029322,-0.153607,-0.009486,-0.435697,-0.017378,0.027026,-0.999484,0.000000,0.000000,0.000000,0.008225,-0.026744,0.087910,-0.023693,0.072031,-0.091680,-0.073346,0.032871,0.051388,0.001706,0.001299,0.038980,0.130900,0.545415,-0.283616,-0.000000,-0.370883,0.545415,0.872665,0.349066,0.109083,0.130900,0.109083,-0.174533,0.000000,0.000000,0.000000,0.000000,0.000000,0.000000,0.000000,0.000000,0.000000,0.000000,0.000000,0.000000,0.000000,0.000000,0.000000,0.000000,0.000000,0.000000,0.000000,0.000000,0.000000,0.000000,0.000000,0.000000
1789149927.388763,0.087098,-0.043297,-0.020985,-0.190758,0.001566,-0.412395,-0.016143,0.023839,-0.999585,0.000000,0.000000,0.000000,0.013464,-0.013774,0.082742,-0.023428,0.065056,-0.073403,-0.059318,0.038216,0.059463,0.005131,0.003735,0.037155,0.283616,0.349066,-0.174533,-0.000000,-0.218166,0.610865,0.261799,0.043633,0.479966,0.152716,0.087266,-0.021817,0.000000,0.000000,0.000000,0.000000,0.000000,0.000000,0.000000,0.000000,0.000000,0.000000,0.000000,0.000000,0.000000,0.000000,0.000000,0.000000,0.000000,0.000000,0.000000,0.000000,0.000000,0.000000,0.000000,0.000000
1789149927.409297,0.098942,-0.043728,-0.017962,-0.240825,-0.045705,-0.386562,-0.013600,0.019767,-0.999712,0.000000,0.000000,0.000000,0.017614,-0.006632,0.077449,-0.023079,0.061289,-0.062582,-0.055284,0.038202,0.070496,0.006816,0.006606,0.036092,0.152716,0.261799,-0.196350,-0.000000,-0.152716,0.589049,0.218166,-0.000000,0.632682,0.065450,0.218166,-0.087266,0.000000,0.000000,0.000000,0.000000,0.000000,0.000000,0.000000,0.000000,0.000000,0.000000,0.000000,0.000000,0.000000,0.000000,0.000000,0.000000,0.000000,0.000000,0.000000,0.000000,0.000000,0.000000,0.000000,0.000000
1789149927.428668,0.114548,-0.044519,-0.016179,-0.273183,-0.111752,-0.349411,-0.009589,0.015238,-0.999838,0.000000,0.000000,0.000000,0.021347,0.000575,0.075906,-0.021154,0.058227,-0.052380,-0.050757,0.035865,0.084448,0.008668,0.009380,0.031076,0.261799,0.349066,-0.043633,0.109083,-0.152716,0.479966,0.218166,-0.152716,0.676315,0.065450,0.087266,-0.349066,0.000000,0.000000,0.000000,0.000000,0.000000,0.000000,0.000000,0.000000,0.000000,0.000000,0.000000,0.000000,0.000000,0.000000,0.000000,0.000000,0.000000,0.000000,0.000000,0.000000,0.000000,0.000000,0.000000,0.000000
1789149927.449135,0.123759,-0.044754,-0.015640,-0.314462,-0.125334,-0.301208,-0.005211,0.010417,-0.999932,0.000000,0.000000,0.000000,0.025108,0.006193,0.070192,-0.017494,0.057570,-0.043722,-0.046790,0.031772,0.097377,0.011627,0.010678,0.025541,0.109083,0.349066,-0.414516,0.174533,0.000000,0.414516,0.239983,-0.261799,0.589049,0.130900,0.021817,-0.305433,0.000000,0.000000,0.000000,0.000000,0.000000,0.000000,0.000000,0.000000,0.000000,0.000000,0.000000,0.000000,0.000000,0.000000,0.000000,0.000000,0.000000,0.000000,0.000000,0.000000,0.000000,0.000000,0.000000,0.000000
1789149927.469124,0.136055,-0.043980,-0.014890,-0.295686,-0.107890,-0.267918,-0.001392,0.005305,-0.999985,0.000000,0.000000,0.000000,0.026322,0.010360,0.064212,-0.012605,0.059146,-0.035751,-0.041810,0.026179,0.105256,0.014043,0.011240,0.019996,0.043633,0.109083,-0.305433,0.349066,0.152716,0.370882,0.174533,-0.305433,0.392699,0.065450,0.000000,-0.196350,0.000000,0.000000,0.000000,0.000000,0.000000,0.000000,0.000000,0.000000,0.000000,0.000000,0.000000,0.000000,0.000000,0.000000,0.000000,0.000000,0.000000,0.000000,0.000000,0.000000,0.000000,0.000000,0.000000,0.000000
1789149927.489134,0.141488,-0.042266,-0.014691,-0.255073,-0.062616,-0.224375,0.001789,0.000696,-0.999998,0.000000,0.000000,0.000000,0.026954,0.014445,0.060612,-0.006632,0.062399,-0.028079,-0.037474,0.020457,0.115155,0.015674,0.012772,0.015019,0.021817,0.261799,-0.087267,0.218166,0.130900,0.458149,0.218166,-0.239983,0.523599,0.087266,0.087266,-0.218166,0.000000,0.000000,0.000000,0.000000,0.000000,0.000000,0.000000,0.000000,0.000000,0.000000,0.000000,0.000000,0.000000,0.000000,0.000000,0.000000,0.000000,0.000000,0.000000,0.000000,0.000000,0.000000,0.000000,0.000000
1789149927.509002,0.146943,-0.040142,-0.014374,-0.251478,-0.065812,-0.191885,0.005142,-0.003816,-0.999980,0.000000,0.000000,0.000000,0.027633,0.016305,0.056955,-0.001587,0.066226,-0.021215,-0.032451,0.016612,0.123794,0.017563,0.014646,0.011867,0.021817,0.021817,-0.305433,0.261799,0.261799,0.370882,0.196350,-0.152716,0.458149,0.152716,0.109083,-0.130900,0.000000,0.000000,0.000000,0.000000,0.000000,0.000000,0.000000,0.000000,0.000000,0.000000,0.000000,0.000000,0.000000,0.000000,0.000000,0.000000,0.000000,0.000000,0.000000,0.000000,0.000000,0.000000,0.000000,0.000000
1789149927.528769,0.148148,-0.036584,-0.014614,-0.220852,-0.078729,-0.154468,0.008590,-0.007283,-0.999937,0.000000,0.000000,0.000000,0.028100,0.016894,0.051880,0.001213,0.067900,-0.015186,-0.027984,0.013217,0.134662,0.020566,0.017482,0.008676,0.000000,0.021817,-0.152716,0.087267,0.087266,0.327249,0.283616,-0.218166,0.501782,0.130900,0.087266,-0.218166,0.000000,0.000000,0.000000,0.000000,0.000000,0.000000,0.000000,0.000000,0.000000,0.000000,0.000000,0.000000,0.000000,0.000000,0.000000,0.000000,0.000000,0.000000,0.000000,0.000000,0.000000,0.000000,0.000000,0.000000
1789149927.548656,0.139624,-0.028718,-0.014724,-0.245220,-0.116812,-0.121444,0.013056,-0.011548,-0.999848,0.000000,0.000000,0.000000,0.028100,0.017104,0.048531,0.002577,0.069353,-0.010051,-0.024351,0.009827,0.143964,0.022805,0.018810,0.004951,0.000000,0.000000,-0.218166,-0.000000,0.065450,0.152716,0.152716,-0.196350,0.501782,0.087266,0.021817,-0.152716,0.000000,0.000000,0.000000,0.000000,0.000000,0.000000,0.000000,0.000000,0.000000,0.000000,0.000000,0.000000,0.000000,0.000000,0.000000,0.000000,0.000000,0.000000,0.000000,0.000000,0.000000,0.000000,0.000000,0.000000
1789149927.568588,0.138425,-0.026799,-0.014787,-0.219653,-0.145441,-0.103335,0.018238,-0.014724,-0.999725,0.000000,0.000000,0.000000,0.027268,0.017104,0.044438,0.002751,0.068721,-0.006334,-0.021144,0.004823,0.153579,0.024125,0.019268,0.001902,0.000000,0.000000,-0.109083,-0.000000,-0.087266,0.218166,0.152716,-0.261799,0.370883,0.043633,0.000000,-0.152716,0.000000,0.000000,0.000000,0.000000,0.000000,0.000000,0.000000,0.000000,0.000000,0.000000,0.000000,0.000000,0.000000,0.000000,0.000000,0.000000,0.000000,0.000000,0.000000,0.000000,0.000000,0.000000,0.000000,0.000000
1789149927.588724,0.117500,-0.016929,-0.012296,-0.214860,-0.107091,-0.100672,0.022603,-0.018799,-0.999568,0.000000,0.000000,0.000000,0.026267,0.017104,0.042346,0.003030,0.069122,-0.002178,-0.017561,0.000244,0.160283,0.025052,0.018930,-0.001853,-0.021817,0.000000,-0.152716,0.065450,0.109083,0.196350,0.130900,-0.174533,0.436332,0.043633,-0.065450,-0.152716,0.000000,0.000000,0.000000,0.000000,0.000000,0.000000,0.000000,0.000000,0.000000,0.000000,0.000000,0.000000,0.000000,0.000000,0.000000,0.000000,0.000000,0.000000,0.000000,0.000000,0.000000,0.000000,0.000000,0.000000
1789149927.608674,0.113036,-0.013476,-0.011356,-0.161863,-0.064880,-0.103335,0.026023,-0.021906,-0.999421,0.000000,0.000000,0.000000,0.025138,0.016840,0.036407,0.003275,0.069353,0.000620,-0.015150,-0.003285,0.163271,0.025867,0.018960,-0.003576,-0.087266,0.000000,-0.349066,-0.000000,0.000000,0.130900,0.130900,-0.109083,0.130900,0.021817,0.000000,-0.043633,0.000000,0.000000,0.000000,0.000000,0.000000,0.000000,0.000000,0.000000,0.000000,0.000000,0.000000,0.000000,0.000000,0.000000,0.000000,0.000000,0.000000,0.000000,0.000000,0.000000,0.000000,0.000000,0.000000,0.000000
1789149927.628562,0.108190,-0.008540,-0.010715,-0.052007,-0.028927,-0.110792,0.028383,-0.023056,-0.999331,0.000000,0.000000,0.000000,0.024650,0.016840,0.033270,0.003450,0.071710,0.003868,-0.012568,-0.005041,0.168251,0.026988,0.018960,-0.003819,0.000000,0.000000,-0.152716,-0.000000,0.087266,0.152716,0.130900,-0.021817,0.305433,-0.000000,0.000000,-0.000000,0.000000,0.000000,0.000000,0.000000,0.000000,0.000000,0.000000,0.000000,0.000000,0.000000,0.000000,0.000000,0.000000,0.000000,0.000000,0.000000,0.000000,0.000000,0.000000,0.000000,0.000000,0.000000,0.000000,0.000000
1789149927.648508,0.104130,-0.005385,-0.010651,-0.041355,-0.022403,-0.125173,0.030662,-0.024270,-0.999235,0.000000,0.000000,0.000000,0.024650,0.017012,0.029472,0.001977,0.072961,0.006347,-0.010667,-0.004542,0.171027,0.028349,0.018960,-0.003729,0.000000,0.065450,-0.239983,-0.152716,0.109083,0.065450,0.065450,0.043633,0.065450,0.043633,0.000000,0.043633,0.000000,0.000000,0.000000,0.000000,0.000000,0.000000,0.000000,0.000000,0.000000,0.000000,0.000000,0.000000,0.000000,0.000000,0.000000,0.000000,0.000000,0.000000,0.000000,0.000000,0.000000,0.000000,0.000000,0.000000
1789149927.668669,0.094239,-0.000581,-0.010450,0.014971,-0.024933,-0.108661,0.032200,-0.023945,-0.999195,0.000000,0.000000,0.000000,0.024475,0.017104,0.028081,0.000360,0.073717,0.007752,-0.009369,-0.004035,0.173086,0.031213,0.018960,-0.003555,0.000000,0.000000,-0.021817,-0.043633,0.000000,0.021817,0.043633,-0.000000,0.065450,0.196350,0.000000,-0.000000,0.000000,0.000000,0.000000,0.000000,0.000000,0.000000,0.000000,0.000000,0.000000,0.000000,0.000000,0.000000,0.000000,0.000000,0.000000,0.000000,0.000000,0.000000,0.000000,0.000000,0.000000,0.000000,0.000000,0.000000
1789149927.688660,0.086819,0.002871,-0.010062,0.053720,-0.047570,-0.089753,0.034393,-0.023044,-0.999143,0.000000,0.000000,0.000000,0.024380,0.017104,0.026608,-0.000306,0.073717,0.007918,-0.008610,-0.004035,0.174578,0.034152,0.018251,-0.003206,-0.021817,0.000000,-0.196350,-0.000000,0.000000,-0.000000,0.021817,-0.000000,0.021817,0.152716,-0.043633,-0.000000,0.000000,0.000000,0.000000,0.000000,0.000000,0.000000,0.000000,0.000000,0.000000,0.000000,0.000000,0.000000,0.000000,0.000000,0.000000,0.000000,0.000000,0.000000,0.000000,0.000000,0.000000,0.000000,0.000000,0.000000
1789149927.708615,0.078517,0.006679,-0.009626,0.010977,-0.028794,-0.067915,0.035820,-0.023030,-0.999093,0.000000,0.000000,0.000000,0.023297,0.017104,0.020799,-0.001470,0.072743,0.007332,-0.008043,-0.004035,0.175549,0.039020,0.017215,-0.003206,-0.087266,0.000000,-0.305433,-0.043633,-0.087266,-0.065450,0.087266,-0.000000,0.043633,0.261799,0.000000,-0.000000,0.000000,0.000000,0.000000,0.000000,0.000000,0.000000,0.000000,0.000000,0.000000,0.000000,0.000000,0.000000,0.000000,0.000000,0.000000,0.000000,0.000000,0.000000,0.000000,0.000000,0.000000,0.000000,0.000000,0.000000
1789149927.728567,0.062852,0.012739,-0.008826,0.059712,-0.005492,-0.051536,0.036710,-0.021791,-0.999088,0.000000,0.000000,0.000000,0.022081,0.016840,0.018825,-0.003131,0.071241,0.006781,-0.007964,-0.004343,0.176490,0.040340,0.015873,-0.002682,-0.109083,0.000000,-0.021817,-0.065450,-0.087266,-0.000000,0.000000,-0.000000,0.021817,0.087266,-0.043633,-0.000000,0.000000,0.000000,0.000000,0.000000,0.000000,0.000000,0.000000,0.000000,0.000000,0.000000,0.000000,0.000000,0.000000,0.000000,0.000000,0.000000,0.000000,0.000000,0.000000,0.000000,0.000000,0.000000,0.000000,0.000000
1789149927.748700,0.052425,0.016651,-0.008545,0.048927,0.033391,-0.039019,0.036665,-0.021003,-0.999107,0.000000,0.000000,0.000000,0.019169,0.016098,0.016226,-0.005569,0.070597,0.006257,-0.008229,-0.004692,0.176607,0.041474,0.015469,-0.001469,-0.196350,-0.021817,-0.174533,-0.130900,-0.021817,-0.000000,0.000000,-0.000000,0.000000,0.021817,0.000000,0.109083,0.000000,0.000000,0.000000,0.000000,0.000000,0.000000,0.000000,0.000000,0.000000,0.000000,0.000000,0.000000,0.000000,0.000000,0.000000,0.000000,0.000000,0.000000,0.000000,0.000000,0.000000,0.000000,0.000000,0.000000
1789149927.768869,0.040554,0.020234,-0.008170,0.058115,0.045907,-0.029698,0.035988,-0.020021,-0.999152,0.000000,0.000000,0.000000,0.017129,0.015255,0.012692,-0.006840,0.069885,0.005706,-0.008578,-0.004954,0.176130,0.041783,0.015096,-0.001111,-0.152716,-0.087266,-0.349066,-0.152716,-0.087266,-0.043633,0.000000,-0.043633,-0.043633,0.065450,-0.043633,-0.000000,0.000000,0.000000,0.000000,0.000000,0.000000,0.000000,0.000000,0.000000,0.000000,0.000000,0.000000,0.000000,0.000000,0.000000,0.000000,0.000000,0.000000,0.000000,0.000000,0.000000,0.000000,0.000000,0.000000,0.000000
1789149927.788689,0.023658,0.024786,-0.006920,0.092869,0.050435,-0.022641,0.034833,-0.017999,-0.999231,0.000000,0.000000,0.000000,0.012542,0.013799,0.009695,-0.008509,0.065178,0.005210,-0.008976,-0.006252,0.171322,0.041824,0.013599,0.000675,-0.174533,-0.021817,-0.065450,-0.000000,-0.174533,-0.000000,-0.021817,-0.087266,-0.327249,-0.000000,-0.087266,0.021817,0.000000,0.000000,0.000000,0.000000,0.000000,0.000000,0.000000,0.000000,0.000000,0.000000,0.000000,0.000000,0.000000,0.000000,0.000000,0.000000,0.000000,0.000000,0.000000,0.000000,0.000000,0.000000,0.000000,0.000000
1789149927.808558,0.012805,0.027868,-0.005094,0.129088,0.070009,-0.012521,0.033027,-0.015461,-0.999335,0.000000,0.000000,0.000000,0.008252,0.011726,0.006313,-0.009207,0.063016,0.004686,-0.009276,-0.007274,0.163342,0.041559,0.012088,0.001981,-0.152716,-0.152716,-0.261799,-0.000000,-0.130900,-0.000000,0.000000,-0.065450,-0.414516,-0.000000,-0.087266,0.043633,0.000000,0.000000,0.000000,0.000000,0.000000,0.000000,0.000000,0.000000,0.000000,0.000000,0.000000,0.000000,0.000000,0.000000,0.000000,0.000000,0.000000,0.000000,0.000000,0.000000,0.000000,0.000000,0.000000,0.000000
1789149927.828505,-0.001804,0.031859,-0.001371,0.156918,0.078265,-0.008526,0.031060,-0.012732,-0.999436,0.000000,0.000000,0.000000,0.006509,0.009327,0.004156,-0.009207,0.060313,0.004337,-0.009011,-0.009023,0.159596,0.041035,0.010550,0.003606,-0.087266,-0.152716,-0.021817,-0.000000,-0.218166,-0.000000,0.000000,-0.152716,-0.087267,-0.000000,-0.043633,0.109083,0.000000,0.000000,0.000000,0.000000,0.000000,0.000000,0.000000,0.000000,0.000000,0.000000,0.000000,0.000000,0.000000,0.000000,0.000000,0.000000,0.000000,0.000000,0.000000,0.000000,0.000000,0.000000,0.000000,0.000000
1789149927.848495,-0.010313,0.034296,0.000388,0.110845,0.061221,-0.001069,0.029177,-0.010802,-0.999516,0.000000,0.000000,0.000000,0.003815,0.008271,0.003379,-0.009207,0.055827,0.003211,-0.009011,-0.011000,0.154869,0.040687,0.009710,0.004823,-0.218166,-0.043633,-0.065450,-0.000000,-0.152716,-0.109083,0.000000,-0.087266,-0.392699,-0.000000,0.000000,0.021817,0.000000,0.000000,0.000000,0.000000,0.000000,0.000000,0.000000,0.000000,0.000000,0.000000,0.000000,0.000000,0.000000,0.000000,0.000000,0.000000,0.000000,0.000000,0.000000,0.000000,0.000000,0.000000,0.000000,0.000000
1789149927.868485,-0.022089,0.037224,0.001265,0.152790,0.094643,0.015309,0.026462,-0.007911,-0.999619,0.000000,0.000000,0.000000,-0.000183,0.007328,0.002471,-0.009207,0.054777,0.001812,-0.009276,-0.012685,0.149911,0.040687,0.009710,0.006593,-0.065450,-0.043633,-0.065450,-0.000000,0.000000,-0.109083,0.000000,-0.065450,-0.043633,-0.000000,0.000000,0.130900,0.000000,0.000000,0.000000,0.000000,0.000000,0.000000,0.000000,0.000000,0.000000,0.000000,0.000000,0.000000,0.000000,0.000000,0.000000,0.000000,0.000000,0.000000,0.000000,0.000000,0.000000,0.000000,0.000000,0.000000
1789149927.888501,-0.028226,0.038818,0.001349,0.093268,0.034456,0.018505,0.025154,-0.006155,-0.999665,0.000000,0.000000,0.000000,-0.001527,0.006542,0.000573,-0.009556,0.052317,0.000489,-0.009513,-0.014051,0.147501,0.040776,0.009323,0.007476,-0.087266,-0.021817,-0.130900,-0.000000,-0.174533,-0.087266,-0.021817,-0.065450,-0.174533,0.043633,-0.021817,0.021817,0.000000,0.000000,0.000000,0.000000,0.000000,0.000000,0.000000,0.000000,0.000000,0.000000,0.000000,0.000000,0.000000,0.000000,0.000000,0.000000,0.000000,0.000000,0.000000,0.000000,0.000000,0.000000,0.000000,0.000000
1789149927.908470,-0.032633,0.039756,0.001716,0.057316,0.033391,0.023032,0.023914,-0.005098,-0.999701,0.000000,0.000000,0.000000,-0.004224,0.005127,-0.003011,-0.009556,0.051576,-0.000754,-0.009800,-0.014526,0.144155,0.041126,0.008333,0.007542,-0.174533,-0.065450,-0.152716,-0.000000,-0.021817,-0.087266,0.000000,-0.021817,-0.109083,-0.000000,-0.152716,0.021817,0.000000,0.000000,0.000000,0.000000,0.000000,0.000000,0.000000,0.000000,0.000000,0.000000,0.000000,0.000000,0.000000,0.000000,0.000000,0.000000,0.000000,0.000000,0.000000,0.000000,0.000000,0.000000,0.000000,0.000000
1789149927.928508,-0.037023,0.040767,0.002803,0.046130,0.006759,0.014643,0.023143,-0.003858,-0.999725,0.000000,0.000000,0.000000,-0.006586,0.002569,-0.004058,-0.010505,0.050160,-0.001433,-0.009800,-0.014815,0.142191,0.040845,0.006197,0.007146,-0.109083,-0.174533,-0.000000,-0.021817,-0.130900,-0.043633,0.000000,-0.000000,-0.130900,-0.021817,-0.087266,-0.087266,0.000000,0.000000,0.000000,0.000000,0.000000,0.000000,0.000000,0.000000,0.000000,0.000000,0.000000,0.000000,0.000000,0.000000,0.000000,0.000000,0.000000,0.000000,0.000000,0.000000,0.000000,0.000000,0.000000,0.000000
1789149927.948479,-0.038248,0.040947,0.003129,0.047861,0.009156,0.009450,0.022146,-0.002596,-0.999751,0.000000,0.000000,0.000000,-0.008541,-0.000093,-0.004748,-0.010952,0.049192,-0.002120,-0.009535,-0.014815,0.137839,0.040861,0.004501,0.007097,-0.109083,-0.065450,-0.065450,-0.021817,0.000000,-0.000000,0.000000,-0.000000,-0.305433,-0.000000,-0.087266,-0.021817,0.000000,0.000000,0.000000,0.000000,0.000000,0.000000,0.000000,0.000000,0.000000,0.000000,0.000000,0.000000,0.000000,0.000000,0.000000,0.000000,0.000000,0.000000,0.000000,0.000000,0.000000,0.000000,0.000000,0.000000
1789149927.968495,-0.037556,0.040906,0.004908,0.100192,0.047905,0.002659,0.020317,-0.000281,-0.999794,0.000000,0.000000,0.000000,-0.008860,-0.000725,-0.005280,-0.011506,0.051409,-0.002120,-0.008793,-0.014815,0.134253,0.040861,0.003451,0.007790,0.000000,-0.021817,-0.000000,-0.021817,0.087266,-0.000000,0.021817,-0.000000,-0.109083,-0.000000,-0.065450,-0.000000,0.000000,0.000000,0.000000,0.000000,0.000000,0.000000,0.000000,0.000000,0.000000,0.000000,0.000000,0.000000,0.000000,0.000000,0.000000,0.000000,0.000000,0.000000,0.000000,0.000000,0.000000,0.000000,0.000000,0.000000
1789149927.988478,-0.036177,0.040750,0.006146,0.046663,0.027532,-0.008260,0.019406,0.000953,-0.999811,0.000000,0.000000,0.000000,-0.009226,-0.001137,-0.005432,-0.011604,0.053209,-0.002120,-0.007872,-0.014815,0.129352,0.040861,0.003135,0.008663,-0.043633,0.000000,-0.021817,-0.021817,0.087266,-0.000000,0.043633,-0.000000,-0.261799,-0.000000,-0.043633,-0.000000,0.000000,0.000000,0.000000,0.000000,0.000000,0.000000,0.000000,0.000000,0.000000,0.000000,0.000000,0.000000,0.000000,0.000000,0.000000,0.000000,0.000000,0.000000,0.000000,0.000000,0.000000,0.000000,0.000000,0.000000
1789149928.008475,-0.034000,0.039857,0.006663,0.029619,0.026333,-0.007994,0.018412,0.002130,-0.999828,0.000000,0.000000,0.000000,-0.009384,-0.001486,-0.005629,-0.011650,0.055683,-0.001777,-0.007539,-0.014488,0.128128,0.041474,0.003077,0.009666,0.000000,0.000000,-0.000000,-0.000000,0.065450,0.021817,0.021817,0.021817,0.000000,0.065450,0.000000,0.065450,0.000000,0.000000,0.000000,0.000000,0.000000,0.000000,0.000000,0.000000,0.000000,0.000000,0.000000,0.000000,0.000000,0.000000,0.000000,0.000000,0.000000,0.000000,0.000000,0.000000,0.000000,0.000000,0.000000,0.000000
1789149928.028478,-0.030929,0.037653,0.006216,0.001655,0.005960,-0.005330,0.018062,0.002876,-0.999833,0.000000,0.000000,0.000000,-0.009559,-0.001486,-0.006471,-0.011650,0.056212,-0.001199,-0.007034,-0.014157,0.127953,0.042110,0.003386,0.010408,0.000000,0.000000,-0.021817,-0.000000,0.021817,0.087266,0.021817,-0.000000,0.000000,0.109083,0.000000,-0.000000,0.000000,0.000000,0.000000,0.000000,0.000000,0.000000,0.000000,0.000000,0.000000,0.000000,0.000000,0.000000,0.000000,0.000000,0.000000,0.000000,0.000000,0.000000,0.000000,0.000000,0.000000,0.000000,0.000000,0.000000
1789149928.048571,-0.025049,0.032915,0.004868,-0.014723,-0.019873,-0.005597,0.018161,0.003458,-0.999829,0.000000,0.000000,0.000000,-0.009559,-0.001661,-0.006501,-0.011825,0.056577,-0.001158,-0.006601,-0.013634,0.127953,0.043220,0.003552,0.010408,0.000000,0.000000,-0.000000,-0.000000,0.021817,-0.000000,0.021817,-0.000000,0.000000,0.065450,0.021817,-0.000000,0.000000,0.000000,0.000000,0.000000,0.000000,0.000000,0.000000,0.000000,0.000000,0.000000,0.000000,0.000000,0.000000,0.000000,0.000000,0.000000,0.000000,0.000000,0.000000,0.000000,0.000000,0.000000,0.000000,0.000000
1789149928.068408,-0.018547,0.027448,0.003192,-0.023112,-0.021204,-0.000004,0.018470,0.003912,-0.999822,0.000000,0.000000,0.000000,-0.009559,-0.001661,-0.006501,-0.011825,0.056613,-0.001158,-0.006044,-0.012936,0.128929,0.044480,0.003560,0.009756,0.000000,0.000000,-0.000000,-0.000000,0.000000,-0.000000,0.000000,-0.000000,0.043633,0.065450,0.000000,-0.021817,0.000000,0.000000,0.000000,0.000000,0.000000,0.000000,0.000000,0.000000,0.000000,0.000000,0.000000,0.000000,0.000000,0.000000,0.000000,0.000000,0.000000,0.000000,0.000000,0.000000,0.000000,0.000000,0.000000,0.000000
1789149928.088455,-0.013803,0.023274,0.002171,-0.023112,-0.023335,0.007586,0.018829,0.004420,-0.999813,0.000000,0.000000,0.000000,-0.009076,-0.001456,-0.005765,-0.011459,0.056992,-0.001060,-0.005420,-0.012000,0.129701,0.045317,0.003560,0.008733,0.000000,0.065450,0.109083,0.021817,0.043633,0.021817,0.021817,0.021817,0.065450,0.065450,0.000000,-0.021817,0.000000,0.000000,0.000000,0.000000,0.000000,0.000000,0.000000,0.000000,0.000000,0.000000,0.000000,0.000000,0.000000,0.000000,0.000000,0.000000,0.000000,0.000000,0.000000,0.000000,0.000000,0.000000,0.000000,0.000000
1789149928.108627,-0.008998,0.018770,0.001357,-0.052007,-0.020006,0.017173,0.019360,0.004207,-0.999804,0.000000,0.000000,0.000000,-0.008680,-0.001287,-0.004808,-0.010472,0.057357,-0.000623,-0.004394,-0.010214,0.130718,0.045314,0.003222,0.007165,0.043633,0.021817,0.043633,0.065450,0.021817,0.065450,0.043633,0.152716,0.043633,-0.000000,-0.043633,-0.065450,0.000000,0.000000,0.000000,0.000000,0.000000,0.000000,0.000000,0.000000,0.000000,0.000000,0.000000,0.000000,0.000000,0.000000,0.000000,0.000000,0.000000,0.000000,0.000000,0.000000,0.000000,0.000000,0.000000,0.000000
1789149928.128506,-0.004158,0.013988,0.000650,-0.071448,-0.022403,0.030356,0.020129,0.003445,-0.999791,0.000000,0.000000,0.000000,-0.008296,-0.000916,-0.004401,-0.009548,0.057742,-0.000086,-0.003118,-0.008548,0.133743,0.045663,0.003252,0.005851,0.087266,0.021817,0.021817,0.021817,0.021817,0.021817,0.109083,0.065450,0.196350,-0.000000,0.000000,-0.087266,0.000000,0.000000,0.000000,0.000000,0.000000,0.000000,0.000000,0.000000,0.000000,0.000000,0.000000,0.000000,0.000000,0.000000,0.000000,0.000000,0.000000,0.000000,0.000000,0.000000,0.000000,0.000000,0.000000,0.000000
1789149928.148440,0.003373,0.006174,0.000298,-0.096216,-0.036384,0.039943,0.021252,0.002095,-0.999772,0.000000,0.000000,0.000000,-0.007854,-0.000545,-0.003701,-0.008830,0.057570,0.000348,-0.002728,-0.007435,0.136617,0.045663,0.003560,0.004727,0.000000,0.065450,0.021817,0.021817,0.000000,0.021817,0.000000,0.021817,0.065450,-0.000000,0.000000,-0.065450,0.000000,0.000000,0.000000,0.000000,0.000000,0.000000,0.000000,0.000000,0.000000,0.000000,0.000000,0.000000,0.000000,0.000000,0.000000,0.000000,0.000000,0.000000,0.000000,0.000000,0.000000,0.000000,0.000000,0.000000
1789149928.168445,0.007773,0.001856,0.000163,-0.078106,-0.022136,0.049131,0.022081,0.001000,-0.999756,0.000000,0.000000,0.000000,-0.007554,-0.000524,-0.002683,-0.008007,0.057570,0.000465,-0.002205,-0.006113,0.139701,0.045663,0.004220,0.004106,-0.065450,0.000000,0.087266,0.065450,0.000000,0.021817,0.000000,0.087266,0.239983,-0.000000,0.021817,-0.021817,0.000000,0.000000,0.000000,0.000000,0.000000,0.000000,0.000000,0.000000,0.000000,0.000000,0.000000,0.000000,0.000000,0.000000,0.000000,0.000000,0.000000,0.000000,0.000000,0.000000,0.000000,0.000000,0.000000,0.000000
1789149928.188406,0.011789,-0.002347,-0.000501,-0.070383,-0.025332,0.050862,0.023207,-0.000436,-0.999731,0.000000,0.000000,0.000000,-0.006632,0.000000,-0.001358,-0.007093,0.057019,0.000735,-0.001575,-0.005420,0.144943,0.045663,0.004872,0.003470,0.000000,0.000000,0.087266,0.043633,-0.021817,0.021817,0.021817,0.043633,0.174533,-0.000000,0.021817,-0.021817,0.000000,0.000000,0.000000,0.000000,0.000000,0.000000,0.000000,0.000000,0.000000,0.000000,0.000000,0.000000,0.000000,0.000000,0.000000,0.000000,0.000000,0.000000,0.000000,0.000000,0.000000,0.000000,0.000000,0.000000
1789149928.208439,0.016388,-0.008159,-0.002020,-0.102341,-0.039580,0.049531,0.024621,-0.002122,-0.999695,0.000000,0.000000,0.000000,-0.006150,0.000349,0.001833,-0.005940,0.056806,0.000937,-0.001242,-0.004539,0.147209,0.045663,0.005644,0.002098,0.021817,0.000000,0.218166,0.087266,-0.021817,-0.000000,0.021817,0.021817,0.218166,-0.000000,0.087266,-0.065450,0.000000,0.000000,0.000000,0.000000,0.000000,0.000000,0.000000,0.000000,0.000000,0.000000,0.000000,0.000000,0.000000,0.000000,0.000000,0.000000,0.000000,0.000000,0.000000,0.000000,0.000000,0.000000,0.000000,0.000000
1789149928.228645,0.020932,-0.013317,-0.002858,-0.060929,-0.028661,0.044870,0.025737,-0.003215,-0.999664,0.000000,0.000000,0.000000,-0.005302,0.000349,0.004710,-0.004383,0.056029,0.001062,-0.000871,-0.003860,0.151272,0.045663,0.006345,0.000661,0.130900,0.000000,0.043633,0.065450,-0.043633,0.021817,0.021817,-0.000000,0.043633,-0.000000,0.021817,-0.065450,0.000000,0.000000,0.000000,0.000000,0.000000,0.000000,0.000000,0.000000,0.000000,0.000000,0.000000,0.000000,0.000000,0.000000,0.000000,0.000000,0.000000,0.000000,0.000000,0.000000,0.000000,0.000000,0.000000,0.000000
1789149928.248453,0.023699,-0.016548,-0.002821,-0.060929,-0.021737,0.037147,0.026877,-0.004332,-0.999629,0.000000,0.000000,0.000000,-0.003946,0.000706,0.005274,-0.001904,0.055999,0.001452,-0.000088,-0.003162,0.152033,0.045573,0.006527,-0.001048,0.065450,0.021817,0.065450,0.109083,0.000000,0.043633,0.043633,-0.000000,0.109083,-0.043633,0.000000,-0.087266,0.000000,0.000000,0.000000,0.000000,0.000000,0.000000,0.000000,0.000000,0.000000,0.000000,0.000000,0.000000,0.000000,0.000000,0.000000,0.000000,0.000000,0.000000,0.000000,0.000000,0.000000,0.000000,0.000000,0.000000
1789149928.268495,0.026377,-0.021252,-0.003192,-0.039357,-0.015478,0.033552,0.027978,-0.005493,-0.999593,0.000000,0.000000,0.000000,-0.002441,0.001050,0.008315,-0.000033,0.055999,0.001817,0.000239,-0.002638,0.152870,0.044930,0.006688,-0.002265,0.065450,0.065450,0.196350,0.065450,0.000000,0.021817,0.000000,-0.000000,0.000000,-0.087266,0.021817,-0.043633,0.000000,0.000000,0.000000,0.000000,0.000000,0.000000,0.000000,0.000000,0.000000,0.000000,0.000000,0.000000,0.000000,0.000000,0.000000,0.000000,0.000000,0.000000,0.000000,0.000000,0.000000,0.000000,0.000000,0.000000
1789149928.288525,0.027550,-0.023863,-0.002976,-0.027639,-0.004426,0.028092,0.028683,-0.006269,-0.999569,0.000000,0.000000,0.000000,-0.001088,0.001674,0.011991,0.000513,0.055999,0.002158,0.000413,-0.002289,0.154185,0.043700,0.006702,-0.002772,0.021817,0.087266,0.065450,0.021817,0.000000,-0.000000,0.000000,-0.000000,0.065450,-0.130900,0.000000,-0.000000,0.000000,0.000000,0.000000,0.000000,0.000000,0.000000,0.000000,0.000000,0.000000,0.000000,0.000000,0.000000,0.000000,0.000000,0.000000,0.000000,0.000000,0.000000,0.000000,0.000000,0.000000,0.000000,0.000000,0.000000
1789149928.308499,0.027700,-0.026013,-0.002851,-0.060130,0.012884,0.018771,0.029227,-0.007985,-0.999541,0.000000,0.000000,0.000000,-0.000175,0.002457,0.012482,0.001156,0.055999,0.002507,0.000413,-0.002289,0.155576,0.042527,0.007209,-0.003151,0.043633,0.043633,-0.000000,0.043633,0.000000,-0.000000,0.000000,-0.000000,0.087266,-0.043633,0.021817,-0.043633,0.000000,0.000000,0.000000,0.000000,0.000000,0.000000,0.000000,0.000000,0.000000,0.000000,0.000000,0.000000,0.000000,0.000000,0.000000,0.000000,0.000000,0.000000,0.000000,0.000000,0.000000,0.000000,0.000000,0.000000
1789149928.328542,0.026833,-0.028789,-0.002611,-0.078106,-0.002828,0.019037,0.030208,-0.009975,-0.999494,0.000000,0.000000,0.000000,0.000314,0.003316,0.012755,0.001751,0.054311,0.003031,0.000225,-0.002289,0.160569,0.041019,0.007888,-0.003326,0.021817,0.000000,0.065450,0.021817,-0.130900,-0.000000,-0.065450,-0.000000,0.261799,-0.065450,0.021817,-0.065450,0.000000,0.000000,0.000000,0.000000,0.000000,0.000000,0.000000,0.000000,0.000000,0.000000,0.000000,0.000000,0.000000,0.000000,0.000000,0.000000,0.000000,0.000000,0.000000,0.000000,0.000000,0.000000,0.000000,0.000000
1789149928.348496,0.025335,-0.029920,-0.002594,-0.092354,-0.024001,0.012246,0.031355,-0.011924,-0.999437,0.000000,0.000000,0.000000,0.000431,0.003965,0.013005,0.002132,0.052023,0.003031,-0.000904,-0.002477,0.161477,0.040512,0.008447,-0.003994,0.021817,0.021817,-0.000000,0.021817,-0.130900,-0.000000,-0.043633,-0.065450,0.152716,-0.000000,0.000000,-0.109083,0.000000,0.000000,0.000000,0.000000,0.000000,0.000000,0.000000,0.000000,0.000000,0.000000,0.000000,0.000000,0.000000,0.000000,0.000000,0.000000,0.000000,0.000000,0.000000,0.000000,0.000000,0.000000,0.000000,0.000000
1789149928.368535,0.022980,-0.031065,-0.002835,-0.026574,-0.012682,0.007186,0.031854,-0.012727,-0.999412,0.000000,0.000000,0.000000,0.000698,0.004363,0.013005,0.002967,0.049863,0.002475,-0.001597,-0.003009,0.163517,0.039789,0.008796,-0.004343,0.000000,0.000000,-0.000000,0.043633,-0.065450,-0.021817,0.000000,-0.087266,0.000000,-0.043633,0.000000,-0.000000,0.000000,0.000000,0.000000,0.000000,0.000000,0.000000,0.000000,0.000000,0.000000,0.000000,0.000000,0.000000,0.000000,0.000000,0.000000,0.000000,0.000000,0.000000,0.000000,0.000000,0.000000,0.000000,0.000000,0.000000
1789149928.388426,0.020819,-0.030900,-0.002701,-0.000475,0.001033,-0.002800,0.032075,-0.013359,-0.999396,0.000000,0.000000,0.000000,0.001396,0.005555,0.013529,0.003818,0.049162,0.001992,-0.002120,-0.003217,0.163517,0.039279,0.008488,-0.004692,0.000000,0.087266,-0.000000,0.021817,-0.043633,-0.021817,0.000000,-0.043633,0.000000,-0.021817,0.000000,-0.000000,0.000000,0.000000,0.000000,0.000000,0.000000,0.000000,0.000000,0.000000,0.000000,0.000000,0.000000,0.000000,0.000000,0.000000,0.000000,0.000000,0.000000,0.000000,0.000000,0.000000,0.000000,0.000000,0.000000,0.000000
1789149928.408424,0.017317,-0.029963,-0.002050,0.019898,0.012618,-0.006263,0.032057,-0.013836,-0.999390,0.000000,0.000000,0.000000,0.001631,0.006210,0.013878,0.004873,0.048819,0.001719,-0.002319,-0.003470,0.163517,0.038292,0.007790,-0.004798,0.043633,0.065450,-0.000000,0.021817,-0.021817,-0.000000,-0.021817,-0.000000,0.000000,-0.087266,0.000000,-0.021817,0.000000,0.000000,0.000000,0.000000,0.000000,0.000000,0.000000,0.000000,0.000000,0.000000,0.000000,0.000000,0.000000,0.000000,0.000000,0.000000,0.000000,0.000000,0.000000,0.000000,0.000000,0.000000,0.000000,0.000000
1789149928.428461,0.014439,-0.028402,-0.001656,0.006582,0.006493,-0.009192,0.032169,-0.014232,-0.999381,0.000000,0.000000,0.000000,0.001963,0.006649,0.013878,0.005746,0.047970,0.001719,-0.002630,-0.003645,0.163209,0.037504,0.007092,-0.004866,0.021817,0.021817,-0.000000,0.021817,-0.021817,-0.000000,-0.065450,-0.000000,0.000000,-0.043633,0.000000,-0.000000,0.000000,0.000000,0.000000,0.000000,0.000000,0.000000,0.000000,0.000000,0.000000,0.000000,0.000000,0.000000,0.000000,0.000000,0.000000,0.000000,0.000000,0.000000,0.000000,0.000000,0.000000,0.000000,0.000000,0.000000
1789149928.448418,0.011499,-0.026553,-0.001463,0.016436,0.006359,-0.019312,0.032149,-0.014456,-0.999379,0.000000,0.000000,0.000000,0.002435,0.007003,0.013878,0.005893,0.046389,0.001370,-0.003167,-0.004223,0.163209,0.037370,0.006743,-0.004389,0.021817,0.021817,-0.000000,-0.000000,-0.065450,-0.000000,-0.021817,-0.087266,0.000000,-0.000000,0.000000,0.043633,0.000000,0.000000,0.000000,0.000000,0.000000,0.000000,0.000000,0.000000,0.000000,0.000000,0.000000,0.000000,0.000000,0.000000,0.000000,0.000000,0.000000,0.000000,0.000000,0.000000,0.000000,0.000000,0.000000,0.000000
1789149928.468563,0.008667,-0.024086,-0.001298,-0.000741,0.007292,-0.016516,0.032195,-0.015027,-0.999369,0.000000,0.000000,0.000000,0.002792,0.006981,0.013240,0.005893,0.045527,0.000847,-0.003865,-0.004665,0.163209,0.037196,0.006677,-0.004318,0.000000,0.000000,-0.065450,-0.000000,0.000000,-0.000000,0.000000,-0.043633,0.000000,-0.000000,-0.021817,0.021817,0.000000,0.000000,0.000000,0.000000,0.000000,0.000000,0.000000,0.000000,0.000000,0.000000,0.000000,0.000000,0.000000,0.000000,0.000000,0.000000,0.000000,0.000000,0.000000,0.000000,0.000000,0.000000,0.000000,0.000000
1789149928.488419,0.004476,-0.019234,-0.001237,0.022561,0.004096,-0.022641,0.032074,-0.015066,-0.999372,0.000000,0.000000,0.000000,0.002792,0.006981,0.013046,0.005893,0.044453,0.000323,-0.004746,-0.004940,0.163209,0.037196,0.006290,-0.004253,0.000000,0.000000,-0.000000,-0.000000,-0.065450,-0.000000,-0.043633,-0.021817,0.000000,-0.000000,-0.065450,-0.000000,0.000000,0.000000,0.000000,0.000000,0.000000,0.000000,0.000000,0.000000,0.000000,0.000000,0.000000,0.000000,0.000000,0.000000,0.000000,0.000000,0.000000,0.000000,0.000000,0.000000,0.000000,0.000000,0.000000,0.000000
1789149928.508478,0.001976,-0.015889,-0.000979,0.027488,0.003164,-0.031962,0.031913,-0.014947,-0.999379,0.000000,0.000000,0.000000,0.002561,0.006818,0.012523,0.005454,0.043833,-0.000026,-0.005076,-0.005215,0.163160,0.037196,0.005382,-0.004078,-0.065450,-0.065450,-0.000000,-0.000000,-0.021817,-0.000000,-0.043633,-0.000000,-0.021817,-0.000000,-0.065450,-0.000000,0.000000,0.000000,0.000000,0.000000,0.000000,0.000000,0.000000,0.000000,0.000000,0.000000,0.000000,0.000000,0.000000,0.000000,0.000000,0.000000,0.000000,0.000000,0.000000,0.000000,0.000000,0.000000,0.000000,0.000000
1789149928.528934,-0.001375,-0.010387,-0.000262,0.022828,-0.000432,-0.033427,0.031883,-0.014790,-0.999382,0.000000,0.000000,0.000000,0.002310,0.006717,0.011650,0.004756,0.043359,-0.000200,-0.005262,-0.005390,0.162331,0.037196,0.004294,-0.004078,0.000000,0.000000,-0.000000,-0.000000,-0.065450,-0.000000,0.000000,-0.000000,-0.043633,-0.000000,-0.065450,-0.000000,0.000000,0.000000,0.000000,0.000000,0.000000,0.000000,0.000000,0.000000,0.000000,0.000000,0.000000,0.000000,0.000000,0.000000,0.000000,0.000000,0.000000,0.000000,0.000000,0.000000,0.000000,0.000000,0.000000,0.000000
1789149928.548824,-0.003400,-0.006838,0.000102,0.013107,0.007425,-0.034892,0.031607,-0.014556,-0.999394,0.000000,0.000000,0.000000,0.001786,0.006368,0.010603,0.003144,0.043119,-0.000375,-0.005262,-0.005529,0.161867,0.037196,0.003601,-0.003694,0.000000,0.000000,-0.065450,-0.065450,-0.021817,-0.000000,0.000000,-0.021817,-0.065450,-0.000000,0.000000,0.043633,0.000000,0.000000,0.000000,0.000000,0.000000,0.000000,0.000000,0.000000,0.000000,0.000000,0.000000,0.000000,0.000000,0.000000,0.000000,0.000000,0.000000,0.000000,0.000000,0.000000,0.000000,0.000000,0.000000,0.000000
1789149928.568615,-0.006347,-0.001682,0.000097,0.011376,0.010887,-0.041017,0.031235,-0.014343,-0.999409,0.000000,0.000000,0.000000,0.001263,0.005825,0.008735,0.001415,0.042734,-0.000375,-0.005545,-0.005674,0.161638,0.037463,0.003228,-0.003252,0.000000,-0.021817,-0.130900,-0.065450,0.000000,-0.000000,-0.021817,-0.021817,0.000000,0.043633,-0.021817,0.021817,0.000000,0.000000,0.000000,0.000000,0.000000,0.000000,0.000000,0.000000,0.000000,0.000000,0.000000,0.000000,0.000000,0.000000,0.000000,0.000000,0.000000,0.000000,0.000000,0.000000,0.000000,0.000000,0.000000,0.000000
1789149928.588489,-0.007904,0.001248,0.000004,0.001922,0.010088,-0.037954,0.030916,-0.014274,-0.999420,0.000000,0.000000,0.000000,0.000564,0.005258,0.005411,0.000360,0.042560,-0.000375,-0.005862,-0.005739,0.161638,0.038183,0.003252,-0.002706,0.000000,-0.065450,-0.130900,-0.043633,0.000000,-0.000000,-0.021817,-0.000000,0.000000,0.065450,0.000000,0.043633,0.000000,0.000000,0.000000,0.000000,0.000000,0.000000,0.000000,0.000000,0.000000,0.000000,0.000000,0.000000,0.000000,0.000000,0.000000,0.000000,0.000000,0.000000,0.000000,0.000000,0.000000,0.000000,0.000000,0.000000
1789149928.608438,-0.008695,0.003857,0.000154,0.015504,-0.004426,-0.033294,0.030775,-0.013606,-0.999434,0.000000,0.000000,0.000000,0.000215,0.004186,0.004320,-0.000137,0.042347,-0.000375,-0.005960,-0.005739,0.161461,0.038333,0.003252,-0.002333,0.000000,-0.065450,-0.000000,-0.043633,-0.021817,-0.000000,0.000000,-0.000000,-0.021817,-0.000000,0.000000,-0.000000,0.000000,0.000000,0.000000,0.000000,0.000000,0.000000,0.000000,0.000000,0.000000,0.000000,0.000000,0.000000,0.000000,0.000000,0.000000,0.000000,0.000000,0.000000,0.000000,0.000000,0.000000,0.000000,0.000000,0.000000
1789149928.628531,-0.008899,0.006144,0.000168,0.019232,-0.000831,-0.032761,0.030520,-0.012796,-0.999452,0.000000,0.000000,0.000000,0.000215,0.003717,0.004153,-0.000306,0.042385,-0.000375,-0.005960,-0.005739,0.161338,0.038715,0.002903,-0.002333,0.000000,-0.087266,-0.021817,-0.000000,0.000000,-0.000000,0.000000,-0.000000,-0.021817,0.021817,0.000000,-0.000000,0.000000,0.000000,0.000000,0.000000,0.000000,0.000000,0.000000,0.000000,0.000000,0.000000,0.000000,0.000000,0.000000,0.000000,0.000000,0.000000,0.000000,0.000000,0.000000,0.000000,0.000000,0.000000,0.000000,0.000000
1789149928.648448,-0.008532,0.008897,0.000556,0.019499,-0.002296,-0.020511,0.030441,-0.012052,-0.999464,0.000000,0.000000,0.000000,-0.000134,0.002482,0.003150,-0.001375,0.042385,-0.000375,-0.005960,-0.005082,0.160765,0.039380,0.002379,-0.001984,0.000000,-0.021817,-0.021817,-0.065450,0.000000,-0.000000,0.000000,-0.000000,0.000000,-0.000000,0.000000,-0.000000,0.000000,0.000000,0.000000,0.000000,0.000000,0.000000,0.000000,0.000000,0.000000,0.000000,0.000000,0.000000,0.000000,0.000000,0.000000,0.000000,0.000000,0.000000,0.000000,0.000000,0.000000,0.000000,0.000000,0.000000
1789149928.668447,-0.007676,0.010466,0.000851,0.002854,-0.004559,-0.004798,0.030492,-0.011612,-0.999468,0.000000,0.000000,0.000000,-0.000491,0.002004,0.002923,-0.002225,0.042385,-0.000375,-0.005521,-0.004733,0.160591,0.039686,0.001856,-0.001809,-0.021817,0.000000,-0.000000,-0.130900,0.000000,-0.000000,0.000000,-0.000000,0.000000,0.043633,0.000000,-0.000000,0.000000,0.000000,0.000000,0.000000,0.000000,0.000000,0.000000,0.000000,0.000000,0.000000,0.000000,0.000000,0.000000,0.000000,0.000000,0.000000,0.000000,0.000000,0.000000,0.000000,0.000000,0.000000,0.000000,0.000000
1789149928.688454,-0.006972,0.010769,0.000528,-0.000209,-0.003361,-0.002135,0.030523,-0.011000,-0.999474,0.000000,0.000000,0.000000,-0.000483,0.001434,0.002138,-0.002588,0.042385,-0.000105,-0.005172,-0.004583,0.160591,0.040147,0.001681,-0.001635,0.000000,-0.021817,-0.021817,-0.021817,0.000000,0.065450,0.000000,0.021817,0.000000,0.043633,0.000000,-0.000000,0.000000,0.000000,0.000000,0.000000,0.000000,0.000000,0.000000,0.000000,0.000000,0.000000,0.000000,0.000000,0.000000,0.000000,0.000000,0.000000,0.000000,0.000000,0.000000,0.000000,0.000000,0.000000,0.000000,0.000000
1789149928.708443,-0.006972,0.010769,0.000528,-0.015256,-0.000165,0.008518,0.030597,-0.010913,-0.999472,0.000000,0.000000,0.000000,-0.001020,0.001132,0.001702,-0.002940,0.042650,-0.000111,-0.004812,-0.004558,0.160591,0.040329,0.001681,-0.001507,-0.065450,0.000000,-0.000000,-0.021817,0.000000,-0.000000,0.021817,-0.000000,0.000000,0.021817,0.000000,0.021817,0.000000,0.000000,0.000000,0.000000,0.000000,0.000000,0.000000,0.000000,0.000000,0.000000,0.000000,0.000000,0.000000,0.000000,0.000000,0.000000,0.000000,0.000000,0.000000,0.000000,0.000000,0.000000,0.000000,0.000000
1789149928.728422,-0.004180,0.008162,-0.000328,-0.001008,0.005694,0.013178,0.030549,-0.010615,-0.999477,0.000000,0.000000,0.000000,-0.001006,0.000957,0.001702,-0.002924,0.042824,-0.000050,-0.004460,-0.004482,0.160591,0.040539,0.001643,-0.001460,0.000000,0.000000,-0.000000,-0.000000,0.000000,0.021817,0.087266,0.021817,0.000000,0.021817,-0.021817,-0.000000,0.000000,0.000000,0.000000,0.000000,0.000000,0.000000,0.000000,0.000000,0.000000,0.000000,0.000000,0.000000,0.000000,0.000000,0.000000,0.000000,0.000000,0.000000,0.000000,0.000000,0.000000,0.000000,0.000000,0.000000
1789149928.748662,-0.002753,0.006486,-0.000903,-0.007399,-0.002296,0.013178,0.030733,-0.010408,-0.999473,0.000000,0.000000,0.000000,-0.001006,0.000750,0.001702,-0.002924,0.042999,0.000064,-0.004234,-0.004294,0.160591,0.040602,0.002030,-0.001286,0.000000,-0.021817,-0.000000,-0.000000,0.000000,-0.000000,0.087266,0.021817,0.000000,-0.000000,0.000000,-0.000000,0.000000,0.000000,0.000000,0.000000,0.000000,0.000000,0.000000,0.000000,0.000000,0.000000,0.000000,0.000000,0.000000,0.000000,0.000000,0.000000,0.000000,0.000000,0.000000,0.000000,0.000000,0.000000,0.000000,0.000000
1789149928.768468,-0.001699,0.005126,-0.001035,-0.014989,-0.000698,0.013578,0.030905,-0.010314,-0.999469,0.000000,0.000000,0.000000,-0.000725,0.000783,0.002539,-0.002460,0.042999,0.000064,-0.003901,-0.004209,0.160591,0.040602,0.002030,-0.001550,0.021817,0.000000,0.087266,0.021817,0.000000,-0.000000,0.130900,-0.000000,0.000000,-0.000000,0.000000,-0.000000,0.000000,0.000000,0.000000,0.000000,0.000000,0.000000,0.000000,0.000000,0.000000,0.000000,0.000000,0.000000,0.000000,0.000000,0.000000,0.000000,0.000000,0.000000,0.000000,0.000000,0.000000,0.000000,0.000000,0.000000
1789149928.788467,-0.000080,0.002596,-0.000869,-0.026574,0.002897,0.017839,0.031000,-0.010583,-0.999463,0.000000,0.000000,0.000000,-0.000698,0.000783,0.003057,-0.002485,0.042999,0.000064,-0.003983,-0.004035,0.160899,0.040337,0.002030,-0.002074,0.000000,0.000000,-0.000000,-0.000000,0.000000,-0.000000,0.087266,-0.000000,0.000000,-0.000000,0.000000,-0.000000,0.000000,0.000000,0.000000,0.000000,0.000000,0.000000,0.000000,0.000000,0.000000,0.000000,0.000000,0.000000,0.000000,0.000000,0.000000,0.000000,0.000000,0.000000,0.000000,0.000000,0.000000,0.000000,0.000000,0.000000
1789149928.808550,0.000900,0.000675,-0.000694,-0.012193,0.004762,0.011980,0.031106,-0.010667,-0.999459,0.000000,0.000000,0.000000,-0.000524,0.000783,0.003390,-0.001961,0.043174,0.000187,-0.003865,-0.004035,0.161073,0.039896,0.002030,-0.002431,0.000000,0.000000,0.087266,-0.000000,0.000000,0.021817,0.000000,-0.000000,0.000000,-0.021817,0.000000,-0.065450,0.000000,0.000000,0.000000,0.000000,0.000000,0.000000,0.000000,0.000000,0.000000,0.000000,0.000000,0.000000,0.000000,0.000000,0.000000,0.000000,0.000000,0.000000,0.000000,0.000000,0.000000,0.000000,0.000000,0.000000
1789149928.828478,0.002277,-0.002707,-0.000396,-0.029503,0.001299,0.016507,0.031328,-0.011169,-0.999447,0.000000,0.000000,0.000000,-0.000175,0.000783,0.004104,-0.001462,0.043174,0.000239,-0.003865,-0.004035,0.161330,0.039465,0.002074,-0.002423,0.000000,0.000000,-0.000000,0.021817,0.000000,-0.000000,0.000000,-0.000000,0.043633,-0.000000,0.021817,-0.000000,0.000000,0.000000,0.000000,0.000000,0.000000,0.000000,0.000000,0.000000,0.000000,0.000000,0.000000,0.000000,0.000000,0.000000,0.000000,0.000000,0.000000,0.000000,0.000000,0.000000,0.000000,0.000000,0.000000,0.000000
1789149928.848519,0.003106,-0.005120,-0.000327,-0.034830,0.002498,0.018105,0.031564,-0.011789,-0.999432,0.000000,0.000000,0.000000,0.000349,0.000783,0.004164,-0.000914,0.043130,0.000413,-0.003865,-0.004035,0.161873,0.038941,0.002338,-0.002598,0.000000,0.000000,0.021817,-0.000000,-0.021817,-0.000000,0.000000,-0.000000,0.021817,-0.000000,0.000000,-0.000000,0.000000,0.000000,0.000000,0.000000,0.000000,0.000000,0.000000,0.000000,0.000000,0.000000,0.000000,0.000000,0.000000,0.000000,0.000000,0.000000,0.000000,0.000000,0.000000,0.000000,0.000000,0.000000,0.000000,0.000000
1789149928.868459,0.004487,-0.008275,-0.000215,-0.022446,0.006093,0.019171,0.031648,-0.012431,-0.999422,0.000000,0.000000,0.000000,0.000349,0.001050,0.005004,-0.000216,0.042909,0.000413,-0.003865,-0.004035,0.162121,0.038148,0.002180,-0.002947,0.000000,0.021817,0.021817,-0.000000,0.000000,-0.000000,0.000000,-0.000000,0.000000,-0.087266,-0.021817,-0.000000,0.000000,0.000000,0.000000,0.000000,0.000000,0.000000,0.000000,0.000000,0.000000,0.000000,0.000000,0.000000,0.000000,0.000000,0.000000,0.000000,0.000000,0.000000,0.000000,0.000000,0.000000,0.000000,0.000000,0.000000
1789149928.888671,0.005126,-0.010152,-0.000177,-0.019117,0.008756,0.024231,0.031648,-0.013068,-0.999414,0.000000,0.000000,0.000000,0.000698,0.001047,0.005326,0.000191,0.042734,0.000413,-0.003865,-0.004035,0.162295,0.037329,0.002186,-0.003075,0.000000,0.000000,-0.000000,0.021817,0.000000,-0.000000,0.000000,-0.000000,0.000000,-0.065450,-0.021817,-0.021817,0.000000,0.000000,0.000000,0.000000,0.000000,0.000000,0.000000,0.000000,0.000000,0.000000,0.000000,0.000000,0.000000,0.000000,0.000000,0.000000,0.000000,0.000000,0.000000,0.000000,0.000000,0.000000,0.000000,0.000000
1789149928.908461,0.005394,-0.011691,-0.000137,-0.020981,0.001699,0.023298,0.031888,-0.013828,-0.999396,0.000000,0.000000,0.000000,0.000698,0.001222,0.006349,0.000657,0.042734,0.000413,-0.003865,-0.004035,0.162429,0.036460,0.002295,-0.003121,0.000000,0.000000,0.043633,-0.000000,0.000000,-0.000000,0.000000,-0.000000,0.021817,-0.043633,0.043633,-0.000000,0.000000,0.000000,0.000000,0.000000,0.000000,0.000000,0.000000,0.000000,0.000000,0.000000,0.000000,0.000000,0.000000,0.000000,0.000000,0.000000,0.000000,0.000000,0.000000,0.000000,0.000000,0.000000,0.000000,0.000000
1789149928.928465,0.005640,-0.013045,0.000016,-0.014590,0.003297,0.020103,0.032087,-0.014468,-0.999380,0.000000,0.000000,0.000000,0.000750,0.001222,0.007080,0.001006,0.042734,0.000473,-0.003865,-0.004035,0.162470,0.035208,0.002401,-0.003296,-0.065450,0.000000,0.065450,-0.000000,0.000000,0.021817,0.000000,-0.000000,0.000000,-0.065450,0.065450,-0.000000,0.000000,0.000000,0.000000,0.000000,0.000000,0.000000,0.000000,0.000000,0.000000,0.000000,0.000000,0.000000,0.000000,0.000000,0.000000,0.000000,0.000000,0.000000,0.000000,0.000000,0.000000,0.000000,0.000000,0.000000
1789149928.948459,0.005532,-0.013330,0.000031,-0.008065,0.013017,0.020502,0.032184,-0.015135,-0.999367,0.000000,0.000000,0.000000,0.001178,0.001222,0.007598,0.001391,0.042734,0.000931,-0.003865,-0.004035,0.162470,0.033449,0.002737,-0.003645,-0.021817,0.000000,0.043633,0.021817,0.000000,0.065450,0.000000,-0.000000,0.000000,-0.130900,0.174533,-0.000000,0.000000,0.000000,0.000000,0.000000,0.000000,0.000000,0.000000,0.000000,0.000000,0.000000,0.000000,0.000000,0.000000,0.000000,0.000000,0.000000,0.000000,0.000000,0.000000,0.000000,0.000000,0.000000,0.000000,0.000000
1789149928.968456,0.004513,-0.012691,0.000392,-0.011793,0.015015,0.021967,0.032166,-0.015708,-0.999359,0.000000,0.000000,0.000000,0.000914,0.001222,0.008214,0.001355,0.042734,0.001449,-0.003865,-0.004035,0.162470,0.032287,0.002898,-0.003645,0.000000,0.000000,0.043633,-0.000000,0.000000,0.087266,0.000000,-0.000000,0.000000,-0.021817,0.174533,-0.000000,0.000000,0.000000,0.000000,0.000000,0.000000,0.000000,0.000000,0.000000,0.000000,0.000000,0.000000,0.000000,0.000000,0.000000,0.000000,0.000000,0.000000,0.000000,0.000000,0.000000,0.000000,0.000000,0.000000,0.000000
1789149928.988461,0.003828,-0.011864,0.000533,0.004052,0.004362,0.005988,0.032237,-0.015903,-0.999354,0.000000,0.000000,0.000000,0.000564,0.001222,0.008468,0.001355,0.042734,0.001460,-0.003865,-0.004035,0.162470,0.031611,0.002827,-0.003645,0.000000,0.000000,-0.000000,-0.000000,0.000000,-0.000000,0.000000,-0.000000,0.000000,-0.000000,0.109083,-0.000000,0.000000,0.000000,0.000000,0.000000,0.000000,0.000000,0.000000,0.000000,0.000000,0.000000,0.000000,0.000000,0.000000,0.000000,0.000000,0.000000,0.000000,0.000000,0.000000,0.000000,0.000000,0.000000,0.000000,0.000000
1789149929.008440,0.002975,-0.010510,0.000575,0.023627,-0.000964,-0.000270,0.032305,-0.015888,-0.999352,0.000000,0.000000,0.000000,0.000537,0.000957,0.008468,0.001355,0.042734,0.001460,-0.003865,-0.004321,0.162470,0.031436,0.002614,-0.003645,-0.021817,0.000000,-0.000000,-0.000000,0.000000,-0.000000,0.000000,-0.021817,0.000000,-0.000000,0.087266,-0.000000,0.000000,0.000000,0.000000,0.000000,0.000000,0.000000,0.000000,0.000000,0.000000,0.000000,0.000000,0.000000,0.000000,0.000000,0.000000,0.000000,0.000000,0.000000,0.000000,0.000000,0.000000,0.000000,0.000000,0.000000
1789149929.028450,0.001032,-0.008157,0.000545,0.024426,0.010621,-0.005197,0.032059,-0.015916,-0.999359,0.000000,0.000000,0.000000,0.000873,0.000957,0.007892,0.001355,0.042734,0.001196,-0.004040,-0.004343,0.162161,0.031436,0.002480,-0.003165,0.000000,0.000000,-0.152716,-0.000000,0.000000,-0.000000,0.000000,-0.000000,0.000000,-0.000000,0.043633,0.065450,0.000000,0.000000,0.000000,0.000000,0.000000,0.000000,0.000000,0.000000,0.000000,0.000000,0.000000,0.000000,0.000000,0.000000,0.000000,0.000000,0.000000,0.000000,0.000000,0.000000,0.000000,0.000000,0.000000,0.000000
1789149929.048434,-0.000083,-0.006447,0.000628,-0.004203,0.007691,-0.015584,0.032057,-0.016182,-0.999355,0.000000,0.000000,0.000000,0.000663,0.000608,0.006071,0.001355,0.042734,0.001196,-0.004040,-0.004035,0.161897,0.031436,0.002483,-0.003206,0.021817,0.000000,-0.065450,-0.000000,0.000000,-0.000000,0.000000,-0.000000,-0.043633,-0.000000,0.087266,-0.000000,0.000000,0.000000,0.000000,0.000000,0.000000,0.000000,0.000000,0.000000,0.000000,0.000000,0.000000,0.000000,0.000000,0.000000,0.000000,0.000000,0.000000,0.000000,0.000000,0.000000,0.000000,0.000000,0.000000,0.000000
1789149929.068428,-0.001130,-0.004591,0.000784,0.010311,0.001433,-0.031296,0.032000,-0.016198,-0.999357,0.000000,0.000000,0.000000,0.000603,0.000608,0.005716,0.001077,0.042734,0.001196,-0.004040,-0.003860,0.161463,0.031262,0.002137,-0.003031,0.130900,0.000000,-0.000000,-0.065450,0.000000,-0.000000,0.000000,-0.000000,0.000000,-0.000000,0.043633,-0.000000,0.000000,0.000000,0.000000,0.000000,0.000000,0.000000,0.000000,0.000000,0.000000,0.000000,0.000000,0.000000,0.000000,0.000000,0.000000,0.000000,0.000000,0.000000,0.000000,0.000000,0.000000,0.000000,0.000000,0.000000
1789149929.088442,-0.002680,-0.001742,0.001141,0.045997,0.000634,-0.028367,0.031808,-0.015451,-0.999375,0.000000,0.000000,0.000000,0.000079,0.000608,0.005067,0.000916,0.042538,0.001196,-0.004040,-0.003686,0.161032,0.031262,0.001763,-0.002857,0.065450,0.000000,-0.065450,-0.000000,-0.021817,-0.000000,0.000000,-0.000000,-0.021817,-0.000000,0.065450,-0.000000,0.000000,0.000000,0.000000,0.000000,0.000000,0.000000,0.000000,0.000000,0.000000,0.000000,0.000000,0.000000,0.000000,0.000000,0.000000,0.000000,0.000000,0.000000,0.000000,0.000000,0.000000,0.000000,0.000000,0.000000
1789149929.108455,-0.004195,0.000157,0.001282,0.043068,0.001566,-0.029832,0.031639,-0.014486,-0.999394,0.000000,0.000000,0.000000,0.000008,0.000434,0.004669,0.000567,0.042407,0.001196,-0.004040,-0.003162,0.160378,0.031262,0.001108,-0.002475,-0.021817,0.000000,-0.000000,-0.000000,-0.021817,-0.000000,0.000000,-0.000000,-0.043633,-0.000000,0.021817,0.043633,0.000000,0.000000,0.000000,0.000000,0.000000,0.000000,0.000000,0.000000,0.000000,0.000000,0.000000,0.000000,0.000000,0.000000,0.000000,0.000000,0.000000,0.000000,0.000000,0.000000,0.000000,0.000000,0.000000,0.000000
1789149929.128435,-0.006074,0.002791,0.001178,0.038141,0.002897,-0.028899,0.031384,-0.013766,-0.999413,0.000000,0.000000,0.000000,0.000041,0.000434,0.004227,0.000393,0.042015,0.001196,-0.004040,-0.003162,0.160067,0.031262,0.000762,-0.002158,-0.021817,0.000000,-0.021817,-0.000000,-0.043633,-0.000000,0.000000,-0.000000,0.000000,-0.000000,0.043633,0.087266,0.000000,0.000000,0.000000,0.000000,0.000000,0.000000,0.000000,0.000000,0.000000,0.000000,0.000000,0.000000,0.000000,0.000000,0.000000,0.000000,0.000000,0.000000,0.000000,0.000000,0.000000,0.000000,0.000000,0.000000
1789149929.148463,-0.006777,0.004494,0.001090,0.019765,0.003963,-0.018247,0.031061,-0.013355,-0.999428,0.000000,0.000000,0.000000,0.000041,0.000434,0.003447,0.000005,0.041862,0.000844,-0.004389,-0.003470,0.159966,0.032066,0.000386,-0.001984,0.000000,0.000000,-0.000000,-0.021817,-0.021817,-0.065450,0.000000,-0.000000,-0.021817,0.043633,0.043633,-0.000000,0.000000,0.000000,0.000000,0.000000,0.000000,0.000000,0.000000,0.000000,0.000000,0.000000,0.000000,0.000000,0.000000,0.000000,0.000000,0.000000,0.000000,0.000000,0.000000,0.000000,0.000000,0.000000,0.000000,0.000000
1789149929.168438,-0.007739,0.006412,0.000833,0.014172,0.004362,-0.012255,0.030714,-0.012857,-0.999446,0.000000,0.000000,0.000000,-0.000308,0.000259,0.002768,-0.000480,0.041862,0.000779,-0.004563,-0.003470,0.159358,0.032748,0.000034,-0.001460,0.000000,0.000000,-0.043633,-0.000000,0.000000,-0.021817,0.000000,-0.000000,-0.043633,0.021817,0.021817,-0.000000,0.000000,0.000000,0.000000,0.000000,0.000000,0.000000,0.000000,0.000000,0.000000,0.000000,0.000000,0.000000,0.000000,0.000000,0.000000,0.000000,0.000000,0.000000,0.000000,0.000000,0.000000,0.000000,0.000000,0.000000
1789149929.188442,-0.007987,0.007440,0.000927,0.022694,0.001566,-0.008127,0.030415,-0.012091,-0.999464,0.000000,0.000000,0.000000,-0.000308,-0.000090,0.002749,-0.001004,0.041862,0.000672,-0.004563,-0.003470,0.158725,0.032748,-0.000432,-0.001286,0.000000,0.000000,-0.000000,-0.021817,0.000000,-0.000000,0.000000,-0.000000,-0.043633,-0.000000,0.065450,-0.000000,0.000000,0.000000,0.000000,0.000000,0.000000,0.000000,0.000000,0.000000,0.000000,0.000000,0.000000,0.000000,0.000000,0.000000,0.000000,0.000000,0.000000,0.000000,0.000000,0.000000,0.000000,0.000000,0.000000,0.000000
1789149929.208459,-0.007846,0.007990,0.000886,0.018700,-0.002296,-0.004665,0.030342,-0.011433,-0.999474,0.000000,0.000000,0.000000,-0.000308,-0.000172,0.002179,-0.001391,0.041862,0.000672,-0.003942,-0.003470,0.157523,0.032748,-0.001286,-0.001286,0.000000,-0.021817,-0.021817,-0.043633,0.000000,-0.000000,0.021817,-0.000000,-0.065450,-0.000000,0.000000,-0.000000,0.000000,0.000000,0.000000,0.000000,0.000000,0.000000,0.000000,0.000000,0.000000,0.000000,0.000000,0.000000,0.000000,0.000000,0.000000,0.000000,0.000000,0.000000,0.000000,0.000000,0.000000,0.000000,0.000000,0.000000
1789149929.228515,-0.007488,0.008328,0.000779,0.036676,0.002897,0.005988,0.030006,-0.010580,-0.999494,0.000000,0.000000,0.000000,-0.000483,-0.000264,0.002051,-0.001353,0.042017,0.000672,-0.003222,-0.003162,0.156088,0.032748,-0.001984,-0.001286,0.000000,0.000000,-0.000000,-0.000000,0.065450,-0.000000,0.021817,-0.000000,-0.109083,-0.000000,0.000000,-0.000000,0.000000,0.000000,0.000000,0.000000,0.000000,0.000000,0.000000,0.000000,0.000000,0.000000,0.000000,0.000000,0.000000,0.000000,0.000000,0.000000,0.000000,0.000000,0.000000,0.000000,0.000000,0.000000,0.000000,0.000000
1789149929.248456,-0.006608,0.008566,0.000779,0.039872,0.011153,0.003991,0.029470,-0.009733,-0.999518,0.000000,0.000000,0.000000,-0.000657,-0.000264,0.002051,-0.001353,0.042824,0.000672,-0.002554,-0.003162,0.154479,0.032805,-0.002505,-0.000885,0.000000,0.000000,-0.000000,-0.000000,0.000000,-0.000000,0.021817,-0.000000,-0.021817,0.021817,-0.021817,0.021817,0.000000,0.000000,0.000000,0.000000,0.000000,0.000000,0.000000,0.000000,0.000000,0.000000,0.000000,0.000000,0.000000,0.000000,0.000000,0.000000,0.000000,0.000000,0.000000,0.000000,0.000000,0.000000,0.000000,0.000000
1789149929.268490,-0.005564,0.008669,0.000907,0.024559,0.003297,-0.000270,0.029381,-0.009214,-0.999526,0.000000,0.000000,0.000000,-0.000807,-0.000264,0.002670,-0.001353,0.043523,0.000828,-0.001899,-0.002813,0.154029,0.033419,-0.002712,-0.000413,-0.065450,0.000000,0.109083,-0.000000,0.000000,0.065450,0.043633,-0.000000,-0.021817,0.021817,-0.021817,-0.000000,0.000000,0.000000,0.000000,0.000000,0.000000,0.000000,0.000000,0.000000,0.000000,0.000000,0.000000,0.000000,0.000000,0.000000,0.000000,0.000000,0.000000,0.000000,0.000000,0.000000,0.000000,0.000000,0.000000,0.000000
1789149929.288502,-0.004804,0.008510,0.000989,0.010044,-0.002562,0.004124,0.029552,-0.009081,-0.999522,0.000000,0.000000,0.000000,-0.000753,-0.000264,0.002883,-0.001353,0.043697,0.000937,-0.001130,-0.002638,0.153435,0.033446,-0.002878,-0.000238,-0.130900,0.000000,-0.000000,-0.000000,0.000000,-0.000000,0.109083,-0.000000,0.000000,-0.000000,-0.043633,-0.000000,0.000000,0.000000,0.000000,0.000000,0.000000,0.000000,0.000000,0.000000,0.000000,0.000000,0.000000,0.000000,0.000000,0.000000,0.000000,0.000000,0.000000,0.000000,0.000000,0.000000,0.000000,0.000000,0.000000,0.000000
1789149929.308647,-0.003257,0.007966,0.001162,-0.007799,0.000501,0.007719,0.029689,-0.009052,-0.999518,0.000000,0.000000,0.000000,-0.000524,-0.000264,0.002883,-0.001353,0.043697,0.001111,-0.000634,-0.002167,0.153435,0.033621,-0.003047,-0.000238,0.000000,0.000000,-0.000000,-0.000000,0.000000,-0.000000,0.109083,0.065450,0.000000,-0.000000,-0.087266,-0.000000,0.000000,0.000000,0.000000,0.000000,0.000000,0.000000,0.000000,0.000000,0.000000,0.000000,0.000000,0.000000,0.000000,0.000000,0.000000,0.000000,0.000000,0.000000,0.000000,0.000000,0.000000,0.000000,0.000000,0.000000
1789149929.328526,-0.002405,0.007344,0.001057,-0.004603,0.007558,0.000262,0.029672,-0.009018,-0.999519,0.000000,0.000000,0.000000,-0.000551,-0.000264,0.002883,-0.001353,0.043697,0.001111,-0.000571,-0.002022,0.153435,0.033795,-0.003146,-0.000238,0.065450,0.000000,-0.000000,-0.000000,0.000000,-0.000000,0.021817,0.021817,0.000000,-0.000000,-0.152716,-0.000000,0.000000,0.000000,0.000000,0.000000,0.000000,0.000000,0.000000,0.000000,0.000000,0.000000,0.000000,0.000000,0.000000,0.000000,0.000000,0.000000,0.000000,0.000000,0.000000,0.000000,0.000000,0.000000,0.000000,0.000000
1789149929.348515,-0.001722,0.006622,0.000858,-0.013391,0.005561,-0.000803,0.029726,-0.009279,-0.999515,0.000000,0.000000,0.000000,-0.000755,-0.000264,0.002883,-0.001353,0.043697,0.001316,-0.000459,-0.001940,0.153261,0.033970,-0.002723,-0.000238,0.109083,0.000000,-0.000000,-0.000000,0.000000,0.021817,0.000000,-0.000000,0.000000,-0.000000,0.000000,-0.000000,0.000000,0.000000,0.000000,0.000000,0.000000,0.000000,0.000000,0.000000,0.000000,0.000000,0.000000,0.000000,0.000000,0.000000,0.000000,0.000000,0.000000,0.000000,0.000000,0.000000,0.000000,0.000000,0.000000,0.000000
1789149929.368555,-0.000868,0.005297,0.000802,-0.014856,0.004762,-0.005064,0.029763,-0.009429,-0.999513,0.000000,0.000000,0.000000,-0.000764,-0.000264,0.002981,-0.001353,0.043697,0.001286,-0.000279,-0.001638,0.153261,0.033970,-0.003031,-0.000238,-0.065450,0.000000,0.021817,-0.000000,0.000000,-0.000000,0.021817,0.043633,0.000000,-0.000000,0.000000,-0.000000,0.000000,0.000000,0.000000,0.000000,0.000000,0.000000,0.000000,0.000000,0.000000,0.000000,0.000000,0.000000,0.000000,0.000000,0.000000,0.000000,0.000000,0.000000,0.000000,0.000000,0.000000,0.000000,0.000000,0.000000
1789149929.388491,-0.000333,0.004056,0.000936,-0.015122,0.001566,-0.009458,0.029862,-0.009452,-0.999509,0.000000,0.000000,0.000000,-0.001181,-0.000264,0.002784,-0.001353,0.043697,0.002014,-0.000285,-0.001242,0.153261,0.033465,-0.002581,-0.001027,-0.021817,0.000000,-0.043633,-0.000000,0.000000,0.109083,0.000000,-0.000000,0.000000,-0.021817,0.021817,-0.000000,0.000000,0.000000,0.000000,0.000000,0.000000,0.000000,0.000000,0.000000,0.000000,0.000000,0.000000,0.000000,0.000000,0.000000,0.000000,0.000000,0.000000,0.000000,0.000000,0.000000,0.000000,0.000000,0.000000,0.000000
1789149929.408476,-0.000009,0.002572,0.001012,0.000324,-0.000432,-0.005863,0.029898,-0.009292,-0.999510,0.000000,0.000000,0.000000,-0.000614,-0.000264,0.002948,-0.001353,0.043433,0.002060,-0.000110,-0.001068,0.153086,0.032762,-0.002568,-0.001583,-0.043633,0.000000,0.087266,-0.000000,0.000000,0.021817,0.000000,-0.000000,0.000000,-0.021817,0.065450,-0.021817,0.000000,0.000000,0.000000,0.000000,0.000000,0.000000,0.000000,0.000000,0.000000,0.000000,0.000000,0.000000,0.000000,0.000000,0.000000,0.000000,0.000000,0.000000,0.000000,0.000000,0.000000,0.000000,0.000000,0.000000
1789149929.428491,0.000396,0.000096,0.001083,-0.012459,0.012218,0.001061,0.029782,-0.009468,-0.999512,0.000000,0.000000,0.000000,-0.000175,-0.000264,0.003232,-0.001053,0.043258,0.002333,-0.000258,-0.001068,0.153086,0.032134,-0.002573,-0.001550,0.000000,0.000000,-0.000000,0.043633,0.000000,-0.000000,-0.065450,-0.000000,0.000000,-0.000000,0.043633,-0.000000,0.000000,0.000000,0.000000,0.000000,0.000000,0.000000,0.000000,0.000000,0.000000,0.000000,0.000000,0.000000,0.000000,0.000000,0.000000,0.000000,0.000000,0.000000,0.000000,0.000000,0.000000,0.000000,0.000000,0.000000
1789149929.449310,0.000925,-0.002541,0.001034,-0.020049,0.012218,0.003857,0.029696,-0.009768,-0.999511,0.006541,0.000000,0.000000,-0.000036,0.000000,0.003232,-0.000922,0.043084,0.002682,-0.000593,-0.000893,0.153086,0.031297,-0.002701,-0.001550,0.043633,0.000000,-0.000000,0.065450,0.000000,-0.000000,-0.109083,-0.000000,0.000000,-0.065450,0.065450,-0.000000,0.000000,0.000000,0.000000,0.000000,0.000000,0.000000,0.000000,0.000000,0.000000,0.000000,0.000000,0.000000,-0.163066,-0.446636,-0.276873,-0.500960,0.539372,-0.164187,0.158256,0.071549,-0.351071,0.585347,-0.759517,0.394575
1789149929.469131,0.001336,-0.004316,0.000823,-0.029637,0.005161,0.007719,0.029773,-0.010308,-0.999504,0.021426,0.000000,0.000000,-0.000000,0.000123,0.003755,-0.001064,0.043509,0.002857,-0.001026,0.000078,0.153086,0.030722,-0.002333,0.008646,0.000000,0.021817,-0.000000,-0.152716,0.196350,-0.000000,-0.130900,0.305433,0.000000,-0.043633,0.000000,2.508911,-0.163066,-0.446636,-0.276873,-0.500960,0.539372,-0.164187,0.158256,0.071549,-0.351071,0.585347,-0.759517,0.394575,0.065408,-0.813682,-0.554116,-0.264489,0.816454,-0.213267,0.490840,-0.091987,-0.120725,0.424514,-1.093764,0.412022
1789149929.489145,0.001980,-0.005763,0.000804,-0.141223,0.021806,0.034484,0.029551,-0.013161,-0.999477,0.042118,0.000000,0.000000,-0.009226,-0.031885,-0.001500,-0.034380,0.072760,-0.012442,0.002655,0.005597,0.142156,0.090794,-0.008840,0.065077,-0.087267,-1.330814,-0.261799,-0.829032,0.938115,-0.916298,0.109083,0.109083,-0.807215,2.901610,-0.327249,1.679880,0.065408,-0.813682,-0.554116,-0.264489,0.816454,-0.213267,0.490840,-0.091987,-0.120725,0.424514,-1.093764,0.412022,0.223167,-0.846107,-0.366779,-0.168477,0.704931,-0.124436,0.238422,-0.067956,-0.449236,0.472861,-1.057165,0.351725
1789149929.509105,0.002707,-0.005032,0.000747,0.499001,0.203433,0.278696,0.022316,-0.003694,-0.999744,0.060605,0.000000,0.000000,0.001557,-0.082344,0.000657,-0.035229,0.109712,-0.021608,0.014256,0.005006,0.126434,0.098689,-0.005128,0.083371,0.414516,-1.898046,0.829032,-0.109083,1.069014,-0.239983,0.414516,-0.370883,-1.178097,0.196350,0.065450,0.065450,0.223167,-0.846107,-0.366779,-0.168477,0.704931,-0.124436,0.238422,-0.067956,-0.449236,0.472861,-1.057165,0.351725,0.409780,-0.922756,-0.518255,-0.263378,0.811621,-0.137135,0.428559,0.108369,-0.307465,0.490769,-1.296039,0.356858
1789149929.529079,0.002985,0.004986,0.001184,1.302743,0.268415,0.377366,0.008453,0.021138,-0.999741,0.076135,0.000000,0.000000,0.016968,-0.101311,0.037170,-0.030933,0.128048,-0.020874,0.020016,0.004452,0.104571,0.113608,-0.008092,0.084331,0.654499,-0.610866,2.072579,-0.000000,1.178098,0.021817,0.479966,0.719948,-0.807215,0.501782,0.000000,0.785398,0.409780,-0.922756,-0.518255,-0.263378,0.811621,-0.137135,0.428559,0.108369,-0.307465,0.490769,-1.296039,0.356858,0.622260,-1.012610,-0.733706,-0.022997,0.930347,-0.167388,0.368688,0.063978,-0.275540,0.197880,-1.264127,0.501283
1789149929.549099,0.002816,0.016836,0.001210,0.556925,0.391586,0.557928,-0.002337,0.029522,-0.999561,0.089332,0.000000,0.000000,0.040295,-0.116752,0.065851,-0.033617,0.157160,-0.020272,0.035882,0.014662,0.079599,0.124091,-0.004141,0.101280,1.090831,-0.981748,0.959931,0.087266,1.308997,-0.043633,0.610865,0.218166,-1.614430,0.414516,0.239983,2.028945,0.622260,-1.012610,-0.733706,-0.022997,0.930347,-0.167388,0.368688,0.063978,-0.275540,0.197880,-1.264127,0.501283,0.803980,-1.015001,-1.022165,0.261340,0.877328,-0.020737,0.388613,0.045815,-0.213353,-0.037274,-1.330475,0.495992
1789149929.569052,0.003780,0.031936,0.002098,0.491810,0.324208,0.777373,-0.011782,0.037320,-0.999234,0.100021,0.000000,0.000000,0.062878,-0.135200,0.074725,-0.017546,0.187114,-0.017744,0.049206,0.017275,0.054477,0.107560,0.002483,0.118327,0.545416,-0.610866,0.196350,0.916298,1.090831,0.392699,0.872665,0.021817,-0.850848,-1.330814,0.152716,0.545416,0.803980,-1.015001,-1.022165,0.261340,0.877328,-0.020737,0.388613,0.045815,-0.213353,-0.037274,-1.330475,0.495992,0.836738,-0.946742,-1.215023,0.519879,0.873617,-0.030052,0.343318,0.065613,-0.157251,-0.065316,-1.480946,0.512791
1789149929.589062,0.006618,0.055241,0.005993,0.287812,0.356831,0.842087,-0.020265,0.040763,-0.998963,0.109295,0.000000,0.000000,0.079876,-0.148462,0.087749,0.014216,0.206247,-0.005341,0.068511,0.021174,0.033566,0.101836,0.003015,0.122834,0.610865,-0.763582,0.981748,1.527163,1.199914,0.327249,0.938115,0.261799,-1.047198,-0.152716,0.087266,0.174533,0.836738,-0.946742,-1.215023,0.519879,0.873617,-0.030052,0.343318,0.065613,-0.157251,-0.065316,-1.480946,0.512791,0.850992,-0.937120,-1.193274,0.479630,0.847198,0.042700,0.439771,0.084261,-0.340251,-0.047684,-1.604989,0.494764
1789149929.609011,0.009170,0.070056,0.009966,0.411915,0.114084,0.933966,-0.024873,0.048140,-0.998531,0.117363,0.000000,0.000000,0.090231,-0.158056,0.116809,0.052731,0.226580,0.000779,0.082610,0.022320,0.015052,0.093712,0.002374,0.123854,0.370883,-0.589049,1.548980,1.483530,0.916298,0.152716,0.785398,-0.000000,-0.829032,-0.196350,-0.239983,-0.000000,0.850992,-0.937120,-1.193274,0.479630,0.847198,0.042700,0.439771,0.084261,-0.340251,-0.047684,-1.604989,0.494764,0.805683,-0.817428,-1.047475,0.314360,0.841200,0.069910,0.438146,0.149389,-0.438148,0.012602,-1.596952,0.377528
1789149929.629030,0.012834,0.088789,0.015936,0.518176,0.059889,0.920517,-0.028587,0.057065,-0.997961,0.123898,0.000000,0.000000,0.096978,-0.168247,0.142558,0.079017,0.236864,0.003162,0.100050,0.027027,-0.002884,0.097519,-0.008513,0.116093,0.436332,-0.479966,0.959931,1.112648,0.370883,-0.021817,0.763582,0.741765,-0.676315,0.174533,-0.719948,-1.287180,0.805683,-0.817428,-1.047475,0.314360,0.841200,0.069910,0.438146,0.149389,-0.438148,0.012602,-1.596952,0.377528,0.754280,-0.603921,-0.621589,-0.231688,0.644207,-0.016140,0.314166,0.128968,-0.784090,0.505400,-1.294246,0.085704
1789149929.649022,0.014402,0.098953,0.019173,0.337081,0.068411,0.849012,-0.030980,0.061585,-0.997621,0.129191,0.000000,0.000000,0.103313,-0.170159,0.154260,0.085911,0.239733,0.002887,0.113824,0.030010,-0.007634,0.097279,-0.018744,0.099957,0.218166,-0.327249,0.523599,0.043633,-0.065450,0.021817,0.589049,0.021817,-0.109083,-0.065450,-0.501782,-1.788963,0.754280,-0.603921,-0.621589,-0.231688,0.644207,-0.016140,0.314166,0.128968,-0.784090,0.505400,-1.294246,0.085704,0.612760,-0.314287,-0.140331,-0.832769,0.744939,-0.272923,0.243943,0.398908,-0.593346,0.898244,-0.936688,-0.348776
1789149929.669084,0.015250,0.105674,0.021853,-0.273050,-0.212286,0.704402,-0.024969,0.057906,-0.998010,0.133479,0.000000,0.000000,0.107512,-0.167137,0.167042,0.049701,0.222994,-0.009091,0.116260,0.035903,-0.004864,0.123650,-0.025197,0.066741,0.174533,-0.283616,0.741765,-1.483530,-0.938115,-0.719948,0.370883,1.418080,0.523599,0.392699,-0.065450,-1.418080,0.612760,-0.314287,-0.140331,-0.832769,0.744939,-0.272923,0.243943,0.398908,-0.593346,0.898244,-0.936688,-0.348776,0.281076,-0.049696,0.288463,-1.168686,0.826718,-0.430063,0.058325,0.452866,-0.396315,0.838903,-0.816259,-0.693399
1789149929.689091,0.017449,0.110838,0.023004,-0.695027,-0.682068,0.505730,-0.007091,0.049760,-0.998736,0.136951,0.000000,0.000000,0.098709,-0.156120,0.173925,-0.000172,0.214870,-0.036359,0.113595,0.047717,0.011766,0.175131,-0.036659,0.025966,-0.632682,0.109083,0.065450,-1.767146,-0.370883,-1.112648,0.000000,0.741765,0.916298,2.705260,-0.850848,-1.985312,0.281076,-0.049696,0.288463,-1.168686,0.826718,-0.430063,0.058325,0.452866,-0.396315,0.838903,-0.816259,-0.693399,-0.137554,0.172721,0.571982,-1.216191,0.676321,-0.483806,-0.180340,0.316136,-0.387106,0.600958,-0.888871,-0.711459
1789149929.709090,0.021764,0.112101,0.020067,-0.782645,-1.100850,0.147535,0.019297,0.043147,-0.998882,0.139765,0.000000,0.000000,0.069325,-0.129981,0.163374,-0.034484,0.201363,-0.054464,0.101509,0.055669,0.041559,0.198222,-0.061920,-0.014220,-1.134464,0.894481,-0.632682,-1.788963,-1.003564,-0.916298,-0.479966,0.043633,2.050762,0.763582,-1.287180,-2.378011,-0.137554,0.172721,0.571982,-1.216191,0.676321,-0.483806,-0.180340,0.316136,-0.387106,0.600958,-0.888871,-0.711459,-0.758254,0.451428,0.565173,-1.453936,0.897627,-0.513409,-0.029730,0.282928,-0.435149,0.899363,-1.101997,-0.720933
1789149929.729094,0.032378,0.111415,0.011465,-0.423784,-1.146922,0.001461,0.044318,0.041701,-0.998147,0.142043,0.000000,0.000000,0.025934,-0.107117,0.160039,-0.066058,0.175050,-0.076987,0.086965,0.061257,0.088397,0.185451,-0.091536,-0.060131,-1.658063,0.807215,-0.305433,-1.505346,-0.589049,-0.829032,-0.938115,0.239983,2.094395,-0.218166,-1.810779,-2.159845,-0.758254,0.451428,0.565173,-1.453936,0.897627,-0.513409,-0.029730,0.282928,-0.435149,0.899363,-1.101997,-0.720933,-1.249420,0.498814,0.517275,-1.675515,1.215485,-0.488679,0.252691,0.328927,-0.464028,1.088291,-1.316736,-0.680264
1789149929.749036,0.040952,0.109947,0.006547,-0.864538,-0.917891,-0.286827,0.066594,0.032111,-0.997263,0.143889,0.000000,0.000000,-0.036908,-0.104352,0.145149,-0.095404,0.172756,-0.101566,0.073736,0.071604,0.104675,0.216248,-0.122856,-0.105526,-2.639811,-0.174533,-0.894481,-1.461713,-0.152716,-1.112648,-0.458149,0.829032,0.021817,0.785399,-1.003564,-1.592613,-1.249420,0.498814,0.517275,-1.675515,1.215485,-0.488679,0.252691,0.328927,-0.464028,1.088291,-1.316736,-0.680264,-1.537616,0.509962,0.570941,-1.621588,1.293806,-0.500630,0.283060,0.176056,-0.545770,1.049107,-1.330547,-0.641620
1789149929.769047,0.052507,0.101846,0.002551,-0.784776,-0.537857,-0.263524,0.082050,0.021361,-0.996399,0.145384,0.000000,0.000000,-0.103539,-0.106648,0.121230,-0.131767,0.182639,-0.112267,0.081751,0.079569,0.105741,0.249769,-0.141932,-0.124945,-2.552544,0.152716,-1.156281,-2.094395,1.047198,-0.065450,0.327249,-0.567232,0.021817,1.090831,-1.461713,-0.305433,-1.537616,0.509962,0.570941,-1.621588,1.293806,-0.500630,0.283060,0.176056,-0.545770,1.049107,-1.330547,-0.641620,-1.257910,0.111037,0.487723,-1.471198,1.006451,-0.290261,0.624028,-0.040940,-0.423713,0.718432,-1.493195,-0.317996
1789149929.789126,0.058509,0.097277,0.002893,-0.331506,-0.434926,-0.213057,0.092179,0.018787,-0.995565,0.146595,0.000000,0.000000,-0.160769,-0.064253,0.103160,-0.186426,0.220832,-0.106671,0.089649,0.068710,0.091225,0.256897,-0.164111,-0.118992,-2.748894,2.487094,-0.807215,-2.988876,2.028945,0.283616,0.239983,-1.854413,-1.112647,0.087266,-0.632682,2.748894,-1.257910,0.111037,0.487723,-1.471198,1.006451,-0.290261,0.624028,-0.040940,-0.423713,0.718432,-1.493195,-0.317996,-0.839469,-0.129941,0.337260,-1.042080,0.732495,-0.103026,0.709017,-0.108716,-0.192843,0.389177,-1.417654,-0.254698
1789149929.809093,0.064650,0.096379,0.002353,0.062376,-0.427070,-0.174042,0.099666,0.023262,-0.994749,0.147575,0.000000,0.000000,-0.197852,-0.042049,0.088096,-0.238183,0.242926,-0.092847,0.108640,0.041074,0.056975,0.226796,-0.182917,-0.089196,-1.767146,1.112648,-0.938115,-2.378011,1.396264,0.305433,0.392699,-1.810779,-1.396264,-1.308997,-1.701696,1.156281,-0.839469,-0.129941,0.337260,-1.042080,0.732495,-0.103026,0.709017,-0.108716,-0.192843,0.389177,-1.417654,-0.254698,-0.549160,-0.371785,0.121225,-0.666735,0.559617,0.048522,0.599917,-0.050818,-0.103343,0.236562,-1.482315,-0.121389
1789149929.829266,0.072262,0.099373,0.000918,0.958929,0.199439,-0.052202,0.088398,0.040941,-0.995244,0.148370,0.000000,0.000000,-0.189747,-0.049202,0.073506,-0.259307,0.242040,-0.072877,0.126322,0.014518,0.056940,0.212732,-0.213687,-0.067128,0.719948,-0.327249,-0.349066,-0.959931,0.152716,0.610865,0.850848,-0.741765,0.261799,-0.698132,-0.850848,1.810779,-0.549160,-0.371785,0.121225,-0.666735,0.559617,0.048522,0.599917,-0.050818,-0.103343,0.236562,-1.482315,-0.121389,-0.067961,-0.689619,-0.285939,-0.232842,0.569009,-0.094776,0.279980,-0.048920,-0.214464,-0.004399,-1.334612,0.073801
1789149929.849119,0.072762,0.101571,0.002165,1.381706,0.340986,-0.022375,0.072229,0.064086,-0.995327,0.149013,0.000000,0.000000,-0.161593,-0.062551,0.074040,-0.251164,0.244740,-0.049942,0.138008,0.004247,0.036375,0.219533,-0.222329,-0.036735,0.981748,-0.239983,0.327249,0.807215,0.414516,0.872665,0.676315,-0.109083,-1.287180,0.458149,-0.741765,2.530728,-0.067961,-0.689619,-0.285939,-0.232842,0.569009,-0.094776,0.279980,-0.048920,-0.214464,-0.004399,-1.334612,0.073801,0.317140,-0.974121,-0.536033,0.184127,0.669246,-0.194524,0.184191,-0.135859,-0.332678,-0.185540,-1.171904,0.204258
1789149929.869073,0.072478,0.102497,0.003890,0.609256,0.598114,-0.137956,0.057732,0.070938,-0.995809,0.149288,0.000000,0.000000,-0.134655,-0.074932,0.079415,-0.228873,0.251770,-0.045295,0.137564,0.002464,0.024275,0.221102,-0.227830,-0.012401,2.661628,-1.265364,0.654499,2.617994,0.654499,0.087267,-0.916298,-0.152716,-1.243547,0.087267,-0.370883,1.963496,0.317140,-0.974121,-0.536033,0.184127,0.669246,-0.194524,0.184191,-0.135859,-0.332678,-0.185540,-1.171904,0.204258,0.487299,-1.156144,-0.494088,0.316788,0.687144,-0.095476,0.318235,-0.110959,-0.320439,-0.323557,-1.176635,0.336344
1789149929.889040,0.068230,0.097927,0.005705,0.577697,0.499177,-0.215987,0.045362,0.078568,-0.995876,0.149957,0.000000,0.000000,-0.066781,-0.107065,0.112274,-0.129782,0.258094,-0.033580,0.132898,-0.006922,0.007351,0.236223,-0.191303,0.041415,1.854413,-0.698132,1.025381,3.228859,0.218166,0.501782,-0.632682,-0.479966,0.000000,0.349066,1.090831,2.072579,0.487299,-1.156144,-0.494088,0.316788,0.687144,-0.095476,0.318235,-0.110959,-0.320439,-0.323557,-1.176635,0.336344,0.628577,-1.294918,-0.480575,0.478683,0.739933,-0.101964,0.268273,-0.029586,-0.376639,-0.411399,-0.983312,0.346551
1789149929.909059,0.063289,0.091838,0.004926,0.283285,0.407032,-0.172577,0.036577,0.080227,-0.996105,0.150299,0.000000,0.000000,-0.027355,-0.112162,0.111123,-0.065139,0.261345,-0.020711,0.130615,-0.010991,0.007536,0.238173,-0.170689,0.067838,1.483530,-0.021817,-0.807215,3.141593,0.021817,0.414516,0.000000,0.458149,0.130900,-0.000000,0.981748,0.741765,0.628577,-1.294918,-0.480575,0.478683,0.739933,-0.101964,0.268273,-0.029586,-0.376639,-0.411399,-0.983312,0.346551,0.775816,-1.396125,-0.529485,0.572092,0.620036,-0.085734,0.081335,-0.086698,-0.468999,-0.482845,-0.947510,0.374158
1789149929.929041,0.052826,0.078243,-0.001138,-0.082634,0.228867,-0.165919,0.032946,0.077111,-0.996478,0.150576,0.000000,0.000000,-0.007183,-0.102031,0.098058,-0.008004,0.260339,-0.012314,0.128485,-0.006642,0.015420,0.238522,-0.150577,0.079515,0.239983,0.632682,-0.261799,2.203479,-0.218166,0.349066,-0.043633,0.087267,0.370883,-0.000000,0.959931,0.632682,0.775816,-1.396125,-0.529485,0.572092,0.620036,-0.085734,0.081335,-0.086698,-0.468999,-0.482845,-0.947510,0.374158,0.806821,-1.417687,-0.501198,0.538511,0.608625,-0.046194,0.083826,-0.038515,-0.536070,-0.472897,-0.896349,0.299219
1789149929.949083,0.045173,0.067895,-0.006219,-0.139892,0.028064,-0.229169,0.033509,0.074324,-0.996671,0.150800,0.000000,0.000000,-0.014006,-0.099566,0.105216,0.036461,0.254857,-0.009173,0.115687,-0.006601,0.023102,0.237734,-0.134116,0.084451,-0.218166,-0.327249,0.479966,1.854413,-0.436332,0.021817,-0.589049,-0.087266,0.239983,-0.000000,0.938115,-0.589048,0.806821,-1.417687,-0.501198,0.538511,0.608625,-0.046194,0.083826,-0.038515,-0.536070,-0.472897,-0.896349,0.299219,0.643222,-1.212826,-0.259642,0.339261,0.435683,-0.009667,0.068710,-0.090845,-0.818502,-0.065538,-0.811678,0.068016
1789149929.969060,0.036322,0.056840,-0.010801,-0.293023,0.042845,-0.207464,0.036841,0.067725,-0.997024,0.150982,0.000000,0.000000,-0.014271,-0.104886,0.098227,0.064498,0.245073,-0.008488,0.106150,-0.005605,0.033692,0.237420,-0.117759,0.068148,0.000000,-0.196350,-0.741765,0.894482,-0.479966,-0.000000,-0.610865,-0.000000,0.610865,-0.109083,0.501782,-2.181661,0.643222,-1.212826,-0.259642,0.339261,0.435683,-0.009667,0.068710,-0.090845,-0.818502,-0.065538,-0.811678,0.068016,0.396927,-0.788900,-0.197944,0.137020,0.316598,-0.012971,0.023824,-0.031369,-0.815714,0.380958,-0.733080,-0.300048
1789149929.989028,0.022342,0.039638,-0.013815,-0.426714,-0.032789,-0.233164,0.041506,0.059723,-0.997352,0.151129,0.000000,0.000000,-0.016436,-0.109012,0.077392,0.066461,0.230126,-0.006195,0.097986,-0.007280,0.045227,0.228165,-0.115820,0.023419,-0.305433,-0.152716,-1.069014,0.043633,-0.850848,0.021817,-0.370883,-0.239983,0.741765,-0.785398,0.000000,-3.250676,0.396927,-0.788900,-0.197944,0.137020,0.316598,-0.012971,0.023824,-0.031369,-0.815714,0.380958,-0.733080,-0.300048,0.017269,-0.399228,-0.109449,-0.138018,0.424660,-0.088475,0.231046,0.171453,-0.558133,0.778989,-0.829216,-0.695731
1789149930.009048,0.011765,0.027365,-0.013364,-0.627516,-0.112551,-0.323578,0.048110,0.048578,-0.997660,0.151249,0.000000,0.000000,-0.026125,-0.106541,0.063724,0.051070,0.211230,-0.005865,0.085746,0.002300,0.056607,0.216430,-0.112861,-0.032917,-0.523599,-0.130900,-0.545415,-0.981748,-1.178097,-0.065450,-0.610865,1.439897,0.458149,-0.414516,0.261799,-2.334378,0.017269,-0.399228,-0.109449,-0.138018,0.424660,-0.088475,0.231046,0.171453,-0.558133,0.778989,-0.829216,-0.695731,-0.477206,-0.111376,0.010494,-0.352475,0.590434,-0.240333,0.275033,0.159463,-0.464941,0.898559,-1.091030,-0.937148
1789149930.029373,0.001607,0.016041,-0.011322,-0.654547,-0.348640,-0.320915,0.058968,0.038359,-0.997523,0.151345,0.000000,0.000000,-0.043876,-0.085633,0.052286,0.023365,0.189918,-0.014940,0.082095,0.014299,0.069907,0.219452,-0.117991,-0.096139,-0.916298,0.763582,-0.632682,-1.243547,-1.069014,-0.370883,-0.545415,0.305433,0.654499,-0.218166,-0.741765,-2.465277,-0.477206,-0.111376,0.010494,-0.352475,0.590434,-0.240333,0.275033,0.159463,-0.464941,0.898559,-1.091030,-0.937148,-0.939047,0.147307,0.158253,-0.744586,0.786658,-0.380689,0.361018,0.194119,-0.481987,1.100479,-1.315014,-1.053118
1789149930.049594,-0.008044,0.005621,-0.008675,-0.701952,-0.732401,-0.285096,0.076126,0.030346,-0.996636,0.151423,0.000000,0.000000,-0.085568,-0.061654,0.039998,-0.005233,0.175028,-0.035633,0.076270,0.018761,0.078797,0.229114,-0.138531,-0.132679,-1.418080,0.807215,-0.501782,-1.330814,-0.850848,-0.872665,-0.458149,0.283616,0.392699,0.109083,-1.505347,-1.985312,-0.939047,0.147307,0.158253,-0.744586,0.786658,-0.380689,0.361018,0.194119,-0.481987,1.100479,-1.315014,-1.053118,-1.351778,0.346680,0.323034,-1.207198,1.014982,-0.491149,0.402343,0.189006,-0.534854,1.206648,-1.494503,-1.032068
1789149930.069296,-0.020446,-0.009591,-0.001832,-0.308603,-0.754372,-0.237958,0.088061,0.030847,-0.995637,0.151487,0.000000,0.000000,-0.131756,-0.035032,0.032174,-0.049868,0.174766,-0.062888,0.077595,0.022475,0.087500,0.254124,-0.180417,-0.177987,-1.723513,0.938115,-0.349066,-1.548980,-0.676315,-1.003564,0.021817,0.109083,0.370883,0.850848,-2.159845,-2.138028,-1.351778,0.346680,0.323034,-1.207198,1.014982,-0.491149,0.402343,0.189006,-0.534854,1.206648,-1.494503,-1.032068,-1.511000,0.461080,0.508105,-1.548365,1.210375,-0.465771,0.464644,0.202064,-0.542743,1.135500,-1.483934,-0.915002
1789149930.089399,-0.021878,-0.011678,0.002621,-0.411933,-0.854241,-0.068447,0.103116,0.029341,-0.994236,0.151538,0.000000,0.000000,-0.183202,-0.011001,0.028776,-0.096953,0.183855,-0.085416,0.083074,0.023997,0.084426,0.278665,-0.224590,-0.204456,-2.181662,0.894481,-0.043633,-1.854413,0.894481,-0.872665,0.218166,0.087266,-0.829032,1.069014,-2.290745,-0.218166,-1.511000,0.461080,0.508105,-1.548365,1.210375,-0.465771,0.464644,0.202064,-0.542743,1.135500,-1.483934,-0.915002,-1.348359,0.315544,0.516453,-1.626541,1.163060,-0.397231,0.533315,0.102038,-0.507923,0.771341,-1.623895,-0.663611
1789149930.109257,-0.019333,-0.008673,0.006798,0.080485,-0.945454,0.066974,0.119295,0.035404,-0.992227,0.151580,0.000000,0.000000,-0.229672,0.012575,0.030110,-0.129198,0.227156,-0.093407,0.091656,0.030378,0.049746,0.281002,-0.270958,-0.203540,-2.247112,1.047198,-0.000000,-2.378011,2.443461,-0.523599,0.370883,0.109083,-2.290745,-0.043633,-2.661627,1.898046,-1.348359,0.315544,0.516453,-1.626541,1.163060,-0.397231,0.533315,0.102038,-0.507923,0.771341,-1.623895,-0.663611,-0.895035,0.121550,0.348793,-1.333926,1.001099,-0.108757,0.597357,0.013362,-0.233947,0.379654,-1.661627,-0.382184
1789149930.129251,-0.012560,-0.000188,0.008849,0.283817,-0.899382,0.013977,0.134437,0.046233,-0.989843,0.151613,0.000000,0.000000,-0.258331,0.020968,0.028943,-0.204340,0.261817,-0.098779,0.103235,0.032950,0.004771,0.257462,-0.324848,-0.167310,-0.938115,0.283616,-0.043633,-3.359759,1.287180,-0.283616,0.392699,-0.043633,-1.505347,-1.701696,-2.465278,3.032510,-0.895035,0.121550,0.348793,-1.333926,1.001099,-0.108757,0.597357,0.013362,-0.233947,0.379654,-1.661627,-0.382184,-0.590163,0.031485,0.187268,-0.928431,0.812113,0.127035,0.395760,0.126933,0.034628,0.017294,-1.579682,-0.337809
1789149930.149208,0.000156,0.017475,0.009256,0.980634,-0.053961,-0.034093,0.129144,0.065432,-0.989465,0.151641,0.000000,0.000000,-0.243853,0.015694,0.028081,-0.255816,0.266418,-0.088340,0.119210,0.030188,-0.005360,0.265967,-0.360840,-0.116396,0.632682,-0.043633,0.065450,-2.356195,0.261799,0.196350,0.741765,0.370883,-0.436332,0.850848,-1.243547,1.745329,-0.590163,0.031485,0.187268,-0.928431,0.812113,0.127035,0.395760,0.126933,0.034628,0.017294,-1.579682,-0.337809,-0.159730,-0.397764,-0.083123,-0.524022,0.733328,0.018803,0.165386,0.047926,-0.304445,-0.209692,-1.398657,0.019454
1789149930.169197,0.009064,0.034288,0.013390,1.315926,0.497713,-0.059659,0.111354,0.087454,-0.989925,0.151663,0.000000,0.000000,-0.208332,0.014091,0.036821,-0.271489,0.254189,-0.066384,0.124386,0.033662,0.011324,0.266480,-0.364099,-0.086875,1.810779,0.130900,0.632682,-0.632682,-0.959931,1.199914,0.501782,0.065450,0.000000,-0.545415,-0.087266,2.814343,-0.159730,-0.397764,-0.083123,-0.524022,0.733328,0.018803,0.165386,0.047926,-0.304445,-0.209692,-1.398657,0.019454,0.324330,-0.826984,-0.478256,0.014448,0.741290,-0.225012,-0.078450,-0.038568,-0.391418,-0.432001,-1.035676,0.161673
1789149930.189169,0.013606,0.040526,0.015106,0.649869,0.954045,-0.189089,0.089329,0.094203,-0.991537,0.151681,0.000000,0.000000,-0.153071,-0.010447,0.042477,-0.256746,0.246294,-0.049386,0.117885,0.027556,-0.017501,0.265027,-0.337679,-0.019486,2.356194,-1.047198,0.218166,1.963496,-0.087266,1.047198,-0.458149,-0.632682,-0.523599,0.392699,1.025381,3.076143,0.324330,-0.826984,-0.478256,0.014448,0.741290,-0.225012,-0.078450,-0.038568,-0.391418,-0.432001,-1.035676,0.161673,0.536262,-1.070543,-0.452347,0.310396,0.725697,-0.300977,0.007818,-0.091750,-0.398630,-0.487546,-0.816404,0.304525
1789149930.209191,0.016456,0.041634,0.014861,0.530826,1.051650,-0.145280,0.067057,0.097862,-0.992938,0.151695,0.000000,0.000000,-0.095873,-0.042578,0.048992,-0.185935,0.250693,-0.039263,0.100162,0.014913,-0.025140,0.265834,-0.263134,0.026203,2.181662,-1.134464,0.218166,3.643376,0.000000,0.981748,-1.592613,-0.829032,-0.130900,-0.000000,2.879794,2.465277,0.536262,-1.070543,-0.452347,0.310396,0.725697,-0.300977,0.007818,-0.091750,-0.398630,-0.487546,-0.816404,0.304525,0.639341,-1.195361,-0.477470,0.454967,0.704810,-0.362679,-0.011368,-0.077460,-0.327554,-0.514463,-0.732067,0.440040
1789149930.229272,0.016936,0.037387,0.011057,0.491943,1.040465,-0.070844,0.045105,0.100401,-0.993924,0.151707,0.000000,0.000000,-0.048695,-0.044830,0.050675,-0.105753,0.247811,-0.047341,0.069365,0.001769,-0.015401,0.264307,-0.209913,0.064317,1.919862,0.523599,-0.261799,3.992441,-0.196350,-1.003564,-1.221730,-0.174533,0.807215,-0.763582,1.898046,2.203478,0.639341,-1.195361,-0.477470,0.454967,0.704810,-0.362679,-0.011368,-0.077460,-0.327554,-0.514463,-0.732067,0.440040,0.917167,-1.419211,-0.765270,0.627873,0.740343,-0.428373,-0.228947,-0.075206,-0.249220,-0.675525,-0.686600,0.734996
1789149930.249173,0.013175,0.025172,0.000117,-0.048146,0.942194,-0.237958,0.027543,0.093764,-0.995213,0.151716,0.000000,0.000000,-0.018435,-0.020628,0.042567,-0.034410,0.241258,-0.050190,0.059166,-0.005597,0.002818,0.248192,-0.165889,0.102079,1.047198,1.069014,-0.109083,3.185226,-0.414516,0.610865,-0.283616,-0.218166,0.894481,-0.261799,2.050762,2.945243,0.917167,-1.419211,-0.765270,0.627873,0.740343,-0.428373,-0.228947,-0.075206,-0.249220,-0.675525,-0.686600,0.734996,1.047583,-1.622852,-0.761762,0.732305,0.817342,-0.383521,-0.126399,0.069858,-0.238816,-0.747684,-0.584184,0.691074
1789149930.269400,0.005866,0.008701,-0.012528,-0.048811,0.544052,-0.146478,0.017503,0.089579,-0.995826,0.151724,0.000000,0.000000,-0.007074,-0.029744,0.055834,0.026283,0.237317,-0.051063,0.040150,-0.007463,0.014114,0.244255,-0.123238,0.152426,0.545415,-1.679879,0.785398,2.334378,-0.043633,-0.283616,-1.003564,0.785398,0.196350,-0.261799,2.356195,0.959931,1.047583,-1.622852,-0.761762,0.732305,0.817342,-0.383521,-0.126399,0.069858,-0.238816,-0.747684,-0.584184,0.691074,1.038124,-1.618030,-0.688887,0.706387,0.671074,-0.256420,-0.044130,-0.048433,-0.467995,-0.715851,-0.825649,0.683369
1789149930.289382,0.000480,-0.003266,-0.018777,-0.337365,0.378936,-0.126105,0.012629,0.080962,-0.996637,0.151730,0.000000,0.000000,0.000504,-0.066633,0.061280,0.068218,0.240047,-0.056586,0.027831,0.003991,0.012576,0.240183,-0.087284,0.162685,0.065450,-1.352630,-0.152716,1.767146,0.000000,-0.043633,-0.501782,0.130900,-0.087266,-0.087267,0.938115,0.458149,1.038124,-1.618030,-0.688887,0.706387,0.671074,-0.256420,-0.044130,-0.048433,-0.467995,-0.715851,-0.825649,0.683369,0.967122,-1.543465,-0.617991,0.661266,0.524127,-0.157156,0.037310,-0.055302,-0.673541,-0.567327,-0.938692,0.453375
1789149930.309278,-0.005844,-0.015381,-0.021267,-0.043618,0.257229,-0.038620,0.008116,0.078640,-0.996870,0.151735,0.000000,0.000000,-0.001355,-0.076121,0.045722,0.100823,0.231606,-0.054014,0.023937,0.001425,0.016017,0.232618,-0.080936,0.157465,0.000000,-0.130900,-0.938115,1.505347,-0.414516,0.021817,-0.349066,-0.632682,0.196350,-0.850848,0.109083,-2.028945,0.967122,-1.543465,-0.617991,0.661266,0.524127,-0.157156,0.037310,-0.055302,-0.673541,-0.567327,-0.938692,0.453375,0.825144,-1.215135,-0.433224,0.423309,0.252202,-0.184282,-0.055766,-0.075045,-0.978155,-0.076353,-0.850936,0.141860
1789149930.329379,-0.017423,-0.032423,-0.019031,-0.237230,0.064150,-0.140486,0.008545,0.073657,-0.997247,0.151739,0.000000,0.000000,0.000174,-0.071891,0.032624,0.114643,0.216613,-0.047297,0.022448,-0.004795,0.017943,0.209067,-0.084560,0.117102,0.000000,0.239983,-0.283616,0.239983,-0.829032,0.130900,-0.414516,-0.589049,0.174533,-1.178097,-0.436332,-3.097960,0.825144,-1.215135,-0.433224,0.423309,0.252202,-0.184282,-0.055766,-0.075045,-0.978155,-0.076353,-0.850936,0.141860,0.517135,-0.719140,-0.202402,0.174581,0.279127,-0.069926,0.135191,0.159082,-0.850169,0.455766,-0.689852,-0.445161
1789149930.349189,-0.026097,-0.043600,-0.013710,-0.386500,-0.038914,-0.185360,0.013434,0.065363,-0.997771,0.151743,0.000000,0.000000,0.001366,-0.067871,0.030674,0.106768,0.196138,-0.046310,0.014065,-0.002791,0.023411,0.190065,-0.091860,0.052037,0.109083,0.021817,-0.021817,-0.414516,-1.178097,-0.087266,-0.349066,1.047198,0.370883,-0.850848,-0.109083,-3.948808,0.517135,-0.719140,-0.202402,0.174581,0.279127,-0.069926,0.135191,0.159082,-0.850169,0.455766,-0.689852,-0.445161,0.092107,-0.311332,-0.011329,-0.086817,0.477640,-0.047595,0.251892,0.359391,-0.526323,0.616454,-0.808815,-0.854847
1789149930.369253,-0.036390,-0.054313,-0.006381,-0.385834,-0.062883,-0.292952,0.017188,0.058009,-0.998168,0.151745,0.000000,0.000000,0.002187,-0.068878,0.030063,0.093582,0.185020,-0.044038,0.013986,0.005085,0.028996,0.180787,-0.095111,-0.006511,0.087266,-0.043633,-0.174533,-1.156281,-1.069014,0.545415,0.501782,0.567232,0.632682,-1.025381,-0.501782,-5.410522,0.092107,-0.311332,-0.011329,-0.086817,0.477640,-0.047595,0.251892,0.359391,-0.526323,0.616454,-0.808815,-0.854847,-0.411000,-0.035418,0.209288,-0.401112,0.716157,-0.082819,0.472564,0.624143,-0.350361,0.810331,-1.038241,-1.101629
1789149930.389541,-0.050767,-0.068207,0.002453,-0.758544,-0.429866,-0.272579,0.029699,0.045879,-0.998505,0.151748,0.000000,0.000000,-0.013000,-0.048610,0.022384,0.056848,0.162570,-0.034281,0.015590,0.032650,0.035082,0.174272,-0.119952,-0.080346,-0.567232,0.545416,-0.370883,-1.156281,-0.632682,0.043633,-0.305433,1.090831,-0.174533,-0.392699,-0.894481,-2.530728,-0.411000,-0.035418,0.209288,-0.401112,0.716157,-0.082819,0.472564,0.624143,-0.350361,0.810331,-1.038241,-1.101629,-0.968320,0.196376,0.292598,-0.826593,0.874480,-0.326498,0.376662,0.427356,-0.455877,0.976152,-1.371224,-1.096617
1789149930.409277,-0.059327,-0.078504,0.012824,-0.479178,-0.560894,-0.120645,0.038222,0.041298,-0.998415,0.151749,0.000000,0.000000,-0.055052,-0.028482,0.019853,0.021116,0.165325,-0.031311,0.023444,0.042751,0.036457,0.191682,-0.152914,-0.132938,-1.570796,0.523599,-0.000000,-1.352630,-0.479966,0.043633,0.196350,0.021817,0.000000,0.414516,-2.465278,-2.356195,-0.968320,0.196376,0.292598,-0.826593,0.874480,-0.326498,0.376662,0.427356,-0.455877,0.976152,-1.371224,-1.096617,-1.190211,0.320886,0.473274,-1.267394,1.035270,-0.389610,0.459455,0.377511,-0.438228,1.009330,-1.471863,-1.000945
1789149930.429216,-0.060214,-0.080315,0.017481,-0.328576,-0.721482,-0.044878,0.052361,0.039081,-0.997863,0.151751,0.000000,0.000000,-0.107970,-0.016125,0.018631,-0.021948,0.168025,-0.048789,0.027226,0.046435,0.025003,0.219296,-0.202817,-0.179511,-1.810779,0.130900,-0.000000,-1.679880,-0.152716,-0.719949,0.283616,0.043633,-0.872665,1.287180,-2.312562,-2.181662,-1.190211,0.320886,0.473274,-1.267394,1.035270,-0.389610,0.459455,0.377511,-0.438228,1.009330,-1.471863,-1.000945,-1.309020,0.473747,0.616648,-1.579681,1.169001,-0.390239,0.395488,0.354755,-0.465388,0.925753,-1.479548,-0.847212
1789149930.449400,-0.055090,-0.077301,0.033803,-0.012060,-0.649710,0.051794,0.063848,0.042161,-0.997069,0.151752,0.000000,0.000000,-0.148866,-0.004271,0.021042,-0.056661,0.176083,-0.068555,0.042599,0.051786,0.005123,0.236605,-0.256295,-0.203796,-1.745329,0.698132,0.021817,-1.570796,0.349066,-0.850848,0.719948,0.436332,-1.090831,0.632682,-3.119776,0.152716,-1.309020,0.473747,0.616648,-1.579681,1.169001,-0.390239,0.395488,0.354755,-0.465388,0.925753,-1.479548,-0.847212,-1.052220,0.216486,0.530441,-1.574029,1.054642,-0.266085,0.530363,0.113087,-0.341427,0.564146,-1.617917,-0.534163
1789149930.469651,-0.041433,-0.060976,0.050006,0.131351,-0.744386,0.231425,0.076607,0.047505,-0.995929,0.151753,0.000000,0.000000,-0.180099,0.021380,0.021770,-0.087275,0.201630,-0.066597,0.058167,0.058377,-0.019105,0.233559,-0.305322,-0.197455,-1.330814,1.003564,0.043633,-2.094395,1.527163,0.021817,0.829032,-0.327249,-1.374447,-0.327249,-1.876229,1.810779,-1.052220,0.216486,0.530441,-1.574029,1.054642,-0.266085,0.530363,0.113087,-0.341427,0.564146,-1.617917,-0.534163,-0.666681,0.157214,0.303082,-1.119719,0.865562,-0.036178,0.445741,0.011643,-0.073255,0.252989,-1.564178,-0.393596
1789149930.489341,-0.035612,-0.051983,0.053382,0.419239,-0.703639,0.263382,0.087622,0.059430,-0.994379,0.151754,0.000000,0.000000,-0.195264,0.027606,0.026461,-0.172878,0.230366,-0.068489,0.077871,0.050954,-0.041336,0.189200,-0.350450,-0.147787,-0.829031,0.545415,0.130900,-4.516040,1.199914,0.021817,0.719948,-0.829032,-0.850848,-2.574361,-1.876229,2.399828,-0.666681,0.157214,0.303082,-1.119719,0.865562,-0.036178,0.445741,0.011643,-0.073255,0.252989,-1.564178,-0.393596,-0.455418,0.116402,-0.042190,-0.740277,0.641840,0.128228,0.159107,0.249441,0.117405,-0.081408,-1.544563,-0.341170
1789149930.509239,-0.017705,-0.022075,0.057389,0.608190,-0.179795,0.335687,0.087414,0.072394,-0.993538,0.151754,0.000000,0.000000,-0.184877,0.026641,0.026374,-0.218139,0.229826,-0.049779,0.085441,0.043117,-0.021905,0.169966,-0.367374,-0.111885,0.261799,-0.087266,0.130900,-2.356195,0.349066,0.785398,0.392699,0.436332,0.174533,-0.916298,-0.545416,1.461713,-0.455418,0.116402,-0.042190,-0.740277,0.641840,0.128228,0.159107,0.249441,0.117405,-0.081408,-1.544563,-0.341170,-0.128658,-0.139882,-0.297679,-0.404180,0.718617,-0.028755,0.005938,0.231119,-0.083921,-0.153445,-1.453884,-0.096124
1789149930.529195,-0.003480,0.002779,0.050282,0.493941,0.160290,0.175498,0.081304,0.081434,-0.993357,0.151755,0.000000,0.000000,-0.155989,0.024694,0.027143,-0.240706,0.211205,-0.023741,0.077865,0.051431,0.012966,0.185355,-0.367879,-0.086714,1.614430,0.000000,-0.000000,-0.610866,-1.047198,1.243547,-0.065450,0.698132,0.632682,1.265363,0.196350,2.661627,-0.128658,-0.139882,-0.297679,-0.404180,0.718617,-0.028755,0.005938,0.231119,-0.083921,-0.153445,-1.453884,-0.096124,0.189966,-0.490740,-0.332719,-0.061284,0.692255,-0.094669,0.016632,0.084226,-0.290487,-0.274341,-1.175593,0.053244
1789149930.549198,0.004500,0.013138,0.042051,0.249729,0.472146,0.320108,0.071027,0.083697,-0.993957,0.151755,0.000000,0.000000,-0.112961,0.006861,0.023625,-0.215985,0.211666,-0.019353,0.067355,0.056826,0.005739,0.193247,-0.349596,-0.038142,1.548980,-0.785398,-0.174533,2.159845,0.436332,0.218166,-0.370882,-0.305433,0.109083,0.218166,0.807215,2.596177,0.189966,-0.490740,-0.332719,-0.061284,0.692255,-0.094669,0.016632,0.084226,-0.290487,-0.274341,-1.175593,0.053244,0.340238,-0.589491,-0.462642,0.144361,0.720904,-0.182291,0.040373,-0.032387,-0.265317,-0.200372,-1.048993,0.145824
1789149930.569199,0.011042,0.017660,0.029562,0.027754,0.615158,0.194273,0.061521,0.079604,-0.994926,0.151756,0.000000,0.000000,-0.076135,-0.022744,0.027426,-0.157001,0.222623,-0.021523,0.057434,0.044919,-0.011529,0.205536,-0.296715,0.000760,1.243547,-1.069014,0.545415,3.010693,0.763582,-0.109083,-0.741765,-1.330814,-0.349066,0.719948,1.767146,1.832596,0.340238,-0.589491,-0.462642,0.144361,0.720904,-0.182291,0.040373,-0.032387,-0.265317,-0.200372,-1.048993,0.145824,0.403538,-0.761926,-0.455751,0.236903,0.677740,-0.190276,0.214242,-0.093843,-0.241404,-0.135797,-1.036106,0.274660
1789149930.589397,0.015574,0.014497,0.007889,0.310848,0.670286,0.124632,0.047391,0.081099,-0.995579,0.151756,0.000000,0.000000,-0.046917,-0.040410,0.046017,-0.091117,0.234085,-0.030577,0.049337,0.023536,-0.003187,0.208653,-0.254143,0.029590,1.069014,-0.654499,0.785398,2.857977,0.283616,-0.283616,-0.589049,-1.243547,0.523599,-0.087266,1.614430,1.854412,0.403538,-0.761926,-0.455751,0.236903,0.677740,-0.190276,0.214242,-0.093843,-0.241404,-0.135797,-1.036106,0.274660,0.593039,-0.975220,-0.664855,0.476213,0.720372,-0.305204,0.159478,-0.115121,-0.194854,-0.221163,-0.945493,0.383841
1789149930.609334,0.014848,0.008446,-0.005903,0.065438,0.607435,-0.038221,0.035650,0.078475,-0.996279,0.151756,0.000000,0.000000,-0.029425,-0.052826,0.045098,-0.044484,0.234636,-0.036002,0.047813,0.002726,0.001207,0.206667,-0.227609,0.058732,0.676315,-0.196350,-0.698132,2.247112,0.000000,-0.087267,-0.545415,-0.850848,0.196350,-0.000000,1.439897,1.723513,0.593039,-0.975220,-0.664855,0.476213,0.720372,-0.305204,0.159478,-0.115121,-0.194854,-0.221163,-0.945493,0.383841,0.797630,-1.240898,-0.752135,0.650715,0.698594,-0.347967,0.102762,-0.074176,-0.173795,-0.339025,-0.914139,0.445489
1789149930.629166,0.008982,-0.004394,-0.023272,0.284084,0.439256,-0.031563,0.025633,0.081165,-0.996371,0.151756,0.000000,0.000000,-0.007309,-0.048444,0.040492,0.006256,0.235509,-0.040703,0.039479,-0.008450,0.003961,0.211396,-0.188868,0.084895,1.178098,0.436332,0.479966,2.028945,0.000000,-0.043633,-0.261799,-0.218166,0.021817,0.261799,1.723513,1.199914,0.797630,-1.240898,-0.752135,0.650715,0.698594,-0.347967,0.102762,-0.074176,-0.173795,-0.339025,-0.914139,0.445489,0.918030,-1.386158,-0.746092,0.633459,0.714899,-0.255677,0.072164,-0.019362,-0.319524,-0.485243,-0.951208,0.490291
1789149930.649326,0.003038,-0.012652,-0.031555,0.514048,0.235524,-0.008260,0.018042,0.089498,-0.995824,0.151756,0.000000,0.000000,0.012689,-0.032310,0.070034,0.048643,0.234358,-0.043136,0.030501,-0.010544,0.005404,0.214278,-0.174371,0.101400,0.916298,1.047198,1.636246,1.876229,-0.109083,-0.021817,-0.327249,0.305433,0.152716,0.065450,0.479966,0.741765,0.918030,-1.386158,-0.746092,0.633459,0.714899,-0.255677,0.072164,-0.019362,-0.319524,-0.485243,-0.951208,0.490291,0.922757,-1.420152,-0.686268,0.538772,0.705889,-0.152902,0.031454,-0.033807,-0.574997,-0.551429,-0.968164,0.492265
1789149930.669323,-0.004571,-0.020083,-0.036902,0.487017,0.123006,-0.078301,0.012946,0.097794,-0.995123,0.151756,0.000000,0.000000,0.034195,-0.019556,0.091164,0.079723,0.230344,-0.044305,0.022099,-0.004365,0.006786,0.217431,-0.165898,0.113478,1.287181,0.392699,0.458149,1.221730,-0.174533,-0.239983,-0.283616,0.239983,0.000000,0.109083,0.152717,0.370882,0.922757,-1.420152,-0.686268,0.538772,0.705889,-0.152902,0.031454,-0.033807,-0.574997,-0.551429,-0.968164,0.492265,0.847643,-1.257860,-0.456426,0.402718,0.520393,-0.092014,-0.090082,-0.122046,-0.866310,-0.383756,-0.860831,0.270168
1789149930.689207,-0.016590,-0.029602,-0.036534,0.429226,0.154431,-0.078301,0.008506,0.103966,-0.994544,0.151757,0.000000,0.000000,0.054062,-0.011116,0.093822,0.091242,0.224546,-0.043662,0.016803,-0.004026,0.002617,0.213441,-0.170583,0.110868,0.589049,0.370883,0.065450,0.436332,-0.349066,-0.305433,-0.043633,-0.436332,-0.283616,-0.610865,-0.349066,-1.810779,0.847643,-1.257860,-0.456426,0.402718,0.520393,-0.092014,-0.090082,-0.122046,-0.866310,-0.383756,-0.860831,0.270168,0.570452,-0.825099,-0.213459,0.138840,0.370126,-0.085045,-0.141494,-0.048737,-1.013105,0.135779,-0.633580,-0.127176
1789149930.709215,-0.024999,-0.036633,-0.033866,0.218969,0.082925,-0.135293,0.006847,0.107173,-0.994217,0.151757,0.000000,0.000000,0.060852,0.000731,0.100084,0.085453,0.208192,-0.039258,0.007215,-0.009917,0.002213,0.203793,-0.172020,0.071418,0.327250,0.785398,0.545416,-0.654499,-0.872665,0.218166,-0.283616,-0.218166,0.239983,-0.436332,0.000000,-3.076143,0.570452,-0.825099,-0.213459,0.138840,0.370126,-0.085045,-0.141494,-0.048737,-1.013105,0.135779,-0.633580,-0.127176,0.265258,-0.322303,0.037762,-0.088199,0.453751,0.047127,0.114138,0.225570,-0.708465,0.394657,-0.518110,-0.675930
1789149930.729180,-0.039870,-0.049084,-0.026918,-0.311000,0.209692,-0.239822,0.004882,0.099890,-0.994987,0.151757,0.000000,0.000000,0.059437,0.015299,0.105361,0.063582,0.191941,-0.037111,-0.008038,-0.001872,0.003672,0.191175,-0.150882,0.017378,0.152716,0.458149,0.021817,-0.872665,-0.589049,-0.000000,-0.872665,1.548980,0.087266,-0.872665,0.305433,-1.461714,0.265258,-0.322303,0.037762,-0.088199,0.453751,0.047127,0.114138,0.225570,-0.708465,0.394657,-0.518110,-0.675930,-0.138239,-0.102530,0.109493,-0.198259,0.551041,-0.114095,0.107429,0.161072,-0.535775,0.419078,-0.735155,-0.985597
1789149930.749206,-0.050082,-0.059591,-0.022886,-1.050693,0.215284,-0.279103,0.006706,0.076915,-0.997015,0.151757,0.000000,0.000000,0.038700,0.013848,0.093165,0.041580,0.184103,-0.024000,-0.008351,0.009579,0.011038,0.168933,-0.129407,-0.013732,-0.807215,-0.196350,-0.829032,-0.829032,-0.479966,0.676315,-0.719948,0.043633,0.458149,-1.396264,0.698132,-1.090831,-0.138239,-0.102530,0.109493,-0.198259,0.551041,-0.114095,0.107429,0.161072,-0.535775,0.419078,-0.735155,-0.985597,-0.442643,-0.121516,0.153201,-0.346053,0.547441,-0.394437,0.190174,0.119576,-0.396338,0.417991,-1.107136,-0.968901
1789149930.769193,-0.061085,-0.077806,-0.016100,-1.201427,-0.010152,-0.186425,0.013923,0.054119,-0.998437,0.151757,0.000000,0.000000,-0.000551,0.018100,0.075957,0.017939,0.176912,-0.024640,-0.018237,0.011673,0.016696,0.148196,-0.133838,-0.032519,-1.396263,-0.130900,-0.829032,-1.134464,-0.545415,-0.043633,-0.545415,-0.000000,0.479966,-0.981748,-0.479966,-1.330814,-0.442643,-0.121516,0.153201,-0.346053,0.547441,-0.394437,0.190174,0.119576,-0.396338,0.417991,-1.107136,-0.968901,-0.608037,-0.107677,0.223868,-0.516883,0.566455,-0.455685,0.312032,0.109720,-0.341986,0.507065,-1.403886,-0.814973
1789149930.789176,-0.064176,-0.087165,-0.009558,-0.672391,-0.344246,-0.026103,0.024357,0.043396,-0.998761,0.151757,0.000000,0.000000,-0.036349,0.014192,0.059178,-0.011716,0.165038,-0.043182,-0.023004,0.012740,0.027008,0.135283,-0.141790,-0.068672,-1.418080,-0.239983,-0.589049,-1.287180,-0.589049,-0.567232,-0.152716,-0.065450,0.174533,-0.305433,-0.763582,-2.116212,-0.608037,-0.107677,0.223868,-0.516883,0.566455,-0.455685,0.312032,0.109720,-0.341986,0.507065,-1.403886,-0.814973,-0.779857,0.112577,0.359279,-0.868457,0.701952,-0.439565,0.303509,0.261275,-0.389033,0.886476,-1.478921,-0.787936
1789149930.809269,-0.061936,-0.088186,-0.003299,-0.346686,-0.675676,0.147668,0.039154,0.040777,-0.998401,0.151757,0.000000,0.000000,-0.068586,0.007753,0.056456,-0.039109,0.155442,-0.065217,-0.018150,0.017556,0.028458,0.139949,-0.177722,-0.113039,-1.352630,-0.174533,-0.087266,-1.047198,-0.283616,-1.134464,0.501782,0.850848,0.349066,0.043633,-2.181662,-2.356195,-0.779857,0.112577,0.359279,-0.868457,0.701952,-0.439565,0.303509,0.261275,-0.389033,0.886476,-1.478921,-0.787936,-0.958430,0.320309,0.536537,-1.356164,0.945641,-0.437381,0.325069,0.400073,-0.361470,1.033603,-1.467834,-0.780375
1789149930.829345,-0.055695,-0.081654,0.006225,-0.193687,-0.857037,0.317711,0.054141,0.041635,-0.997665,0.151757,0.000000,0.000000,-0.096710,0.013968,0.055632,-0.071580,0.155406,-0.088299,-0.007522,0.026931,0.037820,0.183806,-0.227513,-0.148772,-1.069014,0.087267,-0.000000,-1.308997,-0.349066,-1.243547,0.545415,1.112647,0.196350,1.985312,-2.705261,-1.418080,-0.958430,0.320309,0.536537,-1.356164,0.945641,-0.437381,0.325069,0.400073,-0.361470,1.033603,-1.467834,-0.780375,-1.057068,0.539543,0.717369,-1.689787,1.110243,-0.428955,0.167627,0.348252,-0.424418,0.854348,-1.306094,-0.741191
1789149930.849425,-0.048676,-0.071623,0.012936,-0.263063,-0.744119,0.344742,0.064379,0.036931,-0.997242,0.151757,0.000000,0.000000,-0.124445,0.019349,0.058272,-0.113422,0.165914,-0.100737,0.006296,0.049473,0.029413,0.225310,-0.279074,-0.169364,-1.243547,0.087267,0.218166,-2.617994,0.327249,-0.152716,0.698132,1.199914,-0.807215,1.723513,-2.247112,-0.370883,-1.057068,0.539543,0.717369,-1.689787,1.110243,-0.428955,0.167627,0.348252,-0.424418,0.854348,-1.306094,-0.741191,-1.028143,0.529198,0.703190,-1.819400,1.145965,-0.316141,0.221909,0.323005,-0.370109,0.551936,-1.374862,-0.662403
1789149930.869222,-0.033771,-0.044446,0.024541,0.139607,-0.662893,0.427566,0.075770,0.043659,-0.996169,0.151757,0.000000,0.000000,-0.146605,0.037304,0.073459,-0.185529,0.183182,-0.097080,0.012031,0.072463,0.012181,0.219902,-0.293487,-0.173315,-0.872665,0.676315,0.981748,-3.948808,1.505347,0.174533,0.567232,1.003564,-1.134464,-0.479965,-1.003564,0.349066,-1.028143,0.529198,0.703190,-1.819400,1.145965,-0.316141,0.221909,0.323005,-0.370109,0.551936,-1.374862,-0.662403,-0.690020,0.336699,0.352946,-1.632720,1.087889,-0.076535,0.360785,0.299097,-0.161612,0.255838,-1.557275,-0.384167
1789149930.889394,-0.024571,-0.022306,0.029890,0.978636,-0.137318,0.594946,0.071908,0.063304,-0.995400,0.151757,0.000000,0.000000,-0.160734,0.046857,0.090179,-0.272618,0.220333,-0.091866,0.027152,0.084901,-0.023356,0.192266,-0.314068,-0.157100,-0.523599,0.327249,0.545415,-3.839725,1.832596,0.414516,0.676315,0.392699,-1.418080,-1.548980,-0.654499,2.356195,-0.690020,0.336699,0.352946,-1.632720,1.087889,-0.076535,0.360785,0.299097,-0.161612,0.255838,-1.557275,-0.384167,-0.324002,0.174980,-0.185346,-1.017009,0.912333,-0.003522,0.099289,0.260686,-0.011975,-0.126755,-1.490467,-0.184736
1789149930.909215,-0.016793,0.001663,0.032027,1.309800,0.576409,0.527035,0.052181,0.084727,-0.995037,0.151757,0.000000,0.000000,-0.149335,0.041242,0.091363,-0.331422,0.245564,-0.063638,0.050603,0.086349,-0.026329,0.187081,-0.338672,-0.106188,0.392699,-0.109083,0.152716,-2.770710,1.112648,1.178097,1.112648,-0.065450,-0.676315,-0.021816,-0.698132,3.141593,-0.324002,0.174980,-0.185346,-1.017009,0.912333,-0.003522,0.099289,0.260686,-0.011975,-0.126755,-1.490467,-0.184736,0.012056,-0.184400,-0.540512,-0.448286,0.750213,-0.184367,-0.050687,0.205372,-0.193838,-0.310904,-1.279851,-0.023133
1789149930.929219,-0.008195,0.033972,0.030195,1.473452,0.526741,0.589620,0.032233,0.108924,-0.993527,0.151757,0.000000,0.000000,-0.121388,0.034465,0.092887,-0.346268,0.246543,-0.042795,0.053597,0.078746,-0.008436,0.196411,-0.333016,-0.059446,1.199914,-0.261799,0.545415,0.392699,0.392699,0.829032,0.610865,-0.589049,0.239983,0.698132,0.370883,2.792527,0.012056,-0.184400,-0.540512,-0.448286,0.750213,-0.184367,-0.050687,0.205372,-0.193838,-0.310904,-1.279851,-0.023133,0.279398,-0.406554,-0.650687,-0.047195,0.780386,-0.262691,-0.048071,0.021755,-0.288890,-0.297975,-1.042693,0.146351
1789149930.949231,-0.004567,0.049490,0.024151,1.098611,0.497180,0.512521,0.015887,0.126542,-0.991834,0.151757,0.000000,0.000000,-0.075936,0.011069,0.137717,-0.309019,0.226160,-0.043174,0.045920,0.066329,-0.032628,0.221284,-0.299631,-0.016656,1.941679,-0.807215,2.639811,2.988877,-1.505346,-0.043633,-0.523599,-1.396264,-0.698132,1.548980,1.374447,2.792527,0.279398,-0.406554,-0.650687,-0.047195,0.780386,-0.262691,-0.048071,0.021755,-0.288890,-0.297975,-1.042693,0.146351,0.426102,-0.519385,-0.483918,0.044574,0.688716,-0.142486,0.076013,-0.107494,-0.330876,-0.364195,-0.860996,0.319000
1789149930.969177,-0.001030,0.061667,0.009505,0.748539,0.721685,0.548208,-0.003147,0.135427,-0.990782,0.151757,0.000000,0.000000,-0.030080,-0.012883,0.180543,-0.228445,0.225416,-0.051011,0.039427,0.042009,-0.044011,0.244129,-0.251421,0.026915,1.767146,-1.025381,1.548980,3.948808,0.567232,-0.458149,-0.261799,-1.788963,-0.305433,0.829032,1.832596,2.727077,0.426102,-0.519385,-0.483918,0.044574,0.688716,-0.142486,0.076013,-0.107494,-0.330876,-0.364195,-0.860996,0.319000,0.445074,-0.515361,-0.538025,0.157710,0.706660,-0.161522,0.143678,-0.184053,-0.245043,-0.284317,-0.792417,0.332851
1789149930.989170,-0.000792,0.062535,-0.003434,0.393273,0.818091,0.559526,-0.018726,0.133726,-0.990841,0.151757,0.000000,0.000000,-0.003812,-0.029586,0.192611,-0.151503,0.228708,-0.047810,0.037313,0.013389,-0.049187,0.251822,-0.205048,0.069937,0.741765,-0.545415,0.021817,3.447026,0.152716,0.283616,-0.523599,-1.483530,0.087266,0.065450,1.810779,1.636246,0.445074,-0.515361,-0.538025,0.157710,0.706660,-0.161522,0.143678,-0.184053,-0.245043,-0.284317,-0.792417,0.332851,0.535235,-0.587531,-0.686168,0.364860,0.634966,-0.277350,0.062787,-0.261358,-0.116495,-0.272255,-0.789483,0.427408
1789149931.009217,-0.002106,0.058383,-0.016246,-0.346686,0.500376,0.529166,-0.025247,0.123525,-0.992020,0.151757,0.000000,0.000000,0.012078,-0.041424,0.190372,-0.103553,0.228277,-0.043326,0.037109,-0.008101,-0.037092,0.250287,-0.167125,0.093802,0.741765,-0.632682,-0.000000,2.007129,-0.109083,0.043633,-0.327249,-1.134464,0.501782,-0.283616,1.898046,1.592613,0.535235,-0.587531,-0.686168,0.364860,0.634966,-0.277350,0.062787,-0.261358,-0.116495,-0.272255,-0.789483,0.427408,0.617204,-0.546708,-0.666033,0.398887,0.662671,-0.157772,0.187616,-0.155616,0.019702,-0.244588,-0.821863,0.306737
1789149931.029310,-0.003368,0.049046,-0.024675,-0.071448,0.249107,0.539419,-0.029229,0.120304,-0.992307,0.151757,0.000000,0.000000,0.031119,-0.054847,0.205188,-0.059131,0.218290,-0.051917,0.033466,-0.022906,-0.016487,0.239807,-0.145005,0.102373,0.981748,-0.501782,1.003564,2.028946,-0.763582,-0.414516,-0.021817,-0.283616,0.763582,-0.523599,0.218167,-0.916298,0.617204,-0.546708,-0.666033,0.398887,0.662671,-0.157772,0.187616,-0.155616,0.019702,-0.244588,-0.821863,0.306737,0.684207,-0.618330,-0.681687,0.280738,0.629494,-0.035527,0.198935,-0.141570,-0.135699,-0.247706,-1.002958,0.453142
1789149931.049362,-0.005156,0.034988,-0.029093,-0.171051,0.061620,0.574573,-0.028891,0.116677,-0.992750,0.151757,0.000000,0.000000,0.054405,-0.064948,0.217588,-0.019578,0.203288,-0.049871,0.038775,-0.026031,0.006426,0.235809,-0.149432,0.098689,1.221731,-0.523599,0.239983,1.505347,-0.807215,-0.065450,0.130900,-0.021817,0.545416,-0.370883,-0.283616,0.981748,0.684207,-0.618330,-0.681687,0.280738,0.629494,-0.035527,0.198935,-0.141570,-0.135699,-0.247706,-1.002958,0.453142,0.711215,-0.594016,-0.728060,0.330959,0.697415,0.069220,0.209182,-0.094599,-0.125448,-0.323753,-1.044930,0.333706
1789149931.069439,-0.006047,0.024175,-0.024873,-0.114458,0.052698,0.646345,-0.028758,0.114267,-0.993034,0.151757,0.000000,0.000000,0.076674,-0.076241,0.217206,0.000521,0.197545,-0.036544,0.044107,-0.027654,0.001065,0.215983,-0.161864,0.099826,0.872665,-0.458149,-0.043633,1.156281,0.000000,0.698132,0.239983,0.239983,0.065450,-1.047198,-0.785398,-1.134464,0.711215,-0.594016,-0.728060,0.330959,0.697415,0.069220,0.209182,-0.094599,-0.125448,-0.323753,-1.044930,0.333706,0.641045,-0.516050,-0.690701,0.258878,0.656470,0.118431,0.220748,-0.035047,-0.260661,-0.286816,-1.232092,0.280452
1789149931.089312,-0.007909,0.008695,-0.014758,-0.301545,0.080662,0.505464,-0.025264,0.107449,-0.993890,0.151757,0.000000,0.000000,0.085567,-0.084422,0.220152,0.026750,0.201829,-0.018076,0.049828,-0.021875,-0.001259,0.204881,-0.169555,0.085561,0.196350,-0.458149,0.567232,1.178098,0.130900,0.719948,0.109083,0.458149,-0.043633,-0.261799,-0.152716,-0.938115,0.641045,-0.516050,-0.690701,0.258878,0.656470,0.118431,0.220748,-0.035047,-0.260661,-0.286816,-1.232092,0.280452,0.609397,-0.529932,-0.509023,0.173171,0.544948,0.120868,0.224996,0.004660,-0.459163,-0.145271,-1.223248,0.113047
1789149931.109189,-0.008857,0.003924,-0.011246,0.070765,0.089716,0.445676,-0.027308,0.107421,-0.993838,0.151757,0.000000,0.000000,0.088158,-0.086282,0.237338,0.040770,0.201159,-0.008802,0.051028,-0.015191,-0.010176,0.198494,-0.171742,0.070060,0.130900,-0.130900,0.785398,0.523599,0.109083,0.065450,0.000000,0.479966,-0.283616,-0.719948,-0.261799,-1.832596,0.609397,-0.529932,-0.509023,0.173171,0.544948,0.120868,0.224996,0.004660,-0.459163,-0.145271,-1.223248,0.113047,0.582285,-0.427492,-0.239442,-0.151180,0.450575,-0.018070,0.095831,0.118448,-0.708527,0.251468,-1.011827,-0.179970
1789149931.129331,-0.013497,-0.010753,-0.001095,-0.034563,0.119677,0.330894,-0.027416,0.103273,-0.994275,0.150585,0.000000,0.000000,0.087632,-0.090487,0.246258,0.041413,0.198808,-0.007760,0.051552,-0.010405,-0.013484,0.186948,-0.174112,0.048606,-0.021817,-0.239983,0.305433,0.021817,-0.130900,0.021817,0.000000,0.589049,-0.196350,-0.218166,-0.021817,-1.548980,0.582285,-0.427492,-0.239442,-0.151180,0.450575,-0.018070,0.095831,0.118448,-0.708527,0.251468,-1.011827,-0.179970,0.371526,-0.210015,0.078159,-0.444223,0.472846,-0.191482,0.041485,0.273050,-0.525202,0.546135,-0.782386,-0.557526
1789149931.149319,-0.016210,-0.017579,0.002871,-0.488100,-0.053828,0.186018,-0.021919,0.094951,-0.995241,0.149636,0.000000,0.000000,0.090051,-0.090086,0.248450,0.020557,0.191886,-0.013299,0.047622,0.001921,-0.014130,0.180844,-0.173970,0.012469,0.043633,-0.130900,-0.000000,-0.676315,-0.676315,-0.021817,0.000000,1.287180,0.261799,-0.589049,0.065450,-1.265364,0.371526,-0.210015,0.078159,-0.444223,0.472846,-0.191482,0.041485,0.273050,-0.525202,0.546135,-0.782386,-0.557526,-0.000658,-0.025834,0.265002,-0.674699,0.539589,-0.389571,0.023805,0.276794,-0.336009,0.683820,-0.863224,-0.855796
1789149931.168812,-0.017765,-0.028636,0.008878,-1.035646,-0.365418,0.077094,-0.004219,0.074991,-0.997175,0.000000,0.000000,0.000000,0.076516,-0.081371,0.243326,-0.007805,0.182508,-0.026631,0.040171,0.012107,-0.003748,0.174698,-0.168720,-0.027013,-0.654498,0.130900,-0.523599,-1.243547,-0.610865,-0.458149,-0.239983,0.305433,0.763582,-0.414516,0.021817,-2.508911,-0.000658,-0.025834,0.265002,-0.674699,0.539589,-0.389571,0.023805,0.276794,-0.336009,0.683820,-0.863224,-0.855796,0.000000,0.000000,0.000000,0.000000,0.000000,0.000000,0.000000,0.000000,0.000000,0.000000,0.000000,0.000000
1789149931.188627,-0.016291,-0.036524,0.012402,-1.324066,-0.554369,-0.113455,0.017488,0.055515,-0.998305,0.000000,0.000000,0.000000,0.040320,-0.070249,0.222175,-0.037506,0.169685,-0.052768,0.031979,0.014480,0.011155,0.180774,-0.178159,-0.060057,-1.243547,0.261799,-1.308997,-0.458149,-0.981748,-1.439897,-0.283616,-1.330814,0.894481,0.043633,-0.370883,1.767146,0.000000,0.000000,0.000000,0.000000,0.000000,0.000000,0.000000,0.000000,0.000000,0.000000,0.000000,0.000000,0.000000,0.000000,0.000000,0.000000,0.000000,0.000000,0.000000,0.000000,0.000000,0.000000,0.000000,0.000000
1789149931.208623,-0.014500,-0.040150,0.013743,-0.489831,-0.297241,-0.292020,0.027257,0.049061,-0.998424,0.000000,0.000000,0.000000,0.024631,-0.065635,0.202608,-0.020151,0.126985,-0.037237,0.015530,0.006506,0.048680,0.144618,-0.094039,-0.016637,-0.523599,0.261799,-0.894481,0.152716,-1.112648,0.829032,-1.330814,-0.087266,1.919863,-2.770710,6.043202,1.047198,0.000000,0.000000,0.000000,0.000000,0.000000,0.000000,0.000000,0.000000,0.000000,0.000000,0.000000,0.000000,0.000000,0.000000,0.000000,0.000000,0.000000,0.000000,0.000000,0.000000,0.000000,0.000000,0.000000,0.000000
1789149931.229064,-0.005463,-0.044117,0.013228,-0.729249,0.339255,-0.429838,0.027844,0.032749,-0.999076,0.000000,0.000000,0.000000,0.018915,-0.060560,0.163976,-0.019365,0.118817,-0.022399,0.009724,0.008532,0.061451,0.127489,-0.034406,-0.005540,-0.392699,0.174533,-2.596178,-0.109083,-0.174533,0.501782,0.218166,-0.000000,-0.109083,0.065450,1.898046,0.414516,0.000000,0.000000,0.000000,0.000000,0.000000,0.000000,0.000000,0.000000,0.000000,0.000000,0.000000,0.000000,0.000000,0.000000,0.000000,0.000000,0.000000,0.000000,0.000000,0.000000,0.000000,0.000000,0.000000,0.000000
1789149931.248665,-0.003573,-0.048950,0.010406,-0.403012,0.688795,-0.554474,0.018870,0.019800,-0.999626,0.000000,0.000000,0.000000,0.012242,-0.058594,0.123894,-0.017025,0.124432,-0.010133,0.011409,0.007212,0.060534,0.117096,-0.013787,-0.002224,-0.152716,0.152716,-1.679880,0.065450,0.283616,0.545416,0.000000,-0.043633,0.130900,-0.850848,0.610865,0.065450,0.000000,0.000000,0.000000,0.000000,0.000000,0.000000,0.000000,0.000000,0.000000,0.000000,0.000000,0.000000,0.000000,0.000000,0.000000,0.000000,0.000000,0.000000,0.000000,0.000000,0.000000,0.000000,0.000000,0.000000
1789149931.268615,-0.005988,-0.059982,0.000832,-0.151077,0.982807,-0.700416,0.003446,0.007842,-0.999963,0.000000,0.000000,0.000000,0.013584,-0.050885,0.093056,-0.014852,0.128125,-0.007596,0.007297,0.009762,0.060717,0.098918,-0.003230,0.013588,0.261799,0.545415,-1.265364,0.021817,0.370883,0.109083,-0.218166,0.218166,0.000000,-0.981748,0.807215,0.959931,0.000000,0.000000,0.000000,0.000000,0.000000,0.000000,0.000000,0.000000,0.000000,0.000000,0.000000,0.000000,0.000000,0.000000,0.000000,0.000000,0.000000,0.000000,0.000000,0.000000,0.000000,0.000000,0.000000,0.000000
1789149931.288658,-0.009556,-0.069507,-0.007012,-0.258935,0.674414,-0.691893,-0.006735,-0.002375,-0.999975,0.000000,0.000000,0.000000,0.016032,-0.041195,0.086001,-0.017252,0.128040,0.000037,-0.001138,0.011357,0.061565,0.081328,0.014646,0.033953,0.109083,0.545415,-0.000000,-0.043633,-0.305433,0.654499,-0.632682,0.021817,0.196350,-0.589049,0.959931,0.938114,0.000000,0.000000,0.000000,0.000000,0.000000,0.000000,0.000000,0.000000,0.000000,0.000000,0.000000,0.000000,0.000000,0.000000,0.000000,0.000000,0.000000,0.000000,0.000000,0.000000,0.000000,0.000000,0.000000,0.000000
1789149931.308706,-0.012605,-0.080130,-0.013827,-0.139492,0.144578,-0.703212,-0.008285,-0.006058,-0.999947,0.000000,0.000000,0.000000,0.020052,-0.032223,0.081870,-0.017110,0.115179,0.011965,-0.013410,0.010255,0.071434,0.073842,0.027785,0.042735,0.305433,0.458149,-0.610865,-0.065450,-1.112647,0.436332,-0.589049,-0.087266,0.676315,-0.414516,0.436332,0.021817,0.000000,0.000000,0.000000,0.000000,0.000000,0.000000,0.000000,0.000000,0.000000,0.000000,0.000000,0.000000,0.000000,0.000000,0.000000,0.000000,0.000000,0.000000,0.000000,0.000000,0.000000,0.000000,0.000000,0.000000
1789149931.328961,-0.014340,-0.094871,-0.019944,0.080618,-0.250902,-0.632372,-0.004266,-0.002608,-0.999988,0.000000,0.000000,0.000000,0.026363,-0.023011,0.073421,-0.018457,0.091023,0.014376,-0.020711,0.009740,0.088312,0.070324,0.026451,0.037196,0.305433,0.414516,-0.327249,-0.000000,-1.221731,-0.000000,-0.174533,-0.021817,0.829032,-0.043633,-0.305433,-0.458149,0.000000,0.000000,0.000000,0.000000,0.000000,0.000000,0.000000,0.000000,0.000000,0.000000,0.000000,0.000000,0.000000,0.000000,0.000000,0.000000,0.000000,0.000000,0.000000,0.000000,0.000000,0.000000,0.000000,0.000000
1789149931.348847,-0.013164,-0.103062,-0.020548,-0.081435,-0.321476,-0.540493,0.000777,-0.001583,-0.999998,0.000000,0.000000,0.000000,0.032976,-0.014655,0.067253,-0.017843,0.070281,0.011616,-0.025167,0.009445,0.096725,0.070357,0.017357,0.027087,0.305433,0.327249,-0.109083,-0.000000,-0.916298,-0.196350,-0.109083,-0.000000,0.087267,-0.000000,-0.436332,-0.479966,0.000000,0.000000,0.000000,0.000000,0.000000,0.000000,0.000000,0.000000,0.000000,0.000000,0.000000,0.000000,0.000000,0.000000,0.000000,0.000000,0.000000,0.000000,0.000000,0.000000,0.000000,0.000000,0.000000,0.000000
1789149931.368826,-0.008746,-0.110748,-0.016316,-0.122448,-0.114681,-0.474579,0.003388,-0.002678,-0.999991,0.000000,0.000000,0.000000,0.038138,-0.006766,0.063702,-0.018282,0.056602,0.009748,-0.029036,0.011504,0.100426,0.063561,0.009636,0.019925,0.261799,0.370883,-0.327249,-0.000000,-0.501782,-0.000000,-0.196350,0.130900,0.283616,-0.610865,-0.218166,-0.218166,0.000000,0.000000,0.000000,0.000000,0.000000,0.000000,0.000000,0.000000,0.000000,0.000000,0.000000,0.000000,0.000000,0.000000,0.000000,0.000000,0.000000,0.000000,0.000000,0.000000,0.000000,0.000000,0.000000,0.000000
1789149931.388816,-0.005977,-0.111866,-0.011250,-0.162528,0.062552,-0.319051,0.003169,-0.005693,-0.999979,0.000000,0.000000,0.000000,0.042550,0.000578,0.060356,-0.018402,0.049277,0.014324,-0.031780,0.012573,0.100737,0.050381,0.006203,0.015895,0.130900,0.349066,-0.065450,-0.021817,-0.239983,0.130900,-0.109083,0.021817,-0.174533,-0.545415,-0.174533,-0.196350,0.000000,0.000000,0.000000,0.000000,0.000000,0.000000,0.000000,0.000000,0.000000,0.000000,0.000000,0.000000,0.000000,0.000000,0.000000,0.000000,0.000000,0.000000,0.000000,0.000000,0.000000,0.000000,0.000000,0.000000
1789149931.408793,-0.004874,-0.112693,-0.008949,-0.180771,0.062952,-0.159794,0.002677,-0.007045,-0.999972,0.000000,0.000000,0.000000,0.043579,0.004903,0.058452,-0.017494,0.043735,0.017545,-0.034152,0.011946,0.101645,0.042200,0.005870,0.013983,0.021817,0.218166,-0.065450,-0.000000,-0.305433,0.130900,-0.130900,-0.087266,0.174533,-0.327249,0.000000,-0.000000,0.000000,0.000000,0.000000,0.000000,0.000000,0.000000,0.000000,0.000000,0.000000,0.000000,0.000000,0.000000,0.000000,0.000000,0.000000,0.000000,0.000000,0.000000,0.000000,0.000000,0.000000,0.000000,0.000000,0.000000
1789149931.428933,-0.003017,-0.107789,-0.003368,-0.140291,0.017944,-0.024905,0.002222,-0.007459,-0.999970,0.000000,0.000000,0.000000,0.044299,0.008241,0.054310,-0.016464,0.038889,0.018041,-0.037817,0.009950,0.105643,0.038257,0.007359,0.013459,0.021817,0.109083,-0.239983,0.043633,-0.218166,-0.000000,-0.174533,-0.109083,0.305433,-0.130900,0.087266,-0.000000,0.000000,0.000000,0.000000,0.000000,0.000000,0.000000,0.000000,0.000000,0.000000,0.000000,0.000000,0.000000,0.000000,0.000000,0.000000,0.000000,0.000000,0.000000,0.000000,0.000000,0.000000,0.000000,0.000000,0.000000
1789149931.448672,-0.003149,-0.105332,-0.003678,-0.099012,0.021673,0.148334,0.001042,-0.007976,-0.999968,0.000000,0.000000,0.000000,0.043846,0.008552,0.054689,-0.013450,0.033820,0.015458,-0.040716,0.005848,0.116011,0.036997,0.009903,0.013664,-0.065450,0.000000,0.152716,0.174533,-0.130900,-0.152716,-0.087267,-0.218166,0.479966,-0.065450,0.109083,0.065450,0.000000,0.000000,0.000000,0.000000,0.000000,0.000000,0.000000,0.000000,0.000000,0.000000,0.000000,0.000000,0.000000,0.000000,0.000000,0.000000,0.000000,0.000000,0.000000,0.000000,0.000000,0.000000,0.000000,0.000000
1789149931.468778,-0.003363,-0.096980,-0.007249,-0.133500,0.001166,0.254328,0.000723,-0.009764,-0.999952,0.000000,0.000000,0.000000,0.042900,0.007849,0.055592,-0.009158,0.031687,0.012129,-0.042096,0.003034,0.121656,0.036492,0.011990,0.013724,-0.174533,-0.109083,-0.000000,0.152716,-0.021817,-0.152716,-0.021817,-0.109083,0.218166,-0.021817,0.087266,-0.000000,0.000000,0.000000,0.000000,0.000000,0.000000,0.000000,0.000000,0.000000,0.000000,0.000000,0.000000,0.000000,0.000000,0.000000,0.000000,0.000000,0.000000,0.000000,0.000000,0.000000,0.000000,0.000000,0.000000,0.000000
1789149931.488806,-0.003008,-0.091939,-0.008768,-0.126443,-0.004959,0.336619,0.001421,-0.011986,-0.999927,0.000000,0.000000,0.000000,0.040909,0.005910,0.058316,-0.006052,0.031504,0.007689,-0.042088,0.001000,0.128589,0.035789,0.013473,0.012104,-0.130900,-0.130900,0.305433,0.152716,0.043633,-0.218166,0.000000,-0.130900,0.152716,-0.087266,0.043633,-0.130900,0.000000,0.000000,0.000000,0.000000,0.000000,0.000000,0.000000,0.000000,0.000000,0.000000,0.000000,0.000000,0.000000,0.000000,0.000000,0.000000,0.000000,0.000000,0.000000,0.000000,0.000000,0.000000,0.000000,0.000000
1789149931.508776,-0.001887,-0.085458,-0.009200,-0.028172,-0.045040,0.382026,0.001823,-0.012355,-0.999922,0.000000,0.000000,0.000000,0.038735,0.002471,0.071188,-0.002629,0.033241,0.005057,-0.040280,-0.000544,0.127953,0.034049,0.013680,0.009183,-0.174533,-0.239983,0.698132,0.283616,0.065450,-0.152716,0.130900,-0.087266,0.000000,-0.065450,0.021817,-0.174533,0.000000,0.000000,0.000000,0.000000,0.000000,0.000000,0.000000,0.000000,0.000000,0.000000,0.000000,0.000000,0.000000,0.000000,0.000000,0.000000,0.000000,0.000000,0.000000,0.000000,0.000000,0.000000,0.000000,0.000000
1789149931.528638,0.000734,-0.070340,-0.007411,-0.007799,-0.023068,0.382426,0.002702,-0.013197,-0.999909,0.000000,0.000000,0.000000,0.034934,-0.001137,0.080135,0.001186,0.036789,0.002134,-0.036898,-0.001725,0.127129,0.032331,0.012958,0.005417,-0.152716,-0.065450,0.283616,0.109083,0.218166,-0.196350,0.196350,-0.021817,-0.109083,-0.087266,-0.087266,-0.152716,0.000000,0.000000,0.000000,0.000000,0.000000,0.000000,0.000000,0.000000,0.000000,0.000000,0.000000,0.000000,0.000000,0.000000,0.000000,0.000000,0.000000,0.000000,0.000000,0.000000,0.000000,0.000000,0.000000,0.000000
1789149931.548817,0.002869,-0.062226,-0.005929,-0.078239,-0.021471,0.350734,0.004131,-0.015134,-0.999877,0.000000,0.000000,0.000000,0.031454,-0.003532,0.080986,0.004339,0.040763,-0.000391,-0.032688,-0.002407,0.126906,0.030940,0.011597,0.003909,-0.109083,-0.152716,0.021817,0.218166,0.152716,-0.065450,0.174533,-0.021817,0.000000,-0.109083,-0.021817,-0.109083,0.000000,0.000000,0.000000,0.000000,0.000000,0.000000,0.000000,0.000000,0.000000,0.000000,0.000000,0.000000,0.000000,0.000000,0.000000,0.000000,0.000000,0.000000,0.000000,0.000000,0.000000,0.000000,0.000000,0.000000
1789149931.568782,0.005107,-0.054000,-0.004754,-0.056135,0.001566,0.290280,0.005370,-0.017550,-0.999832,0.000000,0.000000,0.000000,0.027947,-0.007508,0.086582,0.008004,0.043269,-0.002033,-0.030236,-0.003189,0.128373,0.030722,0.011630,0.003511,-0.152716,-0.218166,0.436332,0.109083,0.152716,-0.087266,0.087266,-0.087266,0.109083,-0.021817,0.000000,-0.000000,0.000000,0.000000,0.000000,0.000000,0.000000,0.000000,0.000000,0.000000,0.000000,0.000000,0.000000,0.000000,0.000000,0.000000,0.000000,0.000000,0.000000,0.000000,0.000000,0.000000,0.000000,0.000000,0.000000,0.000000
1789149931.588762,0.008205,-0.044189,-0.004747,-0.050010,0.007292,0.223968,0.006493,-0.020189,-0.999775,0.000000,0.000000,0.000000,0.024819,-0.009902,0.094163,0.008814,0.046154,-0.003517,-0.028616,-0.003814,0.129619,0.031005,0.013007,0.003511,-0.109083,-0.109083,0.283616,0.021817,0.174533,-0.087266,0.109083,-0.021817,0.043633,0.043633,0.109083,-0.000000,0.000000,0.000000,0.000000,0.000000,0.000000,0.000000,0.000000,0.000000,0.000000,0.000000,0.000000,0.000000,0.000000,0.000000,0.000000,0.000000,0.000000,0.000000,0.000000,0.000000,0.000000,0.000000,0.000000,0.000000
1789149931.608750,0.011167,-0.035511,-0.005407,-0.002339,0.016746,0.152062,0.006526,-0.021337,-0.999751,0.000000,0.000000,0.000000,0.024053,-0.010600,0.096083,0.009103,0.050678,-0.003986,-0.026634,-0.003994,0.130006,0.032033,0.014207,0.003511,-0.021817,-0.043633,-0.000000,0.021817,0.152716,-0.021817,0.130900,-0.000000,0.000000,0.043633,0.021817,-0.000000,0.000000,0.000000,0.000000,0.000000,0.000000,0.000000,0.000000,0.000000,0.000000,0.000000,0.000000,0.000000,0.000000,0.000000,0.000000,0.000000,0.000000,0.000000,0.000000,0.000000,0.000000,0.000000,0.000000,0.000000
1789149931.628664,0.013054,-0.030192,-0.005076,0.031350,-0.013082,0.055922,0.007025,-0.021465,-0.999745,0.000000,0.000000,0.000000,0.023428,-0.010911,0.096909,0.009313,0.054725,-0.003893,-0.023904,-0.003217,0.128828,0.032399,0.014068,0.003511,0.000000,0.000000,0.152716,0.021817,0.239983,0.065450,0.152716,0.043633,-0.087266,-0.000000,-0.065450,-0.000000,0.000000,0.000000,0.000000,0.000000,0.000000,0.000000,0.000000,0.000000,0.000000,0.000000,0.000000,0.000000,0.000000,0.000000,0.000000,0.000000,0.000000,0.000000,0.000000,0.000000,0.000000,0.000000,0.000000,0.000000
1789149931.648646,0.014010,-0.027626,-0.004606,0.002987,-0.033721,-0.011855,0.008755,-0.022872,-0.999700,0.000000,0.000000,0.000000,0.023079,-0.010911,0.101153,0.009384,0.057526,-0.003200,-0.021191,-0.001218,0.127258,0.032399,0.012491,0.002778,0.000000,0.000000,0.261799,-0.000000,0.043633,0.021817,0.152716,0.109083,-0.043633,-0.000000,-0.087266,-0.021817,0.000000,0.000000,0.000000,0.000000,0.000000,0.000000,0.000000,0.000000,0.000000,0.000000,0.000000,0.000000,0.000000,0.000000,0.000000,0.000000,0.000000,0.000000,0.000000,0.000000,0.000000,0.000000,0.000000,0.000000
1789149931.668757,0.016721,-0.017050,-0.001942,0.003786,-0.037849,-0.064719,0.010149,-0.023321,-0.999677,0.000000,0.000000,0.000000,0.022907,-0.010357,0.102028,0.008754,0.058399,-0.002028,-0.019129,0.001191,0.127255,0.032936,0.011357,0.002290,-0.021817,0.021817,-0.196350,-0.065450,0.065450,0.043633,0.065450,0.087266,0.000000,0.087266,-0.065450,-0.000000,0.000000,0.000000,0.000000,0.000000,0.000000,0.000000,0.000000,0.000000,0.000000,0.000000,0.000000,0.000000,0.000000,0.000000,0.000000,0.000000,0.000000,0.000000,0.000000,0.000000,0.000000,0.000000,0.000000,0.000000
1789149931.688625,0.018175,-0.012541,-0.001305,-0.002872,-0.034387,-0.103867,0.011630,-0.023517,-0.999656,0.000000,0.000000,0.000000,0.022905,-0.009891,0.098248,0.008214,0.058358,-0.001305,-0.017760,0.002742,0.128125,0.035805,0.010784,0.002115,0.000000,0.021817,-0.218166,-0.043633,0.000000,0.043633,0.043633,0.043633,0.109083,0.218166,-0.043633,-0.000000,0.000000,0.000000,0.000000,0.000000,0.000000,0.000000,0.000000,0.000000,0.000000,0.000000,0.000000,0.000000,0.000000,0.000000,0.000000,0.000000,0.000000,0.000000,0.000000,0.000000,0.000000,0.000000,0.000000,0.000000
1789149931.709385,0.019311,-0.008565,-0.001660,0.009778,-0.024001,-0.122110,0.012532,-0.023335,-0.999649,0.000000,0.000000,0.000000,0.022556,-0.009228,0.094935,0.007897,0.057758,-0.001182,-0.017563,0.003994,0.130762,0.040188,0.010891,0.003356,0.000000,0.043633,-0.109083,-0.000000,-0.087266,0.021817,0.000000,0.130900,0.218166,0.065450,0.000000,0.152716,0.000000,0.000000,0.000000,0.000000,0.000000,0.000000,0.000000,0.000000,0.000000,0.000000,0.000000,0.000000,0.000000,0.000000,0.000000,0.000000,0.000000,0.000000,0.000000,0.000000,0.000000,0.000000,0.000000,0.000000
1789149931.728745,0.020220,-0.003057,-0.003859,0.012708,-0.015612,-0.126105,0.013065,-0.022820,-0.999654,0.000000,0.000000,0.000000,0.022556,-0.008372,0.092906,0.007071,0.056506,-0.000549,-0.017389,0.004981,0.135758,0.043397,0.011589,0.004444,0.000000,0.021817,-0.087266,-0.065450,-0.021817,0.021817,0.000000,0.109083,0.239983,0.239983,0.000000,0.043633,0.000000,0.000000,0.000000,0.000000,0.000000,0.000000,0.000000,0.000000,0.000000,0.000000,0.000000,0.000000,0.000000,0.000000,0.000000,0.000000,0.000000,0.000000,0.000000,0.000000,0.000000,0.000000,0.000000,0.000000
1789149931.748633,0.020269,0.000007,-0.005094,-0.006733,-0.047170,-0.114254,0.014216,-0.022169,-0.999653,0.000000,0.000000,0.000000,0.022556,-0.007933,0.090157,0.005967,0.055227,-0.000111,-0.017389,0.006121,0.136374,0.047251,0.011938,0.004648,0.000000,0.065450,-0.239983,-0.043633,-0.021817,-0.000000,0.000000,0.065450,0.021817,0.065450,0.000000,-0.000000,0.000000,0.000000,0.000000,0.000000,0.000000,0.000000,0.000000,0.000000,0.000000,0.000000,0.000000,0.000000,0.000000,0.000000,0.000000,0.000000,0.000000,0.000000,0.000000,0.000000,0.000000,0.000000,0.000000,0.000000
1789149931.768732,0.019214,0.004304,-0.005659,0.010577,-0.046504,-0.091484,0.015617,-0.021012,-0.999657,0.000000,0.000000,0.000000,0.022474,-0.007311,0.086200,0.004928,0.053583,0.000301,-0.017040,0.007310,0.137337,0.048041,0.010847,0.004501,-0.021817,0.043633,-0.130900,-0.087266,-0.087266,0.021817,0.000000,-0.000000,0.000000,0.087266,-0.152716,-0.065450,0.000000,0.000000,0.000000,0.000000,0.000000,0.000000,0.000000,0.000000,0.000000,0.000000,0.000000,0.000000,0.000000,0.000000,0.000000,0.000000,0.000000,0.000000,0.000000,0.000000,0.000000,0.000000,0.000000,0.000000
1789149931.788726,0.018233,0.006860,-0.005405,-0.005402,-0.026264,-0.073907,0.016840,-0.020282,-0.999652,0.000000,0.000000,0.000000,0.022207,-0.007088,0.085478,0.003253,0.052857,0.001024,-0.016167,0.008455,0.137337,0.048805,0.009535,0.003814,0.000000,0.021817,-0.000000,-0.109083,0.000000,0.021817,0.000000,0.021817,0.000000,-0.000000,-0.065450,-0.043633,0.000000,0.000000,0.000000,0.000000,0.000000,0.000000,0.000000,0.000000,0.000000,0.000000,0.000000,0.000000,0.000000,0.000000,0.000000,0.000000,0.000000,0.000000,0.000000,0.000000,0.000000,0.000000,0.000000,0.000000
1789149931.808611,0.016138,0.008733,-0.004267,-0.008198,0.000234,-0.049539,0.017262,-0.019835,-0.999654,0.000000,0.000000,0.000000,0.020704,-0.006981,0.083427,0.000742,0.052334,0.001856,-0.016113,0.008946,0.137337,0.048805,0.008652,0.003686,-0.087266,0.000000,-0.239983,-0.065450,0.000000,0.087266,-0.043633,0.021817,0.000000,-0.000000,-0.021817,-0.000000,0.000000,0.000000,0.000000,0.000000,0.000000,0.000000,0.000000,0.000000,0.000000,0.000000,0.000000,0.000000,0.000000,0.000000,0.000000,0.000000,0.000000,0.000000,0.000000,0.000000,0.000000,0.000000,0.000000,0.000000
1789149931.828726,0.012117,0.010662,-0.003136,-0.029637,0.015814,-0.027967,0.017626,-0.019659,-0.999651,0.000000,0.000000,0.000000,0.018176,-0.006981,0.077326,-0.000608,0.051810,0.002158,-0.016102,0.009055,0.137337,0.048805,0.008289,0.003939,-0.130900,0.000000,-0.239983,-0.043633,0.000000,-0.000000,-0.021817,-0.000000,0.000000,-0.000000,-0.065450,0.065450,0.000000,0.000000,0.000000,0.000000,0.000000,0.000000,0.000000,0.000000,0.000000,0.000000,0.000000,0.000000,0.000000,0.000000,0.000000,0.000000,0.000000,0.000000,0.000000,0.000000,0.000000,0.000000,0.000000,0.000000
1789149931.848835,0.009169,0.011393,-0.003025,-0.016188,0.003829,-0.007195,0.017753,-0.019212,-0.999658,0.000000,0.000000,0.000000,0.016223,-0.007420,0.076576,-0.000938,0.050752,0.002333,-0.016612,0.008704,0.137337,0.048805,0.008622,0.003950,-0.043633,0.000000,-0.000000,-0.021817,-0.065450,-0.000000,-0.021817,-0.021817,0.000000,-0.000000,0.000000,-0.000000,0.000000,0.000000,0.000000,0.000000,0.000000,0.000000,0.000000,0.000000,0.000000,0.000000,0.000000,0.000000,0.000000,0.000000,0.000000,0.000000,0.000000,0.000000,0.000000,0.000000,0.000000,0.000000,0.000000,0.000000
1789149931.868849,0.005907,0.011532,-0.002984,0.034679,0.001699,0.020902,0.017245,-0.017658,-0.999695,0.000000,0.000000,0.000000,0.015313,-0.007944,0.077583,-0.001178,0.050414,0.001651,-0.017130,0.007839,0.137337,0.048980,0.008622,0.003950,-0.065450,0.000000,-0.000000,-0.000000,0.000000,-0.043633,0.000000,-0.087266,0.000000,-0.000000,0.000000,-0.000000,0.000000,0.000000,0.000000,0.000000,0.000000,0.000000,0.000000,0.000000,0.000000,0.000000,0.000000,0.000000,0.000000,0.000000,0.000000,0.000000,0.000000,0.000000,0.000000,0.000000,0.000000,0.000000,0.000000,0.000000
1789149931.888796,0.002049,0.012005,-0.002173,0.049726,-0.001097,0.038345,0.016965,-0.016196,-0.999725,0.000000,0.000000,0.000000,0.014336,-0.008121,0.076227,-0.001702,0.050414,0.000743,-0.016462,0.006860,0.136669,0.048980,0.007964,0.003950,-0.043633,-0.021817,-0.000000,-0.000000,0.000000,-0.043633,0.130900,-0.087266,-0.021817,-0.000000,0.000000,-0.000000,0.000000,0.000000,0.000000,0.000000,0.000000,0.000000,0.000000,0.000000,0.000000,0.000000,0.000000,0.000000,0.000000,0.000000,0.000000,0.000000,0.000000,0.000000,0.000000,0.000000,0.000000,0.000000,0.000000,0.000000
1789149931.908649,-0.001366,0.012134,-0.001114,0.014306,-0.008022,0.042606,0.017270,-0.015757,-0.999727,0.000000,0.000000,0.000000,0.013289,-0.008293,0.076053,-0.001263,0.050414,-0.000026,-0.016104,0.006214,0.135862,0.048980,0.006568,0.003950,-0.065450,0.000000,-0.000000,-0.000000,0.000000,-0.000000,0.021817,-0.021817,-0.021817,-0.000000,0.000000,-0.000000,0.000000,0.000000,0.000000,0.000000,0.000000,0.000000,0.000000,0.000000,0.000000,0.000000,0.000000,0.000000,0.000000,0.000000,0.000000,0.000000,0.000000,0.000000,0.000000,0.000000,0.000000,0.000000,0.000000,0.000000
1789149931.928791,-0.003247,0.011895,-0.000481,-0.000342,-0.000298,0.041408,0.017208,-0.015291,-0.999735,0.000000,0.000000,0.000000,0.011718,-0.008468,0.076516,-0.001088,0.050414,-0.000563,-0.015818,0.005390,0.135632,0.048980,0.005453,0.003686,-0.065450,0.000000,0.065450,-0.000000,0.000000,-0.021817,0.000000,-0.087266,0.000000,-0.000000,-0.021817,-0.000000,0.000000,0.000000,0.000000,0.000000,0.000000,0.000000,0.000000,0.000000,0.000000,0.000000,0.000000,0.000000,0.000000,0.000000,0.000000,0.000000,0.000000,0.000000,0.000000,0.000000,0.000000,0.000000,0.000000,0.000000
1789149931.948824,-0.004635,0.011429,-0.000033,-0.002073,0.008091,0.041941,0.016988,-0.015294,-0.999739,0.000000,0.000000,0.000000,0.009695,-0.008468,0.076885,-0.000914,0.050414,-0.001152,-0.015818,0.004771,0.135281,0.048980,0.004997,0.003686,-0.130900,0.000000,-0.000000,-0.000000,0.000000,-0.021817,0.000000,-0.021817,-0.021817,-0.000000,0.000000,-0.000000,0.000000,0.000000,0.000000,0.000000,0.000000,0.000000,0.000000,0.000000,0.000000,0.000000,0.000000,0.000000,0.000000,0.000000,0.000000,0.000000,0.000000,0.000000,0.000000,0.000000,0.000000,0.000000,0.000000,0.000000
1789149931.968657,-0.005924,0.010344,-0.000068,0.008047,0.021806,0.035283,0.016577,-0.015318,-0.999745,0.000000,0.000000,0.000000,0.008871,-0.008642,0.076249,-0.000750,0.050678,-0.001703,-0.015818,0.004250,0.135109,0.048980,0.004997,0.003686,-0.065450,0.000000,-0.087266,0.021817,0.000000,-0.087266,0.000000,-0.021817,0.000000,-0.000000,0.000000,-0.000000,0.000000,0.000000,0.000000,0.000000,0.000000,0.000000,0.000000,0.000000,0.000000,0.000000,0.000000,0.000000,0.000000,0.000000,0.000000,0.000000,0.000000,0.000000,0.000000,0.000000,0.000000,0.000000,0.000000,0.000000
1789149931.988616,-0.006143,0.009410,-0.000263,-0.021514,0.011952,0.025828,0.016548,-0.015560,-0.999742,0.000000,0.000000,0.000000,0.008348,-0.008642,0.075704,-0.000565,0.051202,-0.001771,-0.015774,0.004209,0.134934,0.048980,0.005305,0.003686,-0.021817,0.000000,-0.000000,-0.000000,0.000000,-0.000000,0.021817,-0.000000,0.000000,-0.000000,0.000000,-0.000000,0.000000,0.000000,0.000000,0.000000,0.000000,0.000000,0.000000,0.000000,0.000000,0.000000,0.000000,0.000000,0.000000,0.000000,0.000000,0.000000,0.000000,0.000000,0.000000,0.000000,0.000000,0.000000,0.000000,0.000000
1789149932.008623,-0.005520,0.007939,-0.000257,-0.001540,-0.007888,0.012380,0.016727,-0.015400,-0.999742,0.000000,0.000000,0.000000,0.007895,-0.008642,0.077656,-0.000216,0.051202,-0.001771,-0.015469,0.004209,0.134934,0.048715,0.005480,0.003686,0.000000,0.000000,0.087266,-0.000000,0.000000,-0.000000,0.000000,-0.000000,0.000000,-0.000000,0.000000,-0.000000,0.000000,0.000000,0.000000,0.000000,0.000000,0.000000,0.000000,0.000000,0.000000,0.000000,0.000000,0.000000,0.000000,0.000000,0.000000,0.000000,0.000000,0.000000,0.000000,0.000000,0.000000,0.000000,0.000000,0.000000
1789149932.028647,-0.004780,0.006971,-0.000127,0.001655,-0.011750,0.002526,0.017158,-0.015514,-0.999732,0.000000,0.000000,0.000000,0.007720,-0.008642,0.076953,-0.000216,0.051202,-0.001771,-0.014951,0.004209,0.134934,0.048715,0.005123,0.003312,0.000000,0.000000,-0.087266,-0.000000,0.000000,-0.000000,0.065450,-0.000000,0.000000,-0.000000,0.043633,-0.065450,0.000000,0.000000,0.000000,0.000000,0.000000,0.000000,0.000000,0.000000,0.000000,0.000000,0.000000,0.000000,0.000000,0.000000,0.000000,0.000000,0.000000,0.000000,0.000000,0.000000,0.000000,0.000000,0.000000,0.000000
1789149932.048636,-0.003759,0.005894,0.000089,0.013507,-0.001231,-0.009991,0.017309,-0.015172,-0.999735,0.000000,0.000000,0.000000,0.007720,-0.008642,0.076751,-0.000139,0.051747,-0.001771,-0.014056,0.004209,0.134760,0.048641,0.004125,0.003181,0.000000,0.000000,-0.000000,0.021817,0.021817,-0.000000,0.021817,-0.000000,0.000000,-0.021817,0.000000,-0.043633,0.000000,0.000000,0.000000,0.000000,0.000000,0.000000,0.000000,0.000000,0.000000,0.000000,0.000000,0.000000,0.000000,0.000000,0.000000,0.000000,0.000000,0.000000,0.000000,0.000000,0.000000,0.000000,0.000000,0.000000
1789149932.068615,-0.002020,0.004163,0.000494,-0.012592,-0.000298,-0.016383,0.017670,-0.015104,-0.999730,0.000000,0.000000,0.000000,0.007720,-0.008356,0.077405,-0.000041,0.051726,-0.001771,-0.013549,0.004209,0.134585,0.048366,0.003956,0.002988,0.000000,0.021817,0.065450,-0.000000,0.000000,-0.000000,0.000000,-0.000000,0.000000,-0.000000,0.065450,-0.000000,0.000000,0.000000,0.000000,0.000000,0.000000,0.000000,0.000000,0.000000,0.000000,0.000000,0.000000,0.000000,0.000000,0.000000,0.000000,0.000000,0.000000,0.000000,0.000000,0.000000,0.000000,0.000000,0.000000,0.000000
1789149932.088632,-0.000984,0.002890,0.000445,-0.017786,-0.005225,-0.015983,0.018057,-0.015086,-0.999723,0.000000,0.000000,0.000000,0.007720,-0.008029,0.077408,-0.000041,0.051726,-0.001507,-0.013549,0.004517,0.134839,0.048366,0.004256,0.002988,0.000000,0.000000,-0.000000,-0.000000,0.000000,-0.000000,0.000000,-0.000000,0.065450,-0.000000,0.130900,-0.000000,0.000000,0.000000,0.000000,0.000000,0.000000,0.000000,0.000000,0.000000,0.000000,0.000000,0.000000,0.000000,0.000000,0.000000,0.000000,0.000000,0.000000,0.000000,0.000000,0.000000,0.000000,0.000000,0.000000,0.000000
1789149932.108603,0.000034,0.001656,0.000005,-0.004203,-0.000432,-0.008659,0.018164,-0.014835,-0.999725,0.000000,0.000000,0.000000,0.007720,-0.007489,0.076443,-0.000041,0.051461,-0.001507,-0.013549,0.004517,0.135384,0.048366,0.004343,0.002988,0.000000,0.065450,-0.043633,-0.000000,0.000000,-0.000000,0.000000,-0.000000,0.021817,-0.000000,0.130900,-0.000000,0.000000,0.000000,0.000000,0.000000,0.000000,0.000000,0.000000,0.000000,0.000000,0.000000,0.000000,0.000000,0.000000,0.000000,0.000000,0.000000,0.000000,0.000000,0.000000,0.000000,0.000000,0.000000,0.000000,0.000000
1789149932.128656,0.001463,-0.000197,-0.000556,-0.016587,0.002365,0.002260,0.018269,-0.014677,-0.999725,0.000000,0.000000,0.000000,0.007720,-0.007448,0.077506,0.000343,0.051112,-0.001245,-0.013375,0.004692,0.135766,0.048366,0.004419,0.002988,0.000000,0.021817,0.109083,0.021817,0.000000,0.065450,0.000000,-0.000000,0.000000,-0.000000,0.152716,-0.000000,0.000000,0.000000,0.000000,0.000000,0.000000,0.000000,0.000000,0.000000,0.000000,0.000000,0.000000,0.000000,0.000000,0.000000,0.000000,0.000000,0.000000,0.000000,0.000000,0.000000,0.000000,0.000000,0.000000,0.000000
1789149932.148594,0.002342,-0.001356,-0.000654,-0.017519,-0.007089,0.013178,0.018703,-0.014670,-0.999717,0.000000,0.000000,0.000000,0.007720,-0.006981,0.078106,0.000043,0.051112,-0.001057,-0.012900,0.004867,0.136020,0.048366,0.004575,0.002813,0.000000,0.000000,-0.000000,-0.000000,0.000000,0.021817,0.109083,-0.000000,0.021817,-0.000000,0.130900,-0.000000,0.000000,0.000000,0.000000,0.000000,0.000000,0.000000,0.000000,0.000000,0.000000,0.000000,0.000000,0.000000,0.000000,0.000000,0.000000,0.000000,0.000000,0.000000,0.000000,0.000000,0.000000,0.000000,0.000000,0.000000
1789149932.168603,0.003009,-0.002460,-0.000899,-0.022313,-0.010951,0.024364,0.019312,-0.014758,-0.999705,0.000000,0.000000,0.000000,0.007720,-0.006632,0.077275,0.000223,0.051112,-0.000983,-0.011796,0.005041,0.136115,0.048191,0.004187,0.002115,0.000000,0.000000,-0.000000,0.065450,0.000000,-0.000000,0.109083,-0.000000,0.000000,-0.000000,0.174533,-0.000000,0.000000,0.000000,0.000000,0.000000,0.000000,0.000000,0.000000,0.000000,0.000000,0.000000,0.000000,0.000000,0.000000,0.000000,0.000000,0.000000,0.000000,0.000000,0.000000,0.000000,0.000000,0.000000,0.000000,0.000000
1789149932.188640,0.004006,-0.003884,-0.000755,-0.018185,-0.013881,0.033285,0.019781,-0.014703,-0.999696,0.000000,0.000000,0.000000,0.007720,-0.006259,0.079263,0.000308,0.051112,-0.000983,-0.011272,0.005041,0.136290,0.047651,0.003724,0.001319,0.000000,0.065450,0.043633,-0.000000,0.000000,-0.000000,0.021817,-0.000000,0.000000,-0.065450,0.043633,-0.021817,0.000000,0.000000,0.000000,0.000000,0.000000,0.000000,0.000000,0.000000,0.000000,0.000000,0.000000,0.000000,0.000000,0.000000,0.000000,0.000000,0.000000,0.000000,0.000000,0.000000,0.000000,0.000000,0.000000,0.000000
1789149932.208616,0.005380,-0.005032,-0.000321,-0.017253,0.004762,0.034084,0.019976,-0.015071,-0.999687,0.000000,0.000000,0.000000,0.007720,-0.006283,0.079115,0.000657,0.051870,-0.000983,-0.010746,0.005041,0.136464,0.047589,0.003718,0.000705,0.000000,0.000000,-0.065450,-0.000000,0.021817,-0.000000,0.021817,-0.000000,0.000000,-0.021817,0.021817,-0.043633,0.000000,0.000000,0.000000,0.000000,0.000000,0.000000,0.000000,0.000000,0.000000,0.000000,0.000000,0.000000,0.000000,0.000000,0.000000,0.000000,0.000000,0.000000,0.000000,0.000000,0.000000,0.000000,0.000000,0.000000
1789149932.228660,0.005979,-0.005754,-0.000341,-0.009130,0.002365,0.024097,0.020305,-0.015362,-0.999676,0.000000,0.000000,0.000000,0.007720,-0.005934,0.078949,0.001181,0.051900,-0.000983,-0.010219,0.005041,0.137135,0.047161,0.003034,0.000719,0.000000,0.000000,0.152716,-0.000000,0.000000,-0.000000,0.021817,-0.000000,0.021817,-0.021817,-0.218166,-0.000000,0.000000,0.000000,0.000000,0.000000,0.000000,0.000000,0.000000,0.000000,0.000000,0.000000,0.000000,0.000000,0.000000,0.000000,0.000000,0.000000,0.000000,0.000000,0.000000,0.000000,0.000000,0.000000,0.000000,0.000000
1789149932.248779,0.006234,-0.006354,-0.000732,-0.006068,0.001166,0.023298,0.020530,-0.015599,-0.999668,0.000000,0.000000,0.000000,0.007720,-0.005708,0.080375,0.001723,0.051900,-0.000983,-0.010498,0.004997,0.137937,0.047144,0.003238,0.000544,0.000000,0.065450,-0.000000,0.021817,0.000000,-0.000000,0.000000,-0.021817,0.065450,-0.000000,-0.152716,-0.000000,0.000000,0.000000,0.000000,0.000000,0.000000,0.000000,0.000000,0.000000,0.000000,0.000000,0.000000,0.000000,0.000000,0.000000,0.000000,0.000000,0.000000,0.000000,0.000000,0.000000,0.000000,0.000000,0.000000,0.000000
1789149932.268756,0.006584,-0.006916,-0.001101,-0.007532,0.008224,0.010249,0.020792,-0.016065,-0.999655,0.000000,0.000000,0.000000,0.007720,-0.005211,0.079552,0.002231,0.051900,-0.000983,-0.010228,0.004733,0.138668,0.047144,0.003050,0.000544,0.000000,0.021817,-0.065450,0.043633,0.000000,-0.000000,0.065450,-0.000000,0.021817,-0.000000,-0.130900,-0.000000,0.000000,0.000000,0.000000,0.000000,0.000000,0.000000,0.000000,0.000000,0.000000,0.000000,0.000000,0.000000,0.000000,0.000000,0.000000,0.000000,0.000000,0.000000,0.000000,0.000000,0.000000,0.000000,0.000000,0.000000
1789149932.288862,0.006676,-0.007055,-0.001267,-0.009663,-0.007755,-0.002002,0.021380,-0.016450,-0.999636,0.000000,0.000000,0.000000,0.007720,-0.004505,0.079882,0.002612,0.051900,-0.000983,-0.010124,0.004733,0.139461,0.047144,0.003045,0.000198,0.000000,0.065450,0.109083,0.087266,0.000000,-0.000000,0.021817,-0.000000,0.065450,-0.000000,-0.065450,-0.087266,0.000000,0.000000,0.000000,0.000000,0.000000,0.000000,0.000000,0.000000,0.000000,0.000000,0.000000,0.000000,0.000000,0.000000,0.000000,0.000000,0.000000,0.000000,0.000000,0.000000,0.000000,0.000000,0.000000,0.000000
1789149932.308768,0.006677,-0.006886,-0.001195,0.003253,-0.012283,-0.010524,0.021939,-0.016470,-0.999624,0.000000,0.000000,0.000000,0.007720,-0.003638,0.081338,0.002577,0.051900,-0.000983,-0.009821,0.004733,0.139780,0.047144,0.002892,-0.000160,0.000000,0.065450,0.021817,-0.000000,0.000000,-0.000000,0.021817,-0.000000,0.000000,-0.000000,-0.021817,-0.065450,0.000000,0.000000,0.000000,0.000000,0.000000,0.000000,0.000000,0.000000,0.000000,0.000000,0.000000,0.000000,0.000000,0.000000,0.000000,0.000000,0.000000,0.000000,0.000000,0.000000,0.000000,0.000000,0.000000,0.000000
1789149932.328798,0.006558,-0.006679,-0.001057,-0.001673,-0.003228,-0.019445,0.022427,-0.016740,-0.999608,0.000000,0.000000,0.000000,0.007633,-0.002923,0.079759,0.002751,0.051636,-0.000983,-0.009249,0.004733,0.139780,0.047144,0.002554,-0.000503,-0.021817,0.065450,-0.130900,-0.000000,0.000000,-0.000000,0.109083,-0.000000,0.000000,-0.000000,0.000000,-0.000000,0.000000,0.000000,0.000000,0.000000,0.000000,0.000000,0.000000,0.000000,0.000000,0.000000,0.000000,0.000000,0.000000,0.000000,0.000000,0.000000,0.000000,0.000000,0.000000,0.000000,0.000000,0.000000,0.000000,0.000000
1789149932.348630,0.005938,-0.005715,-0.000503,-0.002339,0.002498,-0.028367,0.022821,-0.016892,-0.999597,0.000000,0.000000,0.000000,0.007546,-0.002277,0.079543,0.002751,0.051461,-0.000983,-0.009011,0.004733,0.139780,0.047144,0.002205,-0.000678,0.000000,0.021817,-0.000000,-0.000000,0.000000,-0.000000,0.000000,-0.000000,0.000000,-0.000000,0.000000,-0.000000,0.000000,0.000000,0.000000,0.000000,0.000000,0.000000,0.000000,0.000000,0.000000,0.000000,0.000000,0.000000,0.000000,0.000000,0.000000,0.000000,0.000000,0.000000,0.000000,0.000000,0.000000,0.000000,0.000000,0.000000
1789149932.368805,0.004935,-0.004690,-0.000426,0.000457,0.004229,-0.025437,0.022908,-0.016786,-0.999597,0.000000,0.000000,0.000000,0.007333,-0.001920,0.079543,0.002468,0.051038,-0.000809,-0.009093,0.004733,0.139922,0.047144,0.002559,-0.000678,-0.021817,0.000000,-0.000000,-0.021817,-0.021817,-0.000000,0.109083,-0.000000,0.021817,-0.000000,0.065450,-0.000000,0.000000,0.000000,0.000000,0.000000,0.000000,0.000000,0.000000,0.000000,0.000000,0.000000,0.000000,0.000000,0.000000,0.000000,0.000000,0.000000,0.000000,0.000000,0.000000,0.000000,0.000000,0.000000,0.000000,0.000000
1789149932.388906,0.004024,-0.004000,-0.000805,0.014572,0.007824,-0.021443,0.022769,-0.016414,-0.999606,0.000000,0.000000,0.000000,0.007371,-0.001571,0.078693,0.002312,0.050490,-0.000634,-0.008987,0.004558,0.140972,0.047144,0.002554,-0.000238,0.000000,0.000000,-0.021817,-0.000000,-0.065450,-0.000000,0.065450,-0.000000,0.021817,-0.000000,0.000000,-0.000000,0.000000,0.000000,0.000000,0.000000,0.000000,0.000000,0.000000,0.000000,0.000000,0.000000,0.000000,0.000000,0.000000,0.000000,0.000000,0.000000,0.000000,0.000000,0.000000,0.000000,0.000000,0.000000,0.000000,0.000000
1789149932.408690,0.003299,-0.003100,-0.001023,0.006316,-0.004826,-0.014119,0.022890,-0.016119,-0.999608,0.000000,0.000000,0.000000,0.007371,-0.001388,0.078671,0.001963,0.049890,-0.000634,-0.009150,0.004384,0.141700,0.047409,0.002728,0.000110,0.000000,0.021817,-0.000000,-0.000000,0.000000,-0.000000,0.021817,-0.000000,0.000000,-0.000000,0.000000,-0.000000,0.000000,0.000000,0.000000,0.000000,0.000000,0.000000,0.000000,0.000000,0.000000,0.000000,0.000000,0.000000,0.000000,0.000000,0.000000,0.000000,0.000000,0.000000,0.000000,0.000000,0.000000,0.000000,0.000000,0.000000
1789149932.428683,0.002578,-0.002280,-0.001193,-0.003271,-0.001497,-0.006129,0.022954,-0.015847,-0.999611,0.000000,0.000000,0.000000,0.007371,-0.001396,0.078671,0.001440,0.049367,-0.000634,-0.009145,0.004384,0.142046,0.047583,0.002728,0.000110,0.000000,0.000000,-0.000000,-0.000000,0.000000,-0.000000,0.021817,-0.000000,0.021817,-0.000000,0.000000,-0.000000,0.000000,0.000000,0.000000,0.000000,0.000000,0.000000,0.000000,0.000000,0.000000,0.000000,0.000000,0.000000,0.000000,0.000000,0.000000,0.000000,0.000000,0.000000,0.000000,0.000000,0.000000,0.000000,0.000000,0.000000
1789149932.450040,0.001659,-0.001245,-0.001163,-0.009663,-0.007489,-0.003200,0.023300,-0.015772,-0.999604,0.005307,0.000000,0.000000,0.007197,-0.001396,0.078147,0.001091,0.049192,-0.000634,-0.009399,0.004384,0.142049,0.047583,0.002044,-0.000356,0.000000,0.000000,-0.000000,-0.000000,0.000000,-0.000000,-0.065450,-0.000000,0.000000,-0.000000,-0.152716,-0.021817,0.000000,0.000000,0.000000,0.000000,0.000000,0.000000,0.000000,0.000000,0.000000,0.000000,0.000000,0.000000,-0.190862,-0.445029,-0.267503,-0.526140,0.548815,-0.168154,0.159039,0.089000,-0.371493,0.601412,-0.767691,0.402151
1789149932.469761,0.001120,-0.000606,-0.000710,-0.000209,-0.004559,0.000129,0.023516,-0.015516,-0.999603,0.017485,0.000000,0.000000,0.007022,-0.001396,0.078455,0.000742,0.049018,-0.000634,-0.009407,0.004946,0.142049,0.047583,0.001493,0.005870,0.000000,0.000000,-0.000000,-0.043633,0.000000,-0.000000,-0.065450,0.196350,0.000000,-0.000000,-0.087266,1.876229,-0.190862,-0.445029,-0.267503,-0.526140,0.548815,-0.168154,0.159039,0.089000,-0.371493,0.601412,-0.767691,0.402151,0.041685,-0.837064,-0.518287,-0.329635,0.823467,-0.215815,0.505069,-0.069758,-0.157514,0.480057,-1.124886,0.452965
1789149932.490207,0.000398,0.000017,-0.000035,-0.130437,0.003297,0.030223,0.022775,-0.018288,-0.999573,0.058474,0.000000,0.000000,-0.006894,-0.032098,0.075676,-0.038973,0.078377,-0.015587,-0.007511,0.003473,0.128987,0.105400,-0.008597,0.064099,-0.479966,-1.156281,-0.130900,-1.418080,0.632682,-0.894481,0.152716,0.043633,-1.025381,3.141593,-0.850848,1.832596,0.041685,-0.837064,-0.518287,-0.329635,0.823467,-0.215815,0.505069,-0.069758,-0.157514,0.480057,-1.124886,0.452965,0.161089,-0.826273,-0.331686,-0.233754,0.703529,-0.136406,0.215682,-0.062496,-0.515443,0.497461,-1.038247,0.328088
1789149932.509623,0.000468,0.004924,0.000311,0.549335,0.162288,0.252463,0.013552,-0.007923,-0.999877,0.088040,0.000000,0.000000,-0.000106,-0.080713,0.079691,-0.052524,0.111874,-0.027523,0.002682,-0.004163,0.117958,0.117473,-0.008510,0.087917,0.392699,-2.072579,0.698132,-0.698132,0.981748,-0.218166,0.567232,-0.458149,-0.785398,-0.021817,0.109083,0.021817,0.161089,-0.826273,-0.331686,-0.233754,0.703529,-0.136406,0.215682,-0.062496,-0.515443,0.497461,-1.038247,0.328088,0.334946,-0.902265,-0.490989,-0.357167,0.835004,-0.155346,0.439433,0.163157,-0.303092,0.445756,-1.310295,0.339041
1789149932.529322,0.001087,0.013632,0.000804,1.218853,0.294247,0.375901,-0.002981,0.013407,-0.999906,0.115998,0.000000,0.000000,0.011470,-0.102192,0.108830,-0.056053,0.129123,-0.027163,0.009833,-0.006369,0.094126,0.130702,-0.014550,0.081817,0.479966,-0.654499,1.701696,-0.589049,1.112648,0.021817,0.872665,0.676315,-1.069014,0.501782,-0.218166,0.741765,0.334946,-0.902265,-0.490989,-0.357167,0.835004,-0.155346,0.439433,0.163157,-0.303092,0.445756,-1.310295,0.339041,0.560847,-1.006789,-0.726804,-0.096030,0.933458,-0.178209,0.360670,0.107477,-0.305414,0.140052,-1.335201,0.505125
1789149932.549225,0.001748,0.024853,0.001178,0.592078,0.355633,0.576970,-0.014969,0.021095,-0.999665,0.142715,0.000000,0.000000,0.030723,-0.115290,0.131486,-0.066124,0.159061,-0.025764,0.027821,0.004717,0.071353,0.132455,-0.014079,0.097216,0.807215,-0.807215,0.829031,-0.196350,1.483530,0.239983,0.589049,0.196350,-1.570796,0.196350,0.152716,1.985312,0.560847,-1.006789,-0.726804,-0.096030,0.933458,-0.178209,0.360670,0.107477,-0.305414,0.140052,-1.335201,0.505125,0.733643,-0.982609,-1.018080,0.241917,0.889602,-0.094697,0.325297,0.101479,-0.242361,-0.074566,-1.399952,0.471119
1789149932.569173,0.003814,0.037817,0.001988,0.365177,0.298508,0.736493,-0.023627,0.025331,-0.999400,0.164355,0.000000,0.000000,0.055054,-0.131906,0.144260,-0.052303,0.189353,-0.022756,0.039449,0.007495,0.049269,0.123936,-0.008515,0.114102,0.698132,-0.741765,0.610865,0.698132,1.090831,0.305433,0.741765,0.021817,-0.545416,-1.047198,0.305433,0.174533,0.733643,-0.982609,-1.018080,0.241917,0.889602,-0.094697,0.325297,0.101479,-0.242361,-0.074566,-1.399952,0.471119,0.780641,-0.947564,-1.145403,0.418607,0.891061,-0.095579,0.302319,0.137248,-0.251424,-0.085520,-1.546548,0.509354
1789149932.589153,0.008485,0.056742,0.004839,0.088208,0.313821,0.863659,-0.030020,0.024288,-0.999254,0.183056,0.000000,0.000000,0.068744,-0.143262,0.160636,-0.020061,0.204382,-0.013241,0.052192,0.013735,0.033757,0.115231,-0.003522,0.117683,0.239983,-0.763582,0.959931,1.396264,1.134464,0.305433,0.698132,0.458149,-0.959931,-0.087266,0.174533,0.458149,0.780641,-0.947564,-1.145403,0.418607,0.891061,-0.095579,0.302319,0.137248,-0.251424,-0.085520,-1.546548,0.509354,0.811872,-0.926770,-1.147122,0.417556,0.854558,-0.050485,0.361189,0.119102,-0.384543,-0.065199,-1.658998,0.480776
1789149932.609149,0.012463,0.068974,0.007457,0.302992,0.089317,0.951410,-0.034247,0.029253,-0.998985,0.198203,0.000000,0.000000,0.076653,-0.155182,0.184402,0.014582,0.224772,-0.010752,0.064363,0.017883,0.018794,0.114132,-0.001676,0.120034,0.218166,-0.589049,1.199914,1.418080,1.025381,0.021817,0.632682,0.196350,-0.676315,-0.043633,0.000000,-0.130900,0.811872,-0.926770,-1.147122,0.417556,0.854558,-0.050485,0.361189,0.119102,-0.384543,-0.065199,-1.658998,0.480776,0.779828,-0.802129,-0.986110,0.224630,0.821389,-0.049271,0.332287,0.141258,-0.496602,0.049686,-1.659945,0.374961
1789149932.629332,0.016268,0.080227,0.009351,0.435351,-0.035053,0.941956,-0.036638,0.037347,-0.998630,0.211090,0.000000,0.000000,0.082450,-0.166360,0.205046,0.042924,0.239169,-0.012350,0.080030,0.021074,0.003977,0.119251,-0.010599,0.113641,0.218166,-0.545416,0.916298,1.178097,0.610866,-0.283616,0.654499,0.283616,-0.632682,0.458149,-0.567232,-1.243547,0.779828,-0.802129,-0.986110,0.224630,0.821389,-0.049271,0.332287,0.141258,-0.496602,0.049686,-1.659945,0.374961,0.701122,-0.551050,-0.529020,-0.342423,0.631594,-0.141342,0.232792,0.112840,-0.787562,0.600640,-1.365792,0.041179
1789149932.649467,0.019324,0.090938,0.010083,0.306587,-0.114681,0.830769,-0.036230,0.043341,-0.998403,0.225105,0.000000,0.000000,0.085246,-0.168274,0.221668,0.049436,0.243911,-0.018019,0.091299,0.020389,-0.000678,0.126641,-0.025418,0.097413,0.152716,-0.327249,0.850848,0.327249,0.021817,-0.305433,0.610865,-0.130900,0.000000,0.109083,-0.719948,-1.614430,0.701122,-0.551050,-0.529020,-0.342423,0.631594,-0.141342,0.232792,0.112840,-0.787562,0.600640,-1.365792,0.041179,0.472921,-0.259463,-0.045066,-0.971048,0.749152,-0.385566,0.206112,0.329788,-0.573624,0.972779,-1.062586,-0.398359
1789149932.669925,0.021562,0.096954,0.010896,-0.201810,-0.311489,0.634627,-0.028677,0.042792,-0.998672,0.244106,0.000000,0.000000,0.085788,-0.160142,0.233143,0.015040,0.231211,-0.030174,0.092111,0.022909,0.005464,0.153342,-0.038437,0.059471,0.174533,0.130900,0.479966,-1.199914,-0.916298,-0.436332,0.218166,0.981748,0.567232,0.501782,-0.610865,-1.352630,0.472921,-0.259463,-0.045066,-0.971048,0.749152,-0.385566,0.206112,0.329788,-0.573624,0.972779,-1.062586,-0.398359,0.040715,0.044431,0.338393,-1.332823,0.814885,-0.520051,0.095170,0.327664,-0.402209,0.959242,-0.996968,-0.753469
1789149932.689546,0.023264,0.097896,0.010484,-0.648023,-0.769286,0.407193,-0.008766,0.039127,-0.999196,0.271092,0.000000,0.000000,0.072199,-0.145315,0.236539,-0.034571,0.222083,-0.059272,0.091430,0.031071,0.023583,0.202588,-0.055503,0.018960,-0.567232,0.436332,-0.021817,-2.094396,-0.632682,-1.461713,0.000000,0.436332,0.938115,2.312562,-1.069014,-2.159845,0.040715,0.044431,0.338393,-1.332823,0.814885,-0.520051,0.095170,0.327664,-0.402209,0.959242,-0.996968,-0.753469,-0.480292,0.319031,0.601900,-1.465646,0.741151,-0.525650,-0.055887,0.185683,-0.467065,0.759244,-1.079279,-0.834680
1789149932.709539,0.026399,0.096979,0.007877,-0.746160,-1.083939,0.044471,0.017903,0.036524,-0.999172,0.325950,0.000000,0.000000,0.033884,-0.115745,0.217359,-0.068155,0.207349,-0.088522,0.082681,0.038178,0.055822,0.224991,-0.081263,-0.023910,-1.483530,1.134464,-1.047198,-1.701697,-0.785398,-1.090831,-0.152716,-0.109083,1.941679,0.959931,-1.396264,-2.312562,-0.480292,0.319031,0.601900,-1.465646,0.741151,-0.525650,-0.055887,0.185683,-0.467065,0.759244,-1.079279,-0.834680,-1.075126,0.506254,0.592377,-1.662039,0.915426,-0.545919,0.082163,0.107221,-0.546931,0.981256,-1.249552,-0.822196
1789149932.729574,0.034920,0.091043,0.000333,-0.512601,-1.132541,-0.066716,0.043516,0.037606,-0.998345,0.385002,0.000000,0.000000,-0.019469,-0.082614,0.209470,-0.111377,0.184417,-0.108689,0.070265,0.038513,0.098632,0.217832,-0.117988,-0.068955,-1.985312,1.134464,-0.458149,-2.574361,-1.134464,-0.785398,-0.545415,-0.283616,2.094395,-0.174533,-1.810779,-2.268928,-1.075126,0.506254,0.592377,-1.662039,0.915426,-0.545919,0.082163,0.107221,-0.546931,0.981256,-1.249552,-0.822196,-1.503408,0.548018,0.575224,-1.889548,1.167983,-0.471535,0.362472,0.149605,-0.579119,1.080962,-1.384732,-0.814685
1789149932.749525,0.040888,0.085558,-0.003939,-1.064807,-0.838661,-0.283498,0.068517,0.027087,-0.997282,0.447391,0.000000,0.000000,-0.083781,-0.077193,0.191433,-0.164328,0.177258,-0.126246,0.066278,0.039697,0.116038,0.239951,-0.141259,-0.113980,-2.530728,-0.261799,-1.047198,-2.312562,-0.087267,-0.567232,-0.479966,0.261799,0.087267,0.501782,-0.981748,-2.116212,-1.503408,0.548018,0.575224,-1.889548,1.167983,-0.471535,0.362472,0.149605,-0.579119,1.080962,-1.384732,-0.814685,-1.645057,0.436212,0.563165,-1.822380,1.182651,-0.490928,0.361688,-0.001857,-0.675852,0.930401,-1.416336,-0.756011
1789149932.769333,0.049137,0.075983,-0.006053,-0.730714,-0.567818,-0.250874,0.083987,0.019842,-0.996269,0.499036,0.000000,0.000000,-0.154778,-0.071610,0.166254,-0.223667,0.206125,-0.126091,0.075948,0.042157,0.110420,0.258332,-0.164278,-0.141834,-3.141593,1.090831,-1.287180,-3.643376,2.050762,0.283616,-0.065450,-0.632682,-0.872665,0.523599,-1.505347,-0.719949,-1.645057,0.436212,0.563165,-1.822380,1.182651,-0.490928,0.361688,-0.001857,-0.675852,0.930401,-1.416336,-0.756011,-1.289313,0.086516,0.473667,-1.621532,1.035294,-0.458695,0.544872,-0.051514,-0.552907,0.536658,-1.629441,-0.410827
1789149932.789410,0.054353,0.071826,-0.005961,-0.356140,-0.767555,-0.226639,0.101271,0.021206,-0.994633,0.540869,0.000000,0.000000,-0.217863,-0.033437,0.143750,-0.279130,0.244983,-0.121378,0.077903,0.028829,0.082493,0.250810,-0.186013,-0.150746,-2.552544,1.505347,-1.025381,-2.617994,1.767146,0.218166,-0.109083,-1.221731,-1.243547,-0.109083,-1.221731,1.505346,-1.289313,0.086516,0.473667,-1.621532,1.035294,-0.458695,0.544872,-0.051514,-0.552907,0.536658,-1.629441,-0.410827,-0.964743,-0.070168,0.429424,-1.198378,0.923995,-0.451082,0.337769,-0.074044,-0.328018,0.275337,-1.623138,-0.276322
1789149932.809371,0.058313,0.070117,-0.006307,0.180886,-0.440119,-0.229702,0.106856,0.029280,-0.993843,0.574754,0.000000,0.000000,-0.240796,-0.032092,0.126935,-0.322570,0.262210,-0.118888,0.091730,0.005311,0.046048,0.227947,-0.219447,-0.111678,-1.025381,0.043633,-0.719948,-2.116212,1.069014,0.174533,0.349066,-0.916298,-1.898046,-1.767146,-1.679880,2.116212,-0.964743,-0.070168,0.429424,-1.198378,0.923995,-0.451082,0.337769,-0.074044,-0.328018,0.275337,-1.623138,-0.276322,-0.677196,-0.242123,0.317760,-0.819670,0.740981,-0.401764,0.065339,0.035572,-0.118648,0.003354,-1.675219,-0.259379
1789149932.829369,0.059157,0.070184,-0.005464,1.031766,0.142980,-0.195480,0.093389,0.048533,-0.994446,0.602200,0.000000,0.000000,-0.230427,-0.034317,0.124690,-0.333437,0.264664,-0.116142,0.093914,-0.005183,0.039757,0.235059,-0.240216,-0.083589,0.763581,0.065450,0.349066,-0.436333,0.196350,0.021817,0.676315,-0.043633,0.130900,1.723513,-0.698132,0.894481,-0.677196,-0.242123,0.317760,-0.819670,0.740981,-0.401764,0.065339,0.035572,-0.118648,0.003354,-1.675219,-0.259379,-0.231189,-0.636598,0.110567,-0.418492,0.655792,-0.450868,-0.172312,-0.212288,-0.530253,-0.328545,-1.550477,0.075347
1789149932.849416,0.057321,0.071915,-0.002826,1.285432,0.176003,-0.177371,0.078678,0.069375,-0.994483,0.624432,0.000000,0.000000,-0.199799,-0.041312,0.142182,-0.309379,0.257544,-0.112856,0.086412,-0.005409,0.023907,0.251691,-0.249663,-0.063259,1.199914,-0.065450,0.785398,1.570796,-0.152716,0.130900,-0.109083,-0.938115,-0.479966,0.087266,-0.239983,2.617994,-0.231189,-0.636598,0.110567,-0.418492,0.655792,-0.450868,-0.172312,-0.212288,-0.530253,-0.328545,-1.550477,0.075347,0.128130,-0.888211,-0.110837,0.025185,0.742757,-0.591751,-0.459694,-0.241085,-0.491803,-0.523581,-1.294776,0.112909
1789149932.869515,0.047920,0.070073,-0.002917,0.829100,0.379335,-0.213590,0.067700,0.079611,-0.994524,0.642439,0.000000,0.000000,-0.153854,-0.062499,0.157843,-0.254720,0.258746,-0.111457,0.077012,-0.022115,0.015390,0.266303,-0.244522,-0.006227,1.854412,-0.807215,0.567232,2.596178,0.218166,0.021817,-0.458149,-1.025381,-0.283616,1.243547,0.632682,1.701696,0.128130,-0.888211,-0.110837,0.025185,0.742757,-0.591751,-0.459694,-0.241085,-0.491803,-0.523581,-1.294776,0.112909,0.333527,-1.031514,-0.117501,0.255184,0.548384,-0.538997,-0.435567,-0.404837,-0.604023,-0.617759,-1.174707,0.169809
1789149932.889968,0.038513,0.065264,-0.006070,0.438947,0.358563,-0.180833,0.058161,0.084194,-0.994751,0.658197,0.000000,0.000000,-0.104485,-0.084100,0.171165,-0.177462,0.261192,-0.120745,0.069100,-0.042508,0.013127,0.285003,-0.218781,0.017097,1.898046,-0.763582,0.545415,3.556109,-0.065450,-0.239983,-0.305433,-1.614430,0.261799,0.632682,1.505347,1.090831,0.333527,-1.031514,-0.117501,0.255184,0.548384,-0.538997,-0.435567,-0.404837,-0.604023,-0.617759,-1.174707,0.169809,0.434292,-1.054629,-0.104262,0.367951,0.449314,-0.548837,-0.493854,-0.421068,-0.620487,-0.621019,-1.082640,0.142258
1789149932.909393,0.025791,0.057053,-0.012003,0.288212,0.296111,-0.135426,0.050771,0.086581,-0.994950,0.671578,0.000000,0.000000,-0.070211,-0.083405,0.178711,-0.106885,0.256246,-0.122957,0.056605,-0.067472,0.026176,0.293399,-0.194314,0.031725,1.243547,0.545415,0.152716,3.272493,-0.283616,-0.239983,-0.610865,-1.178097,0.676315,0.239983,1.090831,0.065450,0.434292,-1.054629,-0.104262,0.367951,0.449314,-0.548837,-0.493854,-0.421068,-0.620487,-0.621019,-1.082640,0.142258,0.502945,-1.060833,-0.168657,0.363831,0.252645,-0.556159,-0.561941,-0.487795,-0.705496,-0.544543,-1.015268,0.148309
1789149932.929315,0.005558,0.042864,-0.021933,-0.026441,0.265086,-0.140486,0.046546,0.083572,-0.995414,0.682972,0.000000,0.000000,-0.046519,-0.073642,0.174718,-0.041607,0.245577,-0.126273,0.042800,-0.087625,0.038949,0.295423,-0.171270,0.031720,0.850848,0.261799,-0.370883,2.530728,-0.479966,-0.152716,-0.807215,-1.178097,0.523599,0.021817,1.308997,0.239983,0.502945,-1.060833,-0.168657,0.363831,0.252645,-0.556159,-0.561941,-0.487795,-0.705496,-0.544543,-1.015268,0.148309,0.503140,-0.993358,-0.193766,0.352362,0.114036,-0.614528,-0.591211,-0.550708,-0.739803,-0.383581,-0.967280,0.058320
1789149932.949628,0.005558,0.042864,-0.021933,-0.136696,0.213553,-0.193350,0.044425,0.079123,-0.995874,0.682972,0.000000,0.000000,-0.040841,-0.078019,0.169452,0.001211,0.233289,-0.128657,0.027272,-0.103829,0.046823,0.292876,-0.150550,0.031177,0.000000,-0.436332,-0.152716,1.941679,-0.719948,-0.065450,-0.763582,-0.916298,0.152716,-0.283616,0.479966,-0.829032,0.503140,-0.993358,-0.193766,0.352362,0.114036,-0.614528,-0.591211,-0.550708,-0.739803,-0.383581,-0.967280,0.058320,0.324327,-0.835362,-0.154220,0.259816,-0.091420,-0.644825,-0.482181,-0.654202,-0.893305,0.035566,-0.890759,-0.127310
1789149932.969470,-0.023688,0.020864,-0.028466,-0.082234,0.101301,-0.202937,0.043576,0.076840,-0.996091,0.701347,0.000000,0.000000,-0.044416,-0.081810,0.168553,0.026946,0.218233,-0.134621,0.012282,-0.121086,0.048039,0.285796,-0.143836,0.013318,-0.130900,-0.021817,-0.087266,0.938115,-0.829032,-0.239983,-0.632682,-1.221731,0.065450,-0.196350,0.392699,-1.985312,0.324327,-0.835362,-0.154220,0.259816,-0.091420,-0.644825,-0.482181,-0.654202,-0.893305,0.035566,-0.890759,-0.127310,0.000023,-0.459628,-0.146037,-0.042862,-0.213132,-0.522657,-0.174002,-0.660759,-0.951413,0.542927,-0.808953,-0.562750
1789149932.989369,-0.046890,0.005165,-0.026778,-0.052540,-0.011484,-0.230767,0.045060,0.076057,-0.996085,0.708257,0.000000,0.000000,-0.045635,-0.080623,0.159630,0.034356,0.195573,-0.143636,-0.003415,-0.137885,0.050049,0.276104,-0.142213,-0.016710,-0.065450,0.021817,-0.589049,0.130900,-1.308997,-0.458149,-0.719948,-0.850848,0.283616,-0.741765,-0.130900,-2.225295,0.000023,-0.459628,-0.146037,-0.042862,-0.213132,-0.522657,-0.174002,-0.660759,-0.951413,0.542927,-0.808953,-0.562750,-0.512190,-0.106815,-0.070444,-0.520496,0.052029,-0.497349,0.242081,-0.507853,-0.804290,0.878268,-0.951675,-1.065870
1789149933.009418,-0.064188,-0.005276,-0.023223,-0.301013,-0.157558,-0.271513,0.051606,0.071656,-0.996093,0.713236,0.000000,0.000000,-0.064561,-0.064272,0.141020,0.015727,0.163140,-0.146955,-0.008755,-0.140795,0.062438,0.259932,-0.155461,-0.075511,-0.763582,0.392699,-1.178097,-0.981748,-1.658063,-0.589049,-0.763582,0.741765,0.698132,-1.025381,-0.632682,-1.941679,-0.512190,-0.106815,-0.070444,-0.520496,0.052029,-0.497349,0.242081,-0.507853,-0.804290,0.878268,-0.951675,-1.065870,-1.032029,0.124858,0.047480,-0.995711,0.422395,-0.544217,0.479946,-0.439792,-0.752916,1.006249,-1.176667,-1.355566
1789149933.029258,-0.090482,-0.022177,-0.016361,-0.891702,-0.484994,-0.272312,0.068320,0.060124,-0.995850,0.717887,0.000000,0.000000,-0.102601,-0.040110,0.114052,-0.029033,0.128722,-0.146110,0.003915,-0.138079,0.074467,0.254061,-0.174785,-0.119993,-1.352630,0.872665,-1.156281,-1.919863,-1.439897,0.109083,-0.109083,0.632682,0.676315,-0.610865,-1.723513,-2.443461,-1.032029,0.124858,0.047480,-0.995711,0.422395,-0.544217,0.479946,-0.439792,-0.752916,1.006249,-1.176667,-1.355566,-1.354879,0.243073,0.207165,-1.360369,0.699873,-0.592388,0.543801,-0.390014,-0.813960,0.935532,-1.318624,-1.488838
1789149933.049367,-0.105558,-0.033179,-0.011767,-0.705281,-0.714026,-0.238357,0.085615,0.054273,-0.994849,0.721654,0.000000,0.000000,-0.156142,-0.019823,0.094174,-0.083866,0.117557,-0.147435,0.002592,-0.134730,0.082501,0.259098,-0.212776,-0.173258,-2.094396,0.654499,-0.698132,-2.159845,-0.763582,-0.392699,-0.043633,0.370883,0.043633,-0.130900,-2.487094,-2.879794,-1.354879,0.243073,0.207165,-1.360369,0.699873,-0.592388,0.543801,-0.390014,-0.813960,0.935532,-1.318624,-1.488838,-1.526658,0.309351,0.351447,-1.682194,0.949453,-0.573747,0.590028,-0.291265,-0.876440,0.835968,-1.417173,-1.406779
1789149933.069370,-0.121707,-0.043555,-0.002655,-0.553614,-0.573943,-0.108794,0.094157,0.049178,-0.994342,0.724705,0.000000,0.000000,-0.205365,-0.007137,0.083157,-0.136234,0.121503,-0.162249,-0.001422,-0.125700,0.079610,0.248926,-0.255875,-0.228059,-1.810779,0.370883,-0.501782,-2.138029,-0.021817,-0.654499,0.000000,0.938115,-0.698132,-0.436332,-2.159845,-2.508911,-1.526658,0.309351,0.351447,-1.682194,0.949453,-0.573747,0.590028,-0.291265,-0.876440,0.835968,-1.417173,-1.406779,-1.469192,0.233716,0.376050,-1.868414,1.079594,-0.610940,0.498229,-0.224947,-0.916432,0.638646,-1.498073,-1.233996
1789149933.089261,-0.126603,-0.044325,0.007030,-0.531243,-0.420279,0.021301,0.102736,0.041156,-0.993857,0.727176,0.000000,0.000000,-0.250558,-0.000507,0.074632,-0.159875,0.155685,-0.169508,0.001068,-0.109371,0.041638,0.229490,-0.291528,-0.270066,-2.268928,0.109083,-0.349066,-0.850848,2.312562,-0.043633,0.327249,1.090831,-2.661627,-0.719949,-1.505347,-0.589049,-1.469192,0.233716,0.376050,-1.868414,1.079594,-0.610940,0.498229,-0.224947,-0.916432,0.638646,-1.498073,-1.233996,-1.122087,-0.037795,0.320674,-1.680726,1.017692,-0.702524,0.248423,-0.256124,-0.747447,0.294904,-1.697639,-0.767297
1789149933.109282,-0.125784,-0.036732,0.023603,-0.378777,-0.345444,0.010116,0.111884,0.036913,-0.993035,0.729178,0.000000,0.000000,-0.280908,-0.002790,0.063516,-0.192363,0.205304,-0.170659,0.008935,-0.096144,-0.019290,0.200223,-0.322814,-0.275714,-1.243547,-0.239983,-0.610865,-2.596178,2.094396,0.305433,0.414516,0.436332,-2.879794,-0.785398,-1.265364,1.788962,-1.122087,-0.037795,0.320674,-1.680726,1.017692,-0.702524,0.248423,-0.256124,-0.747447,0.294904,-1.697639,-0.767297,-0.763328,-0.085969,0.276055,-1.244725,0.883272,-0.709054,-0.055142,-0.190473,-0.324479,-0.094794,-1.733238,-0.490898
1789149933.129213,-0.121821,-0.025950,0.035915,0.297666,0.042445,-0.060857,0.108366,0.041847,-0.993230,0.730800,0.000000,0.000000,-0.278162,-0.021868,0.055060,-0.252113,0.223818,-0.171987,0.015606,-0.083243,-0.053144,0.170994,-0.360404,-0.207417,0.021817,-0.523599,-0.174533,-2.574361,0.545416,0.261799,0.850848,1.330814,-0.850848,-1.745329,-1.548980,4.123340,-0.763328,-0.085969,0.276055,-1.244725,0.883272,-0.709054,-0.055142,-0.190473,-0.324479,-0.094794,-1.733238,-0.490898,-0.417792,-0.243559,0.019806,-0.701818,0.865312,-0.793822,-0.477335,0.017332,-0.131795,-0.522888,-1.690576,-0.277885
1789149933.149267,-0.117412,-0.011915,0.047970,1.260665,0.346179,-0.056596,0.091007,0.061684,-0.993938,0.732113,0.000000,0.000000,-0.250237,-0.026968,0.061286,-0.276886,0.226886,-0.173269,0.012505,-0.059056,-0.058789,0.161553,-0.380598,-0.141518,1.134464,0.000000,0.632682,-1.658063,0.370883,-0.087266,0.589049,2.028945,-0.545415,0.043633,-0.763582,3.687008,-0.417792,-0.243559,0.019806,-0.701818,0.865312,-0.793822,-0.477335,0.017332,-0.131795,-0.522888,-1.690576,-0.277885,0.086321,-0.667313,-0.342320,-0.199930,0.892490,-0.855826,-0.718738,-0.048025,-0.279501,-0.861106,-1.528481,0.126749
1789149933.169218,-0.113276,0.009953,0.058468,1.275445,0.454170,-0.104533,0.071754,0.080800,-0.994144,0.733177,0.000000,0.000000,-0.203650,-0.034206,0.071357,-0.272686,0.225569,-0.181088,-0.002810,-0.030613,-0.040018,0.164100,-0.386314,-0.083057,2.443461,-0.218166,0.501782,0.414516,0.043633,-0.283616,-0.981748,1.112648,0.130900,0.436332,-0.087267,3.883357,0.086321,-0.667313,-0.342320,-0.199930,0.892490,-0.855826,-0.718738,-0.048025,-0.279501,-0.861106,-1.528481,0.126749,0.509462,-1.012060,-0.500378,0.294085,0.833565,-0.786355,-0.782075,-0.134209,-0.384337,-1.076754,-1.312944,0.351361
1789149933.189205,-0.109445,0.021767,0.056323,1.338562,0.614626,-0.067249,0.049051,0.099650,-0.993813,0.734039,0.000000,0.000000,-0.132558,-0.061733,0.080697,-0.230825,0.228159,-0.189212,-0.033604,-0.016388,-0.053248,0.186943,-0.364538,0.004987,2.727077,-1.025381,0.327249,3.032510,0.239983,-0.283616,-2.050762,0.152716,-0.021817,1.178097,0.545416,4.494223,0.509462,-1.012060,-0.500378,0.294085,0.833565,-0.786355,-0.782075,-0.134209,-0.384337,-1.076754,-1.312944,0.351361,0.687384,-1.135035,-0.506873,0.537131,0.675043,-0.672838,-0.748273,-0.193717,-0.470700,-1.131528,-1.156375,0.390885
1789149933.209233,-0.106649,0.028436,0.046478,0.536951,0.827412,0.051927,0.029545,0.102172,-0.994328,0.734737,0.000000,0.000000,-0.073129,-0.090727,0.074959,-0.143652,0.231882,-0.191178,-0.085053,-0.019126,-0.063910,0.203198,-0.330098,0.062471,1.788963,-1.134464,-0.763582,4.188791,0.654498,-0.087266,-2.530728,-0.567232,-0.087267,0.807215,1.069014,1.810779,0.687384,-1.135035,-0.506873,0.537131,0.675043,-0.672838,-0.748273,-0.193717,-0.470700,-1.131528,-1.156375,0.390885,0.660182,-1.141074,-0.522493,0.573128,0.252244,-0.597648,-0.658881,-0.342185,-0.641735,-0.931723,-1.212558,0.404591
1789149933.229295,-0.106796,0.030720,0.022025,0.580893,1.035139,0.108253,0.007064,0.103133,-0.994642,0.735302,0.000000,0.000000,-0.056715,-0.100111,0.058450,-0.054449,0.234740,-0.185794,-0.124312,-0.033138,-0.072253,0.216010,-0.291750,0.084399,0.523599,-0.021817,-0.829032,3.861541,0.523599,0.218166,-1.461714,-1.439897,-0.021817,0.087267,1.396264,0.698132,0.660182,-1.141074,-0.522493,0.573128,0.252244,-0.597648,-0.658881,-0.342185,-0.641735,-0.931723,-1.212558,0.404591,0.677490,-1.198648,-0.661306,0.658951,0.099596,-0.777210,-0.708723,-0.351425,-0.720058,-0.837650,-1.146638,0.482068
1789149933.249297,-0.109465,0.028090,0.002624,0.235881,0.897054,0.056189,-0.011028,0.099329,-0.994993,0.735760,0.000000,0.000000,-0.052455,-0.096549,0.052747,-0.019821,0.239449,-0.179476,-0.131231,-0.042955,-0.071759,0.214249,-0.278199,0.090527,0.458149,0.414516,-0.458149,3.425209,0.436332,1.025381,-0.327250,-0.850848,0.109083,-0.218166,1.287181,0.414516,0.677490,-1.198648,-0.661306,0.658951,0.099596,-0.777210,-0.708723,-0.351425,-0.720058,-0.837650,-1.146638,0.482068,0.678309,-1.261178,-0.668546,0.699942,0.198842,-0.895309,-0.671131,-0.275864,-0.671936,-0.825083,-1.114952,0.490247
1789149933.269261,-0.108137,0.019829,-0.018963,0.063973,0.585863,-0.033294,-0.022026,0.095208,-0.995214,0.736131,0.000000,0.000000,-0.049393,-0.091613,0.068758,0.056974,0.243695,-0.178775,-0.158237,-0.070103,-0.072411,0.210564,-0.207619,0.112777,0.000000,-0.196350,0.850848,1.788963,-0.174533,-0.305433,-1.178098,-0.174533,0.000000,-0.196350,2.705261,0.719948,0.678309,-1.261178,-0.668546,0.699942,0.198842,-0.895309,-0.671131,-0.275864,-0.671936,-0.825083,-1.114952,0.490247,0.730152,-1.175765,-0.516074,0.614167,0.091515,-0.811691,-0.638169,-0.340580,-0.810612,-0.746439,-1.119933,0.366961
1789149933.289252,-0.108977,0.017095,-0.023676,0.104986,0.427139,-0.036756,-0.030567,0.093301,-0.995169,0.736431,0.000000,0.000000,-0.044751,-0.097624,0.078633,0.081809,0.238631,-0.187840,-0.170940,-0.071751,-0.073848,0.205797,-0.185303,0.117388,0.479966,-0.305433,0.152716,0.894482,-0.349066,-0.109083,-0.436333,-0.109083,-0.196350,-0.239983,0.087267,-0.850848,0.730152,-1.175765,-0.516074,0.614167,0.091515,-0.811691,-0.638169,-0.340580,-0.810612,-0.746439,-1.119933,0.366961,0.567925,-0.896864,-0.301695,0.399290,-0.219038,-0.674491,-0.531270,-0.512282,-1.152115,-0.361691,-1.086153,0.046645
1789149933.309317,-0.115115,0.009767,-0.030256,0.377694,0.118079,0.050596,-0.036002,0.098969,-0.994439,0.736675,0.000000,0.000000,-0.027244,-0.107400,0.068624,0.092838,0.224729,-0.192304,-0.172685,-0.083213,-0.079403,0.196173,-0.195767,0.103936,0.698132,-0.479966,-0.676315,0.545416,-0.981748,-0.370882,0.065450,-1.439897,-0.370883,-0.719948,-0.850848,-1.658063,0.567925,-0.896864,-0.301695,0.399290,-0.219038,-0.674491,-0.531270,-0.512282,-1.152115,-0.361691,-1.086153,0.046645,0.207734,-0.459253,-0.097493,-0.031777,-0.254665,-0.634918,-0.339348,-0.487870,-1.111617,0.135635,-0.954658,-0.487221
1789149933.329277,-0.121279,0.006114,-0.027372,0.216972,-0.178997,0.038345,-0.034654,0.104444,-0.993927,0.736872,0.000000,0.000000,-0.026065,-0.105393,0.065311,0.088665,0.199217,-0.186119,-0.164258,-0.094238,-0.081486,0.186571,-0.221789,0.065476,-0.152716,0.305433,0.130900,-0.174533,-1.505347,0.479966,0.218166,-0.392699,0.000000,-0.458149,-1.112648,-1.527163,0.207734,-0.459253,-0.097493,-0.031777,-0.254665,-0.634918,-0.339348,-0.487870,-1.111617,0.135635,-0.954658,-0.487221,-0.280826,-0.067833,0.128622,-0.596763,0.085062,-0.577002,0.058944,-0.423207,-0.928350,0.539662,-0.898208,-1.015462
1789149933.349496,-0.129367,0.001193,-0.014072,-0.473186,-0.495513,0.107987,-0.020511,0.099834,-0.994793,0.737032,0.000000,0.000000,-0.030936,-0.084016,0.070610,0.053941,0.170002,-0.178134,-0.152807,-0.100129,-0.079286,0.170659,-0.228819,0.019901,-0.305433,0.676315,0.109083,-1.745329,-1.178097,0.523599,0.021817,-0.021817,0.218166,-1.112647,-0.916298,-2.312562,-0.280826,-0.067833,0.128622,-0.596763,0.085062,-0.577002,0.058944,-0.423207,-0.928350,0.539662,-0.898208,-1.015462,-0.726623,0.220496,0.278544,-1.170625,0.376140,-0.592003,0.272716,-0.281423,-0.803901,0.642387,-1.107889,-1.446895
1789149933.369323,-0.137838,-0.004638,-0.000461,-0.846295,-0.440119,0.100131,-0.005447,0.088309,-0.996078,0.737161,0.000000,0.000000,-0.069295,-0.058038,0.064705,-0.002266,0.148510,-0.174793,-0.151659,-0.100568,-0.076526,0.161534,-0.229632,-0.016849,-1.636246,0.894481,-0.414516,-2.072579,-1.090831,-0.261799,-0.065450,0.523599,0.130900,-0.959931,0.043633,-1.614430,-0.726623,0.220496,0.278544,-1.170625,0.376140,-0.592003,0.272716,-0.281423,-0.803901,0.642387,-1.107889,-1.446895,-1.048120,0.338536,0.384451,-1.522027,0.551151,-0.631310,0.298826,-0.290910,-0.808010,0.669929,-1.331355,-1.542445
1789149933.389886,-0.143300,-0.009683,0.006607,-1.117005,-0.294178,-0.108927,0.009089,0.069731,-0.997524,0.737266,0.000000,0.000000,-0.117357,-0.034525,0.052120,-0.068954,0.138207,-0.182271,-0.141466,-0.099458,-0.075212,0.159658,-0.255668,-0.048527,-1.810779,0.829032,-0.610865,-2.748894,-0.654499,-0.370883,0.065450,-0.043633,-0.152716,-0.174533,-0.894481,-1.439897,-1.048120,0.338536,0.384451,-1.522027,0.551151,-0.631310,0.298826,-0.290910,-0.808010,0.669929,-1.331355,-1.542445,-1.212830,0.314964,0.468036,-1.578012,0.663470,-0.662660,0.319228,-0.303296,-0.852257,0.476882,-1.426633,-1.534760
1789149933.409600,-0.144873,-0.014990,0.013768,-0.632576,-0.257160,-0.156065,0.019242,0.060174,-0.998002,0.737350,0.000000,0.000000,-0.163276,-0.016392,0.040852,-0.113787,0.137320,-0.184477,-0.149180,-0.099581,-0.079324,0.161278,-0.288698,-0.072130,-1.832596,0.981748,-0.501782,-1.854413,-0.479966,0.479966,0.501782,0.065450,-0.392699,0.305433,-1.112648,-1.243547,-1.212830,0.314964,0.468036,-1.578012,0.663470,-0.662660,0.319228,-0.303296,-0.852257,0.476882,-1.426633,-1.534760,-1.221231,0.244451,0.543281,-1.608495,0.783647,-0.648469,0.309667,-0.317004,-0.846592,0.421607,-1.492986,-1.328782
1789149933.429730,-0.143858,-0.015185,0.015918,-0.454145,-0.277534,-0.250341,0.027416,0.053824,-0.998174,0.737419,0.000000,0.000000,-0.199273,-0.003706,0.025108,-0.149294,0.138878,-0.175672,-0.148054,-0.095484,-0.084920,0.144152,-0.316956,-0.099815,-1.287181,0.218166,-0.916298,-1.963496,-0.327249,0.218166,-0.043633,0.152716,-0.283616,-0.785398,-0.938115,-1.352630,-1.221231,0.244451,0.543281,-1.608495,0.783647,-0.648469,0.309667,-0.317004,-0.846592,0.421607,-1.492986,-1.328782,-1.199388,0.062401,0.474572,-1.591187,0.885487,-0.713660,0.215447,-0.312979,-0.788448,0.335312,-1.633401,-0.974266
1789149933.449436,-0.140948,-0.011804,0.023741,-0.366660,-0.065146,-0.213457,0.030182,0.046196,-0.998476,0.737475,0.000000,0.000000,-0.217700,-0.006272,0.003998,-0.193546,0.143006,-0.174319,-0.139371,-0.091301,-0.105057,0.128667,-0.341778,-0.123944,-0.741765,-0.196350,-0.938115,-2.050762,0.000000,0.152716,0.676315,0.283616,-1.374447,-0.589049,-0.981748,-0.938115,-1.199388,0.062401,0.474572,-1.591187,0.885487,-0.713660,0.215447,-0.312979,-0.788448,0.335312,-1.633401,-0.974266,-0.998848,-0.112161,0.395895,-1.417134,0.852621,-0.718818,0.059630,-0.322069,-0.647859,0.099377,-1.710015,-0.656175
1789149933.469411,-0.135957,-0.000644,0.035316,0.162377,0.041114,-0.075105,0.026257,0.048867,-0.998460,0.737520,0.000000,0.000000,-0.228284,-0.017063,-0.004208,-0.231646,0.154692,-0.172241,-0.125395,-0.087118,-0.131324,0.110649,-0.370917,-0.138995,-0.392699,-0.239983,-0.174533,-1.919863,0.589049,0.218166,1.156281,0.196350,-1.527163,-0.610865,-0.959931,0.043633,-0.998848,-0.112161,0.395895,-1.417134,0.852621,-0.718818,0.059630,-0.322069,-0.647859,0.099377,-1.710015,-0.656175,-0.621367,-0.272393,0.264361,-1.029495,0.847710,-0.758062,-0.229885,-0.246221,-0.418098,-0.219338,-1.715673,-0.315310
1789149933.489398,-0.132785,0.012039,0.044879,0.756395,0.205564,-0.042881,0.015506,0.061152,-0.998008,0.737557,0.000000,0.000000,-0.220817,-0.030091,-0.004999,-0.260935,0.165791,-0.172192,-0.107674,-0.083660,-0.141801,0.077537,-0.396153,-0.127691,0.327249,-0.283616,-0.087266,-1.439897,0.959931,-0.087266,1.112647,0.610865,-0.916298,-1.330814,-0.872665,2.705261,-0.621367,-0.272393,0.264361,-1.029495,0.847710,-0.758062,-0.229885,-0.246221,-0.418098,-0.219338,-1.715673,-0.315310,-0.278358,-0.377152,-0.028417,-0.508953,0.881346,-0.843552,-0.611202,-0.051010,-0.225203,-0.543808,-1.599881,-0.145918
1789149933.510115,-0.129379,0.027763,0.053753,0.755463,0.389189,0.011048,0.001877,0.071342,-0.997450,0.737586,0.000000,0.000000,-0.194315,-0.044091,-0.006370,-0.266267,0.188107,-0.176555,-0.101909,-0.070995,-0.116131,0.056056,-0.408373,-0.086780,0.785398,-0.414516,-0.043633,-0.567232,1.548980,-0.305433,0.632682,1.767146,0.872665,-1.221730,-0.261800,2.487095,-0.278358,-0.377152,-0.028417,-0.508953,0.881346,-0.843552,-0.611202,-0.051010,-0.225203,-0.543808,-1.599881,-0.145918,0.093968,-0.581297,-0.311739,-0.043752,1.013586,-0.936213,-0.842763,0.111919,-0.198710,-0.813823,-1.500334,0.185302
1789149933.530116,-0.125336,0.051015,0.060494,0.817648,0.656038,-0.035557,-0.017160,0.081386,-0.996535,0.737610,0.000000,0.000000,-0.152564,-0.054798,-0.007197,-0.241235,0.211150,-0.183662,-0.116554,-0.040976,-0.075241,0.052312,-0.396532,-0.047202,1.767146,-0.327249,-0.065450,0.894481,0.938115,-0.065450,-0.458149,2.116212,1.025381,0.610865,0.349066,2.705261,0.093968,-0.581297,-0.311739,-0.043752,1.013586,-0.936213,-0.842763,0.111919,-0.198710,-0.813823,-1.500334,0.185302,0.510468,-0.988490,-0.521374,0.370849,0.921945,-0.842174,-0.830307,-0.012498,-0.373387,-1.065450,-1.357076,0.517026
1789149933.549897,-0.123433,0.062802,0.056371,0.682093,0.665092,0.012646,-0.035129,0.088396,-0.995466,0.737629,0.000000,0.000000,-0.091313,-0.075104,-0.011173,-0.194313,0.231852,-0.185999,-0.141441,-0.009061,-0.058464,0.066736,-0.377573,0.024041,2.617994,-0.763582,-0.327249,2.901610,0.959931,0.021817,-0.916298,0.916298,0.523599,0.545415,0.676315,4.036075,0.510468,-0.988490,-0.521374,0.370849,0.921945,-0.842174,-0.830307,-0.012498,-0.373387,-1.065450,-1.357076,0.517026,0.720365,-1.109035,-0.579278,0.606966,0.880842,-0.756895,-0.829065,0.047375,-0.400518,-1.119163,-1.239937,0.489286
1789149933.569527,-0.121912,0.071979,0.037807,0.152923,0.651111,0.126762,-0.046424,0.087488,-0.995083,0.737645,0.000000,0.000000,-0.020726,-0.111357,-0.028299,-0.119490,0.240576,-0.181767,-0.169497,0.000760,-0.079065,0.079297,-0.349348,0.096166,2.967060,-1.570796,-1.134464,3.272492,0.087267,0.065450,-1.112647,0.632682,-0.523599,0.676315,0.959931,1.810779,0.720365,-1.109035,-0.579278,0.606966,0.880842,-0.756895,-0.829065,0.047375,-0.400518,-1.119163,-1.239937,0.489286,0.728132,-1.040890,-0.520959,0.608668,0.388141,-0.526204,-0.644028,-0.237972,-0.644448,-1.022217,-1.342067,0.291168
1789149933.589357,-0.121980,0.072279,0.017570,-0.493426,0.574012,0.271638,-0.052387,0.073643,-0.995908,0.737658,0.000000,0.000000,0.029330,-0.141601,-0.050004,-0.041984,0.241631,-0.179176,-0.188726,-0.000099,-0.072258,0.090955,-0.313386,0.118084,1.527163,-1.243547,-0.916298,3.250676,0.065450,0.043633,-1.047198,-1.199914,0.523599,0.436332,1.505347,0.283616,0.728132,-1.040890,-0.520959,0.608668,0.388141,-0.526204,-0.644028,-0.237972,-0.644448,-1.022217,-1.342067,0.291168,0.599093,-0.840213,-0.429468,0.468207,0.065608,-0.516225,-0.561210,-0.338894,-0.851391,-0.587307,-1.366661,0.071789
1789149933.609309,-0.121047,0.066303,-0.014786,-0.089291,0.242582,0.303729,-0.055916,0.069879,-0.995987,0.737668,0.000000,0.000000,0.028236,-0.156387,-0.056050,0.010033,0.207584,-0.162898,-0.195009,-0.019383,-0.066258,0.092956,-0.291600,0.113901,-1.047198,-0.719949,-0.065450,2.007129,-0.654499,0.829031,-0.567232,-1.461713,0.698132,0.109083,0.829032,0.196350,0.599093,-0.840213,-0.429468,0.468207,0.065608,-0.516225,-0.561210,-0.338894,-0.851391,-0.587307,-1.366661,0.071789,0.444130,-0.739207,-0.370068,0.304096,0.088213,-0.729115,-0.458373,-0.359760,-0.800236,-0.253401,-1.281446,-0.026741
1789149933.629291,-0.121564,0.061883,-0.027670,0.460385,-0.328000,0.372306,-0.054215,0.081055,-0.995234,0.737677,0.000000,0.000000,0.024036,-0.155847,-0.051144,0.021306,0.188944,-0.152140,-0.194376,-0.040389,-0.055388,0.098042,-0.296197,0.107601,0.829031,-0.065450,0.305433,0.327249,-1.527164,0.414516,0.174533,-0.850848,0.021817,0.196350,-1.308997,-0.916298,0.444130,-0.739207,-0.370068,0.304096,0.088213,-0.729115,-0.458373,-0.359760,-0.800236,-0.253401,-1.281446,-0.026741,0.202480,-0.388650,-0.117398,-0.277271,-0.016712,-0.639129,-0.261110,-0.470402,-0.994853,0.230247,-1.231390,-0.433546
1789149933.649229,-0.122766,0.058112,-0.029944,0.454393,-0.447044,0.310254,-0.048281,0.096034,-0.994206,0.737683,0.000000,0.000000,0.027328,-0.151920,-0.042744,0.022656,0.165644,-0.168712,-0.182917,-0.054374,-0.060166,0.096338,-0.309620,0.075132,0.349066,0.239983,0.501782,0.218166,-0.959931,-0.632682,0.458149,-1.112648,-0.327249,-0.065450,-1.003564,-1.788963,0.202480,-0.388650,-0.117398,-0.277271,-0.016712,-0.639129,-0.261110,-0.470402,-0.994853,0.230247,-1.231390,-0.433546,-0.251217,-0.029630,0.179398,-0.957232,0.174554,-0.588269,0.036222,-0.387559,-0.862784,0.658733,-1.146145,-0.931734
1789149933.669230,-0.126752,0.050717,-0.017517,-0.007266,-0.333060,0.359523,-0.042168,0.098981,-0.994196,0.737689,0.000000,0.000000,0.018282,-0.131871,-0.031879,-0.007197,0.146603,-0.178153,-0.161970,-0.064728,-0.072986,0.089875,-0.312025,0.047057,-0.414516,0.741765,0.327249,-1.221730,-0.610866,-0.370883,1.418080,-0.065450,-0.719948,-0.719948,0.021817,-1.134464,-0.251217,-0.029630,0.179398,-0.957232,0.174554,-0.588269,0.036222,-0.387559,-0.862784,0.658733,-1.146145,-0.931734,-0.617896,0.185289,0.361239,-1.475695,0.405401,-0.675919,0.096734,-0.249898,-0.712128,0.665448,-1.227954,-1.295256
1789149933.689194,-0.130959,0.043526,-0.005544,-0.359070,-0.363287,0.297338,-0.032190,0.095412,-0.994917,0.737693,0.000000,0.000000,-0.016226,-0.104641,-0.027682,-0.068695,0.135826,-0.186994,-0.126096,-0.071402,-0.085040,0.122447,-0.301881,0.022429,-1.265364,0.850848,0.174533,-2.378011,-0.545416,-0.589049,1.439897,0.196349,-0.632682,1.919862,0.239983,-1.199914,-0.617896,0.185289,0.361239,-1.475695,0.405401,-0.675919,0.096734,-0.249898,-0.712128,0.665448,-1.227954,-1.295256,-0.840062,0.404998,0.587190,-1.622925,0.317135,-0.465266,0.245083,-0.394249,-0.726830,0.514563,-1.175311,-1.480047
1789149933.709235,-0.134551,0.035777,0.004474,-0.664934,-0.414553,0.021567,-0.016405,0.081127,-0.996569,0.737697,0.000000,0.000000,-0.059036,-0.072709,-0.026439,-0.133548,0.132256,-0.184316,-0.110200,-0.076861,-0.096234,0.148384,-0.307629,-0.001967,-1.548980,1.330814,-0.000000,-2.792527,-0.610865,0.349066,0.065450,-0.850848,-0.436332,0.959931,-0.174533,-1.374447,-0.840062,0.404998,0.587190,-1.622925,0.317135,-0.465266,0.245083,-0.394249,-0.726830,0.514563,-1.175311,-1.480047,-1.121187,0.500698,0.614746,-1.670789,0.480396,-0.505096,0.305032,-0.364013,-0.800194,0.543480,-1.277754,-1.553054
1789149933.729239,-0.141223,0.025719,0.012599,-0.429777,-0.236787,0.034883,-0.008307,0.075356,-0.997122,0.737700,0.000000,0.000000,-0.099312,-0.043009,-0.029144,-0.189387,0.113480,-0.168707,-0.117312,-0.085438,-0.088201,0.137261,-0.302770,-0.029514,-1.614430,0.916298,-0.239983,-3.316126,-0.807215,0.261800,-0.021817,-0.283616,0.785398,-0.676315,0.065450,-1.308997,-1.121187,0.500698,0.614746,-1.670789,0.480396,-0.505096,0.305032,-0.364013,-0.800194,0.543480,-1.277754,-1.553054,-1.156200,0.355449,0.573520,-1.769785,0.682729,-0.634447,0.294929,-0.241801,-0.746328,0.425910,-1.442758,-1.363438
1789149933.749229,-0.144513,0.020338,0.014826,-0.556676,0.048704,-0.160859,-0.004483,0.064964,-0.997878,0.737702,0.000000,0.000000,-0.136867,-0.018806,-0.040044,-0.249266,0.112684,-0.161207,-0.111282,-0.086769,-0.090597,0.137983,-0.312481,-0.048385,-1.483530,1.396264,-0.829032,-2.617994,-0.174533,0.763582,-0.261799,0.414516,-0.850848,0.218166,-0.218166,-1.047198,-1.156200,0.355449,0.573520,-1.769785,0.682729,-0.634447,0.294929,-0.241801,-0.746328,0.425910,-1.442758,-1.363438,-1.164750,0.292036,0.537609,-1.581647,0.755343,-0.630901,0.279809,-0.358499,-0.771408,0.303252,-1.532852,-1.230583
1789149933.769196,-0.146268,0.015481,0.015615,-0.235100,0.150170,-0.061923,-0.006277,0.059006,-0.998238,0.737704,0.000000,0.000000,-0.163532,-0.001492,-0.059238,-0.300336,0.128736,-0.154021,-0.115117,-0.081085,-0.104124,0.124798,-0.332078,-0.067540,-0.916298,0.850848,-0.916298,-2.072578,0.152716,0.305433,0.654499,-0.196350,-0.370883,-0.523599,-0.501782,-0.610865,-1.164750,0.292036,0.537609,-1.581647,0.755343,-0.630901,0.279809,-0.358499,-0.771408,0.303252,-1.532852,-1.230583,-0.904499,0.007516,0.425870,-1.408766,0.751648,-0.754220,0.015757,-0.321262,-0.561593,0.059584,-1.607683,-0.773326
1789149933.789301,-0.146509,0.015816,0.016220,0.005251,0.144444,0.033685,-0.008960,0.057769,-0.998290,0.737706,0.000000,0.000000,-0.176256,0.006673,-0.074515,-0.324724,0.137135,-0.151234,-0.112749,-0.081702,-0.114738,0.102054,-0.350114,-0.075457,-0.458149,0.283616,-0.567232,-1.025381,0.239983,0.021817,0.239983,-0.000000,-0.829032,-0.916298,-0.458149,-0.610865,-0.904499,0.007516,0.425870,-1.408766,0.751648,-0.754220,0.015757,-0.321262,-0.561593,0.059584,-1.607683,-0.773326,-0.679578,-0.165880,0.234785,-1.065666,0.814832,-0.765043,-0.230064,-0.295263,-0.382626,-0.138833,-1.696639,-0.350014
1789149933.809535,-0.144848,0.022173,0.020216,0.182085,0.154298,0.086282,-0.013320,0.059596,-0.998134,0.737707,0.000000,0.000000,-0.172848,-0.008904,-0.080329,-0.331179,0.144610,-0.162314,-0.104473,-0.079782,-0.117558,0.067671,-0.367467,-0.081135,-0.218166,-0.741765,-0.174533,-0.327249,0.632682,-0.567232,0.349066,-0.000000,-0.458149,-1.418080,-0.610865,1.636246,-0.679578,-0.165880,0.234785,-1.065666,0.814832,-0.765043,-0.230064,-0.295263,-0.382626,-0.138833,-1.696639,-0.350014,-0.440754,-0.234064,0.064277,-0.575319,0.903673,-0.782680,-0.522816,-0.121348,-0.163078,-0.394242,-1.687447,-0.148827
1789149933.829309,-0.144467,0.028773,0.023984,0.356122,0.105562,0.115577,-0.018853,0.065697,-0.997662,0.737708,0.000000,0.000000,-0.165850,-0.027522,-0.080844,-0.312130,0.161136,-0.172105,-0.103526,-0.076629,-0.103099,0.041109,-0.386251,-0.066417,-0.130900,-0.632682,-0.087266,1.069014,1.723513,-0.349066,0.283616,0.741765,0.087267,-1.483530,-0.741765,2.290745,-0.440754,-0.234064,0.064277,-0.575319,0.903673,-0.782680,-0.522816,-0.121348,-0.163078,-0.394242,-1.687447,-0.148827,-0.263567,-0.284527,-0.043839,-0.168769,1.049804,-0.803987,-0.684060,0.096966,-0.101452,-0.531638,-1.674486,-0.002191
1789149933.849282,-0.141851,0.035358,0.026012,0.524834,0.228334,0.060982,-0.027816,0.072766,-0.996961,0.737709,0.000000,0.000000,-0.152509,-0.039275,-0.081201,-0.267690,0.195743,-0.179018,-0.114473,-0.058688,-0.062580,0.032538,-0.392733,-0.038756,0.501782,-0.501782,-0.000000,1.701697,1.614430,-0.152716,-0.130900,1.876229,1.265364,0.239983,-0.239983,2.203478,-0.263567,-0.284527,-0.043839,-0.168769,1.049804,-0.803987,-0.684060,0.096966,-0.101452,-0.531638,-1.674486,-0.002191,0.090046,-0.574490,-0.175027,0.138801,1.087218,-0.818973,-0.751477,0.077498,-0.223770,-0.766057,-1.562682,0.289061
1789149933.869261,-0.139396,0.042170,0.024535,0.567178,0.268415,0.001727,-0.037632,0.080558,-0.996039,0.737709,0.000000,0.000000,-0.124480,-0.048351,-0.080021,-0.215347,0.231628,-0.186214,-0.125921,-0.033163,-0.038421,0.037929,-0.394334,0.002742,1.396264,-0.349066,-0.000000,2.552544,1.527163,-0.152716,-0.349066,1.112648,0.632682,0.305433,0.000000,3.665192,0.090046,-0.574490,-0.175027,0.138801,1.087218,-0.818973,-0.751477,0.077498,-0.223770,-0.766057,-1.562682,0.289061,0.366732,-0.751744,-0.245487,0.370323,1.079231,-0.800377,-0.806277,0.134443,-0.231998,-0.909752,-1.395817,0.290413
1789149933.889427,-0.139934,0.043053,0.018208,0.382488,0.260159,-0.015317,-0.045769,0.085127,-0.995318,0.737710,0.000000,0.000000,-0.075011,-0.072709,-0.080566,-0.155318,0.257170,-0.193087,-0.140923,-0.011629,-0.049901,0.041431,-0.383003,0.054027,2.007129,-0.894481,-0.109083,2.705261,0.850848,-0.261799,-0.894481,1.418080,-0.087267,0.174533,0.218166,1.483530,0.366732,-0.751744,-0.245487,0.370323,1.079231,-0.800377,-0.806277,0.134443,-0.231998,-0.909752,-1.395817,0.290413,0.524675,-0.916163,-0.305376,0.473768,0.766073,-0.569505,-0.650618,-0.129564,-0.421623,-1.007031,-1.488130,0.287143
1789149933.909589,-0.141259,0.040151,0.008049,-0.183035,0.346711,-0.038354,-0.049468,0.078899,-0.995654,0.737710,0.000000,0.000000,-0.021609,-0.096746,-0.085783,-0.091952,0.267972,-0.199498,-0.162415,-0.001343,-0.054270,0.047932,-0.354767,0.076196,2.356195,-1.025381,-0.523599,2.988877,0.152716,-0.436332,-1.178097,-0.894481,-0.174533,0.305433,0.916298,0.676315,0.524675,-0.916163,-0.305376,0.473768,0.766073,-0.569505,-0.650618,-0.129564,-0.421623,-1.007031,-1.488130,0.287143,0.489289,-0.883469,-0.193472,0.488095,0.357976,-0.433200,-0.538769,-0.237396,-0.636445,-0.816735,-1.524294,0.045183
1789149933.929617,-0.141429,0.026660,-0.012082,-0.437100,0.186389,0.046734,-0.048600,0.069512,-0.996397,0.737711,0.000000,0.000000,0.019768,-0.122506,-0.098456,-0.049077,0.247243,-0.181240,-0.171136,-0.017547,-0.059400,0.045554,-0.350952,0.086139,1.199914,-0.938115,-0.610865,1.614430,-0.763582,0.981748,-0.719949,-1.199914,0.938115,-0.261799,0.327249,-0.109083,0.489289,-0.883469,-0.193472,0.488095,0.357976,-0.433200,-0.538769,-0.237396,-0.636445,-0.816735,-1.524294,0.045183,0.381871,-0.780083,-0.180275,0.462723,0.189370,-0.564501,-0.532281,-0.229018,-0.747799,-0.605463,-1.529041,-0.156646
1789149933.949552,-0.143874,0.017076,-0.022847,0.199129,-0.041444,0.246338,-0.049759,0.073407,-0.996060,0.737711,0.000000,0.000000,0.029294,-0.134628,-0.096579,-0.014462,0.214644,-0.162042,-0.173053,-0.030749,-0.046473,0.043427,-0.352367,0.065765,0.305433,-0.414516,0.501782,1.570797,-1.090831,0.196350,-0.218166,-0.458149,0.065450,-0.305433,-0.370883,-0.589049,0.381871,-0.780083,-0.180275,0.462723,0.189370,-0.564501,-0.532281,-0.229018,-0.747799,-0.605463,-1.529041,-0.156646,0.274626,-0.534834,-0.110547,0.122112,0.026315,-0.585536,-0.467269,-0.386920,-0.994433,-0.165224,-1.431892,-0.354350
1789149933.969354,-0.144419,0.003859,-0.024191,0.467309,-0.161287,0.263516,-0.051865,0.084427,-0.995079,0.737711,0.000000,0.000000,0.034945,-0.132994,-0.088660,0.003859,0.200878,-0.171322,-0.170427,-0.045203,-0.058852,0.028889,-0.367352,0.049277,0.239983,0.000000,0.458149,0.610866,-0.458149,-0.305433,0.174533,-1.221730,-0.763582,-0.741765,-0.850848,-0.981748,0.274626,-0.534834,-0.110547,0.122112,0.026315,-0.585536,-0.467269,-0.386920,-0.994433,-0.165224,-1.431892,-0.354350,-0.015648,-0.230382,0.093072,-0.453307,0.176368,-0.705721,-0.325621,-0.300164,-0.907667,0.199274,-1.377819,-0.679895
1789149933.989416,-0.146504,-0.004786,-0.016748,0.043201,-0.066877,0.368844,-0.051045,0.086221,-0.994967,0.737711,0.000000,0.000000,0.031108,-0.121464,-0.077340,-0.000017,0.190812,-0.177889,-0.164269,-0.058508,-0.077666,0.007978,-0.367712,0.033656,0.000000,0.239983,0.676315,0.196350,-0.545416,-0.109083,0.283616,-0.261799,-1.069014,-1.047198,-0.109083,-0.436332,-0.015648,-0.230382,0.093072,-0.453307,0.176368,-0.705721,-0.325621,-0.300164,-0.907667,0.199274,-1.377819,-0.679895,-0.298174,-0.021244,0.234242,-0.901068,0.412951,-0.803577,-0.255879,-0.269094,-0.660387,0.264135,-1.441632,-0.884529
1789149934.009534,-0.150708,-0.014575,-0.006256,-0.231105,-0.027330,0.371507,-0.048403,0.082753,-0.995394,0.737712,0.000000,0.000000,0.013188,-0.102734,-0.063612,-0.039734,0.182339,-0.191832,-0.154116,-0.070142,-0.090671,0.028897,-0.362457,0.023874,-0.610865,0.589049,0.719948,-1.570796,-0.087267,-0.676315,0.261799,-0.458149,-0.501782,0.894481,0.043633,-0.436332,-0.298174,-0.021244,0.234242,-0.901068,0.412951,-0.803577,-0.255879,-0.269094,-0.660387,0.264135,-1.441632,-0.884529,-0.461112,0.205648,0.391530,-1.164882,0.278793,-0.653859,-0.100244,-0.362980,-0.636961,0.336298,-1.367670,-1.046719
1789149934.029448,-0.154986,-0.024988,0.002840,-0.288363,-0.168344,0.324635,-0.041639,0.078052,-0.996079,0.737712,0.000000,0.000000,-0.014983,-0.080165,-0.055867,-0.085200,0.175472,-0.197794,-0.156489,-0.084988,-0.100033,0.049296,-0.369226,0.013830,-1.047198,0.829032,0.305433,-1.483530,-0.479966,-0.087267,-0.479966,-1.265364,-0.239983,0.894481,-0.196350,-0.741765,-0.461112,0.205648,0.391530,-1.164882,0.278793,-0.653859,-0.100244,-0.362980,-0.636961,0.336298,-1.367670,-1.046719,-0.698856,0.383122,0.503650,-1.420438,0.337377,-0.621905,0.016766,-0.348586,-0.656598,0.495389,-1.333575,-1.171489
1789149934.049598,-0.161487,-0.038529,0.008708,-0.270653,-0.221208,0.209853,-0.034462,0.072036,-0.996807,0.737712,0.000000,0.000000,-0.040276,-0.056235,-0.054888,-0.125454,0.154569,-0.193318,-0.163061,-0.100797,-0.088140,0.065639,-0.361593,0.005246,-0.894481,1.069014,-0.000000,-1.898046,-1.069014,-0.000000,-0.174533,-0.567232,1.112647,0.741765,0.261799,-0.065450,-0.698856,0.383122,0.503650,-1.420438,0.337377,-0.621905,0.016766,-0.348586,-0.656598,0.495389,-1.333575,-1.171489,-0.928739,0.420969,0.552671,-1.605774,0.504567,-0.666032,0.072964,-0.358347,-0.640559,0.506390,-1.336856,-1.182919
1789149934.069439,-0.163147,-0.046224,0.006915,-0.885843,-0.195508,0.033552,-0.021717,0.055668,-0.998213,0.737712,0.000000,0.000000,-0.070817,-0.025591,-0.061515,-0.166158,0.136753,-0.182072,-0.172827,-0.107582,-0.068143,0.097745,-0.353990,-0.005475,-1.396264,1.767146,-0.698132,-1.767146,-0.850848,0.829032,-1.069014,-0.130900,0.807215,1.570796,0.305433,-1.090831,-0.928739,0.420969,0.552671,-1.605774,0.504567,-0.666032,0.072964,-0.358347,-0.640559,0.506390,-1.336856,-1.182919,-1.113240,0.546714,0.614986,-1.582468,0.536080,-0.590780,0.119389,-0.504389,-0.730351,0.562149,-1.285449,-1.203419
1789149934.089352,-0.157148,-0.053994,-0.000523,-1.148297,-0.119741,0.039011,-0.008879,0.036435,-0.999297,0.737712,0.000000,0.000000,-0.106599,0.003199,-0.086552,-0.208264,0.130762,-0.164488,-0.189560,-0.112240,-0.049787,0.115188,-0.349206,-0.025887,-1.527163,1.221731,-1.570796,-2.159845,-0.479966,0.414516,-0.698132,-0.872665,1.025381,0.567232,0.261799,-0.698132,-1.113240,0.546714,0.614986,-1.582468,0.536080,-0.590780,0.119389,-0.504389,-0.730351,0.562149,-1.285449,-1.203419,-1.200452,0.414248,0.524747,-1.658946,0.597685,-0.691484,0.117697,-0.434328,-0.745551,0.553486,-1.370900,-1.119732
1789149934.109583,-0.151929,-0.056720,-0.007040,-1.024727,0.012352,0.078559,-0.000709,0.017411,-0.999848,0.737712,0.000000,0.000000,-0.144489,0.036336,-0.115582,-0.243588,0.125940,-0.151185,-0.205432,-0.117407,-0.031218,0.128305,-0.338115,-0.029176,-1.505347,1.439897,-1.112648,-1.614430,-0.523599,0.632682,-0.763582,-0.065450,0.741765,0.632682,0.414516,-0.196350,-1.200452,0.414248,0.524747,-1.658946,0.597685,-0.691484,0.117697,-0.434328,-0.745551,0.553486,-1.370900,-1.119732,-1.178851,0.309803,0.445536,-1.640986,0.694761,-0.752164,0.103171,-0.465362,-0.737127,0.483994,-1.476733,-0.926783
1789149934.129286,-0.141449,-0.054650,-0.015821,-1.037510,0.121275,0.232090,0.007480,-0.001522,-0.999971,0.737712,0.000000,0.000000,-0.176398,0.053952,-0.140183,-0.280477,0.124555,-0.147528,-0.214368,-0.115741,-0.019942,0.134258,-0.340109,-0.045336,-1.439897,0.763582,-1.418080,-1.767146,-0.174533,0.894481,-0.130900,0.021817,0.283616,0.392699,0.370883,-1.003564,-1.178851,0.309803,0.445536,-1.640986,0.694761,-0.752164,0.103171,-0.465362,-0.737127,0.483994,-1.476733,-0.926783,-1.012415,0.154829,0.334218,-1.586764,0.698870,-0.742083,0.058822,-0.423928,-0.644129,0.359733,-1.592647,-0.672104
1789149934.149354,-0.134908,-0.047453,-0.019472,-0.426048,-0.093909,0.438352,0.013388,-0.007804,-0.999880,0.737712,0.000000,0.000000,-0.201340,0.055851,-0.166766,-0.308204,0.129068,-0.145510,-0.217098,-0.116390,-0.021447,0.128318,-0.348628,-0.059176,-1.069014,0.000000,-1.243547,-1.199914,0.087266,-0.349066,0.479966,-0.021817,-0.087266,-0.479966,-0.021817,-0.523599,-1.012415,0.154829,0.334218,-1.586764,0.698870,-0.742083,0.058822,-0.423928,-0.644129,0.359733,-1.592647,-0.672104,-0.838099,-0.022074,0.106970,-1.476995,0.845885,-0.755123,-0.127538,-0.303885,-0.441804,0.196290,-1.788146,-0.266600
1789149934.169334,-0.129353,-0.035498,-0.021008,-0.056535,-0.091512,0.460723,0.015534,-0.007924,-0.999848,0.737712,0.000000,0.000000,-0.208365,0.048081,-0.187631,-0.323044,0.134724,-0.158835,-0.207643,-0.111261,-0.027858,0.105921,-0.365934,-0.064718,-0.370883,-0.152716,-0.785398,-0.719949,0.392699,-0.567232,0.981748,0.916298,-0.741765,-1.221731,-0.436332,1.352630,-0.838099,-0.022074,0.106970,-1.476995,0.845885,-0.755123,-0.127538,-0.303885,-0.441804,0.196290,-1.788146,-0.266600,-0.562106,-0.157918,-0.200241,-0.913255,1.026114,-0.743357,-0.400287,-0.207910,-0.156220,-0.149840,-1.893422,0.036535
1789149934.189415,-0.122077,-0.007809,-0.016160,0.528029,-0.076864,0.494678,0.010387,0.000012,-0.999946,0.737712,0.000000,0.000000,-0.206083,0.032613,-0.190312,-0.328215,0.153942,-0.164651,-0.187749,-0.101086,-0.054447,0.073646,-0.397841,-0.049304,-0.087266,-0.676315,0.109083,-0.305433,0.894481,-0.152716,1.439897,1.069014,-0.894481,-1.352630,-1.112648,2.421644,-0.562106,-0.157918,-0.200241,-0.913255,1.026114,-0.743357,-0.400287,-0.207910,-0.156220,-0.149840,-1.893422,0.036535,-0.211711,-0.308849,-0.496968,-0.296722,1.098089,-0.693371,-0.559214,0.060700,-0.077974,-0.452422,-1.960823,0.170546
1789149934.209402,-0.118653,0.030374,-0.004863,1.534038,0.091048,0.562322,-0.008754,0.026171,-0.999619,0.737712,0.000000,0.000000,-0.187882,0.014104,-0.181661,-0.297519,0.185620,-0.167193,-0.168766,-0.074832,-0.043095,0.024245,-0.426347,-0.002977,0.545416,-0.632682,0.567232,1.308997,2.268928,0.327249,1.156281,2.945244,-0.283616,-2.181662,-0.959931,2.443461,-0.211711,-0.308849,-0.496968,-0.296722,1.098089,-0.693371,-0.559214,0.060700,-0.077974,-0.452422,-1.960823,0.170546,0.124837,-0.569578,-0.797001,0.289392,1.214237,-0.729003,-0.705941,0.258251,-0.133311,-0.721549,-1.994133,0.418424
1789149934.229288,-0.118345,0.058566,0.002077,1.911142,0.379602,0.505863,-0.035756,0.053831,-0.997910,0.737712,0.000000,0.000000,-0.149395,-0.002694,-0.170649,-0.242309,0.232048,-0.166091,-0.156743,-0.024379,-0.028150,0.023822,-0.451191,0.037106,1.767146,-0.589049,0.458149,2.225295,2.028945,-0.000000,0.829032,3.337943,0.283616,0.872665,-0.763582,3.294309,0.124837,-0.569578,-0.797001,0.289392,1.214237,-0.729003,-0.705941,0.258251,-0.133311,-0.721549,-1.994133,0.418424,0.593346,-0.924698,-0.981248,0.644556,0.937989,-0.564594,-0.604804,0.049401,-0.507756,-1.030266,-1.826060,0.537984
1789149934.249242,-0.120261,0.083591,0.006448,1.007398,0.564425,0.427700,-0.055597,0.064252,-0.996384,0.737712,0.000000,0.000000,-0.093443,-0.028225,-0.168160,-0.169474,0.272924,-0.175276,-0.154902,0.015262,-0.031570,0.045685,-0.462525,0.089635,2.399828,-0.981748,-0.000000,3.643376,1.614430,-0.392699,0.152716,0.807215,-0.021817,0.938115,-0.414516,2.792527,0.593346,-0.924698,-0.981248,0.644556,0.937989,-0.564594,-0.604804,0.049401,-0.507756,-1.030266,-1.826060,0.537984,0.696713,-1.026204,-0.946139,0.731549,0.674234,-0.473601,-0.488786,-0.035372,-0.781944,-0.965122,-1.771064,0.391787
1789149934.269321,-0.124017,0.107249,0.006009,0.376362,0.536595,0.481895,-0.066541,0.064893,-0.995671,0.737712,0.000000,0.000000,-0.016916,-0.063628,-0.179687,-0.085898,0.275291,-0.160048,-0.156691,0.025483,-0.080297,0.052677,-0.451802,0.119363,3.076143,-1.723513,-0.872665,3.883358,-0.261799,1.069014,-0.239983,-0.174533,-1.199914,0.087267,0.065450,0.065450,0.696713,-1.026204,-0.946139,0.731549,0.674234,-0.473601,-0.488786,-0.035372,-0.781944,-0.965122,-1.771064,0.391787,0.564703,-0.816716,-0.665609,0.534384,0.209073,-0.428214,-0.415526,-0.265014,-1.073275,-0.659792,-1.744929,-0.039899
1789149934.289401,-0.127407,0.113733,0.001962,-0.612203,0.383330,0.632230,-0.065766,0.050508,-0.996556,0.737712,0.000000,0.000000,0.020328,-0.096997,-0.190443,-0.014364,0.268070,-0.140950,-0.156715,0.009170,-0.083878,0.049075,-0.436407,0.113456,0.829032,-1.658063,-0.174533,2.770710,0.196350,1.069014,-0.392699,-1.854412,0.501782,-0.392699,0.741765,-1.003564,0.564703,-0.816716,-0.665609,0.534384,0.209073,-0.428214,-0.415526,-0.265014,-1.073275,-0.659792,-1.744929,-0.039899,0.341327,-0.557177,-0.356050,0.188331,0.128832,-0.594417,-0.315158,-0.207660,-0.922072,-0.244877,-1.656003,-0.219441
1789149934.309486,-0.132567,0.114947,-0.000384,-0.101409,-0.013747,0.536223,-0.064320,0.049052,-0.996723,0.737712,0.000000,0.000000,0.017200,-0.110089,-0.184530,0.021478,0.260802,-0.133827,-0.156061,-0.011210,-0.085285,0.035603,-0.427203,0.066921,-0.239983,-0.829032,0.065450,1.548980,-0.763582,-0.872665,-0.087266,-0.523599,-0.589049,-0.807215,0.021817,-2.007129,0.341327,-0.557177,-0.356050,0.188331,0.128832,-0.594417,-0.315158,-0.207660,-0.922072,-0.244877,-1.656003,-0.219441,0.173106,-0.330342,-0.093439,-0.441811,-0.034710,-0.571369,-0.213514,-0.339966,-1.046947,0.370674,-1.520841,-0.582125
1789149934.329422,-0.136095,0.113119,0.005332,-0.351080,-0.273672,0.605599,-0.056131,0.048485,-0.997245,0.737712,0.000000,0.000000,0.011402,-0.110362,-0.178212,0.019468,0.244167,-0.143945,-0.147179,-0.022500,-0.090729,0.014891,-0.423792,0.038017,-0.327249,-0.370883,0.632682,-0.370883,-0.959931,-0.523599,0.370883,-1.221730,-0.087267,-1.090831,-0.305433,-1.527163,0.173106,-0.330342,-0.093439,-0.441811,-0.034710,-0.571369,-0.213514,-0.339966,-1.046947,0.370674,-1.520841,-0.582125,-0.151625,-0.056441,0.147601,-1.109248,0.210547,-0.775478,-0.096126,-0.135507,-0.835772,0.644702,-1.410165,-0.972518
1789149934.349502,-0.140135,0.110127,0.015140,0.125093,-0.314551,0.595212,-0.052811,0.054646,-0.997108,0.737712,0.000000,0.000000,-0.000076,-0.104346,-0.164265,-0.022128,0.219356,-0.160209,-0.132960,-0.034193,-0.099169,0.052263,-0.407817,0.014114,-0.305433,0.021817,0.938115,-1.832596,-1.396264,-1.308997,0.959931,0.218166,-0.567232,2.487094,0.479966,-0.981748,-0.151625,-0.056441,0.147601,-1.109248,0.210547,-0.775478,-0.096126,-0.135507,-0.835772,0.644702,-1.410165,-0.972518,-0.560229,0.224788,0.497285,-1.509612,0.135762,-0.459244,0.136776,-0.349755,-0.834108,0.596270,-1.206122,-1.225675
1789149934.369468,-0.145370,0.104575,0.028355,0.024559,-0.646115,0.499738,-0.042332,0.062714,-0.997133,0.737712,0.000000,0.000000,-0.021007,-0.086028,-0.144704,-0.084234,0.188227,-0.164728,-0.114094,-0.046907,-0.097366,0.111323,-0.383486,-0.006489,-0.807215,0.654498,1.047198,-2.072579,-1.461713,1.636246,0.959931,-1.548980,0.370882,3.141593,0.807215,-0.959931,-0.560229,0.224788,0.497285,-1.509612,0.135762,-0.459244,0.136776,-0.349755,-0.834108,0.596270,-1.206122,-1.225675,-0.867402,0.494816,0.758945,-1.858185,0.331251,-0.383389,0.277385,-0.285139,-0.739029,0.616416,-1.200810,-1.250725
1789149934.389787,-0.146339,0.101179,0.029906,0.000857,-0.797116,0.358990,-0.027920,0.068807,-0.997239,0.737712,0.000000,0.000000,-0.061242,-0.055496,-0.130804,-0.128691,0.159650,-0.152636,-0.086125,-0.066526,-0.085861,0.134697,-0.341121,-0.024850,-1.439897,1.003564,0.589049,-2.421645,-1.178097,0.043633,1.941679,-0.392699,0.981748,0.632682,1.614430,-1.199914,-0.867402,0.494816,0.758945,-1.858185,0.331251,-0.383389,0.277385,-0.285139,-0.739029,0.616416,-1.200810,-1.250725,-1.178662,0.543227,0.758157,-2.128058,0.536587,-0.394187,0.262004,-0.196861,-0.714714,0.775626,-1.293635,-1.242031
1789149934.409778,-0.145737,0.098399,0.026403,-0.412866,-0.513490,0.129958,-0.014667,0.068035,-0.997575,0.737712,0.000000,0.000000,-0.104245,-0.030764,-0.123294,-0.181157,0.140536,-0.158352,-0.045107,-0.067295,-0.061595,0.142267,-0.320228,-0.054974,-1.614430,0.981748,-0.065450,-3.534292,-0.938115,0.043633,1.483530,0.523599,0.959931,0.130900,0.741765,-1.418080,-1.178662,0.543227,0.758157,-2.128058,0.536587,-0.394187,0.262004,-0.196861,-0.714714,0.775626,-1.293635,-1.242031,-1.334634,0.501804,0.715518,-2.110656,0.691648,-0.445952,0.317722,-0.214560,-0.713587,0.639067,-1.352108,-1.276818
1789149934.429582,-0.141126,0.092266,0.016372,-0.897694,-0.110820,-0.081630,-0.001623,0.051923,-0.998650,0.737712,0.000000,0.000000,-0.150082,-0.018814,-0.144137,-0.264734,0.139917,-0.138409,-0.032712,-0.061704,-0.059474,0.168747,-0.324014,-0.068816,-2.028945,0.959931,-1.439897,-3.425209,-0.261799,1.178097,0.087267,0.239983,-0.501782,1.352630,-0.043633,-0.567232,-1.334634,0.501804,0.715518,-2.110656,0.691648,-0.445952,0.317722,-0.214560,-0.713587,0.639067,-1.352108,-1.276818,-1.333495,0.410323,0.616172,-1.834082,0.679192,-0.521313,0.325010,-0.418810,-0.768746,0.452409,-1.417088,-1.229377
1789149934.449649,-0.139524,0.090298,0.013434,-0.701020,-0.004693,-0.115719,0.006337,0.040688,-0.999152,0.737712,0.000000,0.000000,-0.190047,0.009678,-0.178081,-0.329846,0.151556,-0.123677,-0.041294,-0.059776,-0.062113,0.168788,-0.330111,-0.100200,-1.461713,0.981748,-1.745329,-3.250676,0.087267,0.109083,0.545415,-0.872665,0.000000,-0.130900,-0.043633,-2.268928,-1.333495,0.410323,0.616172,-1.834082,0.679192,-0.521313,0.325010,-0.418810,-0.768746,0.452409,-1.417088,-1.229377,-1.218436,0.218698,0.498166,-1.709100,0.675786,-0.602422,0.276768,-0.309882,-0.769350,0.371171,-1.493485,-1.076854
1789149934.469377,-0.123722,0.080731,0.005313,-0.108733,0.155630,-0.002534,0.003604,0.038672,-0.999245,0.737712,0.000000,0.000000,-0.211989,0.024323,-0.201793,-0.374291,0.153566,-0.123257,-0.039151,-0.065587,-0.065746,0.143841,-0.340079,-0.141643,-0.894481,0.698132,-0.676315,-2.050762,0.261799,-0.174533,0.021817,-0.130900,-0.545415,-0.938115,-0.065450,-1.548980,-1.218436,0.218698,0.498166,-1.709100,0.675786,-0.602422,0.276768,-0.309882,-0.769350,0.371171,-1.493485,-1.076854,-0.996400,-0.028698,0.314147,-1.551764,0.790087,-0.716379,0.114753,-0.290178,-0.659061,0.176642,-1.643337,-0.688804
1789149934.489503,-0.113309,0.080373,0.001231,0.212312,0.146442,0.176430,-0.001692,0.040594,-0.999174,0.737712,0.000000,0.000000,-0.220236,0.019035,-0.203898,-0.395544,0.162742,-0.131774,-0.028845,-0.063010,-0.084893,0.127173,-0.353523,-0.154065,-0.414516,-0.305433,-0.000000,-0.719949,0.567232,-0.741765,0.676315,0.239983,-1.134464,-0.349066,-0.349066,1.221731,-0.996400,-0.028698,0.314147,-1.551764,0.790087,-0.716379,0.114753,-0.290178,-0.659061,0.176642,-1.643337,-0.688804,-0.689715,-0.168335,0.148593,-1.163690,0.833289,-0.720600,-0.173459,-0.324236,-0.388973,-0.120969,-1.672112,-0.346866
1789149934.509411,-0.108811,0.084912,0.002000,0.645608,0.153233,0.186284,-0.012948,0.049974,-0.998667,0.737712,0.000000,0.000000,-0.213596,-0.001546,-0.203066,-0.394044,0.180853,-0.148845,-0.021924,-0.063509,-0.109556,0.105978,-0.375097,-0.132684,0.218166,-0.719948,-0.000000,0.196350,0.785398,-0.567232,0.698132,-0.000000,-0.654499,-1.396264,-0.676315,3.163409,-0.689715,-0.168335,0.148593,-1.163690,0.833289,-0.720600,-0.173459,-0.324236,-0.388973,-0.120969,-1.672112,-0.346866,-0.459223,-0.203889,-0.036215,-0.635118,0.916218,-0.709499,-0.464873,-0.142127,-0.155622,-0.360023,-1.668288,-0.210099
1789149934.529416,-0.104850,0.096269,0.008422,0.756795,0.280532,0.209054,-0.026728,0.058722,-0.997916,0.737712,0.000000,0.000000,-0.193830,-0.019992,-0.198989,-0.370400,0.192765,-0.152568,-0.025202,-0.068890,-0.098282,0.098612,-0.387895,-0.092498,0.501782,-0.719948,0.370883,0.785398,0.785398,-0.000000,0.305433,0.479966,-0.283616,-0.021817,-0.436332,2.203479,-0.459223,-0.203889,-0.036215,-0.635118,0.916218,-0.709499,-0.464873,-0.142127,-0.155622,-0.360023,-1.668288,-0.210099,-0.184850,-0.370357,-0.189436,-0.260226,0.939785,-0.733825,-0.569921,-0.132867,-0.206206,-0.504771,-1.630986,0.024683
1789149934.549341,-0.104884,0.103891,0.011867,0.659456,0.315553,0.102794,-0.039898,0.065183,-0.997075,0.737712,0.000000,0.000000,-0.170175,-0.029073,-0.186516,-0.321315,0.206604,-0.155306,-0.041870,-0.059476,-0.060248,0.102261,-0.390562,-0.055132,0.981748,-0.283616,0.458149,2.399828,0.894481,-0.349066,-0.632682,0.479966,1.221730,0.349066,-0.021817,3.250676,-0.184850,-0.370357,-0.189436,-0.260226,0.939785,-0.733825,-0.569921,-0.132867,-0.206206,-0.504771,-1.630986,0.024683,0.074810,-0.568180,-0.250883,0.099997,1.035527,-0.771067,-0.637440,-0.064556,-0.222042,-0.638019,-1.473359,0.209904
1789149934.569376,-0.106464,0.110325,0.010722,0.745077,0.401839,0.159120,-0.055372,0.072337,-0.995842,0.737712,0.000000,0.000000,-0.130213,-0.045291,-0.179229,-0.257941,0.222416,-0.160760,-0.069002,-0.051371,-0.055336,0.114236,-0.388716,-0.001411,1.745329,-0.632682,0.261799,2.748894,0.654499,-0.436332,-1.548980,0.610865,0.109083,0.523599,-0.305433,3.272493,0.074810,-0.568180,-0.250883,0.099997,1.035527,-0.771067,-0.637440,-0.064556,-0.222042,-0.638019,-1.473359,0.209904,0.334048,-0.748351,-0.394882,0.306394,0.928296,-0.680379,-0.589784,-0.129912,-0.269985,-0.813526,-1.484170,0.278926
1789149934.589275,-0.106545,0.109432,0.008458,0.263444,0.427938,0.135817,-0.068268,0.073886,-0.994927,0.737712,0.000000,0.000000,-0.080416,-0.068488,-0.173218,-0.193459,0.239444,-0.162380,-0.104287,-0.044158,-0.056528,0.120614,-0.373526,0.043476,2.116212,-1.047198,0.392699,3.228859,0.829032,0.239983,-1.592613,0.152716,0.000000,0.327249,0.305433,1.963496,0.334048,-0.748351,-0.394882,0.306394,0.928296,-0.680379,-0.589784,-0.129912,-0.269985,-0.813526,-1.484170,0.278926,0.399294,-0.825636,-0.378293,0.409770,0.764046,-0.545916,-0.449608,-0.112643,-0.388866,-0.791648,-1.559206,0.219887
1789149934.609285,-0.100933,0.092533,-0.001304,-0.106735,0.418084,0.235153,-0.073349,0.067223,-0.995038,0.737712,0.000000,0.000000,-0.028883,-0.093890,-0.164680,-0.133831,0.240982,-0.155788,-0.124901,-0.039841,-0.055907,0.118834,-0.368211,0.066624,2.094395,-1.090831,0.239983,2.574361,0.021817,1.003564,-0.632682,0.109083,0.501782,-0.523599,0.436332,0.196350,0.399294,-0.825636,-0.378293,0.409770,0.764046,-0.545916,-0.449608,-0.112643,-0.388866,-0.791648,-1.559206,0.219887,0.436714,-0.827790,-0.435354,0.487408,0.588838,-0.522845,-0.456291,-0.087233,-0.561727,-0.745888,-1.651502,0.127121
1789149934.629291,-0.099303,0.087622,-0.003047,-0.294089,0.199572,0.451135,-0.072622,0.060205,-0.995541,0.738818,0.000000,0.000000,-0.004999,-0.116588,-0.164672,-0.084864,0.237110,-0.149764,-0.123524,-0.037182,-0.062811,0.103371,-0.370194,0.066951,0.458149,-1.003564,-0.087266,2.443461,0.152716,0.239983,-0.174533,0.152716,0.000000,-0.959931,0.021817,-0.850848,0.436714,-0.827790,-0.435354,0.487408,0.588838,-0.522845,-0.456291,-0.087233,-0.561727,-0.745888,-1.651502,0.127121,0.388952,-0.693624,-0.488556,0.456081,0.378059,-0.476514,-0.400850,-0.190079,-0.684559,-0.576606,-1.819935,-0.017904
1789149934.649321,-0.095086,0.075448,-0.004192,0.172231,-0.108023,0.426368,-0.073175,0.064380,-0.995239,0.739837,0.000000,0.000000,0.003578,-0.128969,-0.163930,-0.041386,0.226046,-0.143844,-0.119414,-0.037379,-0.082351,0.089550,-0.380039,0.051502,0.414516,-0.458149,0.218166,1.788963,-0.567232,0.436332,0.414516,-0.567232,-0.763582,-0.479966,-0.567232,-1.505347,0.388952,-0.693624,-0.488556,0.456081,0.378059,-0.476514,-0.400850,-0.190079,-0.684559,-0.576606,-1.819935,-0.017904,0.252211,-0.459444,-0.241280,0.126292,0.136646,-0.458751,-0.322256,-0.299552,-0.955151,-0.173868,-1.743975,-0.365513
1789149934.669391,-0.091602,0.053310,0.005211,0.405923,-0.299105,0.419577,-0.071097,0.075203,-0.994630,0.741768,0.000000,0.000000,0.010436,-0.127554,-0.157508,-0.011113,0.211085,-0.137013,-0.106554,-0.045704,-0.091893,0.081091,-0.411864,0.026312,0.283616,0.021817,0.545415,1.178098,-1.156281,0.349066,0.719948,-0.981748,-0.414516,-0.589049,-1.352630,-1.701696,0.252211,-0.459444,-0.241280,0.126292,0.136646,-0.458751,-0.322256,-0.299552,-0.955151,-0.173868,-1.743975,-0.365513,0.008640,-0.235990,0.096210,-0.496905,0.198585,-0.573761,-0.212591,-0.247882,-0.959618,0.264153,-1.543699,-0.716039
1789149934.689364,-0.092544,0.043184,0.013013,0.264243,-0.363021,0.438618,-0.068971,0.084192,-0.994060,0.743332,0.000000,0.000000,0.010262,-0.115399,-0.136307,-0.008904,0.187700,-0.141818,-0.097895,-0.053697,-0.094577,0.072599,-0.425701,-0.018565,0.196350,0.283616,1.156281,0.174533,-0.959931,-1.090831,0.196350,-0.109083,0.000000,-0.261799,-0.719949,-1.701696,0.008640,-0.235990,0.096210,-0.496905,0.198585,-0.573761,-0.212591,-0.247882,-0.959618,0.264153,-1.543699,-0.716039,-0.323238,0.063842,0.338419,-1.128506,0.289383,-0.550485,-0.012269,-0.278678,-0.838168,0.585763,-1.350610,-1.041850
1789149934.709461,-0.095440,0.026137,0.021881,-0.152009,-0.345977,0.417446,-0.061932,0.086651,-0.994312,0.744599,0.000000,0.000000,-0.002525,-0.099994,-0.113160,-0.045111,0.174136,-0.158769,-0.090153,-0.063469,-0.094686,0.080968,-0.404994,-0.038328,-0.349066,0.501782,1.308997,-1.243547,-0.567232,-0.523599,0.370883,-0.676315,-0.021817,-0.152716,0.719948,-0.872665,-0.323238,0.063842,0.338419,-1.128506,0.289383,-0.550485,-0.012269,-0.278678,-0.838168,0.585763,-1.350610,-1.041850,-0.644553,0.278291,0.490818,-1.544035,0.399796,-0.644551,0.040271,-0.209178,-0.688393,0.597606,-1.322390,-1.288459
1789149934.729402,-0.098049,0.014643,0.023363,-0.437233,-0.329998,0.285087,-0.051154,0.084235,-0.995132,0.745625,0.000000,0.000000,-0.030369,-0.076713,-0.085101,-0.102631,0.159137,-0.170547,-0.073807,-0.073248,-0.090009,0.111730,-0.368593,-0.056975,-1.156281,0.894481,1.199914,-2.028945,-0.785398,-0.414516,0.698132,-0.065450,0.567232,1.352630,1.352630,-0.698132,-0.644553,0.278291,0.490818,-1.544035,0.399796,-0.644551,0.040271,-0.209178,-0.688393,0.597606,-1.322390,-1.288459,-0.888339,0.448878,0.689899,-1.642630,0.377149,-0.556748,0.098478,-0.348492,-0.663807,0.521581,-1.253313,-1.372264
1789149934.749392,-0.099777,0.004078,0.021372,-0.706346,-0.268079,0.111183,-0.036696,0.074538,-0.996543,0.746456,0.000000,0.000000,-0.065984,-0.050380,-0.082595,-0.155528,0.148886,-0.168268,-0.065909,-0.080761,-0.078847,0.132715,-0.349667,-0.063750,-1.374447,1.199914,-0.458149,-2.748893,-0.719948,0.763582,0.021817,-0.959931,0.414516,0.916298,0.523599,-0.349066,-0.888339,0.448878,0.689899,-1.642630,0.377149,-0.556748,0.098478,-0.348492,-0.663807,0.521581,-1.253313,-1.372264,-1.064352,0.454356,0.625227,-1.661282,0.473783,-0.604622,0.183396,-0.350935,-0.648867,0.506308,-1.377450,-1.346815
1789149934.769345,-0.099525,-0.009005,0.012386,-0.660806,-0.094441,-0.007461,-0.026048,0.064449,-0.997581,0.747130,0.000000,0.000000,-0.104043,-0.022084,-0.103214,-0.197798,0.134269,-0.161553,-0.074955,-0.085097,-0.060251,0.133674,-0.333261,-0.072959,-1.396263,0.938115,-1.134464,-1.876229,-0.698132,0.043633,-0.610865,-0.065450,1.221731,-0.261799,0.567232,-0.436332,-1.064352,0.454356,0.625227,-1.661282,0.473783,-0.604622,0.183396,-0.350935,-0.648867,0.506308,-1.377450,-1.346815,-1.116255,0.278542,0.487566,-1.588030,0.631398,-0.718121,0.127710,-0.387779,-0.612856,0.428995,-1.516335,-1.054635
1789149934.789277,-0.098645,-0.012065,0.008836,-0.605678,-0.019606,-0.092682,-0.017886,0.054091,-0.998376,0.747417,0.000000,0.000000,-0.136531,-0.003897,-0.120291,-0.240029,0.128397,-0.157318,-0.077229,-0.084696,-0.047341,0.132314,-0.339722,-0.078893,-1.418080,0.959931,-0.807215,-2.050762,-0.370883,-0.109083,-0.349066,-0.174533,0.087267,-0.261799,-0.043633,-0.043633,-1.116255,0.278542,0.487566,-1.588030,0.631398,-0.718121,0.127710,-0.387779,-0.612856,0.428995,-1.516335,-1.054635,-1.045940,0.118478,0.400389,-1.397094,0.746570,-0.777605,0.069955,-0.397982,-0.508098,0.212482,-1.649043,-0.731823
1789149934.809457,-0.093814,-0.016028,-0.001462,-0.251478,0.004628,-0.024239,-0.014637,0.049178,-0.998683,0.748117,0.000000,0.000000,-0.160205,0.007183,-0.141050,-0.271396,0.136911,-0.162854,-0.079100,-0.086684,-0.046795,0.123377,-0.354134,-0.082618,-0.807215,0.632682,-1.047198,-1.418080,0.021817,-0.370882,0.501782,-0.218166,0.087266,-0.414516,-0.196350,-0.479966,-1.045940,0.118478,0.400389,-1.397094,0.746570,-0.777605,0.069955,-0.397982,-0.508098,0.212482,-1.649043,-0.731823,-0.793399,-0.074572,0.284734,-1.106878,0.797947,-0.784537,-0.158189,-0.343977,-0.352463,-0.020912,-1.700417,-0.363266
1789149934.829396,-0.086644,-0.008580,-0.006500,0.216306,0.089983,0.058852,-0.018868,0.051094,-0.998516,0.748475,0.000000,0.000000,-0.167273,0.004922,-0.155566,-0.285168,0.149369,-0.170910,-0.070736,-0.085623,-0.055075,0.096649,-0.374314,-0.086324,-0.174533,-0.109083,-0.392699,-0.523599,0.501782,-0.109083,0.523599,0.087266,-0.763582,-1.134464,-0.501782,1.767146,-0.793399,-0.074572,0.284734,-1.106878,0.797947,-0.784537,-0.158189,-0.343977,-0.352463,-0.020912,-1.700417,-0.363266,-0.519098,-0.199012,0.092707,-0.648892,0.891547,-0.813976,-0.457636,-0.172064,-0.155249,-0.293242,-1.710872,-0.198228
1789149934.849390,-0.082842,0.007232,-0.003577,0.596606,0.164951,0.110251,-0.028805,0.056982,-0.997960,0.748764,0.000000,0.000000,-0.161309,-0.011424,-0.151505,-0.277914,0.162180,-0.177406,-0.069702,-0.079054,-0.061715,0.075533,-0.388907,-0.069070,0.021817,-0.589049,0.239983,0.283616,0.894481,-0.436332,0.458149,0.981748,-0.632682,-1.243547,-0.501782,1.963496,-0.519098,-0.199012,0.092707,-0.648892,0.891547,-0.813976,-0.457636,-0.172064,-0.155249,-0.293242,-1.710872,-0.198228,-0.214265,-0.376813,-0.181444,-0.210553,0.987172,-0.823158,-0.645739,-0.033442,-0.118960,-0.524894,-1.753628,0.039532
1789149934.869274,-0.081000,0.020874,0.001314,0.441610,0.299840,0.073899,-0.038765,0.059315,-0.997486,0.748999,0.000000,0.000000,-0.148784,-0.026027,-0.146520,-0.243228,0.186841,-0.180891,-0.080033,-0.065557,-0.046806,0.065972,-0.395567,-0.043708,0.239983,-0.545415,0.174533,1.243547,1.658063,-0.021817,-0.043633,1.025381,0.109083,-0.065450,-0.174533,2.552544,-0.214265,-0.376813,-0.181444,-0.210553,0.987172,-0.823158,-0.645739,-0.033442,-0.118960,-0.524894,-1.753628,0.039532,0.097050,-0.633487,-0.327608,0.190481,1.008169,-0.849755,-0.667913,0.090781,-0.197591,-0.676197,-1.690894,0.214270
1789149934.889277,-0.080656,0.033597,0.004139,0.479027,0.283328,-0.051004,-0.048365,0.064965,-0.996715,0.749189,0.000000,0.000000,-0.122759,-0.043731,-0.144050,-0.199919,0.216509,-0.184065,-0.092602,-0.042235,-0.036959,0.069487,-0.400470,0.001212,1.134464,-0.654499,0.065450,1.876229,1.330814,-0.349066,-0.414516,1.963496,0.218166,0.414516,-0.174533,2.967060,0.097050,-0.633487,-0.327608,0.190481,1.008169,-0.849755,-0.667913,0.090781,-0.197591,-0.676197,-1.690894,0.214270,0.469401,-0.947886,-0.447125,0.476127,0.914903,-0.743835,-0.629404,0.047093,-0.320143,-0.917406,-1.648662,0.313865
1789149934.909410,-0.082247,0.047364,0.002011,0.714584,0.313156,-0.089353,-0.059791,0.073339,-0.995513,0.749343,0.000000,0.000000,-0.076691,-0.069791,-0.144074,-0.136242,0.235329,-0.186506,-0.106976,-0.010836,-0.045928,0.083439,-0.399235,0.043970,2.028945,-0.959931,-0.000000,3.228859,0.654499,0.109083,-0.938115,1.199914,-0.174533,0.567232,-0.327249,2.225295,0.469401,-0.947886,-0.447125,0.476127,0.914903,-0.743835,-0.629404,0.047093,-0.320143,-0.917406,-1.648662,0.313865,0.635804,-1.128992,-0.468729,0.642236,0.637302,-0.555705,-0.521510,-0.110638,-0.560052,-0.993834,-1.625444,0.234533
1789149934.929421,-0.084718,0.050800,-0.002444,0.070898,0.374408,-0.061790,-0.066245,0.070451,-0.995313,0.749468,0.000000,0.000000,-0.015564,-0.102492,-0.147671,-0.068712,0.235416,-0.179290,-0.122379,0.000571,-0.057311,0.091217,-0.397710,0.068391,2.334378,-1.352630,-0.218166,3.141593,-0.021817,1.374447,-0.719949,-0.218166,0.261799,0.152716,0.021817,0.130900,0.635804,-1.128992,-0.468729,0.642236,0.637302,-0.555705,-0.521510,-0.110638,-0.560052,-0.993834,-1.625444,0.234533,0.559652,-1.093820,-0.350155,0.627238,0.360928,-0.509931,-0.423149,-0.145050,-0.818584,-0.812690,-1.630255,0.027029
1789149934.949750,-0.087668,0.049164,-0.007957,-0.306339,0.313821,0.099332,-0.066693,0.061742,-0.995861,0.749569,0.000000,0.000000,0.014623,-0.131590,-0.153605,-0.009008,0.224947,-0.158278,-0.125932,-0.009535,-0.072313,0.087246,-0.391100,0.067598,0.829032,-1.134464,-0.239983,2.312562,0.000000,0.872665,-0.436332,-0.785398,-0.610865,-0.196350,0.327249,-1.025381,0.559652,-1.093820,-0.350155,0.627238,0.360928,-0.509931,-0.423149,-0.145050,-0.818584,-0.812690,-1.630255,0.027029,0.407951,-0.808009,-0.214823,0.399667,0.010382,-0.511003,-0.382918,-0.287816,-1.073987,-0.356647,-1.562562,-0.279225
1789149934.969571,-0.093477,0.041366,-0.010666,0.139208,0.053497,0.145005,-0.069341,0.063071,-0.995597,0.749651,0.000000,0.000000,0.024165,-0.144241,-0.152362,0.035236,0.216542,-0.148284,-0.122981,-0.020228,-0.072978,0.079315,-0.391400,0.041614,0.567232,-0.479966,0.065450,1.788963,-0.872665,0.239983,0.000000,-1.156281,0.021817,-0.872665,-0.239983,-1.483530,0.407951,-0.808009,-0.214823,0.399667,0.010382,-0.511003,-0.382918,-0.287816,-1.073987,-0.356647,-1.562562,-0.279225,0.162945,-0.541013,-0.031117,-0.051057,0.041499,-0.647787,-0.311422,-0.297373,-1.045839,0.084220,-1.435018,-0.555652
1789149934.989547,-0.096473,0.034215,-0.005433,-0.059997,-0.246241,0.175631,-0.065443,0.068684,-0.995490,0.749717,0.000000,0.000000,0.024394,-0.135691,-0.147022,0.045553,0.191938,-0.149617,-0.119387,-0.032064,-0.074680,0.059945,-0.394568,-0.001815,0.261799,0.261799,0.479966,0.327250,-1.287180,-0.938115,0.043633,-0.370883,0.000000,-0.959931,-0.610865,-1.723513,0.162945,-0.541013,-0.031117,-0.051057,0.041499,-0.647787,-0.311422,-0.297373,-1.045839,0.084220,-1.435018,-0.555652,-0.217533,-0.173272,0.118620,-0.628976,0.165802,-0.633138,-0.072061,-0.312243,-0.952168,0.521945,-1.372591,-0.937546
1789149935.009322,-0.100202,0.026543,0.002206,-0.283835,-0.390185,0.309189,-0.056554,0.071900,-0.995807,0.749771,0.000000,0.000000,0.011775,-0.123335,-0.136550,0.024898,0.166309,-0.163392,-0.113019,-0.040106,-0.071759,0.053024,-0.381301,-0.031551,-0.392699,0.283616,0.741765,-0.872664,-1.199914,-0.414516,0.392699,-0.501782,0.021817,-0.654498,0.479966,-1.527163,-0.217533,-0.173272,0.118620,-0.628976,0.165802,-0.633138,-0.072061,-0.312243,-0.952168,0.521945,-1.372591,-0.937546,-0.619949,0.156390,0.337446,-1.257682,0.331369,-0.665057,0.134241,-0.234429,-0.785823,0.771219,-1.378524,-1.275121
1789149935.029336,-0.103904,0.017705,0.010300,-0.268522,-0.483529,0.308257,-0.045781,0.074511,-0.996169,0.749815,0.000000,0.000000,-0.018874,-0.100493,-0.112945,-0.028394,0.150612,-0.177845,-0.090878,-0.050070,-0.071056,0.089610,-0.367074,-0.060352,-1.090831,0.807215,1.265364,-1.876229,-0.785398,-0.545415,1.025381,-0.152716,0.000000,2.312562,0.370883,-1.330814,-0.619949,0.156390,0.337446,-1.257682,0.331369,-0.665057,0.134241,-0.234429,-0.785823,0.771219,-1.378524,-1.275121,-0.879040,0.424832,0.672285,-1.567809,0.320277,-0.472686,0.241594,-0.342866,-0.735002,0.599280,-1.240363,-1.407226
1789149935.049297,-0.105933,0.005436,0.014744,-0.506476,-0.482064,0.224900,-0.031487,0.072345,-0.996883,0.749850,0.000000,0.000000,-0.060320,-0.068900,-0.103962,-0.089855,0.139202,-0.168453,-0.073722,-0.063899,-0.069078,0.142927,-0.363308,-0.077857,-1.483530,1.287180,-0.130900,-2.748893,-0.654499,2.094395,0.109083,-1.199914,0.218166,2.901610,0.000000,-0.567232,-0.879040,0.424832,0.672285,-1.567809,0.320277,-0.472686,0.241594,-0.342866,-0.735002,0.599280,-1.240363,-1.407226,-1.041158,0.588333,0.741902,-1.713371,0.457142,-0.460580,0.310860,-0.355934,-0.668708,0.542751,-1.287077,-1.354753
1789149935.069439,-0.107677,-0.000513,0.013811,-0.424317,-0.423608,0.170704,-0.019808,0.071114,-0.997271,0.749878,0.000000,0.000000,-0.100621,-0.029995,-0.111306,-0.123029,0.121782,-0.154744,-0.078566,-0.075552,-0.051704,0.149772,-0.340651,-0.086272,-1.527163,1.134464,-0.239983,-0.894481,-0.850848,-0.130900,-0.087267,-0.458149,1.156281,-0.283616,0.872665,-0.829031,-1.041158,0.588333,0.741902,-1.713371,0.457142,-0.460580,0.310860,-0.355934,-0.668708,0.542751,-1.287077,-1.354753,-1.183492,0.406387,0.594291,-1.815690,0.639516,-0.616071,0.132644,-0.336974,-0.684210,0.630857,-1.419168,-1.135696
1789149935.089394,-0.106101,-0.005782,0.005985,-0.491961,-0.010951,0.153261,-0.012755,0.063053,-0.997929,0.749901,0.000000,0.000000,-0.132266,-0.005760,-0.113523,-0.152806,0.119324,-0.153359,-0.061513,-0.080186,-0.041938,0.142897,-0.336430,-0.095831,-1.308997,0.785398,-0.196350,-2.356194,-0.349066,-0.610865,0.174533,-0.196350,0.021817,-0.196350,0.000000,-0.043633,-1.183492,0.406387,0.594291,-1.815690,0.639516,-0.616071,0.132644,-0.336974,-0.684210,0.630857,-1.419168,-1.135696,-1.073877,0.256254,0.457433,-1.721290,0.709482,-0.712396,0.080768,-0.363022,-0.566339,0.271177,-1.565550,-0.943439
1789149935.109419,-0.102170,-0.006694,0.001463,-0.617929,0.082659,0.096669,-0.005150,0.052456,-0.998610,0.749920,0.000000,0.000000,-0.164904,-0.003782,-0.134475,-0.208376,0.133402,-0.150588,-0.070739,-0.083725,-0.050343,0.151520,-0.343719,-0.094595,-1.396263,0.807215,-1.483530,-2.574361,0.392699,-0.479966,-0.043633,-0.130900,-0.458149,0.327249,0.043633,-0.436332,-1.073877,0.256254,0.457433,-1.721290,0.709482,-0.712396,0.080768,-0.363022,-0.566339,0.271177,-1.565550,-0.943439,-0.924488,0.146410,0.335247,-1.444434,0.683763,-0.692340,-0.009995,-0.363129,-0.493300,0.075800,-1.671419,-0.690812
1789149935.129576,-0.097086,-0.004631,-0.002098,-0.306472,0.072006,0.042606,-0.001821,0.046796,-0.998903,0.749935,0.000000,0.000000,-0.180336,0.010706,-0.166603,-0.255047,0.144773,-0.158185,-0.062478,-0.083796,-0.055825,0.114069,-0.362242,-0.111983,-0.698132,0.545415,-1.505347,-2.312561,0.370882,-0.130900,0.414516,-0.000000,-0.436332,-2.378011,-0.523599,-1.221731,-0.924488,0.146410,0.335247,-1.444434,0.683763,-0.692340,-0.009995,-0.363129,-0.493300,0.075800,-1.671419,-0.690812,-0.683450,-0.111023,0.134896,-1.004482,0.804193,-0.755445,-0.303039,-0.147818,-0.211001,-0.152971,-1.818608,-0.255039
1789149935.149360,-0.094654,0.001129,-0.001181,-0.134299,0.072539,0.185219,-0.000843,0.044325,-0.999017,0.749948,0.000000,0.000000,-0.184113,0.004832,-0.181702,-0.283638,0.152284,-0.161507,-0.057853,-0.080136,-0.068307,0.076733,-0.379698,-0.120350,-0.239983,-0.239983,-0.109083,-1.221730,0.436332,-0.479966,0.501782,1.069014,-0.807215,-1.352630,-0.479966,2.203478,-0.683450,-0.111023,0.134896,-1.004482,0.804193,-0.755445,-0.303039,-0.147818,-0.211001,-0.152971,-1.818608,-0.255039,-0.392450,-0.205872,-0.134601,-0.508388,0.899826,-0.743986,-0.511587,0.013951,-0.093493,-0.441109,-1.852405,-0.125445
1789149935.169339,-0.091378,0.017264,0.005283,1.051207,0.189452,0.081355,-0.018875,0.056988,-0.998196,0.749958,0.000000,0.000000,-0.173840,-0.016357,-0.168051,-0.274543,0.166691,-0.164261,-0.063321,-0.062702,-0.054161,0.064576,-0.402120,-0.075896,0.174533,-0.610865,0.785398,0.239983,1.178097,-0.000000,0.479966,1.701696,-0.349066,-0.436333,-0.872665,2.181662,-0.392450,-0.205872,-0.134601,-0.508388,0.899826,-0.743986,-0.511587,0.013951,-0.093493,-0.441109,-1.852405,-0.125445,-0.006936,-0.581652,-0.372117,-0.022328,0.984449,-0.793170,-0.628750,0.054485,-0.249115,-0.683872,-1.816766,0.180155
1789149935.189321,-0.089762,0.029603,0.008849,1.028837,0.232728,0.035815,-0.036250,0.068318,-0.997005,0.749966,0.000000,0.000000,-0.149493,-0.027083,-0.153633,-0.239481,0.194575,-0.170918,-0.072460,-0.031911,-0.034518,0.069190,-0.416298,-0.037130,1.090831,-0.370883,0.654499,1.461713,1.352630,-0.632682,-0.087266,1.636246,0.436332,0.719948,-0.501782,3.141593,-0.006936,-0.581652,-0.372117,-0.022328,0.984449,-0.793170,-0.628750,0.054485,-0.249115,-0.683872,-1.816766,0.180155,0.417751,-0.904056,-0.528468,0.388116,0.925111,-0.713348,-0.647616,0.017615,-0.392963,-0.917232,-1.658758,0.343239
1789149935.209334,-0.090050,0.043575,0.006957,1.088758,0.292250,0.037147,-0.055577,0.079968,-0.995247,0.749972,0.000000,0.000000,-0.100482,-0.055351,-0.148072,-0.183241,0.221933,-0.176994,-0.086408,-0.007476,-0.052533,0.090344,-0.421223,0.025371,2.159845,-0.959931,0.065450,2.923427,1.025381,-0.043633,-0.850848,0.807215,-0.305433,0.981748,-0.414516,3.141593,0.417751,-0.904056,-0.528468,0.388116,0.925111,-0.713348,-0.647616,0.017615,-0.392963,-0.917232,-1.658758,0.343239,0.603720,-1.016084,-0.538263,0.591933,0.696352,-0.575126,-0.589372,-0.120595,-0.546624,-0.988214,-1.559725,0.238279
1789149935.229271,-0.092534,0.047542,0.001959,0.367308,0.527940,0.011581,-0.068370,0.078083,-0.994600,0.749977,0.000000,0.000000,-0.037814,-0.088761,-0.152024,-0.106615,0.232643,-0.171382,-0.110180,0.001351,-0.072981,0.098735,-0.410432,0.062511,2.159845,-1.265364,-0.436332,3.359759,0.523599,0.959931,-1.265364,-0.370882,-0.239983,0.130900,0.043633,0.283616,0.603720,-1.016084,-0.538263,0.591933,0.696352,-0.575126,-0.589372,-0.120595,-0.546624,-0.988214,-1.559725,0.238279,0.535983,-1.038177,-0.452740,0.611838,0.364594,-0.534829,-0.473761,-0.204000,-0.766599,-0.813085,-1.620306,0.110151
1789149935.249319,-0.096477,0.045883,-0.004678,-0.217789,0.689460,0.205459,-0.074910,0.065323,-0.995048,0.749982,0.000000,0.000000,-0.003251,-0.114049,-0.154309,-0.030999,0.229067,-0.156718,-0.124451,-0.011540,-0.088683,0.093262,-0.389589,0.066460,0.785399,-1.112648,-0.043633,3.119776,0.196350,0.654499,-0.523599,-1.178097,-0.349066,-0.632682,0.850848,-0.501782,0.535983,-1.038177,-0.452740,0.611838,0.364594,-0.534829,-0.473761,-0.204000,-0.766599,-0.813085,-1.620306,0.110151,0.465878,-0.930599,-0.463633,0.568028,0.248800,-0.609665,-0.447070,-0.171791,-0.824441,-0.621836,-1.654229,0.008378
1789149935.269277,-0.101133,0.039380,-0.009475,-0.150677,0.244180,0.196404,-0.076191,0.059756,-0.995301,0.749985,0.000000,0.000000,-0.000698,-0.130594,-0.154181,0.013502,0.222964,-0.150732,-0.125542,-0.024291,-0.095812,0.073201,-0.385474,0.052978,0.000000,-0.654499,-0.109083,1.854413,-0.589049,0.021817,-0.174533,-0.327249,-0.218166,-1.178097,0.000000,-1.265364,0.465878,-0.930599,-0.463633,0.568028,0.248800,-0.609665,-0.447070,-0.171791,-0.824441,-0.621836,-1.654229,0.008378,0.393592,-0.761791,-0.355217,0.397473,0.131018,-0.621117,-0.387480,-0.248337,-0.933759,-0.372128,-1.669562,-0.175447
1789149935.289406,-0.107844,0.025194,-0.006614,0.065571,-0.074601,0.231691,-0.076029,0.062112,-0.995169,0.749988,0.000000,0.000000,0.001314,-0.132061,-0.153987,0.040287,0.205721,-0.152906,-0.123123,-0.033702,-0.100022,0.048322,-0.394571,0.028538,0.283616,-0.021817,0.218166,1.025381,-1.265364,-0.218166,0.152716,-0.719948,-0.283616,-1.112647,-0.545415,-1.898046,0.393592,-0.761791,-0.355217,0.397473,0.131018,-0.621117,-0.387480,-0.248337,-0.933759,-0.372128,-1.669562,-0.175447,0.205008,-0.473208,-0.089145,-0.067204,0.022788,-0.617079,-0.277724,-0.297788,-1.072365,0.096116,-1.523932,-0.521338
1789149935.309291,-0.116650,0.011490,0.006127,0.017768,-0.116945,0.311453,-0.074302,0.064362,-0.995157,0.749990,0.000000,0.000000,0.004879,-0.127019,-0.149117,0.049657,0.181821,-0.154008,-0.116344,-0.044813,-0.105237,0.026159,-0.410347,-0.003836,0.327249,0.065450,0.239983,0.370883,-1.112647,0.087266,0.196350,-0.741765,-0.239983,-1.178097,-0.654499,-1.723513,0.205008,-0.473208,-0.089145,-0.067204,0.022788,-0.617079,-0.277724,-0.297788,-1.072365,0.096116,-1.523932,-0.521338,-0.123617,-0.182581,0.139532,-0.676407,0.232304,-0.748306,-0.153375,-0.211237,-0.891249,0.425817,-1.435774,-0.864722
1789149935.329402,-0.124246,0.002281,0.015660,-0.124578,-0.249703,0.414117,-0.069819,0.067556,-0.995270,0.749992,0.000000,0.000000,0.000022,-0.115192,-0.135187,0.028700,0.160795,-0.157446,-0.107988,-0.053711,-0.106376,0.033948,-0.400315,-0.045276,-0.218166,0.130900,0.981748,-0.807215,-1.134464,-0.850848,0.392699,-0.174533,-0.021817,0.065450,0.305433,-1.636246,-0.123617,-0.182581,0.139532,-0.676407,0.232304,-0.748306,-0.153375,-0.211237,-0.891249,0.425817,-1.435774,-0.864722,-0.487502,0.149780,0.382023,-1.246163,0.279011,-0.612688,0.080112,-0.261873,-0.769421,0.653337,-1.349571,-1.168659
1789149935.349275,-0.132560,-0.006028,0.021116,-0.219653,-0.582465,0.398272,-0.057819,0.071880,-0.995736,0.749994,0.000000,0.000000,-0.020560,-0.099999,-0.112274,-0.023033,0.139649,-0.174714,-0.097232,-0.065342,-0.104200,0.068999,-0.384080,-0.065547,-0.741765,0.370883,1.112647,-1.854413,-1.156281,0.043633,0.349066,-0.981748,0.305433,2.290745,0.523599,-0.916298,-0.487502,0.149780,0.382023,-1.246163,0.279011,-0.612688,0.080112,-0.261873,-0.769421,0.653337,-1.349571,-1.168659,-0.856043,0.453775,0.676248,-1.667916,0.343688,-0.498522,0.191300,-0.301878,-0.708326,0.633807,-1.271248,-1.293327
1789149935.369348,-0.135792,-0.012356,0.019792,-0.298616,-0.604836,0.276965,-0.045075,0.075180,-0.996151,0.749995,0.000000,0.000000,-0.055256,-0.074978,-0.102184,-0.079721,0.118059,-0.164111,-0.078814,-0.083008,-0.091448,0.120154,-0.365187,-0.084102,-1.221731,1.199914,0.065450,-2.814344,-1.090831,1.199914,0.632682,-1.003564,0.719948,2.203479,0.567232,-0.719948,-0.856043,0.453775,0.676248,-1.667916,0.343688,-0.498522,0.191300,-0.301878,-0.708326,0.633807,-1.271248,-1.293327,-1.098979,0.634971,0.774502,-1.891004,0.515742,-0.439743,0.305689,-0.281264,-0.644943,0.627007,-1.316859,-1.342070
1789149935.389446,-0.140611,-0.019413,0.011609,-0.411268,-0.378068,0.172968,-0.034154,0.073683,-0.996697,0.749996,0.000000,0.000000,-0.099146,-0.041233,-0.104182,-0.102775,0.099880,-0.156986,-0.074393,-0.090524,-0.074977,0.141261,-0.345462,-0.100696,-1.788963,1.308997,-0.087266,-0.065450,-0.938115,0.610865,-0.087266,-0.021817,0.698132,0.349066,0.785398,-0.938114,-1.098979,0.634971,0.774502,-1.891004,0.515742,-0.439743,0.305689,-0.281264,-0.644943,0.627007,-1.316859,-1.342070,-1.231273,0.482750,0.657038,-1.897903,0.699819,-0.571010,0.135910,-0.377630,-0.689181,0.720469,-1.338216,-1.134569
1789149935.409353,-0.140439,-0.020963,0.008030,-0.599819,-0.020139,0.094405,-0.025609,0.062966,-0.997687,0.749996,0.000000,0.000000,-0.138252,-0.007579,-0.107242,-0.109105,0.102242,-0.139993,-0.066624,-0.094524,-0.068816,0.148414,-0.342689,-0.115834,-1.614430,1.658063,-0.305433,-0.894481,-0.218166,0.327249,0.021817,-0.676315,-0.130900,0.218167,-0.065450,-0.458149,-1.231273,0.482750,0.657038,-1.897903,0.699819,-0.571010,0.135910,-0.377630,-0.689181,0.720469,-1.338216,-1.134569,-1.151060,0.292528,0.496059,-1.729265,0.742768,-0.683168,0.156979,-0.447866,-0.600779,0.440128,-1.477165,-0.929109
1789149935.429448,-0.132142,-0.023259,-0.000980,-0.627383,0.041247,0.220106,-0.018258,0.053022,-0.998426,0.749997,0.000000,0.000000,-0.171959,0.017522,-0.124166,-0.127096,0.117347,-0.138703,-0.077371,-0.099875,-0.077870,0.164474,-0.339776,-0.122054,-1.352630,1.636246,-1.221731,-1.003564,0.370883,-0.479966,0.109083,-0.545415,-0.436332,0.676315,0.109083,-0.283616,-1.151060,0.292528,0.496059,-1.729265,0.742768,-0.683168,0.156979,-0.447866,-0.600779,0.440128,-1.477165,-0.929109,-0.978703,0.234018,0.353663,-1.540159,0.684811,-0.687397,0.024682,-0.464395,-0.523119,0.252015,-1.546855,-0.738300
1789149935.449391,-0.127244,-0.020773,-0.002292,-0.651218,0.215284,0.351533,-0.011452,0.041084,-0.999090,0.749998,0.000000,0.000000,-0.189491,0.033652,-0.155522,-0.151645,0.126911,-0.136996,-0.072640,-0.103507,-0.084423,0.137730,-0.353700,-0.124413,-0.807215,0.589049,-1.658063,-1.221731,0.414516,-0.174533,0.174533,-0.349066,-0.261799,-1.658063,-0.065450,-0.283616,-0.978703,0.234018,0.353663,-1.540159,0.684811,-0.687397,0.024682,-0.464395,-0.523119,0.252015,-1.546855,-0.738300,-0.787509,0.065526,0.112768,-1.158044,0.761237,-0.782008,-0.280522,-0.303635,-0.202009,-0.013100,-1.718600,-0.346722
1789149935.469305,-0.120088,-0.008346,-0.001156,-0.198348,-0.086319,0.559526,-0.006777,0.039281,-0.999205,0.749998,0.000000,0.000000,-0.197533,0.032580,-0.175329,-0.179810,0.132706,-0.149148,-0.066343,-0.105215,-0.088991,0.098124,-0.363095,-0.122024,-0.545416,-0.043633,-0.436332,-1.679880,0.327249,-0.938114,0.327249,0.589049,-0.152716,-1.701696,-0.261799,3.097960,-0.787509,0.065526,0.112768,-1.158044,0.761237,-0.782008,-0.280522,-0.303635,-0.202009,-0.013100,-1.718600,-0.346722,-0.577890,0.144667,-0.196149,-0.705093,0.919980,-0.725243,-0.521662,-0.004633,0.048087,-0.350896,-1.836266,-0.245911
1789149935.489705,-0.115567,0.006227,0.000489,0.293671,-0.086718,0.475636,-0.009732,0.041979,-0.999071,0.749999,0.000000,0.000000,-0.193557,0.020289,-0.176518,-0.193830,0.141905,-0.154509,-0.072271,-0.089788,-0.060439,0.057725,-0.382733,-0.091514,0.000000,-0.392699,0.021817,-0.959931,0.938115,-0.043633,0.327249,2.268928,0.327249,-1.788963,-0.610865,1.570796,-0.577890,0.144667,-0.196149,-0.705093,0.919980,-0.725243,-0.521662,-0.004633,0.048087,-0.350896,-1.836266,-0.245911,-0.294218,-0.095640,-0.394855,-0.290015,1.074936,-0.715834,-0.640310,0.174147,-0.011163,-0.571554,-1.948739,0.059856
1789149935.509360,-0.108577,0.033036,0.001001,0.628164,-0.000032,0.360588,-0.019126,0.050342,-0.998549,0.749999,0.000000,0.000000,-0.181367,0.016054,-0.174285,-0.191116,0.178690,-0.162091,-0.082591,-0.047750,-0.015216,0.050269,-0.398155,-0.063564,0.698132,-0.130900,0.218166,-0.545415,2.378011,-0.523599,0.130900,3.032510,1.505346,-0.021817,-0.676315,2.661627,-0.294218,-0.095640,-0.394855,-0.290015,1.074936,-0.715834,-0.640310,0.174147,-0.011163,-0.571554,-1.948739,0.059856,0.110326,-0.457584,-0.535633,0.076263,1.120131,-0.682328,-0.645737,0.309438,-0.196393,-0.823794,-1.874620,0.320297
1789149935.529505,-0.106901,0.050101,-0.000306,1.373716,0.183859,0.203728,-0.041683,0.066125,-0.996940,0.749999,0.000000,0.000000,-0.139828,-0.001154,-0.166453,-0.171574,0.227587,-0.169702,-0.089427,0.003939,-0.009805,0.069438,-0.412022,-0.000416,2.028945,-0.698132,0.305433,0.938115,1.919863,-0.174533,-0.370883,2.836160,0.261799,1.178097,-0.872665,3.839724,0.110326,-0.457584,-0.535633,0.076263,1.120131,-0.682328,-0.645737,0.309438,-0.196393,-0.823794,-1.874620,0.320297,0.461081,-0.806929,-0.631884,0.374760,0.935843,-0.538701,-0.598461,0.116222,-0.469533,-1.015191,-1.742559,0.352564
1789149935.549303,-0.107008,0.063333,-0.004348,0.699271,0.321678,0.146869,-0.051502,0.071220,-0.996130,0.749999,0.000000,0.000000,-0.073383,-0.032872,-0.166169,-0.127205,0.264386,-0.166001,-0.106701,0.039749,-0.033899,0.089177,-0.429715,0.054919,2.639811,-1.090831,-0.109083,2.050762,1.636246,0.807215,-1.069014,0.567232,-0.392699,0.894481,-0.807215,1.701696,0.461081,-0.806929,-0.631884,0.374760,0.935843,-0.538701,-0.598461,0.116222,-0.469533,-1.015191,-1.742559,0.352564,0.465304,-0.907980,-0.547205,0.463861,0.605447,-0.462332,-0.450808,-0.047841,-0.718666,-0.872606,-1.759254,0.171878
1789149935.569528,-0.108807,0.071028,-0.009817,-0.004869,0.455102,0.208654,-0.057812,0.068735,-0.995958,0.749999,0.000000,0.000000,-0.015735,-0.070776,-0.173491,-0.067956,0.271913,-0.150272,-0.125215,0.043820,-0.061617,0.097712,-0.423830,0.069763,1.767146,-1.570796,-0.327249,2.857977,0.305433,0.807215,-0.676315,-1.199914,-0.174533,0.065450,0.196350,-1.287180,0.465304,-0.907980,-0.547205,0.463861,0.605447,-0.462332,-0.450808,-0.047841,-0.718666,-0.872606,-1.759254,0.171878,0.388185,-0.807560,-0.363144,0.415200,0.146164,-0.480415,-0.407170,-0.264887,-0.993186,-0.520515,-1.718973,-0.086319
1789149935.589288,-0.111937,0.067848,-0.017460,0.129754,0.594918,0.191743,-0.067264,0.061222,-0.995855,0.749999,0.000000,0.000000,0.000365,-0.097444,-0.171710,-0.013284,0.268048,-0.137992,-0.124389,0.016563,-0.066343,0.088244,-0.418466,0.047635,0.370883,-1.047198,0.196350,2.356195,-0.087267,0.523599,-0.218166,-2.552544,-0.458149,-0.785398,0.218166,-1.701696,0.388185,-0.807560,-0.363144,0.415200,0.146164,-0.480415,-0.407170,-0.264887,-0.993186,-0.520515,-1.718973,-0.086319,0.253310,-0.720540,-0.228797,0.277903,0.109941,-0.696932,-0.405206,-0.223400,-0.932012,-0.328130,-1.644344,-0.200540
1789149935.609303,-0.116975,0.061363,-0.016888,-0.266791,0.339255,0.159253,-0.067389,0.052625,-0.996338,0.750000,0.000000,0.000000,0.004816,-0.106100,-0.170082,0.023248,0.261370,-0.134506,-0.123156,-0.011357,-0.080352,0.062598,-0.412003,0.015775,0.327250,-0.567232,0.152716,1.352630,-0.414516,-0.741765,0.000000,-1.003564,-0.719949,-1.461713,0.000000,-1.636246,0.253310,-0.720540,-0.228797,0.277903,0.109941,-0.696932,-0.405206,-0.223400,-0.932012,-0.328130,-1.644344,-0.200540,0.154908,-0.565568,-0.134216,0.065749,0.105539,-0.719985,-0.362872,-0.237083,-0.893012,-0.147823,-1.686725,-0.389764
1789149935.629313,-0.126754,0.045676,-0.005018,-0.245220,0.082126,0.197070,-0.064665,0.051061,-0.996600,0.750000,0.000000,0.000000,-0.000382,-0.109628,-0.166218,0.030742,0.252834,-0.149832,-0.122109,-0.022167,-0.094912,0.029203,-0.408932,-0.011878,-0.152716,-0.152716,0.174533,0.327250,-0.305433,-0.589049,0.000000,-0.392699,-0.850848,-1.767146,-0.305433,-1.658063,0.154908,-0.565568,-0.134216,0.065749,0.105539,-0.719985,-0.362872,-0.237083,-0.893012,-0.147823,-1.686725,-0.389764,-0.040387,-0.370832,-0.037303,-0.229067,0.260066,-0.773177,-0.282265,-0.162581,-0.774346,0.013096,-1.785028,-0.546050
1789149935.649293,-0.133923,0.034321,0.006381,-0.276512,-0.046371,0.283090,-0.058993,0.050676,-0.996971,0.750000,0.000000,0.000000,-0.006463,-0.108352,-0.164775,0.024317,0.244890,-0.162172,-0.117451,-0.028060,-0.108484,0.007291,-0.418447,-0.044873,-0.261799,-0.218166,0.130900,-0.087267,-0.436332,-1.047198,0.109083,-0.130900,-0.349066,-0.981748,-0.370883,-1.308997,-0.040387,-0.370832,-0.037303,-0.229067,0.260066,-0.773177,-0.282265,-0.162581,-0.774346,0.013096,-1.785028,-0.546050,-0.205962,-0.192755,0.071398,-0.564103,0.305353,-0.775120,-0.229973,-0.194908,-0.748107,0.225602,-1.772033,-0.693368
1789149935.669292,-0.143717,0.016641,0.019557,-0.005136,-0.302035,0.316246,-0.053256,0.056654,-0.996972,0.750000,0.000000,0.000000,-0.019684,-0.100798,-0.160584,0.003698,0.223725,-0.178914,-0.110587,-0.039519,-0.107356,0.010413,-0.439388,-0.074415,-0.370883,0.196350,0.283616,-0.741765,-1.287180,-0.698132,0.239983,-0.850848,0.305433,0.043633,-0.894481,-1.352630,-0.205962,-0.192755,0.071398,-0.564103,0.305353,-0.775120,-0.229973,-0.194908,-0.748107,0.225602,-1.772033,-0.693368,-0.460076,0.053126,0.287462,-1.034447,0.381191,-0.728838,-0.072519,-0.236770,-0.750578,0.522122,-1.607097,-0.908118
1789149935.689563,-0.151235,0.007065,0.022237,-0.143487,-0.642120,0.257257,-0.042581,0.064657,-0.996999,0.750000,0.000000,0.000000,-0.035774,-0.089546,-0.159098,-0.032799,0.192898,-0.188183,-0.107074,-0.057256,-0.092665,0.036563,-0.448957,-0.093202,-0.589049,0.305433,0.196350,-1.614430,-1.636246,-0.043633,0.196350,-1.112647,1.090831,1.156281,-0.239983,-1.003564,-0.460076,0.053126,0.287462,-1.034447,0.381191,-0.728838,-0.072519,-0.236770,-0.750578,0.522122,-1.607097,-0.908118,-0.865135,0.367380,0.542690,-1.527522,0.488487,-0.618546,0.152652,-0.259356,-0.687425,0.731990,-1.458770,-1.124974
1789149935.709270,-0.157441,-0.000883,0.018588,-0.156669,-0.715091,0.209587,-0.031681,0.073083,-0.996823,0.750000,0.000000,0.000000,-0.060443,-0.071910,-0.155078,-0.075559,0.164714,-0.202315,-0.096180,-0.073564,-0.065037,0.081456,-0.428062,-0.115654,-0.894481,0.632682,0.239983,-1.374447,-1.418080,0.239983,0.829032,-0.741765,1.308997,2.334378,0.829031,-0.981748,-0.865135,0.367380,0.542690,-1.527522,0.488487,-0.618546,0.152652,-0.259356,-0.687425,0.731990,-1.458770,-1.124974,-1.150150,0.556423,0.767338,-1.843266,0.546924,-0.492259,0.217218,-0.339460,-0.659172,0.725823,-1.338764,-1.158577
1789149935.729275,-0.156731,-0.010026,0.005662,-0.622856,-0.327068,0.064977,-0.018109,0.069242,-0.997435,0.750000,0.000000,0.000000,-0.101687,-0.037006,-0.156218,-0.089236,0.146164,-0.178159,-0.076539,-0.084025,-0.046591,0.136418,-0.397830,-0.130593,-1.679880,1.832596,-0.327249,-0.392699,-0.785398,1.985312,0.043633,-0.698132,0.392699,2.661627,0.894481,-1.003564,-1.150150,0.556423,0.767338,-1.843266,0.546924,-0.492259,0.217218,-0.339460,-0.659172,0.725823,-1.338764,-1.158577,-1.225408,0.589155,0.771858,-1.778925,0.578089,-0.498968,0.161305,-0.530916,-0.695703,0.668088,-1.219524,-1.084405
1789149935.749229,-0.155726,-0.014701,-0.002120,-0.759210,-0.166080,0.122901,-0.006796,0.060614,-0.998138,0.750000,0.000000,0.000000,-0.146769,0.007854,-0.166990,-0.102339,0.138959,-0.147874,-0.085727,-0.093687,-0.044281,0.162355,-0.365787,-0.152862,-1.919863,1.701696,-0.632682,-0.981748,-0.349066,1.199914,-0.261799,-1.199914,0.218166,0.763582,1.199914,-0.916298,-1.225408,0.589155,0.771858,-1.778925,0.578089,-0.498968,0.161305,-0.530916,-0.695703,0.668088,-1.219524,-1.084405,-1.242236,0.473525,0.593166,-1.771904,0.637947,-0.618137,0.158954,-0.491447,-0.662818,0.680144,-1.290687,-1.001145
1789149935.769278,-0.150267,-0.017126,-0.007924,-0.912208,-0.069807,0.279761,0.008161,0.050550,-0.998688,0.750000,0.000000,0.000000,-0.176652,0.033887,-0.179082,-0.136259,0.137168,-0.131174,-0.081884,-0.104470,-0.036711,0.165625,-0.334687,-0.165388,-1.374447,0.719949,-0.523599,-2.050762,-0.109083,0.043633,-0.065450,-0.305432,0.152716,-0.109083,1.156281,-0.545416,-1.242236,0.473525,0.593166,-1.771904,0.637947,-0.618137,0.158954,-0.491447,-0.662818,0.680144,-1.290687,-1.001145,-1.136413,0.321541,0.440108,-1.775109,0.648212,-0.702515,0.088253,-0.448312,-0.589442,0.424964,-1.483301,-0.882142
1789149935.789312,-0.142206,-0.015496,-0.013052,-0.615133,-0.124402,0.358191,0.019071,0.043441,-0.998874,0.750000,0.000000,0.000000,-0.203819,0.044023,-0.191389,-0.180655,0.140214,-0.134135,-0.077982,-0.111135,-0.036078,0.167002,-0.331330,-0.176307,-1.221731,0.807215,-0.763582,-2.268928,0.000000,-0.741765,-0.239983,-0.152716,0.130900,0.043633,-0.021817,-0.218166,-1.136413,0.321541,0.440108,-1.775109,0.648212,-0.702515,0.088253,-0.448312,-0.589442,0.424964,-1.483301,-0.882142,-0.980855,0.233415,0.274929,-1.656243,0.752805,-0.727385,-0.022508,-0.380008,-0.499258,0.177521,-1.631999,-0.666350
1789149935.809399,-0.134819,-0.004800,-0.015002,-0.352944,-0.050100,0.526503,0.024140,0.039530,-0.998927,0.750000,0.000000,0.000000,-0.216162,0.050045,-0.209843,-0.222974,0.142194,-0.147313,-0.074276,-0.113750,-0.036299,0.133846,-0.351268,-0.173629,-0.741765,0.196350,-0.938115,-2.268928,0.087266,-0.938115,0.959931,0.130900,-0.261799,-1.745329,-0.414516,1.723513,-0.980855,0.233415,0.274929,-1.656243,0.752805,-0.727385,-0.022508,-0.380008,-0.499258,0.177521,-1.631999,-0.666350,-0.748127,0.172130,-0.012794,-1.202087,0.862301,-0.726628,-0.371779,-0.176937,-0.122428,-0.210387,-1.774563,-0.382663
1789149935.829309,-0.132746,0.001124,-0.014704,0.073827,0.026466,0.584826,0.022362,0.036519,-0.999083,0.750000,0.000000,0.000000,-0.218292,0.048779,-0.223776,-0.261521,0.156901,-0.158701,-0.067447,-0.104140,-0.050556,0.083854,-0.374045,-0.152186,-0.370883,0.000000,-0.414516,-1.832596,0.829032,-0.545415,0.589049,1.592613,-0.894481,-2.312562,-0.501782,2.661627,-0.748127,0.172130,-0.012794,-1.202087,0.862301,-0.726628,-0.371779,-0.176937,-0.122428,-0.210387,-1.774563,-0.382663,-0.498913,0.080689,-0.353349,-0.652277,0.991245,-0.663702,-0.574201,0.110127,0.031890,-0.492766,-1.922734,-0.151994
1789149935.849316,-0.123482,0.025803,-0.010426,0.940952,0.185457,0.515850,0.004791,0.043655,-0.999035,0.750000,0.000000,0.000000,-0.208193,0.044877,-0.218992,-0.273501,0.177463,-0.156061,-0.072814,-0.072629,-0.033863,0.030315,-0.395441,-0.104500,0.370883,-0.130900,0.523599,-0.872665,1.330814,0.436332,0.458149,3.250676,-0.130900,-3.207043,-0.698132,3.359759,-0.498913,0.080689,-0.353349,-0.652277,0.991245,-0.663702,-0.574201,0.110127,0.031890,-0.492766,-1.922734,-0.151994,-0.177537,-0.211272,-0.671713,-0.104036,1.160904,-0.706697,-0.741048,0.410292,-0.022164,-0.751096,-1.991738,0.115938
1789149935.869323,-0.119440,0.043865,-0.007020,1.367458,0.405301,0.441282,-0.022377,0.056569,-0.998148,0.750000,0.000000,0.000000,-0.180445,0.037214,-0.198490,-0.260627,0.208934,-0.159413,-0.080202,-0.015772,-0.006467,0.027477,-0.415992,-0.050409,1.308997,-0.196350,1.003564,0.436332,1.898046,-0.589049,0.065450,4.297874,0.719948,1.090831,-1.243547,3.665191,-0.177537,-0.211272,-0.671713,-0.104036,1.160904,-0.706697,-0.741048,0.410292,-0.022164,-0.751096,-1.991738,0.115938,0.333141,-0.774563,-0.843166,0.275433,0.960219,-0.538611,-0.560370,0.152460,-0.449973,-1.019147,-1.908646,0.496152
1789149935.889306,-0.117691,0.067883,-0.002605,1.129371,0.520616,0.383491,-0.045818,0.063660,-0.996919,0.750000,0.000000,0.000000,-0.124933,0.014693,-0.192943,-0.213481,0.250418,-0.161387,-0.097860,0.036872,-0.006786,0.043629,-0.442603,0.013176,2.421645,-0.741765,-0.000000,2.748894,1.767146,0.632682,-1.178097,1.636246,0.000000,0.305433,-1.461713,4.079707,0.333141,-0.774563,-0.843166,0.275433,0.960219,-0.538611,-0.560370,0.152460,-0.449973,-1.019147,-1.908646,0.496152,0.535059,-0.963550,-0.872486,0.566617,0.869994,-0.522800,-0.532084,0.190183,-0.597782,-0.999140,-1.831500,0.371471
1789149935.909288,-0.117404,0.075884,-0.001970,0.416176,0.734867,0.405995,-0.056704,0.058759,-0.996660,0.750000,0.000000,0.000000,-0.053756,-0.031187,-0.199262,-0.138380,0.262242,-0.154381,-0.120366,0.056602,-0.063043,0.045489,-0.459211,0.083894,2.748894,-2.028946,-0.349066,3.861541,0.719948,0.545415,-1.047198,0.458149,-2.159845,-0.000000,-0.545415,0.654498,0.535059,-0.963550,-0.872486,0.566617,0.869994,-0.522800,-0.532084,0.190183,-0.597782,-0.999140,-1.831500,0.371471,0.483351,-0.918484,-0.739034,0.549448,0.333941,-0.402803,-0.361053,-0.154840,-0.923846,-0.783639,-1.943241,0.101576
1789149935.929829,-0.121223,0.076945,-0.002993,-0.273715,0.909837,0.582695,-0.061991,0.040710,-0.997246,0.750000,0.000000,0.000000,-0.007508,-0.069584,-0.205270,-0.055193,0.274209,-0.139486,-0.129559,0.047474,-0.089226,0.034341,-0.451166,0.079809,1.374447,-1.701697,-0.065450,3.774275,0.872665,1.374447,-0.239983,-2.116212,-0.632682,-0.894481,0.523599,-1.876229,0.483351,-0.918484,-0.739034,0.549448,0.333941,-0.402803,-0.361053,-0.154840,-0.923846,-0.783639,-1.943241,0.101576,0.309883,-0.784772,-0.558551,0.402373,0.220467,-0.547475,-0.314036,-0.079414,-0.960068,-0.477395,-1.928328,-0.008871
1789149935.949549,-0.125926,0.069758,-0.002230,0.093268,0.608900,0.436222,-0.070044,0.031439,-0.997048,0.750000,0.000000,0.000000,0.002272,-0.087575,-0.201845,0.007407,0.281425,-0.126142,-0.123701,0.017858,-0.106745,0.001695,-0.450929,0.047900,0.392699,-0.632682,-0.000000,2.683444,-0.130900,0.043633,0.130900,-1.330814,-1.047198,-2.159845,0.043633,-1.461713,0.309883,-0.784772,-0.558551,0.402373,0.220467,-0.547475,-0.314036,-0.079414,-0.960068,-0.477395,-1.928328,-0.008871,0.248291,-0.746603,-0.493793,0.304360,0.378875,-0.700143,-0.395572,-0.049472,-0.759560,-0.399355,-1.955386,-0.022579
1789149935.969689,-0.133112,0.061255,0.002332,-0.183434,0.103032,0.393611,-0.067961,0.027787,-0.997301,0.750000,0.000000,0.000000,0.001459,-0.092961,-0.198659,0.034315,0.266988,-0.130056,-0.117925,0.002360,-0.117988,-0.032277,-0.453223,0.025268,0.174533,-0.349066,0.392699,0.850848,-1.199914,-0.916298,0.414516,-0.174533,-0.370883,-1.221731,-0.567232,-1.090831,0.248291,-0.746603,-0.493793,0.304360,0.378875,-0.700143,-0.395572,-0.049472,-0.759560,-0.399355,-1.955386,-0.022579,0.242688,-0.631050,-0.387752,0.125648,0.270512,-0.629905,-0.302200,-0.154591,-0.905485,-0.252146,-1.963243,-0.189553
1789149935.989361,-0.143617,0.045284,0.019055,0.121897,-0.169542,0.376700,-0.068287,0.032440,-0.997138,0.750000,0.000000,0.000000,-0.000259,-0.101535,-0.190704,0.040091,0.235119,-0.143167,-0.114917,-0.008687,-0.124083,-0.054218,-0.467294,0.002718,0.196350,-0.545416,0.283616,0.239983,-1.745329,-0.458149,0.283616,-1.047198,-0.087267,-0.916298,-0.741765,-2.159845,0.242688,-0.631050,-0.387752,0.125648,0.270512,-0.629905,-0.302200,-0.154591,-0.905485,-0.252146,-1.963243,-0.189553,0.043793,-0.375821,-0.063024,-0.371079,0.125010,-0.635612,-0.194941,-0.213198,-1.099324,0.268162,-1.730936,-0.536944
1789149936.010445,-0.152822,0.036553,0.029442,0.171965,-0.176866,0.352998,-0.069362,0.037291,-0.996894,0.750000,0.000000,0.000000,0.003106,-0.103907,-0.185433,0.034159,0.203433,-0.154717,-0.106862,-0.026127,-0.122054,-0.052790,-0.483245,-0.023274,0.152716,-0.261799,0.130900,-0.392699,-1.570796,-0.414516,0.218166,-1.287180,0.043633,0.021817,-0.719948,-1.745329,0.043793,-0.375821,-0.063024,-0.371079,0.125010,-0.635612,-0.194941,-0.213198,-1.099324,0.268162,-1.730936,-0.536944,-0.354317,-0.052408,0.220269,-1.046661,0.279889,-0.627344,0.072808,-0.176056,-0.963157,0.664808,-1.489881,-0.918041
1789149936.029323,-0.164892,0.025229,0.034007,-0.128839,-0.347841,0.410922,-0.063977,0.042180,-0.997060,0.750000,0.000000,0.000000,-0.004377,-0.098573,-0.181023,0.003840,0.180212,-0.159085,-0.101778,-0.042601,-0.117296,0.002327,-0.460749,-0.063700,-0.305433,-0.239983,0.458149,-0.719949,-0.850848,-0.327249,0.109083,-0.589049,0.501782,4.406957,0.894481,-1.003564,-0.354317,-0.052408,0.220269,-1.046661,0.279889,-0.627344,0.072808,-0.176056,-0.963157,0.664808,-1.489881,-0.918041,-0.683785,0.252175,0.689796,-1.424920,0.119697,-0.329809,0.104366,-0.352501,-0.864128,0.475673,-1.161610,-0.990469
1789149936.049259,-0.173791,0.019338,0.030818,-0.543760,-0.551040,0.314249,-0.048971,0.045506,-0.997763,0.750000,0.000000,0.000000,-0.033521,-0.092502,-0.176153,-0.044479,0.154621,-0.152606,-0.091707,-0.062310,-0.100069,0.087764,-0.420451,-0.076957,-1.265364,0.000000,0.021817,-2.923427,-1.352630,2.596177,0.065450,-1.767146,0.959931,4.734206,2.072578,-1.112648,-0.683785,0.252175,0.689796,-1.424920,0.119697,-0.329809,0.104366,-0.352501,-0.864128,0.475673,-1.161610,-0.990469,-0.982523,0.547188,0.927430,-1.632366,0.196121,-0.127654,0.250368,-0.375593,-0.788781,0.404281,-1.183506,-0.966739
1789149936.069251,-0.181234,0.010249,0.018888,-0.607676,-0.679671,0.138081,-0.031543,0.050915,-0.998205,0.750000,0.000000,0.000000,-0.074005,-0.063208,-0.176573,-0.099228,0.116925,-0.112387,-0.083515,-0.080488,-0.072894,0.111517,-0.351336,-0.099161,-1.527163,1.570796,-0.021817,-1.854413,-1.658063,2.225295,0.239983,-0.741765,1.788963,-0.218166,3.337942,-1.243547,-0.982523,0.547188,0.927430,-1.632366,0.196121,-0.127654,0.250368,-0.375593,-0.788781,0.404281,-1.183506,-0.966739,-1.287692,0.562463,0.764285,-1.823179,0.510640,-0.320934,0.209489,-0.328243,-0.760631,0.801841,-1.262802,-0.952155
1789149936.089307,-0.181817,0.004260,0.008055,-0.674521,-0.593384,0.068972,-0.013849,0.053894,-0.998451,0.750000,0.000000,0.000000,-0.118448,-0.027781,-0.172310,-0.124827,0.086152,-0.105487,-0.046498,-0.088449,-0.038227,0.106821,-0.320468,-0.134820,-1.592613,1.156281,0.152716,-1.788963,-1.374447,-0.872665,1.330814,-0.065450,1.265364,-0.632682,0.938114,-1.636246,-1.287692,0.562463,0.764285,-1.823179,0.510640,-0.320934,0.209489,-0.328243,-0.760631,0.801841,-1.262802,-0.952155,-1.506733,0.503527,0.687325,-2.074767,0.709651,-0.494574,0.164416,-0.306225,-0.810665,0.837022,-1.257236,-1.060783
1789149936.109419,-0.178978,-0.001508,-0.001778,-1.064541,-0.165015,-0.076836,0.006786,0.042824,-0.999060,0.750000,0.000000,0.000000,-0.164287,-0.014871,-0.187159,-0.179930,0.093314,-0.100249,-0.042511,-0.090712,-0.035211,0.147787,-0.321205,-0.152339,-2.050762,1.265364,-1.330814,-2.421645,-0.239983,-0.087266,-0.698132,-0.043633,-0.654499,3.359759,-0.021817,-0.698132,-1.506733,0.503527,0.687325,-2.074767,0.709651,-0.494574,0.164416,-0.306225,-0.810665,0.837022,-1.257236,-1.060783,-1.476172,0.611289,0.733815,-1.879680,0.587676,-0.420294,0.184733,-0.635061,-0.949621,0.512687,-1.145383,-1.200564
1789149936.129440,-0.172272,-0.007468,-0.009875,-0.849757,0.157760,0.073632,0.019197,0.031173,-0.999330,0.750000,0.000000,0.000000,-0.209748,0.027227,-0.218600,-0.200740,0.105340,-0.095035,-0.052735,-0.095574,-0.048197,0.183312,-0.319500,-0.172134,-1.723513,1.919863,-1.592613,-1.069014,0.392699,2.028945,-0.021817,-1.810779,-0.414516,1.199914,0.000000,-0.741765,-1.476172,0.611289,0.733815,-1.879680,0.587676,-0.420294,0.184733,-0.635061,-0.949621,0.512687,-1.145383,-1.200564,-1.185715,0.245633,0.486762,-1.768826,0.672586,-0.638503,0.183977,-0.499164,-0.815788,0.424484,-1.278395,-0.925574
1789149936.149454,-0.167638,-0.006914,-0.010587,-0.952289,0.196509,0.396141,0.033469,0.018275,-0.999273,0.750000,0.000000,0.000000,-0.235701,0.054108,-0.245322,-0.249290,0.108948,-0.093226,-0.057559,-0.109731,-0.052209,0.163822,-0.303361,-0.176888,-1.265364,0.589049,-0.981748,-2.334378,0.283616,-1.352630,-0.807215,-0.152716,-0.414516,-2.465278,0.479966,-0.392699,-1.185715,0.245633,0.486762,-1.768826,0.672586,-0.638503,0.183977,-0.499164,-0.815788,0.424484,-1.278395,-0.925574,-1.008233,0.068572,0.058074,-1.680983,0.818047,-0.826118,-0.088017,-0.277493,-0.537123,0.150488,-1.642154,-0.530438
1789149936.169450,-0.154735,0.003590,-0.008202,-0.289961,0.105562,0.529299,0.033715,0.013961,-0.999334,0.750000,0.000000,0.000000,-0.243340,0.047348,-0.257106,-0.286927,0.120219,-0.124329,-0.052893,-0.110865,-0.063744,0.129736,-0.309887,-0.176860,-0.479966,0.065450,-0.545416,-1.963496,0.545415,-2.268928,0.479966,1.025381,-0.567232,-1.287180,-0.043633,2.879793,-1.008233,0.068572,0.058074,-1.680983,0.818047,-0.826118,-0.088017,-0.277493,-0.537123,0.150488,-1.642154,-0.530438,-0.675950,-0.022065,-0.254944,-1.203839,0.984897,-0.773146,-0.337901,-0.154077,-0.184756,-0.260308,-1.780681,-0.196268
1789149936.189382,-0.148187,0.017708,-0.006242,0.635887,0.272809,0.684961,0.017981,0.012287,-0.999763,0.750000,0.000000,0.000000,-0.242175,0.038468,-0.262852,-0.318160,0.144397,-0.156787,-0.050897,-0.096551,-0.085351,0.079089,-0.346400,-0.134454,-0.065450,-0.305433,-0.043633,-1.527164,1.178097,-1.636246,0.916298,1.701696,-0.785398,-2.487095,-1.614430,3.119776,-0.675950,-0.022065,-0.254944,-1.203839,0.984897,-0.773146,-0.337901,-0.154077,-0.184756,-0.260308,-1.780681,-0.196268,-0.323123,-0.195747,-0.692778,-0.546060,1.090366,-0.679754,-0.561958,0.177915,-0.019509,-0.593932,-1.962596,0.130893
1789149936.209343,-0.142528,0.034039,-0.004104,1.334967,0.343516,0.628236,-0.008382,0.017733,-0.999808,0.750000,0.000000,0.000000,-0.220302,0.027061,-0.255650,-0.317552,0.179563,-0.174698,-0.049928,-0.063438,-0.059070,0.004501,-0.361871,-0.067338,0.938115,-0.261799,0.719948,-0.392699,2.334378,-0.327249,0.698132,3.425209,0.676315,-4.472406,-0.305433,3.905174,-0.323123,-0.195747,-0.692778,-0.546060,1.090366,-0.679754,-0.561958,0.177915,-0.019509,-0.593932,-1.962596,0.130893,-0.025060,-0.420315,-0.975602,0.127677,1.272972,-0.655435,-0.757299,0.651175,-0.012200,-0.832146,-2.050263,0.367389
1789149936.229349,-0.136827,0.063279,-0.001120,1.859876,0.336059,0.431162,-0.044523,0.029420,-0.998575,0.750000,0.000000,0.000000,-0.172578,0.010126,-0.234016,-0.282771,0.228571,-0.172977,-0.050327,0.000719,-0.023443,-0.079728,-0.367969,0.009522,1.898046,-0.523599,1.069014,1.548980,2.225295,0.109083,-0.065450,5.105088,1.003564,-3.010693,-0.785399,4.276056,-0.025060,-0.420315,-0.975602,0.127677,1.272972,-0.655435,-0.757299,0.651175,-0.012200,-0.832146,-2.050263,0.367389,0.455472,-0.879475,-1.114878,0.614345,1.354370,-0.672774,-0.769984,0.718390,-0.212606,-1.154829,-2.090155,0.612429
1789149936.249284,-0.136091,0.081570,-0.000090,1.459204,0.568952,0.422506,-0.075448,0.032525,-0.996619,0.750000,0.000000,0.000000,-0.110267,-0.011110,-0.229192,-0.221302,0.277097,-0.170768,-0.077592,0.081836,-0.010842,-0.084827,-0.408888,0.073131,2.574361,-0.807215,-0.218166,3.708825,2.247112,0.065450,-1.658063,4.188791,0.305433,0.567232,-2.748894,3.861541,0.455472,-0.879475,-1.114878,0.614345,1.354370,-0.672774,-0.769984,0.718390,-0.212606,-1.154829,-2.090155,0.612429,0.715989,-1.234895,-1.148984,0.793347,0.852193,-0.394836,-0.366346,0.309210,-0.769822,-1.184941,-2.213764,0.530660
1789149936.269334,-0.134327,0.091273,-0.000750,0.022828,0.843391,0.479498,-0.083321,0.018587,-0.996349,0.750000,0.000000,0.000000,-0.034367,-0.047836,-0.248753,-0.129239,0.317122,-0.159377,-0.120470,0.138232,-0.038145,-0.081514,-0.472099,0.122799,3.032510,-1.854413,-1.069014,4.974188,1.439897,1.919863,-2.268928,1.548980,-0.785398,-0.479966,-2.421645,0.610865,0.715989,-1.234895,-1.148984,0.793347,0.852193,-0.394836,-0.366346,0.309210,-0.769822,-1.184941,-2.213764,0.530660,0.568001,-1.235856,-0.972491,0.741010,0.399233,-0.316586,-0.127331,0.151054,-1.142270,-0.832598,-2.352422,0.155167
1789149936.289331,-0.136110,0.093229,-0.002221,-0.408338,0.997189,0.728637,-0.084563,-0.002569,-0.996415,0.750000,0.000000,0.000000,0.032583,-0.091406,-0.266024,-0.032144,0.302423,-0.129628,-0.129652,0.130677,-0.109281,-0.106870,-0.521849,0.121476,2.574361,-2.312562,-0.567232,4.385140,-0.087267,1.658063,-0.479966,-1.701696,-1.788963,-1.919863,-1.178098,-1.854413,0.568001,-1.235856,-0.972491,0.741010,0.399233,-0.316586,-0.127331,0.151054,-1.142270,-0.832598,-2.352422,0.155167,0.312772,-0.929916,-0.695519,0.448755,0.190562,-0.433787,-0.160807,0.129224,-1.191869,-0.464680,-2.318774,-0.112148
1789149936.309307,-0.138897,0.084737,-0.002552,-0.852953,0.714760,0.815589,-0.074942,-0.022624,-0.996931,0.750000,0.000000,0.000000,0.048866,-0.131246,-0.278906,0.039943,0.308046,-0.112313,-0.115793,0.087211,-0.096832,-0.150403,-0.539393,0.066100,0.305433,-1.854413,-0.676315,2.945243,-0.632682,0.087267,0.283616,-2.181661,0.458149,-1.614430,-0.218167,-2.661628,0.312772,-0.929916,-0.695519,0.448755,0.190562,-0.433787,-0.160807,0.129224,-1.191869,-0.464680,-2.318774,-0.112148,0.206006,-0.658652,-0.430337,0.078987,0.118298,-0.631129,-0.229745,0.053670,-1.066222,-0.155112,-2.112311,-0.158153
1789149936.329275,-0.139951,0.078303,-0.001006,-0.349615,-0.238385,0.516516,-0.066621,-0.021062,-0.997556,0.750000,0.000000,0.000000,0.040882,-0.146425,-0.276793,0.062788,0.273159,-0.118976,-0.113186,0.058508,-0.107530,-0.133233,-0.541405,0.014834,0.000000,-1.352630,0.479966,0.829031,-1.810779,-1.243547,0.632682,-1.396263,-0.218166,1.243547,-1.025381,-2.094396,0.206006,-0.658652,-0.430337,0.078987,0.118298,-0.631129,-0.229745,0.053670,-1.066222,-0.155112,-2.112311,-0.158153,-0.055342,-0.373089,-0.033359,-0.645852,-0.117903,-0.431842,-0.018093,-0.155737,-1.282486,0.516831,-1.717738,-0.510123
1789149936.349292,-0.144962,0.059026,0.014619,0.082083,-0.637859,0.557262,-0.063201,-0.008591,-0.997964,0.750000,0.000000,0.000000,0.037565,-0.163758,-0.264229,0.050740,0.233464,-0.134528,-0.108321,0.035129,-0.103764,-0.082414,-0.536396,-0.018251,-0.021817,-1.265364,0.916298,-0.414516,-2.072578,0.436332,0.000000,-2.050762,-0.196350,2.748893,-0.392699,-2.421645,-0.055342,-0.373089,-0.033359,-0.645852,-0.117903,-0.431842,-0.018093,-0.155737,-1.282486,0.516831,-1.717738,-0.510123,-0.603858,0.106069,0.543812,-1.523975,0.193527,-0.332617,0.229033,-0.058360,-1.094947,0.761398,-1.365974,-0.843155
1789149936.369419,-0.153675,0.055220,0.026075,0.605660,-0.870619,0.356060,-0.065911,0.011715,-0.997757,0.750000,0.000000,0.000000,0.029431,-0.162414,-0.251753,0.024437,0.209953,-0.126630,-0.097821,0.020651,-0.106131,-0.055808,-0.526330,-0.049738,-0.785398,0.676315,1.352630,-2.967060,-2.443461,0.370882,1.396264,-1.308997,-0.065450,3.796091,2.443461,-2.683444,-0.603858,0.106069,0.543812,-1.523975,0.193527,-0.332617,0.229033,-0.058360,-1.094947,0.761398,-1.365974,-0.843155,-1.176943,0.641018,1.033341,-1.986576,0.490946,0.012569,0.515678,0.051103,-0.985361,0.637424,-1.377011,-1.105043
1789149936.389506,-0.160158,0.055777,0.027465,0.238277,-1.115098,0.336220,-0.058219,0.030081,-0.997851,0.750000,0.000000,0.000000,-0.024208,-0.107995,-0.202491,-0.033955,0.149870,-0.093191,-0.053640,-0.002911,-0.082842,0.122442,-0.406903,-0.090404,-1.745329,1.919863,1.396264,-1.636246,-1.745329,2.923426,1.985312,-0.152716,1.178097,3.926991,3.708825,-1.788963,-1.176943,0.641018,1.033341,-1.986576,0.490946,0.012569,0.515678,0.051103,-0.985361,0.637424,-1.377011,-1.105043,-1.321395,0.780186,1.276871,-2.122441,0.629332,0.162912,0.458487,-0.106468,-0.817701,0.432503,-1.417856,-0.918138
1789149936.409347,-0.163212,0.055890,0.022220,-0.806880,-1.026148,0.140211,-0.034869,0.042131,-0.998503,0.750000,0.000000,0.000000,-0.083329,-0.044116,-0.187326,-0.065805,0.135676,-0.044087,0.002966,-0.007520,-0.051284,0.147435,-0.371028,-0.140661,-2.421645,2.530728,0.130900,-2.334378,-1.112647,2.247112,1.963496,-0.807215,1.701696,0.414516,0.959931,-2.639811,-1.321395,0.780186,1.276871,-2.122441,0.629332,0.162912,0.458487,-0.106468,-0.817701,0.432503,-1.417856,-0.918138,-1.375582,0.651589,1.038547,-2.019575,0.674035,-0.046857,0.285421,-0.200252,-0.799585,0.581030,-1.331051,-0.961554
1789149936.429552,-0.154466,0.051146,0.007697,-1.012609,-0.612027,0.343410,-0.012108,0.045553,-0.998889,0.750000,0.000000,0.000000,-0.130453,-0.009280,-0.209317,-0.110921,0.122932,-0.022890,0.005115,-0.017714,-0.030757,0.134351,-0.366911,-0.171150,-2.138029,0.414516,-1.658063,-1.418080,-0.698132,-0.610865,-0.458149,-0.698132,0.370883,-0.719949,0.327249,-1.090831,-1.375582,0.651589,1.038547,-2.019575,0.674035,-0.046857,0.285421,-0.200252,-0.799585,0.581030,-1.331051,-0.961554,-1.360263,0.493924,0.655060,-2.143053,0.697494,-0.371252,0.046153,-0.297330,-0.847829,0.677990,-1.326020,-0.970595
1789149936.449455,-0.150962,0.049036,0.001892,-1.123930,0.202768,0.342878,0.007026,0.033126,-0.999426,0.750000,0.000000,0.000000,-0.165315,-0.027734,-0.246481,-0.136689,0.125000,-0.020455,0.007763,-0.026568,-0.034371,0.142074,-0.349703,-0.182615,-1.679880,-0.370883,-1.527163,-1.658063,0.545415,-1.548980,0.370883,-0.829032,-0.654499,0.261799,0.610865,-0.436333,-1.360263,0.493924,0.655060,-2.143053,0.697494,-0.371252,0.046153,-0.297330,-0.847829,0.677990,-1.326020,-0.970595,-1.112581,0.191589,0.453776,-2.013399,0.583547,-0.630315,-0.065680,-0.327723,-0.816768,0.415333,-1.360524,-0.914730
1789149936.469443,-0.147183,0.048577,0.000083,-0.807546,0.215284,0.596278,0.019622,0.023079,-0.999541,0.750000,0.000000,0.000000,-0.196996,0.007579,-0.260016,-0.182079,0.133980,-0.048279,-0.001976,-0.041145,-0.042947,0.154106,-0.336989,-0.187815,-1.374447,1.898046,-0.610865,-2.683444,0.327249,-0.959931,-0.327249,-0.763582,-0.021817,0.698132,0.632682,-0.021817,-1.112581,0.191589,0.453776,-2.013399,0.583547,-0.630315,-0.065680,-0.327723,-0.816768,0.415333,-1.360524,-0.914730,-0.826669,0.273327,0.298750,-1.812948,0.562636,-0.703725,-0.115478,-0.325063,-0.694235,0.201556,-1.453238,-0.876239
1789149936.489385,-0.127935,0.047332,-0.000483,-0.995831,0.007158,0.716120,0.038147,0.016273,-0.999140,0.750000,0.000000,0.000000,-0.208373,0.016766,-0.279119,-0.250932,0.135875,-0.088983,-0.010776,-0.058592,-0.038445,0.132194,-0.329833,-0.190436,-0.785399,0.043633,-1.330814,-3.534292,0.130900,-2.836160,-0.283616,-0.763582,0.130900,-1.592613,0.610865,-0.065450,-0.826669,0.273327,0.298750,-1.812948,0.562636,-0.703725,-0.115478,-0.325063,-0.694235,0.201556,-1.453238,-0.876239,-0.814931,0.202054,0.016608,-1.837467,0.719436,-0.771508,-0.283771,-0.056844,-0.489089,0.033617,-1.704973,-0.623438
1789149936.509337,-0.121866,0.051971,-0.003219,-0.301013,-0.036784,0.673509,0.044992,0.014964,-0.998875,0.750000,0.000000,0.000000,-0.210029,0.025866,-0.308468,-0.300009,0.138310,-0.131826,-0.015341,-0.063875,-0.037553,0.084415,-0.334295,-0.186462,-0.327249,0.458149,-1.134464,-2.552544,0.065450,-2.028945,0.021817,1.178097,0.021817,-2.203479,0.000000,2.181662,-0.814931,0.202054,0.016608,-1.837467,0.719436,-0.771508,-0.283771,-0.056844,-0.489089,0.033617,-1.704973,-0.623438,-0.687634,0.097157,-0.303708,-1.331519,1.010902,-0.738783,-0.407574,0.000985,-0.121167,-0.243997,-1.872440,-0.212602
1789149936.529355,-0.118642,0.067687,-0.007990,0.746542,0.056294,0.668982,0.028781,0.018529,-0.999414,0.750000,0.000000,0.000000,-0.215006,0.033341,-0.309561,-0.344804,0.153105,-0.157411,-0.021632,-0.047482,-0.051685,0.039034,-0.356981,-0.156421,-0.349066,0.545415,0.501782,-1.898046,0.807215,-0.938115,0.305433,1.287180,-1.134464,-1.963496,-1.679880,2.770710,-0.687634,0.097157,-0.303708,-1.331519,1.010902,-0.738783,-0.407574,0.000985,-0.121167,-0.243997,-1.872440,-0.212602,-0.384397,-0.095735,-0.642974,-0.659708,1.090574,-0.653994,-0.453338,0.181049,-0.030151,-0.516639,-1.998996,0.046895
1789149936.549303,-0.119005,0.082248,-0.010328,1.466527,0.354568,0.557795,-0.004227,0.022281,-0.999743,0.750000,0.000000,0.000000,-0.206865,0.034394,-0.292135,-0.347419,0.187398,-0.168813,-0.026358,-0.018415,-0.036803,-0.014959,-0.375296,-0.076965,0.632682,0.043633,1.047198,-0.458149,2.268928,-0.218166,-0.261799,2.225295,-0.196350,-2.901610,-0.698132,4.406957,-0.384397,-0.095735,-0.642974,-0.659708,1.090574,-0.653994,-0.453338,0.181049,-0.030151,-0.516639,-1.998996,0.046895,-0.097225,-0.360882,-0.885039,-0.039915,1.159924,-0.653380,-0.586591,0.506185,-0.064135,-0.699999,-2.019208,0.221040
1789149936.569281,-0.123765,0.105670,-0.008544,1.977055,0.396246,0.563121,-0.045138,0.028730,-0.998568,0.750000,0.000000,0.000000,-0.168397,0.020396,-0.271194,-0.314566,0.232487,-0.168145,-0.042977,0.021870,-0.017392,-0.075474,-0.408897,-0.010765,1.788963,-0.370883,0.959931,1.767146,2.050762,-0.349066,-1.047198,3.534292,0.479966,-2.050762,-2.770710,3.425209,-0.097225,-0.360882,-0.885039,-0.039915,1.159924,-0.653380,-0.586591,0.506185,-0.064135,-0.699999,-2.019208,0.221040,0.272332,-0.816588,-1.058542,0.356002,1.199445,-0.651360,-0.520675,0.505692,-0.262195,-0.939471,-2.184164,0.559965
1789149936.589285,-0.126591,0.112630,-0.008155,1.543759,0.611430,0.647677,-0.078216,0.026817,-0.996576,0.750000,0.000000,0.000000,-0.114311,0.001773,-0.262735,-0.247054,0.267647,-0.166424,-0.072018,0.072866,-0.015379,-0.083608,-0.455257,0.041949,2.181662,-0.698132,0.087267,3.861541,1.548980,0.021817,-1.636246,2.552544,0.000000,-0.109083,-1.898046,3.599742,0.272332,-0.816588,-1.058542,0.356002,1.199445,-0.651360,-0.520675,0.505692,-0.262195,-0.939471,-2.184164,0.559965,0.586055,-1.085978,-1.204622,0.742993,0.857513,-0.453318,-0.380324,0.238814,-0.641603,-1.009467,-2.207917,0.510777
1789149936.609283,-0.135538,0.120519,-0.007844,-0.027373,1.058841,0.568314,-0.083296,0.008138,-0.996492,0.750000,0.000000,0.000000,-0.055706,-0.034863,-0.271568,-0.157977,0.292281,-0.154338,-0.099223,0.102051,-0.047679,-0.089248,-0.505342,0.105316,2.465278,-1.963496,-0.414516,4.581490,1.090831,1.527163,-1.221731,0.283616,-0.829032,-0.654499,-1.745329,1.199914,0.586055,-1.085978,-1.204622,0.742993,0.857513,-0.453318,-0.380324,0.238814,-0.641603,-1.009467,-2.207917,0.510777,0.521513,-1.202372,-1.075615,0.765244,0.586951,-0.417476,-0.135559,0.259743,-0.981186,-0.740905,-2.365026,0.304818
1789149936.629272,-0.141547,0.115546,-0.005769,-0.068252,0.951515,0.784030,-0.086750,-0.010500,-0.996175,0.750000,0.000000,0.000000,0.004181,-0.076315,-0.281565,-0.055804,0.282794,-0.131160,-0.104582,0.094936,-0.101942,-0.123249,-0.523663,0.109962,2.356195,-1.898046,-0.589049,4.537857,-0.763582,1.178097,-0.087266,-1.090831,-0.981748,-2.574361,-0.065450,-1.723513,0.521513,-1.202372,-1.075615,0.765244,0.586951,-0.417476,-0.135559,0.259743,-0.981186,-0.740905,-2.365026,0.304818,0.438107,-1.036101,-0.914794,0.615525,0.369861,-0.464209,-0.205891,0.134187,-1.014613,-0.540551,-2.327642,0.116495
1789149936.649390,-0.153836,0.097331,0.000142,-0.429111,0.630338,0.755668,-0.081427,-0.024794,-0.996371,0.750000,0.000000,0.000000,0.026616,-0.116032,-0.289479,0.025896,0.268403,-0.126221,-0.088718,0.074042,-0.106096,-0.152077,-0.528569,0.078939,0.872665,-2.203478,-0.130900,3.534292,-0.610865,-0.109083,0.305433,-1.352630,0.000000,-1.178098,-0.501782,-2.421644,0.438107,-1.036101,-0.914794,0.615525,0.369861,-0.464209,-0.205891,0.134187,-1.014613,-0.540551,-2.327642,0.116495,0.327657,-0.800680,-0.587094,0.242074,0.110381,-0.535927,-0.154156,-0.059036,-1.219762,-0.141018,-2.195256,-0.095834
1789149936.669328,-0.169856,0.078634,0.013173,0.180620,-0.023202,0.593348,-0.084732,-0.023464,-0.996127,0.750000,0.000000,0.000000,0.035575,-0.152067,-0.283790,0.067179,0.234868,-0.125886,-0.083221,0.049779,-0.119085,-0.141916,-0.535946,0.041415,0.414516,-2.116212,0.458149,1.679880,-2.247112,-0.545415,0.523599,-1.898046,-0.894481,0.676315,-0.829032,-2.770710,0.327657,-0.800680,-0.587094,0.242074,0.110381,-0.535927,-0.154156,-0.059036,-1.219762,-0.141018,-2.195256,-0.095834,-0.020761,-0.439151,-0.070086,-0.691325,-0.051917,-0.444047,0.049090,-0.129039,-1.354678,0.600207,-1.738778,-0.487434
1789149936.689324,-0.182438,0.070668,0.024290,0.283551,-0.456764,0.412386,-0.087055,-0.011961,-0.996132,0.750000,0.000000,0.000000,0.041697,-0.180058,-0.263561,0.069093,0.189680,-0.127465,-0.076316,0.022173,-0.124247,-0.090540,-0.542567,0.002167,0.327250,-1.461713,1.243547,0.239983,-2.203478,0.523599,0.152716,-1.505347,0.000000,3.708825,-0.872665,-2.399828,-0.020761,-0.439151,-0.070086,-0.691325,-0.051917,-0.444047,0.049090,-0.129039,-1.354678,0.600207,-1.738778,-0.487434,-0.638888,0.047628,0.615844,-1.437618,0.203545,-0.270205,0.243358,-0.119697,-1.148568,0.647723,-1.254439,-0.791431
1789149936.709289,-0.194956,0.065527,0.032842,0.400863,-0.802309,0.251531,-0.091085,0.005453,-0.995828,0.750000,0.000000,0.000000,0.027702,-0.173758,-0.234111,0.018274,0.135332,-0.113298,-0.064892,-0.001188,-0.126892,0.011518,-0.500035,-0.047605,-0.545415,0.632682,1.548980,-2.094395,-2.552544,1.745329,0.196350,-1.069014,-0.021817,8.006699,3.490659,-1.178098,-0.638888,0.047628,0.615844,-1.437618,0.203545,-0.270205,0.243358,-0.119697,-1.148568,0.647723,-1.254439,-0.791431,-1.044657,0.566351,1.283867,-1.647141,0.341641,0.189568,0.247660,-0.120077,-1.074388,0.153437,-1.211817,-0.876032
1789149936.729298,-0.205097,0.057906,0.032478,-0.270786,-1.000449,0.247004,-0.079402,0.020702,-0.996628,0.750000,0.000000,0.000000,-0.024045,-0.129135,-0.211261,-0.016671,0.107631,-0.080134,-0.040321,-0.021930,-0.112971,0.110265,-0.398795,-0.070401,-1.854413,1.876229,1.243547,-1.199914,-1.418080,3.316126,1.701696,-0.807215,0.698132,2.836161,5.257805,-1.941679,-1.044657,0.566351,1.283867,-1.647141,0.341641,0.189568,0.247660,-0.120077,-1.074388,0.153437,-1.211817,-0.876032,-1.222599,0.697051,1.247912,-1.878235,0.406502,0.278923,0.315899,-0.232223,-0.964701,0.342577,-1.325824,-0.796395
1789149936.749263,-0.208697,0.051839,0.026783,-0.944832,-0.741989,0.071901,-0.057848,0.031135,-0.997840,0.750000,0.000000,0.000000,-0.077981,-0.066603,-0.182122,-0.040306,0.089141,-0.018177,0.002006,-0.031368,-0.087418,0.093224,-0.338254,-0.120429,-1.985312,2.530728,0.981748,-2.072578,-1.352630,2.705261,1.461713,-0.981748,1.505347,-3.294309,1.876230,-1.941679,-1.222599,0.697051,1.247912,-1.878235,0.406502,0.278923,0.315899,-0.232223,-0.964701,0.342577,-1.325824,-0.796395,-1.257323,0.401849,0.861973,-1.660312,0.621915,-0.187597,-0.063798,-0.230969,-0.572844,0.344885,-1.397107,-0.575670
1789149936.769262,-0.187915,0.039783,0.016593,-1.149096,-0.123470,0.292278,-0.034089,0.027942,-0.999028,0.750000,0.000000,0.000000,-0.123376,-0.054721,-0.196290,-0.087005,0.070935,-0.002240,0.013653,-0.039743,-0.069861,0.091596,-0.335538,-0.131414,-2.028946,-0.327249,-1.941679,-1.679879,-0.676315,-0.763581,-0.087266,-0.174533,0.152716,-0.458148,-0.043633,1.527163,-1.257323,0.401849,0.861973,-1.660312,0.621915,-0.187597,-0.063798,-0.230969,-0.572844,0.344885,-1.397107,-0.575670,-1.239515,0.357597,0.473264,-1.581460,0.666724,-0.440849,-0.277442,-0.364070,-0.417527,0.147523,-1.560692,-0.365944
1789149936.789265,-0.173347,0.027419,0.007295,-1.144569,0.351638,0.227163,-0.013819,0.015979,-0.999777,0.750000,0.000000,0.000000,-0.154598,-0.044912,-0.252732,-0.120302,0.078844,-0.027035,-0.007588,-0.053057,-0.080477,0.089128,-0.337046,-0.114356,-1.592613,1.963496,-2.705261,-2.487094,0.414516,-1.767146,-0.349066,-1.178097,-0.785398,-0.305433,0.414516,2.421644,-1.239515,0.357597,0.473264,-1.581460,0.666724,-0.440849,-0.277442,-0.364070,-0.417527,0.147523,-1.560692,-0.365944,-0.992946,0.188712,0.102310,-1.265266,0.752088,-0.652148,-0.385858,-0.162809,-0.212017,-0.115319,-1.682408,-0.154049
1789149936.809258,-0.170988,0.021551,0.002738,-0.626318,0.319414,0.313050,-0.003085,0.007830,-0.999965,0.750000,0.000000,0.000000,-0.183876,-0.006403,-0.278595,-0.188422,0.082255,-0.047338,-0.025194,-0.067635,-0.077322,0.063220,-0.347734,-0.082021,-1.243547,1.221731,-0.610866,-2.901610,-0.218166,-2.857977,-0.479966,0.152716,-0.218166,-1.265364,-0.109083,2.705260,-0.992946,0.188712,0.102310,-1.265266,0.752088,-0.652148,-0.385858,-0.162809,-0.212017,-0.115319,-1.682408,-0.154049,-0.654811,-0.097013,-0.359351,-0.868999,0.965020,-0.711990,-0.503860,0.061848,-0.139602,-0.437331,-1.867991,0.174429
1789149936.829311,-0.173483,0.024113,-0.001472,-0.031501,0.232861,0.509059,-0.003934,0.002760,-0.999988,0.750000,0.000000,0.000000,-0.191116,0.008713,-0.282542,-0.225079,0.085187,-0.099292,-0.037449,-0.053662,-0.057216,0.014182,-0.347556,-0.044938,-0.545416,0.741765,-0.043634,-2.050762,0.916298,-2.879794,-0.283616,2.072579,0.130900,-2.596178,0.370883,2.967060,-0.654811,-0.097013,-0.359351,-0.868999,0.965020,-0.711990,-0.503860,0.061848,-0.139602,-0.437331,-1.867991,0.174429,-0.231829,-0.363665,-0.832749,-0.329107,1.156464,-0.709342,-0.670016,0.356714,-0.099411,-0.707423,-1.962267,0.468710
1789149936.849246,-0.177403,0.031181,-0.005973,0.840152,0.381865,0.606930,-0.029638,-0.001272,-0.999560,0.750000,0.000000,0.000000,-0.181713,0.002490,-0.282787,-0.243424,0.130765,-0.138035,-0.047826,-0.013778,-0.046512,-0.054589,-0.341036,0.024316,0.021817,-0.021817,-0.000000,-0.981748,3.207043,-1.330814,-0.305433,3.447026,0.239983,-3.534292,0.218166,4.166974,-0.231829,-0.363665,-0.832749,-0.329107,1.156464,-0.709342,-0.670016,0.356714,-0.099411,-0.707423,-1.962267,0.468710,0.114126,-0.581555,-1.123487,0.266041,1.284928,-0.707998,-0.735461,0.763792,-0.112247,-0.906748,-2.073386,0.560389
1789149936.869254,-0.185488,0.047207,-0.011692,1.254007,0.440987,0.564187,-0.056352,-0.003116,-0.998406,0.750000,0.000000,0.000000,-0.145329,-0.022114,-0.277205,-0.218799,0.206814,-0.157755,-0.061835,0.046086,-0.034060,-0.124487,-0.345874,0.089935,1.570796,-1.265364,0.327249,1.985312,3.076143,-0.763582,-0.959931,4.908739,0.349066,-3.141593,-0.829032,2.617994,0.114126,-0.581555,-1.123487,0.266041,1.284928,-0.707998,-0.735461,0.763792,-0.112247,-0.906748,-2.073386,0.560389,0.441428,-0.976780,-1.256247,0.649287,1.309924,-0.618871,-0.608098,0.778688,-0.353547,-1.070515,-2.321383,0.775693
1789149936.889312,-0.192383,0.057271,-0.015046,1.142421,0.340853,0.427833,-0.079525,-0.005084,-0.996820,0.750000,0.000000,0.000000,-0.090569,-0.059802,-0.277475,-0.145190,0.266082,-0.164987,-0.092621,0.116085,-0.030577,-0.177302,-0.393240,0.129922,2.508911,-1.352630,-0.130900,3.665192,2.312561,-0.043634,-1.636246,3.228859,0.087267,-1.374447,-3.687008,3.119776,0.441428,-0.976780,-1.256247,0.649287,1.309924,-0.618871,-0.608098,0.778688,-0.353547,-1.070515,-2.321383,0.775693,0.639571,-1.292322,-1.207215,0.878483,0.999352,-0.425324,-0.275416,0.651638,-0.746382,-1.072331,-2.563767,0.550397
1789149936.909293,-0.197162,0.062027,-0.018261,0.710988,0.491587,0.456062,-0.094880,-0.011289,-0.995425,0.750000,0.000000,0.000000,-0.026346,-0.098246,-0.287401,-0.061477,0.304787,-0.154629,-0.116671,0.160359,-0.066856,-0.194873,-0.498879,0.165148,2.770710,-1.570796,-0.807215,3.861541,1.418080,1.374447,-1.069014,1.090831,-1.047198,-1.287181,-3.926991,-0.632682,0.639571,-1.292322,-1.207215,0.878483,0.999352,-0.425324,-0.275416,0.651638,-0.746382,-1.072331,-2.563767,0.550397,0.527614,-1.308823,-1.045776,0.795317,0.429598,-0.351903,-0.058196,0.327318,-1.238934,-0.762093,-2.687391,0.166016
1789149936.929298,-0.203493,0.054098,-0.018161,-0.698223,0.531535,0.549805,-0.082497,-0.023581,-0.996312,0.750000,0.000000,0.000000,0.027432,-0.141074,-0.303916,0.018323,0.306206,-0.133549,-0.108173,0.163182,-0.111312,-0.221634,-0.577779,0.136203,1.898046,-2.159845,-0.589049,3.425209,0.261799,1.156281,0.523599,-1.985312,-0.414516,-1.308997,-2.356195,-2.727077,0.527614,-1.308823,-1.045776,0.795317,0.429598,-0.351903,-0.058196,0.327318,-1.238934,-0.762093,-2.687391,0.166016,0.253637,-0.978757,-0.577899,0.437817,0.191410,-0.432841,-0.003601,0.255770,-1.325199,-0.355081,-2.509044,-0.173155
1789149936.949434,-0.209316,0.042656,-0.014196,-0.028971,0.147108,0.815589,-0.082234,-0.026535,-0.996260,0.750000,0.000000,0.000000,0.033131,-0.189518,-0.303076,0.076519,0.292071,-0.125905,-0.087679,0.127732,-0.106622,-0.207734,-0.613070,0.062591,-0.130900,-2.530727,0.283616,2.574361,-1.287180,0.327249,0.654498,-2.443461,-0.479966,1.156280,-1.287181,-4.385140,0.253637,-0.978757,-0.577899,0.437817,0.191410,-0.432841,-0.003601,0.255770,-1.325199,-0.355081,-2.509044,-0.173155,0.093077,-0.464552,-0.044031,-0.641732,-0.157897,-0.348556,0.033830,0.000953,-1.460882,0.411343,-1.826249,-0.431742
1789149936.969387,-0.215680,0.031071,-0.003962,0.253457,-0.277001,0.329296,-0.086292,-0.020481,-0.996059,0.750000,0.000000,0.000000,0.030371,-0.216074,-0.286122,0.102344,0.257696,-0.122409,-0.074690,0.087006,-0.131902,-0.149066,-0.620744,-0.004114,0.392699,-1.505347,1.614430,1.221731,-1.876229,0.392699,0.567232,-2.574361,-1.199914,3.992441,-1.199915,-2.814344,0.093077,-0.464552,-0.044031,-0.641732,-0.157897,-0.348556,0.033830,0.000953,-1.460882,0.411343,-1.826249,-0.431742,-0.572608,-0.032223,0.614708,-1.331860,0.082715,-0.247401,0.120726,-0.040149,-1.290984,0.588822,-1.206755,-0.777417
1789149936.989571,-0.229813,0.020020,0.013174,0.765184,-0.618551,0.389749,-0.100424,-0.008261,-0.994910,0.750000,0.000000,0.000000,0.023622,-0.205063,-0.245470,0.064752,0.221200,-0.115837,-0.066771,0.055538,-0.139082,-0.058942,-0.577700,-0.044529,-0.174533,0.719948,2.094395,-3.337943,-1.461713,1.767146,0.021817,-1.679879,0.000000,7.024951,4.777839,-0.829032,-0.572608,-0.032223,0.614708,-1.331860,0.082715,-0.247401,0.120726,-0.040149,-1.290984,0.588822,-1.206755,-0.777417,-1.007529,0.563644,1.202033,-1.646565,0.369748,0.205577,0.377850,0.064612,-1.056966,0.255548,-1.273142,-0.852510
1789149937.009459,-0.237400,0.014732,0.021149,0.231220,-0.827210,0.183088,-0.100870,0.008247,-0.994865,0.750000,0.000000,0.000000,-0.021609,-0.155018,-0.212993,0.015171,0.177302,-0.075642,-0.051229,0.031093,-0.133893,0.073706,-0.421872,-0.056242,-1.658063,2.399828,1.658063,-1.418080,-2.378011,3.774275,1.265364,-0.676315,0.698132,4.363323,7.548550,-1.265364,-1.007529,0.563644,1.202033,-1.646565,0.369748,0.205577,0.377850,0.064612,-1.056966,0.255548,-1.273142,-0.852510,-1.232246,0.757698,1.374404,-1.797754,0.459957,0.452915,0.412907,-0.134590,-0.970051,0.137758,-1.419973,-0.726832
1789149937.029325,-0.239628,0.006196,0.021565,-0.848692,-1.029477,0.088679,-0.080863,0.026790,-0.996365,0.750000,0.000000,0.000000,-0.075453,-0.082658,-0.172744,-0.024233,0.143811,-0.024553,0.002167,0.016443,-0.095722,0.083802,-0.356316,-0.105648,-2.094395,2.748894,1.658063,-3.163409,-1.985312,0.807215,1.658063,-1.505346,2.138028,-1.461713,1.745330,-2.116212,-1.232246,0.757698,1.374404,-1.797754,0.459957,0.452915,0.412907,-0.134590,-0.970051,0.137758,-1.419973,-0.726832,-1.374206,0.658148,1.151059,-1.959864,0.575842,0.078974,0.031890,-0.124050,-0.931802,0.204382,-1.327157,-0.825256
1789149937.049272,-0.236980,-0.000874,0.015690,-0.881449,-0.397775,0.201730,-0.062212,0.032360,-0.997538,0.750000,0.000000,0.000000,-0.119552,-0.075196,-0.186308,-0.100774,0.122646,-0.030605,0.018063,0.000571,-0.062773,0.058914,-0.358391,-0.118594,-1.985312,-1.483530,-2.508911,-3.010693,-0.959931,-0.065450,0.087267,-0.370882,1.112648,-1.156281,-0.043633,-0.261800,-1.374206,0.658148,1.151059,-1.959864,0.575842,0.078974,0.031890,-0.124050,-0.931802,0.204382,-1.327157,-0.825256,-1.350849,0.406907,0.767807,-2.025423,0.652942,-0.206199,-0.193588,-0.272481,-0.673408,0.118885,-1.430366,-0.538336
1789149937.069401,-0.231509,-0.013755,0.009733,-1.888257,0.393849,0.007453,-0.025451,0.020560,-0.999465,0.750000,0.000000,0.000000,-0.162787,-0.129749,-0.260264,-0.142604,0.123006,-0.019906,-0.007872,-0.011360,-0.068754,0.055274,-0.342539,-0.123710,-2.094395,-2.268928,-3.468842,-2.574361,0.109083,-0.109083,-0.632682,-1.221730,-0.916298,0.087266,0.610865,1.308997,-1.350849,0.406907,0.767807,-2.025423,0.652942,-0.206199,-0.193588,-0.272481,-0.673408,0.118885,-1.430366,-0.538336,-1.225492,0.158655,0.539383,-1.603158,0.609553,-0.415584,-0.328262,-0.347384,-0.450510,-0.065976,-1.550898,-0.242730
1789149937.089333,-0.226095,-0.021491,0.008151,-1.155754,0.431134,0.107987,-0.002418,0.008755,-0.999959,0.750000,0.000000,0.000000,-0.196050,-0.114734,-0.295929,-0.223318,0.126682,-0.036443,-0.028494,-0.034379,-0.068994,0.041775,-0.340777,-0.100783,-1.243547,2.596178,-0.894482,-3.643376,-0.174533,-1.614430,-0.567232,-1.505346,0.479966,-0.698132,0.610865,3.076143,-1.225492,0.158655,0.539383,-1.603158,0.609553,-0.415584,-0.328262,-0.347384,-0.450510,-0.065976,-1.550898,-0.242730,-0.845078,0.020478,0.076909,-1.140650,0.813008,-0.686033,-0.464838,0.009572,-0.236044,-0.340386,-1.605485,-0.097378
1789149937.109314,-0.219352,-0.024858,0.003697,-0.231637,0.238454,0.067906,0.001558,0.003690,-0.999992,0.750000,0.000000,0.000000,-0.207743,-0.072336,-0.298828,-0.272124,0.124091,-0.054589,-0.044229,-0.052961,-0.068247,0.012377,-0.345301,-0.066130,-0.545415,2.247112,-0.043634,-2.661628,-0.109083,-2.225295,-0.305433,0.458149,-0.283616,-1.308997,-0.043633,2.050762,-0.845078,0.020478,0.076909,-1.140650,0.813008,-0.686033,-0.464838,0.009572,-0.236044,-0.340386,-1.605485,-0.097378,-0.475362,-0.365278,-0.342474,-0.714628,1.041496,-0.788984,-0.566193,0.106298,-0.293553,-0.568939,-1.811965,0.305080
1789149937.129303,-0.217986,-0.018564,-0.001292,1.146948,0.308362,0.357525,-0.024038,-0.000662,-0.999711,0.750000,0.000000,0.000000,-0.194651,-0.041482,-0.299526,-0.287423,0.136696,-0.103559,-0.057136,-0.035756,-0.055675,-0.037624,-0.346100,-0.032546,0.261799,1.308997,-0.021817,-0.981748,0.872665,-3.250676,-0.152716,1.876229,-0.479966,-2.770710,-0.043633,2.814343,-0.475362,-0.365278,-0.342474,-0.714628,1.041496,-0.788984,-0.566193,0.106298,-0.293553,-0.568939,-1.811965,0.305080,0.046348,-0.733551,-0.941766,-0.128403,1.221812,-0.811529,-0.767511,0.276701,-0.233817,-0.856298,-1.886635,0.729915
1789149937.149304,-0.217003,-0.006046,-0.006951,1.411932,0.454969,0.519845,-0.054505,-0.007439,-0.998486,0.750000,0.000000,0.000000,-0.166616,-0.049281,-0.288053,-0.276449,0.175314,-0.149794,-0.064019,-0.000168,-0.065945,-0.096417,-0.352075,0.051470,0.959931,-0.567232,0.850848,0.807215,2.421644,-1.985312,-0.261800,2.465278,-0.414516,-2.574361,-0.436332,4.952372,0.046348,-0.733551,-0.941766,-0.128403,1.221812,-0.811529,-0.767511,0.276701,-0.233817,-0.856298,-1.886635,0.729915,0.497581,-0.976690,-1.291347,0.551883,1.293946,-0.738461,-0.756742,0.587567,-0.237775,-1.046042,-2.022178,0.759121
1789149937.169299,-0.218668,0.015873,-0.012713,1.496088,0.512893,0.502268,-0.084718,-0.015318,-0.996287,0.750000,0.000000,0.000000,-0.114199,-0.087550,-0.277044,-0.216566,0.237301,-0.173550,-0.081200,0.043493,-0.060093,-0.156852,-0.365569,0.140345,2.094396,-1.636246,0.370883,3.207043,2.945244,-0.370883,-1.134464,3.556109,0.130900,-2.836160,-0.959931,2.814343,0.497581,-0.976690,-1.291347,0.551883,1.293946,-0.738461,-0.756742,0.587567,-0.237775,-1.046042,-2.022178,0.759121,0.708557,-1.256359,-1.374764,0.935783,1.233662,-0.614794,-0.577032,0.683183,-0.460177,-1.123634,-2.336623,0.832768
1789149937.189307,-0.219154,0.022163,-0.014378,0.988623,0.690259,0.415582,-0.107757,-0.024154,-0.993884,0.750000,0.000000,0.000000,-0.044670,-0.121753,-0.283169,-0.120335,0.286197,-0.172448,-0.113987,0.098253,-0.057845,-0.189544,-0.427727,0.173779,3.054327,-1.047198,-0.589049,4.406957,1.832596,0.654498,-1.701696,2.988877,0.043633,-1.396264,-4.319690,1.788963,0.708557,-1.256359,-1.374764,0.935783,1.233662,-0.614794,-0.577032,0.683183,-0.460177,-1.123634,-2.336623,0.832768,0.797899,-1.575791,-1.383100,1.044581,0.740733,-0.427434,-0.173254,0.502125,-1.037635,-1.071865,-2.679113,0.567401
1789149937.209295,-0.217487,0.029503,-0.015434,-0.229107,0.948453,0.546210,-0.103739,-0.043027,-0.993673,0.750000,0.000000,0.000000,0.020341,-0.151140,-0.297573,-0.022166,0.309314,-0.155567,-0.134487,0.132824,-0.092245,-0.205705,-0.524339,0.186801,2.923427,-1.614430,-0.719948,4.472406,1.308997,1.396263,-0.807215,0.458149,-0.981748,-1.461714,-3.468843,-1.548980,0.797899,-1.575791,-1.383100,1.044581,0.740733,-0.427434,-0.173254,0.502125,-1.037635,-1.071865,-2.679113,0.567401,0.555279,-1.406677,-1.121499,0.797159,0.285766,-0.363101,0.067336,0.338744,-1.496556,-0.634016,-2.747454,0.147634
1789149937.229259,-0.211154,0.019914,-0.010763,-0.632044,0.707836,0.692817,-0.091543,-0.057519,-0.994139,0.750000,0.000000,0.000000,0.069909,-0.213481,-0.309338,0.063293,0.298949,-0.134591,-0.113412,0.131065,-0.139224,-0.240058,-0.605284,0.146636,1.614430,-3.556108,-0.327249,3.708825,-0.109083,1.112647,1.069014,-1.548980,-1.003565,-1.243547,-2.552545,-3.141593,0.555279,-1.406677,-1.121499,0.797159,0.285766,-0.363101,0.067336,0.338744,-1.496556,-0.634016,-2.747454,0.147634,0.239553,-0.967724,-0.517069,0.220581,0.086138,-0.470451,0.041824,0.235228,-1.557546,-0.122730,-2.466160,-0.209403
1789149937.249310,-0.211154,0.019914,-0.010763,0.315908,-0.091911,0.609460,-0.097785,-0.055549,-0.993656,0.750000,0.000000,0.000000,0.073988,-0.269986,-0.308498,0.113493,0.296901,-0.121070,-0.088421,0.103851,-0.133413,-0.205626,-0.635961,0.075585,0.021817,-2.596177,0.567232,2.225295,-1.396264,-0.174533,0.850848,-1.723512,-0.741765,3.512475,-1.308998,-3.163409,0.239553,-0.967724,-0.517069,0.220581,0.086138,-0.470451,0.041824,0.235228,-1.557546,-0.122730,-2.466160,-0.209403,-0.159208,-0.408125,0.162462,-0.905574,-0.039722,-0.206407,0.149080,0.037546,-1.463736,0.494291,-1.644608,-0.417639
1789149937.269312,-0.200406,-0.002419,0.009067,0.574235,-0.918690,0.256059,-0.109070,-0.037054,-0.993343,0.750000,0.000000,0.000000,0.060718,-0.274300,-0.270643,0.110610,0.254735,-0.112346,-0.081063,0.077734,-0.159375,-0.117304,-0.631303,0.015895,-0.305433,0.087266,2.334378,-0.239982,-1.701696,1.985312,0.021817,-2.247111,-0.283616,5.606871,-0.458149,-1.941679,-0.159208,-0.408125,0.162462,-0.905574,-0.039722,-0.206407,0.149080,0.037546,-1.463736,0.494291,-1.644608,-0.417639,-0.845898,0.254839,0.936444,-1.587001,0.494038,-0.068294,0.238593,0.092255,-1.269975,0.501590,-1.297732,-0.596816
1789149937.289315,-0.197815,-0.006539,0.017696,0.551465,-1.169693,0.292411,-0.116525,-0.014183,-0.993086,0.750000,0.000000,0.000000,0.032493,-0.235783,-0.224078,0.061078,0.215858,-0.081871,-0.072593,0.049858,-0.145548,0.006336,-0.580394,-0.021158,-0.959931,1.854413,1.941679,-3.207043,-2.378011,2.116212,0.261799,-0.916298,0.545415,7.461283,5.279622,-2.072579,-0.845898,0.254839,0.936444,-1.587001,0.494038,-0.068294,0.238593,0.092255,-1.269975,0.501590,-1.297732,-0.596816,-1.177542,0.808694,1.556728,-1.837948,0.687271,0.418821,0.340734,0.172871,-1.109617,0.042282,-1.392928,-0.778399
1789149937.309335,-0.194060,-0.012619,0.023019,-0.443092,-1.284741,0.173101,-0.105184,0.008160,-0.994419,0.750000,0.000000,0.000000,-0.019970,-0.162640,-0.203666,0.024852,0.181046,-0.039405,-0.055443,0.037758,-0.126194,0.084262,-0.428441,-0.074358,-2.181662,3.403393,0.894481,-1.461713,-1.963496,3.316126,1.963496,-0.109083,1.396264,2.203479,6.152287,-2.967060,-1.177542,0.808694,1.556728,-1.837948,0.687271,0.418821,0.340734,0.172871,-1.109617,0.042282,-1.392928,-0.778399,-1.350294,0.893941,1.425862,-1.947276,0.598364,0.524209,0.355885,-0.100254,-0.951283,0.202351,-1.462365,-0.749055
1789149937.329286,-0.188257,-0.016473,0.021034,-1.015805,-0.966360,0.197203,-0.085029,0.026881,-0.996016,0.750000,0.000000,0.000000,-0.066004,-0.107829,-0.176755,-0.013439,0.163626,-0.002189,-0.009352,0.028756,-0.082256,0.068208,-0.381148,-0.123153,-2.203479,1.243547,0.850848,-1.767146,-1.483530,0.043634,0.785399,-1.614430,1.854413,-3.119776,1.156281,-1.243547,-1.350294,0.893941,1.425862,-1.947276,0.598364,0.524209,0.355885,-0.100254,-0.951283,0.202351,-1.462365,-0.749055,-1.427052,0.717799,1.075936,-1.843359,0.625394,0.148629,-0.166766,-0.169902,-0.535285,0.116127,-1.431665,-0.666074
1789149937.349292,-0.181611,-0.021003,0.019079,-1.394373,0.232994,0.259388,-0.056398,0.021757,-0.998171,0.750000,0.000000,0.000000,-0.085033,-0.147458,-0.208831,-0.045338,0.146917,0.008924,-0.002360,0.015030,-0.071582,0.057283,-0.376005,-0.136363,-0.763582,-3.294309,-2.683444,-1.788963,-0.043633,0.239983,0.239983,-0.807215,-0.174533,-0.283616,0.021817,-0.000000,-1.427052,0.717799,1.075936,-1.843359,0.625394,0.148629,-0.166766,-0.169902,-0.535285,0.116127,-1.431665,-0.666074,-1.170695,0.324022,0.765829,-1.651850,0.514264,-0.068856,-0.399294,-0.281398,-0.404280,-0.108105,-1.568259,-0.276016
1789149937.369368,-0.172295,-0.027933,0.021204,-1.415013,0.369748,0.303729,-0.031419,0.014032,-0.999408,0.750000,0.000000,0.000000,-0.133578,-0.181021,-0.255988,-0.102023,0.150239,0.015540,-0.029606,-0.007937,-0.080286,0.043651,-0.360516,-0.121048,-3.097960,-0.239983,-1.832596,-3.752458,0.087266,-0.763582,-0.807215,-1.658063,-0.174533,-0.567232,0.763582,3.512475,-1.170695,0.324022,0.765829,-1.651850,0.514264,-0.068856,-0.399294,-0.281398,-0.404280,-0.108105,-1.568259,-0.276016,-1.016225,0.321141,0.334736,-1.164996,0.741808,-0.476555,-0.601522,0.065081,-0.162172,-0.325669,-1.657006,-0.176223
1789149937.389442,-0.164708,-0.029319,0.020116,-0.773458,0.302104,0.126363,-0.010996,0.008758,-0.999901,0.750000,0.000000,0.000000,-0.156450,-0.150445,-0.273316,-0.179475,0.142837,-0.006252,-0.049934,-0.028008,-0.061805,0.010550,-0.362485,-0.079566,-0.850848,2.268928,-0.654499,-3.316126,-0.370882,-2.443461,-0.763582,0.479966,0.545415,-1.614430,0.501782,1.876229,-1.016225,0.321141,0.334736,-1.164996,0.741808,-0.476555,-0.601522,0.065081,-0.162172,-0.325669,-1.657006,-0.176223,-0.689671,-0.063963,-0.129000,-0.892833,0.959236,-0.644886,-0.666090,0.208311,-0.205376,-0.543853,-1.837767,0.221024
1789149937.409377,-0.159690,-0.027440,0.015265,0.060778,0.378403,0.135418,-0.014480,-0.000989,-0.999895,0.750000,0.000000,0.000000,-0.163191,-0.101093,-0.288571,-0.216031,0.142734,-0.048063,-0.071322,-0.013168,-0.037760,-0.026552,-0.365705,-0.049010,-0.370883,1.876229,-0.763582,-2.290745,-0.065450,-2.181662,-0.589049,1.810779,0.218166,-1.308997,0.130900,2.967060,-0.689671,-0.063963,-0.129000,-0.892833,0.959236,-0.644886,-0.666090,0.208311,-0.205376,-0.543853,-1.837767,0.221024,-0.159691,-0.644503,-0.667242,-0.306412,1.092356,-0.777985,-0.757563,0.264422,-0.322002,-0.816393,-1.904580,0.618947
1789149937.429445,-0.154129,-0.017207,0.002475,1.075309,0.442452,0.217177,-0.044539,-0.010337,-0.998954,0.750000,0.000000,0.000000,-0.147385,-0.089890,-0.286174,-0.238518,0.161485,-0.086292,-0.085896,0.014591,-0.042132,-0.044207,-0.352064,0.030493,0.676315,0.763582,0.632682,-0.894481,1.047198,-2.007129,-0.698132,1.919863,-0.218166,-0.894481,0.392699,4.494223,-0.159691,-0.644503,-0.667242,-0.306412,1.092356,-0.777985,-0.757563,0.264422,-0.322002,-0.816393,-1.904580,0.618947,0.460966,-1.129066,-1.113423,0.352413,1.073484,-0.759459,-0.746016,0.348893,-0.461380,-1.009458,-1.884737,0.790477
1789149937.450195,-0.153590,-0.006267,-0.007347,1.648688,0.649380,0.405462,-0.078700,-0.022662,-0.996641,0.750000,0.000000,0.000000,-0.107046,-0.113555,-0.270136,-0.207577,0.200717,-0.109933,-0.109013,0.043002,-0.063755,-0.043768,-0.366360,0.120238,1.614429,-0.850848,0.698132,2.225295,1.810779,-0.981748,-1.352630,1.723513,-0.676315,0.807215,-1.308997,3.905175,0.460966,-1.129066,-1.113423,0.352413,1.073484,-0.759459,-0.746016,0.348893,-0.461380,-1.009458,-1.884737,0.790477,0.757008,-1.386931,-1.316309,0.757567,0.712059,-0.596088,-0.454076,0.069301,-0.849984,-0.990995,-2.053880,0.781330
1789149937.469943,-0.157716,0.009309,-0.021652,1.434037,0.725280,0.431162,-0.108097,-0.036970,-0.993453,0.750000,0.000000,0.000000,-0.042892,-0.153354,-0.270706,-0.129482,0.231683,-0.123153,-0.134457,0.064701,-0.091844,-0.021990,-0.412390,0.169672,2.552544,-1.570796,-0.196350,3.512475,0.807215,-0.174533,-1.178098,0.283616,-0.763582,1.243547,-1.963496,1.265364,0.757008,-1.386931,-1.316309,0.757567,0.712059,-0.596088,-0.454076,0.069301,-0.849984,-0.990995,-2.053880,0.781330,0.701832,-1.288219,-1.008124,0.551703,0.101654,-0.547638,-0.294515,-0.265160,-1.476382,-0.453763,-1.936012,0.435322
1789149937.490200,-0.162845,0.015639,-0.029039,1.177042,0.773084,0.627836,-0.130971,-0.053201,-0.989958,0.750000,0.000000,0.000000,0.008926,-0.185174,-0.274019,-0.040925,0.225138,-0.128837,-0.135114,0.049632,-0.139644,-0.008583,-0.465519,0.188224,1.810779,-1.418080,-0.218166,4.232424,1.047198,-0.043633,0.174533,-2.159845,-1.723513,0.043633,-2.203479,0.109084,0.701832,-1.288219,-1.008124,0.551703,0.101654,-0.547638,-0.294515,-0.265160,-1.476382,-0.453763,-1.936012,0.435322,0.396164,-1.027959,-0.619552,-0.011973,0.251180,-0.685581,-0.202475,-0.141142,-1.347296,-0.034528,-1.965695,0.179269
1789149937.509914,-0.169399,0.018236,-0.031693,0.458254,0.456434,0.712525,-0.139441,-0.062797,-0.988237,0.750000,0.000000,0.000000,0.029976,-0.205221,-0.263561,0.008999,0.233769,-0.132033,-0.121190,0.014417,-0.165960,-0.037763,-0.471701,0.166738,0.894481,-0.959931,0.763582,2.116212,0.043633,-0.741765,0.283616,-0.938115,-1.221731,-2.028945,-0.327249,-0.218166,0.396164,-1.027959,-0.619552,-0.011973,0.251180,-0.685581,-0.202475,-0.141142,-1.347296,-0.034528,-1.965695,0.179269,0.232653,-0.846944,-0.547611,-0.300722,0.689035,-0.837344,-0.278187,0.067513,-0.858319,-0.017816,-2.113750,0.104956
1789149937.529677,-0.175839,0.014679,-0.023068,-0.096083,-0.200568,0.616251,-0.137879,-0.058629,-0.988712,0.750000,0.000000,0.000000,0.026570,-0.209546,-0.233094,0.002484,0.217396,-0.158810,-0.110854,0.001452,-0.184984,-0.021150,-0.480218,0.143154,0.000000,-0.698132,1.548980,-0.021817,-1.221731,-1.701696,0.479965,-0.000000,-0.654499,0.894482,-0.741765,-2.028945,0.232653,-0.846944,-0.547611,-0.300722,0.689035,-0.837344,-0.278187,0.067513,-0.858319,-0.017816,-2.113750,0.104956,-0.064980,-0.411098,-0.110118,-0.831220,0.345805,-0.509105,-0.077761,-0.150245,-1.231428,0.630544,-1.842922,-0.211951
1789149937.549470,-0.179198,0.008963,-0.011063,-0.025908,-0.406564,0.690553,-0.136960,-0.050363,-0.989295,0.750000,0.000000,0.000000,0.020189,-0.220520,-0.217874,-0.014822,0.210469,-0.178101,-0.104290,-0.005758,-0.187968,-0.011592,-0.508528,0.097358,-0.196350,-0.894481,0.654498,-0.436332,-0.479966,0.654499,0.610865,-1.461713,-0.589049,0.414516,-0.938115,-2.116212,-0.064980,-0.411098,-0.110118,-0.831220,0.345805,-0.509105,-0.077761,-0.150245,-1.231428,0.630544,-1.842922,-0.211951,-0.481143,-0.023325,0.314755,-1.712281,0.669113,-0.589705,0.121850,0.085032,-0.953021,0.968153,-1.662785,-0.653970
1789149937.569369,-0.175891,-0.000296,0.005514,0.134680,-0.953444,0.504665,-0.141340,-0.031661,-0.989455,0.750000,0.000000,0.000000,-0.002373,-0.206402,-0.194345,-0.047389,0.181554,-0.159265,-0.091756,-0.024646,-0.202948,0.047654,-0.490409,0.066046,-0.829032,1.090831,1.614430,-1.439897,-0.959931,0.370883,0.567232,0.174533,0.109083,6.086836,0.981748,-1.418080,-0.481143,-0.023325,0.314755,-1.712281,0.669113,-0.589705,0.121850,0.085032,-0.953021,0.968153,-1.662785,-0.653970,-0.967803,0.549650,1.059376,-1.940130,0.645719,-0.188505,0.119832,-0.067835,-0.945290,0.530133,-1.396281,-0.796467
1789149937.589324,-0.172606,-0.005267,0.010506,0.058514,-0.985402,0.289215,-0.142119,-0.014679,-0.989741,0.750000,0.000000,0.000000,-0.036685,-0.152078,-0.168866,-0.077185,0.173681,-0.142737,-0.066714,-0.025840,-0.185317,0.165657,-0.451597,0.027256,-1.243547,2.530728,0.872665,-1.199914,-0.938114,3.076143,1.330814,-0.327249,0.523599,4.559673,1.287180,-2.203478,-0.967803,0.549650,1.059376,-1.940130,0.645719,-0.188505,0.119832,-0.067835,-0.945290,0.530133,-1.396281,-0.796467,-1.193005,0.742345,1.207799,-2.106949,0.776497,0.013617,0.261536,-0.157180,-0.916205,0.386661,-1.438602,-0.762824
1789149937.609316,-0.165021,-0.008317,0.010297,-0.614067,-0.681402,0.351933,-0.131591,-0.000551,-0.991304,0.750000,0.000000,0.000000,-0.088916,-0.074509,-0.163796,-0.093705,0.157362,-0.086755,-0.054739,-0.032129,-0.173806,0.168878,-0.399019,-0.008234,-1.898046,3.316126,-0.000000,-1.025381,-0.741765,2.487095,0.000000,-0.698132,0.807215,-2.770710,2.683444,-1.461713,-1.193005,0.742345,1.207799,-2.106949,0.776497,0.013617,0.261536,-0.157180,-0.916205,0.386661,-1.438602,-0.762824,-1.242175,0.477384,0.615902,-1.807704,0.944986,-0.259659,0.032884,-0.180095,-0.512728,0.495686,-1.587427,-0.424778
1789149937.629321,-0.154161,-0.009952,0.007236,-0.443226,-0.357561,0.479498,-0.123588,0.006941,-0.992309,0.750000,0.000000,0.000000,-0.131246,-0.031520,-0.160107,-0.115088,0.153536,-0.057033,-0.027111,-0.037989,-0.164019,0.133868,-0.377508,-0.028139,-1.701697,0.894482,0.065450,-0.981748,-0.174533,-0.218166,0.894481,-0.130900,0.152716,-0.959931,0.610865,-0.654499,-1.242175,0.477384,0.615902,-1.807704,0.944986,-0.259659,0.032884,-0.180095,-0.512728,0.495686,-1.587427,-0.424778,-1.087781,0.361840,0.360288,-1.596865,0.980166,-0.382158,-0.148299,-0.257096,-0.328196,0.252648,-1.719386,-0.178989
1789149937.649295,-0.143633,-0.008620,0.006967,-0.867733,0.158692,0.371507,-0.102301,0.001775,-0.994752,0.750000,0.000000,0.000000,-0.161980,-0.050189,-0.174792,-0.139839,0.167528,-0.063463,-0.029871,-0.039678,-0.135712,0.133287,-0.385820,-0.029353,-1.788963,-1.199914,-1.156281,-1.483530,1.592613,-0.698132,0.000000,-0.370883,0.239983,0.065450,-0.043633,0.959931,-1.087781,0.361840,0.360288,-1.596865,0.980166,-0.382158,-0.148299,-0.257096,-0.328196,0.252648,-1.719386,-0.178989,-0.836435,0.129930,0.190258,-1.064408,1.005205,-0.528423,-0.347334,-0.103592,-0.191707,-0.128102,-1.823653,0.077378
1789149937.669302,-0.132696,-0.005933,0.006718,-0.813804,-0.336389,0.378564,-0.086226,0.010897,-0.996216,0.750000,0.000000,0.000000,-0.198793,-0.030273,-0.203860,-0.191269,0.203324,-0.082144,-0.039004,-0.045494,-0.100268,0.104961,-0.398179,-0.019415,-2.159845,1.178097,-1.658063,-2.617994,1.963495,-1.352630,-0.327249,0.283616,1.025381,-1.287180,-0.021817,2.181662,-0.836435,0.129930,0.190258,-1.064408,1.005205,-0.528423,-0.347334,-0.103592,-0.191707,-0.128102,-1.823653,0.077378,-0.676593,0.179386,-0.029534,-0.626487,1.137910,-0.620546,-0.548871,0.295582,-0.008673,-0.355334,-1.839142,0.003661
1789149937.689309,-0.111097,0.001359,-0.002389,-0.082367,-0.277001,-0.046609,-0.084381,0.017064,-0.996287,0.750000,0.000000,0.000000,-0.207239,-0.031689,-0.221799,-0.212137,0.230445,-0.105730,-0.053490,-0.028349,-0.065258,0.079092,-0.412303,0.004321,0.021817,-0.065450,-0.479966,-1.374447,1.134464,-1.090831,-0.370883,2.748893,1.003564,-1.308997,-0.436332,0.130900,-0.676593,0.179386,-0.029534,-0.626487,1.137910,-0.620546,-0.548871,0.295582,-0.008673,-0.355334,-1.839142,0.003661,-0.308686,-0.345449,-0.133734,-0.330084,1.228468,-0.623888,-0.531692,0.283568,-0.236757,-0.609502,-2.061293,0.354276
1789149937.709314,-0.098749,0.006980,-0.010756,0.813653,-0.146373,-0.088421,-0.104753,0.019250,-0.994312,0.750000,0.000000,0.000000,-0.180197,-0.028307,-0.218439,-0.213615,0.256532,-0.126805,-0.071099,0.016822,-0.024512,0.097036,-0.421897,0.008693,1.374447,0.370883,0.283616,-0.370883,1.570796,-1.025381,-0.479966,2.247112,1.178097,2.116212,-0.414516,2.290745,-0.308686,-0.345449,-0.133734,-0.330084,1.228468,-0.623888,-0.531692,0.283568,-0.236757,-0.609502,-2.061293,0.354276,0.222598,-0.809905,-0.235902,0.049962,0.914341,-0.357594,-0.472478,0.042138,-0.672992,-0.814414,-1.883834,0.382777
1789149937.729331,-0.082976,0.012458,-0.025547,0.725636,-0.135986,-0.210527,-0.119282,0.020690,-0.992645,0.750000,0.000000,0.000000,-0.128974,-0.054828,-0.206974,-0.189456,0.288940,-0.136342,-0.081380,0.043381,-0.044164,0.131013,-0.447310,0.063900,1.898046,-0.719949,0.610865,1.745329,1.025381,0.938114,-0.349066,0.218166,-0.196350,1.396263,-1.876229,1.723513,0.222598,-0.809905,-0.235902,0.049962,0.914341,-0.357594,-0.472478,0.042138,-0.672992,-0.814414,-1.883834,0.382777,0.332064,-1.039341,-0.176271,0.231499,0.701341,-0.342877,-0.387055,-0.091057,-0.934029,-0.772483,-1.823841,0.144846
1789149937.749328,-0.076028,0.013642,-0.036567,0.549601,0.083059,-0.188689,-0.130509,0.018390,-0.991277,0.750000,0.000000,0.000000,-0.069988,-0.091949,-0.194473,-0.134587,0.275174,-0.116671,-0.086957,0.038557,-0.080938,0.164599,-0.445000,0.078497,2.028946,-1.352630,0.676315,2.792527,0.043633,0.676315,-0.479966,-1.439897,-1.156281,1.614430,-0.218166,-1.221730,0.332064,-1.039341,-0.176271,0.231499,0.701341,-0.342877,-0.387055,-0.091057,-0.934029,-0.772483,-1.823841,0.144846,0.057146,-0.819926,0.103631,-0.027319,0.175290,-0.289425,-0.345111,-0.414513,-1.354909,-0.089381,-1.572005,-0.152426
1789149937.769280,-0.071149,0.009200,-0.043643,0.874906,0.417019,-0.133162,-0.146498,0.008108,-0.989178,0.750000,0.000000,0.000000,-0.033756,-0.122170,-0.176627,-0.072369,0.265226,-0.108108,-0.086665,0.009075,-0.076291,0.179868,-0.439579,0.055598,1.439897,-0.938115,0.829032,2.268928,-0.218166,0.719948,-0.283616,-2.857977,0.087267,0.021817,0.000000,-0.959931,0.057146,-0.819926,0.103631,-0.027319,0.175290,-0.289425,-0.345111,-0.414513,-1.354909,-0.089381,-1.572005,-0.152426,-0.162455,-0.723509,0.136262,-0.338254,0.390363,-0.627960,-0.290141,-0.273637,-1.140340,0.151285,-1.394629,-0.301624
1789149937.789302,-0.072973,0.003127,-0.039719,-0.512201,0.287323,-0.098142,-0.135837,0.004335,-0.990722,0.750000,0.000000,0.000000,-0.032199,-0.116727,-0.171795,-0.059988,0.262785,-0.105329,-0.090000,-0.020321,-0.100339,0.156301,-0.411144,0.023901,0.196350,0.087267,0.021817,0.392699,-0.021817,-1.483530,-0.436332,-0.545416,-1.418080,-1.527163,0.632682,-1.090831,-0.162455,-0.723509,0.136262,-0.338254,0.390363,-0.627960,-0.290141,-0.273637,-1.140340,0.151285,-1.394629,-0.301624,-0.481307,-0.384346,0.078766,-0.613736,0.478257,-0.724239,-0.207956,-0.270057,-1.061605,0.415697,-1.628766,-0.651377
1789149937.809323,-0.076223,-0.006246,-0.030825,-0.850556,0.259626,0.098799,-0.121435,0.002114,-0.992597,0.750000,0.000000,0.000000,-0.046401,-0.116064,-0.173603,-0.074594,0.265793,-0.132036,-0.091841,-0.028456,-0.107148,0.121430,-0.376703,0.005903,-0.545415,0.000000,-0.109083,-0.654499,-0.545415,-1.418080,-0.109083,-0.130900,0.130900,-2.050762,1.178098,-1.069014,-0.481307,-0.384346,0.078766,-0.613736,0.478257,-0.724239,-0.207956,-0.270057,-1.061605,0.415697,-1.628766,-0.651377,-0.578889,-0.236145,0.074609,-0.889327,0.645621,-0.895047,-0.144946,-0.130665,-0.683406,0.332071,-1.830105,-0.636150
1789149937.829321,-0.080473,-0.025164,-0.012170,-0.773990,-0.150767,0.145005,-0.106623,0.007424,-0.994272,0.750000,0.000000,0.000000,-0.078071,-0.103051,-0.179229,-0.098742,0.254233,-0.157836,-0.088249,-0.029606,-0.105910,0.116535,-0.391195,-0.019249,-1.090831,0.305433,-0.589049,-0.850848,-0.610865,-2.116212,0.196350,0.458149,0.087266,-0.392699,-0.392699,-1.461713,-0.578889,-0.236145,0.074609,-0.889327,0.645621,-0.895047,-0.144946,-0.130665,-0.683406,0.332071,-1.830105,-0.636150,-0.750987,0.005156,0.227474,-1.144068,0.632902,-0.758615,-0.045014,-0.227130,-0.772304,0.605980,-1.850058,-0.760659
1789149937.849313,-0.084154,-0.034846,-0.004233,-0.246418,-0.594183,0.200132,-0.103029,0.019909,-0.994479,0.750000,0.000000,0.000000,-0.099405,-0.092614,-0.196178,-0.130859,0.233764,-0.181276,-0.083501,-0.035232,-0.091509,0.104012,-0.424370,-0.050548,-0.850848,0.436332,-0.523599,-1.243547,-1.156281,-0.632682,0.392699,-0.829031,1.003564,-0.174533,-1.134464,-1.461713,-0.750987,0.005156,0.227474,-1.144068,0.632902,-0.758615,-0.045014,-0.227130,-0.772304,0.605980,-1.850058,-0.760659,-0.932283,0.163820,0.382629,-1.514045,0.793072,-0.720467,0.090050,-0.153731,-0.588123,0.698368,-1.791896,-0.816265
1789149937.869310,-0.086025,-0.039941,-0.001065,-0.097680,-0.859168,0.188281,-0.101713,0.033433,-0.994252,0.750000,0.000000,0.000000,-0.123528,-0.074346,-0.195897,-0.167928,0.208126,-0.189231,-0.077295,-0.047763,-0.070308,0.132870,-0.450504,-0.076886,-1.090831,0.676315,0.370883,-1.658063,-1.221731,-0.043633,0.152716,-0.218166,1.047198,1.025381,-1.134464,-1.439896,-0.932283,0.163820,0.382629,-1.514045,0.793072,-0.720467,0.090050,-0.153731,-0.588123,0.698368,-1.791896,-0.816265,-1.149800,0.439210,0.601014,-1.794629,0.939961,-0.587629,0.180312,-0.174320,-0.600277,0.771974,-1.654002,-0.886281
1789149937.889334,-0.085936,-0.039130,-0.002688,-0.408338,-0.631334,0.188681,-0.094956,0.046448,-0.994397,0.750000,0.000000,0.000000,-0.146387,-0.058886,-0.195060,-0.203473,0.198061,-0.190608,-0.076122,-0.051259,-0.054655,0.155316,-0.456110,-0.106802,-0.829031,0.676315,-0.087266,-1.047198,-0.589049,0.501782,0.109083,-0.043633,0.567232,0.698132,-0.152716,-1.461713,-1.149800,0.439210,0.601014,-1.794629,0.939961,-0.587629,0.180312,-0.174320,-0.600277,0.771974,-1.654002,-0.886281,-1.190138,0.436733,0.610242,-1.880434,0.933704,-0.540984,0.140270,-0.238050,-0.542853,0.649226,-1.582079,-0.852573
1789149937.909401,-0.080887,-0.032422,-0.006056,-0.308470,-0.196973,0.192276,-0.089326,0.050134,-0.994740,0.750000,0.000000,0.000000,-0.173982,-0.033996,-0.196906,-0.223121,0.205347,-0.178603,-0.074369,-0.050313,-0.050122,0.173321,-0.437784,-0.122698,-1.221730,1.156281,-0.087266,-1.330814,0.021817,1.221731,-0.021817,-0.152716,0.021817,0.632682,0.850848,-0.174533,-1.190138,0.436733,0.610242,-1.880434,0.933704,-0.540984,0.140270,-0.238050,-0.542853,0.649226,-1.582079,-0.852573,-1.033562,0.287958,0.467532,-1.623133,0.894717,-0.554178,0.136074,-0.354113,-0.342247,0.358795,-1.650797,-0.553565
1789149937.929383,-0.075242,-0.024970,-0.006684,-0.525517,0.093445,0.200132,-0.077149,0.048681,-0.995830,0.750000,0.000000,0.000000,-0.196434,-0.010494,-0.202019,-0.266967,0.210676,-0.158139,-0.064142,-0.056122,-0.054221,0.170678,-0.417181,-0.119052,-0.894481,0.850848,-0.545415,-2.138028,0.349066,0.785398,0.021817,-0.829032,-0.349066,-0.196349,0.719949,0.959931,-1.033562,0.287958,0.467532,-1.623133,0.894717,-0.554178,0.136074,-0.354113,-0.342247,0.358795,-1.650797,-0.553565,-0.814442,0.173773,0.301420,-1.142858,0.829246,-0.667626,-0.113476,-0.255617,-0.133476,0.007498,-1.688786,-0.401318
1789149937.949305,-0.063553,-0.009344,-0.005391,-0.083699,0.234326,0.242077,-0.074196,0.043888,-0.996278,0.750000,0.000000,0.000000,-0.201501,-0.000685,-0.216745,-0.296572,0.219111,-0.149838,-0.061063,-0.063684,-0.052356,0.137910,-0.413983,-0.111441,-0.283616,0.567232,-0.938115,-1.658063,0.349066,-0.109083,0.305433,-0.087267,-0.196350,-1.919863,0.305433,1.483530,-0.814442,0.173773,0.301420,-1.142858,0.829246,-0.667626,-0.113476,-0.255617,-0.133476,0.007498,-1.688786,-0.401318,-0.599258,0.029520,-0.015198,-0.684101,0.862999,-0.711162,-0.430095,0.011491,-0.007660,-0.243162,-1.782083,-0.235887
1789149937.969753,-0.056279,0.003861,-0.005220,0.500466,0.438058,0.255393,-0.083745,0.033460,-0.995925,0.750000,0.000000,0.000000,-0.193140,-0.005648,-0.229126,-0.301206,0.218893,-0.156462,-0.062847,-0.059094,-0.034753,0.105997,-0.411321,-0.092744,0.239983,-0.130900,-0.218166,-0.741765,0.261799,-0.479966,0.239983,1.723513,0.000000,-2.116212,0.479966,2.116212,-0.599258,0.029520,-0.015198,-0.684101,0.862999,-0.711162,-0.430095,0.011491,-0.007660,-0.243162,-1.782083,-0.235887,-0.249521,-0.313348,-0.455867,-0.230285,1.018770,-0.800576,-0.678288,0.151009,-0.042075,-0.512472,-1.871084,0.134104
1789149937.989620,-0.049682,0.016932,-0.006487,0.983829,0.547381,0.106389,-0.100715,0.020235,-0.994710,0.750000,0.000000,0.000000,-0.174890,-0.013191,-0.219429,-0.281593,0.223452,-0.159385,-0.073853,-0.037706,-0.013776,0.099299,-0.413846,-0.057027,0.894481,-0.043633,0.632682,0.916298,0.174533,-0.698132,0.000000,1.527163,0.479966,1.308997,0.349066,3.272493,-0.249521,-0.313348,-0.455867,-0.230285,1.018770,-0.800576,-0.678288,0.151009,-0.042075,-0.512472,-1.871084,0.134104,0.302878,-0.914767,-0.702612,0.323478,0.908912,-0.723736,-0.617477,-0.021545,-0.387719,-0.801004,-1.783506,0.482949
1789149938.009668,-0.044053,0.028850,-0.008889,0.957198,0.362158,0.038745,-0.118392,0.010246,-0.992914,0.750000,0.000000,0.000000,-0.152651,-0.025940,-0.212052,-0.260368,0.230914,-0.162601,-0.082768,-0.028565,-0.013285,0.115662,-0.414021,-0.016451,2.247112,-1.527163,0.850848,2.639811,0.589049,-0.109083,-1.461713,0.938115,0.000000,1.548980,-0.152716,3.207043,0.302878,-0.914767,-0.702612,0.323478,0.908912,-0.723736,-0.617477,-0.021545,-0.387719,-0.801004,-1.783506,0.482949,0.608566,-1.198739,-0.709292,0.596357,0.690937,-0.498687,-0.403539,-0.154810,-0.717321,-0.883980,-1.798059,0.422811
1789149938.029495,-0.036608,0.040473,-0.011966,1.240159,0.321012,0.047400,-0.142473,0.001431,-0.989798,0.750000,0.000000,0.000000,-0.071087,-0.078777,-0.194858,-0.158004,0.240139,-0.160984,-0.097789,-0.006462,-0.056588,0.145695,-0.417211,0.083644,2.508911,-1.592613,0.043633,4.079707,0.610865,1.134464,-0.763582,0.130900,-0.741765,0.916298,-0.567232,1.374447,0.608566,-1.198739,-0.709292,0.596357,0.690937,-0.498687,-0.403539,-0.154810,-0.717321,-0.883980,-1.798059,0.422811,0.597500,-1.272892,-0.626654,0.634790,0.425852,-0.452136,-0.370322,-0.272162,-1.034565,-0.711455,-1.816725,0.231023
1789149938.049442,-0.033942,0.044295,-0.013394,0.604062,0.491721,0.166577,-0.152186,-0.009558,-0.988306,0.750000,0.000000,0.000000,-0.019008,-0.115639,-0.194141,-0.065537,0.243136,-0.149595,-0.099897,-0.014016,-0.091119,0.159644,-0.428049,0.095351,1.767146,-1.548980,0.021817,4.276056,0.676315,0.741765,-0.152716,-1.221731,-1.592613,0.239983,-0.261799,-0.610865,0.597500,-1.272892,-0.626654,0.634790,0.425852,-0.452136,-0.370322,-0.272162,-1.034565,-0.711455,-1.816725,0.231023,0.414092,-1.075070,-0.423629,0.338855,0.212256,-0.481237,-0.286976,-0.306867,-1.250994,-0.221025,-1.818211,-0.037825
1789149938.069366,-0.034459,0.042209,-0.010562,0.013640,0.417951,0.136882,-0.151028,-0.017790,-0.988369,0.750000,0.000000,0.000000,-0.000663,-0.124398,-0.186082,0.000971,0.258962,-0.136216,-0.093843,-0.032754,-0.106003,0.149418,-0.431291,0.079215,0.567232,0.370883,0.436332,2.356194,0.458149,0.632682,0.305433,-1.090831,-0.589049,-0.938115,0.021817,-1.396263,0.414092,-1.075070,-0.423629,0.338855,0.212256,-0.481237,-0.286976,-0.306867,-1.250994,-0.221025,-1.818211,-0.037825,0.261604,-0.925020,-0.295258,0.082552,0.442987,-0.695870,-0.229404,-0.099842,-1.028984,-0.074406,-1.812183,-0.123979
1789149938.089333,-0.035916,0.035336,-0.003182,-0.320321,0.065349,0.171770,-0.144493,-0.017852,-0.989345,0.750000,0.000000,0.000000,-0.006428,-0.115336,-0.180868,0.018484,0.253448,-0.131785,-0.088140,-0.039135,-0.116308,0.118345,-0.433986,0.039956,-0.283616,0.130900,0.087267,0.589049,-0.632682,-1.003564,0.196350,0.719948,-0.261800,-1.767146,-0.283616,-1.745329,0.261604,-0.925020,-0.295258,0.082552,0.442987,-0.695870,-0.229404,-0.099842,-1.028984,-0.074406,-1.812183,-0.123979,0.131695,-0.714909,-0.211594,-0.229707,0.469411,-0.727197,-0.157790,-0.102013,-1.013222,0.226407,-1.894215,-0.305178
1789149938.109313,-0.038384,0.027838,0.005794,-0.541496,-0.214417,0.255659,-0.135639,-0.010287,-0.990705,0.750000,0.000000,0.000000,-0.012324,-0.123288,-0.180453,0.012124,0.233455,-0.145608,-0.082651,-0.035971,-0.113617,0.094803,-0.441763,0.006906,-0.109083,-0.436332,0.021817,-0.370883,-1.156281,-0.872665,0.152716,0.043633,0.392699,-0.567232,-0.414516,-2.072578,0.131695,-0.714909,-0.211594,-0.229707,0.469411,-0.727197,-0.157790,-0.102013,-1.013222,0.226407,-1.894215,-0.305178,-0.170042,-0.346455,0.022568,-0.691375,0.403353,-0.650666,0.041231,-0.142001,-0.970456,0.657191,-1.776888,-0.688385
1789149938.129346,-0.043239,0.016109,0.019334,-0.327778,-0.453435,0.287085,-0.132387,0.000328,-0.991198,0.743837,0.000000,0.000000,-0.020759,-0.120951,-0.180685,-0.007693,0.210982,-0.159824,-0.074439,-0.037002,-0.103003,0.093292,-0.461652,-0.030127,-0.239983,0.000000,-0.000000,-0.829032,-0.981748,-0.458149,0.261799,-0.479966,0.610865,-0.261799,-0.763582,-1.788962,-0.170042,-0.346455,0.022568,-0.691375,0.403353,-0.650666,0.041231,-0.142001,-0.970456,0.657191,-1.776888,-0.688385,-0.622988,0.012016,0.270894,-1.297456,0.553235,-0.678925,0.207835,-0.065352,-0.773255,0.923791,-1.703381,-0.991119
1789149938.149308,-0.046943,0.009372,0.024452,-0.502215,-0.670217,0.342478,-0.123630,0.014043,-0.992229,0.682536,0.000000,0.000000,-0.042826,-0.105565,-0.182935,-0.054643,0.191848,-0.164204,-0.063607,-0.041158,-0.093747,0.134097,-0.458096,-0.077096,-0.938115,0.305433,-0.021817,-2.072579,-0.807215,-0.327249,0.370883,-0.043633,0.436332,1.832596,0.043633,-2.203478,-0.622988,0.012016,0.270894,-1.297456,0.553235,-0.678925,0.207835,-0.065352,-0.773255,0.923791,-1.703381,-0.991119,-0.990442,0.433839,0.640352,-1.727095,0.589754,-0.503243,0.297113,-0.093751,-0.653450,0.875989,-1.601134,-1.126804
1789149938.169306,-0.048595,0.006989,0.024279,-0.741766,-0.878742,0.299601,-0.111461,0.029694,-0.993325,0.627607,0.000000,0.000000,-0.084632,-0.082660,-0.183126,-0.111194,0.179546,-0.166457,-0.052197,-0.046615,-0.077898,0.184965,-0.447956,-0.104776,-1.505347,0.807215,-0.021817,-1.832596,-0.829032,1.330814,0.327249,-0.436332,1.003564,2.378011,0.349066,-1.199914,-0.990442,0.433839,0.640352,-1.727095,0.589754,-0.503243,0.297113,-0.093751,-0.653450,0.875989,-1.601134,-1.126804,-1.179783,0.618458,0.834313,-1.892980,0.684177,-0.464389,0.205221,-0.147351,-0.536423,0.801711,-1.525279,-1.030381
1789149938.188779,-0.050105,0.002489,0.018239,-0.334968,-0.606034,0.218109,-0.106297,0.041660,-0.993461,0.000000,0.000000,0.000000,-0.130442,-0.045174,-0.185542,-0.130687,0.163994,-0.152868,-0.039838,-0.047818,-0.050681,0.204889,-0.426999,-0.127967,-1.723513,1.614430,-0.174533,-0.654499,-0.785398,0.501782,0.763582,0.021817,1.374447,0.676315,0.872665,-1.134464,-1.179783,0.618458,0.834313,-1.892980,0.684177,-0.464389,0.205221,-0.147351,-0.536423,0.801711,-1.525279,-1.030381,0.000000,0.000000,0.000000,0.000000,0.000000,0.000000,0.000000,0.000000,0.000000,0.000000,0.000000,0.000000
1789149938.208727,-0.041448,0.003651,0.004187,-0.567063,-0.337721,0.245672,-0.095887,0.049744,-0.994148,0.000000,0.000000,0.000000,-0.167658,-0.014126,-0.189963,-0.144952,0.159104,-0.139971,-0.027776,-0.043452,-0.036558,0.204570,-0.404419,-0.123707,-1.308997,0.894481,-0.327249,-0.392699,-0.327249,2.116212,0.523599,0.698132,0.610865,-0.065450,0.807215,3.817908,0.000000,0.000000,0.000000,0.000000,0.000000,0.000000,0.000000,0.000000,0.000000,0.000000,0.000000,0.000000,0.000000,0.000000,0.000000,0.000000,0.000000,0.000000,0.000000,0.000000,0.000000,0.000000,0.000000,0.000000
1789149938.228859,-0.034216,0.006568,-0.001754,0.294071,0.334994,0.020103,-0.100041,0.041801,-0.994105,0.000000,0.000000,0.000000,-0.116820,-0.031667,-0.191157,-0.085535,0.115864,-0.090778,-0.034703,-0.029061,0.007040,0.162017,-0.314973,-0.039781,2.072578,-0.283616,-0.000000,1.614430,-1.352630,1.788963,-0.414516,1.243547,0.850848,-4.297873,7.897615,2.225296,0.000000,0.000000,0.000000,0.000000,0.000000,0.000000,0.000000,0.000000,0.000000,0.000000,0.000000,0.000000,0.000000,0.000000,0.000000,0.000000,0.000000,0.000000,0.000000,0.000000,0.000000,0.000000,0.000000,0.000000
1789149938.248765,-0.026330,0.008461,-0.005181,0.062376,0.832738,0.004390,-0.097898,0.025278,-0.994875,0.000000,0.000000,0.000000,-0.087809,-0.034675,-0.168143,-0.068537,0.096592,-0.059648,-0.023318,-0.007132,0.022644,0.117579,-0.115280,-0.013116,1.308997,-0.174533,2.159845,0.654498,-0.676315,1.199914,1.178097,0.894481,0.458149,0.065450,7.614000,0.850849,0.000000,0.000000,0.000000,0.000000,0.000000,0.000000,0.000000,0.000000,0.000000,0.000000,0.000000,0.000000,0.000000,0.000000,0.000000,0.000000,0.000000,0.000000,0.000000,0.000000,0.000000,0.000000,0.000000,0.000000
1789149938.268828,-0.016544,0.007120,-0.009723,-0.054937,1.107443,-0.280435,-0.093056,0.004005,-0.995653,0.000000,0.000000,0.000000,-0.066257,-0.034727,-0.117248,-0.050789,0.080911,-0.031679,0.002521,-0.000012,0.026642,0.123693,-0.039356,0.004354,1.047198,0.109083,2.487094,0.938114,-0.916298,1.439897,0.872665,0.174533,0.021817,-0.850848,2.203480,1.156281,0.000000,0.000000,0.000000,0.000000,0.000000,0.000000,0.000000,0.000000,0.000000,0.000000,0.000000,0.000000,0.000000,0.000000,0.000000,0.000000,0.000000,0.000000,0.000000,0.000000,0.000000,0.000000,0.000000,0.000000
1789149938.288753,-0.012835,0.002332,-0.013727,-0.291425,1.104248,-0.356069,-0.082830,-0.016319,-0.996430,0.000000,0.000000,0.000000,-0.049224,-0.032752,-0.066320,-0.041727,0.065009,-0.015281,0.007959,0.007182,0.025243,0.103832,-0.015818,0.029756,0.807215,0.109083,2.530727,0.174533,-0.610866,0.632682,0.021817,0.283616,-0.087266,-0.719948,0.698133,1.548980,0.000000,0.000000,0.000000,0.000000,0.000000,0.000000,0.000000,0.000000,0.000000,0.000000,0.000000,0.000000,0.000000,0.000000,0.000000,0.000000,0.000000,0.000000,0.000000,0.000000,0.000000,0.000000,0.000000,0.000000
1789149938.308703,-0.010024,-0.006025,-0.018005,-0.570525,0.861101,-0.312260,-0.068446,-0.031108,-0.997170,0.000000,0.000000,0.000000,-0.038288,-0.029057,-0.024805,-0.042033,0.055759,-0.006184,0.006078,0.011823,0.023247,0.077278,0.003252,0.064355,0.370882,0.174533,1.352630,-0.087266,-0.370883,0.523599,-0.087266,0.109083,-0.065450,-2.007129,1.090832,1.374447,0.000000,0.000000,0.000000,0.000000,0.000000,0.000000,0.000000,0.000000,0.000000,0.000000,0.000000,0.000000,0.000000,0.000000,0.000000,0.000000,0.000000,0.000000,0.000000,0.000000,0.000000,0.000000,0.000000,0.000000
1789149938.328846,-0.003202,-0.025441,-0.018680,-0.032433,0.391852,-0.329171,-0.066427,-0.038682,-0.997041,0.000000,0.000000,0.000000,-0.027287,-0.024465,-0.028302,-0.042193,0.050038,0.009093,0.001883,0.016429,0.020749,0.050267,0.018712,0.073082,0.567232,0.261799,-0.763582,-0.000000,-0.305433,0.479966,-0.087266,0.218166,-0.196350,-0.872665,0.545417,0.021817,0.000000,0.000000,0.000000,0.000000,0.000000,0.000000,0.000000,0.000000,0.000000,0.000000,0.000000,0.000000,0.000000,0.000000,0.000000,0.000000,0.000000,0.000000,0.000000,0.000000,0.000000,0.000000,0.000000,0.000000
1789149938.348746,0.002097,-0.037596,-0.014881,0.281421,-0.232393,-0.211326,-0.072787,-0.035005,-0.996733,0.000000,0.000000,0.000000,-0.015645,-0.017407,-0.029627,-0.038223,0.041886,0.010225,0.001894,0.017782,0.018510,0.040591,0.017706,0.063981,0.545415,0.392699,0.436332,0.239983,-0.501782,-0.327249,0.000000,-0.000000,-0.021817,-0.218166,-0.283616,-0.785398,0.000000,0.000000,0.000000,0.000000,0.000000,0.000000,0.000000,0.000000,0.000000,0.000000,0.000000,0.000000,0.000000,0.000000,0.000000,0.000000,0.000000,0.000000,0.000000,0.000000,0.000000,0.000000,0.000000,0.000000
1789149938.368800,0.007597,-0.047787,-0.010399,0.117237,-0.392715,-0.170180,-0.076439,-0.026919,-0.996711,0.000000,0.000000,0.000000,-0.006938,-0.010456,-0.023120,-0.032540,0.031589,0.005003,0.001016,0.018510,0.018346,0.039765,0.008960,0.045871,0.305433,0.392699,0.305433,0.218166,-0.610866,-0.239983,-0.021817,0.021817,0.000000,-0.021817,-0.392699,-0.850848,0.000000,0.000000,0.000000,0.000000,0.000000,0.000000,0.000000,0.000000,0.000000,0.000000,0.000000,0.000000,0.000000,0.000000,0.000000,0.000000,0.000000,0.000000,0.000000,0.000000,0.000000,0.000000,0.000000,0.000000
1789149938.388861,0.015723,-0.062815,-0.002690,-0.281039,-0.198438,-0.078567,-0.071735,-0.022147,-0.997178,0.000000,0.000000,0.000000,-0.001844,-0.005192,-0.019736,-0.027020,0.022017,0.001861,-0.000923,0.019988,0.020612,0.037354,0.001643,0.032429,0.239983,0.218166,0.043633,0.327249,-0.349066,-0.043633,-0.152716,0.130900,0.174533,-0.174533,-0.283616,-0.523599,0.000000,0.000000,0.000000,0.000000,0.000000,0.000000,0.000000,0.000000,0.000000,0.000000,0.000000,0.000000,0.000000,0.000000,0.000000,0.000000,0.000000,0.000000,0.000000,0.000000,0.000000,0.000000,0.000000,0.000000
1789149938.408796,0.022316,-0.079819,0.003476,-0.267990,0.037385,-0.002800,-0.066586,-0.022070,-0.997537,0.000000,0.000000,0.000000,0.001339,0.000205,-0.016382,-0.022179,0.016170,0.002832,-0.004141,0.019410,0.023773,0.030921,0.000809,0.026244,0.087266,0.196350,0.239983,0.261799,-0.130900,0.109083,-0.239983,-0.021817,0.218166,-0.370883,0.000000,-0.152716,0.000000,0.000000,0.000000,0.000000,0.000000,0.000000,0.000000,0.000000,0.000000,0.000000,0.000000,0.000000,0.000000,0.000000,0.000000,0.000000,0.000000,0.000000,0.000000,0.000000,0.000000,0.000000,0.000000,0.000000
1789149938.428902,0.025077,-0.091213,0.004443,-0.192356,0.138319,0.088812,-0.062997,-0.024267,-0.997719,0.000000,0.000000,0.000000,0.004339,0.002637,-0.010036,-0.016783,0.013568,0.003887,-0.007522,0.018134,0.027095,0.025369,0.003279,0.025516,0.218166,0.130900,0.218166,0.218166,-0.087267,0.065450,-0.109083,-0.109083,0.152716,-0.239983,0.174533,0.065450,0.000000,0.000000,0.000000,0.000000,0.000000,0.000000,0.000000,0.000000,0.000000,0.000000,0.000000,0.000000,0.000000,0.000000,0.000000,0.000000,0.000000,0.000000,0.000000,0.000000,0.000000,0.000000,0.000000,0.000000
1789149938.448765,0.027150,-0.101719,0.003035,-0.107800,0.116881,0.178161,-0.060675,-0.026289,-0.997811,0.000000,0.000000,0.000000,0.007813,0.006390,-0.003346,-0.011200,0.011989,0.003429,-0.010146,0.014455,0.032099,0.022003,0.008564,0.027477,0.087266,0.218166,0.414516,0.370883,-0.087267,-0.130900,-0.174533,-0.261799,0.392699,-0.087267,0.305433,0.065450,0.000000,0.000000,0.000000,0.000000,0.000000,0.000000,0.000000,0.000000,0.000000,0.000000,0.000000,0.000000,0.000000,0.000000,0.000000,0.000000,0.000000,0.000000,0.000000,0.000000,0.000000,0.000000,0.000000,0.000000
1789149938.468771,0.027377,-0.108981,-0.000353,-0.099944,0.009422,0.251398,-0.058623,-0.026157,-0.997937,0.000000,0.000000,0.000000,0.009343,0.008547,0.004197,-0.005902,0.009682,0.001029,-0.012919,0.011016,0.039247,0.019901,0.012541,0.026484,0.065450,0.043633,0.501782,0.218166,-0.109083,-0.152716,-0.109083,-0.152716,0.196350,-0.065450,0.130900,-0.261799,0.000000,0.000000,0.000000,0.000000,0.000000,0.000000,0.000000,0.000000,0.000000,0.000000,0.000000,0.000000,0.000000,0.000000,0.000000,0.000000,0.000000,0.000000,0.000000,0.000000,0.000000,0.000000,0.000000,0.000000
1789149938.488902,0.027373,-0.112515,-0.004811,-0.108067,-0.063548,0.307857,-0.056196,-0.024764,-0.998113,0.000000,0.000000,0.000000,0.010905,0.009425,0.012834,-0.000447,0.008488,-0.002115,-0.014356,0.008409,0.045339,0.016669,0.013918,0.022020,0.087266,0.000000,0.414516,0.327249,-0.021817,-0.130900,-0.021817,-0.109083,0.239983,-0.196350,0.021817,-0.283616,0.000000,0.000000,0.000000,0.000000,0.000000,0.000000,0.000000,0.000000,0.000000,0.000000,0.000000,0.000000,0.000000,0.000000,0.000000,0.000000,0.000000,0.000000,0.000000,0.000000,0.000000,0.000000,0.000000,0.000000
1789149938.509029,0.027601,-0.112666,-0.006447,-0.110464,-0.030392,0.345807,-0.052306,-0.024020,-0.998342,0.000000,0.000000,0.000000,0.012564,0.009599,0.019916,0.004232,0.008960,-0.004054,-0.014029,0.006028,0.045707,0.013487,0.014207,0.017196,0.043633,0.000000,0.458149,0.305433,0.174533,-0.065450,0.109083,-0.065450,0.000000,-0.130900,0.000000,-0.239983,0.000000,0.000000,0.000000,0.000000,0.000000,0.000000,0.000000,0.000000,0.000000,0.000000,0.000000,0.000000,0.000000,0.000000,0.000000,0.000000,0.000000,0.000000,0.000000,0.000000,0.000000,0.000000,0.000000,0.000000
1789149938.529358,0.028796,-0.111582,-0.005901,-0.054005,0.011819,0.351533,-0.048663,-0.023529,-0.998538,0.000000,0.000000,0.000000,0.013322,0.009599,0.023843,0.007169,0.009140,-0.004946,-0.013497,0.005303,0.046315,0.011752,0.014207,0.014485,0.065450,0.000000,0.327249,0.239983,0.000000,-0.043633,0.021817,-0.109083,0.109083,-0.196350,0.000000,-0.261799,0.000000,0.000000,0.000000,0.000000,0.000000,0.000000,0.000000,0.000000,0.000000,0.000000,0.000000,0.000000,0.000000,0.000000,0.000000,0.000000,0.000000,0.000000,0.000000,0.000000,0.000000,0.000000,0.000000,0.000000
1789149938.549255,0.028794,-0.107533,-0.005000,-0.082367,0.013683,0.322238,-0.044027,-0.022975,-0.998766,0.000000,0.000000,0.000000,0.013963,0.009149,0.037677,0.013131,0.012516,-0.008090,-0.010901,0.003037,0.048276,0.007013,0.014820,0.010989,0.000000,-0.043633,0.479966,0.239983,0.087266,-0.087266,0.021817,-0.109083,0.196350,-0.087267,0.021817,-0.065450,0.000000,0.000000,0.000000,0.000000,0.000000,0.000000,0.000000,0.000000,0.000000,0.000000,0.000000,0.000000,0.000000,0.000000,0.000000,0.000000,0.000000,0.000000,0.000000,0.000000,0.000000,0.000000,0.000000,0.000000
1789149938.568963,0.028480,-0.100537,-0.004272,-0.095417,0.017412,0.278429,-0.038155,-0.022152,-0.999026,0.000000,0.000000,0.000000,0.013963,0.008609,0.045687,0.017156,0.014517,-0.009813,-0.010233,0.001979,0.052645,0.005772,0.016945,0.009061,0.000000,-0.043633,0.392699,0.152716,0.087266,-0.109083,0.000000,-0.043633,0.174533,-0.065450,0.174533,-0.087266,0.000000,0.000000,0.000000,0.000000,0.000000,0.000000,0.000000,0.000000,0.000000,0.000000,0.000000,0.000000,0.000000,0.000000,0.000000,0.000000,0.000000,0.000000,0.000000,0.000000,0.000000,0.000000,0.000000,0.000000
1789149938.588848,0.027313,-0.092272,-0.004427,-0.132035,0.019276,0.216777,-0.031866,-0.021360,-0.999264,0.000000,0.000000,0.000000,0.012656,0.007742,0.048457,0.019651,0.015638,-0.010498,-0.009884,0.001011,0.055164,0.004973,0.018780,0.007070,-0.130900,-0.109083,0.087267,0.130900,0.021817,-0.021817,0.000000,-0.087266,0.152716,-0.152716,0.065450,-0.087266,0.000000,0.000000,0.000000,0.000000,0.000000,0.000000,0.000000,0.000000,0.000000,0.000000,0.000000,0.000000,0.000000,0.000000,0.000000,0.000000,0.000000,0.000000,0.000000,0.000000,0.000000,0.000000,0.000000,0.000000
1789149938.608797,0.026357,-0.081599,-0.004955,-0.103007,-0.009619,0.140744,-0.028297,-0.020316,-0.999393,0.000000,0.000000,0.000000,0.010799,0.007219,0.050211,0.021148,0.016121,-0.010498,-0.009186,0.000893,0.061066,0.004266,0.019443,0.005584,-0.152716,-0.043633,0.130900,0.043633,0.000000,-0.000000,0.000000,-0.000000,0.174533,-0.152716,0.000000,-0.065450,0.000000,0.000000,0.000000,0.000000,0.000000,0.000000,0.000000,0.000000,0.000000,0.000000,0.000000,0.000000,0.000000,0.000000,0.000000,0.000000,0.000000,0.000000,0.000000,0.000000,0.000000,0.000000,0.000000,0.000000
1789149938.628745,0.026226,-0.075297,-0.005281,-0.106469,-0.047969,0.062447,-0.023633,-0.018316,-0.999553,0.000000,0.000000,0.000000,0.009537,0.006676,0.053173,0.021427,0.015856,-0.010847,-0.008837,0.000839,0.061415,0.004035,0.019443,0.004419,-0.043633,-0.021817,0.065450,-0.000000,0.000000,-0.000000,0.000000,-0.021817,0.000000,-0.000000,0.000000,-0.043633,0.000000,0.000000,0.000000,0.000000,0.000000,0.000000,0.000000,0.000000,0.000000,0.000000,0.000000,0.000000,0.000000,0.000000,0.000000,0.000000,0.000000,0.000000,0.000000,0.000000,0.000000,0.000000,0.000000,0.000000
1789149938.648750,0.025788,-0.064194,-0.004550,0.019632,-0.034920,-0.000270,-0.021008,-0.017086,-0.999633,0.000000,0.000000,0.000000,0.009117,0.006542,0.053369,0.019324,0.015856,-0.010847,-0.007607,0.000544,0.062637,0.003686,0.018960,0.004384,0.000000,0.000000,0.021817,-0.109083,0.000000,-0.000000,0.130900,-0.000000,0.000000,-0.000000,0.000000,-0.000000,0.000000,0.000000,0.000000,0.000000,0.000000,0.000000,0.000000,0.000000,0.000000,0.000000,0.000000,0.000000,0.000000,0.000000,0.000000,0.000000,0.000000,0.000000,0.000000,0.000000,0.000000,0.000000,0.000000,0.000000
1789149938.668840,0.025521,-0.060342,-0.004172,0.060245,-0.015612,-0.049273,-0.019823,-0.016124,-0.999673,0.000000,0.000000,0.000000,0.009117,0.006542,0.053497,0.017832,0.016151,-0.010583,-0.007378,0.000544,0.062637,0.003686,0.017967,0.004384,0.000000,0.000000,-0.000000,-0.109083,0.065450,-0.000000,0.021817,-0.000000,0.000000,-0.000000,-0.087266,-0.000000,0.000000,0.000000,0.000000,0.000000,0.000000,0.000000,0.000000,0.000000,0.000000,0.000000,0.000000,0.000000,0.000000,0.000000,0.000000,0.000000,0.000000,0.000000,0.000000,0.000000,0.000000,0.000000,0.000000,0.000000
1789149938.688788,0.024767,-0.049285,-0.003001,0.018567,-0.025865,-0.093747,-0.017302,-0.014403,-0.999747,0.000000,0.000000,0.000000,0.009425,0.007156,0.052930,0.016799,0.016295,-0.009505,-0.005766,0.001981,0.062329,0.005188,0.016028,0.004646,0.000000,0.000000,-0.087266,-0.000000,0.000000,0.043633,0.021817,0.130900,0.000000,0.021817,-0.043633,0.065450,0.000000,0.000000,0.000000,0.000000,0.000000,0.000000,0.000000,0.000000,0.000000,0.000000,0.000000,0.000000,0.000000,0.000000,0.000000,0.000000,0.000000,0.000000,0.000000,0.000000,0.000000,0.000000,0.000000,0.000000
1789149938.708787,0.023614,-0.041420,-0.002740,-0.010062,-0.018674,-0.116651,-0.015349,-0.012958,-0.999798,0.000000,0.000000,0.000000,0.009425,0.007505,0.050091,0.015321,0.015750,-0.008837,-0.005521,0.003132,0.063149,0.005870,0.015295,0.004902,0.000000,0.000000,-0.196350,-0.043633,-0.021817,-0.000000,0.000000,0.021817,0.043633,-0.000000,0.000000,0.065450,0.000000,0.000000,0.000000,0.000000,0.000000,0.000000,0.000000,0.000000,0.000000,0.000000,0.000000,0.000000,0.000000,0.000000,0.000000,0.000000,0.000000,0.000000,0.000000,0.000000,0.000000,0.000000,0.000000,0.000000
1789149938.728766,0.020656,-0.029301,-0.002796,0.010577,-0.003627,-0.125839,-0.014406,-0.011995,-0.999824,0.000000,0.000000,0.000000,0.009425,0.007505,0.044890,0.013215,0.014984,-0.007790,-0.005521,0.004136,0.063335,0.006568,0.014597,0.005227,0.000000,0.000000,-0.196350,-0.130900,-0.021817,-0.000000,0.000000,0.043633,0.000000,-0.000000,0.000000,0.021817,0.000000,0.000000,0.000000,0.000000,0.000000,0.000000,0.000000,0.000000,0.000000,0.000000,0.000000,0.000000,0.000000,0.000000,0.000000,0.000000,0.000000,0.000000,0.000000,0.000000,0.000000,0.000000,0.000000,0.000000
1789149938.748803,0.017997,-0.021307,-0.002496,0.054786,-0.008687,-0.116517,-0.014793,-0.011007,-0.999830,0.000000,0.000000,0.000000,0.009425,0.007505,0.043382,0.009793,0.014419,-0.006743,-0.005172,0.004692,0.062579,0.007113,0.013061,0.005695,0.000000,0.000000,-0.087266,-0.130900,-0.021817,-0.000000,0.000000,-0.000000,-0.109083,0.043633,-0.087266,-0.000000,0.000000,0.000000,0.000000,0.000000,0.000000,0.000000,0.000000,0.000000,0.000000,0.000000,0.000000,0.000000,0.000000,0.000000,0.000000,0.000000,0.000000,0.000000,0.000000,0.000000,0.000000,0.000000,0.000000,0.000000
1789149938.768777,0.012315,-0.008888,-0.001190,0.073694,-0.006024,-0.105332,-0.015501,-0.010169,-0.999828,0.000000,0.000000,0.000000,0.008942,0.007505,0.038959,0.008001,0.013937,-0.005870,-0.004823,0.005041,0.060935,0.007092,0.011163,0.006219,0.000000,0.000000,-0.414516,-0.109083,0.000000,-0.000000,0.000000,-0.000000,-0.043633,-0.000000,-0.109083,-0.000000,0.000000,0.000000,0.000000,0.000000,0.000000,0.000000,0.000000,0.000000,0.000000,0.000000,0.000000,0.000000,0.000000,0.000000,0.000000,0.000000,0.000000,0.000000,0.000000,0.000000,0.000000,0.000000,0.000000,0.000000
1789149938.788776,0.007442,-0.001009,-0.000116,0.033880,0.005427,-0.101071,-0.015597,-0.009329,-0.999835,0.000000,0.000000,0.000000,0.008252,0.007175,0.032076,0.005784,0.013238,-0.005521,-0.004648,0.005216,0.059528,0.007266,0.009751,0.006743,-0.021817,-0.021817,-0.327249,-0.174533,0.000000,-0.000000,0.000000,-0.000000,-0.021817,-0.000000,-0.043633,-0.000000,0.000000,0.000000,0.000000,0.000000,0.000000,0.000000,0.000000,0.000000,0.000000,0.000000,0.000000,0.000000,0.000000,0.000000,0.000000,0.000000,0.000000,0.000000,0.000000,0.000000,0.000000,0.000000,0.000000,0.000000
1789149938.808772,-0.000185,0.008716,0.000903,0.002588,0.014615,-0.097210,-0.015171,-0.008615,-0.999848,0.000000,0.000000,0.000000,0.007115,0.006035,0.026867,0.002942,0.012098,-0.005521,-0.004934,0.005216,0.058593,0.007266,0.008867,0.007479,-0.065450,-0.043633,-0.152716,-0.130900,-0.021817,-0.000000,-0.021817,-0.000000,-0.021817,-0.000000,-0.065450,0.021817,0.000000,0.000000,0.000000,0.000000,0.000000,0.000000,0.000000,0.000000,0.000000,0.000000,0.000000,0.000000,0.000000,0.000000,0.000000,0.000000,0.000000,0.000000,0.000000,0.000000,0.000000,0.000000,0.000000,0.000000
1789149938.828739,-0.005875,0.014314,0.001063,0.010044,0.021806,-0.092416,-0.015293,-0.008408,-0.999848,0.000000,0.000000,0.000000,0.005964,0.004232,0.020080,-0.000325,0.010350,-0.005717,-0.006311,0.004572,0.056656,0.007651,0.008303,0.008502,-0.087266,-0.109083,-0.392699,-0.109083,-0.130900,-0.065450,-0.065450,-0.065450,-0.130900,0.021817,-0.043633,0.021817,0.000000,0.000000,0.000000,0.000000,0.000000,0.000000,0.000000,0.000000,0.000000,0.000000,0.000000,0.000000,0.000000,0.000000,0.000000,0.000000,0.000000,0.000000,0.000000,0.000000,0.000000,0.000000,0.000000,0.000000
1789149938.848733,-0.014238,0.021406,0.001092,0.052921,0.027665,-0.095612,-0.016548,-0.008804,-0.999824,0.000000,0.000000,0.000000,0.004573,0.001674,0.015850,-0.001996,0.009573,-0.005865,-0.007195,0.003708,0.052983,0.007615,0.007441,0.010062,-0.065450,-0.130900,-0.261799,-0.109083,0.000000,-0.021817,-0.021817,-0.043633,-0.218166,-0.000000,-0.021817,0.065450,0.000000,0.000000,0.000000,0.000000,0.000000,0.000000,0.000000,0.000000,0.000000,0.000000,0.000000,0.000000,0.000000,0.000000,0.000000,0.000000,0.000000,0.000000,0.000000,0.000000,0.000000,0.000000,0.000000,0.000000
1789149938.868737,-0.019441,0.024589,0.001766,0.064906,0.044576,-0.091617,-0.017366,-0.009543,-0.999804,0.000000,0.000000,0.000000,0.002247,0.000136,0.011506,-0.003796,0.009224,-0.006135,-0.007781,0.002936,0.048532,0.007351,0.005750,0.011627,-0.087266,-0.065450,-0.152716,-0.130900,0.000000,-0.000000,-0.021817,-0.021817,-0.283616,-0.000000,-0.130900,0.109083,0.000000,0.000000,0.000000,0.000000,0.000000,0.000000,0.000000,0.000000,0.000000,0.000000,0.000000,0.000000,0.000000,0.000000,0.000000,0.000000,0.000000,0.000000,0.000000,0.000000,0.000000,0.000000,0.000000,0.000000
1789149938.888740,-0.024380,0.027530,0.002587,0.101125,0.023936,-0.089087,-0.019106,-0.010041,-0.999767,0.000000,0.000000,0.000000,0.000886,-0.000180,0.009220,-0.006073,0.008701,-0.006604,-0.008591,0.001608,0.044044,0.007225,0.003669,0.012339,-0.021817,-0.021817,-0.087267,-0.065450,0.000000,-0.021817,-0.065450,-0.087266,-0.174533,-0.021817,-0.087266,0.065450,0.000000,0.000000,0.000000,0.000000,0.000000,0.000000,0.000000,0.000000,0.000000,0.000000,0.000000,0.000000,0.000000,0.000000,0.000000,0.000000,0.000000,0.000000,0.000000,0.000000,0.000000,0.000000,0.000000,0.000000
1789149938.908718,-0.030865,0.030784,0.004137,0.094200,0.011553,-0.084426,-0.020766,-0.010575,-0.999728,0.000000,0.000000,0.000000,0.000371,-0.000614,0.005228,-0.007647,0.007577,-0.007733,-0.009126,0.000250,0.041434,0.007176,0.002314,0.012857,-0.021817,0.000000,-0.349066,-0.065450,-0.109083,-0.065450,-0.043633,-0.065450,-0.196350,-0.000000,-0.021817,0.021817,0.000000,0.000000,0.000000,0.000000,0.000000,0.000000,0.000000,0.000000,0.000000,0.000000,0.000000,0.000000,0.000000,0.000000,0.000000,0.000000,0.000000,0.000000,0.000000,0.000000,0.000000,0.000000,0.000000,0.000000
1789149938.928785,-0.034765,0.032913,0.004956,0.053188,0.009023,-0.078967,-0.021866,-0.011084,-0.999699,0.000000,0.000000,0.000000,-0.000308,-0.001137,0.002302,-0.007810,0.006064,-0.008578,-0.009800,-0.001654,0.038737,0.007176,0.000727,0.013375,-0.021817,0.000000,-0.065450,-0.000000,-0.065450,-0.000000,0.000000,-0.109083,-0.109083,-0.000000,-0.043633,-0.000000,0.000000,0.000000,0.000000,0.000000,0.000000,0.000000,0.000000,0.000000,0.000000,0.000000,0.000000,0.000000,0.000000,0.000000,0.000000,0.000000,0.000000,0.000000,0.000000,0.000000,0.000000,0.000000,0.000000,0.000000
1789149938.948770,-0.038287,0.034736,0.005086,0.061577,0.023537,-0.077369,-0.022924,-0.011763,-0.999668,0.000000,0.000000,0.000000,-0.000739,-0.001500,-0.000704,-0.008160,0.004681,-0.009102,-0.011008,-0.002930,0.036228,0.007413,-0.000258,0.013899,-0.087266,-0.043633,-0.218166,-0.000000,-0.065450,-0.000000,-0.043633,-0.087266,-0.087266,0.065450,-0.043633,-0.000000,0.000000,0.000000,0.000000,0.000000,0.000000,0.000000,0.000000,0.000000,0.000000,0.000000,0.000000,0.000000,0.000000,0.000000,0.000000,0.000000,0.000000,0.000000,0.000000,0.000000,0.000000,0.000000,0.000000,0.000000
1789149938.968751,-0.040037,0.035675,0.004935,0.065039,0.020474,-0.076304,-0.024157,-0.012141,-0.999634,0.000000,0.000000,0.000000,-0.000832,-0.001715,-0.005241,-0.009229,0.003099,-0.009451,-0.011768,-0.003917,0.034464,0.007441,-0.001218,0.014597,0.000000,-0.021817,-0.087267,-0.043633,-0.043633,-0.000000,-0.021817,-0.065450,-0.087266,-0.000000,-0.065450,-0.000000,0.000000,0.000000,0.000000,0.000000,0.000000,0.000000,0.000000,0.000000,0.000000,0.000000,0.000000,0.000000,0.000000,0.000000,0.000000,0.000000,0.000000,0.000000,0.000000,0.000000,0.000000,0.000000,0.000000,0.000000
1789149938.988772,-0.040980,0.035899,0.004840,0.019232,0.000767,-0.075771,-0.024709,-0.012095,-0.999622,0.000000,0.000000,0.000000,-0.001181,-0.002263,-0.006698,-0.010167,0.001719,-0.009974,-0.013026,-0.004515,0.032568,0.007441,-0.002859,0.014741,0.000000,-0.021817,-0.109083,-0.043633,0.000000,-0.000000,-0.087266,-0.021817,-0.130900,-0.000000,-0.109083,-0.065450,0.000000,0.000000,0.000000,0.000000,0.000000,0.000000,0.000000,0.000000,0.000000,0.000000,0.000000,0.000000,0.000000,0.000000,0.000000,0.000000,0.000000,0.000000,0.000000,0.000000,0.000000,0.000000,0.000000,0.000000
1789149939.008808,-0.041576,0.035816,0.004874,-0.015256,0.007158,-0.082296,-0.025161,-0.012470,-0.999606,0.000000,0.000000,0.000000,-0.001530,-0.003297,-0.011920,-0.011956,0.000391,-0.010149,-0.013814,-0.004845,0.030078,0.006778,-0.004086,0.014433,0.000000,-0.043633,-0.327249,-0.109083,-0.130900,-0.000000,0.000000,-0.043633,-0.152716,-0.109083,-0.021817,-0.021817,0.000000,0.000000,0.000000,0.000000,0.000000,0.000000,0.000000,0.000000,0.000000,0.000000,0.000000,0.000000,0.000000,0.000000,0.000000,0.000000,0.000000,0.000000,0.000000,0.000000,0.000000,0.000000,0.000000,0.000000
1789149939.028807,-0.040386,0.033763,0.005631,-0.034031,0.005561,-0.076570,-0.025837,-0.013029,-0.999581,0.000000,0.000000,0.000000,-0.001893,-0.004718,-0.014006,-0.015285,-0.000408,-0.010149,-0.014337,-0.004746,0.028085,0.005867,-0.004951,0.013661,-0.021817,-0.087266,-0.000000,-0.239983,-0.043633,-0.000000,0.000000,-0.065450,-0.065450,-0.087266,0.000000,-0.087266,0.000000,0.000000,0.000000,0.000000,0.000000,0.000000,0.000000,0.000000,0.000000,0.000000,0.000000,0.000000,0.000000,0.000000,0.000000,0.000000,0.000000,0.000000,0.000000,0.000000,0.000000,0.000000,0.000000,0.000000
1789149939.048839,-0.038515,0.031303,0.006738,-0.005002,0.011286,-0.062855,-0.027229,-0.013832,-0.999534,0.000000,0.000000,0.000000,-0.001879,-0.005694,-0.014140,-0.016723,-0.000825,-0.009527,-0.015036,-0.004490,0.026735,0.005057,-0.005300,0.012996,0.000000,-0.021817,-0.021817,-0.021817,-0.021817,0.065450,0.000000,-0.043633,-0.065450,-0.021817,0.000000,-0.087266,0.000000,0.000000,0.000000,0.000000,0.000000,0.000000,0.000000,0.000000,0.000000,0.000000,0.000000,0.000000,0.000000,0.000000,0.000000,0.000000,0.000000,0.000000,0.000000,0.000000,0.000000,0.000000,0.000000,0.000000
1789149939.068790,-0.035431,0.027351,0.006018,0.024692,0.010487,-0.038221,-0.028997,-0.014640,-0.999472,0.000000,0.000000,0.000000,-0.001429,-0.005850,-0.014879,-0.017061,-0.001073,-0.009077,-0.015036,-0.004490,0.025679,0.004724,-0.005824,0.012813,0.087266,0.000000,-0.000000,-0.000000,0.000000,0.087266,0.000000,-0.043633,-0.021817,-0.043633,0.000000,-0.021817,0.000000,0.000000,0.000000,0.000000,0.000000,0.000000,0.000000,0.000000,0.000000,0.000000,0.000000,0.000000,0.000000,0.000000,0.000000,0.000000,0.000000,0.000000,0.000000,0.000000,0.000000,0.000000,0.000000,0.000000
1789149939.088762,-0.030370,0.021446,0.004660,0.013373,0.013017,-0.011722,-0.030194,-0.015372,-0.999426,0.000000,0.000000,0.000000,-0.001396,-0.005304,-0.014879,-0.017061,-0.001073,-0.008837,-0.015036,-0.003675,0.025126,0.004733,-0.005824,0.012761,0.000000,0.065450,-0.000000,-0.000000,0.000000,-0.000000,0.000000,0.021817,-0.021817,-0.000000,0.000000,-0.000000,0.000000,0.000000,0.000000,0.000000,0.000000,0.000000,0.000000,0.000000,0.000000,0.000000,0.000000,0.000000,0.000000,0.000000,0.000000,0.000000,0.000000,0.000000,0.000000,0.000000,0.000000,0.000000,0.000000,0.000000
1789149939.108769,-0.025904,0.016578,0.004255,-0.030968,0.007824,0.010515,-0.030128,-0.015634,-0.999424,0.000000,0.000000,0.000000,-0.001222,-0.002964,-0.013592,-0.016177,-0.001073,-0.008139,-0.015036,-0.003985,0.024630,0.004209,-0.005515,0.012565,0.000000,0.087266,0.087266,0.065450,0.000000,-0.000000,0.000000,-0.021817,0.000000,-0.000000,0.000000,-0.021817,0.000000,0.000000,0.000000,0.000000,0.000000,0.000000,0.000000,0.000000,0.000000,0.000000,0.000000,0.000000,0.000000,0.000000,0.000000,0.000000,0.000000,0.000000,0.000000,0.000000,0.000000,0.000000,0.000000,0.000000
1789149939.128762,-0.018912,0.009413,0.003426,-0.049477,0.007691,0.029690,-0.029588,-0.015789,-0.999437,0.000000,0.000000,0.000000,-0.001064,-0.001977,-0.013046,-0.015291,-0.001073,-0.006917,-0.015036,-0.003287,0.025341,0.002987,-0.005090,0.011714,0.021817,0.043633,0.087266,0.043633,0.000000,0.065450,0.000000,-0.021817,0.065450,-0.000000,0.021817,-0.000000,0.000000,0.000000,0.000000,0.000000,0.000000,0.000000,0.000000,0.000000,0.000000,0.000000,0.000000,0.000000,0.000000,0.000000,0.000000,0.000000,0.000000,0.000000,0.000000,0.000000,0.000000,0.000000,0.000000,0.000000
1789149939.148777,-0.013706,0.004238,0.003163,-0.077574,-0.008288,0.039677,-0.028442,-0.015405,-0.999477,0.000000,0.000000,0.000000,-0.000873,-0.001396,-0.012234,-0.013816,-0.001073,-0.005505,-0.014695,-0.002115,0.026997,0.001288,-0.004419,0.009909,0.000000,0.000000,0.021817,0.130900,0.000000,0.043633,0.021817,-0.000000,0.087266,-0.065450,0.065450,-0.087266,0.000000,0.000000,0.000000,0.000000,0.000000,0.000000,0.000000,0.000000,0.000000,0.000000,0.000000,0.000000,0.000000,0.000000,0.000000,0.000000,0.000000,0.000000,0.000000,0.000000,0.000000,0.000000,0.000000,0.000000
1789149939.168856,-0.004854,-0.004313,0.002809,-0.082500,-0.006424,0.045136,-0.026994,-0.014988,-0.999523,0.000000,0.000000,0.000000,-0.000524,-0.000927,-0.011083,-0.011127,-0.001073,-0.003918,-0.013926,-0.000097,0.028502,-0.000591,-0.003776,0.007185,0.000000,0.021817,0.065450,0.152716,0.000000,0.043633,0.087266,0.174533,0.065450,-0.065450,0.043633,-0.130900,0.000000,0.000000,0.000000,0.000000,0.000000,0.000000,0.000000,0.000000,0.000000,0.000000,0.000000,0.000000,0.000000,0.000000,0.000000,0.000000,0.000000,0.000000,0.000000,0.000000,0.000000,0.000000,0.000000,0.000000
1789149939.188770,0.000856,-0.009711,0.002754,-0.084231,-0.004293,0.048465,-0.025400,-0.014524,-0.999572,0.000000,0.000000,0.000000,-0.000175,-0.000594,-0.008887,-0.008620,-0.000809,-0.002543,-0.013009,0.001837,0.030392,-0.001921,-0.003072,0.005229,0.000000,0.021817,0.196350,0.087266,0.000000,0.043633,0.065450,0.087266,0.174533,-0.043633,0.021817,-0.087266,0.000000,0.000000,0.000000,0.000000,0.000000,0.000000,0.000000,0.000000,0.000000,0.000000,0.000000,0.000000,0.000000,0.000000,0.000000,0.000000,0.000000,0.000000,0.000000,0.000000,0.000000,0.000000,0.000000,0.000000
1789149939.208699,0.006044,-0.014478,0.002742,-0.039091,-0.025332,0.049930,-0.024779,-0.013786,-0.999598,0.000000,0.000000,0.000000,0.000425,-0.000264,-0.003065,-0.007011,-0.000634,-0.001681,-0.012022,0.002578,0.033105,-0.002598,-0.002570,0.003904,0.021817,0.021817,0.305433,0.109083,0.000000,-0.000000,0.043633,0.021817,0.152716,-0.000000,0.021817,-0.043633,0.000000,0.000000,0.000000,0.000000,0.000000,0.000000,0.000000,0.000000,0.000000,0.000000,0.000000,0.000000,0.000000,0.000000,0.000000,0.000000,0.000000,0.000000,0.000000,0.000000,0.000000,0.000000,0.000000,0.000000
1789149939.228851,0.013259,-0.020902,0.002517,-0.040689,-0.022536,0.051927,-0.023577,-0.012964,-0.999638,0.000000,0.000000,0.000000,0.001440,0.000076,-0.001353,-0.005539,-0.000634,-0.001158,-0.010931,0.003419,0.034646,-0.002947,-0.002240,0.002638,0.087266,0.021817,0.087266,0.152716,0.000000,-0.000000,0.043633,0.043633,0.043633,-0.000000,0.021817,-0.021817,0.000000,0.000000,0.000000,0.000000,0.000000,0.000000,0.000000,0.000000,0.000000,0.000000,0.000000,0.000000,0.000000,0.000000,0.000000,0.000000,0.000000,0.000000,0.000000,0.000000,0.000000,0.000000,0.000000,0.000000
1789149939.248794,0.017680,-0.024633,0.002229,-0.024843,-0.013215,0.044870,-0.022561,-0.012247,-0.999670,0.000000,0.000000,0.000000,0.002820,0.000586,0.002839,-0.002468,-0.000460,-0.000582,-0.009955,0.004188,0.036321,-0.003296,-0.001989,0.001433,0.109083,0.021817,0.349066,0.218166,0.000000,0.021817,0.021817,0.021817,0.087266,-0.000000,0.087266,-0.109083,0.000000,0.000000,0.000000,0.000000,0.000000,0.000000,0.000000,0.000000,0.000000,0.000000,0.000000,0.000000,0.000000,0.000000,0.000000,0.000000,0.000000,0.000000,0.000000,0.000000,0.000000,0.000000,0.000000,0.000000
1789149939.268792,0.022543,-0.028805,0.001727,-0.050676,0.003164,0.043938,-0.020772,-0.011580,-0.999717,0.000000,0.000000,0.000000,0.005263,0.001396,0.006916,0.000218,0.000064,0.000438,-0.009011,0.004867,0.037949,-0.003836,-0.000637,0.000181,0.174533,0.000000,0.087267,0.109083,0.000000,0.021817,0.065450,-0.000000,0.087266,-0.021817,0.130900,-0.043633,0.000000,0.000000,0.000000,0.000000,0.000000,0.000000,0.000000,0.000000,0.000000,0.000000,0.000000,0.000000,0.000000,0.000000,0.000000,0.000000,0.000000,0.000000,0.000000,0.000000,0.000000,0.000000,0.000000,0.000000
1789149939.288783,0.025067,-0.031248,0.001383,-0.043219,-0.004426,0.037546,-0.019095,-0.010650,-0.999761,0.000000,0.000000,0.000000,0.007025,0.002724,0.009218,0.001219,0.000588,0.001608,-0.008308,0.005390,0.040954,-0.004529,-0.000001,-0.001054,0.065450,0.065450,0.152716,0.043633,0.000000,0.109083,0.043633,-0.000000,0.239983,-0.043633,0.021817,-0.087266,0.000000,0.000000,0.000000,0.000000,0.000000,0.000000,0.000000,0.000000,0.000000,0.000000,0.000000,0.000000,0.000000,0.000000,0.000000,0.000000,0.000000,0.000000,0.000000,0.000000,0.000000,0.000000,0.000000,0.000000
1789149939.308777,0.026241,-0.032419,0.000703,-0.068785,-0.013481,0.030888,-0.016640,-0.009599,-0.999815,0.000000,0.000000,0.000000,0.007390,0.003431,0.011459,0.001249,0.000588,0.001635,-0.008313,0.005439,0.043035,-0.004588,0.000419,-0.001578,0.021817,0.087266,0.239983,0.021817,0.000000,-0.000000,0.000000,0.021817,0.196350,-0.021817,0.000000,-0.065450,0.000000,0.000000,0.000000,0.000000,0.000000,0.000000,0.000000,0.000000,0.000000,0.000000,0.000000,0.000000,0.000000,0.000000,0.000000,0.000000,0.000000,0.000000,0.000000,0.000000,0.000000,0.000000,0.000000,0.000000
1789149939.328775,0.026398,-0.032755,0.000502,-0.065989,0.008490,0.018638,-0.014517,-0.008944,-0.999855,0.000000,0.000000,0.000000,0.008162,0.005370,0.012482,0.002092,0.000588,0.003588,-0.008177,0.006088,0.043757,-0.006536,0.001286,-0.003200,0.021817,0.043633,-0.000000,0.043633,0.000000,0.065450,0.021817,-0.000000,0.021817,-0.043633,0.043633,-0.021817,0.000000,0.000000,0.000000,0.000000,0.000000,0.000000,0.000000,0.000000,0.000000,0.000000,0.000000,0.000000,0.000000,0.000000,0.000000,0.000000,0.000000,0.000000,0.000000,0.000000,0.000000,0.000000,0.000000,0.000000
1789149939.348786,0.025239,-0.032171,0.000761,-0.032699,0.016613,0.002260,-0.012686,-0.008395,-0.999884,0.000000,0.000000,0.000000,0.008522,0.006310,0.013619,0.002228,0.000937,0.004793,-0.007790,0.006437,0.043787,-0.008395,0.001291,-0.004032,0.021817,0.021817,0.065450,-0.000000,0.000000,0.087266,0.000000,-0.000000,0.000000,-0.109083,0.000000,-0.043633,0.000000,0.000000,0.000000,0.000000,0.000000,0.000000,0.000000,0.000000,0.000000,0.000000,0.000000,0.000000,0.000000,0.000000,0.000000,0.000000,0.000000,0.000000,0.000000,0.000000,0.000000,0.000000,0.000000,0.000000
1789149939.368817,0.024235,-0.031956,0.001385,-0.032433,0.018077,-0.013453,-0.011018,-0.007786,-0.999909,0.000000,0.000000,0.000000,0.008901,0.006807,0.014053,0.002577,0.001286,0.005649,-0.007441,0.006606,0.043037,-0.009773,0.000961,-0.004866,0.000000,0.000000,-0.000000,-0.000000,0.000000,-0.000000,0.000000,-0.065450,-0.065450,-0.065450,-0.065450,-0.000000,0.000000,0.000000,0.000000,0.000000,0.000000,0.000000,0.000000,0.000000,0.000000,0.000000,0.000000,0.000000,0.000000,0.000000,0.000000,0.000000,0.000000,0.000000,0.000000,0.000000,0.000000,0.000000,0.000000,0.000000
1789149939.388863,0.021491,-0.029534,0.003019,-0.043751,0.002365,-0.037555,-0.009126,-0.007040,-0.999934,0.000000,0.000000,0.000000,0.009425,0.006981,0.014664,0.002577,0.001286,0.006377,-0.007091,0.004924,0.041816,-0.010626,0.000291,-0.006077,0.000000,0.000000,0.021817,-0.000000,0.000000,0.021817,0.000000,-0.021817,-0.065450,-0.043633,-0.065450,-0.043633,0.000000,0.000000,0.000000,0.000000,0.000000,0.000000,0.000000,0.000000,0.000000,0.000000,0.000000,0.000000,0.000000,0.000000,0.000000,0.000000,0.000000,0.000000,0.000000,0.000000,0.000000,0.000000,0.000000,0.000000
1789149939.408808,0.018247,-0.027392,0.005152,-0.025109,0.010621,-0.050338,-0.007566,-0.006562,-0.999950,0.000000,0.000000,0.000000,0.009932,0.006981,0.015100,0.001696,0.001021,0.006950,-0.007091,0.004384,0.038966,-0.011529,-0.001065,-0.008046,0.043633,0.000000,-0.000000,-0.087266,0.000000,0.021817,0.000000,-0.000000,-0.218166,-0.065450,-0.087266,-0.109083,0.000000,0.000000,0.000000,0.000000,0.000000,0.000000,0.000000,0.000000,0.000000,0.000000,0.000000,0.000000,0.000000,0.000000,0.000000,0.000000,0.000000,0.000000,0.000000,0.000000,0.000000,0.000000,0.000000,0.000000
1789149939.428871,0.015307,-0.025419,0.006585,-0.001274,0.019009,-0.057928,-0.006889,-0.006455,-0.999955,0.000000,0.000000,0.000000,0.010505,0.006981,0.015100,0.000949,0.000847,0.007651,-0.007091,0.003860,0.035835,-0.011870,-0.003034,-0.009691,0.087266,0.000000,-0.000000,-0.043633,0.000000,0.021817,0.000000,-0.000000,-0.152716,-0.021817,-0.087266,-0.087266,0.000000,0.000000,0.000000,0.000000,0.000000,0.000000,0.000000,0.000000,0.000000,0.000000,0.000000,0.000000,0.000000,0.000000,0.000000,0.000000,0.000000,0.000000,0.000000,0.000000,0.000000,0.000000,0.000000,0.000000
1789149939.448824,0.011367,-0.021984,0.007484,0.011243,0.022472,-0.067782,-0.006324,-0.006513,-0.999959,0.000000,0.000000,0.000000,0.011159,0.005596,0.014838,0.000273,0.000672,0.008791,-0.007091,0.002952,0.032844,-0.011848,-0.004967,-0.010926,0.087266,-0.087266,-0.065450,-0.021817,0.000000,0.043633,0.000000,-0.087266,-0.174533,-0.000000,-0.043633,-0.109083,0.000000,0.000000,0.000000,0.000000,0.000000,0.000000,0.000000,0.000000,0.000000,0.000000,0.000000,0.000000,0.000000,0.000000,0.000000,0.000000,0.000000,0.000000,0.000000,0.000000,0.000000,0.000000,0.000000,0.000000
1789149939.468774,0.006615,-0.018898,0.009471,-0.012859,0.022338,-0.084426,-0.005294,-0.006700,-0.999964,0.000000,0.000000,0.000000,0.012566,0.003084,0.013976,-0.000870,0.000672,0.010596,-0.006917,0.002341,0.028886,-0.011570,-0.006061,-0.011411,0.130900,-0.152716,-0.043633,-0.087266,0.000000,0.174533,0.000000,-0.087266,-0.174533,0.043633,-0.021817,-0.065450,0.000000,0.000000,0.000000,0.000000,0.000000,0.000000,0.000000,0.000000,0.000000,0.000000,0.000000,0.000000,0.000000,0.000000,0.000000,0.000000,0.000000,0.000000,0.000000,0.000000,0.000000,0.000000,0.000000,0.000000
1789149939.488819,0.003778,-0.017839,0.011384,-0.017919,0.058424,-0.101737,-0.004287,-0.007731,-0.999961,0.000000,0.000000,0.000000,0.014410,-0.000728,0.013289,-0.001846,0.000937,0.013012,-0.006917,0.001458,0.025592,-0.011583,-0.007045,-0.011829,0.109083,-0.130900,-0.021817,-0.043633,0.000000,0.130900,0.000000,-0.087266,-0.174533,-0.000000,0.000000,-0.065450,0.000000,0.000000,0.000000,0.000000,0.000000,0.000000,0.000000,0.000000,0.000000,0.000000,0.000000,0.000000,0.000000,0.000000,0.000000,0.000000,0.000000,0.000000,0.000000,0.000000,0.000000,0.000000,0.000000,0.000000
1789149939.508839,-0.000200,-0.016558,0.014511,-0.008198,0.060022,-0.126105,-0.003816,-0.008783,-0.999954,0.000000,0.000000,0.000000,0.015449,-0.004336,0.012586,-0.003581,0.001531,0.014940,-0.006917,0.000735,0.020812,-0.011234,-0.007790,-0.012131,0.065450,-0.239983,-0.021817,-0.152716,0.021817,0.065450,0.000000,-0.021817,-0.283616,-0.000000,-0.021817,-0.065450,0.000000,0.000000,0.000000,0.000000,0.000000,0.000000,0.000000,0.000000,0.000000,0.000000,0.000000,0.000000,0.000000,0.000000,0.000000,0.000000,0.000000,0.000000,0.000000,0.000000,0.000000,0.000000,0.000000,0.000000
1789149939.528843,-0.002786,-0.016259,0.017566,0.009379,0.040714,-0.151538,-0.003963,-0.009726,-0.999945,0.000000,0.000000,0.000000,0.016651,-0.009708,0.012174,-0.006022,0.002256,0.015772,-0.006917,-0.000154,0.017313,-0.011234,-0.009121,-0.012549,0.109083,-0.174533,-0.000000,-0.130900,0.021817,-0.000000,0.000000,-0.000000,-0.196350,-0.000000,-0.130900,-0.043633,0.000000,0.000000,0.000000,0.000000,0.000000,0.000000,0.000000,0.000000,0.000000,0.000000,0.000000,0.000000,0.000000,0.000000,0.000000,0.000000,0.000000,0.000000,0.000000,0.000000,0.000000,0.000000,0.000000,0.000000
1789149939.548800,-0.003833,-0.016727,0.019645,-0.003005,0.035122,-0.177238,-0.003975,-0.010561,-0.999936,0.000000,0.000000,0.000000,0.017772,-0.014224,0.011721,-0.007778,0.002333,0.016296,-0.006917,-0.002068,0.013288,-0.011234,-0.010814,-0.013315,0.109083,-0.239983,-0.021817,-0.065450,0.000000,-0.000000,0.000000,-0.130900,-0.218166,-0.000000,-0.152716,-0.130900,0.000000,0.000000,0.000000,0.000000,0.000000,0.000000,0.000000,0.000000,0.000000,0.000000,0.000000,0.000000,0.000000,0.000000,0.000000,0.000000,0.000000,0.000000,0.000000,0.000000,0.000000,0.000000,0.000000,0.000000
1789149939.568759,-0.004089,-0.017910,0.021656,0.006449,0.047772,-0.198410,-0.004427,-0.011966,-0.999919,0.000000,0.000000,0.000000,0.019589,-0.017584,0.011476,-0.008765,0.001575,0.016885,-0.006917,-0.003819,0.009773,-0.011120,-0.012456,-0.014127,0.130900,-0.065450,-0.000000,-0.021817,-0.130900,0.021817,0.000000,-0.021817,-0.130900,0.021817,0.000000,-0.109083,0.000000,0.000000,0.000000,0.000000,0.000000,0.000000,0.000000,0.000000,0.000000,0.000000,0.000000,0.000000,0.000000,0.000000,0.000000,0.000000,0.000000,0.000000,0.000000,0.000000,0.000000,0.000000,0.000000,0.000000
1789149939.588771,-0.002986,-0.019966,0.023446,-0.051608,0.070542,-0.226240,-0.003581,-0.013598,-0.999901,0.000000,0.000000,0.000000,0.022204,-0.018067,0.011476,-0.009730,-0.000296,0.017343,-0.002769,-0.004517,0.006549,-0.010885,-0.012456,-0.015128,0.152716,0.000000,-0.000000,-0.000000,-0.087266,-0.000000,0.196350,-0.000000,-0.196350,-0.000000,0.000000,-0.065450,0.000000,0.000000,0.000000,0.000000,0.000000,0.000000,0.000000,0.000000,0.000000,0.000000,0.000000,0.000000,0.000000,0.000000,0.000000,0.000000,0.000000,0.000000,0.000000,0.000000,0.000000,0.000000,0.000000,0.000000
1789149939.608767,-0.000961,-0.022840,0.025912,-0.067454,0.106095,-0.240488,-0.002095,-0.015791,-0.999873,0.000000,0.000000,0.000000,0.023434,-0.018067,0.011476,-0.010254,-0.001199,0.017065,0.000555,-0.004517,0.001877,-0.010362,-0.012456,-0.015412,0.021817,0.000000,-0.000000,-0.000000,-0.043633,-0.065450,0.196350,-0.000000,-0.174533,0.021817,0.000000,-0.021817,0.000000,0.000000,0.000000,0.000000,0.000000,0.000000,0.000000,0.000000,0.000000,0.000000,0.000000,0.000000,0.000000,0.000000,0.000000,0.000000,0.000000,0.000000,0.000000,0.000000,0.000000,0.000000,0.000000,0.000000
1789149939.628760,0.001915,-0.026579,0.028322,-0.163061,0.125536,-0.258464,0.001272,-0.018308,-0.999832,0.000000,0.000000,0.000000,0.022558,-0.017802,0.011069,-0.010554,-0.003429,0.016225,0.003626,-0.004517,-0.001758,-0.010422,-0.011815,-0.015276,-0.174533,0.000000,-0.021817,-0.043633,-0.152716,-0.043633,0.174533,-0.000000,-0.218166,0.065450,0.021817,0.065450,0.000000,0.000000,0.000000,0.000000,0.000000,0.000000,0.000000,0.000000,0.000000,0.000000,0.000000,0.000000,0.000000,0.000000,0.000000,0.000000,0.000000,0.000000,0.000000,0.000000,0.000000,0.000000,0.000000,0.000000
1789149939.648741,0.007066,-0.032605,0.031500,-0.168121,0.124737,-0.293884,0.004797,-0.020739,-0.999773,0.000000,0.000000,0.000000,0.016597,-0.017235,0.010777,-0.010603,-0.007247,0.016031,0.006836,-0.004692,-0.006557,-0.010476,-0.011799,-0.014850,-0.414516,0.043633,-0.000000,-0.000000,-0.196350,-0.000000,0.152716,-0.000000,-0.218166,-0.087266,0.000000,0.021817,0.000000,0.000000,0.000000,0.000000,0.000000,0.000000,0.000000,0.000000,0.000000,0.000000,0.000000,0.000000,0.000000,0.000000,0.000000,0.000000,0.000000,0.000000,0.000000,0.000000,0.000000,0.000000,0.000000,0.000000
1789149939.668773,0.015036,-0.041249,0.036307,-0.161197,0.140050,-0.334763,0.008399,-0.023605,-0.999686,0.000000,0.000000,0.000000,0.011214,-0.016406,0.010603,-0.009962,-0.009928,0.015333,0.010752,-0.004384,-0.007959,-0.009489,-0.010901,-0.014133,-0.261799,0.000000,-0.000000,0.021817,-0.087266,-0.000000,0.174533,-0.000000,-0.043633,-0.000000,0.065450,0.043633,0.000000,0.000000,0.000000,0.000000,0.000000,0.000000,0.000000,0.000000,0.000000,0.000000,0.000000,0.000000,0.000000,0.000000,0.000000,0.000000,0.000000,0.000000,0.000000,0.000000,0.000000,0.000000,0.000000,0.000000
1789149939.688814,0.021699,-0.047233,0.039970,-0.148147,0.155763,-0.388426,0.011837,-0.026638,-0.999575,0.000000,0.000000,0.000000,0.007682,-0.016406,0.010603,-0.009989,-0.010280,0.015248,0.014635,-0.004665,-0.008341,-0.008941,-0.010228,-0.013678,-0.065450,0.000000,-0.000000,-0.000000,0.021817,-0.021817,0.239983,-0.021817,-0.021817,0.043633,0.000000,-0.000000,0.000000,0.000000,0.000000,0.000000,0.000000,0.000000,0.000000,0.000000,0.000000,0.000000,0.000000,0.000000,0.000000,0.000000,0.000000,0.000000,0.000000,0.000000,0.000000,0.000000,0.000000,0.000000,0.000000,0.000000
1789149939.708771,0.033209,-0.057406,0.046046,-0.123114,0.151768,-0.452875,0.015041,-0.029463,-0.999453,0.000000,0.000000,0.000000,0.006848,-0.016155,0.011042,-0.009989,-0.009884,0.014490,0.018142,-0.004692,-0.008357,-0.009255,-0.009704,-0.013154,0.000000,0.087266,0.043633,-0.000000,0.000000,-0.130900,0.109083,-0.000000,0.000000,0.109083,0.021817,-0.000000,0.000000,0.000000,0.000000,0.000000,0.000000,0.000000,0.000000,0.000000,0.000000,0.000000,0.000000,0.000000,0.000000,0.000000,0.000000,0.000000,0.000000,0.000000,0.000000,0.000000,0.000000,0.000000,0.000000,0.000000
1789149939.728783,0.041948,-0.065078,0.050245,-0.149346,0.156029,-0.508135,0.018726,-0.032448,-0.999298,0.000000,0.000000,0.000000,0.006848,-0.015645,0.011260,-0.009989,-0.009884,0.014196,0.020752,-0.004384,-0.008357,-0.009064,-0.009355,-0.012631,0.000000,0.021817,-0.000000,-0.000000,0.000000,-0.021817,0.109083,-0.000000,0.000000,-0.021817,0.000000,-0.000000,0.000000,0.000000,0.000000,0.000000,0.000000,0.000000,0.000000,0.000000,0.000000,0.000000,0.000000,0.000000,0.000000,0.000000,0.000000,0.000000,0.000000,0.000000,0.000000,0.000000,0.000000,0.000000,0.000000,0.000000
1789149939.748752,0.051483,-0.073619,0.054507,-0.157468,0.153899,-0.569255,0.022653,-0.035360,-0.999118,0.000000,0.000000,0.000000,0.006673,-0.015359,0.011260,-0.009989,-0.009535,0.013566,0.023659,-0.004384,-0.008049,-0.008256,-0.009006,-0.012077,0.000000,0.000000,-0.000000,-0.000000,0.000000,-0.021817,0.130900,-0.000000,0.000000,0.021817,0.000000,0.065450,0.000000,0.000000,0.000000,0.000000,0.000000,0.000000,0.000000,0.000000,0.000000,0.000000,0.000000,0.000000,0.000000,0.000000,0.000000,0.000000,0.000000,0.000000,0.000000,0.000000,0.000000,0.000000,0.000000,0.000000
1789149939.768778,0.064283,-0.084156,0.059000,-0.135364,0.148572,-0.629975,0.026250,-0.038083,-0.998930,0.000000,0.000000,0.000000,0.006673,-0.014835,0.011260,-0.009640,-0.009535,0.013588,0.025497,-0.004384,-0.007874,-0.008532,-0.008665,-0.012107,0.000000,0.000000,-0.000000,-0.000000,0.000000,-0.000000,0.043633,-0.000000,0.000000,-0.000000,0.065450,-0.000000,0.000000,0.000000,0.000000,0.000000,0.000000,0.000000,0.000000,0.000000,0.000000,0.000000,0.000000,0.000000,0.000000,0.000000,0.000000,0.000000,0.000000,0.000000,0.000000,0.000000,0.000000,0.000000,0.000000,0.000000
1789149939.788763,0.074060,-0.091997,0.062692,-0.089291,0.137653,-0.681773,0.028528,-0.040769,-0.998761,0.000000,0.000000,0.000000,0.006673,-0.013777,0.010777,-0.009466,-0.009361,0.013064,0.025546,-0.004384,-0.007604,-0.007744,-0.008308,-0.011608,0.000000,0.065450,-0.000000,-0.000000,0.000000,-0.000000,0.000000,-0.000000,0.065450,-0.000000,0.000000,0.021817,0.000000,0.000000,0.000000,0.000000,0.000000,0.000000,0.000000,0.000000,0.000000,0.000000,0.000000,0.000000,0.000000,0.000000,0.000000,0.000000,0.000000,0.000000,0.000000,0.000000,0.000000,0.000000,0.000000,0.000000
1789149939.808761,0.084294,-0.099888,0.066339,-0.036428,0.135123,-0.745290,0.029762,-0.043557,-0.998608,0.000000,0.000000,0.000000,0.006499,-0.012416,0.010777,-0.009291,-0.009012,0.012183,0.025282,-0.004384,-0.007526,-0.007297,-0.007812,-0.011360,0.000000,0.065450,-0.000000,-0.000000,0.000000,-0.065450,0.000000,-0.000000,0.000000,0.087266,0.043633,0.065450,0.000000,0.000000,0.000000,0.000000,0.000000,0.000000,0.000000,0.000000,0.000000,0.000000,0.000000,0.000000,0.000000,0.000000,0.000000,0.000000,0.000000,0.000000,0.000000,0.000000,0.000000,0.000000,0.000000,0.000000
1789149939.828756,0.097046,-0.107323,0.069732,0.028021,0.123539,-0.797754,0.029850,-0.046212,-0.998486,0.000000,0.000000,0.000000,0.006499,-0.010966,0.010777,-0.009291,-0.009012,0.011278,0.025282,-0.004384,-0.007176,-0.006871,-0.007785,-0.011059,0.000000,0.065450,-0.000000,-0.000000,0.000000,-0.065450,0.000000,-0.000000,0.000000,-0.000000,0.000000,-0.000000,0.000000,0.000000,0.000000,0.000000,0.000000,0.000000,0.000000,0.000000,0.000000,0.000000,0.000000,0.000000,0.000000,0.000000,0.000000,0.000000,0.000000,0.000000,0.000000,0.000000,0.000000,0.000000,0.000000,0.000000
1789149939.848729,0.105428,-0.111866,0.072145,0.101125,0.107293,-0.851150,0.028224,-0.048538,-0.998422,0.000000,0.000000,0.000000,0.006400,-0.010150,0.010777,-0.009117,-0.008837,0.010198,0.024938,-0.004384,-0.006868,-0.005998,-0.007261,-0.010536,-0.021817,0.043633,-0.000000,-0.000000,0.000000,-0.087266,-0.021817,-0.000000,0.065450,0.043633,0.000000,-0.000000,0.000000,0.000000,0.000000,0.000000,0.000000,0.000000,0.000000,0.000000,0.000000,0.000000,0.000000,0.000000,0.000000,0.000000,0.000000,0.000000,0.000000,0.000000,0.000000,0.000000,0.000000,0.000000,0.000000,0.000000
1789149939.868730,0.114183,-0.116041,0.074635,0.159048,0.094776,-0.901085,0.025400,-0.050669,-0.998392,0.000000,0.000000,0.000000,0.006324,-0.009774,0.010614,-0.009117,-0.008663,0.008155,0.024409,-0.004384,-0.006827,-0.005688,-0.007040,-0.010179,0.000000,0.000000,-0.021817,-0.000000,0.000000,-0.109083,0.000000,-0.000000,0.000000,0.087266,0.087266,0.087266,0.000000,0.000000,0.000000,0.000000,0.000000,0.000000,0.000000,0.000000,0.000000,0.000000,0.000000,0.000000,0.000000,0.000000,0.000000,0.000000,0.000000,0.000000,0.000000,0.000000,0.000000,0.000000,0.000000,0.000000
1789149939.888763,0.127359,-0.121022,0.078207,0.218037,0.073072,-0.952883,0.021471,-0.052357,-0.998398,0.000000,0.000000,0.000000,0.005975,-0.009599,0.010603,-0.008942,-0.008663,0.006794,0.024234,-0.004275,-0.006478,-0.005098,-0.006912,-0.010012,0.000000,0.000000,-0.000000,-0.000000,0.000000,-0.043633,0.000000,0.021817,0.000000,0.021817,0.000000,-0.000000,0.000000,0.000000,0.000000,0.000000,0.000000,0.000000,0.000000,0.000000,0.000000,0.000000,0.000000,0.000000,0.000000,0.000000,0.000000,0.000000,0.000000,0.000000,0.000000,0.000000,0.000000,0.000000,0.000000,0.000000
1789149939.908750,0.136201,-0.123773,0.080788,0.272898,0.057625,-1.006013,0.016373,-0.053614,-0.998427,0.000000,0.000000,0.000000,0.005975,-0.009425,0.010428,-0.008768,-0.008488,0.006544,0.023403,-0.004209,-0.006478,-0.004602,-0.006563,-0.009489,0.000000,0.000000,-0.000000,-0.000000,0.000000,-0.021817,-0.109083,-0.000000,0.000000,0.065450,0.000000,-0.000000,0.000000,0.000000,0.000000,0.000000,0.000000,0.000000,0.000000,0.000000,0.000000,0.000000,0.000000,0.000000,0.000000,0.000000,0.000000,0.000000,0.000000,0.000000,0.000000,0.000000,0.000000,0.000000,0.000000,0.000000
1789149939.928786,0.148606,-0.126859,0.085703,0.295535,0.034988,-1.058744,0.010796,-0.054262,-0.998468,0.000000,0.000000,0.000000,0.005419,-0.009250,0.009779,-0.008768,-0.008488,0.006432,0.022478,-0.004209,-0.006129,-0.004602,-0.006563,-0.008772,-0.021817,0.000000,-0.087266,-0.000000,0.000000,-0.000000,-0.043633,-0.000000,0.000000,-0.000000,0.000000,0.043633,0.000000,0.000000,0.000000,0.000000,0.000000,0.000000,0.000000,0.000000,0.000000,0.000000,0.000000,0.000000,0.000000,0.000000,0.000000,0.000000,0.000000,0.000000,0.000000,0.000000,0.000000,0.000000,0.000000,0.000000
1789149939.948795,0.157266,-0.128625,0.088617,0.317240,0.005427,-1.107347,0.005199,-0.054350,-0.998508,0.000000,0.000000,0.000000,0.003976,-0.009076,0.008304,-0.008419,-0.008488,0.005873,0.021616,-0.004035,-0.006129,-0.004078,-0.006214,-0.008071,-0.087266,0.000000,-0.130900,-0.000000,0.000000,-0.021817,0.000000,-0.000000,0.000000,-0.000000,0.000000,0.109083,0.000000,0.000000,0.000000,0.000000,0.000000,0.000000,0.000000,0.000000,0.000000,0.000000,0.000000,0.000000,0.000000,0.000000,0.000000,0.000000,0.000000,0.000000,0.000000,0.000000,0.000000,0.000000,0.000000,0.000000
1789149939.968768,0.171024,-0.130662,0.092080,0.309251,-0.010418,-1.147827,-0.000401,-0.054194,-0.998530,0.000000,0.000000,0.000000,0.001522,-0.008806,0.004462,-0.007971,-0.008488,0.005908,0.019618,-0.004035,-0.005955,-0.004021,-0.006075,-0.007294,-0.130900,0.021817,-0.152716,0.021817,0.000000,-0.000000,-0.152716,-0.000000,0.000000,0.021817,0.021817,0.065450,0.000000,0.000000,0.000000,0.000000,0.000000,0.000000,0.000000,0.000000,0.000000,0.000000,0.000000,0.000000,0.000000,0.000000,0.000000,0.000000,0.000000,0.000000,0.000000,0.000000,0.000000,0.000000,0.000000,0.000000
1789149939.988765,0.180604,-0.131452,0.093207,0.323765,-0.043974,-1.188972,-0.006578,-0.053174,-0.998564,0.000000,0.000000,0.000000,0.000098,-0.008350,0.002367,-0.007191,-0.008314,0.005559,0.018273,-0.004035,-0.005636,-0.003729,-0.006039,-0.006489,-0.043633,0.043633,-0.109083,0.021817,0.000000,-0.000000,-0.043633,-0.000000,0.021817,-0.000000,0.000000,0.021817,0.000000,0.000000,0.000000,0.000000,0.000000,0.000000,0.000000,0.000000,0.000000,0.000000,0.000000,0.000000,0.000000,0.000000,0.000000,0.000000,0.000000,0.000000,0.000000,0.000000,0.000000,0.000000,0.000000,0.000000
1789149940.008744,0.190430,-0.131791,0.093249,0.332420,-0.060086,-1.221063,-0.012532,-0.051644,-0.998587,0.000000,0.000000,0.000000,-0.000308,-0.008203,0.000734,-0.006611,-0.008314,0.005559,0.017951,-0.003860,-0.005605,-0.003729,-0.005690,-0.005884,0.000000,0.000000,-0.087266,0.021817,0.000000,-0.000000,0.000000,-0.000000,0.000000,-0.000000,0.000000,0.021817,0.000000,0.000000,0.000000,0.000000,0.000000,0.000000,0.000000,0.000000,0.000000,0.000000,0.000000,0.000000,0.000000,0.000000,0.000000,0.000000,0.000000,0.000000,0.000000,0.000000,0.000000,0.000000,0.000000,0.000000
1789149940.028910,0.201069,-0.129135,0.089569,0.279556,-0.082324,-1.256750,-0.017579,-0.049634,-0.998613,0.000000,0.000000,0.000000,-0.000308,-0.008203,-0.000041,-0.006499,-0.008139,0.005559,0.017719,-0.003860,-0.005257,-0.003555,-0.005690,-0.005475,0.000000,0.000000,-0.043633,-0.000000,0.000000,-0.000000,-0.087266,-0.000000,0.000000,-0.000000,0.000000,-0.000000,0.000000,0.000000,0.000000,0.000000,0.000000,0.000000,0.000000,0.000000,0.000000,0.000000,0.000000,0.000000,0.000000,0.000000,0.000000,0.000000,0.000000,0.000000,0.000000,0.000000,0.000000,0.000000,0.000000,0.000000
1789149940.048865,0.210236,-0.128324,0.087369,0.267838,-0.099235,-1.281917,-0.022461,-0.047250,-0.998631,0.000000,0.000000,0.000000,-0.000308,-0.008203,-0.001445,-0.006499,-0.007989,0.005185,0.017253,-0.003860,-0.005257,-0.003555,-0.005657,-0.005093,0.000000,0.000000,-0.043633,-0.000000,0.021817,-0.065450,0.000000,-0.000000,0.000000,-0.000000,-0.087266,0.021817,0.000000,0.000000,0.000000,0.000000,0.000000,0.000000,0.000000,0.000000,0.000000,0.000000,0.000000,0.000000,0.000000,0.000000,0.000000,0.000000,0.000000,0.000000,0.000000,0.000000,0.000000,0.000000,0.000000,0.000000
1789149940.068913,0.226347,-0.127940,0.083479,0.220567,-0.108156,-1.312543,-0.026390,-0.044710,-0.998651,0.000000,0.000000,0.000000,-0.000521,-0.007971,-0.003248,-0.006150,-0.007965,0.005210,0.017106,-0.003686,-0.005082,-0.003380,-0.004992,-0.005038,-0.021817,0.021817,-0.109083,-0.000000,0.000000,-0.000000,-0.021817,-0.000000,0.000000,-0.000000,0.000000,0.021817,0.000000,0.000000,0.000000,0.000000,0.000000,0.000000,0.000000,0.000000,0.000000,0.000000,0.000000,0.000000,0.000000,0.000000,0.000000,0.000000,0.000000,0.000000,0.000000,0.000000,0.000000,0.000000,0.000000,0.000000
1789149940.088855,0.237445,-0.127586,0.080203,0.191139,-0.111485,-1.333848,-0.029659,-0.042110,-0.998673,0.000000,0.000000,0.000000,-0.000483,-0.007679,-0.003968,-0.005544,-0.007790,0.005074,0.016530,-0.003686,-0.005082,-0.003309,-0.004755,-0.004776,0.000000,0.000000,-0.043633,0.021817,0.000000,-0.021817,-0.021817,-0.000000,0.000000,0.021817,0.109083,-0.000000,0.000000,0.000000,0.000000,0.000000,0.000000,0.000000,0.000000,0.000000,0.000000,0.000000,0.000000,0.000000,0.000000,0.000000,0.000000,0.000000,0.000000,0.000000,0.000000,0.000000,0.000000,0.000000,0.000000,0.000000
1789149940.108789,0.253954,-0.126750,0.074120,0.138542,-0.121206,-1.350493,-0.031815,-0.039434,-0.998716,0.000000,0.000000,0.000000,-0.000483,-0.007469,-0.004058,-0.004511,-0.007615,0.005035,0.016555,-0.003686,-0.004907,-0.003206,-0.004948,-0.004602,0.000000,0.021817,-0.000000,0.021817,0.000000,-0.000000,0.000000,-0.000000,0.000000,-0.000000,0.152716,-0.000000,0.000000,0.000000,0.000000,0.000000,0.000000,0.000000,0.000000,0.000000,0.000000,0.000000,0.000000,0.000000,0.000000,0.000000,0.000000,0.000000,0.000000,0.000000,0.000000,0.000000,0.000000,0.000000,0.000000,0.000000
1789149940.128787,0.257609,-0.122618,0.068747,0.104853,-0.118410,-1.360214,-0.033376,-0.036917,-0.998761,0.000000,0.000000,0.000000,-0.000665,-0.007371,-0.003518,-0.002692,-0.007441,0.004861,0.016206,-0.003585,-0.004733,-0.003206,-0.005134,-0.004602,-0.021817,0.021817,0.021817,0.109083,0.000000,-0.000000,0.000000,0.021817,0.000000,-0.000000,-0.021817,-0.000000,0.000000,0.000000,0.000000,0.000000,0.000000,0.000000,0.000000,0.000000,0.000000,0.000000,0.000000,0.000000,0.000000,0.000000,0.000000,0.000000,0.000000,0.000000,0.000000,0.000000,0.000000,0.000000,0.000000,0.000000
1789149940.148766,0.264012,-0.119877,0.063704,0.075026,-0.107757,-1.377524,-0.034366,-0.034731,-0.998806,0.000000,0.000000,0.000000,-0.000657,-0.007330,-0.003052,-0.000925,-0.007441,0.004861,0.016031,-0.003511,-0.004468,-0.003206,-0.004577,-0.004427,0.000000,0.000000,-0.000000,0.065450,0.000000,-0.000000,0.000000,-0.000000,0.021817,-0.000000,-0.130900,-0.000000,0.000000,0.000000,0.000000,0.000000,0.000000,0.000000,0.000000,0.000000,0.000000,0.000000,0.000000,0.000000,0.000000,0.000000,0.000000,0.000000,0.000000,0.000000,0.000000,0.000000,0.000000,0.000000,0.000000,0.000000
1789149940.168803,0.276643,-0.117232,0.055529,0.028287,-0.099634,-1.384582,-0.034499,-0.032995,-0.998860,0.000000,0.000000,0.000000,-0.000657,-0.007330,-0.003346,0.000322,-0.007092,0.004686,0.015682,-0.003511,-0.004384,-0.003031,-0.004130,-0.004133,0.000000,0.000000,-0.065450,0.021817,0.000000,-0.000000,0.000000,-0.000000,0.000000,-0.000000,0.065450,0.043633,0.000000,0.000000,0.000000,0.000000,0.000000,0.000000,0.000000,0.000000,0.000000,0.000000,0.000000,0.000000,0.000000,0.000000,0.000000,0.000000,0.000000,0.000000,0.000000,0.000000,0.000000,0.000000,0.000000,0.000000
1789149940.188795,0.287689,-0.116235,0.050233,0.000457,-0.089248,-1.390307,-0.034347,-0.031541,-0.998912,0.000000,0.000000,0.000000,-0.000657,-0.006908,-0.003709,0.000881,-0.006945,0.004302,0.015464,-0.003511,-0.004035,-0.003031,-0.004602,-0.004078,0.000000,0.021817,-0.000000,0.021817,0.021817,-0.021817,-0.021817,-0.000000,0.000000,-0.000000,0.000000,-0.000000,0.000000,0.000000,0.000000,0.000000,0.000000,0.000000,0.000000,0.000000,0.000000,0.000000,0.000000,0.000000,0.000000,0.000000,0.000000,0.000000,0.000000,0.000000,0.000000,0.000000,0.000000,0.000000,0.000000,0.000000
1789149940.208787,0.290534,-0.112789,0.043364,-0.010329,-0.065546,-1.394169,-0.033870,-0.030663,-0.998956,0.000000,0.000000,0.000000,-0.000657,-0.006436,-0.003709,0.001265,-0.006568,0.004337,0.014995,-0.003511,-0.004035,-0.002857,-0.004458,-0.003904,0.000000,0.065450,-0.000000,0.021817,0.000000,-0.000000,-0.021817,-0.000000,0.000000,-0.000000,-0.087266,-0.000000,0.000000,0.000000,0.000000,0.000000,0.000000,0.000000,0.000000,0.000000,0.000000,0.000000,0.000000,0.000000,0.000000,0.000000,0.000000,0.000000,0.000000,0.000000,0.000000,0.000000,0.000000,0.000000,0.000000,0.000000
1789149940.228760,0.297799,-0.108369,0.034374,-0.019383,-0.041178,-1.398031,-0.033664,-0.030182,-0.998977,0.000000,0.000000,0.000000,-0.000349,-0.006109,-0.002877,0.001530,-0.006364,0.004163,0.014093,-0.003337,-0.003686,-0.002685,-0.003770,-0.003857,0.000000,0.000000,-0.000000,-0.000000,0.021817,-0.000000,-0.021817,-0.000000,0.000000,0.021817,0.000000,0.021817,0.000000,0.000000,0.000000,0.000000,0.000000,0.000000,0.000000,0.000000,0.000000,0.000000,0.000000,0.000000,0.000000,0.000000,0.000000,0.000000,0.000000,0.000000,0.000000,0.000000,0.000000,0.000000,0.000000,0.000000
1789149940.248800,0.306105,-0.106710,0.028932,-0.051874,-0.016943,-1.403756,-0.033090,-0.030479,-0.998988,0.000000,0.000000,0.000000,-0.000349,-0.005514,-0.002877,0.001704,-0.006045,0.004163,0.013547,-0.003337,-0.003541,-0.002682,-0.003811,-0.003729,0.000000,0.021817,-0.000000,-0.000000,0.000000,-0.000000,-0.021817,-0.000000,0.021817,-0.000000,0.130900,-0.000000,0.000000,0.000000,0.000000,0.000000,0.000000,0.000000,0.000000,0.000000,0.000000,0.000000,0.000000,0.000000,0.000000,0.000000,0.000000,0.000000,0.000000,0.000000,0.000000,0.000000,0.000000,0.000000,0.000000,0.000000
1789149940.268782,0.313800,-0.102939,0.020947,-0.013525,0.008623,-1.399096,-0.033439,-0.030813,-0.998966,0.000000,0.000000,0.000000,-0.000349,-0.003853,-0.002814,0.002228,-0.005696,0.004018,0.012636,-0.003337,-0.003337,-0.002508,-0.003909,-0.003639,0.000000,0.109083,0.021817,-0.000000,0.000000,-0.021817,-0.021817,-0.000000,0.000000,-0.000000,-0.043633,0.021817,0.000000,0.000000,0.000000,0.000000,0.000000,0.000000,0.000000,0.000000,0.000000,0.000000,0.000000,0.000000,0.000000,0.000000,0.000000,0.000000,0.000000,0.000000,0.000000,0.000000,0.000000,0.000000,0.000000,0.000000
1789149940.288771,0.319622,-0.100558,0.016685,-0.012859,0.033257,-1.406020,-0.034189,-0.031413,-0.998922,0.000000,0.000000,0.000000,-0.000175,-0.002263,-0.002702,0.002751,-0.005128,0.003988,0.010755,-0.003162,-0.003088,-0.002508,-0.003072,-0.003555,0.000000,0.065450,-0.000000,-0.000000,0.021817,-0.000000,-0.065450,-0.000000,0.021817,-0.000000,0.000000,-0.000000,0.000000,0.000000,0.000000,0.000000,0.000000,0.000000,0.000000,0.000000,0.000000,0.000000,0.000000,0.000000,0.000000,0.000000,0.000000,0.000000,0.000000,0.000000,0.000000,0.000000,0.000000,0.000000,0.000000,0.000000
1789149940.308826,0.322052,-0.097658,0.012645,-0.005935,0.055761,-1.400827,-0.035238,-0.032388,-0.998854,0.000000,0.000000,0.000000,-0.000175,-0.001309,-0.002702,0.002904,-0.004321,0.003721,0.010097,-0.003162,-0.002813,-0.002508,-0.003217,-0.003555,0.000000,0.021817,-0.000000,0.021817,0.065450,-0.021817,0.000000,-0.000000,0.000000,-0.000000,0.109083,-0.000000,0.000000,0.000000,0.000000,0.000000,0.000000,0.000000,0.000000,0.000000,0.000000,0.000000,0.000000,0.000000,0.000000,0.000000,0.000000,0.000000,0.000000,0.000000,0.000000,0.000000,0.000000,0.000000,0.000000,0.000000
1789149940.328840,0.325244,-0.092985,0.007768,0.028021,0.073604,-1.390973,-0.037296,-0.033174,-0.998753,0.000000,0.000000,0.000000,-0.000175,-0.000873,-0.002353,0.003635,-0.003950,0.003219,0.009574,-0.002987,-0.002464,-0.002508,-0.003274,-0.003555,0.000000,0.000000,-0.000000,0.043633,0.000000,-0.021817,0.000000,-0.000000,0.000000,-0.000000,-0.065450,-0.000000,0.000000,0.000000,0.000000,0.000000,0.000000,0.000000,0.000000,0.000000,0.000000,0.000000,0.000000,0.000000,0.000000,0.000000,0.000000,0.000000,0.000000,0.000000,0.000000,0.000000,0.000000,0.000000,0.000000,0.000000
1789149940.348812,0.330584,-0.090531,0.005164,0.054519,0.085589,-1.385780,-0.039968,-0.033679,-0.998633,0.000000,0.000000,0.000000,-0.000175,-0.000873,-0.002105,0.004519,-0.003173,0.002311,0.009315,-0.002987,-0.002306,-0.002508,-0.002548,-0.003380,0.000000,0.000000,0.021817,0.021817,0.021817,-0.130900,-0.087266,-0.000000,0.021817,-0.000000,0.000000,-0.000000,0.000000,0.000000,0.000000,0.000000,0.000000,0.000000,0.000000,0.000000,0.000000,0.000000,0.000000,0.000000,0.000000,0.000000,0.000000,0.000000,0.000000,0.000000,0.000000,0.000000,0.000000,0.000000,0.000000,0.000000
1789149940.368824,0.334234,-0.085915,0.001999,0.073827,0.098105,-1.381386,-0.042923,-0.034218,-0.998492,0.000000,0.000000,0.000000,-0.000175,-0.000698,-0.001830,0.005498,-0.002366,0.001362,0.009129,-0.002813,-0.002218,-0.002508,-0.003031,-0.003282,0.000000,0.000000,-0.000000,0.043633,0.021817,-0.065450,-0.021817,-0.000000,0.021817,-0.000000,0.000000,0.021817,0.000000,0.000000,0.000000,0.000000,0.000000,0.000000,0.000000,0.000000,0.000000,0.000000,0.000000,0.000000,0.000000,0.000000,0.000000,0.000000,0.000000,0.000000,0.000000,0.000000,0.000000,0.000000,0.000000,0.000000
1789149940.388864,0.340365,-0.083479,0.000393,0.097529,0.104763,-1.368603,-0.046273,-0.034541,-0.998331,0.000000,0.000000,0.000000,-0.000175,-0.000524,-0.001830,0.006242,-0.002030,0.000487,0.009050,-0.002813,-0.001766,-0.002333,-0.002399,-0.003031,0.000000,0.000000,-0.000000,-0.000000,0.000000,-0.021817,0.000000,-0.000000,0.000000,-0.000000,-0.065450,-0.000000,0.000000,0.000000,0.000000,0.000000,0.000000,0.000000,0.000000,0.000000,0.000000,0.000000,0.000000,0.000000,0.000000,0.000000,0.000000,0.000000,0.000000,0.000000,0.000000,0.000000,0.000000,0.000000,0.000000,0.000000
1789149940.408813,0.348035,-0.081335,-0.001128,0.123229,0.106894,-1.356219,-0.050242,-0.034276,-0.998149,0.000000,0.000000,0.000000,-0.000175,-0.000524,-0.001830,0.006591,-0.001856,-0.000026,0.008665,-0.002813,-0.001766,-0.002333,-0.001864,-0.002952,0.000000,0.000000,-0.000000,-0.000000,0.000000,-0.000000,-0.021817,-0.000000,0.000000,-0.000000,0.043633,0.021817,0.000000,0.000000,0.000000,0.000000,0.000000,0.000000,0.000000,0.000000,0.000000,0.000000,0.000000,0.000000,0.000000,0.000000,0.000000,0.000000,0.000000,0.000000,0.000000,0.000000,0.000000,0.000000,0.000000,0.000000
1789149940.428843,0.353300,-0.076964,-0.002910,0.129754,0.107693,-1.344634,-0.054241,-0.033831,-0.997955,0.000000,0.000000,0.000000,-0.000175,-0.000376,-0.001830,0.006591,-0.001681,-0.000200,0.008701,-0.002638,-0.001417,-0.002159,-0.002189,-0.002857,0.000000,0.021817,-0.000000,-0.000000,0.000000,-0.000000,0.000000,-0.000000,0.000000,-0.000000,-0.021817,-0.000000,0.000000,0.000000,0.000000,0.000000,0.000000,0.000000,0.000000,0.000000,0.000000,0.000000,0.000000,0.000000,0.000000,0.000000,0.000000,0.000000,0.000000,0.000000,0.000000,0.000000,0.000000,0.000000,0.000000,0.000000
1789149940.448857,0.358166,-0.073828,-0.004152,0.136278,0.107293,-1.328256,-0.058438,-0.033135,-0.997741,0.000000,0.000000,0.000000,-0.000175,-0.000349,-0.001830,0.006591,-0.001681,-0.000375,0.008352,-0.002638,-0.001417,-0.002159,-0.001327,-0.002857,0.000000,0.000000,-0.000000,-0.000000,0.000000,-0.000000,0.000000,-0.000000,0.000000,-0.000000,0.000000,-0.000000,0.000000,0.000000,0.000000,0.000000,0.000000,0.000000,0.000000,0.000000,0.000000,0.000000,0.000000,0.000000,0.000000,0.000000,0.000000,0.000000,0.000000,0.000000,0.000000,0.000000,0.000000,0.000000,0.000000,0.000000
1789149940.468886,0.363052,-0.068574,-0.006535,0.143868,0.101168,-1.314008,-0.062459,-0.032225,-0.997527,0.000000,0.000000,0.000000,-0.000175,-0.000349,-0.001830,0.006591,-0.001681,-0.000375,0.008232,-0.002464,-0.001242,-0.002159,-0.001635,-0.002857,0.000000,0.000000,-0.000000,-0.000000,0.000000,-0.000000,-0.021817,-0.000000,0.000000,-0.000000,0.000000,-0.000000,0.000000,0.000000,0.000000,0.000000,0.000000,0.000000,0.000000,0.000000,0.000000,0.000000,0.000000,0.000000,0.000000,0.000000,0.000000,0.000000,0.000000,0.000000,0.000000,0.000000,0.000000,0.000000,0.000000,0.000000
1789149940.488974,0.369670,-0.065428,-0.008463,0.155453,0.087719,-1.296830,-0.066262,-0.030940,-0.997322,0.000000,0.000000,0.000000,-0.000488,-0.000259,-0.001830,0.006591,-0.001681,-0.000470,0.007648,-0.002464,-0.001079,-0.001984,-0.001215,-0.002682,-0.021817,0.021817,-0.000000,-0.000000,0.000000,-0.021817,-0.021817,-0.000000,0.021817,-0.000000,-0.130900,-0.000000,0.000000,0.000000,0.000000,0.000000,0.000000,0.000000,0.000000,0.000000,0.000000,0.000000,0.000000,0.000000,0.000000,0.000000,0.000000,0.000000,0.000000,0.000000,0.000000,0.000000,0.000000,0.000000,0.000000,0.000000
1789149940.508818,0.379896,-0.060668,-0.012004,0.159048,0.079064,-1.279520,-0.069954,-0.029283,-0.997120,0.000000,0.000000,0.000000,-0.000483,-0.000175,-0.002138,0.006591,-0.001681,-0.000549,0.007654,-0.002289,-0.001068,-0.001984,-0.000637,-0.002682,0.000000,0.000000,-0.000000,-0.000000,0.000000,-0.000000,0.000000,-0.000000,0.000000,-0.000000,0.109083,-0.000000,0.000000,0.000000,0.000000,0.000000,0.000000,0.000000,0.000000,0.000000,0.000000,0.000000,0.000000,0.000000,0.000000,0.000000,0.000000,0.000000,0.000000,0.000000,0.000000,0.000000,0.000000,0.000000,0.000000,0.000000
1789149940.528854,0.385571,-0.057242,-0.014861,0.149860,0.065482,-1.263940,-0.073293,-0.027481,-0.996932,0.000000,0.000000,0.000000,-0.000657,-0.000175,-0.002487,0.006327,-0.001681,-0.000549,0.007220,-0.002289,-0.000893,-0.001984,-0.000719,-0.002507,0.000000,0.000000,-0.000000,-0.000000,0.000000,-0.000000,-0.021817,-0.000000,0.000000,-0.000000,-0.043633,-0.000000,0.000000,0.000000,0.000000,0.000000,0.000000,0.000000,0.000000,0.000000,0.000000,0.000000,0.000000,0.000000,0.000000,0.000000,0.000000,0.000000,0.000000,0.000000,0.000000,0.000000,0.000000,0.000000,0.000000,0.000000
1789149940.548935,0.390459,-0.053550,-0.017863,0.157184,0.051234,-1.241703,-0.076307,-0.025387,-0.996761,0.000000,0.000000,0.000000,-0.000657,-0.000087,-0.002487,0.006226,-0.001681,-0.000549,0.006429,-0.002289,-0.000893,-0.001850,-0.000590,-0.002507,0.000000,0.021817,-0.000000,-0.021817,0.000000,-0.000000,-0.021817,-0.000000,0.000000,0.021817,0.043633,-0.000000,0.000000,0.000000,0.000000,0.000000,0.000000,0.000000,0.000000,0.000000,0.000000,0.000000,0.000000,0.000000,0.000000,0.000000,0.000000,0.000000,0.000000,0.000000,0.000000,0.000000,0.000000,0.000000,0.000000,0.000000
1789149940.568812,0.397605,-0.047129,-0.022631,0.156918,0.038983,-1.233847,-0.078873,-0.023048,-0.996618,0.000000,0.000000,0.000000,-0.000657,0.000000,-0.002487,0.006152,-0.001681,-0.000549,0.006260,-0.002289,-0.000841,-0.001810,-0.000762,-0.002333,0.000000,0.000000,-0.000000,-0.000000,0.000000,-0.000000,-0.021817,-0.000000,0.021817,-0.000000,0.000000,-0.000000,0.000000,0.000000,0.000000,0.000000,0.000000,0.000000,0.000000,0.000000,0.000000,0.000000,0.000000,0.000000,0.000000,0.000000,0.000000,0.000000,0.000000,0.000000,0.000000,0.000000,0.000000,0.000000,0.000000,0.000000
1789149940.588769,0.401731,-0.042636,-0.026128,0.177291,0.028730,-1.212808,-0.081479,-0.020338,-0.996468,0.000000,0.000000,0.000000,-0.000657,0.000175,-0.002487,0.005803,-0.001681,-0.000549,0.005385,-0.002115,-0.000719,-0.001640,-0.000285,-0.002273,0.000000,0.000000,-0.000000,-0.000000,0.000000,-0.000000,0.000000,-0.000000,0.000000,0.021817,0.021817,0.021817,0.000000,0.000000,0.000000,0.000000,0.000000,0.000000,0.000000,0.000000,0.000000,0.000000,0.000000,0.000000,0.000000,0.000000,0.000000,0.000000,0.000000,0.000000,0.000000,0.000000,0.000000,0.000000,0.000000,0.000000
1789149940.608774,0.398608,-0.035213,-0.032062,0.159315,0.011286,-1.198427,-0.083515,-0.017490,-0.996353,0.000000,0.000000,0.000000,-0.000657,0.000175,-0.002487,0.005705,-0.001681,-0.000549,0.003779,-0.002115,-0.000719,-0.001635,-0.000762,-0.002158,0.000000,0.000000,-0.000000,-0.021817,0.000000,-0.000000,-0.152716,-0.000000,0.000000,-0.000000,0.000000,-0.000000,0.000000,0.000000,0.000000,0.000000,0.000000,0.000000,0.000000,0.000000,0.000000,0.000000,0.000000,0.000000,0.000000,0.000000,0.000000,0.000000,0.000000,0.000000,0.000000,0.000000,0.000000,0.000000,0.000000,0.000000
1789149940.628772,0.394883,-0.030207,-0.036237,0.182085,0.003164,-1.189239,-0.085505,-0.014242,-0.996236,0.000000,0.000000,0.000000,-0.000657,0.000175,-0.002487,0.005629,-0.001681,-0.000549,0.002562,-0.001940,-0.000544,-0.001635,-0.000244,-0.001929,0.000000,0.000000,-0.000000,-0.000000,0.000000,-0.000000,-0.021817,-0.000000,0.000000,-0.000000,-0.065450,0.043633,0.000000,0.000000,0.000000,0.000000,0.000000,0.000000,0.000000,0.000000,0.000000,0.000000,0.000000,0.000000,0.000000,0.000000,0.000000,0.000000,0.000000,0.000000,0.000000,0.000000,0.000000,0.000000,0.000000,0.000000
1789149940.648780,0.387955,-0.024934,-0.040061,0.176093,-0.010152,-1.172061,-0.087097,-0.010880,-0.996140,0.000000,0.000000,0.000000,-0.000657,0.000175,-0.002487,0.005279,-0.001681,-0.000549,0.002069,-0.001940,-0.000544,-0.001635,0.000048,-0.001809,0.000000,0.000000,-0.000000,-0.000000,0.000000,-0.000000,0.000000,-0.000000,0.000000,-0.000000,0.043633,-0.000000,0.000000,0.000000,0.000000,0.000000,0.000000,0.000000,0.000000,0.000000,0.000000,0.000000,0.000000,0.000000,0.000000,0.000000,0.000000,0.000000,0.000000,0.000000,0.000000,0.000000,0.000000,0.000000,0.000000,0.000000
1789149940.668747,0.380070,-0.016776,-0.045919,0.180753,-0.020938,-1.158213,-0.088375,-0.007288,-0.996061,0.000000,0.000000,0.000000,-0.000657,0.000175,-0.002487,0.004756,-0.001681,-0.000549,0.001720,-0.001711,-0.000544,-0.001635,-0.000588,-0.001809,0.000000,0.000000,-0.000000,-0.000000,0.000000,-0.000000,0.000000,0.065450,0.000000,-0.000000,0.000000,-0.000000,0.000000,0.000000,0.000000,0.000000,0.000000,0.000000,0.000000,0.000000,0.000000,0.000000,0.000000,0.000000,0.000000,0.000000,0.000000,0.000000,0.000000,0.000000,0.000000,0.000000,0.000000,0.000000,0.000000,0.000000
1789149940.688817,0.379726,-0.011243,-0.050411,0.186479,-0.028927,-1.140503,-0.089379,-0.003443,-0.995992,0.000000,0.000000,0.000000,-0.000657,0.000175,-0.002487,0.004232,-0.001681,-0.000549,0.001545,-0.001591,-0.000544,-0.001542,-0.000236,-0.001635,0.000000,0.000000,-0.000000,-0.000000,0.000000,-0.000000,0.000000,-0.000000,0.000000,0.021817,-0.109083,-0.000000,0.000000,0.000000,0.000000,0.000000,0.000000,0.000000,0.000000,0.000000,0.000000,0.000000,0.000000,0.000000,0.000000,0.000000,0.000000,0.000000,0.000000,0.000000,0.000000,0.000000,0.000000,0.000000,0.000000,0.000000
1789149940.708786,0.369785,-0.003150,-0.056768,0.186346,-0.035585,-1.125323,-0.090198,0.000486,-0.995924,0.000000,0.000000,0.000000,-0.000832,0.000175,-0.002487,0.003480,-0.001570,-0.000549,0.001362,-0.001591,-0.000544,-0.001461,0.000037,-0.001635,0.000000,0.000000,-0.000000,-0.021817,0.021817,-0.000000,-0.021817,-0.000000,0.000000,-0.000000,0.043633,-0.000000,0.000000,0.000000,0.000000,0.000000,0.000000,0.000000,0.000000,0.000000,0.000000,0.000000,0.000000,0.000000,0.000000,0.000000,0.000000,0.000000,0.000000,0.000000,0.000000,0.000000,0.000000,0.000000,0.000000,0.000000
1789149940.728805,0.364477,0.002429,-0.060832,0.189808,-0.042909,-1.103086,-0.090685,0.004495,-0.995869,0.000000,0.000000,0.000000,-0.000832,0.000175,-0.002487,0.002075,-0.001507,-0.000549,0.001371,-0.001545,-0.000391,-0.001461,-0.000620,-0.001460,0.000000,0.000000,-0.000000,-0.087266,0.000000,-0.000000,0.000000,0.021817,0.021817,-0.000000,-0.021817,-0.000000,0.000000,0.000000,0.000000,0.000000,0.000000,0.000000,0.000000,0.000000,0.000000,0.000000,0.000000,0.000000,0.000000,0.000000,0.000000,0.000000,0.000000,0.000000,0.000000,0.000000,0.000000,0.000000,0.000000,0.000000
1789149940.748875,0.357684,0.008035,-0.064363,0.200727,-0.054094,-1.078052,-0.091000,0.009058,-0.995810,0.000000,0.000000,0.000000,-0.000832,0.000175,-0.002487,0.000420,-0.001507,-0.000549,0.001196,-0.001417,-0.000370,-0.001461,0.000045,-0.001460,0.000000,0.000000,-0.000000,-0.109083,0.000000,-0.000000,0.000000,-0.000000,0.000000,-0.000000,-0.065450,-0.000000,0.000000,0.000000,0.000000,0.000000,0.000000,0.000000,0.000000,0.000000,0.000000,0.000000,0.000000,0.000000,0.000000,0.000000,0.000000,0.000000,0.000000,0.000000,0.000000,0.000000,0.000000,0.000000,0.000000,0.000000
1789149940.768818,0.353211,0.013855,-0.067954,0.171698,-0.065013,-1.051953,-0.090940,0.013221,-0.995769,0.000000,0.000000,0.000000,-0.000832,0.000175,-0.002487,-0.000663,-0.001332,-0.000549,0.001196,-0.001242,-0.000370,-0.001461,0.000383,-0.001460,0.000000,0.000000,-0.000000,-0.065450,0.000000,-0.000000,0.000000,-0.000000,0.000000,-0.000000,0.087266,-0.000000,0.000000,0.000000,0.000000,0.000000,0.000000,0.000000,0.000000,0.000000,0.000000,0.000000,0.000000,0.000000,0.000000,0.000000,0.000000,0.000000,0.000000,0.000000,0.000000,0.000000,0.000000,0.000000,0.000000,0.000000
1789149940.788801,0.344375,0.021880,-0.071904,0.137477,-0.084055,-1.021060,-0.090107,0.016827,-0.995790,0.000000,0.000000,0.000000,-0.000832,0.000175,-0.001830,-0.000925,-0.001332,-0.000549,0.001196,-0.001068,-0.000370,-0.001461,-0.000413,-0.001460,0.000000,0.000000,-0.000000,-0.021817,0.000000,-0.000000,0.000000,-0.000000,0.000000,-0.000000,0.000000,-0.000000,0.000000,0.000000,0.000000,0.000000,0.000000,0.000000,0.000000,0.000000,0.000000,0.000000,0.000000,0.000000,0.000000,0.000000,0.000000,0.000000,0.000000,0.000000,0.000000,0.000000,0.000000,0.000000,0.000000,0.000000
1789149940.808766,0.340106,0.027073,-0.073963,0.114707,-0.107757,-0.983243,-0.088550,0.020135,-0.995868,0.000000,0.000000,0.000000,-0.000832,-0.000090,-0.001222,-0.001178,-0.001332,-0.000549,0.001196,-0.000792,-0.000370,-0.001461,-0.000255,-0.001111,0.000000,0.000000,0.043633,-0.000000,0.000000,-0.000000,0.000000,0.021817,0.000000,-0.000000,-0.087266,-0.000000,0.000000,0.000000,0.000000,0.000000,0.000000,0.000000,0.000000,0.000000,0.000000,0.000000,0.000000,0.000000,0.000000,0.000000,0.000000,0.000000,0.000000,0.000000,0.000000,0.000000,0.000000,0.000000,0.000000,0.000000
1789149940.828754,0.325960,0.033145,-0.074338,0.073561,-0.135188,-0.940766,-0.086186,0.023197,-0.996009,0.000000,0.000000,0.000000,-0.001006,-0.000090,-0.000597,-0.001353,-0.001332,-0.000549,0.001196,-0.000544,-0.000370,-0.001286,0.000211,-0.001111,0.000000,0.000000,0.021817,-0.000000,0.000000,-0.000000,0.000000,-0.000000,0.000000,-0.000000,0.021817,-0.000000,0.000000,0.000000,0.000000,0.000000,0.000000,0.000000,0.000000,0.000000,0.000000,0.000000,0.000000,0.000000,0.000000,0.000000,0.000000,0.000000,0.000000,0.000000,0.000000,0.000000,0.000000,0.000000,0.000000,0.000000
1789149940.848768,0.317557,0.039217,-0.074525,0.022694,-0.164083,-0.902949,-0.082790,0.025376,-0.996244,0.000000,0.000000,0.000000,-0.001165,-0.000090,0.001072,-0.001353,-0.001332,-0.000549,0.001196,-0.000544,-0.000370,-0.001286,-0.000413,-0.001111,-0.021817,0.000000,0.130900,-0.000000,0.000000,-0.000000,0.000000,-0.000000,0.000000,-0.000000,0.000000,-0.000000,0.000000,0.000000,0.000000,0.000000,0.000000,0.000000,0.000000,0.000000,0.000000,0.000000,0.000000,0.000000,0.000000,0.000000,0.000000,0.000000,0.000000,0.000000,0.000000,0.000000,0.000000,0.000000,0.000000,0.000000
1789149940.868771,0.312025,0.042958,-0.074277,0.008713,-0.192312,-0.849020,-0.078616,0.027302,-0.996531,0.000000,0.000000,0.000000,-0.001181,-0.000090,0.003248,-0.001353,-0.001332,-0.000549,0.001022,-0.000544,-0.000370,-0.001286,-0.000410,-0.001111,0.000000,0.000000,0.109083,-0.000000,0.000000,-0.000000,0.000000,-0.000000,0.000000,-0.000000,-0.130900,-0.000000,0.000000,0.000000,0.000000,0.000000,0.000000,0.000000,0.000000,0.000000,0.000000,0.000000,0.000000,0.000000,0.000000,0.000000,0.000000,0.000000,0.000000,0.000000,0.000000,0.000000,0.000000,0.000000,0.000000,0.000000
1789149940.888766,0.306920,0.046556,-0.073679,-0.043086,-0.220009,-0.799485,-0.073684,0.028515,-0.996874,0.000000,0.000000,0.000000,-0.001181,-0.000090,0.004467,-0.001527,-0.001332,-0.000549,0.001022,-0.000544,-0.000370,-0.001286,0.000233,-0.001111,0.000000,0.000000,0.021817,-0.021817,0.000000,-0.000000,0.000000,-0.000000,0.000000,-0.000000,0.043633,-0.000000,0.000000,0.000000,0.000000,0.000000,0.000000,0.000000,0.000000,0.000000,0.000000,0.000000,0.000000,0.000000,0.000000,0.000000,0.000000,0.000000,0.000000,0.000000,0.000000,0.000000,0.000000,0.000000,0.000000,0.000000
1789149940.908754,0.298945,0.051456,-0.072650,-0.073046,-0.245709,-0.760070,-0.067978,0.029277,-0.997257,0.000000,0.000000,0.000000,-0.001181,-0.000090,0.004802,-0.001691,-0.001332,-0.000549,0.001022,-0.000544,-0.000370,-0.001111,-0.000413,-0.000937,0.000000,0.000000,-0.000000,-0.021817,0.000000,-0.000000,0.000000,-0.000000,0.000000,-0.000000,0.000000,-0.000000,0.000000,0.000000,0.000000,0.000000,0.000000,0.000000,0.000000,0.000000,0.000000,0.000000,0.000000,0.000000,0.000000,0.000000,0.000000,0.000000,0.000000,0.000000,0.000000,0.000000,0.000000,0.000000,0.000000,0.000000
1789149940.928763,0.295814,0.053016,-0.072031,-0.071715,-0.270077,-0.703478,-0.061726,0.030101,-0.997639,0.000000,0.000000,0.000000,-0.001181,-0.000090,0.004802,-0.001702,-0.001332,-0.000549,0.001022,-0.000544,-0.000370,-0.001111,0.000394,-0.000937,0.000000,0.000000,-0.000000,-0.000000,0.000000,-0.000000,0.000000,-0.000000,0.000000,-0.000000,0.021817,-0.000000,0.000000,0.000000,0.000000,0.000000,0.000000,0.000000,0.000000,0.000000,0.000000,0.000000,0.000000,0.000000,0.000000,0.000000,0.000000,0.000000,0.000000,0.000000,0.000000,0.000000,0.000000,0.000000,0.000000,0.000000
1789149940.948789,0.271055,0.056488,-0.066673,-0.077707,-0.291915,-0.647685,-0.055278,0.031133,-0.997986,0.000000,0.000000,0.000000,-0.001181,-0.000090,0.003796,-0.001702,-0.001158,-0.000549,0.000847,-0.000544,-0.000370,-0.001111,0.000419,-0.000762,0.000000,0.000000,-0.000000,-0.000000,0.000000,-0.000000,0.000000,-0.000000,0.000000,-0.000000,0.000000,-0.000000,0.000000,0.000000,0.000000,0.000000,0.000000,0.000000,0.000000,0.000000,0.000000,0.000000,0.000000,0.000000,0.000000,0.000000,0.000000,0.000000,0.000000,0.000000,0.000000,0.000000,0.000000,0.000000,0.000000,0.000000
1789149940.968762,0.265036,0.057279,-0.065444,-0.078106,-0.311356,-0.594289,-0.048323,0.032106,-0.998316,0.000000,0.000000,0.000000,-0.001181,-0.000090,0.004036,-0.001702,-0.000986,-0.000549,0.000847,-0.000544,-0.000370,-0.001111,0.000086,-0.000623,0.000000,0.000000,0.065450,-0.000000,0.021817,-0.000000,0.000000,-0.000000,0.000000,-0.000000,0.109083,0.021817,0.000000,0.000000,0.000000,0.000000,0.000000,0.000000,0.000000,0.000000,0.000000,0.000000,0.000000,0.000000,0.000000,0.000000,0.000000,0.000000,0.000000,0.000000,0.000000,0.000000,0.000000,0.000000,0.000000,0.000000
1789149940.988782,0.247995,0.059933,-0.061615,-0.059331,-0.327734,-0.536098,-0.041029,0.033367,-0.998601,0.000000,0.000000,0.000000,-0.000873,-0.000090,0.004802,-0.001702,-0.000983,-0.000549,0.000847,-0.000544,-0.000195,-0.001111,-0.000610,-0.000588,0.000000,0.000000,-0.000000,-0.000000,0.000000,-0.000000,0.000000,-0.000000,0.021817,-0.000000,-0.043633,-0.000000,0.000000,0.000000,0.000000,0.000000,0.000000,0.000000,0.000000,0.000000,0.000000,0.000000,0.000000,0.000000,0.000000,0.000000,0.000000,0.000000,0.000000,0.000000,0.000000,0.000000,0.000000,0.000000,0.000000,0.000000
1789149941.008796,0.235997,0.061248,-0.059159,-0.034297,-0.336256,-0.477509,-0.033814,0.035321,-0.998804,0.000000,0.000000,0.000000,-0.000873,-0.000090,0.004802,-0.001702,-0.000983,-0.000549,0.000847,-0.000544,-0.000195,-0.001111,-0.000217,-0.000413,0.000000,0.000000,-0.000000,-0.000000,0.000000,-0.000000,0.000000,-0.000000,0.000000,-0.000000,-0.196350,-0.000000,0.000000,0.000000,0.000000,0.000000,0.000000,0.000000,0.000000,0.000000,0.000000,0.000000,0.000000,0.000000,0.000000,0.000000,0.000000,0.000000,0.000000,0.000000,0.000000,0.000000,0.000000,0.000000,0.000000,0.000000
1789149941.028801,0.218124,0.063084,-0.055467,-0.030036,-0.338919,-0.424778,-0.026653,0.037210,-0.998952,0.000000,0.000000,0.000000,-0.000873,-0.000090,0.004614,-0.001702,-0.000893,-0.000549,0.000847,-0.000544,-0.000195,-0.000727,-0.000413,-0.000413,0.000000,0.000000,-0.065450,-0.000000,0.021817,-0.000000,0.000000,-0.000000,0.000000,0.065450,0.000000,-0.000000,0.000000,0.000000,0.000000,0.000000,0.000000,0.000000,0.000000,0.000000,0.000000,0.000000,0.000000,0.000000,0.000000,0.000000,0.000000,0.000000,0.000000,0.000000,0.000000,0.000000,0.000000,0.000000,0.000000,0.000000
1789149941.048901,0.208763,0.065030,-0.052944,-0.032699,-0.349439,-0.365656,-0.019200,0.039062,-0.999052,0.000000,0.000000,0.000000,-0.000698,-0.000090,0.004145,-0.001702,-0.000809,-0.000549,0.000847,-0.000544,-0.000195,-0.000561,-0.000034,-0.000413,0.000000,0.000000,-0.000000,-0.000000,0.000000,-0.000000,0.000000,-0.000000,0.000000,0.021817,0.087266,-0.000000,0.000000,0.000000,0.000000,0.000000,0.000000,0.000000,0.000000,0.000000,0.000000,0.000000,0.000000,0.000000,0.000000,0.000000,0.000000,0.000000,0.000000,0.000000,0.000000,0.000000,0.000000,0.000000,0.000000,0.000000
1789149941.068880,0.195919,0.067601,-0.049172,-0.018851,-0.345710,-0.304270,-0.011757,0.041036,-0.999088,0.000000,0.000000,0.000000,-0.000698,-0.000090,0.004145,-0.001702,-0.000809,-0.000549,0.000673,-0.000544,-0.000195,-0.000852,-0.000626,-0.000413,0.000000,0.000000,-0.000000,-0.000000,0.000000,-0.000000,0.000000,-0.000000,0.000000,-0.000000,-0.130900,-0.000000,0.000000,0.000000,0.000000,0.000000,0.000000,0.000000,0.000000,0.000000,0.000000,0.000000,0.000000,0.000000,0.000000,0.000000,0.000000,0.000000,0.000000,0.000000,0.000000,0.000000,0.000000,0.000000,0.000000,0.000000
1789149941.088924,0.186991,0.069148,-0.045653,-0.000209,-0.336522,-0.255534,-0.004604,0.043457,-0.999045,0.000000,0.000000,0.000000,-0.000698,-0.000090,0.004145,-0.001702,-0.000634,-0.000549,0.000673,-0.000544,-0.000195,-0.000413,0.000370,-0.000238,0.000000,0.000000,-0.000000,-0.000000,0.000000,-0.000000,0.000000,-0.000000,0.000000,-0.000000,-0.065450,-0.000000,0.000000,0.000000,0.000000,0.000000,0.000000,0.000000,0.000000,0.000000,0.000000,0.000000,0.000000,0.000000,0.000000,0.000000,0.000000,0.000000,0.000000,0.000000,0.000000,0.000000,0.000000,0.000000,0.000000,0.000000
1789149941.108896,0.175190,0.071596,-0.040567,-0.026707,-0.316282,-0.211193,0.002192,0.045122,-0.998979,0.000000,0.000000,0.000000,-0.000524,-0.000090,0.003878,-0.001497,-0.000634,-0.000549,0.000498,-0.000544,-0.000195,-0.000353,0.000386,-0.000238,0.000000,0.000000,-0.065450,0.065450,0.000000,-0.000000,0.000000,-0.000000,0.000000,0.043633,0.021817,-0.000000,0.000000,0.000000,0.000000,0.000000,0.000000,0.000000,0.000000,0.000000,0.000000,0.000000,0.000000,0.000000,0.000000,0.000000,0.000000,0.000000,0.000000,0.000000,0.000000,0.000000,0.000000,0.000000,0.000000,0.000000
1789149941.128817,0.166022,0.072193,-0.037809,-0.019916,-0.295510,-0.164055,0.008433,0.046476,-0.998884,0.000000,0.000000,0.000000,-0.000524,-0.000090,0.003447,-0.001437,-0.000634,-0.000549,0.000498,-0.000544,-0.000195,-0.000852,-0.000239,0.000072,0.000000,0.000000,-0.021817,-0.000000,0.000000,-0.000000,0.000000,-0.000000,0.000000,-0.000000,0.000000,0.021817,0.000000,0.000000,0.000000,0.000000,0.000000,0.000000,0.000000,0.000000,0.000000,0.000000,0.000000,0.000000,0.000000,0.000000,0.000000,0.000000,0.000000,0.000000,0.000000,0.000000,0.000000,0.000000,0.000000,0.000000
1789149941.148812,0.153279,0.073197,-0.034696,0.001389,-0.267147,-0.125173,0.013971,0.048146,-0.998743,0.000000,0.000000,0.000000,-0.000524,-0.000090,0.003207,-0.001088,-0.000634,-0.000549,0.000498,-0.000544,-0.000195,-0.000239,-0.000391,0.000110,0.000000,0.000000,-0.021817,-0.000000,0.000000,-0.000000,0.000000,-0.000000,0.000000,-0.000000,-0.109083,-0.000000,0.000000,0.000000,0.000000,0.000000,0.000000,0.000000,0.000000,0.000000,0.000000,0.000000,0.000000,0.000000,0.000000,0.000000,0.000000,0.000000,0.000000,0.000000,0.000000,0.000000,0.000000,0.000000,0.000000,0.000000
1789149941.168812,0.144337,0.073426,-0.033588,-0.026441,-0.229064,-0.097210,0.018903,0.049069,-0.998616,0.000000,0.000000,0.000000,-0.000524,-0.000090,0.003098,-0.001088,-0.000634,-0.000549,0.000288,-0.000544,-0.000195,-0.000209,0.000593,0.000110,0.000000,0.000000,-0.000000,-0.000000,0.000000,-0.000000,-0.021817,-0.000000,0.000000,0.087266,0.000000,-0.000000,0.000000,0.000000,0.000000,0.000000,0.000000,0.000000,0.000000,0.000000,0.000000,0.000000,0.000000,0.000000,0.000000,0.000000,0.000000,0.000000,0.000000,0.000000,0.000000,0.000000,0.000000,0.000000,0.000000,0.000000
1789149941.188839,0.134498,0.073157,-0.033253,-0.030835,-0.187252,-0.066850,0.023059,0.049478,-0.998509,0.000000,0.000000,0.000000,-0.000524,-0.000090,0.003098,-0.001088,-0.000634,-0.000285,0.000323,-0.000544,-0.000195,-0.000678,0.000394,0.000285,0.000000,0.000000,-0.000000,-0.000000,0.000000,-0.000000,0.000000,-0.000000,0.000000,-0.000000,0.087266,-0.000000,0.000000,0.000000,0.000000,0.000000,0.000000,0.000000,0.000000,0.000000,0.000000,0.000000,0.000000,0.000000,0.000000,0.000000,0.000000,0.000000,0.000000,0.000000,0.000000,0.000000,0.000000,0.000000,0.000000,0.000000
1789149941.208787,0.118956,0.071300,-0.034142,-0.049477,-0.140381,-0.047009,0.026400,0.049441,-0.998428,0.000000,0.000000,0.000000,-0.000524,-0.000090,0.003098,-0.001088,-0.000634,-0.000285,0.000323,-0.000195,-0.000195,-0.000239,-0.000239,0.000285,0.000000,0.000000,-0.000000,-0.000000,0.000000,-0.000000,0.000000,-0.000000,0.000000,-0.000000,0.000000,-0.000000,0.000000,0.000000,0.000000,0.000000,0.000000,0.000000,0.000000,0.000000,0.000000,0.000000,0.000000,0.000000,0.000000,0.000000,0.000000,0.000000,0.000000,0.000000,0.000000,0.000000,0.000000,0.000000,0.000000,0.000000
1789149941.228808,0.109420,0.069808,-0.035543,-0.075310,-0.082990,-0.032628,0.028736,0.048570,-0.998406,0.000000,0.000000,0.000000,-0.000524,-0.000090,0.002923,-0.001088,-0.000634,-0.000285,0.000149,-0.000195,-0.000195,-0.000392,0.000108,0.000285,0.000000,0.000000,-0.000000,-0.000000,0.000000,-0.000000,0.000000,-0.000000,0.000000,0.065450,-0.130900,-0.000000,0.000000,0.000000,0.000000,0.000000,0.000000,0.000000,0.000000,0.000000,0.000000,0.000000,0.000000,0.000000,0.000000,0.000000,0.000000,0.000000,0.000000,0.000000,0.000000,0.000000,0.000000,0.000000,0.000000,0.000000
1789149941.248791,0.098361,0.066823,-0.037199,-0.087960,-0.037450,-0.018380,0.030136,0.047216,-0.998430,0.000000,0.000000,0.000000,-0.000524,-0.000090,0.002697,-0.001088,-0.000634,-0.000285,0.000149,-0.000195,-0.000020,-0.000506,0.000593,0.000285,0.000000,0.000000,-0.021817,-0.000000,0.000000,-0.000000,0.000000,-0.000000,0.000000,-0.043633,0.000000,-0.000000,0.000000,0.000000,0.000000,0.000000,0.000000,0.000000,0.000000,0.000000,0.000000,0.000000,0.000000,0.000000,0.000000,0.000000,0.000000,0.000000,0.000000,0.000000,0.000000,0.000000,0.000000,0.000000,0.000000,0.000000
1789149941.268786,0.087248,0.063253,-0.039281,-0.123913,0.004762,-0.017981,0.030741,0.044909,-0.998518,0.000000,0.000000,0.000000,-0.000788,-0.000090,0.002471,-0.001088,-0.000634,-0.000285,0.000149,-0.000195,-0.000020,0.001624,0.000129,0.000285,-0.065450,0.000000,-0.021817,-0.000000,0.000000,-0.000000,0.000000,-0.000000,0.000000,0.109083,0.109083,-0.000000,0.000000,0.000000,0.000000,0.000000,0.000000,0.000000,0.000000,0.000000,0.000000,0.000000,0.000000,0.000000,0.000000,0.000000,0.000000,0.000000,0.000000,0.000000,0.000000,0.000000,0.000000,0.000000,0.000000,0.000000
1789149941.288859,0.073731,0.058324,-0.043526,-0.149878,0.084124,-0.018779,0.029962,0.041587,-0.998686,0.000000,0.000000,0.000000,-0.000565,-0.000976,0.002051,-0.001088,-0.000569,-0.000285,0.000149,0.000541,-0.000020,0.005049,-0.000255,0.000460,0.043633,-0.021817,-0.000000,-0.000000,0.021817,-0.000000,0.000000,0.065450,0.000000,0.130900,-0.021817,-0.000000,0.000000,0.000000,0.000000,0.000000,0.000000,0.000000,0.000000,0.000000,0.000000,0.000000,0.000000,0.000000,0.000000,0.000000,0.000000,0.000000,0.000000,0.000000,0.000000,0.000000,0.000000,0.000000,0.000000,0.000000
1789149941.308803,0.064823,0.054132,-0.047119,-0.177842,0.156429,-0.025171,0.027924,0.037768,-0.998896,0.000000,0.000000,0.000000,-0.000175,-0.001838,0.001486,-0.001088,-0.000460,0.001286,0.000149,0.000852,-0.000020,0.006636,0.000454,0.000460,0.000000,-0.021817,-0.065450,-0.000000,0.000000,0.152716,0.000000,-0.000000,0.000000,0.065450,-0.065450,-0.000000,0.000000,0.000000,0.000000,0.000000,0.000000,0.000000,0.000000,0.000000,0.000000,0.000000,0.000000,0.000000,0.000000,0.000000,0.000000,0.000000,0.000000,0.000000,0.000000,0.000000,0.000000,0.000000,0.000000,0.000000
1789149941.328826,0.053575,0.047718,-0.051998,-0.219254,0.211423,-0.049006,0.025018,0.033081,-0.999140,0.000000,0.000000,0.000000,-0.000000,-0.003600,0.001353,-0.001088,-0.000285,0.004542,0.000149,0.001201,-0.000020,0.007877,0.000375,0.000460,0.000000,-0.109083,-0.000000,-0.000000,0.000000,0.196350,0.000000,-0.000000,0.000000,0.065450,0.130900,-0.000000,0.000000,0.000000,0.000000,0.000000,0.000000,0.000000,0.000000,0.000000,0.000000,0.000000,0.000000,0.000000,0.000000,0.000000,0.000000,0.000000,0.000000,0.000000,0.000000,0.000000,0.000000,0.000000,0.000000,0.000000
1789149941.348774,0.047055,0.043388,-0.055026,-0.189559,0.226203,-0.067382,0.021849,0.028351,-0.999359,0.000000,0.000000,0.000000,-0.000000,-0.006068,0.003049,-0.001088,-0.000574,0.007228,0.000149,0.001201,-0.000020,0.009180,-0.000413,0.000460,0.000000,-0.152716,0.130900,-0.000000,-0.043633,0.109083,0.000000,-0.000000,0.000000,0.130900,0.000000,-0.000000,0.000000,0.000000,0.000000,0.000000,0.000000,0.000000,0.000000,0.000000,0.000000,0.000000,0.000000,0.000000,0.000000,0.000000,0.000000,0.000000,0.000000,0.000000,0.000000,0.000000,0.000000,0.000000,0.000000,0.000000
1789149941.368840,0.035572,0.034332,-0.057150,-0.148946,0.218880,-0.064320,0.018657,0.024408,-0.999528,0.000000,0.000000,0.000000,-0.000000,-0.007769,0.004074,-0.001088,-0.000550,0.007744,0.000149,0.001376,-0.000020,0.009361,-0.000231,0.000460,0.000000,-0.021817,0.065450,-0.000000,0.000000,-0.000000,0.000000,-0.000000,0.000000,-0.000000,-0.130900,-0.000000,0.000000,0.000000,0.000000,0.000000,0.000000,0.000000,0.000000,0.000000,0.000000,0.000000,0.000000,0.000000,0.000000,0.000000,0.000000,0.000000,0.000000,0.000000,0.000000,0.000000,0.000000,0.000000,0.000000,0.000000
1789149941.388855,0.029149,0.028740,-0.059097,-0.143620,0.212222,-0.087223,0.015269,0.020875,-0.999665,0.000000,0.000000,0.000000,-0.000000,-0.007486,0.004298,-0.001353,-0.000550,0.007744,0.000149,0.001376,0.000028,0.009361,0.000419,0.000460,0.000000,0.065450,-0.065450,-0.000000,0.000000,-0.000000,0.000000,-0.000000,0.021817,-0.000000,0.000000,-0.000000,0.000000,0.000000,0.000000,0.000000,0.000000,0.000000,0.000000,0.000000,0.000000,0.000000,0.000000,0.000000,0.000000,0.000000,0.000000,0.000000,0.000000,0.000000,0.000000,0.000000,0.000000,0.000000,0.000000,0.000000
1789149941.408874,0.020670,0.021100,-0.061806,-0.105270,0.218081,-0.098541,0.011719,0.018037,-0.999769,0.000000,0.000000,0.000000,-0.000308,-0.007142,0.003622,-0.001527,0.000247,0.007479,0.000149,0.001376,0.001880,0.009361,-0.000239,0.000460,0.000000,0.087266,-0.000000,-0.000000,0.065450,-0.000000,0.000000,-0.000000,0.130900,-0.000000,0.000000,-0.000000,0.000000,0.000000,0.000000,0.000000,0.000000,0.000000,0.000000,0.000000,0.000000,0.000000,0.000000,0.000000,0.000000,0.000000,0.000000,0.000000,0.000000,0.000000,0.000000,0.000000,0.000000,0.000000,0.000000,0.000000
1789149941.428882,0.015354,0.016610,-0.061642,-0.028305,0.219546,-0.106664,0.007894,0.016518,-0.999832,0.000000,0.000000,0.000000,-0.000657,-0.005972,0.003273,-0.001088,0.001392,0.007744,0.000149,0.001550,0.003599,0.010083,-0.000299,0.000460,0.000000,0.087266,-0.000000,-0.000000,0.087266,-0.000000,0.000000,-0.000000,0.109083,0.043633,-0.043633,-0.000000,0.000000,0.000000,0.000000,0.000000,0.000000,0.000000,0.000000,0.000000,0.000000,0.000000,0.000000,0.000000,0.000000,0.000000,0.000000,0.000000,0.000000,0.000000,0.000000,0.000000,0.000000,0.000000,0.000000,0.000000
1789149941.448822,0.010602,0.012762,-0.061307,0.037741,0.205830,-0.119447,0.003985,0.016429,-0.999857,0.000000,0.000000,0.000000,-0.000657,-0.003703,0.004279,-0.001088,0.002180,0.008622,0.000149,0.001550,0.005011,0.010757,0.000419,0.000170,0.000000,0.152716,-0.000000,-0.000000,0.065450,0.087266,0.000000,-0.000000,0.065450,-0.000000,0.000000,-0.043633,0.000000,0.000000,0.000000,0.000000,0.000000,0.000000,0.000000,0.000000,0.000000,0.000000,0.000000,0.000000,0.000000,0.000000,0.000000,0.000000,0.000000,0.000000,0.000000,0.000000,0.000000,0.000000,0.000000,0.000000
1789149941.468918,0.003406,0.007561,-0.060762,0.043467,0.193180,-0.124773,0.000382,0.016422,-0.999865,0.000000,0.000000,0.000000,-0.000349,-0.000894,0.004279,-0.001702,0.002867,0.009140,0.000149,0.001550,0.006132,0.011518,0.000143,0.003018,0.000000,0.087266,-0.000000,-0.000000,0.043633,-0.000000,0.000000,-0.000000,0.065450,0.021817,0.043633,0.196350,0.000000,0.000000,0.000000,0.000000,0.000000,0.000000,0.000000,0.000000,0.000000,0.000000,0.000000,0.000000,0.000000,0.000000,0.000000,0.000000,0.000000,0.000000,0.000000,0.000000,0.000000,0.000000,0.000000,0.000000
1789149941.488760,0.001085,0.006121,-0.060234,-0.040156,0.119943,-0.118648,-0.001696,0.015146,-0.999884,0.000000,0.000000,0.000000,-0.000000,0.000194,0.002771,-0.001702,0.002884,0.009489,0.000149,0.000672,0.007473,0.012524,-0.000443,0.005483,0.000000,0.043633,-0.065450,-0.000000,-0.065450,-0.000000,0.000000,-0.021817,0.065450,0.043633,-0.021817,0.087266,0.000000,0.000000,0.000000,0.000000,0.000000,0.000000,0.000000,0.000000,0.000000,0.000000,0.000000,0.000000,0.000000,0.000000,0.000000,0.000000,0.000000,0.000000,0.000000,0.000000,0.000000,0.000000,0.000000,0.000000
1789149941.508670,-0.003612,0.002570,-0.049719,-0.043885,0.026866,-0.088155,-0.002072,0.014275,-0.999896,0.000000,0.000000,0.000000,0.000153,0.000903,0.000736,-0.001702,0.000934,0.008870,-0.001485,-0.001119,0.008785,0.013200,0.001291,0.007116,0.021817,0.021817,-0.152716,-0.000000,-0.087266,-0.087266,-0.130900,-0.130900,0.065450,0.021817,0.000000,0.065450,0.000000,0.000000,0.000000,0.000000,0.000000,0.000000,0.000000,0.000000,0.000000,0.000000,0.000000,0.000000,0.000000,0.000000,0.000000,0.000000,0.000000,0.000000,0.000000,0.000000,0.000000,0.000000,0.000000,0.000000
1789149941.529082,-0.005954,0.001071,-0.045997,-0.004337,-0.003095,-0.046876,-0.002285,0.014549,-0.999892,0.000000,0.000000,0.000000,0.000174,0.001036,-0.003772,-0.002051,-0.001106,0.007506,-0.003874,-0.002698,0.009481,0.013724,0.001640,0.007877,0.000000,0.021817,-0.130900,-0.000000,-0.152716,-0.065450,-0.087266,-0.065450,0.021817,-0.000000,0.000000,0.021817,0.000000,0.000000,0.000000,0.000000,0.000000,0.000000,0.000000,0.000000,0.000000,0.000000,0.000000,0.000000,0.000000,0.000000,0.000000,0.000000,0.000000,0.000000,0.000000,0.000000,0.000000,0.000000,0.000000,0.000000
1789149941.549005,-0.007598,0.000461,-0.041796,0.060378,0.007425,-0.013986,-0.003075,0.016048,-0.999866,0.000000,0.000000,0.000000,0.000174,0.001222,-0.004232,-0.002152,-0.001984,0.006552,-0.005551,-0.003975,0.009753,0.014073,0.001640,0.009213,0.000000,0.000000,-0.000000,-0.021817,-0.021817,-0.043633,-0.065450,-0.043633,0.000000,0.021817,0.000000,0.043633,0.000000,0.000000,0.000000,0.000000,0.000000,0.000000,0.000000,0.000000,0.000000,0.000000,0.000000,0.000000,0.000000,0.000000,0.000000,0.000000,0.000000,0.000000,0.000000,0.000000,0.000000,0.000000,0.000000,0.000000
1789149941.569085,-0.009101,0.001336,-0.033282,0.055318,0.033124,0.022100,-0.004246,0.016991,-0.999847,0.000000,0.000000,0.000000,-0.000308,0.001571,-0.004232,-0.002225,-0.001946,0.006257,-0.005960,-0.004692,0.009445,0.014073,0.001640,0.010173,0.000000,0.000000,-0.000000,-0.000000,0.000000,-0.000000,0.000000,-0.000000,0.000000,-0.000000,0.000000,0.043633,0.000000,0.000000,0.000000,0.000000,0.000000,0.000000,0.000000,0.000000,0.000000,0.000000,0.000000,0.000000,0.000000,0.000000,0.000000,0.000000,0.000000,0.000000,0.000000,0.000000,0.000000,0.000000,0.000000,0.000000
1789149941.589151,-0.010726,0.002587,-0.027197,0.031083,0.017545,0.044604,-0.005046,0.017693,-0.999831,0.000000,0.000000,0.000000,-0.000848,0.001571,-0.004232,-0.002225,-0.001681,0.005734,-0.005960,-0.005161,0.008922,0.014073,0.001760,0.011011,-0.043633,0.000000,-0.000000,-0.000000,0.000000,-0.000000,0.000000,-0.021817,0.000000,-0.000000,0.021817,0.087266,0.000000,0.000000,0.000000,0.000000,0.000000,0.000000,0.000000,0.000000,0.000000,0.000000,0.000000,0.000000,0.000000,0.000000,0.000000,0.000000,0.000000,0.000000,0.000000,0.000000,0.000000,0.000000,0.000000,0.000000
1789149941.608883,-0.010934,0.004176,-0.023297,0.035478,0.004229,0.048599,-0.005441,0.018276,-0.999818,0.000000,0.000000,0.000000,-0.001274,0.000957,-0.004232,-0.001961,-0.001332,0.004487,-0.005960,-0.005736,0.008922,0.014422,0.001815,0.011455,-0.065450,0.000000,-0.000000,-0.000000,0.000000,-0.130900,0.000000,-0.043633,0.000000,-0.000000,0.000000,-0.000000,0.000000,0.000000,0.000000,0.000000,0.000000,0.000000,0.000000,0.000000,0.000000,0.000000,0.000000,0.000000,0.000000,0.000000,0.000000,0.000000,0.000000,0.000000,0.000000,0.000000,0.000000,0.000000,0.000000,0.000000
1789149941.628867,-0.013877,0.004624,-0.017729,0.042269,0.005161,0.057653,-0.005935,0.018934,-0.999803,0.000000,0.000000,0.000000,-0.001786,0.000068,-0.004407,-0.001732,-0.000618,0.003563,-0.005780,-0.006088,0.008922,0.014945,0.002164,0.012153,-0.021817,-0.021817,-0.000000,0.021817,0.087266,-0.065450,0.065450,-0.000000,0.000000,-0.000000,0.000000,-0.000000,0.000000,0.000000,0.000000,0.000000,0.000000,0.000000,0.000000,0.000000,0.000000,0.000000,0.000000,0.000000,0.000000,0.000000,0.000000,0.000000,0.000000,0.000000,0.000000,0.000000,0.000000,0.000000,0.000000,0.000000
1789149941.648847,-0.014585,0.005593,-0.015465,0.026822,0.002365,0.046069,-0.006255,0.019362,-0.999793,0.000000,0.000000,0.000000,-0.002937,-0.000453,-0.004581,-0.001495,0.000238,0.002857,-0.005477,-0.006437,0.008922,0.015513,0.002439,0.012502,-0.065450,-0.065450,-0.000000,0.021817,0.043633,-0.021817,0.021817,-0.000000,0.000000,0.021817,0.021817,-0.000000,0.000000,0.000000,0.000000,0.000000,0.000000,0.000000,0.000000,0.000000,0.000000,0.000000,0.000000,0.000000,0.000000,0.000000,0.000000,0.000000,0.000000,0.000000,0.000000,0.000000,0.000000,0.000000,0.000000,0.000000
1789149941.669017,-0.013406,0.007125,-0.013895,0.003253,-0.011750,0.024763,-0.006083,0.019422,-0.999793,0.000000,0.000000,0.000000,-0.003414,-0.000614,-0.004581,-0.001437,0.000238,0.002477,-0.004795,-0.006437,0.009216,0.016146,0.002513,0.012502,-0.087266,0.000000,-0.000000,-0.000000,0.000000,-0.087266,0.043633,-0.000000,0.043633,0.065450,0.000000,-0.000000,0.000000,0.000000,0.000000,0.000000,0.000000,0.000000,0.000000,0.000000,0.000000,0.000000,0.000000,0.000000,0.000000,0.000000,0.000000,0.000000,0.000000,0.000000,0.000000,0.000000,0.000000,0.000000,0.000000,0.000000
1789149941.688837,-0.012279,0.008913,-0.012781,-0.013525,-0.014946,0.015575,-0.005670,0.019254,-0.999799,0.000000,0.000000,0.000000,-0.006169,-0.001205,-0.005280,-0.001263,0.001119,0.001719,-0.004124,-0.006129,0.009753,0.017520,0.002688,0.012750,-0.109083,-0.021817,-0.000000,-0.000000,0.043633,-0.000000,0.000000,-0.000000,0.000000,0.087266,0.000000,0.021817,0.000000,0.000000,0.000000,0.000000,0.000000,0.000000,0.000000,0.000000,0.000000,0.000000,0.000000,0.000000,0.000000,0.000000,0.000000,0.000000,0.000000,0.000000,0.000000,0.000000,0.000000,0.000000,0.000000,0.000000
1789149941.708808,-0.009545,0.011239,-0.011699,0.004452,-0.003761,0.005855,-0.005534,0.019542,-0.999794,0.000000,0.000000,0.000000,-0.007112,-0.001486,-0.005721,-0.001263,0.001477,0.001370,-0.003380,-0.005780,0.010277,0.019271,0.003036,0.013026,-0.043633,0.000000,-0.021817,-0.000000,0.043633,-0.000000,0.021817,-0.000000,0.000000,0.109083,0.000000,-0.000000,0.000000,0.000000,0.000000,0.000000,0.000000,0.000000,0.000000,0.000000,0.000000,0.000000,0.000000,0.000000,0.000000,0.000000,0.000000,0.000000,0.000000,0.000000,0.000000,0.000000,0.000000,0.000000,0.000000,0.000000
1789149941.728791,-0.007612,0.012355,-0.011481,0.011110,0.001566,-0.004798,-0.005453,0.020011,-0.999785,0.000000,0.000000,0.000000,-0.007639,-0.001661,-0.006231,-0.001263,0.001809,0.001370,-0.002785,-0.005605,0.010801,0.020517,0.003386,0.013550,0.000000,0.000000,-0.021817,-0.000000,0.000000,-0.000000,0.021817,-0.000000,0.000000,0.087266,0.000000,-0.000000,0.000000,0.000000,0.000000,0.000000,0.000000,0.000000,0.000000,0.000000,0.000000,0.000000,0.000000,0.000000,0.000000,0.000000,0.000000,0.000000,0.000000,0.000000,0.000000,0.000000,0.000000,0.000000,0.000000,0.000000
1789149941.748811,-0.004441,0.012624,-0.011106,0.006582,0.002897,-0.011189,-0.005265,0.020424,-0.999778,0.000000,0.000000,0.000000,-0.007715,-0.001661,-0.006501,-0.001263,0.002047,0.001196,-0.002205,-0.005205,0.011150,0.021169,0.003732,0.014073,-0.021817,0.000000,-0.000000,-0.000000,-0.065450,-0.000000,0.000000,0.087266,0.000000,0.065450,0.087266,-0.000000,0.000000,0.000000,0.000000,0.000000,0.000000,0.000000,0.000000,0.000000,0.000000,0.000000,0.000000,0.000000,0.000000,0.000000,0.000000,0.000000,0.000000,0.000000,0.000000,0.000000,0.000000,0.000000,0.000000,0.000000
1789149941.768964,-0.002626,0.012124,-0.011069,-0.022712,0.011686,-0.012122,-0.005079,0.020267,-0.999782,0.000000,0.000000,0.000000,-0.007813,-0.001661,-0.007000,-0.001096,0.002507,0.001196,-0.001847,-0.004858,0.011324,0.021229,0.003877,0.014422,0.000000,0.000000,-0.021817,0.021817,0.000000,-0.000000,0.021817,0.021817,0.000000,-0.000000,0.021817,-0.000000,0.000000,0.000000,0.000000,0.000000,0.000000,0.000000,0.000000,0.000000,0.000000,0.000000,0.000000,0.000000,0.000000,0.000000,0.000000,0.000000,0.000000,0.000000,0.000000,0.000000,0.000000,0.000000,0.000000,0.000000
1789149941.788779,-0.000366,0.010207,-0.010882,-0.042020,0.009023,-0.011722,-0.004786,0.019867,-0.999791,0.000000,0.000000,0.000000,-0.007813,-0.001391,-0.008020,-0.001015,0.002507,0.001460,-0.001855,-0.004558,0.011673,0.021229,0.004258,0.014422,0.000000,0.021817,-0.087266,0.021817,0.000000,-0.000000,0.000000,-0.000000,0.000000,-0.000000,0.000000,-0.000000,0.000000,0.000000,0.000000,0.000000,0.000000,0.000000,0.000000,0.000000,0.000000,0.000000,0.000000,0.000000,0.000000,0.000000,0.000000,0.000000,0.000000,0.000000,0.000000,0.000000,0.000000,0.000000,0.000000,0.000000
1789149941.808922,0.000896,0.007910,-0.010477,-0.044817,0.012218,-0.010257,-0.004572,0.019331,-0.999803,0.000000,0.000000,0.000000,-0.007813,-0.001396,-0.009359,-0.000914,0.001967,0.001809,-0.001855,-0.004384,0.012197,0.020743,0.004607,0.014422,0.000000,0.000000,-0.065450,-0.000000,-0.087266,-0.000000,0.000000,-0.000000,0.000000,-0.021817,0.000000,-0.000000,0.000000,0.000000,0.000000,0.000000,0.000000,0.000000,0.000000,0.000000,0.000000,0.000000,0.000000,0.000000,0.000000,0.000000,0.000000,0.000000,0.000000,0.000000,0.000000,0.000000,0.000000,0.000000,0.000000,0.000000
1789149941.828814,0.001788,0.004050,-0.009426,-0.049610,0.014349,-0.000537,-0.004409,0.018692,-0.999816,0.000000,0.000000,0.000000,-0.007813,-0.001047,-0.010308,-0.000565,0.001343,0.001809,-0.002630,-0.004384,0.012546,0.019544,0.005065,0.014122,0.000000,0.000000,-0.021817,-0.000000,-0.109083,-0.000000,-0.109083,-0.000000,0.000000,-0.065450,0.021817,-0.021817,0.000000,0.000000,0.000000,0.000000,0.000000,0.000000,0.000000,0.000000,0.000000,0.000000,0.000000,0.000000,0.000000,0.000000,0.000000,0.000000,0.000000,0.000000,0.000000,0.000000,0.000000,0.000000,0.000000,0.000000
1789149941.848829,0.001978,0.002654,-0.009200,-0.042287,0.015281,0.006521,-0.004328,0.018147,-0.999826,0.000000,0.000000,0.000000,-0.007666,-0.000505,-0.010341,0.000030,0.000836,0.001809,-0.003167,-0.004692,0.012546,0.017997,0.005406,0.013809,0.065450,0.021817,-0.000000,0.043633,-0.043633,-0.000000,-0.021817,-0.000000,0.000000,-0.021817,0.065450,-0.021817,0.000000,0.000000,0.000000,0.000000,0.000000,0.000000,0.000000,0.000000,0.000000,0.000000,0.000000,0.000000,0.000000,0.000000,0.000000,0.000000,0.000000,0.000000,0.000000,0.000000,0.000000,0.000000,0.000000,0.000000
1789149941.868786,0.003156,-0.003120,-0.005418,-0.041621,0.019542,0.018904,-0.004360,0.017427,-0.999839,0.000000,0.000000,0.000000,-0.007505,-0.000524,-0.009905,0.000657,0.000307,0.001809,-0.004105,-0.005213,0.012546,0.016244,0.005769,0.013451,0.000000,0.000000,0.087266,-0.000000,-0.043633,-0.000000,-0.065450,-0.021817,0.000000,-0.021817,0.021817,-0.021817,0.000000,0.000000,0.000000,0.000000,0.000000,0.000000,0.000000,0.000000,0.000000,0.000000,0.000000,0.000000,0.000000,0.000000,0.000000,0.000000,0.000000,0.000000,0.000000,0.000000,0.000000,0.000000,0.000000,0.000000
1789149941.888813,0.002924,-0.005972,-0.004608,-0.039357,0.031127,0.030090,-0.004726,0.016610,-0.999851,0.000000,0.000000,0.000000,-0.007156,-0.000349,-0.009013,0.001655,-0.000037,0.001809,-0.005286,-0.005534,0.012546,0.014657,0.006694,0.012936,0.000000,0.000000,0.065450,0.087266,-0.043633,-0.000000,-0.065450,-0.021817,0.000000,-0.065450,0.109083,-0.021817,0.000000,0.000000,0.000000,0.000000,0.000000,0.000000,0.000000,0.000000,0.000000,0.000000,0.000000,0.000000,0.000000,0.000000,0.000000,0.000000,0.000000,0.000000,0.000000,0.000000,0.000000,0.000000,0.000000,0.000000
1789149941.908782,0.002224,-0.008339,-0.003651,-0.035895,0.019409,0.037680,-0.004963,0.016065,-0.999859,0.000000,0.000000,0.000000,-0.007066,-0.000349,-0.006995,0.003141,-0.000408,0.001370,-0.006118,-0.005911,0.012238,0.013388,0.007002,0.012380,0.021817,0.000000,0.152716,0.087266,-0.065450,-0.000000,-0.065450,-0.021817,0.000000,-0.109083,0.021817,-0.021817,0.000000,0.000000,0.000000,0.000000,0.000000,0.000000,0.000000,0.000000,0.000000,0.000000,0.000000,0.000000,0.000000,0.000000,0.000000,0.000000,0.000000,0.000000,0.000000,0.000000,0.000000,0.000000,0.000000,0.000000
1789149941.928808,0.001050,-0.010911,-0.002610,-0.022180,0.017678,0.054591,-0.005286,0.015717,-0.999863,0.000000,0.000000,0.000000,-0.006807,-0.000349,-0.004500,0.005503,-0.000539,0.000716,-0.006822,-0.006437,0.011714,0.011717,0.007465,0.011848,0.000000,0.000000,0.065450,0.087266,-0.021817,-0.021817,-0.021817,-0.000000,0.000000,-0.196350,0.021817,-0.021817,0.000000,0.000000,0.000000,0.000000,0.000000,0.000000,0.000000,0.000000,0.000000,0.000000,0.000000,0.000000,0.000000,0.000000,0.000000,0.000000,0.000000,0.000000,0.000000,0.000000,0.000000,0.000000,0.000000,0.000000
1789149941.948822,0.000542,-0.012526,-0.001819,-0.020981,0.016746,0.061382,-0.005617,0.015111,-0.999870,0.000000,0.000000,0.000000,-0.006458,-0.000349,-0.004189,0.007148,-0.000550,0.000135,-0.007181,-0.006961,0.011327,0.010072,0.007749,0.011365,0.000000,0.000000,0.021817,0.130900,0.000000,-0.043633,0.000000,-0.000000,-0.043633,-0.130900,0.000000,-0.000000,0.000000,0.000000,0.000000,0.000000,0.000000,0.000000,0.000000,0.000000,0.000000,0.000000,0.000000,0.000000,0.000000,0.000000,0.000000,0.000000,0.000000,0.000000,0.000000,0.000000,0.000000,0.000000,0.000000,0.000000
1789149941.968807,0.000004,-0.013868,-0.001337,-0.050409,0.017012,0.065110,-0.005869,0.013758,-0.999888,0.000000,0.000000,0.000000,-0.006381,-0.000349,-0.003668,0.007851,-0.000724,-0.000200,-0.007542,-0.007310,0.011365,0.008433,0.007812,0.010492,0.021817,0.000000,0.021817,0.043633,0.000000,-0.000000,-0.021817,-0.000000,0.000000,-0.109083,0.021817,-0.000000,0.000000,0.000000,0.000000,0.000000,0.000000,0.000000,0.000000,0.000000,0.000000,0.000000,0.000000,0.000000,0.000000,0.000000,0.000000,0.000000,0.000000,0.000000,0.000000,0.000000,0.000000,0.000000,0.000000,0.000000
1789149941.988803,-0.000444,-0.016029,-0.000925,-0.061461,0.015681,0.056987,-0.006016,0.012332,-0.999906,0.000000,0.000000,0.000000,-0.006283,-0.000349,-0.002923,0.008162,-0.000724,-0.000378,-0.007705,-0.007659,0.011365,0.007212,0.007924,0.009080,0.000000,0.000000,0.021817,-0.000000,0.000000,-0.021817,0.000000,-0.000000,0.000000,-0.065450,0.000000,-0.065450,0.000000,0.000000,0.000000,0.000000,0.000000,0.000000,0.000000,0.000000,0.000000,0.000000,0.000000,0.000000,0.000000,0.000000,0.000000,0.000000,0.000000,0.000000,0.000000,0.000000,0.000000,0.000000,0.000000,0.000000
1789149942.008805,-0.000428,-0.017446,-0.000896,-0.044550,0.000501,0.043672,-0.005919,0.011189,-0.999920,0.000000,0.000000,0.000000,-0.006283,-0.000349,-0.002343,0.008683,-0.000724,-0.000754,-0.007880,-0.007659,0.011365,0.006478,0.008273,0.007599,0.000000,0.000000,0.065450,0.087266,0.000000,-0.065450,0.000000,-0.000000,0.000000,-0.000000,0.000000,-0.087266,0.000000,0.000000,0.000000,0.000000,0.000000,0.000000,0.000000,0.000000,0.000000,0.000000,0.000000,0.000000,0.000000,0.000000,0.000000,0.000000,0.000000,0.000000,0.000000,0.000000,0.000000,0.000000,0.000000,0.000000
1789149942.028802,0.000088,-0.018984,-0.000833,-0.018585,-0.006291,0.032087,-0.005890,0.010373,-0.999929,0.000000,0.000000,0.000000,-0.006283,-0.000349,-0.001358,0.008792,-0.000809,-0.001090,-0.007880,-0.007659,0.011365,0.005780,0.008273,0.006454,0.000000,0.000000,0.043633,0.021817,-0.021817,-0.043633,0.000000,-0.000000,0.000000,-0.000000,0.000000,-0.065450,0.000000,0.000000,0.000000,0.000000,0.000000,0.000000,0.000000,0.000000,0.000000,0.000000,0.000000,0.000000,0.000000,0.000000,0.000000,0.000000,0.000000,0.000000,0.000000,0.000000,0.000000,0.000000,0.000000,0.000000
1789149942.048786,0.001322,-0.019635,-0.000598,-0.007266,-0.007888,0.013977,-0.005854,0.009859,-0.999934,0.000000,0.000000,0.000000,-0.006109,-0.000349,0.000706,0.009209,-0.000899,-0.001073,-0.007880,-0.007659,0.011365,0.005256,0.007964,0.005813,0.000000,0.000000,0.109083,-0.000000,0.000000,-0.000000,0.000000,-0.000000,0.000000,-0.000000,0.000000,-0.043633,0.000000,0.000000,0.000000,0.000000,0.000000,0.000000,0.000000,0.000000,0.000000,0.000000,0.000000,0.000000,0.000000,0.000000,0.000000,0.000000,0.000000,0.000000,0.000000,0.000000,0.000000,0.000000,0.000000,0.000000
1789149942.068879,0.002611,-0.019556,-0.000444,-0.012326,-0.006690,-0.000004,-0.005726,0.009224,-0.999941,0.000000,0.000000,0.000000,-0.005411,-0.000245,0.003390,0.009384,-0.000899,-0.001073,-0.007880,-0.007351,0.011365,0.005046,0.007964,0.005494,0.000000,0.021817,0.109083,-0.000000,0.000000,-0.000000,0.000000,-0.000000,0.000000,-0.021817,0.000000,-0.021817,0.000000,0.000000,0.000000,0.000000,0.000000,0.000000,0.000000,0.000000,0.000000,0.000000,0.000000,0.000000,0.000000,0.000000,0.000000,0.000000,0.000000,0.000000,0.000000,0.000000,0.000000,0.000000,0.000000,0.000000
1789149942.088862,0.004014,-0.018956,-0.000563,-0.013391,-0.004959,-0.007195,-0.005623,0.008590,-0.999947,0.000000,0.000000,0.000000,-0.004464,0.000000,0.003406,0.009384,-0.000899,-0.000809,-0.007880,-0.006827,0.011660,0.005521,0.007790,0.005257,0.065450,0.000000,-0.000000,-0.000000,0.000000,-0.000000,0.000000,-0.000000,0.043633,-0.000000,0.000000,-0.000000,0.000000,0.000000,0.000000,0.000000,0.000000,0.000000,0.000000,0.000000,0.000000,0.000000,0.000000,0.000000,0.000000,0.000000,0.000000,0.000000,0.000000,0.000000,0.000000,0.000000,0.000000,0.000000,0.000000,0.000000
1789149942.108974,0.006149,-0.017896,-0.001613,-0.025509,0.002365,-0.012388,-0.005633,0.007814,-0.999954,0.000000,0.000000,0.000000,-0.003777,0.000524,0.003406,0.009583,-0.000945,-0.000634,-0.007880,-0.006304,0.012330,0.006044,0.008273,0.005905,0.021817,0.000000,-0.000000,0.021817,-0.021817,-0.000000,0.000000,-0.000000,0.021817,-0.000000,0.000000,0.130900,0.000000,0.000000,0.000000,0.000000,0.000000,0.000000,0.000000,0.000000,0.000000,0.000000,0.000000,0.000000,0.000000,0.000000,0.000000,0.000000,0.000000,0.000000,0.000000,0.000000,0.000000,0.000000,0.000000,0.000000
1789149942.129043,0.007396,-0.016862,-0.002948,-0.034031,0.012352,-0.015317,-0.005951,0.006943,-0.999958,0.000000,0.000000,0.000000,-0.003491,0.001047,0.003406,0.009558,-0.001207,-0.000590,-0.007880,-0.005955,0.013530,0.006969,0.009320,0.006726,0.000000,0.000000,-0.000000,-0.000000,-0.021817,0.021817,0.000000,-0.000000,0.065450,0.021817,0.000000,0.109083,0.000000,0.000000,0.000000,0.000000,0.000000,0.000000,0.000000,0.000000,0.000000,0.000000,0.000000,0.000000,0.000000,0.000000,0.000000,0.000000,0.000000,0.000000,0.000000,0.000000,0.000000,0.000000,0.000000,0.000000
1789149942.149044,0.009573,-0.015203,-0.005358,-0.051741,-0.001896,-0.013187,-0.005751,0.005850,-0.999966,0.000000,0.000000,0.000000,-0.003142,0.001571,0.002953,0.009558,-0.001422,0.000075,-0.007880,-0.005431,0.015172,0.007615,0.010239,0.007193,0.000000,0.000000,-0.087266,-0.000000,-0.021817,0.087266,0.000000,-0.000000,0.087266,-0.000000,0.021817,0.065450,0.000000,0.000000,0.000000,0.000000,0.000000,0.000000,0.000000,0.000000,0.000000,0.000000,0.000000,0.000000,0.000000,0.000000,0.000000,0.000000,0.000000,0.000000,0.000000,0.000000,0.000000,0.000000,0.000000,0.000000
1789149942.168940,0.010232,-0.014389,-0.005860,-0.017786,-0.019207,-0.002934,-0.005194,0.005624,-0.999971,0.000000,0.000000,0.000000,-0.003098,0.001920,0.002923,0.009558,-0.001422,0.000697,-0.007615,-0.004114,0.016538,0.008139,0.010716,0.007266,0.021817,0.000000,-0.000000,-0.000000,0.000000,0.087266,0.000000,0.109083,0.043633,-0.000000,0.000000,-0.000000,0.000000,0.000000,0.000000,0.000000,0.000000,0.000000,0.000000,0.000000,0.000000,0.000000,0.000000,0.000000,0.000000,0.000000,0.000000,0.000000,0.000000,0.000000,0.000000,0.000000,0.000000,0.000000,0.000000,0.000000
1789149942.188810,0.012747,-0.012088,-0.006687,0.008979,-0.039314,0.001727,-0.004298,0.005984,-0.999973,0.000000,0.000000,0.000000,-0.002793,0.002443,0.002923,0.009558,-0.001422,0.000762,-0.006650,-0.003337,0.017048,0.008662,0.010408,0.006827,0.000000,0.000000,-0.000000,-0.000000,0.000000,-0.000000,0.087266,0.021817,0.021817,-0.000000,0.000000,-0.000000,0.000000,0.000000,0.000000,0.000000,0.000000,0.000000,0.000000,0.000000,0.000000,0.000000,0.000000,0.000000,0.000000,0.000000,0.000000,0.000000,0.000000,0.000000,0.000000,0.000000,0.000000,0.000000,0.000000,0.000000
1789149942.208967,0.014405,-0.009225,-0.006242,0.007648,-0.018275,0.005588,-0.003689,0.005992,-0.999975,0.000000,0.000000,0.000000,-0.002446,0.003218,0.003406,0.009558,-0.001158,0.000983,-0.005567,-0.002366,0.017084,0.009012,0.009884,0.006216,0.021817,0.021817,-0.000000,-0.000000,0.000000,0.021817,0.109083,0.065450,0.000000,-0.000000,0.000000,-0.021817,0.000000,0.000000,0.000000,0.000000,0.000000,0.000000,0.000000,0.000000,0.000000,0.000000,0.000000,0.000000,0.000000,0.000000,0.000000,0.000000,0.000000,0.000000,0.000000,0.000000,0.000000,0.000000,0.000000,0.000000
1789149942.228933,0.014979,-0.007473,-0.005768,-0.013391,-0.001763,0.006787,-0.003291,0.005670,-0.999979,0.000000,0.000000,0.000000,-0.002444,0.003842,0.003406,0.009558,-0.000809,0.001531,-0.004629,-0.001392,0.017144,0.009012,0.009677,0.005955,0.000000,0.021817,-0.000000,-0.000000,0.000000,0.021817,0.043633,0.043633,0.021817,-0.000000,-0.021817,-0.000000,0.000000,0.000000,0.000000,0.000000,0.000000,0.000000,0.000000,0.000000,0.000000,0.000000,0.000000,0.000000,0.000000,0.000000,0.000000,0.000000,0.000000,0.000000,0.000000,0.000000,0.000000,0.000000,0.000000,0.000000
1789149942.248945,0.015195,-0.006009,-0.005504,-0.022180,0.008756,-0.003999,-0.002955,0.005223,-0.999982,0.000000,0.000000,0.000000,-0.002444,0.004189,0.003406,0.009294,-0.000460,0.001984,-0.004474,-0.000893,0.018153,0.009012,0.009710,0.005955,0.000000,0.000000,-0.000000,-0.000000,0.000000,-0.000000,0.000000,-0.000000,0.043633,-0.000000,0.000000,-0.000000,0.000000,0.000000,0.000000,0.000000,0.000000,0.000000,0.000000,0.000000,0.000000,0.000000,0.000000,0.000000,0.000000,0.000000,0.000000,0.000000,0.000000,0.000000,0.000000,0.000000,0.000000,0.000000,0.000000,0.000000
1789149942.268824,0.014780,-0.004901,-0.005551,-0.027506,0.006226,-0.006662,-0.002590,0.004617,-0.999986,0.000000,0.000000,0.000000,-0.002444,0.004358,0.003406,0.009157,-0.000460,0.002158,-0.004474,-0.000893,0.019533,0.009361,0.010242,0.006219,0.000000,0.021817,-0.000000,-0.021817,0.000000,-0.000000,0.000000,-0.000000,0.065450,-0.000000,0.087266,-0.000000,0.000000,0.000000,0.000000,0.000000,0.000000,0.000000,0.000000,0.000000,0.000000,0.000000,0.000000,0.000000,0.000000,0.000000,0.000000,0.000000,0.000000,0.000000,0.000000,0.000000,0.000000,0.000000,0.000000,0.000000
1789149942.288800,0.013500,-0.004232,-0.006276,-0.023511,0.007691,-0.006129,-0.002404,0.004280,-0.999988,0.000000,0.000000,0.000000,-0.002444,0.004363,0.002923,0.009119,-0.001068,0.002158,-0.004738,-0.000893,0.020749,0.009614,0.010689,0.006743,0.000000,0.000000,-0.000000,-0.000000,-0.087266,-0.000000,0.000000,-0.000000,0.000000,-0.065450,0.065450,-0.000000,0.000000,0.000000,0.000000,0.000000,0.000000,0.000000,0.000000,0.000000,0.000000,0.000000,0.000000,0.000000,0.000000,0.000000,0.000000,0.000000,0.000000,0.000000,0.000000,0.000000,0.000000,0.000000,0.000000,0.000000
1789149942.308846,0.012292,-0.004389,-0.006699,-0.015522,0.011819,-0.007328,-0.002360,0.004195,-0.999988,0.000000,0.000000,0.000000,-0.002444,0.004538,0.002803,0.009119,-0.001613,0.002019,-0.005262,-0.001163,0.021240,0.009349,0.010891,0.006743,0.000000,0.000000,-0.021817,-0.000000,-0.043633,-0.065450,0.000000,-0.021817,0.021817,-0.152716,0.000000,-0.000000,0.000000,0.000000,0.000000,0.000000,0.000000,0.000000,0.000000,0.000000,0.000000,0.000000,0.000000,0.000000,0.000000,0.000000,0.000000,0.000000,0.000000,0.000000,0.000000,0.000000,0.000000,0.000000,0.000000,0.000000
1789149942.328995,0.009659,-0.005291,-0.006267,0.001655,0.013949,-0.001203,-0.002353,0.004381,-0.999988,0.000000,0.000000,0.000000,-0.002334,0.004887,0.002749,0.008945,-0.001739,0.001673,-0.005785,-0.001376,0.021273,0.009028,0.010891,0.006743,0.021817,0.000000,-0.000000,-0.000000,-0.021817,-0.087266,0.000000,-0.021817,0.000000,-0.021817,0.000000,-0.000000,0.000000,0.000000,0.000000,0.000000,0.000000,0.000000,0.000000,0.000000,0.000000,0.000000,0.000000,0.000000,0.000000,0.000000,0.000000,0.000000,0.000000,0.000000,0.000000,0.000000,0.000000,0.000000,0.000000,0.000000
1789149942.349020,0.007871,-0.006191,-0.005623,0.005251,0.008224,0.004656,-0.002213,0.004692,-0.999987,0.000000,0.000000,0.000000,-0.001950,0.005432,0.002749,0.008945,-0.002120,0.001499,-0.006134,-0.002109,0.020964,0.007839,0.010582,0.006271,0.021817,0.021817,-0.000000,-0.000000,-0.021817,-0.021817,0.000000,-0.087266,0.000000,-0.174533,0.000000,-0.043633,0.000000,0.000000,0.000000,0.000000,0.000000,0.000000,0.000000,0.000000,0.000000,0.000000,0.000000,0.000000,0.000000,0.000000,0.000000,0.000000,0.000000,0.000000,0.000000,0.000000,0.000000,0.000000,0.000000,0.000000
1789149942.369011,0.004804,-0.007874,-0.004249,-0.008598,0.010487,0.008118,-0.002190,0.004698,-0.999987,0.000000,0.000000,0.000000,-0.001803,0.005411,0.003057,0.008945,-0.002295,0.001021,-0.006489,-0.002317,0.020615,0.007351,0.010040,0.006304,0.021817,0.000000,-0.000000,-0.000000,0.000000,-0.000000,-0.087266,-0.021817,0.000000,-0.000000,-0.065450,-0.000000,0.000000,0.000000,0.000000,0.000000,0.000000,0.000000,0.000000,0.000000,0.000000,0.000000,0.000000,0.000000,0.000000,0.000000,0.000000,0.000000,0.000000,0.000000,0.000000,0.000000,0.000000,0.000000,0.000000,0.000000
1789149942.389110,0.002589,-0.009080,-0.003581,0.000990,0.018344,0.018771,-0.002478,0.004791,-0.999985,0.000000,0.000000,0.000000,-0.001396,0.005934,0.003232,0.008817,-0.003549,-0.000160,-0.007356,-0.004168,0.020146,0.007108,0.010059,0.006219,0.000000,0.000000,-0.000000,-0.021817,-0.043633,-0.130900,0.000000,-0.000000,-0.021817,0.021817,0.000000,-0.000000,0.000000,0.000000,0.000000,0.000000,0.000000,0.000000,0.000000,0.000000,0.000000,0.000000,0.000000,0.000000,0.000000,0.000000,0.000000,0.000000,0.000000,0.000000,0.000000,0.000000,0.000000,0.000000,0.000000,0.000000
1789149942.408882,-0.000601,-0.010698,-0.003339,-0.005935,0.019808,0.026761,-0.002901,0.004784,-0.999984,0.000000,0.000000,0.000000,-0.001047,0.006109,0.003232,0.008770,-0.004231,-0.001428,-0.008054,-0.004866,0.020092,0.006579,0.010059,0.006587,0.000000,0.000000,-0.000000,-0.000000,-0.021817,-0.174533,0.000000,-0.000000,0.000000,-0.065450,0.000000,0.021817,0.000000,0.000000,0.000000,0.000000,0.000000,0.000000,0.000000,0.000000,0.000000,0.000000,0.000000,0.000000,0.000000,0.000000,0.000000,0.000000,0.000000,0.000000,0.000000,0.000000,0.000000,0.000000,0.000000,0.000000
1789149942.428886,-0.002203,-0.011189,-0.003308,-0.016055,0.025002,0.031421,-0.003412,0.004333,-0.999985,0.000000,0.000000,0.000000,-0.001047,0.006109,0.003406,0.008596,-0.004738,-0.002156,-0.008902,-0.005657,0.020092,0.006304,0.010367,0.006568,0.000000,0.000000,-0.000000,-0.000000,0.000000,-0.087266,-0.087266,-0.087266,0.000000,-0.000000,0.000000,-0.000000,0.000000,0.000000,0.000000,0.000000,0.000000,0.000000,0.000000,0.000000,0.000000,0.000000,0.000000,0.000000,0.000000,0.000000,0.000000,0.000000,0.000000,0.000000,0.000000,0.000000,0.000000,0.000000,0.000000,0.000000
1789149942.449466,-0.003561,-0.011638,-0.003546,-0.002872,0.012352,0.033685,-0.003914,0.003974,-0.999984,0.000000,0.000000,0.000000,-0.001047,0.006109,0.003406,0.008337,-0.005262,-0.002658,-0.009276,-0.006197,0.020092,0.005954,0.010367,0.006568,0.000000,0.000000,-0.000000,0.043633,0.000000,-0.065450,0.000000,-0.021817,0.000000,-0.000000,0.000000,-0.000000,0.000000,0.000000,0.000000,0.000000,0.000000,0.000000,0.000000,0.000000,0.000000,0.000000,0.000000,0.000000,0.000000,0.000000,0.000000,0.000000,0.000000,0.000000,0.000000,0.000000,0.000000,0.000000,0.000000,0.000000
1789149942.469298,-0.004096,-0.011738,-0.003592,-0.005668,0.000367,0.032753,-0.004168,0.003580,-0.999985,0.000000,0.000000,0.000000,-0.001047,0.005659,0.003777,0.008072,-0.005423,-0.003028,-0.009276,-0.006664,0.020092,0.005606,0.010367,0.006568,0.000000,-0.021817,0.021817,-0.000000,-0.021817,-0.065450,0.000000,-0.021817,0.000000,-0.000000,0.000000,-0.000000,0.000000,0.000000,0.000000,0.000000,0.000000,0.000000,0.000000,0.000000,0.000000,0.000000,0.000000,0.000000,0.000000,0.000000,0.000000,0.000000,0.000000,0.000000,0.000000,0.000000,0.000000,0.000000,0.000000,0.000000
1789149942.489688,-0.005273,-0.011605,-0.003312,-0.015122,-0.002828,0.024763,-0.004354,0.002913,-0.999986,0.000000,0.000000,0.000000,-0.001047,0.005670,0.003755,0.008337,-0.005437,-0.002797,-0.009276,-0.006786,0.020092,0.005606,0.010367,0.006304,0.000000,0.000000,-0.000000,-0.000000,0.000000,0.065450,0.000000,-0.000000,0.000000,-0.000000,0.000000,-0.000000,0.000000,0.000000,0.000000,0.000000,0.000000,0.000000,0.000000,0.000000,0.000000,0.000000,0.000000,0.000000,0.000000,0.000000,0.000000,0.000000,0.000000,0.000000,0.000000,0.000000,0.000000,0.000000,0.000000,0.000000
1789149942.509464,-0.004909,-0.010828,-0.003114,-0.013525,0.003563,0.017173,-0.004551,0.002214,-0.999987,0.000000,0.000000,0.000000,-0.001355,0.005146,0.004104,0.008072,-0.004998,-0.003181,-0.009276,-0.006786,0.020092,0.005412,0.010059,0.006129,0.000000,0.000000,-0.000000,-0.000000,0.065450,-0.043633,0.000000,-0.000000,0.000000,-0.021817,0.000000,-0.000000,0.000000,0.000000,0.000000,0.000000,0.000000,0.000000,0.000000,0.000000,0.000000,0.000000,0.000000,0.000000,0.000000,0.000000,0.000000,0.000000,0.000000,0.000000,0.000000,0.000000,0.000000,0.000000,0.000000,0.000000
1789149942.529084,-0.003334,-0.008878,-0.002928,-0.007266,-0.004559,0.006121,-0.004548,0.001616,-0.999988,0.000000,0.000000,0.000000,-0.001705,0.004764,0.004104,0.008072,-0.004804,-0.003031,-0.008943,-0.006304,0.020667,0.005739,0.009903,0.006129,0.000000,-0.065450,-0.000000,-0.000000,0.021817,-0.021817,0.021817,-0.000000,0.021817,-0.021817,-0.021817,-0.000000,0.000000,0.000000,0.000000,0.000000,0.000000,0.000000,0.000000,0.000000,0.000000,0.000000,0.000000,0.000000,0.000000,0.000000,0.000000,0.000000,0.000000,0.000000,0.000000,0.000000,0.000000,0.000000,0.000000,0.000000
1789149942.548914,-0.001897,-0.007290,-0.002859,0.003520,-0.013614,-0.010790,-0.004383,0.001503,-0.999989,0.000000,0.000000,0.000000,-0.001705,0.004797,0.004104,0.007897,-0.004648,-0.002469,-0.008188,-0.005605,0.022303,0.007051,0.009884,0.005955,0.000000,0.000000,-0.000000,-0.000000,0.000000,0.130900,0.109083,-0.000000,0.087266,0.152716,0.000000,-0.000000,0.000000,0.000000,0.000000,0.000000,0.000000,0.000000,0.000000,0.000000,0.000000,0.000000,0.000000,0.000000,0.000000,0.000000,0.000000,0.000000,0.000000,0.000000,0.000000,0.000000,0.000000,0.000000,0.000000,0.000000
1789149942.568964,0.000708,-0.004483,-0.002974,-0.006068,-0.025865,-0.018380,-0.003824,0.001333,-0.999992,0.000000,0.000000,0.000000,-0.001705,0.004622,0.004104,0.007548,-0.004804,-0.002240,-0.007907,-0.004785,0.025862,0.007792,0.009710,0.005780,0.000000,0.000000,-0.000000,-0.000000,-0.065450,0.109083,0.021817,0.087266,0.218166,0.065450,0.000000,-0.000000,0.000000,0.000000,0.000000,0.000000,0.000000,0.000000,0.000000,0.000000,0.000000,0.000000,0.000000,0.000000,0.000000,0.000000,0.000000,0.000000,0.000000,0.000000,0.000000,0.000000,0.000000,0.000000,0.000000,0.000000
1789149942.588999,0.003446,-0.001797,-0.002570,-0.041088,-0.035852,-0.023839,-0.002973,0.000778,-0.999995,0.000000,0.000000,0.000000,-0.001705,0.004622,0.003294,0.007025,-0.005993,-0.001957,-0.007525,-0.003680,0.029113,0.009145,0.009710,0.005780,0.000000,0.000000,-0.021817,-0.021817,-0.130900,0.130900,0.021817,0.087266,0.130900,0.109083,0.000000,-0.000000,0.000000,0.000000,0.000000,0.000000,0.000000,0.000000,0.000000,0.000000,0.000000,0.000000,0.000000,0.000000,0.000000,0.000000,0.000000,0.000000,0.000000,0.000000,0.000000,0.000000,0.000000,0.000000,0.000000,0.000000
1789149942.608895,0.005366,-0.000036,-0.002847,-0.025376,-0.025465,-0.026636,-0.002398,0.000646,-0.999997,0.000000,0.000000,0.000000,-0.002054,0.004153,0.002923,0.006433,-0.006432,-0.001850,-0.007171,-0.002837,0.032085,0.011651,0.009710,0.005780,0.000000,-0.043633,-0.000000,-0.021817,-0.021817,0.109083,0.087266,0.043633,0.196350,0.174533,0.000000,-0.000000,0.000000,0.000000,0.000000,0.000000,0.000000,0.000000,0.000000,0.000000,0.000000,0.000000,0.000000,0.000000,0.000000,0.000000,0.000000,0.000000,0.000000,0.000000,0.000000,0.000000,0.000000,0.000000,0.000000,0.000000
1789149942.628813,0.007778,0.002003,-0.003615,-0.000209,-0.038382,-0.022641,-0.001638,0.001052,-0.999998,0.000000,0.000000,0.000000,-0.002054,0.004099,0.002416,0.005509,-0.007376,-0.002183,-0.006546,-0.001929,0.035486,0.014864,0.009710,0.005780,0.000000,0.000000,-0.021817,-0.087266,-0.130900,0.065450,0.065450,0.021817,0.065450,0.130900,0.000000,-0.000000,0.000000,0.000000,0.000000,0.000000,0.000000,0.000000,0.000000,0.000000,0.000000,0.000000,0.000000,0.000000,0.000000,0.000000,0.000000,0.000000,0.000000,0.000000,0.000000,0.000000,0.000000,0.000000,0.000000,0.000000
1789149942.648829,0.009404,0.003215,-0.004331,0.002055,-0.035985,-0.017048,-0.001033,0.001397,-0.999998,0.000000,0.000000,0.000000,-0.002054,0.004099,0.002225,0.005279,-0.007357,-0.002529,-0.006033,-0.001068,0.036672,0.017547,0.009710,0.005780,0.000000,0.000000,-0.000000,-0.000000,0.000000,0.065450,0.021817,-0.000000,0.087266,0.130900,0.000000,-0.000000,0.000000,0.000000,0.000000,0.000000,0.000000,0.000000,0.000000,0.000000,0.000000,0.000000,0.000000,0.000000,0.000000,0.000000,0.000000,0.000000,0.000000,0.000000,0.000000,0.000000,0.000000,0.000000,0.000000,0.000000
1789149942.669068,0.010409,0.004107,-0.004504,0.002321,-0.016411,-0.015850,-0.000658,0.001733,-0.999998,0.000000,0.000000,0.000000,-0.002054,0.004099,0.002225,0.004756,-0.007357,-0.002172,-0.005346,0.000449,0.038862,0.021616,0.009710,0.005780,0.000000,0.000000,-0.000000,-0.000000,0.000000,0.043633,0.000000,0.065450,0.087266,0.261799,0.000000,-0.000000,0.000000,0.000000,0.000000,0.000000,0.000000,0.000000,0.000000,0.000000,0.000000,0.000000,0.000000,0.000000,0.000000,0.000000,0.000000,0.000000,0.000000,0.000000,0.000000,0.000000,0.000000,0.000000,0.000000,0.000000
1789149942.688824,0.012193,0.005170,-0.004849,-0.001807,-0.043042,-0.012388,0.000270,0.001898,-0.999998,0.000000,0.000000,0.000000,-0.002054,0.004099,0.002225,0.004232,-0.007092,-0.002205,-0.004059,0.001763,0.042113,0.023149,0.009249,0.005736,0.000000,0.000000,-0.000000,-0.000000,0.000000,-0.000000,0.043633,0.021817,0.239983,-0.000000,-0.087266,-0.021817,0.000000,0.000000,0.000000,0.000000,0.000000,0.000000,0.000000,0.000000,0.000000,0.000000,0.000000,0.000000,0.000000,0.000000,0.000000,0.000000,0.000000,0.000000,0.000000,0.000000,0.000000,0.000000,0.000000,0.000000
1789149942.708804,0.013623,0.005706,-0.005200,-0.031767,-0.039846,-0.009458,0.001110,0.001576,-0.999998,0.000000,0.000000,0.000000,-0.001767,0.004388,0.002225,0.003185,-0.007092,-0.002030,-0.003006,0.002982,0.044311,0.024414,0.008802,0.005237,0.021817,0.021817,-0.000000,-0.000000,0.000000,-0.000000,0.021817,0.130900,0.000000,0.021817,-0.021817,-0.087266,0.000000,0.000000,0.000000,0.000000,0.000000,0.000000,0.000000,0.000000,0.000000,0.000000,0.000000,0.000000,0.000000,0.000000,0.000000,0.000000,0.000000,0.000000,0.000000,0.000000,0.000000,0.000000,0.000000,0.000000
1789149942.728808,0.015385,0.006137,-0.005647,-0.042287,-0.010285,-0.001336,0.001523,0.001030,-0.999998,0.000000,0.000000,0.000000,-0.001745,0.004363,0.001702,0.002124,-0.006568,-0.001507,-0.001591,0.004190,0.045312,0.025696,0.008837,0.005257,0.000000,0.000000,-0.000000,-0.021817,0.087266,-0.000000,0.087266,0.109083,0.043633,0.065450,0.000000,-0.000000,0.000000,0.000000,0.000000,0.000000,0.000000,0.000000,0.000000,0.000000,0.000000,0.000000,0.000000,0.000000,0.000000,0.000000,0.000000,0.000000,0.000000,0.000000,0.000000,0.000000,0.000000,0.000000,0.000000,0.000000
1789149942.748817,0.015731,0.005907,-0.005060,-0.007932,-0.016144,0.002126,0.002205,0.001064,-0.999997,0.000000,0.000000,0.000000,-0.001745,0.004363,0.001702,0.001083,-0.005696,-0.000997,-0.000388,0.004760,0.045882,0.026830,0.008837,0.005257,0.000000,0.000000,-0.000000,-0.065450,0.000000,-0.065450,0.021817,0.021817,0.000000,0.087266,0.000000,-0.000000,0.000000,0.000000,0.000000,0.000000,0.000000,0.000000,0.000000,0.000000,0.000000,0.000000,0.000000,0.000000,0.000000,0.000000,0.000000,0.000000,0.000000,0.000000,0.000000,0.000000,0.000000,0.000000,0.000000,0.000000
1789149942.768947,0.016530,0.006046,-0.004692,0.012841,-0.034653,0.013178,0.003211,0.001442,-0.999994,0.000000,0.000000,0.000000,-0.001745,0.004543,0.002550,0.001104,-0.004998,-0.001373,0.000719,0.005390,0.046798,0.029909,0.008663,0.005082,0.000000,0.021817,0.021817,-0.130900,0.000000,-0.130900,0.043633,-0.000000,0.043633,0.130900,0.000000,-0.000000,0.000000,0.000000,0.000000,0.000000,0.000000,0.000000,0.000000,0.000000,0.000000,0.000000,0.000000,0.000000,0.000000,0.000000,0.000000,0.000000,0.000000,0.000000,0.000000,0.000000,0.000000,0.000000,0.000000,0.000000
1789149942.788957,0.016938,0.006183,-0.004475,0.024426,-0.017209,0.016241,0.003743,0.001985,-0.999991,0.000000,0.000000,0.000000,-0.001745,0.004273,0.002883,0.001396,-0.004648,-0.001799,0.001668,0.005739,0.048042,0.031134,0.007839,0.004733,0.000000,0.000000,-0.000000,0.021817,0.000000,-0.109083,0.043633,-0.000000,0.065450,0.087266,-0.087266,-0.000000,0.000000,0.000000,0.000000,0.000000,0.000000,0.000000,0.000000,0.000000,0.000000,0.000000,0.000000,0.000000,0.000000,0.000000,0.000000,0.000000,0.000000,0.000000,0.000000,0.000000,0.000000,0.000000,0.000000,0.000000
1789149942.808929,0.017253,0.006376,-0.003931,0.011110,-0.002695,0.008917,0.003996,0.002078,-0.999990,0.000000,0.000000,0.000000,-0.001745,0.004273,0.002883,0.001369,-0.004648,-0.001804,0.001984,0.006088,0.049863,0.031930,0.007441,0.004733,0.000000,0.000000,-0.000000,0.021817,0.000000,-0.043633,0.000000,-0.000000,0.065450,0.087266,0.000000,-0.000000,0.000000,0.000000,0.000000,0.000000,0.000000,0.000000,0.000000,0.000000,0.000000,0.000000,0.000000,0.000000,0.000000,0.000000,0.000000,0.000000,0.000000,0.000000,0.000000,0.000000,0.000000,0.000000,0.000000,0.000000
1789149942.828937,0.016110,0.005948,-0.005702,-0.006201,0.009688,0.009850,0.004092,0.001829,-0.999990,0.000000,0.000000,0.000000,-0.001745,0.003723,0.002883,0.001183,-0.004474,-0.001507,0.002159,0.006388,0.051284,0.032399,0.007441,0.004733,0.000000,-0.087266,-0.000000,0.087266,0.000000,-0.000000,0.000000,0.065450,0.065450,-0.000000,0.000000,-0.000000,0.000000,0.000000,0.000000,0.000000,0.000000,0.000000,0.000000,0.000000,0.000000,0.000000,0.000000,0.000000,0.000000,0.000000,0.000000,0.000000,0.000000,0.000000,0.000000,0.000000,0.000000,0.000000,0.000000,0.000000
1789149942.848791,0.015112,0.005571,-0.006252,-0.015921,-0.002828,0.011447,0.004435,0.001654,-0.999989,0.000000,0.000000,0.000000,-0.001953,0.003575,0.002883,0.000905,-0.004310,-0.001507,0.002159,0.006129,0.051816,0.032573,0.007749,0.004733,-0.065450,0.000000,-0.000000,0.196350,0.021817,-0.000000,0.000000,-0.000000,0.000000,-0.000000,0.000000,-0.000000,0.000000,0.000000,0.000000,0.000000,0.000000,0.000000,0.000000,0.000000,0.000000,0.000000,0.000000,0.000000,0.000000,0.000000,0.000000,0.000000,0.000000,0.000000,0.000000,0.000000,0.000000,0.000000,0.000000,0.000000
1789149942.868946,0.012729,0.004776,-0.006136,-0.015256,0.002631,0.007586,0.004717,0.001360,-0.999988,0.000000,0.000000,0.000000,-0.002054,0.002782,0.002574,0.000183,-0.004299,-0.001507,0.002159,0.005955,0.051990,0.032573,0.007924,0.004733,0.000000,-0.087266,-0.000000,0.065450,0.000000,-0.000000,0.000000,-0.000000,0.000000,-0.000000,0.000000,-0.000000,0.000000,0.000000,0.000000,0.000000,0.000000,0.000000,0.000000,0.000000,0.000000,0.000000,0.000000,0.000000,0.000000,0.000000,0.000000,0.000000,0.000000,0.000000,0.000000,0.000000,0.000000,0.000000,0.000000,0.000000
1789149942.888812,0.010627,0.004054,-0.005491,-0.014457,-0.002828,0.007053,0.005045,0.000918,-0.999987,0.000000,0.000000,0.000000,-0.002054,0.002607,0.002574,0.000019,-0.004046,-0.001507,0.002159,0.005606,0.051990,0.032309,0.007569,0.004384,0.000000,-0.021817,-0.000000,-0.021817,0.021817,-0.000000,0.000000,-0.000000,0.000000,-0.000000,-0.021817,-0.000000,0.000000,0.000000,0.000000,0.000000,0.000000,0.000000,0.000000,0.000000,0.000000,0.000000,0.000000,0.000000,0.000000,0.000000,0.000000,0.000000,0.000000,0.000000,0.000000,0.000000,0.000000,0.000000,0.000000,0.000000
1789149942.908817,0.007422,0.003052,-0.004185,-0.012459,0.003430,0.008518,0.005228,0.000534,-0.999986,0.000000,0.000000,0.000000,-0.002054,0.002048,0.002400,0.000038,-0.003776,-0.001752,0.002159,0.005257,0.051508,0.031766,0.006917,0.003860,0.000000,-0.021817,-0.000000,-0.043633,0.000000,-0.065450,0.000000,-0.000000,0.000000,-0.021817,0.000000,-0.000000,0.000000,0.000000,0.000000,0.000000,0.000000,0.000000,0.000000,0.000000,0.000000,0.000000,0.000000,0.000000,0.000000,0.000000,0.000000,0.000000,0.000000,0.000000,0.000000,0.000000,0.000000,0.000000,0.000000,0.000000
1789149942.928942,0.005200,0.002389,-0.003323,0.006716,0.007824,0.007320,0.005123,0.000506,-0.999987,0.000000,0.000000,0.000000,-0.002054,0.001655,0.002400,0.000022,-0.004040,-0.001921,0.002159,0.004907,0.051159,0.031436,0.006219,0.003555,0.000000,0.000000,-0.000000,-0.196350,0.000000,-0.021817,0.000000,-0.000000,0.000000,-0.000000,0.000000,0.021817,0.000000,0.000000,0.000000,0.000000,0.000000,0.000000,0.000000,0.000000,0.000000,0.000000,0.000000,0.000000,0.000000,0.000000,0.000000,0.000000,0.000000,0.000000,0.000000,0.000000,0.000000,0.000000,0.000000,0.000000
1789149942.948951,0.004145,0.002287,-0.001066,0.032948,0.024602,0.004923,0.004527,0.000877,-0.999989,0.000000,0.000000,0.000000,-0.002054,0.001132,0.002400,0.000793,-0.004040,-0.002205,0.002159,0.004558,0.050095,0.030875,0.005510,0.003667,0.000000,0.000000,-0.000000,-0.065450,0.000000,-0.087266,0.000000,-0.000000,-0.065450,-0.021817,-0.043633,0.065450,0.000000,0.000000,0.000000,0.000000,0.000000,0.000000,0.000000,0.000000,0.000000,0.000000,0.000000,0.000000,0.000000,0.000000,0.000000,0.000000,0.000000,0.000000,0.000000,0.000000,0.000000,0.000000,0.000000,0.000000
1789149942.968763,0.001982,0.002059,0.000666,0.043467,0.022338,0.003325,0.003904,0.001445,-0.999991,0.000000,0.000000,0.000000,-0.002054,0.001023,0.002400,0.001211,-0.004040,-0.002295,0.001894,0.004209,0.049100,0.030378,0.004823,0.003650,0.000000,-0.021817,-0.000000,0.021817,0.000000,-0.000000,0.000000,-0.000000,-0.087266,-0.043633,-0.109083,0.065450,0.000000,0.000000,0.000000,0.000000,0.000000,0.000000,0.000000,0.000000,0.000000,0.000000,0.000000,0.000000,0.000000,0.000000,0.000000,0.000000,0.000000,0.000000,0.000000,0.000000,0.000000,0.000000,0.000000,0.000000
1789149942.989043,0.000503,0.001811,0.001287,0.030418,0.021939,-0.002534,0.003327,0.001831,-0.999993,0.000000,0.000000,0.000000,-0.002054,0.000957,0.002400,0.001017,-0.004215,-0.002469,0.001720,0.003860,0.047491,0.029857,0.004768,0.003511,0.000000,0.000000,-0.000000,0.021817,0.000000,-0.000000,0.000000,-0.000000,-0.065450,-0.087266,-0.021817,-0.000000,0.000000,0.000000,0.000000,0.000000,0.000000,0.000000,0.000000,0.000000,0.000000,0.000000,0.000000,0.000000,0.000000,0.000000,0.000000,0.000000,0.000000,0.000000,0.000000,0.000000,0.000000,0.000000,0.000000,0.000000
1789149943.008968,-0.001490,0.001542,0.001930,0.026023,0.009955,-0.007328,0.003031,0.002253,-0.999993,0.000000,0.000000,0.000000,-0.002054,0.000785,0.002051,0.001033,-0.004215,-0.002469,0.001518,0.003511,0.046779,0.029557,0.004389,0.003511,0.000000,-0.021817,-0.000000,0.109083,0.000000,-0.000000,-0.021817,-0.000000,-0.021817,-0.087266,-0.021817,-0.000000,0.000000,0.000000,0.000000,0.000000,0.000000,0.000000,0.000000,0.000000,0.000000,0.000000,0.000000,0.000000,0.000000,0.000000,0.000000,0.000000,0.000000,0.000000,0.000000,0.000000,0.000000,0.000000,0.000000,0.000000
1789149943.028957,-0.002572,0.001542,0.002213,0.006316,0.002232,-0.013853,0.002921,0.002247,-0.999993,0.000000,0.000000,0.000000,-0.002054,0.000783,0.001702,0.000567,-0.004215,-0.002469,0.001444,0.003394,0.046013,0.029290,0.003950,0.003511,0.000000,0.000000,-0.000000,0.130900,0.000000,-0.000000,-0.021817,0.065450,-0.021817,-0.021817,0.000000,-0.000000,0.000000,0.000000,0.000000,0.000000,0.000000,0.000000,0.000000,0.000000,0.000000,0.000000,0.000000,0.000000,0.000000,0.000000,0.000000,0.000000,0.000000,0.000000,0.000000,0.000000,0.000000,0.000000,0.000000,0.000000
1789149943.048800,-0.003423,0.001629,0.002263,-0.014323,-0.000964,-0.014252,0.002945,0.001863,-0.999994,0.000000,0.000000,0.000000,-0.002054,0.000783,0.001306,0.000213,-0.004215,-0.002469,0.001322,0.003372,0.045732,0.028993,0.003399,0.003776,0.000000,0.000000,-0.043633,0.130900,0.000000,-0.000000,-0.021817,0.087266,-0.021817,-0.000000,-0.021817,-0.000000,0.000000,0.000000,0.000000,0.000000,0.000000,0.000000,0.000000,0.000000,0.000000,0.000000,0.000000,0.000000,0.000000,0.000000,0.000000,0.000000,0.000000,0.000000,0.000000,0.000000,0.000000,0.000000,0.000000,0.000000
1789149943.068820,-0.004240,0.001875,0.002168,-0.030702,0.001299,-0.014119,0.002985,0.001323,-0.999995,0.000000,0.000000,0.000000,-0.002054,0.000783,0.000044,-0.000316,-0.004215,-0.002469,0.001196,0.003508,0.045574,0.028993,0.003288,0.003776,0.000000,0.000000,-0.109083,-0.021817,0.000000,-0.000000,0.000000,0.109083,0.000000,-0.000000,-0.021817,-0.000000,0.000000,0.000000,0.000000,0.000000,0.000000,0.000000,0.000000,0.000000,0.000000,0.000000,0.000000,0.000000,0.000000,0.000000,0.000000,0.000000,0.000000,0.000000,0.000000,0.000000,0.000000,0.000000,0.000000,0.000000
1789149943.088996,-0.004523,0.002127,0.002031,-0.022047,0.003031,-0.015451,0.002972,0.000778,-0.999995,0.000000,0.000000,0.000000,-0.002054,0.000608,-0.001601,-0.000169,-0.004215,-0.002469,0.001196,0.003476,0.045574,0.028818,0.003192,0.003776,0.000000,0.000000,-0.065450,-0.043633,0.000000,-0.000000,0.000000,0.021817,0.000000,-0.000000,-0.021817,-0.000000,0.000000,0.000000,0.000000,0.000000,0.000000,0.000000,0.000000,0.000000,0.000000,0.000000,0.000000,0.000000,0.000000,0.000000,0.000000,0.000000,0.000000,0.000000,0.000000,0.000000,0.000000,0.000000,0.000000,0.000000
1789149943.108950,-0.004027,0.002964,0.001579,0.008180,0.000367,-0.010923,0.002962,0.000856,-0.999995,0.000000,0.000000,0.000000,-0.002054,0.000259,-0.002313,-0.000289,-0.004215,-0.002469,0.001196,0.003470,0.045574,0.028818,0.003077,0.003776,0.000000,0.000000,-0.000000,-0.130900,0.000000,-0.000000,0.000000,-0.000000,0.000000,-0.000000,0.000000,-0.000000,0.000000,0.000000,0.000000,0.000000,0.000000,0.000000,0.000000,0.000000,0.000000,0.000000,0.000000,0.000000,0.000000,0.000000,0.000000,0.000000,0.000000,0.000000,0.000000,0.000000,0.000000,0.000000,0.000000,0.000000
1789149943.129212,-0.003677,0.003362,0.001364,0.028687,0.001965,-0.011456,0.002777,0.001500,-0.999995,0.000000,0.000000,0.000000,-0.002054,0.000259,-0.002313,-0.000041,-0.004215,-0.002205,0.001196,0.003448,0.045574,0.028818,0.002903,0.003776,0.000000,0.000000,-0.000000,-0.000000,0.000000,-0.000000,0.000000,-0.065450,0.000000,-0.000000,0.000000,-0.000000,0.000000,0.000000,0.000000,0.000000,0.000000,0.000000,0.000000,0.000000,0.000000,0.000000,0.000000,0.000000,0.000000,0.000000,0.000000,0.000000,0.000000,0.000000,0.000000,0.000000,0.000000,0.000000,0.000000,0.000000
1789149943.148988,-0.003280,0.003710,0.001296,0.020431,0.003696,-0.009458,0.002513,0.001995,-0.999995,0.000000,0.000000,0.000000,-0.002054,0.000259,-0.002313,-0.000480,-0.004215,-0.002205,0.001196,0.003375,0.045225,0.029083,0.002554,0.003776,0.000000,0.000000,-0.000000,-0.000000,0.000000,-0.000000,0.000000,-0.087266,0.000000,-0.000000,0.000000,-0.000000,0.000000,0.000000,0.000000,0.000000,0.000000,0.000000,0.000000,0.000000,0.000000,0.000000,0.000000,0.000000,0.000000,0.000000,0.000000,0.000000,0.000000,0.000000,0.000000,0.000000,0.000000,0.000000,0.000000,0.000000
1789149943.168854,-0.002664,0.003943,0.001041,0.003120,-0.003095,-0.004532,0.002658,0.002101,-0.999994,0.000000,0.000000,0.000000,-0.002054,0.000259,-0.002487,-0.000480,-0.003950,-0.002205,0.001461,0.003200,0.045225,0.029432,0.002379,0.003776,0.000000,0.000000,-0.000000,-0.000000,0.000000,-0.000000,0.000000,-0.087266,0.000000,-0.000000,0.000000,-0.000000,0.000000,0.000000,0.000000,0.000000,0.000000,0.000000,0.000000,0.000000,0.000000,0.000000,0.000000,0.000000,0.000000,0.000000,0.000000,0.000000,0.000000,0.000000,0.000000,0.000000,0.000000,0.000000,0.000000,0.000000
1789149943.188826,-0.002067,0.003861,0.000982,-0.000209,0.001832,0.000262,0.002619,0.002281,-0.999994,0.000000,0.000000,0.000000,-0.002054,0.000259,-0.002487,-0.000480,-0.003776,-0.002205,0.001461,0.003348,0.045225,0.029606,0.002235,0.003776,0.000000,0.000000,-0.000000,-0.000000,0.000000,-0.000000,0.000000,-0.043633,0.000000,-0.000000,-0.021817,-0.000000,0.000000,0.000000,0.000000,0.000000,0.000000,0.000000,0.000000,0.000000,0.000000,0.000000,0.000000,0.000000,0.000000,0.000000,0.000000,0.000000,0.000000,0.000000,0.000000,0.000000,0.000000,0.000000,0.000000,0.000000
1789149943.208975,-0.001469,0.003685,0.001043,-0.002872,0.004096,0.004656,0.002590,0.002459,-0.999994,0.000000,0.000000,0.000000,-0.002054,0.000259,-0.002487,-0.000480,-0.003435,-0.002205,0.001461,0.003364,0.045225,0.029778,0.002205,0.003776,0.000000,0.000000,-0.000000,-0.000000,0.021817,-0.000000,0.000000,-0.021817,0.000000,0.021817,0.000000,-0.000000,0.000000,0.000000,0.000000,0.000000,0.000000,0.000000,0.000000,0.000000,0.000000,0.000000,0.000000,0.000000,0.000000,0.000000,0.000000,0.000000,0.000000,0.000000,0.000000,0.000000,0.000000,0.000000,0.000000,0.000000
1789149943.228864,-0.000749,0.003157,0.000778,0.001655,0.003963,0.008917,0.002609,0.002623,-0.999993,0.000000,0.000000,0.000000,-0.002054,0.000259,-0.002487,-0.000480,-0.003135,-0.002205,0.001635,0.003724,0.045225,0.029781,0.002205,0.003776,0.000000,0.000000,-0.000000,-0.000000,0.043633,-0.000000,0.000000,0.130900,0.000000,-0.000000,0.000000,-0.000000,0.000000,0.000000,0.000000,0.000000,0.000000,0.000000,0.000000,0.000000,0.000000,0.000000,0.000000,0.000000,0.000000,0.000000,0.000000,0.000000,0.000000,0.000000,0.000000,0.000000,0.000000,0.000000,0.000000,0.000000
1789149943.248869,-0.000611,0.002990,0.000628,0.006316,-0.000964,0.012513,0.002734,0.002838,-0.999992,0.000000,0.000000,0.000000,-0.002054,0.000259,-0.002487,-0.000480,-0.002816,-0.002205,0.001810,0.003874,0.045225,0.029781,0.002205,0.003776,0.000000,0.000000,-0.000000,-0.000000,0.065450,-0.000000,0.000000,0.152716,0.000000,-0.000000,0.000000,-0.000000,0.000000,0.000000,0.000000,0.000000,0.000000,0.000000,0.000000,0.000000,0.000000,0.000000,0.000000,0.000000,0.000000,0.000000,0.000000,0.000000,0.000000,0.000000,0.000000,0.000000,0.000000,0.000000,0.000000,0.000000
1789149943.268853,-0.000611,0.002990,0.000628,0.001123,0.002764,0.012380,0.002854,0.002946,-0.999992,0.000000,0.000000,0.000000,-0.002054,0.000259,-0.002487,-0.000480,-0.002628,-0.002205,0.001810,0.004010,0.045225,0.029781,0.002205,0.003511,0.000000,0.000000,-0.000000,-0.000000,0.021817,-0.000000,0.000000,0.130900,0.000000,-0.000000,0.000000,-0.000000,0.000000,0.000000,0.000000,0.000000,0.000000,0.000000,0.000000,0.000000,0.000000,0.000000,0.000000,0.000000,0.000000,0.000000,0.000000,0.000000,0.000000,0.000000,0.000000,0.000000,0.000000,0.000000,0.000000,0.000000
1789149943.288838,0.000099,0.001276,-0.000038,-0.001673,0.004628,0.011714,0.002948,0.002921,-0.999991,0.000000,0.000000,0.000000,-0.002054,0.000259,-0.002206,-0.000216,-0.002489,-0.002205,0.001908,0.004018,0.045225,0.029781,0.002205,0.003337,0.000000,0.000000,0.065450,-0.000000,0.021817,-0.000000,0.021817,0.109083,0.000000,-0.000000,0.000000,-0.000000,0.000000,0.000000,0.000000,0.000000,0.000000,0.000000,0.000000,0.000000,0.000000,0.000000,0.000000,0.000000,0.000000,0.000000,0.000000,0.000000,0.000000,0.000000,0.000000,0.000000,0.000000,0.000000,0.000000,0.000000
1789149943.308895,0.000243,0.000666,-0.000157,-0.004470,0.005694,0.009450,0.003010,0.002673,-0.999992,0.000000,0.000000,0.000000,-0.002054,0.000057,-0.002004,-0.000041,-0.002380,-0.002205,0.001984,0.004002,0.045225,0.029781,0.002205,0.003337,0.000000,-0.021817,-0.000000,-0.000000,0.000000,-0.000000,0.000000,0.043633,0.000000,-0.000000,0.000000,-0.000000,0.000000,0.000000,0.000000,0.000000,0.000000,0.000000,0.000000,0.000000,0.000000,0.000000,0.000000,0.000000,0.000000,0.000000,0.000000,0.000000,0.000000,0.000000,0.000000,0.000000,0.000000,0.000000,0.000000,0.000000
1789149943.328811,0.000332,0.000199,-0.000208,0.001123,-0.000831,0.005455,0.003110,0.002634,-0.999992,0.000000,0.000000,0.000000,-0.002054,0.000085,-0.001830,-0.000041,-0.002380,-0.002205,0.001984,0.003718,0.045225,0.029585,0.002205,0.003266,0.000000,0.000000,-0.000000,-0.000000,0.000000,-0.000000,0.000000,-0.043633,0.000000,-0.065450,0.000000,-0.021817,0.000000,0.000000,0.000000,0.000000,0.000000,0.000000,0.000000,0.000000,0.000000,0.000000,0.000000,0.000000,0.000000,0.000000,0.000000,0.000000,0.000000,0.000000,0.000000,0.000000,0.000000,0.000000,0.000000,0.000000
1789149943.348879,0.000390,-0.000446,-0.000282,-0.007000,0.001965,0.003325,0.003176,0.002374,-0.999992,0.000000,0.000000,0.000000,-0.002054,0.000085,-0.001306,0.000169,-0.002380,-0.002205,0.001984,0.003350,0.045225,0.029413,0.002205,0.002933,0.000000,0.000000,-0.000000,0.021817,0.000000,-0.000000,0.000000,-0.109083,0.000000,-0.021817,0.000000,-0.021817,0.000000,0.000000,0.000000,0.000000,0.000000,0.000000,0.000000,0.000000,0.000000,0.000000,0.000000,0.000000,0.000000,0.000000,0.000000,0.000000,0.000000,0.000000,0.000000,0.000000,0.000000,0.000000,0.000000,0.000000
1789149943.368900,0.000427,-0.000806,-0.000385,-0.005801,0.002764,0.002260,0.003214,0.002102,-0.999993,0.000000,0.000000,0.000000,-0.001759,0.000085,-0.001306,0.000133,-0.002380,-0.002205,0.001984,0.003388,0.045225,0.029342,0.002205,0.002638,0.065450,0.000000,-0.000000,-0.000000,0.000000,-0.000000,0.000000,0.174533,0.000000,-0.000000,0.000000,-0.000000,0.000000,0.000000,0.000000,0.000000,0.000000,0.000000,0.000000,0.000000,0.000000,0.000000,0.000000,0.000000,0.000000,0.000000,0.000000,0.000000,0.000000,0.000000,0.000000,0.000000,0.000000,0.000000,0.000000,0.000000
1789149943.388917,0.000461,-0.000996,-0.000388,-0.008997,0.000900,0.000795,0.003285,0.001865,-0.999993,0.000000,0.000000,0.000000,-0.001628,0.000085,-0.000644,0.000308,-0.002380,-0.002205,0.001984,0.002693,0.045225,0.028993,0.002205,0.002464,0.021817,0.000000,0.043633,-0.000000,0.000000,-0.000000,0.000000,-0.196350,0.000000,-0.000000,0.000000,-0.000000,0.000000,0.000000,0.000000,0.000000,0.000000,0.000000,0.000000,0.000000,0.000000,0.000000,0.000000,0.000000,0.000000,0.000000,0.000000,0.000000,0.000000,0.000000,0.000000,0.000000,0.000000,0.000000,0.000000,0.000000
1789149943.408984,0.000521,-0.001696,-0.000335,-0.005002,0.000501,0.000662,0.003298,0.001747,-0.999993,0.000000,0.000000,0.000000,-0.001571,0.000085,-0.000259,0.000483,-0.002380,-0.002205,0.001984,0.002649,0.045225,0.028644,0.002205,0.002104,0.000000,0.000000,-0.000000,-0.000000,0.000000,-0.000000,0.000000,-0.109083,0.000000,-0.021817,0.000000,-0.021817,0.000000,0.000000,0.000000,0.000000,0.000000,0.000000,0.000000,0.000000,0.000000,0.000000,0.000000,0.000000,0.000000,0.000000,0.000000,0.000000,0.000000,0.000000,0.000000,0.000000,0.000000,0.000000,0.000000,0.000000
1789149943.429149,0.000531,-0.001976,-0.000258,0.004452,0.003696,0.003857,0.003171,0.001766,-0.999993,0.000000,0.000000,0.000000,-0.001222,0.000085,0.000455,0.000682,-0.002380,-0.002205,0.001984,0.002489,0.045225,0.028600,0.002205,0.002115,0.000000,0.000000,0.065450,0.021817,0.000000,-0.000000,0.000000,-0.065450,0.000000,-0.021817,0.000000,-0.000000,0.000000,0.000000,0.000000,0.000000,0.000000,0.000000,0.000000,0.000000,0.000000,0.000000,0.000000,0.000000,0.000000,0.000000,0.000000,0.000000,0.000000,0.000000,0.000000,0.000000,0.000000,0.000000,0.000000,0.000000
1789149943.448893,0.000552,-0.002152,-0.000250,0.001655,0.004628,0.006521,0.003066,0.001759,-0.999994,0.000000,0.000000,0.000000,-0.001047,0.000085,0.001088,0.000657,-0.002380,-0.002205,0.001984,0.002505,0.045225,0.028469,0.002205,0.002115,0.021817,0.000000,0.021817,-0.000000,0.000000,-0.000000,0.000000,-0.021817,0.000000,-0.000000,0.000000,-0.000000,0.000000,0.000000,0.000000,0.000000,0.000000,0.000000,0.000000,0.000000,0.000000,0.000000,0.000000,0.000000,0.000000,0.000000,0.000000,0.000000,0.000000,0.000000,0.000000,0.000000,0.000000,0.000000,0.000000,0.000000
1789149943.468857,0.000578,-0.002247,-0.000250,-0.007932,0.001699,0.011447,0.003066,0.001612,-0.999994,0.000000,0.000000,0.000000,-0.001047,0.000085,0.001486,0.000832,-0.002205,-0.002205,0.001984,0.002464,0.045225,0.028295,0.002205,0.001766,0.000000,0.000000,-0.000000,-0.000000,0.000000,-0.000000,0.000000,-0.000000,0.000000,-0.000000,0.000000,-0.000000,0.000000,0.000000,0.000000,0.000000,0.000000,0.000000,0.000000,0.000000,0.000000,0.000000,0.000000,0.000000,0.000000,0.000000,0.000000,0.000000,0.000000,0.000000,0.000000,0.000000,0.000000,0.000000,0.000000,0.000000
1789149943.488915,0.000616,-0.002235,-0.000275,0.003387,0.004762,0.009583,0.002931,0.001652,-0.999994,0.000000,0.000000,0.000000,-0.001047,0.000085,0.001803,0.000832,-0.002112,-0.002205,0.001984,0.002289,0.045225,0.028120,0.002205,0.001766,0.000000,0.000000,0.043633,-0.000000,0.021817,-0.000000,0.000000,-0.000000,0.000000,-0.021817,0.000000,-0.000000,0.000000,0.000000,0.000000,0.000000,0.000000,0.000000,0.000000,0.000000,0.000000,0.000000,0.000000,0.000000,0.000000,0.000000,0.000000,0.000000,0.000000,0.000000,0.000000,0.000000,0.000000,0.000000,0.000000,0.000000
1789149943.508925,0.000627,-0.002175,-0.000246,-0.004869,0.002498,0.011714,0.003020,0.001453,-0.999994,0.000000,0.000000,0.000000,-0.001047,0.000085,0.001835,0.000832,-0.001832,-0.002205,0.001984,0.002573,0.045225,0.028022,0.002205,0.001766,0.000000,0.000000,-0.000000,-0.000000,0.021817,-0.000000,0.000000,0.087266,0.000000,-0.021817,0.000000,-0.000000,0.000000,0.000000,0.000000,0.000000,0.000000,0.000000,0.000000,0.000000,0.000000,0.000000,0.000000,0.000000,0.000000,0.000000,0.000000,0.000000,0.000000,0.000000,0.000000,0.000000,0.000000,0.000000,0.000000,0.000000
1789149943.529370,0.000720,-0.001876,-0.000200,0.004052,0.000900,0.010515,0.003033,0.001528,-0.999994,0.000000,0.000000,0.000000,-0.001047,0.000085,0.002184,0.000832,-0.001733,-0.002205,0.001984,0.002538,0.045225,0.027946,0.002205,0.001417,0.000000,0.000000,-0.000000,-0.000000,0.021817,-0.000000,0.000000,0.065450,0.000000,-0.000000,0.000000,-0.000000,0.000000,0.000000,0.000000,0.000000,0.000000,0.000000,0.000000,0.000000,0.000000,0.000000,0.000000,0.000000,0.000000,0.000000,0.000000,0.000000,0.000000,0.000000,0.000000,0.000000,0.000000,0.000000,0.000000,0.000000
1789149943.549347,0.000711,-0.001807,-0.000173,0.001522,0.004362,0.004923,0.003073,0.001489,-0.999994,0.000000,0.000000,0.000000,-0.001047,0.000085,0.002184,0.000832,-0.001681,-0.002205,0.001984,0.002985,0.045225,0.027771,0.002205,0.001068,0.000000,0.000000,-0.000000,-0.000000,0.000000,-0.000000,0.000000,0.196350,0.000000,-0.000000,0.000000,-0.000000,0.000000,0.000000,0.000000,0.000000,0.000000,0.000000,0.000000,0.000000,0.000000,0.000000,0.000000,0.000000,0.000000,0.000000,0.000000,0.000000,0.000000,0.000000,0.000000,0.000000,0.000000,0.000000,0.000000,0.000000
1789149943.569023,0.000711,-0.001807,-0.000173,0.002721,0.007957,0.001993,0.003042,0.001371,-0.999994,0.000000,0.000000,0.000000,-0.001047,0.000085,0.002359,0.000832,-0.001681,-0.002205,0.001984,0.002963,0.045225,0.027422,0.002205,0.001068,0.000000,0.000000,-0.000000,-0.000000,0.000000,-0.000000,0.000000,0.152716,0.000000,-0.000000,0.000000,-0.000000,0.000000,0.000000,0.000000,0.000000,0.000000,0.000000,0.000000,0.000000,0.000000,0.000000,0.000000,0.000000,0.000000,0.000000,0.000000,0.000000,0.000000,0.000000,0.000000,0.000000,0.000000,0.000000,0.000000,0.000000
1789149943.588913,0.000711,-0.001807,-0.000173,-0.005002,0.000900,-0.000936,0.003205,0.001296,-0.999994,0.000000,0.000000,0.000000,-0.001047,0.000085,0.002359,0.000832,-0.001681,-0.002205,0.001984,0.002963,0.045225,0.027057,0.002205,0.001068,0.000000,0.000000,-0.000000,-0.000000,0.000000,-0.000000,0.000000,0.087266,0.000000,-0.021817,0.000000,-0.000000,0.000000,0.000000,0.000000,0.000000,0.000000,0.000000,0.000000,0.000000,0.000000,0.000000,0.000000,0.000000,0.000000,0.000000,0.000000,0.000000,0.000000,0.000000,0.000000,0.000000,0.000000,0.000000,0.000000,0.000000
1789149943.609028,0.000165,-0.000638,0.000097,-0.003271,0.000101,-0.005464,0.003333,0.001258,-0.999994,0.000000,0.000000,0.000000,-0.001047,0.000085,0.002359,0.000832,-0.001681,-0.002205,0.001984,0.002960,0.045225,0.026898,0.002150,0.000719,0.000000,0.000000,-0.000000,-0.000000,0.000000,-0.000000,0.000000,0.043633,0.000000,-0.000000,-0.021817,-0.000000,0.000000,0.000000,0.000000,0.000000,0.000000,0.000000,0.000000,0.000000,0.000000,0.000000,0.000000,0.000000,0.000000,0.000000,0.000000,0.000000,0.000000,0.000000,0.000000,0.000000,0.000000,0.000000,0.000000,0.000000
1789149943.629119,-0.000022,-0.000622,0.000209,0.004452,0.006892,-0.005730,0.003313,0.001193,-0.999994,0.000000,0.000000,0.000000,-0.001047,0.000085,0.002359,0.000832,-0.001681,-0.002205,0.001984,0.002979,0.045225,0.026544,0.002030,0.000719,0.000000,0.000000,-0.000000,-0.000000,0.000000,-0.000000,0.000000,0.043633,0.000000,-0.021817,0.000000,-0.000000,0.000000,0.000000,0.000000,0.000000,0.000000,0.000000,0.000000,0.000000,0.000000,0.000000,0.000000,0.000000,0.000000,0.000000,0.000000,0.000000,0.000000,0.000000,0.000000,0.000000,0.000000,0.000000,0.000000,0.000000
1789149943.648875,-0.000290,-0.000733,0.000292,0.004984,0.004362,-0.003866,0.003299,0.001258,-0.999994,0.000000,0.000000,0.000000,-0.001047,0.000085,0.002073,0.000788,-0.001681,-0.002205,0.001984,0.002772,0.045225,0.026173,0.001856,0.000719,0.000000,0.000000,-0.065450,0.065450,0.000000,-0.000000,0.000000,-0.000000,0.000000,-0.021817,0.000000,-0.000000,0.000000,0.000000,0.000000,0.000000,0.000000,0.000000,0.000000,0.000000,0.000000,0.000000,0.000000,0.000000,0.000000,0.000000,0.000000,0.000000,0.000000,0.000000,0.000000,0.000000,0.000000,0.000000,0.000000,0.000000
1789149943.668938,-0.000496,-0.000821,0.000315,-0.016055,-0.000831,-0.006396,0.003499,0.000940,-0.999993,0.000000,0.000000,0.000000,-0.001047,0.000085,0.001876,0.000308,-0.001681,-0.002205,0.001984,0.002598,0.045053,0.025829,0.001856,0.000719,0.000000,0.000000,-0.000000,0.043633,0.000000,-0.000000,0.000000,-0.000000,-0.021817,-0.021817,0.000000,-0.000000,0.000000,0.000000,0.000000,0.000000,0.000000,0.000000,0.000000,0.000000,0.000000,0.000000,0.000000,0.000000,0.000000,0.000000,0.000000,0.000000,0.000000,0.000000,0.000000,0.000000,0.000000,0.000000,0.000000,0.000000
1789149943.688929,-0.001338,-0.001266,-0.000424,-0.020582,0.000501,-0.002934,0.003660,0.000387,-0.999993,0.000000,0.000000,0.000000,-0.001047,0.000085,0.001797,0.000003,-0.001681,-0.002030,0.001720,0.002320,0.045050,0.025677,0.001856,0.000653,0.000000,0.000000,-0.021817,-0.021817,0.000000,-0.000000,0.000000,-0.109083,0.000000,-0.000000,0.000000,-0.021817,0.000000,0.000000,0.000000,0.000000,0.000000,0.000000,0.000000,0.000000,0.000000,0.000000,0.000000,0.000000,0.000000,0.000000,0.000000,0.000000,0.000000,0.000000,0.000000,0.000000,0.000000,0.000000,0.000000,0.000000
1789149943.708873,-0.001502,-0.001477,-0.000619,-0.009397,-0.000565,0.000528,0.003697,0.000188,-0.999993,0.000000,0.000000,0.000000,-0.001047,0.000085,0.001702,0.000038,-0.001681,-0.002030,0.001545,0.001883,0.045050,0.025459,0.001678,0.000544,0.000000,0.000000,-0.000000,-0.043633,0.000000,-0.000000,0.000000,-0.174533,0.000000,-0.021817,-0.021817,-0.000000,0.000000,0.000000,0.000000,0.000000,0.000000,0.000000,0.000000,0.000000,0.000000,0.000000,0.000000,0.000000,0.000000,0.000000,0.000000,0.000000,0.000000,0.000000,0.000000,0.000000,0.000000,0.000000,0.000000,0.000000
1789149943.728807,-0.002026,-0.001979,-0.001337,-0.006201,0.006759,0.001594,0.003615,-0.000044,-0.999993,0.000000,0.000000,0.000000,-0.001047,0.000085,0.001702,0.000218,-0.001681,-0.001856,0.001545,0.001649,0.044875,0.025328,0.001580,0.000544,0.000000,0.000000,-0.000000,-0.130900,0.000000,-0.000000,0.000000,-0.174533,0.000000,-0.000000,-0.021817,-0.000000,0.000000,0.000000,0.000000,0.000000,0.000000,0.000000,0.000000,0.000000,0.000000,0.000000,0.000000,0.000000,0.000000,0.000000,0.000000,0.000000,0.000000,0.000000,0.000000,0.000000,0.000000,0.000000,0.000000,0.000000
1789149943.748838,-0.002144,-0.002180,-0.001463,-0.022446,0.002897,0.001461,0.003604,-0.000599,-0.999993,0.000000,0.000000,0.000000,-0.001047,0.000085,0.001702,0.000425,-0.001681,-0.001856,0.001420,0.001540,0.044875,0.025090,0.001507,0.000544,0.000000,0.000000,-0.000000,-0.218166,0.000000,-0.000000,-0.021817,-0.130900,0.000000,-0.021817,0.000000,-0.000000,0.000000,0.000000,0.000000,0.000000,0.000000,0.000000,0.000000,0.000000,0.000000,0.000000,0.000000,0.000000,0.000000,0.000000,0.000000,0.000000,0.000000,0.000000,0.000000,0.000000,0.000000,0.000000,0.000000,0.000000
1789149943.768859,-0.002154,-0.002229,-0.001403,0.002721,0.004495,0.005588,0.003480,-0.000653,-0.999994,0.000000,0.000000,0.000000,-0.001047,0.000085,0.001702,0.001047,-0.001681,-0.001856,0.001371,0.001286,0.044701,0.024978,0.001507,0.000370,0.000000,0.000000,-0.000000,-0.065450,0.000000,-0.000000,0.000000,-0.130900,0.000000,-0.000000,0.000000,-0.000000,0.000000,0.000000,0.000000,0.000000,0.000000,0.000000,0.000000,0.000000,0.000000,0.000000,0.000000,0.000000,0.000000,0.000000,0.000000,0.000000,0.000000,0.000000,0.000000,0.000000,0.000000,0.000000,0.000000,0.000000
1789149943.789010,-0.002072,-0.002149,-0.001307,0.016836,0.009289,0.004790,0.003232,-0.000403,-0.999995,0.000000,0.000000,0.000000,-0.001047,0.000085,0.001702,0.001200,-0.001681,-0.001856,0.001371,0.001267,0.044701,0.024804,0.001507,0.000370,0.000000,0.000000,-0.000000,0.021817,0.000000,-0.000000,0.000000,-0.109083,0.000000,-0.000000,0.000000,-0.000000,0.000000,0.000000,0.000000,0.000000,0.000000,0.000000,0.000000,0.000000,0.000000,0.000000,0.000000,0.000000,0.000000,0.000000,0.000000,0.000000,0.000000,0.000000,0.000000,0.000000,0.000000,0.000000,0.000000,0.000000
1789149943.808931,-0.001776,-0.001822,-0.001093,0.022428,0.009422,0.001461,0.002967,-0.000099,-0.999996,0.000000,0.000000,0.000000,-0.001047,0.000085,0.001702,0.001017,-0.001681,-0.001856,0.001371,0.001455,0.044701,0.024804,0.001507,0.000370,0.000000,0.000000,-0.000000,0.021817,0.000000,-0.000000,0.000000,-0.087266,0.000000,-0.000000,0.000000,-0.000000,0.000000,0.000000,0.000000,0.000000,0.000000,0.000000,0.000000,0.000000,0.000000,0.000000,0.000000,0.000000,0.000000,0.000000,0.000000,0.000000,0.000000,0.000000,0.000000,0.000000,0.000000,0.000000,0.000000,0.000000
1789149943.828821,-0.001510,-0.001616,-0.000937,0.018034,0.005427,-0.001602,0.002793,0.000214,-0.999996,0.000000,0.000000,0.000000,-0.001047,-0.000019,0.001702,0.000843,-0.001681,-0.001856,0.001371,0.001578,0.044701,0.024629,0.001507,0.000195,0.000000,-0.021817,-0.000000,0.087266,0.000000,-0.000000,0.000000,-0.087266,0.000000,-0.000000,0.000000,-0.000000,0.000000,0.000000,0.000000,0.000000,0.000000,0.000000,0.000000,0.000000,0.000000,0.000000,0.000000,0.000000,0.000000,0.000000,0.000000,0.000000,0.000000,0.000000,0.000000,0.000000,0.000000,0.000000,0.000000,0.000000
1789149943.848935,-0.001091,-0.001339,-0.000721,0.006449,0.000634,-0.004798,0.002745,0.000371,-0.999996,0.000000,0.000000,0.000000,-0.001047,-0.000090,0.001702,0.000777,-0.001681,-0.001856,0.001371,0.001728,0.044701,0.024629,0.001507,0.000195,0.000000,0.000000,-0.000000,0.196350,0.000000,-0.000000,0.000000,-0.065450,0.000000,-0.000000,0.000000,-0.000000,0.000000,0.000000,0.000000,0.000000,0.000000,0.000000,0.000000,0.000000,0.000000,0.000000,0.000000,0.000000,0.000000,0.000000,0.000000,0.000000,0.000000,0.000000,0.000000,0.000000,0.000000,0.000000,0.000000,0.000000
1789149943.868949,-0.000804,-0.001132,-0.000610,-0.012060,-0.004426,-0.008793,0.002902,0.000143,-0.999996,0.000000,0.000000,0.000000,-0.001047,-0.000090,0.001702,0.000044,-0.001681,-0.001856,0.001371,0.001886,0.044701,0.024629,0.001329,0.000195,0.000000,0.000000,-0.000000,-0.000000,0.000000,-0.000000,0.000000,-0.065450,0.000000,-0.000000,-0.021817,-0.000000,0.000000,0.000000,0.000000,0.000000,0.000000,0.000000,0.000000,0.000000,0.000000,0.000000,0.000000,0.000000,0.000000,0.000000,0.000000,0.000000,0.000000,0.000000,0.000000,0.000000,0.000000,0.000000,0.000000,0.000000
1789149943.888848,-0.000546,-0.000943,-0.000537,-0.023245,-0.006690,-0.009192,0.003202,-0.000338,-0.999995,0.000000,0.000000,0.000000,-0.001047,-0.000090,0.001702,0.000027,-0.001681,-0.001681,0.001371,0.001722,0.044701,0.024629,0.001332,0.000195,0.000000,0.000000,-0.000000,-0.021817,0.000000,-0.000000,0.000000,-0.174533,0.000000,-0.000000,0.000000,-0.000000,0.000000,0.000000,0.000000,0.000000,0.000000,0.000000,0.000000,0.000000,0.000000,0.000000,0.000000,0.000000,0.000000,0.000000,0.000000,0.000000,0.000000,0.000000,0.000000,0.000000,0.000000,0.000000,0.000000,0.000000
1789149943.908889,-0.000336,-0.000789,-0.000490,-0.020049,-0.004559,-0.007727,0.003396,-0.000792,-0.999994,0.000000,0.000000,0.000000,-0.001047,-0.000090,0.001702,-0.000153,-0.001681,-0.001799,0.001371,0.001684,0.044701,0.024629,0.001332,0.000195,0.000000,0.000000,-0.000000,-0.109083,0.000000,-0.021817,0.000000,-0.174533,0.000000,-0.000000,0.000000,-0.000000,0.000000,0.000000,0.000000,0.000000,0.000000,0.000000,0.000000,0.000000,0.000000,0.000000,0.000000,0.000000,0.000000,0.000000,0.000000,0.000000,0.000000,0.000000,0.000000,0.000000,0.000000,0.000000,0.000000,0.000000
1789149943.929034,-0.000062,-0.000610,-0.000396,-0.011660,-0.001497,-0.005197,0.003491,-0.001102,-0.999993,0.000000,0.000000,0.000000,-0.001047,-0.000090,0.001702,-0.000068,-0.001681,-0.001771,0.001371,0.001736,0.044701,0.024629,0.001332,0.000195,0.000000,0.000000,-0.000000,-0.196350,0.000000,-0.000000,0.000000,-0.152716,0.000000,-0.000000,0.000000,-0.000000,0.000000,0.000000,0.000000,0.000000,0.000000,0.000000,0.000000,0.000000,0.000000,0.000000,0.000000,0.000000,0.000000,0.000000,0.000000,0.000000,0.000000,0.000000,0.000000,0.000000,0.000000,0.000000,0.000000,0.000000
1789149943.948847,0.000064,-0.000468,-0.000337,0.003786,0.006359,-0.002667,0.003382,-0.001165,-0.999994,0.000000,0.000000,0.000000,-0.001047,-0.000090,0.001702,0.000428,-0.001681,-0.001771,0.001371,0.001736,0.044701,0.024629,0.001158,0.000021,0.000000,0.000000,-0.000000,-0.152716,0.000000,-0.000000,0.000000,-0.152716,0.000000,-0.000000,0.000000,-0.000000,0.000000,0.000000,0.000000,0.000000,0.000000,0.000000,0.000000,0.000000,0.000000,0.000000,0.000000,0.000000,0.000000,0.000000,0.000000,0.000000,0.000000,0.000000,0.000000,0.000000,0.000000,0.000000,0.000000,0.000000
1789149943.968939,0.000103,-0.000297,-0.000261,0.019499,0.009289,-0.000137,0.003171,-0.000871,-0.999995,0.000000,0.000000,0.000000,-0.001047,-0.000090,0.001702,0.000859,-0.001681,-0.001469,0.001371,0.001774,0.044701,0.024629,0.001158,0.000021,0.000000,0.000000,-0.000000,0.021817,0.000000,0.109083,0.000000,-0.130900,0.000000,-0.000000,0.000000,-0.000000,0.000000,0.000000,0.000000,0.000000,0.000000,0.000000,0.000000,0.000000,0.000000,0.000000,0.000000,0.000000,0.000000,0.000000,0.000000,0.000000,0.000000,0.000000,0.000000,0.000000,0.000000,0.000000,0.000000,0.000000
1789149943.988837,0.000041,-0.000209,-0.000238,0.025890,0.007824,0.001194,0.002996,-0.000399,-0.999995,0.000000,0.000000,0.000000,-0.001047,-0.000090,0.001702,0.000834,-0.001507,-0.001324,0.001371,0.001627,0.044701,0.024629,0.001158,0.000021,0.000000,0.000000,-0.000000,0.021817,0.000000,0.065450,0.000000,-0.130900,0.000000,-0.000000,0.000000,-0.000000,0.000000,0.000000,0.000000,0.000000,0.000000,0.000000,0.000000,0.000000,0.000000,0.000000,0.000000,0.000000,0.000000,0.000000,0.000000,0.000000,0.000000,0.000000,0.000000,0.000000,0.000000,0.000000,0.000000,0.000000
1789149944.009027,-0.000048,-0.000124,-0.000216,0.016303,0.004762,0.000795,0.002882,0.000019,-0.999996,0.000000,0.000000,0.000000,-0.001047,-0.000090,0.001702,0.000698,-0.001507,-0.001128,0.001371,0.001430,0.044701,0.024629,0.001158,0.000021,0.000000,0.000000,-0.000000,0.065450,0.000000,0.065450,0.000000,-0.174533,0.000000,-0.000000,0.000000,-0.000000,0.000000,0.000000,0.000000,0.000000,0.000000,0.000000,0.000000,0.000000,0.000000,0.000000,0.000000,0.000000,0.000000,0.000000,0.000000,0.000000,0.000000,0.000000,0.000000,0.000000,0.000000,0.000000,0.000000,0.000000
1789149944.028818,-0.000114,-0.000088,-0.000197,0.004319,0.000101,-0.000936,0.002929,0.000247,-0.999996,0.000000,0.000000,0.000000,-0.001047,-0.000090,0.001527,0.000521,-0.001507,-0.001147,0.001371,0.001564,0.044701,0.024629,0.001158,0.000021,0.000000,0.000000,-0.000000,0.152716,0.000000,0.021817,0.000000,-0.109083,0.000000,-0.000000,0.000000,-0.000000,0.000000,0.000000,0.000000,0.000000,0.000000,0.000000,0.000000,0.000000,0.000000,0.000000,0.000000,0.000000,0.000000,0.000000,0.000000,0.000000,0.000000,0.000000,0.000000,0.000000,0.000000,0.000000,0.000000,0.000000
1789149944.048834,-0.000371,0.000009,-0.000054,-0.015389,-0.003761,-0.003200,0.003140,0.000036,-0.999995,0.000000,0.000000,0.000000,-0.001047,-0.000090,0.001527,0.000022,-0.001507,-0.001136,0.001371,0.001452,0.044701,0.024629,0.000983,0.000021,0.000000,0.000000,-0.000000,0.130900,0.000000,0.021817,0.000000,-0.109083,0.000000,-0.000000,0.000000,-0.000000,0.000000,0.000000,0.000000,0.000000,0.000000,0.000000,0.000000,0.000000,0.000000,0.000000,0.000000,0.000000,0.000000,0.000000,0.000000,0.000000,0.000000,0.000000,0.000000,0.000000,0.000000,0.000000,0.000000,0.000000
1789149944.068872,-0.000486,0.000010,0.000007,-0.024177,-0.007356,-0.005197,0.003495,-0.000379,-0.999994,0.000000,0.000000,0.000000,-0.001047,-0.000090,0.001413,-0.000341,-0.001507,-0.001722,0.001371,0.001092,0.044701,0.024629,0.000809,0.000021,0.000000,0.000000,-0.021817,-0.021817,0.000000,-0.130900,0.000000,-0.152716,0.000000,-0.000000,0.000000,-0.000000,0.000000,0.000000,0.000000,0.000000,0.000000,0.000000,0.000000,0.000000,0.000000,0.000000,0.000000,0.000000,0.000000,0.000000,0.000000,0.000000,0.000000,0.000000,0.000000,0.000000,0.000000,0.000000,0.000000,0.000000
1789149944.088932,-0.000604,-0.000020,0.000091,-0.020182,-0.000565,-0.004798,0.003622,-0.000823,-0.999993,0.000000,0.000000,0.000000,-0.001047,-0.000090,0.001353,-0.000325,-0.001507,-0.001957,0.001371,0.001068,0.044654,0.024542,0.000596,0.000021,0.000000,0.000000,-0.000000,-0.065450,0.000000,-0.065450,0.000000,-0.087266,-0.021817,-0.021817,-0.021817,-0.000000,0.000000,0.000000,0.000000,0.000000,0.000000,0.000000,0.000000,0.000000,0.000000,0.000000,0.000000,0.000000,0.000000,0.000000,0.000000,0.000000,0.000000,0.000000,0.000000,0.000000,0.000000,0.000000,0.000000,0.000000
1789149944.108907,-0.000697,-0.000083,0.000123,-0.009663,0.004895,-0.005330,0.003519,-0.001193,-0.999993,0.000000,0.000000,0.000000,-0.001047,-0.000090,0.001219,-0.000259,-0.001507,-0.002159,0.001371,0.001100,0.044526,0.024455,0.000634,0.000021,0.000000,0.000000,-0.021817,-0.174533,0.000000,-0.043633,0.000000,-0.087266,0.000000,-0.000000,0.000000,-0.000000,0.000000,0.000000,0.000000,0.000000,0.000000,0.000000,0.000000,0.000000,0.000000,0.000000,0.000000,0.000000,0.000000,0.000000,0.000000,0.000000,0.000000,0.000000,0.000000,0.000000,0.000000,0.000000,0.000000,0.000000
1789149944.128927,-0.000721,-0.000143,0.000132,0.008313,0.009023,-0.004398,0.003274,-0.001230,-0.999994,0.000000,0.000000,0.000000,-0.001047,-0.000090,0.001178,0.000232,-0.001507,-0.001741,0.001371,0.001095,0.044526,0.024455,0.000634,0.000021,0.000000,0.000000,-0.000000,-0.130900,0.000000,0.130900,0.000000,-0.065450,0.000000,-0.000000,0.000000,-0.000000,0.000000,0.000000,0.000000,0.000000,0.000000,0.000000,0.000000,0.000000,0.000000,0.000000,0.000000,0.000000,0.000000,0.000000,0.000000,0.000000,0.000000,0.000000,0.000000,0.000000,0.000000,0.000000,0.000000,0.000000
1789149944.148890,-0.000697,-0.000166,0.000114,0.018034,0.008490,-0.000670,0.003018,-0.000994,-0.999995,0.000000,0.000000,0.000000,-0.001047,-0.000090,0.001178,0.000739,-0.001507,-0.000969,0.001371,0.001068,0.044526,0.024455,0.000634,0.000021,0.000000,0.000000,-0.000000,-0.043633,0.000000,0.196350,0.000000,-0.109083,0.000000,-0.000000,0.000000,-0.000000,0.000000,0.000000,0.000000,0.000000,0.000000,0.000000,0.000000,0.000000,0.000000,0.000000,0.000000,0.000000,0.000000,0.000000,0.000000,0.000000,0.000000,0.000000,0.000000,0.000000,0.000000,0.000000,0.000000,0.000000
1789149944.168940,-0.000716,-0.000140,0.000279,0.024026,0.004895,-0.002135,0.002838,-0.000483,-0.999996,0.000000,0.000000,0.000000,-0.001047,-0.000090,0.001178,0.000843,-0.001507,-0.000959,0.001371,0.000923,0.044526,0.024455,0.000634,0.000021,0.000000,0.000000,-0.000000,0.021817,0.000000,0.065450,0.000000,-0.109083,0.000000,-0.000000,0.000000,-0.000000,0.000000,0.000000,0.000000,0.000000,0.000000,0.000000,0.000000,0.000000,0.000000,0.000000,0.000000,0.000000,0.000000,0.000000,0.000000,0.000000,0.000000,0.000000,0.000000,0.000000,0.000000,0.000000,0.000000,0.000000
1789149944.188914,-0.000647,-0.000132,0.000293,0.016702,0.002631,0.000262,0.002775,0.000020,-0.999996,0.000000,0.000000,0.000000,-0.001047,-0.000090,0.001178,0.000663,-0.001507,-0.001000,0.001371,0.001079,0.044526,0.024455,0.000634,0.000021,0.000000,0.000000,-0.000000,0.021817,0.000000,-0.000000,0.000000,-0.065450,0.000000,-0.000000,0.000000,-0.000000,0.000000,0.000000,0.000000,0.000000,0.000000,0.000000,0.000000,0.000000,0.000000,0.000000,0.000000,0.000000,0.000000,0.000000,0.000000,0.000000,0.000000,0.000000,0.000000,0.000000,0.000000,0.000000,0.000000,0.000000
1789149944.208873,-0.000418,-0.000131,0.000263,-0.001274,-0.001630,0.001194,0.002865,0.000177,-0.999996,0.000000,0.000000,0.000000,-0.001047,-0.000090,0.001178,0.000769,-0.001507,-0.001684,0.001371,0.000926,0.044526,0.024455,0.000634,0.000021,0.000000,0.000000,-0.000000,0.174533,0.000000,-0.239983,0.000000,-0.087266,0.000000,-0.000000,0.000000,-0.000000,0.000000,0.000000,0.000000,0.000000,0.000000,0.000000,0.000000,0.000000,0.000000,0.000000,0.000000,0.000000,0.000000,0.000000,0.000000,0.000000,0.000000,0.000000,0.000000,0.000000,0.000000,0.000000,0.000000,0.000000
1789149944.228901,-0.000261,-0.000131,0.000196,-0.016321,-0.002562,-0.001602,0.003024,-0.000040,-0.999995,0.000000,0.000000,0.000000,-0.001047,-0.000090,0.001178,0.000395,-0.001507,-0.001801,0.001371,0.000915,0.044526,0.024392,0.000634,0.000021,0.000000,0.000000,-0.000000,0.152716,0.000000,-0.130900,0.000000,-0.043633,0.000000,-0.021817,0.000000,-0.000000,0.000000,0.000000,0.000000,0.000000,0.000000,0.000000,0.000000,0.000000,0.000000,0.000000,0.000000,0.000000,0.000000,0.000000,0.000000,0.000000,0.000000,0.000000,0.000000,0.000000,0.000000,0.000000,0.000000,0.000000
1789149944.249184,-0.000129,-0.000149,0.000130,-0.023245,-0.001364,-0.000270,0.003169,-0.000512,-0.999995,0.000000,0.000000,0.000000,-0.001047,-0.000090,0.001178,-0.000060,-0.001398,-0.001799,0.001371,0.000923,0.044526,0.024280,0.000634,0.000021,0.000000,0.000000,-0.000000,0.109083,0.021817,-0.043633,0.000000,-0.021817,0.000000,-0.000000,0.000000,-0.000000,0.000000,0.000000,0.000000,0.000000,0.000000,0.000000,0.000000,0.000000,0.000000,0.000000,0.000000,0.000000,0.000000,0.000000,0.000000,0.000000,0.000000,0.000000,0.000000,0.000000,0.000000,0.000000,0.000000,0.000000
1789149944.268826,0.000052,-0.000157,0.000059,-0.021248,-0.003228,0.000129,0.003353,-0.001043,-0.999994,0.000000,0.000000,0.000000,-0.001047,-0.000090,0.001178,-0.000131,-0.001332,-0.001809,0.001371,0.000901,0.044526,0.024280,0.000634,0.000021,0.000000,0.000000,-0.000000,-0.000000,0.000000,-0.021817,0.000000,-0.021817,0.000000,-0.000000,0.000000,-0.000000,0.000000,0.000000,0.000000,0.000000,0.000000,0.000000,0.000000,0.000000,0.000000,0.000000,0.000000,0.000000,0.000000,0.000000,0.000000,0.000000,0.000000,0.000000,0.000000,0.000000,0.000000,0.000000,0.000000,0.000000
1789149944.288821,0.000131,-0.000151,0.000040,-0.011394,0.002365,-0.002934,0.003307,-0.001445,-0.999993,0.000000,0.000000,0.000000,-0.001047,-0.000090,0.001178,-0.000147,-0.001289,-0.001373,0.001371,0.001068,0.044526,0.024280,0.000634,0.000021,0.000000,0.000000,-0.000000,-0.043633,0.021817,0.152716,0.000000,-0.000000,0.000000,-0.000000,0.000000,-0.000000,0.000000,0.000000,0.000000,0.000000,0.000000,0.000000,0.000000,0.000000,0.000000,0.000000,0.000000,0.000000,0.000000,0.000000,0.000000,0.000000,0.000000,0.000000,0.000000,0.000000,0.000000,0.000000,0.000000,0.000000
1789149944.308953,0.000158,-0.000151,0.000042,0.006982,0.005427,-0.003067,0.003189,-0.001510,-0.999994,0.000000,0.000000,0.000000,-0.001047,-0.000090,0.001178,-0.000202,-0.001158,-0.001030,0.001371,0.000918,0.044526,0.024280,0.000634,0.000021,0.000000,0.000000,-0.000000,-0.218166,0.000000,0.152716,0.000000,-0.021817,0.000000,-0.000000,0.000000,-0.000000,0.000000,0.000000,0.000000,0.000000,0.000000,0.000000,0.000000,0.000000,0.000000,0.000000,0.000000,0.000000,0.000000,0.000000,0.000000,0.000000,0.000000,0.000000,0.000000,0.000000,0.000000,0.000000,0.000000,0.000000
1789149944.328837,0.000178,-0.000121,0.000036,0.020164,0.010754,-0.000404,0.002927,-0.001210,-0.999995,0.000000,0.000000,0.000000,-0.001047,-0.000090,0.001178,0.000305,-0.001158,-0.000961,0.001371,0.000912,0.044526,0.024280,0.000506,0.000021,0.000000,0.000000,-0.000000,-0.130900,0.000000,0.043633,0.000000,-0.021817,0.000000,-0.000000,-0.021817,-0.000000,0.000000,0.000000,0.000000,0.000000,0.000000,0.000000,0.000000,0.000000,0.000000,0.000000,0.000000,0.000000,0.000000,0.000000,0.000000,0.000000,0.000000,0.000000,0.000000,0.000000,0.000000,0.000000,0.000000,0.000000
1789149944.348820,0.000136,-0.000095,0.000069,0.024692,0.007957,-0.003067,0.002726,-0.000652,-0.999996,0.000000,0.000000,0.000000,-0.001047,-0.000090,0.001178,0.000657,-0.001158,-0.000776,0.001371,0.000899,0.044526,0.024280,0.000460,0.000021,0.000000,0.000000,-0.000000,-0.000000,0.000000,0.021817,0.000000,-0.021817,0.000000,-0.000000,0.000000,-0.000000,0.000000,0.000000,0.000000,0.000000,0.000000,0.000000,0.000000,0.000000,0.000000,0.000000,0.000000,0.000000,0.000000,0.000000,0.000000,0.000000,0.000000,0.000000,0.000000,0.000000,0.000000,0.000000,0.000000,0.000000
1789149944.368869,-0.000018,-0.000070,0.000041,0.027222,0.011419,-0.000670,0.002520,-0.000171,-0.999997,0.000000,0.000000,0.000000,-0.001047,-0.000090,0.001178,-0.000325,-0.001158,-0.001460,0.001371,0.001763,0.044526,0.024280,0.000460,0.000021,0.000000,0.000000,-0.000000,-0.021817,0.000000,0.130900,0.000000,0.021817,0.000000,-0.000000,0.000000,-0.000000,0.000000,0.000000,0.000000,0.000000,0.000000,0.000000,0.000000,0.000000,0.000000,0.000000,0.000000,0.000000,0.000000,0.000000,0.000000,0.000000,0.000000,0.000000,0.000000,0.000000,0.000000,0.000000,0.000000,0.000000
1789149944.389195,-0.000137,-0.000031,0.000029,0.031882,0.013151,0.001993,0.002182,0.000327,-0.999998,0.000000,0.000000,0.000000,-0.000873,-0.000090,0.001178,0.000676,-0.001158,-0.001703,0.001371,0.001098,0.044526,0.024280,0.000329,0.000021,0.000000,0.000000,-0.000000,0.109083,0.000000,-0.174533,0.000000,0.130900,0.000000,-0.000000,-0.021817,-0.000000,0.000000,0.000000,0.000000,0.000000,0.000000,0.000000,0.000000,0.000000,0.000000,0.000000,0.000000,0.000000,0.000000,0.000000,0.000000,0.000000,0.000000,0.000000,0.000000,0.000000,0.000000,0.000000,0.000000,0.000000
1789149944.409016,-0.000261,0.000022,0.000043,0.020697,0.011553,0.000662,0.001896,0.000648,-0.999998,0.000000,0.000000,0.000000,-0.000873,-0.000090,0.001178,0.000543,-0.001158,-0.001619,0.001371,0.001488,0.044526,0.024280,0.000285,0.000021,0.000000,0.000000,-0.000000,0.239983,0.000000,-0.043633,0.000000,0.196350,0.000000,-0.000000,0.000000,-0.000000,0.000000,0.000000,0.000000,0.000000,0.000000,0.000000,0.000000,0.000000,0.000000,0.000000,0.000000,0.000000,0.000000,0.000000,0.000000,0.000000,0.000000,0.000000,0.000000,0.000000,0.000000,0.000000,0.000000,0.000000
1789149944.428884,-0.000475,0.000096,0.000041,0.006716,0.002232,-0.002800,0.001831,0.000770,-0.999998,0.000000,0.000000,0.000000,-0.000873,-0.000090,0.000935,0.000095,-0.001158,-0.001635,0.001371,0.001403,0.044387,0.024280,0.000285,0.000021,0.000000,0.000000,-0.021817,0.218166,0.000000,-0.021817,0.000000,0.152716,-0.021817,-0.000000,0.000000,-0.000000,0.000000,0.000000,0.000000,0.000000,0.000000,0.000000,0.000000,0.000000,0.000000,0.000000,0.000000,0.000000,0.000000,0.000000,0.000000,0.000000,0.000000,0.000000,0.000000,0.000000,0.000000,0.000000,0.000000,0.000000
1789149944.448896,-0.000627,0.000157,0.000035,-0.008065,-0.003361,-0.003999,0.001986,0.000553,-0.999998,0.000000,0.000000,0.000000,-0.000873,-0.000090,0.000829,-0.000336,-0.001158,-0.001518,0.001371,0.001411,0.044352,0.024280,0.000141,0.000021,0.000000,0.000000,-0.000000,-0.021817,0.000000,0.109083,0.000000,0.152716,0.000000,-0.000000,-0.021817,-0.000000,0.000000,0.000000,0.000000,0.000000,0.000000,0.000000,0.000000,0.000000,0.000000,0.000000,0.000000,0.000000,0.000000,0.000000,0.000000,0.000000,0.000000,0.000000,0.000000,0.000000,0.000000,0.000000,0.000000,0.000000
1789149944.468919,-0.000817,0.000268,0.000027,-0.017253,-0.002828,-0.003733,0.002221,0.000218,-0.999998,0.000000,0.000000,0.000000,-0.000873,-0.000090,0.000829,-0.000314,-0.001158,-0.001092,0.001158,0.001237,0.044352,0.024280,0.000110,0.000021,0.000000,0.000000,-0.000000,-0.065450,0.000000,0.174533,-0.021817,0.109083,0.000000,-0.000000,0.000000,-0.000000,0.000000,0.000000,0.000000,0.000000,0.000000,0.000000,0.000000,0.000000,0.000000,0.000000,0.000000,0.000000,0.000000,0.000000,0.000000,0.000000,0.000000,0.000000,0.000000,0.000000,0.000000,0.000000,0.000000,0.000000
1789149944.489187,-0.000983,0.000371,0.000038,-0.017120,-0.002029,-0.003999,0.002454,-0.000073,-0.999997,0.000000,0.000000,0.000000,-0.000873,-0.000090,0.000286,-0.000344,-0.001158,-0.000945,0.001196,0.001024,0.044352,0.024106,0.000110,0.000258,0.000000,0.000000,-0.087266,-0.130900,0.000000,0.087266,0.000000,0.109083,0.000000,-0.000000,0.000000,0.065450,0.000000,0.000000,0.000000,0.000000,0.000000,0.000000,0.000000,0.000000,0.000000,0.000000,0.000000,0.000000,0.000000,0.000000,0.000000,0.000000,0.000000,0.000000,0.000000,0.000000,0.000000,0.000000,0.000000,0.000000
1789149944.509026,-0.001081,0.000493,0.000010,-0.005801,-0.003894,-0.002534,0.002707,-0.000073,-0.999996,0.000000,0.000000,0.000000,-0.000873,-0.000090,0.000131,-0.000033,-0.001158,-0.000950,0.001196,0.000912,0.044352,0.024106,0.000110,0.000285,0.000000,0.000000,-0.000000,-0.174533,0.000000,0.021817,0.000000,0.109083,0.000000,-0.000000,0.000000,-0.000000,0.000000,0.000000,0.000000,0.000000,0.000000,0.000000,0.000000,0.000000,0.000000,0.000000,0.000000,0.000000,0.000000,0.000000,0.000000,0.000000,0.000000,0.000000,0.000000,0.000000,0.000000,0.000000,0.000000,0.000000
1789149944.528907,-0.001103,0.000592,0.000046,0.012974,0.009289,0.000395,0.002575,0.000210,-0.999997,0.000000,0.000000,0.000000,-0.000873,-0.000090,0.000131,0.000213,-0.001158,-0.001338,0.001196,0.001109,0.044352,0.024106,0.000110,0.000285,0.000000,0.000000,-0.000000,-0.109083,0.000000,-0.174533,0.000000,0.152716,0.000000,-0.000000,0.000000,-0.000000,0.000000,0.000000,0.000000,0.000000,0.000000,0.000000,0.000000,0.000000,0.000000,0.000000,0.000000,0.000000,0.000000,0.000000,0.000000,0.000000,0.000000,0.000000,0.000000,0.000000,0.000000,0.000000,0.000000,0.000000
1789149944.548919,-0.000954,0.000613,0.000049,0.019898,0.007957,0.000928,0.002448,0.000563,-0.999997,0.000000,0.000000,0.000000,-0.000873,-0.000090,0.000131,0.000308,-0.001158,-0.001730,0.001196,0.000909,0.044177,0.024106,0.000110,0.000285,0.000000,0.000000,-0.000000,-0.000000,0.000000,-0.174533,0.000000,0.065450,0.000000,-0.000000,0.000000,-0.000000,0.000000,0.000000,0.000000,0.000000,0.000000,0.000000,0.000000,0.000000,0.000000,0.000000,0.000000,0.000000,0.000000,0.000000,0.000000,0.000000,0.000000,0.000000,0.000000,0.000000,0.000000,0.000000,0.000000,0.000000
1789149944.568847,-0.000655,0.000566,0.000059,0.020830,0.010354,0.000528,0.002209,0.000885,-0.999997,0.000000,0.000000,0.000000,-0.000873,-0.000090,0.000131,0.000488,-0.001158,-0.001602,0.001196,0.001024,0.044177,0.024106,-0.000064,0.000285,0.000000,0.000000,-0.000000,0.065450,0.000000,-0.043633,0.000000,0.152716,0.000000,-0.000000,0.000000,-0.000000,0.000000,0.000000,0.000000,0.000000,0.000000,0.000000,0.000000,0.000000,0.000000,0.000000,0.000000,0.000000,0.000000,0.000000,0.000000,0.000000,0.000000,0.000000,0.000000,0.000000,0.000000,0.000000,0.000000,0.000000
1789149944.588838,-0.000539,0.000546,0.000077,0.009911,0.007425,0.000795,0.002008,0.000981,-0.999998,0.000000,0.000000,0.000000,-0.000873,-0.000090,0.000131,0.000161,-0.001158,-0.001450,0.001196,0.001098,0.044177,0.024106,-0.000064,0.000021,0.000000,0.000000,-0.000000,0.130900,0.000000,-0.021817,0.000000,0.109083,0.000000,-0.000000,0.000000,-0.000000,0.000000,0.000000,0.000000,0.000000,0.000000,0.000000,0.000000,0.000000,0.000000,0.000000,0.000000,0.000000,0.000000,0.000000,0.000000,0.000000,0.000000,0.000000,0.000000,0.000000,0.000000,0.000000,0.000000,0.000000
1789149944.608907,-0.000391,0.000501,0.000002,-0.001274,0.004895,-0.002534,0.001919,0.000884,-0.999998,0.000000,0.000000,0.000000,-0.000873,-0.000090,-0.000393,-0.000480,-0.001158,-0.001463,0.001196,0.001136,0.044177,0.024106,-0.000064,0.000021,0.000000,0.000000,-0.000000,-0.000000,0.000000,-0.021817,0.000000,0.196350,0.000000,-0.000000,0.000000,-0.000000,0.000000,0.000000,0.000000,0.000000,0.000000,0.000000,0.000000,0.000000,0.000000,0.000000,0.000000,0.000000,0.000000,0.000000,0.000000,0.000000,0.000000,0.000000,0.000000,0.000000,0.000000,0.000000,0.000000,0.000000
1789149944.629066,-0.000427,0.000355,0.000124,-0.017386,-0.000565,-0.002667,0.002050,0.000448,-0.999998,0.000000,0.000000,0.000000,-0.000873,-0.000090,-0.000567,-0.000306,-0.001158,-0.001125,0.001196,0.001365,0.044177,0.024106,-0.000064,0.000021,0.000000,0.000000,-0.000000,-0.021817,0.000000,0.130900,0.000000,0.218166,0.000000,-0.000000,0.000000,-0.000000,0.000000,0.000000,0.000000,0.000000,0.000000,0.000000,0.000000,0.000000,0.000000,0.000000,0.000000,0.000000,0.000000,0.000000,0.000000,0.000000,0.000000,0.000000,0.000000,0.000000,0.000000,0.000000,0.000000,0.000000
1789149944.649097,-0.000284,0.000198,0.000087,-0.006733,0.003829,-0.002934,0.002061,0.000306,-0.999998,0.000000,0.000000,0.000000,-0.000873,-0.000090,-0.000567,-0.000022,-0.001158,-0.000817,0.001196,0.001133,0.044177,0.024106,-0.000064,0.000021,0.000000,0.000000,-0.000000,-0.065450,0.000000,0.130900,0.000000,0.109083,0.000000,-0.000000,0.000000,-0.000000,0.000000,0.000000,0.000000,0.000000,0.000000,0.000000,0.000000,0.000000,0.000000,0.000000,0.000000,0.000000,0.000000,0.000000,0.000000,0.000000,0.000000,0.000000,0.000000,0.000000,0.000000,0.000000,0.000000,0.000000
1789149944.668987,-0.000096,0.000002,0.000030,0.016436,0.006759,-0.001336,0.001984,0.000637,-0.999998,0.000000,0.000000,0.000000,-0.000873,-0.000090,-0.000728,0.000133,-0.001158,-0.000629,0.001196,0.001237,0.044177,0.024106,-0.000064,0.000021,0.000000,0.000000,-0.021817,-0.000000,0.000000,0.087266,0.000000,0.130900,0.000000,-0.000000,0.000000,-0.000000,0.000000,0.000000,0.000000,0.000000,0.000000,0.000000,0.000000,0.000000,0.000000,0.000000,0.000000,0.000000,0.000000,0.000000,0.000000,0.000000,0.000000,0.000000,0.000000,0.000000,0.000000,0.000000,0.000000,0.000000
1789149944.688893,-0.000013,-0.000105,0.000011,0.018034,0.005294,0.000129,0.001938,0.001054,-0.999998,0.000000,0.000000,0.000000,-0.000873,-0.000090,-0.000742,0.000251,-0.001158,-0.000421,0.001196,0.001158,0.044177,0.024106,-0.000064,0.000021,0.000000,0.000000,-0.000000,0.087266,0.000000,0.043633,0.000000,0.109083,0.000000,-0.000000,0.000000,-0.000000,0.000000,0.000000,0.000000,0.000000,0.000000,0.000000,0.000000,0.000000,0.000000,0.000000,0.000000,0.000000,0.000000,0.000000,0.000000,0.000000,0.000000,0.000000,0.000000,0.000000,0.000000,0.000000,0.000000,0.000000
1789149944.708961,-0.000011,-0.000199,-0.000028,0.005917,0.003430,0.000928,0.001969,0.001292,-0.999997,0.000000,0.000000,0.000000,-0.000873,-0.000090,-0.000916,-0.000131,-0.001158,-0.000790,0.001196,0.001240,0.044177,0.024106,-0.000064,0.000021,0.000000,0.000000,-0.000000,-0.000000,0.000000,-0.065450,0.000000,0.152716,0.000000,-0.000000,0.000000,-0.000000,0.000000,0.000000,0.000000,0.000000,0.000000,0.000000,0.000000,0.000000,0.000000,0.000000,0.000000,0.000000,0.000000,0.000000,0.000000,0.000000,0.000000,0.000000,0.000000,0.000000,0.000000,0.000000,0.000000,0.000000
1789149944.728968,-0.000029,-0.000316,-0.000062,-0.006334,-0.000032,0.002393,0.002102,0.001268,-0.999997,0.000000,0.000000,0.000000,-0.000698,-0.000090,-0.000267,-0.000327,-0.001158,-0.001433,0.001196,0.001199,0.044177,0.023931,-0.000064,0.000021,0.000000,0.000000,0.109083,-0.043633,0.000000,-0.196350,0.000000,0.152716,0.000000,-0.000000,0.000000,-0.000000,0.000000,0.000000,0.000000,0.000000,0.000000,0.000000,0.000000,0.000000,0.000000,0.000000,0.000000,0.000000,0.000000,0.000000,0.000000,0.000000,0.000000,0.000000,0.000000,0.000000,0.000000,0.000000,0.000000,0.000000
1789149944.748991,-0.000077,-0.000359,-0.000152,-0.003138,0.002897,0.003724,0.002160,0.001179,-0.999997,0.000000,0.000000,0.000000,-0.000698,-0.000090,-0.000259,0.000024,-0.001158,-0.001602,0.001196,0.000795,0.044177,0.023931,-0.000064,0.000021,0.000000,0.000000,-0.000000,-0.065450,0.000000,-0.109083,0.000000,0.087266,0.000000,-0.000000,0.000000,-0.000000,0.000000,0.000000,0.000000,0.000000,0.000000,0.000000,0.000000,0.000000,0.000000,0.000000,0.000000,0.000000,0.000000,0.000000,0.000000,0.000000,0.000000,0.000000,0.000000,0.000000,0.000000,0.000000,0.000000,0.000000
1789149944.769010,0.000001,-0.000389,-0.000256,0.006316,0.009555,0.006920,0.001975,0.001145,-0.999997,0.000000,0.000000,0.000000,-0.000698,-0.000090,-0.000084,0.000308,-0.001158,-0.001441,0.001196,0.000899,0.044177,0.023931,-0.000064,0.000021,0.000000,0.000000,-0.000000,-0.000000,0.000000,-0.021817,0.000000,0.152716,0.000000,-0.000000,0.000000,-0.000000,0.000000,0.000000,0.000000,0.000000,0.000000,0.000000,0.000000,0.000000,0.000000,0.000000,0.000000,0.000000,0.000000,0.000000,0.000000,0.000000,0.000000,0.000000,0.000000,0.000000,0.000000,0.000000,0.000000,0.000000
1789149944.788978,-0.000013,-0.000353,-0.000267,0.013240,0.009156,0.006121,0.001750,0.001245,-0.999998,0.000000,0.000000,0.000000,-0.000698,-0.000090,-0.000084,0.000316,-0.001158,-0.001248,0.001196,0.001106,0.044177,0.023931,-0.000064,0.000021,0.000000,0.000000,-0.000000,0.021817,0.000000,-0.000000,0.000000,0.196350,0.000000,-0.000000,0.000000,-0.000000,0.000000,0.000000,0.000000,0.000000,0.000000,0.000000,0.000000,0.000000,0.000000,0.000000,0.000000,0.000000,0.000000,0.000000,0.000000,0.000000,0.000000,0.000000,0.000000,0.000000,0.000000,0.000000,0.000000,0.000000
1789149944.808859,-0.000073,-0.000295,-0.000234,0.006183,0.001832,0.003325,0.001699,0.001189,-0.999998,0.000000,0.000000,0.000000,-0.000698,-0.000090,-0.000084,0.000044,-0.001158,-0.001379,0.001196,0.001111,0.044177,0.023931,-0.000064,0.000021,0.000000,0.000000,-0.000000,-0.000000,0.000000,0.021817,0.000000,0.130900,0.000000,-0.000000,0.000000,-0.000000,0.000000,0.000000,0.000000,0.000000,0.000000,0.000000,0.000000,0.000000,0.000000,0.000000,0.000000,0.000000,0.000000,0.000000,0.000000,0.000000,0.000000,0.000000,0.000000,0.000000,0.000000,0.000000,0.000000,0.000000
1789149944.828961,-0.000097,-0.000219,-0.000161,0.006449,0.002498,0.001327,0.001676,0.001240,-0.999998,0.000000,0.000000,0.000000,-0.000698,-0.000090,-0.000084,0.000044,-0.001090,-0.001021,0.001196,0.001027,0.044177,0.023931,-0.000064,0.000021,0.000000,0.000000,-0.000000,-0.000000,0.021817,0.130900,0.000000,0.087266,0.000000,-0.000000,0.000000,-0.000000,0.000000,0.000000,0.000000,0.000000,0.000000,0.000000,0.000000,0.000000,0.000000,0.000000,0.000000,0.000000,0.000000,0.000000,0.000000,0.000000,0.000000,0.000000,0.000000,0.000000,0.000000,0.000000,0.000000,0.000000
1789149944.848828,-0.000205,-0.000122,-0.000100,0.003919,0.002365,-0.000670,0.001688,0.001238,-0.999998,0.000000,0.000000,0.000000,-0.000698,-0.000090,-0.000084,0.000044,-0.000983,-0.000871,0.001196,0.001043,0.044177,0.023931,-0.000064,0.000021,0.000000,0.000000,-0.000000,-0.000000,0.000000,0.109083,0.000000,0.109083,0.000000,-0.000000,0.000000,-0.000000,0.000000,0.000000,0.000000,0.000000,0.000000,0.000000,0.000000,0.000000,0.000000,0.000000,0.000000,0.000000,0.000000,0.000000,0.000000,0.000000,0.000000,0.000000,0.000000,0.000000,0.000000,0.000000,0.000000,0.000000
1789149944.868852,-0.000240,-0.000032,-0.000088,0.003253,0.004628,-0.003733,0.001722,0.001170,-0.999998,0.000000,0.000000,0.000000,-0.000698,-0.000090,-0.000084,0.000044,-0.000809,-0.000798,0.001196,0.001062,0.044177,0.023931,-0.000064,0.000021,0.000000,0.000000,-0.000000,-0.000000,0.000000,0.043633,0.000000,0.087266,0.000000,-0.000000,0.000000,-0.000000,0.000000,0.000000,0.000000,0.000000,0.000000,0.000000,0.000000,0.000000,0.000000,0.000000,0.000000,0.000000,0.000000,0.000000,0.000000,0.000000,0.000000,0.000000,0.000000,0.000000,0.000000,0.000000,0.000000,0.000000
1789149944.888815,-0.000252,0.000008,-0.000084,0.008313,0.002098,-0.003733,0.001780,0.001410,-0.999997,0.000000,0.000000,0.000000,-0.000698,-0.000090,-0.000084,0.000044,-0.000809,-0.000773,0.001196,0.001024,0.044177,0.023931,-0.000064,0.000021,0.000000,0.000000,-0.000000,-0.000000,0.000000,0.021817,0.000000,0.065450,0.000000,-0.000000,0.000000,-0.000000,0.000000,0.000000,0.000000,0.000000,0.000000,0.000000,0.000000,0.000000,0.000000,0.000000,0.000000,0.000000,0.000000,0.000000,0.000000,0.000000,0.000000,0.000000,0.000000,0.000000,0.000000,0.000000,0.000000,0.000000
1789149944.908870,-0.000348,0.000098,-0.000082,0.005917,0.002498,-0.003200,0.001852,0.001657,-0.999997,0.000000,0.000000,0.000000,-0.000698,-0.000090,-0.000084,0.000044,-0.000809,-0.000994,0.001196,0.000858,0.044177,0.023931,-0.000064,0.000285,0.000000,0.000000,-0.000000,-0.000000,0.000000,-0.130900,0.000000,0.021817,0.000000,-0.000000,0.000000,-0.000000,0.000000,0.000000,0.000000,0.000000,0.000000,0.000000,0.000000,0.000000,0.000000,0.000000,0.000000,0.000000,0.000000,0.000000,0.000000,0.000000,0.000000,0.000000,0.000000,0.000000,0.000000,0.000000,0.000000,0.000000
1789149944.928858,-0.000454,0.000194,-0.000069,-0.000608,0.000234,-0.003999,0.002044,0.001713,-0.999996,0.000000,0.000000,0.000000,-0.000698,-0.000090,-0.000084,0.000044,-0.000809,-0.001441,0.001196,0.000860,0.044177,0.023931,-0.000064,0.000285,0.000000,0.000000,-0.000000,-0.000000,0.000000,-0.152716,0.000000,0.021817,0.000000,-0.000000,0.000000,-0.000000,0.000000,0.000000,0.000000,0.000000,0.000000,0.000000,0.000000,0.000000,0.000000,0.000000,0.000000,0.000000,0.000000,0.000000,0.000000,0.000000,0.000000,0.000000,0.000000,0.000000,0.000000,0.000000,0.000000,0.000000
1789149944.948894,-0.000541,0.000315,-0.000013,0.000191,0.002498,-0.001469,0.002122,0.001736,-0.999996,0.000000,0.000000,0.000000,-0.000698,-0.000090,-0.000084,0.000044,-0.000809,-0.001460,0.001196,0.001049,0.044177,0.023931,-0.000064,0.000285,0.000000,0.000000,-0.000000,-0.000000,0.000000,-0.087266,0.000000,0.065450,0.000000,-0.000000,0.000000,-0.000000,0.000000,0.000000,0.000000,0.000000,0.000000,0.000000,0.000000,0.000000,0.000000,0.000000,0.000000,0.000000,0.000000,0.000000,0.000000,0.000000,0.000000,0.000000,0.000000,0.000000,0.000000,0.000000,0.000000,0.000000
1789149944.968866,-0.000523,0.000376,0.000014,-0.001141,0.003563,-0.001469,0.002110,0.001520,-0.999997,0.000000,0.000000,0.000000,-0.000698,-0.000090,-0.000128,0.000044,-0.000809,-0.001450,0.001196,0.001051,0.044177,0.023931,-0.000064,0.000285,0.000000,0.000000,-0.021817,-0.000000,0.000000,-0.043633,0.000000,0.043633,0.000000,-0.000000,0.000000,-0.000000,0.000000,0.000000,0.000000,0.000000,0.000000,0.000000,0.000000,0.000000,0.000000,0.000000,0.000000,0.000000,0.000000,0.000000,0.000000,0.000000,0.000000,0.000000,0.000000,0.000000,0.000000,0.000000,0.000000,0.000000
1789149944.988842,-0.000455,0.000373,0.000009,-0.001407,0.001033,-0.002002,0.002159,0.001438,-0.999997,0.000000,0.000000,0.000000,-0.000698,-0.000090,-0.000712,0.000044,-0.000809,-0.001229,0.001196,0.001038,0.044177,0.023931,-0.000064,0.000285,0.000000,0.000000,-0.021817,-0.000000,0.000000,0.065450,0.000000,0.021817,0.000000,-0.000000,0.000000,-0.000000,0.000000,0.000000,0.000000,0.000000,0.000000,0.000000,0.000000,0.000000,0.000000,0.000000,0.000000,0.000000,0.000000,0.000000,0.000000,0.000000,0.000000,0.000000,0.000000,0.000000,0.000000,0.000000,0.000000,0.000000
1789149945.008870,-0.000422,0.000397,0.000030,-0.005402,-0.003494,-0.003599,0.002340,0.001323,-0.999996,0.000000,0.000000,0.000000,-0.000698,-0.000090,-0.000742,0.000044,-0.000809,-0.000803,0.001196,0.001240,0.044177,0.023931,-0.000064,0.000285,0.000000,0.000000,-0.000000,-0.000000,0.000000,0.130900,0.000000,0.043633,0.000000,-0.000000,0.000000,-0.000000,0.000000,0.000000,0.000000,0.000000,0.000000,0.000000,0.000000,0.000000,0.000000,0.000000,0.000000,0.000000,0.000000,0.000000,0.000000,0.000000,0.000000,0.000000,0.000000,0.000000,0.000000,0.000000,0.000000,0.000000
1789149945.028839,-0.000287,0.000378,0.000010,0.001123,-0.001896,-0.003999,0.002538,0.001392,-0.999996,0.000000,0.000000,0.000000,-0.000548,-0.000090,-0.000742,0.000044,-0.000809,-0.000449,0.001196,0.001207,0.044177,0.023931,-0.000064,0.000285,0.021817,0.000000,-0.000000,-0.000000,0.000000,0.087266,0.000000,0.021817,0.000000,-0.000000,0.000000,-0.000000,0.000000,0.000000,0.000000,0.000000,0.000000,0.000000,0.000000,0.000000,0.000000,0.000000,0.000000,0.000000,0.000000,0.000000,0.000000,0.000000,0.000000,0.000000,0.000000,0.000000,0.000000,0.000000,0.000000,0.000000
1789149945.048917,-0.000178,0.000313,0.000007,-0.004470,-0.000565,-0.001336,0.002718,0.001387,-0.999995,0.000000,0.000000,0.000000,-0.000524,-0.000090,-0.000742,0.000044,-0.000809,-0.000263,0.001196,0.001360,0.044177,0.023931,-0.000064,0.000285,0.000000,0.000000,-0.000000,-0.000000,0.000000,0.043633,0.000000,-0.000000,0.000000,-0.000000,0.000000,-0.000000,0.000000,0.000000,0.000000,0.000000,0.000000,0.000000,0.000000,0.000000,0.000000,0.000000,0.000000,0.000000,0.000000,0.000000,0.000000,0.000000,0.000000,0.000000,0.000000,0.000000,0.000000,0.000000,0.000000,0.000000
1789149945.069013,-0.000094,0.000215,0.000056,-0.004869,0.000234,-0.004132,0.002850,0.001348,-0.999995,0.000000,0.000000,0.000000,-0.000524,-0.000090,-0.000742,0.000044,-0.000809,-0.000713,0.001196,0.001021,0.044177,0.023931,-0.000064,0.000285,0.000000,0.000000,-0.000000,-0.000000,0.000000,-0.109083,0.000000,-0.109083,0.000000,-0.000000,0.000000,-0.000000,0.000000,0.000000,0.000000,0.000000,0.000000,0.000000,0.000000,0.000000,0.000000,0.000000,0.000000,0.000000,0.000000,0.000000,0.000000,0.000000,0.000000,0.000000,0.000000,0.000000,0.000000,0.000000,0.000000,0.000000
1789149945.088886,-0.000039,0.000161,0.000062,-0.003005,0.004495,-0.002268,0.002830,0.001172,-0.999995,0.000000,0.000000,0.000000,-0.000524,-0.000090,-0.000742,0.000044,-0.000809,-0.001068,0.001196,0.000874,0.044177,0.023855,-0.000064,0.000021,0.000000,0.000000,-0.000000,-0.000000,0.000000,-0.152716,0.000000,-0.130900,0.000000,-0.021817,0.000000,-0.000000,0.000000,0.000000,0.000000,0.000000,0.000000,0.000000,0.000000,0.000000,0.000000,0.000000,0.000000,0.000000,0.000000,0.000000,0.000000,0.000000,0.000000,0.000000,0.000000,0.000000,0.000000,0.000000,0.000000,0.000000
1789149945.108829,-0.000039,0.000161,0.000062,-0.001807,0.007558,-0.000270,0.002685,0.000990,-0.999996,0.000000,0.000000,0.000000,-0.000524,-0.000090,-0.000742,0.000044,-0.000809,-0.001270,0.001196,0.000937,0.044177,0.023757,-0.000064,0.000021,0.000000,0.000000,-0.000000,-0.000000,0.000000,-0.065450,0.000000,-0.043633,0.000000,-0.000000,0.000000,-0.000000,0.000000,0.000000,0.000000,0.000000,0.000000,0.000000,0.000000,0.000000,0.000000,0.000000,0.000000,0.000000,0.000000,0.000000,0.000000,0.000000,0.000000,0.000000,0.000000,0.000000,0.000000,0.000000,0.000000,0.000000
1789149945.128868,0.000106,-0.000107,-0.000037,-0.003138,0.004096,-0.002401,0.002607,0.000736,-0.999996,0.000000,0.000000,0.000000,-0.000524,-0.000090,-0.000742,0.000044,-0.000809,-0.001270,0.001196,0.001027,0.044177,0.023757,-0.000064,0.000021,0.000000,0.000000,-0.000000,-0.000000,0.000000,-0.021817,0.000000,-0.000000,0.000000,-0.000000,0.000000,-0.000000,0.000000,0.000000,0.000000,0.000000,0.000000,0.000000,0.000000,0.000000,0.000000,0.000000,0.000000,0.000000,0.000000,0.000000,0.000000,0.000000,0.000000,0.000000,0.000000,0.000000,0.000000,0.000000,0.000000,0.000000
1789149945.149101,0.000165,-0.000205,-0.000097,-0.000608,0.001433,-0.002268,0.002611,0.000592,-0.999996,0.000000,0.000000,0.000000,-0.000524,-0.000090,-0.000742,0.000044,-0.000809,-0.000749,0.001196,0.001027,0.044177,0.023757,-0.000064,0.000021,0.000000,0.000000,-0.000000,-0.000000,0.000000,0.174533,0.000000,-0.000000,0.000000,-0.000000,0.000000,-0.000000,0.000000,0.000000,0.000000,0.000000,0.000000,0.000000,0.000000,0.000000,0.000000,0.000000,0.000000,0.000000,0.000000,0.000000,0.000000,0.000000,0.000000,0.000000,0.000000,0.000000,0.000000,0.000000,0.000000,0.000000
1789149945.169048,0.000149,-0.000348,-0.000093,-0.002073,-0.001231,-0.000270,0.002705,0.000523,-0.999996,0.000000,0.000000,0.000000,-0.000524,-0.000090,-0.000742,0.000044,-0.000809,-0.000250,0.001196,0.001027,0.044177,0.023549,-0.000064,0.000021,0.000000,0.000000,-0.000000,-0.000000,0.000000,0.218166,0.000000,-0.000000,0.000000,-0.021817,0.000000,-0.000000,0.000000,0.000000,0.000000,0.000000,0.000000,0.000000,0.000000,0.000000,0.000000,0.000000,0.000000,0.000000,0.000000,0.000000,0.000000,0.000000,0.000000,0.000000,0.000000,0.000000,0.000000,0.000000,0.000000,0.000000
1789149945.189155,0.000129,-0.000406,-0.000079,-0.002739,-0.002562,-0.001203,0.002883,0.000523,-0.999996,0.000000,0.000000,0.000000,-0.000524,-0.000090,-0.000742,0.000044,-0.000809,-0.000454,0.001196,0.000852,0.044177,0.023582,-0.000064,0.000021,0.000000,0.000000,-0.000000,-0.000000,0.000000,0.043633,0.000000,-0.000000,0.000000,-0.000000,0.000000,-0.000000,0.000000,0.000000,0.000000,0.000000,0.000000,0.000000,0.000000,0.000000,0.000000,0.000000,0.000000,0.000000,0.000000,0.000000,0.000000,0.000000,0.000000,0.000000,0.000000,0.000000,0.000000,0.000000,0.000000,0.000000
1789149945.209040,0.000054,-0.000384,-0.000035,-0.002872,0.000234,-0.000537,0.003053,0.000487,-0.999995,0.000000,0.000000,0.000000,-0.000524,-0.000090,-0.000742,0.000044,-0.000809,-0.000441,0.001196,0.000850,0.044177,0.023582,-0.000064,0.000021,0.000000,0.000000,-0.000000,-0.000000,0.000000,0.021817,0.000000,0.021817,0.000000,-0.000000,0.000000,-0.000000,0.000000,0.000000,0.000000,0.000000,0.000000,0.000000,0.000000,0.000000,0.000000,0.000000,0.000000,0.000000,0.000000,0.000000,0.000000,0.000000,0.000000,0.000000,0.000000,0.000000,0.000000,0.000000,0.000000,0.000000
1789149945.228858,0.000050,-0.000405,-0.000034,-0.000875,0.001433,0.001061,0.003169,0.000489,-0.999995,0.000000,0.000000,0.000000,-0.000524,-0.000090,-0.000742,0.000044,-0.000809,-0.000738,0.001022,0.000852,0.044177,0.023582,-0.000064,0.000021,0.000000,0.000000,-0.000000,-0.000000,0.000000,-0.109083,0.000000,-0.000000,0.000000,-0.000000,0.000000,-0.000000,0.000000,0.000000,0.000000,0.000000,0.000000,0.000000,0.000000,0.000000,0.000000,0.000000,0.000000,0.000000,0.000000,0.000000,0.000000,0.000000,0.000000,0.000000,0.000000,0.000000,0.000000,0.000000,0.000000,0.000000
1789149945.248842,0.000010,-0.000381,-0.000033,0.001123,0.001299,-0.000137,0.003244,0.000504,-0.999995,0.000000,0.000000,0.000000,-0.000524,-0.000090,-0.000742,0.000044,-0.000809,-0.000691,0.001022,0.000021,0.044177,0.023582,-0.000064,0.000021,0.000000,0.000000,-0.000000,-0.000000,0.000000,0.174533,0.000000,-0.000000,0.000000,-0.000000,0.000000,-0.000000,0.000000,0.000000,0.000000,0.000000,0.000000,0.000000,0.000000,0.000000,0.000000,0.000000,0.000000,0.000000,0.000000,0.000000,0.000000,0.000000,0.000000,0.000000,0.000000,0.000000,0.000000,0.000000,0.000000,0.000000
1789149945.268894,-0.000139,-0.000204,-0.000009,0.001789,0.003696,-0.002135,0.003225,0.000371,-0.999995,0.000000,0.000000,0.000000,-0.000524,-0.000090,-0.000742,0.000044,-0.000809,-0.001422,0.001022,0.000678,0.044177,0.023582,-0.000064,0.000021,0.000000,0.000000,-0.000000,-0.000000,0.000000,-0.065450,0.000000,-0.000000,0.000000,-0.000000,0.000000,-0.000000,0.000000,0.000000,0.000000,0.000000,0.000000,0.000000,0.000000,0.000000,0.000000,0.000000,0.000000,0.000000,0.000000,0.000000,0.000000,0.000000,0.000000,0.000000,0.000000,0.000000,0.000000,0.000000,0.000000,0.000000
1789149945.288885,-0.000149,-0.000101,-0.000025,-0.001141,0.004229,-0.002401,0.003176,0.000098,-0.999995,0.000000,0.000000,0.000000,-0.000524,-0.000090,-0.000742,0.000044,-0.000809,-0.001403,0.001022,0.000678,0.044177,0.023582,-0.000064,0.000021,0.000000,0.000000,-0.000000,-0.000000,0.000000,-0.000000,0.000000,-0.000000,0.000000,-0.000000,0.000000,-0.000000,0.000000,0.000000,0.000000,0.000000,0.000000,0.000000,0.000000,0.000000,0.000000,0.000000,0.000000,0.000000,0.000000,0.000000,0.000000,0.000000,0.000000,0.000000,0.000000,0.000000,0.000000,0.000000,0.000000,0.000000
1789149945.308845,-0.000353,0.000128,0.000018,-0.000608,0.001566,-0.004398,0.003178,-0.000051,-0.999995,0.000000,0.000000,0.000000,-0.000524,-0.000090,-0.000742,0.000044,-0.000809,-0.000651,0.001022,0.000890,0.044177,0.023582,-0.000064,0.000021,0.000000,0.000000,-0.000000,-0.000000,0.000000,0.196350,0.000000,0.021817,0.000000,-0.000000,0.000000,-0.000000,0.000000,0.000000,0.000000,0.000000,0.000000,0.000000,0.000000,0.000000,0.000000,0.000000,0.000000,0.000000,0.000000,0.000000,0.000000,0.000000,0.000000,0.000000,0.000000,0.000000,0.000000,0.000000,0.000000,0.000000
1789149945.328868,-0.000353,0.000238,-0.000003,0.004851,-0.001497,-0.007195,0.003262,0.000010,-0.999995,0.000000,0.000000,0.000000,-0.000524,-0.000090,-0.000742,0.000044,-0.000809,-0.000446,0.001022,0.000809,0.044177,0.023582,-0.000064,0.000021,0.000000,0.000000,-0.000000,-0.000000,0.000000,0.130900,0.000000,-0.021817,0.000000,-0.000000,0.000000,-0.000000,0.000000,0.000000,0.000000,0.000000,0.000000,0.000000,0.000000,0.000000,0.000000,0.000000,0.000000,0.000000,0.000000,0.000000,0.000000,0.000000,0.000000,0.000000,0.000000,0.000000,0.000000,0.000000,0.000000,0.000000
1789149945.348859,-0.000403,0.000334,0.000005,0.005118,0.000234,-0.004665,0.003347,0.000150,-0.999994,0.000000,0.000000,0.000000,-0.000524,-0.000090,-0.000742,0.000044,-0.000809,-0.000438,0.001022,0.000678,0.044177,0.023582,-0.000064,0.000285,0.000000,0.000000,-0.000000,-0.000000,0.000000,0.043633,0.000000,-0.065450,0.000000,-0.000000,0.000000,-0.000000,0.000000,0.000000,0.000000,0.000000,0.000000,0.000000,0.000000,0.000000,0.000000,0.000000,0.000000,0.000000,0.000000,0.000000,0.000000,0.000000,0.000000,0.000000,0.000000,0.000000,0.000000,0.000000,0.000000,0.000000
1789149945.369042,-0.000366,0.000418,-0.000043,-0.003538,-0.003627,-0.004398,0.003582,0.000225,-0.999994,0.000000,0.000000,0.000000,-0.000524,-0.000090,-0.000742,0.000044,-0.000809,-0.001286,0.001022,0.000053,0.044177,0.023582,-0.000064,0.000285,0.000000,0.000000,-0.000000,-0.000000,0.000000,-0.043633,0.000000,0.065450,0.000000,-0.000000,0.000000,-0.000000,0.000000,0.000000,0.000000,0.000000,0.000000,0.000000,0.000000,0.000000,0.000000,0.000000,0.000000,0.000000,0.000000,0.000000,0.000000,0.000000,0.000000,0.000000,0.000000,0.000000,0.000000,0.000000,0.000000,0.000000
1789149945.388949,-0.000339,0.000471,-0.000030,-0.002472,0.001033,-0.004665,0.003701,0.000284,-0.999993,0.000000,0.000000,0.000000,-0.000524,-0.000090,-0.000742,0.000044,-0.000809,-0.000795,0.001022,0.000501,0.044003,0.023582,-0.000064,0.000285,0.000000,0.000000,-0.000000,-0.000000,0.000000,-0.130900,0.000000,-0.130900,0.000000,-0.000000,0.000000,-0.000000,0.000000,0.000000,0.000000,0.000000,0.000000,0.000000,0.000000,0.000000,0.000000,0.000000,0.000000,0.000000,0.000000,0.000000,0.000000,0.000000,0.000000,0.000000,0.000000,0.000000,0.000000,0.000000,0.000000,0.000000
1789149945.408911,-0.000277,0.000563,-0.000029,0.002188,0.001033,-0.000670,0.003779,0.000353,-0.999993,0.000000,0.000000,0.000000,-0.000524,-0.000090,-0.000742,0.000044,-0.000809,-0.001106,0.001022,0.000416,0.044003,0.023582,-0.000064,0.000285,0.000000,0.000000,-0.000000,-0.000000,0.000000,-0.152716,0.000000,-0.152716,0.000000,-0.000000,0.000000,-0.000000,0.000000,0.000000,0.000000,0.000000,0.000000,0.000000,0.000000,0.000000,0.000000,0.000000,0.000000,0.000000,0.000000,0.000000,0.000000,0.000000,0.000000,0.000000,0.000000,0.000000,0.000000,0.000000,0.000000,0.000000
1789149945.428922,-0.000289,0.000584,-0.000034,-0.001540,0.003563,-0.000137,0.003798,0.000366,-0.999993,0.000000,0.000000,0.000000,-0.000524,-0.000090,-0.000916,0.000044,-0.000634,-0.001090,0.001022,0.000462,0.044003,0.023582,-0.000064,0.000285,0.000000,0.000000,-0.000000,-0.000000,0.000000,-0.043633,0.000000,-0.130900,0.000000,-0.000000,0.000000,-0.000000,0.000000,0.000000,0.000000,0.000000,0.000000,0.000000,0.000000,0.000000,0.000000,0.000000,0.000000,0.000000,0.000000,0.000000,0.000000,0.000000,0.000000,0.000000,0.000000,0.000000,0.000000,0.000000,0.000000,0.000000
1789149945.448946,-0.000218,0.000540,-0.000065,-0.006201,0.002498,-0.001069,0.003769,0.000172,-0.999993,0.000000,0.000000,0.000000,-0.000524,-0.000090,-0.000916,0.000044,-0.000634,-0.001248,0.001022,0.000318,0.044003,0.023847,-0.000064,0.000285,0.000000,0.000000,-0.000000,-0.000000,0.000000,-0.021817,0.000000,-0.152716,0.000000,-0.000000,0.000000,-0.000000,0.000000,0.000000,0.000000,0.000000,0.000000,0.000000,0.000000,0.000000,0.000000,0.000000,0.000000,0.000000,0.000000,0.000000,0.000000,0.000000,0.000000,0.000000,0.000000,0.000000,0.000000,0.000000,0.000000,0.000000
1789149945.468875,-0.000086,0.000433,-0.000132,0.000457,0.003430,-0.001203,0.003692,0.000010,-0.999993,0.000000,0.000000,0.000000,-0.000524,-0.000090,-0.000916,0.000044,-0.000634,-0.000942,0.001022,0.000062,0.044003,0.023724,-0.000064,0.000285,0.000000,0.000000,-0.000000,-0.000000,0.000000,0.109083,0.000000,-0.152716,0.000000,-0.021817,0.000000,-0.000000,0.000000,0.000000,0.000000,0.000000,0.000000,0.000000,0.000000,0.000000,0.000000,0.000000,0.000000,0.000000,0.000000,0.000000,0.000000,0.000000,0.000000,0.000000,0.000000,0.000000,0.000000,0.000000,0.000000,0.000000
1789149945.488886,0.000034,0.000341,-0.000166,-0.004070,0.002232,-0.000670,0.003643,-0.000218,-0.999993,0.000000,0.000000,0.000000,-0.000524,-0.000090,-0.000916,0.000044,-0.000634,-0.000454,0.001022,0.000050,0.044003,0.024021,-0.000064,0.000285,0.000000,0.000000,-0.000000,-0.000000,0.000000,0.174533,0.000000,-0.196350,0.000000,-0.000000,0.000000,-0.000000,0.000000,0.000000,0.000000,0.000000,0.000000,0.000000,0.000000,0.000000,0.000000,0.000000,0.000000,0.000000,0.000000,0.000000,0.000000,0.000000,0.000000,0.000000,0.000000,0.000000,0.000000,0.000000,0.000000,0.000000
1789149945.508886,0.000034,0.000341,-0.000166,-0.001008,-0.000565,-0.002002,0.003672,-0.000299,-0.999993,0.000000,0.000000,0.000000,-0.000524,-0.000090,-0.000916,0.000044,-0.000634,-0.000285,0.001022,-0.000135,0.044003,0.024021,-0.000064,0.000285,0.000000,0.000000,-0.000000,-0.000000,0.000000,0.065450,0.000000,-0.174533,0.000000,-0.000000,0.000000,-0.000000,0.000000,0.000000,0.000000,0.000000,0.000000,0.000000,0.000000,0.000000,0.000000,0.000000,0.000000,0.000000,0.000000,0.000000,0.000000,0.000000,0.000000,0.000000,0.000000,0.000000,0.000000,0.000000,0.000000,0.000000
1789149945.528849,0.000127,-0.000147,-0.000143,-0.004070,-0.002029,-0.001868,0.003780,-0.000283,-0.999993,0.000000,0.000000,0.000000,-0.000524,-0.000090,-0.000074,0.000044,-0.000634,-0.000441,0.001022,0.000031,0.044003,0.023757,-0.000064,0.000285,0.000000,0.000000,0.043633,-0.000000,0.000000,0.021817,0.000000,-0.109083,0.000000,-0.000000,0.000000,-0.000000,0.000000,0.000000,0.000000,0.000000,0.000000,0.000000,0.000000,0.000000,0.000000,0.000000,0.000000,0.000000,0.000000,0.000000,0.000000,0.000000,0.000000,0.000000,0.000000,0.000000,0.000000,0.000000,0.000000,0.000000
1789149945.548849,0.000217,-0.000304,-0.000137,0.003653,-0.001497,0.000262,0.003865,-0.000068,-0.999993,0.000000,0.000000,0.000000,-0.000349,-0.000090,0.000355,0.000044,-0.000634,-0.000470,0.001022,0.000048,0.044003,0.023582,-0.000064,0.000285,0.000000,0.000000,0.043633,-0.000000,0.000000,-0.065450,0.000000,-0.109083,0.000000,-0.000000,0.000000,-0.000000,0.000000,0.000000,0.000000,0.000000,0.000000,0.000000,0.000000,0.000000,0.000000,0.000000,0.000000,0.000000,0.000000,0.000000,0.000000,0.000000,0.000000,0.000000,0.000000,0.000000,0.000000,0.000000,0.000000,0.000000
1789149945.568878,0.000406,-0.000585,-0.000136,-0.001008,0.005827,0.006254,0.003748,-0.000158,-0.999993,0.000000,0.000000,0.000000,-0.000349,-0.000090,0.000649,0.000044,-0.000460,-0.001081,0.001022,0.000050,0.044003,0.023582,-0.000064,-0.000004,0.000000,0.000000,0.021817,-0.000000,0.000000,-0.130900,0.000000,-0.087266,0.000000,-0.000000,0.000000,-0.043633,0.000000,0.000000,0.000000,0.000000,0.000000,0.000000,0.000000,0.000000,0.000000,0.000000,0.000000,0.000000,0.000000,0.000000,0.000000,0.000000,0.000000,0.000000,0.000000,0.000000,0.000000,0.000000,0.000000,0.000000
1789149945.588817,0.000515,-0.000819,-0.000122,-0.002206,0.006759,0.006654,0.003527,-0.000270,-0.999994,0.000000,0.000000,0.000000,-0.000349,-0.000090,0.000788,0.000044,-0.000460,-0.001098,0.001022,-0.000113,0.044003,0.023432,-0.000064,0.000021,0.000000,0.000000,-0.000000,-0.000000,0.000000,-0.065450,0.000000,-0.065450,0.000000,-0.021817,0.000000,-0.000000,0.000000,0.000000,0.000000,0.000000,0.000000,0.000000,0.000000,0.000000,0.000000,0.000000,0.000000,0.000000,0.000000,0.000000,0.000000,0.000000,0.000000,0.000000,0.000000,0.000000,0.000000,0.000000,0.000000,0.000000
1789149945.608828,0.000603,-0.001039,-0.000139,-0.001807,0.002232,0.005455,0.003438,-0.000435,-0.999994,0.000000,0.000000,0.000000,-0.000349,-0.000090,0.001189,0.000044,-0.000460,-0.001100,0.001022,-0.000119,0.044003,0.023408,-0.000064,0.000021,0.000000,0.000000,0.021817,-0.000000,0.000000,-0.021817,0.000000,-0.065450,0.000000,-0.000000,0.000000,-0.000000,0.000000,0.000000,0.000000,0.000000,0.000000,0.000000,0.000000,0.000000,0.000000,0.000000,0.000000,0.000000,0.000000,0.000000,0.000000,0.000000,0.000000,0.000000,0.000000,0.000000,0.000000,0.000000,0.000000,0.000000
1789149945.628822,0.000603,-0.001039,-0.000139,-0.001540,0.002897,0.005988,0.003351,-0.000636,-0.999994,0.000000,0.000000,0.000000,-0.000175,-0.000090,0.001486,0.000044,-0.000460,-0.001209,0.001022,-0.000154,0.044003,0.023408,-0.000064,-0.000045,0.000000,0.000000,-0.000000,-0.000000,0.000000,-0.000000,0.000000,-0.065450,0.000000,-0.000000,0.000000,-0.021817,0.000000,0.000000,0.000000,0.000000,0.000000,0.000000,0.000000,0.000000,0.000000,0.000000,0.000000,0.000000,0.000000,0.000000,0.000000,0.000000,0.000000,0.000000,0.000000,0.000000,0.000000,0.000000,0.000000,0.000000
1789149945.648893,0.000105,-0.000701,-0.000031,0.004052,0.005161,0.004790,0.003219,-0.000625,-0.999995,0.000000,0.000000,0.000000,-0.000175,-0.000090,0.001614,0.000044,-0.000460,-0.000833,0.001022,-0.000135,0.044003,0.023408,-0.000064,-0.000154,0.000000,0.000000,0.021817,-0.000000,0.000000,0.087266,0.000000,-0.109083,0.000000,-0.000000,0.000000,-0.000000,0.000000,0.000000,0.000000,0.000000,0.000000,0.000000,0.000000,0.000000,0.000000,0.000000,0.000000,0.000000,0.000000,0.000000,0.000000,0.000000,0.000000,0.000000,0.000000,0.000000,0.000000,0.000000,0.000000,0.000000
1789149945.668942,0.000015,-0.000723,0.000020,-0.007799,-0.000032,0.001594,0.003272,-0.000768,-0.999994,0.000000,0.000000,0.000000,-0.000175,-0.000090,0.002010,0.000044,-0.000460,-0.000441,0.001022,-0.000124,0.044003,0.023233,0.000222,-0.000154,0.000000,0.000000,-0.000000,-0.000000,0.000000,0.152716,0.000000,-0.130900,0.000000,-0.000000,0.065450,-0.000000,0.000000,0.000000,0.000000,0.000000,0.000000,0.000000,0.000000,0.000000,0.000000,0.000000,0.000000,0.000000,0.000000,0.000000,0.000000,0.000000,0.000000,0.000000,0.000000,0.000000,0.000000,0.000000,0.000000,0.000000
1789149945.688976,0.000032,-0.000782,0.000009,-0.002739,-0.005358,-0.001735,0.003485,-0.000808,-0.999994,0.000000,0.000000,0.000000,-0.000175,-0.000090,0.002010,0.000044,-0.000460,-0.000424,0.001022,-0.000328,0.044003,0.023233,0.000244,-0.000154,0.000000,0.000000,-0.000000,-0.000000,0.000000,0.065450,0.000000,-0.174533,0.000000,-0.000000,0.000000,-0.000000,0.000000,0.000000,0.000000,0.000000,0.000000,0.000000,0.000000,0.000000,0.000000,0.000000,0.000000,0.000000,0.000000,0.000000,0.000000,0.000000,0.000000,0.000000,0.000000,0.000000,0.000000,0.000000,0.000000,0.000000
1789149945.708905,0.000078,-0.000821,-0.000002,-0.004070,0.000767,-0.001069,0.003573,-0.000874,-0.999993,0.000000,0.000000,0.000000,-0.000175,-0.000090,0.002010,0.000044,-0.000460,-0.000441,0.001022,-0.000127,0.044003,0.023233,0.000244,-0.000214,0.000000,0.000000,-0.000000,-0.000000,0.000000,0.021817,0.000000,-0.130900,0.000000,-0.000000,0.000000,-0.021817,0.000000,0.000000,0.000000,0.000000,0.000000,0.000000,0.000000,0.000000,0.000000,0.000000,0.000000,0.000000,0.000000,0.000000,0.000000,0.000000,0.000000,0.000000,0.000000,0.000000,0.000000,0.000000,0.000000,0.000000
1789149945.728866,0.000133,-0.000847,-0.000014,-0.003138,0.003430,-0.003733,0.003584,-0.000917,-0.999993,0.000000,0.000000,0.000000,-0.000175,-0.000090,0.002010,0.000044,-0.000460,-0.000631,0.001022,-0.000192,0.044003,0.023233,0.000244,-0.000329,0.000000,0.000000,-0.000000,-0.000000,0.000000,-0.130900,0.000000,-0.174533,0.000000,-0.000000,0.000000,-0.000000,0.000000,0.000000,0.000000,0.000000,0.000000,0.000000,0.000000,0.000000,0.000000,0.000000,0.000000,0.000000,0.000000,0.000000,0.000000,0.000000,0.000000,0.000000,0.000000,0.000000,0.000000,0.000000,0.000000,0.000000
1789149945.748902,0.000154,-0.000766,0.000006,-0.001141,0.002631,-0.005464,0.003602,-0.001059,-0.999993,0.000000,0.000000,0.000000,-0.000175,-0.000090,0.002184,0.000044,-0.000460,-0.001261,0.001022,-0.000140,0.044003,0.023059,0.000244,-0.000329,0.000000,0.000000,-0.000000,-0.000000,0.000000,-0.152716,0.000000,-0.152716,0.000000,-0.000000,0.000000,-0.000000,0.000000,0.000000,0.000000,0.000000,0.000000,0.000000,0.000000,0.000000,0.000000,0.000000,0.000000,0.000000,0.000000,0.000000,0.000000,0.000000,0.000000,0.000000,0.000000,0.000000,0.000000,0.000000,0.000000,0.000000
1789149945.768775,0.000134,-0.000707,-0.000007,0.007115,0.002764,-0.004398,0.003485,-0.001133,-0.999993,0.000000,0.000000,0.000000,-0.000175,-0.000090,0.002184,0.000044,-0.000460,-0.001253,0.001022,0.000141,0.044003,0.023059,0.000244,-0.000329,0.000000,0.000000,-0.000000,-0.000000,0.000000,-0.043633,0.000000,-0.065450,0.000000,-0.000000,0.000000,-0.000000,0.000000,0.000000,0.000000,0.000000,0.000000,0.000000,0.000000,0.000000,0.000000,0.000000,0.000000,0.000000,0.000000,0.000000,0.000000,0.000000,0.000000,0.000000,0.000000,0.000000,0.000000,0.000000,0.000000,0.000000
1789149945.789042,0.000083,-0.000455,-0.000061,-0.004470,0.003031,-0.005597,0.003410,-0.001385,-0.999993,0.000000,0.000000,0.000000,-0.000175,-0.000090,0.002184,0.000044,-0.000255,-0.001040,0.001022,0.000329,0.044003,0.023059,0.000244,-0.000329,0.000000,0.000000,-0.000000,-0.000000,0.021817,0.087266,0.000000,-0.000000,0.000000,-0.000000,0.000000,-0.000000,0.000000,0.000000,0.000000,0.000000,0.000000,0.000000,0.000000,0.000000,0.000000,0.000000,0.000000,0.000000,0.000000,0.000000,0.000000,0.000000,0.000000,0.000000,0.000000,0.000000,0.000000,0.000000,0.000000,0.000000
1789149945.808970,-0.000040,-0.000114,0.000018,-0.001008,-0.000698,-0.009325,0.003464,-0.001490,-0.999993,0.000000,0.000000,0.000000,-0.000175,-0.000090,0.002184,0.000044,-0.000285,-0.000402,0.001022,0.000503,0.044003,0.023059,0.000244,-0.000329,0.000000,0.000000,-0.000000,-0.000000,0.000000,0.218166,0.000000,-0.000000,0.000000,-0.000000,0.000000,-0.000000,0.000000,0.000000,0.000000,0.000000,0.000000,0.000000,0.000000,0.000000,0.000000,0.000000,0.000000,0.000000,0.000000,0.000000,0.000000,0.000000,0.000000,0.000000,0.000000,0.000000,0.000000,0.000000,0.000000,0.000000
1789149945.828875,-0.000116,0.000152,-0.000009,-0.001274,-0.002163,-0.007594,0.003621,-0.001558,-0.999992,0.000000,0.000000,0.000000,-0.000175,-0.000090,0.001238,0.000044,-0.000285,-0.000271,0.001022,0.000503,0.044003,0.023059,0.000244,-0.000329,0.000000,0.000000,-0.065450,-0.000000,0.000000,0.087266,0.000000,-0.000000,0.000000,-0.000000,0.000000,-0.000000,0.000000,0.000000,0.000000,0.000000,0.000000,0.000000,0.000000,0.000000,0.000000,0.000000,0.000000,0.000000,0.000000,0.000000,0.000000,0.000000,0.000000,0.000000,0.000000,0.000000,0.000000,0.000000,0.000000,0.000000
1789149945.848862,-0.000170,0.000293,-0.000037,0.003919,0.000234,-0.007594,0.003732,-0.001367,-0.999992,0.000000,0.000000,0.000000,-0.000175,-0.000090,0.001178,0.000044,-0.000285,-0.000285,0.001022,0.000541,0.044003,0.023059,0.000244,-0.000329,0.000000,0.000000,-0.000000,-0.000000,0.000000,0.021817,0.000000,0.021817,0.000000,-0.000000,0.000000,-0.000000,0.000000,0.000000,0.000000,0.000000,0.000000,0.000000,0.000000,0.000000,0.000000,0.000000,0.000000,0.000000,0.000000,0.000000,0.000000,0.000000,0.000000,0.000000,0.000000,0.000000,0.000000,0.000000,0.000000,0.000000
1789149945.869012,-0.000490,0.000880,0.000035,0.006582,0.002764,-0.008793,0.003827,-0.001087,-0.999992,0.000000,0.000000,0.000000,-0.000175,-0.000090,0.001178,0.000044,-0.000285,-0.000285,0.001022,0.000517,0.044003,0.023323,0.000244,0.000135,0.000000,0.000000,-0.000000,-0.000000,0.000000,-0.000000,0.000000,0.021817,0.000000,-0.000000,0.000000,0.021817,0.000000,0.000000,0.000000,0.000000,0.000000,0.000000,0.000000,0.000000,0.000000,0.000000,0.000000,0.000000,0.000000,0.000000,0.000000,0.000000,0.000000,0.000000,0.000000,0.000000,0.000000,0.000000,0.000000,0.000000
1789149945.888851,-0.000648,0.001147,0.000003,-0.005269,-0.002029,-0.005863,0.004048,-0.001108,-0.999991,0.000000,0.000000,0.000000,-0.000175,-0.000090,0.000655,0.000044,-0.000285,-0.000899,0.001022,0.000536,0.044003,0.023672,0.000244,0.000110,0.000000,0.000000,-0.000000,-0.000000,0.000000,-0.196350,0.000000,0.043633,0.000000,-0.000000,0.000000,-0.000000,0.000000,0.000000,0.000000,0.000000,0.000000,0.000000,0.000000,0.000000,0.000000,0.000000,0.000000,0.000000,0.000000,0.000000,0.000000,0.000000,0.000000,0.000000,0.000000,0.000000,0.000000,0.000000,0.000000,0.000000
1789149945.908971,-0.000803,0.001392,-0.000023,0.003520,0.003031,-0.006396,0.004072,-0.001076,-0.999991,0.000000,0.000000,0.000000,-0.000175,-0.000090,-0.000016,-0.000166,-0.000285,-0.001278,0.001022,0.000514,0.044003,0.023672,-0.000080,0.000110,0.000000,0.000000,-0.021817,-0.021817,0.000000,-0.218166,0.000000,0.043633,0.000000,-0.000000,-0.021817,-0.000000,0.000000,0.000000,0.000000,0.000000,0.000000,0.000000,0.000000,0.000000,0.000000,0.000000,0.000000,0.000000,0.000000,0.000000,0.000000,0.000000,0.000000,0.000000,0.000000,0.000000,0.000000,0.000000,0.000000,0.000000
1789149945.928964,-0.000819,0.001505,-0.000060,0.002454,0.010887,-0.005597,0.003921,-0.001088,-0.999992,0.000000,0.000000,0.000000,-0.000175,-0.000090,-0.000393,-0.000131,-0.000285,-0.000918,0.001022,0.000536,0.044003,0.023672,-0.000064,0.000110,0.000000,0.000000,-0.000000,-0.000000,0.000000,-0.043633,0.000000,0.065450,0.000000,-0.000000,0.000000,-0.000000,0.000000,0.000000,0.000000,0.000000,0.000000,0.000000,0.000000,0.000000,0.000000,0.000000,0.000000,0.000000,0.000000,0.000000,0.000000,0.000000,0.000000,0.000000,0.000000,0.000000,0.000000,0.000000,0.000000,0.000000
1789149945.948809,-0.000875,0.001600,-0.000042,-0.003405,0.005427,-0.006662,0.003832,-0.001176,-0.999992,0.000000,0.000000,0.000000,-0.000175,-0.000090,-0.001080,-0.000131,-0.000285,-0.000751,0.000847,0.000694,0.044003,0.023408,-0.000064,0.000217,0.000000,0.000000,-0.021817,-0.000000,0.000000,-0.021817,0.000000,0.130900,0.000000,-0.000000,0.000000,0.021817,0.000000,0.000000,0.000000,0.000000,0.000000,0.000000,0.000000,0.000000,0.000000,0.000000,0.000000,0.000000,0.000000,0.000000,0.000000,0.000000,0.000000,0.000000,0.000000,0.000000,0.000000,0.000000,0.000000,0.000000
1789149945.968745,-0.000934,0.001646,-0.000046,0.006183,0.000900,-0.005996,0.003813,-0.001149,-0.999992,0.000000,0.000000,0.000000,-0.000175,-0.000090,-0.001342,-0.000131,-0.000285,-0.000926,0.000847,0.000702,0.044003,0.023408,-0.000064,0.000285,0.000000,0.000000,-0.021817,-0.000000,0.000000,-0.021817,0.000000,0.109083,0.000000,-0.000000,0.000000,-0.000000,0.000000,0.000000,0.000000,0.000000,0.000000,0.000000,0.000000,0.000000,0.000000,0.000000,0.000000,0.000000,0.000000,0.000000,0.000000,0.000000,0.000000,0.000000,0.000000,0.000000,0.000000,0.000000,0.000000,0.000000
1789149945.988804,-0.001008,0.001709,-0.000037,0.008580,0.003963,-0.003733,0.003679,-0.001034,-0.999993,0.000000,0.000000,0.000000,-0.000175,-0.000090,-0.001440,-0.000131,-0.000285,-0.000481,0.000847,0.000713,0.044003,0.023408,-0.000225,0.000285,0.000000,0.000000,-0.000000,-0.000000,0.000000,0.130900,0.000000,0.109083,0.000000,-0.000000,-0.021817,-0.000000,0.000000,0.000000,0.000000,0.000000,0.000000,0.000000,0.000000,0.000000,0.000000,0.000000,0.000000,0.000000,0.000000,0.000000,0.000000,0.000000,0.000000,0.000000,0.000000,0.000000,0.000000,0.000000,0.000000,0.000000
1789149946.008766,-0.000853,0.001360,-0.000042,0.003387,0.006359,-0.003599,0.003575,-0.000928,-0.999993,0.000000,0.000000,0.000000,-0.000175,-0.000090,-0.001440,-0.000131,-0.000285,-0.000100,0.000847,0.000852,0.043828,0.023408,-0.000239,0.000285,0.000000,0.000000,-0.000000,-0.000000,0.000000,0.174533,0.000000,0.087266,0.000000,-0.000000,0.000000,-0.000000,0.000000,0.000000,0.000000,0.000000,0.000000,0.000000,0.000000,0.000000,0.000000,0.000000,0.000000,0.000000,0.000000,0.000000,0.000000,0.000000,0.000000,0.000000,0.000000,0.000000,0.000000,0.000000,0.000000,0.000000
1789149946.028762,-0.000789,0.001177,-0.000027,0.003387,0.001033,-0.002800,0.003607,-0.000789,-0.999993,0.000000,0.000000,0.000000,-0.000175,-0.000090,-0.001614,-0.000131,-0.000285,-0.000263,0.000847,0.000675,0.043828,0.023408,-0.000413,0.000285,0.000000,0.000000,-0.000000,-0.000000,0.000000,0.043633,0.000000,0.065450,0.000000,-0.000000,0.000000,-0.000000,0.000000,0.000000,0.000000,0.000000,0.000000,0.000000,0.000000,0.000000,0.000000,0.000000,0.000000,0.000000,0.000000,0.000000,0.000000,0.000000,0.000000,0.000000,0.000000,0.000000,0.000000,0.000000,0.000000,0.000000
1789149946.049223,-0.000682,0.000966,-0.000084,0.005917,0.002897,0.001461,0.003610,-0.000598,-0.999993,0.000000,0.000000,0.000000,-0.000175,-0.000090,-0.001614,-0.000131,-0.000285,-0.000269,0.000673,0.000678,0.043828,0.023408,-0.000413,0.000285,0.000000,0.000000,-0.000000,-0.000000,0.000000,0.043633,0.000000,0.043633,0.000000,-0.000000,0.000000,-0.000000,0.000000,0.000000,0.000000,0.000000,0.000000,0.000000,0.000000,0.000000,0.000000,0.000000,0.000000,0.000000,0.000000,0.000000,0.000000,0.000000,0.000000,0.000000,0.000000,0.000000,0.000000,0.000000,0.000000,0.000000
1789149946.068939,-0.000491,0.000565,-0.000154,0.002721,0.002897,0.003724,0.003605,-0.000402,-0.999993,0.000000,0.000000,0.000000,-0.000175,-0.000090,-0.001614,-0.000131,-0.000285,-0.000263,0.000673,0.000683,0.043828,0.023408,-0.000413,0.000285,0.000000,0.000000,-0.000000,-0.000000,0.000000,0.021817,0.000000,0.043633,0.000000,-0.000000,0.000000,-0.000000,0.000000,0.000000,0.000000,0.000000,0.000000,0.000000,0.000000,0.000000,0.000000,0.000000,0.000000,0.000000,0.000000,0.000000,0.000000,0.000000,0.000000,0.000000,0.000000,0.000000,0.000000,0.000000,0.000000,0.000000
1789149946.088948,-0.000417,0.000327,-0.000139,0.000324,0.002631,0.003458,0.003680,-0.000350,-0.999993,0.000000,0.000000,0.000000,-0.000175,-0.000090,-0.001614,-0.000131,-0.000285,-0.000285,0.000673,0.000509,0.043828,0.023408,-0.000413,0.000285,0.000000,0.000000,-0.000000,-0.000000,0.000000,-0.000000,0.000000,0.021817,0.000000,-0.000000,0.000000,-0.000000,0.000000,0.000000,0.000000,0.000000,0.000000,0.000000,0.000000,0.000000,0.000000,0.000000,0.000000,0.000000,0.000000,0.000000,0.000000,0.000000,0.000000,0.000000,0.000000,0.000000,0.000000,0.000000,0.000000,0.000000
1789149946.109023,-0.000348,0.000090,-0.000145,-0.001807,0.000900,0.006387,0.003806,-0.000280,-0.999993,0.000000,0.000000,0.000000,-0.000175,-0.000090,-0.001614,-0.000131,-0.000285,-0.000285,0.000673,0.000506,0.043828,0.023408,-0.000413,0.000285,0.000000,0.000000,-0.000000,-0.000000,0.000000,-0.000000,0.000000,0.021817,0.000000,-0.000000,0.000000,-0.000000,0.000000,0.000000,0.000000,0.000000,0.000000,0.000000,0.000000,0.000000,0.000000,0.000000,0.000000,0.000000,0.000000,0.000000,0.000000,0.000000,0.000000,0.000000,0.000000,0.000000,0.000000,0.000000,0.000000,0.000000
1789149946.128945,-0.000142,-0.000259,-0.000139,0.000590,0.000767,0.005455,0.003930,-0.000160,-0.999992,0.000000,0.000000,0.000000,-0.000175,-0.000090,-0.001614,-0.000131,-0.000285,-0.000457,0.000673,0.000517,0.043828,0.023408,-0.000413,0.000285,0.000000,0.000000,-0.000000,-0.000000,0.000000,-0.065450,0.000000,0.021817,0.000000,-0.000000,0.000000,-0.000000,0.000000,0.000000,0.000000,0.000000,0.000000,0.000000,0.000000,0.000000,0.000000,0.000000,0.000000,0.000000,0.000000,0.000000,0.000000,0.000000,0.000000,0.000000,0.000000,0.000000,0.000000,0.000000,0.000000,0.000000
1789149946.148973,0.000074,-0.000497,-0.000154,0.001789,0.000767,0.005588,0.004011,-0.000011,-0.999992,0.000000,0.000000,0.000000,-0.000175,-0.000090,-0.000777,-0.000131,-0.000285,-0.000762,0.000673,0.000536,0.043828,0.023408,-0.000413,0.000285,0.000000,0.000000,0.043633,-0.000000,0.000000,-0.087266,0.000000,0.043633,0.000000,-0.000000,0.000000,-0.000000,0.000000,0.000000,0.000000,0.000000,0.000000,0.000000,0.000000,0.000000,0.000000,0.000000,0.000000,0.000000,0.000000,0.000000,0.000000,0.000000,0.000000,0.000000,0.000000,0.000000,0.000000,0.000000,0.000000,0.000000
1789149946.169070,0.000109,-0.000653,-0.000099,0.004851,0.003031,0.005722,0.004018,0.000104,-0.999992,0.000000,0.000000,0.000000,-0.000175,-0.000090,-0.000322,-0.000131,-0.000285,-0.000910,0.000673,0.000356,0.043828,0.023408,-0.000413,0.000285,0.000000,0.000000,0.021817,-0.000000,0.000000,-0.087266,0.000000,0.021817,0.000000,-0.000000,0.000000,-0.000000,0.000000,0.000000,0.000000,0.000000,0.000000,0.000000,0.000000,0.000000,0.000000,0.000000,0.000000,0.000000,0.000000,0.000000,0.000000,0.000000,0.000000,0.000000,0.000000,0.000000,0.000000,0.000000,0.000000,0.000000
1789149946.188999,0.000223,-0.000754,-0.000073,-0.006068,0.001299,0.003857,0.004047,-0.000209,-0.999992,0.000000,0.000000,0.000000,-0.000175,-0.000090,-0.000084,-0.000131,-0.000285,-0.000899,0.000673,0.000340,0.043828,0.023408,-0.000413,0.000285,0.000000,0.000000,-0.000000,-0.000000,0.000000,-0.021817,0.000000,0.043633,0.000000,-0.000000,0.000000,-0.000000,0.000000,0.000000,0.000000,0.000000,0.000000,0.000000,0.000000,0.000000,0.000000,0.000000,0.000000,0.000000,0.000000,0.000000,0.000000,0.000000,0.000000,0.000000,0.000000,0.000000,0.000000,0.000000,0.000000,0.000000
1789149946.209040,0.000570,-0.000989,-0.000124,-0.000875,-0.000565,0.003325,0.004084,-0.000290,-0.999992,0.000000,0.000000,0.000000,-0.000175,-0.000090,0.000346,-0.000131,-0.000285,-0.000929,0.000673,0.000334,0.043828,0.023408,-0.000124,0.000021,0.000000,0.000000,0.021817,-0.000000,0.000000,-0.021817,0.000000,0.087266,0.000000,-0.000000,0.043633,-0.000000,0.000000,0.000000,0.000000,0.000000,0.000000,0.000000,0.000000,0.000000,0.000000,0.000000,0.000000,0.000000,0.000000,0.000000,0.000000,0.000000,0.000000,0.000000,0.000000,0.000000,0.000000,0.000000,0.000000,0.000000
1789149946.228921,0.000740,-0.001101,-0.000145,0.001389,0.002897,0.003325,0.004071,-0.000317,-0.999992,0.000000,0.000000,0.000000,-0.000175,-0.000090,0.000788,-0.000131,-0.000285,-0.000899,0.000673,0.000315,0.043828,0.023217,-0.000105,-0.000132,0.000000,0.000000,-0.000000,-0.000000,0.000000,-0.000000,0.000000,0.130900,0.000000,-0.021817,0.000000,0.065450,0.000000,0.000000,0.000000,0.000000,0.000000,0.000000,0.000000,0.000000,0.000000,0.000000,0.000000,0.000000,0.000000,0.000000,0.000000,0.000000,0.000000,0.000000,0.000000,0.000000,0.000000,0.000000,0.000000,0.000000
1789149946.248912,0.000914,-0.001194,-0.000159,0.008713,0.005161,0.002393,0.004053,-0.000255,-0.999992,0.000000,0.000000,0.000000,-0.000175,-0.000090,0.001107,-0.000131,-0.000285,-0.000683,0.000673,0.000192,0.043828,0.023233,-0.000105,-0.000329,0.000000,0.000000,0.043633,-0.000000,0.000000,0.087266,0.000000,0.109083,0.000000,-0.000000,0.000000,-0.000000,0.000000,0.000000,0.000000,0.000000,0.000000,0.000000,0.000000,0.000000,0.000000,0.000000,0.000000,0.000000,0.000000,0.000000,0.000000,0.000000,0.000000,0.000000,0.000000,0.000000,0.000000,0.000000,0.000000,0.000000
1789149946.268905,0.001038,-0.001261,-0.000174,0.005783,0.004762,0.002526,0.004049,-0.000152,-0.999992,0.000000,0.000000,0.000000,-0.000175,-0.000090,0.001486,-0.000131,-0.000285,-0.000271,0.000673,0.000258,0.043828,0.023233,0.000031,-0.000064,0.000000,0.000000,-0.000000,-0.000000,0.000000,0.087266,0.000000,0.152716,0.000000,-0.000000,0.021817,-0.000000,0.000000,0.000000,0.000000,0.000000,0.000000,0.000000,0.000000,0.000000,0.000000,0.000000,0.000000,0.000000,0.000000,0.000000,0.000000,0.000000,0.000000,0.000000,0.000000,0.000000,0.000000,0.000000,0.000000,0.000000
1789149946.288900,0.001061,-0.001319,-0.000193,-0.002606,-0.003361,0.003192,0.004224,-0.000057,-0.999991,0.000000,0.000000,0.000000,-0.000175,-0.000090,0.001486,-0.000131,-0.000285,-0.000912,0.000673,0.000124,0.043828,0.023233,0.000070,-0.000064,0.000000,0.000000,-0.000000,-0.000000,0.000000,-0.109083,0.000000,-0.109083,0.000000,-0.000000,0.000000,-0.000000,0.000000,0.000000,0.000000,0.000000,0.000000,0.000000,0.000000,0.000000,0.000000,0.000000,0.000000,0.000000,0.000000,0.000000,0.000000,0.000000,0.000000,0.000000,0.000000,0.000000,0.000000,0.000000,0.000000,0.000000
1789149946.309000,0.001038,-0.001311,-0.000164,0.000324,0.000900,0.001194,0.004337,0.000087,-0.999991,0.000000,0.000000,0.000000,-0.000175,-0.000090,0.001606,-0.000131,-0.000285,-0.000269,0.000673,-0.000154,0.043828,0.023233,0.000070,-0.000329,0.000000,0.000000,0.021817,-0.000000,0.000000,0.021817,0.000000,-0.000000,0.000000,-0.000000,0.000000,-0.000000,0.000000,0.000000,0.000000,0.000000,0.000000,0.000000,0.000000,0.000000,0.000000,0.000000,0.000000,0.000000,0.000000,0.000000,0.000000,0.000000,0.000000,0.000000,0.000000,0.000000,0.000000,0.000000,0.000000,0.000000
1789149946.328892,0.000962,-0.001274,-0.000126,0.004319,0.007558,0.001061,0.004324,0.000132,-0.999991,0.000000,0.000000,0.000000,-0.000008,-0.000090,0.001661,-0.000131,-0.000285,-0.000285,0.000673,-0.000154,0.043828,0.023233,0.000070,-0.000329,0.021817,0.000000,-0.000000,-0.000000,0.000000,-0.000000,0.000000,-0.000000,0.000000,-0.000000,0.000000,-0.000000,0.000000,0.000000,0.000000,0.000000,0.000000,0.000000,0.000000,0.000000,0.000000,0.000000,0.000000,0.000000,0.000000,0.000000,0.000000,0.000000,0.000000,0.000000,0.000000,0.000000,0.000000,0.000000,0.000000,0.000000
1789149946.348973,0.000894,-0.001253,-0.000110,0.003520,0.005294,0.001461,0.004282,0.000177,-0.999991,0.000000,0.000000,0.000000,-0.000000,-0.000090,0.001846,-0.000131,-0.000285,-0.000285,0.000673,-0.000487,0.043828,0.023059,0.000070,-0.000329,0.000000,0.000000,0.021817,-0.000000,0.000000,-0.000000,0.000000,-0.043633,0.000000,-0.000000,0.000000,-0.000000,0.000000,0.000000,0.000000,0.000000,0.000000,0.000000,0.000000,0.000000,0.000000,0.000000,0.000000,0.000000,0.000000,0.000000,0.000000,0.000000,0.000000,0.000000,0.000000,0.000000,0.000000,0.000000,0.000000,0.000000
1789149946.369038,0.000598,-0.001018,-0.000164,-0.003804,0.004495,-0.000803,0.004215,0.000170,-0.999991,0.000000,0.000000,0.000000,-0.000000,-0.000090,0.001835,-0.000131,-0.000285,-0.000481,0.000673,-0.000468,0.043828,0.023059,0.000070,-0.000329,0.000000,0.000000,-0.000000,-0.000000,0.000000,-0.065450,0.000000,-0.021817,0.000000,-0.000000,0.000000,-0.000000,0.000000,0.000000,0.000000,0.000000,0.000000,0.000000,0.000000,0.000000,0.000000,0.000000,0.000000,0.000000,0.000000,0.000000,0.000000,0.000000,0.000000,0.000000,0.000000,0.000000,0.000000,0.000000,0.000000,0.000000
1789149946.388948,0.000444,-0.000919,-0.000169,-0.000475,0.006226,-0.004532,0.004134,0.000054,-0.999991,0.000000,0.000000,0.000000,-0.000000,-0.000090,0.001353,-0.000131,-0.000285,-0.000874,0.000673,-0.000465,0.043828,0.023059,0.000070,-0.000329,0.000000,0.000000,-0.000000,-0.000000,0.000000,-0.174533,0.000000,-0.043633,0.000000,-0.000000,0.000000,-0.000000,0.000000,0.000000,0.000000,0.000000,0.000000,0.000000,0.000000,0.000000,0.000000,0.000000,0.000000,0.000000,0.000000,0.000000,0.000000,0.000000,0.000000,0.000000,0.000000,0.000000,0.000000,0.000000,0.000000,0.000000
1789149946.409058,0.000220,-0.000667,-0.000102,0.004984,0.003563,-0.003067,0.004030,-0.000005,-0.999992,0.000000,0.000000,0.000000,-0.000000,-0.000090,0.001353,-0.000131,-0.000285,-0.000910,0.000673,-0.000503,0.043828,0.023059,0.000070,-0.000329,0.000000,0.000000,-0.000000,-0.000000,0.000000,-0.109083,0.000000,-0.021817,0.000000,-0.000000,0.000000,-0.000000,0.000000,0.000000,0.000000,0.000000,0.000000,0.000000,0.000000,0.000000,0.000000,0.000000,0.000000,0.000000,0.000000,0.000000,0.000000,0.000000,0.000000,0.000000,0.000000,0.000000,0.000000,0.000000,0.000000,0.000000
1789149946.429038,0.000060,-0.000505,-0.000075,0.005118,0.002897,-0.004798,0.003882,0.000037,-0.999992,0.000000,0.000000,0.000000,-0.000000,-0.000090,0.001178,-0.000131,-0.000285,-0.000735,0.000673,-0.000484,0.043828,0.023059,0.000070,-0.000329,0.000000,0.000000,-0.000000,-0.000000,0.000000,-0.021817,0.000000,-0.021817,0.000000,-0.000000,0.000000,-0.000000,0.000000,0.000000,0.000000,0.000000,0.000000,0.000000,0.000000,0.000000,0.000000,0.000000,0.000000,0.000000,0.000000,0.000000,0.000000,0.000000,0.000000,0.000000,0.000000,0.000000,0.000000,0.000000,0.000000,0.000000
1789149946.449001,-0.000113,-0.000319,-0.000002,0.002721,0.004895,-0.006795,0.003692,-0.000038,-0.999993,0.000000,0.000000,0.000000,-0.000000,-0.000090,0.001178,-0.000131,-0.000285,-0.000730,0.000673,-0.000489,0.043828,0.023059,0.000070,-0.000329,0.000000,0.000000,-0.000000,-0.000000,0.000000,-0.065450,0.000000,-0.021817,0.000000,-0.000000,0.000000,-0.000000,0.000000,0.000000,0.000000,0.000000,0.000000,0.000000,0.000000,0.000000,0.000000,0.000000,0.000000,0.000000,0.000000,0.000000,0.000000,0.000000,0.000000,0.000000,0.000000,0.000000,0.000000,0.000000,0.000000,0.000000
1789149946.469028,-0.000266,-0.000060,0.000058,0.006582,0.006093,-0.004532,0.003504,-0.000050,-0.999994,0.000000,0.000000,0.000000,-0.000000,-0.000090,0.000870,-0.000131,-0.000285,-0.000760,0.000673,-0.000328,0.043828,0.023059,0.000070,-0.000329,0.000000,0.000000,-0.021817,-0.000000,0.000000,-0.043633,0.000000,-0.000000,0.000000,-0.000000,0.000000,-0.000000,0.000000,0.000000,0.000000,0.000000,0.000000,0.000000,0.000000,0.000000,0.000000,0.000000,0.000000,0.000000,0.000000,0.000000,0.000000,0.000000,0.000000,0.000000,0.000000,0.000000,0.000000,0.000000,0.000000,0.000000
1789149946.488941,-0.000404,0.000137,0.000067,0.009112,0.005694,-0.002800,0.003290,0.000052,-0.999995,0.000000,0.000000,0.000000,-0.000000,-0.000090,0.000829,-0.000131,-0.000285,-0.000757,0.000673,-0.000470,0.043828,0.023059,0.000070,-0.000329,0.000000,0.000000,-0.000000,-0.000000,0.000000,-0.021817,0.000000,-0.021817,0.000000,-0.000000,0.000000,-0.000000,0.000000,0.000000,0.000000,0.000000,0.000000,0.000000,0.000000,0.000000,0.000000,0.000000,0.000000,0.000000,0.000000,0.000000,0.000000,0.000000,0.000000,0.000000,0.000000,0.000000,0.000000,0.000000,0.000000,0.000000
1789149946.508901,-0.000462,0.000278,-0.000006,0.003786,0.005427,-0.003200,0.003103,0.000019,-0.999995,0.000000,0.000000,0.000000,-0.000000,-0.000090,0.000584,-0.000131,-0.000285,-0.000724,0.000673,-0.000487,0.043828,0.023059,0.000070,-0.000064,0.000000,0.000000,-0.021817,-0.000000,0.000000,-0.000000,0.000000,-0.021817,0.000000,-0.000000,0.000000,-0.000000,0.000000,0.000000,0.000000,0.000000,0.000000,0.000000,0.000000,0.000000,0.000000,0.000000,0.000000,0.000000,0.000000,0.000000,0.000000,0.000000,0.000000,0.000000,0.000000,0.000000,0.000000,0.000000,0.000000,0.000000
1789149946.528873,-0.000508,0.000478,-0.000059,-0.000342,0.003563,-0.002268,0.002957,-0.000100,-0.999996,0.000000,0.000000,0.000000,-0.000000,-0.000090,0.000305,-0.000131,-0.000285,-0.000318,0.000673,-0.000492,0.043828,0.023059,0.000070,-0.000064,0.000000,0.000000,-0.000000,-0.000000,0.000000,0.174533,0.000000,-0.021817,0.000000,-0.000000,0.000000,-0.000000,0.000000,0.000000,0.000000,0.000000,0.000000,0.000000,0.000000,0.000000,0.000000,0.000000,0.000000,0.000000,0.000000,0.000000,0.000000,0.000000,0.000000,0.000000,0.000000,0.000000,0.000000,0.000000,0.000000,0.000000
1789149946.548897,-0.000458,0.000593,-0.000071,0.001655,0.002631,-0.002401,0.002890,-0.000087,-0.999996,0.000000,0.000000,0.000000,-0.000000,-0.000090,0.000131,-0.000131,-0.000285,-0.000233,0.000673,-0.000328,0.043828,0.023059,0.000070,-0.000064,0.000000,0.000000,-0.000000,-0.000000,0.000000,0.087266,0.000000,-0.000000,0.000000,-0.000000,0.000000,-0.000000,0.000000,0.000000,0.000000,0.000000,0.000000,0.000000,0.000000,0.000000,0.000000,0.000000,0.000000,0.000000,0.000000,0.000000,0.000000,0.000000,0.000000,0.000000,0.000000,0.000000,0.000000,0.000000,0.000000,0.000000
1789149946.568879,-0.000506,0.000780,-0.000032,0.006316,-0.000432,-0.005330,0.002861,0.000063,-0.999996,0.000000,0.000000,0.000000,-0.000000,-0.000090,-0.000218,-0.000131,-0.000285,-0.000094,0.000673,-0.000301,0.043828,0.023059,0.000070,-0.000064,0.000000,0.000000,-0.000000,-0.000000,0.000000,0.065450,0.000000,-0.021817,0.000000,-0.000000,0.000000,-0.000000,0.000000,0.000000,0.000000,0.000000,0.000000,0.000000,0.000000,0.000000,0.000000,0.000000,0.000000,0.000000,0.000000,0.000000,0.000000,0.000000,0.000000,0.000000,0.000000,0.000000,0.000000,0.000000,0.000000,0.000000
1789149946.589076,-0.000449,0.000890,-0.000079,0.001655,0.002232,-0.004532,0.002860,0.000079,-0.999996,0.000000,0.000000,0.000000,-0.000000,-0.000090,-0.000393,-0.000131,-0.000285,-0.000100,0.000673,-0.000301,0.043828,0.023059,0.000070,-0.000064,0.000000,0.000000,-0.000000,-0.000000,0.000000,0.021817,0.000000,-0.043633,0.000000,-0.000000,0.000000,-0.000000,0.000000,0.000000,0.000000,0.000000,0.000000,0.000000,0.000000,0.000000,0.000000,0.000000,0.000000,0.000000,0.000000,0.000000,0.000000,0.000000,0.000000,0.000000,0.000000,0.000000,0.000000,0.000000,0.000000,0.000000
1789149946.608881,-0.000536,0.000939,-0.000012,0.002321,0.001699,-0.006396,0.002894,0.000239,-0.999996,0.000000,0.000000,0.000000,-0.000000,-0.000090,-0.000742,-0.000131,-0.000285,-0.000072,0.000673,-0.000279,0.043828,0.023059,-0.000266,0.000110,0.000000,0.000000,-0.000000,-0.000000,0.000000,0.021817,0.000000,-0.087266,0.000000,-0.000000,-0.021817,-0.000000,0.000000,0.000000,0.000000,0.000000,0.000000,0.000000,0.000000,0.000000,0.000000,0.000000,0.000000,0.000000,0.000000,0.000000,0.000000,0.000000,0.000000,0.000000,0.000000,0.000000,0.000000,0.000000,0.000000,0.000000
1789149946.628878,-0.000578,0.000970,0.000021,-0.012459,0.001299,-0.007594,0.002994,0.000090,-0.999996,0.000000,0.000000,0.000000,-0.000000,-0.000090,-0.000742,-0.000131,-0.000285,-0.000111,0.000673,-0.000307,0.043828,0.023323,-0.000239,0.000110,0.000000,0.000000,-0.000000,-0.000000,0.000000,-0.000000,0.000000,-0.065450,0.000000,-0.000000,0.000000,-0.000000,0.000000,0.000000,0.000000,0.000000,0.000000,0.000000,0.000000,0.000000,0.000000,0.000000,0.000000,0.000000,0.000000,0.000000,0.000000,0.000000,0.000000,0.000000,0.000000,0.000000,0.000000,0.000000,0.000000,0.000000
1789149946.649112,-0.000505,0.000939,-0.000004,0.000457,-0.000565,-0.005464,0.003083,0.000198,-0.999995,0.000000,0.000000,0.000000,-0.000000,-0.000090,-0.001053,-0.000131,-0.000285,-0.000111,0.000673,-0.000290,0.043828,0.023498,-0.000239,0.000110,0.000000,0.000000,-0.043633,-0.000000,0.000000,-0.000000,0.000000,-0.043633,0.000000,-0.000000,0.000000,-0.000000,0.000000,0.000000,0.000000,0.000000,0.000000,0.000000,0.000000,0.000000,0.000000,0.000000,0.000000,0.000000,0.000000,0.000000,0.000000,0.000000,0.000000,0.000000,0.000000,0.000000,0.000000,0.000000,0.000000,0.000000
1789149946.668959,-0.000480,0.000884,-0.000010,0.011776,0.001033,-0.003333,0.003109,0.000501,-0.999995,0.000000,0.000000,0.000000,-0.000000,-0.000090,-0.001091,-0.000131,-0.000285,-0.000200,0.000673,-0.000489,0.043828,0.023672,-0.000239,0.000110,0.000000,0.000000,-0.000000,-0.000000,0.000000,-0.043633,0.000000,-0.130900,0.000000,-0.000000,0.000000,-0.000000,0.000000,0.000000,0.000000,0.000000,0.000000,0.000000,0.000000,0.000000,0.000000,0.000000,0.000000,0.000000,0.000000,0.000000,0.000000,0.000000,0.000000,0.000000,0.000000,0.000000,0.000000,0.000000,0.000000,0.000000
1789149946.688957,-0.000397,0.000805,-0.000059,-0.003671,-0.000698,-0.003466,0.003202,0.000566,-0.999995,0.000000,0.000000,0.000000,-0.000000,-0.000090,-0.001091,-0.000131,-0.000285,-0.000511,0.000673,-0.000465,0.043828,0.023672,-0.000239,0.000110,0.000000,0.000000,-0.000000,-0.000000,0.000000,-0.130900,0.000000,-0.043633,0.000000,-0.000000,0.000000,-0.000000,0.000000,0.000000,0.000000,0.000000,0.000000,0.000000,0.000000,0.000000,0.000000,0.000000,0.000000,0.000000,0.000000,0.000000,0.000000,0.000000,0.000000,0.000000,0.000000,0.000000,0.000000,0.000000,0.000000,0.000000
1789149946.708917,-0.000354,0.000727,-0.000081,-0.004869,0.002098,-0.003866,0.003225,0.000540,-0.999995,0.000000,0.000000,0.000000,-0.000000,-0.000090,-0.001091,-0.000131,-0.000285,-0.000574,0.000673,-0.000299,0.043828,0.023367,-0.000239,0.000110,0.000000,0.000000,-0.000000,-0.000000,0.000000,-0.087266,0.000000,-0.021817,0.000000,-0.043633,0.000000,-0.000000,0.000000,0.000000,0.000000,0.000000,0.000000,0.000000,0.000000,0.000000,0.000000,0.000000,0.000000,0.000000,0.000000,0.000000,0.000000,0.000000,0.000000,0.000000,0.000000,0.000000,0.000000,0.000000,0.000000,0.000000
1789149946.729048,-0.000152,0.000517,-0.000134,-0.007266,0.007025,0.000395,0.003125,0.000376,-0.999995,0.000000,0.000000,0.000000,-0.000000,-0.000090,-0.001091,-0.000131,-0.000285,-0.000582,0.000673,-0.000304,0.043828,0.023228,-0.000239,0.000285,0.000000,0.000000,-0.000000,-0.000000,0.000000,-0.043633,0.000000,-0.021817,0.000000,-0.021817,0.000000,-0.000000,0.000000,0.000000,0.000000,0.000000,0.000000,0.000000,0.000000,0.000000,0.000000,0.000000,0.000000,0.000000,0.000000,0.000000,0.000000,0.000000,0.000000,0.000000,0.000000,0.000000,0.000000,0.000000,0.000000,0.000000
1789149946.749028,-0.000160,0.000454,-0.000116,-0.001274,0.000101,0.001461,0.003101,0.000332,-0.999995,0.000000,0.000000,0.000000,-0.000000,-0.000090,-0.001091,-0.000131,-0.000285,-0.000569,0.000673,-0.000299,0.043828,0.023233,-0.000239,0.000285,0.000000,0.000000,-0.000000,-0.000000,0.000000,-0.021817,0.000000,-0.021817,0.000000,-0.000000,0.000000,-0.000000,0.000000,0.000000,0.000000,0.000000,0.000000,0.000000,0.000000,0.000000,0.000000,0.000000,0.000000,0.000000,0.000000,0.000000,0.000000,0.000000,0.000000,0.000000,0.000000,0.000000,0.000000,0.000000,0.000000,0.000000
1789149946.768895,-0.000066,0.000327,-0.000145,0.001389,0.003563,0.001594,0.002975,0.000300,-0.999996,0.000000,0.000000,0.000000,-0.000000,-0.000090,-0.001091,-0.000131,-0.000285,-0.000549,0.000673,-0.000301,0.043828,0.023233,-0.000239,0.000285,0.000000,0.000000,-0.000000,-0.000000,0.000000,-0.000000,0.000000,-0.021817,0.000000,-0.000000,0.000000,-0.000000,0.000000,0.000000,0.000000,0.000000,0.000000,0.000000,0.000000,0.000000,0.000000,0.000000,0.000000,0.000000,0.000000,0.000000,0.000000,0.000000,0.000000,0.000000,0.000000,0.000000,0.000000,0.000000,0.000000,0.000000
1789149946.788903,-0.000038,0.000137,-0.000091,0.002854,0.006759,0.002260,0.002865,0.000307,-0.999996,0.000000,0.000000,0.000000,-0.000000,-0.000090,-0.001091,-0.000131,-0.000285,-0.000549,0.000673,-0.000465,0.043828,0.023233,-0.000239,0.000021,0.000000,0.000000,-0.000000,-0.000000,0.000000,-0.000000,0.000000,-0.021817,0.000000,-0.000000,0.000000,-0.000000,0.000000,0.000000,0.000000,0.000000,0.000000,0.000000,0.000000,0.000000,0.000000,0.000000,0.000000,0.000000,0.000000,0.000000,0.000000,0.000000,0.000000,0.000000,0.000000,0.000000,0.000000,0.000000,0.000000,0.000000
1789149946.808861,-0.000038,-0.000000,-0.000105,0.006183,0.006626,0.002659,0.002745,0.000399,-0.999996,0.000000,0.000000,0.000000,-0.000000,-0.000090,-0.001091,-0.000131,-0.000285,-0.000549,0.000471,-0.000503,0.043828,0.023233,-0.000239,0.000010,0.000000,0.000000,-0.000000,-0.000000,0.000000,-0.000000,-0.021817,-0.000000,0.000000,-0.000000,0.000000,-0.021817,0.000000,0.000000,0.000000,0.000000,0.000000,0.000000,0.000000,0.000000,0.000000,0.000000,0.000000,0.000000,0.000000,0.000000,0.000000,0.000000,0.000000,0.000000,0.000000,0.000000,0.000000,0.000000,0.000000,0.000000
1789149946.828885,0.000028,-0.000161,-0.000136,0.007514,0.004495,0.002126,0.002673,0.000529,-0.999996,0.000000,0.000000,0.000000,-0.000000,-0.000090,-0.001091,-0.000131,-0.000285,-0.000320,0.000498,-0.000528,0.043828,0.023233,-0.000239,0.000285,0.000000,0.000000,-0.000000,-0.000000,0.000000,0.065450,0.000000,0.043633,0.000000,-0.000000,0.000000,-0.000000,0.000000,0.000000,0.000000,0.000000,0.000000,0.000000,0.000000,0.000000,0.000000,0.000000,0.000000,0.000000,0.000000,0.000000,0.000000,0.000000,0.000000,0.000000,0.000000,0.000000,0.000000,0.000000,0.000000,0.000000
1789149946.848876,0.000032,-0.000372,-0.000191,-0.002472,-0.001097,0.000795,0.002752,0.000564,-0.999996,0.000000,0.000000,0.000000,-0.000000,-0.000090,-0.001091,-0.000131,-0.000285,-0.000097,0.000498,-0.000503,0.043828,0.023233,-0.000239,0.000285,0.000000,0.000000,-0.000000,-0.000000,0.000000,0.109083,0.000000,-0.000000,0.000000,-0.000000,0.000000,-0.000000,0.000000,0.000000,0.000000,0.000000,0.000000,0.000000,0.000000,0.000000,0.000000,0.000000,0.000000,0.000000,0.000000,0.000000,0.000000,0.000000,0.000000,0.000000,0.000000,0.000000,0.000000,0.000000,0.000000,0.000000
1789149946.868863,0.000153,-0.000561,-0.000239,-0.004736,0.002764,-0.000537,0.002847,0.000567,-0.999996,0.000000,0.000000,0.000000,-0.000000,-0.000090,-0.001091,-0.000131,-0.000285,-0.000100,0.000498,-0.000498,0.043828,0.023059,-0.000239,0.000021,0.000000,0.000000,-0.000000,-0.000000,0.000000,0.043633,0.000000,-0.021817,0.000000,-0.000000,0.000000,-0.000000,0.000000,0.000000,0.000000,0.000000,0.000000,0.000000,0.000000,0.000000,0.000000,0.000000,0.000000,0.000000,0.000000,0.000000,0.000000,0.000000,0.000000,0.000000,0.000000,0.000000,0.000000,0.000000,0.000000,0.000000
1789149946.888858,0.000206,-0.000688,-0.000150,0.011243,0.004628,0.001727,0.002826,0.000819,-0.999996,0.000000,0.000000,0.000000,-0.000000,-0.000090,-0.001091,-0.000131,-0.000285,0.000075,0.000498,-0.000489,0.043828,0.022884,0.000023,0.000021,0.000000,0.000000,-0.000000,-0.000000,0.000000,0.021817,0.000000,-0.021817,0.000000,-0.000000,0.065450,-0.000000,0.000000,0.000000,0.000000,0.000000,0.000000,0.000000,0.000000,0.000000,0.000000,0.000000,0.000000,0.000000,0.000000,0.000000,0.000000,0.000000,0.000000,0.000000,0.000000,0.000000,0.000000,0.000000,0.000000,0.000000
1789149946.908892,0.000339,-0.000828,-0.000105,0.009911,-0.003627,0.002126,0.002894,0.001191,-0.999995,0.000000,0.000000,0.000000,-0.000000,-0.000090,-0.000234,-0.000131,-0.000285,0.000004,0.000498,-0.000468,0.043828,0.022884,0.000056,0.000021,0.000000,0.000000,0.065450,-0.000000,0.000000,-0.021817,0.000000,-0.021817,0.000000,-0.000000,0.065450,-0.000000,0.000000,0.000000,0.000000,0.000000,0.000000,0.000000,0.000000,0.000000,0.000000,0.000000,0.000000,0.000000,0.000000,0.000000,0.000000,0.000000,0.000000,0.000000,0.000000,0.000000,0.000000,0.000000,0.000000,0.000000
1789149946.928914,0.000340,-0.000855,-0.000064,0.006716,0.004362,0.002393,0.002850,0.001388,-0.999995,0.000000,0.000000,0.000000,-0.000000,-0.000090,0.000297,-0.000131,-0.000285,-0.000484,0.000323,-0.000465,0.043828,0.022884,-0.000440,0.000021,0.000000,0.000000,0.021817,-0.000000,0.000000,-0.174533,0.000000,-0.021817,0.000000,-0.000000,-0.043633,-0.000000,0.000000,0.000000,0.000000,0.000000,0.000000,0.000000,0.000000,0.000000,0.000000,0.000000,0.000000,0.000000,0.000000,0.000000,0.000000,0.000000,0.000000,0.000000,0.000000,0.000000,0.000000,0.000000,0.000000,0.000000
1789149946.949049,0.000434,-0.000914,-0.000062,0.003120,0.007957,0.007719,0.002698,0.001295,-0.999996,0.000000,0.000000,0.000000,-0.000000,-0.000090,0.000352,-0.000131,-0.000285,-0.000760,0.000149,-0.000473,0.043828,0.022884,-0.000239,-0.000080,0.000000,0.000000,0.021817,-0.000000,0.000000,-0.152716,0.000000,-0.021817,0.000000,-0.000000,0.000000,-0.021817,0.000000,0.000000,0.000000,0.000000,0.000000,0.000000,0.000000,0.000000,0.000000,0.000000,0.000000,0.000000,0.000000,0.000000,0.000000,0.000000,0.000000,0.000000,0.000000,0.000000,0.000000,0.000000,0.000000,0.000000
1789149946.968987,0.000654,-0.000957,-0.000043,0.003253,0.006493,0.007453,0.002514,0.001303,-0.999996,0.000000,0.000000,0.000000,-0.000000,-0.000090,0.000614,-0.000131,-0.000285,-0.000552,0.000149,-0.000473,0.043828,0.022884,-0.000168,-0.000154,0.000000,0.000000,-0.000000,-0.000000,0.000000,-0.043633,0.000000,-0.021817,0.000000,-0.000000,-0.065450,-0.000000,0.000000,0.000000,0.000000,0.000000,0.000000,0.000000,0.000000,0.000000,0.000000,0.000000,0.000000,0.000000,0.000000,0.000000,0.000000,0.000000,0.000000,0.000000,0.000000,0.000000,0.000000,0.000000,0.000000,0.000000
1789149946.988856,0.000762,-0.001016,-0.000091,-0.009663,0.000634,0.003724,0.002509,0.001084,-0.999996,0.000000,0.000000,0.000000,-0.000000,-0.000090,0.000685,0.000133,-0.000285,-0.000746,0.000149,-0.000481,0.043828,0.022884,-0.000102,-0.000154,0.000000,0.000000,0.021817,-0.000000,0.000000,-0.043633,0.000000,-0.021817,0.000000,-0.000000,-0.065450,-0.000000,0.000000,0.000000,0.000000,0.000000,0.000000,0.000000,0.000000,0.000000,0.000000,0.000000,0.000000,0.000000,0.000000,0.000000,0.000000,0.000000,0.000000,0.000000,0.000000,0.000000,0.000000,0.000000,0.000000,0.000000
1789149947.009009,0.000916,-0.001023,-0.000164,-0.008198,0.005694,0.003058,0.002368,0.000662,-0.999997,0.000000,0.000000,0.000000,-0.000000,-0.000090,0.001257,0.000133,-0.000285,-0.000724,0.000149,-0.000481,0.043828,0.022884,0.000244,-0.000154,0.000000,0.000000,0.021817,-0.000000,0.000000,-0.000000,0.000000,-0.043633,0.000000,-0.000000,0.000000,-0.000000,0.000000,0.000000,0.000000,0.000000,0.000000,0.000000,0.000000,0.000000,0.000000,0.000000,0.000000,0.000000,0.000000,0.000000,0.000000,0.000000,0.000000,0.000000,0.000000,0.000000,0.000000,0.000000,0.000000,0.000000
1789149947.028877,0.001011,-0.001024,-0.000170,0.007381,-0.000165,0.004656,0.002344,0.000654,-0.999997,0.000000,0.000000,0.000000,-0.000000,-0.000090,0.001486,0.000133,-0.000111,-0.000549,0.000149,-0.000476,0.043828,0.022884,0.000244,-0.000154,0.000000,0.000000,-0.000000,-0.000000,0.000000,-0.000000,0.000000,-0.043633,0.000000,-0.000000,0.000000,-0.000000,0.000000,0.000000,0.000000,0.000000,0.000000,0.000000,0.000000,0.000000,0.000000,0.000000,0.000000,0.000000,0.000000,0.000000,0.000000,0.000000,0.000000,0.000000,0.000000,0.000000,0.000000,0.000000,0.000000,0.000000
1789149947.049032,0.001049,-0.000935,-0.000114,0.002588,0.004096,0.000395,0.002237,0.000566,-0.999997,0.000000,0.000000,0.000000,-0.000000,-0.000090,0.001661,0.000133,-0.000111,-0.000549,0.000149,-0.000478,0.043828,0.022884,0.000244,-0.000282,0.000000,0.000000,-0.000000,-0.000000,0.000000,-0.000000,0.000000,-0.065450,0.000000,-0.000000,0.000000,-0.021817,0.000000,0.000000,0.000000,0.000000,0.000000,0.000000,0.000000,0.000000,0.000000,0.000000,0.000000,0.000000,0.000000,0.000000,0.000000,0.000000,0.000000,0.000000,0.000000,0.000000,0.000000,0.000000,0.000000,0.000000
1789149947.068896,0.001101,-0.000861,-0.000182,-0.001540,0.004628,-0.003333,0.002118,0.000373,-0.999998,0.000000,0.000000,0.000000,-0.000000,-0.000090,0.001661,0.000133,-0.000111,-0.000549,0.000149,-0.000661,0.043828,0.022884,0.000244,-0.000329,0.000000,0.000000,-0.000000,-0.000000,0.000000,-0.000000,0.000000,-0.065450,0.000000,-0.000000,0.000000,-0.000000,0.000000,0.000000,0.000000,0.000000,0.000000,0.000000,0.000000,0.000000,0.000000,0.000000,0.000000,0.000000,0.000000,0.000000,0.000000,0.000000,0.000000,0.000000,0.000000,0.000000,0.000000,0.000000,0.000000,0.000000
1789149947.088904,0.001045,-0.000777,-0.000212,-0.004603,0.003963,-0.003067,0.002073,0.000112,-0.999998,0.000000,0.000000,0.000000,-0.000000,-0.000090,0.001661,0.000133,-0.000111,-0.000552,0.000149,-0.000481,0.043828,0.022884,0.000244,-0.000329,0.000000,0.000000,-0.000000,-0.000000,0.000000,0.065450,0.000000,-0.043633,0.000000,-0.000000,0.000000,-0.000000,0.000000,0.000000,0.000000,0.000000,0.000000,0.000000,0.000000,0.000000,0.000000,0.000000,0.000000,0.000000,0.000000,0.000000,0.000000,0.000000,0.000000,0.000000,0.000000,0.000000,0.000000,0.000000,0.000000,0.000000
1789149947.109059,0.000933,-0.000725,-0.000197,0.008979,0.002897,-0.007062,0.001970,0.000183,-0.999998,0.000000,0.000000,0.000000,-0.000000,-0.000090,0.001661,0.000133,-0.000111,-0.000263,0.000149,-0.000476,0.043828,0.022884,0.000244,-0.000329,0.000000,0.000000,-0.000000,-0.000000,0.000000,0.109083,0.000000,-0.043633,0.000000,-0.000000,0.000000,-0.000000,0.000000,0.000000,0.000000,0.000000,0.000000,0.000000,0.000000,0.000000,0.000000,0.000000,0.000000,0.000000,0.000000,0.000000,0.000000,0.000000,0.000000,0.000000,0.000000,0.000000,0.000000,0.000000,0.000000,0.000000
1789149947.129072,0.000792,-0.000657,-0.000217,0.001522,0.001433,-0.006263,0.001953,0.000150,-0.999998,0.000000,0.000000,0.000000,-0.000000,-0.000090,0.001661,0.000133,-0.000111,-0.000010,0.000149,-0.000487,0.043828,0.022884,0.000244,-0.000329,0.000000,0.000000,-0.000000,-0.000000,0.000000,0.152716,0.000000,-0.065450,0.000000,-0.000000,0.000000,-0.000000,0.000000,0.000000,0.000000,0.000000,0.000000,0.000000,0.000000,0.000000,0.000000,0.000000,0.000000,0.000000,0.000000,0.000000,0.000000,0.000000,0.000000,0.000000,0.000000,0.000000,0.000000,0.000000,0.000000,0.000000
1789149947.148896,0.000672,-0.000548,-0.000155,0.001123,0.000501,-0.007195,0.001991,0.000186,-0.999998,0.000000,0.000000,0.000000,-0.000000,-0.000090,0.001661,0.000133,-0.000111,0.000075,0.000149,-0.000323,0.043828,0.022884,0.000244,-0.000329,0.000000,0.000000,-0.000000,-0.000000,0.000000,0.043633,0.000000,-0.043633,0.000000,-0.000000,0.000000,-0.000000,0.000000,0.000000,0.000000,0.000000,0.000000,0.000000,0.000000,0.000000,0.000000,0.000000,0.000000,0.000000,0.000000,0.000000,0.000000,0.000000,0.000000,0.000000,0.000000,0.000000,0.000000,0.000000,0.000000,0.000000
1789149947.168941,0.000418,-0.000313,-0.000038,0.001256,-0.000964,-0.006662,0.002102,0.000260,-0.999998,0.000000,0.000000,0.000000,-0.000000,-0.000090,0.001661,0.000133,-0.000111,0.000067,0.000149,-0.000470,0.043828,0.022884,0.000244,-0.000329,0.000000,0.000000,-0.000000,-0.000000,0.000000,0.021817,0.000000,-0.130900,0.000000,-0.000000,0.000000,-0.000000,0.000000,0.000000,0.000000,0.000000,0.000000,0.000000,0.000000,0.000000,0.000000,0.000000,0.000000,0.000000,0.000000,0.000000,0.000000,0.000000,0.000000,0.000000,0.000000,0.000000,0.000000,0.000000,0.000000,0.000000
1789149947.189171,0.000228,-0.000156,-0.000054,0.000857,-0.000831,-0.004931,0.002199,0.000363,-0.999998,0.000000,0.000000,0.000000,-0.000000,-0.000090,0.001661,0.000133,-0.000111,-0.000111,0.000149,-0.000478,0.043828,0.022884,0.000244,-0.000329,0.000000,0.000000,-0.000000,-0.000000,0.000000,-0.000000,0.000000,-0.109083,0.000000,-0.000000,0.000000,-0.000000,0.000000,0.000000,0.000000,0.000000,0.000000,0.000000,0.000000,0.000000,0.000000,0.000000,0.000000,0.000000,0.000000,0.000000,0.000000,0.000000,0.000000,0.000000,0.000000,0.000000,0.000000,0.000000,0.000000,0.000000
1789149947.209008,-0.000034,0.000054,0.000010,-0.007932,0.002764,-0.004665,0.002285,0.000222,-0.999997,0.000000,0.000000,0.000000,-0.000000,-0.000090,0.000837,0.000133,-0.000111,-0.000111,0.000149,-0.000495,0.043828,0.022884,0.000244,-0.000064,0.000000,0.000000,-0.021817,-0.000000,0.000000,-0.000000,0.000000,-0.087266,0.000000,-0.000000,0.000000,-0.000000,0.000000,0.000000,0.000000,0.000000,0.000000,0.000000,0.000000,0.000000,0.000000,0.000000,0.000000,0.000000,0.000000,0.000000,0.000000,0.000000,0.000000,0.000000,0.000000,0.000000,0.000000,0.000000,0.000000,0.000000
1789149947.229088,-0.000426,0.000436,0.000085,-0.010329,-0.001097,-0.006662,0.002447,0.000058,-0.999997,0.000000,0.000000,0.000000,-0.000000,-0.000090,0.000499,0.000133,-0.000111,-0.000549,0.000149,0.000192,0.043828,0.022884,0.000244,-0.000064,0.000000,0.000000,-0.021817,-0.000000,0.000000,-0.000000,0.000000,0.087266,0.000000,-0.000000,0.000000,-0.000000,0.000000,0.000000,0.000000,0.000000,0.000000,0.000000,0.000000,0.000000,0.000000,0.000000,0.000000,0.000000,0.000000,0.000000,0.000000,0.000000,0.000000,0.000000,0.000000,0.000000,0.000000,0.000000,0.000000,0.000000
1789149947.248929,-0.000573,0.000647,0.000026,0.001922,0.000101,-0.006129,0.002527,0.000161,-0.999997,0.000000,0.000000,0.000000,-0.000000,-0.000090,0.000131,-0.000147,-0.000111,-0.000375,0.000149,-0.000547,0.043828,0.022884,0.000244,-0.000064,0.000000,0.000000,-0.000000,-0.021817,0.000000,-0.087266,0.000000,-0.130900,0.000000,-0.000000,0.000000,-0.000000,0.000000,0.000000,0.000000,0.000000,0.000000,0.000000,0.000000,0.000000,0.000000,0.000000,0.000000,0.000000,0.000000,0.000000,0.000000,0.000000,0.000000,0.000000,0.000000,0.000000,0.000000,0.000000,0.000000,0.000000
1789149947.268919,-0.000858,0.001002,0.000062,0.010577,0.001566,-0.004665,0.002508,0.000386,-0.999997,0.000000,0.000000,0.000000,-0.000000,-0.000090,0.000131,-0.000131,-0.000111,-0.000571,0.000149,-0.000667,0.043828,0.022884,-0.000086,0.000110,0.000000,0.000000,-0.000000,-0.000000,0.000000,-0.109083,0.000000,-0.087266,0.000000,-0.000000,-0.065450,-0.000000,0.000000,0.000000,0.000000,0.000000,0.000000,0.000000,0.000000,0.000000,0.000000,0.000000,0.000000,0.000000,0.000000,0.000000,0.000000,0.000000,0.000000,0.000000,0.000000,0.000000,0.000000,0.000000,0.000000,0.000000
1789149947.289019,-0.000983,0.001216,0.000140,-0.007000,0.002631,-0.005064,0.002504,0.000269,-0.999997,0.000000,0.000000,0.000000,-0.000000,-0.000090,0.000131,-0.000131,-0.000111,-0.000716,0.000149,-0.000648,0.043828,0.022884,-0.000064,0.000110,0.000000,0.000000,-0.000000,-0.000000,0.000000,-0.087266,0.000000,-0.109083,0.000000,-0.000000,0.000000,-0.000000,0.000000,0.000000,0.000000,0.000000,0.000000,0.000000,0.000000,0.000000,0.000000,0.000000,0.000000,0.000000,0.000000,0.000000,0.000000,0.000000,0.000000,0.000000,0.000000,0.000000,0.000000,0.000000,0.000000,0.000000
1789149947.309021,-0.000992,0.001303,0.000147,-0.005668,0.002232,-0.005064,0.002491,0.000097,-0.999997,0.000000,0.000000,0.000000,-0.000000,-0.000090,0.000131,-0.000131,-0.000111,-0.000571,0.000149,-0.000489,0.043828,0.022884,-0.000064,0.000110,0.000000,0.000000,-0.000000,-0.000000,0.000000,-0.021817,0.000000,-0.087266,0.000000,-0.000000,0.000000,-0.000000,0.000000,0.000000,0.000000,0.000000,0.000000,0.000000,0.000000,0.000000,0.000000,0.000000,0.000000,0.000000,0.000000,0.000000,0.000000,0.000000,0.000000,0.000000,0.000000,0.000000,0.000000,0.000000,0.000000,0.000000
1789149947.329015,-0.001140,0.001368,0.000140,0.005917,0.001566,-0.001735,0.002408,0.000207,-0.999997,0.000000,0.000000,0.000000,-0.000000,-0.000090,0.000131,-0.000131,-0.000111,-0.000574,0.000149,-0.000517,0.043828,0.022884,-0.000064,0.000110,0.000000,0.000000,-0.000000,-0.000000,0.000000,-0.021817,0.000000,-0.152716,0.000000,-0.000000,0.000000,-0.000000,0.000000,0.000000,0.000000,0.000000,0.000000,0.000000,0.000000,0.000000,0.000000,0.000000,0.000000,0.000000,0.000000,0.000000,0.000000,0.000000,0.000000,0.000000,0.000000,0.000000,0.000000,0.000000,0.000000,0.000000
1789149947.349027,-0.001071,0.001362,0.000097,-0.002339,0.001433,-0.002401,0.002363,0.000133,-0.999997,0.000000,0.000000,0.000000,-0.000000,-0.000090,0.000131,-0.000131,-0.000111,-0.000751,0.000149,-0.000468,0.043705,0.022884,-0.000064,0.000285,0.000000,0.000000,-0.000000,-0.000000,0.000000,-0.021817,0.000000,-0.065450,-0.021817,-0.000000,0.000000,-0.000000,0.000000,0.000000,0.000000,0.000000,0.000000,0.000000,0.000000,0.000000,0.000000,0.000000,0.000000,0.000000,0.000000,0.000000,0.000000,0.000000,0.000000,0.000000,0.000000,0.000000,0.000000,0.000000,0.000000,0.000000
1789149947.369083,-0.000868,0.001216,0.000103,-0.008331,-0.000831,-0.002002,0.002405,-0.000134,-0.999997,0.000000,0.000000,0.000000,-0.000000,-0.000090,0.000131,-0.000131,-0.000111,-0.000200,0.000149,0.000045,0.043654,0.022884,-0.000064,0.000285,0.000000,0.000000,-0.000000,-0.000000,0.000000,-0.043633,0.000000,0.109083,0.000000,-0.000000,0.000000,-0.000000,0.000000,0.000000,0.000000,0.000000,0.000000,0.000000,0.000000,0.000000,0.000000,0.000000,0.000000,0.000000,0.000000,0.000000,0.000000,0.000000,0.000000,0.000000,0.000000,0.000000,0.000000,0.000000,0.000000,0.000000
1789149947.389083,-0.000636,0.000968,0.000095,-0.006600,0.001033,-0.000936,0.002436,-0.000185,-0.999997,0.000000,0.000000,0.000000,-0.000000,-0.000090,0.000131,-0.000131,-0.000111,-0.000345,0.000149,-0.000274,0.043654,0.022884,-0.000064,0.000285,0.000000,0.000000,-0.000000,-0.000000,0.000000,0.065450,0.000000,-0.130900,0.000000,-0.000000,0.000000,-0.000000,0.000000,0.000000,0.000000,0.000000,0.000000,0.000000,0.000000,0.000000,0.000000,0.000000,0.000000,0.000000,0.000000,0.000000,0.000000,0.000000,0.000000,0.000000,0.000000,0.000000,0.000000,0.000000,0.000000,0.000000
1789149947.408936,-0.000292,0.000609,0.000099,0.004052,0.002498,0.000662,0.002401,-0.000042,-0.999997,0.000000,0.000000,0.000000,-0.000000,-0.000090,0.000131,-0.000131,-0.000111,-0.000184,0.000149,-0.000495,0.043654,0.022884,-0.000064,0.000021,0.000000,0.000000,-0.000000,-0.000000,0.000000,0.109083,0.000000,-0.218166,0.000000,-0.000000,0.000000,-0.000000,0.000000,0.000000,0.000000,0.000000,0.000000,0.000000,0.000000,0.000000,0.000000,0.000000,0.000000,0.000000,0.000000,0.000000,0.000000,0.000000,0.000000,0.000000,0.000000,0.000000,0.000000,0.000000,0.000000,0.000000
1789149947.428992,-0.000176,0.000477,0.000074,-0.005801,0.003297,-0.001469,0.002420,-0.000060,-0.999997,0.000000,0.000000,0.000000,-0.000000,-0.000090,0.000131,-0.000131,-0.000111,-0.000050,0.000149,-0.000255,0.043654,0.022884,-0.000239,0.000021,0.000000,0.000000,-0.000000,-0.000000,0.000000,0.087266,0.000000,-0.130900,0.000000,-0.000000,0.000000,-0.000000,0.000000,0.000000,0.000000,0.000000,0.000000,0.000000,0.000000,0.000000,0.000000,0.000000,0.000000,0.000000,0.000000,0.000000,0.000000,0.000000,0.000000,0.000000,0.000000,0.000000,0.000000,0.000000,0.000000,0.000000
1789149947.449500,0.000328,-0.000121,-0.000206,-0.005402,-0.000964,-0.002002,0.002535,-0.000090,-0.999997,0.000000,0.000000,0.000000,-0.000000,-0.000090,0.000575,-0.000131,-0.000111,0.000097,0.000149,0.000110,0.043654,0.022884,-0.000239,0.000021,0.000000,0.000000,0.021817,-0.000000,0.000000,0.087266,0.000000,-0.021817,0.000000,-0.000000,0.000000,-0.000000,0.000000,0.000000,0.000000,0.000000,0.000000,0.000000,0.000000,0.000000,0.000000,0.000000,0.000000,0.000000,0.000000,0.000000,0.000000,0.000000,0.000000,0.000000,0.000000,0.000000,0.000000,0.000000,0.000000,0.000000
1789149947.469476,0.000621,-0.000555,-0.000314,-0.006068,-0.001097,0.002126,0.002689,-0.000134,-0.999996,0.000000,0.000000,0.000000,-0.000000,-0.000090,0.000614,-0.000131,-0.000111,-0.000574,0.000149,-0.000328,0.043654,0.022884,-0.000239,0.000021,0.000000,0.000000,-0.000000,-0.000000,0.000000,-0.043633,0.000000,-0.000000,0.000000,-0.000000,0.000000,-0.000000,0.000000,0.000000,0.000000,0.000000,0.000000,0.000000,0.000000,0.000000,0.000000,0.000000,0.000000,0.000000,0.000000,0.000000,0.000000,0.000000,0.000000,0.000000,0.000000,0.000000,0.000000,0.000000,0.000000,0.000000
1789149947.489571,0.000718,-0.000791,-0.000281,-0.005269,-0.004027,0.000662,0.002893,-0.000100,-0.999996,0.000000,0.000000,0.000000,-0.000000,-0.000090,0.000614,-0.000131,-0.000111,0.000089,0.000149,0.000361,0.043654,0.022884,0.000070,0.000021,0.000000,0.000000,-0.000000,-0.000000,0.000000,0.021817,0.000000,0.021817,0.000000,-0.000000,0.000000,-0.000000,0.000000,0.000000,0.000000,0.000000,0.000000,0.000000,0.000000,0.000000,0.000000,0.000000,0.000000,0.000000,0.000000,0.000000,0.000000,0.000000,0.000000,0.000000,0.000000,0.000000,0.000000,0.000000,0.000000,0.000000
1789149947.509388,0.000865,-0.001055,-0.000217,-0.009263,0.000234,-0.000004,0.003068,-0.000295,-0.999995,0.000000,0.000000,0.000000,-0.000000,-0.000090,0.000614,-0.000131,-0.000111,-0.000111,0.000149,0.000329,0.043654,0.022884,0.000070,0.000021,0.000000,0.000000,-0.000000,-0.000000,0.000000,-0.000000,0.000000,-0.000000,0.000000,-0.000000,0.000000,-0.000000,0.000000,0.000000,0.000000,0.000000,0.000000,0.000000,0.000000,0.000000,0.000000,0.000000,0.000000,0.000000,0.000000,0.000000,0.000000,0.000000,0.000000,0.000000,0.000000,0.000000,0.000000,0.000000,0.000000,0.000000
1789149947.529154,0.000878,-0.001263,-0.000162,-0.007266,-0.001630,0.002659,0.003229,-0.000482,-0.999995,0.000000,0.000000,0.000000,-0.000000,-0.000090,0.001137,-0.000131,-0.000111,-0.000111,0.000149,0.000329,0.043654,0.022884,0.000070,-0.000154,0.000000,0.000000,-0.000000,-0.000000,0.000000,-0.000000,0.000000,-0.000000,0.000000,-0.000000,0.000000,-0.000000,0.000000,0.000000,0.000000,0.000000,0.000000,0.000000,0.000000,0.000000,0.000000,0.000000,0.000000,0.000000,0.000000,0.000000,0.000000,0.000000,0.000000,0.000000,0.000000,0.000000,0.000000,0.000000,0.000000,0.000000
1789149947.549034,0.000877,-0.001434,-0.000054,-0.003138,0.001566,0.000928,0.003330,-0.000531,-0.999994,0.000000,0.000000,0.000000,-0.000000,-0.000090,0.001312,-0.000131,-0.000111,-0.000111,0.000149,0.000367,0.043654,0.022884,0.000070,-0.000329,0.000000,0.000000,-0.000000,-0.000000,0.000000,-0.000000,0.000000,0.021817,0.000000,-0.000000,0.000000,-0.000000,0.000000,0.000000,0.000000,0.000000,0.000000,0.000000,0.000000,0.000000,0.000000,0.000000,0.000000,0.000000,0.000000,0.000000,0.000000,0.000000,0.000000,0.000000,0.000000,0.000000,0.000000,0.000000,0.000000,0.000000
1789149947.568959,0.000822,-0.001483,-0.000081,-0.011261,0.000234,-0.000537,0.003515,-0.000841,-0.999993,0.000000,0.000000,0.000000,-0.000000,-0.000090,0.001312,0.000133,-0.000111,-0.000111,0.000149,0.000187,0.043654,0.022710,0.000070,-0.000329,0.000000,0.000000,-0.000000,-0.000000,0.000000,-0.000000,0.000000,0.021817,0.000000,-0.000000,0.000000,-0.000000,0.000000,0.000000,0.000000,0.000000,0.000000,0.000000,0.000000,0.000000,0.000000,0.000000,0.000000,0.000000,0.000000,0.000000,0.000000,0.000000,0.000000,0.000000,0.000000,0.000000,0.000000,0.000000,0.000000,0.000000
1789149947.588950,0.000759,-0.001469,-0.000133,0.000457,0.003563,0.000129,0.003544,-0.000882,-0.999993,0.000000,0.000000,0.000000,-0.000000,-0.000090,0.001312,0.000133,-0.000111,-0.000280,0.000149,0.000340,0.043654,0.022710,0.000070,-0.000329,0.000000,0.000000,-0.000000,-0.000000,0.000000,-0.109083,0.000000,0.087266,0.000000,-0.000000,0.000000,-0.000000,0.000000,0.000000,0.000000,0.000000,0.000000,0.000000,0.000000,0.000000,0.000000,0.000000,0.000000,0.000000,0.000000,0.000000,0.000000,0.000000,0.000000,0.000000,0.000000,0.000000,0.000000,0.000000,0.000000,0.000000
1789149947.608951,0.000639,-0.001318,-0.000183,-0.000209,0.000900,-0.001868,0.003626,-0.000926,-0.999993,0.000000,0.000000,0.000000,-0.000000,-0.000090,0.001312,0.000133,-0.000111,-0.000571,0.000149,0.000282,0.043654,0.022710,0.000070,-0.000329,0.000000,0.000000,-0.000000,-0.000000,0.000000,-0.130900,0.000000,0.087266,0.000000,-0.000000,0.000000,-0.000000,0.000000,0.000000,0.000000,0.000000,0.000000,0.000000,0.000000,0.000000,0.000000,0.000000,0.000000,0.000000,0.000000,0.000000,0.000000,0.000000,0.000000,0.000000,0.000000,0.000000,0.000000,0.000000,0.000000,0.000000
1789149947.628947,0.000467,-0.001049,-0.000144,0.003653,0.004362,-0.003999,0.003627,-0.001012,-0.999993,0.000000,0.000000,0.000000,-0.000000,-0.000090,0.001004,0.000133,-0.000111,-0.000569,0.000149,0.000269,0.043654,0.022710,0.000070,-0.000329,0.000000,0.000000,-0.000000,-0.000000,0.000000,-0.065450,0.000000,0.087266,0.000000,-0.000000,0.000000,-0.000000,0.000000,0.000000,0.000000,0.000000,0.000000,0.000000,0.000000,0.000000,0.000000,0.000000,0.000000,0.000000,0.000000,0.000000,0.000000,0.000000,0.000000,0.000000,0.000000,0.000000,0.000000,0.000000,0.000000,0.000000
1789149947.648894,0.000319,-0.000814,-0.000088,0.005384,0.003963,-0.003599,0.003551,-0.001078,-0.999993,0.000000,0.000000,0.000000,-0.000000,-0.000090,0.000829,0.000133,-0.000111,-0.000571,0.000149,0.000301,0.043654,0.022710,0.000070,-0.000329,0.000000,0.000000,-0.000000,-0.000000,0.000000,-0.043633,0.000000,0.130900,0.000000,-0.000000,0.000000,-0.000000,0.000000,0.000000,0.000000,0.000000,0.000000,0.000000,0.000000,0.000000,0.000000,0.000000,0.000000,0.000000,0.000000,0.000000,0.000000,0.000000,0.000000,0.000000,0.000000,0.000000,0.000000,0.000000,0.000000,0.000000
1789149947.668943,0.000041,-0.000340,-0.000066,0.005517,0.007292,-0.004798,0.003411,-0.001081,-0.999994,0.000000,0.000000,0.000000,-0.000000,-0.000090,0.000829,0.000133,-0.000111,0.000083,0.000149,-0.000293,0.043654,0.022710,0.000070,-0.000329,0.000000,0.000000,-0.000000,-0.000000,0.000000,0.021817,0.000000,-0.152716,0.000000,-0.000000,0.000000,-0.000000,0.000000,0.000000,0.000000,0.000000,0.000000,0.000000,0.000000,0.000000,0.000000,0.000000,0.000000,0.000000,0.000000,0.000000,0.000000,0.000000,0.000000,0.000000,0.000000,0.000000,0.000000,0.000000,0.000000,0.000000
1789149947.688916,-0.000038,-0.000169,-0.000081,0.010444,0.007158,-0.007994,0.003236,-0.001012,-0.999994,0.000000,0.000000,0.000000,-0.000000,-0.000090,0.000423,0.000133,-0.000111,0.000252,0.000149,-0.000162,0.043654,0.022710,0.000070,-0.000329,0.000000,0.000000,-0.021817,-0.000000,0.000000,0.021817,0.000000,-0.130900,0.000000,-0.000000,0.000000,-0.000000,0.000000,0.000000,0.000000,0.000000,0.000000,0.000000,0.000000,0.000000,0.000000,0.000000,0.000000,0.000000,0.000000,0.000000,0.000000,0.000000,0.000000,0.000000,0.000000,0.000000,0.000000,0.000000,0.000000,0.000000
1789149947.708976,-0.000440,0.000370,-0.000074,0.012175,0.006226,-0.005730,0.003070,-0.000861,-0.999995,0.000000,0.000000,0.000000,-0.000000,-0.000090,-0.000044,0.000139,-0.000111,-0.000121,0.000149,-0.000113,0.043654,0.022710,0.000070,0.000026,0.000000,0.000000,-0.000000,0.065450,0.000000,0.130900,0.000000,0.065450,0.000000,-0.000000,0.000000,0.021817,0.000000,0.000000,0.000000,0.000000,0.000000,0.000000,0.000000,0.000000,0.000000,0.000000,0.000000,0.000000,0.000000,0.000000,0.000000,0.000000,0.000000,0.000000,0.000000,0.000000,0.000000,0.000000,0.000000,0.000000
1789149947.729011,-0.000751,0.000809,-0.000042,0.011509,0.004096,-0.004532,0.002958,-0.000638,-0.999995,0.000000,0.000000,0.000000,-0.000000,-0.000090,-0.000259,-0.000131,-0.000111,0.000312,0.000149,0.000083,0.043654,0.022710,0.000070,0.000176,0.000000,0.000000,-0.043633,-0.000000,0.000000,0.152716,0.000000,0.152716,0.000000,-0.000000,0.000000,0.065450,0.000000,0.000000,0.000000,0.000000,0.000000,0.000000,0.000000,0.000000,0.000000,0.000000,0.000000,0.000000,0.000000,0.000000,0.000000,0.000000,0.000000,0.000000,0.000000,0.000000,0.000000,0.000000,0.000000,0.000000
1789149947.748957,-0.000968,0.001202,0.000079,0.002588,0.003297,-0.005197,0.002965,-0.000495,-0.999995,0.000000,0.000000,0.000000,-0.000000,-0.000090,-0.001091,-0.000131,-0.000111,0.000424,0.000149,0.000250,0.043654,0.022710,0.000070,0.000021,0.000000,0.000000,-0.000000,-0.000000,0.000000,0.043633,0.000000,0.174533,0.000000,-0.000000,0.000000,-0.000000,0.000000,0.000000,0.000000,0.000000,0.000000,0.000000,0.000000,0.000000,0.000000,0.000000,0.000000,0.000000,0.000000,0.000000,0.000000,0.000000,0.000000,0.000000,0.000000,0.000000,0.000000,0.000000,0.000000,0.000000
1789149947.768951,-0.001082,0.001337,0.000162,0.007914,0.000101,-0.004798,0.003017,-0.000162,-0.999995,0.000000,0.000000,0.000000,-0.000000,-0.000090,-0.001440,-0.000131,-0.000111,0.000451,0.000149,0.000293,0.043654,0.022710,0.000070,0.000285,0.000000,0.000000,-0.000000,-0.000000,0.000000,0.021817,0.000000,0.196350,0.000000,-0.000000,0.000000,-0.000000,0.000000,0.000000,0.000000,0.000000,0.000000,0.000000,0.000000,0.000000,0.000000,0.000000,0.000000,0.000000,0.000000,0.000000,0.000000,0.000000,0.000000,0.000000,0.000000,0.000000,0.000000,0.000000,0.000000,0.000000
1789149947.788925,-0.001206,0.001555,0.000221,-0.001940,0.001699,-0.002268,0.003115,0.000005,-0.999995,0.000000,0.000000,0.000000,-0.000000,-0.000090,-0.001440,-0.000131,-0.000111,-0.000072,0.000149,0.000272,0.043654,0.022710,-0.000239,0.000285,0.000000,0.000000,-0.000000,-0.000000,0.000000,-0.130900,0.000000,0.152716,0.000000,-0.000000,0.000000,-0.000000,0.000000,0.000000,0.000000,0.000000,0.000000,0.000000,0.000000,0.000000,0.000000,0.000000,0.000000,0.000000,0.000000,0.000000,0.000000,0.000000,0.000000,0.000000,0.000000,0.000000,0.000000,0.000000,0.000000,0.000000
1789149947.808914,-0.001264,0.001677,0.000288,0.008580,0.007158,-0.003866,0.003057,0.000281,-0.999995,0.000000,0.000000,0.000000,-0.000000,-0.000090,-0.001440,-0.000131,-0.000111,-0.000266,0.000149,0.000190,0.043654,0.022710,-0.000239,0.000285,0.000000,0.000000,-0.000000,-0.000000,0.000000,-0.130900,0.000000,0.152716,0.000000,-0.000000,0.000000,-0.000000,0.000000,0.000000,0.000000,0.000000,0.000000,0.000000,0.000000,0.000000,0.000000,0.000000,0.000000,0.000000,0.000000,0.000000,0.000000,0.000000,0.000000,0.000000,0.000000,0.000000,0.000000,0.000000,0.000000,0.000000
1789149947.828917,-0.001194,0.001674,0.000214,0.007381,0.005294,-0.000004,0.002943,0.000411,-0.999996,0.000000,0.000000,0.000000,-0.000000,-0.000090,-0.001609,-0.000131,-0.000111,-0.000549,0.000149,0.000002,0.043654,0.022974,-0.000239,0.000285,0.000000,0.000000,-0.021817,-0.000000,0.000000,-0.109083,0.000000,0.109083,0.000000,-0.000000,0.000000,-0.000000,0.000000,0.000000,0.000000,0.000000,0.000000,0.000000,0.000000,0.000000,0.000000,0.000000,0.000000,0.000000,0.000000,0.000000,0.000000,0.000000,0.000000,0.000000,0.000000,0.000000,0.000000,0.000000,0.000000,0.000000
1789149947.848929,-0.001146,0.001658,0.000154,0.008713,0.004362,0.000395,0.002777,0.000567,-0.999996,0.000000,0.000000,0.000000,-0.000000,-0.000090,-0.001614,-0.000131,-0.000111,-0.000555,0.000149,-0.000129,0.043654,0.023149,-0.000239,0.000285,0.000000,0.000000,-0.000000,-0.000000,0.000000,-0.065450,0.000000,0.065450,0.000000,-0.000000,0.000000,-0.000000,0.000000,0.000000,0.000000,0.000000,0.000000,0.000000,0.000000,0.000000,0.000000,0.000000,0.000000,0.000000,0.000000,0.000000,0.000000,0.000000,0.000000,0.000000,0.000000,0.000000,0.000000,0.000000,0.000000,0.000000
1789149947.868912,-0.000908,0.001358,0.000115,-0.001141,0.005960,-0.000004,0.002601,0.000450,-0.999997,0.000000,0.000000,0.000000,-0.000000,-0.000090,-0.001614,-0.000131,-0.000111,-0.000356,0.000149,-0.000129,0.043654,0.023149,-0.000416,0.000285,0.000000,0.000000,-0.000000,-0.000000,0.000000,0.065450,0.000000,0.065450,0.000000,-0.000000,-0.021817,-0.000000,0.000000,0.000000,0.000000,0.000000,0.000000,0.000000,0.000000,0.000000,0.000000,0.000000,0.000000,0.000000,0.000000,0.000000,0.000000,0.000000,0.000000,0.000000,0.000000,0.000000,0.000000,0.000000,0.000000,0.000000
1789149947.888887,-0.000823,0.001173,0.000144,-0.001141,0.009023,0.001727,0.002354,0.000294,-0.999997,0.000000,0.000000,0.000000,-0.000000,-0.000090,-0.001614,-0.000131,-0.000111,0.000140,0.000149,-0.000307,0.043654,0.023149,-0.000413,0.000285,0.000000,0.000000,-0.000000,-0.000000,0.000000,0.174533,0.000000,-0.021817,0.000000,-0.000000,0.000000,-0.000000,0.000000,0.000000,0.000000,0.000000,0.000000,0.000000,0.000000,0.000000,0.000000,0.000000,0.000000,0.000000,0.000000,0.000000,0.000000,0.000000,0.000000,0.000000,0.000000,0.000000,0.000000,0.000000,0.000000,0.000000
1789149947.908880,-0.000671,0.000939,0.000109,0.003653,0.001033,0.002659,0.002273,0.000371,-0.999997,0.000000,0.000000,0.000000,-0.000000,-0.000090,-0.001614,-0.000131,-0.000111,0.000258,0.000149,-0.000238,0.043654,0.023149,-0.000413,0.000285,0.000000,0.000000,-0.000000,-0.000000,0.000000,0.130900,0.000000,0.043633,0.000000,-0.000000,0.000000,-0.000000,0.000000,0.000000,0.000000,0.000000,0.000000,0.000000,0.000000,0.000000,0.000000,0.000000,0.000000,0.000000,0.000000,0.000000,0.000000,0.000000,0.000000,0.000000,0.000000,0.000000,0.000000,0.000000,0.000000,0.000000
1789149947.928903,-0.000372,0.000482,0.000041,0.001256,0.001566,0.002393,0.002203,0.000397,-0.999997,0.000000,0.000000,0.000000,-0.000000,-0.000090,-0.001614,-0.000131,-0.000111,0.000443,0.000149,-0.000228,0.043654,0.023149,-0.000413,0.000285,0.000000,0.000000,-0.000000,-0.000000,0.000000,0.130900,0.000000,0.087266,0.000000,-0.000000,0.000000,-0.000000,0.000000,0.000000,0.000000,0.000000,0.000000,0.000000,0.000000,0.000000,0.000000,0.000000,0.000000,0.000000,0.000000,0.000000,0.000000,0.000000,0.000000,0.000000,0.000000,0.000000,0.000000,0.000000,0.000000,0.000000
1789149947.948932,-0.000372,0.000482,0.000041,-0.003005,0.002897,0.003724,0.002196,0.000356,-0.999998,0.000000,0.000000,0.000000,-0.000000,-0.000090,-0.001614,-0.000131,-0.000111,0.000451,0.000149,0.000042,0.043654,0.023149,-0.000413,0.000285,0.000000,0.000000,-0.000000,-0.000000,0.000000,0.043633,0.000000,0.174533,0.000000,-0.000000,0.000000,-0.000000,0.000000,0.000000,0.000000,0.000000,0.000000,0.000000,0.000000,0.000000,0.000000,0.000000,0.000000,0.000000,0.000000,0.000000,0.000000,0.000000,0.000000,0.000000,0.000000,0.000000,0.000000,0.000000,0.000000,0.000000
1789149947.968891,0.000027,-0.000021,-0.000063,-0.001008,0.000234,0.003058,0.002286,0.000453,-0.999997,0.000000,0.000000,0.000000,-0.000000,-0.000090,-0.001023,-0.000131,-0.000111,0.000239,0.000149,-0.000138,0.043654,0.023149,-0.000143,0.000285,0.000000,0.000000,0.021817,-0.000000,0.000000,-0.000000,0.000000,0.065450,0.000000,-0.000000,0.065450,-0.000000,0.000000,0.000000,0.000000,0.000000,0.000000,0.000000,0.000000,0.000000,0.000000,0.000000,0.000000,0.000000,0.000000,0.000000,0.000000,0.000000,0.000000,0.000000,0.000000,0.000000,0.000000,0.000000,0.000000,0.000000
1789149947.988881,0.000244,-0.000260,-0.000118,0.004718,-0.000698,0.004523,0.002348,0.000687,-0.999997,0.000000,0.000000,0.000000,-0.000000,-0.000090,-0.000578,-0.000131,-0.000111,0.000099,0.000149,-0.000328,0.043654,0.022884,-0.000105,0.000285,0.000000,0.000000,0.021817,-0.000000,0.000000,-0.065450,0.000000,-0.000000,0.000000,-0.000000,0.000000,-0.000000,0.000000,0.000000,0.000000,0.000000,0.000000,0.000000,0.000000,0.000000,0.000000,0.000000,0.000000,0.000000,0.000000,0.000000,0.000000,0.000000,0.000000,0.000000,0.000000,0.000000,0.000000,0.000000,0.000000,0.000000
1789149948.008947,0.000244,-0.000260,-0.000118,0.004319,0.005827,0.007186,0.002277,0.000683,-0.999997,0.000000,0.000000,0.000000,-0.000000,-0.000090,-0.000529,-0.000131,-0.000111,-0.000255,0.000149,-0.000328,0.043654,0.022710,-0.000105,0.000021,0.000000,0.000000,0.021817,-0.000000,0.000000,-0.152716,0.000000,-0.000000,0.000000,-0.000000,0.000000,-0.000000,0.000000,0.000000,0.000000,0.000000,0.000000,0.000000,0.000000,0.000000,0.000000,0.000000,0.000000,0.000000,0.000000,0.000000,0.000000,0.000000,0.000000,0.000000,0.000000,0.000000,0.000000,0.000000,0.000000,0.000000
1789149948.028914,0.000544,-0.000638,-0.000078,0.003387,0.009955,0.005988,0.002099,0.000605,-0.999998,0.000000,0.000000,0.000000,-0.000000,-0.000090,-0.000046,-0.000131,-0.000111,-0.000397,0.000149,-0.000328,0.043654,0.022710,-0.000105,-0.000173,0.000000,0.000000,0.021817,-0.000000,0.000000,-0.152716,0.000000,-0.000000,0.000000,-0.000000,0.000000,-0.021817,0.000000,0.000000,0.000000,0.000000,0.000000,0.000000,0.000000,0.000000,0.000000,0.000000,0.000000,0.000000,0.000000,0.000000,0.000000,0.000000,0.000000,0.000000,0.000000,0.000000,0.000000,0.000000,0.000000,0.000000
1789149948.048905,0.000640,-0.000795,-0.000060,0.004185,0.003430,0.003724,0.002032,0.000597,-0.999998,0.000000,0.000000,0.000000,-0.000000,-0.000090,0.000355,-0.000131,-0.000111,-0.000397,0.000149,-0.000277,0.043654,0.022710,-0.000105,-0.000154,0.000000,0.000000,0.021817,-0.000000,0.000000,-0.109083,0.000000,0.109083,0.000000,-0.000000,0.000000,-0.000000,0.000000,0.000000,0.000000,0.000000,0.000000,0.000000,0.000000,0.000000,0.000000,0.000000,0.000000,0.000000,0.000000,0.000000,0.000000,0.000000,0.000000,0.000000,0.000000,0.000000,0.000000,0.000000,0.000000,0.000000
1789149948.068888,0.000631,-0.000896,0.000060,0.001123,0.003297,0.004390,0.001952,0.000503,-0.999998,0.000000,0.000000,0.000000,-0.000000,-0.000090,0.000548,-0.000131,-0.000111,-0.000577,0.000149,-0.000279,0.043654,0.022710,0.000039,-0.000154,0.000000,0.000000,0.021817,-0.000000,0.000000,-0.065450,0.000000,0.065450,0.000000,-0.000000,0.021817,-0.000000,0.000000,0.000000,0.000000,0.000000,0.000000,0.000000,0.000000,0.000000,0.000000,0.000000,0.000000,0.000000,0.000000,0.000000,0.000000,0.000000,0.000000,0.000000,0.000000,0.000000,0.000000,0.000000,0.000000,0.000000
1789149948.088888,0.000626,-0.000876,0.000049,0.002721,0.003829,0.004124,0.001905,0.000366,-0.999998,0.000000,0.000000,0.000000,-0.000000,-0.000090,0.000963,-0.000131,-0.000111,-0.000566,0.000149,-0.000304,0.043654,0.022710,0.000070,-0.000154,0.000000,0.000000,-0.000000,-0.000000,0.000000,-0.021817,0.000000,0.065450,0.000000,-0.000000,0.000000,-0.000000,0.000000,0.000000,0.000000,0.000000,0.000000,0.000000,0.000000,0.000000,0.000000,0.000000,0.000000,0.000000,0.000000,0.000000,0.000000,0.000000,0.000000,0.000000,0.000000,0.000000,0.000000,0.000000,0.000000,0.000000
1789149948.108899,0.000636,-0.000872,-0.000047,0.001123,0.002631,0.003058,0.001902,0.000217,-0.999998,0.000000,0.000000,0.000000,-0.000000,-0.000090,0.001137,0.000133,-0.000111,-0.000375,0.000149,-0.000269,0.043654,0.022710,0.000070,-0.000154,0.000000,0.000000,-0.000000,-0.000000,0.000000,-0.000000,0.000000,0.087266,0.000000,-0.000000,0.000000,-0.000000,0.000000,0.000000,0.000000,0.000000,0.000000,0.000000,0.000000,0.000000,0.000000,0.000000,0.000000,0.000000,0.000000,0.000000,0.000000,0.000000,0.000000,0.000000,0.000000,0.000000,0.000000,0.000000,0.000000,0.000000
1789149948.128927,0.000626,-0.000854,-0.000022,0.003120,0.003696,0.001594,0.001851,0.000260,-0.999998,0.000000,0.000000,0.000000,-0.000000,-0.000090,0.001137,0.000133,-0.000111,-0.000375,0.000149,-0.000328,0.043654,0.022710,0.000070,-0.000154,0.000000,0.000000,-0.000000,-0.000000,0.000000,-0.000000,0.000000,-0.000000,0.000000,-0.000000,0.000000,-0.000000,0.000000,0.000000,0.000000,0.000000,0.000000,0.000000,0.000000,0.000000,0.000000,0.000000,0.000000,0.000000,0.000000,0.000000,0.000000,0.000000,0.000000,0.000000,0.000000,0.000000,0.000000,0.000000,0.000000,0.000000
1789149948.148943,0.000568,-0.000830,0.000032,0.006050,0.003297,-0.000670,0.001856,0.000305,-0.999998,0.000000,0.000000,0.000000,-0.000000,-0.000090,0.001137,0.000133,-0.000111,-0.000124,0.000149,-0.000328,0.043654,0.022710,0.000070,-0.000329,0.000000,0.000000,-0.000000,-0.000000,0.000000,0.130900,0.000000,-0.000000,0.000000,-0.000000,0.000000,-0.000000,0.000000,0.000000,0.000000,0.000000,0.000000,0.000000,0.000000,0.000000,0.000000,0.000000,0.000000,0.000000,0.000000,0.000000,0.000000,0.000000,0.000000,0.000000,0.000000,0.000000,0.000000,0.000000,0.000000,0.000000
1789149948.168900,0.000502,-0.000750,-0.000046,0.011110,0.008224,-0.001602,0.001730,0.000424,-0.999998,0.000000,0.000000,0.000000,-0.000000,-0.000090,0.001137,0.000133,-0.000111,0.000157,0.000149,-0.000503,0.043654,0.022710,0.000070,-0.000329,0.000000,0.000000,-0.000000,-0.000000,0.000000,0.130900,0.000000,-0.000000,0.000000,-0.000000,0.000000,-0.000000,0.000000,0.000000,0.000000,0.000000,0.000000,0.000000,0.000000,0.000000,0.000000,0.000000,0.000000,0.000000,0.000000,0.000000,0.000000,0.000000,0.000000,0.000000,0.000000,0.000000,0.000000,0.000000,0.000000,0.000000
1789149948.188882,0.000372,-0.000599,-0.000068,0.004319,0.001566,-0.003067,0.001764,0.000557,-0.999998,0.000000,0.000000,0.000000,-0.000000,-0.000090,0.001137,0.000133,-0.000111,0.000446,0.000149,-0.000503,0.043654,0.022710,0.000070,-0.000329,0.000000,0.000000,-0.000000,-0.000000,0.000000,0.087266,0.000000,-0.000000,0.000000,-0.000000,0.000000,-0.000000,0.000000,0.000000,0.000000,0.000000,0.000000,0.000000,0.000000,0.000000,0.000000,0.000000,0.000000,0.000000,0.000000,0.000000,0.000000,0.000000,0.000000,0.000000,0.000000,0.000000,0.000000,0.000000,0.000000,0.000000
1789149948.208881,0.000211,-0.000428,-0.000022,-0.002339,0.000634,-0.004798,0.001874,0.000644,-0.999998,0.000000,0.000000,0.000000,-0.000000,-0.000090,0.001137,0.000133,-0.000111,0.000271,0.000149,-0.000478,0.043654,0.022710,0.000070,-0.000329,0.000000,0.000000,-0.000000,-0.000000,0.000000,0.021817,0.000000,-0.021817,0.000000,-0.000000,0.000000,-0.000000,0.000000,0.000000,0.000000,0.000000,0.000000,0.000000,0.000000,0.000000,0.000000,0.000000,0.000000,0.000000,0.000000,0.000000,0.000000,0.000000,0.000000,0.000000,0.000000,0.000000,0.000000,0.000000,0.000000,0.000000
1789149948.228963,0.000092,-0.000299,0.000008,0.003520,0.003563,-0.003733,0.001884,0.000737,-0.999998,0.000000,0.000000,0.000000,-0.000000,-0.000090,0.001137,0.000133,-0.000111,0.000099,0.000149,-0.000661,0.043654,0.022710,0.000070,-0.000329,0.000000,0.000000,-0.000000,-0.000000,0.000000,-0.065450,0.000000,-0.043633,0.000000,-0.000000,0.000000,-0.000000,0.000000,0.000000,0.000000,0.000000,0.000000,0.000000,0.000000,0.000000,0.000000,0.000000,0.000000,0.000000,0.000000,0.000000,0.000000,0.000000,0.000000,0.000000,0.000000,0.000000,0.000000,0.000000,0.000000,0.000000
1789149948.249117,-0.000085,-0.000114,0.000102,0.005251,0.003297,-0.001203,0.001834,0.000878,-0.999998,0.000000,0.000000,0.000000,0.000174,-0.000090,0.001137,0.000133,-0.000111,-0.000233,0.000149,-0.000481,0.043654,0.022710,0.000070,-0.000329,0.000000,0.000000,-0.000000,-0.000000,0.000000,-0.152716,0.000000,-0.021817,0.000000,-0.000000,0.000000,-0.000000,0.000000,0.000000,0.000000,0.000000,0.000000,0.000000,0.000000,0.000000,0.000000,0.000000,0.000000,0.000000,0.000000,0.000000,0.000000,0.000000,0.000000,0.000000,0.000000,0.000000,0.000000,0.000000,0.000000,0.000000
1789149948.268970,-0.000095,0.000071,0.000099,0.004319,0.003297,-0.004132,0.001786,0.000958,-0.999998,0.000000,0.000000,0.000000,0.000174,-0.000090,0.001137,0.000133,-0.000111,-0.000370,0.000149,-0.000326,0.043654,0.022710,0.000070,-0.000329,0.000000,0.000000,-0.000000,-0.000000,0.000000,-0.152716,0.000000,-0.021817,0.000000,-0.000000,0.000000,-0.000000,0.000000,0.000000,0.000000,0.000000,0.000000,0.000000,0.000000,0.000000,0.000000,0.000000,0.000000,0.000000,0.000000,0.000000,0.000000,0.000000,0.000000,0.000000,0.000000,0.000000,0.000000,0.000000,0.000000,0.000000
1789149948.288922,-0.000154,0.000186,0.000095,-0.006867,0.005294,-0.002534,0.001704,0.000658,-0.999998,0.000000,0.000000,0.000000,0.000174,-0.000090,0.000584,-0.000006,-0.000111,-0.000402,0.000149,-0.000495,0.043654,0.022710,0.000070,-0.000329,0.000000,0.000000,-0.065450,-0.065450,0.000000,-0.065450,0.000000,-0.065450,0.000000,-0.000000,0.000000,-0.000000,0.000000,0.000000,0.000000,0.000000,0.000000,0.000000,0.000000,0.000000,0.000000,0.000000,0.000000,0.000000,0.000000,0.000000,0.000000,0.000000,0.000000,0.000000,0.000000,0.000000,0.000000,0.000000,0.000000,0.000000
1789149948.308871,-0.000221,0.000292,0.000082,0.000590,0.009555,-0.002800,0.001479,0.000518,-0.999999,0.000000,0.000000,0.000000,0.000174,-0.000090,0.000166,-0.000131,-0.000111,0.000258,0.000149,0.000501,0.043654,0.022710,0.000070,-0.000083,0.000000,0.000000,-0.021817,-0.000000,0.000000,0.065450,0.000000,0.065450,0.000000,-0.000000,0.000000,0.065450,0.000000,0.000000,0.000000,0.000000,0.000000,0.000000,0.000000,0.000000,0.000000,0.000000,0.000000,0.000000,0.000000,0.000000,0.000000,0.000000,0.000000,0.000000,0.000000,0.000000,0.000000,0.000000,0.000000,0.000000
1789149948.328927,-0.000280,0.000447,-0.000029,0.005251,0.002098,-0.004132,0.001323,0.000573,-0.999999,0.000000,0.000000,0.000000,0.000174,-0.000090,-0.000218,0.000172,-0.000111,-0.000397,0.000149,-0.000293,0.043654,0.022710,0.000070,-0.000064,0.000000,0.000000,-0.000000,0.065450,0.000000,-0.021817,0.000000,-0.021817,0.000000,-0.000000,0.000000,-0.000000,0.000000,0.000000,0.000000,0.000000,0.000000,0.000000,0.000000,0.000000,0.000000,0.000000,0.000000,0.000000,0.000000,0.000000,0.000000,0.000000,0.000000,0.000000,0.000000,0.000000,0.000000,0.000000,0.000000,0.000000
1789149948.348936,-0.000369,0.000516,-0.000031,0.001256,0.006493,-0.006396,0.001179,0.000366,-0.999999,0.000000,0.000000,0.000000,0.000174,-0.000090,-0.000742,-0.000131,-0.000111,-0.000375,0.000149,-0.000151,0.043654,0.022710,0.000070,-0.000064,0.000000,0.000000,-0.000000,-0.000000,0.000000,-0.000000,0.000000,-0.043633,0.000000,-0.000000,0.000000,-0.000000,0.000000,0.000000,0.000000,0.000000,0.000000,0.000000,0.000000,0.000000,0.000000,0.000000,0.000000,0.000000,0.000000,0.000000,0.000000,0.000000,0.000000,0.000000,0.000000,0.000000,0.000000,0.000000,0.000000,0.000000
1789149948.368981,-0.000575,0.000623,0.000027,0.006183,0.000101,-0.007195,0.001145,0.000339,-0.999999,0.000000,0.000000,0.000000,0.000174,-0.000090,-0.000742,-0.000131,-0.000111,-0.000007,0.000149,0.000184,0.043654,0.022710,0.000070,-0.000064,0.000000,0.000000,-0.000000,-0.000000,0.000000,-0.152716,0.000000,0.043633,0.000000,-0.000000,0.000000,-0.000000,0.000000,0.000000,0.000000,0.000000,0.000000,0.000000,0.000000,0.000000,0.000000,0.000000,0.000000,0.000000,0.000000,0.000000,0.000000,0.000000,0.000000,0.000000,0.000000,0.000000,0.000000,0.000000,0.000000,0.000000
1789149948.389026,-0.000623,0.000658,0.000050,-0.004070,-0.002163,-0.008127,0.001209,0.000323,-0.999999,0.000000,0.000000,0.000000,0.000174,-0.000090,-0.000916,-0.000131,-0.000111,0.000438,0.000149,0.000154,0.043654,0.022710,0.000070,-0.000064,0.000000,0.000000,-0.000000,-0.000000,0.000000,0.152716,0.000000,-0.000000,0.000000,-0.000000,0.000000,-0.000000,0.000000,0.000000,0.000000,0.000000,0.000000,0.000000,0.000000,0.000000,0.000000,0.000000,0.000000,0.000000,0.000000,0.000000,0.000000,0.000000,0.000000,0.000000,0.000000,0.000000,0.000000,0.000000,0.000000,0.000000
1789149948.408957,-0.000681,0.000741,0.000145,-0.004470,0.000634,-0.007328,0.001335,0.000229,-0.999999,0.000000,0.000000,0.000000,0.000174,-0.000090,-0.000916,-0.000131,-0.000111,0.000419,0.000149,0.000329,0.043654,0.022710,0.000070,-0.000064,0.000000,0.000000,-0.000000,-0.000000,0.000000,0.043633,0.000000,-0.000000,0.000000,-0.000000,0.000000,-0.000000,0.000000,0.000000,0.000000,0.000000,0.000000,0.000000,0.000000,0.000000,0.000000,0.000000,0.000000,0.000000,0.000000,0.000000,0.000000,0.000000,0.000000,0.000000,0.000000,0.000000,0.000000,0.000000,0.000000,0.000000
1789149948.428983,-0.000621,0.000721,0.000039,0.001655,0.001433,-0.003733,0.001464,0.000276,-0.999999,0.000000,0.000000,0.000000,0.000174,-0.000090,-0.001265,-0.000131,-0.000111,0.000435,0.000149,0.000154,0.043654,0.022710,0.000070,0.000285,0.000000,0.000000,-0.000000,-0.000000,0.000000,0.021817,0.000000,-0.000000,0.000000,-0.000000,0.000000,-0.000000,0.000000,0.000000,0.000000,0.000000,0.000000,0.000000,0.000000,0.000000,0.000000,0.000000,0.000000,0.000000,0.000000,0.000000,0.000000,0.000000,0.000000,0.000000,0.000000,0.000000,0.000000,0.000000,0.000000,0.000000
1789149948.448970,-0.000617,0.000771,-0.000010,-0.005668,-0.002828,-0.001336,0.001684,0.000363,-0.999999,0.000000,0.000000,0.000000,0.000174,-0.000090,-0.001265,-0.000131,-0.000111,0.000239,0.000149,0.000334,0.043654,0.022710,0.000070,0.000285,0.000000,0.000000,-0.000000,-0.000000,0.000000,-0.000000,0.000000,0.021817,0.000000,-0.000000,0.000000,-0.000000,0.000000,0.000000,0.000000,0.000000,0.000000,0.000000,0.000000,0.000000,0.000000,0.000000,0.000000,0.000000,0.000000,0.000000,0.000000,0.000000,0.000000,0.000000,0.000000,0.000000,0.000000,0.000000,0.000000,0.000000
1789149948.468932,-0.000549,0.000773,-0.000023,0.001655,-0.000565,-0.001336,0.001858,0.000559,-0.999998,0.000000,0.000000,0.000000,0.000174,-0.000090,-0.001265,-0.000131,-0.000111,0.000078,0.000149,0.000356,0.043654,0.022710,-0.000239,0.000285,0.000000,0.000000,-0.000000,-0.000000,0.000000,-0.130900,0.000000,0.043633,0.000000,-0.000000,0.000000,-0.000000,0.000000,0.000000,0.000000,0.000000,0.000000,0.000000,0.000000,0.000000,0.000000,0.000000,0.000000,0.000000,0.000000,0.000000,0.000000,0.000000,0.000000,0.000000,0.000000,0.000000,0.000000,0.000000,0.000000,0.000000
1789149948.488961,-0.000474,0.000808,-0.000043,0.002854,0.002897,0.001727,0.001968,0.000626,-0.999998,0.000000,0.000000,0.000000,0.000174,-0.000090,-0.001374,-0.000131,-0.000111,-0.000400,0.000149,0.000533,0.043654,0.022710,-0.000239,0.000285,0.000000,0.000000,-0.021817,-0.000000,0.000000,-0.174533,0.000000,0.152716,0.000000,-0.000000,0.000000,-0.000000,0.000000,0.000000,0.000000,0.000000,0.000000,0.000000,0.000000,0.000000,0.000000,0.000000,0.000000,0.000000,0.000000,0.000000,0.000000,0.000000,0.000000,0.000000,0.000000,0.000000,0.000000,0.000000,0.000000,0.000000
1789149948.509023,-0.000446,0.000844,-0.000033,0.003653,0.003963,0.002659,0.001968,0.000778,-0.999998,0.000000,0.000000,0.000000,0.000174,-0.000090,-0.001440,-0.000131,-0.000111,-0.000566,0.000149,0.000337,0.043654,0.022710,-0.000239,0.000285,0.000000,0.000000,-0.000000,-0.000000,0.000000,-0.109083,0.000000,0.109083,0.000000,-0.000000,0.000000,-0.000000,0.000000,0.000000,0.000000,0.000000,0.000000,0.000000,0.000000,0.000000,0.000000,0.000000,0.000000,0.000000,0.000000,0.000000,0.000000,0.000000,0.000000,0.000000,0.000000,0.000000,0.000000,0.000000,0.000000,0.000000
1789149948.529530,-0.000398,0.000866,-0.000044,0.002454,0.007292,0.001194,0.001890,0.000769,-0.999998,0.000000,0.000000,0.000000,0.000174,-0.000090,-0.001440,-0.000131,-0.000111,0.000419,0.000149,-0.000170,0.043654,0.022710,-0.000239,0.000285,0.000000,0.000000,-0.000000,-0.000000,0.000000,0.043633,0.000000,-0.130900,0.000000,-0.000000,0.000000,-0.000000,0.000000,0.000000,0.000000,0.000000,0.000000,0.000000,0.000000,0.000000,0.000000,0.000000,0.000000,0.000000,0.000000,0.000000,0.000000,0.000000,0.000000,0.000000,0.000000,0.000000,0.000000,0.000000,0.000000,0.000000
1789149948.549416,-0.000294,0.000786,-0.000124,0.003919,0.006226,0.001461,0.001746,0.000705,-0.999998,0.000000,0.000000,0.000000,0.000174,-0.000090,-0.001440,-0.000131,-0.000111,0.000446,0.000149,-0.000110,0.043654,0.022710,-0.000239,0.000285,0.000000,0.000000,-0.000000,-0.000000,0.000000,0.043633,0.000000,-0.087266,0.000000,-0.000000,0.000000,-0.000000,0.000000,0.000000,0.000000,0.000000,0.000000,0.000000,0.000000,0.000000,0.000000,0.000000,0.000000,0.000000,0.000000,0.000000,0.000000,0.000000,0.000000,0.000000,0.000000,0.000000,0.000000,0.000000,0.000000,0.000000
1789149948.569144,-0.000355,0.000660,-0.000045,0.005783,0.005561,0.000662,0.001605,0.000723,-0.999998,0.000000,0.000000,0.000000,0.000174,-0.000090,-0.001440,-0.000131,-0.000111,-0.000236,0.000149,0.000310,0.043654,0.022710,-0.000239,0.000285,0.000000,0.000000,-0.000000,-0.000000,0.000000,0.065450,0.000000,0.174533,0.000000,-0.000000,0.000000,-0.000000,0.000000,0.000000,0.000000,0.000000,0.000000,0.000000,0.000000,0.000000,0.000000,0.000000,0.000000,0.000000,0.000000,0.000000,0.000000,0.000000,0.000000,0.000000,0.000000,0.000000,0.000000,0.000000,0.000000,0.000000
1789149948.588987,-0.000292,0.000558,-0.000053,-0.000741,0.004495,-0.000004,0.001477,0.000625,-0.999999,0.000000,0.000000,0.000000,0.000174,-0.000090,-0.001440,-0.000131,-0.000111,-0.000200,0.000149,0.000291,0.043654,0.022710,-0.000239,0.000285,0.000000,0.000000,-0.000000,-0.000000,0.000000,-0.000000,0.000000,0.174533,0.000000,-0.000000,0.000000,-0.000000,0.000000,0.000000,0.000000,0.000000,0.000000,0.000000,0.000000,0.000000,0.000000,0.000000,0.000000,0.000000,0.000000,0.000000,0.000000,0.000000,0.000000,0.000000,0.000000,0.000000,0.000000,0.000000,0.000000,0.000000
1789149948.608948,-0.000267,0.000448,-0.000051,0.000590,0.001566,-0.000537,0.001577,0.000665,-0.999999,0.000000,0.000000,0.000000,0.000174,-0.000090,-0.001440,-0.000131,-0.000111,0.000184,0.000149,0.000318,0.043654,0.022710,-0.000239,0.000285,0.000000,0.000000,-0.000000,-0.000000,0.000000,0.174533,0.000000,0.174533,0.000000,-0.000000,0.000000,-0.000000,0.000000,0.000000,0.000000,0.000000,0.000000,0.000000,0.000000,0.000000,0.000000,0.000000,0.000000,0.000000,0.000000,0.000000,0.000000,0.000000,0.000000,0.000000,0.000000,0.000000,0.000000,0.000000,0.000000,0.000000
1789149948.628931,-0.000223,0.000114,-0.000009,-0.000209,0.002897,0.000928,0.001703,0.000711,-0.999998,0.000000,0.000000,0.000000,0.000174,-0.000090,-0.001440,-0.000131,-0.000111,0.000389,0.000149,0.000342,0.043654,0.022710,-0.000239,0.000021,0.000000,0.000000,-0.000000,-0.000000,0.000000,0.152716,0.000000,0.152716,0.000000,-0.000000,0.000000,-0.000000,0.000000,0.000000,0.000000,0.000000,0.000000,0.000000,0.000000,0.000000,0.000000,0.000000,0.000000,0.000000,0.000000,0.000000,0.000000,0.000000,0.000000,0.000000,0.000000,0.000000,0.000000,0.000000,0.000000,0.000000
1789149948.648958,-0.000191,-0.000047,0.000012,0.007248,0.003963,0.000528,0.001758,0.000994,-0.999998,0.000000,0.000000,0.000000,0.000174,-0.000090,-0.001440,-0.000131,-0.000111,0.000424,0.000149,0.000050,0.043654,0.022710,-0.000239,0.000021,0.000000,0.000000,-0.000000,-0.000000,0.000000,0.043633,0.000000,0.109083,0.000000,-0.000000,0.000000,-0.000000,0.000000,0.000000,0.000000,0.000000,0.000000,0.000000,0.000000,0.000000,0.000000,0.000000,0.000000,0.000000,0.000000,0.000000,0.000000,0.000000,0.000000,0.000000,0.000000,0.000000,0.000000,0.000000,0.000000,0.000000
1789149948.668905,-0.000059,-0.000313,-0.000039,0.004185,0.001832,0.002792,0.001854,0.001209,-0.999998,0.000000,0.000000,0.000000,0.000174,-0.000090,-0.000952,-0.000131,-0.000111,0.000424,0.000149,-0.000138,0.043654,0.022710,-0.000239,0.000021,0.000000,0.000000,0.043633,-0.000000,0.000000,0.021817,0.000000,0.065450,0.000000,-0.000000,0.000000,-0.000000,0.000000,0.000000,0.000000,0.000000,0.000000,0.000000,0.000000,0.000000,0.000000,0.000000,0.000000,0.000000,0.000000,0.000000,0.000000,0.000000,0.000000,0.000000,0.000000,0.000000,0.000000,0.000000,0.000000,0.000000
1789149948.688930,0.000001,-0.000509,-0.000069,-0.000209,0.002232,0.004523,0.001908,0.001310,-0.999997,0.000000,0.000000,0.000000,0.000174,-0.000090,-0.000635,-0.000131,-0.000111,0.000206,0.000149,-0.000328,0.043654,0.022710,-0.000239,0.000021,0.000000,0.000000,0.021817,-0.000000,0.000000,-0.087266,0.000000,-0.000000,0.000000,-0.000000,0.000000,-0.000000,0.000000,0.000000,0.000000,0.000000,0.000000,0.000000,0.000000,0.000000,0.000000,0.000000,0.000000,0.000000,0.000000,0.000000,0.000000,0.000000,0.000000,0.000000,0.000000,0.000000,0.000000,0.000000,0.000000,0.000000
1789149948.708945,0.000179,-0.000788,-0.000133,-0.000076,0.006093,0.006521,0.001874,0.001274,-0.999997,0.000000,0.000000,0.000000,0.000174,-0.000090,-0.000434,-0.000131,-0.000111,-0.000157,0.000149,-0.000328,0.043654,0.022710,-0.000239,0.000021,0.000000,0.000000,-0.000000,-0.000000,0.000000,-0.174533,0.000000,-0.000000,0.000000,-0.000000,0.000000,-0.000000,0.000000,0.000000,0.000000,0.000000,0.000000,0.000000,0.000000,0.000000,0.000000,0.000000,0.000000,0.000000,0.000000,0.000000,0.000000,0.000000,0.000000,0.000000,0.000000,0.000000,0.000000,0.000000,0.000000,0.000000
1789149948.728978,0.000318,-0.000955,-0.000117,0.000723,0.005161,0.009317,0.001806,0.001232,-0.999998,0.000000,0.000000,0.000000,0.000174,-0.000090,-0.000144,-0.000131,-0.000111,-0.000315,0.000149,-0.000328,0.043654,0.022710,-0.000239,0.000021,0.000000,0.000000,0.021817,-0.000000,0.000000,-0.174533,0.000000,-0.000000,0.000000,-0.000000,0.000000,-0.000000,0.000000,0.000000,0.000000,0.000000,0.000000,0.000000,0.000000,0.000000,0.000000,0.000000,0.000000,0.000000,0.000000,0.000000,0.000000,0.000000,0.000000,0.000000,0.000000,0.000000,0.000000,0.000000,0.000000,0.000000
1789149948.749031,0.000465,-0.001112,-0.000114,0.000324,0.003563,0.007852,0.001724,0.001141,-0.999998,0.000000,0.000000,0.000000,0.000174,-0.000090,-0.000035,0.000098,-0.000111,-0.000577,0.000149,-0.000320,0.043654,0.022710,-0.000239,-0.000154,0.000000,0.000000,0.021817,0.065450,0.000000,-0.152716,0.000000,-0.021817,0.000000,-0.000000,0.000000,-0.000000,0.000000,0.000000,0.000000,0.000000,0.000000,0.000000,0.000000,0.000000,0.000000,0.000000,0.000000,0.000000,0.000000,0.000000,0.000000,0.000000,0.000000,0.000000,0.000000,0.000000,0.000000,0.000000,0.000000,0.000000
1789149948.768952,0.000465,-0.001112,-0.000114,0.001256,0.006759,0.005189,0.001551,0.000969,-0.999998,0.000000,0.000000,0.000000,0.000174,-0.000090,0.000262,0.000133,-0.000111,-0.000566,0.000149,-0.000487,0.043654,0.022535,-0.000239,-0.000274,0.000000,0.000000,0.021817,-0.000000,0.000000,-0.065450,0.000000,-0.021817,0.000000,-0.000000,0.000000,-0.021817,0.000000,0.000000,0.000000,0.000000,0.000000,0.000000,0.000000,0.000000,0.000000,0.000000,0.000000,0.000000,0.000000,0.000000,0.000000,0.000000,0.000000,0.000000,0.000000,0.000000,0.000000,0.000000,0.000000,0.000000
1789149948.788969,0.000216,-0.001009,0.000142,0.008713,0.005427,0.004790,0.001410,0.000968,-0.999999,0.000000,0.000000,0.000000,0.000174,-0.000090,0.000682,0.000133,-0.000111,-0.000552,0.000149,-0.000503,0.043654,0.022535,0.000070,-0.000329,0.000000,0.000000,0.021817,-0.000000,0.000000,-0.021817,0.000000,-0.000000,0.000000,-0.000000,0.000000,-0.000000,0.000000,0.000000,0.000000,0.000000,0.000000,0.000000,0.000000,0.000000,0.000000,0.000000,0.000000,0.000000,0.000000,0.000000,0.000000,0.000000,0.000000,0.000000,0.000000,0.000000,0.000000,0.000000,0.000000,0.000000
1789149948.808916,0.000215,-0.000965,0.000155,0.005384,0.003031,0.000528,0.001256,0.000968,-0.999999,0.000000,0.000000,0.000000,0.000174,-0.000090,0.001290,0.000133,0.000064,-0.000506,0.000149,-0.000656,0.043654,0.022535,0.000070,-0.000329,0.000000,0.000000,0.021817,-0.000000,0.000000,0.021817,0.000000,-0.021817,0.000000,-0.000000,0.000000,-0.000000,0.000000,0.000000,0.000000,0.000000,0.000000,0.000000,0.000000,0.000000,0.000000,0.000000,0.000000,0.000000,0.000000,0.000000,0.000000,0.000000,0.000000,0.000000,0.000000,0.000000,0.000000,0.000000,0.000000,0.000000
1789149948.828914,0.000336,-0.000967,0.000107,-0.004470,0.003696,-0.001735,0.001260,0.000698,-0.999999,0.000000,0.000000,0.000000,0.000174,-0.000090,0.001486,0.000133,0.000064,-0.000012,0.000149,-0.000648,0.043654,0.022535,0.000070,-0.000329,0.000000,0.000000,-0.000000,-0.000000,0.000000,0.152716,0.000000,-0.021817,0.000000,-0.000000,0.000000,-0.000000,0.000000,0.000000,0.000000,0.000000,0.000000,0.000000,0.000000,0.000000,0.000000,0.000000,0.000000,0.000000,0.000000,0.000000,0.000000,0.000000,0.000000,0.000000,0.000000,0.000000,0.000000,0.000000,0.000000,0.000000
1789149948.848901,0.000446,-0.000985,0.000086,0.001655,0.001699,-0.000137,0.001283,0.000731,-0.999999,0.000000,0.000000,0.000000,0.000174,-0.000090,0.001486,0.000133,0.000064,0.000244,0.000149,-0.000650,0.043654,0.022535,0.000070,-0.000329,0.000000,0.000000,-0.000000,-0.000000,0.000000,0.109083,0.000000,-0.021817,0.000000,-0.000000,0.000000,-0.000000,0.000000,0.000000,0.000000,0.000000,0.000000,0.000000,0.000000,0.000000,0.000000,0.000000,0.000000,0.000000,0.000000,0.000000,0.000000,0.000000,0.000000,0.000000,0.000000,0.000000,0.000000,0.000000,0.000000,0.000000
1789149948.868906,0.000520,-0.000948,0.000058,0.002321,-0.000565,-0.001602,0.001364,0.000970,-0.999999,0.000000,0.000000,0.000000,0.000174,-0.000090,0.001486,0.000133,0.000064,0.000271,0.000149,-0.000503,0.043654,0.022535,0.000244,-0.000329,0.000000,0.000000,-0.000000,-0.000000,0.000000,0.043633,0.000000,-0.000000,0.000000,-0.000000,0.000000,-0.000000,0.000000,0.000000,0.000000,0.000000,0.000000,0.000000,0.000000,0.000000,0.000000,0.000000,0.000000,0.000000,0.000000,0.000000,0.000000,0.000000,0.000000,0.000000,0.000000,0.000000,0.000000,0.000000,0.000000,0.000000
1789149948.888940,0.000541,-0.000867,0.000090,0.001789,0.000900,-0.002667,0.001491,0.001033,-0.999998,0.000000,0.000000,0.000000,0.000174,-0.000090,0.001486,0.000133,0.000064,-0.000580,0.000149,0.000173,0.043654,0.022535,0.000244,-0.000329,0.000000,0.000000,-0.000000,-0.000000,0.000000,-0.043633,0.000000,-0.065450,0.000000,-0.000000,0.000000,-0.000000,0.000000,0.000000,0.000000,0.000000,0.000000,0.000000,0.000000,0.000000,0.000000,0.000000,0.000000,0.000000,0.000000,0.000000,0.000000,0.000000,0.000000,0.000000,0.000000,0.000000,0.000000,0.000000,0.000000,0.000000
1789149948.908926,0.000532,-0.000757,0.000105,0.005650,0.003297,-0.001868,0.001557,0.001149,-0.999998,0.000000,0.000000,0.000000,0.000174,-0.000090,0.001486,0.000133,0.000064,0.000214,0.000149,-0.000328,0.043654,0.022535,0.000244,-0.000329,0.000000,0.000000,-0.000000,-0.000000,0.000000,-0.065450,0.000000,-0.000000,0.000000,-0.000000,0.000000,-0.000000,0.000000,0.000000,0.000000,0.000000,0.000000,0.000000,0.000000,0.000000,0.000000,0.000000,0.000000,0.000000,0.000000,0.000000,0.000000,0.000000,0.000000,0.000000,0.000000,0.000000,0.000000,0.000000,0.000000,0.000000
1789149948.928981,0.000447,-0.000456,0.000251,0.003387,0.003696,-0.001203,0.001552,0.001268,-0.999998,0.000000,0.000000,0.000000,0.000174,-0.000090,0.001486,0.000133,0.000064,-0.000012,0.000149,0.000329,0.043654,0.022535,0.000244,-0.000329,0.000000,0.000000,-0.000000,-0.000000,0.000000,0.174533,0.000000,-0.000000,0.000000,-0.000000,0.000000,-0.000000,0.000000,0.000000,0.000000,0.000000,0.000000,0.000000,0.000000,0.000000,0.000000,0.000000,0.000000,0.000000,0.000000,0.000000,0.000000,0.000000,0.000000,0.000000,0.000000,0.000000,0.000000,0.000000,0.000000,0.000000
1789149948.948930,0.000370,-0.000251,0.000356,0.002854,0.004895,-0.002934,0.001465,0.001268,-0.999998,0.000000,0.000000,0.000000,0.000174,-0.000090,0.001486,0.000133,0.000064,0.000241,0.000149,0.000353,0.043654,0.022535,0.000244,-0.000329,0.000000,0.000000,-0.000000,-0.000000,0.000000,0.152716,0.000000,0.021817,0.000000,-0.000000,0.000000,-0.000000,0.000000,0.000000,0.000000,0.000000,0.000000,0.000000,0.000000,0.000000,0.000000,0.000000,0.000000,0.000000,0.000000,0.000000,0.000000,0.000000,0.000000,0.000000,0.000000,0.000000,0.000000,0.000000,0.000000,0.000000
1789149948.968949,0.000242,-0.000106,0.000414,0.005650,0.004628,-0.002534,0.001349,0.001213,-0.999998,0.000000,0.000000,0.000000,0.000174,-0.000090,0.001486,0.000133,0.000064,-0.000380,0.000149,-0.000503,0.043654,0.022535,0.000244,-0.000329,0.000000,0.000000,-0.000000,-0.000000,0.000000,-0.043633,0.000000,-0.021817,0.000000,-0.000000,0.000000,-0.000000,0.000000,0.000000,0.000000,0.000000,0.000000,0.000000,0.000000,0.000000,0.000000,0.000000,0.000000,0.000000,0.000000,0.000000,0.000000,0.000000,0.000000,0.000000,0.000000,0.000000,0.000000,0.000000,0.000000,0.000000
1789149948.988958,0.000009,0.000080,0.000393,0.000058,0.003829,-0.002268,0.001254,0.001084,-0.999999,0.000000,0.000000,0.000000,0.000174,-0.000090,0.001486,0.000133,0.000238,-0.000380,0.000149,-0.000470,0.043654,0.022535,0.000244,-0.000329,0.000000,0.000000,-0.000000,-0.000000,0.000000,-0.021817,0.000000,-0.021817,0.000000,-0.000000,0.000000,-0.000000,0.000000,0.000000,0.000000,0.000000,0.000000,0.000000,0.000000,0.000000,0.000000,0.000000,0.000000,0.000000,0.000000,0.000000,0.000000,0.000000,0.000000,0.000000,0.000000,0.000000,0.000000,0.000000,0.000000,0.000000
1789149949.008917,-0.000117,0.000222,0.000176,-0.000475,0.005294,-0.004665,0.001103,0.000926,-0.999999,0.000000,0.000000,0.000000,0.000174,-0.000090,0.001298,0.000133,0.000238,-0.000375,0.000149,-0.000465,0.043654,0.022535,0.000244,-0.000329,0.000000,0.000000,-0.065450,-0.000000,0.000000,-0.000000,0.000000,-0.021817,0.000000,-0.000000,0.000000,-0.000000,0.000000,0.000000,0.000000,0.000000,0.000000,0.000000,0.000000,0.000000,0.000000,0.000000,0.000000,0.000000,0.000000,0.000000,0.000000,0.000000,0.000000,0.000000,0.000000,0.000000,0.000000,0.000000,0.000000,0.000000
1789149949.028898,-0.000361,0.000433,0.000195,-0.001141,0.004362,-0.005863,0.000974,0.000719,-0.999999,0.000000,0.000000,0.000000,0.000174,-0.000090,0.000374,0.000133,0.000238,-0.000375,0.000149,-0.000470,0.043654,0.022535,0.000244,-0.000064,0.000000,0.000000,-0.021817,-0.000000,0.000000,-0.000000,0.000000,-0.021817,0.000000,-0.000000,0.000000,-0.000000,0.000000,0.000000,0.000000,0.000000,0.000000,0.000000,0.000000,0.000000,0.000000,0.000000,0.000000,0.000000,0.000000,0.000000,0.000000,0.000000,0.000000,0.000000,0.000000,0.000000,0.000000,0.000000,0.000000,0.000000
1789149949.048889,-0.000580,0.000578,0.000172,-0.000875,0.000900,-0.007062,0.000912,0.000559,-0.999999,0.000000,0.000000,0.000000,0.000174,-0.000090,0.000131,0.000133,0.000238,0.000037,0.000149,-0.000465,0.043654,0.022535,0.000244,-0.000064,0.000000,0.000000,-0.000000,-0.000000,0.000000,0.174533,0.000000,-0.021817,0.000000,-0.000000,0.000000,-0.000000,0.000000,0.000000,0.000000,0.000000,0.000000,0.000000,0.000000,0.000000,0.000000,0.000000,0.000000,0.000000,0.000000,0.000000,0.000000,0.000000,0.000000,0.000000,0.000000,0.000000,0.000000,0.000000,0.000000,0.000000
1789149949.068898,-0.000836,0.000649,0.000152,0.004718,0.004628,-0.009991,0.000781,0.000600,-1.000000,0.000000,0.000000,0.000000,0.000174,-0.000090,-0.000194,0.000133,0.000238,0.000225,0.000149,-0.000468,0.043654,0.022535,0.000244,-0.000064,0.000000,0.000000,-0.021817,-0.000000,0.000000,0.152716,0.000000,-0.043633,0.000000,-0.000000,0.000000,-0.000000,0.000000,0.000000,0.000000,0.000000,0.000000,0.000000,0.000000,0.000000,0.000000,0.000000,0.000000,0.000000,0.000000,0.000000,0.000000,0.000000,0.000000,0.000000,0.000000,0.000000,0.000000,0.000000,0.000000,0.000000
1789149949.088911,-0.000978,0.000638,0.000226,-0.001274,0.005028,-0.009325,0.000708,0.000482,-1.000000,0.000000,0.000000,0.000000,0.000174,-0.000090,-0.000742,0.000133,0.000238,0.000612,0.000149,-0.000468,0.043654,0.022535,-0.000064,-0.000064,0.000000,0.000000,-0.000000,-0.000000,0.000000,0.109083,0.000000,-0.043633,0.000000,-0.000000,0.000000,-0.000000,0.000000,0.000000,0.000000,0.000000,0.000000,0.000000,0.000000,0.000000,0.000000,0.000000,0.000000,0.000000,0.000000,0.000000,0.000000,0.000000,0.000000,0.000000,0.000000,0.000000,0.000000,0.000000,0.000000,0.000000
1789149949.108887,-0.001084,0.000695,0.000229,0.000723,-0.001630,-0.009458,0.000787,0.000589,-1.000000,0.000000,0.000000,0.000000,0.000174,-0.000090,-0.000916,0.000133,0.000238,0.000429,0.000149,-0.000675,0.043654,0.022535,-0.000064,0.000110,0.000000,0.000000,-0.000000,-0.000000,0.000000,0.021817,0.000000,-0.065450,0.000000,-0.000000,0.000000,-0.000000,0.000000,0.000000,0.000000,0.000000,0.000000,0.000000,0.000000,0.000000,0.000000,0.000000,0.000000,0.000000,0.000000,0.000000,0.000000,0.000000,0.000000,0.000000,0.000000,0.000000,0.000000,0.000000,0.000000,0.000000
1789149949.128919,-0.001127,0.000594,0.000127,-0.001540,0.000767,-0.007994,0.000812,0.000730,-0.999999,0.000000,0.000000,0.000000,0.000174,-0.000090,-0.001265,-0.000169,0.000238,0.000413,0.000149,-0.000645,0.043654,0.022535,-0.000064,0.000110,0.000000,0.000000,-0.000000,-0.065450,0.000000,-0.000000,0.000000,-0.043633,0.000000,-0.000000,0.000000,-0.000000,0.000000,0.000000,0.000000,0.000000,0.000000,0.000000,0.000000,0.000000,0.000000,0.000000,0.000000,0.000000,0.000000,0.000000,0.000000,0.000000,0.000000,0.000000,0.000000,0.000000,0.000000,0.000000,0.000000,0.000000
1789149949.148904,-0.001180,0.000579,0.000131,0.004984,0.004229,-0.003333,0.000789,0.000951,-0.999999,0.000000,0.000000,0.000000,0.000174,-0.000090,-0.001265,-0.000131,0.000238,-0.000007,0.000149,-0.000495,0.043654,0.022535,-0.000064,0.000110,0.000000,0.000000,-0.000000,-0.000000,0.000000,-0.174533,0.000000,-0.021817,0.000000,-0.000000,0.000000,-0.000000,0.000000,0.000000,0.000000,0.000000,0.000000,0.000000,0.000000,0.000000,0.000000,0.000000,0.000000,0.000000,0.000000,0.000000,0.000000,0.000000,0.000000,0.000000,0.000000,0.000000,0.000000,0.000000,0.000000,0.000000
1789149949.168914,-0.001213,0.000579,0.000167,0.005783,-0.000032,-0.001336,0.000851,0.001161,-0.999999,0.000000,0.000000,0.000000,0.000174,-0.000090,-0.001265,-0.000131,0.000238,-0.000250,0.000149,-0.000328,0.043654,0.022535,-0.000064,0.000110,0.000000,0.000000,-0.000000,-0.000000,0.000000,-0.196350,0.000000,-0.000000,0.000000,-0.000000,0.000000,-0.000000,0.000000,0.000000,0.000000,0.000000,0.000000,0.000000,0.000000,0.000000,0.000000,0.000000,0.000000,0.000000,0.000000,0.000000,0.000000,0.000000,0.000000,0.000000,0.000000,0.000000,0.000000,0.000000,0.000000,0.000000
1789149949.188922,-0.001185,0.000588,0.000216,-0.006600,0.000634,0.000129,0.000911,0.001077,-0.999999,0.000000,0.000000,0.000000,0.000174,-0.000090,-0.001440,-0.000131,0.000238,-0.000233,0.000149,-0.000468,0.043654,0.022535,-0.000239,0.000110,0.000000,0.000000,-0.000000,-0.000000,0.000000,-0.065450,0.000000,-0.021817,0.000000,-0.000000,0.000000,-0.000000,0.000000,0.000000,0.000000,0.000000,0.000000,0.000000,0.000000,0.000000,0.000000,0.000000,0.000000,0.000000,0.000000,0.000000,0.000000,0.000000,0.000000,0.000000,0.000000,0.000000,0.000000,0.000000,0.000000,0.000000
1789149949.208902,-0.001029,0.000576,0.000208,0.005783,0.003696,0.001993,0.000747,0.001131,-0.999999,0.000000,0.000000,0.000000,0.000174,-0.000090,-0.001440,-0.000131,0.000238,-0.000217,0.000149,-0.000468,0.043654,0.022535,-0.000239,0.000110,0.000000,0.000000,-0.000000,-0.000000,0.000000,-0.065450,0.000000,-0.021817,0.000000,-0.000000,0.000000,-0.000000,0.000000,0.000000,0.000000,0.000000,0.000000,0.000000,0.000000,0.000000,0.000000,0.000000,0.000000,0.000000,0.000000,0.000000,0.000000,0.000000,0.000000,0.000000,0.000000,0.000000,0.000000,0.000000,0.000000,0.000000
1789149949.228956,-0.000886,0.000565,0.000179,0.012308,0.005161,0.003325,0.000610,0.001279,-0.999999,0.000000,0.000000,0.000000,0.000174,-0.000090,-0.001440,-0.000131,0.000238,-0.000206,0.000149,-0.000328,0.043654,0.022535,-0.000239,0.000110,0.000000,0.000000,-0.000000,-0.000000,0.000000,-0.043633,0.000000,-0.000000,0.000000,-0.000000,0.000000,-0.000000,0.000000,0.000000,0.000000,0.000000,0.000000,0.000000,0.000000,0.000000,0.000000,0.000000,0.000000,0.000000,0.000000,0.000000,0.000000,0.000000,0.000000,0.000000,0.000000,0.000000,0.000000,0.000000,0.000000,0.000000
1789149949.249024,-0.000199,0.000739,0.000049,0.004984,0.005427,0.003724,0.000478,0.001244,-0.999999,0.000000,0.000000,0.000000,0.000174,-0.000090,-0.001440,-0.000131,0.000238,-0.000214,0.000149,-0.000288,0.043654,0.022800,-0.000239,0.000285,0.000000,0.000000,-0.000000,-0.000000,0.000000,-0.021817,0.000000,-0.021817,0.000000,-0.000000,0.000000,-0.000000,0.000000,0.000000,0.000000,0.000000,0.000000,0.000000,0.000000,0.000000,0.000000,0.000000,0.000000,0.000000,0.000000,0.000000,0.000000,0.000000,0.000000,0.000000,0.000000,0.000000,0.000000,0.000000,0.000000,0.000000
1789149949.269180,0.000209,0.000705,0.000000,-0.002472,-0.001097,0.000528,0.000462,0.001138,-0.999999,0.000000,0.000000,0.000000,0.000174,-0.000090,-0.001440,-0.000131,0.000238,-0.000200,0.000149,-0.000290,0.043654,0.022704,-0.000239,0.000285,0.000000,0.000000,-0.000000,-0.000000,0.000000,-0.000000,0.000000,-0.021817,0.000000,-0.021817,0.000000,-0.000000,0.000000,0.000000,0.000000,0.000000,0.000000,0.000000,0.000000,0.000000,0.000000,0.000000,0.000000,0.000000,0.000000,0.000000,0.000000,0.000000,0.000000,0.000000,0.000000,0.000000,0.000000,0.000000,0.000000,0.000000
1789149949.289108,0.000394,0.000607,-0.000024,-0.008065,0.002897,-0.000537,0.000433,0.000926,-0.999999,0.000000,0.000000,0.000000,0.000174,-0.000090,-0.001440,-0.000131,0.000238,-0.000200,0.000149,-0.000301,0.043654,0.023149,-0.000239,0.000285,0.000000,0.000000,-0.000000,-0.000000,0.000000,-0.000000,0.000000,-0.087266,0.000000,-0.000000,0.000000,-0.000000,0.000000,0.000000,0.000000,0.000000,0.000000,0.000000,0.000000,0.000000,0.000000,0.000000,0.000000,0.000000,0.000000,0.000000,0.000000,0.000000,0.000000,0.000000,0.000000,0.000000,0.000000,0.000000,0.000000,0.000000
1789149949.308959,0.000600,0.000607,0.000006,0.011642,-0.000831,0.000262,0.000432,0.001105,-0.999999,0.000000,0.000000,0.000000,0.000174,-0.000090,-0.000758,-0.000131,0.000238,-0.000200,0.000149,-0.000236,0.043654,0.023149,-0.000239,0.000285,0.000000,0.000000,0.043633,-0.000000,0.000000,-0.000000,0.000000,-0.087266,0.000000,-0.000000,0.000000,-0.000000,0.000000,0.000000,0.000000,0.000000,0.000000,0.000000,0.000000,0.000000,0.000000,0.000000,0.000000,0.000000,0.000000,0.000000,0.000000,0.000000,0.000000,0.000000,0.000000,0.000000,0.000000,0.000000,0.000000,0.000000
1789149949.328947,0.000553,0.000342,0.000373,0.005917,0.005694,0.000662,0.000326,0.001125,-0.999999,0.000000,0.000000,0.000000,0.000174,-0.000090,-0.000592,-0.000131,0.000238,-0.000200,0.000149,-0.000274,0.043654,0.023173,-0.000239,0.000285,0.000000,0.000000,0.021817,-0.000000,0.000000,-0.000000,0.000000,-0.087266,0.000000,0.021817,0.000000,-0.000000,0.000000,0.000000,0.000000,0.000000,0.000000,0.000000,0.000000,0.000000,0.000000,0.000000,0.000000,0.000000,0.000000,0.000000,0.000000,0.000000,0.000000,0.000000,0.000000,0.000000,0.000000,0.000000,0.000000,0.000000
1789149949.348990,0.000574,0.000155,0.000442,-0.002339,0.002764,-0.000004,0.000319,0.001038,-0.999999,0.000000,0.000000,0.000000,0.000174,-0.000090,-0.000608,-0.000131,0.000238,-0.000200,0.000149,-0.000135,0.043654,0.023190,-0.000239,0.000001,0.000000,0.000000,-0.000000,-0.000000,0.000000,-0.000000,0.000000,-0.065450,0.000000,0.021817,0.000000,-0.043633,0.000000,0.000000,0.000000,0.000000,0.000000,0.000000,0.000000,0.000000,0.000000,0.000000,0.000000,0.000000,0.000000,0.000000,0.000000,0.000000,0.000000,0.000000,0.000000,0.000000,0.000000,0.000000,0.000000,0.000000
1789149949.369003,0.000667,-0.000133,0.000446,0.004052,0.000900,0.000528,0.000278,0.001079,-0.999999,0.000000,0.000000,0.000000,0.000174,-0.000090,-0.000259,-0.000131,0.000238,-0.000200,0.000149,-0.000288,0.043654,0.023149,-0.000239,0.000021,0.000000,0.000000,-0.000000,-0.000000,0.000000,-0.000000,0.000000,-0.130900,0.000000,-0.000000,0.000000,-0.000000,0.000000,0.000000,0.000000,0.000000,0.000000,0.000000,0.000000,0.000000,0.000000,0.000000,0.000000,0.000000,0.000000,0.000000,0.000000,0.000000,0.000000,0.000000,0.000000,0.000000,0.000000,0.000000,0.000000,0.000000
1789149949.389041,0.000698,-0.000317,0.000422,-0.006467,0.002631,0.001860,0.000308,0.000940,-1.000000,0.000000,0.000000,0.000000,0.000174,-0.000090,-0.000259,-0.000131,0.000238,-0.000200,0.000149,-0.000301,0.043654,0.022884,-0.000239,0.000021,0.000000,0.000000,-0.000000,-0.000000,0.000000,-0.000000,0.000000,-0.152716,0.000000,-0.000000,0.000000,-0.000000,0.000000,0.000000,0.000000,0.000000,0.000000,0.000000,0.000000,0.000000,0.000000,0.000000,0.000000,0.000000,0.000000,0.000000,0.000000,0.000000,0.000000,0.000000,0.000000,0.000000,0.000000,0.000000,0.000000,0.000000
1789149949.408977,0.000715,-0.000495,0.000341,-0.006467,-0.002029,-0.000137,0.000454,0.000777,-1.000000,0.000000,0.000000,0.000000,0.000174,-0.000090,0.000019,-0.000131,0.000238,-0.000200,0.000149,-0.000241,0.043654,0.022691,-0.000239,0.000021,0.000000,0.000000,0.021817,-0.000000,0.000000,-0.000000,0.000000,-0.130900,0.000000,-0.021817,0.000000,-0.000000,0.000000,0.000000,0.000000,0.000000,0.000000,0.000000,0.000000,0.000000,0.000000,0.000000,0.000000,0.000000,0.000000,0.000000,0.000000,0.000000,0.000000,0.000000,0.000000,0.000000,0.000000,0.000000,0.000000,0.000000
1789149949.428988,0.000715,-0.000495,0.000341,-0.003538,0.000501,0.001727,0.000519,0.000630,-1.000000,0.000000,0.000000,0.000000,0.000174,-0.000090,0.000265,-0.000131,0.000238,-0.000200,0.000149,-0.000312,0.043654,0.022710,0.000070,-0.000089,0.000000,0.000000,-0.000000,-0.000000,0.000000,-0.000000,0.000000,-0.130900,0.000000,-0.000000,0.000000,-0.021817,0.000000,0.000000,0.000000,0.000000,0.000000,0.000000,0.000000,0.000000,0.000000,0.000000,0.000000,0.000000,0.000000,0.000000,0.000000,0.000000,0.000000,0.000000,0.000000,0.000000,0.000000,0.000000,0.000000,0.000000
1789149949.448940,0.000644,-0.000482,0.000292,0.003520,0.002764,0.002393,0.000451,0.000650,-1.000000,0.000000,0.000000,0.000000,0.000174,-0.000090,0.000614,-0.000131,0.000238,-0.000200,0.000149,-0.000116,0.043654,0.022710,0.000070,-0.000154,0.000000,0.000000,-0.000000,-0.000000,0.000000,-0.000000,0.000000,-0.109083,0.000000,-0.000000,0.000000,-0.000000,0.000000,0.000000,0.000000,0.000000,0.000000,0.000000,0.000000,0.000000,0.000000,0.000000,0.000000,0.000000,0.000000,0.000000,0.000000,0.000000,0.000000,0.000000,0.000000,0.000000,0.000000,0.000000,0.000000,0.000000
1789149949.468917,0.000399,-0.000471,0.000172,-0.003005,0.003696,0.000262,0.000459,0.000513,-1.000000,0.000000,0.000000,0.000000,0.000174,-0.000090,0.000614,0.000133,0.000238,-0.000200,0.000149,-0.000299,0.043654,0.022710,0.000070,-0.000154,0.000000,0.000000,-0.000000,-0.000000,0.000000,-0.000000,0.000000,-0.130900,0.000000,-0.000000,0.000000,-0.000000,0.000000,0.000000,0.000000,0.000000,0.000000,0.000000,0.000000,0.000000,0.000000,0.000000,0.000000,0.000000,0.000000,0.000000,0.000000,0.000000,0.000000,0.000000,0.000000,0.000000,0.000000,0.000000,0.000000,0.000000
1789149949.488945,0.000316,-0.000494,0.000159,0.000857,0.002498,-0.000137,0.000440,0.000423,-1.000000,0.000000,0.000000,0.000000,0.000174,-0.000090,0.000788,0.000133,0.000238,-0.000200,0.000149,-0.000353,0.043654,0.022710,0.000070,-0.000154,0.000000,0.000000,-0.000000,-0.000000,0.000000,-0.000000,0.000000,-0.130900,0.000000,-0.000000,0.000000,-0.000000,0.000000,0.000000,0.000000,0.000000,0.000000,0.000000,0.000000,0.000000,0.000000,0.000000,0.000000,0.000000,0.000000,0.000000,0.000000,0.000000,0.000000,0.000000,0.000000,0.000000,0.000000,0.000000,0.000000,0.000000
1789149949.508943,0.000241,-0.000611,-0.000017,-0.001940,0.002498,-0.000137,0.000454,0.000332,-1.000000,0.000000,0.000000,0.000000,0.000174,-0.000090,0.000788,0.000133,0.000238,-0.000200,0.000149,-0.000312,0.043654,0.022710,0.000070,-0.000154,0.000000,0.000000,-0.000000,-0.000000,0.000000,-0.000000,0.000000,-0.130900,0.000000,-0.000000,0.000000,-0.000000,0.000000,0.000000,0.000000,0.000000,0.000000,0.000000,0.000000,0.000000,0.000000,0.000000,0.000000,0.000000,0.000000,0.000000,0.000000,0.000000,0.000000,0.000000,0.000000,0.000000,0.000000,0.000000,0.000000,0.000000
1789149949.528933,0.000250,-0.000584,-0.000114,-0.000209,-0.000831,-0.003866,0.000478,0.000298,-1.000000,0.000000,0.000000,0.000000,0.000174,-0.000090,0.000788,0.000133,0.000238,-0.000200,0.000149,-0.000541,0.043654,0.022710,0.000070,-0.000154,0.000000,0.000000,-0.000000,-0.000000,0.000000,-0.000000,0.000000,-0.174533,0.000000,-0.000000,0.000000,-0.000000,0.000000,0.000000,0.000000,0.000000,0.000000,0.000000,0.000000,0.000000,0.000000,0.000000,0.000000,0.000000,0.000000,0.000000,0.000000,0.000000,0.000000,0.000000,0.000000,0.000000,0.000000,0.000000,0.000000,0.000000
1789149949.548935,0.000235,-0.000187,-0.000130,-0.003804,0.002232,-0.004532,0.000523,0.000091,-1.000000,0.000000,0.000000,0.000000,0.000174,-0.000090,0.000788,0.000133,0.000238,-0.000200,0.000149,-0.000650,0.043654,0.022710,0.000070,-0.000154,0.000000,0.000000,-0.000000,-0.000000,0.000000,-0.000000,0.000000,-0.196350,0.000000,-0.000000,0.000000,-0.000000,0.000000,0.000000,0.000000,0.000000,0.000000,0.000000,0.000000,0.000000,0.000000,0.000000,0.000000,0.000000,0.000000,0.000000,0.000000,0.000000,0.000000,0.000000,0.000000,0.000000,0.000000,0.000000,0.000000,0.000000
1789149949.568938,0.000197,-0.000025,0.000127,-0.001141,-0.000698,-0.003599,0.000558,0.000000,-1.000000,0.000000,0.000000,0.000000,0.000174,-0.000090,0.000788,0.000133,0.000238,-0.000200,0.000149,-0.000626,0.043654,0.022710,0.000070,-0.000154,0.000000,0.000000,-0.000000,-0.000000,0.000000,-0.000000,0.000000,-0.152716,0.000000,-0.000000,0.000000,-0.000000,0.000000,0.000000,0.000000,0.000000,0.000000,0.000000,0.000000,0.000000,0.000000,0.000000,0.000000,0.000000,0.000000,0.000000,0.000000,0.000000,0.000000,0.000000,0.000000,0.000000,0.000000,0.000000,0.000000,0.000000
1789149949.588927,0.000255,0.000046,0.000347,-0.002339,-0.000032,-0.004398,0.000595,-0.000053,-1.000000,0.000000,0.000000,0.000000,0.000174,-0.000090,0.000788,0.000133,0.000238,-0.000200,0.000149,-0.000508,0.043654,0.022710,0.000070,-0.000154,0.000000,0.000000,-0.000000,-0.000000,0.000000,-0.000000,0.000000,-0.109083,0.000000,-0.000000,0.000000,-0.000000,0.000000,0.000000,0.000000,0.000000,0.000000,0.000000,0.000000,0.000000,0.000000,0.000000,0.000000,0.000000,0.000000,0.000000,0.000000,0.000000,0.000000,0.000000,0.000000,0.000000,0.000000,0.000000,0.000000,0.000000
1789149949.608882,0.000272,0.000094,0.000476,0.000324,0.001566,-0.004532,0.000569,-0.000098,-1.000000,0.000000,0.000000,0.000000,0.000174,-0.000090,0.000788,0.000133,0.000238,-0.000200,0.000149,-0.000487,0.043654,0.022710,0.000070,-0.000154,0.000000,0.000000,-0.000000,-0.000000,0.000000,-0.000000,0.000000,-0.087266,0.000000,-0.000000,0.000000,-0.000000,0.000000,0.000000,0.000000,0.000000,0.000000,0.000000,0.000000,0.000000,0.000000,0.000000,0.000000,0.000000,0.000000,0.000000,0.000000,0.000000,0.000000,0.000000,0.000000,0.000000,0.000000,0.000000,0.000000,0.000000
1789149949.628952,0.000238,0.000154,0.000483,0.004851,0.003696,-0.003599,0.000515,-0.000092,-1.000000,0.000000,0.000000,0.000000,0.000174,-0.000090,0.000788,0.000133,0.000238,-0.000200,0.000149,-0.000484,0.043654,0.022710,0.000070,-0.000154,0.000000,0.000000,-0.000000,-0.000000,0.000000,-0.000000,0.000000,-0.109083,0.000000,-0.000000,0.000000,-0.000000,0.000000,0.000000,0.000000,0.000000,0.000000,0.000000,0.000000,0.000000,0.000000,0.000000,0.000000,0.000000,0.000000,0.000000,0.000000,0.000000,0.000000,0.000000,0.000000,0.000000,0.000000,0.000000,0.000000,0.000000
1789149949.648917,0.000414,0.000091,0.000341,-0.004337,-0.000831,-0.002268,0.000572,-0.000189,-1.000000,0.000000,0.000000,0.000000,0.000174,-0.000090,0.000788,0.000133,0.000238,-0.000200,0.000149,-0.000481,0.043654,0.022710,0.000070,-0.000154,0.000000,0.000000,-0.000000,-0.000000,0.000000,-0.000000,0.000000,-0.087266,0.000000,-0.000000,0.000000,-0.000000,0.000000,0.000000,0.000000,0.000000,0.000000,0.000000,0.000000,0.000000,0.000000,0.000000,0.000000,0.000000,0.000000,0.000000,0.000000,0.000000,0.000000,0.000000,0.000000,0.000000,0.000000,0.000000,0.000000,0.000000
1789149949.668921,0.000486,0.000209,0.000004,0.000457,-0.002429,-0.003599,0.000475,-0.000286,-1.000000,0.000000,0.000000,0.000000,0.000174,-0.000090,0.000788,0.000133,0.000238,-0.000200,0.000149,-0.000478,0.043654,0.022710,0.000070,-0.000154,0.000000,0.000000,-0.000000,-0.000000,0.000000,-0.000000,0.000000,-0.130900,0.000000,-0.000000,0.000000,-0.000000,0.000000,0.000000,0.000000,0.000000,0.000000,0.000000,0.000000,0.000000,0.000000,0.000000,0.000000,0.000000,0.000000,0.000000,0.000000,0.000000,0.000000,0.000000,0.000000,0.000000,0.000000,0.000000,0.000000,0.000000
1789149949.688915,0.000596,0.000396,-0.000255,0.000324,-0.000565,-0.003999,0.000541,-0.000326,-1.000000,0.000000,0.000000,0.000000,0.000174,-0.000090,0.000788,0.000133,0.000238,-0.000200,0.000149,-0.000132,0.043654,0.022710,0.000070,-0.000154,0.000000,0.000000,-0.000000,-0.000000,0.000000,-0.000000,0.000000,-0.065450,0.000000,-0.000000,0.000000,-0.000000,0.000000,0.000000,0.000000,0.000000,0.000000,0.000000,0.000000,0.000000,0.000000,0.000000,0.000000,0.000000,0.000000,0.000000,0.000000,0.000000,0.000000,0.000000,0.000000,0.000000,0.000000,0.000000,0.000000,0.000000
1789149949.708930,0.000779,0.000440,-0.000518,0.000857,-0.000831,-0.002934,0.000522,-0.000402,-1.000000,0.000000,0.000000,0.000000,0.000174,-0.000090,0.000788,0.000133,0.000238,-0.000200,0.000149,0.000162,0.043654,0.022710,0.000070,-0.000154,0.000000,0.000000,-0.000000,-0.000000,0.000000,-0.000000,0.000000,-0.109083,0.000000,-0.000000,0.000000,-0.000000,0.000000,0.000000,0.000000,0.000000,0.000000,0.000000,0.000000,0.000000,0.000000,0.000000,0.000000,0.000000,0.000000,0.000000,0.000000,0.000000,0.000000,0.000000,0.000000,0.000000,0.000000,0.000000,0.000000,0.000000
1789149949.728878,0.001050,0.000974,-0.000592,-0.000608,-0.006690,-0.005064,0.000624,-0.000462,-1.000000,0.000000,0.000000,0.000000,0.000174,-0.000090,0.000788,0.000133,0.000238,-0.000200,0.000149,0.000468,0.043654,0.023329,0.000070,-0.000154,0.000000,0.000000,-0.000000,-0.000000,0.000000,-0.000000,0.000000,-0.109083,0.000000,0.043633,0.000000,-0.000000,0.000000,0.000000,0.000000,0.000000,0.000000,0.000000,0.000000,0.000000,0.000000,0.000000,0.000000,0.000000,0.000000,0.000000,0.000000,0.000000,0.000000,0.000000,0.000000,0.000000,0.000000,0.000000,0.000000,0.000000
1789149949.749004,0.001594,0.001413,-0.000784,0.000857,-0.013082,-0.008526,0.000895,-0.000458,-0.999999,0.000000,0.000000,0.000000,0.000174,-0.000090,0.000788,0.000133,0.000238,-0.000200,0.000454,0.001000,0.043654,0.023391,0.000070,-0.000154,0.000000,0.000000,-0.000000,-0.000000,0.000000,-0.000000,0.043633,0.152716,0.000000,0.021817,0.000000,-0.000000,0.000000,0.000000,0.000000,0.000000,0.000000,0.000000,0.000000,0.000000,0.000000,0.000000,0.000000,0.000000,0.000000,0.000000,0.000000,0.000000,0.000000,0.000000,0.000000,0.000000,0.000000,0.000000,0.000000,0.000000
1789149949.769009,0.002346,0.002084,-0.000879,-0.006467,0.000767,-0.009592,0.001006,-0.000633,-0.999999,0.000000,0.000000,0.000000,0.000174,-0.000090,0.000788,0.000133,0.000443,0.000064,0.000634,0.001275,0.043962,0.023792,-0.000239,-0.000154,0.000000,0.000000,-0.000000,-0.000000,0.021817,-0.000000,0.021817,-0.087266,0.000000,0.021817,0.000000,-0.000000,0.000000,0.000000,0.000000,0.000000,0.000000,0.000000,0.000000,0.000000,0.000000,0.000000,0.000000,0.000000,0.000000,0.000000,0.000000,0.000000,0.000000,0.000000,0.000000,0.000000,0.000000,0.000000,0.000000,0.000000
1789149949.788959,0.002745,0.002480,-0.000874,-0.005801,0.002098,-0.008526,0.001167,-0.000708,-0.999999,0.000000,0.000000,0.000000,0.000174,-0.000090,0.000251,-0.000131,0.000762,0.000588,0.000937,0.001684,0.043962,0.023847,-0.000239,-0.000154,0.000000,0.000000,-0.021817,-0.000000,0.000000,-0.000000,0.000000,-0.109083,0.000000,-0.000000,0.000000,-0.000000,0.000000,0.000000,0.000000,0.000000,0.000000,0.000000,0.000000,0.000000,0.000000,0.000000,0.000000,0.000000,0.000000,0.000000,0.000000,0.000000,0.000000,0.000000,0.000000,0.000000,0.000000,0.000000,0.000000,0.000000
1789149949.808950,0.002992,0.002563,-0.000778,-0.009796,0.000101,-0.011589,0.001444,-0.000876,-0.999999,0.000000,0.000000,0.000000,0.000174,-0.000090,-0.000360,-0.000306,0.000937,0.000937,0.001112,0.001703,0.044136,0.023847,-0.000239,-0.000154,0.000000,0.000000,-0.021817,-0.000000,0.000000,-0.000000,0.000000,-0.130900,0.000000,-0.000000,0.000000,-0.000000,0.000000,0.000000,0.000000,0.000000,0.000000,0.000000,0.000000,0.000000,0.000000,0.000000,0.000000,0.000000,0.000000,0.000000,0.000000,0.000000,0.000000,0.000000,0.000000,0.000000,0.000000,0.000000,0.000000,0.000000
1789149949.828924,0.002893,0.002377,-0.000654,0.004718,0.008490,-0.010124,0.001522,-0.000772,-0.999999,0.000000,0.000000,0.000000,0.000174,-0.000090,-0.000393,-0.000306,0.000937,0.001111,0.001112,0.001627,0.044311,0.023847,-0.000239,-0.000154,0.000000,0.000000,-0.000000,-0.000000,0.000000,-0.000000,0.000000,-0.087266,0.000000,-0.000000,0.000000,-0.000000,0.000000,0.000000,0.000000,0.000000,0.000000,0.000000,0.000000,0.000000,0.000000,0.000000,0.000000,0.000000,0.000000,0.000000,0.000000,0.000000,0.000000,0.000000,0.000000,0.000000,0.000000,0.000000,0.000000,0.000000
1789149949.848917,0.002481,0.001979,-0.000468,0.006982,0.008224,-0.007727,0.001565,-0.000650,-0.999999,0.000000,0.000000,0.000000,0.000174,-0.000090,-0.000567,-0.000306,0.000937,0.001286,0.001112,0.001428,0.044311,0.023552,-0.000239,-0.000154,0.000000,0.000000,-0.000000,-0.000000,0.000000,-0.000000,0.000000,-0.043633,0.000000,-0.065450,0.000000,-0.000000,0.000000,0.000000,0.000000,0.000000,0.000000,0.000000,0.000000,0.000000,0.000000,0.000000,0.000000,0.000000,0.000000,0.000000,0.000000,0.000000,0.000000,0.000000,0.000000,0.000000,0.000000,0.000000,0.000000,0.000000
1789149949.868918,0.001417,0.001324,-0.000035,0.000590,0.006226,-0.005197,0.001650,-0.000590,-0.999998,0.000000,0.000000,0.000000,0.000174,-0.000090,-0.000742,-0.000306,0.000937,0.001286,0.001112,0.001245,0.044311,0.023250,-0.000239,-0.000154,0.000000,0.000000,-0.000000,-0.000000,0.000000,-0.000000,0.000000,-0.021817,0.000000,-0.065450,0.000000,-0.000000,0.000000,0.000000,0.000000,0.000000,0.000000,0.000000,0.000000,0.000000,0.000000,0.000000,0.000000,0.000000,0.000000,0.000000,0.000000,0.000000,0.000000,0.000000,0.000000,0.000000,0.000000,0.000000,0.000000,0.000000
1789149949.888918,0.000946,0.001089,0.000169,0.001389,0.007158,-0.003999,0.001533,-0.000549,-0.999999,0.000000,0.000000,0.000000,0.000174,-0.000090,-0.000963,-0.000434,0.000315,0.001021,0.000847,0.000893,0.043926,0.022900,-0.000413,-0.000533,0.000000,0.000000,-0.021817,-0.021817,-0.021817,-0.000000,0.000000,-0.000000,-0.021817,-0.087266,0.000000,-0.021817,0.000000,0.000000,0.000000,0.000000,0.000000,0.000000,0.000000,0.000000,0.000000,0.000000,0.000000,0.000000,0.000000,0.000000,0.000000,0.000000,0.000000,0.000000,0.000000,0.000000,0.000000,0.000000,0.000000,0.000000
1789149949.908912,0.000946,0.001089,0.000169,0.016436,0.013949,0.003591,0.001261,-0.000320,-0.999999,0.000000,0.000000,0.000000,0.000174,-0.000090,-0.001091,-0.000480,-0.000059,0.000672,0.000673,0.000370,0.043367,0.022464,-0.000762,-0.000503,0.000000,0.000000,-0.000000,-0.000000,-0.021817,-0.000000,0.000000,-0.000000,-0.065450,-0.087266,0.000000,-0.000000,0.000000,0.000000,0.000000,0.000000,0.000000,0.000000,0.000000,0.000000,0.000000,0.000000,0.000000,0.000000,0.000000,0.000000,0.000000,0.000000,0.000000,0.000000,0.000000,0.000000,0.000000,0.000000,0.000000,0.000000
1789149949.928917,-0.000808,0.000098,0.000721,0.020830,0.009688,0.009983,0.001031,-0.000007,-0.999999,0.000000,0.000000,0.000000,0.000174,-0.000090,-0.001091,-0.000480,-0.000026,0.000323,0.000323,-0.000154,0.042650,0.022186,-0.001253,-0.000503,0.000000,0.000000,-0.000000,-0.000000,0.000000,-0.000000,0.000000,-0.000000,-0.065450,-0.000000,-0.043633,-0.000000,0.000000,0.000000,0.000000,0.000000,0.000000,0.000000,0.000000,0.000000,0.000000,0.000000,0.000000,0.000000,0.000000,0.000000,0.000000,0.000000,0.000000,0.000000,0.000000,0.000000,0.000000,0.000000,0.000000,0.000000
1789149949.948941,-0.001925,-0.000096,0.001033,0.011243,0.007957,0.009317,0.000738,0.000107,-1.000000,0.000000,0.000000,0.000000,0.000174,-0.000090,-0.001091,-0.000480,-0.000026,-0.000026,-0.000026,-0.000678,0.042203,0.021954,-0.001578,-0.000852,0.000000,0.000000,-0.000000,-0.000000,0.000000,-0.000000,0.000000,-0.000000,-0.021817,0.021817,-0.087266,-0.000000,0.000000,0.000000,0.000000,0.000000,0.000000,0.000000,0.000000,0.000000,0.000000,0.000000,0.000000,0.000000,0.000000,0.000000,0.000000,0.000000,0.000000,0.000000,0.000000,0.000000,0.000000,0.000000,0.000000,0.000000
1789149949.968931,-0.002666,0.000068,0.001245,0.025624,0.008756,0.008651,0.000405,0.000381,-1.000000,0.000000,0.000000,0.000000,0.000174,-0.000090,-0.001091,-0.000480,-0.000201,-0.000200,-0.000026,-0.000978,0.041128,0.021662,-0.001809,-0.000852,0.000000,0.000000,-0.000000,-0.000000,0.000000,-0.000000,0.000000,0.065450,-0.065450,-0.000000,0.000000,-0.000000,0.000000,0.000000,0.000000,0.000000,0.000000,0.000000,0.000000,0.000000,0.000000,0.000000,0.000000,0.000000,0.000000,0.000000,0.000000,0.000000,0.000000,0.000000,0.000000,0.000000,0.000000,0.000000,0.000000,0.000000
1789149949.988929,-0.003350,0.000398,0.001462,0.035478,-0.001364,0.009850,0.000253,0.000950,-1.000000,0.000000,0.000000,0.000000,0.000174,-0.000090,-0.000458,-0.000480,-0.000201,-0.000200,-0.000026,-0.000748,0.039170,0.020964,-0.002507,-0.000948,0.000000,0.000000,0.065450,-0.000000,0.000000,-0.000000,0.000000,0.196350,-0.109083,-0.000000,0.000000,-0.021817,0.000000,0.000000,0.000000,0.000000,0.000000,0.000000,0.000000,0.000000,0.000000,0.000000,0.000000,0.000000,0.000000,0.000000,0.000000,0.000000,0.000000,0.000000,0.000000,0.000000,0.000000,0.000000,0.000000,0.000000
1789149950.008941,-0.003787,0.001032,0.001946,0.034679,-0.003361,0.004257,0.000213,0.001705,-0.999999,0.000000,0.000000,0.000000,0.000174,-0.000134,0.001017,-0.000480,0.000238,-0.000375,0.000239,-0.000457,0.036907,0.020615,-0.003683,-0.001550,0.000000,-0.021817,0.065450,-0.000000,0.000000,-0.000000,0.000000,0.174533,-0.109083,-0.000000,-0.130900,-0.000000,0.000000,0.000000,0.000000,0.000000,0.000000,0.000000,0.000000,0.000000,0.000000,0.000000,0.000000,0.000000,0.000000,0.000000,0.000000,0.000000,0.000000,0.000000,0.000000,0.000000,0.000000,0.000000,0.000000,0.000000
1789149950.028909,-0.004129,0.002016,0.003007,0.019099,-0.010818,0.004257,0.000539,0.002304,-0.999997,0.000000,0.000000,0.000000,0.000174,-0.000264,0.001844,-0.000603,0.000874,-0.000070,0.001022,-0.000020,0.034736,0.018883,-0.004970,-0.002938,0.000000,0.000000,0.021817,-0.021817,0.021817,0.043633,0.087266,-0.000000,-0.109083,-0.109083,-0.021817,-0.065450,0.000000,0.000000,0.000000,0.000000,0.000000,0.000000,0.000000,0.000000,0.000000,0.000000,0.000000,0.000000,0.000000,0.000000,0.000000,0.000000,0.000000,0.000000,0.000000,0.000000,0.000000,0.000000,0.000000,0.000000
1789149950.048926,-0.004260,0.002831,0.004874,0.006982,-0.013082,0.008518,0.001113,0.002910,-0.999995,0.000000,0.000000,0.000000,0.000174,-0.000614,0.002708,-0.000829,0.001667,0.000593,0.002172,0.000852,0.032268,0.015649,-0.006726,-0.005524,0.000000,0.000000,-0.000000,-0.000000,0.065450,0.043633,0.109083,-0.000000,-0.152716,-0.130900,-0.152716,-0.174533,0.000000,0.000000,0.000000,0.000000,0.000000,0.000000,0.000000,0.000000,0.000000,0.000000,0.000000,0.000000,0.000000,0.000000,0.000000,0.000000,0.000000,0.000000,0.000000,0.000000,0.000000,0.000000,0.000000,0.000000
1789149950.068913,-0.004356,0.003649,0.008993,0.013240,0.008091,0.001461,0.001441,0.003653,-0.999992,0.000000,0.000000,0.000000,0.000374,-0.000963,0.003232,-0.001353,0.002906,0.001460,0.003220,0.001725,0.028025,0.012554,-0.008613,-0.008414,0.065450,0.000000,-0.000000,-0.000000,0.065450,-0.000000,0.087266,-0.000000,-0.218166,-0.130900,-0.174533,-0.109083,0.000000,0.000000,0.000000,0.000000,0.000000,0.000000,0.000000,0.000000,0.000000,0.000000,0.000000,0.000000,0.000000,0.000000,0.000000,0.000000,0.000000,0.000000,0.000000,0.000000,0.000000,0.000000,0.000000,0.000000
1789149950.088950,-0.004992,0.003401,0.012245,0.040804,0.013550,0.001727,0.001688,0.004609,-0.999988,0.000000,0.000000,0.000000,0.000946,-0.001137,0.004276,-0.001876,0.004277,0.002767,0.004111,0.002074,0.023596,0.007443,-0.011940,-0.011352,0.087266,0.000000,0.043633,-0.000000,0.087266,0.043633,0.021817,-0.000000,-0.283616,-0.283616,-0.283616,-0.109083,0.000000,0.000000,0.000000,0.000000,0.000000,0.000000,0.000000,0.000000,0.000000,0.000000,0.000000,0.000000,0.000000,0.000000,0.000000,0.000000,0.000000,0.000000,0.000000,0.000000,0.000000,0.000000,0.000000,0.000000
1789149950.108914,-0.006541,0.001975,0.015848,0.037076,0.019409,-0.005330,0.001855,0.005379,-0.999984,0.000000,0.000000,0.000000,0.002302,-0.001137,0.004906,-0.002051,0.005712,0.004100,0.004831,0.002074,0.017828,0.003495,-0.014752,-0.013650,0.130900,0.000000,0.043633,-0.000000,0.043633,0.043633,0.021817,-0.000000,-0.239983,-0.239983,-0.109083,-0.065450,0.000000,0.000000,0.000000,0.000000,0.000000,0.000000,0.000000,0.000000,0.000000,0.000000,0.000000,0.000000,0.000000,0.000000,0.000000,0.000000,0.000000,0.000000,0.000000,0.000000,0.000000,0.000000,0.000000,0.000000
1789149950.128927,-0.009915,-0.001415,0.021411,0.047062,0.025135,-0.011722,0.001860,0.006206,-0.999979,0.000000,0.000000,0.000000,0.004750,-0.001312,0.006272,-0.002225,0.006713,0.005142,0.005126,0.001766,0.011602,-0.001913,-0.017032,-0.016936,0.196350,0.000000,0.109083,-0.000000,0.065450,0.021817,0.000000,-0.000000,-0.327249,-0.239983,-0.130900,-0.196350,0.000000,0.000000,0.000000,0.000000,0.000000,0.000000,0.000000,0.000000,0.000000,0.000000,0.000000,0.000000,0.000000,0.000000,0.000000,0.000000,0.000000,0.000000,0.000000,0.000000,0.000000,0.000000,0.000000,0.000000
1789149950.148955,-0.011453,-0.003043,0.022996,0.043867,0.010354,-0.020244,0.001966,0.006946,-0.999974,0.000000,0.000000,0.000000,0.007199,-0.001312,0.008350,-0.002337,0.006871,0.005475,0.004717,0.001242,0.007345,-0.005737,-0.020160,-0.019257,0.087266,0.000000,0.130900,-0.021817,0.000000,-0.000000,-0.087266,-0.000000,-0.218166,-0.218166,-0.152716,-0.130900,0.000000,0.000000,0.000000,0.000000,0.000000,0.000000,0.000000,0.000000,0.000000,0.000000,0.000000,0.000000,0.000000,0.000000,0.000000,0.000000,0.000000,0.000000,0.000000,0.000000,0.000000,0.000000,0.000000,0.000000
1789149950.168934,-0.015883,-0.007486,0.027048,0.024159,-0.003095,-0.025837,0.001955,0.007322,-0.999971,0.000000,0.000000,0.000000,0.008525,-0.001312,0.010930,-0.003627,0.006257,0.005196,0.003571,-0.000615,0.001976,-0.009993,-0.022415,-0.020934,0.065450,0.000000,0.087266,-0.065450,0.000000,-0.065450,-0.043633,-0.130900,-0.218166,-0.152716,-0.087266,-0.087266,0.000000,0.000000,0.000000,0.000000,0.000000,0.000000,0.000000,0.000000,0.000000,0.000000,0.000000,0.000000,0.000000,0.000000,0.000000,0.000000,0.000000,0.000000,0.000000,0.000000,0.000000,0.000000,0.000000,0.000000
1789149950.188921,-0.019682,-0.010452,0.029265,0.003653,0.001433,-0.022375,0.001742,0.006998,-0.999974,0.000000,0.000000,0.000000,0.009073,-0.001312,0.011435,-0.006092,0.004978,0.004654,0.001853,-0.002047,-0.001580,-0.012854,-0.023277,-0.021990,0.021817,0.000000,-0.000000,-0.196350,-0.152716,-0.065450,-0.087266,-0.065450,-0.174533,-0.174533,0.000000,-0.021817,0.000000,0.000000,0.000000,0.000000,0.000000,0.000000,0.000000,0.000000,0.000000,0.000000,0.000000,0.000000,0.000000,0.000000,0.000000,0.000000,0.000000,0.000000,0.000000,0.000000,0.000000,0.000000,0.000000,0.000000
1789149950.208926,-0.023673,-0.013748,0.031686,0.020697,-0.014280,-0.017182,0.001443,0.007887,-0.999968,0.000000,0.000000,0.000000,0.009425,-0.001312,0.009403,-0.009158,0.003113,0.003967,0.002347,-0.002559,-0.005142,-0.015513,-0.023623,-0.021971,0.000000,0.000000,-0.261799,-0.152716,-0.152716,-0.021817,0.109083,-0.021817,-0.152716,-0.130900,-0.021817,-0.000000,0.000000,0.000000,0.000000,0.000000,0.000000,0.000000,0.000000,0.000000,0.000000,0.000000,0.000000,0.000000,0.000000,0.000000,0.000000,0.000000,0.000000,0.000000,0.000000,0.000000,0.000000,0.000000,0.000000,0.000000
1789149950.228918,-0.025696,-0.015416,0.033205,0.075026,-0.057556,0.012646,0.001981,0.009989,-0.999948,0.000000,0.000000,0.000000,0.010044,-0.001047,0.005225,-0.012894,0.001779,0.003018,0.003359,-0.002597,-0.007542,-0.017125,-0.023143,-0.022061,0.021817,0.000000,-0.196350,-0.196350,-0.065450,-0.021817,0.043633,-0.000000,-0.152716,-0.021817,0.000000,-0.021817,0.000000,0.000000,0.000000,0.000000,0.000000,0.000000,0.000000,0.000000,0.000000,0.000000,0.000000,0.000000,0.000000,0.000000,0.000000,0.000000,0.000000,0.000000,0.000000,0.000000,0.000000,0.000000,0.000000,0.000000
1789149950.248938,-0.026734,-0.016958,0.035831,0.111777,-0.110420,0.050729,0.003369,0.013009,-0.999910,0.000000,0.000000,0.000000,0.011936,-0.000873,0.002793,-0.016889,0.000672,0.002417,0.003102,-0.002033,-0.009944,-0.017258,-0.022759,-0.022669,0.130900,0.000000,-0.087266,-0.109083,0.000000,-0.000000,-0.065450,0.021817,-0.109083,-0.000000,0.065450,-0.000000,0.000000,0.000000,0.000000,0.000000,0.000000,0.000000,0.000000,0.000000,0.000000,0.000000,0.000000,0.000000,0.000000,0.000000,0.000000,0.000000,0.000000,0.000000,0.000000,0.000000,0.000000,0.000000,0.000000,0.000000
1789149950.269026,-0.025313,-0.016849,0.037844,0.166505,-0.176333,0.094139,0.006040,0.017170,-0.999834,0.000000,0.000000,0.000000,0.013065,-0.000873,0.002400,-0.017961,0.001359,0.001888,0.002941,-0.001766,-0.010558,-0.017258,-0.022620,-0.022028,0.130900,0.000000,-0.000000,-0.087266,0.043633,-0.021817,0.000000,-0.000000,-0.065450,-0.000000,0.000000,0.021817,0.000000,0.000000,0.000000,0.000000,0.000000,0.000000,0.000000,0.000000,0.000000,0.000000,0.000000,0.000000,0.000000,0.000000,0.000000,0.000000,0.000000,0.000000,0.000000,0.000000,0.000000,0.000000,0.000000,0.000000
1789149950.289032,-0.023373,-0.016583,0.040228,0.170100,-0.263818,0.127694,0.010397,0.021629,-0.999712,0.000000,0.000000,0.000000,0.014827,-0.000698,0.004104,-0.019684,0.007397,-0.001627,0.002592,-0.001526,-0.010626,-0.016994,-0.021922,-0.021357,0.021817,0.000000,0.065450,-0.043633,0.239983,-0.109083,0.000000,0.021817,0.000000,-0.000000,0.000000,-0.000000,0.000000,0.000000,0.000000,0.000000,0.000000,0.000000,0.000000,0.000000,0.000000,0.000000,0.000000,0.000000,0.000000,0.000000,0.000000,0.000000,0.000000,0.000000,0.000000,0.000000,0.000000,0.000000,0.000000,0.000000
1789149950.309060,-0.020141,-0.016291,0.043282,0.049726,-0.327867,0.132355,0.016517,0.023913,-0.999578,0.000000,0.000000,0.000000,0.014696,-0.000524,0.003218,-0.020671,0.010536,-0.002295,0.002451,-0.000702,-0.009593,-0.016435,-0.021084,-0.020634,-0.065450,0.000000,-0.065450,-0.087266,0.043633,-0.000000,-0.021817,0.065450,0.043633,0.021817,0.109083,0.021817,0.000000,0.000000,0.000000,0.000000,0.000000,0.000000,0.000000,0.000000,0.000000,0.000000,0.000000,0.000000,0.000000,0.000000,0.000000,0.000000,0.000000,0.000000,0.000000,0.000000,0.000000,0.000000,0.000000,0.000000
1789149950.328996,-0.013554,-0.016618,0.048965,-0.027639,-0.380465,0.131023,0.023846,0.025152,-0.999399,0.000000,0.000000,0.000000,0.014835,-0.000524,0.001377,-0.021067,0.011060,-0.002677,0.002243,-0.000544,-0.009271,-0.016154,-0.021049,-0.019936,0.000000,0.000000,-0.109083,-0.021817,0.000000,-0.021817,0.000000,0.021817,0.000000,0.087266,0.000000,0.021817,0.000000,0.000000,0.000000,0.000000,0.000000,0.000000,0.000000,0.000000,0.000000,0.000000,0.000000,0.000000,0.000000,0.000000,0.000000,0.000000,0.000000,0.000000,0.000000,0.000000,0.000000,0.000000,0.000000,0.000000
1789149950.348987,-0.008484,-0.017244,0.053865,-0.076775,-0.415352,0.147002,0.032132,0.025346,-0.999162,0.000000,0.000000,0.000000,0.014996,-0.000524,-0.001246,-0.020636,0.011447,-0.000353,0.002069,-0.000348,-0.008573,-0.014758,-0.019827,-0.019475,0.021817,0.000000,-0.109083,-0.000000,0.043633,0.130900,0.000000,0.021817,0.000000,0.087266,0.000000,0.065450,0.000000,0.000000,0.000000,0.000000,0.000000,0.000000,0.000000,0.000000,0.000000,0.000000,0.000000,0.000000,0.000000,0.000000,0.000000,0.000000,0.000000,0.000000,0.000000,0.000000,0.000000,0.000000,0.000000,0.000000
1789149950.369024,0.001028,-0.018490,0.062413,-0.102874,-0.498310,0.156723,0.042237,0.025662,-0.998778,0.000000,0.000000,0.000000,0.014527,-0.000963,-0.002962,-0.019725,0.011024,0.000588,0.001720,-0.000836,-0.008049,-0.013312,-0.018783,-0.019148,0.000000,0.000000,-0.130900,0.021817,-0.087266,-0.000000,0.000000,-0.043633,0.000000,0.043633,0.065450,0.043633,0.000000,0.000000,0.000000,0.000000,0.000000,0.000000,0.000000,0.000000,0.000000,0.000000,0.000000,0.000000,0.000000,0.000000,0.000000,0.000000,0.000000,0.000000,0.000000,0.000000,0.000000,0.000000,0.000000,0.000000
1789149950.389011,0.007214,-0.019716,0.067549,-0.072247,-0.545314,0.154060,0.053108,0.026631,-0.998234,0.000000,0.000000,0.000000,0.014178,-0.000963,-0.003120,-0.018891,0.010795,0.000983,0.001545,-0.001027,-0.007817,-0.012456,-0.017294,-0.018597,0.000000,0.000000,-0.021817,-0.000000,0.000000,0.021817,0.000000,-0.000000,0.043633,-0.000000,0.065450,0.087266,0.000000,0.000000,0.000000,0.000000,0.000000,0.000000,0.000000,0.000000,0.000000,0.000000,0.000000,0.000000,0.000000,0.000000,0.000000,0.000000,0.000000,0.000000,0.000000,0.000000,0.000000,0.000000,0.000000,0.000000
1789149950.408987,0.013196,-0.020735,0.072624,-0.058532,-0.576473,0.171370,0.064534,0.027968,-0.997524,0.000000,0.000000,0.000000,0.014178,-0.000963,-0.003234,-0.018367,0.010795,0.001286,0.001545,-0.001027,-0.007526,-0.011717,-0.015685,-0.018311,0.000000,0.000000,-0.021817,-0.000000,0.000000,-0.000000,0.000000,-0.000000,0.000000,0.043633,0.043633,0.021817,0.000000,0.000000,0.000000,0.000000,0.000000,0.000000,0.000000,0.000000,0.000000,0.000000,0.000000,0.000000,0.000000,0.000000,0.000000,0.000000,0.000000,0.000000,0.000000,0.000000,0.000000,0.000000,0.000000,0.000000
1789149950.429027,0.021065,-0.022048,0.079760,-0.035229,-0.593384,0.168973,0.076232,0.029965,-0.996640,0.000000,0.000000,0.000000,0.013829,-0.000693,-0.003360,-0.017843,0.010795,0.001422,0.001196,-0.001174,-0.007176,-0.011316,-0.015008,-0.017517,0.000000,0.065450,-0.000000,-0.000000,0.000000,0.021817,0.000000,-0.021817,0.000000,0.087266,0.065450,-0.000000,0.000000,0.000000,0.000000,0.000000,0.000000,0.000000,0.000000,0.000000,0.000000,0.000000,0.000000,0.000000,0.000000,0.000000,0.000000,0.000000,0.000000,0.000000,0.000000,0.000000,0.000000,0.000000,0.000000,0.000000
1789149950.449026,0.025168,-0.023138,0.084522,0.012042,-0.584330,0.162848,0.087797,0.032620,-0.995604,0.000000,0.000000,0.000000,0.013829,-0.000698,-0.003360,-0.017609,0.010795,0.001635,0.001196,-0.001201,-0.007013,-0.011234,-0.014940,-0.017081,0.000000,0.000000,-0.000000,0.087266,0.000000,-0.000000,0.000000,-0.000000,0.021817,-0.000000,0.000000,0.087266,0.000000,0.000000,0.000000,0.000000,0.000000,0.000000,0.000000,0.000000,0.000000,0.000000,0.000000,0.000000,0.000000,0.000000,0.000000,0.000000,0.000000,0.000000,0.000000,0.000000,0.000000,0.000000,0.000000,0.000000
1789149950.468976,0.029094,-0.024130,0.090500,0.083814,-0.569150,0.163647,0.098659,0.036636,-0.994447,0.000000,0.000000,0.000000,0.013556,-0.000698,-0.003360,-0.016412,0.010552,0.002540,0.001196,-0.001542,-0.006827,-0.010885,-0.014242,-0.015431,-0.021817,0.000000,-0.000000,0.021817,-0.021817,0.021817,0.000000,-0.021817,0.000000,-0.000000,0.000000,0.065450,0.000000,0.000000,0.000000,0.000000,0.000000,0.000000,0.000000,0.000000,0.000000,0.000000,0.000000,0.000000,0.000000,0.000000,0.000000,0.000000,0.000000,0.000000,0.000000,0.000000,0.000000,0.000000,0.000000,0.000000
1789149950.489015,0.030749,-0.024665,0.094633,0.133082,-0.536925,0.160584,0.108587,0.041554,-0.993218,0.000000,0.000000,0.000000,0.012471,-0.000698,-0.003360,-0.015989,0.010446,0.002857,0.000923,-0.001550,-0.006478,-0.010536,-0.013719,-0.014040,-0.109083,0.000000,-0.000000,0.065450,0.000000,-0.000000,-0.021817,-0.000000,0.000000,-0.000000,0.000000,0.087266,0.000000,0.000000,0.000000,0.000000,0.000000,0.000000,0.000000,0.000000,0.000000,0.000000,0.000000,0.000000,0.000000,0.000000,0.000000,0.000000,0.000000,0.000000,0.000000,0.000000,0.000000,0.000000,0.000000,0.000000
1789149950.508973,0.028549,-0.023329,0.092758,0.176492,-0.499907,0.163114,0.117658,0.047176,-0.991933,0.000000,0.000000,0.000000,0.011121,-0.000698,-0.003360,-0.015580,0.010080,0.003206,0.000847,-0.001550,-0.006159,-0.010195,-0.013228,-0.013244,-0.130900,0.000000,-0.000000,0.087266,-0.043633,-0.000000,0.000000,-0.000000,0.021817,0.043633,0.087266,0.109083,0.000000,0.000000,0.000000,0.000000,0.000000,0.000000,0.000000,0.000000,0.000000,0.000000,0.000000,0.000000,0.000000,0.000000,0.000000,0.000000,0.000000,0.000000,0.000000,0.000000,0.000000,0.000000,0.000000,0.000000
1789149950.528978,0.026799,-0.022957,0.094053,0.240541,-0.446911,0.168308,0.125357,0.053778,-0.990653,0.000000,0.000000,0.000000,0.009629,-0.000698,-0.003360,-0.015127,0.010097,0.003778,0.000803,-0.001550,-0.006129,-0.010122,-0.013020,-0.012805,-0.065450,0.000000,-0.000000,0.021817,0.000000,0.021817,-0.021817,-0.000000,0.000000,0.021817,0.000000,-0.000000,0.000000,0.000000,0.000000,0.000000,0.000000,0.000000,0.000000,0.000000,0.000000,0.000000,0.000000,0.000000,0.000000,0.000000,0.000000,0.000000,0.000000,0.000000,0.000000,0.000000,0.000000,0.000000,0.000000,0.000000
1789149950.548996,0.022914,-0.022156,0.095430,0.293937,-0.394047,0.169506,0.131642,0.061250,-0.989403,0.000000,0.000000,0.000000,0.008735,-0.000698,-0.003360,-0.013439,0.009988,0.004253,0.000498,-0.001899,-0.005780,-0.009664,-0.012355,-0.012281,-0.021817,0.000000,-0.000000,0.087266,-0.021817,-0.000000,0.000000,-0.000000,0.000000,-0.000000,0.021817,-0.000000,0.000000,0.000000,0.000000,0.000000,0.000000,0.000000,0.000000,0.000000,0.000000,0.000000,0.000000,0.000000,0.000000,0.000000,0.000000,0.000000,0.000000,0.000000,0.000000,0.000000,0.000000,0.000000,0.000000,0.000000
1789149950.568981,0.019896,-0.021455,0.098255,0.336814,-0.325737,0.177762,0.136366,0.069389,-0.988225,0.000000,0.000000,0.000000,0.008418,-0.000698,-0.003534,-0.011361,0.009731,0.004253,0.000498,-0.001397,-0.005780,-0.009113,-0.012025,-0.011758,0.000000,0.000000,-0.000000,0.087266,-0.021817,-0.000000,0.000000,0.043633,0.000000,0.021817,0.043633,-0.000000,0.000000,0.000000,0.000000,0.000000,0.000000,0.000000,0.000000,0.000000,0.000000,0.000000,0.000000,0.000000,0.000000,0.000000,0.000000,0.000000,0.000000,0.000000,0.000000,0.000000,0.000000,0.000000,0.000000,0.000000
1789149950.588895,0.015844,-0.021051,0.100266,0.341475,-0.267280,0.186151,0.139943,0.077267,-0.987140,0.000000,0.000000,0.000000,0.008244,-0.001001,-0.003870,-0.008934,0.009573,0.004427,0.000435,-0.001507,-0.005431,-0.009140,-0.011289,-0.011409,0.000000,-0.065450,-0.021817,0.065450,0.000000,-0.000000,-0.021817,-0.043633,0.000000,-0.000000,0.021817,0.087266,0.000000,0.000000,0.000000,0.000000,0.000000,0.000000,0.000000,0.000000,0.000000,0.000000,0.000000,0.000000,0.000000,0.000000,0.000000,0.000000,0.000000,0.000000,0.000000,0.000000,0.000000,0.000000,0.000000,0.000000
1789149950.608940,0.008813,-0.021375,0.101231,0.323365,-0.201633,0.193341,0.142278,0.084370,-0.986225,0.000000,0.000000,0.000000,0.007895,-0.001115,-0.003883,-0.007341,0.009224,0.004809,0.000323,-0.002074,-0.005387,-0.008616,-0.010514,-0.011234,0.000000,-0.021817,-0.000000,0.152716,0.000000,0.021817,0.000000,-0.000000,0.021817,-0.000000,0.021817,-0.000000,0.000000,0.000000,0.000000,0.000000,0.000000,0.000000,0.000000,0.000000,0.000000,0.000000,0.000000,0.000000,0.000000,0.000000,0.000000,0.000000,0.000000,0.000000,0.000000,0.000000,0.000000,0.000000,0.000000,0.000000
1789149950.628947,0.004392,-0.021216,0.103285,0.321368,-0.135587,0.204393,0.143319,0.091240,-0.985462,0.000000,0.000000,0.000000,0.007546,-0.001312,-0.004058,-0.007371,0.009050,0.004776,0.000323,-0.001591,-0.005082,-0.007981,-0.009192,-0.010711,0.000000,0.000000,-0.000000,-0.000000,0.000000,-0.000000,0.000000,-0.000000,0.000000,0.043633,0.021817,-0.000000,0.000000,0.000000,0.000000,0.000000,0.000000,0.000000,0.000000,0.000000,0.000000,0.000000,0.000000,0.000000,0.000000,0.000000,0.000000,0.000000,0.000000,0.000000,0.000000,0.000000,0.000000,0.000000,0.000000,0.000000
1789149950.648973,-0.000283,-0.021569,0.104581,0.279290,-0.069274,0.212516,0.143223,0.096920,-0.984933,0.000000,0.000000,0.000000,0.007186,-0.001312,-0.004058,-0.007197,0.008875,0.004776,0.000206,-0.001417,-0.005082,-0.007864,-0.008174,-0.010711,-0.043633,0.000000,-0.000000,-0.000000,0.000000,-0.000000,-0.021817,-0.000000,0.000000,0.021817,0.021817,-0.000000,0.000000,0.000000,0.000000,0.000000,0.000000,0.000000,0.000000,0.000000,0.000000,0.000000,0.000000,0.000000,0.000000,0.000000,0.000000,0.000000,0.000000,0.000000,0.000000,0.000000,0.000000,0.000000,0.000000,0.000000
1789149950.668990,-0.006708,-0.020496,0.107696,0.255055,0.002897,0.223568,0.141813,0.101684,-0.984657,0.000000,0.000000,0.000000,0.007197,-0.001312,-0.004058,-0.007197,0.008875,0.004776,0.000149,-0.001417,-0.004733,-0.007046,-0.007613,-0.010187,0.000000,0.000000,-0.000000,-0.000000,0.000000,-0.000000,0.000000,-0.000000,0.000000,-0.000000,0.021817,-0.000000,0.000000,0.000000,0.000000,0.000000,0.000000,0.000000,0.000000,0.000000,0.000000,0.000000,0.000000,0.000000,0.000000,0.000000,0.000000,0.000000,0.000000,0.000000,0.000000,0.000000,0.000000,0.000000,0.000000,0.000000
1789149950.688884,-0.013077,-0.020874,0.111083,0.192737,0.061087,0.235952,0.139602,0.104940,-0.984631,0.000000,0.000000,0.000000,0.007022,-0.001312,-0.004058,-0.006673,0.008526,0.004776,0.000149,-0.001417,-0.004613,-0.006151,-0.007283,-0.009486,0.000000,0.000000,-0.000000,-0.000000,0.000000,-0.000000,0.000000,-0.000000,0.021817,0.065450,0.043633,0.065450,0.000000,0.000000,0.000000,0.000000,0.000000,0.000000,0.000000,0.000000,0.000000,0.000000,0.000000,0.000000,0.000000,0.000000,0.000000,0.000000,0.000000,0.000000,0.000000,0.000000,0.000000,0.000000,0.000000,0.000000
1789149950.708956,-0.014970,-0.020681,0.112510,0.156518,0.121674,0.243808,0.136322,0.107229,-0.984844,0.000000,0.000000,0.000000,0.006848,-0.001486,-0.004058,-0.006150,0.008352,0.004776,0.000045,-0.001242,-0.004558,-0.005824,-0.007086,-0.009314,0.000000,0.000000,-0.000000,-0.000000,0.000000,-0.000000,-0.021817,-0.000000,0.000000,-0.000000,0.000000,-0.000000,0.000000,0.000000,0.000000,0.000000,0.000000,0.000000,0.000000,0.000000,0.000000,0.000000,0.000000,0.000000,0.000000,0.000000,0.000000,0.000000,0.000000,0.000000,0.000000,0.000000,0.000000,0.000000,0.000000,0.000000
1789149950.728960,-0.019717,-0.020167,0.114424,0.108715,0.173340,0.245007,0.132384,0.108222,-0.985273,0.000000,0.000000,0.000000,0.006744,-0.001486,-0.004058,-0.005904,0.008302,0.004776,-0.000026,-0.001242,-0.004384,-0.005126,-0.006563,-0.008300,-0.021817,0.000000,-0.000000,0.065450,-0.021817,-0.000000,0.000000,-0.000000,0.000000,-0.000000,0.000000,0.065450,0.000000,0.000000,0.000000,0.000000,0.000000,0.000000,0.000000,0.000000,0.000000,0.000000,0.000000,0.000000,0.000000,0.000000,0.000000,0.000000,0.000000,0.000000,0.000000,0.000000,0.000000,0.000000,0.000000,0.000000
1789149950.748946,-0.022509,-0.020380,0.116615,0.043867,0.231130,0.253262,0.127754,0.107672,-0.985944,0.000000,0.000000,0.000000,0.006499,-0.001486,-0.004058,-0.005402,0.007953,0.004776,-0.000026,-0.001068,-0.004209,-0.004776,-0.006563,-0.007812,0.000000,0.000000,-0.000000,0.021817,-0.021817,-0.000000,0.000000,-0.000000,0.000000,-0.000000,0.000000,0.087266,0.000000,0.000000,0.000000,0.000000,0.000000,0.000000,0.000000,0.000000,0.000000,0.000000,0.000000,0.000000,0.000000,0.000000,0.000000,0.000000,0.000000,0.000000,0.000000,0.000000,0.000000,0.000000,0.000000,0.000000
1789149950.768929,-0.023509,-0.020765,0.115812,0.017102,0.273208,0.256458,0.122456,0.106243,-0.986771,0.000000,0.000000,0.000000,0.006324,-0.001486,-0.004058,-0.003701,0.007828,0.004337,-0.000026,-0.001068,-0.004097,-0.004253,-0.006214,-0.006743,0.000000,0.000000,-0.000000,0.109083,0.000000,-0.000000,0.000000,-0.000000,0.021817,-0.000000,0.000000,0.065450,0.000000,0.000000,0.000000,0.000000,0.000000,0.000000,0.000000,0.000000,0.000000,0.000000,0.000000,0.000000,0.000000,0.000000,0.000000,0.000000,0.000000,0.000000,0.000000,0.000000,0.000000,0.000000,0.000000,0.000000
1789149950.789034,-0.026632,-0.021753,0.116123,0.001922,0.320746,0.254195,0.116313,0.104205,-0.987731,0.000000,0.000000,0.000000,0.006158,-0.001222,-0.004058,-0.001473,0.007653,0.004337,-0.000206,-0.000893,-0.003860,-0.004253,-0.005875,-0.005971,-0.021817,0.000000,-0.000000,0.087266,0.000000,-0.000000,-0.021817,-0.000000,0.000000,-0.000000,0.043633,0.021817,0.000000,0.000000,0.000000,0.000000,0.000000,0.000000,0.000000,0.000000,0.000000,0.000000,0.000000,0.000000,0.000000,0.000000,0.000000,0.000000,0.000000,0.000000,0.000000,0.000000,0.000000,0.000000,0.000000,0.000000
1789149950.809039,-0.027662,-0.020954,0.113884,-0.019383,0.345646,0.250466,0.109991,0.101277,-0.988759,0.000000,0.000000,0.000000,0.005986,-0.001047,-0.003750,0.000237,0.007392,0.004163,-0.000200,-0.000718,-0.003511,-0.003729,-0.006162,-0.005649,-0.043633,0.000000,-0.000000,0.043633,-0.065450,-0.000000,0.000000,-0.000000,0.000000,-0.000000,0.087266,-0.000000,0.000000,0.000000,0.000000,0.000000,0.000000,0.000000,0.000000,0.000000,0.000000,0.000000,0.000000,0.000000,0.000000,0.000000,0.000000,0.000000,0.000000,0.000000,0.000000,0.000000,0.000000,0.000000,0.000000,0.000000
1789149950.828974,-0.027065,-0.019051,0.108854,-0.027906,0.361892,0.248202,0.103333,0.098196,-0.989788,0.000000,0.000000,0.000000,0.005626,-0.001047,-0.003605,0.001388,0.007124,0.003814,-0.000200,-0.000718,-0.003361,-0.003596,-0.006200,-0.005300,0.000000,0.000000,0.021817,0.043633,-0.021817,-0.000000,0.000000,-0.000000,0.021817,0.065450,-0.043633,-0.000000,0.000000,0.000000,0.000000,0.000000,0.000000,0.000000,0.000000,0.000000,0.000000,0.000000,0.000000,0.000000,0.000000,0.000000,0.000000,0.000000,0.000000,0.000000,0.000000,0.000000,0.000000,0.000000,0.000000,0.000000
1789149950.848982,-0.027484,-0.017399,0.108584,-0.028438,0.373343,0.234354,0.096303,0.095098,-0.990799,0.000000,0.000000,0.000000,0.005277,-0.000856,-0.003575,0.001843,0.006955,0.003555,-0.000200,-0.000544,-0.003162,-0.003555,-0.005723,-0.005125,0.000000,0.021817,-0.000000,0.065450,0.000000,-0.021817,0.000000,-0.000000,0.000000,-0.000000,-0.130900,-0.000000,0.000000,0.000000,0.000000,0.000000,0.000000,0.000000,0.000000,0.000000,0.000000,0.000000,0.000000,0.000000,0.000000,0.000000,0.000000,0.000000,0.000000,0.000000,0.000000,0.000000,0.000000,0.000000,0.000000,0.000000
1789149950.868972,-0.027682,-0.016083,0.109528,-0.040689,0.374941,0.222370,0.089483,0.091651,-0.991763,0.000000,0.000000,0.000000,0.004721,-0.000873,-0.003226,0.001879,0.006781,0.002908,-0.000200,-0.000195,-0.002813,-0.003460,-0.004992,-0.004951,-0.043633,0.000000,-0.000000,-0.000000,0.000000,-0.021817,0.000000,-0.000000,0.000000,0.021817,0.000000,-0.000000,0.000000,0.000000,0.000000,0.000000,0.000000,0.000000,0.000000,0.000000,0.000000,0.000000,0.000000,0.000000,0.000000,0.000000,0.000000,0.000000,0.000000,0.000000,0.000000,0.000000,0.000000,0.000000,0.000000,0.000000
1789149950.888960,-0.028238,-0.014036,0.111724,-0.027772,0.375607,0.211717,0.082690,0.088155,-0.992669,0.000000,0.000000,0.000000,0.004140,-0.000698,-0.003226,0.002053,0.006606,0.002398,-0.000200,-0.000195,-0.002679,-0.003380,-0.005019,-0.004602,-0.065450,0.000000,-0.000000,-0.000000,0.000000,-0.065450,0.000000,-0.000000,0.021817,-0.000000,0.043633,-0.000000,0.000000,0.000000,0.000000,0.000000,0.000000,0.000000,0.000000,0.000000,0.000000,0.000000,0.000000,0.000000,0.000000,0.000000,0.000000,0.000000,0.000000,0.000000,0.000000,0.000000,0.000000,0.000000,0.000000,0.000000
1789149950.908882,-0.028156,-0.013211,0.112069,-0.012859,0.366685,0.201997,0.076040,0.085187,-0.993459,0.000000,0.000000,0.000000,0.002858,-0.000515,-0.003226,0.002402,0.006023,0.001354,-0.000200,0.000154,-0.002464,-0.003252,-0.005605,-0.004556,-0.065450,0.021817,-0.000000,-0.000000,-0.087266,-0.065450,0.000000,-0.000000,0.000000,0.021817,0.021817,0.021817,0.000000,0.000000,0.000000,0.000000,0.000000,0.000000,0.000000,0.000000,0.000000,0.000000,0.000000,0.000000,0.000000,0.000000,0.000000,0.000000,0.000000,0.000000,0.000000,0.000000,0.000000,0.000000,0.000000,0.000000
1789149950.928957,-0.027663,-0.010422,0.112783,-0.006867,0.357231,0.186817,0.069401,0.082416,-0.994179,0.000000,0.000000,0.000000,0.001282,-0.000524,-0.003226,0.002926,0.005346,0.000847,-0.000200,0.000154,-0.002221,-0.003206,-0.005477,-0.004427,-0.043633,0.000000,-0.000000,-0.000000,-0.065450,-0.000000,0.000000,-0.000000,0.021817,-0.000000,-0.021817,-0.000000,0.000000,0.000000,0.000000,0.000000,0.000000,0.000000,0.000000,0.000000,0.000000,0.000000,0.000000,0.000000,0.000000,0.000000,0.000000,0.000000,0.000000,0.000000,0.000000,0.000000,0.000000,0.000000,0.000000,0.000000
