timestamp,obs_0,obs_1,obs_2,obs_3,obs_4,obs_5,obs_6,obs_7,obs_8,obs_9,obs_10,obs_11,obs_12,obs_13,obs_14,obs_15,obs_16,obs_17,obs_18,obs_19,obs_20,obs_21,obs_22,obs_23,obs_24,obs_25,obs_26,obs_27,obs_28,obs_29,obs_30,obs_31,obs_32,obs_33,obs_34,obs_35,obs_36,obs_37,obs_38,obs_39,obs_40,obs_41,obs_42,obs_43,obs_44,obs_45,obs_46,obs_47,action_0,action_1,action_2,action_3,action_4,action_5,action_6,action_7,action_8,action_9,action_10,action_11
1789158651.841941,-0.000350,-0.003857,0.001022,-0.021115,-0.006823,-0.015983,0.001785,-0.000299,-0.999998,0.000000,0.000000,0.000000,-0.024260,0.024170,0.424945,0.024086,-0.181101,-0.181101,-0.181101,-0.181276,0.054565,0.054739,0.054742,0.054565,0.000000,0.000000,-0.000000,-0.000000,0.000000,-0.000000,0.000000,-0.000000,0.000000,-0.000000,0.087266,-0.000000,0.000000,0.000000,0.000000,0.000000,0.000000,0.000000,0.000000,0.000000,0.000000,0.000000,0.000000,0.000000,-0.178336,-0.394786,-0.208782,-0.526905,0.519544,-0.178188,0.130698,0.111907,-0.366216,0.499831,-0.728552,0.374580
1789158651.855719,-0.000232,-0.004335,0.001073,-0.035096,-0.010685,-0.021576,0.003641,-0.000941,-0.999993,0.000000,0.000000,0.000000,-0.024260,0.024170,0.424945,0.024086,-0.181101,-0.181366,-0.181101,-0.181276,0.054565,0.054739,0.054816,0.054565,0.000000,0.000000,-0.000000,-0.000000,0.000000,-0.000000,0.000000,-0.000000,0.000000,-0.000000,0.174533,-0.000000,-0.178336,-0.394786,-0.208782,-0.526905,0.519544,-0.178188,0.130698,0.111907,-0.366216,0.499831,-0.728552,0.374580,-0.042907,-0.679263,-0.294104,-0.495569,0.853860,-0.276634,0.393504,0.129580,-0.285611,0.512518,-1.087721,0.436889
1789158651.875671,-0.000012,-0.005119,0.001423,-0.042819,-0.016810,-0.013986,0.005427,-0.001983,-0.999983,0.000000,0.000000,0.000000,-0.024808,0.017074,0.424945,0.021689,-0.181101,-0.170130,-0.166879,-0.157746,0.054565,0.063231,0.039465,0.068309,-0.174533,-1.876229,-0.000000,-0.894481,0.000000,2.596178,2.879794,3.316126,0.000000,2.050762,-3.076143,1.548980,-0.042907,-0.679263,-0.294104,-0.495569,0.853860,-0.276634,0.393504,0.129580,-0.285611,0.512518,-1.087721,0.436889,0.302484,-0.954167,-0.371908,-0.057822,0.789978,-0.123916,0.506254,-0.028914,-0.320020,-0.075341,-1.215180,0.518336
1789158651.896065,0.001517,-0.005713,0.005526,-0.424051,0.424742,0.045270,-0.003843,-0.010360,-0.999939,0.000000,0.000000,0.000000,-0.025675,-0.029093,0.411931,-0.020093,-0.089079,-0.121375,-0.070474,-0.084380,-0.023206,0.102984,-0.129715,0.091806,0.239983,-2.748894,-0.916298,-1.461714,6.283186,1.570797,5.890487,4.319690,-4.101524,1.069014,-9.555678,1.178097,0.302484,-0.954167,-0.371908,-0.057822,0.789978,-0.123916,0.506254,-0.028914,-0.320020,-0.075341,-1.215180,0.518336,0.314803,-0.975305,-0.673289,0.033833,0.637148,0.362275,0.805262,0.695043,-0.552471,-0.441276,-1.716007,0.472196
1789158651.916247,0.004766,-0.005496,0.015949,-0.240293,0.753509,0.094538,-0.018573,-0.014926,-0.999716,0.000000,0.000000,0.000000,-0.012695,-0.085745,0.401846,-0.032116,0.041368,-0.083723,0.021235,-0.026299,-0.054826,0.080444,-0.238601,0.116150,1.308997,-3.032510,-0.196350,0.741765,5.955937,2.530728,3.687009,2.203479,-1.003565,-4.428773,-3.926991,1.003564,0.314803,-0.975305,-0.673289,0.033833,0.637148,0.362275,0.805262,0.695043,-0.552471,-0.441276,-1.716007,0.472196,0.199331,-0.952842,-0.605393,0.178196,0.701215,0.373785,0.490655,0.982141,-0.492206,-0.450322,-1.914144,0.497317
1789158651.936234,0.005998,-0.004930,0.016960,0.392075,0.393184,-0.024505,-0.025856,-0.006628,-0.999644,0.000000,0.000000,0.000000,0.010532,-0.129997,0.403153,-0.032250,0.128509,-0.026669,0.089990,0.032156,-0.072198,-0.021655,-0.322964,0.114923,1.614430,-2.050762,0.501782,0.632682,3.337943,4.101524,3.032510,2.334378,-1.919863,-5.890486,-6.632252,-0.436332,0.199331,-0.952842,-0.605393,0.178196,0.701215,0.373785,0.490655,0.982141,-0.492206,-0.450322,-1.914144,0.497317,0.241748,-1.102771,-0.620062,0.286157,0.575248,0.463566,0.414794,1.053680,-0.544350,-0.544454,-2.195908,0.462373
1789158651.956662,0.008662,-0.003964,0.008928,0.016037,0.314354,-0.024905,-0.031270,-0.007958,-0.999479,0.000000,0.000000,0.000000,0.039963,-0.162610,0.415583,-0.021805,0.160416,0.021630,0.131043,0.111465,-0.109120,-0.079774,-0.412461,0.117781,1.069014,-1.636246,0.567232,0.959931,0.872665,2.050762,1.090832,3.948808,-0.545416,-1.723513,-3.621559,0.305433,0.241748,-1.102771,-0.620062,0.286157,0.575248,0.463566,0.414794,1.053680,-0.544350,-0.544454,-2.195908,0.462373,0.490678,-1.361623,-0.699576,0.352181,0.624345,0.298679,0.476525,0.678310,-1.161522,-0.491426,-2.107968,0.245282
1789158651.975846,0.010795,-0.004063,-0.000204,-0.376647,0.198240,0.062713,-0.035052,-0.015276,-0.999269,0.000000,0.000000,0.000000,0.050778,-0.197162,0.418446,-0.005238,0.166304,0.061265,0.133931,0.189498,-0.116497,-0.108038,-0.480390,0.117288,0.130900,-1.898046,-0.000000,1.090831,-0.196350,2.007129,-0.327249,3.403393,-0.698132,-1.505346,-4.254241,-0.130900,0.490678,-1.361623,-0.699576,0.352181,0.624345,0.298679,0.476525,0.678310,-1.161522,-0.491426,-2.107968,0.245282,0.454676,-1.152885,-0.342653,0.189438,0.481458,0.220653,0.561374,0.449597,-1.378383,-0.165065,-1.762830,-0.093262
1789158651.995839,0.012270,-0.004780,-0.007554,-0.297018,0.040981,0.008385,-0.035755,-0.021215,-0.999135,0.000000,0.000000,0.000000,0.060841,-0.232813,0.430576,0.013140,0.161417,0.075555,0.119538,0.215479,-0.133650,-0.117779,-0.513744,0.090099,1.221730,-2.159845,0.807215,1.025381,-0.152716,-0.349066,-0.545415,0.065450,-2.116212,0.130900,-0.501783,-1.658063,0.454676,-1.152885,-0.342653,0.189438,0.481458,0.220653,0.561374,0.449597,-1.378383,-0.165065,-1.762830,-0.093262,0.060215,-0.619774,0.168852,-0.248692,0.534535,0.143756,0.277721,0.541531,-1.155290,0.386144,-1.335345,-0.457376
1789158652.015865,0.011334,-0.004865,-0.007354,0.070232,-0.051431,0.057786,-0.034671,-0.019806,-0.999203,0.000000,0.000000,0.000000,0.073334,-0.258895,0.438196,0.026140,0.160953,0.081203,0.118758,0.186108,-0.238727,-0.086635,-0.486062,0.032375,0.632682,-0.981748,0.021817,0.021817,-0.959931,-0.261799,0.021817,-1.745329,-5.781404,3.512475,3.119776,-3.599742,0.060215,-0.619774,0.168852,-0.248692,0.534535,0.143756,0.277721,0.541531,-1.155290,0.386144,-1.335345,-0.457376,-0.267474,-0.039124,0.524645,-0.686935,0.667713,0.077863,0.025708,0.982450,-1.003681,0.546203,-1.147684,-0.853029
1789158652.035844,0.008308,-0.004606,0.000911,0.386216,-0.233991,-0.070711,-0.029864,-0.012440,-0.999477,0.000000,0.000000,0.000000,0.073039,-0.269705,0.424279,0.018940,0.141149,0.068454,0.112685,0.153991,-0.300542,-0.015895,-0.411711,-0.049855,-0.763582,0.610865,-1.025381,-1.963496,-0.719948,-0.981748,-0.479966,-1.330814,-0.436333,6.086836,5.519604,-4.254241,-0.267474,-0.039124,0.524645,-0.686935,0.667713,0.077863,0.025708,0.982450,-1.003681,0.546203,-1.147684,-0.853029,-0.512324,0.471760,0.951692,-0.887374,0.854938,0.287942,0.112829,1.272122,-0.791870,0.354886,-1.005228,-0.862920
1789158652.055902,0.007422,-0.004471,0.004213,0.074227,-0.347042,-0.123309,-0.022469,-0.014179,-0.999647,0.000000,0.000000,0.000000,0.055351,-0.230872,0.406769,-0.018323,0.136808,0.053223,0.083530,0.164635,-0.284182,0.077886,-0.335233,-0.143988,-1.985312,3.425209,-0.850848,-3.163409,0.829032,-0.763582,-1.788963,1.221731,1.636246,3.774275,3.359759,-4.559673,-0.512324,0.471760,0.951692,-0.887374,0.854938,0.287942,0.112829,1.272122,-0.791870,0.354886,-1.005228,-0.862920,-0.761002,0.835540,1.078761,-1.079333,1.055310,0.263524,0.028253,1.093439,-0.830822,0.281886,-0.965670,-0.689533
1789158652.075713,0.006467,-0.003575,0.011204,-0.110064,-0.484727,-0.197744,-0.012754,-0.016578,-0.999781,0.000000,0.000000,0.000000,0.007570,-0.148746,0.386894,-0.066098,0.154086,0.054524,0.051598,0.215255,-0.252068,0.093466,-0.287948,-0.189369,-2.683444,5.192355,-1.112647,-2.661628,1.701696,0.239983,-1.592613,2.639811,2.792526,-1.265363,2.181662,-1.527164,-0.761002,0.835540,1.078761,-1.079333,1.055310,0.263524,0.028253,1.093439,-0.830822,0.281886,-0.965670,-0.689533,-1.070716,0.683308,0.724070,-1.317150,1.364614,-0.165932,0.091879,0.848036,-0.639137,0.578880,-1.030106,-0.434651
1789158652.095706,0.009935,-0.001409,0.009136,-0.021381,-0.364353,-0.267519,-0.005184,-0.016793,-0.999846,0.000000,0.000000,0.000000,-0.047481,-0.046535,0.370422,-0.117967,0.187387,0.062380,0.035956,0.255370,-0.217281,0.081950,-0.260574,-0.177362,-2.857977,5.563237,-0.327249,-3.119776,2.552544,0.349066,-0.610865,1.658063,0.589048,-0.829031,1.178097,0.872665,-1.070716,0.683308,0.724070,-1.317150,1.364614,-0.165932,0.091879,0.848036,-0.639137,0.578880,-1.030106,-0.434651,-0.883577,0.194454,0.487465,-1.304604,1.331922,-0.298670,0.351756,0.454546,-0.443041,0.384834,-1.285819,-0.065756
1789158652.116914,0.013102,0.001416,0.003061,0.133881,-0.434527,-0.146744,0.004248,-0.013497,-0.999900,0.000000,0.000000,0.000000,-0.103951,0.030478,0.364878,-0.178304,0.234222,0.043555,0.028323,0.252889,-0.201862,0.103161,-0.258373,-0.135496,-2.988877,2.945243,-0.349066,-3.577925,3.381576,-1.854413,-0.327249,-0.763582,2.116211,3.010694,-0.327249,1.941679,-0.883577,0.194454,0.487465,-1.304604,1.331922,-0.298670,0.351756,0.454546,-0.443041,0.384834,-1.285819,-0.065756,-0.647521,-0.135200,0.344952,-0.961380,1.262118,-0.204484,0.331452,0.453107,-0.490740,0.088953,-1.157737,0.252504
1789158652.136011,0.016174,0.006921,-0.008889,0.072362,-0.386989,0.070436,0.012140,-0.011743,-0.999857,0.000000,0.000000,0.000000,-0.146002,0.054506,0.364894,-0.228242,0.283004,0.004032,0.042424,0.206883,-0.165213,0.108228,-0.288273,-0.067344,-1.396264,-0.479966,0.392699,-2.421645,2.094396,-1.788963,0.829032,-2.334378,2.836160,-1.199913,-2.639811,3.643376,-0.647521,-0.135200,0.344952,-0.961380,1.262118,-0.204484,0.331452,0.453107,-0.490740,0.088953,-1.157737,0.252504,-0.425903,-0.173475,0.040800,-0.714931,0.989611,0.070964,0.347298,0.472991,-0.219864,-0.098841,-1.137756,0.139154
1789158652.155472,0.015412,0.010464,-0.012191,0.014971,-0.194043,0.050995,0.018618,-0.010336,-0.999773,0.000000,0.000000,0.000000,-0.160025,0.037211,0.376195,-0.260026,0.316004,-0.028739,0.064664,0.160730,-0.129216,0.070485,-0.293299,0.005873,0.327249,-1.898046,0.741765,-0.130900,1.374447,-0.719949,0.850848,-2.007129,0.610865,-3.447025,0.654499,3.774275,-0.425903,-0.173475,0.040800,-0.714931,0.989611,0.070964,0.347298,0.472991,-0.219864,-0.098841,-1.137756,0.139154,-0.291035,-0.307207,-0.076711,-0.451591,0.757857,0.307338,0.358685,0.333190,-0.051537,-0.021852,-1.286771,0.054690
1789158652.175525,0.012507,0.010539,-0.007702,0.300329,0.062952,0.010116,0.018977,-0.003299,-0.999814,0.000000,0.000000,0.000000,-0.143466,0.008252,0.398028,-0.258112,0.319672,-0.021905,0.077279,0.138043,-0.116737,0.017498,-0.288049,0.026509,1.418080,-1.548980,1.352630,1.112647,-1.396264,1.461713,0.305433,-0.654499,2.225294,-2.901609,0.239983,0.327250,-0.291035,-0.307207,-0.076711,-0.451591,0.757857,0.307338,0.358685,0.333190,-0.051537,-0.021852,-1.286771,0.054690,0.029128,-0.706597,-0.353549,-0.078977,0.750651,0.234396,0.370728,0.196756,-0.164512,-0.023685,-1.396105,0.365968
1789158652.194608,0.008894,0.009081,-0.001683,0.312713,0.072006,0.059784,0.017764,0.003007,-0.999838,0.000000,0.000000,0.000000,-0.116593,-0.022092,0.424664,-0.226546,0.284362,0.009707,0.082987,0.122292,-0.065876,-0.001900,-0.303950,0.020351,1.439897,-1.723513,1.287180,2.378011,-2.639811,1.919863,0.152716,-0.654499,2.836160,-0.021816,-1.221730,-0.327249,0.029128,-0.706597,-0.353549,-0.078977,0.750651,0.234396,0.370728,0.196756,-0.164512,-0.023685,-1.396105,0.365968,0.400676,-1.136482,-0.499754,0.253293,0.739576,0.118221,0.362846,0.084904,-0.499950,-0.201076,-1.287337,0.612201
1789158652.215881,0.002941,0.004827,0.003458,-0.059597,0.153233,0.061914,0.014783,0.001928,-0.999889,0.000000,0.000000,0.000000,-0.085979,-0.061575,0.434225,-0.175762,0.241296,0.035328,0.085782,0.093788,-0.036187,-0.003121,-0.327861,0.058977,1.723513,-2.727077,-0.327249,3.294309,-1.876229,0.829032,0.218166,-1.527164,-0.283616,-0.000000,-1.330814,2.203479,0.400676,-1.136482,-0.499754,0.253293,0.739576,0.118221,0.362846,0.084904,-0.499950,-0.201076,-1.287337,0.612201,0.664002,-1.285487,-0.621157,0.523086,0.577544,0.198265,0.412317,-0.001796,-0.478246,-0.261620,-1.284580,0.451427
1789158652.236002,-0.001401,0.002153,0.003056,0.196865,0.314354,0.107588,0.008647,0.006085,-0.999944,0.000000,0.000000,0.000000,-0.044405,-0.119779,0.416352,-0.112718,0.214022,0.049127,0.086227,0.061963,-0.054071,-0.021243,-0.326135,0.114342,2.421645,-3.730642,-0.501782,3.621558,-0.872665,0.414516,-0.087266,-1.418080,-2.661627,-1.548980,0.349066,2.290745,0.664002,-1.285487,-0.621157,0.523086,0.577544,0.198265,0.412317,-0.001796,-0.478246,-0.261620,-1.284580,0.451427,0.776237,-1.266120,-0.701358,0.705925,0.349433,0.331518,0.452468,-0.018599,-0.252441,-0.261354,-1.408328,0.264780
1789158652.256018,-0.008695,-0.000721,0.000215,0.481823,0.375207,0.092274,0.001957,0.016172,-0.999867,0.000000,0.000000,0.000000,0.010682,-0.184670,0.419226,-0.044170,0.197523,0.046880,0.088755,0.039871,-0.100483,-0.045737,-0.322876,0.115387,3.207043,-3.468842,0.174533,4.166974,-1.592613,0.109083,0.283616,-0.741765,-1.025381,-1.330814,0.152716,-0.196350,0.776237,-1.266120,-0.701358,0.705925,0.349433,0.331518,0.452468,-0.018599,-0.252441,-0.261354,-1.408328,0.264780,0.808064,-1.364219,-0.721217,0.713409,0.246805,0.302445,0.436316,0.019647,-0.529959,-0.236059,-1.587449,0.262381
1789158652.275835,-0.013614,-0.002659,-0.001286,0.424699,0.385860,0.001461,-0.005390,0.023751,-0.999703,0.000000,0.000000,0.000000,0.073203,-0.241693,0.410838,0.019772,0.169617,0.055208,0.098831,0.022603,-0.102239,-0.057668,-0.335814,0.086600,3.228859,-2.530728,-0.458149,3.228859,-2.334378,0.676315,0.567232,-0.698132,1.701696,-0.414516,-1.221731,-1.418080,0.808064,-1.364219,-0.721217,0.713409,0.246805,0.302445,0.436316,0.019647,-0.529959,-0.236059,-1.587449,0.262381,0.798980,-1.369108,-0.546510,0.526905,0.176803,0.070182,0.311438,0.108149,-0.993201,-0.067378,-1.346475,0.114292
1789158652.295782,-0.016686,-0.004956,-0.002524,-0.029903,0.259227,-0.014785,-0.010494,0.023220,-0.999675,0.000000,0.000000,0.000000,0.125639,-0.282081,0.408015,0.069735,0.134353,0.071129,0.104626,0.012696,-0.082847,-0.057565,-0.365861,0.073562,2.050762,-1.898046,-0.000000,1.919862,-1.832596,0.632682,0.458149,-0.436333,-1.396264,0.349066,-2.028945,-0.479966,0.798980,-1.369108,-0.546510,0.526905,0.176803,0.070182,0.311438,0.108149,-0.993201,-0.067378,-1.346475,0.114292,0.476203,-0.977429,-0.194493,0.136742,0.231503,0.082902,0.286825,0.277190,-1.032709,0.320127,-1.066038,-0.290271
1789158652.315924,-0.018146,-0.008800,-0.002039,-0.301945,0.042046,0.003857,-0.011258,0.017052,-0.999791,0.000000,0.000000,0.000000,0.152956,-0.308727,0.402171,0.092934,0.103496,0.065536,0.098725,0.016296,-0.124304,-0.038156,-0.356054,0.047537,0.654499,-1.199914,-0.479966,0.523599,-1.876229,-0.741765,-0.501782,0.239983,-2.923427,2.007129,1.854412,-1.265364,0.476203,-0.977429,-0.194493,0.136742,0.231503,0.082902,0.286825,0.277190,-1.032709,0.320127,-1.066038,-0.290271,0.142293,-0.465086,0.057427,-0.189799,0.425516,-0.052016,-0.030846,0.609452,-0.827296,0.507699,-0.908693,-0.657724
1789158652.335912,-0.017756,-0.012239,-0.000548,-0.295553,-0.152232,-0.026369,-0.008148,0.010844,-0.999908,0.000000,0.000000,0.000000,0.153532,-0.314508,0.401069,0.090259,0.078306,0.046563,0.084705,0.036181,-0.206951,0.007332,-0.314221,-0.012224,-0.632682,0.785398,0.218166,-1.679880,-1.221731,-1.134464,-0.894481,1.090831,-2.967060,4.254241,3.250676,-4.079707,0.142293,-0.465086,0.057427,-0.189799,0.425516,-0.052016,-0.030846,0.609452,-0.827296,0.507699,-0.908693,-0.657724,-0.045237,0.020390,0.384181,-0.318638,0.578103,0.011132,-0.166333,0.856135,-0.808409,0.360412,-0.863210,-0.899965
1789158652.355942,-0.013562,-0.018476,0.002645,-0.502614,-0.122138,-0.117982,-0.005221,-0.000370,-0.999986,0.000000,0.000000,0.000000,0.133878,-0.289845,0.400194,0.060340,0.069113,0.031147,0.064339,0.078358,-0.231634,0.076185,-0.263475,-0.096993,-1.592613,2.705260,-0.261799,-2.530727,0.589049,-0.829031,-1.156281,1.898046,0.829032,3.381576,2.683444,-4.472406,-0.045237,0.020390,0.384181,-0.318638,0.578103,0.011132,-0.166333,0.856135,-0.808409,0.360412,-0.863210,-0.899965,-0.284980,0.361318,0.571933,-0.519821,0.624797,0.126536,-0.148236,0.802782,-0.752418,0.261232,-0.807981,-0.803133
1789158652.375511,-0.009224,-0.022397,0.003133,-0.426714,-0.215615,-0.131831,-0.000830,-0.009367,-0.999956,0.000000,0.000000,0.000000,0.095652,-0.225431,0.401936,0.026085,0.087240,0.023269,0.029651,0.129876,-0.211947,0.091977,-0.235422,-0.172546,-2.181662,4.297873,0.327249,-2.050762,1.679879,-0.370882,-1.876229,2.399828,0.567232,-0.785398,1.243547,-3.141593,-0.284980,0.361318,0.571933,-0.519821,0.624797,0.126536,-0.148236,0.802782,-0.752418,0.261232,-0.807981,-0.803133,-0.664481,0.573573,0.587927,-0.972611,0.964882,-0.126274,-0.077157,0.684375,-0.755398,0.510666,-1.112715,-0.595871
1789158652.395598,-0.004110,-0.025348,0.001019,-0.316459,-0.214683,-0.148342,0.004982,-0.014617,-0.999881,0.000000,0.000000,0.000000,0.051035,-0.140289,0.406998,-0.019705,0.115602,0.023315,-0.004012,0.167891,-0.202557,0.078634,-0.218484,-0.188819,-2.617994,4.799655,0.479966,-2.748894,1.548980,0.152716,-1.461713,1.461714,0.829032,-1.243547,0.916298,-0.218167,-0.664481,0.573573,0.587927,-0.972611,0.964882,-0.126274,-0.077157,0.684375,-0.755398,0.510666,-1.112715,-0.595871,-0.723089,0.248882,0.489326,-1.133748,1.227482,-0.377049,0.180840,0.574786,-0.515375,0.359556,-1.384629,-0.333997
1789158652.415438,0.000697,-0.027272,-0.002603,-0.484771,-0.220675,-0.067648,0.009451,-0.024189,-0.999663,0.000000,0.000000,0.000000,-0.000136,-0.055878,0.418318,-0.072499,0.148534,0.013798,-0.015051,0.177130,-0.192890,0.095610,-0.241601,-0.164398,-2.988877,4.188790,0.370883,-3.643376,2.901610,-1.047198,-0.043633,-0.000000,0.152716,2.378011,-2.705261,1.178097,-0.723089,0.248882,0.489326,-1.133748,1.227482,-0.377049,0.180840,0.574786,-0.515375,0.359556,-1.384629,-0.333997,-0.530774,-0.127410,0.344714,-0.959355,1.077512,-0.266056,0.293256,0.420088,-0.552515,-0.017688,-1.481895,0.041655
1789158652.435532,0.006718,-0.027154,-0.008339,-0.476116,-0.245442,0.064844,0.014303,-0.033578,-0.999334,0.000000,0.000000,0.000000,-0.026665,-0.023409,0.421370,-0.102988,0.171163,0.005644,-0.012821,0.174101,-0.192530,0.107273,-0.260475,-0.146118,-2.617994,2.967060,0.370883,-2.857977,1.832596,-1.199914,0.370883,-0.698132,0.021817,0.676315,-2.159845,3.076143,-0.530774,-0.127410,0.344714,-0.959355,1.077512,-0.266056,0.293256,0.420088,-0.552515,-0.017688,-1.481895,0.041655,-0.249756,-0.426551,-0.112948,-0.639559,0.948503,-0.080076,0.340294,0.431831,-0.435489,-0.074575,-1.387877,0.133966
1789158652.455937,0.009363,-0.026172,-0.009347,-0.375448,-0.027330,0.119838,0.015736,-0.035919,-0.999231,0.000000,0.000000,0.000000,-0.075499,0.001009,0.425078,-0.162138,0.222604,-0.030269,0.012906,0.156470,-0.158123,0.093128,-0.318748,-0.089717,-2.181662,0.959931,-0.000000,-2.399828,2.378011,-1.985312,1.570796,-1.570796,1.854413,-0.654499,-1.876229,4.036075,-0.249756,-0.426551,-0.112948,-0.639559,0.948503,-0.080076,0.340294,0.431831,-0.435489,-0.074575,-1.387877,0.133966,-0.066567,-0.584342,-0.410512,-0.242790,0.819804,-0.025938,0.331132,0.453759,-0.308896,-0.144610,-1.237976,0.127878
1789158652.474907,0.010201,-0.025367,-0.007024,-0.139625,0.121009,-0.050604,0.013644,-0.038584,-0.999162,0.000000,0.000000,0.000000,-0.094673,-0.009553,0.425078,-0.200470,0.259676,-0.047949,0.041792,0.135995,-0.142665,0.030296,-0.350322,-0.018082,-0.545416,-0.305433,-0.000000,-1.876229,1.919862,-0.676315,1.243547,-0.894481,0.523599,-2.247112,-0.523599,2.705261,-0.066567,-0.584342,-0.410512,-0.242790,0.819804,-0.025938,0.331132,0.453759,-0.308896,-0.144610,-1.237976,0.127878,0.123857,-0.849157,-0.595783,-0.050975,0.769584,0.012202,0.340455,0.437198,-0.261785,-0.126447,-1.328087,0.265748
1789158652.494736,0.007427,-0.025183,-0.000321,-0.007133,0.272542,0.009184,0.008320,-0.038581,-0.999221,0.000000,0.000000,0.000000,-0.080623,-0.037004,0.419491,-0.207773,0.264953,-0.041191,0.063333,0.123437,-0.121765,-0.002167,-0.344524,0.015546,0.829031,-1.069014,-0.283616,0.109083,-0.239983,0.196350,0.959931,-0.239983,1.025381,-1.069014,0.589049,0.894482,0.123857,-0.849157,-0.595783,-0.050975,0.769584,0.012202,0.340455,0.437198,-0.261785,-0.126447,-1.328087,0.265748,0.522371,-1.256695,-0.825874,0.291443,0.845130,-0.053781,0.321049,0.317686,-0.408323,-0.130544,-1.386894,0.543878
1789158652.516219,0.002893,-0.025977,0.004215,-0.014723,0.345114,0.118107,0.001575,-0.038713,-0.999249,0.000000,0.000000,0.000000,-0.052030,-0.074594,0.417192,-0.180128,0.243622,-0.025868,0.074713,0.118441,-0.094944,-0.022794,-0.321374,0.034177,1.330813,-1.898046,-0.021817,1.679880,-1.047198,0.741765,0.632682,-0.370883,1.156281,-0.501782,0.196350,1.919863,0.522371,-1.256695,-0.825874,0.291443,0.845130,-0.053781,0.321049,0.317686,-0.408323,-0.130544,-1.386894,0.543878,0.860297,-1.474760,-1.025622,0.660795,0.825524,-0.082296,0.378094,0.238348,-0.454275,-0.229144,-1.368968,0.605209
1789158652.535055,-0.001287,-0.025499,0.003714,0.300462,0.409828,0.157122,-0.006350,-0.032243,-0.999460,0.000000,0.000000,0.000000,-0.021056,-0.125778,0.417380,-0.127335,0.222119,-0.011182,0.080372,0.110712,-0.077259,-0.026661,-0.329770,0.068675,1.832595,-2.312562,0.065450,2.487094,-1.047198,0.567232,0.043633,-0.785398,0.610865,-0.130900,-0.545415,3.272493,0.860297,-1.474760,-1.025622,0.660795,0.825524,-0.082296,0.378094,0.238348,-0.454275,-0.229144,-1.368968,0.605209,1.036622,-1.573651,-1.165205,0.863101,0.753635,-0.065575,0.444372,0.240546,-0.503715,-0.318856,-1.368553,0.540599
1789158652.555844,-0.006304,-0.023746,0.001032,0.489813,0.424076,0.136483,-0.013872,-0.022448,-0.999652,0.000000,0.000000,0.000000,0.026049,-0.189477,0.422029,-0.064208,0.214988,-0.008633,0.080925,0.096575,-0.091936,-0.027381,-0.339705,0.115016,1.985312,-2.639811,0.370883,2.879794,-0.218166,0.021817,-0.130900,-0.894481,-0.741765,-0.000000,-0.130900,1.679880,1.036622,-1.573651,-1.165205,0.863101,0.753635,-0.065575,0.444372,0.240546,-0.503715,-0.318856,-1.368553,0.540599,1.000221,-1.610334,-1.072846,0.793061,0.654623,-0.061673,0.475824,0.253648,-0.683724,-0.242888,-1.458450,0.491432
1789158652.574261,-0.014745,-0.019569,-0.001941,0.729231,0.411426,0.065243,-0.021481,-0.008126,-0.999736,0.000000,0.000000,0.000000,0.086328,-0.254461,0.429990,0.007271,0.214115,-0.012099,0.085665,0.080374,-0.103603,-0.046995,-0.339441,0.134184,2.988876,-2.967060,0.130900,2.727077,0.152716,-0.523599,0.654499,-0.741765,-0.479966,-0.850848,0.087266,0.065450,1.000221,-1.610334,-1.072846,0.793061,0.654623,-0.061673,0.475824,0.253648,-0.683724,-0.242888,-1.458450,0.491432,0.961304,-1.613963,-0.926121,0.700825,0.588043,-0.063225,0.412331,0.309255,-0.739095,-0.198117,-1.527018,0.440577
1789158652.594203,-0.019699,-0.016718,-0.001812,0.612585,0.305965,0.000395,-0.027492,0.004055,-0.999614,0.000000,0.000000,0.000000,0.150278,-0.310546,0.425147,0.072012,0.208399,-0.010858,0.096082,0.071903,-0.114789,-0.066480,-0.340578,0.129289,2.857977,-2.356195,-0.741765,2.901610,-0.370883,-0.021817,0.589049,-0.370883,-0.523599,-0.327249,0.000000,-0.458149,0.961304,-1.613963,-0.926121,0.700825,0.588043,-0.063225,0.412331,0.309255,-0.739095,-0.198117,-1.527018,0.440577,0.891816,-1.487548,-0.667586,0.525833,0.436032,-0.074786,0.342819,0.274145,-0.919412,0.080294,-1.400789,0.164042
1789158652.614156,-0.024557,-0.012676,0.001112,0.218836,0.072939,0.007320,-0.028820,0.008309,-0.999550,0.000000,0.000000,0.000000,0.193241,-0.351111,0.413895,0.108925,0.195740,-0.010356,0.105134,0.069602,-0.144937,-0.060150,-0.357884,0.120751,1.832596,-1.658063,-0.370883,1.483530,-0.610865,0.327249,0.065450,0.087266,-1.505346,0.283616,-0.850848,-0.807215,0.891816,-1.487548,-0.667586,0.525833,0.436032,-0.074786,0.342819,0.274145,-0.919412,0.080294,-1.400789,0.164042,0.480632,-0.971186,-0.296492,0.080461,0.500895,-0.040308,0.335652,0.466434,-0.852734,0.565597,-1.199441,-0.244626
1789158652.634116,-0.025453,-0.010377,0.004068,0.038940,-0.066212,-0.027834,-0.027294,0.009097,-0.999586,0.000000,0.000000,0.000000,0.210637,-0.375892,0.400093,0.126501,0.174932,-0.010225,0.104201,0.072062,-0.168540,-0.049812,-0.368473,0.097770,0.545415,-0.785399,-0.938115,0.654499,-1.069014,0.065450,-0.523599,-0.000000,-0.872665,1.090831,0.479966,-3.054327,0.480632,-0.971186,-0.296492,0.080461,0.500895,-0.040308,0.335652,0.466434,-0.852734,0.565597,-1.199441,-0.244626,0.012940,-0.340918,0.084605,-0.332289,0.761698,-0.175324,0.190646,0.821964,-0.581616,0.849710,-1.022601,-0.555635
1789158652.654106,-0.024464,-0.008661,0.005847,0.092869,-0.237719,-0.051403,-0.022421,0.010136,-0.999697,0.000000,0.000000,0.000000,0.212237,-0.377850,0.390592,0.126005,0.150743,-0.013599,0.094686,0.079569,-0.204458,-0.000348,-0.348677,0.042108,-0.239983,0.174533,-0.043633,0.196350,-1.287180,0.087266,-0.392699,1.047198,-1.396263,2.378011,1.876229,-4.494223,0.012940,-0.340918,0.084605,-0.332289,0.761698,-0.175324,0.190646,0.821964,-0.581616,0.849710,-1.022601,-0.555635,-0.353622,0.162136,0.510990,-0.644369,0.959289,-0.222244,-0.023419,0.958131,-0.538087,0.760609,-0.991532,-0.742481
1789158652.674083,-0.020413,-0.006603,0.006178,-0.078905,-0.245176,-0.071377,-0.017217,0.008040,-0.999819,0.000000,0.000000,0.000000,0.185774,-0.344937,0.388394,0.095020,0.133571,-0.009988,0.088201,0.105779,-0.210120,0.091746,-0.311567,-0.041955,-1.505347,1.570796,-0.261799,-1.221731,-0.414516,0.676315,-0.479966,2.748894,-0.065450,3.948808,2.159845,-4.908739,-0.353622,0.162136,0.510990,-0.644369,0.959289,-0.222244,-0.023419,0.958131,-0.538087,0.760609,-0.991532,-0.742481,-0.519414,0.525913,0.850694,-0.784036,0.980419,-0.031647,-0.111616,0.828194,-0.571395,0.371035,-0.944253,-0.749839
1789158652.694134,-0.015289,-0.005327,0.003347,-0.189559,-0.379533,-0.137690,-0.009306,0.003445,-0.999951,0.000000,0.000000,0.000000,0.131887,-0.277505,0.382710,0.039600,0.147741,-0.014687,0.069701,0.150893,-0.174401,0.170059,-0.273410,-0.119155,-2.988877,3.490659,-0.174533,-2.138029,0.479966,-0.000000,-1.679880,2.901610,1.701696,2.094396,1.090831,-3.774275,-0.519414,0.525913,0.850694,-0.784036,0.980419,-0.031647,-0.111616,0.828194,-0.571395,0.371035,-0.944253,-0.749839,-0.803479,0.798778,0.879915,-1.033638,1.121419,-0.026271,-0.110611,0.628327,-0.689951,0.353149,-0.948381,-0.543684
1789158652.714113,-0.009025,-0.003592,-0.001355,0.034279,-0.502304,-0.148475,0.001399,0.004440,-0.999989,0.000000,0.000000,0.000000,0.063222,-0.186644,0.388996,-0.022209,0.181480,-0.025380,0.038361,0.188355,-0.150209,0.178314,-0.257124,-0.160146,-3.119776,4.188791,0.479966,-3.032510,1.832596,-0.414516,-1.919863,0.872665,0.850848,0.152717,0.589049,-1.178098,-0.803479,0.798778,0.879915,-1.033638,1.121419,-0.026271,-0.110611,0.628327,-0.689951,0.353149,-0.948381,-0.543684,-1.154790,0.772702,0.773217,-1.419719,1.448966,-0.297749,0.026688,0.716230,-0.718715,0.667004,-1.040567,-0.437053
1789158652.735332,-0.000502,-0.000282,-0.008811,-0.025376,-0.474874,-0.120246,0.011274,0.004052,-0.999928,0.000000,0.000000,0.000000,0.000049,-0.082791,0.399981,-0.082224,0.214232,-0.018938,0.007799,0.196703,-0.146385,0.121896,-0.245853,-0.159478,-3.054327,4.712389,0.676315,-2.705261,1.658063,0.501782,-1.221731,-1.090831,0.043633,-1.898046,0.196350,2.116212,-1.154790,0.772702,0.773217,-1.419719,1.448966,-0.297749,0.026688,0.716230,-0.718715,0.667004,-1.040567,-0.437053,-0.978736,0.269520,0.485173,-1.373434,1.145031,-0.200041,0.431355,0.260823,-0.317541,0.432758,-1.333489,-0.222612
1789158652.754288,0.003577,0.001483,-0.011742,-0.120717,-0.450639,0.012113,0.020329,0.001586,-0.999792,0.000000,0.000000,0.000000,-0.060806,0.008743,0.420134,-0.149983,0.247609,-0.014891,-0.006499,0.183037,-0.161436,0.100377,-0.245962,-0.135294,-3.054327,3.512475,1.178097,-2.487095,1.352630,0.043633,-0.152716,-0.305432,-0.501782,-0.239983,-0.610865,1.505347,-0.978736,0.269520,0.485173,-1.373434,1.145031,-0.200041,0.431355,0.260823,-0.317541,0.432758,-1.333489,-0.222612,-0.668778,-0.028287,0.214396,-1.013773,1.112064,-0.082187,0.500007,0.171953,-0.293721,0.256082,-1.400465,0.008566
1789158652.774146,0.008387,0.003812,-0.010986,-0.356939,-0.336123,0.093872,0.028111,-0.003372,-0.999599,0.000000,0.000000,0.000000,-0.125917,0.060893,0.430317,-0.222499,0.292134,-0.033337,0.004003,0.165854,-0.172830,0.142439,-0.260364,-0.106085,-2.901610,1.854413,0.109083,-2.901610,1.941679,-0.719948,1.745329,-2.334378,-0.414516,0.894482,-1.178097,2.988877,-0.668778,-0.028287,0.214396,-1.013773,1.112064,-0.082187,0.500007,0.171953,-0.293721,0.256082,-1.400465,0.008566,-0.379600,-0.252991,-0.019760,-0.605482,0.761686,0.100786,0.498636,0.141612,-0.237401,0.086638,-1.231067,-0.024529
1789158652.795001,0.009839,0.004247,-0.007901,-0.248415,-0.244510,-0.007461,0.033212,-0.007827,-0.999418,0.000000,0.000000,0.000000,-0.163177,0.060770,0.419725,-0.267728,0.301780,-0.040575,0.047810,0.127997,-0.124634,0.118026,-0.311556,-0.055148,-1.308997,0.327249,-0.916298,-2.007129,0.196350,-0.523599,2.290745,-2.487094,3.337943,-1.090831,-1.614430,3.556109,-0.379600,-0.252991,-0.019760,-0.605482,0.761686,0.100786,0.498636,0.141612,-0.237401,0.086638,-1.231067,-0.024529,-0.198468,-0.449147,-0.160161,-0.245685,0.628482,0.127089,0.367254,0.237790,-0.182862,-0.031529,-1.127984,-0.010310
1789158652.815698,0.008076,0.002812,-0.001213,0.075026,0.085988,0.020768,0.031658,-0.006112,-0.999480,0.000000,0.000000,0.000000,-0.164672,0.043311,0.417344,-0.275911,0.300907,-0.032996,0.088228,0.084066,-0.090698,0.079943,-0.330335,-0.019211,0.000000,-0.850848,0.370883,-0.283616,-0.327249,0.567232,1.570796,-1.832595,0.959931,-1.352630,0.523599,0.676315,-0.198468,-0.449147,-0.160161,-0.245685,0.628482,0.127089,0.367254,0.237790,-0.182862,-0.031529,-1.127984,-0.010310,0.093986,-0.779456,-0.403303,-0.059459,0.649243,0.057392,0.344789,0.107314,-0.252651,0.049388,-1.220992,0.262297
1789158652.835320,0.005234,0.000352,0.001299,0.182750,0.206496,0.037813,0.027691,-0.002471,-0.999613,0.000000,0.000000,0.000000,-0.136624,0.008268,0.419332,-0.247408,0.267470,-0.009151,0.106876,0.062135,-0.070172,0.040089,-0.310184,-0.011016,1.592613,-1.461713,-0.130900,1.636246,-1.810779,1.199914,0.327249,-0.349066,0.785399,-1.352630,1.003564,0.370883,0.093986,-0.779456,-0.403303,-0.059459,0.649243,0.057392,0.344789,0.107314,-0.252651,0.049388,-1.220992,0.262297,0.506630,-1.146264,-0.671031,0.369649,0.651925,0.006770,0.328694,-0.018241,-0.209881,-0.028376,-1.274751,0.512079
1789158652.855480,0.001844,-0.002227,-0.000346,-0.028172,0.210091,0.134619,0.023621,-0.002839,-0.999717,0.000000,0.000000,0.000000,-0.096988,-0.039251,0.419174,-0.193832,0.220011,0.010402,0.103372,0.054720,-0.055579,0.010089,-0.291610,0.003443,1.788963,-2.159845,0.196350,2.312561,-2.159845,0.610865,-0.305433,-0.829031,0.589049,-0.785398,0.152716,2.508911,0.506630,-1.146264,-0.671031,0.369649,0.651925,0.006770,0.328694,-0.018241,-0.209881,-0.028376,-1.274751,0.512079,0.841786,-1.301351,-0.924777,0.689531,0.637040,0.066965,0.444871,0.024189,-0.165498,-0.194473,-1.258344,0.465310
1789158652.875846,-0.003664,-0.004696,-0.006808,0.293138,0.272143,0.141543,0.019346,0.004440,-0.999803,0.000000,0.000000,0.000000,-0.054070,-0.098783,0.421563,-0.134065,0.189874,0.016127,0.095548,0.041906,-0.060570,0.013822,-0.301548,0.059231,2.028945,-2.530727,0.043633,2.879793,-1.243547,0.021817,-0.523599,-1.156280,-0.261799,-0.174533,-0.458149,3.730642,0.841786,-1.301351,-0.924777,0.689531,0.637040,0.066965,0.444871,0.024189,-0.165498,-0.194473,-1.258344,0.465310,0.971439,-1.362379,-1.025194,0.805806,0.612026,0.128297,0.540889,0.106198,-0.238997,-0.270702,-1.274897,0.365963
1789158652.895764,-0.008413,-0.005110,-0.009204,0.559987,0.445515,0.119838,0.010790,0.016743,-0.999802,0.000000,0.000000,0.000000,0.004955,-0.165430,0.427904,-0.066011,0.177526,0.013329,0.090535,0.025876,-0.056182,-0.000225,-0.312140,0.101618,2.356195,-2.836160,0.239983,2.923426,-0.392699,-0.436332,-0.087267,-0.370882,0.218166,-0.676315,-0.239983,0.589049,0.971439,-1.362379,-1.025194,0.805806,0.612026,0.128297,0.540889,0.106198,-0.238997,-0.270702,-1.274897,0.365963,0.978971,-1.504469,-1.030293,0.769665,0.566555,0.045475,0.479932,0.136718,-0.540326,-0.266511,-1.433513,0.497454
1789158652.915818,-0.015606,-0.005556,-0.006465,0.464513,0.427672,0.038612,0.002417,0.025906,-0.999661,0.000000,0.000000,0.000000,0.076167,-0.226975,0.425092,0.006311,0.174308,0.017515,0.098935,0.021196,-0.048720,-0.031808,-0.312347,0.102428,3.097960,-2.683444,-0.654499,2.727077,-0.021817,0.152716,0.807215,0.305433,0.436332,-0.894481,0.130900,-0.981747,0.978971,-1.504469,-1.030293,0.769665,0.566555,0.045475,0.479932,0.136718,-0.540326,-0.266511,-1.433513,0.497454,1.001164,-1.545203,-0.871353,0.734436,0.462315,-0.006373,0.384207,0.164177,-0.803966,-0.218651,-1.453312,0.346451
1789158652.935406,-0.019163,-0.006267,-0.001569,0.130020,0.253501,0.011447,-0.002429,0.028338,-0.999595,0.000000,0.000000,0.000000,0.142613,-0.276002,0.416082,0.068505,0.172761,0.026795,0.113146,0.026189,-0.054785,-0.054819,-0.316457,0.100216,2.945244,-2.028945,-0.283616,2.770710,0.000000,0.327249,0.501782,0.392699,-0.370882,-0.567232,-0.414516,1.374447,1.001164,-1.545203,-0.871353,0.734436,0.462315,-0.006373,0.384207,0.164177,-0.803966,-0.218651,-1.453312,0.346451,0.888273,-1.405511,-0.703526,0.639130,0.535303,0.023733,0.397873,0.247017,-0.715035,-0.221080,-1.366629,0.129529
1789158652.955357,-0.020660,-0.007422,0.003905,-0.160664,0.045108,0.039277,-0.002497,0.024684,-0.999692,0.000000,0.000000,0.000000,0.181891,-0.317061,0.408530,0.104889,0.165698,0.021916,0.118046,0.031766,-0.096000,-0.060327,-0.343395,0.107557,1.614430,-1.701696,-0.654499,1.461713,-0.523599,-0.545415,-0.283616,0.458149,-2.552544,-0.196350,-0.719949,-1.265364,0.888273,-1.405511,-0.703526,0.639130,0.535303,0.023733,0.397873,0.247017,-0.715035,-0.221080,-1.366629,0.129529,0.569466,-0.972862,-0.367599,0.169951,0.445784,0.112594,0.304054,0.449133,-0.907083,0.425458,-1.268123,-0.283661
1789158652.976284,-0.020676,-0.009868,0.008917,-0.261598,-0.039846,-0.010124,-0.001586,0.018822,-0.999822,0.000000,0.000000,0.000000,0.205483,-0.343481,0.393420,0.127707,0.148608,0.012167,0.106713,0.040305,-0.155706,-0.055495,-0.354559,0.081402,0.763582,-1.047198,-0.545415,0.938114,-0.872665,-0.261799,-0.567232,0.545415,-2.792527,0.065450,-0.152716,-2.596178,0.569466,-0.972862,-0.367599,0.169951,0.445784,0.112594,0.304054,0.449133,-0.907083,0.425458,-1.268123,-0.283661,0.122925,-0.472219,-0.041153,-0.223299,0.657245,-0.109331,0.142421,0.691671,-0.688857,0.793508,-1.071886,-0.650056
1789158652.996148,-0.019367,-0.011589,0.009433,-0.216191,-0.039314,0.003724,-0.000293,0.014476,-0.999895,0.000000,0.000000,0.000000,0.210631,-0.349235,0.388852,0.138026,0.134160,0.009800,0.101204,0.055874,-0.171679,-0.054521,-0.344197,0.038123,0.130900,-0.218166,-0.021817,0.436332,-0.458149,0.218166,0.000000,1.614430,-0.218166,0.349066,0.567232,-3.359759,0.122925,-0.472219,-0.041153,-0.223299,0.657245,-0.109331,0.142421,0.691671,-0.688857,0.793508,-1.071886,-0.650056,-0.317413,-0.037827,0.337254,-0.637748,0.861642,-0.283144,0.126368,0.771476,-0.464256,0.856076,-1.118076,-0.734462
1789158653.016025,-0.016083,-0.013779,0.006548,-0.571457,-0.192046,-0.075372,0.003677,0.002525,-0.999990,0.000000,0.000000,0.000000,0.193808,-0.327067,0.389861,0.115912,0.132155,0.014875,0.090535,0.086428,-0.200731,0.036770,-0.324545,-0.043771,-0.589049,0.981748,0.021817,-0.850848,0.152716,0.501782,-0.894481,2.487094,-1.461713,5.105089,0.938115,-4.472406,-0.317413,-0.037827,0.337254,-0.637748,0.861642,-0.283144,0.126368,0.771476,-0.464256,0.856076,-1.118076,-0.734462,-0.326014,0.249904,0.684513,-0.561318,0.767066,-0.114229,-0.317227,0.642741,-0.603029,0.309152,-0.915184,-0.757130
1789158653.036119,-0.006888,-0.016658,-0.001678,-0.602749,-0.358893,-0.058061,0.010875,-0.009520,-0.999896,0.000000,0.000000,0.000000,0.149850,-0.276024,0.389515,0.064935,0.137948,0.004556,0.067554,0.125725,-0.187191,0.143841,-0.287795,-0.125289,-2.247112,2.574361,-0.000000,-2.530728,0.239983,-0.392699,-1.003564,2.203478,0.981748,3.381576,0.654499,-2.770710,-0.326014,0.249904,0.684513,-0.561318,0.767066,-0.114229,-0.317227,0.642741,-0.603029,0.309152,-0.915184,-0.757130,-0.497245,0.483644,0.714526,-0.767977,0.752961,-0.002567,-0.258187,0.493835,-0.690377,0.233391,-0.882337,-0.586517
1789158653.056340,0.000312,-0.017568,-0.007103,-0.353078,-0.393780,-0.087356,0.019394,-0.016666,-0.999673,0.000000,0.000000,0.000000,0.082958,-0.204127,0.399509,-0.001930,0.160784,-0.018123,0.050352,0.153642,-0.148300,0.187005,-0.283743,-0.161510,-2.945244,3.228859,0.719948,-3.054327,1.112648,-1.047198,-1.265364,0.632682,1.985312,1.156281,0.763582,-1.178098,-0.497245,0.483644,0.714526,-0.767977,0.752961,-0.002567,-0.258187,0.493835,-0.690377,0.233391,-0.882337,-0.586517,-0.814769,0.598842,0.701769,-1.108304,0.992662,-0.201631,-0.161894,0.575765,-0.696864,0.462494,-0.900827,-0.375663
1789158653.076059,0.008420,-0.017438,-0.011197,-0.270253,-0.457430,-0.098941,0.031194,-0.022088,-0.999269,0.000000,0.000000,0.000000,0.030742,-0.119471,0.421724,-0.056224,0.184270,-0.021493,0.003831,0.157935,-0.145913,0.122965,-0.246275,-0.167907,-2.181662,3.992441,1.483530,-2.290745,1.570796,-0.000000,-2.268928,-0.981748,-0.196349,-3.250675,0.938115,1.330813,-0.814769,0.598842,0.701769,-1.108304,0.992662,-0.201631,-0.161894,0.575765,-0.696864,0.462494,-0.900827,-0.375663,-0.845110,0.127583,0.345315,-1.237772,1.039975,-0.158089,0.367596,0.361849,-0.300391,0.431452,-1.401443,-0.122033
1789158653.096751,0.011165,-0.017383,-0.010482,-0.354143,-0.243711,-0.033826,0.036636,-0.025037,-0.999015,0.000000,0.000000,0.000000,-0.012763,-0.039030,0.437296,-0.114400,0.195388,-0.015748,-0.028739,0.144378,-0.159713,0.079157,-0.232945,-0.143244,-1.788963,3.272493,0.065450,-2.159845,0.239983,0.545415,-0.894481,-0.261799,-0.589049,-1.047197,0.349066,2.290745,-0.845110,0.127583,0.345315,-1.237772,1.039975,-0.158089,0.367596,0.361849,-0.300391,0.431452,-1.401443,-0.122033,-0.562490,-0.203082,0.013560,-0.838693,1.008774,-0.111089,0.478298,0.231713,-0.196189,0.292814,-1.485538,0.038417
1789158653.116094,0.012501,-0.016575,-0.007761,-0.372918,-0.213484,0.077494,0.041002,-0.032629,-0.998626,0.000000,0.000000,0.000000,-0.063871,0.016068,0.414418,-0.166092,0.209888,-0.023651,-0.031610,0.134007,-0.168199,0.103270,-0.230652,-0.099223,-2.356195,2.050762,-1.265364,-1.876229,0.698132,-0.523599,0.785398,-1.047197,-0.349066,0.589049,-0.174533,3.316126,-0.562490,-0.203082,0.013560,-0.838693,1.008774,-0.111089,0.478298,0.231713,-0.196189,0.292814,-1.485538,0.038417,-0.205307,-0.497585,-0.302678,-0.357455,0.851577,-0.048545,0.445436,0.192664,-0.163037,0.170823,-1.357084,0.118903
1789158653.136203,0.013351,-0.014181,-0.002641,-0.356407,-0.057024,0.072168,0.042227,-0.039356,-0.998333,0.000000,0.000000,0.000000,-0.107646,0.019771,0.405438,-0.211089,0.226608,-0.030408,0.017859,0.117571,-0.124991,0.103957,-0.307981,-0.045074,-2.028946,0.523599,-0.239983,-2.028946,0.741765,-0.370883,2.901610,-1.461713,3.447026,-0.000000,-2.836160,2.792527,-0.205307,-0.497585,-0.302678,-0.357455,0.851577,-0.048545,0.445436,0.192664,-0.163037,0.170823,-1.357084,0.118903,0.067146,-0.801796,-0.507080,0.004100,0.784730,-0.004638,0.483726,0.365372,-0.291532,-0.053670,-1.309977,0.234112
1789158653.156380,0.012213,-0.012170,0.000328,0.082749,0.140849,0.061914,0.039673,-0.037466,-0.998510,0.000000,0.000000,0.000000,-0.120717,0.002171,0.392833,-0.224389,0.243616,-0.029388,0.069035,0.089717,-0.076916,0.083150,-0.346174,-0.004048,-0.523599,-0.807215,-0.850848,-0.807215,0.872665,-0.327249,2.094396,-1.461713,1.810779,-0.719949,-0.698132,1.767146,0.067146,-0.801796,-0.507080,0.004100,0.784730,-0.004638,0.483726,0.365372,-0.291532,-0.053670,-1.309977,0.234112,0.342846,-1.090418,-0.703983,0.213649,0.784075,-0.053177,0.368306,0.320506,-0.362251,-0.107392,-1.283103,0.400187
1789158653.176089,0.009080,-0.009900,0.001834,0.480758,0.285858,0.081489,0.034017,-0.027621,-0.999040,0.000000,0.000000,0.000000,-0.100370,-0.035373,0.397060,-0.207383,0.240513,-0.024850,0.093906,0.071966,-0.052585,0.056247,-0.338072,0.022388,1.003564,-1.461713,0.894481,1.374447,-0.327249,0.021817,1.069014,-0.065450,0.850848,-1.025381,0.196349,1.723513,0.342846,-1.090418,-0.703983,0.213649,0.784075,-0.053177,0.368306,0.320506,-0.362251,-0.107392,-1.283103,0.400187,0.726523,-1.395622,-0.976809,0.523012,0.844149,-0.091840,0.337017,0.207379,-0.416342,-0.199364,-1.320261,0.599664
1789158653.196361,0.002615,-0.006626,0.000717,0.499533,0.430867,0.192143,0.025785,-0.017657,-0.999512,0.000000,0.000000,0.000000,-0.054427,-0.088786,0.412256,-0.153256,0.225315,-0.013863,0.107809,0.077865,-0.063272,0.011498,-0.329465,0.050832,2.225295,-2.356194,0.479966,2.945244,-0.741765,0.370883,0.479966,0.523599,-0.610865,-1.439897,0.305432,1.985312,0.726523,-1.395622,-0.976809,0.523012,0.844149,-0.091840,0.337017,0.207379,-0.416342,-0.199364,-1.320261,0.599664,1.034760,-1.568353,-1.176323,0.834467,0.782050,-0.060229,0.322081,0.101079,-0.393206,-0.343644,-1.413778,0.674247
1789158653.216165,-0.003608,-0.003744,-0.002617,0.365976,0.388257,0.166177,0.019949,-0.010421,-0.999747,0.000000,0.000000,0.000000,-0.001541,-0.157181,0.427143,-0.091302,0.212670,-0.011422,0.104490,0.078825,-0.078604,-0.012892,-0.322830,0.093314,2.203479,-3.185226,0.938115,2.639811,-0.567232,-0.174533,-0.610865,-0.632682,-0.763581,-0.894482,0.109083,2.923426,1.034760,-1.568353,-1.176323,0.834467,0.782050,-0.060229,0.322081,0.101079,-0.393206,-0.343644,-1.413778,0.674247,1.094159,-1.548611,-1.194319,0.896785,0.735997,0.040852,0.493937,0.240395,-0.441104,-0.365091,-1.440366,0.516085
1789158653.234245,-0.008443,-0.001244,-0.004136,0.757594,0.416087,0.127295,0.012052,0.004798,-0.999916,0.000000,0.000000,0.000000,0.057577,-0.229999,0.435449,-0.021988,0.208148,-0.012279,0.097146,0.067205,-0.094325,-0.035838,-0.328243,0.133800,2.181662,-3.032510,-0.109083,3.141593,-0.021817,-0.349066,-0.327249,-1.069014,-0.698131,-0.894482,-0.392699,1.701696,1.094159,-1.548611,-1.194319,0.896785,0.735997,0.040852,0.493937,0.240395,-0.441104,-0.365091,-1.440366,0.516085,1.035461,-1.583975,-1.132171,0.909404,0.613961,0.019476,0.481974,0.252810,-0.540684,-0.324704,-1.515318,0.467333
1789158653.254780,-0.016665,0.002655,-0.001455,0.813786,0.356033,0.021168,0.004886,0.020800,-0.999772,0.000000,0.000000,0.000000,0.125514,-0.291047,0.421806,0.045210,0.206397,-0.011223,0.091744,0.054128,-0.096581,-0.067251,-0.344041,0.148900,2.901610,-2.530727,-0.807215,3.076143,-0.021817,-0.065450,-0.196350,-0.109083,0.065450,-0.850848,-0.501782,-1.090831,1.035461,-1.583975,-1.132171,0.909404,0.613961,0.019476,0.481974,0.252810,-0.540684,-0.324704,-1.515318,0.467333,0.966538,-1.517297,-0.832794,0.697152,0.374637,-0.034180,0.394958,0.197558,-0.917277,-0.078535,-1.468680,0.249992
1789158653.275320,-0.020685,0.005290,0.004437,0.509920,0.261757,0.007186,-0.000170,0.030693,-0.999529,0.000000,0.000000,0.000000,0.183549,-0.332548,0.409957,0.099492,0.201914,-0.003503,0.101812,0.054998,-0.103502,-0.080399,-0.356038,0.130907,2.465278,-1.679879,-0.567232,1.963496,-0.218166,0.719948,0.676315,0.327249,-0.327249,-0.196350,-0.676315,-0.850848,0.966538,-1.517297,-0.832794,0.697152,0.374637,-0.034180,0.394958,0.197558,-0.917277,-0.078535,-1.468680,0.249992,0.693887,-1.194582,-0.460138,0.300526,0.404032,-0.040036,0.374499,0.311586,-0.973301,0.269742,-1.230268,-0.106368
1789158653.294837,-0.023106,0.007132,0.009932,0.117902,0.048837,0.019171,-0.000838,0.032997,-0.999455,0.000000,0.000000,0.000000,0.216724,-0.361692,0.395331,0.137216,0.186476,0.000069,0.109999,0.057169,-0.119944,-0.077044,-0.367459,0.109709,1.069014,-1.156281,-0.829032,1.636246,-0.981748,0.109083,0.021817,-0.283616,-0.719948,0.152716,-0.109083,-2.617994,0.693887,-1.194582,-0.460138,0.300526,0.404032,-0.040036,0.374499,0.311586,-0.973301,0.269742,-1.230268,-0.106368,0.288403,-0.657346,-0.097222,-0.117223,0.575880,-0.111777,0.281205,0.619048,-0.666290,0.719751,-1.011762,-0.443549
1789158653.314172,-0.024063,0.008194,0.013498,0.057981,-0.140514,0.014244,0.002481,0.030815,-0.999522,0.000000,0.000000,0.000000,0.225666,-0.373097,0.381273,0.147991,0.154635,-0.005115,0.103994,0.055797,-0.174411,-0.037676,-0.361565,0.065735,0.218167,-0.283616,-0.436332,0.610866,-1.636246,-0.021817,-0.349066,-0.021817,-3.512475,1.461713,0.916298,-3.599742,0.288403,-0.657346,-0.097222,-0.117223,0.575880,-0.111777,0.281205,0.619048,-0.666290,0.719751,-1.011762,-0.443549,-0.076151,-0.151836,0.174351,-0.435199,0.791047,-0.216263,0.052688,0.824700,-0.567045,0.858882,-0.941360,-0.756973
1789158653.334150,-0.021028,0.008395,0.013031,-0.197149,-0.144642,-0.035291,0.005934,0.026033,-0.999643,0.000000,0.000000,0.000000,0.208471,-0.356865,0.367793,0.129141,0.122856,-0.009012,0.097661,0.076400,-0.218552,0.031368,-0.320564,-0.010001,-1.265364,0.850848,-0.698132,-0.763581,-1.156281,0.305433,-0.021817,2.334378,-1.308997,2.857977,2.312561,-4.668756,-0.076151,-0.151836,0.174351,-0.435199,0.791047,-0.216263,0.052688,0.824700,-0.567045,0.858882,-0.941360,-0.756973,-0.311488,0.263015,0.539219,-0.592044,0.812024,-0.121864,-0.058165,0.801711,-0.533606,0.564116,-0.928734,-0.866557
1789158653.354168,-0.016649,0.007983,0.009283,-0.305673,-0.232127,-0.096544,0.010837,0.019125,-0.999758,0.000000,0.000000,0.000000,0.166218,-0.307770,0.357387,0.082827,0.121206,-0.013443,0.083115,0.116698,-0.192067,0.128419,-0.273473,-0.096499,-2.508911,2.508911,-0.523599,-1.985312,0.043633,-0.196350,-1.548980,2.770710,1.767146,3.839725,1.701696,-5.170538,-0.311488,0.263015,0.539219,-0.592044,0.812024,-0.121864,-0.058165,0.801711,-0.533606,0.564116,-0.928734,-0.866557,-0.427485,0.536162,0.734268,-0.689168,0.843011,0.039737,-0.174732,0.674119,-0.607976,0.267260,-0.782012,-0.717760
1789158653.374188,-0.007461,0.007545,0.000924,-0.244154,-0.373407,-0.124107,0.018607,0.014262,-0.999725,0.000000,0.000000,0.000000,0.106820,-0.231684,0.352140,0.020601,0.145960,-0.022410,0.054437,0.157348,-0.161791,0.181387,-0.249537,-0.162922,-3.141593,3.861541,-0.152716,-2.748893,1.396264,-0.174533,-1.919863,1.592613,1.330813,0.938115,0.545415,-2.857977,-0.427485,0.536162,0.734268,-0.689168,0.843011,0.039737,-0.174732,0.674119,-0.607976,0.267260,-0.782012,-0.717760,-0.762958,0.732447,0.692718,-1.015466,1.038122,-0.098267,-0.076866,0.606218,-0.654541,0.452598,-0.916961,-0.519795
1789158653.394398,-0.001459,0.007661,-0.004610,-0.202742,-0.387522,-0.119047,0.026882,0.010615,-0.999582,0.000000,0.000000,0.000000,0.048185,-0.139250,0.352961,-0.038356,0.173661,-0.024463,0.021167,0.177678,-0.144206,0.151209,-0.236106,-0.185718,-2.683444,4.057891,0.327249,-2.879793,1.199914,-0.087267,-1.810779,0.065450,0.610865,-1.243547,1.461713,0.850848,-0.762958,0.732447,0.692718,-1.015466,1.038122,-0.098267,-0.076866,0.606218,-0.654541,0.452598,-0.916961,-0.519795,-0.842897,0.311697,0.510665,-1.250386,1.132510,-0.278307,0.246470,0.443339,-0.403910,0.398110,-1.274256,-0.259975
1789158653.414349,0.004820,0.007587,-0.007764,-0.157602,-0.323473,-0.024239,0.033539,0.008077,-0.999405,0.000000,0.000000,0.000000,-0.028432,-0.007671,0.376534,-0.128047,0.210583,-0.013119,-0.010151,0.165835,-0.151597,0.102959,-0.223548,-0.148870,-2.552544,3.992441,0.785398,-3.447025,1.570796,-0.239983,-0.349066,-0.545415,-0.741765,1.047198,-0.632682,1.287180,-0.842897,0.311697,0.510665,-1.250386,1.132510,-0.278307,0.246470,0.443339,-0.403910,0.398110,-1.274256,-0.259975,-0.613042,-0.000245,0.327408,-1.077100,1.113150,-0.180582,0.360177,0.312225,-0.415010,0.142837,-1.411747,-0.008529
1789158653.434263,0.008003,0.007630,-0.006485,-0.290227,-0.283792,0.146337,0.039351,0.002763,-0.999222,0.000000,0.000000,0.000000,-0.078491,0.027732,0.396684,-0.180475,0.234628,-0.023512,0.007264,0.144995,-0.143473,0.102965,-0.271370,-0.096733,-2.334378,0.763582,0.938115,-2.814343,1.156281,-0.654499,1.287180,-1.003564,2.487094,-0.130900,-3.534292,2.072578,-0.613042,-0.000245,0.327408,-1.077100,1.113150,-0.180582,0.360177,0.312225,-0.415010,0.142837,-1.411747,-0.008529,-0.359570,-0.232031,-0.007315,-0.691603,0.953165,-0.036249,0.366745,0.397367,-0.343715,-0.078892,-1.294564,0.098456
1789158653.454171,0.010693,0.007570,-0.003171,-0.454278,-0.253166,0.167908,0.044656,-0.005492,-0.998987,0.000000,0.000000,0.000000,-0.110152,0.025992,0.413794,-0.219736,0.256052,-0.038974,0.043856,0.117484,-0.115501,0.070493,-0.320119,-0.038036,-1.069014,-0.698132,0.938115,-1.548980,0.894481,-0.305433,1.788963,-1.308997,0.785398,-2.356195,-1.941679,2.225295,-0.359570,-0.232031,-0.007315,-0.691603,0.953165,-0.036249,0.366745,0.397367,-0.343715,-0.078892,-1.294564,0.098456,-0.200802,-0.358311,-0.223897,-0.368429,0.767228,0.169348,0.386855,0.408317,-0.181229,-0.074065,-1.388954,0.110132
1789158653.474485,0.012446,0.006665,0.002554,-0.338830,-0.018408,0.048998,0.045209,-0.012328,-0.998901,0.000000,0.000000,0.000000,-0.113774,0.007988,0.433033,-0.231749,0.261836,-0.035282,0.066420,0.103682,-0.102515,0.020921,-0.323201,0.001171,0.370883,-1.374447,0.850848,0.654499,-0.698132,0.632682,0.785398,-0.589049,1.112647,-2.552544,0.349066,1.439897,-0.200802,-0.358311,-0.223897,-0.368429,0.767228,0.169348,0.386855,0.408317,-0.181229,-0.074065,-1.388954,0.110132,0.026297,-0.637006,-0.366282,-0.018462,0.744851,0.166529,0.398350,0.280725,-0.167944,-0.006733,-1.424207,0.215300
1789158653.494277,0.011750,0.004996,0.004599,0.038540,0.211423,0.062580,0.041119,-0.011107,-0.999092,0.000000,0.000000,0.000000,-0.096577,-0.020521,0.425937,-0.210939,0.244353,-0.013399,0.081923,0.103478,-0.080436,-0.004722,-0.334431,0.017209,1.374447,-1.745329,-1.025381,1.832596,-1.658063,0.916298,0.654498,-0.000000,2.203478,-0.850848,-0.523599,0.479966,0.026297,-0.637006,-0.366282,-0.018462,0.744851,0.166529,0.398350,0.280725,-0.167944,-0.006733,-1.424207,0.215300,0.451443,-1.101773,-0.619976,0.358742,0.699637,0.047866,0.297829,0.111126,-0.316492,-0.090449,-1.409722,0.534769
1789158653.514362,0.008643,0.002024,0.002248,-0.087960,0.381599,0.076162,0.033924,-0.012726,-0.999343,0.000000,0.000000,0.000000,-0.061269,-0.060290,0.407870,-0.165146,0.220417,0.010683,0.088054,0.095059,-0.056716,-0.003836,-0.346018,0.040270,1.832596,-2.530727,-0.589049,3.337943,-0.938115,1.069014,0.218166,-0.610865,0.829031,0.589048,-0.610866,0.981748,0.451443,-1.101773,-0.619976,0.358742,0.699637,0.047866,0.297829,0.111126,-0.316492,-0.090449,-1.409722,0.534769,0.719874,-1.365190,-0.730169,0.584309,0.648977,0.007263,0.364503,0.055768,-0.538361,-0.190751,-1.399096,0.566884
1789158653.534202,0.005506,0.000637,-0.002460,0.268904,0.409962,0.178960,0.028396,-0.005166,-0.999583,0.000000,0.000000,0.000000,-0.013052,-0.121412,0.398991,-0.098791,0.203190,0.023301,0.087050,0.069269,-0.058219,-0.010613,-0.347731,0.094879,2.617994,-3.534292,-0.414516,3.490659,-0.610865,0.436332,-0.021817,-1.352630,-1.527163,-0.501782,0.130900,2.465277,0.719874,-1.365190,-0.730169,0.584309,0.648977,0.007263,0.364503,0.055768,-0.538361,-0.190751,-1.399096,0.566884,0.883805,-1.375701,-0.849507,0.738010,0.509658,0.091584,0.419893,0.048647,-0.409142,-0.247480,-1.436780,0.397294
1789158653.554108,0.001037,-0.000031,-0.006295,0.412714,0.412492,0.188681,0.020158,0.003009,-0.999792,0.000000,0.000000,0.000000,0.041863,-0.188967,0.395920,-0.027488,0.188693,0.018038,0.083873,0.045205,-0.086349,-0.028524,-0.348955,0.122965,3.010693,-3.599742,0.109083,3.599742,-0.719949,-0.283616,-0.174533,-1.090831,-2.748894,-1.090831,0.000000,1.003564,0.883805,-1.375701,-0.849507,0.738010,0.509658,0.091584,0.419893,0.048647,-0.409142,-0.247480,-1.436780,0.397294,0.865258,-1.354019,-0.807605,0.671945,0.365800,0.240134,0.503509,0.120265,-0.532343,-0.191195,-1.625639,0.262700
1789158653.574378,-0.004252,-0.000090,-0.006449,0.446803,0.347377,0.145937,0.013198,0.011751,-0.999844,0.000000,0.000000,0.000000,0.104832,-0.251295,0.405187,0.034454,0.170970,0.016497,0.089352,0.032410,-0.109082,-0.047404,-0.354156,0.108018,3.250676,-2.836160,0.349066,3.316126,-1.396264,0.065450,0.545415,-0.501782,0.785398,-0.938115,-0.349066,-0.545416,0.865258,-1.354019,-0.807605,0.671945,0.365800,0.240134,0.503509,0.120265,-0.532343,-0.191195,-1.625639,0.262700,0.837568,-1.392397,-0.724752,0.572090,0.364313,0.096744,0.419481,0.182803,-0.795990,-0.137447,-1.537645,0.218566
1789158653.594149,-0.010479,0.000949,0.000337,0.263311,0.202102,0.060583,0.009152,0.016864,-0.999816,0.000000,0.000000,0.000000,0.152026,-0.293491,0.411735,0.079151,0.147972,0.027447,0.102524,0.029034,-0.112226,-0.049804,-0.380832,0.081075,1.985312,-1.679880,0.414516,1.614430,-1.243547,0.414516,0.698132,-0.021817,-1.330814,0.239983,-1.548980,-0.916298,0.837568,-1.392397,-0.724752,0.572090,0.364313,0.096744,0.419481,0.182803,-0.795990,-0.137447,-1.537645,0.218566,0.546022,-1.033612,-0.320703,0.134142,0.346081,0.111526,0.355524,0.324617,-1.106232,0.321670,-1.223288,-0.157692
1789158653.614154,-0.011637,0.000983,0.003079,-0.181437,0.049902,0.029557,0.009264,0.010845,-0.999898,0.000000,0.000000,0.000000,0.173677,-0.315196,0.418618,0.099460,0.123104,0.035260,0.106151,0.034480,-0.137509,-0.040095,-0.382771,0.065067,0.719949,-0.981748,0.043633,0.610866,-0.938115,-0.109083,0.130900,0.327249,-3.010693,0.654499,0.261799,-0.545416,0.546022,-1.033612,-0.320703,0.134142,0.346081,0.111526,0.355524,0.324617,-1.106232,0.321670,-1.223288,-0.157692,0.135659,-0.560724,-0.004478,-0.256971,0.509363,-0.025403,0.173351,0.522297,-0.871271,0.638040,-1.057810,-0.550073
1789158653.634247,-0.011455,0.001821,0.010689,-0.138560,-0.152099,0.051927,0.012847,0.005390,-0.999903,0.000000,0.000000,0.000000,0.168457,-0.314827,0.417778,0.088530,0.104860,0.028529,0.098229,0.052918,-0.195361,0.006352,-0.342697,0.007695,-0.741765,0.414516,-0.065450,-1.614429,-0.938115,-0.523599,-0.632682,1.112647,-4.254241,4.494223,2.530728,-2.945244,0.135659,-0.560724,-0.004478,-0.256971,0.509363,-0.025403,0.173351,0.522297,-0.871271,0.638040,-1.057810,-0.550073,-0.078299,-0.030220,0.351181,-0.407370,0.593843,0.002048,-0.074985,0.770249,-0.827436,0.443760,-0.986310,-0.830360
1789158653.654151,-0.009320,0.001978,0.010261,-0.361866,-0.228531,-0.101737,0.017905,-0.002792,-0.999836,0.000000,0.000000,0.000000,0.141320,-0.287816,0.415362,0.054591,0.099548,0.019489,0.082600,0.084642,-0.235659,0.093952,-0.295327,-0.077968,-1.745329,2.378011,-0.327249,-2.421644,0.349066,-0.545415,-0.785398,1.505347,0.807214,4.297874,2.050762,-3.730642,-0.078299,-0.030220,0.351181,-0.407370,0.593843,0.002048,-0.074985,0.770249,-0.827436,0.443760,-0.986310,-0.830360,-0.331752,0.325057,0.602008,-0.587255,0.655286,0.118388,-0.102574,0.749108,-0.757130,0.272207,-0.832485,-0.720147
1789158653.674078,-0.003960,0.002373,0.004870,-0.295154,-0.277001,-0.088288,0.023848,-0.009154,-0.999674,0.000000,0.000000,0.000000,0.099612,-0.226167,0.407598,0.015643,0.111018,0.017078,0.051053,0.126731,-0.218833,0.111318,-0.265319,-0.157250,-2.378011,3.905175,-0.349066,-2.356194,0.938115,-0.000000,-1.527163,1.941679,0.676315,-0.698132,1.243547,-3.010693,-0.331752,0.325057,0.602008,-0.587255,0.655286,0.118388,-0.102574,0.749108,-0.757130,0.272207,-0.832485,-0.720147,-0.699646,0.571315,0.595322,-1.054866,1.011603,-0.118583,0.030328,0.696913,-0.748139,0.612471,-1.085034,-0.581813
1789158653.694108,0.000655,0.003282,-0.000877,-0.128973,-0.333593,-0.137956,0.031063,-0.011729,-0.999449,0.000000,0.000000,0.000000,0.050475,-0.145681,0.406924,-0.037489,0.131675,0.018573,0.014464,0.155772,-0.205729,0.087818,-0.234478,-0.169358,-2.530728,4.559673,0.305433,-2.727077,1.156281,0.065450,-1.614430,1.308997,1.025381,-1.723513,1.483530,-0.305433,-0.699646,0.571315,0.595322,-1.054866,1.011603,-0.118583,0.030328,0.696913,-0.748139,0.612471,-1.085034,-0.581813,-0.805981,0.267980,0.483076,-1.236389,1.286630,-0.373574,0.266666,0.618193,-0.500310,0.514651,-1.380492,-0.352117
1789158653.714227,0.005010,0.004933,-0.005368,-0.188494,-0.339585,-0.006662,0.037938,-0.015266,-0.999163,0.000000,0.000000,0.000000,-0.003461,-0.061223,0.412556,-0.098305,0.165736,0.007384,0.007305,0.165257,-0.194480,0.109725,-0.253058,-0.152486,-2.945244,4.036075,0.174533,-3.926991,3.076143,-0.916298,0.000000,0.392699,0.196349,2.988877,-1.461713,0.567232,-0.805981,0.267980,0.483076,-1.236389,1.286630,-0.373574,0.266666,0.618193,-0.500310,0.514651,-1.380492,-0.352117,-0.691850,0.121498,0.473739,-1.092265,1.235836,-0.329125,0.197190,0.530621,-0.612873,0.229083,-1.342379,-0.089549
1789158653.734974,0.010374,0.008550,-0.007273,-0.082367,-0.342914,0.107188,0.044880,-0.016414,-0.998858,0.000000,0.000000,0.000000,-0.059666,-0.015517,0.421449,-0.160908,0.214952,-0.020850,0.026130,0.162969,-0.175606,0.125452,-0.303675,-0.111637,-2.661628,1.461714,0.283616,-3.076143,3.294309,-1.352630,1.308997,-0.196350,2.727077,-0.065450,-2.814344,1.592613,-0.691850,0.121498,0.473739,-1.092265,1.235836,-0.329125,0.197190,0.530621,-0.612873,0.229083,-1.342379,-0.089549,-0.440615,-0.147518,0.160046,-0.850733,1.057650,-0.151641,0.308977,0.493984,-0.380068,-0.035165,-1.225445,0.093470
1789158653.754986,0.012525,0.011418,-0.004373,-0.158400,-0.169276,0.155924,0.048610,-0.019143,-0.998634,0.000000,0.000000,0.000000,-0.100847,0.002225,0.427721,-0.211749,0.260740,-0.051298,0.042997,0.150855,-0.148741,0.091972,-0.322396,-0.056550,-1.527164,0.370883,0.327249,-2.094395,1.767146,-1.003564,0.567232,-0.610865,-0.152716,-2.727077,-0.370883,2.225295,-0.440615,-0.147518,0.160046,-0.850733,1.057650,-0.151641,0.308977,0.493984,-0.380068,-0.035165,-1.225445,0.093470,-0.250698,-0.337012,-0.242211,-0.535161,0.911548,-0.002904,0.256319,0.418349,-0.184612,-0.022968,-1.332899,0.171742
1789158653.775343,0.013384,0.013909,-0.000225,0.106984,-0.056757,0.003857,0.049820,-0.016699,-0.998619,0.000000,0.000000,0.000000,-0.113602,-0.001571,0.423333,-0.234850,0.287370,-0.059103,0.049673,0.139118,-0.137430,0.039814,-0.314684,-0.006928,0.130900,-0.981747,-0.829032,-0.239983,0.065450,0.392699,0.087267,-0.567232,2.574361,-3.403393,0.589049,1.985312,-0.250698,-0.337012,-0.242211,-0.535161,0.911548,-0.002904,0.256319,0.418349,-0.184612,-0.022968,-1.332899,0.171742,-0.035334,-0.586803,-0.388897,-0.068588,0.887315,-0.057323,0.173905,0.376670,-0.067598,-0.035063,-1.345245,0.275273
1789158653.794986,0.011529,0.016198,0.005436,0.284616,0.140716,0.010915,0.047054,-0.010751,-0.998834,0.000000,0.000000,0.000000,-0.098704,-0.018792,0.414151,-0.224743,0.274809,-0.046225,0.061664,0.127187,-0.097347,0.010282,-0.321873,0.024570,1.156281,-1.483530,-0.021817,1.483530,-1.483530,0.829032,0.523599,-0.676315,2.857977,-0.763582,-0.589049,1.199914,-0.035334,-0.586803,-0.388897,-0.068588,0.887315,-0.057323,0.173905,0.376670,-0.067598,-0.035063,-1.345245,0.275273,0.390644,-1.031811,-0.615898,0.303280,0.888636,-0.058749,0.306579,0.221661,-0.260624,-0.090308,-1.308557,0.529967
1789158653.814761,0.007404,0.016033,0.005304,0.009512,0.291984,0.099731,0.041360,-0.010530,-0.999089,0.000000,0.000000,0.000000,-0.072475,-0.051615,0.412714,-0.187298,0.253502,-0.029397,0.059651,0.113609,-0.057734,0.000026,-0.327499,0.051281,1.505347,-2.356194,-0.523599,3.185226,-0.938115,0.850848,-0.174533,-0.719948,2.159845,-0.436333,-0.370883,1.069014,0.390644,-1.031811,-0.615898,0.303280,0.888636,-0.058749,0.306579,0.221661,-0.260624,-0.090308,-1.308557,0.529967,0.707971,-1.303605,-0.811709,0.634894,0.827777,-0.095036,0.369377,0.127738,-0.340989,-0.160656,-1.337344,0.659387
1789158653.834492,0.003624,0.016000,0.001233,0.402328,0.370547,0.213182,0.033786,-0.001389,-0.999428,0.000000,0.000000,0.000000,-0.030020,-0.109301,0.406000,-0.120768,0.238571,-0.017798,0.058195,0.091593,-0.043252,-0.009740,-0.328761,0.098604,2.683444,-3.599742,0.261799,3.752458,-0.283616,0.632682,0.021817,-1.090831,-1.636246,-0.589049,0.065450,2.203478,0.707971,-1.303605,-0.811709,0.634894,0.827777,-0.095036,0.369377,0.127738,-0.340989,-0.160656,-1.337344,0.659387,0.915969,-1.350052,-0.922774,0.799554,0.640565,0.082573,0.497260,0.061577,-0.288702,-0.264540,-1.440467,0.511424
1789158653.854266,-0.000736,0.016548,-0.002499,0.754132,0.407298,0.185485,0.026112,0.014110,-0.999559,0.000000,0.000000,0.000000,0.027552,-0.175070,0.423123,-0.045951,0.230494,-0.017177,0.070862,0.068219,-0.062667,-0.023675,-0.331169,0.138174,3.250676,-3.577925,0.763582,4.559673,-0.479966,0.239983,0.763582,-1.134464,-1.112647,-0.763582,-0.109083,1.570796,0.915969,-1.350052,-0.922774,0.799554,0.640565,0.082573,0.497260,0.061577,-0.288702,-0.264540,-1.440467,0.511424,0.971351,-1.409317,-0.956354,0.895402,0.523860,0.154502,0.500319,0.049225,-0.414426,-0.327089,-1.505593,0.436865
1789158653.874497,-0.007717,0.017231,-0.003831,0.477696,0.405701,0.152861,0.017849,0.023089,-0.999574,0.000000,0.000000,0.000000,0.093460,-0.237635,0.427522,0.025567,0.214137,-0.009107,0.089246,0.046929,-0.073613,-0.047169,-0.346236,0.132047,3.512475,-3.010693,-0.000000,3.294309,-1.483530,0.589049,0.894481,-0.959931,0.305433,-1.352630,-0.981748,-0.305433,0.971351,-1.409317,-0.956354,0.895402,0.523860,0.154502,0.500319,0.049225,-0.414426,-0.327089,-1.505593,0.436865,0.971152,-1.482455,-0.933205,0.836452,0.425036,0.153074,0.472677,0.151391,-0.674013,-0.352480,-1.550323,0.366086
1789158653.894498,-0.011618,0.017184,-0.001421,0.372634,0.329135,0.056189,0.011227,0.030305,-0.999478,0.000000,0.000000,0.000000,0.148868,-0.285830,0.417352,0.083970,0.186378,0.010577,0.105477,0.030444,-0.081407,-0.065151,-0.362454,0.117250,2.639811,-2.028945,-0.589049,2.487095,-1.570796,0.741765,0.741765,-0.698132,-1.483530,-0.872665,-0.741765,-0.501782,0.971152,-1.482455,-0.933205,0.836452,0.425036,0.153074,0.472677,0.151391,-0.674013,-0.352480,-1.550323,0.366086,0.856577,-1.329996,-0.607704,0.548804,0.298111,0.165652,0.437705,0.240657,-1.048766,-0.094960,-1.435610,-0.030434
1789158653.914263,-0.015211,0.016284,0.005248,0.105519,0.134324,0.054324,0.008686,0.031730,-0.999459,0.000000,0.000000,0.000000,0.184154,-0.318157,0.409752,0.120461,0.157141,0.025609,0.112693,0.029126,-0.110647,-0.075904,-0.374454,0.100233,1.418080,-1.461713,-0.458149,1.636246,-1.418080,0.501782,0.414516,-0.000000,-3.076143,-0.545416,-0.501782,-0.567232,0.856577,-1.329996,-0.607704,0.548804,0.298111,0.165652,0.437705,0.240657,-1.048766,-0.094960,-1.435610,-0.030434,0.460124,-0.885805,-0.220221,0.038141,0.348425,0.159805,0.385541,0.460241,-0.990624,0.481237,-1.206547,-0.469813
1789158653.934420,-0.015239,0.015008,0.009479,-0.198614,-0.015745,0.048465,0.009481,0.027351,-0.999581,0.000000,0.000000,0.000000,0.198831,-0.333162,0.397254,0.137663,0.128850,0.030433,0.110056,0.042705,-0.164886,-0.051753,-0.365307,0.041565,0.283616,-0.523599,-0.654499,0.021817,-1.614430,-0.000000,-0.327249,0.850848,-4.188791,2.138028,0.632682,-3.119776,0.460124,-0.885805,-0.220221,0.038141,0.348425,0.159805,0.385541,0.460241,-0.990624,0.481237,-1.206547,-0.469813,0.123555,-0.343550,0.067177,-0.237356,0.502236,-0.025389,0.033669,0.706953,-0.824863,0.562527,-0.917680,-0.818879
1789158653.954186,-0.013158,0.013039,0.011376,-0.266125,-0.153563,-0.021975,0.013508,0.019202,-0.999724,0.000000,0.000000,0.000000,0.187841,-0.319933,0.388146,0.119643,0.104140,0.032585,0.103075,0.068972,-0.225157,0.014133,-0.330880,-0.050665,-0.807215,1.330814,-0.414516,-2.465277,-1.265364,-0.392699,-0.370883,1.287180,-1.156281,5.999570,1.854412,-4.232424,0.123555,-0.343550,0.067177,-0.237356,0.502236,-0.025389,0.033669,0.706953,-0.824863,0.562527,-0.917680,-0.818879,-0.035542,0.069670,0.403390,-0.274401,0.570774,0.094149,-0.093671,0.859745,-0.772172,0.237823,-0.695547,-0.908578
1789158653.974434,-0.009101,0.010790,0.010270,-0.459870,-0.190981,-0.063787,0.018784,0.007621,-0.999795,0.000000,0.000000,0.000000,0.153303,-0.278781,0.379757,0.075451,0.095951,0.028690,0.080601,0.109474,-0.226439,0.096057,-0.274043,-0.143953,-2.225295,3.316126,-0.392699,-2.923426,0.261799,-0.174533,-1.308997,1.854413,1.483530,2.727077,3.272492,-3.621559,-0.035542,0.069670,0.403390,-0.274401,0.570774,0.094149,-0.093671,0.859745,-0.772172,0.237823,-0.695547,-0.908578,-0.258546,0.380518,0.496825,-0.495606,0.593530,0.170161,-0.097447,0.750982,-0.691567,0.207234,-0.801661,-0.691966
1789158653.994310,0.000158,0.007187,0.002793,-0.514598,-0.355165,-0.118382,0.026754,-0.003428,-0.999636,0.000000,0.000000,0.000000,0.106247,-0.208379,0.373149,0.030113,0.110393,0.027138,0.038917,0.153833,-0.207954,0.088642,-0.216049,-0.194941,-2.443461,4.210607,-0.109083,-2.007129,1.156281,0.043633,-2.268928,2.072579,0.938115,-2.617993,2.530727,-1.745330,-0.258546,0.380518,0.496825,-0.495606,0.593530,0.170161,-0.097447,0.750982,-0.691567,0.207234,-0.801661,-0.691966,-0.645208,0.392377,0.386482,-0.934166,1.067483,-0.300187,-0.049356,0.739452,-0.632979,0.685272,-1.149457,-0.542516
1789158654.014167,0.009231,0.004792,-0.005234,-0.197948,-0.362755,-0.113987,0.034435,-0.006517,-0.999386,0.000000,0.000000,0.000000,0.061575,-0.121472,0.382225,-0.021832,0.128986,0.029386,0.010646,0.174851,-0.192045,0.065178,-0.206392,-0.180825,-2.181661,4.603306,0.785398,-2.988876,0.938115,0.021817,-1.003564,0.785398,1.156281,-0.981747,-0.109083,0.698131,-0.645208,0.392377,0.386482,-0.934166,1.067483,-0.300187,-0.049356,0.739452,-0.632979,0.685272,-1.149457,-0.542516,-0.610126,0.061361,0.325704,-1.067498,1.131477,-0.397850,0.343633,0.490187,-0.382635,0.393129,-1.422060,-0.316186
1789158654.034159,0.014174,0.004322,-0.008413,-0.271052,-0.333194,-0.022774,0.041347,-0.011521,-0.999078,0.000000,0.000000,0.000000,0.010207,-0.050623,0.399073,-0.082365,0.161210,0.010970,0.001180,0.178745,-0.175753,0.099425,-0.245166,-0.151938,-2.770710,3.054327,0.719948,-3.316126,3.447026,-1.810779,-0.021817,-0.130900,0.872665,4.625123,-3.010693,1.025380,-0.610126,0.061361,0.325704,-1.067498,1.131477,-0.397850,0.343633,0.490187,-0.382635,0.393129,-1.422060,-0.316186,-0.570067,-0.028589,0.418201,-0.846512,0.978672,-0.327211,0.062821,0.406530,-0.679666,0.221447,-1.162309,-0.054157
1789158654.054196,0.018054,0.005121,-0.007973,-0.429777,-0.365285,0.194806,0.048881,-0.019224,-0.998620,0.000000,0.000000,0.000000,-0.040213,-0.023979,0.414920,-0.141025,0.208369,-0.025920,0.023144,0.162696,-0.149759,0.117841,-0.311600,-0.105136,-2.159845,0.436333,0.785398,-3.032510,2.465278,-1.548980,1.221731,-0.741765,3.054327,-1.679879,-3.076143,1.788962,-0.570067,-0.028589,0.418201,-0.846512,0.978672,-0.327211,0.062821,0.406530,-0.679666,0.221447,-1.162309,-0.054157,-0.418609,-0.097388,0.084179,-0.775179,0.948956,-0.118774,0.279216,0.553853,-0.286090,-0.032278,-1.278881,0.036472
1789158654.074304,0.021928,0.006894,-0.003116,-0.369722,-0.198171,0.092008,0.053602,-0.026639,-0.998207,0.000000,0.000000,0.000000,-0.077817,-0.018593,0.432611,-0.177873,0.238994,-0.056272,0.034039,0.135654,-0.126649,0.081110,-0.303710,-0.048431,-1.483530,0.152717,0.981748,-1.396263,0.959931,-1.069014,0.218166,-1.352630,-1.439897,-1.832595,1.374447,2.225294,-0.418609,-0.097388,0.084179,-0.775179,0.948956,-0.118774,0.279216,0.553853,-0.286090,-0.032278,-1.278881,0.036472,-0.245481,-0.361869,-0.208057,-0.529363,0.840076,0.068172,0.375161,0.353113,-0.185307,0.104020,-1.380531,0.131837
1789158654.094162,0.022185,0.007285,0.000870,0.029885,-0.139848,0.000528,0.056413,-0.025743,-0.998076,0.000000,0.000000,0.000000,-0.087051,-0.019221,0.429474,-0.199935,0.249837,-0.056978,0.042056,0.128834,-0.138370,0.033659,-0.312685,-0.013148,0.000000,-0.174533,-1.287180,-0.610865,-0.545415,0.370883,0.392699,-0.392699,2.159845,-2.988876,-0.567232,1.308997,-0.245481,-0.361869,-0.208057,-0.529363,0.840076,0.068172,0.375161,0.353113,-0.185307,0.104020,-1.380531,0.131837,0.041629,-0.735727,-0.481457,-0.044503,0.823711,-0.030610,0.233209,0.310432,-0.062691,0.019102,-1.419036,0.343900
1789158654.114206,0.021534,0.007138,0.003637,-0.091555,0.213287,0.052993,0.052403,-0.027223,-0.998255,0.000000,0.000000,0.000000,-0.077184,-0.034683,0.403319,-0.194743,0.238274,-0.034483,0.062190,0.120694,-0.085258,0.025311,-0.330198,0.017198,0.610865,-1.374447,-0.545416,1.134464,-0.567232,1.265364,0.829032,-0.349066,2.443461,0.545415,-1.003564,1.112647,0.041629,-0.735727,-0.481457,-0.044503,0.823711,-0.030610,0.233209,0.310432,-0.062691,0.019102,-1.419036,0.343900,0.450540,-1.161099,-0.674965,0.343651,0.876152,-0.048879,0.390833,0.210138,-0.386804,-0.068962,-1.375991,0.555269
1789158654.134247,0.019031,0.006410,0.002937,0.049992,0.315819,0.080290,0.046534,-0.026114,-0.998575,0.000000,0.000000,0.000000,-0.054653,-0.072137,0.397919,-0.159141,0.226092,-0.011823,0.071160,0.100579,-0.051164,0.017880,-0.342078,0.059580,1.330814,-2.508911,-0.305433,2.967060,-0.610865,0.981748,0.392699,-1.199914,2.159845,-0.479966,-0.414516,1.614429,0.450540,-1.161099,-0.674965,0.343651,0.876152,-0.048879,0.390833,0.210138,-0.386804,-0.068962,-1.375991,0.555269,0.729783,-1.362257,-0.852224,0.679482,0.813706,-0.076707,0.439934,0.159713,-0.385724,-0.150370,-1.373488,0.592295
1789158654.154175,0.015128,0.006592,-0.000122,0.528828,0.393583,0.258189,0.037729,-0.013905,-0.999191,0.000000,0.000000,0.000000,-0.010327,-0.131535,0.389531,-0.101220,0.220057,-0.007375,0.075117,0.079305,-0.044720,-0.000138,-0.345465,0.107699,2.617994,-3.490659,-0.043633,3.359759,0.218166,0.349066,0.021817,-0.850848,-2.399828,-1.003564,0.000000,1.745329,0.729783,-1.362257,-0.852224,0.679482,0.813706,-0.076707,0.439934,0.159713,-0.385724,-0.150370,-1.373488,0.592295,0.923765,-1.409315,-0.999678,0.785035,0.599667,0.102890,0.495664,0.101566,-0.331040,-0.238414,-1.568987,0.513663
1789158654.174123,0.010560,0.007169,-0.003026,0.701135,0.450308,0.198801,0.029075,-0.000427,-0.999577,0.000000,0.000000,0.000000,0.047454,-0.199077,0.406409,-0.023431,0.220374,-0.010672,0.087519,0.064134,-0.079376,-0.020092,-0.344458,0.132041,3.228859,-3.534292,0.959931,4.166974,-0.414516,-0.000000,0.763582,-0.850848,-0.807215,-1.025381,0.000000,0.872664,0.923765,-1.409315,-0.999678,0.785035,0.599667,0.102890,0.495664,0.101566,-0.331040,-0.238414,-1.568987,0.513663,0.983530,-1.506047,-1.041432,0.885025,0.535264,0.136964,0.508316,0.112545,-0.516883,-0.303444,-1.636276,0.484718
1789158654.194515,0.002292,0.009450,-0.003517,0.749072,0.373609,0.158188,0.021160,0.014086,-0.999677,0.000000,0.000000,0.000000,0.110668,-0.260357,0.418555,0.043110,0.205126,-0.001957,0.104561,0.049067,-0.085626,-0.042067,-0.368833,0.128870,3.054327,-2.792527,0.545415,3.468842,-1.308997,0.523599,0.807215,-0.741765,0.305433,-1.199914,-1.265364,-0.130900,0.983530,-1.506047,-1.041432,0.885025,0.535264,0.136964,0.508316,0.112545,-0.516883,-0.303444,-1.636276,0.484718,0.975126,-1.566286,-0.991939,0.841161,0.473713,0.091049,0.475994,0.171019,-0.770372,-0.335824,-1.607332,0.395267
1789158654.214137,-0.004375,0.011632,0.000263,0.214176,0.255631,0.035815,0.016134,0.017737,-0.999713,0.000000,0.000000,0.000000,0.159572,-0.304827,0.427898,0.095244,0.180196,0.015900,0.113318,0.037580,-0.095438,-0.059954,-0.390903,0.124124,1.919863,-2.050762,0.283616,2.268928,-1.112648,0.829031,0.589049,-0.458149,-2.138028,-0.872665,-1.025381,-0.196350,0.975126,-1.566286,-0.991939,0.841161,0.473713,0.091049,0.475994,0.171019,-0.770372,-0.335824,-1.607332,0.395267,0.795242,-1.325919,-0.556918,0.496356,0.378170,0.166073,0.514894,0.284235,-1.084926,-0.040609,-1.454752,-0.045541
1789158654.234121,-0.007469,0.012676,0.003711,0.237345,0.121275,0.085084,0.014238,0.020652,-0.999685,0.000000,0.000000,0.000000,0.189845,-0.336709,0.421814,0.127909,0.154329,0.025690,0.116677,0.037774,-0.130541,-0.070674,-0.396254,0.107726,1.178098,-1.439897,-0.610865,1.505347,-1.199914,0.196350,0.109083,0.043633,-3.185226,-0.458149,0.000000,-0.589049,0.795242,-1.325919,-0.556918,0.496356,0.378170,0.166073,0.514894,0.284235,-1.084926,-0.040609,-1.454752,-0.045541,0.401863,-0.833373,-0.222280,-0.048245,0.448558,0.114637,0.370010,0.528171,-0.964413,0.586039,-1.236341,-0.461465
1789158654.254386,-0.008935,0.013149,0.006849,-0.007000,-0.066744,0.011714,0.015620,0.020060,-0.999677,0.000000,0.000000,0.000000,0.198114,-0.349876,0.415605,0.140178,0.133440,0.027291,0.115674,0.050946,-0.188636,-0.044685,-0.378217,0.043231,-0.043633,-0.196350,-0.370883,-0.392699,-1.199914,0.021817,-0.305433,0.850848,-4.254241,2.268928,0.981748,-3.512475,0.401863,-0.833373,-0.222280,-0.048245,0.448558,0.114637,0.370010,0.528171,-0.964413,0.586039,-1.236341,-0.461465,0.024599,-0.243375,0.133733,-0.317785,0.631358,-0.028605,0.089582,0.798394,-0.820147,0.639554,-0.975470,-0.818405
1789158654.274227,-0.007680,0.013004,0.008481,-0.262796,-0.165681,-0.051004,0.019559,0.013726,-0.999714,0.000000,0.000000,0.000000,0.184094,-0.331378,0.403900,0.118121,0.116755,0.030141,0.112355,0.080483,-0.233365,0.029669,-0.337993,-0.050687,-1.156281,1.810779,-0.872665,-2.923427,-0.894481,-0.305433,-0.152716,1.374447,-0.130900,6.566802,2.007129,-4.057891,0.024599,-0.243375,0.133733,-0.317785,0.631358,-0.028605,0.089582,0.798394,-0.820147,0.639554,-0.975470,-0.818405,-0.121571,0.168488,0.468608,-0.332064,0.635893,0.149224,-0.041770,0.897689,-0.761994,0.227797,-0.699594,-0.873147
1789158654.295026,-0.004291,0.012561,0.006983,-0.383438,-0.237187,-0.131697,0.024891,0.005893,-0.999673,0.000000,0.000000,0.000000,0.144186,-0.282203,0.390995,0.065112,0.118553,0.028930,0.086979,0.125679,-0.225555,0.114986,-0.284645,-0.143945,-2.508911,3.817908,-0.545415,-3.228859,1.047197,-0.065450,-1.439897,2.203478,1.570796,2.639811,2.748894,-3.599742,-0.121571,0.168488,0.468608,-0.332064,0.635893,0.149224,-0.041770,0.897689,-0.761994,0.227797,-0.699594,-0.873147,-0.363770,0.463462,0.534841,-0.553972,0.672935,0.199899,-0.064652,0.735058,-0.710595,0.188708,-0.819196,-0.634712
1789158654.314305,0.003288,0.011889,0.001402,-0.187429,-0.351969,-0.190420,0.033460,0.000027,-0.999440,0.000000,0.000000,0.000000,0.094433,-0.200852,0.382378,0.018763,0.134888,0.030640,0.047118,0.169735,-0.206441,0.102515,-0.223592,-0.188884,-2.378011,4.625123,-0.349066,-2.203479,0.872664,0.087267,-2.116212,1.919863,1.090831,-3.468842,3.010693,-1.527164,-0.363770,0.463462,0.534841,-0.553972,0.672935,0.199899,-0.064652,0.735058,-0.710595,0.188708,-0.819196,-0.634712,-0.646801,0.222193,0.352409,-0.920944,1.153155,-0.252626,0.068342,0.722494,-0.522677,0.507910,-1.228026,-0.339326
1789158654.334223,0.008114,0.012103,-0.002808,-0.017120,-0.355697,-0.124906,0.040952,0.000581,-0.999161,0.000000,0.000000,0.000000,0.047721,-0.107831,0.387524,-0.037221,0.150514,0.035151,0.020212,0.183427,-0.192366,0.067207,-0.210354,-0.170419,-2.508911,4.930555,0.785398,-3.207043,0.981748,0.043633,-0.981748,0.589049,0.763581,-1.243547,-0.196349,1.134464,-0.646801,0.222193,0.352409,-0.920944,1.153155,-0.252626,0.068342,0.722494,-0.522677,0.507910,-1.228026,-0.339326,-0.487319,-0.127017,0.153851,-0.889860,1.125213,-0.311696,0.342571,0.431317,-0.308113,0.245592,-1.366865,-0.072335
1789158654.354151,0.013613,0.012913,-0.006303,-0.186896,-0.329465,0.017839,0.047693,-0.002578,-0.998859,0.000000,0.000000,0.000000,-0.003619,-0.047301,0.401195,-0.091719,0.180795,0.017902,0.015669,0.180280,-0.170902,0.088784,-0.256524,-0.119076,-2.683444,2.072578,0.327249,-3.337943,3.425209,-1.461713,0.327249,-0.327249,2.268928,3.054327,-3.752458,2.268928,-0.487319,-0.127017,0.153851,-0.889860,1.125213,-0.311696,0.342571,0.431317,-0.308113,0.245592,-1.366865,-0.072335,-0.246248,-0.494857,-0.016467,-0.573036,0.934361,-0.074864,0.475919,0.396104,-0.437360,-0.105728,-1.294380,0.213393
1789158654.374170,0.015968,0.013829,-0.004776,-0.257870,-0.204829,0.255659,0.052173,-0.004920,-0.998626,0.000000,0.000000,0.000000,-0.046630,-0.033813,0.410415,-0.140608,0.224036,-0.014409,0.036138,0.158322,-0.129671,0.083657,-0.310095,-0.054349,-1.636246,-0.283616,0.763582,-2.159845,1.919862,-1.352630,1.069014,-1.047198,3.250676,-1.658063,-2.138028,2.399827,-0.246248,-0.494857,-0.016467,-0.573036,0.934361,-0.074864,0.475919,0.396104,-0.437360,-0.105728,-1.294380,0.213393,-0.072904,-0.465730,-0.332874,-0.278385,0.892643,0.016662,0.334087,0.508769,-0.300302,-0.200237,-1.217186,0.191742
1789158654.394226,0.017011,0.014593,-0.001663,0.062376,-0.024001,0.129559,0.052689,-0.003542,-0.998605,0.000000,0.000000,0.000000,-0.061905,-0.053710,0.428978,-0.157641,0.245637,-0.030103,0.068119,0.129398,-0.101942,0.029898,-0.319904,0.011968,-0.283616,-1.483530,0.959931,0.065450,0.589049,0.043633,1.483530,-1.374447,-0.283616,-4.036075,-0.109083,2.530727,-0.072904,-0.465730,-0.332874,-0.278385,0.892643,0.016662,0.334087,0.508769,-0.300302,-0.200237,-1.217186,0.191742,0.051401,-0.622362,-0.490091,0.070098,0.653582,0.183083,0.330995,0.359163,-0.078126,-0.130197,-1.387367,0.173024
1789158654.414175,0.015552,0.014435,0.003848,0.127756,0.181995,-0.053534,0.049066,-0.000993,-0.998795,0.000000,0.000000,0.000000,-0.050702,-0.071766,0.429469,-0.152432,0.246867,-0.019074,0.086819,0.122717,-0.095975,-0.018873,-0.309282,0.034234,0.959931,-0.872665,-0.850848,1.308997,-0.807215,0.676315,0.632682,-0.261800,1.592613,-1.919863,0.501782,0.676315,0.051401,-0.622362,-0.490091,0.070098,0.653582,0.183083,0.330995,0.359163,-0.078126,-0.130197,-1.387367,0.173024,0.446337,-1.104732,-0.687871,0.463939,0.730826,0.024299,0.262973,0.215338,-0.227213,-0.118021,-1.361019,0.407485
1789158654.434127,0.011892,0.012611,0.006888,0.182617,0.283461,0.109185,0.043599,0.002236,-0.999047,0.000000,0.000000,0.000000,-0.025604,-0.099225,0.411026,-0.115941,0.223270,0.001021,0.089008,0.115883,-0.068748,-0.028044,-0.327992,0.039915,1.243547,-1.788963,-0.239983,2.378011,-1.679880,0.916298,-0.218166,-0.436332,2.879794,0.239983,-1.112647,0.109083,0.446337,-1.104732,-0.687871,0.463939,0.730826,0.024299,0.262973,0.215338,-0.227213,-0.118021,-1.361019,0.407485,0.741456,-1.415529,-0.816130,0.587095,0.686692,-0.110870,0.336773,0.171642,-0.574516,-0.208065,-1.298527,0.618948
1789158654.454107,0.007741,0.010768,0.003487,-0.000076,0.327137,0.114512,0.037290,0.002481,-0.999301,0.000000,0.000000,0.000000,0.011216,-0.147527,0.410254,-0.060652,0.202219,0.017059,0.080173,0.090837,-0.046820,-0.026091,-0.334786,0.076758,1.854413,-2.814344,-0.196350,3.730642,-0.392699,0.676315,-0.349066,-1.439897,-1.025381,0.327249,-0.196350,1.614429,0.741456,-1.415529,-0.816130,0.587095,0.686692,-0.110870,0.336773,0.171642,-0.574516,-0.208065,-1.298527,0.618948,0.844535,-1.447538,-0.790265,0.671421,0.581026,-0.028631,0.476675,0.103248,-0.556125,-0.185592,-1.370169,0.443375
1789158654.474144,0.005948,0.010360,0.001387,0.443074,0.325806,0.235153,0.030413,0.011062,-0.999476,0.000000,0.000000,0.000000,0.056753,-0.207501,0.404205,-0.000785,0.189536,0.011608,0.077396,0.066048,-0.070946,-0.037264,-0.329541,0.123118,2.356195,-3.359759,-0.043633,2.748894,-0.436332,-0.349066,-0.109083,-0.981748,-3.141593,-0.610865,0.414516,1.767146,0.844535,-1.447538,-0.790265,0.671421,0.581026,-0.028631,0.476675,0.103248,-0.556125,-0.185592,-1.370169,0.443375,0.868062,-1.304373,-0.755979,0.568988,0.414777,0.137994,0.456352,0.164048,-0.559550,-0.108245,-1.475963,0.187009
1789158654.494560,-0.000423,0.009755,-0.001821,0.332953,0.282662,0.126097,0.024403,0.017305,-0.999552,0.000000,0.000000,0.000000,0.107496,-0.269593,0.414339,0.053399,0.178570,-0.001520,0.089297,0.051840,-0.117347,-0.044137,-0.337292,0.116529,2.552544,-2.901610,0.501782,2.617994,-1.003564,-0.392699,0.785398,-0.654499,-0.916298,-0.130900,-0.479966,-0.283616,0.868062,-1.304373,-0.755979,0.568988,0.414777,0.137994,0.456352,0.164048,-0.559550,-0.108245,-1.475963,0.187009,0.715888,-1.181983,-0.474179,0.257574,0.353691,0.076138,0.419470,0.271228,-0.884626,0.233696,-1.364695,-0.029802
1789158654.514261,-0.003924,0.009287,-0.000489,0.306587,0.237122,0.048732,0.019378,0.022968,-0.999548,0.000000,0.000000,0.000000,0.154704,-0.307549,0.416701,0.083146,0.157904,0.007659,0.104394,0.044597,-0.129693,-0.035609,-0.353237,0.074301,1.898046,-1.396264,-0.000000,0.938115,-1.352630,0.501782,0.567232,-0.087267,-0.436332,0.610865,-0.894481,-1.679880,0.715888,-1.181983,-0.474179,0.257574,0.353691,0.076138,0.419470,0.271228,-0.884626,0.233696,-1.364695,-0.029802,0.345729,-0.742840,-0.125866,-0.086216,0.487301,-0.024642,0.298990,0.509074,-0.845228,0.572326,-1.019611,-0.342562
1789158654.534199,-0.006040,0.007553,0.004763,-0.278509,0.046174,-0.027435,0.019033,0.016785,-0.999678,0.000000,0.000000,0.000000,0.172433,-0.316952,0.420230,0.082803,0.133232,0.019756,0.104621,0.049667,-0.146538,0.003285,-0.347196,0.024913,0.327250,-0.043634,0.043633,-1.112647,-1.199914,0.065450,-0.239983,0.327249,-2.748893,3.665192,0.545415,-1.898046,0.345729,-0.742840,-0.125866,-0.086216,0.487301,-0.024642,0.298990,0.509074,-0.845228,0.572326,-1.019611,-0.342562,0.046954,-0.268748,0.191634,-0.200132,0.515398,-0.053010,-0.036032,0.686839,-0.766107,0.442724,-0.777820,-0.703043
1789158654.554231,-0.005195,0.005694,0.007428,-0.182103,-0.140780,-0.014785,0.022340,0.012633,-0.999671,0.000000,0.000000,0.000000,0.158640,-0.298858,0.415171,0.059893,0.117658,0.016508,0.095357,0.077508,-0.193403,0.079062,-0.301163,-0.040324,-1.308997,1.570796,-0.501782,-1.810779,-0.327249,-0.632682,-0.523599,1.461713,-1.025381,4.232424,3.337943,-2.879794,0.046954,-0.268748,0.191634,-0.200132,0.515398,-0.053010,-0.036032,0.686839,-0.766107,0.442724,-0.777820,-0.703043,-0.150529,0.130101,0.420901,-0.426760,0.575112,0.061486,-0.110353,0.787817,-0.744699,0.322662,-0.839122,-0.714547
1789158654.574125,-0.000673,0.003004,0.007368,-0.249481,-0.169143,-0.106264,0.027227,0.005819,-0.999612,0.000000,0.000000,0.000000,0.124674,-0.250430,0.416559,0.032251,0.117279,0.011957,0.066229,0.116777,-0.197892,0.103384,-0.237999,-0.120255,-1.985312,3.381576,0.479966,-1.701696,0.392699,-0.239983,-1.548980,1.832596,0.698132,-0.065450,2.836160,-3.272493,-0.150529,0.130101,0.420901,-0.426760,0.575112,0.061486,-0.110353,0.787817,-0.744699,0.322662,-0.839122,-0.714547,-0.501055,0.460025,0.554221,-0.801625,0.850854,-0.084753,-0.068845,0.739148,-0.695581,0.547654,-1.035431,-0.592973
1789158654.594126,0.003540,0.001830,0.003703,-0.126176,-0.301635,-0.071643,0.034705,0.002032,-0.999396,0.000000,0.000000,0.000000,0.080596,-0.178070,0.417099,-0.008781,0.126513,0.008984,0.028571,0.149800,-0.191554,0.090038,-0.219597,-0.155453,-2.094395,4.101524,-0.327249,-2.378011,0.676315,0.065450,-1.788963,1.483530,0.414516,-1.112648,0.349066,-1.156281,-0.501055,0.460025,0.554221,-0.801625,0.850854,-0.084753,-0.068845,0.739148,-0.695581,0.547654,-1.035431,-0.592973,-0.847375,0.505497,0.512522,-1.225213,1.268826,-0.388206,0.098962,0.731758,-0.637312,0.834037,-1.195953,-0.635859
1789158654.614092,0.009940,0.000974,-0.003133,-0.425382,-0.282194,-0.086956,0.040944,-0.006081,-0.999143,0.000000,0.000000,0.000000,0.028105,-0.096397,0.417631,-0.059360,0.147484,0.002911,0.005489,0.168507,-0.185661,0.110366,-0.242749,-0.148791,-2.639811,4.057891,0.261799,-2.945244,1.876229,-0.370883,-0.763582,0.763582,0.392699,1.679879,-1.265364,0.261799,-0.847375,0.505497,0.512522,-1.225213,1.268826,-0.388206,0.098962,0.731758,-0.637312,0.834037,-1.195953,-0.635859,-0.950325,0.410102,0.575631,-1.272463,1.312324,-0.455255,0.223867,0.553808,-0.616049,0.515274,-1.322578,-0.532873
1789158654.634098,0.013945,0.001186,-0.006449,-0.286099,-0.286056,0.011048,0.046974,-0.011349,-0.998832,0.000000,0.000000,0.000000,-0.033126,-0.031762,0.419788,-0.127504,0.191625,-0.020861,0.007698,0.176421,-0.174736,0.158911,-0.277250,-0.153386,-3.032510,2.923427,-0.152716,-4.341507,3.730641,-1.483530,0.567232,0.239983,0.741765,3.272492,-1.614430,-0.196350,-0.950325,0.410102,0.575631,-1.272463,1.312324,-0.455255,0.223867,0.553808,-0.616049,0.515274,-1.322578,-0.532873,-0.798267,0.228083,0.629961,-1.228261,1.199590,-0.351356,0.202444,0.631155,-0.640305,0.242314,-1.258908,-0.256647
1789158654.654166,0.017529,0.002415,-0.007365,-0.160398,-0.215349,0.080556,0.051565,-0.014092,-0.998570,0.000000,0.000000,0.000000,-0.093517,0.010022,0.418713,-0.187167,0.249458,-0.053258,0.027267,0.166331,-0.162911,0.155068,-0.308788,-0.139060,-2.661627,1.832596,0.283616,-3.294309,2.792527,-1.352630,1.047197,-0.523599,0.719948,-2.138028,-1.396264,0.392699,-0.798267,0.228083,0.629961,-1.228261,1.199590,-0.351356,0.202444,0.631155,-0.640305,0.242314,-1.258908,-0.256647,-0.553087,-0.086883,0.194906,-1.051278,0.984017,-0.139332,0.265292,0.458530,-0.300053,0.062959,-1.315322,0.059143
1789158654.674392,0.020308,0.005322,-0.003459,-0.142422,-0.195508,0.041408,0.056786,-0.016283,-0.998254,0.000000,0.000000,0.000000,-0.130384,0.029480,0.426513,-0.239423,0.290206,-0.074737,0.039755,0.155077,-0.156085,0.102517,-0.312241,-0.094290,-1.352630,0.545416,0.174533,-2.028946,1.418080,-0.589049,0.458149,-0.458149,0.174533,-2.901610,0.130900,1.810779,-0.553087,-0.086883,0.194906,-1.051278,0.984017,-0.139332,0.265292,0.458530,-0.300053,0.062959,-1.315322,0.059143,-0.315920,-0.336874,-0.183922,-0.593449,0.917914,-0.021535,0.252316,0.369565,-0.162929,0.045264,-1.375379,0.168009
1789158654.694126,0.020102,0.006075,0.000378,-0.161996,-0.001097,-0.035291,0.057311,-0.018882,-0.998178,0.000000,0.000000,0.000000,-0.136869,0.025234,0.419163,-0.263419,0.293838,-0.069580,0.049989,0.142521,-0.140776,0.051824,-0.321289,-0.028008,0.196350,-0.676315,-0.392699,-0.676315,-1.134464,0.458149,0.392699,-0.545415,3.076143,-2.530728,-0.414516,2.814343,-0.315920,-0.336874,-0.183922,-0.593449,0.917914,-0.021535,0.252316,0.369565,-0.162929,0.045264,-1.375379,0.168009,-0.014024,-0.609392,-0.396753,-0.114854,0.863441,-0.036772,0.244138,0.386755,-0.108046,-0.055461,-1.332076,0.246026
1789158654.714256,0.016652,0.004138,0.005041,-0.177043,0.223807,0.005322,0.053183,-0.022230,-0.998337,0.000000,0.000000,0.000000,-0.121145,0.000952,0.413265,-0.252011,0.270511,-0.047995,0.059095,0.125128,-0.086387,0.027425,-0.332849,0.017010,1.069014,-1.788963,-0.021817,2.050762,-1.221731,1.090831,0.305433,-1.047198,2.748893,-0.785399,-0.567232,1.548980,-0.014024,-0.609392,-0.396753,-0.114854,0.863441,-0.036772,0.244138,0.386755,-0.108046,-0.055461,-1.332076,0.246026,0.295089,-0.961121,-0.535618,0.261410,0.863531,-0.016167,0.415964,0.247042,-0.276162,-0.031098,-1.340783,0.451865
1789158654.734310,0.013096,0.002175,0.005451,0.316308,0.450442,0.137415,0.043900,-0.016034,-0.998907,0.000000,0.000000,0.000000,-0.088505,-0.044021,0.417243,-0.203423,0.250808,-0.025028,0.060279,0.109207,-0.052279,0.006696,-0.332607,0.044415,1.832596,-2.661628,0.152716,3.316126,-0.938115,1.134464,0.000000,-0.807215,1.570796,-1.069014,0.174533,0.894481,0.295089,-0.961121,-0.535618,0.261410,0.863531,-0.016167,0.415964,0.247042,-0.276162,-0.031098,-1.340783,0.451865,0.657150,-1.277044,-0.824895,0.613075,0.774737,-0.080417,0.381137,0.092854,-0.309188,-0.133684,-1.393765,0.648183
1789158654.754162,0.008699,0.000967,0.003676,0.570240,0.480802,0.176563,0.033562,-0.004899,-0.999425,0.000000,0.000000,0.000000,-0.042240,-0.103160,0.422518,-0.132729,0.236131,-0.012660,0.070192,0.091885,-0.048260,-0.002254,-0.335173,0.086305,2.552544,-3.228859,0.632682,4.385140,-0.414516,0.479966,0.545415,-0.850848,-1.614430,-0.043634,-0.109083,1.701696,0.657150,-1.277044,-0.824895,0.613075,0.774737,-0.080417,0.381137,0.092854,-0.309188,-0.133684,-1.393765,0.648183,0.921362,-1.468070,-0.954134,0.831134,0.612416,0.030317,0.454846,-0.021623,-0.417194,-0.278986,-1.482839,0.598059
1789158654.774143,0.003429,0.000783,0.000415,0.722840,0.511295,0.172036,0.024565,0.009279,-0.999655,0.000000,0.000000,0.000000,0.017238,-0.169229,0.429616,-0.056777,0.224502,-0.008627,0.086319,0.065942,-0.063782,-0.016050,-0.341036,0.132142,3.054327,-3.490659,0.043633,4.210607,-0.719948,0.174533,0.719948,-1.396264,-0.654499,-0.872665,-0.174533,1.745329,0.921362,-1.468070,-0.954134,0.831134,0.612416,0.030317,0.454846,-0.021623,-0.417194,-0.278986,-1.482839,0.598059,1.063405,-1.535573,-1.053525,0.981365,0.515984,0.057278,0.413840,0.044969,-0.477622,-0.356919,-1.482218,0.478548
1789158654.794971,-0.005306,0.001783,-0.002209,0.636287,0.444583,0.117574,0.014929,0.021326,-0.999661,0.000000,0.000000,0.000000,0.083050,-0.236898,0.421779,0.017571,0.206155,-0.006751,0.095002,0.037062,-0.079695,-0.045023,-0.358451,0.142172,3.337943,-3.337943,-0.349066,3.512475,-1.199914,0.196350,0.305433,-1.308997,-1.374447,-1.701697,-0.741765,0.327249,1.063405,-1.535573,-1.053525,0.981365,0.515984,0.057278,0.413840,0.044969,-0.477622,-0.356919,-1.482218,0.478548,1.031683,-1.525929,-0.973629,0.909454,0.390177,0.129331,0.448441,0.163593,-0.595413,-0.357027,-1.560724,0.342230
1789158654.815171,-0.010895,0.002240,-0.000785,0.447602,0.357364,0.022366,0.007246,0.029477,-0.999539,0.000000,0.000000,0.000000,0.147229,-0.291481,0.418122,0.084764,0.180092,0.001788,0.100699,0.021886,-0.100186,-0.069201,-0.364112,0.126764,3.097960,-2.443461,-0.261799,3.250676,-1.396264,0.305433,0.239983,-0.589049,-1.134464,-1.112648,-0.130900,-0.479966,1.031683,-1.525929,-0.973629,0.909454,0.390177,0.129331,0.448441,0.163593,-0.595413,-0.357027,-1.560724,0.342230,0.906762,-1.394302,-0.669364,0.652951,0.290154,0.132883,0.431301,0.236099,-0.949481,-0.123619,-1.488160,0.015641
1789158654.835088,-0.016528,0.002787,0.005558,0.302460,0.153233,0.035283,0.003832,0.035082,-0.999377,0.000000,0.000000,0.000000,0.191367,-0.330489,0.411604,0.128064,0.152055,0.013639,0.102810,0.025704,-0.118135,-0.079376,-0.377181,0.100890,1.898046,-1.570797,-0.349066,2.050762,-1.636246,0.567232,0.218166,0.349066,-1.592613,-0.283616,-0.654499,-1.156281,0.906762,-1.394302,-0.669364,0.652951,0.290154,0.132883,0.431301,0.236099,-0.949481,-0.123619,-1.488160,0.015641,0.522036,-0.937079,-0.270194,0.138799,0.356541,0.106055,0.349335,0.432257,-0.982228,0.395860,-1.186528,-0.353406
1789158654.855035,-0.017561,0.002113,0.011798,-0.140957,-0.002296,-0.023973,0.004303,0.031883,-0.999482,0.000000,0.000000,0.000000,0.209060,-0.346677,0.402744,0.151833,0.124590,0.021886,0.102439,0.041458,-0.151376,-0.057608,-0.374170,0.047292,0.283616,-0.414516,-0.414516,0.196350,-1.527163,0.043633,-0.109083,0.807215,-3.294309,2.094395,0.261799,-2.683444,0.522036,-0.937079,-0.270194,0.138799,0.356541,0.106055,0.349335,0.432257,-0.982228,0.395860,-1.186528,-0.353406,0.164897,-0.413465,0.041378,-0.132623,0.519365,-0.030272,0.044106,0.683625,-0.816891,0.515305,-0.836742,-0.718251
1789158654.874883,-0.015578,0.001126,0.013337,-0.239760,-0.187918,-0.021443,0.009067,0.024575,-0.999657,0.000000,0.000000,0.000000,0.197165,-0.335831,0.395288,0.137977,0.102877,0.026803,0.096508,0.063978,-0.210837,-0.001161,-0.334374,-0.029631,-1.090831,1.527163,-0.501782,-2.530727,-1.069014,-0.327249,-0.349066,1.134464,-2.007129,5.475971,2.596178,-3.708825,0.164897,-0.413465,0.041378,-0.132623,0.519365,-0.030272,0.044106,0.683625,-0.816891,0.515305,-0.836742,-0.718251,-0.010326,0.057495,0.331479,-0.242014,0.574039,0.096978,-0.058457,0.880579,-0.781512,0.278394,-0.753963,-0.876282
1789158654.894671,-0.010727,-0.000275,0.010764,-0.359469,-0.255829,-0.105332,0.015116,0.016732,-0.999746,0.000000,0.000000,0.000000,0.163442,-0.296851,0.386738,0.098647,0.096741,0.022235,0.075005,0.102662,-0.223717,0.080194,-0.266734,-0.117143,-2.312561,3.228859,-0.174533,-2.792526,0.392699,-0.479966,-1.308997,1.723513,1.025381,3.163409,4.079707,-3.861541,-0.010326,0.057495,0.331479,-0.242014,0.574039,0.096978,-0.058457,0.880579,-0.781512,0.278394,-0.753963,-0.876282,-0.258049,0.392409,0.508469,-0.462556,0.652642,0.186575,-0.093372,0.859978,-0.713573,0.236404,-0.816204,-0.716456
1789158654.914324,-0.002091,-0.002298,0.003588,-0.283702,-0.390585,-0.165386,0.023291,0.010246,-0.999676,0.000000,0.000000,0.000000,0.117275,-0.224073,0.383155,0.048668,0.111329,0.024324,0.040927,0.149423,-0.207513,0.084562,-0.219277,-0.178720,-2.378011,4.516039,-0.087267,-2.443461,1.156281,0.109083,-1.701696,2.138028,0.698132,-1.701696,1.832596,-2.225295,-0.258049,0.392409,0.508469,-0.462556,0.652642,0.186575,-0.093372,0.859978,-0.713573,0.236404,-0.816204,-0.716456,-0.668687,0.506848,0.465435,-0.925584,1.091683,-0.192762,0.004279,0.787538,-0.679624,0.656950,-1.097727,-0.630842
1789158654.934576,0.004581,-0.002881,-0.002477,-0.219653,-0.409227,-0.176439,0.032026,0.006777,-0.999464,0.000000,0.000000,0.000000,0.069480,-0.133962,0.387327,-0.002053,0.132052,0.030275,0.014611,0.182132,-0.194472,0.069233,-0.212122,-0.177403,-2.247111,4.777839,0.545415,-2.879793,1.308997,0.065450,-1.025381,1.330814,0.981748,-0.872664,-0.065450,0.261799,-0.668687,0.506848,0.465435,-0.925584,1.091683,-0.192762,0.004279,0.787538,-0.679624,0.656950,-1.097727,-0.630842,-0.716535,0.210632,0.457520,-1.108895,1.212873,-0.370358,0.300446,0.546265,-0.469290,0.374312,-1.400379,-0.426902
1789158654.954414,0.013617,-0.002773,-0.008790,-0.311932,-0.434261,-0.047941,0.041129,0.001279,-0.999153,0.000000,0.000000,0.000000,0.014418,-0.053020,0.402078,-0.070407,0.167981,0.018736,0.007627,0.193894,-0.182944,0.101942,-0.246813,-0.163639,-2.967060,3.687008,0.479966,-3.621558,3.468842,-1.199914,-0.043633,0.218166,0.545415,4.210607,-2.028946,0.479965,-0.716535,0.210632,0.457520,-1.108895,1.212873,-0.370358,0.300446,0.546265,-0.469290,0.374312,-1.400379,-0.426902,-0.684458,0.197725,0.555528,-0.955684,1.085175,-0.312892,0.047371,0.481025,-0.679912,0.255946,-1.169197,-0.191749
1789158654.974471,0.018584,-0.001464,-0.009084,-0.292890,-0.452903,0.174300,0.050534,-0.003712,-0.998715,0.000000,0.000000,0.000000,-0.042821,-0.013788,0.415708,-0.134183,0.218083,-0.014406,0.028050,0.177000,-0.162554,0.113401,-0.306768,-0.126930,-2.574361,1.069014,0.763582,-3.621558,2.748894,-1.461713,1.396264,-0.959931,2.530727,-1.723512,-2.967060,1.396263,-0.684458,0.197725,0.555528,-0.955684,1.085175,-0.312892,0.047371,0.481025,-0.679912,0.255946,-1.169197,-0.191749,-0.519626,0.026378,0.227749,-0.902857,0.923923,-0.102200,0.242451,0.533928,-0.266898,-0.039959,-1.261307,-0.064837
1789158654.994501,0.022253,-0.000093,-0.006777,-0.352545,-0.312554,0.098666,0.058012,-0.010583,-0.998260,0.000000,0.000000,0.000000,-0.088011,0.003922,0.432362,-0.179687,0.254931,-0.047368,0.035405,0.149704,-0.143814,0.084129,-0.301351,-0.078072,-1.854412,0.785398,0.807215,-1.941679,1.330814,-1.178097,0.000000,-1.265364,-1.352630,-1.505346,0.916298,1.876229,-0.519626,0.026378,0.227749,-0.902857,0.923923,-0.102200,0.242451,0.533928,-0.266898,-0.039959,-1.261307,-0.064837,-0.359092,-0.219321,-0.065992,-0.699813,0.878923,0.069329,0.334745,0.374622,-0.208087,0.090804,-1.382561,0.078600
1789158655.014483,0.023332,0.000429,-0.001372,-0.034697,-0.244777,-0.053401,0.062887,-0.010644,-0.997964,0.000000,0.000000,0.000000,-0.103083,0.008271,0.427691,-0.212371,0.267309,-0.049651,0.039005,0.136813,-0.144585,0.037346,-0.309677,-0.040201,-0.218166,-0.239983,-1.243547,-1.112647,-0.807214,0.349066,0.261799,-0.436332,2.574361,-3.403392,-0.436333,1.374447,-0.359092,-0.219321,-0.065992,-0.699813,0.878923,0.069329,0.334745,0.374622,-0.208087,0.090804,-1.382561,0.078600,-0.112675,-0.553482,-0.293984,-0.207182,0.823038,-0.020351,0.182912,0.331759,-0.033190,-0.009454,-1.385889,0.258957
1789158655.034432,0.022546,-0.000437,0.000741,-0.236831,0.014083,-0.025304,0.063048,-0.014923,-0.997899,0.000000,0.000000,0.000000,-0.097029,-0.002318,0.404601,-0.218793,0.250783,-0.030676,0.057017,0.125496,-0.087911,0.023042,-0.329056,-0.002068,0.589049,-1.374447,-0.458149,0.610865,-0.807214,1.069014,0.872665,-0.589049,2.028946,0.610865,-1.025381,1.570796,-0.112675,-0.553482,-0.293984,-0.207182,0.823038,-0.020351,0.182912,0.331759,-0.033190,-0.009454,-1.385889,0.258957,0.268880,-0.928917,-0.425838,0.134179,0.856741,0.026505,0.366215,0.225078,-0.328440,-0.054308,-1.316152,0.399510
1789158655.054217,0.020461,-0.001867,0.000860,-0.139892,0.192648,0.039144,0.059766,-0.017638,-0.998057,0.000000,0.000000,0.000000,-0.079879,-0.036780,0.398137,-0.193510,0.234887,-0.010141,0.062583,0.106529,-0.052781,0.012938,-0.337581,0.039397,1.025381,-2.268928,-0.567232,2.399828,-0.829031,0.959931,0.239983,-1.069014,2.770710,-0.698132,-0.327250,1.592613,0.268880,-0.928917,-0.425838,0.134179,0.856741,0.026505,0.366215,0.225078,-0.328440,-0.054308,-1.316152,0.399510,0.530291,-1.132524,-0.622806,0.466199,0.828278,-0.047053,0.374841,0.176666,-0.323025,-0.095686,-1.282967,0.488244
1789158655.074673,0.017557,-0.003296,-0.000936,0.273032,0.272809,0.184952,0.053669,-0.011021,-0.998498,0.000000,0.000000,0.000000,-0.042054,-0.091423,0.388478,-0.138404,0.224595,-0.002268,0.065692,0.085203,-0.038889,-0.001381,-0.334431,0.077276,2.268928,-3.185226,-0.043633,3.337943,-0.043633,0.567232,0.021817,-0.872665,-2.094395,-0.698132,0.196349,1.461713,0.530291,-1.132524,-0.622806,0.466199,0.828278,-0.047053,0.374841,0.176666,-0.323025,-0.095686,-1.282967,0.488244,0.747398,-1.274506,-0.780643,0.618954,0.611998,0.115688,0.486008,0.041027,-0.266525,-0.154848,-1.499584,0.483884
1789158655.094337,0.011044,-0.003801,-0.004573,0.659856,0.350307,0.148600,0.046557,0.000785,-0.998915,0.000000,0.000000,0.000000,0.010930,-0.152907,0.406602,-0.071544,0.222593,-0.001291,0.078880,0.068085,-0.067265,-0.012388,-0.326288,0.103963,2.814344,-3.032510,1.025381,4.014258,-0.218166,0.087266,0.698132,-0.894481,-0.545415,-0.523599,0.305432,0.916298,0.747398,-1.274506,-0.780643,0.618954,0.611998,0.115688,0.486008,0.041027,-0.266525,-0.154848,-1.499584,0.483884,0.889907,-1.429975,-0.911950,0.790563,0.573496,0.111249,0.468629,0.038354,-0.452809,-0.254060,-1.544112,0.487638
1789158655.114128,0.003378,-0.002636,-0.005256,0.574901,0.312889,0.160984,0.039591,0.011998,-0.999144,0.000000,0.000000,0.000000,0.068281,-0.212900,0.417549,-0.003335,0.208827,0.004888,0.095861,0.047662,-0.071562,-0.026157,-0.351260,0.113925,2.727077,-3.076143,0.567232,2.967060,-1.439897,0.458149,0.785398,-1.003564,0.610865,-0.916298,-1.570797,0.283616,0.889907,-1.429975,-0.911950,0.790563,0.573496,0.111249,0.468629,0.038354,-0.452809,-0.254060,-1.544112,0.487638,0.951662,-1.519452,-0.962543,0.802611,0.504790,0.100304,0.484001,0.137096,-0.675520,-0.318812,-1.543590,0.434785
1789158655.134136,-0.001491,-0.001989,-0.003366,0.220700,0.253501,0.033152,0.036231,0.012430,-0.999266,0.000000,0.000000,0.000000,0.119929,-0.263744,0.427339,0.052464,0.185148,0.019105,0.106377,0.029631,-0.080884,-0.045056,-0.370292,0.116876,2.159845,-2.443461,0.327249,3.054327,-1.069014,0.589049,0.567232,-0.850848,-2.116212,-1.134464,-0.741765,0.218166,0.951662,-1.519452,-0.962543,0.802611,0.504790,0.100304,0.484001,0.137096,-0.675520,-0.318812,-1.543590,0.434785,0.846870,-1.434269,-0.707963,0.666693,0.440830,0.179799,0.534810,0.232289,-0.837678,-0.215211,-1.545378,0.136197
1789158655.154277,-0.005737,-0.001691,-0.000115,0.330156,0.142181,0.091609,0.032959,0.017905,-0.999296,0.000000,0.000000,0.000000,0.160022,-0.304366,0.423366,0.093629,0.162617,0.027648,0.111280,0.027646,-0.117077,-0.062989,-0.377331,0.110500,1.505347,-2.028946,-0.458149,1.723513,-0.938115,0.305433,0.218166,0.087266,-3.032510,-0.785398,-0.261800,-0.130900,0.846870,-1.434269,-0.707963,0.666693,0.440830,0.179799,0.534810,0.232289,-0.837678,-0.215211,-1.545378,0.136197,0.593803,-1.052867,-0.371323,0.157678,0.370709,0.198764,0.431589,0.393133,-1.025129,0.361596,-1.380274,-0.289593
1789158655.174332,-0.009640,-0.001910,0.005370,0.077822,0.042445,-0.006263,0.032252,0.018210,-0.999314,0.000000,0.000000,0.000000,0.181806,-0.332123,0.416005,0.118705,0.143317,0.031136,0.116724,0.042585,-0.161957,-0.059525,-0.380742,0.067385,0.872665,-1.003565,-0.610865,0.850848,-1.003564,0.043633,0.349066,0.807215,-2.748894,0.545415,-0.065450,-1.898046,0.593803,-1.052867,-0.371323,0.157678,0.370709,0.198764,0.431589,0.393133,-1.025129,0.361596,-1.380274,-0.289593,0.116371,-0.530714,-0.012781,-0.245858,0.572329,-0.001661,0.247093,0.623570,-0.823987,0.707644,-1.103938,-0.603219
1789158655.194348,-0.009929,-0.002194,0.006692,-0.117121,-0.033055,-0.048607,0.033628,0.015057,-0.999321,0.000000,0.000000,0.000000,0.181852,-0.329480,0.402245,0.111552,0.125010,0.038298,0.115848,0.063880,-0.206136,-0.010697,-0.358438,-0.011291,-0.392699,0.676315,-0.741765,-1.810779,-0.959931,0.021817,-0.130900,1.178097,-3.032510,5.475971,0.916298,-3.839725,0.116371,-0.530714,-0.012781,-0.245858,0.572329,-0.001661,0.247093,0.623570,-0.823987,0.707644,-1.103938,-0.603219,-0.045380,-0.028660,0.342187,-0.301501,0.614336,0.047476,-0.049481,0.833363,-0.802772,0.359802,-0.793230,-0.865632
1789158655.214290,-0.007201,-0.004449,0.006436,-0.279841,-0.195242,-0.120912,0.039016,0.006731,-0.999216,0.000000,0.000000,0.000000,0.155782,-0.297568,0.389948,0.071218,0.116619,0.033741,0.098368,0.097969,-0.224702,0.099537,-0.311766,-0.096736,-2.181661,2.552544,-0.698132,-3.054326,0.567232,-0.414516,-1.025381,1.461713,1.308997,5.083272,2.378011,-3.359759,-0.045380,-0.028660,0.342187,-0.301501,0.614336,0.047476,-0.049481,0.833363,-0.802772,0.359802,-0.793230,-0.865632,-0.257388,0.286356,0.504774,-0.432560,0.627580,0.185031,-0.076574,0.781954,-0.737222,0.182656,-0.709883,-0.686278
1789158655.234168,-0.002571,-0.005236,0.002498,-0.370654,-0.263152,-0.165520,0.045177,-0.000806,-0.998979,0.000000,0.000000,0.000000,0.111044,-0.233173,0.377856,0.028128,0.126617,0.031349,0.062035,0.141787,-0.210035,0.115528,-0.246532,-0.169222,-2.487094,4.057890,-0.305433,-1.941679,0.850848,-0.087267,-1.941679,2.050762,0.458149,-2.225294,3.185226,-2.705261,-0.257388,0.286356,0.504774,-0.432560,0.627580,0.185031,-0.076574,0.781954,-0.737222,0.182656,-0.709883,-0.686278,-0.664263,0.468424,0.432244,-0.900229,1.050940,-0.194408,-0.017372,0.780302,-0.733067,0.732487,-1.075196,-0.554713
1789158655.254140,-0.000298,-0.005737,0.000266,-0.066521,-0.317081,-0.197211,0.052224,-0.000697,-0.998635,0.000000,0.000000,0.000000,0.063470,-0.148601,0.375928,-0.018914,0.138676,0.033782,0.024917,0.168237,-0.199293,0.074118,-0.205568,-0.169148,-2.312561,4.537856,0.196350,-2.508911,0.589049,0.043633,-1.679880,1.003564,0.938114,-2.094394,1.461714,0.152716,-0.664263,0.468424,0.432244,-0.900229,1.050940,-0.194408,-0.017372,0.780302,-0.733067,0.732487,-1.075196,-0.554713,-0.724390,0.125273,0.376922,-1.099709,1.222040,-0.415456,0.333763,0.581433,-0.406030,0.552934,-1.407405,-0.367044
1789158655.274314,0.004995,-0.005089,-0.004953,-0.099678,-0.308027,-0.093082,0.058556,-0.002081,-0.998282,0.000000,0.000000,0.000000,0.009256,-0.066339,0.387456,-0.077361,0.171112,0.016566,0.013108,0.179877,-0.189252,0.099081,-0.236082,-0.149650,-2.901610,3.861541,0.479966,-3.250676,3.097960,-1.287180,-0.109083,0.370882,0.130899,4.734206,-2.356194,0.719949,-0.724390,0.125273,0.376922,-1.099709,1.222040,-0.415456,0.333763,0.581433,-0.406030,0.552934,-1.407405,-0.367044,-0.715286,0.202061,0.525702,-0.932299,1.090444,-0.369700,0.011946,0.419791,-0.715644,0.370492,-1.103843,-0.199748
1789158655.294132,0.008171,-0.003179,-0.005700,-0.210066,-0.301102,0.100930,0.064770,-0.005588,-0.997885,0.000000,0.000000,0.000000,-0.045722,-0.028362,0.398421,-0.134712,0.216665,-0.019819,0.031222,0.173386,-0.173130,0.136434,-0.303689,-0.111484,-2.487094,1.003564,0.370883,-3.512475,2.727077,-1.439897,1.178097,-0.327249,2.879794,0.021817,-3.316126,1.461713,-0.715286,0.202061,0.525702,-0.932299,1.090444,-0.369700,0.011946,0.419791,-0.715644,0.370492,-1.103843,-0.199748,-0.457188,-0.093825,0.234111,-0.923366,1.003411,-0.191314,0.293777,0.474751,-0.393238,-0.003268,-1.187036,0.021127
1789158655.314356,0.009592,-0.002169,-0.003477,-0.231371,-0.178064,0.082154,0.069141,-0.009254,-0.997564,0.000000,0.000000,0.000000,-0.092241,-0.007617,0.413300,-0.174576,0.251269,-0.054636,0.036834,0.146661,-0.137871,0.112166,-0.293268,-0.071235,-1.941679,1.047198,1.221731,-1.570796,1.069014,-1.418080,-0.283616,-1.461713,-1.134464,-1.592613,1.614430,1.439897,-0.457188,-0.093825,0.234111,-0.923366,1.003411,-0.191314,0.293777,0.474751,-0.393238,-0.003268,-1.187036,0.021127,-0.279374,-0.343981,-0.124938,-0.660696,0.964559,-0.047951,0.330568,0.343174,-0.282228,0.101397,-1.283312,0.199180
1789158655.334393,0.009725,-0.001700,-0.001884,-0.005668,-0.128663,-0.047408,0.071480,-0.009281,-0.997399,0.000000,0.000000,0.000000,-0.104504,-0.006815,0.434893,-0.207137,0.268681,-0.062490,0.042329,0.126614,-0.147719,0.056550,-0.296440,-0.024657,0.000000,-0.523599,0.218166,-1.265364,-0.370883,0.239983,0.523599,-0.763582,2.334378,-4.014258,-0.283616,1.832596,-0.279374,-0.343981,-0.124938,-0.660696,0.964559,-0.047951,0.330568,0.343174,-0.282228,0.101397,-1.283312,0.199180,-0.050002,-0.575821,-0.368847,-0.180992,0.818168,-0.026736,0.253028,0.365744,-0.039880,-0.068128,-1.340750,0.254297
1789158655.354201,0.009725,-0.001700,-0.001884,0.044266,0.267882,0.014776,0.066132,-0.007754,-0.997781,0.000000,0.000000,0.000000,-0.095243,-0.022965,0.415326,-0.211029,0.259308,-0.046547,0.063464,0.114067,-0.105498,0.032421,-0.309143,0.023343,0.763582,-1.352630,-1.156281,0.501782,-0.719948,0.719948,0.916298,-0.523599,2.225295,-0.043634,-0.567232,1.745329,-0.050002,-0.575821,-0.368847,-0.180992,0.818168,-0.026736,0.253028,0.365744,-0.039880,-0.068128,-1.340750,0.254297,0.369317,-1.008676,-0.602767,0.224322,0.855294,-0.074265,0.259267,0.226129,-0.317007,-0.114278,-1.269862,0.475645
1789158655.374211,0.005563,-0.001382,0.001333,-0.008198,0.368283,-0.000936,0.059373,-0.008784,-0.998197,0.000000,0.000000,0.000000,-0.072704,-0.056434,0.406499,-0.186892,0.245021,-0.026626,0.070592,0.102488,-0.068527,0.009074,-0.322339,0.048399,1.374447,-2.138028,-0.000000,2.574361,-1.047198,1.069014,0.109083,-0.610865,3.294309,-1.505347,-0.610865,0.807215,0.369317,-1.008676,-0.602767,0.224322,0.855294,-0.074265,0.259267,0.226129,-0.317007,-0.114278,-1.269862,0.475645,0.671508,-1.329031,-0.812350,0.615576,0.869400,-0.127487,0.360610,0.223461,-0.345927,-0.216273,-1.329118,0.655508
1789158655.394289,0.000827,-0.001469,0.002177,0.469440,0.480802,0.134752,0.049092,0.002285,-0.998792,0.000000,0.000000,0.000000,-0.026796,-0.110752,0.406821,-0.129677,0.230963,-0.015486,0.067718,0.085574,-0.044752,-0.011725,-0.319500,0.091628,2.574361,-3.141593,-0.130900,3.556109,-0.109083,0.501782,-0.283616,-0.741765,-1.832595,-0.807215,0.087266,1.723513,0.671508,-1.329031,-0.812350,0.615576,0.869400,-0.127487,0.360610,0.223461,-0.345927,-0.216273,-1.329118,0.655508,0.940056,-1.468309,-0.965530,0.826092,0.658835,0.006975,0.425095,0.100880,-0.355353,-0.329719,-1.452185,0.578115
1789158655.414149,-0.002562,-0.002038,-0.000227,0.671973,0.504770,0.170438,0.038294,0.014089,-0.999167,0.000000,0.000000,0.000000,0.030361,-0.176704,0.415408,-0.057347,0.224745,-0.016953,0.073966,0.071745,-0.070008,-0.032732,-0.326643,0.134656,3.076143,-3.621559,1.003564,4.516040,-0.174533,0.109083,0.567232,-0.654499,-0.829031,-1.112648,-0.218166,1.745329,0.940056,-1.468309,-0.965530,0.826092,0.658835,0.006975,0.425095,0.100880,-0.355353,-0.329719,-1.452185,0.578115,1.022543,-1.496368,-1.043855,0.949246,0.611976,0.074789,0.458558,0.126094,-0.467276,-0.387297,-1.522316,0.500871
1789158655.434277,-0.009752,-0.002456,-0.001320,0.563449,0.482533,0.144739,0.028007,0.024520,-0.999307,0.000000,0.000000,0.000000,0.095835,-0.245249,0.430312,0.018512,0.214805,-0.012650,0.087571,0.057567,-0.080515,-0.060903,-0.347423,0.140086,3.490659,-3.359759,0.523599,3.556109,-1.134464,0.370882,0.479966,-0.719949,-0.327249,-1.374447,-0.959931,-0.000000,1.022543,-1.496368,-1.043855,0.949246,0.611976,0.074789,0.458558,0.126094,-0.467276,-0.387297,-1.522316,0.500871,0.994572,-1.514746,-0.970971,0.862934,0.478864,0.104351,0.469231,0.201388,-0.710838,-0.403860,-1.567337,0.402455
1789158655.454174,-0.014470,-0.003214,0.001201,0.279290,0.420614,0.007586,0.019442,0.029255,-0.999383,0.000000,0.000000,0.000000,0.152975,-0.298048,0.426306,0.082227,0.192325,0.000757,0.098324,0.043656,-0.092564,-0.079771,-0.366237,0.129990,2.639811,-2.334378,-0.785398,3.141593,-1.178097,0.698132,0.610865,-0.632682,-1.461713,-0.894482,-0.719949,-0.370883,0.994572,-1.514746,-0.970971,0.862934,0.478864,0.104351,0.469231,0.201388,-0.710838,-0.403860,-1.567337,0.402455,0.884494,-1.415081,-0.659294,0.676599,0.314500,0.115961,0.435081,0.232377,-1.009991,-0.204503,-1.477243,0.038620
1789158655.474353,-0.019967,-0.005061,0.006972,0.211912,0.214086,0.003058,0.015010,0.032618,-0.999355,0.000000,0.000000,0.000000,0.190448,-0.332237,0.413750,0.122424,0.167193,0.013999,0.105744,0.043599,-0.122532,-0.089493,-0.379611,0.111160,1.614430,-1.374447,-0.218166,1.745329,-1.374447,0.501782,0.349066,0.196350,-2.923426,-0.370883,-0.610865,-0.719948,0.884494,-1.415081,-0.659294,0.676599,0.314500,0.115961,0.435081,0.232377,-1.009991,-0.204503,-1.477243,0.038620,0.503967,-0.959055,-0.261588,0.159789,0.334209,0.165081,0.357463,0.426233,-1.067248,0.369967,-1.190709,-0.384221
1789158655.494186,-0.021348,-0.007004,0.010496,-0.227909,0.039782,-0.035824,0.015011,0.027796,-0.999501,0.000000,0.000000,0.000000,0.204891,-0.347012,0.406553,0.145204,0.140497,0.019279,0.107228,0.052173,-0.175467,-0.071026,-0.372035,0.054788,0.261800,-0.545416,-0.850848,0.458149,-1.723513,0.021817,0.000000,0.545415,-3.948807,1.505346,0.458149,-2.683444,0.503967,-0.959055,-0.261588,0.159789,0.334209,0.165081,0.357463,0.426233,-1.067248,0.369967,-1.190709,-0.384221,0.126470,-0.428849,0.007785,-0.166185,0.485684,-0.005771,0.088370,0.666705,-0.864858,0.574880,-0.895465,-0.763203
1789158655.514684,-0.020227,-0.010754,0.011700,-0.418858,-0.146772,-0.063521,0.018727,0.015977,-0.999697,0.000000,0.000000,0.000000,0.193361,-0.335251,0.390311,0.131328,0.111012,0.025175,0.100277,0.069122,-0.229812,-0.010845,-0.332380,-0.032451,-1.003564,1.418080,-0.654499,-2.138028,-1.374447,-0.152716,-0.458149,1.003564,-2.138028,5.737770,2.181662,-3.948808,0.126470,-0.428849,0.007785,-0.166185,0.485684,-0.005771,0.088370,0.666705,-0.864858,0.574880,-0.895465,-0.763203,-0.017589,0.032359,0.322171,-0.237612,0.541717,0.086435,-0.089099,0.836263,-0.806090,0.278271,-0.747057,-0.910920
1789158655.534212,-0.016850,-0.013463,0.009236,-0.528047,-0.205229,-0.150606,0.023925,0.005153,-0.999700,0.000000,0.000000,0.000000,0.158822,-0.294470,0.384958,0.091688,0.099692,0.026069,0.078103,0.104626,-0.239289,0.085590,-0.269101,-0.127868,-2.268928,3.119776,-0.327249,-2.814343,0.130900,-0.174533,-1.221731,1.636246,1.592613,3.752458,2.967060,-3.752459,-0.017589,0.032359,0.322171,-0.237612,0.541717,0.086435,-0.089099,0.836263,-0.806090,0.278271,-0.747057,-0.910920,-0.239761,0.323965,0.472004,-0.400823,0.587817,0.186596,-0.111859,0.744663,-0.716123,0.175667,-0.731168,-0.715635
1789158655.554263,-0.011806,-0.016055,0.004346,-0.363198,-0.327734,-0.177371,0.031147,-0.002597,-0.999511,0.000000,0.000000,0.000000,0.113337,-0.224438,0.374115,0.043898,0.107633,0.026751,0.042318,0.146227,-0.219553,0.092585,-0.220368,-0.188202,-2.421644,4.363323,-0.239983,-2.203478,0.916298,0.152716,-1.919863,1.876229,1.112648,-2.225295,2.116212,-2.247112,-0.239761,0.323965,0.472004,-0.400823,0.587817,0.186596,-0.111859,0.744663,-0.716123,0.175667,-0.731168,-0.715635,-0.651511,0.403848,0.382987,-0.880259,1.056990,-0.236368,-0.021370,0.723847,-0.679026,0.688059,-1.036631,-0.572582
1789158655.574190,-0.002571,-0.017240,-0.002506,-0.176776,-0.344113,-0.191485,0.038757,-0.004608,-0.999238,0.000000,0.000000,0.000000,0.066980,-0.137516,0.383196,-0.003654,0.123701,0.031870,0.010790,0.168753,-0.201011,0.063419,-0.199700,-0.181573,-2.116212,4.494223,0.741765,-2.574361,1.003564,0.065450,-1.308997,0.829032,1.374447,-1.461713,0.654498,0.414516,-0.651511,0.403848,0.382987,-0.880259,1.056990,-0.236368,-0.021370,0.723847,-0.679026,0.688059,-1.036631,-0.572582,-0.654165,0.058189,0.343518,-1.038532,1.158279,-0.414177,0.336388,0.496609,-0.405568,0.437497,-1.364377,-0.338043
1789158655.594241,0.002396,-0.016788,-0.005377,-0.225912,-0.367016,-0.057928,0.046409,-0.008422,-0.998887,0.000000,0.000000,0.000000,0.014301,-0.061398,0.396300,-0.067816,0.157392,0.016170,0.002904,0.174251,-0.184602,0.091863,-0.231249,-0.156773,-2.814344,3.468842,0.589049,-3.490658,3.490659,-1.505346,-0.043633,0.087266,0.567232,4.756022,-1.941679,0.850848,-0.654165,0.058189,0.343518,-1.038532,1.158279,-0.414177,0.336388,0.496609,-0.405568,0.437497,-1.364377,-0.338043,-0.641091,0.098668,0.477865,-0.872171,1.016674,-0.336977,0.012562,0.417513,-0.686010,0.311993,-1.101781,-0.117800
1789158655.614182,0.008262,-0.014590,-0.006071,-0.289162,-0.376204,0.169905,0.054225,-0.013294,-0.998440,0.000000,0.000000,0.000000,-0.038381,-0.030003,0.414238,-0.126228,0.207305,-0.021815,0.026228,0.160378,-0.160509,0.119027,-0.295491,-0.110808,-2.290745,0.719948,0.807215,-3.425209,2.617994,-1.527163,1.592613,-0.676315,3.097960,-1.069014,-3.119776,1.788963,-0.641091,0.098668,0.477865,-0.872171,1.016674,-0.336977,0.012562,0.417513,-0.686010,0.311993,-1.101781,-0.117800,-0.438277,-0.061917,0.152943,-0.851661,0.959804,-0.143199,0.266021,0.533834,-0.312762,-0.016556,-1.216553,0.001935
1789158655.634224,0.009715,-0.013580,-0.005061,-0.247084,-0.218811,0.088146,0.059698,-0.018314,-0.998048,0.000000,0.000000,0.000000,-0.081234,-0.016147,0.430524,-0.166687,0.242078,-0.056040,0.034628,0.135717,-0.134872,0.093761,-0.287013,-0.059473,-1.788963,0.719948,0.981748,-1.592613,1.265364,-1.287180,-0.043633,-1.199914,-1.505346,-1.287180,1.287180,1.854413,-0.438277,-0.061917,0.152943,-0.851661,0.959804,-0.143199,0.266021,0.533834,-0.312762,-0.016556,-1.216553,0.001935,-0.271879,-0.344512,-0.158065,-0.636247,0.937615,0.001156,0.347424,0.377826,-0.260790,0.106892,-1.352984,0.173165
1789158655.654212,0.010118,-0.009287,0.001122,0.054120,-0.200968,-0.080165,0.063432,-0.016592,-0.997848,0.000000,0.000000,0.000000,-0.091412,-0.014252,0.431735,-0.197865,0.255406,-0.057379,0.040704,0.127997,-0.141299,0.045685,-0.297981,-0.022843,0.109083,-0.283616,-1.156281,-1.047198,-0.545415,0.327249,0.501782,-0.239983,2.421645,-3.534292,-0.392699,1.352630,-0.271879,-0.344512,-0.158065,-0.636247,0.937615,0.001156,0.347424,0.377826,-0.260790,0.106892,-1.352984,0.173165,0.007208,-0.683384,-0.394876,-0.120333,0.859407,-0.064254,0.185264,0.348449,-0.045780,-0.036471,-1.367517,0.331449
1789158655.674144,0.009306,-0.008694,0.002590,-0.119918,0.111821,-0.037821,0.061488,-0.018757,-0.997932,0.000000,0.000000,0.000000,-0.082459,-0.029024,0.405247,-0.201907,0.246371,-0.038655,0.061058,0.120574,-0.094336,0.030484,-0.320187,0.020089,0.654499,-1.374447,-0.567232,0.632682,-0.283616,0.938115,0.894481,-0.305433,1.745329,0.327249,-0.959931,1.614430,0.007208,-0.683384,-0.394876,-0.120333,0.859407,-0.064254,0.185264,0.348449,-0.045780,-0.036471,-1.367517,0.331449,0.396022,-1.075070,-0.576206,0.257513,0.900504,-0.027742,0.350198,0.245727,-0.343148,-0.099557,-1.326607,0.472414
1789158655.694142,0.007537,-0.008582,0.001993,0.008313,0.234992,0.024630,0.057194,-0.018513,-0.998191,0.000000,0.000000,0.000000,-0.060110,-0.064874,0.404699,-0.174565,0.237388,-0.020269,0.066226,0.105662,-0.061396,0.012966,-0.330867,0.059304,1.265364,-2.378011,-0.000000,2.552544,-0.610865,0.763582,0.196350,-0.916298,3.010693,-1.069014,-0.392699,1.439897,0.396022,-1.075070,-0.576206,0.257513,0.900504,-0.027742,0.350198,0.245727,-0.343148,-0.099557,-1.326607,0.472414,0.655333,-1.264759,-0.761898,0.593779,0.871655,-0.073329,0.397585,0.237578,-0.342890,-0.180312,-1.322491,0.556924
1789158655.714137,0.002633,-0.008243,-0.001833,0.437881,0.304101,0.157655,0.050199,-0.008598,-0.998702,0.000000,0.000000,0.000000,-0.016649,-0.121999,0.395637,-0.118576,0.230788,-0.012159,0.068340,0.087527,-0.044600,-0.008365,-0.331554,0.095853,2.574361,-3.250676,-0.130900,3.207043,0.087266,0.610865,0.021817,-0.719948,-2.116211,-0.894482,0.109083,1.308997,0.655333,-1.264759,-0.761898,0.593779,0.871655,-0.073329,0.397585,0.237578,-0.342890,-0.180312,-1.322491,0.556924,0.864991,-1.383435,-0.881568,0.734256,0.630273,0.092484,0.463230,0.108251,-0.332413,-0.258053,-1.517841,0.513470
1789158655.734402,-0.001907,-0.007250,-0.003753,0.734557,0.368949,0.131423,0.042900,0.003577,-0.999073,0.000000,0.000000,0.000000,0.039172,-0.184451,0.414972,-0.045626,0.229976,-0.010023,0.079706,0.075247,-0.072198,-0.027073,-0.330670,0.121381,3.010693,-3.185226,1.243547,4.385140,-0.174533,0.152716,0.741765,-0.501782,-0.676315,-0.916298,0.000000,1.025381,0.864991,-1.383435,-0.881568,0.734256,0.630273,0.092484,0.463230,0.108251,-0.332413,-0.258053,-1.517841,0.513470,0.945899,-1.495163,-0.967139,0.871167,0.594997,0.104229,0.455671,0.094933,-0.519400,-0.332154,-1.573272,0.485752
1789158655.754143,-0.009458,-0.005037,-0.003799,0.644409,0.304500,0.130091,0.036002,0.016146,-0.999221,0.000000,0.000000,0.000000,0.099399,-0.245546,0.425002,0.022218,0.215386,-0.002049,0.096726,0.059160,-0.078901,-0.048489,-0.356943,0.125436,3.119776,-2.879794,0.261799,3.185226,-1.396264,0.414516,0.698132,-0.763582,-0.087266,-1.047198,-1.374447,0.087267,0.945899,-1.495163,-0.967139,0.871167,0.594997,0.104229,0.455671,0.094933,-0.519400,-0.332154,-1.573272,0.485752,0.961405,-1.525212,-0.914295,0.802478,0.466845,0.112223,0.443118,0.154850,-0.770884,-0.354999,-1.555416,0.358681
1789158655.774355,-0.013752,-0.004049,-0.001919,0.224163,0.217948,-0.013853,0.032072,0.018652,-0.999311,0.000000,0.000000,0.000000,0.147647,-0.292891,0.422867,0.079500,0.189658,0.012914,0.104307,0.042446,-0.094025,-0.065803,-0.376870,0.121864,2.312562,-2.138029,-0.414516,2.705261,-1.199914,0.698132,0.458149,-0.763582,-2.138028,-0.872665,-0.741765,-0.130900,0.961405,-1.525212,-0.914295,0.802478,0.466845,0.112223,0.443118,0.154850,-0.770884,-0.354999,-1.555416,0.358681,0.802178,-1.334234,-0.530136,0.524701,0.325872,0.171814,0.455718,0.242549,-1.034587,-0.045233,-1.447696,-0.069370
1789158655.794645,-0.016987,-0.003412,0.001282,0.390211,0.083857,0.056455,0.029992,0.025652,-0.999221,0.000000,0.000000,0.000000,0.179553,-0.327192,0.413442,0.113818,0.163143,0.023645,0.106912,0.037763,-0.132333,-0.076984,-0.381244,0.100963,1.396264,-1.483530,-0.458149,1.570797,-1.308997,0.218166,0.043633,-0.000000,-3.250676,-0.567232,0.000000,-0.785398,0.802178,-1.334234,-0.530136,0.524701,0.325872,0.171814,0.455718,0.242549,-1.034587,-0.045233,-1.447696,-0.069370,0.386450,-0.825395,-0.219692,-0.033070,0.448711,0.113986,0.351686,0.523991,-0.939197,0.603978,-1.241301,-0.467133
1789158655.814156,-0.018863,-0.003129,0.006044,-0.058132,-0.059287,-0.037555,0.031471,0.024052,-0.999215,0.000000,0.000000,0.000000,0.193764,-0.342194,0.405975,0.130887,0.137383,0.027141,0.106751,0.047188,-0.187771,-0.048601,-0.369245,0.036705,0.218167,-0.370883,-0.458149,0.021817,-1.570796,0.021817,-0.196350,0.610865,-3.905175,2.574361,0.523599,-3.403393,0.386450,-0.825395,-0.219692,-0.033070,0.448711,0.113986,0.351686,0.523991,-0.939197,0.603978,-1.241301,-0.467133,0.026188,-0.274726,0.145365,-0.281753,0.609841,-0.045342,0.035788,0.764011,-0.800642,0.597540,-0.910156,-0.813053
1789158655.834214,-0.017387,-0.003838,0.006856,-0.104738,-0.194177,-0.055797,0.036370,0.018666,-0.999164,0.000000,0.000000,0.000000,0.181667,-0.325785,0.394156,0.109967,0.114236,0.031428,0.102622,0.075097,-0.227227,0.024324,-0.335489,-0.053373,-1.156281,1.701696,-0.763582,-2.748893,-0.654499,-0.327249,-0.239983,1.308997,-0.283616,6.610435,1.679880,-4.079708,0.026188,-0.274726,0.145365,-0.281753,0.609841,-0.045342,0.035788,0.764011,-0.800642,0.597540,-0.910156,-0.813053,-0.123407,0.150702,0.457635,-0.343116,0.647595,0.131545,-0.051132,0.884300,-0.762789,0.228764,-0.671333,-0.841262
1789158655.854243,-0.014013,-0.004999,0.005209,-0.363997,-0.251168,-0.150206,0.042179,0.010322,-0.999057,0.000000,0.000000,0.000000,0.142043,-0.278885,0.385648,0.061589,0.114642,0.028676,0.075662,0.120200,-0.220870,0.109221,-0.274795,-0.144389,-2.421644,3.665192,-0.218166,-2.923426,0.959931,-0.065450,-1.592613,2.203478,1.548980,2.290745,3.141593,-3.425210,-0.123407,0.150702,0.457635,-0.343116,0.647595,0.131545,-0.051132,0.884300,-0.762789,0.228764,-0.671333,-0.841262,-0.391890,0.454223,0.547814,-0.582408,0.708762,0.162930,-0.084641,0.728522,-0.707332,0.209543,-0.836022,-0.603543
1789158655.874206,-0.005765,-0.006647,-0.001223,-0.258402,-0.401637,-0.197078,0.051555,0.004691,-0.998659,0.000000,0.000000,0.000000,0.092344,-0.201002,0.378565,0.017778,0.131460,0.028546,0.037467,0.164261,-0.203572,0.094871,-0.211756,-0.183670,-2.378011,4.537857,-0.261799,-2.116212,1.047197,0.065450,-1.898046,1.963496,0.894481,-3.185226,2.683444,-1.221731,-0.391890,0.454223,0.547814,-0.582408,0.708762,0.162930,-0.084641,0.728522,-0.707332,0.209543,-0.836022,-0.603543,-0.644982,0.211461,0.363472,-0.922797,1.164343,-0.260948,0.070435,0.688049,-0.514869,0.459851,-1.249007,-0.331330
1789158655.894181,-0.000314,-0.007055,-0.005874,-0.104471,-0.366616,-0.185493,0.059251,0.003549,-0.998237,0.000000,0.000000,0.000000,0.043486,-0.109413,0.385435,-0.037977,0.150391,0.031919,0.014875,0.179683,-0.191273,0.067202,-0.209010,-0.162778,-2.530728,4.777839,0.894481,-3.207043,1.287180,-0.065450,-0.894481,0.436332,0.850848,-0.938115,-0.261799,1.003564,-0.644982,0.211461,0.363472,-0.922797,1.164343,-0.260948,0.070435,0.688049,-0.514869,0.459851,-1.249007,-0.331330,-0.477479,-0.159301,0.179013,-0.850771,1.125844,-0.305778,0.330379,0.419293,-0.338802,0.187305,-1.352076,-0.046835
1789158655.914669,0.004297,-0.006652,-0.009403,-0.173581,-0.346376,-0.055132,0.066424,0.001100,-0.997791,0.000000,0.000000,0.000000,-0.007306,-0.049957,0.398552,-0.093590,0.185110,0.014054,0.012901,0.175890,-0.168876,0.088118,-0.262417,-0.113467,-2.639811,2.094396,0.218166,-3.272492,3.447025,-1.330814,0.501782,-0.239983,2.356195,2.290745,-3.577925,2.028945,-0.477479,-0.159301,0.179013,-0.850771,1.125844,-0.305778,0.330379,0.419293,-0.338802,0.187305,-1.352076,-0.046835,-0.223826,-0.528120,-0.029236,-0.536471,0.950247,-0.091132,0.462168,0.401456,-0.429615,-0.123876,-1.267065,0.210340
1789158655.934218,0.009286,-0.005534,-0.009950,-0.194753,-0.216148,0.244740,0.071439,0.002021,-0.997443,0.000000,0.000000,0.000000,-0.048714,-0.036780,0.409474,-0.141180,0.227848,-0.016754,0.035176,0.153748,-0.129922,0.074663,-0.310924,-0.049650,-1.570797,-0.305432,0.829032,-2.050762,1.788963,-1.265364,1.243547,-1.025381,2.857977,-1.919863,-1.745329,2.487094,-0.223826,-0.528120,-0.029236,-0.536471,0.950247,-0.091132,0.462168,0.401456,-0.429615,-0.123876,-1.267065,0.210340,-0.035140,-0.484800,-0.358571,-0.223713,0.879476,-0.002538,0.295474,0.487098,-0.273556,-0.210468,-1.193596,0.173577
1789158655.954288,0.010446,-0.004722,-0.003944,0.035877,-0.030392,0.097068,0.071998,0.002736,-0.997401,0.000000,0.000000,0.000000,-0.062267,-0.057304,0.430628,-0.156924,0.251645,-0.032538,0.066674,0.127249,-0.103704,0.020285,-0.314635,0.013010,0.000000,-1.636246,1.069014,0.152716,0.698132,-0.021817,1.418080,-1.243547,0.087267,-3.577925,0.174533,2.356194,-0.035140,-0.484800,-0.358571,-0.223713,0.879476,-0.002538,0.295474,0.487098,-0.273556,-0.210468,-1.193596,0.173577,0.092900,-0.635222,-0.472296,0.075440,0.708636,0.132217,0.316521,0.344480,-0.104564,-0.127802,-1.331984,0.178525
1789158655.974406,0.010076,-0.004984,-0.001553,0.077156,0.199039,-0.080432,0.068061,0.004175,-0.997672,0.000000,0.000000,0.000000,-0.048607,-0.076574,0.429065,-0.147952,0.249237,-0.023402,0.083279,0.120124,-0.094214,-0.023918,-0.303094,0.032107,1.025381,-0.850848,-0.916298,1.548980,-1.112647,0.523599,0.479966,-0.196350,1.898046,-1.679880,0.567232,0.523598,0.092900,-0.635222,-0.472296,0.075440,0.708636,0.132217,0.316521,0.344480,-0.104564,-0.127802,-1.331984,0.178525,0.495880,-1.145334,-0.673952,0.481994,0.759956,-0.041838,0.238119,0.194432,-0.239645,-0.137252,-1.295009,0.469181
1789158655.994530,0.007864,-0.006277,0.001646,0.132017,0.267882,0.036082,0.063100,0.005999,-0.997989,0.000000,0.000000,0.000000,-0.021271,-0.104564,0.410832,-0.111253,0.226068,-0.004861,0.082147,0.111757,-0.065767,-0.031546,-0.319345,0.040267,1.374447,-1.767146,-0.239983,2.268928,-1.418080,0.763582,-0.392699,-0.458149,2.399828,0.283616,-0.741765,0.218166,0.495880,-1.145334,-0.673952,0.481994,0.759956,-0.041838,0.238119,0.194432,-0.239645,-0.137252,-1.295009,0.469181,0.783036,-1.445048,-0.785052,0.605232,0.697178,-0.138430,0.305967,0.160858,-0.575484,-0.238898,-1.237815,0.610041
1789158656.014128,0.001076,-0.007741,-0.000558,0.133349,0.339121,0.066042,0.056822,0.009855,-0.998336,0.000000,0.000000,0.000000,0.017606,-0.153112,0.408015,-0.053461,0.207995,0.007850,0.074135,0.086466,-0.048797,-0.029449,-0.320763,0.083952,2.072579,-2.967060,-0.283616,3.817908,-0.305433,0.479966,-0.218166,-1.461713,-1.003564,0.152716,0.065450,2.159845,0.783036,-1.445048,-0.785052,0.605232,0.697178,-0.138430,0.305967,0.160858,-0.575484,-0.238898,-1.237815,0.610041,0.885758,-1.466121,-0.796539,0.735786,0.604831,-0.062347,0.414244,0.084013,-0.490346,-0.250481,-1.288916,0.453896
1789158656.034420,-0.001111,-0.007893,-0.002687,0.406989,0.314088,0.168174,0.049750,0.016031,-0.998633,0.000000,0.000000,0.000000,0.063890,-0.213151,0.402171,0.004639,0.196858,-0.000980,0.073019,0.063043,-0.072053,-0.043065,-0.314785,0.124564,2.399828,-3.468842,-0.130900,2.770710,-0.545416,-0.567232,0.000000,-0.894481,-3.010693,-0.916298,0.414516,1.527163,0.885758,-1.466121,-0.796539,0.735786,0.604831,-0.062347,0.414244,0.084013,-0.490346,-0.250481,-1.288916,0.453896,0.916904,-1.367002,-0.788141,0.665074,0.443187,0.122196,0.424285,0.153409,-0.520073,-0.190783,-1.444770,0.252933
1789158656.054600,-0.009508,-0.007896,-0.006740,0.334018,0.297842,0.067507,0.043437,0.022270,-0.998808,0.000000,0.000000,0.000000,0.116064,-0.274306,0.407873,0.061147,0.183430,-0.011035,0.083494,0.048723,-0.113101,-0.054816,-0.318840,0.118269,2.508911,-2.857977,0.479966,2.748894,-1.265364,-0.174533,0.676315,-0.719949,-0.305433,-0.327249,-0.239983,-0.261800,0.916904,-1.367002,-0.788141,0.665074,0.443187,0.122196,0.424285,0.153409,-0.520073,-0.190783,-1.444770,0.252933,0.821431,-1.313937,-0.582271,0.467874,0.369245,0.036578,0.399832,0.218347,-0.855846,0.042026,-1.335669,0.088267
1789158656.074505,-0.011402,-0.008037,-0.005772,0.259982,0.244047,-0.002800,0.038227,0.026972,-0.998905,0.000000,0.000000,0.000000,0.163267,-0.314814,0.409894,0.091968,0.163825,0.000298,0.095831,0.040534,-0.117410,-0.052222,-0.340799,0.085004,1.854413,-1.505347,-0.000000,1.156281,-1.352630,0.654499,0.458149,-0.218166,-0.283616,0.458149,-1.221731,-1.418080,0.821431,-1.313937,-0.582271,0.467874,0.369245,0.036578,0.399832,0.218347,-0.855846,0.042026,-1.335669,0.088267,0.479966,-0.914899,-0.242071,0.109813,0.399370,-0.000122,0.315612,0.394239,-0.946626,0.424461,-1.003274,-0.238595
1789158656.094912,-0.014871,-0.008690,0.000104,-0.326446,0.045242,-0.065917,0.037981,0.020081,-0.999077,0.000000,0.000000,0.000000,0.186390,-0.328436,0.410448,0.100703,0.139598,0.011504,0.096489,0.044314,-0.135935,-0.022691,-0.337927,0.046190,0.654499,-0.436333,0.043633,-0.349066,-1.396264,0.043633,-0.087266,0.261799,-2.792527,2.530727,0.392699,-1.527164,0.479966,-0.914899,-0.242071,0.109813,0.399370,-0.000122,0.315612,0.394239,-0.946626,0.424461,-1.003274,-0.238595,0.147221,-0.453075,0.036586,-0.080209,0.464750,-0.045723,0.008784,0.599692,-0.817528,0.461232,-0.776748,-0.633090
1789158656.114254,-0.014805,-0.010183,0.004862,-0.223781,-0.152631,-0.066983,0.041638,0.014399,-0.999029,0.000000,0.000000,0.000000,0.179180,-0.316393,0.407445,0.084837,0.117955,0.010359,0.090255,0.063722,-0.193921,0.038707,-0.293241,-0.015237,-0.850848,1.178097,-0.370883,-1.658063,-1.025381,-0.523599,-0.305433,1.156281,-2.639811,4.428774,2.945244,-2.770711,0.147221,-0.453075,0.036586,-0.080209,0.464750,-0.045723,0.008784,0.599692,-0.817528,0.461232,-0.776748,-0.633090,-0.062602,-0.023955,0.288846,-0.279359,0.530865,0.039792,-0.098609,0.761392,-0.817818,0.333733,-0.840172,-0.784337
1789158656.134479,-0.013164,-0.011194,0.005548,-0.252011,-0.175668,-0.153269,0.046552,0.007142,-0.998890,0.000000,0.000000,0.000000,0.149242,-0.280600,0.408312,0.058300,0.108007,0.006462,0.067677,0.096709,-0.212566,0.087295,-0.234833,-0.095269,-2.050762,2.967060,0.327249,-1.788963,-0.087267,-0.436332,-1.287180,1.614430,0.807215,1.592613,2.661628,-4.057891,-0.062602,-0.023955,0.288846,-0.279359,0.530865,0.039792,-0.098609,0.761392,-0.817818,0.333733,-0.840172,-0.784337,-0.367898,0.352117,0.513799,-0.609616,0.723241,0.049495,-0.084884,0.731001,-0.750488,0.388007,-0.862718,-0.679969
1789158656.154717,-0.008826,-0.012415,0.001232,-0.152009,-0.228265,-0.114387,0.051691,0.003029,-0.998659,0.000000,0.000000,0.000000,0.105642,-0.213563,0.408912,0.026082,0.114937,0.007749,0.033114,0.134037,-0.205140,0.086842,-0.219201,-0.157536,-2.421644,3.926991,-0.152716,-1.898046,0.676315,0.043633,-1.701696,1.788963,0.109083,-0.719948,0.239983,-2.203479,-0.367898,0.352117,0.513799,-0.609616,0.723241,0.049495,-0.084884,0.731001,-0.750488,0.388007,-0.862718,-0.679969,-0.753427,0.535014,0.532200,-1.082361,1.124301,-0.246464,0.038503,0.653696,-0.750133,0.723993,-1.052744,-0.639027
1789158656.174314,-0.005333,-0.012420,-0.003235,-0.323916,-0.279265,-0.131298,0.057812,-0.003256,-0.998322,0.000000,0.000000,0.000000,0.054512,-0.132610,0.412989,-0.023090,0.133497,0.009216,0.005426,0.157160,-0.199525,0.090529,-0.219820,-0.162358,-2.770710,4.428773,0.501782,-3.054327,1.374447,-0.196350,-0.981748,1.003564,0.785398,0.196350,-0.130900,0.043633,-0.753427,0.535014,0.532200,-1.082361,1.124301,-0.246464,0.038503,0.653696,-0.750133,0.723993,-1.052744,-0.639027,-0.890594,0.390860,0.544837,-1.233602,1.294897,-0.416459,0.208790,0.574335,-0.605105,0.488165,-1.252983,-0.540008
1789158656.194353,-0.001687,-0.011230,-0.006158,-0.273316,-0.243179,-0.052735,0.063034,-0.008307,-0.997977,0.000000,0.000000,0.000000,-0.007131,-0.057964,0.418874,-0.082783,0.170343,-0.000863,0.003212,0.163539,-0.192184,0.123982,-0.245296,-0.158704,-3.250676,3.643375,-0.043633,-4.057891,3.512475,-1.178097,0.218166,0.021817,0.130900,3.621559,-1.308997,0.065450,-0.890594,0.390860,0.544837,-1.233602,1.294897,-0.416459,0.208790,0.574335,-0.605105,0.488165,-1.252983,-0.540008,-0.831203,0.304423,0.633699,-1.176314,1.169499,-0.364702,0.127924,0.577250,-0.683798,0.313617,-1.168199,-0.302575
1789158656.214242,0.002524,-0.008783,-0.007323,-0.191024,-0.291249,0.027693,0.069040,-0.011464,-0.997548,0.000000,0.000000,0.000000,-0.070124,-0.009248,0.418891,-0.152239,0.224969,-0.029187,0.021535,0.156456,-0.179615,0.134023,-0.286805,-0.143315,-2.945243,1.919862,0.261799,-3.294309,3.054327,-1.374447,1.090831,-0.479966,1.679880,-1.156280,-1.723513,0.479966,-0.831203,0.304423,0.633699,-1.176314,1.169499,-0.364702,0.127924,0.577250,-0.683798,0.313617,-1.168199,-0.302575,-0.586865,-0.052292,0.299369,-1.058777,1.020173,-0.207393,0.282628,0.441996,-0.359117,0.073686,-1.226402,0.015979
1789158656.234205,0.003988,-0.006078,-0.005017,-0.126975,-0.174469,0.027560,0.073864,-0.012991,-0.997184,0.000000,0.000000,0.000000,-0.116653,0.019471,0.427124,-0.209990,0.267500,-0.059836,0.033267,0.146770,-0.164294,0.103008,-0.289898,-0.102935,-1.941679,1.134464,0.261799,-2.705261,1.592613,-1.243547,0.239983,-0.370883,0.021817,-1.898045,0.218166,1.723513,-0.586865,-0.052292,0.299369,-1.058777,1.020173,-0.207393,0.282628,0.441996,-0.359117,0.073686,-1.226402,0.015979,-0.330496,-0.339284,-0.137987,-0.720258,0.992134,-0.121772,0.240796,0.359663,-0.266150,0.037396,-1.273040,0.215739
1789158656.254305,0.003932,-0.003852,-0.001613,-0.007266,-0.044773,-0.077236,0.074956,-0.012561,-0.997108,0.000000,0.000000,0.000000,-0.130398,0.020630,0.420756,-0.244937,0.285125,-0.066400,0.042593,0.134776,-0.148490,0.056024,-0.300130,-0.038298,-0.152716,-0.545415,-0.719948,-0.981748,-0.479966,0.065450,0.436332,-0.567232,3.097960,-2.617994,-0.327249,2.792527,-0.330496,-0.339284,-0.137987,-0.720258,0.992134,-0.121772,0.240796,0.359663,-0.266150,0.037396,-1.273040,0.215739,-0.046611,-0.597435,-0.349841,-0.192993,0.931417,-0.134038,0.184401,0.371132,-0.136431,-0.080904,-1.234998,0.286968
1789158656.274408,0.001350,-0.002680,0.003058,0.023760,0.257096,-0.025437,0.069859,-0.011773,-0.997487,0.000000,0.000000,0.000000,-0.118347,-0.000065,0.411708,-0.242098,0.271651,-0.056152,0.055749,0.118389,-0.101410,0.027615,-0.308876,0.020580,0.829032,-1.679880,-0.021817,1.047198,-0.698132,0.501782,0.501782,-0.938115,2.181662,-0.981748,-0.261799,2.116212,-0.046611,-0.597435,-0.349841,-0.192993,0.931417,-0.134038,0.184401,0.371132,-0.136431,-0.080904,-1.234998,0.286968,0.298172,-0.926009,-0.551785,0.181962,0.915134,-0.092812,0.315597,0.249522,-0.254441,-0.083599,-1.227917,0.444487
1789158656.294400,-0.001866,-0.002816,0.005098,0.175294,0.427538,0.056588,0.061237,-0.008599,-0.998086,0.000000,0.000000,0.000000,-0.090195,-0.043311,0.414271,-0.206139,0.258765,-0.042129,0.056234,0.105275,-0.069785,0.003036,-0.307867,0.052413,1.701696,-2.596178,0.087266,3.032510,-0.763582,0.698132,-0.174533,-0.654499,2.247112,-1.396263,0.218166,1.047198,0.298172,-0.926009,-0.551785,0.181962,0.915134,-0.092812,0.315597,0.249522,-0.254441,-0.083599,-1.227917,0.444487,0.630547,-1.230494,-0.783818,0.562724,0.872033,-0.137526,0.341508,0.141062,-0.272973,-0.160293,-1.300687,0.665036
1789158656.314147,-0.008343,-0.002816,0.003225,0.507257,0.467220,0.123433,0.051171,0.001398,-0.998689,0.000000,0.000000,0.000000,-0.044563,-0.101712,0.417895,-0.141933,0.247385,-0.032252,0.058724,0.090268,-0.054284,-0.011180,-0.308674,0.088771,2.552544,-3.141593,0.610865,4.123341,-0.239983,0.458149,0.152716,-0.567232,-0.763582,-0.392699,-0.087266,1.418080,0.630547,-1.230494,-0.783818,0.562724,0.872033,-0.137526,0.341508,0.141062,-0.272973,-0.160293,-1.300687,0.665036,0.920987,-1.461552,-0.945412,0.815670,0.740688,-0.045188,0.416401,0.028992,-0.373688,-0.308840,-1.410512,0.678507
1789158656.334420,-0.013249,-0.002118,0.000969,0.625368,0.491721,0.102394,0.040967,0.013484,-0.999070,0.000000,0.000000,0.000000,0.014404,-0.165225,0.430857,-0.069406,0.237805,-0.026012,0.071792,0.068336,-0.061243,-0.024428,-0.316710,0.135221,3.010693,-3.272493,0.414516,4.079707,-0.349066,0.392699,0.654498,-1.178097,-0.305433,-0.719948,-0.349066,1.876229,0.920987,-1.461552,-0.945412,0.815670,0.740688,-0.045188,0.416401,0.028992,-0.373688,-0.308840,-1.410512,0.678507,1.068053,-1.541725,-1.033090,0.975842,0.650386,0.018272,0.430323,0.101049,-0.471645,-0.400767,-1.416208,0.532722
1789158656.354516,-0.021058,-0.000509,-0.000860,0.634689,0.505436,0.109052,0.030377,0.025477,-0.999214,0.000000,0.000000,0.000000,0.079778,-0.232083,0.424492,0.007353,0.224960,-0.020326,0.084400,0.044526,-0.072217,-0.052724,-0.336983,0.155513,3.250676,-3.447026,-0.654499,3.665192,-0.785398,0.436332,0.458149,-1.178097,-1.221731,-1.658063,-0.959931,0.698132,1.068053,-1.541725,-1.033090,0.975842,0.650386,0.018272,0.430323,0.101049,-0.471645,-0.400767,-1.416208,0.532722,1.070742,-1.555590,-1.013018,0.981161,0.452603,0.081744,0.412254,0.166947,-0.550496,-0.423157,-1.508715,0.412996
1789158656.374246,-0.025719,0.000393,0.000893,0.500732,0.403170,0.002526,0.021748,0.034485,-0.999169,0.000000,0.000000,0.000000,0.142926,-0.289130,0.416256,0.076119,0.205383,-0.009639,0.092783,0.033242,-0.092615,-0.078315,-0.347404,0.140416,3.097960,-2.552544,-0.305433,3.534292,-1.243547,0.545415,0.349066,-0.370883,-1.461713,-1.308997,-0.370883,-0.501782,1.070742,-1.555590,-1.013018,0.981161,0.452603,0.081744,0.412254,0.166947,-0.550496,-0.423157,-1.508715,0.412996,0.945816,-1.462645,-0.745428,0.778337,0.326341,0.126723,0.434317,0.202114,-0.893866,-0.292917,-1.523876,0.114745
1789158656.394291,-0.028806,0.000916,0.005065,0.311115,0.232728,-0.007994,0.016792,0.040174,-0.999052,0.000000,0.000000,0.000000,0.190025,-0.331007,0.407003,0.124238,0.178513,0.001894,0.098878,0.035663,-0.113060,-0.092638,-0.363245,0.116925,2.138029,-1.745329,-0.610865,2.378011,-1.767146,0.349066,0.283616,0.218166,-1.156281,-0.698132,-0.763582,-0.872665,0.945816,-1.462645,-0.745428,0.778337,0.326341,0.126723,0.434317,0.202114,-0.893866,-0.292917,-1.523876,0.114745,0.644043,-1.100501,-0.356721,0.298189,0.285434,0.131749,0.368686,0.326365,-1.084403,0.209716,-1.249437,-0.262695
1789158656.414141,-0.030117,0.000616,0.011538,-0.079571,0.053098,-0.039818,0.016023,0.038215,-0.999141,0.000000,0.000000,0.000000,0.211913,-0.351938,0.396245,0.154091,0.144351,0.011493,0.099723,0.045072,-0.144384,-0.083006,-0.373000,0.066024,0.501782,-0.807215,-0.414516,0.785399,-1.832596,0.305433,0.021817,0.545415,-3.512475,0.785398,-0.414516,-2.159845,0.644043,-1.100501,-0.356721,0.298189,0.285434,0.131749,0.368686,0.326365,-1.084403,0.209716,-1.249437,-0.262695,0.234062,-0.581646,-0.058689,-0.053300,0.463918,0.011681,0.160232,0.568177,-0.868161,0.545999,-0.868913,-0.662814
1789158656.434165,-0.028050,-0.000397,0.013786,-0.271052,-0.118942,-0.033294,0.019365,0.031249,-0.999324,0.000000,0.000000,0.000000,0.204757,-0.346467,0.386864,0.144830,0.112760,0.021717,0.095581,0.057207,-0.211110,-0.030111,-0.339678,-0.010694,-0.938115,0.785398,-0.567232,-1.701696,-1.592613,0.043633,-0.283616,0.719948,-3.752458,5.083272,1.745329,-3.381576,0.234062,-0.581646,-0.058689,-0.053300,0.463918,0.011681,0.160232,0.568177,-0.868161,0.545999,-0.868913,-0.662814,0.042461,-0.086259,0.224120,-0.193733,0.512460,0.052594,-0.048442,0.784995,-0.820069,0.336626,-0.768537,-0.897841
1789158656.454245,-0.021788,-0.002795,0.011307,-0.428046,-0.245442,-0.094813,0.025454,0.021106,-0.999453,0.000000,0.000000,0.000000,0.171773,-0.311378,0.377384,0.111985,0.096308,0.022273,0.079166,0.088061,-0.236229,0.066024,-0.273058,-0.102957,-1.919863,2.705260,-0.414516,-2.487094,0.043633,-0.283616,-1.090831,1.527163,1.243547,4.603307,3.796092,-3.926991,0.042461,-0.086259,0.224120,-0.193733,0.512460,0.052594,-0.048442,0.784995,-0.820069,0.336626,-0.768537,-0.897841,-0.147195,0.243264,0.437551,-0.344771,0.580908,0.194063,-0.097617,0.818296,-0.712674,0.188182,-0.734663,-0.743363
1789158656.474271,-0.015421,-0.004451,0.006304,-0.422719,-0.330530,-0.169781,0.032665,0.012842,-0.999384,0.000000,0.000000,0.000000,0.125863,-0.245601,0.371731,0.066299,0.102376,0.025210,0.048967,0.130170,-0.219266,0.086460,-0.222915,-0.177845,-2.268928,4.210607,-0.021817,-2.552544,0.785398,0.021817,-1.701696,1.941679,0.894481,-0.829032,1.876229,-2.661628,-0.147195,0.243264,0.437551,-0.344771,0.580908,0.194063,-0.097617,0.818296,-0.712674,0.188182,-0.734663,-0.743363,-0.512280,0.459059,0.429806,-0.740096,0.871118,-0.057091,-0.024993,0.684931,-0.696102,0.508686,-1.017938,-0.623837
1789158656.494169,-0.007965,-0.005426,-0.000350,-0.277976,-0.410425,-0.203337,0.042141,0.008377,-0.999077,0.000000,0.000000,0.000000,0.078813,-0.160977,0.377616,0.017296,0.117658,0.030436,0.016904,0.163244,-0.202168,0.065415,-0.201044,-0.181390,-2.028945,4.516039,0.392699,-2.378011,1.047198,0.087267,-1.374447,1.548980,1.505346,-1.592613,0.785399,0.130900,-0.512280,0.459059,0.429806,-0.740096,0.871118,-0.057091,-0.024993,0.684931,-0.696102,0.508686,-1.017938,-0.623837,-0.616322,0.143095,0.375226,-0.942406,1.117380,-0.343494,0.212524,0.529249,-0.443727,0.359261,-1.328132,-0.393087
1789158656.514484,0.002266,-0.005206,-0.007828,-0.244687,-0.364752,-0.111191,0.049761,0.004098,-0.998753,0.000000,0.000000,0.000000,0.029341,-0.077817,0.391563,-0.045828,0.145283,0.023951,0.006498,0.173124,-0.186190,0.088386,-0.230467,-0.163296,-2.574361,3.905174,0.938115,-3.774275,2.465277,-0.654499,-0.130900,0.239983,0.392699,2.901610,-1.767146,0.610865,-0.616322,0.143095,0.375226,-0.942406,1.117380,-0.343494,0.212524,0.529249,-0.443727,0.359261,-1.328132,-0.393087,-0.587658,0.015557,0.403286,-0.851330,1.082375,-0.306005,0.131255,0.419736,-0.635888,0.192564,-1.254907,-0.129835
1789158656.534288,0.007774,-0.004154,-0.009882,-0.197549,-0.410425,0.055922,0.058165,0.000943,-0.998307,0.000000,0.000000,0.000000,-0.021454,-0.034672,0.411942,-0.102240,0.188895,-0.003140,0.020136,0.159631,-0.163525,0.093968,-0.289603,-0.122092,-2.421645,1.330814,0.654499,-3.425209,2.879793,-1.483530,1.090831,-0.872664,2.901610,-0.414516,-2.857977,1.527164,-0.587658,0.015557,0.403286,-0.851330,1.082375,-0.306005,0.131255,0.419736,-0.635888,0.192564,-1.254907,-0.129835,-0.383769,-0.164360,0.136641,-0.737108,0.943677,-0.144529,0.294171,0.456317,-0.343218,-0.075755,-1.192492,0.009694
1789158656.554368,0.012140,-0.002347,-0.009116,-0.301279,-0.333060,0.155658,0.065426,-0.004751,-0.997846,0.000000,0.000000,0.000000,-0.064953,-0.020197,0.429611,-0.147908,0.230701,-0.037321,0.032004,0.135930,-0.140615,0.069476,-0.304771,-0.066954,-1.876229,0.370882,1.156281,-1.701697,1.898046,-1.090831,0.261799,-1.090831,-1.221731,-1.614430,-0.261799,2.225295,-0.383769,-0.164360,0.136641,-0.737108,0.943677,-0.144529,0.294171,0.456317,-0.343218,-0.075755,-1.192492,0.009694,-0.247157,-0.308255,-0.158336,-0.526717,0.869014,0.042739,0.352545,0.365943,-0.220067,0.016503,-1.325343,0.069483
1789158656.574697,0.015257,-0.000240,-0.004054,-0.142422,-0.194842,-0.030098,0.069414,-0.007047,-0.997563,0.000000,0.000000,0.000000,-0.080449,-0.024102,0.432191,-0.178004,0.251397,-0.045334,0.041732,0.122845,-0.134787,0.022025,-0.302028,-0.023612,-0.327250,-0.501782,-1.090831,-1.047198,-0.043633,0.283616,0.654499,-0.523599,2.836160,-2.792527,0.174533,1.548980,-0.247157,-0.308255,-0.158336,-0.526717,0.869014,0.042739,0.352545,0.365943,-0.220067,0.016503,-1.325343,0.069483,-0.033831,-0.574842,-0.297658,-0.117472,0.837491,-0.054074,0.189443,0.338814,-0.110679,-0.033219,-1.271456,0.201210
1789158656.594458,0.015731,0.000048,-0.002461,-0.048811,0.034855,-0.023839,0.068920,-0.007833,-0.997591,0.000000,0.000000,0.000000,-0.073137,-0.035065,0.408866,-0.178410,0.241525,-0.031374,0.063734,0.113840,-0.093188,0.005256,-0.316950,0.003285,0.698132,-1.047198,-0.392699,0.807215,-0.850848,0.763582,0.894481,-0.501782,2.225295,-0.000000,-0.698132,0.981748,-0.033831,-0.574842,-0.297658,-0.117472,0.837491,-0.054074,0.189443,0.338814,-0.110679,-0.033219,-1.271456,0.201210,0.328542,-0.990466,-0.482475,0.177971,0.873111,-0.058086,0.312886,0.204950,-0.328881,-0.049887,-1.254528,0.449053
1789158656.614445,0.012396,0.000013,-0.000050,-0.048012,0.176402,0.002126,0.065902,-0.008693,-0.997788,0.000000,0.000000,0.000000,-0.054991,-0.062990,0.407292,-0.149168,0.228841,-0.014302,0.066995,0.100039,-0.061524,0.000536,-0.315238,0.032001,1.047198,-1.898046,-0.239983,2.530727,-0.479966,0.807215,0.000000,-0.741765,2.007129,-0.349066,0.239983,1.156281,0.328542,-0.990466,-0.482475,0.177971,0.873111,-0.058086,0.312886,0.204950,-0.328881,-0.049887,-1.254528,0.449053,0.605147,-1.225565,-0.653217,0.499690,0.854061,-0.113752,0.360132,0.123042,-0.342980,-0.106474,-1.225355,0.543307
1789158656.634259,0.009895,0.000328,-0.002320,0.406323,0.219013,0.167642,0.060897,-0.000055,-0.998144,0.000000,0.000000,0.000000,-0.019665,-0.113316,0.397930,-0.102038,0.222255,-0.009854,0.065787,0.080750,-0.053995,-0.005570,-0.314889,0.080789,2.072579,-3.054327,-0.109083,2.792527,0.109083,0.218166,-0.152716,-0.850848,-1.985312,-0.109083,0.021817,2.050762,0.605147,-1.225565,-0.653217,0.499690,0.854061,-0.113752,0.360132,0.123042,-0.342980,-0.106474,-1.225355,0.543307,0.814627,-1.305111,-0.797246,0.621718,0.659624,0.057145,0.449857,0.042160,-0.306068,-0.194159,-1.384931,0.474082
1789158656.654192,0.004613,0.002239,-0.005150,0.478628,0.295446,0.115178,0.055896,0.010212,-0.998384,0.000000,0.000000,0.000000,0.028446,-0.172728,0.410690,-0.037459,0.222283,-0.012644,0.074326,0.061301,-0.073733,-0.015541,-0.310367,0.114064,2.705261,-3.163409,0.829031,3.730642,-0.087266,-0.021817,0.632682,-1.069014,-0.654499,-0.545415,0.218166,1.221731,0.814627,-1.305111,-0.797246,0.621718,0.659624,0.057145,0.449857,0.042160,-0.306068,-0.194159,-1.384931,0.474082,0.897938,-1.392473,-0.865482,0.767655,0.609952,0.104047,0.493118,0.059431,-0.402155,-0.251185,-1.452497,0.452816
1789158656.674191,0.000463,0.003999,-0.004657,0.678631,0.282130,0.114112,0.049768,0.023136,-0.998493,0.000000,0.000000,0.000000,0.085775,-0.230915,0.418970,0.018226,0.211816,-0.007427,0.089491,0.040959,-0.079111,-0.033725,-0.329929,0.116276,3.032510,-2.770710,0.218166,2.792527,-0.981748,0.261799,0.545415,-0.872665,0.043633,-1.003564,-0.938114,-0.109083,0.897938,-1.392473,-0.865482,0.767655,0.609952,0.104047,0.493118,0.059431,-0.402155,-0.251185,-1.452497,0.452816,0.947308,-1.479777,-0.893842,0.762419,0.496486,0.102810,0.446250,0.121276,-0.632128,-0.315747,-1.483993,0.400328
1789158656.694322,-0.003556,0.005502,-0.002899,0.255055,0.212089,-0.023307,0.045245,0.027890,-0.998587,0.000000,0.000000,0.000000,0.136378,-0.275901,0.426259,0.070556,0.190433,0.008038,0.101842,0.027564,-0.083567,-0.049413,-0.349329,0.113055,2.356195,-2.028946,0.370882,2.596178,-1.156281,0.698132,0.698132,-0.479966,-1.243547,-0.829031,-0.829031,-0.065450,0.947308,-1.479777,-0.893842,0.762419,0.496486,0.102810,0.446250,0.121276,-0.632128,-0.315747,-1.483993,0.400328,0.837205,-1.413731,-0.635783,0.614426,0.446472,0.151958,0.493484,0.214158,-0.888209,-0.221940,-1.433624,0.105762
1789158656.714180,-0.008172,0.007137,0.001159,0.282752,0.088385,0.027426,0.043758,0.031804,-0.998536,0.000000,0.000000,0.000000,0.170772,-0.310118,0.421980,0.103430,0.167973,0.021079,0.108120,0.027239,-0.108790,-0.063905,-0.359858,0.103598,1.243547,-1.636246,-0.370883,1.548980,-1.112647,0.479966,0.109083,0.109083,-2.748893,-0.698132,-0.349066,-0.392699,0.837205,-1.413731,-0.635783,0.614426,0.446472,0.151958,0.493484,0.214158,-0.888209,-0.221940,-1.433624,0.105762,0.534190,-1.002862,-0.297676,0.142574,0.385780,0.181580,0.399124,0.371103,-1.014534,0.369685,-1.239364,-0.323791
1789158656.734468,-0.009724,0.008106,0.003885,-0.080237,-0.041844,-0.027967,0.044739,0.029401,-0.998566,0.000000,0.000000,0.000000,0.187868,-0.331550,0.416622,0.122948,0.146404,0.025748,0.109322,0.039372,-0.155816,-0.060832,-0.359086,0.059983,0.436333,-0.785399,-0.567232,0.545416,-1.090831,0.087266,0.000000,0.632682,-3.621558,0.589049,0.152716,-1.963496,0.534190,-1.002862,-0.297676,0.142574,0.385780,0.181580,0.399124,0.371103,-1.014534,0.369685,-1.239364,-0.323791,0.090173,-0.482356,-0.014618,-0.232451,0.553138,-0.008073,0.198969,0.585160,-0.820002,0.692074,-1.039313,-0.680867
1789158656.754446,-0.009115,0.008117,0.005459,-0.147748,-0.159555,-0.084293,0.048349,0.025626,-0.998502,0.000000,0.000000,0.000000,0.183014,-0.326262,0.405645,0.112749,0.125703,0.032748,0.106925,0.059656,-0.208407,-0.011649,-0.330177,-0.019661,-0.610865,0.850848,-0.501782,-1.745329,-1.134464,-0.109083,-0.065450,1.221731,-2.661627,5.475971,1.330814,-3.817908,0.090173,-0.482356,-0.014618,-0.232451,0.553138,-0.008073,0.198969,0.585160,-0.820002,0.692074,-1.039313,-0.680867,-0.072153,-0.010176,0.357450,-0.294534,0.603234,0.060048,-0.059304,0.783542,-0.793752,0.327903,-0.791739,-0.878196
1789158656.774368,-0.006847,0.007826,0.004475,-0.376513,-0.248106,-0.171379,0.054125,0.017557,-0.998380,0.000000,0.000000,0.000000,0.154552,-0.293387,0.397813,0.072871,0.116104,0.029991,0.090459,0.091950,-0.224252,0.097892,-0.288485,-0.110148,-2.334378,2.727077,-0.479966,-2.988876,0.283616,-0.196350,-0.981748,1.439897,1.308997,4.974189,1.876229,-3.708825,-0.072153,-0.010176,0.357450,-0.294534,0.603234,0.060048,-0.059304,0.783542,-0.793752,0.327903,-0.791739,-0.878196,-0.247309,0.280621,0.489877,-0.384300,0.605790,0.196825,-0.081684,0.704447,-0.742398,0.147345,-0.659671,-0.723524
1789158656.794193,-0.003042,0.007471,0.001273,-0.277444,-0.331196,-0.194149,0.061469,0.011065,-0.998048,0.000000,0.000000,0.000000,0.107452,-0.227984,0.388091,0.032477,0.124972,0.030326,0.053172,0.132600,-0.208650,0.112177,-0.236245,-0.177147,-2.596177,4.079707,-0.152716,-1.941679,0.894481,0.087266,-2.138028,1.941679,0.567232,-2.356194,2.421645,-2.378012,-0.247309,0.280621,0.489877,-0.384300,0.605790,0.196825,-0.081684,0.704447,-0.742398,0.147345,-0.659671,-0.723524,-0.670894,0.420000,0.381526,-0.867945,1.058144,-0.210495,-0.009077,0.696643,-0.730754,0.705439,-1.021194,-0.594678
1789158656.814180,0.003022,0.007335,-0.004681,-0.002739,-0.343846,-0.194814,0.069525,0.013273,-0.997492,0.000000,0.000000,0.000000,0.061029,-0.144489,0.394445,-0.011903,0.137290,0.033926,0.017057,0.155663,-0.198137,0.068072,-0.195571,-0.177558,-2.247111,4.450590,0.567232,-2.378011,0.741765,0.021817,-1.570796,0.894481,0.872665,-2.247111,1.614430,0.174532,-0.670894,0.420000,0.381526,-0.867945,1.058144,-0.210495,-0.009077,0.696643,-0.730754,0.705439,-1.021194,-0.594678,-0.693447,0.092620,0.358038,-1.059674,1.182404,-0.412964,0.342671,0.510772,-0.393852,0.520147,-1.371176,-0.389198
1789158656.834094,0.006299,0.008108,-0.006982,-0.079038,-0.320410,-0.070844,0.076002,0.012180,-0.997033,0.000000,0.000000,0.000000,0.008072,-0.066549,0.407690,-0.066486,0.165674,0.017422,0.008134,0.162639,-0.189252,0.088197,-0.222621,-0.158529,-2.901610,3.643376,0.654499,-3.141593,3.141593,-1.418080,0.043633,0.174533,0.174533,4.625123,-2.378011,0.763581,-0.693447,0.092620,0.358038,-1.059674,1.182404,-0.412964,0.342671,0.510772,-0.393852,0.520147,-1.371176,-0.389198,-0.666194,0.147051,0.494275,-0.889642,1.023176,-0.354791,0.031207,0.374444,-0.684305,0.334746,-1.076426,-0.199290
1789158656.854049,0.009393,0.010270,-0.005734,-0.214993,-0.292580,0.122102,0.081959,0.008658,-0.996598,0.000000,0.000000,0.000000,-0.045717,-0.032215,0.421181,-0.122674,0.210995,-0.019448,0.029604,0.153429,-0.172072,0.127882,-0.291305,-0.119180,-2.487094,0.938115,0.414516,-3.403392,2.596177,-1.396263,1.352630,-0.523599,2.988877,0.021817,-3.534292,1.527163,-0.666194,0.147051,0.494275,-0.889642,1.023176,-0.354791,0.031207,0.374444,-0.684305,0.334746,-1.076426,-0.199290,-0.420720,-0.100061,0.216680,-0.854829,0.936751,-0.174262,0.294374,0.439092,-0.375826,-0.034950,-1.151380,-0.005251
1789158656.874092,0.009961,0.011134,-0.004300,-0.237363,-0.110021,0.043405,0.084857,0.004068,-0.996385,0.000000,0.000000,0.000000,-0.089170,-0.014884,0.428318,-0.161674,0.243246,-0.053321,0.036954,0.130083,-0.134940,0.103368,-0.284365,-0.074401,-1.788963,0.872665,0.414516,-1.418080,0.807215,-1.308997,-0.196350,-1.156281,-1.003564,-1.592613,1.439897,1.614429,-0.420720,-0.100061,0.216680,-0.854829,0.936751,-0.174262,0.294374,0.439092,-0.375826,-0.034950,-1.151380,-0.005251,-0.255732,-0.366609,-0.115966,-0.588731,0.918290,-0.085408,0.296891,0.297410,-0.259378,0.077429,-1.233146,0.181608
1789158656.894161,0.009066,0.012719,0.000698,0.189408,-0.102697,-0.085891,0.086577,0.008179,-0.996212,0.000000,0.000000,0.000000,-0.098641,-0.013704,0.426976,-0.193622,0.256308,-0.059250,0.042220,0.113821,-0.141618,0.049143,-0.287174,-0.029609,0.218166,-0.392699,-0.872665,-1.221730,-0.589049,0.130900,0.458149,-0.523599,2.356194,-4.166974,-0.218166,1.679879,-0.255732,-0.366609,-0.115966,-0.588731,0.918290,-0.085408,0.296891,0.297410,-0.259378,0.077429,-1.233146,0.181608,-0.001162,-0.636939,-0.372816,-0.100814,0.799559,-0.104039,0.141936,0.317418,0.006310,-0.099694,-1.280224,0.283060
1789158656.914027,0.006217,0.012241,0.003630,-0.080769,0.252036,-0.061790,0.081809,0.006750,-0.996625,0.000000,0.000000,0.000000,-0.086683,-0.028460,0.406461,-0.194617,0.245367,-0.047638,0.060052,0.102054,-0.100469,0.026159,-0.298480,0.018908,0.829032,-1.330814,-0.479966,0.698132,-0.501782,0.567232,0.741765,-0.567232,2.181662,-0.021817,-0.545415,1.767146,-0.001162,-0.636939,-0.372816,-0.100814,0.799559,-0.104039,0.141936,0.317418,0.006310,-0.099694,-1.280224,0.283060,0.376366,-1.009948,-0.547773,0.252798,0.870693,-0.077050,0.307223,0.224616,-0.300085,-0.125272,-1.207338,0.433058
1789158656.934067,0.003405,0.011007,0.003683,-0.013924,0.401839,0.028758,0.074101,0.006268,-0.997231,0.000000,0.000000,0.000000,-0.063385,-0.063996,0.400349,-0.166907,0.232474,-0.032928,0.060243,0.090557,-0.062138,0.002346,-0.308156,0.051238,1.308997,-2.334378,-0.414516,2.661627,-0.938115,0.807215,-0.109083,-0.567232,3.512475,-1.614430,-0.349066,1.090830,0.376366,-1.009948,-0.547773,0.252798,0.870693,-0.077050,0.307223,0.224616,-0.300085,-0.125272,-1.207338,0.433058,0.657492,-1.244980,-0.767247,0.616712,0.854446,-0.153739,0.315509,0.215178,-0.294206,-0.225566,-1.249931,0.610142
1789158656.954038,-0.000426,0.010018,0.001709,0.277825,0.460428,0.103460,0.064286,0.012534,-0.997853,0.000000,0.000000,0.000000,-0.019518,-0.118691,0.391991,-0.111649,0.223594,-0.024084,0.057726,0.077758,-0.034851,-0.017166,-0.306157,0.087309,2.487095,-3.097960,-0.043633,3.097960,0.261799,0.436332,-0.196350,-0.436332,-1.745329,-0.676315,0.239983,1.396263,0.657492,-1.244980,-0.767247,0.616712,0.854446,-0.153739,0.315509,0.215178,-0.294206,-0.225566,-1.249931,0.610142,0.884137,-1.390894,-0.873766,0.751499,0.695850,0.006258,0.442141,0.129484,-0.351311,-0.313101,-1.413008,0.546154
1789158656.974290,-0.002837,0.009671,0.000592,0.718179,0.551775,0.118773,0.053744,0.025234,-0.998236,0.000000,0.000000,0.000000,0.036101,-0.178708,0.407609,-0.036831,0.222811,-0.022751,0.069327,0.067777,-0.061461,-0.035933,-0.308660,0.126655,2.945244,-3.097960,0.894481,4.385140,-0.174533,-0.021817,0.719948,-0.523599,-0.479966,-1.003564,-0.043633,1.570796,0.884137,-1.390894,-0.873766,0.751499,0.695850,0.006258,0.442141,0.129484,-0.351311,-0.313101,-1.413008,0.546154,1.006280,-1.497786,-1.003875,0.914248,0.647071,0.015790,0.402739,0.105448,-0.476117,-0.393723,-1.432410,0.525603
1789158656.994380,-0.009741,0.007739,-0.001086,0.478894,0.496647,0.098000,0.043270,0.034544,-0.998466,0.000000,0.000000,0.000000,0.097188,-0.240335,0.416014,0.028987,0.213395,-0.018363,0.084539,0.057016,-0.071601,-0.060232,-0.333716,0.132006,3.250676,-2.945244,0.370883,3.359759,-0.785398,0.501782,0.741765,-0.545416,-0.807215,-1.112648,-1.221731,0.109083,1.006280,-1.497786,-1.003875,0.914248,0.647071,0.015790,0.402739,0.105448,-0.476117,-0.393723,-1.432410,0.525603,0.981096,-1.505409,-0.924910,0.827595,0.522065,0.084645,0.459045,0.187052,-0.726463,-0.409368,-1.502659,0.392707
1789158657.014198,-0.014525,0.006756,0.001934,0.206053,0.418351,0.001993,0.035627,0.035952,-0.998718,0.000000,0.000000,0.000000,0.149965,-0.288759,0.425806,0.087109,0.195554,-0.006617,0.092908,0.043318,-0.090276,-0.078741,-0.347592,0.130203,2.552544,-2.181662,0.501782,2.617994,-0.916298,0.392699,0.327249,-0.654499,-1.701696,-1.025381,-0.589049,-0.021817,0.981096,-1.505409,-0.924910,0.827595,0.522065,0.084645,0.459045,0.187052,-0.726463,-0.409368,-1.502659,0.392707,0.822113,-1.365460,-0.616429,0.603523,0.425004,0.135012,0.466371,0.282827,-0.958856,-0.251936,-1.431433,0.073200
1789158657.034110,-0.017066,0.005896,0.005486,0.212977,0.262289,0.043805,0.030076,0.039646,-0.998761,0.000000,0.000000,0.000000,0.184539,-0.324610,0.424800,0.122624,0.173304,0.004564,0.099060,0.041117,-0.122444,-0.090513,-0.362923,0.110323,1.505347,-1.527164,-0.632682,1.527164,-1.265364,0.414516,0.349066,0.218166,-2.988877,-0.479966,-0.741765,-0.807215,0.822113,-1.365460,-0.616429,0.603523,0.425004,0.135012,0.466371,0.282827,-0.958856,-0.251936,-1.431433,0.073200,0.497863,-0.936269,-0.261123,0.119468,0.338254,0.173663,0.353029,0.414284,-1.066580,0.340947,-1.180751,-0.358527
1789158657.054066,-0.018204,0.004521,0.008836,-0.212596,0.168280,-0.065518,0.027206,0.034466,-0.999036,0.000000,0.000000,0.000000,0.199300,-0.340830,0.414165,0.142387,0.151261,0.013956,0.102750,0.053801,-0.176271,-0.077200,-0.359223,0.058124,0.305433,-0.458149,-0.523599,0.327250,-1.352630,0.174533,0.130900,0.763582,-3.665192,1.156281,0.174533,-2.356195,0.497863,-0.936269,-0.261123,0.119468,0.338254,0.173663,0.353029,0.414284,-1.066580,0.340947,-1.180751,-0.358527,0.120990,-0.454947,0.015076,-0.134270,0.466496,0.016586,0.117257,0.598609,-0.878601,0.539050,-0.856424,-0.742728
1789158657.074336,-0.016455,0.001876,0.010594,-0.330308,0.013151,-0.075904,0.027996,0.026502,-0.999257,0.000000,0.000000,0.000000,0.188182,-0.327675,0.400526,0.126008,0.124899,0.025374,0.100154,0.072533,-0.224535,-0.019217,-0.323015,-0.026023,-0.807215,1.199914,-0.959931,-2.116211,-1.548980,0.021817,-0.152716,1.134464,-2.378011,5.825036,1.876229,-3.926991,0.120990,-0.454947,0.015076,-0.134270,0.466496,0.016586,0.117257,0.598609,-0.878601,0.539050,-0.856424,-0.742728,0.026110,-0.019524,0.281379,-0.158865,0.503179,0.121329,-0.050048,0.804252,-0.817396,0.231357,-0.665537,-0.925751
1789158657.094237,-0.012749,-0.000621,0.008012,-0.562668,-0.139182,-0.148076,0.031951,0.013820,-0.999394,0.000000,0.000000,0.000000,0.153826,-0.287262,0.386212,0.086457,0.108634,0.027888,0.077525,0.101160,-0.238249,0.076367,-0.261373,-0.121484,-2.247111,2.945243,-0.501782,-2.639810,-0.327249,-0.152716,-1.287180,1.265364,1.352630,3.817908,3.163409,-3.839725,0.026110,-0.019524,0.281379,-0.158865,0.503179,0.121329,-0.050048,0.804252,-0.817396,0.231357,-0.665537,-0.925751,-0.151613,0.259347,0.393376,-0.295183,0.518358,0.209443,-0.099987,0.743965,-0.730104,0.160926,-0.661069,-0.758843
1789158657.114296,-0.005191,-0.003912,0.001452,-0.499152,-0.237053,-0.183629,0.037065,0.004980,-0.999300,0.000000,0.000000,0.000000,0.110965,-0.219985,0.377504,0.044594,0.110344,0.032527,0.044170,0.139202,-0.221361,0.082045,-0.204829,-0.188382,-2.203478,4.057890,-0.305433,-1.723512,0.632682,0.065450,-1.788963,1.810779,1.090831,-2.138028,2.334378,-2.399828,-0.151613,0.259347,0.393376,-0.295183,0.518358,0.209443,-0.099987,0.743965,-0.730104,0.160926,-0.661069,-0.758843,-0.537188,0.350424,0.324769,-0.734824,0.918561,-0.189807,-0.041871,0.683701,-0.675050,0.640248,-1.001754,-0.621909
1789158657.134106,-0.000194,-0.004693,-0.002708,-0.164126,-0.253032,-0.198942,0.042688,0.002454,-0.999085,0.000000,0.000000,0.000000,0.071237,-0.138688,0.380008,0.003459,0.121274,0.036749,0.015042,0.162579,-0.203766,0.056850,-0.182154,-0.188663,-1.723512,4.319690,0.654499,-1.985312,0.676315,0.043633,-1.308997,1.047198,1.330813,-1.287180,0.763582,0.196349,-0.537188,0.350424,0.324769,-0.734824,0.918561,-0.189807,-0.041871,0.683701,-0.675050,0.640248,-1.001754,-0.621909,-0.600800,0.054696,0.315179,-0.916603,1.119469,-0.428184,0.259260,0.496323,-0.442035,0.444939,-1.341212,-0.418141
1789158657.154031,0.004403,-0.004272,-0.004931,-0.320986,-0.353966,-0.057262,0.050146,-0.003450,-0.998736,0.000000,0.000000,0.000000,0.025981,-0.067083,0.396302,-0.049199,0.145472,0.022197,0.004322,0.168404,-0.186378,0.085689,-0.215863,-0.166994,-2.530727,3.272492,0.501782,-3.272492,2.770710,-1.308997,-0.043633,-0.000000,0.807214,4.581490,-2.530728,0.850847,-0.600800,0.054696,0.315179,-0.916603,1.119469,-0.428184,0.259260,0.496323,-0.442035,0.444939,-1.341212,-0.418141,-0.606790,0.089301,0.448498,-0.830164,0.939789,-0.334720,0.016175,0.362273,-0.683199,0.309795,-1.081220,-0.203874
1789158657.174280,0.008076,-0.002512,-0.004788,-0.309535,-0.352501,0.172569,0.057357,-0.008694,-0.998316,0.000000,0.000000,0.000000,-0.024598,-0.036734,0.407249,-0.096748,0.187668,-0.016260,0.020234,0.155210,-0.161526,0.112643,-0.285903,-0.126739,-2.356194,0.763582,0.501782,-2.967060,2.596178,-1.636246,1.178097,-0.676315,2.792526,-0.523599,-3.403393,1.439896,-0.606790,0.089301,0.448498,-0.830164,0.939789,-0.334720,0.016175,0.362273,-0.683199,0.309795,-1.081220,-0.203874,-0.439118,-0.098386,0.177373,-0.848671,0.935361,-0.169698,0.299453,0.464302,-0.343959,0.018468,-1.223922,-0.003522
1789158657.194348,0.011579,0.000323,-0.002706,-0.049344,-0.228931,0.105590,0.062961,-0.010105,-0.997965,0.000000,0.000000,0.000000,-0.068990,-0.022057,0.426491,-0.140458,0.222612,-0.052217,0.026329,0.128340,-0.141877,0.092242,-0.281523,-0.078293,-2.028945,0.719948,1.287180,-1.614430,1.112648,-1.330814,0.000000,-1.243547,-1.592613,-1.221731,1.047197,1.701696,-0.439118,-0.098386,0.177373,-0.848671,0.935361,-0.169698,0.299453,0.464302,-0.343959,0.018468,-1.223922,-0.003522,-0.260742,-0.366719,-0.173722,-0.623163,0.933842,-0.024855,0.346509,0.347710,-0.283408,0.101274,-1.357711,0.184080
1789158657.214060,0.012903,0.003567,0.000580,-0.101143,-0.184323,-0.105199,0.066459,-0.011654,-0.997721,0.000000,0.000000,0.000000,-0.083961,-0.018798,0.434293,-0.173188,0.239703,-0.057878,0.036894,0.114489,-0.143454,0.048003,-0.296476,-0.030959,-0.196350,-0.239983,-0.916298,-1.570796,0.021817,0.239983,0.741765,-0.436332,2.508911,-3.097960,-0.741765,1.767146,-0.260742,-0.366719,-0.173722,-0.623163,0.933842,-0.024855,0.346509,0.347710,-0.283408,0.101274,-1.357711,0.184080,-0.019677,-0.643118,-0.354475,-0.152478,0.845189,-0.060853,0.235010,0.375713,-0.098163,-0.063808,-1.327770,0.253278
1789158657.234014,0.013084,0.004917,0.001590,-0.003937,0.152301,-0.004398,0.063507,-0.011494,-0.997915,0.000000,0.000000,0.000000,-0.077678,-0.031869,0.407101,-0.182384,0.234440,-0.040867,0.061825,0.107737,-0.099823,0.030738,-0.319765,0.018276,0.458149,-1.308997,-0.741765,0.436332,-0.130900,0.785398,1.090831,-0.283616,1.745329,-0.000000,-0.981748,1.810779,-0.019677,-0.643118,-0.354475,-0.152478,0.845189,-0.060853,0.235010,0.375713,-0.098163,-0.063808,-1.327770,0.253278,0.342946,-1.008164,-0.561968,0.200066,0.878561,-0.057001,0.309174,0.252121,-0.341127,-0.101187,-1.295953,0.427319
1789158657.254113,0.012279,0.005741,0.000726,0.012175,0.254699,0.000395,0.058808,-0.011206,-0.998206,0.000000,0.000000,0.000000,-0.058455,-0.065136,0.409387,-0.161197,0.230573,-0.022898,0.067991,0.101091,-0.068555,0.009232,-0.324450,0.046643,1.156281,-2.181662,0.218166,2.290745,-0.370883,0.916298,0.087266,-0.392699,2.748893,-1.330814,-0.087266,0.894481,0.342946,-1.008164,-0.561968,0.200066,0.878561,-0.057001,0.309174,0.252121,-0.341127,-0.101187,-1.295953,0.427319,0.610642,-1.244848,-0.730923,0.538714,0.890873,-0.105190,0.375580,0.236791,-0.351932,-0.172907,-1.316293,0.558468
1789158657.274331,0.009209,0.007458,-0.002521,0.542677,0.324607,0.149665,0.051641,0.000963,-0.998665,0.000000,0.000000,0.000000,-0.018042,-0.118652,0.402787,-0.111796,0.225694,-0.015262,0.068501,0.087581,-0.054248,-0.010514,-0.323539,0.084203,2.312562,-3.054326,-0.130900,2.814344,0.152716,0.349066,-0.130900,-0.676315,-1.919863,-0.763582,0.218166,1.439896,0.610642,-1.244848,-0.730923,0.538714,0.890873,-0.105190,0.375580,0.236791,-0.351932,-0.172907,-1.316293,0.558468,0.853007,-1.368201,-0.878655,0.702556,0.669150,0.044316,0.426547,0.112870,-0.339155,-0.260939,-1.467224,0.514965
1789158657.294349,0.005592,0.009287,-0.004448,0.643477,0.330333,0.099598,0.044601,0.013705,-0.998911,0.000000,0.000000,0.000000,0.034230,-0.179352,0.418555,-0.044614,0.225121,-0.014531,0.075613,0.075686,-0.075740,-0.026493,-0.326572,0.117596,2.814344,-3.119776,1.178097,4.101524,0.000000,0.087266,0.545415,-0.479966,-0.567232,-0.807215,-0.174533,1.308997,0.853007,-1.368201,-0.878655,0.702556,0.669150,0.044316,0.426547,0.112870,-0.339155,-0.260939,-1.467224,0.514965,0.925244,-1.447945,-0.928002,0.834010,0.645189,0.091243,0.476091,0.118908,-0.477417,-0.326634,-1.511676,0.465060
1789158657.314335,-0.000754,0.013107,-0.003539,0.699936,0.269879,0.118640,0.038653,0.027121,-0.998885,0.000000,0.000000,0.000000,0.091545,-0.238636,0.427650,0.018498,0.215467,-0.007629,0.089965,0.060035,-0.082040,-0.047982,-0.348707,0.123522,3.032510,-2.792527,0.065450,3.032510,-1.243547,0.327249,0.545415,-0.698132,-0.021817,-1.156281,-1.003564,0.109083,0.925244,-1.447945,-0.928002,0.834010,0.645189,0.091243,0.476091,0.118908,-0.477417,-0.326634,-1.511676,0.465060,0.962892,-1.488063,-0.898702,0.803740,0.489936,0.104258,0.424928,0.148814,-0.679077,-0.365196,-1.494833,0.359563
1789158657.334276,-0.004664,0.015149,-0.000923,0.345470,0.205564,-0.045012,0.034277,0.034176,-0.998828,0.000000,0.000000,0.000000,0.140472,-0.285378,0.420729,0.074482,0.194731,0.005376,0.099085,0.045260,-0.092948,-0.065629,-0.365686,0.118700,2.378011,-2.072578,-0.676315,2.727077,-1.112647,0.610865,0.545415,-0.741765,-1.679880,-0.829032,-0.589049,-0.065450,0.962892,-1.488063,-0.898702,0.803740,0.489936,0.104258,0.424928,0.148814,-0.679077,-0.365196,-1.494833,0.359563,0.839479,-1.371277,-0.582790,0.620985,0.353932,0.160047,0.442430,0.215817,-0.923619,-0.156539,-1.418217,-0.017566
1789158657.354288,-0.008747,0.017850,0.005025,0.382754,0.059889,-0.010790,0.032939,0.041036,-0.998615,0.000000,0.000000,0.000000,0.174877,-0.318454,0.409294,0.110499,0.171123,0.017806,0.103778,0.040493,-0.122810,-0.077819,-0.368579,0.100263,1.374447,-1.483530,-0.414516,1.745329,-1.330814,0.283616,0.109083,-0.021817,-2.574361,-0.676315,-0.087267,-0.741765,0.839479,-1.371277,-0.582790,0.620985,0.353932,0.160047,0.442430,0.215817,-0.923619,-0.156539,-1.418217,-0.017566,0.475309,-0.926769,-0.255265,0.118887,0.398664,0.161249,0.381970,0.445941,-0.950313,0.461384,-1.214107,-0.419171
1789158657.374433,-0.009402,0.018940,0.008062,-0.041887,-0.100833,-0.052735,0.035081,0.039705,-0.998595,0.000000,0.000000,0.000000,0.192976,-0.335319,0.399954,0.131964,0.144877,0.023640,0.103015,0.045944,-0.168226,-0.058596,-0.360513,0.041666,0.458149,-0.523599,-0.719948,0.567232,-1.570796,0.021817,-0.196350,0.327249,-3.447026,1.505346,0.327249,-2.857977,0.475309,-0.926769,-0.255265,0.118887,0.398664,0.161249,0.381970,0.445941,-0.950313,0.461384,-1.214107,-0.419171,0.091324,-0.384646,0.043026,-0.206889,0.559819,-0.025015,0.108849,0.683848,-0.770104,0.635326,-0.937550,-0.763644
1789158657.394389,-0.008149,0.018861,0.008991,-0.196351,-0.264484,-0.094014,0.040552,0.033587,-0.998613,0.000000,0.000000,0.000000,0.184969,-0.323592,0.386741,0.119504,0.118716,0.032140,0.099423,0.067633,-0.211382,0.000170,-0.328001,-0.043803,-0.785398,1.156281,-0.501782,-1.919863,-1.112648,-0.065450,-0.130900,1.090831,-1.505347,5.912303,1.548980,-3.752458,0.091324,-0.384646,0.043026,-0.206889,0.559819,-0.025015,0.108849,0.683848,-0.770104,0.635326,-0.937550,-0.763644,-0.077357,0.044912,0.395493,-0.281984,0.599736,0.074314,-0.082751,0.813089,-0.740885,0.265342,-0.743430,-0.861923
1789158657.414086,-0.002753,0.017813,0.005726,-0.306872,-0.305230,-0.153802,0.047168,0.027305,-0.998514,0.000000,0.000000,0.000000,0.151413,-0.285427,0.380815,0.080850,0.111263,0.030310,0.080846,0.105880,-0.214426,0.100535,-0.274130,-0.132679,-2.312561,3.163409,-0.239983,-2.814344,0.392699,-0.109083,-1.069014,1.810779,1.636246,3.796091,2.661627,-3.403393,-0.077357,0.044912,0.395493,-0.281984,0.599736,0.074314,-0.082751,0.813089,-0.740885,0.265342,-0.743430,-0.861923,-0.275434,0.332964,0.501030,-0.431178,0.638446,0.184900,-0.100217,0.697042,-0.687941,0.146797,-0.732835,-0.653732
1789158657.434010,0.002441,0.017216,0.001614,-0.266658,-0.432663,-0.201339,0.056305,0.021534,-0.998181,0.000000,0.000000,0.000000,0.103793,-0.216342,0.372721,0.034809,0.124432,0.029587,0.043406,0.147272,-0.196768,0.101203,-0.221636,-0.182756,-2.508911,4.210607,-0.239983,-2.072579,1.003564,0.043633,-2.094395,1.788963,0.850848,-2.770710,2.159845,-1.701697,-0.275434,0.332964,0.501030,-0.431178,0.638446,0.184900,-0.100217,0.697042,-0.687941,0.146797,-0.732835,-0.653732,-0.666170,0.329814,0.352456,-0.869364,1.106051,-0.252024,-0.009605,0.691816,-0.616635,0.625236,-1.069732,-0.516718
1789158657.454051,0.008108,0.016861,-0.002646,-0.087427,-0.456764,-0.194015,0.066154,0.021593,-0.997576,0.000000,0.000000,0.000000,0.057618,-0.130504,0.381164,-0.013182,0.139491,0.033261,0.012034,0.164283,-0.185835,0.061726,-0.200033,-0.169233,-2.247111,4.516040,0.763582,-2.574361,0.872665,-0.043633,-1.199914,0.414516,0.785398,-1.788963,0.719948,0.632682,-0.666170,0.329814,0.352456,-0.869364,1.106051,-0.252024,-0.009605,0.691816,-0.616635,0.625236,-1.069732,-0.516718,-0.640720,0.023026,0.305863,-0.991886,1.107586,-0.353519,0.377811,0.420333,-0.326866,0.432704,-1.347327,-0.313343
1789158657.474433,0.015265,0.016473,-0.006761,-0.168121,-0.439587,-0.074440,0.075037,0.018956,-0.997001,0.000000,0.000000,0.000000,0.004554,-0.060342,0.395672,-0.073655,0.170967,0.015137,0.005478,0.167291,-0.172293,0.087657,-0.234857,-0.144018,-2.792527,3.032510,0.589049,-3.185226,3.294309,-1.505346,0.043633,-0.130900,0.959931,4.406956,-2.247112,0.916298,-0.640720,0.023026,0.305863,-0.991886,1.107586,-0.353519,0.377811,0.420333,-0.326866,0.432704,-1.347327,-0.313343,-0.591837,0.004741,0.411426,-0.788614,0.992190,-0.301535,0.093322,0.370513,-0.607628,0.263587,-1.071638,-0.085316
1789158657.494124,0.017149,0.015904,-0.006013,-0.282237,-0.373407,0.162449,0.082596,0.014432,-0.996479,0.000000,0.000000,0.000000,-0.046319,-0.033546,0.412370,-0.127531,0.215328,-0.019465,0.031562,0.148872,-0.144135,0.110636,-0.296647,-0.101091,-2.203478,0.589049,0.741765,-3.119776,2.094396,-1.330814,1.483530,-0.916298,3.294309,-0.610865,-2.705261,1.483530,-0.591837,0.004741,0.411426,-0.788614,0.992190,-0.301535,0.093322,0.370513,-0.607628,0.263587,-1.071638,-0.085316,-0.362138,-0.111566,0.133300,-0.745046,0.925014,-0.124488,0.285296,0.426209,-0.319733,-0.026528,-1.104293,0.013930
1789158657.514095,0.019088,0.015862,-0.003015,-0.236298,-0.208025,0.044604,0.087635,0.009575,-0.996107,0.000000,0.000000,0.000000,-0.083637,-0.024511,0.428662,-0.160398,0.241890,-0.047682,0.044224,0.122180,-0.113284,0.085653,-0.283961,-0.052244,-1.461713,0.370883,1.090831,-1.112648,1.069014,-0.872665,0.130900,-1.352630,-1.090831,-1.548980,1.483530,1.832596,-0.362138,-0.111566,0.133300,-0.745046,0.925014,-0.124488,0.285296,0.426209,-0.319733,-0.026528,-1.104293,0.013930,-0.231910,-0.349709,-0.100100,-0.503608,0.865191,0.000237,0.374240,0.253578,-0.207399,0.096572,-1.199266,0.107935
1789158657.534122,0.018945,0.014882,-0.000596,-0.027107,-0.155827,-0.084160,0.090696,0.009467,-0.995834,0.000000,0.000000,0.000000,-0.088526,-0.025176,0.432504,-0.184273,0.249341,-0.048693,0.049643,0.109693,-0.122804,0.037899,-0.280538,-0.017506,0.152716,-0.218166,-1.025381,-0.785399,-0.741765,0.305433,0.305433,-0.349066,2.094395,-3.163409,-0.130900,1.330814,-0.231910,-0.349709,-0.100100,-0.503608,0.865191,0.000237,0.374240,0.253578,-0.207399,0.096572,-1.199266,0.107935,0.016761,-0.652711,-0.322633,-0.086653,0.804844,-0.069458,0.223554,0.227859,-0.033101,-0.009470,-1.227899,0.255026
1789158657.554156,0.018309,0.013590,0.000922,-0.136829,0.150570,-0.037821,0.087972,0.006776,-0.996100,0.000000,0.000000,0.000000,-0.077484,-0.038858,0.406908,-0.178601,0.237399,-0.032865,0.068263,0.098250,-0.085719,0.025641,-0.291297,0.011630,0.698132,-1.199914,-0.610865,1.090831,-0.501782,0.872665,0.850848,-0.632682,2.028945,0.349066,-0.479966,1.025381,0.016761,-0.652711,-0.322633,-0.086653,0.804844,-0.069458,0.223554,0.227859,-0.033101,-0.009470,-1.227899,0.255026,0.367007,-1.012406,-0.487778,0.250686,0.836602,-0.058691,0.350239,0.123520,-0.293349,-0.044663,-1.185176,0.448660
1789158657.574181,0.016090,0.011351,-0.000126,0.009379,0.283728,0.018638,0.082663,0.007140,-0.996552,0.000000,0.000000,0.000000,-0.054138,-0.072281,0.407824,-0.145574,0.225089,-0.016855,0.074099,0.077955,-0.051232,0.013945,-0.298376,0.043910,1.287180,-2.159845,0.065450,2.530727,-0.807215,0.698132,0.196350,-1.178097,2.661627,-0.698132,-0.218166,1.221730,0.367007,-1.012406,-0.487778,0.250686,0.836602,-0.058691,0.350239,0.123520,-0.293349,-0.044663,-1.185176,0.448660,0.640792,-1.215971,-0.693610,0.543617,0.809196,-0.099154,0.401707,0.098536,-0.312037,-0.139061,-1.171395,0.534296
1789158657.594357,0.012917,0.009963,-0.002993,0.234016,0.318881,0.127961,0.075968,0.012584,-0.997031,0.000000,0.000000,0.000000,-0.013335,-0.123316,0.399117,-0.096898,0.217957,-0.012437,0.073778,0.058699,-0.038431,0.000121,-0.297359,0.086033,2.334378,-2.967060,-0.261799,2.988877,0.043633,0.479966,-0.196350,-0.654499,-1.985312,-0.589049,0.065450,1.636246,0.640792,-1.215971,-0.693610,0.543617,0.809196,-0.099154,0.401707,0.098536,-0.312037,-0.139061,-1.171395,0.534296,0.838539,-1.322225,-0.807992,0.671634,0.630496,0.068573,0.483018,0.036982,-0.272589,-0.234124,-1.362446,0.475505
1789158657.614237,0.006451,0.008564,-0.005080,0.400730,0.424343,0.081089,0.068180,0.018631,-0.997499,0.000000,0.000000,0.000000,0.039090,-0.181702,0.412247,-0.030971,0.215416,-0.011793,0.083399,0.044213,-0.062849,-0.017417,-0.295491,0.114266,2.901610,-3.054326,1.003564,3.556109,-0.239983,0.283616,0.719948,-0.829032,-0.698132,-0.916298,0.130900,1.090831,0.838539,-1.322225,-0.807992,0.671634,0.630496,0.068573,0.483018,0.036982,-0.272589,-0.234124,-1.362446,0.475505,0.924217,-1.421070,-0.893182,0.801415,0.598820,0.121923,0.511978,0.090794,-0.421504,-0.308429,-1.425881,0.448522
1789158657.634161,0.001918,0.007725,-0.004101,0.476231,0.403703,0.079092,0.059944,0.028425,-0.997797,0.000000,0.000000,0.000000,0.096509,-0.237616,0.421162,0.025491,0.203741,-0.004826,0.099090,0.032524,-0.069839,-0.040049,-0.320024,0.116690,3.097960,-2.639811,0.196350,2.879794,-1.069014,0.327249,0.610865,-0.567232,0.109083,-1.243547,-1.090831,-0.087266,0.924217,-1.421070,-0.893182,0.801415,0.598820,0.121923,0.511978,0.090794,-0.421504,-0.308429,-1.425881,0.448522,0.961060,-1.521006,-0.916082,0.781826,0.504986,0.110613,0.461543,0.155414,-0.677179,-0.368031,-1.471931,0.411927
1789158657.654200,-0.003801,0.006208,0.001195,0.062908,0.346179,-0.033693,0.053887,0.026297,-0.998201,0.000000,0.000000,0.000000,0.143998,-0.280791,0.425444,0.077829,0.183683,0.009950,0.110331,0.026781,-0.078339,-0.059853,-0.341347,0.112777,2.290745,-1.941679,0.065450,2.443461,-0.850848,0.676315,0.545415,-0.174533,-1.854413,-0.916298,-0.894481,-0.130900,0.961060,-1.521006,-0.916082,0.781826,0.504986,0.110613,0.461543,0.155414,-0.677179,-0.368031,-1.471931,0.411927,0.826095,-1.404821,-0.607874,0.569419,0.412347,0.172105,0.496721,0.237506,-0.991918,-0.194662,-1.441207,0.063482
1789158657.674148,-0.005142,0.005613,0.003082,0.188210,0.260825,0.033951,0.049287,0.028526,-0.998377,0.000000,0.000000,0.000000,0.175956,-0.315147,0.419736,0.110161,0.163672,0.023312,0.115772,0.030708,-0.111872,-0.075203,-0.355920,0.105842,1.287181,-1.636246,-0.261799,1.570797,-0.959931,0.458149,0.130900,0.283616,-3.185226,-0.719949,-0.589049,-0.305433,0.826095,-1.404821,-0.607874,0.569419,0.412347,0.172105,0.496721,0.237506,-0.991918,-0.194662,-1.441207,0.063482,0.504738,-0.987575,-0.266909,0.108532,0.348377,0.174996,0.374683,0.366011,-1.070319,0.364543,-1.217449,-0.352695
1789158657.694148,-0.007446,0.003289,0.007731,-0.252144,0.119144,-0.044878,0.047420,0.022257,-0.998627,0.000000,0.000000,0.000000,0.192461,-0.335597,0.415539,0.126687,0.143988,0.026429,0.115341,0.044063,-0.166628,-0.063177,-0.356687,0.055459,0.414516,-0.741765,-0.305433,0.196350,-1.199914,0.043633,0.000000,0.785398,-4.145157,1.090831,0.043633,-2.334378,0.504738,-0.987575,-0.266909,0.108532,0.348377,0.174996,0.374683,0.366011,-1.070319,0.364543,-1.217449,-0.352695,0.105228,-0.489703,-0.009292,-0.165460,0.469245,0.003182,0.113170,0.568471,-0.907119,0.576555,-0.925390,-0.729591
1789158657.714170,-0.007134,0.000509,0.008309,-0.184899,0.033524,-0.081497,0.047422,0.017232,-0.998726,0.000000,0.000000,0.000000,0.184375,-0.328689,0.406182,0.111963,0.121795,0.034008,0.110042,0.061920,-0.225307,-0.005057,-0.326836,-0.027283,-0.676315,0.981748,-0.676315,-1.963496,-1.287180,-0.152716,-0.327249,1.003564,-2.334378,5.650504,1.527163,-3.752458,0.105228,-0.489703,-0.009292,-0.165460,0.469245,0.003182,0.113170,0.568471,-0.907119,0.576555,-0.925390,-0.729591,-0.026708,-0.036966,0.301793,-0.225980,0.526841,0.087733,-0.056946,0.781548,-0.834023,0.280600,-0.689540,-0.890610
1789158657.734292,-0.004457,-0.001599,0.005891,-0.461735,-0.104295,-0.154601,0.050339,0.007013,-0.998708,0.000000,0.000000,0.000000,0.153510,-0.293548,0.398075,0.072617,0.107871,0.031384,0.084345,0.091241,-0.240377,0.087085,-0.272251,-0.120437,-2.225295,2.748894,-0.261799,-2.705261,-0.327249,-0.218166,-1.527163,1.243547,1.047197,3.665192,2.683444,-3.708825,-0.026708,-0.036966,0.301793,-0.225980,0.526841,0.087733,-0.056946,0.781548,-0.834023,0.280600,-0.689540,-0.890610,-0.214891,0.270302,0.436852,-0.377189,0.566049,0.166595,-0.107506,0.716130,-0.761243,0.197092,-0.677732,-0.744858
1789158657.754100,-0.000400,-0.003026,0.001977,-0.323383,-0.174469,-0.188157,0.054125,0.000334,-0.998534,0.000000,0.000000,0.000000,0.109356,-0.226871,0.392135,0.034921,0.112215,0.032909,0.045961,0.131076,-0.225037,0.090027,-0.213701,-0.183236,-2.356194,4.057891,-0.239983,-1.767146,0.589049,0.065450,-2.007129,1.876229,1.069014,-1.898045,2.508911,-2.181662,-0.214891,0.270302,0.436852,-0.377189,0.566049,0.166595,-0.107506,0.716130,-0.761243,0.197092,-0.677732,-0.744858,-0.591847,0.376946,0.360765,-0.804583,0.969185,-0.228794,-0.044586,0.663936,-0.706454,0.670623,-0.979171,-0.590376
1789158657.774056,0.005743,-0.004279,-0.003227,-0.009796,-0.259957,-0.195214,0.059590,0.000802,-0.998223,0.000000,0.000000,0.000000,0.066249,-0.143971,0.400674,-0.008543,0.127148,0.032904,0.014573,0.155603,-0.207608,0.065912,-0.188172,-0.183632,-2.028945,4.385140,1.025381,-2.356195,0.850848,-0.261799,-1.330814,1.047198,1.134464,-1.287180,0.916298,0.065449,-0.591847,0.376946,0.360765,-0.804583,0.969185,-0.228794,-0.044586,0.663936,-0.706454,0.670623,-0.979171,-0.590376,-0.669700,0.113732,0.363035,-1.010757,1.210865,-0.446658,0.248515,0.545099,-0.495263,0.454399,-1.311094,-0.413548
1789158657.794228,0.008909,-0.003790,-0.004202,-0.241092,-0.291116,-0.089353,0.065664,-0.003650,-0.997835,0.000000,0.000000,0.000000,0.015419,-0.069609,0.414110,-0.059319,0.153912,0.015123,0.003621,0.161597,-0.192315,0.096720,-0.218519,-0.159524,-2.705260,3.359759,0.305433,-2.792527,2.814344,-1.505346,-0.174533,-0.000000,0.698131,4.537857,-1.832596,0.959931,-0.669700,0.113732,0.363035,-1.010757,1.210865,-0.446658,0.248515,0.545099,-0.495263,0.454399,-1.311094,-0.413548,-0.682051,0.153398,0.495685,-0.892181,1.025788,-0.367774,-0.004353,0.390206,-0.700971,0.334002,-1.045503,-0.194218
1789158657.814107,0.012373,-0.001823,-0.002510,-0.221384,-0.290583,0.126496,0.071104,-0.007151,-0.997443,0.000000,0.000000,0.000000,-0.038512,-0.034214,0.425177,-0.113337,0.199367,-0.023171,0.018843,0.153675,-0.169830,0.118951,-0.281842,-0.123022,-2.487094,1.047198,0.545415,-3.337943,2.792527,-1.614430,1.199914,-0.414516,2.552544,-0.785398,-3.119776,1.308996,-0.682051,0.153398,0.495685,-0.892181,1.025788,-0.367774,-0.004353,0.390206,-0.700971,0.334002,-1.045503,-0.194218,-0.453819,-0.094706,0.187233,-0.892470,0.975199,-0.199373,0.270078,0.475023,-0.356282,-0.004481,-1.200193,0.012711
1789158657.834162,0.013829,0.000610,0.000540,-0.007399,-0.067144,0.060183,0.073127,-0.007021,-0.997298,0.000000,0.000000,0.000000,-0.084812,-0.015626,0.428394,-0.154657,0.239556,-0.059141,0.025456,0.133134,-0.150312,0.098768,-0.276322,-0.076452,-1.985312,0.959931,-0.000000,-1.418080,0.981748,-1.287180,0.000000,-0.981748,-1.330814,-1.374447,1.483530,1.876229,-0.453819,-0.094706,0.187233,-0.892470,0.975199,-0.199373,0.270078,0.475023,-0.356282,-0.004481,-1.200193,0.012711,-0.247374,-0.409499,-0.200882,-0.575363,0.961890,-0.129135,0.261460,0.296482,-0.263653,0.100982,-1.276080,0.242104
1789158657.854150,0.013195,0.003155,0.003723,0.146132,-0.064481,-0.122643,0.074066,-0.003980,-0.997245,0.000000,0.000000,0.000000,-0.098017,-0.012545,0.417292,-0.187219,0.257374,-0.065828,0.033733,0.119147,-0.146773,0.049579,-0.289993,-0.027386,-0.043633,-0.327249,-0.872665,-1.330814,-0.218166,0.174533,0.567232,-0.501782,2.792527,-3.621558,-0.763582,1.854412,-0.247374,-0.409499,-0.200882,-0.575363,0.961890,-0.129135,0.261460,0.296482,-0.263653,0.100982,-1.276080,0.242104,0.026719,-0.700097,-0.426152,-0.067407,0.860516,-0.142074,0.180200,0.374699,-0.048246,-0.106728,-1.296952,0.319649
1789158657.874153,0.011761,0.004126,0.004554,-0.012859,0.274007,-0.054333,0.068762,-0.003699,-0.997626,0.000000,0.000000,0.000000,-0.087236,-0.028397,0.403493,-0.191819,0.249842,-0.053976,0.051936,0.106845,-0.100358,0.031068,-0.305573,0.028993,0.763582,-1.527163,-0.327249,0.741765,-0.261799,0.589049,0.807215,-0.523599,2.159845,0.261799,-0.676315,2.181661,0.026719,-0.700097,-0.426152,-0.067407,0.860516,-0.142074,0.180200,0.374699,-0.048246,-0.106728,-1.296952,0.319649,0.408694,-1.058638,-0.592767,0.277902,0.903765,-0.091875,0.336967,0.265308,-0.354703,-0.145821,-1.225994,0.453016
