timestamp,obs_0,obs_1,obs_2,obs_3,obs_4,obs_5,obs_6,obs_7,obs_8,obs_9,obs_10,obs_11,obs_12,obs_13,obs_14,obs_15,obs_16,obs_17,obs_18,obs_19,obs_20,obs_21,obs_22,obs_23,obs_24,obs_25,obs_26,obs_27,obs_28,obs_29,obs_30,obs_31,obs_32,obs_33,obs_34,obs_35,obs_36,obs_37,obs_38,obs_39,obs_40,obs_41,obs_42,obs_43,obs_44,obs_45,obs_46,obs_47,action_0,action_1,action_2,action_3,action_4,action_5,action_6,action_7,action_8,action_9,action_10,action_11
1788378974.938743,-0.001806,0.001383,0.000167,-0.000078,0.001557,0.026283,0.001600,-0.000281,-0.999999,0.000000,0.000000,0.000000,-0.024260,0.024345,-0.027312,0.024086,-0.181366,-0.181584,-0.181366,-0.181276,0.054739,0.054565,0.054565,0.054565,0.000000,0.000000,-0.000000,-0.000000,0.000000,-0.000000,0.000000,-0.000000,0.000000,-0.000000,0.000000,-0.000000,0.000000,0.000000,0.000000,0.000000,0.000000,0.000000,0.000000,0.000000,0.000000,0.000000,0.000000,0.000000,-0.148520,-0.202081,0.435139,0.069914,0.140941,-0.058862,0.098917,-0.139758,0.060535,-0.063798,-0.056497,-0.108208
1788378974.955213,-0.001643,0.001192,0.000030,-0.003273,0.001424,0.024819,0.003185,-0.000514,-0.999995,0.000000,0.000000,0.000000,-0.024260,0.024345,-0.027312,0.024086,-0.181366,-0.181584,-0.181366,-0.181276,0.054739,0.054565,0.054565,0.054565,0.000000,0.000000,-0.000000,-0.000000,0.000000,-0.000000,0.000000,-0.000000,0.000000,-0.000000,0.000000,-0.000000,-0.148520,-0.202081,0.435139,0.069914,0.140941,-0.058862,0.098917,-0.139758,0.060535,-0.063798,-0.056497,-0.108208,-0.146967,-0.263180,0.646729,0.071901,0.247371,-0.051287,0.221644,-0.153394,0.037993,-0.076720,-0.108876,-0.208993
1788378974.974621,-0.001588,0.001147,0.000577,0.007912,-0.001239,0.024286,0.004178,-0.000386,-0.999991,0.000000,0.000000,0.000000,-0.024260,0.017502,-0.009801,0.023826,-0.158098,-0.181003,-0.173441,-0.170989,0.040190,0.054191,0.047480,0.045759,0.000000,-1.308997,1.570796,0.043633,3.577925,0.261799,1.963496,2.399828,-2.050762,-0.174533,-1.854413,-2.116212,-0.146967,-0.263180,0.646729,0.071901,0.247371,-0.051287,0.221644,-0.153394,0.037993,-0.076720,-0.108876,-0.208993,-0.072905,-0.189156,0.702003,0.233985,0.591844,-0.005210,0.143657,-0.249757,-0.120423,0.173439,0.165538,-0.539964
1788378974.994614,-0.000784,0.001734,0.005567,0.112840,0.569077,0.115366,-0.007953,0.002594,-0.999965,0.000000,0.000000,0.000000,-0.026802,0.000723,0.024459,0.024906,-0.067966,-0.120914,-0.097123,-0.116257,0.021011,0.007342,0.000329,-0.011679,-0.239983,-0.872665,2.028945,0.239983,4.734206,3.534292,4.734206,3.032510,-0.436332,-1.308997,-1.439897,-2.159845,-0.072905,-0.189156,0.702003,0.233985,0.591844,-0.005210,0.143657,-0.249757,-0.120423,0.173439,0.165538,-0.539964,-0.060804,0.038890,0.481926,0.455014,0.756112,0.000680,0.243010,-0.137018,-0.179101,0.157220,0.147465,-0.728343
1788378975.014497,0.000948,0.004392,0.011531,0.218967,0.381457,0.199655,-0.011827,0.006452,-0.999909,0.000000,0.000000,0.000000,-0.026668,-0.015228,0.072764,0.032970,0.020863,-0.063589,-0.023661,-0.080265,-0.006115,0.005085,0.009887,-0.059744,0.196350,-0.698132,2.661627,0.349066,3.512475,2.159845,2.639811,1.287181,-1.723513,2.050762,2.727077,-4.145157,-0.060804,0.038890,0.481926,0.455014,0.756112,0.000680,0.243010,-0.137018,-0.179101,0.157220,0.147465,-0.728343,0.217365,0.075415,0.449873,0.402106,0.547432,0.212830,0.255826,-0.066066,0.001716,0.286467,0.235488,-0.358209
1788378975.034758,0.001923,0.006671,0.009916,0.575565,0.251495,0.212838,-0.016771,0.017620,-0.999704,0.000000,0.000000,0.000000,-0.023387,-0.017402,0.107921,0.050884,0.094213,-0.033932,0.014998,-0.063248,-0.027566,0.031584,0.029047,-0.126491,0.196350,0.523599,1.439897,0.959931,3.250676,1.352630,1.548980,0.741765,-1.003564,0.589049,0.196349,-3.512475,0.217365,0.075415,0.449873,0.402106,0.547432,0.212830,0.255826,-0.066066,0.001716,0.286467,0.235488,-0.358209,0.250280,0.120187,0.364420,0.474142,0.633461,0.027038,0.115959,-0.022952,-0.049353,0.329638,0.268497,-0.491145
1788378975.054516,0.002723,0.008803,0.003719,0.294734,0.190375,0.085805,-0.017704,0.021214,-0.999618,0.000000,0.000000,0.000000,-0.008040,-0.010281,0.123095,0.064111,0.129477,-0.007116,0.036413,-0.052847,-0.012126,0.043831,0.041488,-0.133544,1.199914,0.392699,0.109083,0.610865,1.112648,1.767146,0.654499,0.458149,1.352630,1.483530,1.112647,2.770710,0.250280,0.120187,0.364420,0.474142,0.633461,0.027038,0.115959,-0.022952,-0.049353,0.329638,0.268497,-0.491145,0.058149,0.012479,0.205789,0.355795,0.483375,-0.027689,0.262091,-0.034851,0.145619,0.220523,0.079310,-0.287635
1788378975.074392,0.003847,0.009893,-0.005076,-0.162264,0.171600,-0.103146,-0.020995,0.017822,-0.999621,0.000000,0.000000,0.000000,0.011882,0.000753,0.115284,0.075480,0.141656,0.014632,0.042879,-0.033994,-0.010918,0.063670,0.056160,-0.116363,1.178097,0.479965,-0.370883,0.545415,0.370883,0.174533,-0.218166,1.243547,-0.349066,1.047198,0.741765,-0.698132,0.058149,0.012479,0.205789,0.355795,0.483375,-0.027689,0.262091,-0.034851,0.145619,0.220523,0.079310,-0.287635,-0.056124,-0.065192,0.479635,0.296434,0.526448,-0.102224,0.152995,-0.287155,-0.013561,0.242480,0.045558,-0.429245
1788378975.094621,0.004190,0.008910,-0.006762,0.160511,0.030985,0.065964,-0.021604,0.021042,-0.999545,0.000000,0.000000,0.000000,0.024972,-0.001516,0.101019,0.075224,0.138340,0.018513,0.044955,-0.021134,0.012674,0.069771,0.043916,-0.097879,0.327249,-0.239983,-0.589049,-0.021817,-0.239983,-0.130900,0.458149,0.239983,1.723513,-0.916298,-1.963496,1.963495,-0.056124,-0.065192,0.479635,0.296434,0.526448,-0.102224,0.152995,-0.287155,-0.013561,0.242480,0.045558,-0.429245,-0.088009,-0.240473,0.416162,0.156276,0.443028,-0.048808,0.397981,-0.034662,0.145850,-0.170338,-0.023006,0.014288
1788378975.114283,0.004556,0.007194,-0.004165,-0.512470,-0.131734,-0.014463,-0.018759,0.010855,-0.999765,0.000000,0.000000,0.000000,0.022414,-0.005495,0.103773,0.070866,0.138321,0.004752,0.045805,-0.025631,0.005742,0.060572,0.025832,-0.095133,-0.392699,-0.196350,0.043633,-0.261799,-0.021817,-0.981748,-0.261799,-0.436332,-0.916298,-0.043633,-0.916298,-0.807215,-0.088009,-0.240473,0.416162,0.156276,0.443028,-0.048808,0.397981,-0.034662,0.145850,-0.170338,-0.023006,0.014288,-0.159735,-0.297586,0.753145,0.083631,0.440430,0.026649,0.409701,-0.219748,-0.065676,-0.015766,-0.121732,-0.278622
1788378975.134347,0.004602,0.003453,0.005743,-0.055605,-0.200177,0.141598,-0.013896,0.010543,-0.999848,0.000000,0.000000,0.000000,0.009179,-0.015446,0.098780,0.063754,0.129450,-0.006492,0.052809,-0.031237,0.020157,0.048366,0.010771,-0.073859,-0.719948,-0.567232,-0.021817,-0.174533,-0.370883,-0.065450,0.850848,0.239983,1.178097,-2.683444,-1.112648,3.839725,-0.159735,-0.297586,0.753145,0.083631,0.440430,0.026649,0.409701,-0.219748,-0.065676,-0.015766,-0.121732,-0.278622,-0.214731,-0.102678,0.652788,-0.129012,0.192324,0.171452,0.514647,-0.003282,0.244912,-0.130127,-0.054043,0.155508
1788378975.154676,0.005323,0.001342,0.012591,-0.649490,-0.131201,0.023354,-0.010534,-0.000193,-0.999944,0.000000,0.000000,0.000000,-0.007120,-0.025730,0.116302,0.055062,0.124318,-0.007749,0.070764,-0.037602,0.003470,-0.003388,-0.007585,-0.046143,-0.872664,-0.785398,0.698132,-0.414516,-0.305433,-0.000000,0.959931,-0.392699,-1.592613,-0.174533,-1.374447,-1.679879,-0.214731,-0.102678,0.652788,-0.129012,0.192324,0.171452,0.514647,-0.003282,0.244912,-0.130127,-0.054043,0.155508,-0.210440,-0.279535,0.809265,0.013509,0.355697,0.112610,0.432490,-0.115514,-0.077070,0.058101,-0.006572,-0.254978
1788378975.174351,0.007666,-0.001977,0.015798,-0.177444,-0.176076,0.090066,-0.006795,-0.003826,-0.999970,0.000000,0.000000,0.000000,-0.021819,-0.028045,0.123785,0.036892,0.102157,-0.001032,0.089425,-0.029574,0.027449,-0.008764,-0.013277,-0.032328,-0.632682,0.239983,0.589049,-0.785398,-1.090831,1.047198,0.829032,0.414516,2.705261,-1.418080,0.479965,3.687008,-0.210440,-0.279535,0.809265,0.013509,0.355697,0.112610,0.432490,-0.115514,-0.077070,0.058101,-0.006572,-0.254978,-0.217965,-0.164792,0.536477,-0.168988,0.186718,0.110639,0.456920,0.063498,0.204986,-0.043124,-0.037255,0.192148
1788378975.194400,0.010279,-0.003550,0.011322,-0.650954,-0.162893,-0.071455,-0.002772,-0.017124,-0.999850,0.000000,0.000000,0.000000,-0.030227,-0.030980,0.145350,0.025926,0.086297,0.015428,0.100843,-0.027196,0.015467,-0.011294,-0.008976,-0.008014,-0.458149,-0.479966,0.959931,-0.698132,-0.479966,0.479966,0.152716,0.174533,-2.661627,1.810779,0.610865,-2.181661,-0.217965,-0.164792,0.536477,-0.168988,0.186718,0.110639,0.456920,0.063498,0.204986,-0.043124,-0.037255,0.192148,-0.194279,-0.211178,0.737083,-0.033175,0.240445,0.259280,0.405944,-0.242664,-0.200967,0.261171,0.093464,-0.379567
1788378975.214349,0.012960,-0.004658,0.003364,0.040402,-0.117087,0.155180,0.000371,-0.016365,-0.999866,0.000000,0.000000,0.000000,-0.038825,-0.033426,0.149141,0.006913,0.075855,0.024308,0.107195,-0.014406,0.025241,0.002300,-0.006145,-0.017389,-0.370882,0.000000,-0.000000,-0.698132,-0.327249,0.261799,0.261799,0.414516,2.225295,-0.589049,-0.261799,2.967060,-0.194279,-0.211178,0.737083,-0.033175,0.240445,0.259280,0.405944,-0.242664,-0.200967,0.261171,0.093464,-0.379567,-0.216975,-0.099660,0.448062,-0.062800,0.294274,0.067486,0.382363,0.119487,0.106472,-0.037581,0.010806,0.027542
1788378975.234804,0.014765,-0.005461,-0.008772,-0.535240,-0.069815,-0.074251,0.002083,-0.027088,-0.999631,0.000000,0.000000,0.000000,-0.039946,-0.035951,0.157448,0.004917,0.071761,0.025873,0.107926,-0.012723,0.033116,-0.004406,-0.006655,0.011673,-0.021817,-0.261799,1.090831,-0.021817,-0.239983,0.065450,0.000000,0.349066,-0.087266,-0.392699,0.000000,2.094396,-0.216975,-0.099660,0.448062,-0.062800,0.294274,0.067486,0.382363,0.119487,0.106472,-0.037581,0.010806,0.027542,-0.252042,-0.155153,0.813800,-0.089601,0.287074,0.014680,0.474659,0.066166,0.134435,-0.098151,-0.154966,0.047301
1788378975.254543,0.014471,-0.005641,-0.012176,0.332152,-0.096447,0.130413,0.004923,-0.020333,-0.999781,0.000000,0.000000,0.000000,-0.035722,-0.039761,0.157063,-0.002441,0.072094,0.039558,0.105043,-0.007318,0.001700,0.037289,0.008333,-0.041497,0.130900,0.283616,-0.239983,-0.021817,0.021817,-0.327249,-0.021817,0.676315,2.094395,-1.025381,-0.589049,1.003564,-0.252042,-0.155153,0.813800,-0.089601,0.287074,0.014680,0.474659,0.066166,0.134435,-0.098151,-0.154966,0.047301,-0.182789,-0.247903,0.766379,-0.014791,0.203249,-0.036262,0.345626,0.127061,0.159051,-0.215686,-0.103801,0.112712
1788378975.274364,0.012762,-0.004422,-0.010575,-0.000344,-0.108165,0.035738,0.007109,-0.020214,-0.999770,0.000000,0.000000,0.000000,-0.036393,-0.040961,0.168367,-0.004222,0.075579,0.034867,0.106707,-0.004040,0.022118,0.003533,-0.010160,-0.006980,-0.218166,-0.130900,0.261799,-0.152716,-0.065450,-0.610865,0.261799,0.698132,0.719949,-1.483530,-2.050762,1.069014,-0.182789,-0.247903,0.766379,-0.014791,0.203249,-0.036262,0.345626,0.127061,0.159051,-0.215686,-0.103801,0.112712,-0.167945,-0.290679,0.852649,0.022956,0.188027,-0.049302,0.383669,0.087337,0.164955,-0.277146,-0.134972,0.099031
1788378975.294483,0.011948,-0.003662,-0.008229,0.259048,-0.095781,0.018960,0.011806,-0.017920,-0.999770,0.000000,0.000000,0.000000,-0.039262,-0.041544,0.168002,-0.003769,0.075650,0.028655,0.107121,0.003492,0.026724,-0.008008,-0.022402,0.001008,-0.327249,-0.174533,-0.218166,0.283616,0.043633,-0.829032,0.305433,0.850848,0.589049,-0.894481,-0.807215,0.610865,-0.167945,-0.290679,0.852649,0.022956,0.188027,-0.049302,0.383669,0.087337,0.164955,-0.277146,-0.134972,0.099031,-0.117272,-0.301865,0.899828,0.067676,0.246759,-0.113937,0.259103,0.113209,0.132648,-0.287001,-0.132589,0.028214
1788378975.314604,0.007022,0.000306,0.004029,0.269567,-0.104836,0.053980,0.013911,-0.012237,-0.999828,0.000000,0.000000,0.000000,-0.041754,-0.043636,0.180074,0.000832,0.063100,0.005368,0.099035,0.019609,0.037302,-0.044507,-0.026980,0.020978,-0.152716,-0.174533,0.349066,0.109083,-0.436332,-0.436332,-0.174533,0.305433,0.065450,-1.287180,-0.414516,0.196350,-0.117272,-0.301865,0.899828,0.067676,0.246759,-0.113937,0.259103,0.113209,0.132648,-0.287001,-0.132589,0.028214,-0.127098,-0.346816,0.914821,0.062729,0.253475,-0.081034,0.350104,0.007191,0.098442,-0.285087,-0.233745,-0.043055
1788378975.334517,0.004441,0.002432,0.007201,0.208847,-0.014289,0.022022,0.014401,-0.008159,-0.999863,0.000000,0.000000,0.000000,-0.041220,-0.049038,0.190893,0.008514,0.060976,-0.005652,0.091427,0.021927,0.034927,-0.058786,-0.030078,0.015619,0.152716,-0.414516,0.501782,0.283616,0.000000,-0.676315,-0.501782,0.087267,-0.218166,-0.479966,-0.021817,-0.807215,-0.127098,-0.346816,0.914821,0.062729,0.253475,-0.081034,0.350104,0.007191,0.098442,-0.285087,-0.233745,-0.043055,-0.084172,-0.401754,0.865961,0.095050,0.342953,-0.035547,0.389214,-0.171772,-0.028870,-0.027693,-0.102751,-0.319955
1788378975.354324,0.001680,0.004754,0.005592,0.435882,0.016205,0.080346,0.013995,0.000502,-0.999902,0.000000,0.000000,0.000000,-0.040364,-0.057492,0.198613,0.013406,0.060771,-0.013468,0.083674,0.018723,0.031090,-0.063654,-0.040853,0.003871,0.043633,-0.589049,0.370883,0.218166,0.065450,-0.130900,-0.152716,-0.174533,-0.370883,-0.196350,-1.221731,-0.938115,-0.084172,-0.401754,0.865961,0.095050,0.342953,-0.035547,0.389214,-0.171772,-0.028870,-0.027693,-0.102751,-0.319955,-0.105100,-0.343146,0.750039,0.259074,0.482658,-0.093998,0.398067,-0.219782,-0.129451,0.046032,0.028596,-0.474803
1788378975.374669,0.000513,0.005871,0.004439,0.151856,0.100361,0.049586,0.012723,0.004009,-0.999911,0.000000,0.000000,0.000000,-0.036156,-0.069025,0.205188,0.016022,0.070570,-0.014569,0.084396,0.003320,0.011101,-0.053924,-0.038843,-0.028461,0.327249,-0.785398,0.239983,0.021817,0.392699,0.174533,0.130900,-0.938115,-1.287180,2.487094,1.221731,-3.076143,-0.105100,-0.343146,0.750039,0.259074,0.482658,-0.093998,0.398067,-0.219782,-0.129451,0.046032,0.028596,-0.474803,0.008186,-0.125599,0.441759,0.334760,0.378722,0.179178,0.343946,-0.298356,-0.153108,0.303044,0.196017,-0.545164
1788378975.394306,-0.004202,0.010328,-0.004534,0.373031,0.198232,0.081677,0.009835,0.010940,-0.999892,0.000000,0.000000,0.000000,-0.032373,-0.076767,0.204891,0.024874,0.087167,-0.010214,0.090835,-0.017392,-0.013489,-0.017463,-0.017845,-0.077805,0.218166,-0.283616,-0.043633,0.501782,0.938115,0.043633,0.218166,-0.829032,-1.221731,1.767146,1.658063,-2.661628,0.008186,-0.125599,0.441759,0.334760,0.378722,0.179178,0.343946,-0.298356,-0.153108,0.303044,0.196017,-0.545164,0.104892,-0.024238,0.229329,0.409161,0.452481,0.056385,0.210885,-0.167532,-0.103753,0.328596,0.159930,-0.591069
1788378975.414300,-0.008276,0.013211,-0.008247,0.430422,0.173997,0.055978,0.008078,0.018023,-0.999805,0.000000,0.000000,0.000000,-0.024410,-0.075813,0.192000,0.037778,0.098228,-0.004065,0.092744,-0.040259,-0.025265,0.007686,0.012824,-0.109821,0.589049,0.523599,-0.981748,0.719948,0.458149,1.308997,-0.283616,-0.916298,-0.545416,2.203478,2.443461,-1.483530,0.104892,-0.024238,0.229329,0.409161,0.452481,0.056385,0.210885,-0.167532,-0.103753,0.328596,0.159930,-0.591069,0.096061,-0.022787,0.124920,0.378309,0.348252,0.014359,0.232355,-0.273881,-0.077911,0.314070,0.071063,-0.549212
1788378975.434244,-0.010847,0.013370,-0.007200,0.073426,0.213545,-0.159206,0.004507,0.018175,-0.999825,0.000000,0.000000,0.000000,-0.012496,-0.060879,0.161533,0.053254,0.101326,0.011981,0.085773,-0.048513,-0.024670,0.054251,0.031556,-0.129578,0.610865,0.938115,-1.614430,0.741765,0.087267,0.545415,-0.349066,0.065450,0.414516,1.527163,0.239983,-1.134464,0.096061,-0.022787,0.124920,0.378309,0.348252,0.014359,0.232355,-0.273881,-0.077911,0.314070,0.071063,-0.549212,-0.035660,-0.065669,0.143202,0.463332,0.401925,-0.114023,0.169815,-0.378964,-0.152548,0.183790,0.047109,-0.650832
1788378975.454240,-0.013456,0.012890,-0.002648,0.228288,0.087178,-0.070656,0.004088,0.020957,-0.999772,0.000000,0.000000,0.000000,-0.006237,-0.045460,0.124761,0.064708,0.097759,0.019462,0.073286,-0.051786,-0.021360,0.070551,0.026866,-0.134386,0.109083,0.610865,-1.854413,0.632682,-0.174533,0.021817,-0.545415,-0.327249,0.196350,0.458149,-0.981748,0.283616,-0.035660,-0.065669,0.143202,0.463332,0.401925,-0.114023,0.169815,-0.378964,-0.152548,0.183790,0.047109,-0.650832,-0.149732,-0.165482,0.234551,0.381561,0.536658,-0.196566,0.223977,-0.166505,-0.146584,-0.115382,-0.053220,-0.464072
1788378975.474268,-0.015826,0.012015,0.002341,0.053319,0.007683,-0.022719,0.005016,0.025234,-0.999669,0.000000,0.000000,0.000000,-0.006439,-0.035013,0.094932,0.078133,0.097979,0.008393,0.063818,-0.060365,-0.029328,0.066855,0.018371,-0.144607,-0.261799,0.610865,-1.308997,0.479966,0.021817,-0.894481,-0.283616,-0.392699,-0.501782,-1.374447,-0.523599,-0.959931,-0.149732,-0.165482,0.234551,0.381561,0.536658,-0.196566,0.223977,-0.166505,-0.146584,-0.115382,-0.053220,-0.464072,-0.204203,-0.298268,0.475016,0.242162,0.635443,-0.202572,0.168779,-0.216918,-0.204215,-0.291833,-0.260546,-0.416053
1788378975.494276,-0.017689,0.010705,0.006747,-0.137763,0.082251,0.011769,0.003751,0.021402,-0.999764,0.000000,0.000000,0.000000,-0.014383,-0.031241,0.074616,0.084310,0.104246,-0.010501,0.057919,-0.066845,-0.033678,0.039001,0.005221,-0.135826,-0.523599,0.000000,-0.698132,0.305433,0.414516,-1.090831,0.000000,0.196349,-0.130900,-3.032510,-1.178097,1.505346,-0.204203,-0.298268,0.475016,0.242162,0.635443,-0.202572,0.168779,-0.216918,-0.204215,-0.291833,-0.260546,-0.416053,-0.246394,-0.324419,0.700849,-0.003979,0.512721,-0.081706,0.291386,-0.080112,0.009104,-0.464941,-0.347642,-0.027314
1788378975.514299,-0.017457,0.007974,0.010629,0.041734,0.055220,0.088335,0.002959,0.022207,-0.999749,0.000000,0.000000,0.000000,-0.026177,-0.037707,0.076923,0.081259,0.124642,-0.028388,0.055997,-0.061336,-0.042165,-0.016950,-0.024253,-0.117159,-0.567232,-0.436332,0.305433,-0.152716,0.741765,-0.807215,-0.087266,0.152716,-0.610865,-3.207043,-2.596178,1.156281,-0.246394,-0.324419,0.700849,-0.003979,0.512721,-0.081706,0.291386,-0.080112,0.009104,-0.464941,-0.347642,-0.027314,-0.223768,-0.348323,0.828277,-0.020554,0.343145,-0.007961,0.396214,-0.067335,0.069031,-0.423585,-0.365581,0.005431
1788378975.534428,-0.017002,0.007359,0.010336,-0.235368,0.041105,0.000584,0.002362,0.016292,-0.999864,0.000000,0.000000,0.000000,-0.035667,-0.048782,0.094332,0.062346,0.131037,-0.035661,0.056757,-0.050436,-0.018226,-0.063766,-0.058094,-0.077172,-0.239983,-0.589049,1.287180,-1.090831,-0.043633,0.261799,0.349066,0.196350,1.723513,-2.988877,-1.701696,4.232423,-0.223768,-0.348323,0.828277,-0.020554,0.343145,-0.007961,0.396214,-0.067335,0.069031,-0.423585,-0.365581,0.005431,-0.263285,-0.222368,0.723497,-0.248317,0.140919,0.083442,0.451898,0.146501,0.139374,-0.251859,-0.195923,0.192946
1788378975.554428,-0.012746,0.004955,0.005591,-0.122849,-0.015354,0.085272,0.004230,0.014622,-0.999884,0.000000,0.000000,0.000000,-0.040481,-0.059240,0.126558,0.040350,0.121304,-0.027932,0.066537,-0.036173,0.003350,-0.094143,-0.077358,-0.027695,-0.196350,-0.676315,1.636246,-1.156281,-0.523599,0.719948,0.610865,0.741765,0.938114,-0.567232,-0.850848,1.745329,-0.263285,-0.222368,0.723497,-0.248317,0.140919,0.083442,0.451898,0.146501,0.139374,-0.251859,-0.195923,0.192946,-0.250942,-0.263479,0.784211,-0.150456,0.059075,0.086653,0.491467,0.043220,0.124033,-0.236936,-0.178735,0.188519
1788378975.574341,-0.008126,0.002701,0.000029,-0.405544,-0.004568,0.006576,0.004993,0.005108,-0.999974,0.000000,0.000000,0.000000,-0.044135,-0.063391,0.153581,0.008773,0.093491,-0.013986,0.082539,-0.014856,0.020757,-0.088102,-0.067447,0.009966,-0.152716,-0.196350,1.308997,-1.352630,-1.330814,0.829032,0.676315,0.916298,1.003564,1.701696,1.614430,2.399828,-0.250942,-0.263479,0.784211,-0.150456,0.059075,0.086653,0.491467,0.043220,0.124033,-0.236936,-0.178735,0.188519,-0.204622,-0.197533,0.802613,-0.158375,0.001458,0.158075,0.459685,0.016926,0.116585,-0.096524,-0.053273,0.194239
1788378975.594337,-0.004688,0.000758,-0.003485,-0.286767,-0.040121,0.011103,0.006393,-0.000115,-0.999980,0.000000,0.000000,0.000000,-0.045379,-0.066276,0.176344,-0.008937,0.060640,0.003882,0.098910,0.004575,0.026274,-0.068849,-0.053487,0.034076,-0.196350,-0.152716,0.829032,-0.872665,-1.352630,0.872665,0.698132,0.719948,0.174533,0.698132,0.567232,0.763582,-0.204622,-0.197533,0.802613,-0.158375,0.001458,0.158075,0.459685,0.016926,0.116585,-0.096524,-0.053273,0.194239,-0.221341,-0.217492,0.874228,-0.102511,0.025948,0.136871,0.478812,-0.017908,0.103663,-0.054439,-0.050845,0.090171
1788378975.614270,-0.000682,-0.002300,-0.006232,-0.085033,-0.003769,0.029612,0.007373,-0.002741,-0.999969,0.000000,0.000000,0.000000,-0.045370,-0.065444,0.191847,-0.021042,0.036427,0.015791,0.109003,0.010801,0.026814,-0.053488,-0.035633,0.042462,0.109083,0.043633,0.589049,-0.327249,-0.894481,0.785398,0.130900,-0.000000,0.000000,1.723512,1.548980,0.239983,-0.221341,-0.217492,0.874228,-0.102511,0.025948,0.136871,0.478812,-0.017908,0.103663,-0.054439,-0.050845,0.090171,-0.185989,-0.177393,0.803599,-0.017984,0.059361,0.150840,0.476082,-0.161416,-0.028145,0.152156,0.064196,-0.202560
1788378975.634322,0.000012,-0.003285,-0.005469,-0.217525,0.003288,0.033873,0.008253,-0.005509,-0.999951,0.000000,0.000000,0.000000,-0.043808,-0.062486,0.202933,-0.023780,0.023828,0.025750,0.112128,0.006140,0.025541,-0.031807,-0.022093,0.034294,0.000000,0.130900,0.501782,-0.087266,-0.327249,0.261799,0.087267,-0.218166,-0.087266,1.003564,0.392699,-1.003564,-0.185989,-0.177393,0.803599,-0.017984,0.059361,0.150840,0.476082,-0.161416,-0.028145,0.152156,0.064196,-0.202560,-0.201623,-0.063845,0.677296,0.170534,0.271337,0.023461,0.379012,-0.215839,-0.110563,0.309434,0.154211,-0.490450
1788378975.654280,0.000784,-0.005754,-0.000894,-0.017122,0.012210,0.058108,0.009151,-0.005653,-0.999942,0.000000,0.000000,0.000000,-0.043808,-0.059126,0.205158,-0.019670,0.022309,0.031515,0.113685,-0.005426,0.008076,-0.008682,-0.006350,0.002000,0.000000,0.152716,0.130900,0.305433,0.196350,0.087267,0.000000,-0.458149,-1.221731,2.617994,1.548980,-3.272493,-0.201623,-0.063845,0.677296,0.170534,0.271337,0.023461,0.379012,-0.215839,-0.110563,0.309434,0.154211,-0.490450,-0.017610,0.001662,0.376202,0.306588,0.370641,0.076600,0.227603,-0.183539,-0.126286,0.323271,0.164111,-0.507616
1788378975.674392,0.000500,-0.006982,0.002456,-0.065591,0.031518,0.044526,0.009428,-0.005497,-0.999940,0.000000,0.000000,0.000000,-0.043903,-0.048929,0.202142,-0.002086,0.033241,0.029590,0.111416,-0.022175,-0.012769,0.031281,0.016792,-0.058644,0.065450,0.719948,-0.239983,0.916298,0.567232,-0.567232,-0.218166,-0.698132,-1.025381,2.683444,1.505346,-4.145157,-0.017610,0.001662,0.376202,0.306588,0.370641,0.076600,0.227603,-0.183539,-0.126286,0.323271,0.164111,-0.507616,0.134445,-0.007803,0.224271,0.355676,0.413899,0.024083,0.060199,-0.121512,-0.094659,0.250418,0.131742,-0.446008
1788378975.694294,-0.001310,-0.007242,0.004450,0.127754,0.146966,-0.004077,0.007333,-0.006225,-0.999954,0.000000,0.000000,0.000000,-0.037336,-0.036287,0.180868,0.023224,0.054264,0.022835,0.098580,-0.037316,-0.022737,0.061276,0.030730,-0.102000,0.414516,0.654499,-1.287180,1.221731,1.047198,-0.021817,-0.785398,-0.610865,-0.501782,0.829031,0.589049,-1.483530,0.134445,-0.007803,0.224271,0.355676,0.413899,0.024083,0.060199,-0.121512,-0.094659,0.250418,0.131742,-0.446008,0.079465,-0.067875,0.109244,0.467872,0.514749,-0.174945,0.040141,-0.172450,-0.138142,0.203746,0.055942,-0.647527
1788378975.714301,-0.003756,-0.006925,0.002649,-0.033234,0.155754,-0.079444,0.004884,-0.006867,-0.999964,0.000000,0.000000,0.000000,-0.022354,-0.022648,0.149504,0.044749,0.074870,0.021049,0.073297,-0.040038,-0.022055,0.069534,0.033806,-0.109769,0.981748,0.501782,-1.701696,0.916298,0.698132,-0.000000,-1.265364,0.130900,0.087267,-0.239983,-0.152716,0.305433,0.079465,-0.067875,0.109244,0.467872,0.514749,-0.174945,0.040141,-0.172450,-0.138142,0.203746,0.055942,-0.647527,-0.109511,-0.190794,0.188339,0.393267,0.616463,-0.233011,0.136307,-0.102206,-0.151052,-0.102131,-0.103022,-0.485945
1788378975.734293,-0.005213,-0.006775,0.000530,-0.012994,0.081718,-0.030975,0.003549,-0.006731,-0.999971,0.000000,0.000000,0.000000,-0.008315,-0.018675,0.112176,0.065403,0.093695,0.010937,0.045557,-0.035767,-0.027886,0.061723,0.024916,-0.128040,0.676315,0.000000,-1.614430,0.829032,0.741765,-1.374447,-1.090831,0.327249,-0.305433,-0.479966,-0.916298,-1.919863,-0.109511,-0.190794,0.188339,0.393267,0.616463,-0.233011,0.136307,-0.102206,-0.151052,-0.102131,-0.103022,-0.485945,-0.097578,-0.352336,0.333553,0.359061,0.707426,-0.214931,0.049424,-0.271504,-0.277842,-0.136132,-0.100033,-0.566870
1788378975.754267,-0.006485,-0.006289,-0.001412,-0.069320,0.036445,0.015897,0.002947,-0.008702,-0.999958,0.000000,0.000000,0.000000,-0.007131,-0.026284,0.089503,0.075592,0.116925,-0.014174,0.032410,-0.037861,-0.033326,0.040626,0.002047,-0.130189,-0.196350,-0.414516,-1.047198,0.479966,1.112648,-1.134464,-0.196350,-0.087267,-0.283616,-2.901610,-1.985312,1.112647,-0.097578,-0.352336,0.333553,0.359061,0.707426,-0.214931,0.049424,-0.271504,-0.277842,-0.136132,-0.100033,-0.566870,-0.174634,-0.400142,0.544145,0.144197,0.629141,-0.146565,0.229899,-0.129029,0.017314,-0.434575,-0.243484,-0.075109
1788378975.774275,-0.006856,-0.005513,-0.001665,-0.038427,-0.037325,0.100186,0.004432,-0.009034,-0.999949,0.000000,0.000000,0.000000,-0.011527,-0.040271,0.080811,0.077975,0.143320,-0.033493,0.030076,-0.041300,-0.051884,-0.005744,-0.014471,-0.131193,-0.283616,-0.807215,-0.152716,-0.000000,0.894481,-0.785398,-0.283616,-0.196350,-1.156281,-1.614430,-0.458149,-0.414516,-0.174634,-0.400142,0.544145,0.144197,0.629141,-0.146565,0.229899,-0.129029,0.017314,-0.434575,-0.243484,-0.075109,-0.101785,-0.450124,0.753866,0.049952,0.499201,-0.028917,0.316993,-0.237155,-0.107721,-0.297786,-0.281265,-0.272197
1788378975.794264,-0.006992,-0.004520,0.000856,-0.123782,-0.075142,0.053448,0.005876,-0.013059,-0.999897,0.000000,0.000000,0.000000,-0.020336,-0.054146,0.089137,0.068158,0.150702,-0.042797,0.032246,-0.044093,-0.026797,-0.035737,-0.034412,-0.103963,-0.239983,-0.676315,0.741765,-0.567232,0.087266,-0.043633,0.567232,-0.000000,2.399828,-3.054327,-1.941679,4.450590,-0.101785,-0.450124,0.753866,0.049952,0.499201,-0.028917,0.316993,-0.237155,-0.107721,-0.297786,-0.281265,-0.272197,-0.219839,-0.231948,0.606159,-0.194899,0.266429,0.095622,0.382786,0.102189,0.126193,-0.232756,-0.136164,0.166685
1788378975.814246,-0.006163,-0.003974,0.003447,0.044663,-0.148778,0.148256,0.009405,-0.011413,-0.999891,0.000000,0.000000,0.000000,-0.024077,-0.070350,0.114862,0.053811,0.146644,-0.038600,0.045672,-0.048287,-0.021692,-0.075132,-0.054423,-0.064085,-0.130900,-0.938115,1.418080,-0.807215,-0.283616,0.414516,0.719948,-0.043633,-0.610865,0.109083,-1.025381,-0.283616,-0.219839,-0.231948,0.606159,-0.194899,0.266429,0.095622,0.382786,0.102189,0.126193,-0.232756,-0.136164,0.166685,-0.156504,-0.354498,0.797578,-0.030263,0.193785,0.124584,0.478342,-0.188517,-0.052093,-0.096270,-0.013213,-0.112838
1788378975.834854,-0.003268,-0.003267,0.005135,-0.348685,-0.159697,-0.050815,0.012283,-0.020601,-0.999712,0.000000,0.000000,0.000000,-0.032122,-0.073547,0.131290,0.028604,0.119030,-0.023293,0.063466,-0.032715,0.004607,-0.067366,-0.048192,-0.037616,-0.436332,0.130900,0.916298,-1.134464,-1.265364,1.112647,0.763582,0.894481,2.094395,0.807215,1.308997,4.057890,-0.156504,-0.354498,0.797578,-0.030263,0.193785,0.124584,0.478342,-0.188517,-0.052093,-0.096270,-0.013213,-0.112838,-0.229550,-0.123581,0.633061,-0.197159,0.148374,0.030391,0.407393,0.057379,0.138994,-0.018306,0.023258,0.239864
1788378975.854795,0.000226,-0.002606,0.002579,0.000988,-0.150243,0.047855,0.017199,-0.016803,-0.999711,0.000000,0.000000,0.000000,-0.034397,-0.074995,0.154813,0.012585,0.089850,0.000432,0.082152,-0.026296,-0.002568,-0.051543,-0.027842,-0.006895,-0.152716,-0.239983,0.959931,-0.763582,-1.243547,1.090831,0.698132,-0.109083,-0.959931,1.679880,1.483530,-1.418080,-0.229550,-0.123581,0.633061,-0.197159,0.148374,0.030391,0.407393,0.057379,0.138994,-0.018306,0.023258,0.239864,-0.199832,-0.199248,0.691070,-0.041004,0.097039,0.250665,0.478228,-0.257839,-0.126688,0.235105,0.132307,-0.228747
1788378975.874663,0.003487,-0.001676,-0.001556,-0.061330,-0.140123,-0.019523,0.020112,-0.018650,-0.999624,0.000000,0.000000,0.000000,-0.040688,-0.066751,0.165400,-0.002337,0.064014,0.011062,0.097418,-0.013672,0.014575,-0.027559,-0.008646,0.007258,-0.327249,0.501782,0.545416,-0.414516,-0.916298,0.021817,0.610865,0.654499,1.483530,1.352630,1.047198,3.185226,-0.199832,-0.199248,0.691070,-0.041004,0.097039,0.250665,0.478228,-0.257839,-0.126688,0.235105,0.132307,-0.228747,-0.257718,0.046434,0.571465,-0.053269,0.253708,0.024587,0.348192,0.030504,0.064186,0.139428,0.103556,-0.019309
1788378975.894276,0.006318,0.000715,-0.008497,0.326026,-0.077006,0.028281,0.021620,-0.011921,-0.999695,0.000000,0.000000,0.000000,-0.040159,-0.064054,0.174713,-0.004571,0.053896,0.018736,0.103224,-0.023034,-0.004937,-0.000405,0.010053,0.015821,0.021817,0.000000,0.130900,-0.327249,-0.261799,1.112647,0.087266,-0.676315,-2.094395,2.792527,1.439897,-2.814343,-0.257718,0.046434,0.571465,-0.053269,0.253708,0.024587,0.348192,0.030504,0.064186,0.139428,0.103556,-0.019309,-0.119580,-0.073512,0.484370,0.087676,0.248264,0.231195,0.344165,-0.147116,-0.206200,0.312262,0.210474,-0.349285
1788378975.914219,0.007064,0.002187,-0.010582,-0.055072,-0.132000,-0.038565,0.024370,-0.012969,-0.999619,0.000000,0.000000,0.000000,-0.041765,-0.049093,0.171059,-0.007922,0.050346,0.029514,0.103789,-0.019175,0.000822,0.034169,0.020940,-0.014368,-0.087266,1.156281,-0.174533,0.239983,-0.218166,-0.261799,-0.174533,0.392699,1.221730,0.152717,0.109083,0.916298,-0.119580,-0.073512,0.484370,0.087676,0.248264,0.231195,0.344165,-0.147116,-0.206200,0.312262,0.210474,-0.349285,-0.265477,0.033997,0.392524,0.192422,0.471587,-0.087026,0.217467,-0.008590,-0.122517,0.110201,0.077638,-0.417610
1788378975.934244,0.005606,0.005396,-0.007547,0.666512,-0.025873,0.031610,0.025482,-0.000370,-0.999675,0.000000,0.000000,0.000000,-0.039300,-0.040824,0.164385,0.003420,0.058761,0.032893,0.097192,-0.023509,-0.020422,0.042754,0.032514,-0.034461,0.087267,0.130900,-0.589049,0.436332,0.370883,0.850848,-0.414516,-0.065450,-2.159845,1.898046,1.287180,-3.163409,-0.265477,0.033997,0.392524,0.192422,0.471587,-0.087026,0.217467,-0.008590,-0.122517,0.110201,0.077638,-0.417610,-0.096894,-0.083820,0.305496,0.209556,0.487424,0.120360,0.199652,-0.130035,-0.218869,0.274670,0.099252,-0.490061
1788378975.954194,0.003889,0.007047,-0.002963,-0.114194,-0.107499,-0.028178,0.028330,-0.000900,-0.999598,0.000000,0.000000,0.000000,-0.043791,-0.024596,0.148165,0.016717,0.074186,0.030496,0.085793,-0.015712,-0.029503,0.054772,0.031897,-0.075320,-0.152716,1.047198,-0.719948,0.654499,0.610865,-1.265364,-0.370883,0.218166,0.174533,-1.548980,-1.069014,-1.788963,-0.096894,-0.083820,0.305496,0.209556,0.487424,0.120360,0.199652,-0.130035,-0.218869,0.274670,0.099252,-0.490061,-0.266014,-0.076490,0.266724,0.384028,0.801858,-0.221748,0.031035,-0.107023,-0.375799,-0.118144,-0.130135,-0.689003
1788378975.974168,0.000808,0.009503,0.002730,0.521103,0.025792,0.012701,0.027791,0.007002,-0.999589,0.000000,0.000000,0.000000,-0.043497,-0.022046,0.127363,0.027884,0.094821,0.018944,0.070810,-0.018107,-0.041022,0.044747,0.025284,-0.099545,0.174533,-0.261799,-1.134464,0.392699,0.894481,0.283616,-0.785398,-0.109083,-0.938114,1.330814,0.000000,-1.178097,-0.266014,-0.076490,0.266724,0.384028,0.801858,-0.221748,0.031035,-0.107023,-0.375799,-0.118144,-0.130135,-0.689003,-0.200898,-0.214180,0.284115,0.288115,0.606961,-0.015819,0.209250,-0.348735,-0.324464,-0.002283,-0.042529,-0.566289
1788378975.994227,-0.000111,0.010149,0.003957,-0.039759,-0.031865,0.026017,0.030016,0.011479,-0.999484,0.000000,0.000000,0.000000,-0.050086,-0.017410,0.107248,0.047200,0.127844,0.011755,0.054794,-0.020026,-0.069825,0.048115,0.005387,-0.132011,-0.261799,0.370883,-0.829032,0.872665,1.418080,-1.221730,-0.567232,-0.021817,-1.614430,-2.181662,-2.465278,-2.399828,-0.200898,-0.214180,0.284115,0.288115,0.606961,-0.015819,0.209250,-0.348735,-0.324464,-0.002283,-0.042529,-0.566289,-0.215035,-0.316515,0.388056,0.349999,0.880811,-0.265304,0.118449,-0.208475,-0.245650,-0.128156,-0.098852,-0.421076
1788378976.014178,-0.003404,0.012273,0.003441,0.490343,0.030985,0.055045,0.029643,0.014685,-0.999453,0.000000,0.000000,0.000000,-0.051155,-0.026524,0.094155,0.055848,0.147623,-0.002265,0.041535,-0.038200,-0.073853,0.003593,-0.010923,-0.141839,-0.021817,-0.785398,-0.610865,0.458149,0.829032,-0.196350,-0.589049,-1.178097,0.174533,-0.305433,0.152716,0.807215,-0.215035,-0.316515,0.388056,0.349999,0.880811,-0.265304,0.118449,-0.208475,-0.245650,-0.128156,-0.098852,-0.421076,-0.149959,-0.427639,0.476513,0.165657,0.577019,-0.115936,0.316006,-0.255368,-0.131989,-0.307106,-0.221276,-0.212920
1788378976.034158,-0.005818,0.013845,-0.000280,-0.264263,0.032184,0.052782,0.029357,0.010158,-0.999517,0.000000,0.000000,0.000000,-0.051880,-0.036777,0.090932,0.065327,0.167351,-0.017356,0.040335,-0.053234,-0.067952,-0.004488,-0.014760,-0.125927,0.239983,-0.567232,-0.000000,0.327249,0.741765,-1.265364,0.239983,-0.632682,0.523599,-1.570796,-0.632682,1.614430,-0.149959,-0.427639,0.476513,0.165657,0.577019,-0.115936,0.316006,-0.255368,-0.131989,-0.307106,-0.221276,-0.212920,-0.170385,-0.357053,0.686707,0.029709,0.455773,0.003810,0.369620,-0.156595,0.000911,-0.414134,-0.329264,-0.093742
1788378976.054319,-0.006493,0.014255,-0.001663,0.301126,0.024327,0.066630,0.029296,0.013888,-0.999474,0.000000,0.000000,0.000000,-0.050309,-0.056723,0.095712,0.058828,0.171848,-0.025385,0.048576,-0.059092,-0.046119,-0.031404,-0.031968,-0.089752,0.152716,-1.243547,0.458149,-0.261799,0.000000,0.021817,0.458149,-0.218166,1.156281,-2.465278,-1.788963,2.683444,-0.170385,-0.357053,0.686707,0.029709,0.455773,0.003810,0.369620,-0.156595,0.000911,-0.414134,-0.329264,-0.093742,-0.210277,-0.294646,0.717902,-0.076182,0.182482,0.091213,0.425870,-0.041023,0.063998,-0.378826,-0.203246,0.145170
1788378976.074278,-0.005894,0.013521,-0.001538,-0.207405,-0.057165,-0.003411,0.031576,0.012412,-0.999424,0.000000,0.000000,0.000000,-0.047056,-0.070967,0.115263,0.045905,0.156194,-0.023746,0.062520,-0.054273,-0.019006,-0.066872,-0.056266,-0.053501,0.261799,-0.305433,0.916298,-0.698132,-1.156281,0.698132,0.807215,0.065450,1.505347,-2.072579,-1.745329,2.072579,-0.210277,-0.294646,0.717902,-0.076182,0.182482,0.091213,0.425870,-0.041023,0.063998,-0.378826,-0.203246,0.145170,-0.224716,-0.308449,0.750846,-0.135869,0.024072,0.147336,0.557399,0.016698,0.144488,-0.283308,-0.162702,0.192698
1788378976.094204,-0.004531,0.011966,-0.000470,-0.157204,-0.108298,-0.005675,0.034991,0.006903,-0.999364,0.000000,0.000000,0.000000,-0.044784,-0.075210,0.131377,0.024481,0.119848,-0.006944,0.077759,-0.043097,0.001725,-0.086030,-0.059252,-0.012770,-0.196350,-0.109083,0.981748,-1.003564,-1.636246,1.003564,0.436332,0.458149,1.025381,-0.109083,1.069014,3.163409,-0.224716,-0.308449,0.750846,-0.135869,0.024072,0.147336,0.557399,0.016698,0.144488,-0.283308,-0.162702,0.192698,-0.227491,-0.206512,0.750720,-0.195569,-0.097021,0.152904,0.517466,0.049405,0.162683,-0.184088,-0.116559,0.246297
1788378976.114192,-0.002363,0.009829,0.000287,-0.210467,-0.112825,-0.011134,0.037861,0.003507,-0.999277,0.000000,0.000000,0.000000,-0.048179,-0.074875,0.150766,0.006651,0.074996,0.008325,0.095433,-0.024057,0.020515,-0.082476,-0.049909,0.023880,-0.196350,0.000000,0.807215,-0.719948,-2.028945,0.785398,0.959931,0.981748,1.069014,0.872665,0.479965,1.505347,-0.227491,-0.206512,0.750720,-0.195569,-0.097021,0.152904,0.517466,0.049405,0.162683,-0.184088,-0.116559,0.246297,-0.215779,-0.225205,0.795321,-0.122525,-0.081249,0.145398,0.477430,0.047030,0.155206,-0.113118,-0.045043,0.237629
1788378976.134166,0.002112,0.005716,-0.000503,-0.236966,-0.086593,-0.024716,0.041035,-0.001775,-0.999156,0.000000,0.000000,0.000000,-0.051798,-0.070091,0.165234,-0.008356,0.033803,0.023940,0.113791,-0.007182,0.031919,-0.066888,-0.039337,0.045145,-0.218166,0.239983,0.632682,-0.676315,-1.701696,0.719948,0.698132,0.501782,0.567232,1.374447,0.741765,1.003565,-0.215779,-0.225205,0.795321,-0.122525,-0.081249,0.145398,0.477430,0.047030,0.155206,-0.113118,-0.045043,0.237629,-0.201191,-0.222598,0.841352,-0.088820,-0.044695,0.154720,0.463830,0.001106,0.110256,-0.027355,-0.007226,0.122464
1788378976.154204,0.004058,0.003465,-0.001284,-0.047748,-0.010427,0.011236,0.042333,-0.000862,-0.999103,0.000000,0.000000,0.000000,-0.051795,-0.066074,0.177443,-0.014764,0.007735,0.032085,0.119794,0.002278,0.035192,-0.048432,-0.026301,0.054382,0.065450,0.218166,0.567232,-0.370882,-0.938114,0.283616,0.000000,0.392699,0.000000,1.069014,0.959931,0.261800,-0.201191,-0.222598,0.841352,-0.088820,-0.044695,0.154720,0.463830,0.001106,0.110256,-0.027355,-0.007226,0.122464,-0.190398,-0.192039,0.842022,-0.019938,0.095016,0.081165,0.415212,-0.064982,0.027199,0.106244,0.035226,-0.136134
1788378976.174159,0.005318,0.000622,-0.002675,-0.055471,0.041505,0.016962,0.042326,-0.001958,-0.999102,0.000000,0.000000,0.000000,-0.050506,-0.064051,0.188316,-0.017453,0.000672,0.035685,0.117247,0.004168,0.031663,-0.029716,-0.014065,0.044395,0.087266,0.021817,0.501782,-0.000000,-0.065450,0.065450,-0.283616,-0.000000,-0.239983,1.352630,0.741765,-1.112647,-0.190398,-0.192039,0.842022,-0.019938,0.095016,0.081165,0.415212,-0.064982,0.027199,0.106244,0.035226,-0.136134,-0.172540,-0.109941,0.688207,0.152490,0.273917,0.025332,0.361108,-0.211241,-0.094245,0.326776,0.161206,-0.453070
1788378976.194187,0.005332,-0.000260,-0.002923,0.008711,0.065739,0.056244,0.042010,-0.000272,-0.999117,0.000000,0.000000,0.000000,-0.048717,-0.061703,0.196161,-0.015574,0.006772,0.035063,0.114097,-0.000310,0.018139,-0.007092,-0.002878,0.012761,0.043633,0.174533,0.392699,0.109083,0.392699,-0.239983,-0.174533,-0.087267,-0.938115,1.941679,0.785398,-2.988877,-0.172540,-0.109941,0.688207,0.152490,0.273917,0.025332,0.361108,-0.211241,-0.094245,0.326776,0.161206,-0.453070,-0.032677,0.000877,0.406555,0.355782,0.430040,0.024917,0.205978,-0.203696,-0.129581,0.352886,0.196351,-0.580150
1788378976.214134,0.003132,-0.001297,-0.001764,0.070496,0.130721,0.051051,0.040179,0.001354,-0.999192,0.000000,0.000000,0.000000,-0.047326,-0.055892,0.195270,-0.002653,0.028862,0.028761,0.107936,-0.014204,-0.005234,0.026176,0.016857,-0.044845,0.109083,0.327249,-0.065450,0.654499,1.178097,-0.523599,-0.349066,-0.589049,-1.308997,3.010693,1.679879,-4.232424,-0.032677,0.000877,0.406555,0.355782,0.430040,0.024917,0.205978,-0.203696,-0.129581,0.352886,0.196351,-0.580150,0.167564,-0.009056,0.240675,0.369945,0.448531,0.044299,0.101462,-0.103250,-0.080853,0.273767,0.152455,-0.446074
1788378976.234355,-0.000222,-0.001710,0.000009,0.130284,0.225929,0.008706,0.036226,0.002841,-0.999340,0.000000,0.000000,0.000000,-0.039840,-0.042142,0.180222,0.022837,0.058560,0.021982,0.094497,-0.030567,-0.019974,0.063436,0.034273,-0.102779,0.632682,0.850848,-1.025381,1.287180,1.374447,-0.065450,-0.610865,-0.654499,-0.632682,1.178098,0.938114,-2.727077,0.167564,-0.009056,0.240675,0.369945,0.448531,0.044299,0.101462,-0.103250,-0.080853,0.273767,0.152455,-0.446074,0.175160,-0.052337,0.095336,0.471005,0.506847,-0.129860,0.018610,-0.144728,-0.112548,0.256520,0.102203,-0.598382
1788378976.254219,-0.001561,-0.001942,0.000591,0.034277,0.288247,-0.074650,0.030779,0.002403,-0.999523,0.000000,0.000000,0.000000,-0.022359,-0.028733,0.150439,0.044694,0.083990,0.020092,0.071958,-0.038508,-0.019754,0.074505,0.039195,-0.113767,1.134464,0.632682,-1.679880,1.090831,1.003564,0.152716,-1.090831,-0.000000,0.261799,-0.414515,-0.218166,0.741765,0.175160,-0.052337,0.095336,0.471005,0.506847,-0.129860,0.018610,-0.144728,-0.112548,0.256520,0.102203,-0.598382,-0.048623,-0.196761,0.145748,0.422111,0.583770,-0.214353,0.138533,-0.062553,-0.083926,-0.083385,-0.071372,-0.436556
1788378976.274163,-0.006761,-0.003714,0.002986,-0.046417,0.192240,-0.059470,0.027478,0.002526,-0.999619,0.000000,0.000000,0.000000,-0.004388,-0.022070,0.111592,0.066781,0.101056,0.014136,0.046577,-0.034761,-0.023549,0.070183,0.032961,-0.125681,0.785398,0.087267,-1.832596,0.894481,0.589049,-1.025381,-1.134464,0.392699,-0.196350,-0.000000,-0.479966,-1.330814,-0.048623,-0.196761,0.145748,0.422111,0.583770,-0.214353,0.138533,-0.062553,-0.083926,-0.083385,-0.071372,-0.436556,-0.067825,-0.342338,0.341509,0.344790,0.624414,-0.203595,0.075385,-0.260579,-0.230037,-0.131020,-0.095451,-0.523308
1788378976.294164,-0.008823,-0.004934,0.004140,-0.234968,0.166940,-0.043092,0.024476,-0.003254,-0.999695,0.000000,0.000000,0.000000,-0.001009,-0.027208,0.083492,0.077613,0.116275,-0.006500,0.032399,-0.031821,-0.022213,0.051955,0.010228,-0.121427,-0.087267,-0.261799,-1.308997,0.479966,0.829032,-1.112647,-0.218166,0.109083,0.021817,-3.032510,-2.050762,1.243547,-0.067825,-0.342338,0.341509,0.344790,0.624414,-0.203595,0.075385,-0.260579,-0.230037,-0.131020,-0.095451,-0.523308,-0.163682,-0.386714,0.571772,0.125634,0.542837,-0.141550,0.250613,-0.095603,0.042540,-0.400519,-0.195326,-0.045804
1788378976.314149,-0.009586,-0.005884,0.004911,-0.029905,0.047630,0.086870,0.025780,-0.002761,-0.999664,0.000000,0.000000,0.000000,-0.005874,-0.039071,0.075194,0.080841,0.135613,-0.027400,0.030512,-0.033501,-0.039590,0.000465,-0.008818,-0.120156,-0.479966,-0.719948,-0.043633,0.109083,0.567232,-0.916298,-0.218166,-0.218166,-1.265364,-1.876229,-0.698132,-0.458149,-0.163682,-0.386714,0.571772,0.125634,0.542837,-0.141550,0.250613,-0.095603,0.042540,-0.400519,-0.195326,-0.045804,-0.128789,-0.432908,0.772591,0.075569,0.482248,-0.046286,0.327860,-0.209313,-0.072720,-0.314368,-0.306321,-0.240228
1788378976.334170,-0.009683,-0.007578,0.005711,-0.326315,0.045233,0.027349,0.024701,-0.011673,-0.999627,0.000000,0.000000,0.000000,-0.016213,-0.052046,0.084122,0.070266,0.136658,-0.037730,0.034725,-0.038333,-0.016686,-0.033089,-0.027297,-0.091012,-0.414516,-0.632682,0.807215,-0.523599,-0.261799,-0.043633,0.567232,-0.000000,2.225295,-3.097960,-1.505347,4.341507,-0.128789,-0.432908,0.772591,0.075569,0.482248,-0.046286,0.327860,-0.209313,-0.072720,-0.314368,-0.306321,-0.240228,-0.233162,-0.222569,0.643675,-0.193090,0.238454,0.092943,0.411016,0.085866,0.143198,-0.229446,-0.161925,0.175869
1788378976.354169,-0.008127,-0.008109,0.006011,-0.022315,-0.003503,0.158110,0.025807,-0.011325,-0.999603,0.000000,0.000000,0.000000,-0.021980,-0.066797,0.113733,0.055046,0.132791,-0.033294,0.050302,-0.041292,-0.013773,-0.070668,-0.051251,-0.056504,-0.305433,-0.894481,1.745329,-0.829032,-0.065450,0.414516,0.872665,0.043633,-0.589049,-0.087267,-1.723513,-0.589049,-0.233162,-0.222569,0.643675,-0.193090,0.238454,0.092943,0.411016,0.085866,0.143198,-0.229446,-0.161925,0.175869,-0.166814,-0.358065,0.822866,-0.000560,0.216559,0.097477,0.481132,-0.214891,-0.054136,-0.076154,-0.007804,-0.138223
1788378976.374172,-0.005375,-0.009040,0.005262,-0.381575,-0.025207,-0.022719,0.025880,-0.022896,-0.999403,0.000000,0.000000,0.000000,-0.032076,-0.071177,0.135778,0.028168,0.111435,-0.020212,0.068465,-0.027089,0.011523,-0.066897,-0.051159,-0.028731,-0.479966,0.130900,1.156281,-1.221731,-1.025381,0.938115,0.829032,0.632682,1.832596,0.741765,1.178097,3.970625,-0.166814,-0.358065,0.822866,-0.000560,0.216559,0.097477,0.481132,-0.214891,-0.054136,-0.076154,-0.007804,-0.138223,-0.217132,-0.119633,0.656330,-0.173125,0.164987,0.010815,0.408720,0.023575,0.147493,-0.028743,0.002486,0.225970
1788378976.394164,-0.002522,-0.009534,0.003298,-0.095818,-0.031200,0.045724,0.027292,-0.023177,-0.999359,0.000000,0.000000,0.000000,-0.034623,-0.073203,0.161950,0.013128,0.086801,0.001379,0.085918,-0.024327,0.000168,-0.049348,-0.029312,-0.004078,-0.196350,-0.261799,1.047198,-0.698132,-0.959931,0.916298,0.654499,-0.218166,-1.287180,1.919863,1.810779,-1.767146,-0.217132,-0.119633,0.656330,-0.173125,0.164987,0.010815,0.408720,0.023575,0.147493,-0.028743,0.002486,0.225970,-0.158505,-0.179589,0.674104,-0.003955,0.109158,0.257475,0.448590,-0.286023,-0.135383,0.258721,0.148481,-0.277270
1788378976.414221,0.000121,-0.009635,0.000177,-0.006602,-0.080868,-0.036834,0.028632,-0.027408,-0.999214,0.000000,0.000000,0.000000,-0.040642,-0.065063,0.172913,-0.001181,0.065042,0.009644,0.100211,-0.016754,0.017152,-0.025213,-0.010522,0.005630,-0.218166,0.458149,0.436332,-0.349066,-0.654499,-0.087266,0.567232,0.392699,1.374447,1.156281,0.763582,3.119776,-0.158505,-0.179589,0.674104,-0.003955,0.109158,0.257475,0.448590,-0.286023,-0.135383,0.258721,0.148481,-0.277270,-0.224550,0.050381,0.543047,0.011091,0.283738,0.009694,0.340024,0.031418,0.064864,0.127192,0.097298,-0.096935
1788378976.434195,0.000121,-0.009635,0.000177,0.205252,0.059348,0.006443,0.027652,-0.022986,-0.999353,0.000000,0.000000,0.000000,-0.038765,-0.060907,0.179864,-0.000881,0.056779,0.015941,0.103794,-0.028698,-0.005027,-0.001329,0.010302,0.010509,0.065450,0.174533,0.021817,-0.261799,-0.239983,1.287180,-0.043633,-0.436332,-2.116212,2.748894,1.658063,-3.054326,-0.224550,0.050381,0.543047,0.011091,0.283738,0.009694,0.340024,0.031418,0.064864,0.127192,0.097298,-0.096935,-0.091942,-0.061515,0.479594,0.124248,0.257163,0.230509,0.322484,-0.178503,-0.202127,0.294333,0.193014,-0.373874
1788378976.454211,0.001285,-0.004924,-0.003736,-0.122450,-0.017218,-0.117527,0.028107,-0.025542,-0.999279,0.000000,0.000000,0.000000,-0.040102,-0.043731,0.170808,0.000791,0.054521,0.027114,0.100988,-0.023629,0.001136,0.036271,0.021927,-0.025488,0.000000,1.243547,-0.458149,0.479966,0.021817,-0.196350,-0.239983,0.479966,1.221731,0.109083,0.000000,0.261799,-0.091942,-0.061515,0.479594,0.124248,0.257163,0.230509,0.322484,-0.178503,-0.202127,0.294333,0.193014,-0.373874,-0.251754,0.015780,0.384839,0.261041,0.490235,-0.118043,0.197968,-0.062274,-0.160538,0.098051,0.079362,-0.501786
1788378976.474234,0.000555,-0.002589,-0.002286,0.617376,0.012743,0.008174,0.028387,-0.015190,-0.999482,0.000000,0.000000,0.000000,-0.037710,-0.034500,0.161694,0.012059,0.064240,0.030804,0.093461,-0.028052,-0.020026,0.041862,0.031136,-0.048363,0.130900,0.283616,-0.719948,0.370883,0.436332,0.959931,-0.567232,-0.109083,-2.050762,1.854412,1.134464,-2.857977,-0.251754,0.015780,0.384839,0.261041,0.490235,-0.118043,0.197968,-0.062274,-0.160538,0.098051,0.079362,-0.501786,-0.110272,-0.063767,0.312842,0.253919,0.490187,0.103182,0.211429,-0.197282,-0.235859,0.270398,0.093648,-0.543575
1788378976.494163,-0.000281,-0.001125,-0.000090,-0.161066,-0.082332,-0.023518,0.030836,-0.014968,-0.999412,0.000000,0.000000,0.000000,-0.042542,-0.020246,0.144527,0.026161,0.078721,0.028794,0.081320,-0.022001,-0.033522,0.051041,0.030275,-0.090371,-0.218166,0.807215,-0.807215,0.610865,0.567232,-1.243547,-0.327249,0.130900,-0.196350,-1.636246,-0.850848,-2.334378,-0.110272,-0.063767,0.312842,0.253919,0.490187,0.103182,0.211429,-0.197282,-0.235859,0.270398,0.093648,-0.543575,-0.232302,-0.076711,0.235106,0.417983,0.824941,-0.209827,0.016726,-0.126305,-0.393143,-0.087760,-0.125367,-0.737145
1788378976.514195,-0.001409,0.000699,0.001592,0.502195,0.050693,-0.001680,0.029932,-0.009500,-0.999507,0.000000,0.000000,0.000000,-0.042101,-0.018351,0.126015,0.036226,0.097483,0.015919,0.068683,-0.027714,-0.045391,0.042762,0.024761,-0.114438,0.043633,-0.239983,-0.981748,0.479966,0.850848,0.043633,-0.632682,-0.196350,-0.785398,1.527163,0.000000,-0.938115,-0.232302,-0.076711,0.235106,0.417983,0.824941,-0.209827,0.016726,-0.126305,-0.393143,-0.087760,-0.125367,-0.737145,-0.196406,-0.151104,0.259357,0.335470,0.619551,-0.020966,0.187685,-0.347594,-0.322016,0.000466,-0.060859,-0.622954
1788378976.534091,-0.002476,0.002188,0.002526,-0.047482,-0.012025,0.033607,0.031215,-0.006747,-0.999490,0.000000,0.000000,0.000000,-0.046472,-0.015795,0.106370,0.055226,0.132046,0.009314,0.053831,-0.030596,-0.073987,0.047259,0.005646,-0.145117,-0.174533,0.174533,-0.785398,0.763582,1.505347,-1.243547,-0.610865,0.087266,-1.636246,-2.072578,-2.443461,-2.508911,-0.196406,-0.151104,0.259357,0.335470,0.619551,-0.020966,0.187685,-0.347594,-0.322016,0.000466,-0.060859,-0.622954,-0.198463,-0.293439,0.363942,0.373623,0.884478,-0.246942,0.096773,-0.224896,-0.242092,-0.099942,-0.076211,-0.443049
1788378976.554193,-0.003921,0.004759,0.001605,0.435482,0.006218,0.022022,0.030901,-0.000767,-0.999522,0.000000,0.000000,0.000000,-0.049265,-0.022119,0.092268,0.064037,0.151250,-0.001951,0.040190,-0.043078,-0.077349,0.006606,-0.011728,-0.155499,-0.196350,-0.523599,-0.654499,0.501782,0.850848,-0.087266,-0.589049,-0.763582,0.283616,-0.436332,-0.087267,0.785398,-0.198463,-0.293439,0.363942,0.373623,0.884478,-0.246942,0.096773,-0.224896,-0.242092,-0.099942,-0.076211,-0.443049,-0.173126,-0.413457,0.489092,0.159367,0.627435,-0.141852,0.285593,-0.232418,-0.140360,-0.342829,-0.250372,-0.200792
1788378976.574275,-0.004277,0.005559,-0.000241,-0.173183,-0.017484,0.043594,0.031461,-0.003644,-0.999498,0.000000,0.000000,0.000000,-0.049385,-0.032646,0.086626,0.071943,0.170427,-0.015987,0.035751,-0.056029,-0.068893,-0.001646,-0.013653,-0.136399,0.239983,-0.567232,-0.196350,0.349066,0.698132,-1.199914,-0.043633,-0.632682,0.545415,-1.156281,-0.065450,1.810779,-0.173126,-0.413457,0.489092,0.159367,0.627435,-0.141852,0.285593,-0.232418,-0.140360,-0.342829,-0.250372,-0.200792,-0.165172,-0.344349,0.693666,0.001851,0.437763,-0.013727,0.338746,-0.133007,-0.012757,-0.400353,-0.307392,-0.072791
1788378976.594617,-0.004343,0.007084,-0.001198,0.232816,-0.043317,0.024952,0.032962,-0.001801,-0.999455,0.000000,0.000000,0.000000,-0.049701,-0.050707,0.090051,0.063394,0.175409,-0.023806,0.043070,-0.059975,-0.047580,-0.026885,-0.033024,-0.094778,0.000000,-1.134464,0.327249,-0.349066,0.043633,-0.087266,0.523599,-0.000000,1.090831,-2.683444,-2.159845,3.141593,-0.165172,-0.344349,0.693666,0.001851,0.437763,-0.013727,0.338746,-0.133007,-0.012757,-0.400353,-0.307392,-0.072791,-0.218266,-0.253641,0.720170,-0.108285,0.158921,0.091693,0.422465,0.007934,0.099964,-0.327692,-0.142287,0.168385
1788378976.614392,-0.003522,0.007662,-0.000457,-0.046017,-0.159963,-0.012332,0.036649,0.000050,-0.999328,0.000000,0.000000,0.000000,-0.047149,-0.065052,0.110796,0.047339,0.158796,-0.025352,0.055298,-0.053051,-0.021510,-0.068173,-0.055988,-0.052574,0.196350,-0.458149,1.069014,-0.850848,-1.265364,0.567232,0.632682,0.109083,1.592613,-1.723513,-1.221731,2.290745,-0.218266,-0.253641,0.720170,-0.108285,0.158921,0.091693,0.422465,0.007934,0.099964,-0.327692,-0.142287,0.168385,-0.231286,-0.273074,0.749641,-0.145257,-0.009237,0.154581,0.542391,0.013999,0.163139,-0.267847,-0.133242,0.233316
1788378976.634359,-0.002752,0.007714,0.000162,-0.155606,-0.194984,-0.043491,0.041537,-0.004833,-0.999125,0.000000,0.000000,0.000000,-0.044888,-0.067910,0.128028,0.023963,0.117958,-0.010091,0.071609,-0.037540,0.005535,-0.083254,-0.051592,-0.007833,-0.196350,-0.021817,1.025381,-1.112647,-1.788963,1.069014,0.632682,0.654499,1.439897,0.043633,1.439897,3.185226,-0.231286,-0.273074,0.749641,-0.145257,-0.009237,0.154581,0.542391,0.013999,0.163139,-0.267847,-0.133242,0.233316,-0.234534,-0.189575,0.741210,-0.208274,-0.095371,0.155608,0.491188,0.056245,0.172053,-0.166602,-0.081803,0.272426
1788378976.654334,0.001172,0.005126,0.000111,-0.092489,-0.229738,-0.006207,0.046689,-0.005873,-0.998892,0.000000,0.000000,0.000000,-0.048087,-0.067195,0.149351,0.004568,0.069951,0.007176,0.092163,-0.017455,0.025429,-0.075463,-0.040253,0.031567,-0.305433,0.000000,0.850848,-0.719948,-2.159845,0.938115,1.047198,0.850848,0.959931,0.567232,0.414516,1.810779,-0.234534,-0.189575,0.741210,-0.208274,-0.095371,0.155608,0.491188,0.056245,0.172053,-0.166602,-0.081803,0.272426,-0.228321,-0.200503,0.782297,-0.145967,-0.107991,0.151001,0.498432,0.059254,0.170474,-0.124049,-0.034847,0.273240
1788378976.674295,0.005095,0.003732,-0.001193,-0.122050,-0.182334,-0.025515,0.051522,-0.008290,-0.998637,0.000000,0.000000,0.000000,-0.052046,-0.063372,0.164604,-0.010873,0.029293,0.024120,0.110380,-0.003099,0.036105,-0.061928,-0.030896,0.052201,-0.239983,0.130900,0.676315,-0.610865,-1.614430,0.698132,0.632682,0.436332,0.479966,1.287180,0.741765,0.872665,-0.228321,-0.200503,0.782297,-0.145967,-0.107991,0.151001,0.498432,0.059254,0.170474,-0.124049,-0.034847,0.273240,-0.198778,-0.230411,0.852656,-0.088636,-0.045176,0.154536,0.471886,0.014180,0.103759,-0.049498,-0.009730,0.111692
1788378976.694323,0.008642,0.002701,-0.004206,0.049457,-0.128938,-0.008071,0.054841,-0.006063,-0.998477,0.000000,0.000000,0.000000,-0.052256,-0.059941,0.176390,-0.018730,0.004509,0.033484,0.117034,0.004275,0.037924,-0.045773,-0.020345,0.061680,0.065450,0.087267,0.501782,-0.370883,-0.894481,0.305433,0.043633,0.239983,0.152716,0.785398,0.698132,0.283616,-0.198778,-0.230411,0.852656,-0.088636,-0.045176,0.154536,0.471886,0.014180,0.103759,-0.049498,-0.009730,0.111692,-0.184599,-0.233088,0.858760,-0.022345,0.108227,0.062544,0.431554,-0.008614,0.038917,0.042515,0.012816,-0.098619
1788378976.714351,0.010699,0.002140,-0.006075,0.073026,-0.083131,0.013234,0.057017,-0.003413,-0.998367,0.000000,0.000000,0.000000,-0.050459,-0.059079,0.187931,-0.020246,-0.001668,0.037736,0.117083,0.006437,0.031597,-0.031393,-0.011021,0.047889,0.043633,-0.065450,0.501782,-0.000000,-0.021817,0.109083,-0.130900,-0.000000,-0.370883,1.047198,0.501782,-1.548980,-0.184599,-0.233088,0.858760,-0.022345,0.108227,0.062544,0.431554,-0.008614,0.038917,0.042515,0.012816,-0.098619,-0.170017,-0.174506,0.707353,0.136570,0.308360,0.049597,0.378172,-0.174993,-0.119739,0.305688,0.150235,-0.454270
1788378976.734297,0.010699,0.002140,-0.006075,0.091535,-0.039988,0.047589,0.058492,-0.000582,-0.998288,0.000000,0.000000,0.000000,-0.048768,-0.059257,0.196344,-0.016946,0.006598,0.036577,0.114983,0.003372,0.019721,-0.013266,-0.003552,0.014264,0.065450,0.000000,0.436332,0.174533,0.458149,-0.370883,-0.065450,-0.021817,-0.785398,1.461713,0.436332,-2.574361,-0.170017,-0.174506,0.707353,0.136570,0.308360,0.049597,0.378172,-0.174993,-0.119739,0.305688,0.150235,-0.454270,-0.082421,-0.022487,0.415179,0.362533,0.492663,0.004252,0.213797,-0.175023,-0.160557,0.348534,0.179362,-0.633011
1788378976.754324,0.008851,0.002030,-0.003743,0.150391,0.039241,0.050784,0.058350,0.002685,-0.998293,0.000000,0.000000,0.000000,-0.047476,-0.058117,0.196483,-0.004047,0.031679,0.029301,0.109368,-0.006909,-0.007422,0.013301,0.014060,-0.038559,0.152716,0.130900,-0.065450,0.632682,1.265364,-0.436332,-0.349066,-0.458149,-1.614430,2.814344,1.723513,-4.297873,-0.082421,-0.022487,0.415179,0.362533,0.492663,0.004252,0.213797,-0.175023,-0.160557,0.348534,0.179362,-0.633011,0.133071,-0.023959,0.231438,0.361028,0.511248,0.061696,0.109384,-0.062194,-0.100316,0.278516,0.123211,-0.471237
1788378976.774289,0.005762,0.001663,-0.001792,0.138140,0.107951,0.013367,0.056938,0.004808,-0.998366,0.000000,0.000000,0.000000,-0.042586,-0.047855,0.180925,0.022160,0.065236,0.022399,0.096404,-0.021139,-0.026094,0.057349,0.031346,-0.106614,0.458149,0.807215,-1.003564,1.265364,1.592613,-0.196350,-0.610865,-0.676315,-0.785398,1.548980,0.872665,-3.359759,0.133071,-0.023959,0.231438,0.361028,0.511248,0.061696,0.109384,-0.062194,-0.100316,0.278516,0.123211,-0.471237,0.169164,-0.051156,0.089044,0.432934,0.538399,-0.088173,0.010441,-0.085944,-0.129604,0.264293,0.094167,-0.565213
1788378976.794298,0.003686,0.001453,-0.001412,0.077021,0.200096,-0.081708,0.053041,0.004342,-0.998583,0.000000,0.000000,0.000000,-0.027053,-0.035095,0.150308,0.043974,0.094462,0.020381,0.073995,-0.030332,-0.024144,0.072542,0.033476,-0.120985,1.047198,0.589049,-1.767146,1.025381,1.156281,0.283616,-1.134464,-0.021817,0.414516,-0.043633,-0.414516,0.829032,0.169164,-0.051156,0.089044,0.432934,0.538399,-0.088173,0.010441,-0.085944,-0.129604,0.264293,0.094167,-0.565213,-0.070129,-0.203102,0.134352,0.392714,0.582914,-0.197326,0.138737,-0.028723,-0.098810,-0.075090,-0.060007,-0.402917
1788378976.814378,0.001991,0.000925,-0.001158,-0.050145,0.113277,-0.090097,0.051167,0.004198,-0.998681,0.000000,0.000000,0.000000,-0.008634,-0.024917,0.109773,0.064362,0.113014,0.017463,0.047684,-0.024226,-0.026498,0.069926,0.028799,-0.126243,0.938115,0.239983,-1.963496,0.741765,0.523599,-0.807215,-1.156281,0.545415,-0.152716,0.065450,-0.479965,-0.741765,-0.070129,-0.203102,0.134352,0.392714,0.582914,-0.197326,0.138737,-0.028723,-0.098810,-0.075090,-0.060007,-0.402917,-0.106513,-0.359031,0.396282,0.264285,0.604427,-0.221717,0.105781,-0.185192,-0.211425,-0.198055,-0.106774,-0.390223
1788378976.834465,0.001228,0.000406,-0.001126,-0.279177,0.080121,-0.056275,0.050121,-0.001750,-0.998742,0.000000,0.000000,0.000000,-0.004672,-0.028722,0.080075,0.072630,0.125237,0.000116,0.032159,-0.019375,-0.024477,0.053065,0.009876,-0.115408,-0.130900,-0.174533,-1.287180,0.370883,0.763582,-1.112647,-0.283616,0.065450,0.239983,-2.923427,-1.810779,1.439897,-0.106513,-0.359031,0.396282,0.264285,0.604427,-0.221717,0.105781,-0.185192,-0.211425,-0.198055,-0.106774,-0.390223,-0.187706,-0.376216,0.628035,0.058120,0.471098,-0.115857,0.269066,-0.056271,0.044055,-0.381501,-0.182281,0.007109
1788378976.854387,-0.000477,-0.001545,-0.000732,-0.125779,-0.051306,0.072223,0.052728,-0.003296,-0.998603,0.000000,0.000000,0.000000,-0.009760,-0.042403,0.073653,0.071733,0.137898,-0.022197,0.031131,-0.022121,-0.038077,-0.002055,-0.009222,-0.103502,-0.392699,-0.829032,-0.000000,-0.065450,0.370883,-1.090831,0.000000,-0.414516,-1.003564,-2.683444,-0.916298,0.676315,-0.187706,-0.376216,0.628035,0.058120,0.471098,-0.115857,0.269066,-0.056271,0.044055,-0.381501,-0.182281,0.007109,-0.175651,-0.362692,0.828800,0.021943,0.349707,0.027065,0.378065,-0.115304,0.060850,-0.405029,-0.355892,-0.067784
1788378976.874408,-0.000786,-0.002663,-0.000367,-0.324717,-0.015886,0.014965,0.053105,-0.011059,-0.998528,0.000000,0.000000,0.000000,-0.020360,-0.055043,0.086710,0.059030,0.133306,-0.035467,0.037965,-0.024894,-0.014567,-0.043689,-0.026459,-0.072304,-0.436332,-0.479966,1.069014,-0.763582,-0.305433,-0.087267,0.545415,-0.000000,2.094395,-2.857977,-1.243547,4.036075,-0.175651,-0.362692,0.828800,0.021943,0.349707,0.027065,0.378065,-0.115304,0.060850,-0.405029,-0.355892,-0.067784,-0.251029,-0.195905,0.728023,-0.210261,0.149186,0.142236,0.436285,0.093421,0.165545,-0.251192,-0.207219,0.189749
1788378976.894375,0.000766,-0.005441,0.001621,-0.116058,-0.032132,0.122290,0.054176,-0.013252,-0.998443,0.000000,0.000000,0.000000,-0.027094,-0.065420,0.119989,0.043527,0.119654,-0.028273,0.056580,-0.023029,0.003989,-0.077480,-0.054619,-0.031406,-0.261799,-0.523599,1.788963,-0.785398,-0.676315,0.959931,1.112648,0.392699,0.589049,-1.090831,-2.334378,0.632682,-0.251029,-0.195905,0.728023,-0.210261,0.149186,0.142236,0.436285,0.093421,0.165545,-0.251192,-0.207219,0.189749,-0.239320,-0.338458,0.804499,-0.068608,0.107598,0.114883,0.567793,-0.042767,0.097796,-0.280552,-0.229392,0.098355
1788378976.914446,0.002931,-0.007165,0.002401,-0.364931,-0.047711,-0.006607,0.055310,-0.022909,-0.998206,0.000000,0.000000,0.000000,-0.036415,-0.066841,0.146419,0.017712,0.092697,-0.009407,0.075672,-0.014220,0.024136,-0.081105,-0.060024,0.001580,-0.414516,0.109083,1.330814,-1.134464,-1.352630,1.134464,0.698132,0.349066,1.178097,1.374447,0.959931,2.945244,-0.239320,-0.338458,0.804499,-0.068608,0.107598,0.114883,0.567793,-0.042767,0.097796,-0.280552,-0.229392,0.098355,-0.210708,-0.208463,0.793665,-0.170494,-0.009706,0.136848,0.511614,0.021429,0.117883,-0.129284,-0.097565,0.189862
1788378976.934407,0.006748,-0.009387,0.000673,-0.263997,-0.027471,0.013766,0.058195,-0.023607,-0.998026,0.000000,0.000000,0.000000,-0.043448,-0.068371,0.170183,0.003714,0.063403,0.011212,0.096294,-0.004951,0.024763,-0.068301,-0.055942,0.021774,-0.349066,-0.196350,1.003564,-0.567232,-1.090831,0.719949,1.025381,0.370883,-0.261799,0.043633,-0.283616,0.021817,-0.210708,-0.208463,0.793665,-0.170494,-0.009706,0.136848,0.511614,0.021429,0.117883,-0.129284,-0.097565,0.189862,-0.215981,-0.273262,0.899274,-0.051071,0.083059,0.121533,0.519387,-0.049128,0.069887,-0.091602,-0.115335,-0.031041
1788378976.954297,0.008937,-0.010417,-0.002183,-0.007268,-0.002171,-0.002212,0.058654,-0.026778,-0.997919,0.000000,0.000000,0.000000,-0.047964,-0.065597,0.185984,-0.009668,0.038704,0.022227,0.115419,-0.001417,0.027553,-0.059981,-0.042295,0.032661,-0.109083,0.130900,0.698132,-0.523599,-1.069014,0.523599,0.610865,-0.000000,0.218166,1.745329,1.461713,0.959931,-0.215981,-0.273262,0.899274,-0.051071,0.083059,0.121533,0.519387,-0.049128,0.069887,-0.091602,-0.115335,-0.031041,-0.194454,-0.165110,0.818982,-0.015595,0.076221,0.168165,0.487387,-0.128673,-0.007808,0.093746,0.012787,-0.165605
1788378976.974289,0.010313,-0.011007,-0.005424,-0.088361,0.057883,0.005910,0.057811,-0.027742,-0.997942,0.000000,0.000000,0.000000,-0.046289,-0.066238,0.198921,-0.010164,0.027149,0.027594,0.122777,-0.003252,0.020258,-0.039337,-0.032453,0.019824,0.043633,-0.152716,0.523599,-0.000000,-0.349066,0.196350,0.130900,-0.000000,-0.370882,0.829032,0.087267,-2.050762,-0.194454,-0.165110,0.818982,-0.015595,0.076221,0.168165,0.487387,-0.128673,-0.007808,0.093746,0.012787,-0.165605,-0.178355,-0.151985,0.695899,0.175672,0.331121,0.069296,0.359782,-0.207171,-0.139549,0.296846,0.172187,-0.505830
1788378976.994553,0.009425,-0.010445,-0.004848,0.184080,0.079455,0.023753,0.056526,-0.025270,-0.998081,0.000000,0.000000,0.000000,-0.046262,-0.063958,0.205613,-0.009291,0.027825,0.032533,0.123366,-0.009786,0.008155,-0.017711,-0.018273,-0.011370,0.065450,0.196350,0.305433,0.152716,0.087266,0.327249,-0.174533,-0.261799,-0.741765,2.443461,1.548980,-1.919862,-0.178355,-0.151985,0.695899,0.175672,0.331121,0.069296,0.359782,-0.207171,-0.139549,0.296846,0.172187,-0.505830,-0.081258,0.021693,0.426193,0.333874,0.386622,0.064106,0.300783,-0.245313,-0.128164,0.374186,0.165105,-0.567285
1788378977.014259,0.007868,-0.009731,-0.002814,0.051854,0.108350,0.007242,0.054812,-0.022183,-0.998250,0.000000,0.000000,0.000000,-0.043612,-0.057233,0.204206,0.003152,0.041131,0.032830,0.116289,-0.022538,-0.016388,0.020555,0.011294,-0.057575,0.152716,0.327249,-0.283616,0.654499,0.719948,-0.479966,-0.436332,-0.327249,-1.418080,2.967060,2.290745,-4.166974,-0.081258,0.021693,0.426193,0.333874,0.386622,0.064106,0.300783,-0.245313,-0.128164,0.374186,0.165105,-0.567285,0.115836,-0.027029,0.252237,0.325797,0.442168,0.058631,0.127439,-0.115751,-0.087810,0.266754,0.102789,-0.443982
1788378977.034287,0.004184,-0.008064,0.001092,0.343071,0.189576,-0.029776,0.051588,-0.017947,-0.998507,0.000000,0.000000,0.000000,-0.039614,-0.044018,0.185359,0.025932,0.063477,0.029077,0.103977,-0.036299,-0.025131,0.059975,0.030114,-0.108528,0.370883,0.850848,-1.156281,1.265364,1.090831,-0.043633,-0.501782,-0.676315,-0.152716,1.788963,0.567232,-1.963495,0.115836,-0.027029,0.252237,0.325797,0.442168,0.058631,0.127439,-0.115751,-0.087810,0.266754,0.102789,-0.443982,0.106234,-0.045645,0.136612,0.447035,0.467721,-0.122432,0.070124,-0.192318,-0.107434,0.268432,0.095573,-0.608926
1788378977.054879,0.002583,-0.007252,0.002151,0.242270,0.199164,-0.114198,0.047736,-0.014596,-0.998753,0.000000,0.000000,0.000000,-0.025725,-0.029864,0.154279,0.045730,0.082171,0.024551,0.083704,-0.044442,-0.021853,0.075495,0.031098,-0.114470,1.025381,0.654499,-1.767146,0.785398,0.589049,-0.021817,-1.047198,-0.000000,0.130900,-0.589049,-0.501782,0.763582,0.106234,-0.045645,0.136612,0.447035,0.467721,-0.122432,0.070124,-0.192318,-0.107434,0.268432,0.095573,-0.608926,-0.086708,-0.221909,0.219322,0.374561,0.581916,-0.226475,0.184049,-0.033595,-0.059383,-0.132591,-0.079728,-0.366975
1788378977.074476,-0.002109,-0.005105,0.004076,0.138407,0.156021,-0.091029,0.045115,-0.010537,-0.998926,0.000000,0.000000,0.000000,-0.012776,-0.021429,0.114785,0.064997,0.095601,0.016386,0.057379,-0.041838,-0.023912,0.070267,0.026411,-0.127157,0.632682,0.174533,-1.788963,0.763582,0.414516,-1.156281,-1.308997,0.370883,-0.021817,0.196350,-0.065450,-1.505347,-0.086708,-0.221909,0.219322,0.374561,0.581916,-0.226475,0.184049,-0.033595,-0.059383,-0.132591,-0.079728,-0.366975,-0.073671,-0.363583,0.392248,0.287680,0.569507,-0.169071,0.113172,-0.276128,-0.212974,-0.085786,-0.078074,-0.490065
1788378977.094485,-0.005971,-0.003224,0.003541,-0.070785,0.141107,-0.029510,0.042460,-0.012102,-0.999025,0.000000,0.000000,0.000000,-0.009583,-0.026788,0.090059,0.073211,0.110726,-0.006642,0.042495,-0.036348,-0.020411,0.054491,0.007869,-0.118226,-0.152716,-0.501782,-1.090831,0.392699,0.894481,-1.221731,-0.174533,0.392699,0.196350,-2.945244,-2.094395,2.072578,-0.073671,-0.363583,0.392248,0.287680,0.569507,-0.169071,0.113172,-0.276128,-0.212974,-0.085786,-0.078074,-0.490065,-0.168116,-0.338909,0.578921,0.071130,0.485177,-0.098348,0.260919,-0.044696,0.078043,-0.355588,-0.145826,0.013044
1788378977.114326,-0.007508,-0.001793,0.003054,0.244933,-0.000307,0.038933,0.043074,-0.006827,-0.999049,0.000000,0.000000,0.000000,-0.012198,-0.041334,0.083078,0.073489,0.129469,-0.026637,0.040523,-0.038677,-0.035693,-0.001733,-0.008308,-0.113014,-0.327249,-0.981748,-0.000000,-0.087266,0.501782,-0.850848,-0.218166,-0.327249,-1.134464,-1.178098,-0.349066,-0.567232,-0.168116,-0.338909,0.578921,0.071130,0.485177,-0.098348,0.260919,-0.044696,0.078043,-0.355588,-0.145826,0.013044,-0.097165,-0.449297,0.740725,0.078567,0.408996,-0.042657,0.321284,-0.217025,-0.098632,-0.218228,-0.149689,-0.236661
1788378977.134488,-0.008050,-0.000823,0.002703,-0.236833,0.045633,-0.050016,0.042066,-0.013191,-0.999028,0.000000,0.000000,0.000000,-0.019714,-0.053230,0.092609,0.059941,0.127549,-0.034957,0.043613,-0.036391,-0.012292,-0.025554,-0.020839,-0.084950,-0.261799,-0.392699,0.850848,-0.698132,-0.239983,0.218166,0.523599,0.370883,2.508911,-2.814344,-1.025381,4.319690,-0.097165,-0.449297,0.740725,0.078567,0.408996,-0.042657,0.321284,-0.217025,-0.098632,-0.218228,-0.149689,-0.236661,-0.210685,-0.266828,0.597360,-0.188733,0.247716,0.038934,0.375978,0.094864,0.153331,-0.199069,-0.118387,0.199814
1788378977.154360,-0.007564,-0.000387,0.002856,0.268502,-0.055834,0.134674,0.043441,-0.007435,-0.999028,0.000000,0.000000,0.000000,-0.022687,-0.067948,0.119421,0.046633,0.121738,-0.027501,0.054696,-0.039241,-0.013959,-0.058931,-0.031183,-0.047431,-0.174533,-0.981748,1.439897,-0.632682,-0.218166,0.305433,0.501782,-0.196350,-0.981748,0.392699,-0.523599,-1.047198,-0.210685,-0.266828,0.597360,-0.188733,0.247716,0.038934,0.375978,0.094864,0.153331,-0.199069,-0.118387,0.199814,-0.121644,-0.358269,0.753719,0.010240,0.209958,0.148750,0.460959,-0.247427,-0.105116,0.078409,0.086919,-0.218943
1788378977.174440,-0.004229,0.000762,0.003843,-0.349351,-0.036526,-0.083306,0.044007,-0.018688,-0.998856,0.000000,0.000000,0.000000,-0.031672,-0.073743,0.136348,0.021754,0.100458,-0.018575,0.069476,-0.024131,0.011128,-0.052500,-0.029918,-0.026672,-0.436332,0.000000,0.894481,-1.090831,-1.025381,0.698132,0.741765,0.763582,2.050762,0.196350,0.283616,3.839724,-0.121644,-0.358269,0.753719,0.010240,0.209958,0.148750,0.460959,-0.247427,-0.105116,0.078409,0.086919,-0.218943,-0.215981,-0.136731,0.579432,-0.147584,0.211297,0.006713,0.428861,0.024824,0.139827,-0.002523,0.037305,0.197731
1788378977.194294,-0.001701,0.000795,0.002563,0.236544,-0.072479,0.042262,0.045683,-0.012806,-0.998874,0.000000,0.000000,0.000000,-0.032845,-0.076320,0.154745,0.010428,0.081072,-0.000991,0.083183,-0.025055,-0.003522,-0.037474,-0.011346,-0.000678,0.021817,-0.152716,0.698132,-0.610865,-0.719948,1.090831,0.414516,-0.327249,-1.788963,2.683444,2.290745,-2.116212,-0.215981,-0.136731,0.579432,-0.147584,0.211297,0.006713,0.428861,0.024824,0.139827,-0.002523,0.037305,0.197731,-0.117477,-0.168246,0.561137,0.019633,0.111861,0.311289,0.442565,-0.269115,-0.184147,0.256811,0.171686,-0.294484
1788378977.215573,0.000560,0.001080,0.000388,-0.130573,-0.072479,-0.062799,0.047004,-0.017194,-0.998747,0.000000,0.000000,0.000000,-0.037683,-0.067522,0.159245,-0.001565,0.064450,0.009663,0.097074,-0.017242,0.011300,-0.002999,0.004962,-0.007708,-0.152716,0.610865,0.305433,-0.174533,-0.479966,0.021817,0.719948,0.392699,1.723513,0.174533,0.021817,2.923426,-0.117477,-0.168246,0.561137,0.019633,0.111861,0.311289,0.442565,-0.269115,-0.184147,0.256811,0.171686,-0.294484,-0.212558,-0.008153,0.465535,0.015895,0.300369,0.015102,0.343547,0.052373,0.061760,0.043161,0.080264,-0.086683
1788378977.234839,0.002700,0.001969,-0.002549,0.303922,0.006218,0.022555,0.046803,-0.011028,-0.998843,0.000000,0.000000,0.000000,-0.035613,-0.062895,0.160608,0.001047,0.059353,0.020198,0.102711,-0.029579,-0.009710,0.008573,0.020002,0.001793,0.152716,0.130900,-0.392699,-0.065450,-0.152716,1.548980,0.021817,-0.392699,-2.552544,2.268928,1.439897,-3.010693,-0.212558,-0.008153,0.465535,0.015895,0.300369,0.015102,0.343547,0.052373,0.061760,0.043161,0.080264,-0.086683,-0.082194,-0.133904,0.437334,0.101796,0.294017,0.245002,0.318813,-0.148959,-0.243053,0.262928,0.158736,-0.400662
1788378977.254390,0.003273,0.001788,-0.002821,-0.366795,-0.061027,-0.111935,0.048323,-0.018130,-0.998667,0.000000,0.000000,0.000000,-0.036060,-0.048076,0.150363,0.002075,0.056986,0.037024,0.100129,-0.021548,-0.005750,0.040406,0.025110,-0.031155,-0.087266,1.178097,-0.436332,0.327249,0.065450,0.130900,-0.218166,0.719948,1.701696,-0.392699,-0.676315,0.698131,-0.082194,-0.133904,0.437334,0.101796,0.294017,0.245002,0.318813,-0.148959,-0.243053,0.262928,0.158736,-0.400662,-0.290124,-0.068992,0.385638,0.162638,0.514731,-0.111816,0.246280,0.016381,-0.174500,-0.024316,0.028588,-0.361003
1788378977.274348,0.003866,0.001432,-0.001768,0.510850,0.003022,0.061570,0.048932,-0.008130,-0.998769,0.000000,0.000000,0.000000,-0.032316,-0.042692,0.141803,0.010357,0.067444,0.037210,0.093349,-0.022974,-0.023462,0.031433,0.028554,-0.049858,0.152716,-0.239983,-0.545415,0.218166,0.501782,0.196350,-0.567232,-0.000000,-2.487094,1.745329,0.916298,-3.097960,-0.290124,-0.068992,0.385638,0.162638,0.514731,-0.111816,0.246280,0.016381,-0.174500,-0.024316,0.028588,-0.361003,-0.090821,-0.162701,0.332429,0.193141,0.474203,0.150857,0.185425,-0.186222,-0.242966,0.234720,0.121488,-0.480557
1788378977.294564,0.003899,0.001180,0.000156,-0.436570,-0.100974,-0.088765,0.051876,-0.014580,-0.998547,0.000000,0.000000,0.000000,-0.040636,-0.034672,0.129479,0.017622,0.083973,0.032754,0.082820,-0.012407,-0.038990,0.042304,0.021657,-0.077578,-0.414516,0.632682,-0.589049,0.414516,0.763582,-1.396264,-0.196350,0.152716,-0.196350,-1.898046,-1.156281,-0.741765,-0.090821,-0.162701,0.332429,0.193141,0.474203,0.150857,0.185425,-0.186222,-0.242966,0.234720,0.121488,-0.480557,-0.312716,-0.088029,0.363056,0.307162,0.788096,-0.190574,0.091756,-0.102790,-0.313825,-0.203874,-0.150876,-0.583857
1788378977.314561,0.003712,0.001424,0.001627,0.463046,-0.016153,0.061038,0.051961,-0.006503,-0.998628,0.000000,0.000000,0.000000,-0.039641,-0.034975,0.116823,0.024885,0.100816,0.021747,0.071009,-0.017346,-0.048055,0.020160,0.021709,-0.095283,0.109083,-0.305433,-0.763582,0.305433,0.676315,0.436332,-0.632682,-0.261799,-0.698132,1.243547,0.938115,-1.352630,-0.312716,-0.088029,0.363056,0.307162,0.788096,-0.190574,0.091756,-0.102790,-0.313825,-0.203874,-0.150876,-0.583857,-0.167550,-0.222537,0.360356,0.202861,0.523355,0.059786,0.261871,-0.352856,-0.255741,0.066947,-0.018500,-0.512928
1788378977.334388,0.003418,0.001126,0.002289,-0.364798,-0.058497,-0.028445,0.053726,-0.012157,-0.998482,0.000000,0.000000,0.000000,-0.048152,-0.028626,0.107706,0.038782,0.129065,0.015570,0.057387,-0.020967,-0.064748,0.035734,0.004539,-0.120601,-0.414516,0.479966,-0.305433,0.763582,1.221731,-1.199914,-0.392699,-0.109083,-0.829032,-1.723513,-2.705260,-1.614430,-0.167550,-0.222537,0.360356,0.202861,0.523355,0.059786,0.261871,-0.352856,-0.255741,0.066947,-0.018500,-0.512928,-0.276985,-0.225889,0.481034,0.320031,0.845095,-0.255277,0.179786,-0.194561,-0.261857,-0.172876,-0.144364,-0.473660
1788378977.354341,0.003050,0.001522,0.001420,0.443339,-0.058763,0.085406,0.054982,-0.008926,-0.998447,0.000000,0.000000,0.000000,-0.048717,-0.034427,0.101903,0.044719,0.142461,0.005832,0.050261,-0.038699,-0.061126,-0.013037,-0.010403,-0.125673,0.043633,-0.741765,-0.239983,0.261799,0.414516,-0.000000,-0.261799,-0.981748,0.305433,-0.152717,0.719948,0.632682,-0.276985,-0.225889,0.481034,0.320031,0.845095,-0.255277,0.179786,-0.194561,-0.261857,-0.172876,-0.144364,-0.473660,-0.175781,-0.362437,0.518187,0.142787,0.552615,-0.063428,0.371846,-0.276115,-0.139605,-0.240075,-0.212877,-0.266209
1788378977.374384,0.003050,0.001522,0.001420,-0.528981,-0.078737,-0.001680,0.057059,-0.018427,-0.998201,0.000000,0.000000,0.000000,-0.053380,-0.037925,0.105342,0.054762,0.159950,-0.006386,0.051680,-0.048402,-0.064066,-0.002278,-0.017490,-0.122813,-0.087267,-0.109083,0.130900,0.327249,0.719949,-1.374447,0.327249,-0.239983,-0.174533,-1.723513,-1.308997,0.501782,-0.175781,-0.362437,0.518187,0.142787,0.552615,-0.063428,0.371846,-0.276115,-0.139605,-0.240075,-0.212877,-0.266209,-0.229976,-0.342699,0.750669,0.049107,0.611234,-0.070223,0.374101,-0.187047,-0.082516,-0.354182,-0.352523,-0.262532
1788378977.394304,0.003218,0.000533,-0.002164,0.377958,-0.049309,0.090732,0.058830,-0.016131,-0.998138,0.000000,0.000000,0.000000,-0.052892,-0.052128,0.111341,0.050969,0.161910,-0.015758,0.060668,-0.057330,-0.045443,-0.032176,-0.035772,-0.096024,0.065450,-0.981748,0.392699,-0.109083,-0.109083,0.021817,0.261799,-0.349066,1.047198,-1.461714,-1.330814,2.247112,-0.229976,-0.342699,0.750669,0.049107,0.611234,-0.070223,0.374101,-0.187047,-0.082516,-0.354182,-0.352523,-0.262532,-0.213089,-0.347160,0.751652,-0.046996,0.298379,0.031627,0.447737,-0.067570,0.001005,-0.417296,-0.254370,0.084950
1788378977.414309,0.004013,0.000013,-0.002271,-0.469193,-0.105369,-0.029776,0.061557,-0.021481,-0.997872,0.000000,0.000000,0.000000,-0.052534,-0.062589,0.128197,0.042660,0.157686,-0.016975,0.072861,-0.054633,-0.031614,-0.055980,-0.058770,-0.077625,0.130900,-0.218166,0.894481,-0.545415,-0.392699,0.065450,0.829032,0.065450,0.763582,-1.788963,-1.876229,0.719949,-0.213089,-0.347160,0.751652,-0.046996,0.298379,0.031627,0.447737,-0.067570,0.001005,-0.417296,-0.254370,0.084950,-0.217622,-0.390024,0.894463,-0.073644,0.243601,0.104068,0.561831,-0.059023,0.051948,-0.385320,-0.328582,-0.008485
1788378977.434590,0.006451,-0.001463,-0.000992,-0.028307,-0.135729,0.017761,0.064855,-0.024917,-0.997584,0.000000,0.000000,0.000000,-0.050980,-0.071062,0.140998,0.025994,0.135706,-0.007872,0.085187,-0.046964,-0.012243,-0.078650,-0.066744,-0.041194,-0.065450,-0.414516,0.719948,-0.872665,-1.025381,0.763582,0.327249,0.261799,1.025381,-1.243547,0.589049,3.774275,-0.217622,-0.390024,0.894463,-0.073644,0.243601,0.104068,0.561831,-0.059023,0.051948,-0.385320,-0.328582,-0.008485,-0.220047,-0.204163,0.787937,-0.201170,-0.008246,0.168605,0.512690,0.068034,0.135517,-0.255803,-0.181706,0.186039
1788378977.454412,0.007516,-0.002073,-0.000775,-0.269590,-0.155303,-0.010202,0.068383,-0.028613,-0.997249,0.000000,0.000000,0.000000,-0.050789,-0.076028,0.165400,0.012588,0.105913,-0.000260,0.100292,-0.031205,0.001747,-0.090748,-0.070900,-0.010520,0.021817,-0.130900,1.090831,-0.589049,-1.439897,0.283616,0.981748,0.894481,0.741765,-0.283616,-0.938115,0.239983,-0.220047,-0.204163,0.787937,-0.201170,-0.008246,0.168605,0.512690,0.068034,0.135517,-0.255803,-0.181706,0.186039,-0.210405,-0.314977,0.898430,-0.065143,0.078063,0.133677,0.504022,0.020026,0.115666,-0.206455,-0.161423,0.067759
1788378977.474372,0.010915,-0.003221,-0.001316,-0.198483,-0.124810,-0.057340,0.071543,-0.035912,-0.996791,0.000000,0.000000,0.000000,-0.052071,-0.073099,0.178700,-0.002932,0.069697,0.014831,0.116014,-0.015671,0.019347,-0.084751,-0.060911,0.013912,-0.152716,0.174533,0.610865,-0.654499,-1.570796,1.025381,0.479966,0.436332,1.025381,1.548980,1.483530,2.028946,-0.210405,-0.314977,0.898430,-0.065143,0.078063,0.133677,0.504022,0.020026,0.115666,-0.206455,-0.161423,0.067759,-0.187330,-0.223439,0.839935,-0.119262,-0.004890,0.169988,0.496713,0.037225,0.083995,-0.092554,-0.057318,0.106665
1788378977.494298,0.013131,-0.004219,-0.002788,-0.129241,-0.097912,-0.022586,0.074367,-0.033277,-0.996676,0.000000,0.000000,0.000000,-0.050645,-0.072358,0.194081,-0.009744,0.041112,0.027392,0.120677,-0.001692,0.022961,-0.066408,-0.048636,0.022249,0.021817,-0.130900,0.654499,-0.261799,-1.178097,0.327249,0.043633,0.676315,0.065450,0.872665,0.458149,-0.654499,-0.187330,-0.223439,0.839935,-0.119262,-0.004890,0.169988,0.496713,0.037225,0.083995,-0.092554,-0.057318,0.106665,-0.198060,-0.261884,0.869326,-0.014952,0.145694,0.108281,0.446535,-0.103577,-0.022581,0.089004,0.034324,-0.192044
1788378977.514389,0.014630,-0.004943,-0.005143,-0.005005,-0.020680,-0.016860,0.075141,-0.035294,-0.996548,0.000000,0.000000,0.000000,-0.050615,-0.069636,0.202382,-0.016027,0.029773,0.035707,0.122076,0.003121,0.021799,-0.049691,-0.033934,0.022873,0.000000,0.109083,0.589049,-0.218166,-0.261800,0.414516,0.021817,-0.000000,-0.283616,1.527163,1.330814,0.239983,-0.198060,-0.261884,0.869326,-0.014952,0.145694,0.108281,0.446535,-0.103577,-0.022581,0.089004,0.034324,-0.192044,-0.228585,-0.062539,0.726607,0.093452,0.249627,0.074231,0.422654,-0.185033,-0.090585,0.286070,0.088005,-0.397273
1788378977.534375,0.014698,-0.005076,-0.005676,0.001121,-0.015087,0.004312,0.075694,-0.033914,-0.996554,0.000000,0.000000,0.000000,-0.048553,-0.069115,0.208395,-0.015051,0.028728,0.037071,0.119518,0.000039,0.005927,-0.021262,-0.013462,-0.001569,0.021817,0.000000,0.261800,-0.000000,0.065450,0.043633,-0.392699,-0.239983,-0.959931,2.508911,1.418080,-3.032510,-0.228585,-0.062539,0.726607,0.093452,0.249627,0.074231,0.422654,-0.185033,-0.090585,0.286070,0.088005,-0.397273,-0.094486,-0.024926,0.460224,0.247835,0.362755,0.099575,0.282335,-0.207098,-0.136656,0.346418,0.164669,-0.501611
1788378977.554443,0.013085,-0.004521,-0.004677,0.163307,0.026325,0.005244,0.075632,-0.031702,-0.996632,0.000000,0.000000,0.000000,-0.049177,-0.060773,0.205583,-0.006572,0.041687,0.034095,0.115327,-0.013841,-0.009663,0.018082,0.005357,-0.051838,0.000000,0.632682,-0.130900,0.501782,0.763582,-0.458149,-0.130900,-0.632682,-0.763582,2.923427,1.112647,-3.119776,-0.094486,-0.024926,0.460224,0.247835,0.362755,0.099575,0.282335,-0.207098,-0.136656,0.346418,0.164669,-0.501611,0.039821,0.029253,0.286007,0.349878,0.412989,0.029756,0.149602,-0.173369,-0.114467,0.320525,0.150520,-0.507817
1788378977.574435,0.010783,-0.003530,-0.003276,0.237743,0.127658,-0.033105,0.073174,-0.027474,-0.996941,0.000000,0.000000,0.000000,-0.044026,-0.046529,0.190069,0.012545,0.059890,0.030100,0.105880,-0.030288,-0.022407,0.055863,0.022603,-0.093207,0.458149,0.807215,-1.025381,0.916298,0.719948,0.174533,-0.523599,-0.458149,-0.698132,1.527164,1.287180,-2.072579,0.039821,0.029253,0.286007,0.349878,0.412989,0.029756,0.149602,-0.173369,-0.114467,0.320525,0.150520,-0.507817,0.048460,-0.016998,0.154145,0.411383,0.492595,-0.091258,0.096499,-0.200336,-0.128519,0.282890,0.066404,-0.610549
1788378977.594574,0.007454,-0.002438,-0.001698,0.129219,0.165075,-0.098086,0.070470,-0.024904,-0.997203,0.000000,0.000000,0.000000,-0.034552,-0.029643,0.159763,0.034647,0.078113,0.031600,0.086123,-0.039108,-0.024299,0.074317,0.031352,-0.112908,0.719948,0.807215,-1.614430,1.069014,0.785398,-0.087266,-1.178097,-0.109083,0.196350,0.414516,0.152716,-0.632682,0.048460,-0.016998,0.154145,0.411383,0.492595,-0.091258,0.096499,-0.200336,-0.128519,0.282890,0.066404,-0.610549,-0.078174,-0.105355,0.112065,0.468288,0.604470,-0.210421,0.105187,-0.206252,-0.201836,0.058944,-0.066046,-0.686218
1788378977.614332,0.001073,-0.001007,0.000323,0.198594,0.156154,-0.077846,0.068067,-0.020075,-0.997479,0.000000,0.000000,0.000000,-0.021969,-0.020917,0.123321,0.056399,0.094186,0.019994,0.062359,-0.041641,-0.026808,0.075143,0.025756,-0.129592,0.632682,0.305433,-1.767146,0.981748,0.567232,-0.959931,-0.981748,0.065450,-0.130900,-0.196350,-0.981748,-1.287181,-0.078174,-0.105355,0.112065,0.468288,0.604470,-0.210421,0.105187,-0.206252,-0.201836,0.058944,-0.066046,-0.686218,-0.135859,-0.256204,0.204491,0.458023,0.721349,-0.228336,0.070158,-0.259464,-0.289159,-0.155230,-0.145697,-0.658144
1788378977.634357,-0.001820,-0.000394,0.000675,0.040802,0.123397,-0.050016,0.065910,-0.018745,-0.997649,0.000000,0.000000,0.000000,-0.017279,-0.019591,0.091240,0.073795,0.115621,-0.000320,0.045380,-0.042555,-0.039083,0.060431,0.006536,-0.149729,0.000000,-0.130900,-1.439897,0.676315,0.959931,-1.221731,-0.479966,-0.021817,-0.872665,-2.334378,-1.679880,-1.265364,-0.135859,-0.256204,0.204491,0.458023,0.721349,-0.228336,0.070158,-0.259464,-0.289159,-0.155230,-0.145697,-0.658144,-0.174491,-0.455360,0.445568,0.299927,0.808486,-0.258644,0.131963,-0.238137,-0.163639,-0.379977,-0.280982,-0.345094
1788378977.654357,-0.004122,0.000035,0.001064,0.087540,0.128057,0.028547,0.063892,-0.017408,-0.997805,0.000000,0.000000,0.000000,-0.019900,-0.028915,0.071722,0.084553,0.140904,-0.022445,0.035827,-0.049149,-0.056621,0.017869,-0.014766,-0.159186,-0.283616,-0.501782,-0.719949,0.414516,1.003564,-0.916298,-0.349066,-0.370883,-1.047198,-3.076143,-1.330814,-0.043634,-0.174491,-0.455360,0.445568,0.299927,0.808486,-0.258644,0.131963,-0.238137,-0.163639,-0.379977,-0.280982,-0.345094,-0.148637,-0.530978,0.711859,0.101005,0.614993,-0.114023,0.300711,-0.242752,-0.041080,-0.464348,-0.402706,-0.154674
1788378977.674289,-0.005061,0.000144,0.001257,-0.038960,0.094635,0.045059,0.061656,-0.018175,-0.997932,0.000000,0.000000,0.000000,-0.026387,-0.046652,0.071329,0.082906,0.163307,-0.039031,0.031565,-0.056899,-0.048598,-0.031900,-0.041480,-0.134250,-0.152716,-1.090831,0.239983,-0.043633,0.916298,-0.719948,0.000000,-0.479966,0.719948,-3.337943,-1.985312,3.294309,-0.148637,-0.530978,0.711859,0.101005,0.614993,-0.114023,0.300711,-0.242752,-0.041080,-0.464348,-0.402706,-0.154674,-0.199415,-0.308599,0.756985,-0.094241,0.283796,0.064558,0.402780,-0.008775,0.082539,-0.385614,-0.282909,0.112940
1788378977.694294,-0.005061,0.000144,0.001257,-0.037229,0.061212,0.032409,0.061163,-0.020451,-0.997918,0.000000,0.000000,0.000000,-0.032261,-0.070683,0.091346,0.069309,0.171332,-0.044671,0.039738,-0.058974,-0.026454,-0.077281,-0.071039,-0.082152,-0.130900,-1.287180,1.330814,-0.850848,-0.043633,0.305433,0.610865,-0.043633,1.308997,-2.094396,-2.007129,2.923427,-0.199415,-0.308599,0.756985,-0.094241,0.283796,0.064558,0.402780,-0.008775,0.082539,-0.385614,-0.282909,0.112940,-0.240246,-0.262169,0.748879,-0.140466,0.095416,0.121789,0.484479,0.018373,0.119616,-0.308862,-0.186291,0.199385
1788378977.714384,-0.005195,0.001183,0.003706,-0.131505,-0.004169,-0.041494,0.061949,-0.024655,-0.997775,0.000000,0.000000,0.000000,-0.035758,-0.079328,0.120422,0.044819,0.146985,-0.034493,0.058906,-0.047469,0.001668,-0.096349,-0.076861,-0.029355,-0.109083,0.000000,1.505347,-1.112648,-1.439897,1.090831,0.916298,0.567232,1.548980,-0.043634,0.763582,3.577925,-0.240246,-0.262169,0.748879,-0.140466,0.095416,0.121789,0.484479,0.018373,0.119616,-0.308862,-0.186291,0.199385,-0.225809,-0.204112,0.700984,-0.200691,-0.024740,0.122216,0.457131,0.069428,0.157369,-0.176781,-0.102429,0.273274
1788378977.734330,-0.002942,0.000557,0.002680,-0.227245,-0.104170,-0.042293,0.065267,-0.028208,-0.997469,0.000000,0.000000,0.000000,-0.040304,-0.077651,0.146932,0.017361,0.100426,-0.008332,0.081342,-0.025538,0.017117,-0.089098,-0.062400,0.016579,-0.414516,0.305433,1.265364,-1.199914,-2.072579,1.330814,0.981748,1.090831,0.719948,0.829032,1.221730,2.050762,-0.225809,-0.204112,0.700984,-0.200691,-0.024740,0.122216,0.457131,0.069428,0.157369,-0.176781,-0.102429,0.273274,-0.229085,-0.207225,0.768681,-0.187890,-0.077023,0.165720,0.490528,0.014011,0.174799,-0.102567,-0.066139,0.290659
1788378977.754352,-0.000213,-0.000307,-0.000445,-0.100079,-0.054369,-0.031640,0.067007,-0.030146,-0.997297,0.000000,0.000000,0.000000,-0.046598,-0.070904,0.165656,-0.003352,0.055320,0.011711,0.099474,-0.005837,0.028050,-0.071366,-0.043485,0.045492,-0.392699,0.305433,0.676315,-0.807215,-1.898046,0.807215,0.632682,0.654499,0.589049,1.701696,1.287180,1.396264,-0.229085,-0.207225,0.768681,-0.187890,-0.077023,0.165720,0.490528,0.014011,0.174799,-0.102567,-0.066139,0.290659,-0.200970,-0.205411,0.807286,-0.120005,-0.078768,0.189104,0.460733,-0.006666,0.119439,-0.041606,-0.000197,0.184839
1788378977.774302,0.000999,-0.000684,-0.002019,-0.009266,0.000226,-0.044823,0.067174,-0.029932,-0.997292,0.000000,0.000000,0.000000,-0.050238,-0.066020,0.178370,-0.017224,0.024294,0.024529,0.108689,0.003268,0.036711,-0.048192,-0.029263,0.060957,-0.065450,0.109083,0.458149,-0.589049,-1.156281,0.785398,0.196350,0.239983,0.349066,1.221731,0.676315,0.676315,-0.200970,-0.205411,0.807286,-0.120005,-0.078768,0.189104,0.460733,-0.006666,0.119439,-0.041606,-0.000197,0.184839,-0.188339,-0.234017,0.847838,-0.051919,0.000502,0.100620,0.460292,-0.016315,0.069317,0.007460,0.031173,0.026817
1788378977.794309,0.003128,-0.001432,-0.004776,0.087807,0.014340,-0.021121,0.066986,-0.027761,-0.997368,0.000000,0.000000,0.000000,-0.048727,-0.063996,0.187247,-0.022929,0.009699,0.034180,0.113017,0.003026,0.032827,-0.029825,-0.015979,0.055907,0.021817,0.087267,0.436332,-0.261800,-0.567232,0.436332,0.021817,-0.043633,-0.196350,1.090831,0.981748,-0.959931,-0.188339,-0.234017,0.847838,-0.051919,0.000502,0.100620,0.460292,-0.016315,0.069317,0.007460,0.031173,0.026817,-0.182785,-0.198046,0.763591,0.065287,0.165791,0.089126,0.439015,-0.177329,-0.080538,0.248434,0.124865,-0.343626
1788378977.814317,0.003230,-0.001569,-0.003960,0.142668,0.011677,0.018028,0.067055,-0.023648,-0.997469,0.000000,0.000000,0.000000,-0.047503,-0.063113,0.195212,-0.022389,0.006734,0.038442,0.113685,-0.000645,0.024793,-0.014155,-0.003424,0.033048,0.021817,0.065450,0.501782,0.087266,0.043633,-0.174533,0.000000,-0.021817,-0.632682,0.916298,0.719948,-1.810779,-0.182785,-0.198046,0.763591,0.065287,0.165791,0.089126,0.439015,-0.177329,-0.080538,0.248434,0.124865,-0.343626,-0.152865,-0.047428,0.530309,0.280553,0.418552,0.004140,0.291585,-0.184009,-0.141754,0.354405,0.162483,-0.599812
1788378977.834354,0.002559,-0.001243,-0.001558,0.237343,0.049627,0.037069,0.066093,-0.018913,-0.997634,0.000000,0.000000,0.000000,-0.048479,-0.060386,0.196963,-0.012635,0.018605,0.032274,0.112395,-0.009963,-0.000129,0.007204,0.012655,-0.011256,0.000000,0.130900,-0.000000,0.501782,0.719948,-0.523599,-0.218166,-0.392699,-1.505347,2.661627,1.352630,-4.276056,-0.152865,-0.047428,0.530309,0.280553,0.418552,0.004140,0.291585,-0.184009,-0.141754,0.354405,0.162483,-0.599812,0.068525,-0.025350,0.268651,0.353344,0.499501,0.066405,0.128682,-0.069608,-0.112633,0.289433,0.135242,-0.492342
1788378977.854379,0.000231,0.000034,0.002209,0.241870,0.122065,0.012968,0.063728,-0.013514,-0.997876,0.000000,0.000000,0.000000,-0.047271,-0.050154,0.186527,0.011612,0.045701,0.024684,0.105539,-0.022887,-0.020694,0.049582,0.027351,-0.085907,0.130900,0.785398,-0.676315,1.199914,1.308997,-0.414516,-0.327249,-0.589049,-0.916298,2.138029,0.938114,-4.232423,0.068525,-0.025350,0.268651,0.353344,0.499501,0.066405,0.128682,-0.069608,-0.112633,0.289433,0.135242,-0.492342,0.169794,-0.038793,0.131716,0.396399,0.513549,-0.017849,0.003699,-0.049563,-0.112961,0.249705,0.117548,-0.489669
1788378977.874300,-0.001930,0.001076,0.003020,0.195398,0.229258,-0.072653,0.059064,-0.010829,-0.998195,0.000000,0.000000,0.000000,-0.035801,-0.037666,0.160096,0.036330,0.079261,0.020703,0.085263,-0.031352,-0.023926,0.070987,0.032009,-0.114500,0.850848,0.610865,-1.570796,1.090831,1.396264,0.174533,-1.112648,-0.000000,0.130900,0.109083,0.000000,-0.021817,0.169794,-0.038793,0.131716,0.396399,0.513549,-0.017849,0.003699,-0.049563,-0.112961,0.249705,0.117548,-0.489669,-0.042662,-0.160732,0.104239,0.451542,0.584934,-0.193822,0.083719,-0.087202,-0.158788,0.018434,-0.026298,-0.565639
1788378977.894309,-0.004851,0.001488,0.001144,0.134811,0.173597,-0.108073,0.055650,-0.007705,-0.998421,0.000000,0.000000,0.000000,-0.018064,-0.026071,0.123239,0.057220,0.104042,0.019495,0.055157,-0.025183,-0.024452,0.070063,0.030157,-0.116927,1.134464,0.392699,-1.919863,0.938115,0.807215,-0.327249,-1.461713,0.414516,-0.021817,-0.130900,-0.283616,-0.043633,-0.042662,-0.160732,0.104239,0.451542,0.584934,-0.193822,0.083719,-0.087202,-0.158788,0.018434,-0.026298,-0.565639,-0.135538,-0.327569,0.305141,0.301987,0.619522,-0.249557,0.128156,-0.124092,-0.190974,-0.213762,-0.138620,-0.388176
1788378977.914305,-0.006987,0.001361,-0.000869,-0.074513,0.048962,-0.067859,0.054818,-0.008876,-0.998457,0.000000,0.000000,0.000000,-0.009261,-0.027181,0.089884,0.070680,0.120931,0.006298,0.032822,-0.018311,-0.032189,0.051922,0.014239,-0.124806,0.065450,-0.196350,-1.330814,0.479966,0.785398,-1.221731,-0.676315,0.218166,-0.632682,-2.530727,-1.548980,-0.872665,-0.135538,-0.327569,0.305141,0.301987,0.619522,-0.249557,0.128156,-0.124092,-0.190974,-0.213762,-0.138620,-0.388176,-0.172411,-0.501990,0.600585,0.191543,0.668832,-0.253687,0.200164,-0.179176,-0.099489,-0.406167,-0.278531,-0.226285
1788378977.934345,-0.007750,0.001303,-0.001357,-0.159202,-0.035461,0.018960,0.055785,-0.012464,-0.998365,0.000000,0.000000,0.000000,-0.011320,-0.039731,0.076451,0.072442,0.136685,-0.019211,0.027550,-0.022833,-0.040329,0.008532,-0.009628,-0.113655,-0.283616,-0.807215,-0.479966,-0.087266,0.545416,-1.243547,0.000000,-0.370883,-0.545415,-3.207043,-1.636246,1.679880,-0.172411,-0.501990,0.600585,0.191543,0.668832,-0.253687,0.200164,-0.179176,-0.099489,-0.406167,-0.278531,-0.226285,-0.171448,-0.394095,0.785777,-0.002100,0.387726,-0.004925,0.375179,-0.098103,0.057091,-0.447523,-0.330243,0.002035
1788378977.954372,-0.007379,0.001005,-0.000439,-0.144554,-0.080468,0.059972,0.058076,-0.014867,-0.998201,0.000000,0.000000,0.000000,-0.020786,-0.059289,0.085374,0.066658,0.146639,-0.039855,0.034180,-0.029394,-0.032582,-0.043738,-0.038731,-0.085397,-0.436332,-1.047198,0.829031,-0.414516,0.349066,-0.829032,0.436332,-0.436332,0.589049,-3.207043,-2.116212,2.203478,-0.171448,-0.394095,0.785777,-0.002100,0.387726,-0.004925,0.375179,-0.098103,0.057091,-0.447523,-0.330243,0.002035,-0.232156,-0.264187,0.836449,-0.082135,0.207446,0.139242,0.470770,-0.056358,0.120752,-0.399437,-0.318367,0.083216
1788378977.974307,-0.006470,0.000791,0.002120,-0.098348,-0.070748,0.052649,0.059644,-0.019644,-0.998026,0.000000,0.000000,0.000000,-0.030156,-0.073934,0.113880,0.051315,0.140467,-0.043929,0.048113,-0.031758,-0.005709,-0.083093,-0.062645,-0.044376,-0.305433,-0.610865,1.658063,-0.894481,-0.479966,0.981748,0.763582,0.043633,1.592613,-1.527164,-1.330814,2.988877,-0.232156,-0.264187,0.836449,-0.082135,0.207446,0.139242,0.470770,-0.056358,0.120752,-0.399437,-0.318367,0.083216,-0.249862,-0.238396,0.780931,-0.186871,0.057893,0.154542,0.517204,0.027948,0.138065,-0.282555,-0.223752,0.191281
1788378977.994307,-0.004383,0.000319,0.005000,-0.254676,-0.145982,0.020824,0.062913,-0.024244,-0.997725,0.000000,0.000000,0.000000,-0.035932,-0.075210,0.144557,0.030846,0.111631,-0.024002,0.072171,-0.027019,0.014856,-0.096504,-0.072877,-0.006890,-0.239983,0.218166,1.570796,-1.047198,-1.483530,1.483530,1.265364,0.065450,0.938114,-0.021817,-0.349066,1.876229,-0.249862,-0.238396,0.780931,-0.186871,0.057893,0.154542,0.517204,0.027948,0.138065,-0.282555,-0.223752,0.191281,-0.237926,-0.253212,0.821254,-0.180560,-0.062510,0.192169,0.592637,0.002808,0.142455,-0.195740,-0.177344,0.178324
1788378978.014324,0.000104,-0.000751,0.005108,-0.293958,-0.176076,-0.016460,0.066922,-0.030601,-0.997289,0.000000,0.000000,0.000000,-0.044781,-0.070956,0.168362,0.007701,0.073485,0.004776,0.095294,-0.016323,0.024720,-0.088348,-0.065566,0.021414,-0.501782,0.218166,1.047198,-0.850848,-1.636246,1.287180,0.959931,0.458149,0.458149,1.199914,0.829032,1.658063,-0.237926,-0.253212,0.821254,-0.180560,-0.062510,0.192169,0.592637,0.002808,0.142455,-0.195740,-0.177344,0.178324,-0.238870,-0.192842,0.869366,-0.161170,-0.072070,0.211388,0.560120,0.010838,0.103497,-0.101852,-0.092901,0.123590
1788378978.034344,0.005210,-0.001890,-0.000360,-0.141625,-0.139324,-0.032173,0.070260,-0.032129,-0.997011,0.000000,0.000000,0.000000,-0.051615,-0.067422,0.186180,-0.008269,0.038134,0.023040,0.115008,-0.006047,0.030163,-0.069744,-0.054371,0.037245,-0.196350,0.043633,0.719948,-0.807215,-1.483530,0.872665,0.850848,0.545415,0.261799,1.221731,0.719948,0.523599,-0.238870,-0.192842,0.869366,-0.161170,-0.072070,0.211388,0.560120,0.010838,0.103497,-0.101852,-0.092901,0.123590,-0.232788,-0.205134,0.892096,-0.097426,0.018367,0.177574,0.506820,-0.016600,0.026685,-0.011399,-0.006507,-0.016924
1788378978.054337,0.008028,-0.002460,-0.004637,-0.096617,-0.094050,-0.029244,0.072395,-0.033668,-0.996808,0.000000,0.000000,0.000000,-0.051062,-0.064896,0.199508,-0.019722,0.015491,0.035688,0.128651,-0.002259,0.027120,-0.049907,-0.039457,0.035385,0.087266,0.130900,0.610865,-0.414516,-0.785398,0.545415,0.414516,0.087267,-0.327249,1.418080,1.156281,-0.501782,-0.232788,-0.205134,0.892096,-0.097426,0.018367,0.177574,0.506820,-0.016600,0.026685,-0.011399,-0.006507,-0.016924,-0.240858,-0.136118,0.797611,0.011667,0.153598,0.158562,0.452301,-0.165121,-0.108054,0.228905,0.101400,-0.339173
1788378978.074539,0.010350,-0.002761,-0.007893,0.002985,-0.081533,0.000717,0.074080,-0.033105,-0.996703,0.000000,0.000000,0.000000,-0.049393,-0.064302,0.210124,-0.023720,0.010031,0.042882,0.132246,-0.003260,0.015355,-0.028603,-0.021065,0.018671,0.000000,0.021817,0.523599,-0.152716,0.021817,0.152716,-0.087266,-0.021817,-0.785398,1.483530,1.352630,-1.548980,-0.240858,-0.136118,0.797611,0.011667,0.153598,0.158562,0.452301,-0.165121,-0.108054,0.228905,0.101400,-0.339173,-0.202856,-0.015130,0.556757,0.198421,0.356141,0.073934,0.329332,-0.200895,-0.154330,0.358596,0.143909,-0.547383
1788378978.094437,0.010132,-0.002265,-0.006604,0.108047,-0.056633,0.016563,0.075629,-0.030477,-0.996670,0.000000,0.000000,0.000000,-0.049701,-0.058818,0.213765,-0.018372,0.020983,0.044221,0.127211,-0.010258,-0.008371,-0.000070,0.001207,-0.022404,0.000000,0.349066,0.109083,0.349066,0.567232,-0.000000,-0.349066,-0.327249,-1.352630,2.879794,1.658063,-3.774275,-0.202856,-0.015130,0.556757,0.198421,0.356141,0.073934,0.329332,-0.200895,-0.154330,0.358596,0.143909,-0.547383,-0.010752,0.009966,0.332337,0.288817,0.431119,0.092503,0.191872,-0.134184,-0.135782,0.313241,0.120134,-0.488735
1788378978.114375,0.008941,-0.001325,-0.003807,0.123892,-0.005766,-0.012199,0.075975,-0.028161,-0.996712,0.000000,0.000000,0.000000,-0.049232,-0.046759,0.202709,-0.001124,0.043523,0.038546,0.115643,-0.023891,-0.025996,0.045544,0.019909,-0.084901,0.130900,0.850848,-0.719948,0.959931,1.090831,-0.589049,-0.589049,-0.501782,-0.763582,2.530728,0.981748,-3.425209,-0.010752,0.009966,0.332337,0.288817,0.431119,0.092503,0.191872,-0.134184,-0.135782,0.313241,0.120134,-0.488735,0.081085,-0.011489,0.184870,0.352618,0.468489,-0.029959,0.051552,-0.136933,-0.140770,0.282318,0.104081,-0.526477
1788378978.134434,0.005605,0.000423,0.000542,0.221897,0.088243,-0.062400,0.074311,-0.025155,-0.996918,0.000000,0.000000,0.000000,-0.042022,-0.032103,0.175013,0.022708,0.070403,0.032604,0.096161,-0.035456,-0.030285,0.071167,0.026697,-0.111372,0.589049,0.807215,-1.679880,1.156281,1.156281,-0.087267,-0.959931,-0.414516,-0.152716,0.370883,0.021817,-0.414516,0.081085,-0.011489,0.184870,0.352618,0.468489,-0.029959,0.051552,-0.136933,-0.140770,0.282318,0.104081,-0.526477,-0.069353,-0.092875,0.079902,0.459751,0.589299,-0.205100,0.077995,-0.119552,-0.194026,0.079636,-0.024454,-0.659245
1788378978.154464,0.004151,0.000952,0.001601,0.091801,0.060813,-0.102747,0.073944,-0.021173,-0.997038,0.000000,0.000000,0.000000,-0.029673,-0.019444,0.136935,0.044320,0.091595,0.025099,0.067655,-0.036656,-0.031556,0.073212,0.025996,-0.118714,0.807215,0.458149,-1.919863,1.025381,0.763582,-0.829032,-1.418080,0.152716,-0.065450,-0.130900,-0.130900,-0.545416,-0.069353,-0.092875,0.079902,0.459751,0.589299,-0.205100,0.077995,-0.119552,-0.194026,0.079636,-0.024454,-0.659245,-0.168103,-0.226723,0.171915,0.384715,0.680741,-0.236875,0.072785,-0.190947,-0.265011,-0.133607,-0.159354,-0.593623
1788378978.174332,-0.000737,0.002367,0.002571,0.008444,0.036844,-0.069724,0.073360,-0.019566,-0.997114,0.000000,0.000000,0.000000,-0.023213,-0.016845,0.098169,0.065493,0.110546,0.006825,0.043228,-0.034101,-0.041186,0.060660,0.012800,-0.137378,0.000000,-0.087266,-1.636246,0.807215,0.894481,-1.396264,-0.807215,0.370883,-0.676315,-2.094395,-1.483530,-1.658063,-0.168103,-0.226723,0.171915,0.384715,0.680741,-0.236875,0.072785,-0.190947,-0.265011,-0.133607,-0.159354,-0.593623,-0.202364,-0.445256,0.409291,0.276685,0.815266,-0.290293,0.084049,-0.233204,-0.231449,-0.341508,-0.265018,-0.397705
1788378978.194355,-0.002499,0.003112,0.001015,0.039204,-0.009628,0.018294,0.073935,-0.019668,-0.997069,0.000000,0.000000,0.000000,-0.024841,-0.026199,0.075112,0.075240,0.135316,-0.019620,0.032069,-0.037142,-0.053916,0.021452,-0.011643,-0.146023,-0.349066,-0.567232,-1.047198,0.392699,1.003564,-1.199914,-0.174533,-0.349066,-0.785398,-2.923427,-1.810779,0.436332,-0.202364,-0.445256,0.409291,0.276685,0.815266,-0.290293,0.084049,-0.233204,-0.231449,-0.341508,-0.265018,-0.397705,-0.165737,-0.516006,0.650917,0.099875,0.607794,-0.133483,0.249901,-0.200031,-0.039986,-0.474948,-0.334450,-0.113808
1788378978.214357,-0.003669,0.003752,-0.000590,-0.088894,-0.025341,0.033873,0.074561,-0.020844,-0.996999,0.000000,0.000000,0.000000,-0.031370,-0.044340,0.070803,0.074487,0.160015,-0.040624,0.027632,-0.044843,-0.056329,-0.026858,-0.039533,-0.126314,-0.349066,-1.090831,0.196350,-0.130900,1.069014,-0.959931,-0.065450,-0.589049,0.087266,-3.141593,-1.723513,2.181662,-0.165737,-0.516006,0.650917,0.099875,0.607794,-0.133483,0.249901,-0.200031,-0.039986,-0.474948,-0.334450,-0.113808,-0.191719,-0.371139,0.790719,-0.047633,0.337859,0.054286,0.395707,-0.091280,0.062005,-0.451014,-0.356446,0.049215
1788378978.234594,-0.004245,0.004343,-0.000189,0.092733,-0.036126,0.079280,0.075512,-0.022268,-0.996896,0.000000,0.000000,0.000000,-0.035940,-0.067130,0.088254,0.062106,0.168540,-0.050362,0.031379,-0.049593,-0.030457,-0.072651,-0.062544,-0.081996,-0.043633,-1.265364,1.221731,-0.741765,-0.043633,-0.000000,0.458149,-0.327249,1.658063,-2.508911,-1.352630,3.534292,-0.191719,-0.371139,0.790719,-0.047633,0.337859,0.054286,0.395707,-0.091280,0.062005,-0.451014,-0.356446,0.049215,-0.242697,-0.220314,0.728910,-0.164292,0.114937,0.149241,0.426056,0.028278,0.102225,-0.335215,-0.220535,0.195315
1788378978.254440,-0.003417,0.004273,0.001500,-0.099547,-0.092452,0.026816,0.077338,-0.024533,-0.996703,0.000000,0.000000,0.000000,-0.037170,-0.079085,0.119670,0.042425,0.148488,-0.040760,0.050330,-0.045546,-0.002911,-0.099453,-0.076651,-0.030921,-0.065450,-0.327249,1.592613,-0.959931,-1.287180,1.178097,1.069014,0.109083,1.330814,-0.632682,-0.676315,2.727077,-0.242697,-0.220314,0.728910,-0.164292,0.114937,0.149241,0.426056,0.028278,0.102225,-0.335215,-0.220535,0.195315,-0.234826,-0.241611,0.726967,-0.177812,-0.027226,0.176080,0.513682,0.033416,0.142657,-0.226903,-0.144350,0.234685
1788378978.274423,-0.000085,0.003488,0.002186,-0.252945,-0.178206,-0.044024,0.081049,-0.030338,-0.996248,0.000000,0.000000,0.000000,-0.041683,-0.077844,0.144832,0.017276,0.105902,-0.013817,0.073913,-0.029206,0.012650,-0.097666,-0.069414,0.011548,-0.501782,0.414516,1.287180,-1.090831,-1.985312,1.527163,0.938115,0.785398,0.719949,1.156281,1.374447,2.356194,-0.234826,-0.241611,0.726967,-0.177812,-0.027226,0.176080,0.513682,0.033416,0.142657,-0.226903,-0.144350,0.234685,-0.233084,-0.196265,0.780168,-0.199150,-0.084048,0.205340,0.518348,0.012089,0.141612,-0.111482,-0.069310,0.242864
1788378978.294399,0.002995,0.002717,0.000106,-0.137364,-0.166621,-0.060935,0.084752,-0.032074,-0.995886,0.000000,0.000000,0.000000,-0.048016,-0.071771,0.164707,-0.001606,0.059149,0.012254,0.093377,-0.010220,0.023904,-0.080292,-0.052424,0.039746,-0.501782,0.261799,0.719949,-0.763582,-1.898046,1.221731,0.763582,0.785398,0.567232,1.439897,1.090831,1.243547,-0.233084,-0.196265,0.780168,-0.199150,-0.084048,0.205340,0.518348,0.012089,0.141612,-0.111482,-0.069310,0.242864,-0.239255,-0.195006,0.834962,-0.145697,-0.068269,0.197536,0.497443,0.003739,0.094403,-0.052155,-0.011423,0.162904
1788378978.314371,0.005754,0.002055,-0.003305,0.002186,-0.046646,-0.039364,0.086012,-0.031850,-0.995785,0.000000,0.000000,0.000000,-0.052136,-0.065207,0.179016,-0.016215,0.025398,0.029162,0.109881,-0.001460,0.029173,-0.056730,-0.034981,0.051306,-0.130900,0.196349,0.589049,-0.610865,-1.265364,0.763582,0.632682,0.218166,0.196350,1.679880,1.178097,0.436332,-0.239255,-0.195006,0.834962,-0.145697,-0.068269,0.197536,0.497443,0.003739,0.094403,-0.052155,-0.011423,0.162904,-0.218165,-0.181442,0.825900,-0.058922,0.013077,0.177382,0.464420,-0.083419,-0.010841,0.092208,0.075715,-0.088950
1788378978.334347,0.007497,0.001680,-0.005888,0.090203,-0.037325,-0.013930,0.086936,-0.029352,-0.995781,0.000000,0.000000,0.000000,-0.050972,-0.062295,0.189764,-0.023017,0.008747,0.039792,0.118414,-0.000544,0.025309,-0.034109,-0.019211,0.047960,0.021817,0.087266,0.479966,-0.261800,-0.501782,0.436332,0.109083,-0.000000,-0.327249,1.199914,0.981748,-0.807215,-0.218165,-0.181442,0.825900,-0.058922,0.013077,0.177382,0.464420,-0.083419,-0.010841,0.092208,0.075715,-0.088950,-0.233414,-0.108891,0.717352,0.079749,0.215410,0.093970,0.411665,-0.176431,-0.117708,0.293556,0.148370,-0.401616
1788378978.354471,0.007280,0.001599,-0.006098,0.209646,-0.010960,0.007375,0.087179,-0.024244,-0.995898,0.000000,0.000000,0.000000,-0.049589,-0.059478,0.197907,-0.023742,0.007953,0.043700,0.118163,-0.005202,0.009789,-0.011706,-0.001106,0.020144,0.043633,0.152716,0.392699,0.130900,0.196350,0.065450,-0.218166,-0.087267,-1.069014,2.050762,1.374447,-2.683444,-0.233414,-0.108891,0.717352,0.079749,0.215410,0.093970,0.411665,-0.176431,-0.117708,0.293556,0.148370,-0.401616,-0.117632,-0.012466,0.451053,0.259808,0.387537,0.078804,0.275196,-0.182348,-0.146193,0.362519,0.167816,-0.535262
1788378978.374491,0.006224,0.002036,-0.004666,0.235346,0.046698,0.031477,0.086374,-0.019373,-0.996074,0.000000,0.000000,0.000000,-0.050274,-0.052679,0.199930,-0.013875,0.022120,0.040299,0.114261,-0.014313,-0.012753,0.021635,0.017976,-0.034542,0.043633,0.458149,-0.000000,0.567232,0.741765,-0.654499,-0.174533,-0.327249,-1.287180,2.857977,1.178097,-4.079707,-0.117632,-0.012466,0.451053,0.259808,0.387537,0.078804,0.275196,-0.182348,-0.146193,0.362519,0.167816,-0.535262,0.066733,-0.000430,0.267023,0.338625,0.458552,0.058795,0.101735,-0.099772,-0.116965,0.284922,0.144557,-0.472046
1788378978.394265,0.002311,0.003670,-0.000836,0.285147,0.129123,-0.015528,0.083781,-0.014950,-0.996372,0.000000,0.000000,0.000000,-0.047127,-0.041334,0.184751,0.008983,0.048952,0.032811,0.104874,-0.027856,-0.026135,0.059146,0.030902,-0.091448,0.239983,0.719948,-0.916298,1.199914,1.221731,-0.218166,-0.501782,-0.458149,-0.589049,1.636246,0.610865,-2.683444,0.066733,-0.000430,0.267023,0.338625,0.458552,0.058795,0.101735,-0.099772,-0.116965,0.284922,0.144557,-0.472046,0.089091,-0.034081,0.129931,0.432175,0.514353,-0.105676,0.033840,-0.151568,-0.149710,0.267473,0.101243,-0.609067
1788378978.414318,0.000753,0.004206,0.000267,0.144266,0.213811,-0.065862,0.079839,-0.012072,-0.996735,0.000000,0.000000,0.000000,-0.036426,-0.027500,0.155569,0.032698,0.077248,0.029118,0.082032,-0.034406,-0.026926,0.074966,0.035366,-0.110835,0.829032,0.763582,-1.658063,1.003564,1.090831,-0.043633,-1.221731,-0.087267,0.218166,-0.174533,0.000000,-0.130900,0.089091,-0.034081,0.129931,0.432175,0.514353,-0.105676,0.033840,-0.151568,-0.149710,0.267473,0.101243,-0.609067,-0.091545,-0.147504,0.082611,0.461845,0.619034,-0.218378,0.095150,-0.125723,-0.192247,-0.023771,-0.079157,-0.612572
1788378978.434432,-0.004933,0.004357,0.001869,0.178487,0.145235,-0.075449,0.076949,-0.006904,-0.997011,0.000000,0.000000,0.000000,-0.022163,-0.019507,0.117054,0.056832,0.099501,0.019145,0.052661,-0.032767,-0.031456,0.071767,0.030804,-0.126238,0.763582,0.261799,-1.788963,1.047198,0.872665,-1.090831,-1.330814,0.261799,-0.414516,0.065450,-0.501782,-1.461714,-0.091545,-0.147504,0.082611,0.461845,0.619034,-0.218378,0.095150,-0.125723,-0.192247,-0.023771,-0.079157,-0.612572,-0.121031,-0.276755,0.214102,0.398773,0.681902,-0.198580,0.050610,-0.295274,-0.297508,-0.098081,-0.123173,-0.637913
1788378978.454799,-0.007342,0.004090,0.001338,-0.100479,0.131120,-0.054011,0.074465,-0.008703,-0.997186,0.000000,0.000000,0.000000,-0.016371,-0.021893,0.083888,0.073522,0.120227,-0.003252,0.033973,-0.032091,-0.041134,0.055702,0.008892,-0.140233,-0.021817,-0.327249,-1.548980,0.632682,0.959931,-1.330814,-0.523599,-0.021817,-0.676315,-2.748894,-2.116212,-0.523599,-0.121031,-0.276755,0.214102,0.398773,0.681902,-0.198580,0.050610,-0.295274,-0.297508,-0.098081,-0.123173,-0.637913,-0.180688,-0.463671,0.454987,0.269119,0.742431,-0.243595,0.163743,-0.210303,-0.076468,-0.417544,-0.254961,-0.228929
1788378978.474452,-0.009925,0.003578,0.000654,0.007779,0.070001,0.013900,0.073524,-0.009063,-0.997252,0.000000,0.000000,0.000000,-0.018656,-0.032886,0.066456,0.080419,0.142854,-0.025985,0.027354,-0.039429,-0.058107,0.010416,-0.012740,-0.147989,-0.370883,-0.567232,-0.632682,0.305433,0.829032,-0.938115,-0.218166,-0.370883,-1.156281,-1.898046,-0.959931,-0.152717,-0.180688,-0.463671,0.454987,0.269119,0.742431,-0.243595,0.163743,-0.210303,-0.076468,-0.417544,-0.254961,-0.228929,-0.117255,-0.518714,0.724374,0.094622,0.572311,-0.089210,0.298237,-0.260355,-0.116447,-0.418749,-0.366331,-0.244869
1788378978.494633,-0.011015,0.002856,0.001145,-0.239629,0.085846,0.015498,0.071736,-0.014161,-0.997323,0.000000,0.000000,0.000000,-0.025305,-0.050260,0.067471,0.077512,0.157010,-0.040057,0.026969,-0.050850,-0.039961,-0.024921,-0.037823,-0.126472,-0.196350,-1.003564,0.501782,-0.283616,0.545416,-0.545416,0.239983,-0.654499,1.592613,-3.163409,-1.854413,3.839724,-0.117255,-0.518714,0.724374,0.094622,0.572311,-0.089210,0.298237,-0.260355,-0.116447,-0.418749,-0.366331,-0.244869,-0.226298,-0.292781,0.695425,-0.140808,0.289851,0.078495,0.403749,0.026071,0.072804,-0.342483,-0.240620,0.139750
1788378978.514358,-0.011492,0.002414,0.003396,0.028818,0.006617,0.097523,0.071888,-0.014743,-0.997304,0.000000,0.000000,0.000000,-0.029829,-0.072175,0.091897,0.064400,0.161553,-0.043667,0.038587,-0.057368,-0.030943,-0.076657,-0.065506,-0.082242,-0.130900,-1.199914,1.505347,-0.785398,-0.043633,0.174533,0.589049,-0.021817,0.087267,-1.396264,-1.810779,1.112647,-0.226298,-0.292781,0.695425,-0.140808,0.289851,0.078495,0.403749,0.026071,0.072804,-0.342483,-0.240620,0.139750,-0.217571,-0.365645,0.809438,-0.054238,0.195780,0.088220,0.500790,-0.105198,0.034561,-0.360007,-0.249001,0.053740
1788378978.534342,-0.009602,0.000814,0.006257,-0.377714,-0.009229,-0.047886,0.072042,-0.023483,-0.997125,0.000000,0.000000,0.000000,-0.036109,-0.079852,0.118595,0.039472,0.135504,-0.033217,0.058920,-0.044791,-0.004896,-0.088255,-0.067169,-0.040286,-0.196350,0.000000,1.374447,-1.178097,-1.461713,1.090831,0.894481,0.741765,1.854413,0.239983,0.698132,4.232423,-0.217571,-0.365645,0.809438,-0.054238,0.195780,0.088220,0.500790,-0.105198,0.034561,-0.360007,-0.249001,0.053740,-0.227064,-0.193529,0.676931,-0.214817,0.059821,0.077509,0.431089,0.095780,0.137727,-0.144956,-0.084835,0.255855
1788378978.554333,-0.006661,-0.000537,0.006107,-0.221520,-0.114823,0.022821,0.075661,-0.025564,-0.996806,0.000000,0.000000,0.000000,-0.041053,-0.080572,0.147224,0.018435,0.099278,-0.007588,0.083712,-0.030095,0.002380,-0.084189,-0.062896,-0.000124,-0.458149,-0.174533,1.396264,-0.959931,-1.548980,1.199914,1.069014,0.698132,0.000000,-0.000000,0.000000,0.501782,-0.227064,-0.193529,0.676931,-0.214817,0.059821,0.077509,0.431089,0.095780,0.137727,-0.144956,-0.084835,0.255855,-0.239884,-0.278961,0.842808,-0.121359,0.013333,0.151071,0.544058,-0.058930,0.119705,-0.136591,-0.144753,0.137511
1788378978.574565,-0.001492,-0.002338,0.000805,-0.164661,-0.060628,-0.036700,0.076864,-0.031080,-0.996557,0.000000,0.000000,0.000000,-0.048553,-0.073986,0.164876,-0.000259,0.065764,0.005330,0.099990,-0.012884,0.017965,-0.073485,-0.043634,0.028213,-0.501782,0.370883,0.698132,-0.676315,-1.418080,0.283616,0.436332,0.698132,1.025381,2.268928,1.810779,2.290745,-0.239884,-0.278961,0.842808,-0.121359,0.013333,0.151071,0.544058,-0.058930,0.119705,-0.136591,-0.144753,0.137511,-0.205738,-0.145482,0.808963,-0.122725,-0.003979,0.152742,0.422600,-0.005921,0.091873,-0.027082,0.005831,0.127483
1788378978.594545,0.001222,-0.003391,-0.003284,-0.072516,-0.028270,-0.043625,0.077920,-0.031019,-0.996477,0.000000,0.000000,0.000000,-0.050334,-0.071384,0.180936,-0.010341,0.040234,0.014346,0.108716,-0.006094,0.023097,-0.047758,-0.036618,0.038050,-0.109083,0.000000,0.501782,-0.501782,-0.959931,0.741765,0.261799,0.218166,0.196350,0.567232,-0.523599,-0.654499,-0.205738,-0.145482,0.808963,-0.122725,-0.003979,0.152742,0.422600,-0.005921,0.091873,-0.027082,0.005831,0.127483,-0.211859,-0.283185,0.869213,0.013799,0.131843,0.041747,0.465723,-0.079914,0.003365,0.017619,0.047536,-0.103390
1788378978.614464,0.002848,-0.004148,-0.005432,-0.052941,-0.014289,-0.023784,0.078326,-0.032184,-0.996408,0.000000,0.000000,0.000000,-0.048553,-0.065622,0.190066,-0.018552,0.026364,0.024927,0.114451,-0.004708,0.022527,-0.032939,-0.020602,0.035838,0.043633,0.196350,0.436332,-0.305433,-0.610865,0.392699,-0.065450,-0.043633,-0.283616,1.527163,1.658063,-0.261799,-0.211859,-0.283185,0.869213,0.013799,0.131843,0.041747,0.465723,-0.079914,0.003365,0.017619,0.047536,-0.103390,-0.208198,-0.124151,0.730428,0.074827,0.184973,0.105037,0.439548,-0.237242,-0.097287,0.266089,0.099175,-0.368530
1788378978.634392,0.003341,-0.004637,-0.004421,0.019896,-0.012158,0.037868,0.078721,-0.029948,-0.996447,0.000000,0.000000,0.000000,-0.047710,-0.065147,0.200195,-0.016182,0.025925,0.029116,0.113748,-0.008144,0.009315,-0.012925,-0.003083,0.011281,-0.109083,-0.218166,0.458149,0.065450,0.087267,-0.349066,-0.021817,-0.043633,-0.807215,0.981748,0.894481,-2.487094,-0.208198,-0.124151,0.730428,0.074827,0.184973,0.105037,0.439548,-0.237242,-0.097287,0.266089,0.099175,-0.368530,-0.130649,-0.051080,0.473278,0.272108,0.441097,0.022056,0.246838,-0.181441,-0.143067,0.341838,0.155976,-0.590555
1788378978.654479,0.002325,-0.004051,-0.001304,0.190738,0.011944,0.013766,0.078557,-0.028131,-0.996513,0.000000,0.000000,0.000000,-0.049701,-0.059963,0.202275,-0.005732,0.036039,0.023495,0.113595,-0.018240,-0.008300,0.009164,0.011373,-0.036331,0.000000,0.458149,-0.021817,0.567232,0.414516,-0.130900,0.000000,-0.479966,-1.069014,2.617994,0.916298,-3.425209,-0.130649,-0.051080,0.473278,0.272108,0.441097,0.022056,0.246838,-0.181441,-0.143067,0.341838,0.155976,-0.590555,0.011206,0.024756,0.283103,0.381558,0.474894,0.043119,0.140891,-0.163573,-0.136378,0.307888,0.134108,-0.547441
1788378998.476884,0.000818,0.000105,0.000013,-0.002608,0.004087,-0.010468,0.079192,-0.028238,-0.996459,0.000000,0.000000,0.000000,-0.024086,0.024435,-0.026614,0.023911,-0.181546,-0.181409,-0.180738,-0.181186,0.054475,0.054657,0.054426,0.054475,0.000000,0.000000,-0.000000,-0.000000,-0.043633,-0.000000,0.130900,-0.000000,0.000000,-0.087266,-0.021817,-0.000000,0.011206,0.024756,0.283103,0.381558,0.474894,0.043119,0.140891,-0.163573,-0.136378,0.307888,0.134108,-0.547441,-0.167470,-0.013383,0.327420,0.381414,0.538779,-0.062741,0.206468,-0.220568,-0.146707,0.019644,-0.044437,-0.576655
1788378998.495486,0.000666,0.000135,-0.000008,0.003518,0.003821,-0.009137,0.079795,-0.028362,-0.996408,0.000000,0.000000,0.000000,-0.024086,0.024435,-0.026090,0.023911,-0.181889,-0.181409,-0.181049,-0.181186,0.054475,0.054330,0.054398,0.054475,0.000000,0.000000,-0.000000,-0.000000,-0.196350,-0.000000,0.130900,-0.000000,0.000000,-0.109083,-0.065450,-0.000000,-0.167470,-0.013383,0.327420,0.381414,0.538779,-0.062741,0.206468,-0.220568,-0.146707,0.019644,-0.044437,-0.576655,-0.234892,-0.134905,0.522700,0.230519,0.513600,-0.038149,0.269728,-0.280149,-0.156727,-0.126533,-0.167764,-0.479104
1788378998.515353,0.000405,0.000356,0.000486,0.163174,0.397836,0.091930,0.067638,-0.021499,-0.997478,0.000000,0.000000,0.000000,-0.024945,0.021566,-0.010993,0.039316,-0.152513,-0.143178,-0.163705,-0.163310,0.026171,0.029200,0.039593,0.037161,-0.065450,-0.392699,1.003564,1.112647,3.948808,3.577925,2.923427,3.076143,-4.014258,-1.985312,-2.836160,-3.294309,-0.234892,-0.134905,0.522700,0.230519,0.513600,-0.038149,0.269728,-0.280149,-0.156727,-0.126533,-0.167764,-0.479104,-0.068063,-0.312497,0.596672,0.232399,0.722111,-0.132914,0.237323,-0.198849,-0.149154,0.105756,0.144171,-0.373694
1788378998.535275,0.000815,0.001804,0.004489,0.581557,0.562286,0.245462,0.058964,-0.013043,-0.998175,0.000000,0.000000,0.000000,-0.031449,0.013483,0.020412,0.047497,-0.042320,-0.082662,-0.079992,-0.117465,-0.016756,-0.005568,-0.006543,-0.068312,-0.698132,-0.719948,1.919863,0.763582,5.672320,2.508911,4.821473,2.138029,-0.872665,-1.527163,-2.116212,-2.814344,-0.068063,-0.312497,0.596672,0.232399,0.722111,-0.132914,0.237323,-0.198849,-0.149154,0.105756,0.144171,-0.373694,0.085028,-0.009609,0.449524,0.457619,0.820521,-0.005271,0.226210,-0.050382,-0.097768,0.231370,0.245452,-0.644861
1788378998.555289,0.001562,0.004118,0.009197,0.107115,0.292241,0.144128,0.054572,-0.009672,-0.998463,0.000000,0.000000,0.000000,-0.033865,-0.005912,0.057885,0.053549,0.059811,-0.055369,-0.005745,-0.092138,-0.025330,0.011278,0.001210,-0.088751,0.414516,-1.439897,2.007129,0.021817,3.948808,1.134464,2.530728,0.741765,-0.174533,1.199914,2.879793,0.218166,0.085028,-0.009609,0.449524,0.457619,0.820521,-0.005271,0.226210,-0.050382,-0.097768,0.231370,0.245452,-0.644861,0.154542,0.076792,0.375320,0.437037,0.659526,-0.011916,0.286837,-0.057305,0.084162,0.354106,0.091544,-0.485955
1788378998.575229,0.002581,0.006440,0.010577,0.331353,0.267074,0.049719,0.050533,-0.005048,-0.998710,0.000000,0.000000,0.000000,-0.024986,-0.016215,0.086023,0.060707,0.125556,-0.036184,0.028543,-0.067529,-0.022371,0.039241,0.035292,-0.110053,1.025381,0.196350,1.243547,0.305433,2.748894,1.069014,1.243547,1.614430,0.283616,1.265364,1.788963,-3.141593,0.154542,0.076792,0.375320,0.437037,0.659526,-0.011916,0.286837,-0.057305,0.084162,0.354106,0.091544,-0.485955,0.198482,0.033181,0.372079,0.441232,0.623326,-0.004402,0.153923,-0.159511,0.040181,0.332324,0.153045,-0.455208
1788378998.595230,0.004104,0.008289,0.004417,0.125757,0.084914,-0.048019,0.048922,-0.002840,-0.998799,0.000000,0.000000,0.000000,-0.005681,-0.011331,0.103681,0.067233,0.156503,-0.018728,0.045683,-0.043007,0.001722,0.068036,0.037166,-0.124356,1.265364,0.698132,0.414516,0.545415,0.872665,0.741765,0.654499,0.850848,1.854413,1.287180,-1.374447,0.981748,0.198482,0.033181,0.372079,0.441232,0.623326,-0.004402,0.153923,-0.159511,0.040181,0.332324,0.153045,-0.455208,-0.000748,-0.021732,0.330562,0.480183,0.598923,-0.106068,0.256058,-0.158209,0.075344,0.195943,0.121337,-0.400162
1788378998.615104,0.005342,0.008562,-0.003095,-0.139494,0.012876,-0.026181,0.048793,-0.005580,-0.998793,0.000000,0.000000,0.000000,0.013363,-0.005569,0.102751,0.073413,0.162396,-0.009164,0.049686,-0.034403,0.009710,0.076220,0.035115,-0.115927,0.785398,0.043633,-0.283616,0.283616,0.065451,0.239983,-0.152716,-0.000000,0.000000,0.130900,0.676315,0.567232,-0.000748,-0.021732,0.330562,0.480183,0.598923,-0.106068,0.256058,-0.158209,0.075344,0.195943,0.121337,-0.400162,-0.113449,-0.099129,0.495647,0.284943,0.580128,-0.099301,0.323957,-0.235825,0.008445,0.085308,-0.065555,-0.343024
1788378998.635071,0.005788,0.007185,-0.005633,-0.212997,-0.056633,-0.005275,0.050076,-0.009717,-0.998698,0.000000,0.000000,0.000000,0.018691,-0.006619,0.097665,0.079153,0.157553,-0.011341,0.049847,-0.036541,0.013405,0.060782,0.033253,-0.107162,-0.218166,-0.152716,-0.196350,0.458149,-0.196350,-0.152716,0.283616,-0.261799,0.283616,-0.807215,-0.305433,0.676315,-0.113449,-0.099129,0.495647,0.284943,0.580128,-0.099301,0.323957,-0.235825,0.008445,0.085308,-0.065555,-0.343024,-0.212384,-0.183010,0.654579,0.148089,0.582582,-0.113826,0.425255,-0.171020,-0.011763,-0.167273,-0.215752,-0.220676
1788378998.655079,0.006204,0.004385,-0.000845,-0.326049,-0.154504,0.050518,0.054841,-0.018826,-0.998318,0.000000,0.000000,0.000000,0.013005,-0.012954,0.103340,0.076920,0.156503,-0.015977,0.057769,-0.043081,0.008191,0.037439,0.014098,-0.096728,-0.763582,-0.305433,0.327249,-0.174533,-0.043633,-0.370883,0.479966,-0.392699,-0.567232,-0.959931,-2.181662,0.785398,-0.212384,-0.183010,0.654579,0.148089,0.582582,-0.113826,0.425255,-0.171020,-0.011763,-0.167273,-0.215752,-0.220676,-0.253730,-0.284131,0.864955,0.009539,0.501178,-0.059404,0.537140,-0.125331,0.005848,-0.295395,-0.286133,-0.094046
1788378998.674999,0.006935,0.001940,0.005304,-0.371589,-0.197780,0.070891,0.059178,-0.025927,-0.997911,0.000000,0.000000,0.000000,-0.004582,-0.019392,0.111355,0.068793,0.152625,-0.019443,0.071301,-0.047916,0.003323,-0.005829,-0.018674,-0.077906,-1.047198,-0.239983,0.698132,-0.632682,-0.261799,-0.000000,0.785398,-0.196350,-0.370883,-2.378011,-2.247112,1.592613,-0.253730,-0.284131,0.864955,0.009539,0.501178,-0.059404,0.537140,-0.125331,0.005848,-0.295395,-0.286133,-0.094046,-0.284720,-0.261943,0.947893,-0.128427,0.275020,0.097043,0.681243,-0.056803,0.121984,-0.326872,-0.336125,0.050382
1788378998.694991,0.007997,-0.000715,0.010919,-0.356542,-0.186329,0.057442,0.063180,-0.032987,-0.997457,0.000000,0.000000,0.000000,-0.024252,-0.026308,0.130592,0.052973,0.143715,-0.020509,0.089605,-0.047657,0.003091,-0.045966,-0.046959,-0.050646,-0.916298,-0.545415,1.199914,-0.785398,-0.436332,0.043633,1.003564,0.087266,0.130900,-1.658063,-1.439897,1.854413,-0.284720,-0.261943,0.947893,-0.128427,0.275020,0.097043,0.681243,-0.056803,0.121984,-0.326872,-0.336125,0.050382,-0.294474,-0.211843,0.981269,-0.163744,0.144001,0.169982,0.674755,-0.004428,0.141485,-0.293399,-0.327376,0.072098
1788378998.715046,0.010799,-0.003818,0.013869,-0.369059,-0.181269,0.022954,0.067077,-0.040390,-0.996930,0.000000,0.000000,0.000000,-0.040224,-0.031771,0.155375,0.032998,0.122319,-0.009312,0.113947,-0.039149,0.017564,-0.066403,-0.065588,-0.019055,-0.719948,-0.414516,1.287180,-1.047198,-1.178097,0.589049,1.221731,0.370883,1.221731,-0.632682,-1.112648,2.225295,-0.294474,-0.211843,0.981269,-0.163744,0.144001,0.169982,0.674755,-0.004428,0.141485,-0.293399,-0.327376,0.072098,-0.295147,-0.177855,0.917362,-0.191209,0.011800,0.190814,0.657327,0.059280,0.159481,-0.202513,-0.187075,0.162786
1788378998.735249,0.013753,-0.005571,0.009666,-0.342294,-0.160363,0.022022,0.070802,-0.046868,-0.996389,0.000000,0.000000,0.000000,-0.049897,-0.035021,0.181978,0.013144,0.090496,0.007651,0.138240,-0.026059,0.027935,-0.068394,-0.073575,0.004117,-0.479966,-0.109083,1.287180,-0.916298,-1.527163,0.916298,0.938115,0.589049,0.589049,0.130900,-0.130900,0.872665,-0.295147,-0.177855,0.917362,-0.191209,0.011800,0.190814,0.657327,0.059280,0.159481,-0.202513,-0.187075,0.162786,-0.268225,-0.231253,0.963702,-0.146522,0.014635,0.177310,0.625502,0.043101,0.128234,-0.141177,-0.160740,0.104623
1788378998.754970,0.018221,-0.007847,-0.000978,-0.274516,-0.104836,-0.018058,0.073301,-0.052355,-0.995935,0.000000,0.000000,0.000000,-0.055016,-0.036145,0.203947,-0.004481,0.057305,0.026056,0.151531,-0.012230,0.035598,-0.057063,-0.062225,0.021464,-0.283616,-0.021817,1.090831,-0.785398,-1.330814,0.785398,0.261800,0.632682,0.436332,0.632682,1.439897,1.308997,-0.268225,-0.231253,0.963702,-0.146522,0.014635,0.177310,0.625502,0.043101,0.128234,-0.141177,-0.160740,0.104623,-0.239240,-0.206923,0.945263,-0.139451,0.052950,0.161294,0.560148,0.054202,0.103101,-0.070133,-0.144079,0.041497
1788378998.774995,0.020562,-0.008847,-0.008514,-0.140293,-0.072878,0.002848,0.074951,-0.054920,-0.995674,0.000000,0.000000,0.000000,-0.056333,-0.040683,0.222480,-0.016706,0.033637,0.037962,0.156178,-0.000809,0.033683,-0.043365,-0.049451,0.028712,0.000000,-0.436332,0.698132,-0.545415,-0.916298,0.392699,0.043633,0.479966,-0.174533,0.632682,0.654499,-0.392699,-0.239240,-0.206923,0.945263,-0.139451,0.052950,0.161294,0.560148,0.054202,0.103101,-0.070133,-0.144079,0.041497,-0.200338,-0.276216,0.909702,-0.040499,0.198096,0.091487,0.489602,-0.033851,-0.014585,0.076061,-0.013901,-0.193948
1788378998.795125,0.020696,-0.008925,-0.012176,0.065436,-0.006299,0.006709,0.075168,-0.053542,-0.995732,0.000000,0.000000,0.000000,-0.054836,-0.045000,0.232399,-0.022299,0.025494,0.041079,0.155101,0.005365,0.031254,-0.027954,-0.042778,0.022464,0.043633,-0.152716,0.414516,-0.218166,-0.174533,-0.000000,-0.196350,0.283616,-0.370883,0.719948,0.392699,-0.894481,-0.200338,-0.276216,0.909702,-0.040499,0.198096,0.091487,0.489602,-0.033851,-0.014585,0.076061,-0.013901,-0.193948,-0.208969,-0.169320,0.758030,0.121260,0.386081,0.019548,0.393802,-0.111049,-0.130258,0.263383,0.102100,-0.457400
1788378998.815032,0.017565,-0.007681,-0.008991,0.222696,0.019800,0.021623,0.075091,-0.048085,-0.996017,0.000000,0.000000,0.000000,-0.049906,-0.051266,0.236746,-0.018790,0.032941,0.036828,0.145292,0.004580,0.013072,0.000042,-0.025881,-0.004348,0.174533,-0.283616,0.043633,0.261799,0.458149,-0.218166,-0.545415,-0.087266,-1.243547,1.199914,1.548980,-2.748894,-0.208969,-0.169320,0.758030,0.121260,0.386081,0.019548,0.393802,-0.111049,-0.130258,0.263383,0.102100,-0.457400,-0.083903,-0.096916,0.390810,0.288535,0.543042,0.028122,0.240123,-0.087026,-0.152425,0.351928,0.120203,-0.582668
1788378998.835197,0.013716,-0.006109,-0.003036,0.266904,0.058149,-0.001946,0.073886,-0.042453,-0.996363,0.000000,0.000000,0.000000,-0.048695,-0.050626,0.229274,-0.004396,0.052936,0.024621,0.129693,-0.005197,-0.011321,0.038639,-0.000555,-0.053059,0.109083,0.305433,-0.501782,0.741765,0.981748,-0.698132,-0.785398,-0.414516,-1.483530,1.832596,1.854413,-3.730642,-0.083903,-0.096916,0.390810,0.288535,0.543042,0.028122,0.240123,-0.087026,-0.152425,0.351928,0.120203,-0.582668,0.066147,-0.066184,0.177104,0.339966,0.602826,-0.002104,0.081636,-0.016460,-0.130973,0.301726,0.058876,-0.539385
1788378998.854912,0.006513,-0.002774,0.005369,0.347465,0.159350,-0.025382,0.070535,-0.036336,-0.996847,0.000000,0.000000,0.000000,-0.043505,-0.045087,0.202431,0.019046,0.081423,0.017943,0.109704,-0.014897,-0.025827,0.067232,0.017430,-0.104557,0.567232,0.523599,-1.679880,1.221731,1.287180,-0.305433,-0.981748,-0.152716,-0.610865,1.178097,0.785398,-2.639811,0.066147,-0.066184,0.177104,0.339966,0.602826,-0.002104,0.081636,-0.016460,-0.130973,0.301726,0.058876,-0.539385,0.068503,-0.123784,0.013243,0.423785,0.630954,-0.142501,0.003339,-0.107504,-0.199669,0.231781,0.015320,-0.651309
1788378998.874922,0.001595,-0.000422,0.007976,0.281152,0.211681,-0.115929,0.066395,-0.030963,-0.997313,0.000000,0.000000,0.000000,-0.033985,-0.034424,0.160949,0.042575,0.109597,0.014190,0.080887,-0.017790,-0.028428,0.072716,0.018210,-0.123421,0.850848,0.610865,-2.268928,1.112648,1.156281,-0.239983,-1.439897,0.218166,0.000000,-0.000000,-0.392699,-0.196350,0.068503,-0.123784,0.013243,0.423785,0.630954,-0.142501,0.003339,-0.107504,-0.199669,0.231781,0.015320,-0.651309,-0.130600,-0.231024,0.036317,0.425703,0.680965,-0.229348,0.057321,-0.114138,-0.247776,-0.095218,-0.113714,-0.566912
1788378998.895088,-0.000729,0.000721,0.007792,0.332152,0.189843,-0.107274,0.062939,-0.023654,-0.997737,0.000000,0.000000,0.000000,-0.020445,-0.028618,0.111840,0.062603,0.131067,-0.002183,0.048312,-0.015030,-0.038161,0.064437,0.011769,-0.137817,0.698132,0.152716,-2.443461,0.894481,0.850848,-0.872665,-1.418080,-0.000000,-0.741765,-0.479966,-0.567232,-1.265364,-0.130600,-0.231024,0.036317,0.425703,0.680965,-0.229348,0.057321,-0.114138,-0.247776,-0.095218,-0.113714,-0.566912,-0.119215,-0.449723,0.231206,0.314772,0.669654,-0.234490,0.069860,-0.239169,-0.255471,-0.249710,-0.165192,-0.432700
1788378998.914974,-0.006212,0.003420,0.003168,0.133879,0.124462,-0.062666,0.060479,-0.020968,-0.997949,0.000000,0.000000,0.000000,-0.014988,-0.033134,0.072652,0.074659,0.146085,-0.020907,0.027163,-0.018706,-0.050643,0.017779,-0.005927,-0.143225,-0.152716,-0.392699,-1.810779,0.479966,0.589049,-0.872665,-0.654499,-0.283616,-0.785398,-2.748894,-1.592613,0.610865,-0.119215,-0.449723,0.231206,0.314772,0.669654,-0.234490,0.069860,-0.239169,-0.255471,-0.249710,-0.165192,-0.432700,-0.140620,-0.528527,0.555913,0.129891,0.476762,-0.165626,0.220370,-0.159531,-0.006040,-0.422799,-0.221509,-0.033997
1788378998.935251,-0.006912,0.003828,0.001151,0.184879,0.048163,0.050252,0.059532,-0.017239,-0.998078,0.000000,0.000000,0.000000,-0.016033,-0.051125,0.056374,0.074201,0.158251,-0.037621,0.021240,-0.030512,-0.056844,-0.030910,-0.025186,-0.128261,-0.283616,-1.243547,-0.370883,-0.065450,0.523599,-0.654499,-0.130900,-0.785398,-0.283616,-1.876229,-1.090831,1.788963,-0.140620,-0.528527,0.555913,0.129891,0.476762,-0.165626,0.220370,-0.159531,-0.006040,-0.422799,-0.221509,-0.033997,-0.124074,-0.408088,0.737565,0.029433,0.211354,-0.016531,0.318239,-0.120271,0.045856,-0.436821,-0.249608,0.072237
1788378998.955380,-0.008974,0.005074,-0.002939,0.138939,-0.018283,0.043727,0.059706,-0.015851,-0.998090,0.000000,0.000000,0.000000,-0.020350,-0.073318,0.067244,0.063808,0.151395,-0.043005,0.026926,-0.039282,-0.029222,-0.074999,-0.040591,-0.086627,-0.174533,-1.156281,1.069014,-0.589049,-0.676315,-0.000000,0.436332,-0.370883,2.268928,-1.854413,-1.025381,4.428774,-0.124074,-0.408088,0.737565,0.029433,0.211354,-0.016531,0.318239,-0.120271,0.045856,-0.436821,-0.249608,0.072237,-0.215992,-0.204303,0.627535,-0.155101,0.064652,0.059119,0.321593,0.091266,0.126880,-0.243660,-0.105129,0.258180
1788378998.975000,-0.009649,0.005881,0.000659,0.184213,-0.073544,0.075951,0.061557,-0.012691,-0.998023,0.000000,0.000000,0.000000,-0.023068,-0.087340,0.097313,0.048482,0.122804,-0.032814,0.042901,-0.039451,-0.003710,-0.094833,-0.051628,-0.024908,-0.109083,-0.414516,1.876229,-0.894481,-1.548980,0.676315,0.850848,0.196349,1.134464,-0.698132,-0.632682,2.705261,-0.215992,-0.204303,0.627535,-0.155101,0.064652,0.059119,0.321593,0.091266,0.126880,-0.243660,-0.105129,0.258180,-0.213333,-0.251737,0.646161,-0.135951,-0.033329,0.095232,0.437314,0.027609,0.174562,-0.208074,-0.113712,0.308472
1788378998.994972,-0.008999,0.006044,0.003974,-0.066390,-0.135196,-0.037766,0.064170,-0.014534,-0.997833,0.000000,0.000000,0.000000,-0.029826,-0.086056,0.124712,0.026264,0.081492,-0.014632,0.059416,-0.023732,0.014662,-0.074088,-0.042822,0.020528,-0.589049,0.567232,1.178097,-1.069014,-1.832596,1.199914,0.610865,0.938114,1.069014,1.069014,1.396263,2.814344,-0.213333,-0.251737,0.646161,-0.135951,-0.033329,0.095232,0.437314,0.027609,0.174562,-0.208074,-0.113712,0.308472,-0.204550,-0.215252,0.691798,-0.184418,-0.087209,0.085007,0.398958,0.024262,0.188587,-0.106100,-0.036409,0.339021
1788378999.014982,-0.006661,0.005834,0.005357,-0.051610,-0.114157,-0.058938,0.066847,-0.015154,-0.997648,0.000000,0.000000,0.000000,-0.038776,-0.077446,0.143562,0.005915,0.042001,0.004005,0.075037,-0.006165,0.029721,-0.058568,-0.033664,0.053888,-0.589049,0.436332,0.654498,-0.894481,-1.527163,0.523599,0.698132,0.654498,0.850848,0.589048,0.174533,1.461714,-0.204550,-0.215252,0.691798,-0.184418,-0.087209,0.085007,0.398958,0.024262,0.188587,-0.106100,-0.036409,0.339021,-0.218724,-0.231522,0.783910,-0.133489,-0.098382,0.049141,0.400811,0.014686,0.191567,-0.104717,-0.032394,0.297822
1788378999.034979,-0.005701,0.005794,0.004540,0.124825,-0.053038,-0.029643,0.067986,-0.012104,-0.997613,0.000000,0.000000,0.000000,-0.046300,-0.068837,0.155173,-0.009177,0.015125,0.010651,0.088577,0.002619,0.039160,-0.039874,-0.023479,0.071410,-0.239983,0.349066,0.523599,-0.632682,-1.047198,0.283616,0.458149,0.174533,0.327249,0.872664,0.916298,0.807215,-0.218724,-0.231522,0.783910,-0.133489,-0.098382,0.049141,0.400811,0.014686,0.191567,-0.104717,-0.032394,0.297822,-0.161355,-0.256911,0.825163,-0.058435,-0.030383,0.079493,0.400549,-0.016837,0.132438,-0.054674,-0.036952,0.096466
1788378999.055092,-0.002180,0.004802,-0.002346,0.032413,0.002090,-0.007672,0.068128,-0.010547,-0.997621,0.000000,0.000000,0.000000,-0.047451,-0.066497,0.165975,-0.016654,0.000397,0.014226,0.094508,0.002597,0.043757,-0.031581,-0.013931,0.075331,0.065450,0.000000,0.479966,-0.414516,-0.545416,0.087267,0.109083,-0.000000,0.109083,0.239983,0.414516,-0.305433,-0.161355,-0.256911,0.825163,-0.058435,-0.030383,0.079493,0.400549,-0.016837,0.132438,-0.054674,-0.036952,0.096466,-0.153317,-0.287593,0.828453,0.033065,0.136204,0.036941,0.425764,-0.097441,0.049524,0.055748,-0.021604,-0.177973
1788378999.075181,-0.001521,0.004640,-0.004483,0.146929,0.028455,0.032542,0.067588,-0.007577,-0.997685,0.000000,0.000000,0.000000,-0.043257,-0.067820,0.178255,-0.017838,-0.002489,0.015096,0.095915,0.001613,0.037927,-0.021684,-0.012805,0.055058,0.305433,-0.043633,0.741765,0.021817,0.065450,0.021817,0.043633,-0.043633,-0.479966,0.370882,0.000000,-2.116212,-0.153317,-0.287593,0.828453,0.033065,0.136204,0.036941,0.425764,-0.097441,0.049524,0.055748,-0.021604,-0.177973,-0.127556,-0.212918,0.699218,0.206565,0.382995,0.050665,0.364609,-0.224733,-0.123216,0.305095,0.130219,-0.542617
1788378999.095149,-0.001571,0.004352,-0.004664,0.121496,0.064008,0.068228,0.067175,-0.004170,-0.997733,0.000000,0.000000,0.000000,-0.040677,-0.069265,0.191037,-0.013284,0.008785,0.014618,0.098673,-0.003978,0.024777,-0.000918,-0.010719,0.012802,0.174533,-0.043633,0.545415,0.283616,0.698132,-0.065450,0.239983,-0.239983,-0.916298,0.850848,0.239983,-3.490659,-0.127556,-0.212918,0.699218,0.206565,0.382995,0.050665,0.364609,-0.224733,-0.123216,0.305095,0.130219,-0.542617,-0.011549,-0.049677,0.361157,0.436646,0.565253,0.033689,0.188825,-0.141773,-0.162532,0.321304,0.167507,-0.676525
1788378999.114990,-0.003064,0.003894,-0.001525,0.142801,0.133783,0.081943,0.064672,-0.000766,-0.997906,0.000000,0.000000,0.000000,-0.039104,-0.068984,0.194397,0.003131,0.036956,0.012352,0.098236,-0.017779,-0.005284,0.041611,0.007479,-0.049602,0.196350,0.218166,-0.043633,0.850848,1.548980,-0.196350,-0.174533,-0.654499,-1.941679,2.399828,1.854413,-4.821473,-0.011549,-0.049677,0.361157,0.436646,0.565253,0.033689,0.188825,-0.141773,-0.162532,0.321304,0.167507,-0.676525,0.199552,-0.030948,0.192261,0.387150,0.556281,0.086087,0.075188,0.011304,-0.089317,0.255370,0.123119,-0.453530
1788378999.135141,-0.004706,0.003251,0.001605,0.060642,0.193305,0.018560,0.061577,-0.000850,-0.998102,0.000000,0.000000,0.000000,-0.032820,-0.059448,0.179567,0.032267,0.075773,0.014027,0.088610,-0.030695,-0.025382,0.065203,0.026776,-0.118916,0.829032,0.872665,-1.112647,1.439897,1.767146,-0.000000,-0.501782,-0.414516,-0.959931,0.872665,1.069014,-3.163409,0.199552,-0.030948,0.192261,0.387150,0.556281,0.086087,0.075188,0.011304,-0.089317,0.255370,0.123119,-0.453530,0.187223,-0.075977,0.051283,0.458336,0.575459,-0.109970,-0.028660,-0.076325,-0.149598,0.231411,0.070866,-0.587742
1788378999.154980,-0.006557,0.002456,0.003970,-0.119387,0.217406,-0.101282,0.057540,-0.004780,-0.998332,0.000000,0.000000,0.000000,-0.017410,-0.044705,0.148926,0.053841,0.105634,0.016833,0.066749,-0.031450,-0.022851,0.063376,0.031188,-0.128730,1.199914,0.741765,-1.876229,1.090831,1.134464,0.109083,-1.134464,0.545415,0.545415,-0.174533,-0.327249,1.527163,0.187223,-0.075977,0.051283,0.458336,0.575459,-0.109970,-0.028660,-0.076325,-0.149598,0.231411,0.070866,-0.587742,-0.082230,-0.194905,0.169181,0.297675,0.606379,-0.207475,0.107583,0.009769,-0.065038,-0.111706,-0.059611,-0.266118
1788378999.174923,-0.008340,-0.000247,0.004952,-0.132836,0.057484,-0.075050,0.056812,-0.005078,-0.998372,0.000000,0.000000,0.000000,-0.001451,-0.033284,0.106702,0.072529,0.123862,0.005382,0.039547,-0.019914,-0.028491,0.061292,0.024856,-0.129142,0.763582,0.436332,-2.007129,0.567232,0.589049,-0.807215,-1.221731,0.501782,-0.370883,-0.305433,-0.436332,-1.134464,-0.082230,-0.194905,0.169181,0.297675,0.606379,-0.207475,0.107583,0.009769,-0.065038,-0.111706,-0.059611,-0.266118,-0.119257,-0.374783,0.439260,0.195129,0.603236,-0.219664,0.087942,-0.173883,-0.216556,-0.203451,-0.124645,-0.339647
1788378999.195062,-0.008706,-0.002681,0.003923,-0.544561,0.038442,-0.073985,0.056308,-0.016102,-0.998284,0.000000,0.000000,0.000000,0.001434,-0.034500,0.078537,0.073866,0.132488,-0.015971,0.023138,-0.013274,-0.022906,0.014777,0.006566,-0.112155,-0.370883,-0.261799,-1.243547,-0.043633,0.392699,-0.959931,-0.349066,0.087267,0.676315,-2.770710,-1.548980,3.119776,-0.119257,-0.374783,0.439260,0.195129,0.603236,-0.219664,0.087942,-0.173883,-0.216556,-0.203451,-0.124645,-0.339647,-0.206871,-0.275355,0.630140,-0.091257,0.351758,-0.032950,0.304590,0.047862,0.110542,-0.253472,-0.087343,0.126584
1788378999.214974,-0.007858,-0.005059,0.002473,-0.231506,-0.132666,0.074220,0.060168,-0.019287,-0.998002,0.000000,0.000000,0.000000,-0.005116,-0.045561,0.073489,0.067007,0.143879,-0.035156,0.022936,-0.016127,-0.036558,-0.025699,-0.012603,-0.088768,-0.567232,-0.829032,0.283616,-0.567232,0.349066,-0.872665,0.065450,-0.458149,-1.221731,-1.439897,-1.134464,0.261800,-0.206871,-0.275355,0.630140,-0.091257,0.351758,-0.032950,0.304590,0.047862,0.110542,-0.253472,-0.087343,0.126584,-0.190791,-0.340644,0.831559,-0.007571,0.307731,-0.006093,0.384422,-0.069818,0.047932,-0.271734,-0.205791,-0.060062
1788378999.235146,-0.006102,-0.007222,0.001484,-0.545493,-0.098578,-0.015795,0.061310,-0.033064,-0.997571,0.000000,0.000000,0.000000,-0.018626,-0.054059,0.088780,0.046554,0.130601,-0.032320,0.032514,-0.013945,-0.011248,-0.048852,-0.020021,-0.061039,-0.589049,-0.218166,1.265364,-1.025381,-0.829032,0.370882,0.632682,0.589049,3.076143,-0.938115,-0.043633,4.014258,-0.190791,-0.340644,0.831559,-0.007571,0.307731,-0.006093,0.384422,-0.069818,0.047932,-0.271734,-0.205791,-0.060062,-0.251799,-0.187678,0.649274,-0.212313,0.167052,0.055735,0.364079,0.111372,0.180787,-0.138287,-0.107491,0.252768
1788378999.255191,-0.000484,-0.010400,0.001916,-0.246820,-0.131601,0.136405,0.064855,-0.036545,-0.997225,0.000000,0.000000,0.000000,-0.025640,-0.060967,0.123403,0.029690,0.109671,-0.018453,0.055800,-0.011120,0.004998,-0.058241,-0.032693,-0.014076,-0.349066,-0.370883,1.832596,-0.894481,-0.938115,0.719948,1.221731,0.218166,0.021817,-0.370883,-1.439897,0.021817,-0.251799,-0.187678,0.649274,-0.212313,0.167052,0.055735,0.364079,0.111372,0.180787,-0.138287,-0.107491,0.252768,-0.233158,-0.309066,0.820455,-0.065868,0.133085,0.134364,0.534928,-0.096603,0.088952,-0.151970,-0.173020,0.040094
1788378999.275178,0.001129,-0.011069,0.002005,-0.420325,-0.123611,0.002448,0.067635,-0.049259,-0.996493,0.000000,0.000000,0.000000,-0.035283,-0.061948,0.148386,0.005956,0.085370,-0.007943,0.075727,-0.002265,0.024927,-0.044109,-0.033225,0.008960,-0.567232,0.218166,1.199914,-0.916298,-1.047198,0.632682,0.632682,0.283616,1.439897,0.698132,0.829031,3.316126,-0.233158,-0.309066,0.820455,-0.065868,0.133085,0.134364,0.534928,-0.096603,0.088952,-0.151970,-0.173020,0.040094,-0.245799,-0.134408,0.783663,-0.190416,0.051320,0.100441,0.479142,0.041815,0.164187,-0.091644,-0.099903,0.199877
1788378999.295090,0.005774,-0.012883,0.000471,-0.169322,-0.095515,0.044925,0.070526,-0.049066,-0.996302,0.000000,0.000000,0.000000,-0.041506,-0.062630,0.172681,-0.001980,0.063828,0.009355,0.089853,-0.001782,0.025639,-0.039950,-0.036282,0.026503,-0.349066,-0.239983,0.872665,-0.370883,-0.719949,0.632682,0.741765,-0.370883,-0.610865,0.174533,-0.850848,-1.352630,-0.245799,-0.134408,0.783663,-0.190416,0.051320,0.100441,0.479142,0.041815,0.164187,-0.091644,-0.099903,0.199877,-0.189495,-0.319766,0.840378,0.007396,0.186014,0.092629,0.491133,-0.107462,-0.030860,0.047174,0.006001,-0.190238
1788378999.315025,0.008421,-0.013669,-0.001784,-0.161732,-0.090455,-0.008205,0.072556,-0.053337,-0.995937,0.000000,0.000000,0.000000,-0.044899,-0.057547,0.184364,-0.012779,0.045729,0.016596,0.106540,-0.003323,0.033245,-0.029697,-0.032105,0.031998,-0.130900,0.392699,0.632682,-0.327249,-0.763582,0.327249,0.654499,-0.109083,0.719948,0.458149,0.807215,1.505347,-0.189495,-0.319766,0.840378,0.007396,0.186014,0.092629,0.491133,-0.107462,-0.030860,0.047174,0.006001,-0.190238,-0.234067,-0.110269,0.757187,0.014491,0.237669,0.038374,0.445344,-0.016519,0.028484,0.082960,-0.016878,-0.163363
1788378999.335004,0.010188,-0.013793,-0.004298,0.053052,-0.008962,0.069160,0.072869,-0.051641,-0.996004,0.000000,0.000000,0.000000,-0.042442,-0.060702,0.195051,-0.010619,0.040945,0.021409,0.114670,-0.007626,0.012898,-0.005150,-0.017850,0.017607,0.109083,-0.436332,0.392699,0.174533,0.065450,0.196350,0.152716,-0.174533,-1.810779,1.069014,1.265364,-3.447025,-0.234067,-0.110269,0.757187,0.014491,0.237669,0.038374,0.445344,-0.016519,0.028484,0.082960,-0.016878,-0.163363,-0.066791,-0.187094,0.516239,0.164079,0.415594,0.154196,0.276887,-0.076561,-0.136823,0.298143,0.132953,-0.451347
1788378999.355079,0.010836,-0.012633,-0.005423,0.043731,-0.040920,-0.010868,0.073764,-0.052587,-0.995888,0.000000,0.000000,0.000000,-0.043592,-0.056772,0.199895,-0.007557,0.046492,0.019655,0.116431,-0.008543,0.007842,0.009920,-0.007760,-0.021682,0.000000,0.458149,0.283616,0.327249,0.370883,-0.109083,-0.065450,-0.130900,0.305433,0.523599,0.261799,-0.872665,-0.066791,-0.187094,0.516239,0.164079,0.415594,0.154196,0.276887,-0.076561,-0.136823,0.298143,0.132953,-0.451347,-0.156528,-0.008661,0.410516,0.359428,0.562456,-0.082795,0.203069,-0.145310,-0.172975,0.230274,0.045433,-0.637592
1788378999.375152,0.009873,-0.010988,-0.004535,0.306053,0.077857,0.034805,0.072159,-0.045345,-0.996362,0.000000,0.000000,0.000000,-0.036717,-0.055401,0.191793,0.006174,0.065028,0.022183,0.106619,-0.012363,-0.012688,0.046228,0.009639,-0.056193,0.392699,0.043633,-0.741765,0.719948,0.741765,0.130900,-0.567232,-0.021817,-1.570796,1.854413,1.810779,-3.403392,-0.156528,-0.008661,0.410516,0.359428,0.562456,-0.082795,0.203069,-0.145310,-0.172975,0.230274,0.045433,-0.637592,0.015893,-0.073154,0.216486,0.330349,0.564806,0.033951,0.128103,-0.138081,-0.153908,0.270461,0.043798,-0.569355
1788378999.394911,0.006267,-0.007640,-0.001555,0.115903,0.006351,-0.068126,0.072701,-0.041417,-0.996493,0.000000,0.000000,0.000000,-0.034732,-0.042687,0.171585,0.028152,0.091923,0.014758,0.087813,-0.013929,-0.029317,0.055126,0.015660,-0.109663,0.000000,0.938115,-1.178097,1.199914,1.352630,-0.392699,-0.785398,-0.109083,-0.698132,0.065450,-0.545415,-3.141593,0.015893,-0.073154,0.216486,0.330349,0.564806,0.033951,0.128103,-0.138081,-0.153908,0.270461,0.043798,-0.569355,-0.043023,-0.093737,0.122657,0.483537,0.757511,-0.179414,0.017418,-0.131116,-0.309076,0.145996,-0.033681,-0.726597
1788378999.415007,0.003125,-0.004914,-0.000417,0.424430,0.083583,-0.011001,0.070668,-0.037575,-0.996792,0.000000,0.000000,0.000000,-0.026753,-0.034868,0.141633,0.047075,0.114197,0.006617,0.066967,-0.026438,-0.032966,0.059280,0.011662,-0.132382,0.545415,0.283616,-1.679880,0.850848,0.850848,-0.305433,-0.894481,-0.545415,0.000000,0.261799,-0.021817,-0.174533,-0.043023,-0.093737,0.122657,0.483537,0.757511,-0.179414,0.017418,-0.131116,-0.309076,0.145996,-0.033681,-0.726597,-0.150846,-0.186394,0.059942,0.436334,0.697018,-0.152494,0.106750,-0.191216,-0.266882,-0.109073,-0.175434,-0.628380
1788378999.435068,-0.001322,-0.001193,-0.000085,0.055449,0.035779,-0.053611,0.070052,-0.035648,-0.996906,0.000000,0.000000,0.000000,-0.022758,-0.027639,0.106921,0.068542,0.140402,-0.004665,0.046684,-0.029377,-0.055115,0.046405,0.003994,-0.151553,0.196350,0.414516,-1.658063,0.829032,1.047198,-0.654499,-0.785398,0.109083,-1.548980,-0.719948,-0.872665,-1.788963,-0.150846,-0.186394,0.059942,0.436334,0.697018,-0.152494,0.106750,-0.191216,-0.266882,-0.109073,-0.175434,-0.628380,-0.187350,-0.320524,0.325503,0.276870,0.771913,-0.145877,0.084613,-0.296882,-0.323605,-0.134576,-0.198693,-0.529747
1788378999.455134,-0.004099,0.001151,-0.000172,0.256917,0.018735,-0.018591,0.069780,-0.033326,-0.997006,0.000000,0.000000,0.000000,-0.023554,-0.030789,0.076418,0.078605,0.157026,-0.019852,0.031993,-0.033245,-0.061241,0.005349,-0.017995,-0.158199,-0.283616,-0.349066,-1.439897,0.501782,0.829032,-0.807215,-0.436332,-0.283616,0.000000,-2.116212,-1.788963,0.654499,-0.187350,-0.320524,0.325503,0.276870,0.771913,-0.145877,0.084613,-0.296882,-0.323605,-0.134576,-0.198693,-0.529747,-0.217071,-0.474008,0.510495,0.121885,0.617577,-0.147195,0.214457,-0.171187,-0.071962,-0.453460,-0.247505,-0.077637
1788378999.475003,-0.007216,0.004328,-0.000335,0.108712,-0.037724,0.027482,0.070650,-0.028459,-0.997095,0.000000,0.000000,0.000000,-0.026837,-0.040535,0.067629,0.078570,0.171635,-0.027698,0.026972,-0.044922,-0.069307,-0.018818,-0.036492,-0.146306,-0.152716,-0.654499,-0.218166,-0.130900,0.436332,-0.043633,-0.174533,-0.785398,-0.545415,-0.763582,-0.785398,1.396264,-0.217071,-0.474008,0.510495,0.121885,0.617577,-0.147195,0.214457,-0.171187,-0.071962,-0.453460,-0.247505,-0.077637,-0.120272,-0.467692,0.754526,-0.010861,0.311435,-0.011490,0.358442,-0.153292,-0.056267,-0.436509,-0.276469,-0.027114
1788378999.495031,-0.008380,0.005893,0.000528,0.065436,-0.066486,0.010438,0.071774,-0.029764,-0.996977,0.000000,0.000000,0.000000,-0.034776,-0.057310,0.071548,0.066407,0.170937,-0.026814,0.030133,-0.054112,-0.045887,-0.066556,-0.048467,-0.111498,-0.239983,-1.134464,0.676315,-0.741765,-0.174533,0.087266,0.305433,-0.327249,2.378011,-3.010693,-0.894481,4.341507,-0.120272,-0.467692,0.754526,-0.010861,0.311435,-0.011490,0.358442,-0.153292,-0.056267,-0.436509,-0.276469,-0.027114,-0.247383,-0.226008,0.645591,-0.200450,0.119228,0.073182,0.337477,0.095429,0.095656,-0.275571,-0.135216,0.224341
1788378999.515054,-0.008684,0.007219,0.001631,0.304588,-0.150376,0.096058,0.074916,-0.023520,-0.996912,0.000000,0.000000,0.000000,-0.035321,-0.075330,0.100016,0.048002,0.148218,-0.024450,0.046277,-0.052070,-0.024428,-0.092556,-0.058694,-0.045107,0.218166,-0.850848,1.745329,-1.003564,-1.548980,0.218166,0.850848,0.414516,0.872665,-0.763582,-0.676315,2.290745,-0.247383,-0.226008,0.645591,-0.200450,0.119228,0.073182,0.337477,0.095429,0.095656,-0.275571,-0.135216,0.224341,-0.214395,-0.262281,0.680499,-0.118567,0.015444,0.145926,0.453148,0.022991,0.128283,-0.266725,-0.127676,0.262557
1788378999.534992,-0.006684,0.008725,0.002290,-0.186233,-0.185263,-0.063332,0.078287,-0.028836,-0.996514,0.000000,0.000000,0.000000,-0.039074,-0.079901,0.124052,0.022089,0.104691,-0.010364,0.064521,-0.031802,0.000500,-0.077936,-0.049419,0.001240,-0.392699,0.239983,1.112648,-1.243547,-1.985312,1.003564,0.741765,1.047198,1.723513,0.850848,1.505347,3.425209,-0.214395,-0.262281,0.680499,-0.118567,0.015444,0.145926,0.453148,0.022991,0.128283,-0.266725,-0.127676,0.262557,-0.222105,-0.194705,0.665089,-0.208049,-0.042696,0.109320,0.387943,0.076737,0.165795,-0.121208,-0.017749,0.338534
1788378999.555124,-0.003859,0.009216,0.000358,0.096728,-0.161561,-0.022053,0.082749,-0.024376,-0.996272,0.000000,0.000000,0.000000,-0.042635,-0.076181,0.144729,0.002143,0.062110,0.011316,0.080535,-0.010424,0.017777,-0.068688,-0.038849,0.041006,-0.283616,0.174533,0.807215,-0.807215,-1.658063,0.698132,0.632682,0.785398,0.807215,0.414516,0.349066,1.548980,-0.222105,-0.194705,0.665089,-0.208049,-0.042696,0.109320,0.387943,0.076737,0.165795,-0.121208,-0.017749,0.338534,-0.208914,-0.250023,0.756941,-0.132185,-0.082749,0.087316,0.418373,0.036588,0.173207,-0.133169,-0.030898,0.297324
1788378999.575226,0.000043,0.009863,-0.004217,0.137608,-0.118818,-0.046155,0.085404,-0.021445,-0.996116,0.000000,0.000000,0.000000,-0.049123,-0.068586,0.157985,-0.012913,0.031837,0.019535,0.092209,0.003868,0.029781,-0.045718,-0.024450,0.063523,-0.261799,0.436332,0.523599,-0.501782,-1.221731,0.370883,0.261799,0.392699,0.719949,1.069014,1.374447,1.287181,-0.208914,-0.250023,0.756941,-0.132185,-0.082749,0.087316,0.418373,0.036588,0.173207,-0.133169,-0.030898,0.297324,-0.165349,-0.246751,0.796460,-0.087351,-0.045315,0.101582,0.383748,0.013291,0.140279,-0.074355,-0.034991,0.147326
1788378999.595277,0.001339,0.010188,-0.006326,0.110044,-0.042252,-0.022586,0.086450,-0.018621,-0.996082,0.000000,0.000000,0.000000,-0.048717,-0.066661,0.167666,-0.019692,0.012807,0.023975,0.096357,0.007048,0.037011,-0.036874,-0.013522,0.072201,0.043633,-0.218166,0.414516,-0.218166,-0.610865,0.065450,0.130900,0.043633,0.218166,0.327249,0.152716,-0.130900,-0.165349,-0.246751,0.796460,-0.087351,-0.045315,0.101582,0.383748,0.013291,0.140279,-0.074355,-0.034991,0.147326,-0.142973,-0.323297,0.826313,0.030658,0.123431,0.018820,0.403078,-0.046580,0.070901,-0.008809,-0.013742,-0.090792
1788378999.615160,0.001212,0.010297,-0.005562,0.225758,-0.025873,0.020957,0.087137,-0.013605,-0.996103,0.000000,0.000000,0.000000,-0.046101,-0.067370,0.176243,-0.021642,0.005510,0.023143,0.098152,0.005965,0.035429,-0.026525,-0.012399,0.058301,0.196350,-0.021817,0.589049,-0.000000,-0.283616,-0.000000,0.000000,-0.109083,-0.283616,0.501782,0.021817,-1.636246,-0.142973,-0.323297,0.826313,0.030658,0.123431,0.018820,0.403078,-0.046580,0.070901,-0.008809,-0.013742,-0.090792,-0.137270,-0.264197,0.737335,0.161162,0.313586,0.048805,0.397429,-0.221978,-0.105212,0.256955,0.111929,-0.462815
1788378999.635570,0.000378,0.010115,-0.003166,0.106848,0.038442,0.038667,0.086436,-0.008878,-0.996218,0.000000,0.000000,0.000000,-0.042952,-0.069031,0.185299,-0.015010,0.010909,0.019846,0.097860,0.002145,0.026803,-0.011733,-0.009603,0.023542,0.174533,-0.152716,0.458149,0.327249,0.349066,-0.239983,-0.021817,-0.065450,-0.785398,0.589048,0.327249,-2.967060,-0.137270,-0.264197,0.737335,0.161162,0.313586,0.048805,0.397429,-0.221978,-0.105212,0.256955,0.111929,-0.462815,-0.072257,-0.101995,0.426344,0.380456,0.541836,0.015596,0.233486,-0.186691,-0.178187,0.326368,0.150807,-0.678280
1788378999.654971,-0.000264,0.009787,-0.001621,0.222429,0.124462,0.085139,0.084146,-0.004384,-0.996444,0.000000,0.000000,0.000000,-0.042090,-0.069903,0.187958,0.000521,0.033858,0.013127,0.097887,-0.011281,-0.000726,0.027643,0.006361,-0.031371,0.152716,0.000000,-0.021817,0.872665,1.243547,-0.436332,0.000000,-0.763582,-1.941679,2.378011,1.548980,-4.537857,-0.072257,-0.101995,0.426344,0.380456,0.541836,0.015596,0.233486,-0.186691,-0.178187,0.326368,0.150807,-0.678280,0.153838,-0.041773,0.198993,0.384820,0.555744,0.075927,0.087328,-0.009820,-0.097536,0.265861,0.121833,-0.485858
1788378999.675121,-0.003837,0.008957,0.002982,0.127488,0.173464,0.041330,0.080941,-0.001740,-0.996717,0.000000,0.000000,0.000000,-0.038373,-0.063388,0.175152,0.027170,0.068347,0.012980,0.092133,-0.027878,-0.024842,0.060512,0.023152,-0.106990,0.479966,0.654499,-0.981748,1.265364,1.745329,-0.000000,-0.523599,-0.698132,-1.374447,1.265364,1.003564,-4.057891,0.153838,-0.041773,0.198993,0.384820,0.555744,0.075927,0.087328,-0.009820,-0.097536,0.265861,0.121833,-0.485858,0.200526,-0.068319,0.065122,0.422331,0.568950,-0.039656,-0.013727,-0.012999,-0.129089,0.256563,0.101784,-0.518856
1788378999.695002,-0.006133,0.008308,0.002798,-0.039626,0.251095,-0.086768,0.076007,-0.003611,-0.997101,0.000000,0.000000,0.000000,-0.024789,-0.050754,0.146166,0.047740,0.099777,0.016437,0.072591,-0.034267,-0.024938,0.063340,0.027695,-0.128362,1.069014,0.698132,-1.832596,1.090831,1.243547,0.043633,-1.047198,0.327249,0.589049,-0.087266,-0.218166,0.938114,0.200526,-0.068319,0.065122,0.422331,0.568950,-0.039656,-0.013727,-0.012999,-0.129089,0.256563,0.101784,-0.518856,-0.061301,-0.186061,0.107017,0.381275,0.603105,-0.190188,0.075299,-0.018914,-0.111046,-0.061439,-0.034681,-0.403572
1788378999.714943,-0.007155,0.007809,0.002334,0.003784,0.175595,-0.091029,0.072578,-0.003013,-0.997358,0.000000,0.000000,0.000000,-0.007928,-0.038891,0.106288,0.066442,0.121143,0.011823,0.044131,-0.021136,-0.026358,0.063474,0.026127,-0.125442,1.025381,0.436332,-1.985312,0.676315,0.676315,-0.305433,-1.308997,0.938114,-0.218166,-0.239983,-0.261799,-0.218166,-0.061301,-0.186061,0.107017,0.381275,0.603105,-0.190188,0.075299,-0.018914,-0.111046,-0.061439,-0.034681,-0.403572,-0.138742,-0.357626,0.413000,0.190523,0.596737,-0.243121,0.107169,-0.108546,-0.179365,-0.241154,-0.123689,-0.261005
1788378999.735124,-0.007155,0.007809,0.002334,-0.470259,0.074794,-0.056408,0.071436,-0.012209,-0.997370,0.000000,0.000000,0.000000,-0.002266,-0.037819,0.074264,0.071719,0.132761,-0.007454,0.025273,-0.011008,-0.025881,0.022110,0.010934,-0.113666,-0.130900,-0.239983,-1.439897,0.196350,0.632682,-1.156281,-0.501782,0.130900,0.218166,-2.356195,-1.548980,1.352630,-0.138742,-0.357626,0.413000,0.190523,0.596737,-0.243121,0.107169,-0.108546,-0.179365,-0.241154,-0.123689,-0.261005,-0.203635,-0.359086,0.663887,0.016598,0.426096,-0.118948,0.254141,-0.032963,0.028101,-0.359122,-0.163655,0.030211
1788378999.754978,-0.005453,0.001311,-0.000892,-0.270122,-0.038790,0.049320,0.072734,-0.017563,-0.997197,0.000000,0.000000,0.000000,-0.008318,-0.049139,0.068024,0.065485,0.142319,-0.030776,0.023288,-0.013132,-0.033978,-0.027613,-0.009931,-0.090191,-0.654498,-0.698132,0.174533,-0.218166,0.261800,-0.938115,0.239983,-0.436332,-0.763582,-2.007129,-1.352630,1.919863,-0.203635,-0.359086,0.663887,0.016598,0.426096,-0.118948,0.254141,-0.032963,0.028101,-0.359122,-0.163655,0.030211,-0.198034,-0.270569,0.844600,-0.039370,0.233146,0.052011,0.406709,-0.042117,0.115940,-0.361271,-0.262780,0.062495
1788378999.775744,-0.004746,-0.000376,0.000260,-0.437102,-0.022811,0.020025,0.073346,-0.027236,-0.996935,0.000000,0.000000,0.000000,-0.020666,-0.060874,0.082194,0.052120,0.134525,-0.038118,0.032440,-0.015527,-0.014359,-0.065484,-0.026334,-0.051412,-0.567232,-0.479966,1.221731,-0.850848,-0.698132,-0.000000,0.523599,0.065450,1.898046,-1.461714,-0.981748,3.708825,-0.198034,-0.270569,0.844600,-0.039370,0.233146,0.052011,0.406709,-0.042117,0.115940,-0.361271,-0.262780,0.062495,-0.261707,-0.154608,0.766406,-0.200810,0.068685,0.133102,0.462547,0.072523,0.195767,-0.201392,-0.157118,0.233000
1788378999.796321,-0.003108,-0.002561,0.002448,-0.279177,-0.061426,0.068095,0.074980,-0.032909,-0.996642,0.000000,0.000000,0.000000,-0.029390,-0.064414,0.116484,0.034961,0.111620,-0.022246,0.053242,-0.012562,0.010577,-0.078686,-0.044633,-0.009162,-0.305433,-0.087266,1.919863,-0.807215,-1.199914,1.025381,1.112648,0.065450,1.243547,-0.305433,-1.505347,1.505347,-0.261707,-0.154608,0.766406,-0.200810,0.068685,0.133102,0.462547,0.072523,0.195767,-0.201392,-0.157118,0.233000,-0.259702,-0.247591,0.818119,-0.131233,-0.009837,0.136713,0.592928,-0.003635,0.180973,-0.170064,-0.166077,0.203142
1788378999.815493,0.000359,-0.006097,0.004049,-0.411936,-0.066620,0.037735,0.076783,-0.041953,-0.996165,0.000000,0.000000,0.000000,-0.038367,-0.061155,0.146373,0.012545,0.077570,-0.002074,0.077794,-0.006467,0.030907,-0.061372,-0.046861,0.021780,-0.545415,0.349066,1.461713,-0.981748,-1.701696,1.047198,1.025381,0.218166,1.287180,0.959931,0.894481,2.356195,-0.259702,-0.247591,0.818119,-0.131233,-0.009837,0.136713,0.592928,-0.003635,0.180973,-0.170064,-0.166077,0.203142,-0.242250,-0.174046,0.811935,-0.174425,-0.072872,0.172073,0.555279,0.000685,0.188147,-0.076506,-0.109169,0.227657
1788378999.835288,0.003264,-0.008504,0.002384,-0.335503,-0.056633,0.026283,0.078625,-0.046906,-0.995800,0.000000,0.000000,0.000000,-0.046478,-0.057421,0.170911,-0.002154,0.043774,0.016827,0.100658,-0.000432,0.039260,-0.049037,-0.042165,0.042866,-0.458149,-0.152716,0.981748,-0.567232,-1.374447,0.676315,1.287180,0.152716,0.174533,0.501782,0.043633,0.392699,-0.242250,-0.174046,0.811935,-0.174425,-0.072872,0.172073,0.555279,0.000685,0.188147,-0.076506,-0.109169,0.227657,-0.227895,-0.223215,0.883919,-0.073300,0.025734,0.158717,0.520873,-0.019763,0.120501,-0.037495,-0.091835,0.028794
1788378999.855227,0.006078,-0.010653,-0.001197,-0.188763,0.014740,0.022422,0.078699,-0.051442,-0.995570,0.000000,0.000000,0.000000,-0.050773,-0.055038,0.186742,-0.014552,0.020048,0.025309,0.120620,0.001545,0.043471,-0.032350,-0.035568,0.048663,-0.109083,0.130900,0.785398,-0.501782,-0.872665,0.305433,0.741765,-0.130900,0.152716,0.850848,0.676315,0.349066,-0.227895,-0.223215,0.883919,-0.073300,0.025734,0.158717,0.520873,-0.019763,0.120501,-0.037495,-0.091835,0.028794,-0.205848,-0.179912,0.861697,-0.013236,0.127625,0.121610,0.470450,-0.075021,0.028046,0.103948,-0.015550,-0.189055
1788378999.875158,0.008616,-0.012891,-0.006437,-0.098748,0.030985,0.031343,0.078268,-0.052693,-0.995539,0.000000,0.000000,0.000000,-0.049066,-0.055491,0.198929,-0.017453,0.011177,0.034150,0.129246,-0.000656,0.035644,-0.017798,-0.029053,0.035162,0.043633,-0.239983,0.479966,-0.000000,-0.152716,0.305433,0.174533,-0.043633,-0.654499,0.589048,0.239983,-2.094395,-0.205848,-0.179912,0.861697,-0.013236,0.127625,0.121610,0.470450,-0.075021,0.028046,0.103948,-0.015550,-0.189055,-0.169166,-0.168547,0.685187,0.168850,0.384379,0.055295,0.343546,-0.150125,-0.136946,0.303224,0.142395,-0.511584
1788378999.895154,0.008718,-0.013464,-0.007322,0.063306,0.044035,0.045325,0.077449,-0.051485,-0.995666,0.000000,0.000000,0.000000,-0.047498,-0.056115,0.207321,-0.016093,0.018382,0.032598,0.127132,-0.003778,0.021308,0.007228,-0.018630,-0.000953,0.109083,0.000000,0.414516,0.174533,0.436332,-0.152716,-0.349066,-0.043633,-1.112647,1.112647,1.134464,-2.945244,-0.169166,-0.168547,0.685187,0.168850,0.384379,0.055295,0.343546,-0.150125,-0.136946,0.303224,0.142395,-0.511584,-0.057295,-0.040973,0.380208,0.354512,0.546600,0.029163,0.201928,-0.128262,-0.156504,0.342733,0.133733,-0.629255
1788378999.915161,0.007368,-0.013071,-0.005521,0.128952,0.101293,0.055711,0.075528,-0.047814,-0.995997,0.000000,0.000000,0.000000,-0.045278,-0.053923,0.207809,-0.002975,0.042508,0.026765,0.116352,-0.013397,-0.008910,0.047095,0.006266,-0.053659,0.349066,0.218166,-0.239983,0.719948,1.243547,-0.349066,-0.567232,-0.305433,-1.919863,1.919862,2.181662,-4.254241,-0.057295,-0.040973,0.380208,0.354512,0.546600,0.029163,0.201928,-0.128262,-0.156504,0.342733,0.133733,-0.629255,0.133213,-0.055454,0.190167,0.347932,0.585912,0.050414,0.077487,-0.009892,-0.106863,0.281492,0.073815,-0.501079
1788378999.934987,0.003478,-0.010962,-0.000460,0.222030,0.163477,-0.016727,0.072269,-0.044898,-0.996374,0.000000,0.000000,0.000000,-0.039398,-0.044841,0.188798,0.022318,0.076714,0.020724,0.098253,-0.021941,-0.026585,0.070014,0.023285,-0.113194,0.523599,0.632682,-1.265364,1.396264,1.636246,-0.370883,-0.850848,-0.283616,-0.676315,0.850848,0.523599,-2.727077,0.133213,-0.055454,0.190167,0.347932,0.585912,0.050414,0.077487,-0.009892,-0.106863,0.281492,0.073815,-0.501079,0.112999,-0.097793,0.053899,0.461562,0.642626,-0.159951,-0.014550,-0.082365,-0.183895,0.230847,0.034797,-0.655527
1788378999.955345,-0.001715,-0.008250,0.003768,0.175558,0.209816,-0.086235,0.067989,-0.043086,-0.996755,0.000000,0.000000,0.000000,-0.024920,-0.033960,0.153755,0.045310,0.107189,0.018955,0.071685,-0.023749,-0.026457,0.070403,0.022982,-0.127007,1.090831,0.610865,-2.028945,0.981748,1.156281,-0.000000,-1.287180,0.349066,0.436332,-0.174533,-0.479966,0.698131,0.112999,-0.097793,0.053899,0.461562,0.642626,-0.159951,-0.014550,-0.082365,-0.183895,0.230847,0.034797,-0.655527,-0.110055,-0.237812,0.111568,0.374989,0.662461,-0.227463,0.094023,-0.026539,-0.146638,-0.147488,-0.111196,-0.399058
1788378999.975077,-0.004937,-0.006527,0.004728,0.162242,0.089575,-0.073852,0.066362,-0.038676,-0.997046,0.000000,0.000000,0.000000,-0.010813,-0.025984,0.109277,0.067269,0.130293,0.002551,0.042803,-0.017084,-0.034589,0.064178,0.016094,-0.138161,0.610865,0.174533,-2.138028,0.872665,0.872665,-1.112647,-1.265364,0.370883,-0.741765,-0.589049,-0.436332,-1.527163,-0.110055,-0.237812,0.111568,0.374989,0.662461,-0.227463,0.094023,-0.026539,-0.146638,-0.147488,-0.111196,-0.399058,-0.098804,-0.431874,0.334968,0.263672,0.681087,-0.223002,0.051995,-0.221857,-0.264983,-0.211312,-0.157992,-0.434570
1788378999.995127,-0.007648,-0.004977,0.004005,-0.014725,0.060946,-0.053745,0.064927,-0.040150,-0.997082,0.000000,0.000000,0.000000,-0.009242,-0.031004,0.076893,0.075723,0.143298,-0.021221,0.024935,-0.014523,-0.038287,0.013252,-0.003132,-0.130541,-0.261799,-0.370883,-1.527163,0.239983,0.632682,-1.069014,-0.370883,-0.043633,0.043633,-3.294309,-1.658063,2.290745,-0.098804,-0.431874,0.334968,0.263672,0.681087,-0.223002,0.051995,-0.221857,-0.264983,-0.211312,-0.157992,-0.434570,-0.177821,-0.381316,0.582203,-0.000227,0.412898,-0.067965,0.247527,-0.027969,0.069340,-0.354974,-0.153304,0.091288
1788379000.015053,-0.009495,-0.002109,0.001596,0.158514,-0.072612,0.076351,0.067063,-0.035402,-0.997121,0.000000,0.000000,0.000000,-0.012384,-0.046759,0.067195,0.073320,0.156677,-0.039536,0.022407,-0.020733,-0.051227,-0.028077,-0.022955,-0.112150,-0.349066,-1.047198,-0.000000,-0.130900,0.610865,-0.654499,-0.021817,-0.719948,-1.003564,-1.374447,-1.047198,0.414516,-0.177821,-0.381316,0.582203,-0.000227,0.412898,-0.067965,0.247527,-0.027969,0.069340,-0.354974,-0.153304,0.091288,-0.114111,-0.426675,0.771434,0.056982,0.279040,-0.015145,0.340303,-0.144534,0.013728,-0.341866,-0.203182,-0.067405
1788379000.035107,-0.009681,-0.000434,0.000697,-0.000743,-0.073677,0.002581,0.067342,-0.039684,-0.996940,0.000000,0.000000,0.000000,-0.021751,-0.062038,0.078540,0.056399,0.146666,-0.039230,0.027788,-0.024084,-0.024474,-0.064500,-0.032383,-0.084775,-0.436332,-0.610865,1.069014,-0.938115,-0.654498,0.327249,0.501782,0.152716,3.228859,-1.592613,-0.327249,3.970624,-0.114111,-0.426675,0.771434,0.056982,0.279040,-0.015145,0.340303,-0.144534,0.013728,-0.341866,-0.203182,-0.067405,-0.211811,-0.263414,0.586234,-0.172440,0.158492,0.019510,0.279332,0.100732,0.131199,-0.222806,-0.118606,0.256723
1788379000.055029,-0.008710,0.001012,0.001267,0.170631,-0.157700,0.115632,0.071495,-0.032629,-0.996907,0.000000,0.000000,0.000000,-0.024045,-0.073942,0.109997,0.041757,0.120208,-0.024518,0.046356,-0.025470,-0.003555,-0.074715,-0.039757,-0.026898,0.000000,-0.654499,1.919863,-0.829032,-1.265364,0.763582,1.047198,0.283616,0.239983,-0.305433,-0.829032,0.414516,-0.211811,-0.263414,0.586234,-0.172440,0.158492,0.019510,0.279332,0.100732,0.131199,-0.222806,-0.118606,0.256723,-0.169503,-0.376393,0.748909,-0.036196,0.085132,0.135852,0.483808,-0.137051,0.074214,-0.209969,-0.147815,0.100956
1788379000.075216,-0.005984,0.003198,0.001895,-0.050545,-0.180203,-0.009137,0.074645,-0.036821,-0.996530,0.000000,0.000000,0.000000,-0.031708,-0.076410,0.133395,0.018522,0.087333,-0.013669,0.062768,-0.014199,0.013877,-0.062247,-0.036473,0.003969,-0.610865,0.174533,1.090831,-0.981748,-1.396263,0.741765,0.479966,0.610865,1.287180,0.632682,0.850848,3.556108,-0.169503,-0.376393,0.748909,-0.036196,0.085132,0.135852,0.483808,-0.137051,0.074214,-0.209969,-0.147815,0.100956,-0.205955,-0.197089,0.701706,-0.182453,0.012916,0.067978,0.407752,0.033051,0.165899,-0.125792,-0.062379,0.274451
1788379000.095109,-0.003611,0.004491,0.000886,0.186477,-0.115755,0.004978,0.078427,-0.028557,-0.996511,0.000000,0.000000,0.000000,-0.036161,-0.078202,0.155345,0.007120,0.060147,0.005052,0.076174,-0.011921,0.016931,-0.055762,-0.034864,0.029020,-0.239983,-0.218166,0.785398,-0.567232,-1.047198,0.785398,0.676315,-0.327249,-0.305433,0.283616,-0.436332,-0.589049,-0.205955,-0.197089,0.701706,-0.182453,0.012916,0.067978,0.407752,0.033051,0.165899,-0.125792,-0.062379,0.274451,-0.168065,-0.373227,0.805233,-0.003146,0.033056,0.120730,0.530451,-0.142386,0.014018,-0.077168,-0.047590,-0.047636
1788379000.115134,-0.001533,0.005709,-0.000658,0.125224,-0.161162,-0.028445,0.081465,-0.028085,-0.996280,0.000000,0.000000,0.000000,-0.041683,-0.072178,0.165381,-0.005896,0.037575,0.011973,0.091514,-0.008821,0.028464,-0.041020,-0.027419,0.043258,-0.109083,0.349066,0.523599,-0.501782,-0.807215,0.349066,0.610865,0.218166,0.872665,0.632682,1.025381,1.658063,-0.168065,-0.373227,0.805233,-0.003146,0.033056,0.120730,0.530451,-0.142386,0.014018,-0.077168,-0.047590,-0.047636,-0.193322,-0.196092,0.784403,-0.062673,0.083786,0.068601,0.432856,-0.026913,0.073867,-0.029534,-0.026260,-0.005763
1788379000.134983,0.000679,0.007446,-0.004037,0.242270,-0.043850,0.043993,0.082382,-0.022442,-0.996348,0.000000,0.000000,0.000000,-0.040500,-0.074324,0.175727,-0.006466,0.025366,0.018450,0.102714,-0.013563,0.016669,-0.027910,-0.019994,0.035186,0.021817,-0.523599,0.414516,0.021817,-0.239983,0.239983,0.370883,-0.261799,-1.287180,0.610865,0.152716,-2.770710,-0.193322,-0.196092,0.784403,-0.062673,0.083786,0.068601,0.432856,-0.026913,0.073867,-0.029534,-0.026260,-0.005763,-0.104656,-0.286330,0.636437,0.124654,0.319700,0.126694,0.345235,-0.158277,-0.146346,0.264973,0.170436,-0.428794
1788379000.155015,0.001116,0.007957,-0.004528,0.134012,-0.070215,0.000717,0.083560,-0.021024,-0.996281,0.000000,0.000000,0.000000,-0.041839,-0.071812,0.183838,-0.008405,0.024509,0.020054,0.110363,-0.014646,0.014690,-0.015969,-0.012669,0.009058,-0.130900,0.305433,0.436332,0.130900,0.043633,0.087266,0.239983,0.043633,0.392699,0.545415,0.545415,-0.370882,-0.104656,-0.286330,0.636437,0.124654,0.319700,0.126694,0.345235,-0.158277,-0.146346,0.264973,0.170436,-0.428794,-0.204542,-0.022253,0.463092,0.307407,0.471850,-0.047010,0.278105,-0.194407,-0.150168,0.263491,0.069227,-0.593989
1788379000.175010,0.000933,0.008404,-0.003349,0.302591,0.033648,0.051983,0.082850,-0.013792,-0.996467,0.000000,0.000000,0.000000,-0.038430,-0.072535,0.184386,0.001492,0.038696,0.022404,0.106237,-0.017580,-0.009955,0.028745,0.010438,-0.024711,0.109083,-0.152716,-0.174533,0.545415,0.698132,-0.000000,-0.392699,-0.109083,-2.072578,2.661627,2.312562,-4.101524,-0.204542,-0.022253,0.463092,0.307407,0.471850,-0.047010,0.278105,-0.194407,-0.150168,0.263491,0.069227,-0.593989,0.038881,-0.067210,0.276170,0.273395,0.481394,0.119104,0.174905,-0.113446,-0.121730,0.265565,0.068754,-0.466361
1788379000.195002,0.000196,0.008879,-0.002091,0.130950,-0.005766,-0.020189,0.083400,-0.011238,-0.996453,0.000000,0.000000,0.000000,-0.040833,-0.060776,0.173868,0.021318,0.066877,0.016574,0.095403,-0.023405,-0.026377,0.052904,0.020029,-0.094416,-0.043633,0.981748,-0.698132,1.047198,1.396264,-0.501782,-0.327249,-0.349066,-0.545415,0.676315,-0.589049,-3.381576,0.038881,-0.067210,0.276170,0.273395,0.481394,0.119104,0.174905,-0.113446,-0.121730,0.265565,0.068754,-0.466361,0.015192,-0.045893,0.163060,0.461269,0.634134,-0.120941,0.011607,-0.116970,-0.237156,0.211218,0.061962,-0.663421
1788379000.215001,-0.000986,0.009650,-0.001105,0.346666,0.082917,-0.030575,0.081099,-0.009066,-0.996665,0.000000,0.000000,0.000000,-0.031651,-0.050266,0.149989,0.037023,0.090837,0.015287,0.079029,-0.035939,-0.026937,0.057436,0.018128,-0.115389,0.763582,0.545415,-1.548980,0.741765,0.872665,0.021817,-0.872665,-0.349066,0.174533,0.152716,0.000000,0.545415,0.015192,-0.045893,0.163060,0.461269,0.634134,-0.120941,0.011607,-0.116970,-0.237156,0.211218,0.061962,-0.663421,-0.149839,-0.155385,0.097811,0.409207,0.637907,-0.156909,0.125624,-0.104822,-0.195736,-0.098320,-0.126026,-0.536406
1788379000.235251,-0.002694,0.009446,-0.000118,-0.139494,0.049761,-0.081175,0.080328,-0.011337,-0.996704,0.000000,0.000000,0.000000,-0.024268,-0.035144,0.115797,0.057743,0.114767,0.008401,0.056245,-0.034131,-0.042579,0.054802,0.017231,-0.131152,0.501782,0.741765,-1.658063,0.894481,0.959931,-0.610865,-1.090831,0.349066,-1.199914,-0.239983,-0.109083,-2.072579,-0.149839,-0.155385,0.097811,0.409207,0.637907,-0.156909,0.125624,-0.104822,-0.195736,-0.098320,-0.126026,-0.536406,-0.174880,-0.261176,0.312569,0.267981,0.698540,-0.111240,0.066103,-0.316114,-0.353182,-0.046636,-0.165301,-0.612266
1788379000.255142,-0.003820,0.008757,0.000007,0.114305,0.017803,-0.011001,0.079625,-0.013036,-0.996740,0.000000,0.000000,0.000000,-0.022155,-0.033868,0.085966,0.069191,0.132199,-0.010904,0.037431,-0.031393,-0.047801,0.015698,-0.002292,-0.139205,-0.261799,-0.261799,-1.439897,0.436332,0.850848,-1.003564,-0.458149,-0.065450,0.000000,-2.574361,-2.072579,0.829032,-0.174880,-0.261176,0.312569,0.267981,0.698540,-0.111240,0.066103,-0.316114,-0.353182,-0.046636,-0.165301,-0.612266,-0.243968,-0.414127,0.469316,0.122420,0.630089,-0.139906,0.211831,-0.135455,-0.037186,-0.416798,-0.218744,-0.070135
1788379000.275044,-0.004397,0.007068,0.000039,-0.099147,-0.069815,0.051450,0.081702,-0.012611,-0.996577,0.000000,0.000000,0.000000,-0.025738,-0.039608,0.073211,0.071231,0.151455,-0.023247,0.030190,-0.038483,-0.065988,-0.003601,-0.024308,-0.140285,-0.327249,-0.523599,-0.370883,-0.174533,0.501782,-0.305433,-0.283616,-0.763582,-1.439897,-0.392699,-1.069014,-0.545415,-0.243968,-0.414127,0.469316,0.122420,0.630089,-0.139906,0.211831,-0.135455,-0.037186,-0.416798,-0.218744,-0.070135,-0.091933,-0.512248,0.720210,0.045844,0.409451,-0.015001,0.348787,-0.288253,-0.163289,-0.239841,-0.157142,-0.256712
1788379000.295056,-0.004309,0.006225,0.000083,-0.498355,-0.021745,-0.014862,0.081421,-0.023799,-0.996396,0.000000,0.000000,0.000000,-0.035425,-0.051765,0.071520,0.061943,0.152562,-0.024019,0.030845,-0.046501,-0.045352,-0.051167,-0.039481,-0.121675,-0.436332,-0.894481,0.436332,-0.501782,-0.261799,0.109083,0.370883,-0.218166,2.836160,-3.468842,-0.959931,3.817908,-0.091933,-0.512248,0.720210,0.045844,0.409451,-0.015001,0.348787,-0.288253,-0.163289,-0.239841,-0.157142,-0.256712,-0.254047,-0.279931,0.615253,-0.191102,0.224821,0.099069,0.421143,0.025726,0.126365,-0.231867,-0.143256,0.179963
1788379000.315039,-0.002744,0.002854,0.001076,0.087141,-0.096314,0.138536,0.083410,-0.022006,-0.996272,0.000000,0.000000,0.000000,-0.036169,-0.070675,0.097078,0.047904,0.143871,-0.024900,0.045135,-0.055983,-0.035663,-0.059446,-0.043130,-0.067237,0.327249,-1.243547,1.679880,-0.785398,-0.479966,0.174533,0.741765,-0.130900,-0.458149,0.327249,0.305432,0.087266,-0.254047,-0.279931,0.615253,-0.191102,0.224821,0.099069,0.421143,0.025726,0.126365,-0.231867,-0.143256,0.179963,-0.142520,-0.333191,0.774639,-0.052869,0.162638,0.191825,0.511444,-0.226839,-0.030873,-0.008380,0.001991,-0.137561
1788379000.335015,-0.000952,0.000879,0.001797,-0.742168,-0.051040,-0.045888,0.084337,-0.039526,-0.995653,0.000000,0.000000,0.000000,-0.040527,-0.078706,0.118554,0.024647,0.111271,-0.007730,0.068167,-0.042293,-0.008592,-0.059146,-0.037971,-0.041104,-0.479966,0.109083,1.003564,-1.112648,-1.483530,1.090831,1.221731,1.069014,3.010693,0.021817,0.218166,4.014258,-0.142520,-0.333191,0.774639,-0.052869,0.162638,0.191825,0.511444,-0.226839,-0.030873,-0.008380,0.001991,-0.137561,-0.235461,-0.138016,0.547836,-0.196358,0.141357,0.087273,0.470157,0.053333,0.205026,0.037727,0.036189,0.251470
1788379000.355015,0.003435,-0.002648,0.000296,-0.024179,-0.108564,0.088868,0.087824,-0.036500,-0.995467,0.000000,0.000000,0.000000,-0.039292,-0.080064,0.143673,0.008399,0.082340,0.017335,0.089504,-0.039890,-0.002357,-0.025751,-0.022955,-0.002718,0.043633,-0.174533,1.134464,-0.872665,-1.134464,1.112648,0.654499,-0.436332,-0.741765,1.767146,1.527163,-1.308997,-0.235461,-0.138016,0.547836,-0.196358,0.141357,0.087273,0.470157,0.053333,0.205026,0.037727,0.036189,0.251470,-0.184635,-0.186149,0.664405,-0.040820,0.088479,0.270562,0.504265,-0.249203,-0.102452,0.269463,0.141017,-0.214315
1788379000.374993,0.007935,-0.005587,-0.003938,-0.415797,-0.044382,-0.049084,0.088872,-0.045562,-0.995000,0.000000,0.000000,0.000000,-0.045084,-0.070541,0.153177,-0.005831,0.059094,0.026260,0.105700,-0.025061,0.021101,-0.003203,-0.004045,0.003653,-0.261799,0.632682,0.458149,-0.392699,-0.829031,0.349066,0.698132,0.632682,2.116212,0.763582,0.981748,3.207043,-0.184635,-0.186149,0.664405,-0.040820,0.088479,0.270562,0.504265,-0.249203,-0.102452,0.269463,0.141017,-0.214315,-0.248588,0.022035,0.541033,-0.075955,0.231750,0.018550,0.375102,0.041929,0.096609,0.136411,0.097548,0.005402
1788379000.395220,0.009954,-0.006900,-0.006392,0.092201,0.005685,0.037202,0.088875,-0.043446,-0.995095,0.000000,0.000000,0.000000,-0.044102,-0.064725,0.162597,-0.007789,0.049399,0.036476,0.113551,-0.031183,0.007329,0.036498,0.014526,0.018038,0.196350,0.109083,0.109083,-0.218166,-0.261799,0.436332,0.109083,-0.501782,-2.443461,2.159845,1.265364,-2.661627,-0.248588,0.022035,0.541033,-0.075955,0.231750,0.018550,0.375102,0.041929,0.096609,0.136411,0.097548,0.005402,-0.107931,-0.095782,0.487071,0.093041,0.301052,0.183568,0.275163,-0.100584,-0.185147,0.299468,0.180973,-0.367694
1788379000.415035,0.011064,-0.008317,-0.007459,-0.350816,-0.023743,-0.048152,0.089546,-0.050216,-0.994716,0.000000,0.000000,0.000000,-0.043982,-0.050189,0.158460,-0.009602,0.046667,0.036539,0.113213,-0.022974,0.009347,0.037875,0.022625,-0.009699,0.000000,1.134464,-0.065450,0.218166,0.021817,0.065450,-0.109083,0.523599,1.199914,-0.218166,0.000000,1.047198,-0.107931,-0.095782,0.487071,0.093041,0.301052,0.183568,0.275163,-0.100584,-0.185147,0.299468,0.180973,-0.367694,-0.266619,0.010070,0.415664,0.169420,0.501574,-0.107514,0.220428,0.014176,-0.106777,0.073864,0.038528,-0.383753
1788379000.434984,0.010205,-0.008428,-0.005380,0.331353,0.091838,0.045059,0.087992,-0.043748,-0.995160,0.000000,0.000000,0.000000,-0.039807,-0.041547,0.153892,0.001966,0.058382,0.031914,0.101244,-0.021864,-0.011984,0.056801,0.030627,-0.026119,0.130900,0.087267,-0.501782,0.458149,0.589049,-0.414516,-0.829032,0.327249,-2.465278,0.981748,1.156281,-3.403392,-0.266619,0.010070,0.415664,0.169420,0.501574,-0.107514,0.220428,0.014176,-0.106777,0.073864,0.038528,-0.383753,-0.067821,-0.138168,0.309459,0.224874,0.578857,0.064878,0.091801,-0.098103,-0.208165,0.252297,0.074907,-0.516024
1788379000.455134,0.008961,-0.008584,-0.002204,-0.327380,0.016072,-0.032573,0.088280,-0.047374,-0.994968,0.000000,0.000000,0.000000,-0.044468,-0.027876,0.141693,0.013376,0.078942,0.020411,0.083349,-0.011343,-0.023650,0.037790,0.024379,-0.070275,-0.196350,1.025381,-0.632682,0.523599,0.850848,-0.654498,-0.545415,0.087267,0.109083,-1.156281,-1.199914,-1.439897,-0.067821,-0.138168,0.309459,0.224874,0.578857,0.064878,0.091801,-0.098103,-0.208165,0.252297,0.074907,-0.516024,-0.246713,-0.095993,0.309695,0.369789,0.795205,-0.204391,0.071743,-0.123359,-0.330328,-0.102154,-0.135269,-0.636284
1788379000.475028,0.006089,-0.007089,0.000930,0.308316,0.126060,0.032409,0.085588,-0.042854,-0.995409,0.000000,0.000000,0.000000,-0.042529,-0.026843,0.125331,0.025812,0.104593,0.009879,0.064189,-0.013730,-0.036258,0.049920,0.019085,-0.097898,0.349066,-0.283616,-0.981748,0.545415,0.981748,-0.458149,-0.850848,-0.109083,-1.025381,0.785398,0.436332,-1.854412,-0.246713,-0.095993,0.309695,0.369789,0.795205,-0.204391,0.071743,-0.123359,-0.330328,-0.102154,-0.135269,-0.636284,-0.132521,-0.205723,0.275800,0.306931,0.641576,-0.012911,0.145512,-0.322315,-0.283585,0.068685,-0.024865,-0.616276
1788379000.494980,0.002860,-0.005674,0.003506,-0.096085,0.123930,-0.005541,0.083656,-0.041958,-0.995611,0.000000,0.000000,0.000000,-0.047146,-0.023756,0.108554,0.043835,0.137653,-0.004026,0.045868,-0.016547,-0.060469,0.015810,-0.000795,-0.126729,-0.239983,0.239983,-0.719948,0.916298,1.418080,-0.479966,-0.567232,-0.130900,-1.483530,-2.574361,-2.181662,-1.810779,-0.132521,-0.205723,0.275800,0.306931,0.641576,-0.012911,0.145512,-0.322315,-0.283585,0.068685,-0.024865,-0.616276,-0.216884,-0.327756,0.430887,0.324281,0.857426,-0.255234,0.192960,-0.185042,-0.150775,-0.184272,-0.172677,-0.333857
1788379000.515024,0.000605,-0.004680,0.003573,0.297930,0.096233,0.067696,0.081589,-0.040762,-0.995832,0.000000,0.000000,0.000000,-0.045180,-0.029796,0.096307,0.054667,0.156148,-0.012137,0.034357,-0.034464,-0.064082,0.012677,-0.010866,-0.142761,0.218166,-0.523599,-0.545415,0.458149,0.807215,-0.392699,-0.501782,-1.134464,0.283616,0.414515,0.719948,-0.349066,-0.216884,-0.327756,0.430887,0.324281,0.857426,-0.255234,0.192960,-0.185042,-0.150775,-0.184272,-0.172677,-0.333857,-0.069139,-0.355938,0.479776,0.195140,0.514550,-0.003128,0.321860,-0.361510,-0.133116,-0.025536,-0.084611,-0.412627
1788379000.535000,-0.001502,-0.003789,0.001692,-0.228976,0.143637,0.021756,0.078894,-0.044857,-0.995873,0.000000,0.000000,0.000000,-0.046039,-0.039570,0.094109,0.063102,0.170953,-0.024651,0.037330,-0.049569,-0.051273,-0.016936,-0.021944,-0.125870,-0.065450,-0.676315,0.087266,0.239983,0.589049,-0.043633,0.392699,-0.523599,1.134464,-1.679880,-1.636246,2.901610,-0.069139,-0.355938,0.479776,0.195140,0.514550,-0.003128,0.321860,-0.361510,-0.133116,-0.025536,-0.084611,-0.412627,-0.169809,-0.299811,0.588925,0.013088,0.368598,0.053097,0.469355,-0.078171,0.122641,-0.282247,-0.183112,0.058741
1788379000.555000,-0.003460,-0.002226,-0.000658,0.436015,0.037510,0.104980,0.078931,-0.039659,-0.996091,0.000000,0.000000,0.000000,-0.041754,-0.054242,0.098134,0.059987,0.171537,-0.023048,0.049272,-0.061091,-0.038322,-0.012429,-0.026939,-0.104797,0.283616,-0.981748,0.458149,-0.283616,-0.196349,0.065450,0.414516,-0.545416,0.676315,0.545415,0.523599,0.065450,-0.169809,-0.299811,0.588925,0.013088,0.368598,0.053097,0.469355,-0.078171,0.122641,-0.282247,-0.183112,0.058741,-0.050037,-0.387802,0.695412,0.055212,0.169078,0.136707,0.493328,-0.269270,-0.029311,-0.101256,-0.014650,-0.144950
1788379000.575026,-0.004125,-0.001437,-0.000505,-0.308339,0.057351,-0.096888,0.076890,-0.045305,-0.996010,0.000000,0.000000,0.000000,-0.040107,-0.063972,0.112317,0.046546,0.146453,-0.008294,0.069727,-0.055197,-0.005423,-0.042320,-0.033831,-0.076373,-0.021817,-0.196350,0.654499,-0.698132,-1.548980,1.090831,1.156281,0.567232,2.705260,-1.745329,-1.047198,4.057891,-0.050037,-0.387802,0.695412,0.055212,0.169078,0.136707,0.493328,-0.269270,-0.029311,-0.101256,-0.014650,-0.144950,-0.167021,-0.251269,0.543496,-0.153954,0.058203,0.113791,0.542775,0.037743,0.246976,-0.048599,0.020457,0.230206
1788379000.595205,-0.003850,-0.001105,0.000367,0.252124,-0.045314,0.092862,0.079130,-0.038299,-0.996128,0.000000,0.000000,0.000000,-0.032507,-0.071556,0.126471,0.032313,0.111094,0.005652,0.093112,-0.053520,-0.000495,-0.033045,-0.022527,-0.030910,0.239983,-0.654499,0.916298,-0.698132,-1.439897,0.567232,0.719949,-0.283616,-0.719948,0.698132,1.461713,-0.261799,-0.167021,-0.251269,0.543496,-0.153954,0.058203,0.113791,0.542775,0.037743,0.246976,-0.048599,0.020457,0.230206,-0.127800,-0.300579,0.676681,-0.014247,0.051323,0.238009,0.555875,-0.175018,0.003679,0.101038,0.028508,-0.121428
1788379000.615229,-0.002545,-0.000862,0.001229,-0.245088,-0.056233,-0.100749,0.079617,-0.044831,-0.995817,0.000000,0.000000,0.000000,-0.035419,-0.072748,0.135462,0.013761,0.069959,0.015251,0.110219,-0.038219,0.024924,-0.019964,-0.006279,-0.010386,-0.261799,0.261799,0.458149,-0.654499,-1.767146,0.676315,0.741765,1.069014,2.617994,0.567232,0.763582,3.599742,-0.127800,-0.300579,0.676681,-0.014247,0.051323,0.238009,0.555875,-0.175018,0.003679,0.101038,0.028508,-0.121428,-0.203592,-0.146546,0.554578,-0.137919,0.081023,0.054098,0.448602,0.047651,0.178360,0.039321,0.052932,0.220830
1788379000.635105,-0.001383,-0.000496,0.001171,0.263176,0.042037,0.032675,0.080369,-0.035868,-0.996120,0.000000,0.000000,0.000000,-0.034383,-0.073457,0.145209,0.005910,0.044990,0.031030,0.122213,-0.035396,0.021232,0.006192,0.001659,0.013899,0.000000,-0.283616,0.370883,-0.349066,-0.741765,0.698132,0.370883,-0.283616,-1.701696,1.221730,0.283616,-1.985312,-0.203592,-0.146546,0.554578,-0.137919,0.081023,0.054098,0.448602,0.047651,0.178360,0.039321,0.052932,0.220830,-0.127995,-0.277095,0.632090,0.052258,0.198853,0.151869,0.415220,-0.152760,-0.139120,0.240925,0.170695,-0.289665
1788379000.655021,-0.000662,0.000025,0.000562,-0.010198,-0.022145,-0.088499,0.080319,-0.037193,-0.996075,0.000000,0.000000,0.000000,-0.038193,-0.066421,0.144862,-0.003976,0.031545,0.031728,0.124921,-0.023408,0.029157,0.011281,0.007561,0.007681,-0.218166,0.632682,-0.000000,-0.283616,-0.632682,-0.021817,-0.065450,0.654498,1.308997,-0.000000,0.479966,2.617994,-0.127995,-0.277095,0.632090,0.052258,0.198853,0.151869,0.415220,-0.152760,-0.139120,0.240925,0.170695,-0.289665,-0.218705,-0.085115,0.535175,-0.009376,0.314330,-0.087108,0.329270,0.070487,0.039483,0.038350,0.053277,-0.044968
1788379000.675014,-0.000812,0.001804,-0.000928,0.402592,0.090241,0.061837,0.078485,-0.028593,-0.996505,0.000000,0.000000,0.000000,-0.037536,-0.064536,0.148795,-0.000207,0.037632,0.030711,0.116415,-0.024062,0.006440,0.037978,0.022598,0.014741,0.109083,-0.305433,0.087266,0.087267,0.479966,-0.087266,-0.567232,-0.174533,-2.967060,1.548980,1.243547,-2.945244,-0.218705,-0.085115,0.535175,-0.009376,0.314330,-0.087108,0.329270,0.070487,0.039483,0.038350,0.053277,-0.044968,-0.040239,-0.190463,0.430944,0.135209,0.392441,0.144138,0.241124,-0.096008,-0.180185,0.295916,0.154307,-0.407296
1788379000.695171,-0.001249,0.002833,-0.001148,0.025755,0.013542,-0.079844,0.078213,-0.028889,-0.996518,0.000000,0.000000,0.000000,-0.041168,-0.057435,0.145520,0.000052,0.051622,0.020130,0.107645,-0.012222,0.001763,0.025358,0.022129,-0.024433,-0.065450,0.829032,-0.152716,0.283616,0.523599,-0.479966,-0.130900,0.676315,0.938114,-0.850848,-0.698132,0.916298,-0.040239,-0.190463,0.430944,0.135209,0.392441,0.144138,0.241124,-0.096008,-0.180185,0.295916,0.154307,-0.407296,-0.245735,-0.095463,0.384839,0.228231,0.612765,-0.157006,0.184023,0.013667,-0.139865,-0.058843,-0.029829,-0.399974
1788379000.715011,-0.002591,0.004855,-0.000590,0.525098,0.104355,0.061171,0.075911,-0.017584,-0.996960,0.000000,0.000000,0.000000,-0.034582,-0.054768,0.140297,0.009384,0.071366,0.018428,0.091492,-0.012587,-0.017967,0.048551,0.027321,-0.038254,0.523599,-0.065450,-0.458149,0.174533,0.741765,0.043633,-0.894481,-0.000000,-1.919863,1.658063,1.003564,-3.337943,-0.245735,-0.095463,0.384839,0.228231,0.612765,-0.157006,0.184023,0.013667,-0.139865,-0.058843,-0.029829,-0.399974,-0.037684,-0.185097,0.332161,0.228564,0.484846,0.151490,0.186946,-0.239137,-0.211893,0.232954,0.110027,-0.491155
1788379000.734982,-0.003125,0.005361,-0.000001,-0.130573,0.075726,-0.088765,0.074635,-0.019910,-0.997012,0.000000,0.000000,0.000000,-0.038168,-0.046718,0.128154,0.018503,0.097505,0.006533,0.075370,-0.007335,-0.028957,0.022682,0.013607,-0.078691,-0.327249,0.610865,-0.676315,0.589049,1.243547,-0.305433,-0.458149,0.043633,-0.174533,-2.268928,-1.483530,-1.243547,-0.037684,-0.185097,0.332161,0.228564,0.484846,0.151490,0.186946,-0.239137,-0.211893,0.232954,0.110027,-0.491155,-0.271053,-0.226732,0.378476,0.325587,0.746097,-0.209539,0.210957,-0.122671,-0.241086,-0.193617,-0.171080,-0.456778
1788379000.754984,-0.005903,0.007260,0.002609,0.526562,0.028722,0.124021,0.074301,-0.009901,-0.997187,0.000000,0.000000,0.000000,-0.033156,-0.044457,0.115672,0.028165,0.118435,0.010566,0.060883,-0.017043,-0.038311,0.034060,0.015453,-0.098621,0.458149,-0.239983,-0.632682,0.436332,0.698132,0.130900,-0.785398,-0.632682,-0.698132,1.854413,1.069014,-1.221731,-0.271053,-0.226732,0.378476,0.325587,0.746097,-0.209539,0.210957,-0.122671,-0.241086,-0.193617,-0.171080,-0.456778,-0.080154,-0.223602,0.376116,0.207449,0.410828,0.094810,0.290064,-0.396518,-0.202986,0.131501,0.041426,-0.497010
1788379000.775039,-0.006941,0.007736,0.003200,-0.237765,0.103423,-0.058405,0.072360,-0.014330,-0.997276,0.000000,0.000000,0.000000,-0.039990,-0.043093,0.106580,0.043202,0.136170,-0.007397,0.056689,-0.027308,-0.051123,0.002944,-0.002791,-0.108994,-0.392699,0.021817,-0.327249,0.632682,0.850848,-0.109083,0.305433,-0.392699,-0.698132,-3.228859,-2.639811,-0.130900,-0.080154,-0.223602,0.376116,0.207449,0.410828,0.094810,0.290064,-0.396518,-0.202986,0.131501,0.041426,-0.497010,-0.233251,-0.326929,0.555166,0.231411,0.590350,-0.166936,0.412942,-0.172858,0.017401,-0.308360,-0.191903,-0.154740
1788379000.795014,-0.007484,0.008080,0.003472,0.389143,-0.067685,0.199655,0.074356,-0.007272,-0.997205,0.000000,0.000000,0.000000,-0.037808,-0.046611,0.101218,0.047797,0.139927,-0.002535,0.059610,-0.046092,-0.047673,0.008567,-0.006549,-0.112856,0.218166,-0.458149,-0.087267,0.283616,-0.152716,0.196349,-0.109083,-1.199914,0.436332,1.876229,1.483530,-0.261799,-0.233251,-0.326929,0.555166,0.231411,0.590350,-0.166936,0.412942,-0.172858,0.017401,-0.308360,-0.191903,-0.154740,-0.032434,-0.294635,0.547923,0.114494,0.202435,0.146354,0.441858,-0.403095,-0.097030,0.057217,0.026800,-0.321730
1788379000.815180,-0.007451,0.007757,0.003051,-0.413667,0.035912,-0.089165,0.072219,-0.014901,-0.997277,0.000000,0.000000,0.000000,-0.042221,-0.054086,0.107090,0.051970,0.135098,-0.012835,0.069002,-0.054608,-0.024059,-0.025802,-0.018183,-0.090726,-0.152716,-0.370883,0.283616,-0.000000,-0.218166,0.436332,0.916298,0.174533,1.985312,-3.337943,-2.116212,3.272492,-0.032434,-0.294635,0.547923,0.114494,0.202435,0.146354,0.441858,-0.403095,-0.097030,0.057217,0.026800,-0.321730,-0.191635,-0.254861,0.583967,-0.095084,0.193901,0.134245,0.574534,-0.050544,0.228137,-0.155154,-0.046245,0.109407
1788379000.835654,-0.005755,0.006707,0.002709,0.260912,-0.116288,0.189136,0.076639,-0.009817,-0.997011,0.000000,0.000000,0.000000,-0.036739,-0.060964,0.114267,0.046821,0.121582,-0.001138,0.086477,-0.066531,-0.017220,-0.014259,-0.013645,-0.072790,0.261799,-0.479966,0.327249,-0.239983,-0.610865,0.632682,0.261799,-0.676315,-0.261799,2.225295,1.701696,-0.785398,-0.191635,-0.254861,0.583967,-0.095084,0.193901,0.134245,0.574534,-0.050544,0.228137,-0.155154,-0.046245,0.109407,-0.076361,-0.239971,0.590788,0.027570,0.080614,0.252753,0.512320,-0.265546,-0.088468,0.172062,0.123448,-0.259752
1788379000.855290,-0.002715,0.004074,0.001929,-0.652818,-0.058763,-0.194226,0.077374,-0.024081,-0.996711,0.000000,0.000000,0.000000,-0.037522,-0.065540,0.122901,0.029976,0.089245,0.013209,0.102837,-0.058416,0.011114,-0.023498,-0.008098,-0.052334,-0.218166,0.000000,0.327249,-0.872665,-1.548980,0.741765,1.025381,1.047198,3.097960,-1.025381,-0.436332,3.708825,-0.076361,-0.239971,0.590788,0.027570,0.080614,0.252753,0.512320,-0.265546,-0.088468,0.172062,0.123448,-0.259752,-0.209494,-0.164531,0.473468,-0.145642,0.154668,0.093502,0.514886,0.033740,0.210695,0.041275,0.073608,0.177071
1788379000.875178,-0.001391,0.003164,0.001743,-0.039492,-0.056366,0.105246,0.080117,-0.022271,-0.996537,0.000000,0.000000,0.000000,-0.032139,-0.064577,0.128724,0.018233,0.067434,0.031180,0.118313,-0.055467,0.012088,0.007809,0.007757,-0.017585,0.152716,0.000000,0.196350,-0.632682,-0.632682,0.610865,0.327249,-0.261799,-2.334378,2.443461,1.723513,-1.505346,-0.209494,-0.164531,0.473468,-0.145642,0.154668,0.093502,0.514886,0.033740,0.210695,0.041275,0.073608,0.177071,-0.124580,-0.145571,0.549810,0.004522,0.137873,0.273927,0.395135,-0.201968,-0.180863,0.260451,0.156372,-0.320458
1788379000.895107,0.003170,-0.000112,0.000133,-0.593830,-0.077006,-0.098219,0.081460,-0.034450,-0.996081,0.000000,0.000000,0.000000,-0.036292,-0.061016,0.129244,0.002915,0.051109,0.036163,0.122946,-0.038554,0.018117,0.012377,0.017913,-0.026110,-0.261799,0.523599,-0.000000,-0.414516,-0.741765,0.239983,0.239983,0.959931,2.356194,-0.218166,0.000000,2.727077,-0.124580,-0.145571,0.549810,0.004522,0.137873,0.273927,0.395135,-0.201968,-0.180863,0.260451,0.156372,-0.320458,-0.258686,-0.047458,0.456925,-0.066534,0.308269,-0.012384,0.344410,0.083770,0.052243,0.035648,0.073607,0.001306
1788379000.915078,0.005550,-0.001674,-0.001196,0.180884,-0.073810,0.057975,0.083076,-0.030556,-0.996075,0.000000,0.000000,0.000000,-0.034920,-0.056344,0.133616,0.000780,0.049326,0.042015,0.119199,-0.039203,0.006598,0.040820,0.026222,-0.000001,0.218166,0.130900,0.065450,-0.196350,0.021817,0.327249,-0.545415,-0.414516,-3.316126,1.592613,0.894481,-2.050762,-0.258686,-0.047458,0.456925,-0.066534,0.308269,-0.012384,0.344410,0.083770,0.052243,0.035648,0.073607,0.001306,-0.123105,-0.153677,0.509071,0.071811,0.364203,0.161936,0.267222,-0.114168,-0.217521,0.281808,0.143142,-0.398788
1788379000.935067,0.007953,-0.003815,-0.002412,-0.442029,-0.072612,-0.068792,0.084397,-0.038982,-0.995669,0.000000,0.000000,0.000000,-0.039586,-0.045899,0.128789,-0.004172,0.056190,0.036981,0.107486,-0.021682,-0.002619,0.027152,0.023978,-0.032969,-0.196350,0.850848,-0.130900,-0.043633,0.174533,-0.087267,-0.392699,0.829031,1.418080,-0.938114,-0.523599,1.461713,-0.123105,-0.153677,0.509071,0.071811,0.364203,0.161936,0.267222,-0.114168,-0.217521,0.281808,0.143142,-0.398788,-0.302915,-0.083134,0.461996,0.047618,0.551451,-0.128384,0.268891,0.067690,-0.098657,-0.076964,-0.030117,-0.195425
1788379000.955045,0.008014,-0.003864,-0.002481,0.232549,-0.040787,0.085938,0.086456,-0.033622,-0.995688,0.000000,0.000000,0.000000,-0.038076,-0.041231,0.129926,0.001186,0.074592,0.030801,0.093791,-0.020035,-0.020760,0.047477,0.027605,-0.034049,0.152716,-0.239983,-0.087266,0.043633,0.850848,-0.327249,-0.654499,0.021817,-2.312561,1.461714,0.807215,-3.163409,-0.302915,-0.083134,0.461996,0.047618,0.551451,-0.128384,0.268891,0.067690,-0.098657,-0.076964,-0.030117,-0.195425,-0.068943,-0.204582,0.400251,0.150230,0.483191,0.148017,0.191774,-0.165153,-0.213865,0.244259,0.123261,-0.440630
1788379000.975252,0.008186,-0.004180,-0.002134,-0.428847,-0.043716,-0.031507,0.087675,-0.041081,-0.995302,0.000000,0.000000,0.000000,-0.046049,-0.035466,0.125208,0.004052,0.094775,0.016645,0.082397,-0.006928,-0.026901,0.018142,0.012450,-0.057158,-0.327249,0.523599,-0.065450,0.327249,0.829032,-0.589049,-0.218166,0.283616,0.458149,-2.356194,-1.418080,1.047198,-0.068943,-0.204582,0.400251,0.150230,0.483191,0.148017,0.191774,-0.165153,-0.213865,0.244259,0.123261,-0.440630,-0.283804,-0.167199,0.474181,0.125026,0.641741,-0.110533,0.280207,-0.020251,-0.084432,-0.255321,-0.146646,-0.193979
1788379000.995101,0.007590,-0.003644,-0.000838,0.321100,-0.067419,0.075019,0.089002,-0.035761,-0.995389,0.000000,0.000000,0.000000,-0.043126,-0.036644,0.121183,0.012002,0.114642,0.016669,0.071410,-0.012467,-0.036209,0.032677,0.016860,-0.071034,0.479966,-0.349066,-0.414516,0.218166,0.763582,0.065450,-0.501782,-0.741765,-1.003564,2.138028,1.308997,-2.421644,-0.283804,-0.167199,0.474181,0.125026,0.641741,-0.110533,0.280207,-0.020251,-0.084432,-0.255321,-0.146646,-0.193979,-0.029445,-0.263597,0.424115,0.137174,0.363523,0.195311,0.312733,-0.277373,-0.178504,0.169325,0.097072,-0.420022
1788379001.015030,0.007035,-0.003459,-0.000039,-0.397288,0.033382,-0.059470,0.088712,-0.043009,-0.995128,0.000000,0.000000,0.000000,-0.048395,-0.036636,0.118562,0.017590,0.126977,0.003784,0.066490,-0.014444,-0.031101,0.000770,-0.000449,-0.074611,-0.305433,0.305433,-0.087266,0.283616,0.501782,-0.087267,0.174533,-0.021817,0.829032,-4.014257,-2.552544,2.028945,-0.029445,-0.263597,0.424115,0.137174,0.363523,0.195311,0.312733,-0.277373,-0.178504,0.169325,0.097072,-0.420022,-0.198735,-0.295528,0.563790,0.000552,0.368627,0.064664,0.528943,-0.055331,0.169839,-0.210471,-0.094583,0.056394
1788379001.035114,0.006662,-0.002976,0.000016,0.324428,-0.089257,0.106977,0.091546,-0.037929,-0.995078,0.000000,0.000000,0.000000,-0.040402,-0.041934,0.114725,0.022351,0.130503,0.014395,0.070423,-0.027739,-0.032824,0.002657,0.000416,-0.075877,0.589049,-0.741765,-0.218166,0.196350,-0.087267,0.458149,-0.065450,-0.959931,-0.567232,2.857977,1.898046,-1.941679,-0.198735,-0.295528,0.563790,0.000552,0.368627,0.064664,0.528943,-0.055331,0.169839,-0.210471,-0.094583,0.056394,-0.009590,-0.294518,0.495402,0.079730,0.168275,0.270766,0.462563,-0.253992,-0.133265,0.170457,0.130110,-0.327425
1788379001.055247,0.006532,-0.002925,-0.000451,-0.436170,0.066805,-0.082507,0.089372,-0.047500,-0.994865,0.000000,0.000000,0.000000,-0.042221,-0.048340,0.117883,0.019302,0.112858,0.015906,0.082621,-0.030125,-0.005232,-0.012871,-0.004343,-0.068833,-0.196350,-0.349066,0.414516,-0.196350,-0.916298,0.327249,0.981748,0.327249,3.316126,-2.857977,-1.658063,3.381576,-0.009590,-0.294518,0.495402,0.079730,0.168275,0.270766,0.462563,-0.253992,-0.133265,0.170457,0.130110,-0.327425,-0.149016,-0.266110,0.416818,-0.060131,0.179326,0.188933,0.528518,0.000497,0.244645,-0.074433,0.006038,0.115703
1788379001.075065,0.006374,-0.002775,-0.001621,0.284481,-0.046513,0.133476,0.090424,-0.041330,-0.995045,0.000000,0.000000,0.000000,-0.032310,-0.055087,0.119045,0.017448,0.097421,0.032751,0.103270,-0.038369,-0.003206,0.007239,0.007915,-0.032980,0.545415,-0.589049,0.087266,-0.174533,-0.567232,0.545415,0.545416,-0.654499,-2.050762,2.596178,1.985312,-1.614430,-0.149016,-0.266110,0.416818,-0.060131,0.179326,0.188933,0.528518,0.000497,0.244645,-0.074433,0.006038,0.115703,-0.035862,-0.232958,0.472174,0.048681,0.143220,0.336727,0.413693,-0.182220,-0.156438,0.209061,0.141093,-0.328831
1788379001.095182,0.006512,-0.002895,-0.001844,-0.441630,-0.013623,-0.127514,0.089736,-0.052061,-0.994604,0.000000,0.000000,0.000000,-0.032485,-0.060800,0.119490,0.008244,0.070401,0.045424,0.113341,-0.030627,0.010004,-0.001373,0.010184,-0.042724,-0.196350,-0.065450,-0.065450,-0.218166,-1.112648,0.589049,0.610865,0.698132,3.228859,-1.221731,-0.938115,2.727077,-0.035862,-0.232958,0.472174,0.048681,0.143220,0.336727,0.413693,-0.182220,-0.156438,0.209061,0.141093,-0.328831,-0.171982,-0.245889,0.390817,-0.026777,0.208509,0.114116,0.443411,0.051092,0.153728,-0.042685,0.030117,0.072785
1788379001.115181,0.006741,-0.002982,-0.002238,0.388744,-0.000840,0.086870,0.089710,-0.043577,-0.995014,0.000000,0.000000,0.000000,-0.026886,-0.060828,0.120343,0.008233,0.061197,0.056384,0.115657,-0.030746,0.010665,0.024379,0.020026,-0.016206,0.218166,0.000000,-0.000000,-0.109083,-0.152716,0.567232,-0.239983,-0.109083,-3.010693,1.963496,1.243547,-2.116212,-0.171982,-0.245889,0.390817,-0.026777,0.208509,0.114116,0.443411,0.051092,0.153728,-0.042685,0.030117,0.072785,-0.051209,-0.232486,0.488979,0.069598,0.272378,0.276063,0.331951,-0.156740,-0.224281,0.245977,0.126685,-0.412143
1788379001.135082,0.006437,-0.002745,-0.001895,-0.201679,-0.022544,-0.124318,0.089591,-0.048465,-0.994799,0.000000,0.000000,0.000000,-0.030061,-0.059958,0.115099,0.005236,0.056100,0.056997,0.110955,-0.017858,0.006847,0.011586,0.016541,-0.038494,-0.261799,0.349066,-0.174533,-0.000000,-0.327249,0.087266,-0.043633,0.610865,2.290745,-1.308997,-0.894481,2.094395,-0.051209,-0.232486,0.488979,0.069598,0.272378,0.276063,0.331951,-0.156740,-0.224281,0.245977,0.126685,-0.412143,-0.220624,-0.233486,0.414642,0.032872,0.385770,-0.004570,0.355012,0.064819,0.015527,-0.144828,-0.048138,-0.043155
1788379001.155033,0.005537,-0.001315,-0.001323,0.492740,0.014340,0.116165,0.089289,-0.037472,-0.995301,0.000000,0.000000,0.000000,-0.026537,-0.058818,0.117387,0.008372,0.063850,0.052893,0.105190,-0.019816,-0.006434,0.031406,0.020962,-0.021485,0.196350,0.000000,0.087266,0.021817,0.523599,-0.152716,-0.370883,-0.392699,-3.228859,2.116212,1.003564,-2.465278,-0.220624,-0.233486,0.414642,0.032872,0.385770,-0.004570,0.355012,0.064819,0.015527,-0.144828,-0.048138,-0.043155,-0.023188,-0.220126,0.437769,0.110953,0.344539,0.266665,0.253068,-0.181119,-0.239378,0.228570,0.125008,-0.435310
1788379001.175119,0.004589,0.000085,-0.000341,-0.120319,0.007816,-0.112068,0.089097,-0.041042,-0.995177,0.000000,0.000000,0.000000,-0.032793,-0.058981,0.113430,0.008192,0.073840,0.045404,0.097448,-0.009034,-0.012254,0.009083,0.007893,-0.054633,-0.327249,0.283616,-0.109083,0.109083,0.305433,-0.152716,-0.065450,0.436332,1.483530,-2.814343,-1.592613,1.679879,-0.023188,-0.220126,0.437769,0.110953,0.344539,0.266665,0.253068,-0.181119,-0.239378,0.228570,0.125008,-0.435310,-0.232594,-0.291502,0.460365,0.053042,0.447952,0.005111,0.361547,0.007002,0.024726,-0.275567,-0.122697,-0.024978
1788379001.195087,0.002411,0.002838,0.000396,0.564246,-0.028670,0.117896,0.089656,-0.028267,-0.995572,0.000000,0.000000,0.000000,-0.028214,-0.059099,0.114957,0.011557,0.085890,0.042503,0.087241,-0.017201,-0.026399,0.019966,0.014613,-0.046501,0.392699,-0.043633,0.021817,0.109083,0.370883,0.174533,-0.589049,-0.654499,-2.138028,2.639811,1.461713,-2.727077,-0.232594,-0.291502,0.460365,0.053042,0.447952,0.005111,0.361547,0.007002,0.024726,-0.275567,-0.122697,-0.024978,0.008609,-0.273741,0.426644,0.100492,0.261194,0.324813,0.329609,-0.269949,-0.233735,0.171664,0.113242,-0.416062
1788379001.215042,0.000504,0.005089,0.000461,-0.135499,0.084648,-0.124052,0.087253,-0.032344,-0.995661,0.000000,0.000000,0.000000,-0.034372,-0.060498,0.111516,0.012002,0.089654,0.032249,0.082446,-0.013809,-0.019364,-0.004275,0.000192,-0.063932,-0.327249,-0.021817,-0.043633,-0.000000,0.196350,0.021817,0.261799,0.196350,2.028945,-3.926991,-2.225295,2.443461,0.008609,-0.273741,0.426644,0.100492,0.261194,0.324813,0.329609,-0.269949,-0.233735,0.171664,0.113242,-0.416062,-0.187674,-0.351095,0.479843,-0.026991,0.289961,0.131230,0.464661,-0.026374,0.153696,-0.234547,-0.085031,0.082144
1788379001.235266,-0.000794,0.006651,0.000608,0.469970,-0.038390,0.153050,0.087830,-0.022505,-0.995881,0.000000,0.000000,0.000000,-0.027121,-0.061700,0.110845,0.014462,0.093676,0.044256,0.083744,-0.025969,-0.026489,-0.001441,0.004962,-0.047365,0.458149,-0.305433,-0.130900,0.021817,-0.043633,0.610865,-0.392699,-0.785398,-1.919863,3.097960,1.941679,-2.465278,-0.187674,-0.351095,0.479843,-0.026991,0.289961,0.131230,0.464661,-0.026374,0.153696,-0.234547,-0.085031,0.082144,0.020086,-0.280278,0.417086,0.065055,0.140015,0.368233,0.401554,-0.258597,-0.222446,0.161017,0.131553,-0.381070
1788379001.255111,-0.001759,0.007189,0.000213,-0.246287,0.117272,-0.125117,0.084786,-0.030230,-0.995940,0.000000,0.000000,0.000000,-0.031187,-0.068275,0.111807,0.009553,0.080106,0.043272,0.089616,-0.025639,-0.010705,-0.016489,-0.002109,-0.058306,-0.327249,-0.305433,0.021817,-0.174533,-0.567232,0.065450,0.719948,0.261799,3.337943,-2.879793,-1.527163,2.923426,0.020086,-0.280278,0.417086,0.065055,0.140015,0.368233,0.401554,-0.258597,-0.222446,0.161017,0.131553,-0.381070,-0.161742,-0.319578,0.367018,-0.016381,0.223973,0.162176,0.421021,0.017527,0.168094,-0.177307,-0.049235,0.071818
1788379001.275086,-0.002698,0.007886,0.000674,0.326959,0.028056,0.142131,0.084089,-0.023262,-0.996187,0.000000,0.000000,0.000000,-0.024290,-0.069513,0.111319,0.009076,0.073916,0.058631,0.099414,-0.033855,-0.008240,0.002292,0.009854,-0.025415,0.392699,-0.239983,-0.021817,-0.000000,-0.152716,0.501782,0.021817,-0.698132,-2.770710,2.727077,1.854413,-1.723513,-0.161742,-0.319578,0.367018,-0.016381,0.223973,0.162176,0.421021,0.017527,0.168094,-0.177307,-0.049235,0.071818,-0.004110,-0.242666,0.434369,0.060907,0.142986,0.356110,0.344084,-0.237604,-0.219728,0.169986,0.119985,-0.397167
1788379001.295212,-0.002862,0.007506,0.000930,-0.214862,0.070533,-0.140830,0.082046,-0.029858,-0.996181,0.000000,0.000000,0.000000,-0.028765,-0.073470,0.109942,0.005596,0.061164,0.062421,0.101176,-0.025380,-0.006895,-0.011714,0.005398,-0.050605,-0.218166,-0.087266,-0.109083,-0.021817,-0.632682,0.436332,0.458149,0.479966,3.010693,-2.181661,-1.374447,2.028945,-0.004110,-0.242666,0.434369,0.060907,0.142986,0.356110,0.344084,-0.237604,-0.219728,0.169986,0.119985,-0.397167,-0.191950,-0.341810,0.390215,0.022436,0.257065,0.089728,0.395733,0.010491,0.089538,-0.215767,-0.070079,0.028777
1788379001.315097,-0.003256,0.007492,0.001173,0.344669,0.026458,0.116165,0.081353,-0.022409,-0.996433,0.000000,0.000000,0.000000,-0.024097,-0.071897,0.111093,0.008337,0.059574,0.066152,0.097494,-0.031327,-0.005818,0.008840,0.013315,-0.024837,0.196350,0.043633,-0.000000,-0.000000,-0.065450,0.174533,-0.458149,-0.501782,-2.945244,2.334378,1.418080,-2.007129,-0.191950,-0.341810,0.390215,0.022436,0.257065,0.089728,0.395733,0.010491,0.089538,-0.215767,-0.070079,0.028777,-0.019974,-0.268892,0.464561,0.075590,0.200759,0.322736,0.315810,-0.267183,-0.248213,0.178235,0.102261,-0.442725
1788379001.335056,-0.003230,0.006661,0.001161,-0.266261,0.052157,-0.135504,0.080193,-0.028853,-0.996362,0.000000,0.000000,0.000000,-0.029281,-0.073765,0.108003,0.007505,0.057150,0.061732,0.094320,-0.021289,-0.008251,-0.012282,0.003048,-0.052451,-0.305433,-0.065450,-0.021817,-0.000000,-0.109083,-0.021817,0.327249,0.458149,2.225295,-2.748893,-1.570796,1.963496,-0.019974,-0.268892,0.464561,0.075590,0.200759,0.322736,0.315810,-0.267183,-0.248213,0.178235,0.102261,-0.442725,-0.222881,-0.315847,0.448172,0.025832,0.344540,0.062387,0.384224,-0.008286,0.055196,-0.271747,-0.109476,-0.006195
1788379001.355266,-0.003253,0.006279,0.001276,0.313243,0.005685,0.148922,0.080035,-0.021980,-0.996550,0.000000,0.000000,0.000000,-0.025956,-0.073478,0.111308,0.009384,0.062378,0.060807,0.092073,-0.031494,-0.018349,0.003268,0.009448,-0.033498,0.349066,0.000000,0.065450,-0.000000,0.283616,0.174533,-0.458149,-0.872665,-2.792527,2.901610,1.483530,-2.356195,-0.222881,-0.315847,0.448172,0.025832,0.344540,0.062387,0.384224,-0.008286,0.055196,-0.271747,-0.109476,-0.006195,0.006684,-0.244094,0.445080,0.085873,0.190964,0.351028,0.320035,-0.280487,-0.246329,0.163327,0.119710,-0.430265
1788379001.375171,-0.003106,0.005286,0.001608,-0.263331,0.066405,-0.092627,0.077769,-0.029637,-0.996531,0.000000,0.000000,0.000000,-0.032619,-0.074921,0.110820,0.008552,0.065527,0.050027,0.091056,-0.024431,-0.015551,-0.017733,-0.003383,-0.061415,-0.305433,0.021817,0.130900,-0.000000,0.087267,-0.043633,0.436332,0.370883,2.181662,-3.185226,-1.723513,2.050762,0.006684,-0.244094,0.445080,0.085873,0.190964,0.351028,0.320035,-0.280487,-0.246329,0.163327,0.119710,-0.430265,-0.202196,-0.304860,0.445471,0.022744,0.336562,0.096892,0.392485,-0.018764,0.093313,-0.281121,-0.114948,0.012895
1788379001.395298,-0.002945,0.004742,0.002006,0.222696,-0.017218,0.153849,0.078137,-0.024717,-0.996636,0.000000,0.000000,0.000000,-0.026851,-0.072870,0.111464,0.009905,0.071868,0.058375,0.089698,-0.034832,-0.022625,-0.002832,0.005734,-0.042247,0.501782,0.021817,-0.109083,0.021817,-0.021817,0.414516,-0.501782,-0.763582,-2.356195,3.141593,1.963495,-2.334378,-0.202196,-0.304860,0.445471,0.022744,0.336562,0.096892,0.392485,-0.018764,0.093313,-0.281121,-0.114948,0.012895,0.011619,-0.245608,0.428663,0.073003,0.139064,0.369629,0.339741,-0.298937,-0.234710,0.134959,0.104923,-0.411207
1788379001.415297,-0.002504,0.003472,0.001840,-0.333372,0.111280,-0.137368,0.075409,-0.033155,-0.996601,0.000000,0.000000,0.000000,-0.032188,-0.072873,0.110479,0.008378,0.068317,0.050024,0.089899,-0.029642,-0.016012,-0.021030,-0.002445,-0.061230,-0.349066,-0.043633,-0.000000,-0.000000,0.021817,0.021817,0.632682,0.392699,2.661627,-3.141593,-1.898046,2.508911,0.011619,-0.245608,0.428663,0.073003,0.139064,0.369629,0.339741,-0.298937,-0.234710,0.134959,0.104923,-0.411207,-0.187134,-0.307930,0.434405,-0.005951,0.281836,0.130716,0.397767,0.004455,0.134455,-0.237441,-0.076164,0.035151
1788379001.435131,-0.001493,0.001547,0.001726,0.121895,-0.004701,0.163037,0.075562,-0.030360,-0.996679,0.000000,0.000000,0.000000,-0.025373,-0.069963,0.110479,0.009913,0.069072,0.061331,0.091263,-0.039459,-0.017539,-0.007130,0.004520,-0.038987,0.436332,0.021817,-0.000000,0.021817,-0.109083,0.458149,-0.458149,-1.025381,-2.508911,3.010693,1.876229,-2.181662,-0.187134,-0.307930,0.434405,-0.005951,0.281836,0.130716,0.397767,0.004455,0.134455,-0.237441,-0.076164,0.035151,0.007100,-0.230177,0.441134,0.067909,0.135342,0.358497,0.340242,-0.263695,-0.224831,0.159741,0.115373,-0.404835
1788379001.455052,-0.000174,-0.000976,0.001246,-0.395557,0.080121,-0.165464,0.073364,-0.040319,-0.996490,0.000000,0.000000,0.000000,-0.029834,-0.071665,0.110223,0.007679,0.061933,0.057567,0.091478,-0.031066,-0.012058,-0.019590,-0.001207,-0.058096,-0.327249,-0.043633,0.087266,-0.000000,-0.305433,0.458149,0.589049,0.807215,2.901610,-2.617994,-1.352630,2.378011,0.007100,-0.230177,0.441134,0.067909,0.135342,0.358497,0.340242,-0.263695,-0.224831,0.159741,0.115373,-0.404835,-0.203456,-0.298662,0.430336,-0.019550,0.289657,0.099561,0.393389,0.013199,0.114483,-0.201842,-0.071491,0.040704
1788379001.475091,0.000240,-0.001600,0.001141,0.112840,0.007549,0.155846,0.073336,-0.037653,-0.996596,0.000000,0.000000,0.000000,-0.024121,-0.069110,0.111120,0.009242,0.062263,0.064142,0.092760,-0.037878,-0.010378,0.000541,0.008922,-0.034344,0.305433,0.043633,0.021817,0.021817,-0.109083,0.305433,-0.436332,-0.741765,-2.661627,2.814344,1.614430,-2.138028,-0.203456,-0.298662,0.430336,-0.019550,0.289657,0.099561,0.393389,0.013199,0.114483,-0.201842,-0.071491,0.040704,-0.011289,-0.229771,0.456985,0.067726,0.170083,0.331188,0.317954,-0.256335,-0.229795,0.174773,0.113403,-0.413354
1788379001.495212,0.001822,-0.004084,0.000533,-0.624056,0.036312,-0.091295,0.073117,-0.049507,-0.996094,0.000000,0.000000,0.000000,-0.029357,-0.069729,0.110479,0.006807,0.058742,0.058426,0.091879,-0.027259,-0.009873,-0.014523,0.001117,-0.055598,-0.283616,0.000000,-0.000000,-0.000000,-0.043633,-0.021817,0.414516,0.610865,2.596177,-2.334378,-1.505346,2.356195,-0.011289,-0.229771,0.456985,0.067726,0.170083,0.331188,0.317954,-0.256335,-0.229795,0.174773,0.113403,-0.413354,-0.210561,-0.230868,0.430809,-0.001223,0.339942,0.086668,0.365866,0.029423,0.091123,-0.186901,-0.052130,-0.001669
1788379001.515049,0.001822,-0.004084,0.000533,0.331752,-0.073144,0.106844,0.075166,-0.042083,-0.996283,0.000000,0.000000,0.000000,-0.024576,-0.068122,0.111617,0.008860,0.061549,0.060237,0.091015,-0.035118,-0.014040,0.006276,0.009876,-0.033217,0.414516,0.021817,-0.000000,-0.000000,-0.043633,0.218166,-0.392699,-0.741765,-2.683444,2.639811,1.592613,-2.268928,-0.210561,-0.230868,0.430809,-0.001223,0.339942,0.086668,0.365866,0.029423,0.091123,-0.186901,-0.052130,-0.001669,-0.025560,-0.225078,0.445055,0.075682,0.229633,0.324991,0.307884,-0.217628,-0.228373,0.186452,0.112487,-0.409787
1788379001.535218,0.002740,-0.004797,0.000314,-0.581446,0.045499,-0.098619,0.074408,-0.052886,-0.995825,0.000000,0.000000,0.000000,-0.030183,-0.066451,0.110479,0.007505,0.062058,0.053995,0.088599,-0.024864,-0.012259,-0.011292,0.003200,-0.057365,-0.239983,0.370883,-0.000000,-0.000000,0.087266,0.174533,0.392699,0.567232,2.378011,-2.312562,-1.265364,2.181662,-0.025560,-0.225078,0.445055,0.075682,0.229633,0.324991,0.307884,-0.217628,-0.228373,0.186452,0.112487,-0.409787,-0.218168,-0.233925,0.433009,0.002749,0.368378,0.068554,0.362685,0.032687,0.067106,-0.192821,-0.073730,-0.013354
1788379001.555100,0.003070,-0.004723,0.000652,0.341073,-0.055568,0.105379,0.076079,-0.045412,-0.996067,0.000000,0.000000,0.000000,-0.025485,-0.063879,0.111442,0.009558,0.070204,0.057575,0.088061,-0.030359,-0.017108,0.007948,0.011687,-0.040618,0.392699,0.000000,-0.000000,-0.000000,0.327249,0.174533,-0.370883,-0.523599,-2.487094,2.705260,1.439897,-2.356194,-0.218168,-0.233925,0.433009,0.002749,0.368378,0.068554,0.362685,0.032687,0.067106,-0.192821,-0.073730,-0.013354,-0.019736,-0.222017,0.445829,0.087241,0.247208,0.313076,0.304302,-0.230049,-0.227158,0.188885,0.118193,-0.417780
1788379001.575087,0.003741,-0.005324,0.000792,-0.532444,0.009680,-0.091029,0.076036,-0.055143,-0.995579,0.000000,0.000000,0.000000,-0.031561,-0.063186,0.109956,0.007868,0.070965,0.051450,0.086087,-0.020539,-0.013167,-0.009432,0.001635,-0.057570,-0.283616,0.305433,-0.000000,0.065450,0.065450,-0.021817,0.370883,0.545415,2.203478,-2.617994,-1.570796,2.465278,-0.019736,-0.222017,0.445829,0.087241,0.247208,0.313076,0.304302,-0.230049,-0.227158,0.188885,0.118193,-0.417780,-0.207747,-0.229370,0.447348,-0.010567,0.368488,0.095411,0.391261,0.028257,0.099505,-0.189519,-0.062088,0.006338
1788379001.595240,0.003870,-0.005247,0.000815,0.444670,-0.087659,0.112437,0.078246,-0.045635,-0.995889,0.000000,0.000000,0.000000,-0.025845,-0.060738,0.111011,0.010464,0.075986,0.053537,0.085024,-0.027910,-0.020978,0.009623,0.010130,-0.044025,0.458149,0.000000,0.021817,0.043633,0.000000,0.239983,-0.458149,-0.719948,-2.268928,2.683444,1.592613,-2.574361,-0.207747,-0.229370,0.447348,-0.010567,0.368488,0.095411,0.391261,0.028257,0.099505,-0.189519,-0.062088,0.006338,-0.012072,-0.237364,0.431928,0.078956,0.244537,0.328318,0.326551,-0.203889,-0.217750,0.190050,0.117027,-0.393576
1788379001.615188,0.004130,-0.004218,0.000490,-0.484107,0.027656,-0.113799,0.077842,-0.055154,-0.995439,0.000000,0.000000,0.000000,-0.030712,-0.059508,0.110654,0.007879,0.074603,0.049255,0.085662,-0.020934,-0.012377,-0.008938,0.002636,-0.059651,-0.283616,0.261799,-0.000000,-0.021817,0.043633,0.130900,0.479966,0.479966,2.661627,-2.596178,-1.527163,2.574361,-0.012072,-0.237364,0.431928,0.078956,0.244537,0.328318,0.326551,-0.203889,-0.217750,0.190050,0.117027,-0.393576,-0.190100,-0.266799,0.422879,-0.015821,0.333744,0.118898,0.400561,0.038158,0.123706,-0.178020,-0.063268,0.029259
1788379001.635090,0.004193,-0.002782,0.000536,0.431088,-0.069150,0.131611,0.079233,-0.045987,-0.995795,0.000000,0.000000,0.000000,-0.024729,-0.059448,0.110648,0.009558,0.077963,0.054543,0.088441,-0.027049,-0.016064,0.009748,0.011150,-0.039819,0.414516,-0.239983,-0.065450,-0.000000,-0.043633,0.305433,-0.239983,-0.676315,-2.443461,2.661627,1.505346,-2.268928,-0.190100,-0.266799,0.422879,-0.015821,0.333744,0.118898,0.400561,0.038158,0.123706,-0.178020,-0.063268,0.029259,-0.009406,-0.253369,0.430408,0.070695,0.228740,0.332632,0.332023,-0.197442,-0.221509,0.187003,0.124141,-0.391940
1788379001.655095,0.004208,-0.002384,0.000474,-0.421390,0.021132,-0.117394,0.078646,-0.054332,-0.995421,0.000000,0.000000,0.000000,-0.028948,-0.060686,0.109956,0.006981,0.073439,0.054202,0.089739,-0.018270,-0.009061,-0.004957,0.003083,-0.054862,-0.174533,-0.021817,-0.000000,-0.000000,-0.152716,0.370883,0.589049,0.458149,2.770710,-2.683444,-1.570796,2.617994,-0.009406,-0.253369,0.430408,0.070695,0.228740,0.332632,0.332023,-0.197442,-0.221509,0.187003,0.124141,-0.391940,-0.184027,-0.294806,0.419760,-0.020977,0.295473,0.147586,0.426296,0.030741,0.135080,-0.173761,-0.054787,0.041491
1788379001.675058,0.003995,-0.001374,0.000691,0.464644,-0.069150,0.124554,0.079894,-0.044488,-0.995810,0.000000,0.000000,0.000000,-0.023292,-0.061237,0.110744,0.009231,0.075007,0.058219,0.090401,-0.023994,-0.012647,0.010904,0.012377,-0.034992,0.261799,-0.305433,-0.000000,0.021817,-0.043633,0.065450,-0.392699,-0.479966,-2.661627,2.552544,1.636246,-2.334378,-0.184027,-0.294806,0.419760,-0.020977,0.295473,0.147586,0.426296,0.030741,0.135080,-0.173761,-0.054787,0.041491,-0.011742,-0.263348,0.426476,0.067649,0.238873,0.335191,0.328169,-0.185276,-0.224433,0.195202,0.113717,-0.403307
1788379001.695047,0.003817,-0.000919,0.000699,-0.341362,-0.009362,-0.120723,0.080001,-0.052029,-0.995436,0.000000,0.000000,0.000000,-0.027871,-0.063803,0.109607,0.006807,0.069945,0.058364,0.091907,-0.016994,-0.007839,-0.006285,0.004340,-0.053294,-0.239983,-0.065450,-0.000000,-0.000000,-0.283616,0.174533,0.567232,0.414516,2.836160,-2.508911,-1.461713,2.487094,-0.011742,-0.263348,0.426476,0.067649,0.238873,0.335191,0.328169,-0.185276,-0.224433,0.195202,0.113717,-0.403307,-0.186320,-0.303454,0.400324,0.001649,0.310336,0.136191,0.407499,0.031345,0.115839,-0.194245,-0.073524,0.027344
1788379001.715087,0.003310,0.000622,0.000544,0.491675,-0.051839,0.123888,0.080861,-0.041529,-0.995860,0.000000,0.000000,0.000000,-0.023057,-0.064954,0.110220,0.008686,0.071273,0.060491,0.093096,-0.023405,-0.011245,0.011984,0.012429,-0.032208,0.196350,-0.218166,-0.000000,-0.000000,0.000000,0.196350,-0.305433,-0.436332,-2.814344,2.596178,1.439897,-2.312562,-0.186320,-0.303454,0.400324,0.001649,0.310336,0.136191,0.407499,0.031345,0.115839,-0.194245,-0.073524,0.027344,-0.010944,-0.263433,0.433937,0.070642,0.238938,0.348551,0.318929,-0.211974,-0.244953,0.187012,0.114984,-0.417604
1788379001.735133,0.003239,0.000855,0.000500,-0.278112,-0.005234,-0.117261,0.080933,-0.048563,-0.995536,0.000000,0.000000,0.000000,-0.027745,-0.067773,0.108889,0.007156,0.069659,0.058944,0.091939,-0.015568,-0.008041,-0.006653,0.001960,-0.054486,-0.196350,-0.065450,-0.065450,-0.000000,-0.130900,0.152716,0.305433,0.392699,2.661627,-2.748893,-1.636246,2.356194,-0.010944,-0.263433,0.433937,0.070642,0.238938,0.348551,0.318929,-0.211974,-0.244953,0.187012,0.114984,-0.417604,-0.197439,-0.324190,0.422308,-0.007715,0.316211,0.133208,0.408165,0.020239,0.101595,-0.221949,-0.084881,0.031416
1788379001.754999,0.002365,0.002553,0.000351,0.508586,-0.069815,0.131079,0.082022,-0.037701,-0.995917,0.000000,0.000000,0.000000,-0.023044,-0.067790,0.110220,0.009209,0.072198,0.062700,0.090603,-0.023861,-0.015232,0.007138,0.010326,-0.035298,0.218166,-0.174533,-0.000000,-0.000000,0.021817,0.349066,-0.414516,-0.632682,-2.879794,2.814344,1.592613,-2.399828,-0.197439,-0.324190,0.422308,-0.007715,0.316211,0.133208,0.408165,0.020239,0.101595,-0.221949,-0.084881,0.031416,-0.002405,-0.265175,0.422415,0.064114,0.212996,0.371710,0.336427,-0.222356,-0.256610,0.176528,0.114747,-0.417639
1788379001.775282,0.001719,0.003620,0.000013,-0.247485,-0.002437,-0.119658,0.081885,-0.044224,-0.995660,0.000000,0.000000,0.000000,-0.028610,-0.069581,0.108909,0.007339,0.070428,0.059572,0.091129,-0.017850,-0.012737,-0.011501,0.000367,-0.058606,-0.261799,-0.043633,-0.000000,-0.021817,-0.021817,0.174533,0.523599,0.349066,2.683444,-2.901610,-1.701696,2.203478,-0.002405,-0.265175,0.422415,0.064114,0.212996,0.371710,0.336427,-0.222356,-0.256610,0.176528,0.114747,-0.417639,-0.200130,-0.332938,0.411156,0.007604,0.319649,0.136118,0.404135,0.016298,0.091240,-0.250828,-0.101327,0.019442
1788379001.795125,0.001432,0.004167,0.000007,0.478226,-0.071413,0.128948,0.083005,-0.034088,-0.995966,0.000000,0.000000,0.000000,-0.023297,-0.068941,0.109871,0.008697,0.072320,0.065959,0.091686,-0.026618,-0.017662,0.004913,0.008995,-0.035052,0.370883,0.000000,-0.000000,-0.065450,0.000000,0.392699,-0.414516,-0.589049,-2.814343,2.770710,1.701696,-2.203478,-0.200130,-0.332938,0.411156,0.007604,0.319649,0.136118,0.404135,0.016298,0.091240,-0.250828,-0.101327,0.019442,-0.005127,-0.265499,0.434218,0.062681,0.193715,0.385620,0.341280,-0.252177,-0.258994,0.158826,0.103532,-0.428135
1788379001.815053,0.000793,0.005637,-0.000097,-0.253078,0.015139,-0.115530,0.082368,-0.041158,-0.995752,0.000000,0.000000,0.000000,-0.028713,-0.071509,0.108840,0.007505,0.068508,0.060679,0.092114,-0.019759,-0.016585,-0.015028,-0.001100,-0.058841,-0.239983,-0.109083,-0.021817,-0.000000,-0.021817,0.109083,0.436332,0.349066,2.617994,-3.032510,-1.876229,2.181661,-0.005127,-0.265499,0.434218,0.062681,0.193715,0.385620,0.341280,-0.252177,-0.258994,0.158826,0.103532,-0.428135,-0.205599,-0.337232,0.429600,0.000518,0.310105,0.140076,0.409054,0.005749,0.092231,-0.258486,-0.098988,0.022665
1788379001.835169,0.000316,0.006679,0.000195,0.428292,-0.077006,0.133342,0.083698,-0.032028,-0.995976,0.000000,0.000000,0.000000,-0.023510,-0.070686,0.109871,0.009209,0.070095,0.067627,0.092073,-0.029849,-0.019434,0.000440,0.006896,-0.037703,0.392699,0.000000,-0.000000,-0.000000,-0.065450,0.261799,-0.523599,-0.785398,-2.661627,2.923427,1.592613,-2.268928,-0.205599,-0.337232,0.429600,0.000518,0.310105,0.140076,0.409054,0.005749,0.092231,-0.258486,-0.098988,0.022665,-0.004711,-0.263947,0.435365,0.066235,0.176311,0.379005,0.342448,-0.259894,-0.254357,0.160144,0.114064,-0.423366
1788379001.855033,-0.000025,0.006718,0.000271,-0.271054,0.034181,-0.134572,0.082550,-0.039345,-0.995810,0.000000,0.000000,0.000000,-0.029466,-0.073590,0.108385,0.007854,0.065947,0.063490,0.092684,-0.023989,-0.017978,-0.016746,-0.002581,-0.060878,-0.305433,-0.109083,-0.000000,-0.000000,0.000000,0.349066,0.501782,0.567232,2.661627,-3.054326,-1.614430,2.225295,-0.004711,-0.263947,0.435365,0.066235,0.176311,0.379005,0.342448,-0.259894,-0.254357,0.160144,0.114064,-0.423366,-0.212364,-0.334105,0.436000,-0.015402,0.308557,0.128382,0.405395,0.007052,0.093306,-0.248672,-0.100709,0.029886
1788379001.875036,-0.000515,0.007117,0.000516,0.384616,-0.060894,0.135739,0.083581,-0.031186,-0.996013,0.000000,0.000000,0.000000,-0.024541,-0.072780,0.109871,0.009035,0.067663,0.068315,0.093137,-0.033681,-0.018308,-0.001599,0.007255,-0.036918,0.458149,0.000000,-0.000000,-0.000000,-0.065450,0.239983,-0.501782,-0.676315,-2.617994,3.054327,1.810779,-2.138028,-0.212364,-0.334105,0.436000,-0.015402,0.308557,0.128382,0.405395,0.007052,0.093306,-0.248672,-0.100709,0.029886,-0.008471,-0.252511,0.432286,0.063126,0.157762,0.376506,0.342136,-0.267499,-0.245410,0.152306,0.107932,-0.416997
1788379001.895067,-0.000573,0.006754,0.000382,-0.306474,0.038043,-0.134438,0.082602,-0.038643,-0.995833,0.000000,0.000000,0.000000,-0.030342,-0.074564,0.109432,0.006981,0.064101,0.063570,0.092973,-0.025718,-0.016800,-0.018813,-0.001839,-0.059822,-0.283616,-0.043633,-0.000000,-0.000000,-0.043633,0.327249,0.392699,0.436332,2.639811,-2.814343,-1.767146,2.203478,-0.008471,-0.252511,0.432286,0.063126,0.157762,0.376506,0.342136,-0.267499,-0.245410,0.152306,0.107932,-0.416997,-0.214417,-0.332780,0.439691,-0.013162,0.295458,0.117666,0.409794,0.007394,0.091353,-0.240718,-0.091690,0.030455
1788379001.915031,-0.000746,0.006707,0.000319,0.330021,-0.039589,0.140000,0.083235,-0.031649,-0.996027,0.000000,0.000000,0.000000,-0.025455,-0.073468,0.110010,0.008686,0.065557,0.068162,0.093041,-0.035001,-0.018164,-0.000896,0.006732,-0.035930,0.458149,0.021817,-0.130900,-0.000000,-0.065450,0.261799,-0.479966,-0.676315,-2.596177,2.814344,1.723513,-2.159845,-0.214417,-0.332780,0.439691,-0.013162,0.295458,0.117666,0.409794,0.007394,0.091353,-0.240718,-0.091690,0.030455,-0.007037,-0.264011,0.431768,0.064574,0.167518,0.358312,0.335935,-0.256780,-0.244067,0.153707,0.105036,-0.421738
1788379001.935063,-0.000669,0.005934,0.000124,-0.354944,0.043502,-0.136436,0.081985,-0.040091,-0.995827,0.000000,0.000000,0.000000,-0.031059,-0.074632,0.109189,0.006807,0.061235,0.061194,0.092970,-0.026931,-0.015155,-0.019535,-0.002052,-0.058372,-0.283616,-0.021817,0.021817,-0.000000,0.000000,0.218166,0.370883,0.479966,2.574361,-2.639811,-1.614430,2.247111,-0.007037,-0.264011,0.431768,0.064574,0.167518,0.358312,0.335935,-0.256780,-0.244067,0.153707,0.105036,-0.421738,-0.215322,-0.317082,0.437255,-0.007032,0.314026,0.100672,0.392695,0.013770,0.082059,-0.237872,-0.095821,0.019991
1788379001.955246,-0.000451,0.004982,0.000065,0.250259,-0.009362,0.154781,0.082120,-0.034701,-0.996018,0.000000,0.000000,0.000000,-0.025384,-0.073304,0.109871,0.008642,0.062942,0.065200,0.093344,-0.035268,-0.018450,-0.001992,0.007247,-0.036075,0.436332,0.000000,-0.000000,-0.021817,-0.065450,0.196350,-0.479966,-0.763582,-2.617994,2.945244,1.636246,-2.312562,-0.215322,-0.317082,0.437255,-0.007032,0.314026,0.100672,0.392695,0.013770,0.082059,-0.237872,-0.095821,0.019991,-0.003052,-0.247078,0.435720,0.071228,0.167803,0.358996,0.322107,-0.265987,-0.240489,0.159416,0.115139,-0.415371
1788379001.975044,-0.000193,0.003449,0.000130,-0.372121,0.045100,-0.129112,0.080757,-0.043230,-0.995796,0.000000,0.000000,0.000000,-0.031220,-0.074441,0.109304,0.006981,0.059939,0.058072,0.092299,-0.026233,-0.015663,-0.018952,-0.002491,-0.059141,-0.349066,0.000000,0.065450,-0.000000,-0.109083,0.043633,0.392699,0.436332,2.487094,-2.639811,-1.658063,2.159845,-0.003052,-0.247078,0.435720,0.071228,0.167803,0.358996,0.322107,-0.265987,-0.240489,0.159416,0.115139,-0.415371,-0.211098,-0.300526,0.436576,0.010142,0.321942,0.093475,0.386412,0.002884,0.082453,-0.244468,-0.090926,0.012181
1788379001.995500,-0.000015,0.002493,0.000245,0.236677,-0.006699,0.152650,0.080874,-0.038093,-0.995996,0.000000,0.000000,0.000000,-0.025640,-0.073012,0.110395,0.009035,0.062241,0.063068,0.090851,-0.034815,-0.019323,0.000293,0.007495,-0.037297,0.436332,0.021817,-0.000000,-0.000000,-0.065450,0.392699,-0.479966,-0.698132,-2.508911,2.792527,1.810779,-2.247112,-0.211098,-0.300526,0.436576,0.010142,0.321942,0.093475,0.386412,0.002884,0.082453,-0.244468,-0.090926,0.012181,-0.004538,-0.245631,0.443037,0.070892,0.170952,0.351847,0.331145,-0.274313,-0.233487,0.158511,0.105732,-0.416956
1788379002.015155,0.000412,0.000353,-0.000032,-0.404878,0.078389,-0.135104,0.079010,-0.047087,-0.995761,0.000000,0.000000,0.000000,-0.031222,-0.073219,0.109258,0.007505,0.060485,0.056236,0.090393,-0.026975,-0.014021,-0.019773,-0.001766,-0.056875,-0.239983,0.000000,-0.000000,-0.000000,0.043633,0.349066,0.523599,0.305433,2.421644,-2.617994,-1.570796,2.399828,-0.004538,-0.245631,0.443037,0.070892,0.170952,0.351847,0.331145,-0.274313,-0.233487,0.158511,0.105732,-0.416956,-0.200245,-0.296511,0.447971,-0.001618,0.297194,0.110933,0.407826,0.007764,0.104257,-0.223211,-0.082706,0.016360
1788379002.035133,0.000272,0.000185,0.000172,0.217103,0.017536,0.162904,0.078734,-0.042242,-0.996000,0.000000,0.000000,0.000000,-0.025381,-0.070686,0.110046,0.009035,0.063847,0.061093,0.090499,-0.036424,-0.018851,-0.000266,0.007258,-0.038227,0.436332,0.000000,-0.000000,-0.000000,-0.043633,0.305433,-0.414516,-0.916298,-2.465277,2.901610,1.658063,-2.334378,-0.200245,-0.296511,0.447971,-0.001618,0.297194,0.110933,0.407826,0.007764,0.104257,-0.223211,-0.082706,0.016360,0.004756,-0.234070,0.440258,0.077717,0.165888,0.347600,0.330890,-0.252128,-0.225906,0.168962,0.122553,-0.408727
1788379002.055114,0.000122,-0.000268,0.000375,-0.404346,0.059348,-0.142694,0.077144,-0.051950,-0.995666,0.000000,0.000000,0.000000,-0.030232,-0.071299,0.109871,0.007505,0.060362,0.056389,0.091727,-0.028497,-0.013086,-0.015393,-0.001335,-0.058857,-0.283616,0.000000,0.043633,-0.000000,0.000000,0.305433,0.589049,0.654499,2.727077,-2.596178,-1.527163,2.334378,0.004756,-0.234070,0.440258,0.077717,0.165888,0.347600,0.330890,-0.252128,-0.225906,0.168962,0.122553,-0.408727,-0.200430,-0.288249,0.428770,-0.000620,0.318445,0.097368,0.384602,0.022027,0.101024,-0.214527,-0.072961,0.017833
1788379002.075080,-0.000080,-0.002130,0.000554,0.170098,0.038043,0.154515,0.076533,-0.047980,-0.995912,0.000000,0.000000,0.000000,-0.023862,-0.068941,0.110569,0.009209,0.061857,0.060483,0.092223,-0.035849,-0.015974,0.003042,0.009061,-0.037883,0.501782,0.000000,-0.000000,-0.000000,-0.087266,0.239983,-0.523599,-0.807215,-2.530727,2.748893,1.788963,-2.225295,-0.200430,-0.288249,0.428770,-0.000620,0.318445,0.097368,0.384602,0.022027,0.101024,-0.214527,-0.072961,0.017833,-0.000100,-0.237187,0.439484,0.076801,0.177458,0.335319,0.317995,-0.252256,-0.219792,0.169320,0.112406,-0.407544
1788379002.095340,-0.000000,-0.003376,0.000463,-0.372654,0.077324,-0.150684,0.074697,-0.056931,-0.995580,0.000000,0.000000,0.000000,-0.028591,-0.069246,0.109607,0.007505,0.059446,0.056455,0.091315,-0.026244,-0.011848,-0.013939,0.001517,-0.057237,-0.196350,-0.043633,-0.000000,-0.000000,0.065450,0.174533,0.479966,0.501782,2.552544,-2.574361,-1.679879,2.356195,-0.000100,-0.237187,0.439484,0.076801,0.177458,0.335319,0.317995,-0.252256,-0.219792,0.169320,0.112406,-0.407544,-0.195972,-0.296937,0.444707,0.006134,0.312848,0.096469,0.388327,0.018493,0.103234,-0.223639,-0.073731,0.016587
1788379002.115175,0.000007,-0.004470,0.000569,0.357851,-0.033330,0.092330,0.075898,-0.049172,-0.995902,0.000000,0.000000,0.000000,-0.023167,-0.067552,0.110395,0.009558,0.062978,0.059411,0.090003,-0.033536,-0.015826,0.004670,0.009593,-0.037504,0.414516,-0.109083,-0.000000,-0.000000,-0.021817,0.152716,-0.458149,-0.719948,-2.487094,2.705260,1.614430,-2.378011,-0.195972,-0.296937,0.444707,0.006134,0.312848,0.096469,0.388327,0.018493,0.103234,-0.223639,-0.073731,0.016587,-0.009022,-0.260373,0.450576,0.081991,0.205245,0.338987,0.331107,-0.242151,-0.228294,0.175645,0.115467,-0.416133
1788379002.135267,0.000003,-0.005375,0.000592,-0.526585,0.071998,-0.091695,0.074602,-0.058654,-0.995487,0.000000,0.000000,0.000000,-0.028062,-0.068532,0.109729,0.007854,0.060834,0.053946,0.089081,-0.025224,-0.010907,-0.014496,0.000670,-0.057461,-0.174533,-0.021817,0.065450,-0.000000,0.065450,0.174533,0.479966,0.567232,2.508911,-2.748894,-1.527163,2.356195,-0.009022,-0.260373,0.450576,0.081991,0.205245,0.338987,0.331107,-0.242151,-0.228294,0.175645,0.115467,-0.416133,-0.197747,-0.273478,0.442998,-0.005613,0.330882,0.113982,0.394301,0.016851,0.106198,-0.209265,-0.076399,0.013888
1788379002.155090,-0.000155,-0.005503,0.000903,0.369436,-0.016819,0.107776,0.075460,-0.050425,-0.995873,0.000000,0.000000,0.000000,-0.022706,-0.068196,0.110395,0.009733,0.064641,0.058320,0.089992,-0.032743,-0.016219,0.001804,0.009513,-0.037755,0.283616,-0.218166,-0.000000,-0.000000,0.000000,0.218166,-0.436332,-0.632682,-2.639811,2.988876,1.658063,-2.356194,-0.197747,-0.273478,0.442998,-0.005613,0.330882,0.113982,0.394301,0.016851,0.106198,-0.209265,-0.076399,0.013888,-0.010498,-0.240462,0.442651,0.076086,0.198472,0.348119,0.329033,-0.241345,-0.235527,0.175810,0.123562,-0.409006
1788379002.175220,-0.000167,-0.005772,0.001003,-0.469859,0.077990,-0.102747,0.074107,-0.059628,-0.995466,0.000000,0.000000,0.000000,-0.028255,-0.068774,0.109956,0.007679,0.065006,0.055298,0.091206,-0.024267,-0.011278,-0.013092,0.000830,-0.058631,-0.239983,0.021817,-0.000000,-0.000000,0.109083,0.349066,0.545415,0.567232,2.617994,-2.639811,-1.614430,2.356195,-0.010498,-0.240462,0.442651,0.076086,0.198472,0.348119,0.329033,-0.241345,-0.235527,0.175810,0.123562,-0.409006,-0.196944,-0.280466,0.428606,-0.004170,0.322756,0.111744,0.391804,0.026932,0.104729,-0.205367,-0.065092,0.016786
