timestamp,obs_0,obs_1,obs_2,obs_3,obs_4,obs_5,obs_6,obs_7,obs_8,obs_9,obs_10,obs_11,obs_12,obs_13,obs_14,obs_15,obs_16,obs_17,obs_18,obs_19,obs_20,obs_21,obs_22,obs_23,obs_24,obs_25,obs_26,obs_27,obs_28,obs_29,obs_30,obs_31,obs_32,obs_33,obs_34,obs_35,obs_36,obs_37,obs_38,obs_39,obs_40,obs_41,obs_42,obs_43,obs_44,obs_45,obs_46,obs_47,action_0,action_1,action_2,action_3,action_4,action_5,action_6,action_7,action_8,action_9,action_10,action_11
1789159126.163797,0.000444,0.000614,0.000064,0.001256,0.002232,-0.001735,0.001000,-0.000228,-0.999999,0.000000,0.000000,0.000000,0.508065,-0.665933,0.425253,-0.540877,0.483869,0.509261,0.174249,0.062637,0.102910,0.105005,0.974702,0.776343,0.000000,0.000000,-0.000000,-0.000000,0.000000,-0.000000,0.000000,-0.000000,0.000000,-0.000000,0.000000,-0.000000,0.000000,0.000000,0.000000,0.000000,0.000000,0.000000,0.000000,0.000000,0.000000,0.000000,0.000000,0.000000,-0.199594,-0.465315,-0.205940,-0.428688,0.485397,-0.014473,0.282026,0.254935,-0.239869,0.852284,-0.641881,0.315433
1789159126.182189,0.000474,0.000518,0.000083,0.001123,0.002764,-0.001469,0.001986,-0.000465,-0.999998,0.000000,0.000000,0.000000,0.508065,-0.665933,0.425253,-0.540877,0.483869,0.509261,0.174249,0.062637,0.102910,0.105005,0.974702,0.776343,0.000000,0.000000,-0.000000,-0.000000,0.000000,-0.000000,0.000000,-0.000000,0.000000,-0.000000,0.000000,-0.000000,-0.199594,-0.465315,-0.205940,-0.428688,0.485397,-0.014473,0.282026,0.254935,-0.239869,0.852284,-0.641881,0.315433,-0.101346,-0.728905,-0.356170,-0.404770,0.718363,-0.050997,0.646732,0.326419,-0.007668,1.129883,-1.016554,0.315363
1789159126.201353,0.000570,0.000283,0.000387,0.001123,0.002365,-0.001735,0.002964,-0.000691,-0.999995,0.000000,0.000000,0.000000,0.508065,-0.665933,0.425253,-0.540877,0.483869,0.509261,0.174249,0.062637,0.102910,0.105005,0.974702,0.776343,0.000000,0.000000,-0.000000,-0.000000,0.000000,-0.000000,0.000000,-0.000000,0.000000,-0.000000,0.000000,-0.000000,-0.101346,-0.728905,-0.356170,-0.404770,0.718363,-0.050997,0.646732,0.326419,-0.007668,1.129883,-1.016554,0.315363,0.225030,-1.015828,-0.582329,0.003195,0.646370,0.042336,0.921376,0.210460,0.253751,1.002500,-1.304831,0.399083
1789159126.221008,0.002073,0.000428,0.004972,0.000990,0.002498,-0.001602,0.003923,-0.000923,-0.999992,0.000000,0.000000,0.000000,0.508065,-0.665933,0.425253,-0.540877,0.483869,0.509261,0.174249,0.062637,0.102910,0.105005,0.974702,0.776343,0.000000,0.000000,-0.000000,-0.000000,0.000000,-0.000000,0.000000,-0.000000,0.000000,-0.000000,0.000000,-0.000000,0.225030,-1.015828,-0.582329,0.003195,0.646370,0.042336,0.921376,0.210460,0.253751,1.002500,-1.304831,0.399083,0.712463,-1.390186,-0.938738,0.592887,0.587536,0.178085,1.015131,0.155510,0.342967,0.662690,-1.479786,0.557942
1789159126.242836,0.005060,0.001039,0.012464,0.001256,0.002498,-0.002135,0.004860,-0.001143,-0.999988,0.000000,0.000000,0.000000,0.508065,-0.665933,0.425253,-0.540877,0.483869,0.509261,0.174249,0.062637,0.102910,0.105005,0.974702,0.776343,0.000000,0.000000,-0.000000,-0.000000,0.000000,-0.000000,0.000000,-0.000000,0.000000,-0.000000,0.000000,-0.000000,0.712463,-1.390186,-0.938738,0.592887,0.587536,0.178085,1.015131,0.155510,0.342967,0.662690,-1.479786,0.557942,1.112221,-1.746607,-1.223183,0.975040,0.664569,0.285328,1.025716,0.262906,0.131039,0.321888,-1.604736,0.624267
1789159126.260937,0.008627,0.002624,0.017788,0.000857,0.002631,-0.002002,0.005785,-0.001360,-0.999982,0.000000,0.000000,0.000000,0.508065,-0.665933,0.425253,-0.540877,0.483869,0.509261,0.174249,0.062637,0.102910,0.105005,0.974702,0.776343,0.000000,0.000000,-0.000000,-0.000000,0.000000,-0.000000,0.000000,-0.000000,0.000000,-0.000000,0.000000,-0.000000,1.112221,-1.746607,-1.223183,0.975040,0.664569,0.285328,1.025716,0.262906,0.131039,0.321888,-1.604736,0.624267,1.234153,-1.898591,-1.247040,1.017979,0.717879,0.333052,1.010284,0.469640,-0.266454,0.138899,-1.639534,0.479008
1789159126.280902,0.008406,0.004439,0.010639,0.000990,0.002897,-0.001602,0.006688,-0.001571,-0.999976,0.000000,0.000000,0.000000,0.508065,-0.665933,0.425253,-0.540877,0.483869,0.509261,0.174249,0.062637,0.102910,0.105005,0.974702,0.776343,0.000000,0.000000,-0.000000,-0.000000,0.000000,-0.000000,0.000000,-0.000000,0.000000,-0.000000,0.000000,-0.000000,1.234153,-1.898591,-1.247040,1.017979,0.717879,0.333052,1.010284,0.469640,-0.266454,0.138899,-1.639534,0.479008,1.145132,-1.808788,-1.045312,0.844933,0.684601,0.314733,0.927503,0.643637,-0.586013,0.155823,-1.554154,0.254027
1789159126.301867,0.006282,0.005577,0.004188,0.000324,0.002498,-0.002002,0.007579,-0.001795,-0.999970,0.000000,0.000000,0.000000,0.508065,-0.665933,0.425253,-0.540877,0.483869,0.509261,0.174249,0.062637,0.102910,0.105005,0.974702,0.776343,0.000000,0.000000,-0.000000,-0.000000,0.000000,-0.000000,0.000000,-0.000000,0.000000,-0.000000,0.000000,-0.000000,1.145132,-1.808788,-1.045312,0.844933,0.684601,0.314733,0.927503,0.643637,-0.586013,0.155823,-1.554154,0.254027,0.965859,-1.583860,-0.774296,0.566253,0.639045,0.220025,0.808343,0.766763,-0.716785,0.375406,-1.382087,0.045308
1789159126.321578,0.005001,0.005981,0.001776,0.000723,0.001566,-0.002268,0.008476,-0.002005,-0.999962,0.000000,0.000000,0.000000,0.508065,-0.665933,0.425253,-0.540877,0.483869,0.509261,0.174249,0.062637,0.102910,0.105005,0.974702,0.776343,0.000000,0.000000,-0.000000,-0.000000,0.000000,-0.000000,0.000000,-0.000000,0.000000,-0.000000,0.000000,-0.000000,0.965859,-1.583860,-0.774296,0.566253,0.639045,0.220025,0.808343,0.766763,-0.716785,0.375406,-1.382087,0.045308,0.725051,-1.316847,-0.570717,0.272081,0.663589,0.071564,0.726874,0.884042,-0.643267,0.700200,-1.250989,-0.127160
1789159126.342232,0.001660,0.005800,0.000861,0.001256,0.003430,-0.002401,0.009321,-0.002201,-0.999954,0.000000,0.000000,0.000000,0.508065,-0.665933,0.425253,-0.540877,0.483869,0.509261,0.174249,0.062637,0.102910,0.105005,0.974702,0.776343,0.000000,0.000000,-0.000000,-0.000000,0.000000,-0.000000,0.000000,-0.000000,0.000000,-0.000000,0.000000,-0.000000,0.725051,-1.316847,-0.570717,0.272081,0.663589,0.071564,0.726874,0.884042,-0.643267,0.700200,-1.250989,-0.127160,0.476197,-1.104252,-0.452340,0.041218,0.707619,-0.094695,0.721570,0.929706,-0.426626,0.996035,-1.256550,-0.219628
1789159126.361643,0.002409,0.005295,0.004812,0.000857,0.002897,-0.002268,0.010154,-0.002408,-0.999946,0.000000,0.000000,0.000000,0.508065,-0.665933,0.425253,-0.540877,0.483869,0.509261,0.174249,0.062637,0.102910,0.105005,0.974702,0.776343,0.000000,0.000000,-0.000000,-0.000000,0.000000,-0.000000,0.000000,-0.000000,0.000000,-0.000000,0.000000,-0.000000,0.476197,-1.104252,-0.452340,0.041218,0.707619,-0.094695,0.721570,0.929706,-0.426626,0.996035,-1.256550,-0.219628,0.328317,-1.028191,-0.428226,-0.038237,0.673052,-0.176774,0.806198,0.841779,-0.152996,1.103167,-1.400870,-0.205380
1789159126.381455,0.006202,0.004537,0.010864,0.000990,0.002631,-0.002002,0.010995,-0.002606,-0.999936,0.000000,0.000000,0.000000,0.508065,-0.665933,0.425253,-0.540877,0.483869,0.509261,0.174249,0.062637,0.102910,0.105005,0.974702,0.776343,0.000000,0.000000,-0.000000,-0.000000,0.000000,-0.000000,0.000000,-0.000000,0.000000,-0.000000,0.000000,-0.000000,0.328317,-1.028191,-0.428226,-0.038237,0.673052,-0.176774,0.806198,0.841779,-0.152996,1.103167,-1.400870,-0.205380,0.366174,-1.095704,-0.519768,0.112911,0.561695,-0.118470,0.918976,0.656043,0.080077,1.023222,-1.554423,-0.070833
1789159126.401323,0.010042,0.004715,0.011791,0.000590,0.002498,-0.002135,0.011816,-0.002806,-0.999926,0.000000,0.000000,0.000000,0.508065,-0.665933,0.425253,-0.540877,0.483869,0.509261,0.174249,0.062637,0.102910,0.105005,0.974702,0.776343,0.000000,0.000000,-0.000000,-0.000000,0.000000,-0.000000,0.000000,-0.000000,0.000000,-0.000000,0.000000,-0.000000,0.366174,-1.095704,-0.519768,0.112911,0.561695,-0.118470,0.918976,0.656043,0.080077,1.023222,-1.554423,-0.070833,0.589841,-1.273778,-0.733789,0.456247,0.503391,0.012825,0.987038,0.501546,0.197101,0.804533,-1.647810,0.128076
1789159126.421579,0.013565,0.005049,0.007576,0.000457,0.002365,-0.002268,0.012634,-0.003005,-0.999916,0.000000,0.000000,0.000000,0.508065,-0.665933,0.425253,-0.540877,0.483869,0.509261,0.174249,0.062637,0.102910,0.105005,0.974702,0.776343,0.000000,0.000000,-0.000000,-0.000000,0.000000,-0.000000,0.000000,-0.000000,0.000000,-0.000000,0.000000,-0.000000,0.589841,-1.273778,-0.733789,0.456247,0.503391,0.012825,0.987038,0.501546,0.197101,0.804533,-1.647810,0.128076,0.887385,-1.517217,-0.972610,0.777458,0.559173,0.149417,1.015323,0.472250,0.129023,0.528515,-1.705390,0.299570
1789159126.441502,0.017478,0.006225,-0.000526,0.001522,0.002897,-0.002534,0.013425,-0.003177,-0.999905,0.000000,0.000000,0.000000,0.508065,-0.665933,0.425253,-0.540877,0.483869,0.509261,0.174249,0.062637,0.102910,0.105005,0.974702,0.776343,0.000000,0.000000,-0.000000,-0.000000,0.000000,-0.000000,0.000000,-0.000000,0.000000,-0.000000,0.000000,-0.000000,0.887385,-1.517217,-0.972610,0.777458,0.559173,0.149417,1.015323,0.472250,0.129023,0.528515,-1.705390,0.299570,1.076863,-1.701599,-1.089435,0.917023,0.647250,0.240540,1.009800,0.550586,-0.111543,0.306995,-1.719741,0.338918
1789159126.459516,0.018286,0.007694,-0.005198,0.000723,0.002897,-0.002135,0.014210,-0.003369,-0.999893,0.000000,0.000000,0.000000,0.508065,-0.665933,0.425253,-0.540877,0.483869,0.509261,0.174249,0.062637,0.102910,0.105005,0.974702,0.776343,0.000000,0.000000,-0.000000,-0.000000,0.000000,-0.000000,0.000000,-0.000000,0.000000,-0.000000,0.000000,-0.000000,1.076863,-1.701599,-1.089435,0.917023,0.647250,0.240540,1.009800,0.550586,-0.111543,0.306995,-1.719741,0.338918,1.094402,-1.735536,-1.033377,0.860864,0.679067,0.271341,0.964720,0.666197,-0.392526,0.220000,-1.664530,0.249209
1789159126.479664,0.016669,0.009519,-0.006855,0.000857,0.002897,-0.002135,0.014977,-0.003555,-0.999882,0.000000,0.000000,0.000000,0.508065,-0.665933,0.425253,-0.540877,0.483869,0.509261,0.174249,0.062637,0.102910,0.105005,0.974702,0.776343,0.000000,0.000000,-0.000000,-0.000000,0.000000,-0.000000,0.000000,-0.000000,0.000000,-0.000000,0.000000,-0.000000,1.094402,-1.735536,-1.033377,0.860864,0.679067,0.271341,0.964720,0.666197,-0.392526,0.220000,-1.664530,0.249209,0.999506,-1.634512,-0.863605,0.683472,0.660374,0.235856,0.879787,0.758038,-0.576278,0.298528,-1.540892,0.120353
1789159126.499933,0.014676,0.009973,-0.004790,0.000857,0.002232,-0.002401,0.015746,-0.003732,-0.999869,0.000000,0.000000,0.000000,0.508065,-0.665933,0.425253,-0.540877,0.483869,0.509261,0.174249,0.062637,0.102910,0.105005,0.974702,0.776343,0.000000,0.000000,-0.000000,-0.000000,0.000000,-0.000000,0.000000,-0.000000,0.000000,-0.000000,0.000000,-0.000000,0.999506,-1.634512,-0.863605,0.683472,0.660374,0.235856,0.879787,0.758038,-0.576278,0.298528,-1.540892,0.120353,0.852083,-1.467387,-0.684588,0.449832,0.650062,0.143134,0.800291,0.835980,-0.616899,0.509886,-1.400392,-0.009774
1789159126.519664,0.012963,0.010005,-0.002153,0.000857,0.002897,-0.002401,0.016493,-0.003918,-0.999856,0.000000,0.000000,0.000000,0.508065,-0.665933,0.425253,-0.540877,0.483869,0.509261,0.174249,0.062637,0.102910,0.105005,0.974702,0.776343,0.000000,0.000000,-0.000000,-0.000000,0.000000,-0.000000,0.000000,-0.000000,0.000000,-0.000000,0.000000,-0.000000,0.852083,-1.467387,-0.684588,0.449832,0.650062,0.143134,0.800291,0.835980,-0.616899,0.509886,-1.400392,-0.009774,0.674836,-1.290681,-0.560004,0.239359,0.669995,0.018837,0.761407,0.890030,-0.511143,0.765384,-1.325542,-0.104174
1789159126.539567,0.011999,0.009150,-0.000141,0.000324,0.002897,-0.002135,0.017229,-0.004104,-0.999843,0.000000,0.000000,0.000000,0.508065,-0.665933,0.425253,-0.540877,0.483869,0.509261,0.174249,0.062637,0.102910,0.105005,0.974702,0.776343,0.000000,0.000000,-0.000000,-0.000000,0.000000,-0.000000,0.000000,-0.000000,0.000000,-0.000000,0.000000,-0.000000,0.674836,-1.290681,-0.560004,0.239359,0.669995,0.018837,0.761407,0.890030,-0.511143,0.765384,-1.325542,-0.104174,0.533374,-1.185558,-0.513165,0.121728,0.672748,-0.087413,0.787102,0.872096,-0.310992,0.945845,-1.361485,-0.127074
1789159126.559727,0.012703,0.008237,-0.000862,0.000857,0.002365,-0.002268,0.017958,-0.004288,-0.999830,0.000000,0.000000,0.000000,0.508065,-0.665933,0.425253,-0.540877,0.483869,0.509261,0.174249,0.062637,0.102910,0.105005,0.974702,0.776343,0.000000,0.000000,-0.000000,-0.000000,0.000000,-0.000000,0.000000,-0.000000,0.000000,-0.000000,0.000000,-0.000000,0.533374,-1.185558,-0.513165,0.121728,0.672748,-0.087413,0.787102,0.872096,-0.310992,0.945845,-1.361485,-0.127074,0.506347,-1.195597,-0.559978,0.162581,0.625089,-0.106793,0.867326,0.767656,-0.095050,0.964759,-1.476839,-0.057584
1789159126.579798,0.014689,0.006780,-0.004416,0.001123,0.002897,-0.002002,0.018669,-0.004449,-0.999816,0.000000,0.000000,0.000000,0.508065,-0.665933,0.425253,-0.540877,0.483869,0.509261,0.174249,0.062637,0.102910,0.105005,0.974702,0.776343,0.000000,0.000000,-0.000000,-0.000000,0.000000,-0.000000,0.000000,-0.000000,0.000000,-0.000000,0.000000,-0.000000,0.506347,-1.195597,-0.559978,0.162581,0.625089,-0.106793,0.867326,0.767656,-0.095050,0.964759,-1.476839,-0.057584,0.628112,-1.311965,-0.705697,0.378569,0.568998,-0.031035,0.945332,0.633030,0.053557,0.835815,-1.585551,0.089281
1789159126.599589,0.016104,0.005748,-0.006841,0.000723,0.002897,-0.002268,0.019370,-0.004622,-0.999802,0.000000,0.000000,0.000000,0.508065,-0.665933,0.425253,-0.540877,0.483869,0.509261,0.174249,0.062637,0.102910,0.105005,0.974702,0.776343,0.000000,0.000000,-0.000000,-0.000000,0.000000,-0.000000,0.000000,-0.000000,0.000000,-0.000000,0.000000,-0.000000,0.628112,-1.311965,-0.705697,0.378569,0.568998,-0.031035,0.945332,0.633030,0.053557,0.835815,-1.585551,0.089281,0.845614,-1.494510,-0.899265,0.656421,0.578487,0.083116,0.989333,0.560777,0.063031,0.614914,-1.660570,0.244514
1789159126.620715,0.016906,0.004934,-0.007825,0.000457,0.002098,-0.002135,0.020085,-0.004800,-0.999787,0.000000,0.000000,0.000000,0.508065,-0.665933,0.425253,-0.540877,0.483869,0.509261,0.174249,0.062637,0.102910,0.105005,0.974702,0.776343,0.000000,0.000000,-0.000000,-0.000000,0.000000,-0.000000,0.000000,-0.000000,0.000000,-0.000000,0.000000,-0.000000,0.845614,-1.494510,-0.899265,0.656421,0.578487,0.083116,0.989333,0.560777,0.063031,0.614914,-1.660570,0.244514,1.029259,-1.658548,-1.030898,0.837688,0.639112,0.179324,0.995231,0.580596,-0.081856,0.396605,-1.692146,0.320935
1789159126.641521,0.015914,0.004515,-0.006470,0.000857,0.002098,-0.002135,0.020781,-0.004969,-0.999772,0.000000,0.000000,0.000000,0.508065,-0.665933,0.425253,-0.540877,0.483869,0.509261,0.174249,0.062637,0.102910,0.105005,0.974702,0.776343,0.000000,0.000000,-0.000000,-0.000000,0.000000,-0.000000,0.000000,-0.000000,0.000000,-0.000000,0.000000,-0.000000,1.029259,-1.658548,-1.030898,0.837688,0.639112,0.179324,0.995231,0.580596,-0.081856,0.396605,-1.692146,0.320935,1.086146,-1.723274,-1.030431,0.851128,0.677983,0.228647,0.965990,0.658103,-0.310501,0.272877,-1.662966,0.279998
1789159126.659371,0.011038,0.004327,-0.001399,0.000723,0.002764,-0.002268,0.021456,-0.005131,-0.999757,0.000000,0.000000,0.000000,0.508065,-0.665933,0.425253,-0.540877,0.483869,0.509261,0.174249,0.062637,0.102910,0.105005,0.974702,0.776343,0.000000,0.000000,-0.000000,-0.000000,0.000000,-0.000000,0.000000,-0.000000,0.000000,-0.000000,0.000000,-0.000000,1.086146,-1.723274,-1.030431,0.851128,0.677983,0.228647,0.965990,0.658103,-0.310501,0.272877,-1.662966,0.279998,1.029888,-1.671098,-0.915521,0.732544,0.672799,0.219715,0.901126,0.739891,-0.499456,0.287868,-1.572330,0.177203
1789159126.680089,0.005627,0.003770,0.003127,0.001123,0.002631,-0.002401,0.022121,-0.005283,-0.999741,0.000000,0.000000,0.000000,0.508065,-0.665933,0.425253,-0.540877,0.483869,0.509261,0.174249,0.062637,0.102910,0.105005,0.974702,0.776343,0.000000,0.000000,-0.000000,-0.000000,0.000000,-0.000000,0.000000,-0.000000,0.000000,-0.000000,0.000000,-0.000000,1.029888,-1.671098,-0.915521,0.732544,0.672799,0.219715,0.901126,0.739891,-0.499456,0.287868,-1.572330,0.177203,0.915355,-1.545475,-0.760286,0.538791,0.655985,0.155362,0.829745,0.808430,-0.580520,0.439179,-1.448192,0.062242
1789159126.699357,0.002259,0.002655,0.002997,0.000457,0.002631,-0.002135,0.022780,-0.005446,-0.999726,0.000000,0.000000,0.000000,0.508065,-0.665933,0.425253,-0.540877,0.483869,0.509261,0.174249,0.062637,0.102910,0.105005,0.974702,0.776343,0.000000,0.000000,-0.000000,-0.000000,0.000000,-0.000000,0.000000,-0.000000,0.000000,-0.000000,0.000000,-0.000000,0.915355,-1.545475,-0.760286,0.538791,0.655985,0.155362,0.829745,0.808430,-0.580520,0.439179,-1.448192,0.062242,0.769720,-1.392632,-0.633438,0.341888,0.662022,0.055460,0.784434,0.862608,-0.531132,0.659360,-1.357711,-0.032625
1789159126.721385,-0.000210,0.001504,0.001126,0.000990,0.003164,-0.002534,0.023410,-0.005593,-0.999710,0.000000,0.000000,0.000000,0.508065,-0.665933,0.425253,-0.540877,0.483869,0.509261,0.174249,0.062637,0.102910,0.105005,0.974702,0.776343,0.000000,0.000000,-0.000000,-0.000000,0.000000,-0.000000,0.000000,-0.000000,0.000000,-0.000000,0.000000,-0.000000,0.769720,-1.392632,-0.633438,0.341888,0.662022,0.055460,0.784434,0.862608,-0.531132,0.659360,-1.357711,-0.032625,0.636111,-1.278122,-0.570636,0.210371,0.670856,-0.045438,0.788130,0.868690,-0.377851,0.853192,-1.351775,-0.072426
1789159126.739427,-0.002325,-0.000845,-0.002995,0.000990,0.002631,-0.002135,0.024050,-0.005744,-0.999694,0.000000,0.000000,0.000000,0.508065,-0.665933,0.425253,-0.540877,0.483869,0.509261,0.174249,0.062637,0.102910,0.105005,0.974702,0.776343,0.000000,0.000000,-0.000000,-0.000000,0.000000,-0.000000,0.000000,-0.000000,0.000000,-0.000000,0.000000,-0.000000,0.636111,-1.278122,-0.570636,0.210371,0.670856,-0.045438,0.788130,0.868690,-0.377851,0.853192,-1.351775,-0.072426,0.583965,-1.256569,-0.589729,0.201493,0.647510,-0.091945,0.843828,0.803107,-0.184282,0.924830,-1.430397,-0.034358
1789159126.759826,-0.002703,-0.002355,-0.004533,0.000723,0.002498,-0.001602,0.024678,-0.005899,-0.999678,0.000000,0.000000,0.000000,0.508065,-0.665933,0.425253,-0.540877,0.483869,0.509261,0.174249,0.062637,0.102910,0.105005,0.974702,0.776343,0.000000,0.000000,-0.000000,-0.000000,0.000000,-0.000000,0.000000,-0.000000,0.000000,-0.000000,0.000000,-0.000000,0.583965,-1.256569,-0.589729,0.201493,0.647510,-0.091945,0.843828,0.803107,-0.184282,0.924830,-1.430397,-0.034358,0.655920,-1.336556,-0.698422,0.348775,0.602141,-0.053836,0.918277,0.691499,-0.025510,0.849935,-1.533716,0.079714
1789159126.780619,-0.002887,-0.003692,-0.004361,0.000590,0.002764,-0.001735,0.025307,-0.006053,-0.999661,0.000000,0.000000,0.000000,0.508065,-0.665933,0.425253,-0.540877,0.483869,0.509261,0.174249,0.062637,0.102910,0.105005,0.974702,0.776343,0.000000,0.000000,-0.000000,-0.000000,0.000000,-0.000000,0.000000,-0.000000,0.000000,-0.000000,0.000000,-0.000000,0.655920,-1.336556,-0.698422,0.348775,0.602141,-0.053836,0.918277,0.691499,-0.025510,0.849935,-1.533716,0.079714,0.827259,-1.485403,-0.864263,0.590884,0.591675,0.038457,0.969003,0.605138,0.025427,0.667949,-1.615324,0.220627
1789159126.799635,-0.003877,-0.005194,0.000166,0.000324,0.001566,-0.001602,0.025938,-0.006211,-0.999644,0.000000,0.000000,0.000000,0.508065,-0.665933,0.425253,-0.540877,0.483869,0.509261,0.174249,0.062637,0.102910,0.105005,0.974702,0.776343,0.000000,0.000000,-0.000000,-0.000000,0.000000,-0.000000,0.000000,-0.000000,0.000000,-0.000000,0.000000,-0.000000,0.827259,-1.485403,-0.864263,0.590884,0.591675,0.038457,0.969003,0.605138,0.025427,0.667949,-1.615324,0.220627,1.001537,-1.638570,-1.002100,0.786656,0.632330,0.130940,0.984103,0.595472,-0.065124,0.460746,-1.657511,0.310452
1789159126.819548,-0.004987,-0.005544,0.004030,0.000191,0.001699,-0.001735,0.026556,-0.006367,-0.999627,0.000000,0.000000,0.000000,0.508065,-0.665933,0.425253,-0.540877,0.483869,0.509261,0.174249,0.062637,0.102910,0.105005,0.974702,0.776343,0.000000,0.000000,-0.000000,-0.000000,0.000000,-0.000000,0.000000,-0.000000,0.000000,-0.000000,0.000000,-0.000000,1.001537,-1.638570,-1.002100,0.786656,0.632330,0.130940,0.984103,0.595472,-0.065124,0.460746,-1.657511,0.310452,1.081539,-1.719407,-1.033005,0.844452,0.672165,0.189173,0.963034,0.647330,-0.253116,0.316222,-1.646740,0.303313
1789159126.840086,-0.008371,-0.005528,0.008473,0.000590,0.003164,-0.001735,0.027144,-0.006515,-0.999610,0.000000,0.000000,0.000000,0.508065,-0.665933,0.425253,-0.540877,0.483869,0.509261,0.174249,0.062637,0.102910,0.105005,0.974702,0.776343,0.000000,0.000000,-0.000000,-0.000000,0.000000,-0.000000,0.000000,-0.000000,0.000000,-0.000000,0.000000,-0.000000,1.081539,-1.719407,-1.033005,0.844452,0.672165,0.189173,0.963034,0.647330,-0.253116,0.316222,-1.646740,0.303313,1.053865,-1.698446,-0.954574,0.766953,0.677349,0.197860,0.910783,0.720031,-0.440488,0.289562,-1.580543,0.222137
1789159126.860023,-0.011322,-0.005417,0.009352,0.000457,0.001832,-0.001735,0.027745,-0.006661,-0.999593,0.000000,0.000000,0.000000,0.508065,-0.665933,0.425253,-0.540877,0.483869,0.509261,0.174249,0.062637,0.102910,0.105005,0.974702,0.776343,0.000000,0.000000,-0.000000,-0.000000,0.000000,-0.000000,0.000000,-0.000000,0.000000,-0.000000,0.000000,-0.000000,1.053865,-1.698446,-0.954574,0.766953,0.677349,0.197860,0.910783,0.720031,-0.440488,0.289562,-1.580543,0.222137,0.960142,-1.599733,-0.817288,0.601737,0.661891,0.155080,0.846208,0.785480,-0.547884,0.397272,-1.474576,0.116655
1789159126.879552,-0.013967,-0.005493,0.007707,0.000324,0.002098,-0.001602,0.028335,-0.006811,-0.999575,0.000000,0.000000,0.000000,0.508065,-0.665933,0.425253,-0.540877,0.483869,0.509261,0.174249,0.062637,0.102910,0.105005,0.974702,0.776343,0.000000,0.000000,-0.000000,-0.000000,0.000000,-0.000000,0.000000,-0.000000,0.000000,-0.000000,0.000000,-0.000000,0.960142,-1.599733,-0.817288,0.601737,0.661891,0.155080,0.846208,0.785480,-0.547884,0.397272,-1.474576,0.116655,0.832608,-1.463372,-0.689095,0.414263,0.659806,0.073204,0.798222,0.840021,-0.538361,0.590093,-1.379472,0.020407
1789159126.899715,-0.016740,-0.005765,0.003628,0.000990,0.002232,-0.001336,0.028912,-0.006939,-0.999558,0.000000,0.000000,0.000000,0.508065,-0.665933,0.425253,-0.540877,0.483869,0.509261,0.174249,0.062637,0.102910,0.105005,0.974702,0.776343,0.000000,0.000000,-0.000000,-0.000000,0.000000,-0.000000,0.000000,-0.000000,0.000000,-0.000000,0.000000,-0.000000,0.832608,-1.463372,-0.689095,0.414263,0.659806,0.073204,0.798222,0.840021,-0.538361,0.590093,-1.379472,0.020407,0.703549,-1.342782,-0.613097,0.270683,0.669436,-0.020058,0.789398,0.860024,-0.420544,0.787310,-1.349727,-0.032369
1789159126.919811,-0.016837,-0.006234,0.001260,0.000590,0.002232,-0.002002,0.029486,-0.007074,-0.999540,0.000000,0.000000,0.000000,0.508065,-0.665933,0.425253,-0.540877,0.483869,0.509261,0.174249,0.062637,0.102910,0.105005,0.974702,0.776343,0.000000,0.000000,-0.000000,-0.000000,0.000000,-0.000000,0.000000,-0.000000,0.000000,-0.000000,0.000000,-0.000000,0.703549,-1.342782,-0.613097,0.270683,0.669436,-0.020058,0.789398,0.860024,-0.420544,0.787310,-1.349727,-0.032369,0.633866,-1.298275,-0.611184,0.230009,0.657419,-0.080089,0.830276,0.818272,-0.244711,0.892674,-1.400521,-0.017062
1789159126.939510,-0.015465,-0.007073,0.001168,0.000324,0.002098,-0.001336,0.030051,-0.007215,-0.999522,0.000000,0.000000,0.000000,0.508065,-0.665933,0.425253,-0.540877,0.483869,0.509261,0.174249,0.062637,0.102910,0.105005,0.974702,0.776343,0.000000,0.000000,-0.000000,-0.000000,0.000000,-0.000000,0.000000,-0.000000,0.000000,-0.000000,0.000000,-0.000000,0.633866,-1.298275,-0.611184,0.230009,0.657419,-0.080089,0.830276,0.818272,-0.244711,0.892674,-1.400521,-0.017062,0.672073,-1.350658,-0.693880,0.330946,0.619814,-0.067409,0.899255,0.724609,-0.080904,0.858495,-1.494594,0.072469
1789159126.959501,-0.013845,-0.007492,0.003200,0.000457,0.002365,-0.001336,0.030602,-0.007351,-0.999505,0.000000,0.000000,0.000000,0.508065,-0.665933,0.425253,-0.540877,0.483869,0.509261,0.174249,0.062637,0.102910,0.105005,0.974702,0.776343,0.000000,0.000000,-0.000000,-0.000000,0.000000,-0.000000,0.000000,-0.000000,0.000000,-0.000000,0.000000,-0.000000,0.672073,-1.350658,-0.693880,0.330946,0.619814,-0.067409,0.899255,0.724609,-0.080904,0.858495,-1.494594,0.072469,0.811218,-1.476386,-0.840154,0.542737,0.598884,0.007246,0.955163,0.633658,-0.001939,0.708925,-1.579349,0.201137
1789159126.979693,-0.011209,-0.007208,0.006669,0.000590,0.002098,-0.002135,0.031147,-0.007486,-0.999487,0.000000,0.000000,0.000000,0.508065,-0.665933,0.425253,-0.540877,0.483869,0.509261,0.174249,0.062637,0.102910,0.105005,0.974702,0.776343,0.000000,0.000000,-0.000000,-0.000000,0.000000,-0.000000,0.000000,-0.000000,0.000000,-0.000000,0.000000,-0.000000,0.811218,-1.476386,-0.840154,0.542737,0.598884,0.007246,0.955163,0.633658,-0.001939,0.708925,-1.579349,0.201137,0.977286,-1.622550,-0.980684,0.744595,0.626070,0.097452,0.979640,0.605183,-0.053954,0.512615,-1.632259,0.299783
1789159127.000017,-0.009785,-0.006416,0.008161,0.000324,0.001699,-0.001069,0.031692,-0.007613,-0.999469,0.000000,0.000000,0.000000,0.508065,-0.665933,0.425253,-0.540877,0.483869,0.509261,0.174249,0.062637,0.102910,0.105005,0.974702,0.776343,0.000000,0.000000,-0.000000,-0.000000,0.000000,-0.000000,0.000000,-0.000000,0.000000,-0.000000,0.000000,-0.000000,0.977286,-1.622550,-0.980684,0.744595,0.626070,0.097452,0.979640,0.605183,-0.053954,0.512615,-1.632259,0.299783,1.074204,-1.714890,-1.033817,0.832475,0.666196,0.164133,0.967207,0.639426,-0.212891,0.354530,-1.638548,0.316298
1789159127.021706,-0.009012,-0.005433,0.007850,0.000457,0.002365,-0.000936,0.032221,-0.007747,-0.999451,0.000000,0.000000,0.000000,0.508065,-0.665933,0.425253,-0.540877,0.483869,0.509261,0.174249,0.062637,0.102910,0.105005,0.974702,0.776343,0.000000,0.000000,-0.000000,-0.000000,0.000000,-0.000000,0.000000,-0.000000,0.000000,-0.000000,0.000000,-0.000000,1.074204,-1.714890,-1.033817,0.832475,0.666196,0.164133,0.967207,0.639426,-0.212891,0.354530,-1.638548,0.316298,1.068736,-1.715339,-0.980271,0.785515,0.679533,0.187581,0.924204,0.704839,-0.398564,0.298557,-1.592206,0.251896
1789159127.040037,-0.008957,-0.003489,0.004943,0.000324,0.001832,-0.001203,0.032750,-0.007891,-0.999432,0.000000,0.000000,0.000000,0.508065,-0.665933,0.425253,-0.540877,0.483869,0.509261,0.174249,0.062637,0.102910,0.105005,0.974702,0.776343,0.000000,0.000000,-0.000000,-0.000000,0.000000,-0.000000,0.000000,-0.000000,0.000000,-0.000000,0.000000,-0.000000,1.068736,-1.715339,-0.980271,0.785515,0.679533,0.187581,0.924204,0.704839,-0.398564,0.298557,-1.592206,0.251896,0.989802,-1.634445,-0.855769,0.641937,0.667464,0.161638,0.864087,0.768870,-0.525557,0.372177,-1.501586,0.152668
1789159127.059833,-0.009115,-0.002346,0.002452,0.000058,0.001832,-0.001336,0.033268,-0.008032,-0.999414,0.000000,0.000000,0.000000,0.508065,-0.665933,0.425253,-0.540877,0.483869,0.509261,0.174249,0.062637,0.102910,0.105005,0.974702,0.776343,0.000000,0.000000,-0.000000,-0.000000,0.000000,-0.000000,0.000000,-0.000000,0.000000,-0.000000,0.000000,-0.000000,0.989802,-1.634445,-0.855769,0.641937,0.667464,0.161638,0.864087,0.768870,-0.525557,0.372177,-1.501586,0.152668,0.872646,-1.507915,-0.725007,0.460613,0.660661,0.093141,0.813024,0.824653,-0.547006,0.542805,-1.405346,0.053099
1789159127.079925,-0.008346,-0.001005,-0.000510,0.000058,0.001965,-0.001203,0.033783,-0.008166,-0.999396,0.000000,0.000000,0.000000,0.508065,-0.665933,0.425253,-0.540877,0.483869,0.509261,0.174249,0.062637,0.102910,0.105005,0.974702,0.776343,0.000000,0.000000,-0.000000,-0.000000,0.000000,-0.000000,0.000000,-0.000000,0.000000,-0.000000,0.000000,-0.000000,0.872646,-1.507915,-0.725007,0.460613,0.660661,0.093141,0.813024,0.824653,-0.547006,0.542805,-1.405346,0.053099,0.744462,-1.381755,-0.636584,0.307237,0.668780,0.005306,0.794637,0.854972,-0.457169,0.738421,-1.359605,-0.012049
1789159127.100586,-0.006400,-0.000601,-0.001377,0.000590,0.001566,-0.000803,0.034305,-0.008287,-0.999377,0.000000,0.000000,0.000000,0.508065,-0.665933,0.425253,-0.540877,0.483869,0.509261,0.174249,0.062637,0.102910,0.105005,0.974702,0.776343,0.000000,0.000000,-0.000000,-0.000000,0.000000,-0.000000,0.000000,-0.000000,0.000000,-0.000000,0.000000,-0.000000,0.744462,-1.381755,-0.636584,0.307237,0.668780,0.005306,0.794637,0.854972,-0.457169,0.738421,-1.359605,-0.012049,0.659453,-1.317141,-0.616004,0.239963,0.663694,-0.063807,0.822897,0.831283,-0.296787,0.867538,-1.389944,-0.016012
1789159127.119499,-0.003776,-0.000325,-0.000822,0.000590,0.001699,-0.001203,0.034812,-0.008404,-0.999359,0.000000,0.000000,0.000000,0.508065,-0.665933,0.425253,-0.540877,0.483869,0.509261,0.174249,0.062637,0.102910,0.105005,0.974702,0.776343,0.000000,0.000000,-0.000000,-0.000000,0.000000,-0.000000,0.000000,-0.000000,0.000000,-0.000000,0.000000,-0.000000,0.659453,-1.317141,-0.616004,0.239963,0.663694,-0.063807,0.822897,0.831283,-0.296787,0.867538,-1.389944,-0.016012,0.669386,-1.345822,-0.676570,0.303711,0.631686,-0.069946,0.885996,0.751693,-0.130103,0.867303,-1.475249,0.053122
1789159127.139673,0.001129,0.000459,0.000382,0.000457,0.001699,-0.000936,0.035315,-0.008519,-0.999340,0.000000,0.000000,0.000000,0.508065,-0.665933,0.425253,-0.540877,0.483869,0.509261,0.174249,0.062637,0.102910,0.105005,0.974702,0.776343,0.000000,0.000000,-0.000000,-0.000000,0.000000,-0.000000,0.000000,-0.000000,0.000000,-0.000000,0.000000,-0.000000,0.669386,-1.345822,-0.676570,0.303711,0.631686,-0.069946,0.885996,0.751693,-0.130103,0.867303,-1.475249,0.053122,0.783008,-1.453844,-0.807068,0.487945,0.604364,-0.009221,0.946611,0.659984,-0.029495,0.746766,-1.563155,0.171676
1789159127.159653,0.004430,0.001266,0.000516,0.000191,0.001699,-0.000936,0.035802,-0.008644,-0.999322,0.000000,0.000000,0.000000,0.508065,-0.665933,0.425253,-0.540877,0.483869,0.509261,0.174249,0.062637,0.102910,0.105005,0.974702,0.776343,0.000000,0.000000,-0.000000,-0.000000,0.000000,-0.000000,0.000000,-0.000000,0.000000,-0.000000,0.000000,-0.000000,0.783008,-1.453844,-0.807068,0.487945,0.604364,-0.009221,0.946611,0.659984,-0.029495,0.746766,-1.563155,0.171676,0.943134,-1.594367,-0.949828,0.692786,0.620929,0.079402,0.979469,0.616810,-0.049345,0.561552,-1.625834,0.278407
1789159127.180148,0.007486,0.002199,-0.000462,0.000590,0.002764,-0.000936,0.036270,-0.008756,-0.999304,0.000000,0.000000,0.000000,0.508065,-0.665933,0.425253,-0.540877,0.483869,0.509261,0.174249,0.062637,0.102910,0.105005,0.974702,0.776343,0.000000,0.000000,-0.000000,-0.000000,0.000000,-0.000000,0.000000,-0.000000,0.000000,-0.000000,0.000000,-0.000000,0.943134,-1.594367,-0.949828,0.692786,0.620929,0.079402,0.979469,0.616810,-0.049345,0.561552,-1.625834,0.278407,1.056289,-1.699335,-1.023306,0.807581,0.660937,0.153041,0.976525,0.636807,-0.183862,0.393135,-1.645791,0.315225
1789159127.200505,0.010386,0.004085,-0.003334,0.000191,0.001299,-0.001203,0.036755,-0.008877,-0.999285,0.000000,0.000000,0.000000,0.508065,-0.665933,0.425253,-0.540877,0.483869,0.509261,0.174249,0.062637,0.102910,0.105005,0.974702,0.776343,0.000000,0.000000,-0.000000,-0.000000,0.000000,-0.000000,0.000000,-0.000000,0.000000,-0.000000,0.000000,-0.000000,1.056289,-1.699335,-1.023306,0.807581,0.660937,0.153041,0.976525,0.636807,-0.183862,0.393135,-1.645791,0.315225,1.071949,-1.719502,-0.991890,0.789514,0.681103,0.188745,0.941868,0.695401,-0.366235,0.313203,-1.614046,0.266928
1789159127.220227,0.010628,0.004836,-0.005352,0.000324,0.001699,-0.000803,0.037232,-0.008995,-0.999266,0.000000,0.000000,0.000000,0.508065,-0.665933,0.425253,-0.540877,0.483869,0.509261,0.174249,0.062637,0.102910,0.105005,0.974702,0.776343,0.000000,0.000000,-0.000000,-0.000000,0.000000,-0.000000,0.000000,-0.000000,0.000000,-0.000000,0.000000,-0.000000,1.071949,-1.719502,-0.991890,0.789514,0.681103,0.188745,0.941868,0.695401,-0.366235,0.313203,-1.614046,0.266928,1.007647,-1.654310,-0.880564,0.666684,0.672857,0.174425,0.884060,0.758591,-0.508088,0.357858,-1.532830,0.173810
1789159127.239578,0.010465,0.005470,-0.006701,0.000590,0.001699,-0.000936,0.037703,-0.009108,-0.999247,0.000000,0.000000,0.000000,0.508065,-0.665933,0.425253,-0.540877,0.483869,0.509261,0.174249,0.062637,0.102910,0.105005,0.974702,0.776343,0.000000,0.000000,-0.000000,-0.000000,0.000000,-0.000000,0.000000,-0.000000,0.000000,-0.000000,0.000000,-0.000000,1.007647,-1.654310,-0.880564,0.666684,0.672857,0.174425,0.884060,0.758591,-0.508088,0.357858,-1.532830,0.173810,0.898682,-1.535840,-0.748698,0.491719,0.662902,0.114255,0.829013,0.815611,-0.554222,0.509418,-1.434090,0.072111
1789159127.259881,0.009815,0.006258,-0.006567,0.000324,0.001699,-0.000936,0.038167,-0.009219,-0.999229,0.000000,0.000000,0.000000,0.508065,-0.665933,0.425253,-0.540877,0.483869,0.509261,0.174249,0.062637,0.102910,0.105005,0.974702,0.776343,0.000000,0.000000,-0.000000,-0.000000,0.000000,-0.000000,0.000000,-0.000000,0.000000,-0.000000,0.000000,-0.000000,0.898682,-1.535840,-0.748698,0.491719,0.662902,0.114255,0.829013,0.815611,-0.554222,0.509418,-1.434090,0.072111,0.770704,-1.405716,-0.649774,0.330757,0.668684,0.028340,0.801207,0.853348,-0.487050,0.701809,-1.373871,-0.002896
1789159127.281039,0.009813,0.006278,-0.005864,0.000457,0.001699,-0.000803,0.038625,-0.009336,-0.999210,0.000000,0.000000,0.000000,0.508065,-0.665933,0.425253,-0.540877,0.483869,0.509261,0.174249,0.062637,0.102910,0.105005,0.974702,0.776343,0.000000,0.000000,-0.000000,-0.000000,0.000000,-0.000000,0.000000,-0.000000,0.000000,-0.000000,0.000000,-0.000000,0.770704,-1.405716,-0.649774,0.330757,0.668684,0.028340,0.801207,0.853348,-0.487050,0.701809,-1.373871,-0.002896,0.672465,-1.325196,-0.613548,0.242712,0.667989,-0.048593,0.817941,0.842928,-0.339511,0.847958,-1.386990,-0.021576
1789159127.299578,0.010992,0.005722,-0.004798,0.000723,0.001566,-0.000803,0.039072,-0.009454,-0.999192,0.000000,0.000000,0.000000,0.508065,-0.665933,0.425253,-0.540877,0.483869,0.509261,0.174249,0.062637,0.102910,0.105005,0.974702,0.776343,0.000000,0.000000,-0.000000,-0.000000,0.000000,-0.000000,0.000000,-0.000000,0.000000,-0.000000,0.000000,-0.000000,0.672465,-1.325196,-0.613548,0.242712,0.667989,-0.048593,0.817941,0.842928,-0.339511,0.847958,-1.386990,-0.021576,0.659580,-1.333887,-0.656000,0.276049,0.640701,-0.070687,0.874125,0.774363,-0.171160,0.876112,-1.462844,0.031631
1789159127.319790,0.012221,0.005453,-0.004468,0.000324,0.001566,-0.000803,0.039521,-0.009564,-0.999173,0.000000,0.000000,0.000000,0.508065,-0.665933,0.425253,-0.540877,0.483869,0.509261,0.174249,0.062637,0.102910,0.105005,0.974702,0.776343,0.000000,0.000000,-0.000000,-0.000000,0.000000,-0.000000,0.000000,-0.000000,0.000000,-0.000000,0.000000,-0.000000,0.659580,-1.333887,-0.656000,0.276049,0.640701,-0.070687,0.874125,0.774363,-0.171160,0.876112,-1.462844,0.031631,0.752113,-1.427847,-0.773211,0.436257,0.609493,-0.023398,0.937052,0.682359,-0.052951,0.780512,-1.551942,0.142803
1789159127.339836,0.013995,0.005366,-0.004766,0.000590,0.001699,-0.000936,0.039968,-0.009670,-0.999154,0.000000,0.000000,0.000000,0.508065,-0.665933,0.425253,-0.540877,0.483869,0.509261,0.174249,0.062637,0.102910,0.105005,0.974702,0.776343,0.000000,0.000000,-0.000000,-0.000000,0.000000,-0.000000,0.000000,-0.000000,0.000000,-0.000000,0.000000,-0.000000,0.752113,-1.427847,-0.773211,0.436257,0.609493,-0.023398,0.937052,0.682359,-0.052951,0.780512,-1.551942,0.142803,0.907548,-1.565222,-0.918313,0.644338,0.616146,0.061672,0.976094,0.625954,-0.044379,0.605339,-1.620587,0.257301
1789159127.360010,0.014618,0.005439,-0.005402,0.000590,0.002232,-0.001069,0.040387,-0.009777,-0.999136,0.000000,0.000000,0.000000,0.508065,-0.665933,0.425253,-0.540877,0.483869,0.509261,0.174249,0.062637,0.102910,0.105005,0.974702,0.776343,0.000000,0.000000,-0.000000,-0.000000,0.000000,-0.000000,0.000000,-0.000000,0.000000,-0.000000,0.000000,-0.000000,0.907548,-1.565222,-0.918313,0.644338,0.616146,0.061672,0.976094,0.625954,-0.044379,0.605339,-1.620587,0.257301,1.036205,-1.682411,-1.011374,0.783928,0.654325,0.139890,0.981144,0.632722,-0.156162,0.428810,-1.650179,0.312206
1789159127.379464,0.013799,0.005699,-0.005226,0.000324,0.001832,-0.000670,0.040806,-0.009889,-0.999118,0.000000,0.000000,0.000000,0.508065,-0.665933,0.425253,-0.540877,0.483869,0.509261,0.174249,0.062637,0.102910,0.105005,0.974702,0.776343,0.000000,0.000000,-0.000000,-0.000000,0.000000,-0.000000,0.000000,-0.000000,0.000000,-0.000000,0.000000,-0.000000,1.036205,-1.682411,-1.011374,0.783928,0.654325,0.139890,0.981144,0.632722,-0.156162,0.428810,-1.650179,0.312206,1.073669,-1.722162,-1.003329,0.795634,0.679742,0.183047,0.951737,0.683638,-0.332005,0.326673,-1.627802,0.282022
1789159127.400008,0.011575,0.005688,-0.004013,0.000990,0.000900,-0.001069,0.041243,-0.009980,-0.999099,0.000000,0.000000,0.000000,0.508065,-0.665933,0.425253,-0.540877,0.483869,0.509261,0.174249,0.062637,0.102910,0.105005,0.974702,0.776343,0.000000,0.000000,-0.000000,-0.000000,0.000000,-0.000000,0.000000,-0.000000,0.000000,-0.000000,0.000000,-0.000000,1.073669,-1.722162,-1.003329,0.795634,0.679742,0.183047,0.951737,0.683638,-0.332005,0.326673,-1.627802,0.282022,1.024634,-1.674870,-0.907808,0.694869,0.676145,0.178320,0.897365,0.745896,-0.484749,0.343123,-1.554566,0.196971
1789159127.420028,0.008862,0.005528,-0.002820,0.000857,0.001832,-0.000936,0.041656,-0.010070,-0.999081,0.000000,0.000000,0.000000,0.508065,-0.665933,0.425253,-0.540877,0.483869,0.509261,0.174249,0.062637,0.102910,0.105005,0.974702,0.776343,0.000000,0.000000,-0.000000,-0.000000,0.000000,-0.000000,0.000000,-0.000000,0.000000,-0.000000,0.000000,-0.000000,1.024634,-1.674870,-0.907808,0.694869,0.676145,0.178320,0.897365,0.745896,-0.484749,0.343123,-1.554566,0.196971,0.925310,-1.567942,-0.778946,0.529284,0.663448,0.125998,0.840180,0.802849,-0.552237,0.474233,-1.454763,0.096918
1789159127.439585,0.004372,0.004668,-0.001342,0.000324,0.002098,-0.000936,0.042054,-0.010169,-0.999064,0.000000,0.000000,0.000000,0.508065,-0.665933,0.425253,-0.540877,0.483869,0.509261,0.174249,0.062637,0.102910,0.105005,0.974702,0.776343,0.000000,0.000000,-0.000000,-0.000000,0.000000,-0.000000,0.000000,-0.000000,0.000000,-0.000000,0.000000,-0.000000,0.925310,-1.567942,-0.778946,0.529284,0.663448,0.125998,0.840180,0.802849,-0.552237,0.474233,-1.454763,0.096918,0.801416,-1.439295,-0.673032,0.364461,0.665626,0.043251,0.805021,0.844869,-0.507440,0.660978,-1.381908,0.016369
1789159127.459673,0.002258,0.003889,-0.000966,0.000590,0.001832,-0.001602,0.042459,-0.010265,-0.999045,0.000000,0.000000,0.000000,0.508065,-0.665933,0.425253,-0.540877,0.483869,0.509261,0.174249,0.062637,0.102910,0.105005,0.974702,0.776343,0.000000,0.000000,-0.000000,-0.000000,0.000000,-0.000000,0.000000,-0.000000,0.000000,-0.000000,0.000000,-0.000000,0.801416,-1.439295,-0.673032,0.364461,0.665626,0.043251,0.805021,0.844869,-0.507440,0.660978,-1.381908,0.016369,0.695251,-1.347377,-0.624377,0.260354,0.668469,-0.038204,0.811865,0.845491,-0.373994,0.821473,-1.377690,-0.013718
1789159127.479675,0.000881,0.002613,-0.001068,0.000191,0.001566,-0.001203,0.042860,-0.010367,-0.999027,0.000000,0.000000,0.000000,0.508065,-0.665933,0.425253,-0.540877,0.483869,0.509261,0.174249,0.062637,0.102910,0.105005,0.974702,0.776343,0.000000,0.000000,-0.000000,-0.000000,0.000000,-0.000000,0.000000,-0.000000,0.000000,-0.000000,0.000000,-0.000000,0.695251,-1.347377,-0.624377,0.260354,0.668469,-0.038204,0.811865,0.845491,-0.373994,0.821473,-1.377690,-0.013718,0.663975,-1.337913,-0.650853,0.266933,0.647342,-0.074025,0.860964,0.788307,-0.207008,0.876848,-1.441374,0.025466
1789159127.501169,-0.000201,0.001098,-0.000613,0.000990,0.001965,-0.000936,0.043244,-0.010452,-0.999010,0.000000,0.000000,0.000000,0.508065,-0.665933,0.425253,-0.540877,0.483869,0.509261,0.174249,0.062637,0.102910,0.105005,0.974702,0.776343,0.000000,0.000000,-0.000000,-0.000000,0.000000,-0.000000,0.000000,-0.000000,0.000000,-0.000000,0.000000,-0.000000,0.663975,-1.337913,-0.650853,0.266933,0.647342,-0.074025,0.860964,0.788307,-0.207008,0.876848,-1.441374,0.025466,0.736490,-1.416737,-0.754306,0.402904,0.615289,-0.041541,0.924193,0.698658,-0.074678,0.805390,-1.528877,0.127586
1789159127.519582,-0.000696,-0.000195,-0.000917,0.000857,0.001965,-0.001203,0.043629,-0.010533,-0.998992,0.000000,0.000000,0.000000,0.508065,-0.665933,0.425253,-0.540877,0.483869,0.509261,0.174249,0.062637,0.102910,0.105005,0.974702,0.776343,0.000000,0.000000,-0.000000,-0.000000,0.000000,-0.000000,0.000000,-0.000000,0.000000,-0.000000,0.000000,-0.000000,0.736490,-1.416737,-0.754306,0.402904,0.615289,-0.041541,0.924193,0.698658,-0.074678,0.805390,-1.528877,0.127586,0.883448,-1.548130,-0.897400,0.608404,0.613053,0.037289,0.967806,0.631704,-0.040825,0.642232,-1.601905,0.245926
1789159127.539779,-0.001222,-0.000993,-0.000402,0.001123,0.002764,-0.001203,0.043997,-0.010614,-0.998975,0.000000,0.000000,0.000000,0.508065,-0.665933,0.425253,-0.540877,0.483869,0.509261,0.174249,0.062637,0.102910,0.105005,0.974702,0.776343,0.000000,0.000000,-0.000000,-0.000000,0.000000,-0.000000,0.000000,-0.000000,0.000000,-0.000000,0.000000,-0.000000,0.883448,-1.548130,-0.897400,0.608404,0.613053,0.037289,0.967806,0.631704,-0.040825,0.642232,-1.601905,0.245926,1.022370,-1.673100,-1.005198,0.767562,0.647117,0.117432,0.978682,0.625602,-0.129587,0.460581,-1.639704,0.315605
1789159127.559611,-0.003037,-0.001830,0.001525,0.001123,0.002631,-0.001336,0.044365,-0.010699,-0.998958,0.000000,0.000000,0.000000,0.508065,-0.665933,0.425253,-0.540877,0.483869,0.509261,0.174249,0.062637,0.102910,0.105005,0.974702,0.776343,0.000000,0.000000,-0.000000,-0.000000,0.000000,-0.000000,0.000000,-0.000000,0.000000,-0.000000,0.000000,-0.000000,1.022370,-1.673100,-1.005198,0.767562,0.647117,0.117432,0.978682,0.625602,-0.129587,0.460581,-1.639704,0.315605,1.078734,-1.729874,-1.017784,0.806914,0.676404,0.167041,0.953835,0.668311,-0.296206,0.338923,-1.627016,0.302454
1789159127.580649,-0.006633,-0.002413,0.004130,0.000723,0.002365,-0.001203,0.044725,-0.010791,-0.998941,0.000000,0.000000,0.000000,0.508065,-0.665933,0.425253,-0.540877,0.483869,0.509261,0.174249,0.062637,0.102910,0.105005,0.974702,0.776343,0.000000,0.000000,-0.000000,-0.000000,0.000000,-0.000000,0.000000,-0.000000,0.000000,-0.000000,0.000000,-0.000000,1.078734,-1.729874,-1.017784,0.806914,0.676404,0.167041,0.953835,0.668311,-0.296206,0.338923,-1.627016,0.302454,1.044834,-1.699244,-0.938402,0.727171,0.677675,0.171630,0.902842,0.729169,-0.457718,0.328570,-1.563466,0.226091
1789159127.600571,-0.009670,-0.002888,0.005252,0.000990,0.001699,-0.001336,0.045100,-0.010868,-0.998923,0.000000,0.000000,0.000000,0.508065,-0.665933,0.425253,-0.540877,0.483869,0.509261,0.174249,0.062637,0.102910,0.105005,0.974702,0.776343,0.000000,0.000000,-0.000000,-0.000000,0.000000,-0.000000,0.000000,-0.000000,0.000000,-0.000000,0.000000,-0.000000,1.044834,-1.699244,-0.938402,0.727171,0.677675,0.171630,0.902842,0.729169,-0.457718,0.328570,-1.563466,0.226091,0.954149,-1.603400,-0.812926,0.570926,0.664107,0.128505,0.845006,0.786976,-0.545270,0.439825,-1.466054,0.127220
1789159127.619375,-0.012557,-0.003439,0.005323,0.000857,0.002365,-0.001203,0.045468,-0.010956,-0.998906,0.000000,0.000000,0.000000,0.508065,-0.665933,0.425253,-0.540877,0.483869,0.509261,0.174249,0.062637,0.102910,0.105005,0.974702,0.776343,0.000000,0.000000,-0.000000,-0.000000,0.000000,-0.000000,0.000000,-0.000000,0.000000,-0.000000,0.000000,-0.000000,0.954149,-1.603400,-0.812926,0.570926,0.664107,0.128505,0.845006,0.786976,-0.545270,0.439825,-1.466054,0.127220,0.834245,-1.476730,-0.700304,0.402118,0.663285,0.051185,0.804904,0.833521,-0.523072,0.621193,-1.384160,0.040953
1789159127.640206,-0.015534,-0.004682,0.004482,0.000990,0.002498,-0.001469,0.045818,-0.011036,-0.998889,0.000000,0.000000,0.000000,0.508065,-0.665933,0.425253,-0.540877,0.483869,0.509261,0.174249,0.062637,0.102910,0.105005,0.974702,0.776343,0.000000,0.000000,-0.000000,-0.000000,0.000000,-0.000000,0.000000,-0.000000,0.000000,-0.000000,0.000000,-0.000000,0.834245,-1.476730,-0.700304,0.402118,0.663285,0.051185,0.804904,0.833521,-0.523072,0.621193,-1.384160,0.040953,0.721605,-1.373656,-0.639754,0.282061,0.669233,-0.032442,0.803319,0.844926,-0.404117,0.795258,-1.364165,-0.000361
1789159127.659720,-0.016047,-0.005763,0.003884,0.001256,0.002631,-0.001336,0.046155,-0.011108,-0.998873,0.000000,0.000000,0.000000,0.508065,-0.665933,0.425253,-0.540877,0.483869,0.509261,0.174249,0.062637,0.102910,0.105005,0.974702,0.776343,0.000000,0.000000,-0.000000,-0.000000,0.000000,-0.000000,0.000000,-0.000000,0.000000,-0.000000,0.000000,-0.000000,0.721605,-1.373656,-0.639754,0.282061,0.669233,-0.032442,0.803319,0.844926,-0.404117,0.795258,-1.364165,-0.000361,0.673567,-1.346479,-0.651315,0.264019,0.654441,-0.080101,0.846406,0.799520,-0.238749,0.876689,-1.415398,0.025017
1789159127.679667,-0.015511,-0.006862,0.003673,0.001522,0.002631,-0.001735,0.046491,-0.011174,-0.998856,0.000000,0.000000,0.000000,0.508065,-0.665933,0.425253,-0.540877,0.483869,0.509261,0.174249,0.062637,0.102910,0.105005,0.974702,0.776343,0.000000,0.000000,-0.000000,-0.000000,0.000000,-0.000000,0.000000,-0.000000,0.000000,-0.000000,0.000000,-0.000000,0.673567,-1.346479,-0.651315,0.264019,0.654441,-0.080101,0.846406,0.799520,-0.238749,0.876689,-1.415398,0.025017,0.726759,-1.410146,-0.740951,0.376768,0.622622,-0.060823,0.910674,0.713571,-0.094101,0.828264,-1.502021,0.117206
1789159127.700142,-0.013692,-0.007804,0.004143,0.001123,0.002232,-0.001469,0.046830,-0.011243,-0.998840,0.000000,0.000000,0.000000,0.508065,-0.665933,0.425253,-0.540877,0.483869,0.509261,0.174249,0.062637,0.102910,0.105005,0.974702,0.776343,0.000000,0.000000,-0.000000,-0.000000,0.000000,-0.000000,0.000000,-0.000000,0.000000,-0.000000,0.000000,-0.000000,0.726759,-1.410146,-0.740951,0.376768,0.622622,-0.060823,0.910674,0.713571,-0.094101,0.828264,-1.502021,0.117206,0.864399,-1.534815,-0.880694,0.577352,0.612040,0.012047,0.959639,0.638282,-0.037617,0.677132,-1.580023,0.236696
1789159127.719583,-0.012340,-0.007833,0.004547,0.000191,0.002498,-0.001069,0.047160,-0.011336,-0.998823,0.000000,0.000000,0.000000,0.508065,-0.665933,0.425253,-0.540877,0.483869,0.509261,0.174249,0.062637,0.102910,0.105005,0.974702,0.776343,0.000000,0.000000,-0.000000,-0.000000,0.000000,-0.000000,0.000000,-0.000000,0.000000,-0.000000,0.000000,-0.000000,0.864399,-1.534815,-0.880694,0.577352,0.612040,0.012047,0.959639,0.638282,-0.037617,0.677132,-1.580023,0.236696,1.010632,-1.665009,-0.999986,0.752176,0.641091,0.094965,0.976899,0.620563,-0.105026,0.492021,-1.627093,0.318309
1789159127.739682,-0.011013,-0.007349,0.005203,0.000324,0.002631,-0.002135,0.047489,-0.011420,-0.998807,0.000000,0.000000,0.000000,0.508065,-0.665933,0.425253,-0.540877,0.483869,0.509261,0.174249,0.062637,0.102910,0.105005,0.974702,0.776343,0.000000,0.000000,-0.000000,-0.000000,0.000000,-0.000000,0.000000,-0.000000,0.000000,-0.000000,0.000000,-0.000000,1.010632,-1.665009,-0.999986,0.752176,0.641091,0.094965,0.976899,0.620563,-0.105026,0.492021,-1.627093,0.318309,1.083324,-1.736414,-1.030241,0.815488,0.673741,0.152596,0.958038,0.656042,-0.263193,0.353382,-1.625971,0.319937
1789159127.760070,-0.010879,-0.006489,0.005802,0.000590,0.002498,-0.001469,0.047813,-0.011506,-0.998790,0.000000,0.000000,0.000000,0.508065,-0.665933,0.425253,-0.540877,0.483869,0.509261,0.174249,0.062637,0.102910,0.105005,0.974702,0.776343,0.000000,0.000000,-0.000000,-0.000000,0.000000,-0.000000,0.000000,-0.000000,0.000000,-0.000000,0.000000,-0.000000,1.083324,-1.736414,-1.030241,0.815488,0.673741,0.152596,0.958038,0.656042,-0.263193,0.353382,-1.625971,0.319937,1.062948,-1.719890,-0.964349,0.753566,0.680055,0.167790,0.911387,0.716106,-0.433595,0.320060,-1.573556,0.250396
1789159127.781095,-0.011499,-0.005074,0.005682,0.000590,0.002764,-0.001336,0.048131,-0.011579,-0.998774,0.000000,0.000000,0.000000,0.508065,-0.665933,0.425253,-0.540877,0.483869,0.509261,0.174249,0.062637,0.102910,0.105005,0.974702,0.776343,0.000000,0.000000,-0.000000,-0.000000,0.000000,-0.000000,0.000000,-0.000000,0.000000,-0.000000,0.000000,-0.000000,1.062948,-1.719890,-0.964349,0.753566,0.680055,0.167790,0.911387,0.716106,-0.433595,0.320060,-1.573556,0.250396,0.978917,-1.632102,-0.841288,0.605192,0.666548,0.134448,0.853446,0.775369,-0.539954,0.412191,-1.480915,0.151450
1789159127.799571,-0.011650,-0.004118,0.004498,0.000590,0.002764,-0.001735,0.048442,-0.011663,-0.998758,0.000000,0.000000,0.000000,0.508065,-0.665933,0.425253,-0.540877,0.483869,0.509261,0.174249,0.062637,0.102910,0.105005,0.974702,0.776343,0.000000,0.000000,-0.000000,-0.000000,0.000000,-0.000000,0.000000,-0.000000,0.000000,-0.000000,0.000000,-0.000000,0.978917,-1.632102,-0.841288,0.605192,0.666548,0.134448,0.853446,0.775369,-0.539954,0.412191,-1.480915,0.151450,0.860892,-1.505788,-0.720983,0.432249,0.662833,0.063408,0.808989,0.826096,-0.539405,0.586751,-1.393170,0.058238
1789159127.819594,-0.011166,-0.003286,0.003036,0.001256,0.002498,-0.001868,0.048749,-0.011721,-0.998742,0.000000,0.000000,0.000000,0.508065,-0.665933,0.425253,-0.540877,0.483869,0.509261,0.174249,0.062637,0.102910,0.105005,0.974702,0.776343,0.000000,0.000000,-0.000000,-0.000000,0.000000,-0.000000,0.000000,-0.000000,0.000000,-0.000000,0.000000,-0.000000,0.860892,-1.505788,-0.720983,0.432249,0.662833,0.063408,0.808989,0.826096,-0.539405,0.586751,-1.393170,0.058238,0.741154,-1.391530,-0.647859,0.297355,0.670186,-0.020357,0.800117,0.847185,-0.435311,0.770208,-1.361046,0.004794
1789159127.839758,-0.010082,-0.002868,0.001791,0.000590,0.002897,-0.001469,0.049042,-0.011801,-0.998727,0.000000,0.000000,0.000000,0.508065,-0.665933,0.425253,-0.540877,0.483869,0.509261,0.174249,0.062637,0.102910,0.105005,0.974702,0.776343,0.000000,0.000000,-0.000000,-0.000000,0.000000,-0.000000,0.000000,-0.000000,0.000000,-0.000000,0.000000,-0.000000,0.741154,-1.391530,-0.647859,0.297355,0.670186,-0.020357,0.800117,0.847185,-0.435311,0.770208,-1.361046,0.004794,0.676151,-1.346511,-0.644085,0.255573,0.660574,-0.076932,0.836978,0.813157,-0.273753,0.873836,-1.402298,0.015746
1789159127.859686,-0.010082,-0.002868,0.001791,0.001256,0.002365,-0.001735,0.049344,-0.011872,-0.998711,0.000000,0.000000,0.000000,0.508065,-0.665933,0.425253,-0.540877,0.483869,0.509261,0.174249,0.062637,0.102910,0.105005,0.974702,0.776343,0.000000,0.000000,-0.000000,-0.000000,0.000000,-0.000000,0.000000,-0.000000,0.000000,-0.000000,0.000000,-0.000000,0.676151,-1.346511,-0.644085,0.255573,0.660574,-0.076932,0.836978,0.813157,-0.273753,0.873836,-1.402298,0.015746,0.708976,-1.393854,-0.719338,0.343594,0.629194,-0.069439,0.901052,0.731487,-0.119593,0.848623,-1.487965,0.096748
1789159127.879569,-0.002369,-0.001917,-0.000155,0.000990,0.003031,-0.001868,0.049635,-0.011950,-0.998696,0.000000,0.000000,0.000000,0.508065,-0.665933,0.425253,-0.540877,0.483869,0.509261,0.174249,0.062637,0.102910,0.105005,0.974702,0.776343,0.000000,0.000000,-0.000000,-0.000000,0.000000,-0.000000,0.000000,-0.000000,0.000000,-0.000000,0.000000,-0.000000,0.708976,-1.393854,-0.719338,0.343594,0.629194,-0.069439,0.901052,0.731487,-0.119593,0.848623,-1.487965,0.096748,0.835457,-1.511441,-0.854051,0.535002,0.611791,-0.001607,0.956245,0.650215,-0.043239,0.711879,-1.571987,0.215788
1789159127.899434,-0.000067,-0.001245,-0.000537,0.000857,0.002631,-0.001735,0.049931,-0.012013,-0.998680,0.000000,0.000000,0.000000,0.508065,-0.665933,0.425253,-0.540877,0.483869,0.509261,0.174249,0.062637,0.102910,0.105005,0.974702,0.776343,0.000000,0.000000,-0.000000,-0.000000,0.000000,-0.000000,0.000000,-0.000000,0.000000,-0.000000,0.000000,-0.000000,0.835457,-1.511441,-0.854051,0.535002,0.611791,-0.001607,0.956245,0.650215,-0.043239,0.711879,-1.571987,0.215788,0.987350,-1.646023,-0.983097,0.723014,0.635430,0.084449,0.980915,0.621226,-0.089064,0.526091,-1.627569,0.308406
1789159127.919716,0.002030,-0.000171,-0.000828,0.000857,0.002764,-0.002002,0.050223,-0.012081,-0.998665,0.000000,0.000000,0.000000,0.508065,-0.665933,0.425253,-0.540877,0.483869,0.509261,0.174249,0.062637,0.102910,0.105005,0.974702,0.776343,0.000000,0.000000,-0.000000,-0.000000,0.000000,-0.000000,0.000000,-0.000000,0.000000,-0.000000,0.000000,-0.000000,0.987350,-1.646023,-0.983097,0.723014,0.635430,0.084449,0.980915,0.621226,-0.089064,0.526091,-1.627569,0.308406,1.076733,-1.730986,-1.031405,0.808939,0.670886,0.149896,0.968785,0.648980,-0.236871,0.373515,-1.636929,0.325046
1789159127.939543,0.003924,0.001730,-0.001667,0.000857,0.002764,-0.001735,0.050508,-0.012151,-0.998650,0.000000,0.000000,0.000000,0.508065,-0.665933,0.425253,-0.540877,0.483869,0.509261,0.174249,0.062637,0.102910,0.105005,0.974702,0.776343,0.000000,0.000000,-0.000000,-0.000000,0.000000,-0.000000,0.000000,-0.000000,0.000000,-0.000000,0.000000,-0.000000,1.076733,-1.730986,-1.031405,0.808939,0.670886,0.149896,0.968785,0.648980,-0.236871,0.373515,-1.636929,0.325046,1.070843,-1.729116,-0.979664,0.765730,0.682378,0.174746,0.927047,0.707346,-0.413266,0.319644,-1.594027,0.263821
1789159127.959604,0.004327,0.002985,-0.002220,0.000590,0.003164,-0.001735,0.050774,-0.012228,-0.998635,0.000000,0.000000,0.000000,0.508065,-0.665933,0.425253,-0.540877,0.483869,0.509261,0.174249,0.062637,0.102910,0.105005,0.974702,0.776343,0.000000,0.000000,-0.000000,-0.000000,0.000000,-0.000000,0.000000,-0.000000,0.000000,-0.000000,0.000000,-0.000000,1.070843,-1.729116,-0.979664,0.765730,0.682378,0.174746,0.927047,0.707346,-0.413266,0.319644,-1.594027,0.263821,0.994415,-1.649808,-0.860393,0.627439,0.669838,0.149668,0.868619,0.767364,-0.535721,0.392787,-1.505315,0.166034
1789159127.979497,0.004378,0.004568,-0.003152,0.000324,0.003164,-0.001203,0.051039,-0.012295,-0.998621,0.000000,0.000000,0.000000,0.508065,-0.665933,0.425253,-0.540877,0.483869,0.509261,0.174249,0.062637,0.102910,0.105005,0.974702,0.776343,0.000000,0.000000,-0.000000,-0.000000,0.000000,-0.000000,0.000000,-0.000000,0.000000,-0.000000,0.000000,-0.000000,0.994415,-1.649808,-0.860393,0.627439,0.669838,0.149668,0.868619,0.767364,-0.535721,0.392787,-1.505315,0.166034,0.878968,-1.524153,-0.734102,0.452237,0.663184,0.083338,0.818902,0.820728,-0.555058,0.558466,-1.412437,0.067468
1789159127.999674,0.004540,0.005259,-0.003790,0.001123,0.003297,-0.001735,0.051299,-0.012363,-0.998607,0.000000,0.000000,0.000000,0.508065,-0.665933,0.425253,-0.540877,0.483869,0.509261,0.174249,0.062637,0.102910,0.105005,0.974702,0.776343,0.000000,0.000000,-0.000000,-0.000000,0.000000,-0.000000,0.000000,-0.000000,0.000000,-0.000000,0.000000,-0.000000,0.878968,-1.524153,-0.734102,0.452237,0.663184,0.083338,0.818902,0.820728,-0.555058,0.558466,-1.412437,0.067468,0.753402,-1.400810,-0.649248,0.305248,0.670801,-0.001845,0.801458,0.849751,-0.465837,0.746866,-1.368330,0.003605
1789159128.019368,0.005947,0.005280,-0.004517,0.000590,0.002631,-0.001602,0.051569,-0.012435,-0.998592,0.000000,0.000000,0.000000,0.508065,-0.665933,0.425253,-0.540877,0.483869,0.509261,0.174249,0.062637,0.102910,0.105005,0.974702,0.776343,0.000000,0.000000,-0.000000,-0.000000,0.000000,-0.000000,0.000000,-0.000000,0.000000,-0.000000,0.000000,-0.000000,0.753402,-1.400810,-0.649248,0.305248,0.670801,-0.001845,0.801458,0.849751,-0.465837,0.746866,-1.368330,0.003605,0.672522,-1.339568,-0.630831,0.242468,0.665865,-0.067659,0.830131,0.826593,-0.309224,0.869595,-1.398250,0.001023
1789159128.039389,0.007723,0.005352,-0.004303,0.000990,0.002631,-0.002002,0.051854,-0.012501,-0.998576,0.000000,0.000000,0.000000,0.508065,-0.665933,0.425253,-0.540877,0.483869,0.509261,0.174249,0.062637,0.102910,0.105005,0.974702,0.776343,0.000000,0.000000,-0.000000,-0.000000,0.000000,-0.000000,0.000000,-0.000000,0.000000,-0.000000,0.000000,-0.000000,0.672522,-1.339568,-0.630831,0.242468,0.665865,-0.067659,0.830131,0.826593,-0.309224,0.869595,-1.398250,0.001023,0.685986,-1.371196,-0.692109,0.307163,0.635743,-0.072417,0.892142,0.750326,-0.147726,0.866500,-1.481139,0.070550
1789159128.059544,0.008693,0.005456,-0.004252,0.001389,0.002764,-0.001469,0.052120,-0.012547,-0.998562,0.000000,0.000000,0.000000,0.508065,-0.665933,0.425253,-0.540877,0.483869,0.509261,0.174249,0.062637,0.102910,0.105005,0.974702,0.776343,0.000000,0.000000,-0.000000,-0.000000,0.000000,-0.000000,0.000000,-0.000000,0.000000,-0.000000,0.000000,-0.000000,0.685986,-1.371196,-0.692109,0.307163,0.635743,-0.072417,0.892142,0.750326,-0.147726,0.866500,-1.481139,0.070550,0.799841,-1.480901,-0.821127,0.487016,0.611331,-0.012822,0.951264,0.663532,-0.051877,0.746285,-1.567431,0.188432
1789159128.079784,0.010988,0.004965,-0.004361,0.000857,0.002498,-0.001735,0.052382,-0.012611,-0.998547,0.000000,0.000000,0.000000,0.508065,-0.665933,0.425253,-0.540877,0.483869,0.509261,0.174249,0.062637,0.102910,0.105005,0.974702,0.776343,0.000000,0.000000,-0.000000,-0.000000,0.000000,-0.000000,0.000000,-0.000000,0.000000,-0.000000,0.000000,-0.000000,0.799841,-1.480901,-0.821127,0.487016,0.611331,-0.012822,0.951264,0.663532,-0.051877,0.746285,-1.567431,0.188432,0.956486,-1.619382,-0.959672,0.687249,0.628312,0.073517,0.982240,0.622666,-0.074010,0.562561,-1.628681,0.292450
1789159128.099994,0.012239,0.004919,-0.004545,0.000990,0.002498,-0.001602,0.052647,-0.012670,-0.998533,0.000000,0.000000,0.000000,0.508065,-0.665933,0.425253,-0.540877,0.483869,0.509261,0.174249,0.062637,0.102910,0.105005,0.974702,0.776343,0.000000,0.000000,-0.000000,-0.000000,0.000000,-0.000000,0.000000,-0.000000,0.000000,-0.000000,0.000000,-0.000000,0.956486,-1.619382,-0.959672,0.687249,0.628312,0.073517,0.982240,0.622666,-0.074010,0.562561,-1.628681,0.292450,1.064306,-1.719419,-1.028173,0.797892,0.665892,0.144744,0.976900,0.641731,-0.207936,0.397594,-1.646651,0.326109
1789159128.120117,0.011857,0.005276,-0.004308,0.000723,0.002498,-0.001469,0.052902,-0.012735,-0.998518,0.000000,0.000000,0.000000,0.508065,-0.665933,0.425253,-0.540877,0.483869,0.509261,0.174249,0.062637,0.102910,0.105005,0.974702,0.776343,0.000000,0.000000,-0.000000,-0.000000,0.000000,-0.000000,0.000000,-0.000000,0.000000,-0.000000,0.000000,-0.000000,1.064306,-1.719419,-1.028173,0.797892,0.665892,0.144744,0.976900,0.641731,-0.207936,0.397594,-1.646651,0.326109,1.076348,-1.735016,-0.994209,0.777730,0.683032,0.176978,0.939374,0.697267,-0.386424,0.322379,-1.611423,0.276959
1789159128.139610,0.010069,0.005555,-0.003586,0.000857,0.002098,-0.001602,0.053165,-0.012791,-0.998504,0.000000,0.000000,0.000000,0.508065,-0.665933,0.425253,-0.540877,0.483869,0.509261,0.174249,0.062637,0.102910,0.105005,0.974702,0.776343,0.000000,0.000000,-0.000000,-0.000000,0.000000,-0.000000,0.000000,-0.000000,0.000000,-0.000000,0.000000,-0.000000,1.076348,-1.735016,-0.994209,0.777730,0.683032,0.176978,0.939374,0.697267,-0.386424,0.322379,-1.611423,0.276959,1.010347,-1.667780,-0.882928,0.653588,0.672866,0.159547,0.881218,0.757697,-0.522935,0.373427,-1.527025,0.183400
1789159128.160149,0.008107,0.005653,-0.003195,0.001256,0.002897,-0.001469,0.053412,-0.012839,-0.998490,0.000000,0.000000,0.000000,0.508065,-0.665933,0.425253,-0.540877,0.483869,0.509261,0.174249,0.062637,0.102910,0.105005,0.974702,0.776343,0.000000,0.000000,-0.000000,-0.000000,0.000000,-0.000000,0.000000,-0.000000,0.000000,-0.000000,0.000000,-0.000000,1.010347,-1.667780,-0.882928,0.653588,0.672866,0.159547,0.881218,0.757697,-0.522935,0.373427,-1.527025,0.183400,0.900366,-1.548077,-0.754041,0.480797,0.663017,0.097583,0.826970,0.812594,-0.562210,0.527068,-1.428819,0.082721
1789159128.179839,0.005202,0.005197,-0.002903,0.001123,0.002897,-0.001469,0.053653,-0.012889,-0.998476,0.000000,0.000000,0.000000,0.508065,-0.665933,0.425253,-0.540877,0.483869,0.509261,0.174249,0.062637,0.102910,0.105005,0.974702,0.776343,0.000000,0.000000,-0.000000,-0.000000,0.000000,-0.000000,0.000000,-0.000000,0.000000,-0.000000,0.000000,-0.000000,0.900366,-1.548077,-0.754041,0.480797,0.663017,0.097583,0.826970,0.812594,-0.562210,0.527068,-1.428819,0.082721,0.773208,-1.419793,-0.659788,0.324619,0.669345,0.011932,0.801323,0.847862,-0.489629,0.717970,-1.371511,0.010811
1789159128.199732,0.003955,0.004208,-0.002713,0.000990,0.002232,-0.000936,0.053905,-0.012939,-0.998462,0.000000,0.000000,0.000000,0.508065,-0.665933,0.425253,-0.540877,0.483869,0.509261,0.174249,0.062637,0.102910,0.105005,0.974702,0.776343,0.000000,0.000000,-0.000000,-0.000000,0.000000,-0.000000,0.000000,-0.000000,0.000000,-0.000000,0.000000,-0.000000,0.773208,-1.419793,-0.659788,0.324619,0.669345,0.011932,0.801323,0.847862,-0.489629,0.717970,-1.371511,0.010811,0.680002,-1.344122,-0.628792,0.242906,0.668721,-0.062294,0.821134,0.835016,-0.339817,0.859053,-1.387184,-0.003455
1789159128.220056,0.003572,0.002870,-0.002665,0.001389,0.002631,-0.001336,0.054143,-0.012985,-0.998449,0.000000,0.000000,0.000000,0.508065,-0.665933,0.425253,-0.540877,0.483869,0.509261,0.174249,0.062637,0.102910,0.105005,0.974702,0.776343,0.000000,0.000000,-0.000000,-0.000000,0.000000,-0.000000,0.000000,-0.000000,0.000000,-0.000000,0.000000,-0.000000,0.680002,-1.344122,-0.628792,0.242906,0.668721,-0.062294,0.821134,0.835016,-0.339817,0.859053,-1.387184,-0.003455,0.675092,-1.359577,-0.676301,0.283873,0.642025,-0.080706,0.879162,0.765474,-0.172907,0.879929,-1.463361,0.054903
1789159128.239731,0.003530,0.000970,-0.002449,0.000590,0.002498,-0.001469,0.054380,-0.013041,-0.998435,0.000000,0.000000,0.000000,0.508065,-0.665933,0.425253,-0.540877,0.483869,0.509261,0.174249,0.062637,0.102910,0.105005,0.974702,0.776343,0.000000,0.000000,-0.000000,-0.000000,0.000000,-0.000000,0.000000,-0.000000,0.000000,-0.000000,0.000000,-0.000000,0.675092,-1.359577,-0.676301,0.283873,0.642025,-0.080706,0.879162,0.765474,-0.172907,0.879929,-1.463361,0.054903,0.774983,-1.459808,-0.797024,0.449747,0.613370,-0.031639,0.941074,0.675918,-0.059578,0.777200,-1.550816,0.169255
1789159128.259539,0.003397,-0.000057,-0.001808,0.001123,0.002232,-0.001069,0.054626,-0.013092,-0.998421,0.000000,0.000000,0.000000,0.508065,-0.665933,0.425253,-0.540877,0.483869,0.509261,0.174249,0.062637,0.102910,0.105005,0.974702,0.776343,0.000000,0.000000,-0.000000,-0.000000,0.000000,-0.000000,0.000000,-0.000000,0.000000,-0.000000,0.000000,-0.000000,0.774983,-1.459808,-0.797024,0.449747,0.613370,-0.031639,0.941074,0.675918,-0.059578,0.777200,-1.550816,0.169255,0.932179,-1.598935,-0.941254,0.657491,0.622520,0.052832,0.977260,0.623324,-0.058273,0.597822,-1.617401,0.282465
1789159128.279520,0.002553,-0.001049,-0.000645,0.000857,0.002098,-0.001069,0.054863,-0.013153,-0.998407,0.000000,0.000000,0.000000,0.508065,-0.665933,0.425253,-0.540877,0.483869,0.509261,0.174249,0.062637,0.102910,0.105005,0.974702,0.776343,0.000000,0.000000,-0.000000,-0.000000,0.000000,-0.000000,0.000000,-0.000000,0.000000,-0.000000,0.000000,-0.000000,0.932179,-1.598935,-0.941254,0.657491,0.622520,0.052832,0.977260,0.623324,-0.058273,0.597822,-1.617401,0.282465,1.055530,-1.711842,-1.027994,0.791375,0.659798,0.128234,0.977719,0.632394,-0.175981,0.422190,-1.643425,0.332065
1789159128.300400,0.000621,-0.001404,0.000842,0.001123,0.002232,-0.001469,0.055108,-0.013199,-0.998393,0.000000,0.000000,0.000000,0.508065,-0.665933,0.425253,-0.540877,0.483869,0.509261,0.174249,0.062637,0.102910,0.105005,0.974702,0.776343,0.000000,0.000000,-0.000000,-0.000000,0.000000,-0.000000,0.000000,-0.000000,0.000000,-0.000000,0.000000,-0.000000,1.055530,-1.711842,-1.027994,0.791375,0.659798,0.128234,0.977719,0.632394,-0.175981,0.422190,-1.643425,0.332065,1.085430,-1.744821,-1.012486,0.795803,0.681883,0.167519,0.944119,0.683243,-0.353082,0.325733,-1.616741,0.296643
1789159128.319929,-0.003392,-0.002180,0.002452,0.001123,0.002365,-0.001203,0.055339,-0.013248,-0.998380,0.000000,0.000000,0.000000,0.508065,-0.665933,0.425253,-0.540877,0.483869,0.509261,0.174249,0.062637,0.102910,0.105005,0.974702,0.776343,0.000000,0.000000,-0.000000,-0.000000,0.000000,-0.000000,0.000000,-0.000000,0.000000,-0.000000,0.000000,-0.000000,1.085430,-1.744821,-1.012486,0.795803,0.681883,0.167519,0.944119,0.683243,-0.353082,0.325733,-1.616741,0.296643,1.031003,-1.691156,-0.912030,0.687842,0.675234,0.158478,0.886972,0.743995,-0.502596,0.351861,-1.539306,0.208634
1789159128.339587,-0.006425,-0.002535,0.002336,0.001123,0.002098,-0.000936,0.055568,-0.013290,-0.998366,0.000000,0.000000,0.000000,0.508065,-0.665933,0.425253,-0.540877,0.483869,0.509261,0.174249,0.062637,0.102910,0.105005,0.974702,0.776343,0.000000,0.000000,-0.000000,-0.000000,0.000000,-0.000000,0.000000,-0.000000,0.000000,-0.000000,0.000000,-0.000000,1.031003,-1.691156,-0.912030,0.687842,0.675234,0.158478,0.886972,0.743995,-0.502596,0.351861,-1.539306,0.208634,0.927357,-1.579003,-0.781827,0.518076,0.662930,0.103443,0.830093,0.800457,-0.563036,0.492092,-1.438920,0.106701
1789159128.359552,-0.007850,-0.002680,0.002418,0.001123,0.002498,-0.001203,0.055788,-0.013338,-0.998354,0.000000,0.000000,0.000000,0.508065,-0.665933,0.425253,-0.540877,0.483869,0.509261,0.174249,0.062637,0.102910,0.105005,0.974702,0.776343,0.000000,0.000000,-0.000000,-0.000000,0.000000,-0.000000,0.000000,-0.000000,0.000000,-0.000000,0.000000,-0.000000,0.927357,-1.579003,-0.781827,0.518076,0.662930,0.103443,0.830093,0.800457,-0.563036,0.492092,-1.438920,0.106701,0.800548,-1.448136,-0.678676,0.353861,0.667426,0.019896,0.798227,0.841829,-0.509197,0.684392,-1.369380,0.026955
1789159128.379755,-0.011137,-0.003973,0.002248,0.000990,0.001699,-0.001602,0.056022,-0.013387,-0.998340,0.000000,0.000000,0.000000,0.508065,-0.665933,0.425253,-0.540877,0.483869,0.509261,0.174249,0.062637,0.102910,0.105005,0.974702,0.776343,0.000000,0.000000,-0.000000,-0.000000,0.000000,-0.000000,0.000000,-0.000000,0.000000,-0.000000,0.000000,-0.000000,0.800548,-1.448136,-0.678676,0.353861,0.667426,0.019896,0.798227,0.841829,-0.509197,0.684392,-1.369380,0.026955,0.696219,-1.358958,-0.635300,0.254278,0.671189,-0.060000,0.810197,0.839784,-0.368149,0.843701,-1.370153,0.000839
1789159128.399751,-0.011535,-0.004976,0.002379,0.000324,0.002498,-0.001203,0.056245,-0.013455,-0.998326,0.000000,0.000000,0.000000,0.508065,-0.665933,0.425253,-0.540877,0.483869,0.509261,0.174249,0.062637,0.102910,0.105005,0.974702,0.776343,0.000000,0.000000,-0.000000,-0.000000,0.000000,-0.000000,0.000000,-0.000000,0.000000,-0.000000,0.000000,-0.000000,0.696219,-1.358958,-0.635300,0.254278,0.671189,-0.060000,0.810197,0.839784,-0.368149,0.843701,-1.370153,0.000839,0.673479,-1.357219,-0.668994,0.270781,0.648732,-0.091012,0.864471,0.778472,-0.197643,0.889812,-1.438505,0.047072
1789159128.419898,-0.011093,-0.005622,0.002695,0.000990,0.001433,-0.000537,0.056481,-0.013507,-0.998312,0.000000,0.000000,0.000000,0.508065,-0.665933,0.425253,-0.540877,0.483869,0.509261,0.174249,0.062637,0.102910,0.105005,0.974702,0.776343,0.000000,0.000000,-0.000000,-0.000000,0.000000,-0.000000,0.000000,-0.000000,0.000000,-0.000000,0.000000,-0.000000,0.673479,-1.357219,-0.668994,0.270781,0.648732,-0.091012,0.864471,0.778472,-0.197643,0.889812,-1.438505,0.047072,0.757249,-1.445109,-0.779789,0.418560,0.616916,-0.052310,0.929845,0.687455,-0.068159,0.806182,-1.528088,0.155672
1789159128.441469,-0.009967,-0.006007,0.003368,0.000590,0.002498,-0.001203,0.056688,-0.013562,-0.998300,0.000000,0.000000,0.000000,0.508065,-0.665933,0.425253,-0.540877,0.483869,0.509261,0.174249,0.062637,0.102910,0.105005,0.974702,0.776343,0.000000,0.000000,-0.000000,-0.000000,0.000000,-0.000000,0.000000,-0.000000,0.000000,-0.000000,0.000000,-0.000000,0.757249,-1.445109,-0.779789,0.418560,0.616916,-0.052310,0.929845,0.687455,-0.068159,0.806182,-1.528088,0.155672,0.911518,-1.583078,-0.926457,0.630635,0.617671,0.030299,0.972291,0.623582,-0.043943,0.632275,-1.601010,0.275516
1789159128.460385,-0.009266,-0.006122,0.003708,0.000457,0.001699,-0.000670,0.056908,-0.013611,-0.998287,0.000000,0.000000,0.000000,0.508065,-0.665933,0.425253,-0.540877,0.483869,0.509261,0.174249,0.062637,0.102910,0.105005,0.974702,0.776343,0.000000,0.000000,-0.000000,-0.000000,0.000000,-0.000000,0.000000,-0.000000,0.000000,-0.000000,0.000000,-0.000000,0.911518,-1.583078,-0.926457,0.630635,0.617671,0.030299,0.972291,0.623582,-0.043943,0.632275,-1.601010,0.275516,1.047786,-1.706278,-1.028899,0.784893,0.653480,0.111212,0.979171,0.622379,-0.145253,0.447163,-1.637094,0.339433
1789159128.480590,-0.008998,-0.005819,0.004216,0.001123,0.002098,-0.000537,0.057123,-0.013655,-0.998274,0.000000,0.000000,0.000000,0.508065,-0.665933,0.425253,-0.540877,0.483869,0.509261,0.174249,0.062637,0.102910,0.105005,0.974702,0.776343,0.000000,0.000000,-0.000000,-0.000000,0.000000,-0.000000,0.000000,-0.000000,0.000000,-0.000000,0.000000,-0.000000,1.047786,-1.706278,-1.028899,0.784893,0.653480,0.111212,0.979171,0.622379,-0.145253,0.447163,-1.637094,0.339433,1.094677,-1.754608,-1.030615,0.811771,0.680562,0.159059,0.949985,0.668611,-0.320963,0.330817,-1.621191,0.316865
1789159128.499589,-0.009893,-0.005563,0.004772,0.000457,0.002498,-0.000936,0.057338,-0.013712,-0.998261,0.000000,0.000000,0.000000,0.508065,-0.665933,0.425253,-0.540877,0.483869,0.509261,0.174249,0.062637,0.102910,0.105005,0.974702,0.776343,0.000000,0.000000,-0.000000,-0.000000,0.000000,-0.000000,0.000000,-0.000000,0.000000,-0.000000,0.000000,-0.000000,1.094677,-1.754608,-1.030615,0.811771,0.680562,0.159059,0.949985,0.668611,-0.320963,0.330817,-1.621191,0.316865,1.051060,-1.713425,-0.939919,0.718774,0.678108,0.160074,0.895518,0.730434,-0.483780,0.333450,-1.552794,0.232691
1789159128.520608,-0.011593,-0.004811,0.005114,0.001123,0.001299,-0.000936,0.057564,-0.013754,-0.998247,0.000000,0.000000,0.000000,0.508065,-0.665933,0.425253,-0.540877,0.483869,0.509261,0.174249,0.062637,0.102910,0.105005,0.974702,0.776343,0.000000,0.000000,-0.000000,-0.000000,0.000000,-0.000000,0.000000,-0.000000,0.000000,-0.000000,0.000000,-0.000000,1.051060,-1.713425,-0.939919,0.718774,0.678108,0.160074,0.895518,0.730434,-0.483780,0.333450,-1.552794,0.232691,0.952141,-1.607313,-0.807963,0.552424,0.663691,0.112835,0.836665,0.788925,-0.564577,0.459369,-1.452184,0.128088
1789159128.539975,-0.012424,-0.004030,0.004723,0.000723,0.002098,-0.001069,0.057769,-0.013807,-0.998235,0.000000,0.000000,0.000000,0.508065,-0.665933,0.425253,-0.540877,0.483869,0.509261,0.174249,0.062637,0.102910,0.105005,0.974702,0.776343,0.000000,0.000000,-0.000000,-0.000000,0.000000,-0.000000,0.000000,-0.000000,0.000000,-0.000000,0.000000,-0.000000,0.952141,-1.607313,-0.807963,0.552424,0.663691,0.112835,0.836665,0.788925,-0.564577,0.459369,-1.452184,0.128088,0.824776,-1.473284,-0.695070,0.379840,0.665450,0.032345,0.798714,0.835749,-0.530157,0.650815,-1.372848,0.039996
1789159128.560269,-0.012573,-0.003730,0.004365,0.001123,0.001433,-0.001069,0.057987,-0.013846,-0.998221,0.000000,0.000000,0.000000,0.508065,-0.665933,0.425253,-0.540877,0.483869,0.509261,0.174249,0.062637,0.102910,0.105005,0.974702,0.776343,0.000000,0.000000,-0.000000,-0.000000,0.000000,-0.000000,0.000000,-0.000000,0.000000,-0.000000,0.000000,-0.000000,0.824776,-1.473284,-0.695070,0.379840,0.665450,0.032345,0.798714,0.835749,-0.530157,0.650815,-1.372848,0.039996,0.710049,-1.370116,-0.638839,0.262442,0.672278,-0.051490,0.803065,0.844083,-0.399251,0.825535,-1.360771,0.001344
1789159128.579569,-0.009943,-0.003507,0.002780,0.000857,0.002365,-0.000803,0.058184,-0.013893,-0.998209,0.000000,0.000000,0.000000,0.508065,-0.665933,0.425253,-0.540877,0.483869,0.509261,0.174249,0.062637,0.102910,0.105005,0.974702,0.776343,0.000000,0.000000,-0.000000,-0.000000,0.000000,-0.000000,0.000000,-0.000000,0.000000,-0.000000,0.000000,-0.000000,0.710049,-1.370116,-0.638839,0.262442,0.672278,-0.051490,0.803065,0.844083,-0.399251,0.825535,-1.360771,0.001344,0.668872,-1.350517,-0.657700,0.254629,0.654814,-0.093387,0.853220,0.792421,-0.227470,0.896027,-1.421841,0.034025
1789159128.599485,-0.007640,-0.003387,0.002151,0.000457,0.001433,-0.000803,0.058397,-0.013952,-0.998196,0.000000,0.000000,0.000000,0.508065,-0.665933,0.425253,-0.540877,0.483869,0.509261,0.174249,0.062637,0.102910,0.105005,0.974702,0.776343,0.000000,0.000000,-0.000000,-0.000000,0.000000,-0.000000,0.000000,-0.000000,0.000000,-0.000000,0.000000,-0.000000,0.668872,-1.350517,-0.657700,0.254629,0.654814,-0.093387,0.853220,0.792421,-0.227470,0.896027,-1.421841,0.034025,0.734723,-1.425157,-0.756624,0.382469,0.621242,-0.064841,0.921208,0.702491,-0.084413,0.832460,-1.513565,0.134561
1789159128.619908,-0.006366,-0.003155,0.001787,0.000457,0.001832,-0.000803,0.058608,-0.014003,-0.998183,0.000000,0.000000,0.000000,0.508065,-0.665933,0.425253,-0.540877,0.483869,0.509261,0.174249,0.062637,0.102910,0.105005,0.974702,0.776343,0.000000,0.000000,-0.000000,-0.000000,0.000000,-0.000000,0.000000,-0.000000,0.000000,-0.000000,0.000000,-0.000000,0.734723,-1.425157,-0.756624,0.382469,0.621242,-0.064841,0.921208,0.702491,-0.084413,0.832460,-1.513565,0.134561,0.883134,-1.559191,-0.902924,0.593268,0.613984,0.015338,0.969773,0.629314,-0.038296,0.667991,-1.592747,0.258444
1789159128.641545,-0.000882,-0.001024,0.000713,0.000457,0.002498,-0.000670,0.058792,-0.014055,-0.998171,0.000000,0.000000,0.000000,0.508065,-0.665933,0.425253,-0.540877,0.483869,0.509261,0.174249,0.062637,0.102910,0.105005,0.974702,0.776343,0.000000,0.000000,-0.000000,-0.000000,0.000000,-0.000000,0.000000,-0.000000,0.000000,-0.000000,0.000000,-0.000000,0.883134,-1.559191,-0.902924,0.593268,0.613984,0.015338,0.969773,0.629314,-0.038296,0.667991,-1.592747,0.258444,1.030573,-1.691432,-1.019827,0.765790,0.647281,0.101719,0.984835,0.617853,-0.121231,0.476853,-1.638724,0.336061
1789159128.659377,0.001142,0.000067,0.000297,0.000457,0.001699,-0.000670,0.058997,-0.014116,-0.998158,0.000000,0.000000,0.000000,0.508065,-0.665933,0.425253,-0.540877,0.483869,0.509261,0.174249,0.062637,0.102910,0.105005,0.974702,0.776343,0.000000,0.000000,-0.000000,-0.000000,0.000000,-0.000000,0.000000,-0.000000,0.000000,-0.000000,0.000000,-0.000000,1.030573,-1.691432,-1.019827,0.765790,0.647281,0.101719,0.984835,0.617853,-0.121231,0.476853,-1.638724,0.336061,1.094915,-1.755294,-1.039296,0.815691,0.679133,0.158653,0.962045,0.658893,-0.292330,0.342967,-1.633456,0.327166
1789159128.680205,0.002668,0.001518,-0.000080,0.000857,0.001832,-0.000670,0.059195,-0.014162,-0.998146,0.000000,0.000000,0.000000,0.508065,-0.665933,0.425253,-0.540877,0.483869,0.509261,0.174249,0.062637,0.102910,0.105005,0.974702,0.776343,0.000000,0.000000,-0.000000,-0.000000,0.000000,-0.000000,0.000000,-0.000000,0.000000,-0.000000,0.000000,-0.000000,1.094915,-1.755294,-1.039296,0.815691,0.679133,0.158653,0.962045,0.658893,-0.292330,0.342967,-1.633456,0.327166,1.063570,-1.727166,-0.960130,0.738331,0.681358,0.169636,0.911362,0.721104,-0.466107,0.324078,-1.573990,0.248063
1789159128.699646,0.002812,0.002394,-0.000543,0.000191,0.001699,-0.000670,0.059390,-0.014215,-0.998134,0.000000,0.000000,0.000000,0.508065,-0.665933,0.425253,-0.540877,0.483869,0.509261,0.174249,0.062637,0.102910,0.105005,0.974702,0.776343,0.000000,0.000000,-0.000000,-0.000000,0.000000,-0.000000,0.000000,-0.000000,0.000000,-0.000000,0.000000,-0.000000,1.063570,-1.727166,-0.960130,0.738331,0.681358,0.169636,0.911362,0.721104,-0.466107,0.324078,-1.573990,0.248063,0.970299,-1.627189,-0.827926,0.577670,0.665946,0.129810,0.850464,0.781086,-0.565761,0.433834,-1.474769,0.142307
1789159128.720684,0.002695,0.003335,-0.001203,0.000457,0.002098,-0.000803,0.059579,-0.014273,-0.998122,0.000000,0.000000,0.000000,0.508065,-0.665933,0.425253,-0.540877,0.483869,0.509261,0.174249,0.062637,0.102910,0.105005,0.974702,0.776343,0.000000,0.000000,-0.000000,-0.000000,0.000000,-0.000000,0.000000,-0.000000,0.000000,-0.000000,0.000000,-0.000000,0.970299,-1.627189,-0.827926,0.577670,0.665946,0.129810,0.850464,0.781086,-0.565761,0.433834,-1.474769,0.142307,0.843255,-1.490817,-0.705717,0.398873,0.664958,0.052413,0.805854,0.832475,-0.551247,0.620624,-1.387313,0.046410
1789159128.740303,0.003427,0.004073,-0.002292,0.000191,0.001965,-0.000670,0.059765,-0.014328,-0.998110,0.000000,0.000000,0.000000,0.508065,-0.665933,0.425253,-0.540877,0.483869,0.509261,0.174249,0.062637,0.102910,0.105005,0.974702,0.776343,0.000000,0.000000,-0.000000,-0.000000,0.000000,-0.000000,0.000000,-0.000000,0.000000,-0.000000,0.000000,-0.000000,0.843255,-1.490817,-0.705717,0.398873,0.664958,0.052413,0.805854,0.832475,-0.551247,0.620624,-1.387313,0.046410,0.718805,-1.374444,-0.635852,0.265248,0.674003,-0.034874,0.800822,0.850605,-0.432992,0.806155,-1.363058,-0.004370
1789159128.759910,0.004009,0.004111,-0.002690,0.000457,0.001699,-0.000936,0.059954,-0.014374,-0.998098,0.000000,0.000000,0.000000,0.508065,-0.665933,0.425253,-0.540877,0.483869,0.509261,0.174249,0.062637,0.102910,0.105005,0.974702,0.776343,0.000000,0.000000,-0.000000,-0.000000,0.000000,-0.000000,0.000000,-0.000000,0.000000,-0.000000,0.000000,-0.000000,0.718805,-1.374444,-0.635852,0.265248,0.674003,-0.034874,0.800822,0.850605,-0.432992,0.806155,-1.363058,-0.004370,0.658217,-1.336899,-0.639053,0.233554,0.661320,-0.088298,0.844138,0.808953,-0.262042,0.899345,-1.414576,0.014164
1789159128.780186,0.006804,0.003698,-0.003032,0.000857,0.002631,-0.000936,0.060131,-0.014414,-0.998086,0.000000,0.000000,0.000000,0.508065,-0.665933,0.425253,-0.540877,0.483869,0.509261,0.174249,0.062637,0.102910,0.105005,0.974702,0.776343,0.000000,0.000000,-0.000000,-0.000000,0.000000,-0.000000,0.000000,-0.000000,0.000000,-0.000000,0.000000,-0.000000,0.658217,-1.336899,-0.639053,0.233554,0.661320,-0.088298,0.844138,0.808953,-0.262042,0.899345,-1.414576,0.014164,0.704783,-1.397171,-0.725243,0.339374,0.626596,-0.072020,0.912196,0.721041,-0.107004,0.857127,-1.506083,0.105553
1789159128.800569,0.008685,0.003709,-0.003145,0.000590,0.001832,-0.001069,0.060310,-0.014462,-0.998075,0.000000,0.000000,0.000000,0.508065,-0.665933,0.425253,-0.540877,0.483869,0.509261,0.174249,0.062637,0.102910,0.105005,0.974702,0.776343,0.000000,0.000000,-0.000000,-0.000000,0.000000,-0.000000,0.000000,-0.000000,0.000000,-0.000000,0.000000,-0.000000,0.704783,-1.397171,-0.725243,0.339374,0.626596,-0.072020,0.912196,0.721041,-0.107004,0.857127,-1.506083,0.105553,0.845409,-1.526721,-0.869912,0.546179,0.611035,0.003277,0.966576,0.639614,-0.038616,0.705443,-1.589612,0.231938
1789159128.820946,0.010456,0.004096,-0.002929,0.000857,0.002098,-0.000803,0.060482,-0.014504,-0.998064,0.000000,0.000000,0.000000,0.508065,-0.665933,0.425253,-0.540877,0.483869,0.509261,0.174249,0.062637,0.102910,0.105005,0.974702,0.776343,0.000000,0.000000,-0.000000,-0.000000,0.000000,-0.000000,0.000000,-0.000000,0.000000,-0.000000,0.000000,-0.000000,0.845409,-1.526721,-0.869912,0.546179,0.611035,0.003277,0.966576,0.639614,-0.038616,0.705443,-1.589612,0.231938,1.003541,-1.667185,-1.001194,0.736992,0.639577,0.091958,0.988273,0.616356,-0.099099,0.511496,-1.641977,0.323947
1789159128.841892,0.012223,0.004841,-0.002686,0.000457,0.002365,-0.001069,0.060655,-0.014551,-0.998053,0.000000,0.000000,0.000000,0.508065,-0.665933,0.425253,-0.540877,0.483869,0.509261,0.174249,0.062637,0.102910,0.105005,0.974702,0.776343,0.000000,0.000000,-0.000000,-0.000000,0.000000,-0.000000,0.000000,-0.000000,0.000000,-0.000000,0.000000,-0.000000,1.003541,-1.667185,-1.001194,0.736992,0.639577,0.091958,0.988273,0.616356,-0.099099,0.511496,-1.641977,0.323947,1.088236,-1.748866,-1.042065,0.813629,0.675697,0.155718,0.972059,0.650276,-0.260531,0.360909,-1.645395,0.332657
1789159128.860026,0.012178,0.005245,-0.002435,0.000324,0.002098,-0.001336,0.060820,-0.014608,-0.998042,0.000000,0.000000,0.000000,0.508065,-0.665933,0.425253,-0.540877,0.483869,0.509261,0.174249,0.062637,0.102910,0.105005,0.974702,0.776343,0.000000,0.000000,-0.000000,-0.000000,0.000000,-0.000000,0.000000,-0.000000,0.000000,-0.000000,0.000000,-0.000000,1.088236,-1.748866,-1.042065,0.813629,0.675697,0.155718,0.972059,0.650276,-0.260531,0.360909,-1.645395,0.332657,1.073159,-1.738070,-0.978940,0.757181,0.683642,0.175149,0.925450,0.711707,-0.441843,0.318542,-1.593868,0.262833
1789159128.881981,0.011042,0.005758,-0.001865,0.000857,0.001832,-0.001203,0.060987,-0.014652,-0.998031,0.000000,0.000000,0.000000,0.508065,-0.665933,0.425253,-0.540877,0.483869,0.509261,0.174249,0.062637,0.102910,0.105005,0.974702,0.776343,0.000000,0.000000,-0.000000,-0.000000,0.000000,-0.000000,0.000000,-0.000000,0.000000,-0.000000,0.000000,-0.000000,1.073159,-1.738070,-0.978940,0.757181,0.683642,0.175149,0.925450,0.711707,-0.441843,0.318542,-1.593868,0.262833,0.988465,-1.648478,-0.851108,0.606989,0.668414,0.142762,0.863500,0.772320,-0.559007,0.408223,-1.496880,0.159342
1789159128.899790,0.008757,0.005798,-0.002265,0.000857,0.002232,-0.001069,0.061151,-0.014692,-0.998020,0.000000,0.000000,0.000000,0.508065,-0.665933,0.425253,-0.540877,0.483869,0.509261,0.174249,0.062637,0.102910,0.105005,0.974702,0.776343,0.000000,0.000000,-0.000000,-0.000000,0.000000,-0.000000,0.000000,-0.000000,0.000000,-0.000000,0.000000,-0.000000,0.988465,-1.648478,-0.851108,0.606989,0.668414,0.142762,0.863500,0.772320,-0.559007,0.408223,-1.496880,0.159342,0.865252,-1.514425,-0.722745,0.426125,0.663621,0.069295,0.812825,0.826071,-0.565495,0.586523,-1.401850,0.058907
1789159128.919798,0.007278,0.005551,-0.002700,0.000058,0.001965,-0.001203,0.061320,-0.014748,-0.998009,0.000000,0.000000,0.000000,0.508065,-0.665933,0.425253,-0.540877,0.483869,0.509261,0.174249,0.062637,0.102910,0.105005,0.974702,0.776343,0.000000,0.000000,-0.000000,-0.000000,0.000000,-0.000000,0.000000,-0.000000,0.000000,-0.000000,0.000000,-0.000000,0.865252,-1.514425,-0.722745,0.426125,0.663621,0.069295,0.812825,0.826071,-0.565495,0.586523,-1.401850,0.058907,0.735285,-1.388939,-0.641360,0.279839,0.673248,-0.020201,0.798490,0.852476,-0.462067,0.779756,-1.363159,-0.002108
1789159128.940619,0.006305,0.004467,-0.003576,0.000990,0.002232,-0.001336,0.061477,-0.014784,-0.997999,0.000000,0.000000,0.000000,0.508065,-0.665933,0.425253,-0.540877,0.483869,0.509261,0.174249,0.062637,0.102910,0.105005,0.974702,0.776343,0.000000,0.000000,-0.000000,-0.000000,0.000000,-0.000000,0.000000,-0.000000,0.000000,-0.000000,0.000000,-0.000000,0.735285,-1.388939,-0.641360,0.279839,0.673248,-0.020201,0.798490,0.852476,-0.462067,0.779756,-1.363159,-0.002108,0.658442,-1.334609,-0.630265,0.225779,0.666437,-0.084553,0.833268,0.822130,-0.295185,0.895288,-1.401823,0.003321
1789159128.961510,0.006455,0.003476,-0.003704,0.000590,0.001965,-0.001469,0.061644,-0.014830,-0.997988,0.000000,0.000000,0.000000,0.508065,-0.665933,0.425253,-0.540877,0.483869,0.509261,0.174249,0.062637,0.102910,0.105005,0.974702,0.776343,0.000000,0.000000,-0.000000,-0.000000,0.000000,-0.000000,0.000000,-0.000000,0.000000,-0.000000,0.000000,-0.000000,0.658442,-1.334609,-0.630265,0.225779,0.666437,-0.084553,0.833268,0.822130,-0.295185,0.895288,-1.401823,0.003321,0.684614,-1.378320,-0.702033,0.306850,0.633269,-0.081890,0.899781,0.738662,-0.130822,0.877071,-1.490442,0.083775
1789159128.981225,0.006716,0.002414,-0.003435,0.000457,0.001699,-0.001602,0.061805,-0.014871,-0.997977,0.000000,0.000000,0.000000,0.508065,-0.665933,0.425253,-0.540877,0.483869,0.509261,0.174249,0.062637,0.102910,0.105005,0.974702,0.776343,0.000000,0.000000,-0.000000,-0.000000,0.000000,-0.000000,0.000000,-0.000000,0.000000,-0.000000,0.000000,-0.000000,0.684614,-1.378320,-0.702033,0.306850,0.633269,-0.081890,0.899781,0.738662,-0.130822,0.877071,-1.490442,0.083775,0.813614,-1.500418,-0.841217,0.504034,0.610316,-0.014793,0.958692,0.650434,-0.041321,0.740767,-1.577083,0.210010
1789159129.000705,0.006725,0.001705,-0.002941,0.000324,0.001832,-0.001336,0.061968,-0.014922,-0.997967,0.000000,0.000000,0.000000,0.508065,-0.665933,0.425253,-0.540877,0.483869,0.509261,0.174249,0.062637,0.102910,0.105005,0.974702,0.776343,0.000000,0.000000,-0.000000,-0.000000,0.000000,-0.000000,0.000000,-0.000000,0.000000,-0.000000,0.000000,-0.000000,0.813614,-1.500418,-0.841217,0.504034,0.610316,-0.014793,0.958692,0.650434,-0.041321,0.740767,-1.577083,0.210010,0.978152,-1.645773,-0.983082,0.709221,0.632176,0.074707,0.986324,0.614467,-0.077853,0.546548,-1.636047,0.314749
1789159129.021778,0.005973,0.000918,-0.001636,0.000457,0.002631,-0.001602,0.062116,-0.014964,-0.997957,0.000000,0.000000,0.000000,0.508065,-0.665933,0.425253,-0.540877,0.483869,0.509261,0.174249,0.062637,0.102910,0.105005,0.974702,0.776343,0.000000,0.000000,-0.000000,-0.000000,0.000000,-0.000000,0.000000,-0.000000,0.000000,-0.000000,0.000000,-0.000000,0.978152,-1.645773,-0.983082,0.709221,0.632176,0.074707,0.986324,0.614467,-0.077853,0.546548,-1.636047,0.314749,1.082103,-1.743648,-1.044688,0.812508,0.670741,0.144093,0.975426,0.639316,-0.226338,0.380515,-1.648217,0.341387
1789159129.040071,0.003784,0.000685,0.000314,0.000191,0.001699,-0.001602,0.062283,-0.015014,-0.997946,0.000000,0.000000,0.000000,0.508065,-0.665933,0.425253,-0.540877,0.483869,0.509261,0.174249,0.062637,0.102910,0.105005,0.974702,0.776343,0.000000,0.000000,-0.000000,-0.000000,0.000000,-0.000000,0.000000,-0.000000,0.000000,-0.000000,0.000000,-0.000000,1.082103,-1.743648,-1.044688,0.812508,0.670741,0.144093,0.975426,0.639316,-0.226338,0.380515,-1.648217,0.341387,1.084362,-1.750409,-0.999390,0.778829,0.684392,0.171589,0.932660,0.698301,-0.411890,0.314630,-1.605103,0.282639
1789159129.059845,0.001446,0.000409,0.001127,0.000990,0.002098,-0.001602,0.062437,-0.015050,-0.997935,0.000000,0.000000,0.000000,0.508065,-0.665933,0.425253,-0.540877,0.483869,0.509261,0.174249,0.062637,0.102910,0.105005,0.974702,0.776343,0.000000,0.000000,-0.000000,-0.000000,0.000000,-0.000000,0.000000,-0.000000,0.000000,-0.000000,0.000000,-0.000000,1.084362,-1.750409,-0.999390,0.778829,0.684392,0.171589,0.932660,0.698301,-0.411890,0.314630,-1.605103,0.282639,1.009454,-1.673019,-0.878510,0.641413,0.670882,0.147335,0.870578,0.759701,-0.545656,0.381887,-1.512632,0.182799
1789159129.079603,-0.001472,-0.000115,0.001186,0.000990,0.002232,-0.002135,0.062585,-0.015083,-0.997926,0.000000,0.000000,0.000000,0.508065,-0.665933,0.425253,-0.540877,0.483869,0.509261,0.174249,0.062637,0.102910,0.105005,0.974702,0.776343,0.000000,0.000000,-0.000000,-0.000000,0.000000,-0.000000,0.000000,-0.000000,0.000000,-0.000000,0.000000,-0.000000,1.009454,-1.673019,-0.878510,0.641413,0.670882,0.147335,0.870578,0.759701,-0.545656,0.381887,-1.512632,0.182799,0.891286,-1.544419,-0.746040,0.460948,0.662434,0.079141,0.815746,0.815620,-0.573631,0.550218,-1.411499,0.078993
1789159129.099523,-0.005212,-0.000697,0.001083,0.000457,0.002365,-0.001602,0.062728,-0.015123,-0.997916,0.000000,0.000000,0.000000,0.508065,-0.665933,0.425253,-0.540877,0.483869,0.509261,0.174249,0.062637,0.102910,0.105005,0.974702,0.776343,0.000000,0.000000,-0.000000,-0.000000,0.000000,-0.000000,0.000000,-0.000000,0.000000,-0.000000,0.000000,-0.000000,0.891286,-1.544419,-0.746040,0.460948,0.662434,0.079141,0.815746,0.815620,-0.573631,0.550218,-1.411499,0.078993,0.758397,-1.412330,-0.654721,0.303276,0.671658,-0.010684,0.793576,0.849516,-0.486475,0.749890,-1.358398,0.008947
1789159129.119949,-0.006723,-0.001691,0.000569,0.000324,0.002897,-0.001735,0.062864,-0.015171,-0.997907,0.000000,0.000000,0.000000,0.508065,-0.665933,0.425253,-0.540877,0.483869,0.509261,0.174249,0.062637,0.102910,0.105005,0.974702,0.776343,0.000000,0.000000,-0.000000,-0.000000,0.000000,-0.000000,0.000000,-0.000000,0.000000,-0.000000,0.000000,-0.000000,0.758397,-1.412330,-0.654721,0.303276,0.671658,-0.010684,0.793576,0.849516,-0.486475,0.749890,-1.358398,0.008947,0.667627,-1.342216,-0.630908,0.228702,0.670324,-0.083835,0.820839,0.830348,-0.324622,0.886967,-1.383219,0.002001
1789159129.139502,-0.007549,-0.003493,0.000587,0.000191,0.001832,-0.001469,0.063017,-0.015216,-0.997896,0.000000,0.000000,0.000000,0.508065,-0.665933,0.425253,-0.540877,0.483869,0.509261,0.174249,0.062637,0.102910,0.105005,0.974702,0.776343,0.000000,0.000000,-0.000000,-0.000000,0.000000,-0.000000,0.000000,-0.000000,0.000000,-0.000000,0.000000,-0.000000,0.667627,-1.342216,-0.630908,0.228702,0.670324,-0.083835,0.820839,0.830348,-0.324622,0.886967,-1.383219,0.002001,0.674893,-1.369139,-0.688902,0.285298,0.640292,-0.094814,0.885204,0.753013,-0.152596,0.893430,-1.466949,0.071214
1789159129.159697,-0.007359,-0.004497,0.001318,0.000191,0.002498,-0.002002,0.063149,-0.015268,-0.997887,0.000000,0.000000,0.000000,0.508065,-0.665933,0.425253,-0.540877,0.483869,0.509261,0.174249,0.062637,0.102910,0.105005,0.974702,0.776343,0.000000,0.000000,-0.000000,-0.000000,0.000000,-0.000000,0.000000,-0.000000,0.000000,-0.000000,0.000000,-0.000000,0.674893,-1.369139,-0.688902,0.285298,0.640292,-0.094814,0.885204,0.753013,-0.152596,0.893430,-1.466949,0.071214,0.790793,-1.482540,-0.820934,0.470341,0.611443,-0.036842,0.948775,0.659820,-0.043886,0.772814,-1.556509,0.195339
1789159129.180103,-0.006914,-0.005225,0.002400,0.000723,0.002365,-0.001735,0.063285,-0.015301,-0.997878,0.000000,0.000000,0.000000,0.508065,-0.665933,0.425253,-0.540877,0.483869,0.509261,0.174249,0.062637,0.102910,0.105005,0.974702,0.776343,0.000000,0.000000,-0.000000,-0.000000,0.000000,-0.000000,0.000000,-0.000000,0.000000,-0.000000,0.000000,-0.000000,0.790793,-1.482540,-0.820934,0.470341,0.611443,-0.036842,0.948775,0.659820,-0.043886,0.772814,-1.556509,0.195339,0.958134,-1.630318,-0.970165,0.686465,0.625566,0.052659,0.982205,0.611495,-0.057246,0.579781,-1.622020,0.310293
1789159129.199521,-0.006429,-0.005847,0.003791,0.000324,0.002498,-0.002002,0.063418,-0.015342,-0.997869,0.000000,0.000000,0.000000,0.508065,-0.665933,0.425253,-0.540877,0.483869,0.509261,0.174249,0.062637,0.102910,0.105005,0.974702,0.776343,0.000000,0.000000,-0.000000,-0.000000,0.000000,-0.000000,0.000000,-0.000000,0.000000,-0.000000,0.000000,-0.000000,0.958134,-1.630318,-0.970165,0.686465,0.625566,0.052659,0.982205,0.611495,-0.057246,0.579781,-1.622020,0.310293,1.078522,-1.741797,-1.050069,0.813538,0.665177,0.128104,0.977096,0.627456,-0.192272,0.400529,-1.643831,0.352458
1789159129.219611,-0.006835,-0.005710,0.004577,0.000857,0.002365,-0.001602,0.063548,-0.015372,-0.997860,0.000000,0.000000,0.000000,0.508065,-0.665933,0.425253,-0.540877,0.483869,0.509261,0.174249,0.062637,0.102910,0.105005,0.974702,0.776343,0.000000,0.000000,-0.000000,-0.000000,0.000000,-0.000000,0.000000,-0.000000,0.000000,-0.000000,0.000000,-0.000000,1.078522,-1.741797,-1.050069,0.813538,0.665177,0.128104,0.977096,0.627456,-0.192272,0.400529,-1.643831,0.352458,1.097323,-1.764652,-1.021341,0.801351,0.684458,0.164157,0.938263,0.683830,-0.380979,0.312719,-1.610928,0.304799
1789159129.239800,-0.007982,-0.005323,0.005171,0.000590,0.002232,-0.002268,0.063683,-0.015406,-0.997851,0.000000,0.000000,0.000000,0.508065,-0.665933,0.425253,-0.540877,0.483869,0.509261,0.174249,0.062637,0.102910,0.105005,0.974702,0.776343,0.000000,0.000000,-0.000000,-0.000000,0.000000,-0.000000,0.000000,-0.000000,0.000000,-0.000000,0.000000,-0.000000,1.097323,-1.764652,-1.021341,0.801351,0.684458,0.164157,0.938263,0.683830,-0.380979,0.312719,-1.610928,0.304799,1.031443,-1.698405,-0.907413,0.676848,0.673610,0.149451,0.877362,0.746652,-0.530246,0.357061,-1.525489,0.207456
1789159129.259577,-0.007982,-0.005323,0.005171,0.000590,0.002232,-0.001735,0.063823,-0.015440,-0.997842,0.000000,0.000000,0.000000,0.508065,-0.665933,0.425253,-0.540877,0.483869,0.509261,0.174249,0.062637,0.102910,0.105005,0.974702,0.776343,0.000000,0.000000,-0.000000,-0.000000,0.000000,-0.000000,0.000000,-0.000000,0.000000,-0.000000,0.000000,-0.000000,1.031443,-1.698405,-0.907413,0.676848,0.673610,0.149451,0.877362,0.746652,-0.530246,0.357061,-1.525489,0.207456,0.918084,-1.574251,-0.771196,0.496342,0.661927,0.087836,0.819409,0.805258,-0.579725,0.514685,-1.421146,0.099731
1789159129.279855,-0.008767,-0.003946,0.002159,0.001256,0.003031,-0.002002,0.063939,-0.015458,-0.997834,0.000000,0.000000,0.000000,0.508065,-0.665933,0.425253,-0.540877,0.483869,0.509261,0.174249,0.062637,0.102910,0.105005,0.974702,0.776343,0.000000,0.000000,-0.000000,-0.000000,0.000000,-0.000000,0.000000,-0.000000,0.000000,-0.000000,0.000000,-0.000000,0.918084,-1.574251,-0.771196,0.496342,0.661927,0.087836,0.819409,0.805258,-0.579725,0.514685,-1.421146,0.099731,0.782586,-1.436137,-0.668749,0.327775,0.670290,0.000310,0.791052,0.846609,-0.510749,0.718389,-1.356853,0.019938
1789159129.299784,-0.008498,-0.004058,0.001730,0.000990,0.002498,-0.002002,0.064066,-0.015484,-0.997826,0.000000,0.000000,0.000000,0.508065,-0.665933,0.425253,-0.540877,0.483869,0.509261,0.174249,0.062637,0.102910,0.105005,0.974702,0.776343,0.000000,0.000000,-0.000000,-0.000000,0.000000,-0.000000,0.000000,-0.000000,0.000000,-0.000000,0.000000,-0.000000,0.782586,-1.436137,-0.668749,0.327775,0.670290,0.000310,0.791052,0.846609,-0.510749,0.718389,-1.356853,0.019938,0.678156,-1.349480,-0.631045,0.232866,0.674017,-0.079142,0.810738,0.839332,-0.356096,0.875431,-1.368574,-0.000987
1789159129.319541,-0.006766,-0.004608,0.001590,0.000191,0.002631,-0.002401,0.064189,-0.015525,-0.997817,0.000000,0.000000,0.000000,0.508065,-0.665933,0.425253,-0.540877,0.483869,0.509261,0.174249,0.062637,0.102910,0.105005,0.974702,0.776343,0.000000,0.000000,-0.000000,-0.000000,0.000000,-0.000000,0.000000,-0.000000,0.000000,-0.000000,0.000000,-0.000000,0.678156,-1.349480,-0.631045,0.232866,0.674017,-0.079142,0.810738,0.839332,-0.356096,0.875431,-1.368574,-0.000987,0.665478,-1.358690,-0.674087,0.264520,0.647522,-0.102408,0.872710,0.769799,-0.178979,0.906414,-1.447444,0.054958
1789159129.340109,-0.005926,-0.004744,0.001647,0.000590,0.002232,-0.002401,0.064318,-0.015561,-0.997808,0.000000,0.000000,0.000000,0.508065,-0.665933,0.425253,-0.540877,0.483869,0.509261,0.174249,0.062637,0.102910,0.105005,0.974702,0.776343,0.000000,0.000000,-0.000000,-0.000000,0.000000,-0.000000,0.000000,-0.000000,0.000000,-0.000000,0.000000,-0.000000,0.665478,-1.358690,-0.674087,0.264520,0.647522,-0.102408,0.872710,0.769799,-0.178979,0.906414,-1.447444,0.054958,0.765238,-1.460587,-0.796352,0.432357,0.614138,-0.053224,0.940674,0.674225,-0.053349,0.804057,-1.540848,0.173816
1789159129.360004,-0.002862,-0.004507,0.001202,0.000857,0.003297,-0.002401,0.064420,-0.015588,-0.997801,0.000000,0.000000,0.000000,0.508065,-0.665933,0.425253,-0.540877,0.483869,0.509261,0.174249,0.062637,0.102910,0.105005,0.974702,0.776343,0.000000,0.000000,-0.000000,-0.000000,0.000000,-0.000000,0.000000,-0.000000,0.000000,-0.000000,0.000000,-0.000000,0.765238,-1.460587,-0.796352,0.432357,0.614138,-0.053224,0.940674,0.674225,-0.053349,0.804057,-1.540848,0.173816,0.931735,-1.608297,-0.949567,0.654270,0.620141,0.036387,0.981058,0.614566,-0.043893,0.615685,-1.613853,0.296696
1789159129.380152,-0.001830,-0.004190,0.001072,0.000723,0.002897,-0.003067,0.064531,-0.015615,-0.997794,0.000000,0.000000,0.000000,0.508065,-0.665933,0.425253,-0.540877,0.483869,0.509261,0.174249,0.062637,0.102910,0.105005,0.974702,0.776343,0.000000,0.000000,-0.000000,-0.000000,0.000000,-0.000000,0.000000,-0.000000,0.000000,-0.000000,0.000000,-0.000000,0.931735,-1.608297,-0.949567,0.654270,0.620141,0.036387,0.981058,0.614566,-0.043893,0.615685,-1.613853,0.296696,1.066797,-1.731891,-1.046250,0.803032,0.659615,0.118560,0.983329,0.620926,-0.163562,0.426033,-1.646056,0.353973
1789159129.399612,0.001009,-0.001993,0.000810,0.000590,0.002232,-0.002268,0.064657,-0.015644,-0.997785,0.000000,0.000000,0.000000,0.508065,-0.665933,0.425253,-0.540877,0.483869,0.509261,0.174249,0.062637,0.102910,0.105005,0.974702,0.776343,0.000000,0.000000,-0.000000,-0.000000,0.000000,-0.000000,0.000000,-0.000000,0.000000,-0.000000,0.000000,-0.000000,1.066797,-1.731891,-1.046250,0.803032,0.659615,0.118560,0.983329,0.620926,-0.163562,0.426033,-1.646056,0.353973,1.102594,-1.770475,-1.034596,0.812816,0.684462,0.164494,0.950377,0.673606,-0.352390,0.318342,-1.624023,0.318223
1789159129.419608,0.001323,-0.000772,0.000811,0.000723,0.002232,-0.002135,0.064786,-0.015668,-0.997776,0.000000,0.000000,0.000000,0.508065,-0.665933,0.425253,-0.540877,0.483869,0.509261,0.174249,0.062637,0.102910,0.105005,0.974702,0.776343,0.000000,0.000000,-0.000000,-0.000000,0.000000,-0.000000,0.000000,-0.000000,0.000000,-0.000000,0.000000,-0.000000,1.102594,-1.770475,-1.034596,0.812816,0.684462,0.164494,0.950377,0.673606,-0.352390,0.318342,-1.624023,0.318223,1.046896,-1.715304,-0.929518,0.701802,0.677145,0.159731,0.891582,0.737361,-0.515660,0.340375,-1.546679,0.224110
1789159129.440955,0.000776,0.000782,0.000247,0.000590,0.002631,-0.002401,0.064892,-0.015699,-0.997769,0.000000,0.000000,0.000000,0.508065,-0.665933,0.425253,-0.540877,0.483869,0.509261,0.174249,0.062637,0.102910,0.105005,0.974702,0.776343,0.000000,0.000000,-0.000000,-0.000000,0.000000,-0.000000,0.000000,-0.000000,0.000000,-0.000000,0.000000,-0.000000,1.046896,-1.715304,-0.929518,0.701802,0.677145,0.159731,0.891582,0.737361,-0.515660,0.340375,-1.546679,0.224110,0.937688,-1.596104,-0.790179,0.523724,0.662657,0.105583,0.830975,0.796946,-0.585572,0.484215,-1.441553,0.113907
1789159129.460019,0.000404,0.001668,-0.000255,0.001123,0.003031,-0.002534,0.065001,-0.015722,-0.997761,0.000000,0.000000,0.000000,0.508065,-0.665933,0.425253,-0.540877,0.483869,0.509261,0.174249,0.062637,0.102910,0.105005,0.974702,0.776343,0.000000,0.000000,-0.000000,-0.000000,0.000000,-0.000000,0.000000,-0.000000,0.000000,-0.000000,0.000000,-0.000000,0.937688,-1.596104,-0.790179,0.523724,0.662657,0.105583,0.830975,0.796946,-0.585572,0.484215,-1.441553,0.113907,0.801279,-1.453735,-0.677763,0.347272,0.668271,0.019447,0.794872,0.843725,-0.534828,0.686504,-1.365979,0.025164
1789159129.479549,0.001234,0.002406,-0.000982,0.000723,0.002631,-0.002401,0.065113,-0.015751,-0.997754,0.000000,0.000000,0.000000,0.508065,-0.665933,0.425253,-0.540877,0.483869,0.509261,0.174249,0.062637,0.102910,0.105005,0.974702,0.776343,0.000000,0.000000,-0.000000,-0.000000,0.000000,-0.000000,0.000000,-0.000000,0.000000,-0.000000,0.000000,-0.000000,0.801279,-1.453735,-0.677763,0.347272,0.668271,0.019447,0.794872,0.843725,-0.534828,0.686504,-1.365979,0.025164,0.684695,-1.352336,-0.626655,0.234311,0.675494,-0.065596,0.805433,0.846939,-0.390031,0.858682,-1.365029,-0.008380
1789159129.499857,0.002751,0.002363,-0.001522,0.000590,0.003297,-0.002401,0.065214,-0.015782,-0.997746,0.000000,0.000000,0.000000,0.508065,-0.665933,0.425253,-0.540877,0.483869,0.509261,0.174249,0.062637,0.102910,0.105005,0.974702,0.776343,0.000000,0.000000,-0.000000,-0.000000,0.000000,-0.000000,0.000000,-0.000000,0.000000,-0.000000,0.000000,-0.000000,0.684695,-1.352336,-0.626655,0.234311,0.675494,-0.065596,0.805433,0.846939,-0.390031,0.858682,-1.365029,-0.008380,0.652164,-1.343540,-0.654545,0.240677,0.653395,-0.101101,0.862437,0.786053,-0.211055,0.913672,-1.437079,0.034199
1789159129.519591,0.004905,0.002376,-0.002088,0.000990,0.002365,-0.002268,0.065329,-0.015804,-0.997739,0.000000,0.000000,0.000000,0.508065,-0.665933,0.425253,-0.540877,0.483869,0.509261,0.174249,0.062637,0.102910,0.105005,0.974702,0.776343,0.000000,0.000000,-0.000000,-0.000000,0.000000,-0.000000,0.000000,-0.000000,0.000000,-0.000000,0.000000,-0.000000,0.652164,-1.343540,-0.654545,0.240677,0.653395,-0.101101,0.862437,0.786053,-0.211055,0.913672,-1.437079,0.034199,0.733976,-1.432281,-0.765432,0.388361,0.617304,-0.062175,0.932909,0.690326,-0.070687,0.831747,-1.532629,0.145674
1789159129.539473,0.008583,0.002837,-0.003183,0.001256,0.002897,-0.002800,0.065427,-0.015826,-0.997732,0.000000,0.000000,0.000000,0.508065,-0.665933,0.425253,-0.540877,0.483869,0.509261,0.174249,0.062637,0.102910,0.105005,0.974702,0.776343,0.000000,0.000000,-0.000000,-0.000000,0.000000,-0.000000,0.000000,-0.000000,0.000000,-0.000000,0.000000,-0.000000,0.733976,-1.432281,-0.765432,0.388361,0.617304,-0.062175,0.932909,0.690326,-0.070687,0.831747,-1.532629,0.145674,0.896405,-1.577749,-0.920085,0.611829,0.614829,0.025515,0.979934,0.620495,-0.037706,0.652635,-1.611133,0.274162
1789159129.559559,0.010669,0.003350,-0.003743,0.001123,0.003031,-0.002135,0.065523,-0.015840,-0.997725,0.000000,0.000000,0.000000,0.508065,-0.665933,0.425253,-0.540877,0.483869,0.509261,0.174249,0.062637,0.102910,0.105005,0.974702,0.776343,0.000000,0.000000,-0.000000,-0.000000,0.000000,-0.000000,0.000000,-0.000000,0.000000,-0.000000,0.000000,-0.000000,0.896405,-1.577749,-0.920085,0.611829,0.614829,0.025515,0.979934,0.620495,-0.037706,0.652635,-1.611133,0.274162,1.045675,-1.711752,-1.033912,0.780870,0.652704,0.112721,0.990104,0.616668,-0.138166,0.456596,-1.652144,0.346838
1789159129.579772,0.012326,0.004437,-0.003838,0.000857,0.002764,-0.002401,0.065621,-0.015870,-0.997718,0.000000,0.000000,0.000000,0.508065,-0.665933,0.425253,-0.540877,0.483869,0.509261,0.174249,0.062637,0.102910,0.105005,0.974702,0.776343,0.000000,0.000000,-0.000000,-0.000000,0.000000,-0.000000,0.000000,-0.000000,0.000000,-0.000000,0.000000,-0.000000,1.045675,-1.711752,-1.033912,0.780870,0.652704,0.112721,0.990104,0.616668,-0.138166,0.456596,-1.652144,0.346838,1.100863,-1.768144,-1.041724,0.816069,0.683039,0.166182,0.962797,0.664253,-0.322175,0.330028,-1.639130,0.326519
1789159129.599396,0.011892,0.005152,-0.003403,0.000990,0.002631,-0.002002,0.065726,-0.015889,-0.997711,0.000000,0.000000,0.000000,0.508065,-0.665933,0.425253,-0.540877,0.483869,0.509261,0.174249,0.062637,0.102910,0.105005,0.974702,0.776343,0.000000,0.000000,-0.000000,-0.000000,0.000000,-0.000000,0.000000,-0.000000,0.000000,-0.000000,0.000000,-0.000000,1.100863,-1.768144,-1.041724,0.816069,0.683039,0.166182,0.962797,0.664253,-0.322175,0.330028,-1.639130,0.326519,1.058532,-1.727806,-0.949433,0.722730,0.680486,0.170161,0.906965,0.728312,-0.496457,0.328383,-1.569588,0.238801
1789159129.619650,0.010074,0.005866,-0.003092,0.000990,0.002631,-0.001602,0.065824,-0.015902,-0.997705,0.000000,0.000000,0.000000,0.508065,-0.665933,0.425253,-0.540877,0.483869,0.509261,0.174249,0.062637,0.102910,0.105005,0.974702,0.776343,0.000000,0.000000,-0.000000,-0.000000,0.000000,-0.000000,0.000000,-0.000000,0.000000,-0.000000,0.000000,-0.000000,1.058532,-1.727806,-0.949433,0.722730,0.680486,0.170161,0.906965,0.728312,-0.496457,0.328383,-1.569588,0.238801,0.956302,-1.616143,-0.810477,0.550800,0.664124,0.122433,0.843561,0.788538,-0.585573,0.455849,-1.463846,0.128562
1789159129.639745,0.009335,0.006052,-0.003187,0.000857,0.002365,-0.002002,0.065929,-0.015926,-0.997697,0.000000,0.000000,0.000000,0.508065,-0.665933,0.425253,-0.540877,0.483869,0.509261,0.174249,0.062637,0.102910,0.105005,0.974702,0.776343,0.000000,0.000000,-0.000000,-0.000000,0.000000,-0.000000,0.000000,-0.000000,0.000000,-0.000000,0.000000,-0.000000,0.956302,-1.616143,-0.810477,0.550800,0.664124,0.122433,0.843561,0.788538,-0.585573,0.455849,-1.463846,0.128562,0.821415,-1.472390,-0.689185,0.368705,0.666655,0.038626,0.800331,0.839663,-0.554601,0.653908,-1.378177,0.032662
1789159129.659415,0.007653,0.005770,-0.003765,0.000990,0.002631,-0.002135,0.066029,-0.015947,-0.997690,0.000000,0.000000,0.000000,0.508065,-0.665933,0.425253,-0.540877,0.483869,0.509261,0.174249,0.062637,0.102910,0.105005,0.974702,0.776343,0.000000,0.000000,-0.000000,-0.000000,0.000000,-0.000000,0.000000,-0.000000,0.000000,-0.000000,0.000000,-0.000000,0.821415,-1.472390,-0.689185,0.368705,0.666655,0.038626,0.800331,0.839663,-0.554601,0.653908,-1.378177,0.032662,0.695109,-1.358291,-0.625291,0.239947,0.676586,-0.051394,0.800648,0.852695,-0.421589,0.838793,-1.362685,-0.012384
1789159129.679611,0.007690,0.004546,-0.004185,0.000990,0.002897,-0.001868,0.066124,-0.015965,-0.997684,0.000000,0.000000,0.000000,0.508065,-0.665933,0.425253,-0.540877,0.483869,0.509261,0.174249,0.062637,0.102910,0.105005,0.974702,0.776343,0.000000,0.000000,-0.000000,-0.000000,0.000000,-0.000000,0.000000,-0.000000,0.000000,-0.000000,0.000000,-0.000000,0.695109,-1.358291,-0.625291,0.239947,0.676586,-0.051394,0.800648,0.852695,-0.421589,0.838793,-1.362685,-0.012384,0.643572,-1.331459,-0.638166,0.221828,0.660075,-0.099804,0.850562,0.801977,-0.242637,0.918159,-1.424482,0.016588
1789159129.699976,0.008299,0.003725,-0.004024,0.001123,0.002498,-0.001735,0.066225,-0.015983,-0.997677,0.000000,0.000000,0.000000,0.508065,-0.665933,0.425253,-0.540877,0.483869,0.509261,0.174249,0.062637,0.102910,0.105005,0.974702,0.776343,0.000000,0.000000,-0.000000,-0.000000,0.000000,-0.000000,0.000000,-0.000000,0.000000,-0.000000,0.000000,-0.000000,0.643572,-1.331459,-0.638166,0.221828,0.660075,-0.099804,0.850562,0.801977,-0.242637,0.918159,-1.424482,0.016588,0.706029,-1.405648,-0.736438,0.347529,0.622536,-0.073723,0.921679,0.707396,-0.088802,0.857872,-1.519913,0.119469
1789159129.719610,0.008901,0.002968,-0.003699,0.001123,0.002232,-0.001735,0.066325,-0.016006,-0.997670,0.000000,0.000000,0.000000,0.508065,-0.665933,0.425253,-0.540877,0.483869,0.509261,0.174249,0.062637,0.102910,0.105005,0.974702,0.776343,0.000000,0.000000,-0.000000,-0.000000,0.000000,-0.000000,0.000000,-0.000000,0.000000,-0.000000,0.000000,-0.000000,0.706029,-1.405648,-0.736438,0.347529,0.622536,-0.073723,0.921679,0.707396,-0.088802,0.857872,-1.519913,0.119469,0.861577,-1.546641,-0.890381,0.569059,0.610753,0.008635,0.973902,0.627401,-0.031834,0.690384,-1.602120,0.252016
1789159129.740273,0.008977,0.002355,-0.002362,0.000990,0.002365,-0.001469,0.066419,-0.016027,-0.997663,0.000000,0.000000,0.000000,0.508065,-0.665933,0.425253,-0.540877,0.483869,0.509261,0.174249,0.062637,0.102910,0.105005,0.974702,0.776343,0.000000,0.000000,-0.000000,-0.000000,0.000000,-0.000000,0.000000,-0.000000,0.000000,-0.000000,0.000000,-0.000000,0.861577,-1.546641,-0.890381,0.569059,0.610753,0.008635,0.973902,0.627401,-0.031834,0.690384,-1.602120,0.252016,1.023135,-1.690428,-1.020378,0.758832,0.644326,0.098202,0.990702,0.611347,-0.109535,0.489699,-1.649770,0.340350
1789159129.760177,0.008326,0.002030,-0.001379,0.000723,0.002764,-0.001069,0.066517,-0.016052,-0.997656,0.000000,0.000000,0.000000,0.508065,-0.665933,0.425253,-0.540877,0.483869,0.509261,0.174249,0.062637,0.102910,0.105005,0.974702,0.776343,0.000000,0.000000,-0.000000,-0.000000,0.000000,-0.000000,0.000000,-0.000000,0.000000,-0.000000,0.000000,-0.000000,1.023135,-1.690428,-1.020378,0.758832,0.644326,0.098202,0.990702,0.611347,-0.109535,0.489699,-1.649770,0.340350,1.099560,-1.765318,-1.050391,0.821785,0.679557,0.158065,0.968574,0.651801,-0.284726,0.344272,-1.645669,0.338463
1789159129.779503,0.005676,0.001677,0.000366,0.000590,0.002764,-0.001602,0.066609,-0.016085,-0.997650,0.000000,0.000000,0.000000,0.508065,-0.665933,0.425253,-0.540877,0.483869,0.509261,0.174249,0.062637,0.102910,0.105005,0.974702,0.776343,0.000000,0.000000,-0.000000,-0.000000,0.000000,-0.000000,0.000000,-0.000000,0.000000,-0.000000,0.000000,-0.000000,1.099560,-1.765318,-1.050391,0.821785,0.679557,0.158065,0.968574,0.651801,-0.284726,0.344272,-1.645669,0.338463,1.073331,-1.743246,-0.974500,0.750035,0.682942,0.170618,0.916457,0.715459,-0.467960,0.316324,-1.584737,0.259982
1789159129.799533,0.003027,0.001379,0.000936,0.000723,0.002232,-0.001336,0.066707,-0.016107,-0.997643,0.000000,0.000000,0.000000,0.508065,-0.665933,0.425253,-0.540877,0.483869,0.509261,0.174249,0.062637,0.102910,0.105005,0.974702,0.776343,0.000000,0.000000,-0.000000,-0.000000,0.000000,-0.000000,0.000000,-0.000000,0.000000,-0.000000,0.000000,-0.000000,1.073331,-1.743246,-0.974500,0.750035,0.682942,0.170618,0.916457,0.715459,-0.467960,0.316324,-1.584737,0.259982,0.980045,-1.643155,-0.839052,0.587887,0.665970,0.130726,0.851775,0.776627,-0.576921,0.423495,-1.480795,0.151740
1789159129.819609,0.000165,0.000961,0.000468,0.001389,0.002498,-0.001203,0.066805,-0.016118,-0.997636,0.000000,0.000000,0.000000,0.508065,-0.665933,0.425253,-0.540877,0.483869,0.509261,0.174249,0.062637,0.102910,0.105005,0.974702,0.776343,0.000000,0.000000,-0.000000,-0.000000,0.000000,-0.000000,0.000000,-0.000000,0.000000,-0.000000,0.000000,-0.000000,0.980045,-1.643155,-0.839052,0.587887,0.665970,0.130726,0.851775,0.776627,-0.576921,0.423495,-1.480795,0.151740,0.849493,-1.501953,-0.710817,0.402152,0.664289,0.051037,0.802408,0.830745,-0.568415,0.615043,-1.385836,0.050959
1789159129.839674,-0.003127,-0.000016,-0.000346,0.000590,0.002098,-0.001336,0.066912,-0.016153,-0.997628,0.000000,0.000000,0.000000,0.508065,-0.665933,0.425253,-0.540877,0.483869,0.509261,0.174249,0.062637,0.102910,0.105005,0.974702,0.776343,0.000000,0.000000,-0.000000,-0.000000,0.000000,-0.000000,0.000000,-0.000000,0.000000,-0.000000,0.000000,-0.000000,0.849493,-1.501953,-0.710817,0.402152,0.664289,0.051037,0.802408,0.830745,-0.568415,0.615043,-1.385836,0.050959,0.716795,-1.377111,-0.635046,0.258546,0.676081,-0.041467,0.793430,0.853406,-0.449786,0.812162,-1.354174,-0.005191
1789159129.859858,-0.004192,-0.001268,-0.000677,0.000324,0.002232,-0.000936,0.067004,-0.016182,-0.997621,0.000000,0.000000,0.000000,0.508065,-0.665933,0.425253,-0.540877,0.483869,0.509261,0.174249,0.062637,0.102910,0.105005,0.974702,0.776343,0.000000,0.000000,-0.000000,-0.000000,0.000000,-0.000000,0.000000,-0.000000,0.000000,-0.000000,0.000000,-0.000000,0.716795,-1.377111,-0.635046,0.258546,0.676081,-0.041467,0.793430,0.853406,-0.449786,0.812162,-1.354174,-0.005191,0.647533,-1.331827,-0.633455,0.216136,0.666141,-0.101766,0.836143,0.814265,-0.272595,0.917464,-1.403121,0.009866
1789159129.880291,-0.004492,-0.003177,-0.000367,0.000857,0.001832,-0.000803,0.067108,-0.016203,-0.997614,0.000000,0.000000,0.000000,0.508065,-0.665933,0.425253,-0.540877,0.483869,0.509261,0.174249,0.062637,0.102910,0.105005,0.974702,0.776343,0.000000,0.000000,-0.000000,-0.000000,0.000000,-0.000000,0.000000,-0.000000,0.000000,-0.000000,0.000000,-0.000000,0.647533,-1.331827,-0.633455,0.216136,0.666141,-0.101766,0.836143,0.814265,-0.272595,0.917464,-1.403121,0.009866,0.689525,-1.389340,-0.717591,0.317187,0.629672,-0.090029,0.907074,0.723318,-0.106853,0.881388,-1.496685,0.102281
1789159129.899598,-0.004197,-0.004101,0.000564,0.000857,0.001965,-0.001203,0.067203,-0.016227,-0.997607,0.000000,0.000000,0.000000,0.508065,-0.665933,0.425253,-0.540877,0.483869,0.509261,0.174249,0.062637,0.102910,0.105005,0.974702,0.776343,0.000000,0.000000,-0.000000,-0.000000,0.000000,-0.000000,0.000000,-0.000000,0.000000,-0.000000,0.000000,-0.000000,0.689525,-1.389340,-0.717591,0.317187,0.629672,-0.090029,0.907074,0.723318,-0.106853,0.881388,-1.496685,0.102281,0.834462,-1.523534,-0.867200,0.532421,0.609164,-0.014847,0.964889,0.634471,-0.026877,0.727127,-1.583097,0.236017
1789159129.919765,-0.003849,-0.004667,0.002235,0.000324,0.002365,-0.001069,0.067284,-0.016255,-0.997601,0.000000,0.000000,0.000000,0.508065,-0.665933,0.425253,-0.540877,0.483869,0.509261,0.174249,0.062637,0.102910,0.105005,0.974702,0.776343,0.000000,0.000000,-0.000000,-0.000000,0.000000,-0.000000,0.000000,-0.000000,0.000000,-0.000000,0.000000,-0.000000,0.834462,-1.523534,-0.867200,0.532421,0.609164,-0.014847,0.964889,0.634471,-0.026877,0.727127,-1.583097,0.236017,1.004378,-1.673992,-1.009737,0.739511,0.636499,0.077042,0.988129,0.605410,-0.081211,0.523138,-1.638763,0.338223
1789159129.939435,-0.003911,-0.004721,0.002777,0.000590,0.002098,-0.000936,0.067383,-0.016275,-0.997594,0.000000,0.000000,0.000000,0.508065,-0.665933,0.425253,-0.540877,0.483869,0.509261,0.174249,0.062637,0.102910,0.105005,0.974702,0.776343,0.000000,0.000000,-0.000000,-0.000000,0.000000,-0.000000,0.000000,-0.000000,0.000000,-0.000000,0.000000,-0.000000,1.004378,-1.673992,-1.009737,0.739511,0.636499,0.077042,0.988129,0.605410,-0.081211,0.523138,-1.638763,0.338223,1.100189,-1.765700,-1.060192,0.829268,0.675433,0.144587,0.971654,0.637775,-0.246219,0.359766,-1.645508,0.353751
1789159129.959537,-0.005027,-0.003724,0.004562,0.000590,0.002098,-0.000803,0.067483,-0.016291,-0.997587,0.000000,0.000000,0.000000,0.508065,-0.665933,0.425253,-0.540877,0.483869,0.509261,0.174249,0.062637,0.102910,0.105005,0.974702,0.776343,0.000000,0.000000,-0.000000,-0.000000,0.000000,-0.000000,0.000000,-0.000000,0.000000,-0.000000,0.000000,-0.000000,1.100189,-1.765700,-1.060192,0.829268,0.675433,0.144587,0.971654,0.637775,-0.246219,0.359766,-1.645508,0.353751,1.089860,-1.760364,-1.000697,0.778000,0.684888,0.167359,0.924090,0.700595,-0.437680,0.306789,-1.595302,0.283946
1789159129.979940,-0.007455,-0.003312,0.004698,0.000857,0.002232,-0.000936,0.067571,-0.016311,-0.997581,0.000000,0.000000,0.000000,0.508065,-0.665933,0.425253,-0.540877,0.483869,0.509261,0.174249,0.062637,0.102910,0.105005,0.974702,0.776343,0.000000,0.000000,-0.000000,-0.000000,0.000000,-0.000000,0.000000,-0.000000,0.000000,-0.000000,0.000000,-0.000000,1.089860,-1.760364,-1.000697,0.778000,0.684888,0.167359,0.924090,0.700595,-0.437680,0.306789,-1.595302,0.283946,1.004673,-1.670990,-0.869355,0.625950,0.668399,0.136980,0.859291,0.763020,-0.565975,0.392186,-1.496241,0.177298
1789159129.999882,-0.009347,-0.003143,0.004101,0.000457,0.002098,-0.000936,0.067656,-0.016341,-0.997575,0.000000,0.000000,0.000000,0.508065,-0.665933,0.425253,-0.540877,0.483869,0.509261,0.174249,0.062637,0.102910,0.105005,0.974702,0.776343,0.000000,0.000000,-0.000000,-0.000000,0.000000,-0.000000,0.000000,-0.000000,0.000000,-0.000000,0.000000,-0.000000,1.004673,-1.670990,-0.869355,0.625950,0.668399,0.136980,0.859291,0.763020,-0.565975,0.392186,-1.496241,0.177298,0.878145,-1.532875,-0.734426,0.437629,0.662266,0.063322,0.805323,0.819898,-0.580407,0.575360,-1.394789,0.071054
1789159130.020316,-0.010659,-0.003106,0.003335,0.000857,0.001832,-0.000803,0.067742,-0.016363,-0.997569,0.000000,0.000000,0.000000,0.508065,-0.665933,0.425253,-0.540877,0.483869,0.509261,0.174249,0.062637,0.102910,0.105005,0.974702,0.776343,0.000000,0.000000,-0.000000,-0.000000,0.000000,-0.000000,0.000000,-0.000000,0.000000,-0.000000,0.000000,-0.000000,0.878145,-1.532875,-0.734426,0.437629,0.662266,0.063322,0.805323,0.819898,-0.580407,0.575360,-1.394789,0.071054,0.740533,-1.398588,-0.646887,0.280350,0.674280,-0.029542,0.788369,0.851600,-0.477829,0.781518,-1.348556,0.003559
1789159130.040484,-0.011026,-0.003719,0.002535,0.000457,0.002232,-0.000670,0.067818,-0.016396,-0.997563,0.000000,0.000000,0.000000,0.508065,-0.665933,0.425253,-0.540877,0.483869,0.509261,0.174249,0.062637,0.102910,0.105005,0.974702,0.776343,0.000000,0.000000,-0.000000,-0.000000,0.000000,-0.000000,0.000000,-0.000000,0.000000,-0.000000,0.000000,-0.000000,0.740533,-1.398588,-0.646887,0.280350,0.674280,-0.029542,0.788369,0.851600,-0.477829,0.781518,-1.348556,0.003559,0.654426,-1.335236,-0.630777,0.214870,0.670634,-0.099660,0.823647,0.824887,-0.304799,0.911003,-1.384452,0.004231
1789159130.059880,-0.009970,-0.004251,0.002595,0.001123,0.001566,-0.000803,0.067915,-0.016406,-0.997556,0.000000,0.000000,0.000000,0.508065,-0.665933,0.425253,-0.540877,0.483869,0.509261,0.174249,0.062637,0.102910,0.105005,0.974702,0.776343,0.000000,0.000000,-0.000000,-0.000000,0.000000,-0.000000,0.000000,-0.000000,0.000000,-0.000000,0.000000,-0.000000,0.654426,-1.335236,-0.630777,0.214870,0.670634,-0.099660,0.823647,0.824887,-0.304799,0.911003,-1.384452,0.004231,0.675015,-1.374966,-0.699969,0.289968,0.636357,-0.101099,0.894276,0.739489,-0.129906,0.899984,-1.475990,0.084298
1789159130.081238,-0.007279,-0.004304,0.002842,0.000857,0.001566,-0.000537,0.068017,-0.016419,-0.997549,0.000000,0.000000,0.000000,0.508065,-0.665933,0.425253,-0.540877,0.483869,0.509261,0.174249,0.062637,0.102910,0.105005,0.974702,0.776343,0.000000,0.000000,-0.000000,-0.000000,0.000000,-0.000000,0.000000,-0.000000,0.000000,-0.000000,0.000000,-0.000000,0.675015,-1.374966,-0.699969,0.289968,0.636357,-0.101099,0.894276,0.739489,-0.129906,0.899984,-1.475990,0.084298,0.806607,-1.499800,-0.842581,0.492939,0.608700,-0.033066,0.958031,0.644758,-0.029346,0.761937,-1.567217,0.215915
1789159130.100012,-0.005354,-0.003871,0.003157,0.000723,0.001965,-0.000004,0.068105,-0.016440,-0.997543,0.000000,0.000000,0.000000,0.508065,-0.665933,0.425253,-0.540877,0.483869,0.509261,0.174249,0.062637,0.102910,0.105005,0.974702,0.776343,0.000000,0.000000,-0.000000,-0.000000,0.000000,-0.000000,0.000000,-0.000000,0.000000,-0.000000,0.000000,-0.000000,0.806607,-1.499800,-0.842581,0.492939,0.608700,-0.033066,0.958031,0.644758,-0.029346,0.761937,-1.567217,0.215915,0.980714,-1.652989,-0.993799,0.711892,0.629042,0.061222,0.988516,0.603258,-0.060012,0.558715,-1.631425,0.329314
1789159130.119417,-0.003638,-0.003237,0.003227,0.000191,0.002098,-0.000670,0.068189,-0.016469,-0.997536,0.000000,0.000000,0.000000,0.508065,-0.665933,0.425253,-0.540877,0.483869,0.509261,0.174249,0.062637,0.102910,0.105005,0.974702,0.776343,0.000000,0.000000,-0.000000,-0.000000,0.000000,-0.000000,0.000000,-0.000000,0.000000,-0.000000,0.000000,-0.000000,0.980714,-1.652989,-0.993799,0.711892,0.629042,0.061222,0.988516,0.603258,-0.060012,0.558715,-1.631425,0.329314,1.094291,-1.759678,-1.063580,0.826850,0.670550,0.136513,0.979023,0.627050,-0.211984,0.380546,-1.649092,0.361570
1789159130.139695,-0.002392,-0.001766,0.003045,0.000324,0.002098,-0.000670,0.068269,-0.016497,-0.997531,0.000000,0.000000,0.000000,0.508065,-0.665933,0.425253,-0.540877,0.483869,0.509261,0.174249,0.062637,0.102910,0.105005,0.974702,0.776343,0.000000,0.000000,-0.000000,-0.000000,0.000000,-0.000000,0.000000,-0.000000,0.000000,-0.000000,0.000000,-0.000000,1.094291,-1.759678,-1.063580,0.826850,0.670550,0.136513,0.979023,0.627050,-0.211984,0.380546,-1.649092,0.361570,1.100529,-1.771300,-1.020527,0.796863,0.686384,0.169258,0.936489,0.688350,-0.408934,0.304621,-1.609928,0.301816
1789159130.159463,-0.002520,-0.000827,0.002597,0.001123,0.001965,-0.000537,0.068354,-0.016512,-0.997525,0.000000,0.000000,0.000000,0.508065,-0.665933,0.425253,-0.540877,0.483869,0.509261,0.174249,0.062637,0.102910,0.105005,0.974702,0.776343,0.000000,0.000000,-0.000000,-0.000000,0.000000,-0.000000,0.000000,-0.000000,0.000000,-0.000000,0.000000,-0.000000,1.100529,-1.771300,-1.020527,0.796863,0.686384,0.169258,0.936489,0.688350,-0.408934,0.304621,-1.609928,0.301816,1.024217,-1.692263,-0.894762,0.656502,0.671869,0.148385,0.872112,0.752186,-0.554539,0.367907,-1.517091,0.197081
1789159130.179561,-0.003337,0.000514,0.001166,0.000590,0.001832,-0.000803,0.068448,-0.016535,-0.997518,0.000000,0.000000,0.000000,0.508065,-0.665933,0.425253,-0.540877,0.483869,0.509261,0.174249,0.062637,0.102910,0.105005,0.974702,0.776343,0.000000,0.000000,-0.000000,-0.000000,0.000000,-0.000000,0.000000,-0.000000,0.000000,-0.000000,0.000000,-0.000000,1.024217,-1.692263,-0.894762,0.656502,0.671869,0.148385,0.872112,0.752186,-0.554539,0.367907,-1.517091,0.197081,0.901555,-1.557431,-0.753946,0.467283,0.661806,0.081222,0.814097,0.811223,-0.591339,0.540327,-1.411690,0.085996
1789159130.199768,-0.003417,0.001296,0.000161,0.000457,0.001699,-0.000537,0.068530,-0.016563,-0.997512,0.000000,0.000000,0.000000,0.508065,-0.665933,0.425253,-0.540877,0.483869,0.509261,0.174249,0.062637,0.102910,0.105005,0.974702,0.776343,0.000000,0.000000,-0.000000,-0.000000,0.000000,-0.000000,0.000000,-0.000000,0.000000,-0.000000,0.000000,-0.000000,0.901555,-1.557431,-0.753946,0.467283,0.661806,0.081222,0.814097,0.811223,-0.591339,0.540327,-1.411690,0.085996,0.760079,-1.414945,-0.654224,0.298019,0.672880,-0.010981,0.788769,0.850782,-0.506599,0.750552,-1.352983,0.007545
1789159130.219390,-0.002788,0.001657,-0.000455,0.000723,0.002098,-0.000537,0.068609,-0.016585,-0.997506,0.000000,0.000000,0.000000,0.508065,-0.665933,0.425253,-0.540877,0.483869,0.509261,0.174249,0.062637,0.102910,0.105005,0.974702,0.776343,0.000000,0.000000,-0.000000,-0.000000,0.000000,-0.000000,0.000000,-0.000000,0.000000,-0.000000,0.000000,-0.000000,0.760079,-1.414945,-0.654224,0.298019,0.672880,-0.010981,0.788769,0.850782,-0.506599,0.750552,-1.352983,0.007545,0.657876,-1.333975,-0.623076,0.210711,0.674599,-0.089500,0.815151,0.836286,-0.340599,0.900467,-1.375940,-0.006365
1789159130.239716,-0.000030,0.001535,-0.001268,0.001123,0.002365,-0.000537,0.068679,-0.016596,-0.997501,0.000000,0.000000,0.000000,0.508065,-0.665933,0.425253,-0.540877,0.483869,0.509261,0.174249,0.062637,0.102910,0.105005,0.974702,0.776343,0.000000,0.000000,-0.000000,-0.000000,0.000000,-0.000000,0.000000,-0.000000,0.000000,-0.000000,0.000000,-0.000000,0.657876,-1.333975,-0.623076,0.210711,0.674599,-0.089500,0.815151,0.836286,-0.340599,0.900467,-1.375940,-0.006365,0.656642,-1.354926,-0.676200,0.258647,0.643720,-0.104298,0.882767,0.758309,-0.160056,0.914587,-1.463755,0.059996
1789159130.260060,0.002522,0.001611,-0.001694,0.001123,0.002631,-0.000404,0.068751,-0.016610,-0.997496,0.000000,0.000000,0.000000,0.508065,-0.665933,0.425253,-0.540877,0.483869,0.509261,0.174249,0.062637,0.102910,0.105005,0.974702,0.776343,0.000000,0.000000,-0.000000,-0.000000,0.000000,-0.000000,0.000000,-0.000000,0.000000,-0.000000,0.000000,-0.000000,0.656642,-1.354926,-0.676200,0.258647,0.643720,-0.104298,0.882767,0.758309,-0.160056,0.914587,-1.463755,0.059996,0.771913,-1.468978,-0.809424,0.444853,0.610411,-0.045162,0.951134,0.660101,-0.040915,0.795371,-1.558846,0.187461
1789159130.279577,0.006181,0.002243,-0.002016,0.000857,0.002098,-0.000537,0.068830,-0.016632,-0.997490,0.000000,0.000000,0.000000,0.508065,-0.665933,0.425253,-0.540877,0.483869,0.509261,0.174249,0.062637,0.102910,0.105005,0.974702,0.776343,0.000000,0.000000,-0.000000,-0.000000,0.000000,-0.000000,0.000000,-0.000000,0.000000,-0.000000,0.000000,-0.000000,0.771913,-1.468978,-0.809424,0.444853,0.610411,-0.045162,0.951134,0.660101,-0.040915,0.795371,-1.558846,0.187461,0.947268,-1.623532,-0.966832,0.672788,0.622399,0.049760,0.989046,0.606454,-0.046522,0.596765,-1.629912,0.310390
1789159130.300471,0.007235,0.002512,-0.002163,0.000857,0.001699,-0.000004,0.068911,-0.016645,-0.997484,0.000000,0.000000,0.000000,0.508065,-0.665933,0.425253,-0.540877,0.483869,0.509261,0.174249,0.062637,0.102910,0.105005,0.974702,0.776343,0.000000,0.000000,-0.000000,-0.000000,0.000000,-0.000000,0.000000,-0.000000,0.000000,-0.000000,0.000000,-0.000000,0.947268,-1.623532,-0.966832,0.672788,0.622399,0.049760,0.989046,0.606454,-0.046522,0.596765,-1.629912,0.310390,1.078775,-1.743950,-1.056599,0.812077,0.664864,0.131585,0.987065,0.620633,-0.181974,0.407610,-1.657257,0.359713
1789159130.319530,0.008898,0.003785,-0.002128,0.000324,0.001965,-0.000537,0.068982,-0.016674,-0.997479,0.000000,0.000000,0.000000,0.508065,-0.665933,0.425253,-0.540877,0.483869,0.509261,0.174249,0.062637,0.102910,0.105005,0.974702,0.776343,0.000000,0.000000,-0.000000,-0.000000,0.000000,-0.000000,0.000000,-0.000000,0.000000,-0.000000,0.000000,-0.000000,1.078775,-1.743950,-1.056599,0.812077,0.664864,0.131585,0.987065,0.620633,-0.181974,0.407610,-1.657257,0.359713,1.103891,-1.773638,-1.032471,0.806421,0.687009,0.172916,0.950182,0.678744,-0.379163,0.310433,-1.627526,0.313045
1789159130.339517,0.008606,0.005092,-0.001855,-0.000076,0.001832,-0.000004,0.069064,-0.016714,-0.997472,0.000000,0.000000,0.000000,0.508065,-0.665933,0.425253,-0.540877,0.483869,0.509261,0.174249,0.062637,0.102910,0.105005,0.974702,0.776343,0.000000,0.000000,-0.000000,-0.000000,0.000000,-0.000000,0.000000,-0.000000,0.000000,-0.000000,0.000000,-0.000000,1.103891,-1.773638,-1.032471,0.806421,0.687009,0.172916,0.950182,0.678744,-0.379163,0.310433,-1.627526,0.313045,1.038770,-1.707500,-0.916430,0.681177,0.675790,0.161233,0.887807,0.743393,-0.538928,0.350173,-1.541674,0.212722
1789159130.360389,0.007418,0.005650,-0.001860,0.000590,0.001832,-0.000404,0.069137,-0.016731,-0.997467,0.000000,0.000000,0.000000,0.508065,-0.665933,0.425253,-0.540877,0.483869,0.509261,0.174249,0.062637,0.102910,0.105005,0.974702,0.776343,0.000000,0.000000,-0.000000,-0.000000,0.000000,-0.000000,0.000000,-0.000000,0.000000,-0.000000,0.000000,-0.000000,1.038770,-1.707500,-0.916430,0.681177,0.675790,0.161233,0.887807,0.743393,-0.538928,0.350173,-1.541674,0.212722,0.922245,-1.579076,-0.773299,0.495562,0.662243,0.099801,0.825993,0.803454,-0.596442,0.508258,-1.433014,0.099798
1789159130.379890,0.005807,0.006056,-0.002335,0.000324,0.001832,-0.000404,0.069207,-0.016759,-0.997462,0.000000,0.000000,0.000000,0.508065,-0.665933,0.425253,-0.540877,0.483869,0.509261,0.174249,0.062637,0.102910,0.105005,0.974702,0.776343,0.000000,0.000000,-0.000000,-0.000000,0.000000,-0.000000,0.000000,-0.000000,0.000000,-0.000000,0.000000,-0.000000,0.922245,-1.579076,-0.773299,0.495562,0.662243,0.099801,0.825993,0.803454,-0.596442,0.508258,-1.433014,0.099798,0.780425,-1.432856,-0.663545,0.318510,0.670745,0.008750,0.792444,0.848560,-0.530668,0.717316,-1.362325,0.013155
1789159130.399729,0.005574,0.005766,-0.003076,0.000990,0.002232,-0.000936,0.069273,-0.016766,-0.997457,0.000000,0.000000,0.000000,0.508065,-0.665933,0.425253,-0.540877,0.483869,0.509261,0.174249,0.062637,0.102910,0.105005,0.974702,0.776343,0.000000,0.000000,-0.000000,-0.000000,0.000000,-0.000000,0.000000,-0.000000,0.000000,-0.000000,0.000000,-0.000000,0.780425,-1.432856,-0.663545,0.318510,0.670745,0.008750,0.792444,0.848560,-0.530668,0.717316,-1.362325,0.013155,0.665739,-1.337212,-0.618798,0.213161,0.676830,-0.076674,0.808591,0.845346,-0.374669,0.883668,-1.370741,-0.013551
1789159130.420530,0.006489,0.004533,-0.003603,0.001256,0.002098,-0.001069,0.069335,-0.016764,-0.997453,0.000000,0.000000,0.000000,0.508065,-0.665933,0.425253,-0.540877,0.483869,0.509261,0.174249,0.062637,0.102910,0.105005,0.974702,0.776343,0.000000,0.000000,-0.000000,-0.000000,0.000000,-0.000000,0.000000,-0.000000,0.000000,-0.000000,0.000000,-0.000000,0.665739,-1.337212,-0.618798,0.213161,0.676830,-0.076674,0.808591,0.845346,-0.374669,0.883668,-1.370741,-0.013551,0.643707,-1.339731,-0.656091,0.234869,0.650705,-0.105502,0.870421,0.776402,-0.191658,0.923469,-1.450420,0.038764
1789159130.440259,0.007527,0.003983,-0.003314,0.000990,0.001699,-0.001203,0.069412,-0.016781,-0.997447,0.000000,0.000000,0.000000,0.508065,-0.665933,0.425253,-0.540877,0.483869,0.509261,0.174249,0.062637,0.102910,0.105005,0.974702,0.776343,0.000000,0.000000,-0.000000,-0.000000,0.000000,-0.000000,0.000000,-0.000000,0.000000,-0.000000,0.000000,-0.000000,0.643707,-1.339731,-0.656091,0.234869,0.650705,-0.105502,0.870421,0.776402,-0.191658,0.923469,-1.450420,0.038764,0.740128,-1.440609,-0.777696,0.400843,0.613630,-0.058037,0.941390,0.677061,-0.056024,0.825443,-1.546814,0.159151
1789159130.459928,0.008475,0.003484,-0.003095,0.000990,0.002631,-0.000670,0.069471,-0.016788,-0.997443,0.000000,0.000000,0.000000,0.508065,-0.665933,0.425253,-0.540877,0.483869,0.509261,0.174249,0.062637,0.102910,0.105005,0.974702,0.776343,0.000000,0.000000,-0.000000,-0.000000,0.000000,-0.000000,0.000000,-0.000000,0.000000,-0.000000,0.000000,-0.000000,0.740128,-1.440609,-0.777696,0.400843,0.613630,-0.058037,0.941390,0.677061,-0.056024,0.825443,-1.546814,0.159151,0.912663,-1.593459,-0.938157,0.632315,0.616016,0.033669,0.985049,0.611345,-0.036023,0.635199,-1.622498,0.289825
1789159130.480026,0.009145,0.003062,-0.002266,0.000324,0.001832,-0.001336,0.069547,-0.016807,-0.997437,0.000000,0.000000,0.000000,0.508065,-0.665933,0.425253,-0.540877,0.483869,0.509261,0.174249,0.062637,0.102910,0.105005,0.974702,0.776343,0.000000,0.000000,-0.000000,-0.000000,0.000000,-0.000000,0.000000,-0.000000,0.000000,-0.000000,0.000000,-0.000000,0.912663,-1.593459,-0.938157,0.632315,0.616016,0.033669,0.985049,0.611345,-0.036023,0.635199,-1.622498,0.289825,1.060009,-1.727036,-1.046836,0.795767,0.657063,0.119741,0.990618,0.614424,-0.151056,0.437626,-1.657825,0.356261
1789159130.500272,0.008481,0.002997,-0.001451,0.000723,0.002631,-0.000803,0.069598,-0.016829,-0.997433,0.000000,0.000000,0.000000,0.508065,-0.665933,0.425253,-0.540877,0.483869,0.509261,0.174249,0.062637,0.102910,0.105005,0.974702,0.776343,0.000000,0.000000,-0.000000,-0.000000,0.000000,-0.000000,0.000000,-0.000000,0.000000,-0.000000,0.000000,-0.000000,1.060009,-1.727036,-1.046836,0.795767,0.657063,0.119741,0.990618,0.614424,-0.151056,0.437626,-1.657825,0.356261,1.106024,-1.775651,-1.044222,0.817134,0.685097,0.168287,0.958482,0.666920,-0.343728,0.319263,-1.637408,0.326494
1789159130.519960,0.005863,0.002998,-0.000318,0.000857,0.001832,-0.001203,0.069676,-0.016846,-0.997427,0.000000,0.000000,0.000000,0.508065,-0.665933,0.425253,-0.540877,0.483869,0.509261,0.174249,0.062637,0.102910,0.105005,0.974702,0.776343,0.000000,0.000000,-0.000000,-0.000000,0.000000,-0.000000,0.000000,-0.000000,0.000000,-0.000000,0.000000,-0.000000,1.106024,-1.775651,-1.044222,0.817134,0.685097,0.168287,0.958482,0.666920,-0.343728,0.319263,-1.637408,0.326494,1.054658,-1.725883,-0.941652,0.711272,0.678790,0.165625,0.898694,0.731854,-0.515614,0.332321,-1.559769,0.233035
1789159130.539889,0.003327,0.002823,-0.000148,0.000457,0.002365,-0.001203,0.069736,-0.016873,-0.997423,0.000000,0.000000,0.000000,0.508065,-0.665933,0.425253,-0.540877,0.483869,0.509261,0.174249,0.062637,0.102910,0.105005,0.974702,0.776343,0.000000,0.000000,-0.000000,-0.000000,0.000000,-0.000000,0.000000,-0.000000,0.000000,-0.000000,0.000000,-0.000000,1.054658,-1.725883,-0.941652,0.711272,0.678790,0.165625,0.898694,0.731854,-0.515614,0.332321,-1.559769,0.233035,0.946170,-1.607049,-0.799043,0.532012,0.662636,0.111528,0.834308,0.792503,-0.594757,0.473069,-1.450239,0.120660
1789159130.560087,0.000675,0.002472,-0.000312,0.000058,0.002498,-0.001336,0.069796,-0.016914,-0.997418,0.000000,0.000000,0.000000,0.508065,-0.665933,0.425253,-0.540877,0.483869,0.509261,0.174249,0.062637,0.102910,0.105005,0.974702,0.776343,0.000000,0.000000,-0.000000,-0.000000,0.000000,-0.000000,0.000000,-0.000000,0.000000,-0.000000,0.000000,-0.000000,0.946170,-1.607049,-0.799043,0.532012,0.662636,0.111528,0.834308,0.792503,-0.594757,0.473069,-1.450239,0.120660,0.806777,-1.460276,-0.680618,0.349035,0.667815,0.023245,0.793448,0.842402,-0.550377,0.679093,-1.367488,0.027124
1789159130.580255,-0.001988,0.001260,-0.000838,0.000457,0.002098,-0.001203,0.069863,-0.016934,-0.997413,0.000000,0.000000,0.000000,0.508065,-0.665933,0.425253,-0.540877,0.483869,0.509261,0.174249,0.062637,0.102910,0.105005,0.974702,0.776343,0.000000,0.000000,-0.000000,-0.000000,0.000000,-0.000000,0.000000,-0.000000,0.000000,-0.000000,0.000000,-0.000000,0.806777,-1.460276,-0.680618,0.349035,0.667815,0.023245,0.793448,0.842402,-0.550377,0.679093,-1.367488,0.027124,0.682072,-1.350513,-0.623194,0.225890,0.677894,-0.067480,0.799365,0.850448,-0.406183,0.862352,-1.359245,-0.011932
1789159130.601336,-0.002513,-0.000063,-0.000918,0.001123,0.002365,-0.001336,0.069912,-0.016942,-0.997409,0.000000,0.000000,0.000000,0.508065,-0.665933,0.425253,-0.540877,0.483869,0.509261,0.174249,0.062637,0.102910,0.105005,0.974702,0.776343,0.000000,0.000000,-0.000000,-0.000000,0.000000,-0.000000,0.000000,-0.000000,0.000000,-0.000000,0.000000,-0.000000,0.682072,-1.350513,-0.623194,0.225890,0.677894,-0.067480,0.799365,0.850448,-0.406183,0.862352,-1.359245,-0.011932,0.640029,-1.333907,-0.645245,0.221065,0.657928,-0.110372,0.855279,0.791921,-0.221617,0.929562,-1.428486,0.026350
1789159130.620214,-0.002552,-0.000685,-0.000898,0.000857,0.002631,-0.001602,0.069964,-0.016960,-0.997405,0.000000,0.000000,0.000000,0.508065,-0.665933,0.425253,-0.540877,0.483869,0.509261,0.174249,0.062637,0.102910,0.105005,0.974702,0.776343,0.000000,0.000000,-0.000000,-0.000000,0.000000,-0.000000,0.000000,-0.000000,0.000000,-0.000000,0.000000,-0.000000,0.640029,-1.333907,-0.645245,0.221065,0.657928,-0.110372,0.855279,0.791921,-0.221617,0.929562,-1.428486,0.026350,0.716634,-1.420108,-0.754016,0.364583,0.618944,-0.075829,0.928608,0.692648,-0.070623,0.853409,-1.526113,0.138787
1789159130.641541,-0.001375,-0.001823,0.000160,0.000590,0.002098,-0.001469,0.070030,-0.016975,-0.997400,0.000000,0.000000,0.000000,0.508065,-0.665933,0.425253,-0.540877,0.483869,0.509261,0.174249,0.062637,0.102910,0.105005,0.974702,0.776343,0.000000,0.000000,-0.000000,-0.000000,0.000000,-0.000000,0.000000,-0.000000,0.000000,-0.000000,0.000000,-0.000000,0.716634,-1.420108,-0.754016,0.364583,0.618944,-0.075829,0.928608,0.692648,-0.070623,0.853409,-1.526113,0.138787,0.883265,-1.569252,-0.914181,0.596661,0.611451,0.011755,0.978266,0.615497,-0.025484,0.672839,-1.606735,0.274288
1789159130.659596,-0.001179,-0.002100,0.000723,0.000990,0.002098,-0.001203,0.070091,-0.016990,-0.997396,0.000000,0.000000,0.000000,0.508065,-0.665933,0.425253,-0.540877,0.483869,0.509261,0.174249,0.062637,0.102910,0.105005,0.974702,0.776343,0.000000,0.000000,-0.000000,-0.000000,0.000000,-0.000000,0.000000,-0.000000,0.000000,-0.000000,0.000000,-0.000000,0.883265,-1.569252,-0.914181,0.596661,0.611451,0.011755,0.978266,0.615497,-0.025484,0.672839,-1.606735,0.274288,1.043870,-1.712941,-1.039562,0.781218,0.649065,0.101785,0.990371,0.606359,-0.119351,0.468168,-1.651172,0.356957
1789159130.680536,-0.001794,-0.002129,0.001856,0.000857,0.002764,-0.001336,0.070142,-0.017000,-0.997392,0.000000,0.000000,0.000000,0.508065,-0.665933,0.425253,-0.540877,0.483869,0.509261,0.174249,0.062637,0.102910,0.105005,0.974702,0.776343,0.000000,0.000000,-0.000000,-0.000000,0.000000,-0.000000,0.000000,-0.000000,0.000000,-0.000000,0.000000,-0.000000,1.043870,-1.712941,-1.039562,0.781218,0.649065,0.101785,0.990371,0.606359,-0.119351,0.468168,-1.651172,0.356957,1.110057,-1.779866,-1.057666,0.829924,0.682407,0.158412,0.963451,0.652364,-0.305854,0.328957,-1.641294,0.343950
1789159130.701305,-0.003331,-0.002009,0.002732,0.000590,0.002365,-0.001602,0.070205,-0.017017,-0.997387,0.000000,0.000000,0.000000,0.508065,-0.665933,0.425253,-0.540877,0.483869,0.509261,0.174249,0.062637,0.102910,0.105005,0.974702,0.776343,0.000000,0.000000,-0.000000,-0.000000,0.000000,-0.000000,0.000000,-0.000000,0.000000,-0.000000,0.000000,-0.000000,1.110057,-1.779866,-1.057666,0.829924,0.682407,0.158412,0.963451,0.652364,-0.305854,0.328957,-1.641294,0.343950,1.073014,-1.746311,-0.969454,0.743197,0.681656,0.166023,0.907276,0.717790,-0.489856,0.315293,-1.573827,0.257165
1789159130.720446,-0.005443,-0.001990,0.003026,0.000723,0.002764,-0.001602,0.070240,-0.017031,-0.997385,0.000000,0.000000,0.000000,0.508065,-0.665933,0.425253,-0.540877,0.483869,0.509261,0.174249,0.062637,0.102910,0.105005,0.974702,0.776343,0.000000,0.000000,-0.000000,-0.000000,0.000000,-0.000000,0.000000,-0.000000,0.000000,-0.000000,0.000000,-0.000000,1.073014,-1.746311,-0.969454,0.743197,0.681656,0.166023,0.907276,0.717790,-0.489856,0.315293,-1.573827,0.257165,0.971826,-1.636790,-0.827754,0.570795,0.663804,0.120394,0.841221,0.779803,-0.590623,0.437707,-1.465458,0.144586
1789159130.740955,-0.007904,-0.002005,0.003018,0.000457,0.003031,-0.001602,0.070275,-0.017059,-0.997382,0.000000,0.000000,0.000000,0.508065,-0.665933,0.425253,-0.540877,0.483869,0.509261,0.174249,0.062637,0.102910,0.105005,0.974702,0.776343,0.000000,0.000000,-0.000000,-0.000000,0.000000,-0.000000,0.000000,-0.000000,0.000000,-0.000000,0.000000,-0.000000,0.971826,-1.636790,-0.827754,0.570795,0.663804,0.120394,0.841221,0.779803,-0.590623,0.437707,-1.465458,0.144586,0.834852,-1.489870,-0.700532,0.381831,0.664982,0.036169,0.794123,0.834133,-0.568392,0.639722,-1.372355,0.043798
1789159130.761282,-0.010180,-0.002600,0.002562,0.000857,0.002764,-0.001469,0.070323,-0.017071,-0.997378,0.000000,0.000000,0.000000,0.508065,-0.665933,0.425253,-0.540877,0.483869,0.509261,0.174249,0.062637,0.102910,0.105005,0.974702,0.776343,0.000000,0.000000,-0.000000,-0.000000,0.000000,-0.000000,0.000000,-0.000000,0.000000,-0.000000,0.000000,-0.000000,0.834852,-1.489870,-0.700532,0.381831,0.664982,0.036169,0.794123,0.834133,-0.568392,0.639722,-1.372355,0.043798,0.701250,-1.367034,-0.630496,0.242055,0.677696,-0.057784,0.791053,0.852840,-0.436913,0.837640,-1.348387,-0.007634
1789159130.781129,-0.010414,-0.003721,0.002328,0.001123,0.002631,-0.001868,0.070365,-0.017082,-0.997375,0.000000,0.000000,0.000000,0.508065,-0.665933,0.425253,-0.540877,0.483869,0.509261,0.174249,0.062637,0.102910,0.105005,0.974702,0.776343,0.000000,0.000000,-0.000000,-0.000000,0.000000,-0.000000,0.000000,-0.000000,0.000000,-0.000000,0.000000,-0.000000,0.701250,-1.367034,-0.630496,0.242055,0.677696,-0.057784,0.791053,0.852840,-0.436913,0.837640,-1.348387,-0.007634,0.639787,-1.331270,-0.637482,0.211959,0.664317,-0.113007,0.840967,0.805856,-0.252338,0.931606,-1.406676,0.016100
1789159130.801211,-0.009447,-0.004241,0.002656,0.001256,0.002365,-0.002002,0.070419,-0.017085,-0.997371,0.000000,0.000000,0.000000,0.508065,-0.665933,0.425253,-0.540877,0.483869,0.509261,0.174249,0.062637,0.102910,0.105005,0.974702,0.776343,0.000000,0.000000,-0.000000,-0.000000,0.000000,-0.000000,0.000000,-0.000000,0.000000,-0.000000,0.000000,-0.000000,0.639787,-1.331270,-0.637482,0.211959,0.664317,-0.113007,0.840967,0.805856,-0.252338,0.931606,-1.406676,0.016100,0.695839,-1.401274,-0.732426,0.331436,0.624888,-0.091663,0.915870,0.708968,-0.087826,0.878815,-1.504640,0.118319
1789159130.820003,-0.007721,-0.004295,0.003009,0.001389,0.002631,-0.002135,0.070472,-0.017084,-0.997367,0.000000,0.000000,0.000000,0.508065,-0.665933,0.425253,-0.540877,0.483869,0.509261,0.174249,0.062637,0.102910,0.105005,0.974702,0.776343,0.000000,0.000000,-0.000000,-0.000000,0.000000,-0.000000,0.000000,-0.000000,0.000000,-0.000000,0.000000,-0.000000,0.695839,-1.401274,-0.732426,0.331436,0.624888,-0.091663,0.915870,0.708968,-0.087826,0.878815,-1.504640,0.118319,0.853414,-1.544766,-0.889714,0.559325,0.607948,-0.008871,0.972229,0.621747,-0.019114,0.710079,-1.590928,0.256513
1789159130.840125,-0.005266,-0.004003,0.002990,0.000457,0.002764,-0.002268,0.070518,-0.017097,-0.997364,0.000000,0.000000,0.000000,0.508065,-0.665933,0.425253,-0.540877,0.483869,0.509261,0.174249,0.062637,0.102910,0.105005,0.974702,0.776343,0.000000,0.000000,-0.000000,-0.000000,0.000000,-0.000000,0.000000,-0.000000,0.000000,-0.000000,0.000000,-0.000000,0.853414,-1.544766,-0.889714,0.559325,0.607948,-0.008871,0.972229,0.621747,-0.019114,0.710079,-1.590928,0.256513,1.024567,-1.696746,-1.029085,0.762879,0.640728,0.085414,0.991722,0.600315,-0.090819,0.500328,-1.644434,0.353668
1789159130.860434,-0.004147,-0.003363,0.002929,0.000457,0.002498,-0.002401,0.070563,-0.017119,-0.997360,0.000000,0.000000,0.000000,0.508065,-0.665933,0.425253,-0.540877,0.483869,0.509261,0.174249,0.062637,0.102910,0.105005,0.974702,0.776343,0.000000,0.000000,-0.000000,-0.000000,0.000000,-0.000000,0.000000,-0.000000,0.000000,-0.000000,0.000000,-0.000000,1.024567,-1.696746,-1.029085,0.762879,0.640728,0.085414,0.991722,0.600315,-0.090819,0.500328,-1.644434,0.353668,1.110420,-1.780742,-1.067253,0.837640,0.678967,0.150951,0.970877,0.639631,-0.269630,0.342351,-1.645989,0.357218
1789159130.879787,-0.004074,-0.002207,0.002895,0.000457,0.002498,-0.002135,0.070616,-0.017141,-0.997356,0.000000,0.000000,0.000000,0.508065,-0.665933,0.425253,-0.540877,0.483869,0.509261,0.174249,0.062637,0.102910,0.105005,0.974702,0.776343,0.000000,0.000000,-0.000000,-0.000000,0.000000,-0.000000,0.000000,-0.000000,0.000000,-0.000000,0.000000,-0.000000,1.110420,-1.780742,-1.067253,0.837640,0.678967,0.150951,0.970877,0.639631,-0.269630,0.342351,-1.645989,0.357218,1.088052,-1.763022,-0.993700,0.769527,0.684179,0.169116,0.919024,0.705289,-0.464274,0.303962,-1.589250,0.277451
1789159130.900642,-0.004943,-0.001503,0.002346,0.000324,0.002498,-0.002268,0.070660,-0.017162,-0.997353,0.000000,0.000000,0.000000,0.508065,-0.665933,0.425253,-0.540877,0.483869,0.509261,0.174249,0.062637,0.102910,0.105005,0.974702,0.776343,0.000000,0.000000,-0.000000,-0.000000,0.000000,-0.000000,0.000000,-0.000000,0.000000,-0.000000,0.000000,-0.000000,1.088052,-1.763022,-0.993700,0.769527,0.684179,0.169116,0.919024,0.705289,-0.464274,0.303962,-1.589250,0.277451,0.993763,-1.662022,-0.853556,0.604967,0.665832,0.132633,0.851992,0.768604,-0.585229,0.407070,-1.484397,0.164821
1789159130.921027,-0.005860,-0.000595,0.001793,0.000990,0.002365,-0.002268,0.070711,-0.017167,-0.997349,0.000000,0.000000,0.000000,0.508065,-0.665933,0.425253,-0.540877,0.483869,0.509261,0.174249,0.062637,0.102910,0.105005,0.974702,0.776343,0.000000,0.000000,-0.000000,-0.000000,0.000000,-0.000000,0.000000,-0.000000,0.000000,-0.000000,0.000000,-0.000000,0.993763,-1.662022,-0.853556,0.604967,0.665832,0.132633,0.851992,0.768604,-0.585229,0.407070,-1.484397,0.164821,0.859127,-1.515254,-0.717737,0.411257,0.662881,0.053477,0.799155,0.826366,-0.585334,0.602796,-1.383731,0.056915
1789159130.941114,-0.006211,0.000147,0.001034,0.001256,0.002232,-0.002135,0.070759,-0.017167,-0.997346,0.000000,0.000000,0.000000,0.508065,-0.665933,0.425253,-0.540877,0.483869,0.509261,0.174249,0.062637,0.102910,0.105005,0.974702,0.776343,0.000000,0.000000,-0.000000,-0.000000,0.000000,-0.000000,0.000000,-0.000000,0.000000,-0.000000,0.000000,-0.000000,0.859127,-1.515254,-0.717737,0.411257,0.662881,0.053477,0.799155,0.826366,-0.585334,0.602796,-1.383731,0.056915,0.717646,-1.380183,-0.634631,0.256056,0.676989,-0.042067,0.787244,0.854987,-0.468472,0.811315,-1.345948,-0.007020
1789159130.960983,-0.005152,-0.000046,0.000392,0.000857,0.002498,-0.002401,0.070804,-0.017172,-0.997342,0.000000,0.000000,0.000000,0.508065,-0.665933,0.425253,-0.540877,0.483869,0.509261,0.174249,0.062637,0.102910,0.105005,0.974702,0.776343,0.000000,0.000000,-0.000000,-0.000000,0.000000,-0.000000,0.000000,-0.000000,0.000000,-0.000000,0.000000,-0.000000,0.717646,-1.380183,-0.634631,0.256056,0.676989,-0.042067,0.787244,0.854987,-0.468472,0.811315,-1.345948,-0.007020,0.637156,-1.325166,-0.626028,0.201370,0.669934,-0.108103,0.829881,0.820163,-0.286756,0.929352,-1.393373,0.001661
1789159130.980378,-0.002067,-0.000144,-0.000336,0.000857,0.002897,-0.002002,0.070849,-0.017188,-0.997339,0.000000,0.000000,0.000000,0.508065,-0.665933,0.425253,-0.540877,0.483869,0.509261,0.174249,0.062637,0.102910,0.105005,0.974702,0.776343,0.000000,0.000000,-0.000000,-0.000000,0.000000,-0.000000,0.000000,-0.000000,0.000000,-0.000000,0.000000,-0.000000,0.637156,-1.325166,-0.626028,0.201370,0.669934,-0.108103,0.829881,0.820163,-0.286756,0.929352,-1.393373,0.001661,0.671634,-1.377515,-0.705763,0.294501,0.631700,-0.099640,0.904650,0.727776,-0.112234,0.900340,-1.491461,0.092042
1789159131.000623,0.000518,0.000118,-0.001037,0.001123,0.002631,-0.002401,0.070885,-0.017193,-0.997336,0.000000,0.000000,0.000000,0.508065,-0.665933,0.425253,-0.540877,0.483869,0.509261,0.174249,0.062637,0.102910,0.105005,0.974702,0.776343,0.000000,0.000000,-0.000000,-0.000000,0.000000,-0.000000,0.000000,-0.000000,0.000000,-0.000000,0.000000,-0.000000,0.671634,-1.377515,-0.705763,0.294501,0.631700,-0.099640,0.904650,0.727776,-0.112234,0.900340,-1.491461,0.092042,0.817146,-1.513230,-0.857162,0.512658,0.606618,-0.022791,0.967136,0.633386,-0.021947,0.746791,-1.583097,0.229950
1789159131.020459,0.004334,0.000921,-0.002135,0.000324,0.002232,-0.002002,0.070934,-0.017220,-0.997332,0.000000,0.000000,0.000000,0.508065,-0.665933,0.425253,-0.540877,0.483869,0.509261,0.174249,0.062637,0.102910,0.105005,0.974702,0.776343,0.000000,0.000000,-0.000000,-0.000000,0.000000,-0.000000,0.000000,-0.000000,0.000000,-0.000000,0.000000,-0.000000,0.817146,-1.513230,-0.857162,0.512658,0.606618,-0.022791,0.967136,0.633386,-0.021947,0.746791,-1.583097,0.229950,0.995897,-1.670385,-1.007929,0.731115,0.633201,0.074894,0.994342,0.599659,-0.069895,0.536489,-1.644943,0.340049
1789159131.039920,0.006133,0.001663,-0.002515,0.000857,0.002764,-0.002002,0.070975,-0.017230,-0.997329,0.000000,0.000000,0.000000,0.508065,-0.665933,0.425253,-0.540877,0.483869,0.509261,0.174249,0.062637,0.102910,0.105005,0.974702,0.776343,0.000000,0.000000,-0.000000,-0.000000,0.000000,-0.000000,0.000000,-0.000000,0.000000,-0.000000,0.000000,-0.000000,0.995897,-1.670385,-1.007929,0.731115,0.633201,0.074894,0.994342,0.599659,-0.069895,0.536489,-1.644943,0.340049,1.101843,-1.770862,-1.067088,0.832211,0.675255,0.148251,0.980485,0.631016,-0.236892,0.362821,-1.656772,0.361442
1789159131.059837,0.006673,0.002779,-0.001990,0.000857,0.002631,-0.002268,0.071018,-0.017240,-0.997326,0.000000,0.000000,0.000000,0.508065,-0.665933,0.425253,-0.540877,0.483869,0.509261,0.174249,0.062637,0.102910,0.105005,0.974702,0.776343,0.000000,0.000000,-0.000000,-0.000000,0.000000,-0.000000,0.000000,-0.000000,0.000000,-0.000000,0.000000,-0.000000,1.101843,-1.770862,-1.067088,0.832211,0.675255,0.148251,0.980485,0.631016,-0.236892,0.362821,-1.656772,0.361442,1.096319,-1.770823,-1.010466,0.785754,0.686769,0.175567,0.933725,0.695820,-0.437883,0.301313,-1.609095,0.291100
1789159131.079944,0.005856,0.004041,-0.001376,0.000857,0.002631,-0.002268,0.071063,-0.017250,-0.997323,0.000000,0.000000,0.000000,0.508065,-0.665933,0.425253,-0.540877,0.483869,0.509261,0.174249,0.062637,0.102910,0.105005,0.974702,0.776343,0.000000,0.000000,-0.000000,-0.000000,0.000000,-0.000000,0.000000,-0.000000,0.000000,-0.000000,0.000000,-0.000000,1.096319,-1.770823,-1.010466,0.785754,0.686769,0.175567,0.933725,0.695820,-0.437883,0.301313,-1.609095,0.291100,1.010857,-1.680500,-0.875676,0.632861,0.669234,0.147491,0.866748,0.759892,-0.575707,0.383007,-1.508307,0.180887
1789159131.099691,0.004776,0.004759,-0.001240,0.001256,0.002631,-0.002135,0.071104,-0.017257,-0.997320,0.000000,0.000000,0.000000,0.508065,-0.665933,0.425253,-0.540877,0.483869,0.509261,0.174249,0.062637,0.102910,0.105005,0.974702,0.776343,0.000000,0.000000,-0.000000,-0.000000,0.000000,-0.000000,0.000000,-0.000000,0.000000,-0.000000,0.000000,-0.000000,1.010857,-1.680500,-0.875676,0.632861,0.669234,0.147491,0.866748,0.759892,-0.575707,0.383007,-1.508307,0.180887,0.880889,-1.537213,-0.734374,0.438707,0.661740,0.073282,0.808760,0.819306,-0.597240,0.567991,-1.401824,0.068762
1789159131.119732,0.003863,0.005069,-0.001518,0.000857,0.002365,-0.002268,0.071150,-0.017256,-0.997316,0.000000,0.000000,0.000000,0.508065,-0.665933,0.425253,-0.540877,0.483869,0.509261,0.174249,0.062637,0.102910,0.105005,0.974702,0.776343,0.000000,0.000000,-0.000000,-0.000000,0.000000,-0.000000,0.000000,-0.000000,0.000000,-0.000000,0.000000,-0.000000,0.880889,-1.537213,-0.734374,0.438707,0.661740,0.073282,0.808760,0.819306,-0.597240,0.567991,-1.401824,0.068762,0.735597,-1.394184,-0.639746,0.272396,0.675139,-0.022909,0.787600,0.855687,-0.497078,0.780871,-1.350531,-0.005474
1789159131.140010,0.004144,0.004701,-0.002602,0.000857,0.002232,-0.002401,0.071204,-0.017269,-0.997312,0.000000,0.000000,0.000000,0.508065,-0.665933,0.425253,-0.540877,0.483869,0.509261,0.174249,0.062637,0.102910,0.105005,0.974702,0.776343,0.000000,0.000000,-0.000000,-0.000000,0.000000,-0.000000,0.000000,-0.000000,0.000000,-0.000000,0.000000,-0.000000,0.735597,-1.394184,-0.639746,0.272396,0.675139,-0.022909,0.787600,0.855687,-0.497078,0.780871,-1.350531,-0.005474,0.638807,-1.321908,-0.616528,0.195878,0.674061,-0.098533,0.820736,0.833095,-0.321887,0.920063,-1.384800,-0.010849
1789159131.162014,0.005261,0.004059,-0.003473,0.000590,0.002631,-0.002135,0.071244,-0.017278,-0.997309,0.000000,0.000000,0.000000,0.508065,-0.665933,0.425253,-0.540877,0.483869,0.509261,0.174249,0.062637,0.102910,0.105005,0.974702,0.776343,0.000000,0.000000,-0.000000,-0.000000,0.000000,-0.000000,0.000000,-0.000000,0.000000,-0.000000,0.000000,-0.000000,0.638807,-1.321908,-0.616528,0.195878,0.674061,-0.098533,0.820736,0.833095,-0.321887,0.920063,-1.384800,-0.010849,0.651030,-1.355882,-0.680365,0.261880,0.638948,-0.104176,0.892521,0.747224,-0.140748,0.916134,-1.479244,0.066410
1789159131.180431,0.007333,0.003350,-0.004333,0.000857,0.002631,-0.001602,0.071275,-0.017282,-0.997307,0.000000,0.000000,0.000000,0.508065,-0.665933,0.425253,-0.540877,0.483869,0.509261,0.174249,0.062637,0.102910,0.105005,0.974702,0.776343,0.000000,0.000000,-0.000000,-0.000000,0.000000,-0.000000,0.000000,-0.000000,0.000000,-0.000000,0.000000,-0.000000,0.651030,-1.355882,-0.680365,0.261880,0.638948,-0.104176,0.892521,0.747224,-0.140748,0.916134,-1.479244,0.066410,0.781485,-1.481119,-0.823318,0.464458,0.607375,-0.036511,0.959251,0.648206,-0.030791,0.781237,-1.573949,0.201202
1789159131.199942,0.008593,0.003491,-0.003744,0.001123,0.002098,-0.002135,0.071325,-0.017284,-0.997303,0.000000,0.000000,0.000000,0.508065,-0.665933,0.425253,-0.540877,0.483869,0.509261,0.174249,0.062637,0.102910,0.105005,0.974702,0.776343,0.000000,0.000000,-0.000000,-0.000000,0.000000,-0.000000,0.000000,-0.000000,0.000000,-0.000000,0.000000,-0.000000,0.781485,-1.481119,-0.823318,0.464458,0.607375,-0.036511,0.959251,0.648206,-0.030791,0.781237,-1.573949,0.201202,0.963135,-1.640840,-0.982258,0.694629,0.625316,0.060779,0.993109,0.601187,-0.052394,0.574544,-1.640972,0.322542
1789159131.219812,0.009314,0.003715,-0.002523,0.000723,0.002098,-0.001602,0.071363,-0.017302,-0.997300,0.000000,0.000000,0.000000,0.508065,-0.665933,0.425253,-0.540877,0.483869,0.509261,0.174249,0.062637,0.102910,0.105005,0.974702,0.776343,0.000000,0.000000,-0.000000,-0.000000,0.000000,-0.000000,0.000000,-0.000000,0.000000,-0.000000,0.000000,-0.000000,0.963135,-1.640840,-0.982258,0.694629,0.625316,0.060779,0.993109,0.601187,-0.052394,0.574544,-1.640972,0.322542,1.088524,-1.756840,-1.063220,0.822706,0.668974,0.140041,0.986377,0.622451,-0.201984,0.388155,-1.661510,0.362795
1789159131.239820,0.008477,0.003913,-0.001323,0.000324,0.001832,-0.002268,0.071419,-0.017319,-0.997296,0.000000,0.000000,0.000000,0.508065,-0.665933,0.425253,-0.540877,0.483869,0.509261,0.174249,0.062637,0.102910,0.105005,0.974702,0.776343,0.000000,0.000000,-0.000000,-0.000000,0.000000,-0.000000,0.000000,-0.000000,0.000000,-0.000000,0.000000,-0.000000,1.088524,-1.756840,-1.063220,0.822706,0.668974,0.140041,0.986377,0.622451,-0.201984,0.388155,-1.661510,0.362795,1.102585,-1.776488,-1.026870,0.801597,0.687284,0.175741,0.945050,0.684309,-0.404034,0.303167,-1.623388,0.306150
1789159131.259866,0.006625,0.004027,-0.000319,0.000723,0.002365,-0.001735,0.071454,-0.017340,-0.997293,0.000000,0.000000,0.000000,0.508065,-0.665933,0.425253,-0.540877,0.483869,0.509261,0.174249,0.062637,0.102910,0.105005,0.974702,0.776343,0.000000,0.000000,-0.000000,-0.000000,0.000000,-0.000000,0.000000,-0.000000,0.000000,-0.000000,0.000000,-0.000000,1.102585,-1.776488,-1.026870,0.801597,0.687284,0.175741,0.945050,0.684309,-0.404034,0.303167,-1.623388,0.306150,1.029121,-1.700541,-0.902080,0.664397,0.672721,0.156364,0.879097,0.749095,-0.557502,0.359762,-1.529264,0.201323
1789159131.279896,0.002787,0.003691,-0.000606,0.000990,0.002098,-0.002002,0.071493,-0.017338,-0.997290,0.000000,0.000000,0.000000,0.508065,-0.665933,0.425253,-0.540877,0.483869,0.509261,0.174249,0.062637,0.102910,0.105005,0.974702,0.776343,0.000000,0.000000,-0.000000,-0.000000,0.000000,-0.000000,0.000000,-0.000000,0.000000,-0.000000,0.000000,-0.000000,1.029121,-1.700541,-0.902080,0.664397,0.672721,0.156364,0.879097,0.749095,-0.557502,0.359762,-1.529264,0.201323,0.906162,-1.564763,-0.757715,0.473191,0.661015,0.088500,0.817114,0.809147,-0.601760,0.530754,-1.418863,0.087667
1789159131.300159,0.000536,0.003597,-0.000855,0.000590,0.002631,-0.001602,0.071539,-0.017361,-0.997287,0.000000,0.000000,0.000000,0.508065,-0.665933,0.425253,-0.540877,0.483869,0.509261,0.174249,0.062637,0.102910,0.105005,0.974702,0.776343,0.000000,0.000000,-0.000000,-0.000000,0.000000,-0.000000,0.000000,-0.000000,0.000000,-0.000000,0.000000,-0.000000,0.906162,-1.564763,-0.757715,0.473191,0.661015,0.088500,0.817114,0.809147,-0.601760,0.530754,-1.418863,0.087667,0.760847,-1.417387,-0.653014,0.297742,0.672418,-0.006524,0.787322,0.851854,-0.521286,0.745186,-1.353754,0.005056
1789159131.320076,-0.001262,0.002427,-0.001492,0.000857,0.002498,-0.002002,0.071574,-0.017370,-0.997284,0.000000,0.000000,0.000000,0.508065,-0.665933,0.425253,-0.540877,0.483869,0.509261,0.174249,0.062637,0.102910,0.105005,0.974702,0.776343,0.000000,0.000000,-0.000000,-0.000000,0.000000,-0.000000,0.000000,-0.000000,0.000000,-0.000000,0.000000,-0.000000,0.760847,-1.417387,-0.653014,0.297742,0.672418,-0.006524,0.787322,0.851854,-0.521286,0.745186,-1.353754,0.005056,0.650662,-1.329171,-0.616320,0.201383,0.677010,-0.090446,0.810232,0.841504,-0.354860,0.904748,-1.371624,-0.013567
1789159131.340050,-0.001411,0.001286,-0.001463,0.000457,0.002498,-0.001469,0.071613,-0.017389,-0.997281,0.000000,0.000000,0.000000,0.508065,-0.665933,0.425253,-0.540877,0.483869,0.509261,0.174249,0.062637,0.102910,0.105005,0.974702,0.776343,0.000000,0.000000,-0.000000,-0.000000,0.000000,-0.000000,0.000000,-0.000000,0.000000,-0.000000,0.000000,-0.000000,0.650662,-1.329171,-0.616320,0.201383,0.677010,-0.090446,0.810232,0.841504,-0.354860,0.904748,-1.371624,-0.013567,0.641550,-1.344004,-0.664547,0.239882,0.646695,-0.111260,0.877582,0.764229,-0.168874,0.928059,-1.458636,0.049776
1789159131.360529,-0.001075,0.000235,-0.001015,0.000857,0.002232,-0.002002,0.071653,-0.017401,-0.997278,0.000000,0.000000,0.000000,0.508065,-0.665933,0.425253,-0.540877,0.483869,0.509261,0.174249,0.062637,0.102910,0.105005,0.974702,0.776343,0.000000,0.000000,-0.000000,-0.000000,0.000000,-0.000000,0.000000,-0.000000,0.000000,-0.000000,0.000000,-0.000000,0.641550,-1.344004,-0.664547,0.239882,0.646695,-0.111260,0.877582,0.764229,-0.168874,0.928059,-1.458636,0.049776,0.753626,-1.456982,-0.796676,0.424337,0.609939,-0.055201,0.948364,0.662038,-0.040020,0.813324,-1.555115,0.178863
1789159131.381419,-0.000356,-0.001081,-0.000067,0.001256,0.002365,-0.001602,0.071682,-0.017413,-0.997276,0.000000,0.000000,0.000000,0.508065,-0.665933,0.425253,-0.540877,0.483869,0.509261,0.174249,0.062637,0.102910,0.105005,0.974702,0.776343,0.000000,0.000000,-0.000000,-0.000000,0.000000,-0.000000,0.000000,-0.000000,0.000000,-0.000000,0.000000,-0.000000,0.753626,-1.456982,-0.796676,0.424337,0.609939,-0.055201,0.948364,0.662038,-0.040020,0.813324,-1.555115,0.178863,0.934590,-1.616155,-0.960397,0.661435,0.618261,0.039784,0.987914,0.602000,-0.035424,0.612455,-1.627656,0.309297
1789159131.401338,-0.000292,-0.001588,0.000992,0.001123,0.002098,-0.001336,0.071716,-0.017424,-0.997273,0.000000,0.000000,0.000000,0.508065,-0.665933,0.425253,-0.540877,0.483869,0.509261,0.174249,0.062637,0.102910,0.105005,0.974702,0.776343,0.000000,0.000000,-0.000000,-0.000000,0.000000,-0.000000,0.000000,-0.000000,0.000000,-0.000000,0.000000,-0.000000,0.934590,-1.616155,-0.960397,0.661435,0.618261,0.039784,0.987914,0.602000,-0.035424,0.612455,-1.627656,0.309297,1.077021,-1.745869,-1.060906,0.814551,0.661719,0.123914,0.987586,0.612448,-0.166386,0.415099,-1.657563,0.367342
1789159131.420091,-0.001025,-0.001807,0.002028,0.000590,0.002098,-0.001868,0.071758,-0.017444,-0.997270,0.000000,0.000000,0.000000,0.508065,-0.665933,0.425253,-0.540877,0.483869,0.509261,0.174249,0.062637,0.102910,0.105005,0.974702,0.776343,0.000000,0.000000,-0.000000,-0.000000,0.000000,-0.000000,0.000000,-0.000000,0.000000,-0.000000,0.000000,-0.000000,1.077021,-1.745869,-1.060906,0.814551,0.661719,0.123914,0.987586,0.612448,-0.166386,0.415099,-1.657563,0.367342,1.111008,-1.784314,-1.044831,0.819646,0.686474,0.167782,0.950935,0.669903,-0.366891,0.307215,-1.630036,0.325847
1789159131.439449,-0.003656,-0.001661,0.003404,0.000324,0.001699,-0.001203,0.071807,-0.017465,-0.997266,0.000000,0.000000,0.000000,0.508065,-0.665933,0.425253,-0.540877,0.483869,0.509261,0.174249,0.062637,0.102910,0.105005,0.974702,0.776343,0.000000,0.000000,-0.000000,-0.000000,0.000000,-0.000000,0.000000,-0.000000,0.000000,-0.000000,0.000000,-0.000000,1.111008,-1.784314,-1.044831,0.819646,0.686474,0.167782,0.950935,0.669903,-0.366891,0.307215,-1.630036,0.325847,1.049690,-1.722891,-0.931472,0.699266,0.676153,0.158530,0.887403,0.735700,-0.534856,0.337360,-1.544881,0.225962
1789159131.459503,-0.006059,-0.001530,0.003302,0.000590,0.001832,-0.001336,0.071850,-0.017476,-0.997262,0.000000,0.000000,0.000000,0.508065,-0.665933,0.425253,-0.540877,0.483869,0.509261,0.174249,0.062637,0.102910,0.105005,0.974702,0.776343,0.000000,0.000000,-0.000000,-0.000000,0.000000,-0.000000,0.000000,-0.000000,0.000000,-0.000000,0.000000,-0.000000,1.049690,-1.722891,-0.931472,0.699266,0.676153,0.158530,0.887403,0.735700,-0.534856,0.337360,-1.544881,0.225962,0.933972,-1.595560,-0.785705,0.511952,0.661090,0.098509,0.823248,0.797130,-0.601773,0.493001,-1.433001,0.111106
1789159131.479888,-0.009233,-0.001738,0.002642,0.000457,0.001832,-0.000936,0.071895,-0.017494,-0.997259,0.000000,0.000000,0.000000,0.508065,-0.665933,0.425253,-0.540877,0.483869,0.509261,0.174249,0.062637,0.102910,0.105005,0.974702,0.776343,0.000000,0.000000,-0.000000,-0.000000,0.000000,-0.000000,0.000000,-0.000000,0.000000,-0.000000,0.000000,-0.000000,0.933972,-1.595560,-0.785705,0.511952,0.661090,0.098509,0.823248,0.797130,-0.601773,0.493001,-1.433001,0.111106,0.789712,-1.445566,-0.671086,0.328351,0.669505,0.006412,0.786326,0.845576,-0.542040,0.707540,-1.355205,0.020227
1789159131.500513,-0.010366,-0.002427,0.002162,0.000857,0.002897,-0.001602,0.071919,-0.017502,-0.997257,0.000000,0.000000,0.000000,0.508065,-0.665933,0.425253,-0.540877,0.483869,0.509261,0.174249,0.062637,0.102910,0.105005,0.974702,0.776343,0.000000,0.000000,-0.000000,-0.000000,0.000000,-0.000000,0.000000,-0.000000,0.000000,-0.000000,0.000000,-0.000000,0.789712,-1.445566,-0.671086,0.328351,0.669505,0.006412,0.786326,0.845576,-0.542040,0.707540,-1.355205,0.020227,0.668182,-1.342466,-0.621569,0.213694,0.678634,-0.083313,0.799993,0.847126,-0.385771,0.885571,-1.356989,-0.011356
1789159131.519684,-0.010517,-0.002871,0.002104,0.000990,0.002365,-0.001336,0.071956,-0.017507,-0.997254,0.000000,0.000000,0.000000,0.508065,-0.665933,0.425253,-0.540877,0.483869,0.509261,0.174249,0.062637,0.102910,0.105005,0.974702,0.776343,0.000000,0.000000,-0.000000,-0.000000,0.000000,-0.000000,0.000000,-0.000000,0.000000,-0.000000,0.000000,-0.000000,0.668182,-1.342466,-0.621569,0.213694,0.678634,-0.083313,0.799993,0.847126,-0.385771,0.885571,-1.356989,-0.011356,0.638534,-1.338212,-0.654481,0.225527,0.654018,-0.117700,0.862839,0.779671,-0.197002,0.936264,-1.435554,0.037741
1789159131.539979,-0.006948,-0.003745,0.002503,0.000324,0.001566,-0.001336,0.072012,-0.017534,-0.997250,0.000000,0.000000,0.000000,0.508065,-0.665933,0.425253,-0.540877,0.483869,0.509261,0.174249,0.062637,0.102910,0.105005,0.974702,0.776343,0.000000,0.000000,-0.000000,-0.000000,0.000000,-0.000000,0.000000,-0.000000,0.000000,-0.000000,0.000000,-0.000000,0.638534,-1.338212,-0.654481,0.225527,0.654018,-0.117700,0.862839,0.779671,-0.197002,0.936264,-1.435554,0.037741,0.731717,-1.436735,-0.774392,0.388737,0.614439,-0.073217,0.937067,0.677367,-0.052027,0.842617,-1.534390,0.158573
1789159131.560400,-0.005555,-0.003920,0.002749,0.000457,0.001699,-0.000936,0.072058,-0.017549,-0.997246,0.000000,0.000000,0.000000,0.508065,-0.665933,0.425253,-0.540877,0.483869,0.509261,0.174249,0.062637,0.102910,0.105005,0.974702,0.776343,0.000000,0.000000,-0.000000,-0.000000,0.000000,-0.000000,0.000000,-0.000000,0.000000,-0.000000,0.000000,-0.000000,0.731717,-1.436735,-0.774392,0.388737,0.614439,-0.073217,0.937067,0.677367,-0.052027,0.842617,-1.534390,0.158573,0.907564,-1.592421,-0.938784,0.627373,0.613117,0.019714,0.983549,0.605781,-0.022895,0.650152,-1.613524,0.294597
1789159131.579828,-0.003727,-0.003780,0.002807,0.000457,0.002098,-0.001735,0.072099,-0.017576,-0.997243,0.000000,0.000000,0.000000,0.508065,-0.665933,0.425253,-0.540877,0.483869,0.509261,0.174249,0.062637,0.102910,0.105005,0.974702,0.776343,0.000000,0.000000,-0.000000,-0.000000,0.000000,-0.000000,0.000000,-0.000000,0.000000,-0.000000,0.000000,-0.000000,0.907564,-1.592421,-0.938784,0.627373,0.613117,0.019714,0.983549,0.605781,-0.022895,0.650152,-1.613524,0.294597,1.063330,-1.733336,-1.055730,0.802236,0.654540,0.109210,0.990729,0.605239,-0.134537,0.444390,-1.653473,0.368307
1789159131.600055,-0.003211,-0.003508,0.002455,0.000590,0.001699,-0.000803,0.072147,-0.017594,-0.997239,0.000000,0.000000,0.000000,0.508065,-0.665933,0.425253,-0.540877,0.483869,0.509261,0.174249,0.062637,0.102910,0.105005,0.974702,0.776343,0.000000,0.000000,-0.000000,-0.000000,0.000000,-0.000000,0.000000,-0.000000,0.000000,-0.000000,0.000000,-0.000000,1.063330,-1.733336,-1.055730,0.802236,0.654540,0.109210,0.990729,0.605239,-0.134537,0.444390,-1.653473,0.368307,1.116367,-1.788489,-1.059011,0.831786,0.685212,0.161979,0.959181,0.657503,-0.331523,0.316095,-1.637560,0.341969
1789159131.619947,-0.003961,-0.002867,0.002071,0.000857,0.002631,-0.001469,0.072166,-0.017606,-0.997237,0.000000,0.000000,0.000000,0.508065,-0.665933,0.425253,-0.540877,0.483869,0.509261,0.174249,0.062637,0.102910,0.105005,0.974702,0.776343,0.000000,0.000000,-0.000000,-0.000000,0.000000,-0.000000,0.000000,-0.000000,0.000000,-0.000000,0.000000,-0.000000,1.116367,-1.788489,-1.059011,0.831786,0.685212,0.161979,0.959181,0.657503,-0.331523,0.316095,-1.637560,0.341969,1.067425,-1.741982,-0.957435,0.728676,0.680011,0.163153,0.899023,0.724233,-0.512935,0.320536,-1.562686,0.247390
1789159131.640307,-0.005261,-0.002317,0.001651,0.000457,0.002498,-0.001602,0.072189,-0.017626,-0.997235,0.000000,0.000000,0.000000,0.508240,-0.665933,0.425253,-0.541052,0.483869,0.509261,0.174423,0.062811,0.102646,0.105005,0.974527,0.776343,0.000000,0.000000,-0.000000,-0.000000,0.000000,-0.000000,0.000000,-0.000000,0.000000,-0.000000,0.000000,-0.000000,1.067425,-1.741982,-0.957435,0.728676,0.680011,0.163153,0.899023,0.724233,-0.512935,0.320536,-1.562686,0.247390,0.958025,-1.622288,-0.810464,0.546540,0.662464,0.111429,0.832625,0.786908,-0.601717,0.459490,-1.451101,0.131106
1789159131.660596,-0.006394,-0.001771,0.001304,0.000457,0.002365,-0.001203,0.072220,-0.017643,-0.997233,0.000000,0.000000,0.000000,0.508240,-0.665933,0.425253,-0.541052,0.483869,0.509261,0.174423,0.062811,0.102646,0.105005,0.974527,0.776343,0.000000,0.000000,-0.000000,-0.000000,0.000000,-0.000000,0.000000,-0.000000,0.000000,-0.000000,0.000000,-0.000000,0.958025,-1.622288,-0.810464,0.546540,0.662464,0.111429,0.832625,0.786908,-0.601717,0.459490,-1.451101,0.131106,0.814886,-1.470042,-0.685858,0.355827,0.667432,0.022892,0.788845,0.840720,-0.563418,0.670939,-1.362582,0.031586
1789159131.680140,-0.006745,-0.001520,0.000937,0.000590,0.002631,-0.001735,0.072246,-0.017657,-0.997231,0.000000,0.000000,0.000000,0.508240,-0.665933,0.425253,-0.541052,0.483869,0.509261,0.174423,0.062811,0.102646,0.105005,0.974527,0.776343,0.000000,0.000000,-0.000000,-0.000000,0.000000,-0.000000,0.000000,-0.000000,0.000000,-0.000000,0.000000,-0.000000,0.814886,-1.470042,-0.685858,0.355827,0.667432,0.022892,0.788845,0.840720,-0.563418,0.670939,-1.362582,0.031586,0.682195,-1.351859,-0.622630,0.223138,0.680033,-0.070999,0.792926,0.853718,-0.419085,0.864658,-1.349585,-0.013583
1789159131.700368,-0.005119,-0.001790,0.000565,0.001522,0.001832,-0.001069,0.072278,-0.017653,-0.997228,0.000000,0.000000,0.000000,0.508240,-0.665933,0.425253,-0.541052,0.483869,0.509261,0.174423,0.062811,0.102646,0.105005,0.974527,0.776343,0.000000,0.000000,-0.000000,-0.000000,0.000000,-0.000000,0.000000,-0.000000,0.000000,-0.000000,0.000000,-0.000000,0.682195,-1.351859,-0.622630,0.223138,0.680033,-0.070999,0.792926,0.853718,-0.419085,0.864658,-1.349585,-0.013583,0.631674,-1.327384,-0.639342,0.207828,0.661740,-0.118418,0.849656,0.797658,-0.229655,0.942312,-1.418897,0.019971
1789159131.720190,-0.003271,-0.001891,0.000358,0.000590,0.002232,-0.001469,0.072310,-0.017664,-0.997226,0.000000,0.000000,0.000000,0.508240,-0.665933,0.425253,-0.541052,0.483869,0.509261,0.174423,0.062811,0.102646,0.105005,0.974527,0.776343,0.000000,0.000000,-0.000000,-0.000000,0.000000,-0.000000,0.000000,-0.000000,0.000000,-0.000000,0.000000,-0.000000,0.631674,-1.327384,-0.639342,0.207828,0.661740,-0.118418,0.849656,0.797658,-0.229655,0.942312,-1.418897,0.019971,0.703277,-1.410201,-0.745290,0.346750,0.620304,-0.086158,0.926332,0.696055,-0.070302,0.871047,-1.520082,0.131626
1789159131.739525,0.000407,-0.001243,-0.000503,0.000723,0.002098,-0.001469,0.072343,-0.017676,-0.997223,0.000000,0.000000,0.000000,0.508240,-0.665933,0.425253,-0.541052,0.483869,0.509261,0.174423,0.062811,0.102646,0.105005,0.974527,0.776343,0.000000,0.000000,-0.000000,-0.000000,0.000000,-0.000000,0.000000,-0.000000,0.000000,-0.000000,0.000000,-0.000000,0.703277,-1.410201,-0.745290,0.346750,0.620304,-0.086158,0.926332,0.696055,-0.070302,0.871047,-1.520082,0.131626,0.871993,-1.561667,-0.908507,0.583917,0.609020,0.003878,0.979964,0.613480,-0.016667,0.689341,-1.605525,0.271945
1789159131.760154,0.002548,-0.000557,-0.001157,0.001256,0.002365,-0.001203,0.072372,-0.017682,-0.997221,0.000000,0.000000,0.000000,0.508240,-0.665933,0.425253,-0.541052,0.483869,0.509261,0.174423,0.062811,0.102646,0.105005,0.974527,0.776343,0.000000,0.000000,-0.000000,-0.000000,0.000000,-0.000000,0.000000,-0.000000,0.000000,-0.000000,0.000000,-0.000000,0.871993,-1.561667,-0.908507,0.583917,0.609020,0.003878,0.979964,0.613480,-0.016667,0.689341,-1.605525,0.271945,1.040993,-1.712241,-1.041913,0.779274,0.646836,0.098585,0.994977,0.600778,-0.106636,0.477656,-1.654981,0.361582
1789159131.779787,0.004741,0.000969,-0.001756,0.001256,0.002365,-0.001735,0.072399,-0.017686,-0.997219,0.000000,0.000000,0.000000,0.508240,-0.665933,0.425253,-0.541052,0.483869,0.509261,0.174423,0.062811,0.102646,0.105005,0.974527,0.776343,0.000000,0.000000,-0.000000,-0.000000,0.000000,-0.000000,0.000000,-0.000000,0.000000,-0.000000,0.000000,-0.000000,1.040993,-1.712241,-1.041913,0.779274,0.646836,0.098585,0.994977,0.600778,-0.106636,0.477656,-1.654981,0.361582,1.114643,-1.786295,-1.066261,0.836276,0.683146,0.160609,0.970477,0.646761,-0.297018,0.329538,-1.649878,0.352157
1789159131.799790,0.004959,0.001967,-0.001821,0.001256,0.001965,-0.001469,0.072430,-0.017684,-0.997217,0.000000,0.000000,0.000000,0.508240,-0.665933,0.425253,-0.541052,0.483869,0.509261,0.174423,0.062811,0.102646,0.105005,0.974527,0.776343,0.000000,0.000000,-0.000000,-0.000000,0.000000,-0.000000,0.000000,-0.000000,0.000000,-0.000000,0.000000,-0.000000,1.114643,-1.786295,-1.066261,0.836276,0.683146,0.160609,0.970477,0.646761,-0.297018,0.329538,-1.649878,0.352157,1.080363,-1.755609,-0.979190,0.751867,0.683590,0.172382,0.914719,0.714032,-0.489931,0.309077,-1.584649,0.263798
1789159131.819821,0.004154,0.002910,-0.001770,0.000990,0.002098,-0.000936,0.072460,-0.017687,-0.997214,0.000000,0.000000,0.000000,0.508240,-0.665933,0.425253,-0.541052,0.483869,0.509261,0.174423,0.062811,0.102646,0.105005,0.974527,0.776343,0.000000,0.000000,-0.000000,-0.000000,0.000000,-0.000000,0.000000,-0.000000,0.000000,-0.000000,0.000000,-0.000000,1.080363,-1.755609,-0.979190,0.751867,0.683590,0.172382,0.914719,0.714032,-0.489931,0.309077,-1.584649,0.263798,0.978143,-1.643915,-0.833230,0.576755,0.664534,0.128716,0.846493,0.777590,-0.599053,0.429678,-1.474524,0.147437
1789159131.839599,0.003061,0.003789,-0.001714,0.000191,0.002365,-0.001602,0.072480,-0.017706,-0.997213,0.000000,0.000000,0.000000,0.508240,-0.665933,0.425253,-0.541052,0.483869,0.509261,0.174423,0.062811,0.102646,0.105005,0.974527,0.776343,0.000000,0.000000,-0.000000,-0.000000,0.000000,-0.000000,0.000000,-0.000000,0.000000,-0.000000,0.000000,-0.000000,0.978143,-1.643915,-0.833230,0.576755,0.664534,0.128716,0.846493,0.777590,-0.599053,0.429678,-1.474524,0.147437,0.837290,-1.491685,-0.699570,0.381620,0.665143,0.044067,0.796112,0.834861,-0.582430,0.634269,-1.377107,0.040926
1789159131.860120,0.002237,0.004340,-0.001931,0.000857,0.002098,-0.000936,0.072514,-0.017712,-0.997210,0.000000,0.000000,0.000000,0.508240,-0.665933,0.425253,-0.541052,0.483869,0.509261,0.174423,0.062811,0.102646,0.105005,0.974527,0.776343,0.000000,0.000000,-0.000000,-0.000000,0.000000,-0.000000,0.000000,-0.000000,0.000000,-0.000000,0.000000,-0.000000,0.837290,-1.491685,-0.699570,0.381620,0.665143,0.044067,0.796112,0.834861,-0.582430,0.634269,-1.377107,0.040926,0.696172,-1.360470,-0.623192,0.232773,0.679459,-0.052932,0.789792,0.857768,-0.452287,0.839202,-1.349708,-0.016452
1789159131.879954,0.003422,0.003734,-0.002810,0.000191,0.002098,-0.001203,0.072547,-0.017739,-0.997207,0.000000,0.000000,0.000000,0.508240,-0.665933,0.425253,-0.541052,0.483869,0.509261,0.174423,0.062811,0.102646,0.105005,0.974527,0.776343,0.000000,0.000000,-0.000000,-0.000000,0.000000,-0.000000,0.000000,-0.000000,0.000000,-0.000000,0.000000,-0.000000,0.696172,-1.360470,-0.623192,0.232773,0.679459,-0.052932,0.789792,0.857768,-0.452287,0.839202,-1.349708,-0.016452,0.625543,-1.316982,-0.623865,0.192590,0.667767,-0.112643,0.838623,0.813618,-0.265246,0.941253,-1.408058,0.002122
1789159131.900353,0.005141,0.003364,-0.003169,0.000857,0.002232,-0.001735,0.072570,-0.017750,-0.997205,0.000000,0.000000,0.000000,0.508240,-0.665933,0.425253,-0.541052,0.483869,0.509261,0.174423,0.062811,0.102646,0.105005,0.974527,0.776343,0.000000,0.000000,-0.000000,-0.000000,0.000000,-0.000000,0.000000,-0.000000,0.000000,-0.000000,0.000000,-0.000000,0.625543,-1.316982,-0.623865,0.192590,0.667767,-0.112643,0.838623,0.813618,-0.265246,0.941253,-1.408058,0.002122,0.674778,-1.382824,-0.714711,0.305524,0.626681,-0.093887,0.915228,0.715419,-0.094605,0.894006,-1.509094,0.102412
1789159131.921064,0.007952,0.003305,-0.003197,0.000590,0.001832,-0.001203,0.072613,-0.017763,-0.997202,0.000000,0.000000,0.000000,0.508240,-0.665933,0.425253,-0.541052,0.483869,0.509261,0.174423,0.062811,0.102646,0.105005,0.974527,0.776343,0.000000,0.000000,-0.000000,-0.000000,0.000000,-0.000000,0.000000,-0.000000,0.000000,-0.000000,0.000000,-0.000000,0.674778,-1.382824,-0.714711,0.305524,0.626681,-0.093887,0.915228,0.715419,-0.094605,0.894006,-1.509094,0.102412,0.832724,-1.527126,-0.873832,0.535455,0.605917,-0.010244,0.974504,0.624106,-0.017368,0.727359,-1.598439,0.243817
1789159131.941945,0.009185,0.003388,-0.002900,0.000857,0.001832,-0.001469,0.072649,-0.017777,-0.997199,0.000000,0.000000,0.000000,0.508240,-0.665933,0.425253,-0.541052,0.483869,0.509261,0.174423,0.062811,0.102646,0.105005,0.974527,0.776343,0.000000,0.000000,-0.000000,-0.000000,0.000000,-0.000000,0.000000,-0.000000,0.000000,-0.000000,0.000000,-0.000000,0.832724,-1.527126,-0.873832,0.535455,0.605917,-0.010244,0.974504,0.624106,-0.017368,0.727359,-1.598439,0.243817,1.011620,-1.685223,-1.021326,0.749167,0.637831,0.087004,0.997143,0.598612,-0.082156,0.514134,-1.654652,0.348166
1789159131.961317,0.009860,0.003614,-0.002433,0.000990,0.001832,-0.001336,0.072683,-0.017777,-0.997197,0.000000,0.000000,0.000000,0.508240,-0.665933,0.425253,-0.541052,0.483869,0.509261,0.174423,0.062811,0.102646,0.105005,0.974527,0.776343,0.000000,0.000000,-0.000000,-0.000000,0.000000,-0.000000,0.000000,-0.000000,0.000000,-0.000000,0.000000,-0.000000,1.011620,-1.685223,-1.021326,0.749167,0.637831,0.087004,0.997143,0.598612,-0.082156,0.514134,-1.654652,0.348166,1.107200,-1.777497,-1.068639,0.834671,0.678747,0.155882,0.978912,0.636581,-0.260215,0.348894,-1.658795,0.358219
1789159131.982719,0.008734,0.003900,-0.001364,0.000457,0.002365,-0.001336,0.072708,-0.017792,-0.997195,0.000000,0.000000,0.000000,0.508240,-0.665933,0.425253,-0.541052,0.483869,0.509261,0.174423,0.062811,0.102646,0.105005,0.974527,0.776343,0.000000,0.000000,-0.000000,-0.000000,0.000000,-0.000000,0.000000,-0.000000,0.000000,-0.000000,0.000000,-0.000000,1.107200,-1.777497,-1.068639,0.834671,0.678747,0.155882,0.978912,0.636581,-0.260215,0.348894,-1.658795,0.358219,1.090811,-1.766231,-1.000192,0.773269,0.686037,0.176374,0.928014,0.703194,-0.460010,0.302669,-1.602961,0.280662
1789159132.003355,0.006977,0.003880,-0.001082,0.000990,0.001965,-0.001336,0.072741,-0.017803,-0.997192,0.000000,0.000000,0.000000,0.508240,-0.665933,0.425253,-0.541052,0.483869,0.509261,0.174423,0.062811,0.102646,0.105005,0.974527,0.776343,0.000000,0.000000,-0.000000,-0.000000,0.000000,-0.000000,0.000000,-0.000000,0.000000,-0.000000,0.000000,-0.000000,1.090811,-1.766231,-1.000192,0.773269,0.686037,0.176374,0.928014,0.703194,-0.460010,0.302669,-1.602961,0.280662,0.998567,-1.667310,-0.859696,0.610652,0.667304,0.141032,0.859353,0.767224,-0.587813,0.400581,-1.496568,0.167701
1789159132.021687,0.005836,0.003894,-0.001004,0.000457,0.001699,-0.001602,0.072779,-0.017819,-0.997189,0.000000,0.000000,0.000000,0.508240,-0.665933,0.425253,-0.541052,0.483869,0.509261,0.174423,0.062811,0.102646,0.105005,0.974527,0.776343,0.000000,0.000000,-0.000000,-0.000000,0.000000,-0.000000,0.000000,-0.000000,0.000000,-0.000000,0.000000,-0.000000,0.998567,-1.667310,-0.859696,0.610652,0.667304,0.141032,0.859353,0.767224,-0.587813,0.400581,-1.496568,0.167701,0.863748,-1.519375,-0.720076,0.414753,0.663001,0.061441,0.803229,0.826410,-0.594396,0.595065,-1.391691,0.056908
1789159132.042375,0.005836,0.003894,-0.001004,0.000590,0.001832,-0.001602,0.072811,-0.017829,-0.997186,0.000000,0.000000,0.000000,0.508240,-0.665933,0.425253,-0.541052,0.483869,0.509261,0.174423,0.062811,0.102646,0.105005,0.974527,0.776343,0.000000,0.000000,-0.000000,-0.000000,0.000000,-0.000000,0.000000,-0.000000,0.000000,-0.000000,0.000000,-0.000000,0.863748,-1.519375,-0.720076,0.414753,0.663001,0.061441,0.803229,0.826410,-0.594396,0.595065,-1.391691,0.056908,0.718728,-1.379568,-0.632058,0.254189,0.677522,-0.036690,0.787235,0.858496,-0.481197,0.807179,-1.348589,-0.011454
1789159132.060291,0.005836,0.003894,-0.001004,0.000857,0.002098,-0.001336,0.072834,-0.017836,-0.997185,0.000000,0.000000,0.000000,0.508240,-0.665933,0.425253,-0.541052,0.483869,0.509261,0.174423,0.062811,0.102646,0.105005,0.974527,0.776343,0.000000,0.000000,-0.000000,-0.000000,0.000000,-0.000000,0.000000,-0.000000,0.000000,-0.000000,0.000000,-0.000000,0.718728,-1.379568,-0.632058,0.254189,0.677522,-0.036690,0.787235,0.858496,-0.481197,0.807179,-1.348589,-0.011454,0.631295,-1.318098,-0.618328,0.191058,0.672107,-0.107346,0.827129,0.827168,-0.299310,0.932875,-1.392769,-0.007434
1789159132.080317,-0.000064,0.001217,-0.000778,0.000990,0.001965,-0.001469,0.072857,-0.017840,-0.997183,0.000000,0.000000,0.000000,0.508240,-0.665933,0.425253,-0.541052,0.483869,0.509261,0.174423,0.062811,0.102646,0.105005,0.974527,0.776343,0.000000,0.000000,-0.000000,-0.000000,0.000000,-0.000000,0.000000,-0.000000,0.000000,-0.000000,0.000000,-0.000000,0.631295,-1.318098,-0.618328,0.191058,0.672107,-0.107346,0.827129,0.827168,-0.299310,0.932875,-1.392769,-0.007434,0.657581,-1.365188,-0.693295,0.275751,0.633807,-0.104449,0.900928,0.734668,-0.120036,0.912055,-1.489690,0.080450
1789159132.100321,0.000144,0.000822,-0.000314,0.000191,0.002232,-0.001469,0.072880,-0.017855,-0.997181,0.000000,0.000000,0.000000,0.508240,-0.665933,0.425253,-0.541052,0.483869,0.509261,0.174423,0.062811,0.102646,0.105005,0.974527,0.776343,0.000000,0.000000,-0.000000,-0.000000,0.000000,-0.000000,0.000000,-0.000000,0.000000,-0.000000,0.000000,-0.000000,0.657581,-1.365188,-0.693295,0.275751,0.633807,-0.104449,0.900928,0.734668,-0.120036,0.912055,-1.489690,0.080450,0.800365,-1.499812,-0.844602,0.492594,0.605022,-0.030250,0.965254,0.635975,-0.020702,0.763102,-1.581939,0.220426
1789159132.119856,0.000787,0.000283,0.000347,0.000457,0.002098,-0.001336,0.072906,-0.017873,-0.997179,0.000000,0.000000,0.000000,0.508240,-0.665933,0.425253,-0.541052,0.483869,0.509261,0.174423,0.062811,0.102646,0.105005,0.974527,0.776343,0.000000,0.000000,-0.000000,-0.000000,0.000000,-0.000000,0.000000,-0.000000,0.000000,-0.000000,0.000000,-0.000000,0.800365,-1.499812,-0.844602,0.492594,0.605022,-0.030250,0.965254,0.635975,-0.020702,0.763102,-1.581939,0.220426,0.984359,-1.661465,-1.002177,0.720132,0.628893,0.067606,0.994325,0.596313,-0.058918,0.551136,-1.644745,0.337744
1789159132.140260,0.000744,0.000070,0.001233,0.000990,0.001699,-0.001336,0.072944,-0.017875,-0.997176,0.000000,0.000000,0.000000,0.508240,-0.665933,0.425253,-0.541052,0.483869,0.509261,0.174423,0.062811,0.102646,0.105005,0.974527,0.776343,0.000000,0.000000,-0.000000,-0.000000,0.000000,-0.000000,0.000000,-0.000000,0.000000,-0.000000,0.000000,-0.000000,0.984359,-1.661465,-1.002177,0.720132,0.628893,0.067606,0.994325,0.596313,-0.058918,0.551136,-1.644745,0.337744,1.100172,-1.770362,-1.071454,0.833775,0.672650,0.143146,0.982256,0.624163,-0.221315,0.370211,-1.658993,0.367511
1789159132.159598,-0.000030,-0.000176,0.002001,0.000723,0.001832,-0.001469,0.072971,-0.017884,-0.997174,0.000000,0.000000,0.000000,0.508240,-0.665933,0.425253,-0.541052,0.483869,0.509261,0.174423,0.062811,0.102646,0.105005,0.974527,0.776343,0.000000,0.000000,-0.000000,-0.000000,0.000000,-0.000000,0.000000,-0.000000,0.000000,-0.000000,0.000000,-0.000000,1.100172,-1.770362,-1.071454,0.833775,0.672650,0.143146,0.982256,0.624163,-0.221315,0.370211,-1.658993,0.367511,1.102683,-1.778589,-1.022482,0.796751,0.687088,0.173080,0.936352,0.688698,-0.425530,0.298514,-1.614030,0.302025
1789159132.179779,-0.001843,-0.000307,0.002941,0.000324,0.002232,-0.001069,0.072995,-0.017899,-0.997172,0.000000,0.000000,0.000000,0.508240,-0.665933,0.425253,-0.541052,0.483869,0.509261,0.174423,0.062811,0.102646,0.105005,0.974527,0.776343,0.000000,0.000000,-0.000000,-0.000000,0.000000,-0.000000,0.000000,-0.000000,0.000000,-0.000000,0.000000,-0.000000,1.102683,-1.778589,-1.022482,0.796751,0.687088,0.173080,0.936352,0.688698,-0.425530,0.298514,-1.614030,0.302025,1.021389,-1.693177,-0.890083,0.648324,0.670327,0.147266,0.868365,0.753729,-0.571144,0.371252,-1.514096,0.193098
1789159132.200405,-0.005329,-0.000629,0.003010,0.000990,0.002232,-0.001336,0.073014,-0.017905,-0.997170,0.000000,0.000000,0.000000,0.508240,-0.665933,0.425253,-0.541052,0.483869,0.509261,0.174423,0.062811,0.102646,0.105005,0.974527,0.776343,0.000000,0.000000,-0.000000,-0.000000,0.000000,-0.000000,0.000000,-0.000000,0.000000,-0.000000,0.000000,-0.000000,1.021389,-1.693177,-0.890083,0.648324,0.670327,0.147266,0.868365,0.753729,-0.571144,0.371252,-1.514096,0.193098,0.893103,-1.551876,-0.746223,0.453226,0.661050,0.074170,0.808002,0.814089,-0.601622,0.553535,-1.403931,0.079573
1789159132.220252,-0.007959,-0.001126,0.002081,0.000457,0.002498,-0.001469,0.073039,-0.017909,-0.997168,0.000000,0.000000,0.000000,0.508240,-0.665933,0.425253,-0.541052,0.483869,0.509261,0.174423,0.062811,0.102646,0.105005,0.974527,0.776343,0.000000,0.000000,-0.000000,-0.000000,0.000000,-0.000000,0.000000,-0.000000,0.000000,-0.000000,0.000000,-0.000000,0.893103,-1.551876,-0.746223,0.453226,0.661050,0.074170,0.808002,0.814089,-0.601622,0.553535,-1.403931,0.079573,0.746010,-1.405746,-0.647168,0.281417,0.674625,-0.022977,0.783341,0.853733,-0.507438,0.771123,-1.345605,0.001679
1789159132.241243,-0.008236,-0.002069,0.001268,0.000324,0.001832,-0.001203,0.073070,-0.017926,-0.997166,0.000000,0.000000,0.000000,0.508240,-0.665933,0.425253,-0.541052,0.483869,0.509261,0.174423,0.062811,0.102646,0.105005,0.974527,0.776343,0.000000,0.000000,-0.000000,-0.000000,0.000000,-0.000000,0.000000,-0.000000,0.000000,-0.000000,0.000000,-0.000000,0.746010,-1.405746,-0.647168,0.281417,0.674625,-0.022977,0.783341,0.853733,-0.507438,0.771123,-1.345605,0.001679,0.643051,-1.326208,-0.619103,0.195731,0.676594,-0.103048,0.813554,0.835956,-0.332573,0.921478,-1.373320,-0.008717
1789159132.260425,-0.007772,-0.003081,0.001044,0.000857,0.002098,-0.001469,0.073091,-0.017935,-0.997164,0.000000,0.000000,0.000000,0.508240,-0.665933,0.425253,-0.541052,0.483869,0.509261,0.174423,0.062811,0.102646,0.105005,0.974527,0.776343,0.000000,0.000000,-0.000000,-0.000000,0.000000,-0.000000,0.000000,-0.000000,0.000000,-0.000000,0.000000,-0.000000,0.643051,-1.326208,-0.619103,0.195731,0.676594,-0.103048,0.813554,0.835956,-0.332573,0.921478,-1.373320,-0.008717,0.647638,-1.353755,-0.678014,0.252332,0.642857,-0.114857,0.885531,0.751960,-0.146278,0.927955,-1.465931,0.064711
1789159132.280565,-0.006320,-0.004160,0.001447,0.000990,0.002498,-0.001203,0.073109,-0.017945,-0.997163,0.000000,0.000000,0.000000,0.508240,-0.665933,0.425253,-0.541052,0.483869,0.509261,0.174423,0.062811,0.102646,0.105005,0.974527,0.776343,0.000000,0.000000,-0.000000,-0.000000,0.000000,-0.000000,0.000000,-0.000000,0.000000,-0.000000,0.000000,-0.000000,0.647638,-1.353755,-0.678014,0.252332,0.642857,-0.114857,0.885531,0.751960,-0.146278,0.927955,-1.465931,0.064711,0.774083,-1.476752,-0.819243,0.452513,0.607961,-0.050879,0.954861,0.649517,-0.026981,0.797641,-1.561912,0.199967
1789159132.300015,-0.005059,-0.004312,0.002152,0.000590,0.002098,-0.001602,0.073134,-0.017950,-0.997161,0.000000,0.000000,0.000000,0.508240,-0.665933,0.425253,-0.541052,0.483869,0.509261,0.174423,0.062811,0.102646,0.105005,0.974527,0.776343,0.000000,0.000000,-0.000000,-0.000000,0.000000,-0.000000,0.000000,-0.000000,0.000000,-0.000000,0.000000,-0.000000,0.774083,-1.476752,-0.819243,0.452513,0.607961,-0.050879,0.954861,0.649517,-0.026981,0.797641,-1.561912,0.199967,0.958893,-1.639229,-0.982656,0.689924,0.622398,0.046948,0.990849,0.596645,-0.039318,0.588944,-1.632003,0.327018
1789159132.319936,-0.003737,-0.003815,0.003555,0.000857,0.002365,-0.001203,0.073157,-0.017954,-0.997159,0.000000,0.000000,0.000000,0.508240,-0.665933,0.425253,-0.541052,0.483869,0.509261,0.174423,0.062811,0.102646,0.105005,0.974527,0.776343,0.000000,0.000000,-0.000000,-0.000000,0.000000,-0.000000,0.000000,-0.000000,0.000000,-0.000000,0.000000,-0.000000,0.958893,-1.639229,-0.982656,0.689924,0.622398,0.046948,0.990849,0.596645,-0.039318,0.588944,-1.632003,0.327018,1.092368,-1.762301,-1.072067,0.829426,0.666826,0.128922,0.985561,0.614340,-0.184996,0.394737,-1.656686,0.374423
1789159132.340035,-0.003608,-0.003541,0.003905,0.000857,0.001566,-0.001203,0.073184,-0.017960,-0.997157,0.000000,0.000000,0.000000,0.508240,-0.665933,0.425253,-0.541052,0.483869,0.509261,0.174423,0.062811,0.102646,0.105005,0.974527,0.776343,0.000000,0.000000,-0.000000,-0.000000,0.000000,-0.000000,0.000000,-0.000000,0.000000,-0.000000,0.000000,-0.000000,1.092368,-1.762301,-1.072067,0.829426,0.666826,0.128922,0.985561,0.614340,-0.184996,0.394737,-1.656686,0.374423,1.113203,-1.788463,-1.042050,0.816495,0.687757,0.168285,0.944928,0.675860,-0.390750,0.299811,-1.622977,0.321468
1789159132.359882,-0.004684,-0.002547,0.004029,0.000590,0.001832,-0.001602,0.073205,-0.017969,-0.997155,0.000000,0.000000,0.000000,0.508240,-0.665933,0.425253,-0.541052,0.483869,0.509261,0.174423,0.062811,0.102646,0.105005,0.974527,0.776343,0.000000,0.000000,-0.000000,-0.000000,0.000000,-0.000000,0.000000,-0.000000,0.000000,-0.000000,0.000000,-0.000000,1.113203,-1.788463,-1.042050,0.816495,0.687757,0.168285,0.944928,0.675860,-0.390750,0.299811,-1.622977,0.321468,1.042135,-1.716278,-0.918410,0.682844,0.674082,0.153154,0.879222,0.741998,-0.552540,0.347437,-1.531759,0.216038
1789159132.380041,-0.006189,-0.001949,0.003311,0.000990,0.002365,-0.001469,0.073216,-0.017969,-0.997154,0.000000,0.000000,0.000000,0.508240,-0.665933,0.425253,-0.541052,0.483869,0.509261,0.174423,0.062811,0.102646,0.105005,0.974527,0.776343,0.000000,0.000000,-0.000000,-0.000000,0.000000,-0.000000,0.000000,-0.000000,0.000000,-0.000000,0.000000,-0.000000,1.042135,-1.716278,-0.918410,0.682844,0.674082,0.153154,0.879222,0.741998,-0.552540,0.347437,-1.531759,0.216038,0.919912,-1.581243,-0.771051,0.489693,0.660733,0.088053,0.815931,0.803717,-0.606305,0.515726,-1.419583,0.099716
1789159132.399683,-0.007897,-0.001201,0.001888,0.000857,0.002098,-0.001203,0.073235,-0.017975,-0.997153,0.000000,0.000000,0.000000,0.508240,-0.665933,0.425253,-0.541052,0.483869,0.509261,0.174423,0.062811,0.102646,0.105005,0.974527,0.776343,0.000000,0.000000,-0.000000,-0.000000,0.000000,-0.000000,0.000000,-0.000000,0.000000,-0.000000,0.000000,-0.000000,0.919912,-1.581243,-0.771051,0.489693,0.660733,0.088053,0.815931,0.803717,-0.606305,0.515726,-1.419583,0.099716,0.772072,-1.429761,-0.660892,0.307849,0.672003,-0.006233,0.783717,0.849986,-0.532431,0.734679,-1.349024,0.012051
1789159132.419940,-0.008064,-0.001329,0.000947,0.000457,0.001965,-0.001336,0.073257,-0.017992,-0.997151,0.000000,0.000000,0.000000,0.508240,-0.665933,0.425253,-0.541052,0.483869,0.509261,0.174423,0.062811,0.102646,0.105005,0.974527,0.776343,0.000000,0.000000,-0.000000,-0.000000,0.000000,-0.000000,0.000000,-0.000000,0.000000,-0.000000,0.000000,-0.000000,0.772072,-1.429761,-0.660892,0.307849,0.672003,-0.006233,0.783717,0.849986,-0.532431,0.734679,-1.349024,0.012051,0.655088,-1.333416,-0.618507,0.201834,0.679279,-0.092950,0.804395,0.844727,-0.367129,0.904638,-1.361870,-0.012570
1789159132.440017,-0.006110,-0.001638,0.000420,0.000990,0.002232,-0.001336,0.073272,-0.017993,-0.997150,0.000000,0.000000,0.000000,0.508240,-0.665933,0.425253,-0.541052,0.483869,0.509261,0.174423,0.062811,0.102646,0.105005,0.974527,0.776343,0.000000,0.000000,-0.000000,-0.000000,0.000000,-0.000000,0.000000,-0.000000,0.000000,-0.000000,0.000000,-0.000000,0.655088,-1.333416,-0.618507,0.201834,0.679279,-0.092950,0.804395,0.844727,-0.367129,0.904638,-1.361870,-0.012570,0.637632,-1.340879,-0.660858,0.230031,0.650650,-0.118657,0.872072,0.770148,-0.177321,0.938359,-1.448037,0.045756
1789159132.459583,-0.005037,-0.001678,0.000449,0.000457,0.001832,-0.001469,0.073295,-0.018006,-0.997148,0.000000,0.000000,0.000000,0.508240,-0.665933,0.425253,-0.541052,0.483869,0.509261,0.174423,0.062811,0.102646,0.105005,0.974527,0.776343,0.000000,0.000000,-0.000000,-0.000000,0.000000,-0.000000,0.000000,-0.000000,0.000000,-0.000000,0.000000,-0.000000,0.637632,-1.340879,-0.660858,0.230031,0.650650,-0.118657,0.872072,0.770148,-0.177321,0.938359,-1.448037,0.045756,0.744058,-1.449927,-0.789734,0.408988,0.611352,-0.065089,0.945826,0.665794,-0.040531,0.829183,-1.547637,0.173768
1789159132.479768,0.000007,-0.001092,0.000508,0.000857,0.002098,-0.001469,0.073316,-0.018012,-0.997146,0.000000,0.000000,0.000000,0.508240,-0.665933,0.425253,-0.541052,0.483869,0.509261,0.174423,0.062811,0.102646,0.105005,0.974527,0.776343,0.000000,0.000000,-0.000000,-0.000000,0.000000,-0.000000,0.000000,-0.000000,0.000000,-0.000000,0.000000,-0.000000,0.744058,-1.449927,-0.789734,0.408988,0.611352,-0.065089,0.945826,0.665794,-0.040531,0.829183,-1.547637,0.173768,0.926322,-1.610564,-0.956240,0.650842,0.616076,0.031908,0.989154,0.600682,-0.027096,0.627867,-1.624528,0.308131
1789159132.500467,0.002035,-0.000432,0.000551,0.000857,0.001965,-0.001602,0.073333,-0.018021,-0.997145,0.000000,0.000000,0.000000,0.508240,-0.665933,0.425253,-0.541052,0.483869,0.509261,0.174423,0.062811,0.102646,0.105005,0.974527,0.776343,0.000000,0.000000,-0.000000,-0.000000,0.000000,-0.000000,0.000000,-0.000000,0.000000,-0.000000,0.000000,-0.000000,0.926322,-1.610564,-0.956240,0.650842,0.616076,0.031908,0.989154,0.600682,-0.027096,0.627867,-1.624528,0.308131,1.075741,-1.746345,-1.064069,0.813848,0.659939,0.120263,0.991974,0.607819,-0.153861,0.424252,-1.659560,0.372256
1789159132.520397,0.003397,0.000995,0.000479,0.000457,0.001566,-0.001336,0.073358,-0.018028,-0.997143,0.000000,0.000000,0.000000,0.508240,-0.665933,0.425253,-0.541052,0.483869,0.509261,0.174423,0.062811,0.102646,0.105005,0.974527,0.776343,0.000000,0.000000,-0.000000,-0.000000,0.000000,-0.000000,0.000000,-0.000000,0.000000,-0.000000,0.000000,-0.000000,1.075741,-1.746345,-1.064069,0.813848,0.659939,0.120263,0.991974,0.607819,-0.153861,0.424252,-1.659560,0.372256,1.116161,-1.790659,-1.054071,0.826347,0.687231,0.169109,0.957606,0.664838,-0.357278,0.307947,-1.637043,0.334130
1789159132.540303,0.003398,0.001470,0.000330,0.000723,0.002232,-0.001203,0.073374,-0.018034,-0.997141,0.000000,0.000000,0.000000,0.508240,-0.665933,0.425253,-0.541052,0.483869,0.509261,0.174423,0.062811,0.102646,0.105005,0.974527,0.776343,0.000000,0.000000,-0.000000,-0.000000,0.000000,-0.000000,0.000000,-0.000000,0.000000,-0.000000,0.000000,-0.000000,1.116161,-1.790659,-1.054071,0.826347,0.687231,0.169109,0.957606,0.664838,-0.357278,0.307947,-1.637043,0.334130,1.057618,-1.732641,-0.942072,0.709411,0.678063,0.163843,0.894448,0.732037,-0.533237,0.330249,-1.554745,0.233627
1789159132.560501,0.002213,0.002404,-0.000636,0.000990,0.001965,-0.001203,0.073391,-0.018034,-0.997140,0.000000,0.000000,0.000000,0.508240,-0.665933,0.425253,-0.541052,0.483869,0.509261,0.174423,0.062811,0.102646,0.105005,0.974527,0.776343,0.000000,0.000000,-0.000000,-0.000000,0.000000,-0.000000,0.000000,-0.000000,0.000000,-0.000000,0.000000,-0.000000,1.057618,-1.732641,-0.942072,0.709411,0.678063,0.163843,0.894448,0.732037,-0.533237,0.330249,-1.554745,0.233627,0.941775,-1.604524,-0.792582,0.520505,0.661684,0.106339,0.828373,0.794664,-0.608913,0.482760,-1.441653,0.115688
1789159132.580226,0.000993,0.002880,-0.000985,0.000590,0.002098,-0.001469,0.073413,-0.018033,-0.997139,0.000000,0.000000,0.000000,0.508240,-0.665933,0.425253,-0.541052,0.483869,0.509261,0.174423,0.062811,0.102646,0.105005,0.974527,0.776343,0.000000,0.000000,-0.000000,-0.000000,0.000000,-0.000000,0.000000,-0.000000,0.000000,-0.000000,0.000000,-0.000000,0.941775,-1.604524,-0.792582,0.520505,0.661684,0.106339,0.828373,0.794664,-0.608913,0.482760,-1.441653,0.115688,0.794698,-1.450194,-0.672047,0.331695,0.669579,0.014287,0.788124,0.846368,-0.555696,0.698662,-1.359275,0.019337
1789159132.599816,0.001086,0.002803,-0.001347,0.000857,0.001699,-0.001602,0.073446,-0.018034,-0.997136,0.000000,0.000000,0.000000,0.508240,-0.665933,0.425253,-0.541052,0.483869,0.509261,0.174423,0.062811,0.102646,0.105005,0.974527,0.776343,0.000000,0.000000,-0.000000,-0.000000,0.000000,-0.000000,0.000000,-0.000000,0.000000,-0.000000,0.000000,-0.000000,0.794698,-1.450194,-0.672047,0.331695,0.669579,0.014287,0.788124,0.846368,-0.555696,0.698662,-1.359275,0.019337,0.665812,-1.338647,-0.615837,0.207752,0.680658,-0.078383,0.798118,0.852815,-0.401810,0.884500,-1.356804,-0.018841
1789159132.620427,0.002097,0.002273,-0.001637,0.000590,0.001965,-0.001336,0.073464,-0.018039,-0.997135,0.000000,0.000000,0.000000,0.508240,-0.665933,0.425253,-0.541052,0.483869,0.509261,0.174423,0.062811,0.102646,0.105005,0.974527,0.776343,0.000000,0.000000,-0.000000,-0.000000,0.000000,-0.000000,0.000000,-0.000000,0.000000,-0.000000,0.000000,-0.000000,0.665812,-1.338647,-0.615837,0.207752,0.680658,-0.078383,0.798118,0.852815,-0.401810,0.884500,-1.356804,-0.018841,0.626698,-1.326221,-0.641810,0.208547,0.657655,-0.118119,0.859400,0.788743,-0.210792,0.944806,-1.434215,0.024252
1789159132.640176,0.004794,0.001441,-0.002374,0.000857,0.002098,-0.001602,0.073488,-0.018042,-0.997133,0.000000,0.000000,0.000000,0.508240,-0.665933,0.425253,-0.541052,0.483869,0.509261,0.174423,0.062811,0.102646,0.105005,0.974527,0.776343,0.000000,0.000000,-0.000000,-0.000000,0.000000,-0.000000,0.000000,-0.000000,0.000000,-0.000000,0.000000,-0.000000,0.626698,-1.326221,-0.641810,0.208547,0.657655,-0.118119,0.859400,0.788743,-0.210792,0.944806,-1.434215,0.024252,0.712456,-1.420181,-0.757258,0.364049,0.616181,-0.077061,0.935304,0.685168,-0.058955,0.858270,-1.535574,0.143248
1789159132.659930,0.006904,0.001379,-0.002711,0.000857,0.001965,-0.001735,0.073512,-0.018047,-0.997131,0.000000,0.000000,0.000000,0.508240,-0.665933,0.425253,-0.541052,0.483869,0.509261,0.174423,0.062811,0.102646,0.105005,0.974527,0.776343,0.000000,0.000000,-0.000000,-0.000000,0.000000,-0.000000,0.000000,-0.000000,0.000000,-0.000000,0.000000,-0.000000,0.712456,-1.420181,-0.757258,0.364049,0.616181,-0.077061,0.935304,0.685168,-0.058955,0.858270,-1.535574,0.143248,0.888616,-1.577039,-0.923684,0.605823,0.610817,0.016419,0.985048,0.608579,-0.019881,0.667893,-1.617620,0.283265
1789159132.679674,0.009133,0.001751,-0.002440,0.000324,0.002098,-0.001469,0.073524,-0.018060,-0.997130,0.000000,0.000000,0.000000,0.508240,-0.665933,0.425253,-0.541052,0.483869,0.509261,0.174423,0.062811,0.102646,0.105005,0.974527,0.776343,0.000000,0.000000,-0.000000,-0.000000,0.000000,-0.000000,0.000000,-0.000000,0.000000,-0.000000,0.000000,-0.000000,0.888616,-1.577039,-0.923684,0.605823,0.610817,0.016419,0.985048,0.608579,-0.019881,0.667893,-1.617620,0.283265,1.052822,-1.724038,-1.049619,0.791234,0.651893,0.109135,0.995809,0.603861,-0.124292,0.457980,-1.661220,0.364408
1789159132.699721,0.009622,0.002281,-0.001679,0.000590,0.002098,-0.001469,0.073545,-0.018063,-0.997128,0.000000,0.000000,0.000000,0.508240,-0.665933,0.425253,-0.541052,0.483869,0.509261,0.174423,0.062811,0.102646,0.105005,0.974527,0.776343,0.000000,0.000000,-0.000000,-0.000000,0.000000,-0.000000,0.000000,-0.000000,0.000000,-0.000000,0.000000,-0.000000,1.052822,-1.724038,-1.049619,0.791234,0.651893,0.109135,0.995809,0.603861,-0.124292,0.457980,-1.661220,0.364408,1.115046,-1.787941,-1.061911,0.832246,0.685263,0.165583,0.967263,0.654704,-0.320719,0.321221,-1.648337,0.344335
1789159132.719914,0.009164,0.002795,-0.001031,0.000857,0.001832,-0.001336,0.073565,-0.018063,-0.997127,0.000000,0.000000,0.000000,0.508240,-0.665933,0.425253,-0.541052,0.483869,0.509261,0.174423,0.062811,0.102646,0.105005,0.974527,0.776343,0.000000,0.000000,-0.000000,-0.000000,0.000000,-0.000000,0.000000,-0.000000,0.000000,-0.000000,0.000000,-0.000000,1.115046,-1.787941,-1.061911,0.832246,0.685263,0.165583,0.967263,0.654704,-0.320719,0.321221,-1.648337,0.344335,1.071613,-1.747137,-0.965297,0.735527,0.681975,0.170256,0.908392,0.722358,-0.507751,0.316935,-1.575539,0.251321
1789159132.739966,0.006483,0.002670,-0.001047,0.000590,0.002365,-0.001336,0.073585,-0.018065,-0.997125,0.000000,0.000000,0.000000,0.508240,-0.665933,0.425253,-0.541052,0.483869,0.509261,0.174423,0.062811,0.102646,0.105005,0.974527,0.776343,0.000000,0.000000,-0.000000,-0.000000,0.000000,-0.000000,0.000000,-0.000000,0.000000,-0.000000,0.000000,-0.000000,1.071613,-1.747137,-0.965297,0.735527,0.681975,0.170256,0.908392,0.722358,-0.507751,0.316935,-1.575539,0.251321,0.964317,-1.629408,-0.817538,0.555140,0.663388,0.120290,0.840104,0.785398,-0.604339,0.449900,-1.462782,0.134616
1789159132.760117,0.004648,0.002661,-0.001235,0.001123,0.002365,-0.000936,0.073595,-0.018065,-0.997125,0.000000,0.000000,0.000000,0.508240,-0.665933,0.425253,-0.541052,0.483869,0.509261,0.174423,0.062811,0.102646,0.105005,0.974527,0.776343,0.000000,0.000000,-0.000000,-0.000000,0.000000,-0.000000,0.000000,-0.000000,0.000000,-0.000000,0.000000,-0.000000,0.964317,-1.629408,-0.817538,0.555140,0.663388,0.120290,0.840104,0.785398,-0.604339,0.449900,-1.462782,0.134616,0.821063,-1.475656,-0.688638,0.361457,0.667004,0.031797,0.792615,0.840884,-0.573719,0.659850,-1.369825,0.031955
1789159132.781637,0.002891,0.002197,-0.001803,0.000857,0.002232,-0.001602,0.073612,-0.018073,-0.997123,0.000000,0.000000,0.000000,0.508240,-0.665933,0.425253,-0.541052,0.483869,0.509261,0.174423,0.062811,0.102646,0.105005,0.974527,0.776343,0.000000,0.000000,-0.000000,-0.000000,0.000000,-0.000000,0.000000,-0.000000,0.000000,-0.000000,0.000000,-0.000000,0.821063,-1.475656,-0.688638,0.361457,0.667004,0.031797,0.792615,0.840884,-0.573719,0.659850,-1.369825,0.031955,0.683546,-1.351480,-0.619564,0.221809,0.680843,-0.064658,0.791951,0.857900,-0.433804,0.858868,-1.351079,-0.018244
1789159132.799562,0.002773,0.001386,-0.002157,0.000857,0.002365,-0.001469,0.073627,-0.018076,-0.997122,0.000000,0.000000,0.000000,0.508240,-0.665933,0.425253,-0.541052,0.483869,0.509261,0.174423,0.062811,0.102646,0.105005,0.974527,0.776343,0.000000,0.000000,-0.000000,-0.000000,0.000000,-0.000000,0.000000,-0.000000,0.000000,-0.000000,0.000000,-0.000000,0.683546,-1.351480,-0.619564,0.221809,0.680843,-0.064658,0.791951,0.857900,-0.433804,0.858868,-1.351079,-0.018244,0.624446,-1.319767,-0.629915,0.196627,0.664867,-0.117529,0.845713,0.805718,-0.244143,0.945694,-1.416796,0.009943
1789159132.820349,0.003327,0.000518,-0.002415,0.000990,0.002098,-0.001336,0.073647,-0.018082,-0.997120,0.000000,0.000000,0.000000,0.508240,-0.665933,0.425253,-0.541052,0.483869,0.509261,0.174423,0.062811,0.102646,0.105005,0.974527,0.776343,0.000000,0.000000,-0.000000,-0.000000,0.000000,-0.000000,0.000000,-0.000000,0.000000,-0.000000,0.000000,-0.000000,0.624446,-1.319767,-0.629915,0.196627,0.664867,-0.117529,0.845713,0.805718,-0.244143,0.945694,-1.416796,0.009943,0.688035,-1.396709,-0.730661,0.326025,0.622925,-0.090340,0.922452,0.704324,-0.079381,0.883268,-1.518315,0.118352
1789159132.840381,0.004627,-0.000179,-0.002340,0.000857,0.002498,-0.000936,0.073652,-0.018084,-0.997120,0.000000,0.000000,0.000000,0.508240,-0.665933,0.425253,-0.541052,0.483869,0.509261,0.174423,0.062811,0.102646,0.105005,0.974527,0.776343,0.000000,0.000000,-0.000000,-0.000000,0.000000,-0.000000,0.000000,-0.000000,0.000000,-0.000000,0.000000,-0.000000,0.688035,-1.396709,-0.730661,0.326025,0.622925,-0.090340,0.922452,0.704324,-0.079381,0.883268,-1.518315,0.118352,0.854606,-1.546950,-0.893968,0.562760,0.607540,-0.002815,0.977936,0.617325,-0.015689,0.706225,-1.604774,0.260968
1789159132.860558,0.005255,-0.000285,-0.001636,0.000590,0.001699,-0.001735,0.073679,-0.018092,-0.997118,0.000000,0.000000,0.000000,0.508240,-0.665933,0.425253,-0.541052,0.483869,0.509261,0.174423,0.062811,0.102646,0.105005,0.974527,0.776343,0.000000,0.000000,-0.000000,-0.000000,0.000000,-0.000000,0.000000,-0.000000,0.000000,-0.000000,0.000000,-0.000000,0.854606,-1.546950,-0.893968,0.562760,0.607540,-0.002815,0.977936,0.617325,-0.015689,0.706225,-1.604774,0.260968,1.029558,-1.702550,-1.034617,0.768066,0.643326,0.092883,0.995841,0.599337,-0.095699,0.492549,-1.656143,0.357606
1789159132.880321,0.004828,-0.000153,-0.000101,0.000723,0.002232,-0.001203,0.073692,-0.018100,-0.997117,0.000000,0.000000,0.000000,0.508240,-0.665933,0.425253,-0.541052,0.483869,0.509261,0.174423,0.062811,0.102646,0.105005,0.974527,0.776343,0.000000,0.000000,-0.000000,-0.000000,0.000000,-0.000000,0.000000,-0.000000,0.000000,-0.000000,0.000000,-0.000000,1.029558,-1.702550,-1.034617,0.768066,0.643326,0.092883,0.995841,0.599337,-0.095699,0.492549,-1.656143,0.357606,1.113212,-1.784927,-1.069444,0.837688,0.681579,0.156774,0.972955,0.642171,-0.281791,0.336571,-1.653448,0.356631
1789159132.900404,0.003233,-0.000107,0.000851,0.000590,0.002098,-0.001203,0.073706,-0.018102,-0.997116,0.000000,0.000000,0.000000,0.508240,-0.665933,0.425253,-0.541052,0.483869,0.509261,0.174423,0.062811,0.102646,0.105005,0.974527,0.776343,0.000000,0.000000,-0.000000,-0.000000,0.000000,-0.000000,0.000000,-0.000000,0.000000,-0.000000,0.000000,-0.000000,1.113212,-1.784927,-1.069444,0.837688,0.681579,0.156774,0.972955,0.642171,-0.281791,0.336571,-1.653448,0.356631,1.086339,-1.762509,-0.990035,0.762731,0.684742,0.171257,0.918490,0.709333,-0.478087,0.305292,-1.591029,0.272824
1789159132.920390,0.000833,-0.000076,0.001345,0.000990,0.001699,-0.000936,0.073734,-0.018101,-0.997114,0.000000,0.000000,0.000000,0.508240,-0.665933,0.425253,-0.541052,0.483869,0.509261,0.174423,0.062811,0.102646,0.105005,0.974527,0.776343,0.000000,0.000000,-0.000000,-0.000000,0.000000,-0.000000,0.000000,-0.000000,0.000000,-0.000000,0.000000,-0.000000,1.086339,-1.762509,-0.990035,0.762731,0.684742,0.171257,0.918490,0.709333,-0.478087,0.305292,-1.591029,0.272824,0.988093,-1.656176,-0.846049,0.592253,0.665535,0.130256,0.849606,0.773093,-0.594994,0.417233,-1.481354,0.157886
1789159132.940108,-0.003114,-0.000038,0.001652,0.000857,0.001699,-0.001735,0.073752,-0.018107,-0.997112,0.000000,0.000000,0.000000,0.508240,-0.665933,0.425253,-0.541052,0.483869,0.509261,0.174423,0.062811,0.102646,0.105005,0.974527,0.776343,0.000000,0.000000,-0.000000,-0.000000,0.000000,-0.000000,0.000000,-0.000000,0.000000,-0.000000,0.000000,-0.000000,0.988093,-1.656176,-0.846049,0.592253,0.665535,0.130256,0.849606,0.773093,-0.594994,0.417233,-1.481354,0.157886,0.849328,-1.505891,-0.709979,0.396407,0.664025,0.047040,0.796653,0.830886,-0.587240,0.618927,-1.379817,0.050027
1789159132.959920,-0.005014,-0.000428,0.001663,0.000723,0.002498,-0.001203,0.073764,-0.018117,-0.997111,0.000000,0.000000,0.000000,0.508240,-0.665933,0.425253,-0.541052,0.483869,0.509261,0.174423,0.062811,0.102646,0.105005,0.974527,0.776343,0.000000,0.000000,-0.000000,-0.000000,0.000000,-0.000000,0.000000,-0.000000,0.000000,-0.000000,0.000000,-0.000000,0.849328,-1.505891,-0.709979,0.396407,0.664025,0.047040,0.796653,0.830886,-0.587240,0.618927,-1.379817,0.050027,0.706642,-1.371535,-0.629717,0.242813,0.678710,-0.051113,0.786471,0.857240,-0.462805,0.828193,-1.345116,-0.010965
1789159132.980255,-0.005725,-0.001970,0.000938,0.000857,0.002098,-0.001203,0.073776,-0.018122,-0.997110,0.000000,0.000000,0.000000,0.508240,-0.665933,0.425253,-0.541052,0.483869,0.509261,0.174423,0.062811,0.102646,0.105005,0.974527,0.776343,0.000000,0.000000,-0.000000,-0.000000,0.000000,-0.000000,0.000000,-0.000000,0.000000,-0.000000,0.000000,-0.000000,0.706642,-1.371535,-0.629717,0.242813,0.678710,-0.051113,0.786471,0.857240,-0.462805,0.828193,-1.345116,-0.010965,0.629818,-1.321221,-0.625510,0.193580,0.670114,-0.115854,0.832017,0.817898,-0.276436,0.941102,-1.396944,0.002707
1789159133.000104,-0.005272,-0.002962,0.000879,0.000723,0.001965,-0.001469,0.073791,-0.018130,-0.997109,0.000000,0.000000,0.000000,0.508240,-0.665933,0.425253,-0.541052,0.483869,0.509261,0.174423,0.062811,0.102646,0.105005,0.974527,0.776343,0.000000,0.000000,-0.000000,-0.000000,0.000000,-0.000000,0.000000,-0.000000,0.000000,-0.000000,0.000000,-0.000000,0.629818,-1.321221,-0.625510,0.193580,0.670114,-0.115854,0.832017,0.817898,-0.276436,0.941102,-1.396944,0.002707,0.671463,-1.380509,-0.711088,0.296591,0.630043,-0.103388,0.908498,0.721413,-0.101054,0.903771,-1.496586,0.099114
1789159133.019886,-0.003822,-0.003629,0.001231,0.000457,0.002365,-0.001336,0.073798,-0.018140,-0.997108,0.000000,0.000000,0.000000,0.508240,-0.665933,0.425253,-0.541052,0.483869,0.509261,0.174423,0.062811,0.102646,0.105005,0.974527,0.776343,0.000000,0.000000,-0.000000,-0.000000,0.000000,-0.000000,0.000000,-0.000000,0.000000,-0.000000,0.000000,-0.000000,0.671463,-1.380509,-0.711088,0.296591,0.630043,-0.103388,0.908498,0.721413,-0.101054,0.903771,-1.496586,0.099114,0.825235,-1.522312,-0.868173,0.523953,0.605896,-0.023408,0.969807,0.626419,-0.014775,0.741939,-1.587129,0.241184
1789159133.040447,-0.003308,-0.003861,0.001270,0.000857,0.001965,-0.001469,0.073815,-0.018145,-0.997107,0.000000,0.000000,0.000000,0.508240,-0.665933,0.425253,-0.541052,0.483869,0.509261,0.174423,0.062811,0.102646,0.105005,0.974527,0.776343,0.000000,0.000000,-0.000000,-0.000000,0.000000,-0.000000,0.000000,-0.000000,0.000000,-0.000000,0.000000,-0.000000,0.825235,-1.522312,-0.868173,0.523953,0.605896,-0.023408,0.969807,0.626419,-0.014775,0.741939,-1.587129,0.241184,1.007132,-1.682783,-1.020044,0.744351,0.634977,0.074337,0.994243,0.595313,-0.070381,0.527080,-1.646430,0.351197
1789159133.060353,-0.002459,-0.003702,0.001670,0.000990,0.002498,-0.001602,0.073827,-0.018141,-0.997106,0.000000,0.000000,0.000000,0.508240,-0.665933,0.425253,-0.541052,0.483869,0.509261,0.174423,0.062811,0.102646,0.105005,0.974527,0.776343,0.000000,0.000000,-0.000000,-0.000000,0.000000,-0.000000,0.000000,-0.000000,0.000000,-0.000000,0.000000,-0.000000,1.007132,-1.682783,-1.020044,0.744351,0.634977,0.074337,0.994243,0.595313,-0.070381,0.527080,-1.646430,0.351197,1.110314,-1.781706,-1.075268,0.840831,0.677071,0.145733,0.977251,0.629667,-0.244417,0.354079,-1.654719,0.368463
1789159133.080588,-0.001894,-0.003188,0.002446,0.000590,0.002498,-0.001602,0.073836,-0.018149,-0.997105,0.000000,0.000000,0.000000,0.508240,-0.665933,0.425253,-0.541052,0.483869,0.509261,0.174423,0.062811,0.102646,0.105005,0.974527,0.776343,0.000000,0.000000,-0.000000,-0.000000,0.000000,-0.000000,0.000000,-0.000000,0.000000,-0.000000,0.000000,-0.000000,1.110314,-1.781706,-1.075268,0.840831,0.677071,0.145733,0.977251,0.629667,-0.244417,0.354079,-1.654719,0.368463,1.100089,-1.777016,-1.013033,0.787519,0.686835,0.170086,0.927675,0.696080,-0.447917,0.297805,-1.603165,0.293933
1789159133.100057,-0.003252,-0.002527,0.002914,0.000590,0.002232,-0.001602,0.073839,-0.018156,-0.997105,0.000000,0.000000,0.000000,0.508240,-0.665933,0.425253,-0.541052,0.483869,0.509261,0.174423,0.062811,0.102646,0.105005,0.974527,0.776343,0.000000,0.000000,-0.000000,-0.000000,0.000000,-0.000000,0.000000,-0.000000,0.000000,-0.000000,0.000000,-0.000000,1.100089,-1.777016,-1.013033,0.787519,0.686835,0.170086,0.927675,0.696080,-0.447917,0.297805,-1.603165,0.293933,1.010608,-1.681954,-0.874007,0.628458,0.668277,0.138599,0.859077,0.760990,-0.583482,0.387437,-1.498790,0.180969
1789159133.120217,-0.004810,-0.002184,0.002527,0.000590,0.002365,-0.001336,0.073847,-0.018160,-0.997104,0.000000,0.000000,0.000000,0.508240,-0.665933,0.425253,-0.541052,0.483869,0.509261,0.174423,0.062811,0.102646,0.105005,0.974527,0.776343,0.000000,0.000000,-0.000000,-0.000000,0.000000,-0.000000,0.000000,-0.000000,0.000000,-0.000000,0.000000,-0.000000,1.010608,-1.681954,-0.874007,0.628458,0.668277,0.138599,0.859077,0.760990,-0.583482,0.387437,-1.498790,0.180969,0.876990,-1.534878,-0.731773,0.430669,0.662148,0.061425,0.801345,0.821365,-0.599012,0.579825,-1.391300,0.068016
1789159133.140275,-0.006567,-0.002420,0.001191,0.000457,0.001965,-0.001336,0.073870,-0.018178,-0.997102,0.000000,0.000000,0.000000,0.508240,-0.665933,0.425253,-0.541052,0.483869,0.509261,0.174423,0.062811,0.102646,0.105005,0.974527,0.776343,0.000000,0.000000,-0.000000,-0.000000,0.000000,-0.000000,0.000000,-0.000000,0.000000,-0.000000,0.000000,-0.000000,0.876990,-1.534878,-0.731773,0.430669,0.662148,0.061425,0.801345,0.821365,-0.599012,0.579825,-1.391300,0.068016,0.729164,-1.390714,-0.638981,0.263609,0.677522,-0.036653,0.782425,0.857213,-0.491641,0.797664,-1.342066,-0.004751
1789159133.160022,-0.006640,-0.002489,0.000973,0.000857,0.002365,-0.001602,0.073872,-0.018188,-0.997102,0.000000,0.000000,0.000000,0.508240,-0.665933,0.425253,-0.541052,0.483869,0.509261,0.174423,0.062811,0.102646,0.105005,0.974527,0.776343,0.000000,0.000000,-0.000000,-0.000000,0.000000,-0.000000,0.000000,-0.000000,0.000000,-0.000000,0.000000,-0.000000,0.729164,-1.390714,-0.638981,0.263609,0.677522,-0.036653,0.782425,0.857213,-0.491641,0.797664,-1.342066,-0.004751,0.634587,-1.321758,-0.619916,0.191020,0.675511,-0.111348,0.819990,0.830756,-0.309961,0.934432,-1.380739,-0.006018
1789159133.180387,-0.004188,-0.003154,0.000229,0.000590,0.002365,-0.001469,0.073878,-0.018195,-0.997101,0.000000,0.000000,0.000000,0.508240,-0.665933,0.425253,-0.541052,0.483869,0.509261,0.174423,0.062811,0.102646,0.105005,0.974527,0.776343,0.000000,0.000000,-0.000000,-0.000000,0.000000,-0.000000,0.000000,-0.000000,0.000000,-0.000000,0.000000,-0.000000,0.634587,-1.321758,-0.619916,0.191020,0.675511,-0.111348,0.819990,0.830756,-0.309961,0.934432,-1.380739,-0.006018,0.654145,-1.362329,-0.689717,0.266473,0.638240,-0.112697,0.895292,0.740541,-0.126265,0.922349,-1.478533,0.077239
1789159133.200144,-0.002229,-0.003214,0.000471,0.000590,0.002098,-0.001602,0.073895,-0.018211,-0.997100,0.000000,0.000000,0.000000,0.508240,-0.665933,0.425253,-0.541052,0.483869,0.509261,0.174423,0.062811,0.102646,0.105005,0.974527,0.776343,0.000000,0.000000,-0.000000,-0.000000,0.000000,-0.000000,0.000000,-0.000000,0.000000,-0.000000,0.000000,-0.000000,0.654145,-1.362329,-0.689717,0.266473,0.638240,-0.112697,0.895292,0.740541,-0.126265,0.922349,-1.478533,0.077239,0.793106,-1.494399,-0.838621,0.480218,0.606479,-0.040416,0.962536,0.639559,-0.019269,0.777593,-1.573694,0.216691
1789159133.219960,0.000958,-0.002771,0.000632,0.000857,0.002232,-0.001735,0.073903,-0.018215,-0.997099,0.000000,0.000000,0.000000,0.508240,-0.665933,0.425253,-0.541052,0.483869,0.509261,0.174423,0.062811,0.102646,0.105005,0.974527,0.776343,0.000000,0.000000,-0.000000,-0.000000,0.000000,-0.000000,0.000000,-0.000000,0.000000,-0.000000,0.000000,-0.000000,0.793106,-1.494399,-0.838621,0.480218,0.606479,-0.040416,0.962536,0.639559,-0.019269,0.777593,-1.573694,0.216691,0.979384,-1.658056,-0.999553,0.713513,0.627417,0.059101,0.994462,0.595477,-0.049848,0.564097,-1.640391,0.338063
1789159133.240389,0.002460,-0.002125,0.000700,0.001123,0.002498,-0.001469,0.073909,-0.018217,-0.997099,0.000000,0.000000,0.000000,0.508240,-0.665933,0.425253,-0.541052,0.483869,0.509261,0.174423,0.062811,0.102646,0.105005,0.974527,0.776343,0.000000,0.000000,-0.000000,-0.000000,0.000000,-0.000000,0.000000,-0.000000,0.000000,-0.000000,0.000000,-0.000000,0.979384,-1.658056,-0.999553,0.713513,0.627417,0.059101,0.994462,0.595477,-0.049848,0.564097,-1.640391,0.338063,1.101657,-1.772316,-1.075468,0.835991,0.672053,0.137996,0.984584,0.620805,-0.209445,0.376810,-1.659263,0.373292
1789159133.260149,0.003178,-0.001324,0.000794,-0.000076,0.002631,-0.001069,0.073908,-0.018237,-0.997098,0.000000,0.000000,0.000000,0.508240,-0.665933,0.425253,-0.541052,0.483869,0.509261,0.174423,0.062811,0.102646,0.105005,0.974527,0.776343,0.000000,0.000000,-0.000000,-0.000000,0.000000,-0.000000,0.000000,-0.000000,0.000000,-0.000000,0.000000,-0.000000,1.101657,-1.772316,-1.075468,0.835991,0.672053,0.137996,0.984584,0.620805,-0.209445,0.376810,-1.659263,0.373292,1.109186,-1.785385,-1.031333,0.805013,0.688576,0.171881,0.940322,0.685470,-0.417197,0.297316,-1.618443,0.309980
1789159133.280617,0.002923,-0.000484,0.000784,0.000590,0.001832,-0.001336,0.073929,-0.018246,-0.997097,0.000000,0.000000,0.000000,0.508240,-0.665933,0.425253,-0.541052,0.483869,0.509261,0.174423,0.062811,0.102646,0.105005,0.974527,0.776343,0.000000,0.000000,-0.000000,-0.000000,0.000000,-0.000000,0.000000,-0.000000,0.000000,-0.000000,0.000000,-0.000000,1.109186,-1.785385,-1.031333,0.805013,0.688576,0.171881,0.940322,0.685470,-0.417197,0.297316,-1.618443,0.309980,1.029354,-1.702071,-0.899023,0.658908,0.672202,0.149811,0.872624,0.751477,-0.569615,0.364017,-1.520567,0.199935
1789159133.300030,0.001391,0.000324,-0.000035,0.000457,0.001965,-0.001469,0.073942,-0.018255,-0.997095,0.000000,0.000000,0.000000,0.508240,-0.665933,0.425253,-0.541052,0.483869,0.509261,0.174423,0.062811,0.102646,0.105005,0.974527,0.776343,0.000000,0.000000,-0.000000,-0.000000,0.000000,-0.000000,0.000000,-0.000000,0.000000,-0.000000,0.000000,-0.000000,1.029354,-1.702071,-0.899023,0.658908,0.672202,0.149811,0.872624,0.751477,-0.569615,0.364017,-1.520567,0.199935,0.900810,-1.559815,-0.751738,0.461817,0.661672,0.079122,0.810858,0.813199,-0.607515,0.544290,-1.409138,0.083283
1789159133.320125,0.000455,0.000882,-0.001150,0.000457,0.002365,-0.001735,0.073950,-0.018270,-0.997095,0.000000,0.000000,0.000000,0.508240,-0.665933,0.425253,-0.541052,0.483869,0.509261,0.174423,0.062811,0.102646,0.105005,0.974527,0.776343,0.000000,0.000000,-0.000000,-0.000000,0.000000,-0.000000,0.000000,-0.000000,0.000000,-0.000000,0.000000,-0.000000,0.900810,-1.559815,-0.751738,0.461817,0.661672,0.079122,0.810858,0.813199,-0.607515,0.544290,-1.409138,0.083283,0.750742,-1.409271,-0.647724,0.284694,0.675375,-0.017843,0.783526,0.856110,-0.518553,0.764321,-1.347132,0.000632
1789159133.340377,0.000963,0.000802,-0.001761,0.000324,0.001566,-0.001735,0.073979,-0.018284,-0.997092,0.000000,0.000000,0.000000,0.508240,-0.665933,0.425253,-0.541052,0.483869,0.509261,0.174423,0.062811,0.102646,0.105005,0.974527,0.776343,0.000000,0.000000,-0.000000,-0.000000,0.000000,-0.000000,0.000000,-0.000000,0.000000,-0.000000,0.000000,-0.000000,0.750742,-1.409271,-0.647724,0.284694,0.675375,-0.017843,0.783526,0.856110,-0.518553,0.764321,-1.347132,0.000632,0.641065,-1.322993,-0.614117,0.191067,0.679222,-0.100609,0.811209,0.842397,-0.345142,0.921495,-1.371735,-0.015129
1789159133.360437,0.002438,0.000396,-0.002165,0.001256,0.001965,-0.001069,0.073991,-0.018277,-0.997091,0.000000,0.000000,0.000000,0.508240,-0.665933,0.425253,-0.541052,0.483869,0.509261,0.174423,0.062811,0.102646,0.105005,0.974527,0.776343,0.000000,0.000000,-0.000000,-0.000000,0.000000,-0.000000,0.000000,-0.000000,0.000000,-0.000000,0.000000,-0.000000,0.641065,-1.322993,-0.614117,0.191067,0.679222,-0.100609,0.811209,0.842397,-0.345142,0.921495,-1.371735,-0.015129,0.638136,-1.343920,-0.667567,0.238048,0.646125,-0.116326,0.882622,0.760275,-0.156509,0.935749,-1.464467,0.053716
1789159133.381843,0.005295,-0.000138,-0.002815,0.000590,0.002098,-0.001336,0.074009,-0.018281,-0.997090,0.000000,0.000000,0.000000,0.508240,-0.665933,0.425253,-0.541052,0.483869,0.509261,0.174423,0.062811,0.102646,0.105005,0.974527,0.776343,0.000000,0.000000,-0.000000,-0.000000,0.000000,-0.000000,0.000000,-0.000000,0.000000,-0.000000,0.000000,-0.000000,0.638136,-1.343920,-0.667567,0.238048,0.646125,-0.116326,0.882622,0.760275,-0.156509,0.935749,-1.464467,0.053716,0.759373,-1.463742,-0.805695,0.433018,0.609025,-0.054015,0.954134,0.656322,-0.031112,0.810937,-1.563018,0.187755
1789159133.400413,0.007271,0.000179,-0.002816,0.000457,0.002098,-0.001336,0.074024,-0.018292,-0.997089,0.000000,0.000000,0.000000,0.508240,-0.665933,0.425253,-0.541052,0.483869,0.509261,0.174423,0.062811,0.102646,0.105005,0.974527,0.776343,0.000000,0.000000,-0.000000,-0.000000,0.000000,-0.000000,0.000000,-0.000000,0.000000,-0.000000,0.000000,-0.000000,0.759373,-1.463742,-0.805695,0.433018,0.609025,-0.054015,0.954134,0.656322,-0.031112,0.810937,-1.563018,0.187755,0.945560,-1.627341,-0.971847,0.673871,0.620591,0.045062,0.992954,0.599289,-0.035602,0.603165,-1.636048,0.318617
1789159133.420359,0.008780,0.000944,-0.002655,0.000590,0.002232,-0.000936,0.074039,-0.018298,-0.997087,0.000000,0.000000,0.000000,0.508240,-0.665933,0.425253,-0.541052,0.483869,0.509261,0.174423,0.062811,0.102646,0.105005,0.974527,0.776343,0.000000,0.000000,-0.000000,-0.000000,0.000000,-0.000000,0.000000,-0.000000,0.000000,-0.000000,0.000000,-0.000000,0.945560,-1.627341,-0.971847,0.673871,0.620591,0.045062,0.992954,0.599289,-0.035602,0.603165,-1.636048,0.318617,1.085853,-1.755754,-1.068183,0.821791,0.665808,0.130225,0.990817,0.614091,-0.176812,0.404883,-1.664554,0.371982
1789159133.440115,0.009527,0.002317,-0.001981,0.000723,0.001965,-0.001469,0.074050,-0.018304,-0.997087,0.000000,0.000000,0.000000,0.508240,-0.665933,0.425253,-0.541052,0.483869,0.509261,0.174423,0.062811,0.102646,0.105005,0.974527,0.776343,0.000000,0.000000,-0.000000,-0.000000,0.000000,-0.000000,0.000000,-0.000000,0.000000,-0.000000,0.000000,-0.000000,1.085853,-1.755754,-1.068183,0.821791,0.665808,0.130225,0.990817,0.614091,-0.176812,0.404883,-1.664554,0.371982,1.113008,-1.788291,-1.044406,0.816774,0.688929,0.173138,0.952831,0.674854,-0.383663,0.303083,-1.633827,0.322968
1789159133.460397,0.008475,0.003266,-0.001478,0.000723,0.002232,-0.001469,0.074051,-0.018308,-0.997086,0.000000,0.000000,0.000000,0.508240,-0.665933,0.425253,-0.541052,0.483869,0.509261,0.174423,0.062811,0.102646,0.105005,0.974527,0.776343,0.000000,0.000000,-0.000000,-0.000000,0.000000,-0.000000,0.000000,-0.000000,0.000000,-0.000000,0.000000,-0.000000,1.113008,-1.788291,-1.044406,0.816774,0.688929,0.173138,0.952831,0.674854,-0.383663,0.303083,-1.633827,0.322968,1.045332,-1.719769,-0.923378,0.687394,0.676069,0.160814,0.887518,0.741345,-0.550738,0.343995,-1.544011,0.218333
1789159133.480295,0.006625,0.003908,-0.001508,0.000590,0.002232,-0.001469,0.074063,-0.018308,-0.997086,0.000000,0.000000,0.000000,0.508240,-0.665933,0.425253,-0.541052,0.483869,0.509261,0.174423,0.062811,0.102646,0.105005,0.974527,0.776343,0.000000,0.000000,-0.000000,-0.000000,0.000000,-0.000000,0.000000,-0.000000,0.000000,-0.000000,0.000000,-0.000000,1.045332,-1.719769,-0.923378,0.687394,0.676069,0.160814,0.887518,0.741345,-0.550738,0.343995,-1.544011,0.218333,0.924137,-1.585351,-0.774280,0.494735,0.661517,0.097267,0.822543,0.803336,-0.610896,0.508204,-1.430334,0.100626
1789159133.499865,0.006625,0.003908,-0.001508,0.001123,0.002098,-0.001469,0.074082,-0.018312,-0.997084,0.000000,0.000000,0.000000,0.508240,-0.665933,0.425253,-0.541052,0.483869,0.509261,0.174423,0.062811,0.102646,0.105005,0.974527,0.776343,0.000000,0.000000,-0.000000,-0.000000,0.000000,-0.000000,0.000000,-0.000000,0.000000,-0.000000,0.000000,-0.000000,0.924137,-1.585351,-0.774280,0.494735,0.661517,0.097267,0.822543,0.803336,-0.610896,0.508204,-1.430334,0.100626,0.775507,-1.431707,-0.660333,0.310301,0.672039,0.002256,0.786872,0.851912,-0.542509,0.726550,-1.355368,0.009390
1789159133.520334,0.001898,0.003084,-0.001934,0.000590,0.001699,-0.001203,0.074104,-0.018318,-0.997082,0.000000,0.000000,0.000000,0.508240,-0.665933,0.425253,-0.541052,0.483869,0.509261,0.174423,0.062811,0.102646,0.105005,0.974527,0.776343,0.000000,0.000000,-0.000000,-0.000000,0.000000,-0.000000,0.000000,-0.000000,0.000000,-0.000000,0.000000,-0.000000,0.775507,-1.431707,-0.660333,0.310301,0.672039,0.002256,0.786872,0.851912,-0.542509,0.726550,-1.355368,0.009390,0.653145,-1.329746,-0.612999,0.197506,0.680476,-0.087653,0.803362,0.850001,-0.379984,0.901711,-1.363724,-0.019406
1789159133.540423,0.001745,0.002376,-0.001987,0.000857,0.002098,-0.001336,0.074118,-0.018316,-0.997081,0.000000,0.000000,0.000000,0.508240,-0.665933,0.425253,-0.541052,0.483869,0.509261,0.174423,0.062811,0.102646,0.105005,0.974527,0.776343,0.000000,0.000000,-0.000000,-0.000000,0.000000,-0.000000,0.000000,-0.000000,0.000000,-0.000000,0.000000,-0.000000,0.653145,-1.329746,-0.612999,0.197506,0.680476,-0.087653,0.803362,0.850001,-0.379984,0.901711,-1.363724,-0.019406,0.627956,-1.331142,-0.650043,0.216786,0.652997,-0.118239,0.869007,0.777532,-0.188831,0.943390,-1.447780,0.034670
1789159133.560902,0.002497,0.001785,-0.001536,0.000324,0.001832,-0.001469,0.074119,-0.018327,-0.997081,0.000000,0.000000,0.000000,0.508240,-0.665933,0.425253,-0.541052,0.483869,0.509261,0.174423,0.062811,0.102646,0.105005,0.974527,0.776343,0.000000,0.000000,-0.000000,-0.000000,0.000000,-0.000000,0.000000,-0.000000,0.000000,-0.000000,0.000000,-0.000000,0.627956,-1.331142,-0.650043,0.216786,0.652997,-0.118239,0.869007,0.777532,-0.188831,0.943390,-1.447780,0.034670,0.728547,-1.436457,-0.775713,0.389654,0.612020,-0.068259,0.943642,0.672080,-0.046142,0.840846,-1.547906,0.161027
1789159133.580110,0.003929,0.001207,-0.000595,0.000590,0.001832,-0.000936,0.074133,-0.018327,-0.997080,0.000000,0.000000,0.000000,0.508240,-0.665933,0.425253,-0.541052,0.483869,0.509261,0.174423,0.062811,0.102646,0.105005,0.974527,0.776343,0.000000,0.000000,-0.000000,-0.000000,0.000000,-0.000000,0.000000,-0.000000,0.000000,-0.000000,0.000000,-0.000000,0.728547,-1.436457,-0.775713,0.389654,0.612020,-0.068259,0.943642,0.672080,-0.046142,0.840846,-1.547906,0.161027,0.910964,-1.597302,-0.944274,0.633814,0.613263,0.027692,0.988688,0.602372,-0.023589,0.642254,-1.625606,0.298948
1789159133.600390,0.004513,0.000963,0.000192,0.001123,0.002498,-0.001602,0.074128,-0.018320,-0.997080,0.000000,0.000000,0.000000,0.508240,-0.665933,0.425253,-0.541052,0.483869,0.509261,0.174423,0.062811,0.102646,0.105005,0.974527,0.776343,0.000000,0.000000,-0.000000,-0.000000,0.000000,-0.000000,0.000000,-0.000000,0.000000,-0.000000,0.000000,-0.000000,0.910964,-1.597302,-0.944274,0.633814,0.613263,0.027692,0.988688,0.602372,-0.023589,0.642254,-1.625606,0.298948,1.067381,-1.738975,-1.060000,0.806555,0.656830,0.117100,0.993858,0.605445,-0.143131,0.435363,-1.662427,0.370234
1789159133.619888,0.003830,0.000924,0.001316,0.000723,0.002232,-0.001602,0.074136,-0.018326,-0.997080,0.000000,0.000000,0.000000,0.508240,-0.665933,0.425253,-0.541052,0.483869,0.509261,0.174423,0.062811,0.102646,0.105005,0.974527,0.776343,0.000000,0.000000,-0.000000,-0.000000,0.000000,-0.000000,0.000000,-0.000000,0.000000,-0.000000,0.000000,-0.000000,1.067381,-1.738975,-1.060000,0.806555,0.656830,0.117100,0.993858,0.605445,-0.143131,0.435363,-1.662427,0.370234,1.116254,-1.791322,-1.058416,0.829859,0.686448,0.167669,0.960773,0.660573,-0.344951,0.311215,-1.641875,0.338826
1789159133.639896,0.002157,0.001018,0.001724,0.000857,0.002232,-0.001336,0.074138,-0.018324,-0.997080,0.000000,0.000000,0.000000,0.508240,-0.665933,0.425253,-0.541052,0.483869,0.509261,0.174423,0.062811,0.102646,0.105005,0.974527,0.776343,0.000000,0.000000,-0.000000,-0.000000,0.000000,-0.000000,0.000000,-0.000000,0.000000,-0.000000,0.000000,-0.000000,1.116254,-1.791322,-1.058416,0.829859,0.686448,0.167669,0.960773,0.660573,-0.344951,0.311215,-1.641875,0.338826,1.063037,-1.739568,-0.951678,0.719854,0.679185,0.165278,0.898511,0.727925,-0.525295,0.324011,-1.562036,0.241163
1789159133.660905,-0.000145,0.000946,0.001566,0.000723,0.002232,-0.001602,0.074149,-0.018327,-0.997079,0.000000,0.000000,0.000000,0.508240,-0.665933,0.425253,-0.541052,0.483869,0.509261,0.174423,0.062811,0.102646,0.105005,0.974527,0.776343,0.000000,0.000000,-0.000000,-0.000000,0.000000,-0.000000,0.000000,-0.000000,0.000000,-0.000000,0.000000,-0.000000,1.063037,-1.739568,-0.951678,0.719854,0.679185,0.165278,0.898511,0.727925,-0.525295,0.324011,-1.562036,0.241163,0.950290,-1.615384,-0.802607,0.533764,0.661763,0.109744,0.831215,0.790626,-0.608411,0.470089,-1.447966,0.123786
1789159133.681348,-0.002366,0.000692,0.000831,0.000990,0.002232,-0.002002,0.074157,-0.018325,-0.997078,0.000000,0.000000,0.000000,0.508240,-0.665933,0.425253,-0.541052,0.483869,0.509261,0.174423,0.062811,0.102646,0.105005,0.974527,0.776343,0.000000,0.000000,-0.000000,-0.000000,0.000000,-0.000000,0.000000,-0.000000,0.000000,-0.000000,0.000000,-0.000000,0.950290,-1.615384,-0.802607,0.533764,0.661763,0.109744,0.831215,0.790626,-0.608411,0.470089,-1.447966,0.123786,0.804286,-1.461326,-0.679050,0.342991,0.668332,0.018424,0.788200,0.843775,-0.562906,0.685098,-1.360948,0.025338
1789159133.699831,-0.004500,-0.000328,-0.000089,0.000590,0.002631,-0.001336,0.074156,-0.018339,-0.997078,0.000000,0.000000,0.000000,0.508240,-0.665933,0.425253,-0.541052,0.483869,0.509261,0.174423,0.062811,0.102646,0.105005,0.974527,0.776343,0.000000,0.000000,-0.000000,-0.000000,0.000000,-0.000000,0.000000,-0.000000,0.000000,-0.000000,0.000000,-0.000000,0.804286,-1.461326,-0.679050,0.342991,0.668332,0.018424,0.788200,0.843775,-0.562906,0.685098,-1.360948,0.025338,0.672173,-1.344811,-0.618602,0.212518,0.681039,-0.076383,0.794156,0.854190,-0.413323,0.877314,-1.352031,-0.016667
1789159133.719605,-0.004694,-0.002220,-0.000335,0.000857,0.001699,-0.001336,0.074174,-0.018337,-0.997077,0.000000,0.000000,0.000000,0.508240,-0.665933,0.425253,-0.541052,0.483869,0.509261,0.174423,0.062811,0.102646,0.105005,0.974527,0.776343,0.000000,0.000000,-0.000000,-0.000000,0.000000,-0.000000,0.000000,-0.000000,0.000000,-0.000000,0.000000,-0.000000,0.672173,-1.344811,-0.618602,0.212518,0.681039,-0.076383,0.794156,0.854190,-0.413323,0.877314,-1.352031,-0.016667,0.625884,-1.325244,-0.639060,0.203539,0.661184,-0.121826,0.852786,0.794386,-0.221405,0.948708,-1.424518,0.021336
1789159133.739942,-0.003828,-0.003294,0.000031,0.000723,0.001566,-0.001336,0.074201,-0.018346,-0.997075,0.000000,0.000000,0.000000,0.508240,-0.665933,0.425253,-0.541052,0.483869,0.509261,0.174423,0.062811,0.102646,0.105005,0.974527,0.776343,0.000000,0.000000,-0.000000,-0.000000,0.000000,-0.000000,0.000000,-0.000000,0.000000,-0.000000,0.000000,-0.000000,0.625884,-1.325244,-0.639060,0.203539,0.661184,-0.121826,0.852786,0.794386,-0.221405,0.948708,-1.424518,0.021336,0.704329,-1.413538,-0.749846,0.350621,0.618969,-0.086302,0.929576,0.690653,-0.063083,0.870579,-1.525833,0.137468
1789159133.760251,-0.002793,-0.003775,0.000819,0.000990,0.002232,-0.001469,0.074211,-0.018350,-0.997074,0.000000,0.000000,0.000000,0.508240,-0.665933,0.425253,-0.541052,0.483869,0.509261,0.174423,0.062811,0.102646,0.105005,0.974527,0.776343,0.000000,0.000000,-0.000000,-0.000000,0.000000,-0.000000,0.000000,-0.000000,0.000000,-0.000000,0.000000,-0.000000,0.704329,-1.413538,-0.749846,0.350621,0.618969,-0.086302,0.929576,0.690653,-0.063083,0.870579,-1.525833,0.137468,0.878697,-1.569446,-0.916674,0.593510,0.609223,0.004936,0.981470,0.608928,-0.013911,0.683166,-1.609293,0.280023
1789159133.781405,-0.001915,-0.004014,0.001417,0.000857,0.002098,-0.001735,0.074224,-0.018354,-0.997073,0.000000,0.000000,0.000000,0.508240,-0.665933,0.425253,-0.541052,0.483869,0.509261,0.174423,0.062811,0.102646,0.105005,0.974527,0.776343,0.000000,0.000000,-0.000000,-0.000000,0.000000,-0.000000,0.000000,-0.000000,0.000000,-0.000000,0.000000,-0.000000,0.878697,-1.569446,-0.916674,0.593510,0.609223,0.004936,0.981470,0.608928,-0.013911,0.683166,-1.609293,0.280023,1.048484,-1.721295,-1.049377,0.788484,0.648550,0.098736,0.994081,0.598913,-0.109947,0.469549,-1.655877,0.368075
1789159133.801285,-0.001724,-0.003586,0.002349,0.000191,0.002232,-0.001602,0.074231,-0.018373,-0.997072,0.000000,0.000000,0.000000,0.508240,-0.665933,0.425253,-0.541052,0.483869,0.509261,0.174423,0.062811,0.102646,0.105005,0.974527,0.776343,0.000000,0.000000,-0.000000,-0.000000,0.000000,-0.000000,0.000000,-0.000000,0.000000,-0.000000,0.000000,-0.000000,1.048484,-1.721295,-1.049377,0.788484,0.648550,0.098736,0.994081,0.598913,-0.109947,0.469549,-1.655877,0.368075,1.119072,-1.792806,-1.070176,0.840722,0.684007,0.158129,0.966877,0.647065,-0.304400,0.323782,-1.647098,0.355001
1789159133.821363,-0.003367,-0.002684,0.003064,0.000590,0.002098,-0.000803,0.074235,-0.018381,-0.997071,0.000000,0.000000,0.000000,0.508240,-0.665933,0.425253,-0.541052,0.483869,0.509261,0.174423,0.062811,0.102646,0.105005,0.974527,0.776343,0.000000,0.000000,-0.000000,-0.000000,0.000000,-0.000000,0.000000,-0.000000,0.000000,-0.000000,0.000000,-0.000000,1.119072,-1.792806,-1.070176,0.840722,0.684007,0.158129,0.966877,0.647065,-0.304400,0.323782,-1.647098,0.355001,1.081196,-1.758274,-0.979391,0.751042,0.682911,0.166896,0.909065,0.714744,-0.496843,0.308511,-1.578562,0.264709
1789159133.841225,-0.005250,-0.002138,0.003005,0.000590,0.001832,-0.001336,0.074248,-0.018387,-0.997070,0.000000,0.000000,0.000000,0.508240,-0.665933,0.425253,-0.541052,0.483869,0.509261,0.174423,0.062811,0.102646,0.105005,0.974527,0.776343,0.000000,0.000000,-0.000000,-0.000000,0.000000,-0.000000,0.000000,-0.000000,0.000000,-0.000000,0.000000,-0.000000,1.081196,-1.758274,-0.979391,0.751042,0.682911,0.166896,0.909065,0.714744,-0.496843,0.308511,-1.578562,0.264709,0.976403,-1.644402,-0.831753,0.572895,0.663704,0.120769,0.840606,0.778405,-0.602360,0.434479,-1.466627,0.147645
1789159133.859949,-0.007173,-0.001745,0.002525,0.000857,0.002098,-0.001469,0.074252,-0.018387,-0.997070,0.000000,0.000000,0.000000,0.508240,-0.665933,0.425253,-0.541052,0.483869,0.509261,0.174423,0.062811,0.102646,0.105005,0.974527,0.776343,0.000000,0.000000,-0.000000,-0.000000,0.000000,-0.000000,0.000000,-0.000000,0.000000,-0.000000,0.000000,-0.000000,0.976403,-1.644402,-0.831753,0.572895,0.663704,0.120769,0.840606,0.778405,-0.602360,0.434479,-1.466627,0.147645,0.833909,-1.491086,-0.699302,0.376799,0.665457,0.034399,0.791238,0.835372,-0.580585,0.643476,-1.369654,0.042164
1789159133.880065,-0.008633,-0.001753,0.001974,0.000590,0.001699,-0.001336,0.074267,-0.018387,-0.997069,0.000000,0.000000,0.000000,0.508240,-0.665933,0.425253,-0.541052,0.483869,0.509261,0.174423,0.062811,0.102646,0.105005,0.974527,0.776343,0.000000,0.000000,-0.000000,-0.000000,0.000000,-0.000000,0.000000,-0.000000,0.000000,-0.000000,0.000000,-0.000000,0.833909,-1.491086,-0.699302,0.376799,0.665457,0.034399,0.791238,0.835372,-0.580585,0.643476,-1.369654,0.042164,0.693146,-1.361556,-0.625687,0.230084,0.680362,-0.062920,0.787551,0.856587,-0.445374,0.849430,-1.344374,-0.012867
1789159133.900140,-0.008159,-0.002231,0.001901,0.000590,0.002897,-0.001469,0.074255,-0.018393,-0.997070,0.000000,0.000000,0.000000,0.508240,-0.665933,0.425253,-0.541052,0.483869,0.509261,0.174423,0.062811,0.102646,0.105005,0.974527,0.776343,0.000000,0.000000,-0.000000,-0.000000,0.000000,-0.000000,0.000000,-0.000000,0.000000,-0.000000,0.000000,-0.000000,0.693146,-1.361556,-0.625687,0.230084,0.680362,-0.062920,0.787551,0.856587,-0.445374,0.849430,-1.344374,-0.012867,0.626895,-1.322528,-0.630839,0.195425,0.667130,-0.120703,0.839538,0.808900,-0.254964,0.947082,-1.405482,0.010091
1789159133.919688,-0.006701,-0.002717,0.002079,0.000457,0.001832,-0.001336,0.074266,-0.018407,-0.997069,0.000000,0.000000,0.000000,0.508240,-0.665933,0.425253,-0.541052,0.483869,0.509261,0.174423,0.062811,0.102646,0.105005,0.974527,0.776343,0.000000,0.000000,-0.000000,-0.000000,0.000000,-0.000000,0.000000,-0.000000,0.000000,-0.000000,0.000000,-0.000000,0.626895,-1.322528,-0.630839,0.195425,0.667130,-0.120703,0.839538,0.808900,-0.254964,0.947082,-1.405482,0.010091,0.682987,-1.393449,-0.726670,0.316147,0.625107,-0.098577,0.917517,0.708351,-0.084460,0.893405,-1.507270,0.114796
1789159133.941236,-0.003689,-0.002665,0.001951,0.000857,0.002098,-0.001469,0.074272,-0.018407,-0.997068,0.000000,0.000000,0.000000,0.508240,-0.665933,0.425253,-0.541052,0.483869,0.509261,0.174423,0.062811,0.102646,0.105005,0.974527,0.776343,0.000000,0.000000,-0.000000,-0.000000,0.000000,-0.000000,0.000000,-0.000000,0.000000,-0.000000,0.000000,-0.000000,0.682987,-1.393449,-0.726670,0.316147,0.625107,-0.098577,0.917517,0.708351,-0.084460,0.893405,-1.507270,0.114796,0.846284,-1.541820,-0.888848,0.551979,0.606077,-0.012652,0.975947,0.617523,-0.011803,0.720207,-1.596083,0.258194
1789159133.960035,-0.001755,-0.002195,0.001583,0.000990,0.001832,-0.001203,0.074290,-0.018407,-0.997067,0.000000,0.000000,0.000000,0.508240,-0.665933,0.425253,-0.541052,0.483869,0.509261,0.174423,0.062811,0.102646,0.105005,0.974527,0.776343,0.000000,0.000000,-0.000000,-0.000000,0.000000,-0.000000,0.000000,-0.000000,0.000000,-0.000000,0.000000,-0.000000,0.846284,-1.541820,-0.888848,0.551979,0.606077,-0.012652,0.975947,0.617523,-0.011803,0.720207,-1.596083,0.258194,1.025192,-1.700028,-1.034631,0.763856,0.640073,0.085061,0.996250,0.594940,-0.084070,0.504127,-1.651604,0.360295
1789159133.980279,0.000018,-0.001074,0.001265,0.000590,0.001699,-0.001069,0.074301,-0.018415,-0.997066,0.000000,0.000000,0.000000,0.508240,-0.665933,0.425253,-0.541052,0.483869,0.509261,0.174423,0.062811,0.102646,0.105005,0.974527,0.776343,0.000000,0.000000,-0.000000,-0.000000,0.000000,-0.000000,0.000000,-0.000000,0.000000,-0.000000,0.000000,-0.000000,1.025192,-1.700028,-1.034631,0.763856,0.640073,0.085061,0.996250,0.594940,-0.084070,0.504127,-1.651604,0.360295,1.115777,-1.788347,-1.076153,0.842512,0.680466,0.153144,0.975709,0.635567,-0.268204,0.340800,-1.654372,0.365016
1789159134.000371,0.000075,-0.000135,0.001217,0.001123,0.001965,-0.001336,0.074309,-0.018410,-0.997065,0.000000,0.000000,0.000000,0.508240,-0.665933,0.425253,-0.541052,0.483869,0.509261,0.174423,0.062811,0.102646,0.105005,0.974527,0.776343,0.000000,0.000000,-0.000000,-0.000000,0.000000,-0.000000,0.000000,-0.000000,0.000000,-0.000000,0.000000,-0.000000,1.115777,-1.788347,-1.076153,0.842512,0.680466,0.153144,0.975709,0.635567,-0.268204,0.340800,-1.654372,0.365016,1.093741,-1.771483,-1.001331,0.773802,0.685855,0.172160,0.922909,0.703109,-0.469520,0.300250,-1.596579,0.282949
1789159134.020442,-0.000716,0.000699,0.000945,0.000590,0.001832,-0.001336,0.074323,-0.018416,-0.997064,0.000000,0.000000,0.000000,0.508240,-0.665933,0.425253,-0.541052,0.483869,0.509261,0.174423,0.062811,0.102646,0.105005,0.974527,0.776343,0.000000,0.000000,-0.000000,-0.000000,0.000000,-0.000000,0.000000,-0.000000,0.000000,-0.000000,0.000000,-0.000000,1.093741,-1.771483,-1.001331,0.773802,0.685855,0.172160,0.922909,0.703109,-0.469520,0.300250,-1.596579,0.282949,0.997342,-1.667676,-0.857034,0.605566,0.666332,0.135075,0.853735,0.767632,-0.594664,0.405141,-1.488643,0.167153
1789159134.040238,-0.002664,0.001775,0.000412,0.000857,0.002365,-0.001602,0.074326,-0.018416,-0.997064,0.000000,0.000000,0.000000,0.508240,-0.665933,0.425253,-0.541052,0.483869,0.509261,0.174423,0.062811,0.102646,0.105005,0.974527,0.776343,0.000000,0.000000,-0.000000,-0.000000,0.000000,-0.000000,0.000000,-0.000000,0.000000,-0.000000,0.000000,-0.000000,0.997342,-1.667676,-0.857034,0.605566,0.666332,0.135075,0.853735,0.767632,-0.594664,0.405141,-1.488643,0.167153,0.858920,-1.516511,-0.717079,0.406877,0.663210,0.054100,0.798651,0.826958,-0.595846,0.604944,-1.384723,0.055996
1789159134.060334,-0.003240,0.002063,0.000052,0.000857,0.002232,-0.001602,0.074332,-0.018416,-0.997063,0.000000,0.000000,0.000000,0.508240,-0.665933,0.425253,-0.541052,0.483869,0.509261,0.174423,0.062811,0.102646,0.105005,0.974527,0.776343,0.000000,0.000000,-0.000000,-0.000000,0.000000,-0.000000,0.000000,-0.000000,0.000000,-0.000000,0.000000,-0.000000,0.858920,-1.516511,-0.717079,0.406877,0.663210,0.054100,0.798651,0.826958,-0.595846,0.604944,-1.384723,0.055996,0.712232,-1.376539,-0.631035,0.246646,0.678786,-0.044468,0.785280,0.857600,-0.476902,0.818992,-1.344860,-0.010672
1789159134.079710,-0.002080,0.001817,-0.000550,0.000324,0.001566,-0.001469,0.074353,-0.018421,-0.997062,0.000000,0.000000,0.000000,0.508240,-0.665933,0.425253,-0.541052,0.483869,0.509261,0.174423,0.062811,0.102646,0.105005,0.974527,0.776343,0.000000,0.000000,-0.000000,-0.000000,0.000000,-0.000000,0.000000,-0.000000,0.000000,-0.000000,0.000000,-0.000000,0.712232,-1.376539,-0.631035,0.246646,0.678786,-0.044468,0.785280,0.857600,-0.476902,0.818992,-1.344860,-0.010672,0.627235,-1.318038,-0.620355,0.187363,0.672598,-0.113151,0.828537,0.823160,-0.291203,0.941370,-1.393251,-0.003458
1789159134.099699,-0.000142,0.001500,-0.001063,0.000857,0.002232,-0.001735,0.074361,-0.018421,-0.997061,0.000000,0.000000,0.000000,0.508240,-0.665933,0.425253,-0.541052,0.483869,0.509261,0.174423,0.062811,0.102646,0.105005,0.974527,0.776343,0.000000,0.000000,-0.000000,-0.000000,0.000000,-0.000000,0.000000,-0.000000,0.000000,-0.000000,0.000000,-0.000000,0.627235,-1.318038,-0.620355,0.187363,0.672598,-0.113151,0.828537,0.823160,-0.291203,0.941370,-1.393251,-0.003458,0.660070,-1.370415,-0.699867,0.280138,0.632712,-0.105321,0.905432,0.728245,-0.111687,0.912888,-1.493706,0.088179
1789159134.120069,0.003383,0.001342,-0.001952,0.000457,0.002098,-0.001469,0.074360,-0.018429,-0.997061,0.000000,0.000000,0.000000,0.508240,-0.665933,0.425253,-0.541052,0.483869,0.509261,0.174423,0.062811,0.102646,0.105005,0.974527,0.776343,0.000000,0.000000,-0.000000,-0.000000,0.000000,-0.000000,0.000000,-0.000000,0.000000,-0.000000,0.000000,-0.000000,0.660070,-1.370415,-0.699867,0.280138,0.632712,-0.105321,0.905432,0.728245,-0.111687,0.912888,-1.493706,0.088179,0.809373,-1.509339,-0.854683,0.503495,0.605421,-0.026766,0.969519,0.630763,-0.017212,0.756805,-1.587151,0.230034
1789159134.139857,0.005529,0.001506,-0.002273,0.000590,0.001965,-0.001069,0.074368,-0.018443,-0.997060,0.000000,0.000000,0.000000,0.508240,-0.665933,0.425253,-0.541052,0.483869,0.509261,0.174423,0.062811,0.102646,0.105005,0.974527,0.776343,0.000000,0.000000,-0.000000,-0.000000,0.000000,-0.000000,0.000000,-0.000000,0.000000,-0.000000,0.000000,-0.000000,0.809373,-1.509339,-0.854683,0.503495,0.605421,-0.026766,0.969519,0.630763,-0.017212,0.756805,-1.587151,0.230034,0.994643,-1.671866,-1.011221,0.729859,0.632120,0.072849,0.997230,0.595213,-0.063784,0.541602,-1.649909,0.344963
1789159134.159687,0.006823,0.002037,-0.002056,0.000590,0.002232,-0.001336,0.074370,-0.018451,-0.997060,0.000000,0.000000,0.000000,0.508240,-0.665933,0.425253,-0.541052,0.483869,0.509261,0.174423,0.062811,0.102646,0.105005,0.974527,0.776343,0.000000,0.000000,-0.000000,-0.000000,0.000000,-0.000000,0.000000,-0.000000,0.000000,-0.000000,0.000000,-0.000000,0.994643,-1.671866,-1.011221,0.729859,0.632120,0.072849,0.997230,0.595213,-0.063784,0.541602,-1.649909,0.344963,1.105747,-1.777194,-1.074611,0.836454,0.675871,0.147870,0.983546,0.626853,-0.233472,0.362816,-1.662372,0.368835
1789159134.180492,0.006852,0.003049,-0.001286,0.000723,0.002498,-0.001602,0.074368,-0.018456,-0.997060,0.000000,0.000000,0.000000,0.508240,-0.665933,0.425253,-0.541052,0.483869,0.509261,0.174423,0.062811,0.102646,0.105005,0.974527,0.776343,0.000000,0.000000,-0.000000,-0.000000,0.000000,-0.000000,0.000000,-0.000000,0.000000,-0.000000,0.000000,-0.000000,1.105747,-1.777194,-1.074611,0.836454,0.675871,0.147870,0.983546,0.626853,-0.233472,0.362816,-1.662372,0.368835,1.101887,-1.779344,-1.018788,0.791166,0.688039,0.176058,0.936300,0.692931,-0.439627,0.298051,-1.614390,0.297941
1789159134.200268,0.005744,0.003453,-0.000869,0.000857,0.001965,-0.001735,0.074381,-0.018453,-0.997059,0.000000,0.000000,0.000000,0.508240,-0.665933,0.425253,-0.541052,0.483869,0.509261,0.174423,0.062811,0.102646,0.105005,0.974527,0.776343,0.000000,0.000000,-0.000000,-0.000000,0.000000,-0.000000,0.000000,-0.000000,0.000000,-0.000000,0.000000,-0.000000,1.101887,-1.779344,-1.018788,0.791166,0.688039,0.176058,0.936300,0.692931,-0.439627,0.298051,-1.614390,0.297941,1.015667,-1.688063,-0.881379,0.636477,0.669823,0.147747,0.867507,0.758020,-0.581838,0.379729,-1.511492,0.185714
1789159134.219974,0.003188,0.003675,-0.001073,0.001123,0.002098,-0.001602,0.074386,-0.018454,-0.997059,0.000000,0.000000,0.000000,0.508240,-0.665933,0.425253,-0.541052,0.483869,0.509261,0.174423,0.062811,0.102646,0.105005,0.974527,0.776343,0.000000,0.000000,-0.000000,-0.000000,0.000000,-0.000000,0.000000,-0.000000,0.000000,-0.000000,0.000000,-0.000000,1.015667,-1.688063,-0.881379,0.636477,0.669823,0.147747,0.867507,0.758020,-0.581838,0.379729,-1.511492,0.185714,0.883284,-1.541801,-0.736549,0.438337,0.661920,0.072242,0.807378,0.818742,-0.605615,0.567912,-1.401792,0.070912
1789159134.240111,0.002522,0.003661,-0.001326,0.000857,0.001832,-0.002002,0.074399,-0.018459,-0.997058,0.000000,0.000000,0.000000,0.508240,-0.665933,0.425253,-0.541052,0.483869,0.509261,0.174423,0.062811,0.102646,0.105005,0.974527,0.776343,0.000000,0.000000,-0.000000,-0.000000,0.000000,-0.000000,0.000000,-0.000000,0.000000,-0.000000,0.000000,-0.000000,0.883284,-1.541801,-0.736549,0.438337,0.661920,0.072242,0.807378,0.818742,-0.605615,0.567912,-1.401792,0.070912,0.733741,-1.394497,-0.639140,0.267350,0.676725,-0.026367,0.784764,0.857390,-0.504524,0.786458,-1.347581,-0.006080
1789159134.259719,0.001631,0.002344,-0.001911,0.000723,0.002897,-0.001336,0.074388,-0.018464,-0.997058,0.000000,0.000000,0.000000,0.508240,-0.665933,0.425253,-0.541052,0.483869,0.509261,0.174423,0.062811,0.102646,0.105005,0.974527,0.776343,0.000000,0.000000,-0.000000,-0.000000,0.000000,-0.000000,0.000000,-0.000000,0.000000,-0.000000,0.000000,-0.000000,0.733741,-1.394497,-0.639140,0.267350,0.676725,-0.026367,0.784764,0.857390,-0.504524,0.786458,-1.347581,-0.006080,0.633016,-1.318635,-0.614233,0.186200,0.676968,-0.105328,0.817654,0.835908,-0.325816,0.930719,-1.380935,-0.012741
1789159134.279982,0.002107,0.001436,-0.002143,0.001655,0.002098,-0.001336,0.074399,-0.018449,-0.997058,0.000000,0.000000,0.000000,0.508240,-0.665933,0.425253,-0.541052,0.483869,0.509261,0.174423,0.062811,0.102646,0.105005,0.974527,0.776343,0.000000,0.000000,-0.000000,-0.000000,0.000000,-0.000000,0.000000,-0.000000,0.000000,-0.000000,0.000000,-0.000000,0.633016,-1.318635,-0.614233,0.186200,0.676968,-0.105328,0.817654,0.835908,-0.325816,0.930719,-1.380935,-0.012741,0.643313,-1.351710,-0.677543,0.250539,0.641059,-0.112656,0.891293,0.748382,-0.139629,0.928898,-1.476780,0.065120
1789159134.300478,0.002947,0.000904,-0.001963,0.000457,0.001965,-0.001602,0.074403,-0.018457,-0.997057,0.000000,0.000000,0.000000,0.508240,-0.665933,0.425253,-0.541052,0.483869,0.509261,0.174423,0.062811,0.102646,0.105005,0.974527,0.776343,0.000000,0.000000,-0.000000,-0.000000,0.000000,-0.000000,0.000000,-0.000000,0.000000,-0.000000,0.000000,-0.000000,0.643313,-1.351710,-0.677543,0.250539,0.641059,-0.112656,0.891293,0.748382,-0.139629,0.928898,-1.476780,0.065120,0.775760,-1.479637,-0.822894,0.457776,0.606658,-0.044136,0.960265,0.645599,-0.024567,0.791968,-1.572997,0.203285
1789159134.319953,0.003895,0.000629,-0.001647,0.000990,0.002232,-0.001602,0.074411,-0.018446,-0.997057,0.000000,0.000000,0.000000,0.508240,-0.665933,0.425253,-0.541052,0.483869,0.509261,0.174423,0.062811,0.102646,0.105005,0.974527,0.776343,0.000000,0.000000,-0.000000,-0.000000,0.000000,-0.000000,0.000000,-0.000000,0.000000,-0.000000,0.000000,-0.000000,0.775760,-1.479637,-0.822894,0.457776,0.606658,-0.044136,0.960265,0.645599,-0.024567,0.791968,-1.572997,0.203285,0.963440,-1.644350,-0.987247,0.695679,0.623966,0.055240,0.994738,0.595922,-0.044170,0.580153,-1.641705,0.329687
1789159134.340254,0.004562,0.000759,-0.000833,0.000590,0.001965,-0.001469,0.074426,-0.018448,-0.997056,0.000000,0.000000,0.000000,0.508240,-0.665933,0.425253,-0.541052,0.483869,0.509261,0.174423,0.062811,0.102646,0.105005,0.974527,0.776343,0.000000,0.000000,-0.000000,-0.000000,0.000000,-0.000000,0.000000,-0.000000,0.000000,-0.000000,0.000000,-0.000000,0.963440,-1.644350,-0.987247,0.695679,0.623966,0.055240,0.994738,0.595922,-0.044170,0.580153,-1.641705,0.329687,1.094262,-1.765387,-1.072450,0.829785,0.669281,0.136615,0.987869,0.616968,-0.196337,0.387712,-1.663833,0.372935
1789159134.360366,0.004179,0.000881,0.000227,0.000457,0.001832,-0.001336,0.074432,-0.018465,-0.997055,0.000000,0.000000,0.000000,0.508240,-0.665933,0.425253,-0.541052,0.483869,0.509261,0.174423,0.062811,0.102646,0.105005,0.974527,0.776343,0.000000,0.000000,-0.000000,-0.000000,0.000000,-0.000000,0.000000,-0.000000,0.000000,-0.000000,0.000000,-0.000000,1.094262,-1.765387,-1.072450,0.829785,0.669281,0.136615,0.987869,0.616968,-0.196337,0.387712,-1.663833,0.372935,1.110343,-1.787015,-1.037106,0.809834,0.688577,0.173601,0.945708,0.680217,-0.404249,0.298799,-1.626228,0.315557
1789159134.380784,0.001628,0.000919,0.000806,0.001522,0.002365,-0.001203,0.074431,-0.018451,-0.997055,0.000000,0.000000,0.000000,0.508240,-0.665933,0.425253,-0.541052,0.483869,0.509261,0.174423,0.062811,0.102646,0.105005,0.974527,0.776343,0.000000,0.000000,-0.000000,-0.000000,0.000000,-0.000000,0.000000,-0.000000,0.000000,-0.000000,0.000000,-0.000000,1.110343,-1.787015,-1.037106,0.809834,0.688577,0.173601,0.945708,0.680217,-0.404249,0.298799,-1.626228,0.315557,1.035719,-1.710005,-0.909483,0.670521,0.673362,0.154509,0.878063,0.746172,-0.562945,0.354899,-1.530580,0.208291
1789159134.399855,-0.000779,0.000994,0.000793,0.000457,0.002098,-0.001336,0.074438,-0.018465,-0.997055,0.000000,0.000000,0.000000,0.508240,-0.665933,0.425253,-0.541052,0.483869,0.509261,0.174423,0.062811,0.102646,0.105005,0.974527,0.776343,0.000000,0.000000,-0.000000,-0.000000,0.000000,-0.000000,0.000000,-0.000000,0.000000,-0.000000,0.000000,-0.000000,1.035719,-1.710005,-0.909483,0.670521,0.673362,0.154509,0.878063,0.746172,-0.562945,0.354899,-1.530580,0.208291,0.910381,-1.571144,-0.761428,0.475073,0.661095,0.085944,0.814559,0.807948,-0.609835,0.529113,-1.417217,0.091382
1789159134.420078,-0.002946,0.000697,-0.000006,0.000857,0.002232,-0.001336,0.074446,-0.018471,-0.997054,0.000000,0.000000,0.000000,0.508240,-0.665933,0.425253,-0.541052,0.483869,0.509261,0.174423,0.062811,0.102646,0.105005,0.974527,0.776343,0.000000,0.000000,-0.000000,-0.000000,0.000000,-0.000000,0.000000,-0.000000,0.000000,-0.000000,0.000000,-0.000000,0.910381,-1.571144,-0.761428,0.475073,0.661095,0.085944,0.814559,0.807948,-0.609835,0.529113,-1.417217,0.091382,0.760624,-1.419181,-0.653487,0.294489,0.673803,-0.010969,0.783533,0.853210,-0.528756,0.749773,-1.349062,0.005531
1789159134.440080,-0.004625,-0.000208,-0.000979,0.000191,0.002365,-0.001602,0.074450,-0.018489,-0.997053,0.000000,0.000000,0.000000,0.508240,-0.665933,0.425253,-0.541052,0.483869,0.509261,0.174423,0.062811,0.102646,0.105005,0.974527,0.776343,0.000000,0.000000,-0.000000,-0.000000,0.000000,-0.000000,0.000000,-0.000000,0.000000,-0.000000,0.000000,-0.000000,0.760624,-1.419181,-0.653487,0.294489,0.673803,-0.010969,0.783533,0.853210,-0.528756,0.749773,-1.349062,0.005531,0.645575,-1.326697,-0.614641,0.193039,0.680107,-0.097357,0.806824,0.844408,-0.358921,0.915259,-1.366584,-0.015068
1789159134.460678,-0.004706,-0.001117,-0.001321,0.001123,0.001566,-0.001336,0.074470,-0.018487,-0.997052,0.000000,0.000000,0.000000,0.508240,-0.665933,0.425253,-0.541052,0.483869,0.509261,0.174423,0.062811,0.102646,0.105005,0.974527,0.776343,0.000000,0.000000,-0.000000,-0.000000,0.000000,-0.000000,0.000000,-0.000000,0.000000,-0.000000,0.000000,-0.000000,0.645575,-1.326697,-0.614641,0.193039,0.680107,-0.097357,0.806824,0.844408,-0.358921,0.915259,-1.366584,-0.015068,0.633745,-1.339940,-0.661713,0.228860,0.649458,-0.119399,0.876373,0.765828,-0.168227,0.941132,-1.455843,0.048363
1789159134.481532,-0.004065,-0.001935,-0.001256,0.000457,0.001699,-0.001469,0.074487,-0.018495,-0.997050,0.000000,0.000000,0.000000,0.508240,-0.665933,0.425253,-0.541052,0.483869,0.509261,0.174423,0.062811,0.102646,0.105005,0.974527,0.776343,0.000000,0.000000,-0.000000,-0.000000,0.000000,-0.000000,0.000000,-0.000000,0.000000,-0.000000,0.000000,-0.000000,0.633745,-1.339940,-0.661713,0.228860,0.649458,-0.119399,0.876373,0.765828,-0.168227,0.941132,-1.455843,0.048363,0.747528,-1.454611,-0.795453,0.416227,0.610285,-0.062066,0.949404,0.660282,-0.034750,0.824399,-1.555099,0.180446
1789159134.501376,-0.002411,-0.002095,-0.000144,0.000857,0.002631,-0.000936,0.074489,-0.018489,-0.997050,0.000000,0.000000,0.000000,0.508240,-0.665933,0.425253,-0.541052,0.483869,0.509261,0.174423,0.062811,0.102646,0.105005,0.974527,0.776343,0.000000,0.000000,-0.000000,-0.000000,0.000000,-0.000000,0.000000,-0.000000,0.000000,-0.000000,0.000000,-0.000000,0.747528,-1.454611,-0.795453,0.416227,0.610285,-0.062066,0.949404,0.660282,-0.034750,0.824399,-1.555099,0.180446,0.933925,-1.618300,-0.964027,0.660699,0.617429,0.035824,0.990378,0.597343,-0.027989,0.618373,-1.629961,0.315458
1789159134.519743,-0.001665,-0.002028,0.000747,0.000857,0.002764,-0.001069,0.074476,-0.018489,-0.997051,0.000000,0.000000,0.000000,0.508240,-0.665933,0.425253,-0.541052,0.483869,0.509261,0.174423,0.062811,0.102646,0.105005,0.974527,0.776343,0.000000,0.000000,-0.000000,-0.000000,0.000000,-0.000000,0.000000,-0.000000,0.000000,-0.000000,0.000000,-0.000000,0.933925,-1.618300,-0.964027,0.660699,0.617429,0.035824,0.990378,0.597343,-0.027989,0.618373,-1.629961,0.315458,1.081771,-1.753071,-1.068974,0.820046,0.662264,0.122709,0.990406,0.607363,-0.161400,0.414770,-1.661780,0.376511
1789159134.539983,-0.002157,-0.001407,0.002419,0.000590,0.001832,-0.001336,0.074485,-0.018500,-0.997050,0.000000,0.000000,0.000000,0.508240,-0.665933,0.425253,-0.541052,0.483869,0.509261,0.174423,0.062811,0.102646,0.105005,0.974527,0.776343,0.000000,0.000000,-0.000000,-0.000000,0.000000,-0.000000,0.000000,-0.000000,0.000000,-0.000000,0.000000,-0.000000,1.081771,-1.753071,-1.068974,0.820046,0.662264,0.122709,0.990406,0.607363,-0.161400,0.414770,-1.661780,0.376511,1.117523,-1.793675,-1.054001,0.826513,0.687862,0.168578,0.953661,0.666099,-0.367612,0.302974,-1.634865,0.333894
1789159134.560767,-0.003739,-0.001198,0.002483,0.000990,0.002764,-0.001336,0.074485,-0.018500,-0.997051,0.000000,0.000000,0.000000,0.508240,-0.665933,0.425253,-0.541052,0.483869,0.509261,0.174423,0.062811,0.102646,0.105005,0.974527,0.776343,0.000000,0.000000,-0.000000,-0.000000,0.000000,-0.000000,0.000000,-0.000000,0.000000,-0.000000,0.000000,-0.000000,1.117523,-1.793675,-1.054001,0.826513,0.687862,0.168578,0.953661,0.666099,-0.367612,0.302974,-1.634865,0.333894,1.055050,-1.731576,-0.937872,0.704147,0.676869,0.159984,0.888766,0.733170,-0.541473,0.332319,-1.548723,0.231480
1789159134.579844,-0.006951,-0.000670,0.002760,0.000990,0.002365,-0.001602,0.074480,-0.018502,-0.997051,0.000000,0.000000,0.000000,0.508240,-0.665933,0.425253,-0.541052,0.483869,0.509261,0.174423,0.062811,0.102646,0.105005,0.974527,0.776343,0.000000,0.000000,-0.000000,-0.000000,0.000000,-0.000000,0.000000,-0.000000,0.000000,-0.000000,0.000000,-0.000000,1.055050,-1.731576,-0.937872,0.704147,0.676869,0.159984,0.888766,0.733170,-0.541473,0.332319,-1.548723,0.231480,0.936592,-1.600979,-0.787942,0.512761,0.660790,0.099473,0.822684,0.795645,-0.611409,0.490550,-1.433972,0.113328
1789159134.601102,-0.008008,-0.000572,0.002640,0.000990,0.002232,-0.001469,0.074484,-0.018497,-0.997051,0.000000,0.000000,0.000000,0.508240,-0.665933,0.425253,-0.541052,0.483869,0.509261,0.174423,0.062811,0.102646,0.105005,0.974527,0.776343,0.000000,0.000000,-0.000000,-0.000000,0.000000,-0.000000,0.000000,-0.000000,0.000000,-0.000000,0.000000,-0.000000,0.936592,-1.600979,-0.787942,0.512761,0.660790,0.099473,0.822684,0.795645,-0.611409,0.490550,-1.433972,0.113328,0.788242,-1.446369,-0.669990,0.324451,0.669947,0.005574,0.784307,0.846385,-0.551452,0.710025,-1.353223,0.018874
1789159134.621349,-0.008943,-0.000959,0.001782,0.000723,0.002498,-0.002002,0.074483,-0.018505,-0.997051,0.000000,0.000000,0.000000,0.508240,-0.665933,0.425253,-0.541052,0.483869,0.509261,0.174423,0.062811,0.102646,0.105005,0.974527,0.776343,0.000000,0.000000,-0.000000,-0.000000,0.000000,-0.000000,0.000000,-0.000000,0.000000,-0.000000,0.000000,-0.000000,0.788242,-1.446369,-0.669990,0.324451,0.669947,0.005574,0.784307,0.846385,-0.551452,0.710025,-1.353223,0.018874,0.661393,-1.338485,-0.617805,0.204558,0.680721,-0.086551,0.797837,0.849801,-0.392466,0.893855,-1.354585,-0.015334
1789159134.639748,-0.008151,-0.001810,0.001331,0.000990,0.001566,-0.001469,0.074503,-0.018502,-0.997049,0.000000,0.000000,0.000000,0.508240,-0.665933,0.425253,-0.541052,0.483869,0.509261,0.174423,0.062811,0.102646,0.105005,0.974527,0.776343,0.000000,0.000000,-0.000000,-0.000000,0.000000,-0.000000,0.000000,-0.000000,0.000000,-0.000000,0.000000,-0.000000,0.661393,-1.338485,-0.617805,0.204558,0.680721,-0.086551,0.797837,0.849801,-0.392466,0.893855,-1.354585,-0.015334,0.628307,-1.331609,-0.648822,0.212684,0.656181,-0.122850,0.861989,0.782075,-0.199529,0.947885,-1.434991,0.032755
1789159134.659925,-0.006590,-0.002301,0.001355,0.000590,0.002098,-0.001336,0.074503,-0.018510,-0.997049,0.000000,0.000000,0.000000,0.508240,-0.665933,0.425253,-0.541052,0.483869,0.509261,0.174423,0.062811,0.102646,0.105005,0.974527,0.776343,0.000000,0.000000,-0.000000,-0.000000,0.000000,-0.000000,0.000000,-0.000000,0.000000,-0.000000,0.000000,-0.000000,0.628307,-1.331609,-0.648822,0.212684,0.656181,-0.122850,0.861989,0.782075,-0.199529,0.947885,-1.434991,0.032755,0.721467,-1.430991,-0.769453,0.376863,0.614314,-0.077943,0.938376,0.676637,-0.049779,0.853661,-1.536476,0.156089
1789159134.680017,-0.003769,-0.002517,0.001471,0.001389,0.001965,-0.001203,0.074507,-0.018502,-0.997049,0.000000,0.000000,0.000000,0.508240,-0.665933,0.425253,-0.541052,0.483869,0.509261,0.174423,0.062811,0.102646,0.105005,0.974527,0.776343,0.000000,0.000000,-0.000000,-0.000000,0.000000,-0.000000,0.000000,-0.000000,0.000000,-0.000000,0.000000,-0.000000,0.721467,-1.430991,-0.769453,0.376863,0.614314,-0.077943,0.938376,0.676637,-0.049779,0.853661,-1.536476,0.156089,0.902163,-1.590826,-0.938058,0.622286,0.611584,0.017229,0.986269,0.602126,-0.017236,0.657526,-1.617348,0.296501
1789159134.703186,-0.002834,-0.002504,0.001468,0.000457,0.002098,-0.001469,0.074509,-0.018515,-0.997048,0.000000,0.000000,0.000000,0.508240,-0.665933,0.425253,-0.541052,0.483869,0.509261,0.174423,0.062811,0.102646,0.105005,0.974527,0.776343,0.000000,0.000000,-0.000000,-0.000000,0.000000,-0.000000,0.000000,-0.000000,0.000000,-0.000000,0.000000,-0.000000,0.902163,-1.590826,-0.938058,0.622286,0.611584,0.017229,0.986269,0.602126,-0.017236,0.657526,-1.617348,0.296501,1.064108,-1.736581,-1.060140,0.803770,0.654116,0.109233,0.993906,0.600672,-0.129398,0.446414,-1.658954,0.374008
1789159134.720047,-0.000827,-0.001536,0.001614,0.000457,0.002498,-0.001336,0.074502,-0.018526,-0.997049,0.000000,0.000000,0.000000,0.508240,-0.665933,0.425253,-0.541052,0.483869,0.509261,0.174423,0.062811,0.102646,0.105005,0.974527,0.776343,0.000000,0.000000,-0.000000,-0.000000,0.000000,-0.000000,0.000000,-0.000000,0.000000,-0.000000,0.000000,-0.000000,1.064108,-1.736581,-1.060140,0.803770,0.654116,0.109233,0.993906,0.600672,-0.129398,0.446414,-1.658954,0.374008,1.120497,-1.795653,-1.066054,0.836867,0.686196,0.163883,0.962913,0.654027,-0.330804,0.313481,-1.643716,0.348202
1789159134.741900,-0.001298,-0.001012,0.001535,0.000590,0.002098,-0.001602,0.074506,-0.018531,-0.997048,0.000000,0.000000,0.000000,0.508240,-0.665933,0.425253,-0.541052,0.483869,0.509261,0.174423,0.062811,0.102646,0.105005,0.974527,0.776343,0.000000,0.000000,-0.000000,-0.000000,0.000000,-0.000000,0.000000,-0.000000,0.000000,-0.000000,0.000000,-0.000000,1.120497,-1.795653,-1.066054,0.836867,0.686196,0.163883,0.962913,0.654027,-0.330804,0.313481,-1.643716,0.348202,1.071665,-1.749228,-0.963324,0.733073,0.680816,0.166080,0.902027,0.722165,-0.517419,0.316306,-1.568046,0.251451
1789159134.760062,-0.002541,-0.000495,0.001013,0.000857,0.002365,-0.001203,0.074504,-0.018539,-0.997048,0.000000,0.000000,0.000000,0.508240,-0.665933,0.425253,-0.541052,0.483869,0.509261,0.174423,0.062811,0.102646,0.105005,0.974527,0.776343,0.000000,0.000000,-0.000000,-0.000000,0.000000,-0.000000,0.000000,-0.000000,0.000000,-0.000000,0.000000,-0.000000,1.071665,-1.749228,-0.963324,0.733073,0.680816,0.166080,0.902027,0.722165,-0.517419,0.316306,-1.568046,0.251451,0.960607,-1.626910,-0.813065,0.547581,0.662397,0.113831,0.833690,0.785873,-0.609674,0.456910,-1.454041,0.132657
1789159134.781877,-0.004217,0.000118,0.000244,0.000590,0.002232,-0.001602,0.074504,-0.018552,-0.997048,0.000000,0.000000,0.000000,0.508240,-0.665933,0.425253,-0.541052,0.483869,0.509261,0.174423,0.062811,0.102646,0.105005,0.974527,0.776343,0.000000,0.000000,-0.000000,-0.000000,0.000000,-0.000000,0.000000,-0.000000,0.000000,-0.000000,0.000000,-0.000000,0.960607,-1.626910,-0.813065,0.547581,0.662397,0.113831,0.833690,0.785873,-0.609674,0.456910,-1.454041,0.132657,0.813935,-1.470847,-0.684876,0.352604,0.667772,0.023871,0.788194,0.841451,-0.572266,0.672110,-1.362891,0.030172
1789159134.800358,-0.004412,0.000093,-0.000218,0.000457,0.002098,-0.001602,0.074507,-0.018562,-0.997048,0.000000,0.000000,0.000000,0.508240,-0.665933,0.425253,-0.541052,0.483869,0.509261,0.174423,0.062811,0.102646,0.105005,0.974527,0.776343,0.000000,0.000000,-0.000000,-0.000000,0.000000,-0.000000,0.000000,-0.000000,0.000000,-0.000000,0.000000,-0.000000,0.813935,-1.470847,-0.684876,0.352604,0.667772,0.023871,0.788194,0.841451,-0.572266,0.672110,-1.362891,0.030172,0.676524,-1.347968,-0.618869,0.214861,0.681922,-0.072591,0.791124,0.856428,-0.426246,0.871162,-1.348493,-0.017599
1789159134.820479,-0.003351,-0.000147,-0.000695,0.000324,0.001832,-0.001469,0.074516,-0.018572,-0.997047,0.000000,0.000000,0.000000,0.508240,-0.665933,0.425253,-0.541052,0.483869,0.509261,0.174423,0.062811,0.102646,0.105005,0.974527,0.776343,0.000000,0.000000,-0.000000,-0.000000,0.000000,-0.000000,0.000000,-0.000000,0.000000,-0.000000,0.000000,-0.000000,0.676524,-1.347968,-0.618869,0.214861,0.681922,-0.072591,0.791124,0.856428,-0.426246,0.871162,-1.348493,-0.017599,0.621893,-1.320854,-0.633472,0.195798,0.663986,-0.122235,0.848705,0.800301,-0.233370,0.951977,-1.419104,0.014891
1789159134.842001,-0.000690,-0.000271,-0.001341,0.000191,0.002098,-0.001336,0.074519,-0.018582,-0.997046,0.000000,0.000000,0.000000,0.508240,-0.665933,0.425253,-0.541052,0.483869,0.509261,0.174423,0.062811,0.102646,0.105005,0.974527,0.776343,0.000000,0.000000,-0.000000,-0.000000,0.000000,-0.000000,0.000000,-0.000000,0.000000,-0.000000,0.000000,-0.000000,0.621893,-1.320854,-0.633472,0.195798,0.663986,-0.122235,0.848705,0.800301,-0.233370,0.951977,-1.419104,0.014891,0.692894,-1.403677,-0.739432,0.334455,0.620878,-0.090009,0.927091,0.696518,-0.069840,0.881116,-1.522622,0.127861
1789159134.860263,0.001513,-0.000296,-0.001986,0.000590,0.001965,-0.001203,0.074526,-0.018592,-0.997046,0.000000,0.000000,0.000000,0.508240,-0.665933,0.425253,-0.541052,0.483869,0.509261,0.174423,0.062811,0.102646,0.105005,0.974527,0.776343,0.000000,0.000000,-0.000000,-0.000000,0.000000,-0.000000,0.000000,-0.000000,0.000000,-0.000000,0.000000,-0.000000,0.692894,-1.403677,-0.739432,0.334455,0.620878,-0.090009,0.927091,0.696518,-0.069840,0.881116,-1.522622,0.127861,0.865082,-1.558070,-0.905780,0.576635,0.607839,0.001291,0.981711,0.611110,-0.012472,0.697140,-1.609345,0.271947
1789159134.880355,0.004445,0.000121,-0.002748,0.000590,0.001965,-0.001735,0.074531,-0.018605,-0.997045,0.000000,0.000000,0.000000,0.508240,-0.665933,0.425253,-0.541052,0.483869,0.509261,0.174423,0.062811,0.102646,0.105005,0.974527,0.776343,0.000000,0.000000,-0.000000,-0.000000,0.000000,-0.000000,0.000000,-0.000000,0.000000,-0.000000,0.000000,-0.000000,0.865082,-1.558070,-0.905780,0.576635,0.607839,0.001291,0.981711,0.611110,-0.012472,0.697140,-1.609345,0.271947,1.039804,-1.713647,-1.043998,0.778910,0.646309,0.098007,0.997546,0.597309,-0.101705,0.481042,-1.660063,0.365387
1789159134.902139,0.005383,0.000813,-0.002209,0.000590,0.002098,-0.001469,0.074537,-0.018615,-0.997045,0.000000,0.000000,0.000000,0.508240,-0.665933,0.425253,-0.541052,0.483869,0.509261,0.174423,0.062811,0.102646,0.105005,0.974527,0.776343,0.000000,0.000000,-0.000000,-0.000000,0.000000,-0.000000,0.000000,-0.000000,0.000000,-0.000000,0.000000,-0.000000,1.039804,-1.713647,-1.043998,0.778910,0.646309,0.098007,0.997546,0.597309,-0.101705,0.481042,-1.660063,0.365387,1.117660,-1.791339,-1.071814,0.840004,0.683884,0.161022,0.972766,0.643799,-0.294922,0.328701,-1.655154,0.357497
1789159134.920136,0.005195,0.001940,-0.001043,0.000990,0.002098,-0.001069,0.074542,-0.018617,-0.997044,0.000000,0.000000,0.000000,0.508240,-0.665933,0.425253,-0.541052,0.483869,0.509261,0.174423,0.062811,0.102646,0.105005,0.974527,0.776343,0.000000,0.000000,-0.000000,-0.000000,0.000000,-0.000000,0.000000,-0.000000,0.000000,-0.000000,0.000000,-0.000000,1.117660,-1.791339,-1.071814,0.840004,0.683884,0.161022,0.972766,0.643799,-0.294922,0.328701,-1.655154,0.357497,1.084433,-1.762005,-0.985300,0.756287,0.684581,0.173073,0.916471,0.712162,-0.491835,0.305929,-1.589074,0.268489
1789159134.941012,0.004805,0.002268,-0.000840,0.000058,0.002232,-0.001203,0.074548,-0.018634,-0.997043,0.000000,0.000000,0.000000,0.508240,-0.665933,0.425253,-0.541052,0.483869,0.509261,0.174423,0.062811,0.102646,0.105005,0.974527,0.776343,0.000000,0.000000,-0.000000,-0.000000,0.000000,-0.000000,0.000000,-0.000000,0.000000,-0.000000,0.000000,-0.000000,1.084433,-1.762005,-0.985300,0.756287,0.684581,0.173073,0.916471,0.712162,-0.491835,0.305929,-1.589074,0.268489,0.981564,-1.649809,-0.837311,0.580014,0.664896,0.128959,0.846982,0.776668,-0.604048,0.426612,-1.476898,0.150661
1789159134.960312,0.004805,0.002268,-0.000840,0.000857,0.002365,-0.001602,0.074545,-0.018636,-0.997043,0.000000,0.000000,0.000000,0.508240,-0.665933,0.425253,-0.541052,0.483869,0.509261,0.174423,0.062811,0.102646,0.105005,0.974527,0.776343,0.000000,0.000000,-0.000000,-0.000000,0.000000,-0.000000,0.000000,-0.000000,0.000000,-0.000000,0.000000,-0.000000,0.981564,-1.649809,-0.837311,0.580014,0.664896,0.128959,0.846982,0.776668,-0.604048,0.426612,-1.476898,0.150661,0.839091,-1.495273,-0.701209,0.381931,0.665544,0.042816,0.794826,0.835636,-0.588929,0.634114,-1.376379,0.041889
1789159134.980242,0.000880,0.002244,-0.000486,0.000324,0.002365,-0.001868,0.074546,-0.018642,-0.997043,0.000000,0.000000,0.000000,0.508240,-0.665933,0.425253,-0.541052,0.483869,0.509261,0.174423,0.062811,0.102646,0.105005,0.974527,0.776343,0.000000,0.000000,-0.000000,-0.000000,0.000000,-0.000000,0.000000,-0.000000,0.000000,-0.000000,0.000000,-0.000000,0.839091,-1.495273,-0.701209,0.381931,0.665544,0.042816,0.794826,0.835636,-0.588929,0.634114,-1.376379,0.041889,0.694277,-1.361093,-0.622802,0.229909,0.680821,-0.056462,0.787424,0.860133,-0.457495,0.843328,-1.346545,-0.017313
1789159135.000109,0.000715,0.001703,-0.001065,0.000590,0.002232,-0.001469,0.074551,-0.018649,-0.997043,0.000000,0.000000,0.000000,0.508240,-0.665933,0.425253,-0.541052,0.483869,0.509261,0.174423,0.062811,0.102646,0.105005,0.974527,0.776343,0.000000,0.000000,-0.000000,-0.000000,0.000000,-0.000000,0.000000,-0.000000,0.000000,-0.000000,0.000000,-0.000000,0.694277,-1.361093,-0.622802,0.229909,0.680821,-0.056462,0.787424,0.860133,-0.457495,0.843328,-1.346545,-0.017313,0.620670,-1.315339,-0.622393,0.186239,0.669648,-0.118287,0.836747,0.816067,-0.267523,0.949054,-1.404922,0.000682
1789159135.020778,0.001566,0.001374,-0.001234,0.000590,0.001699,-0.001469,0.074570,-0.018656,-0.997041,0.000000,0.000000,0.000000,0.508240,-0.665933,0.425253,-0.541052,0.483869,0.509261,0.174423,0.062811,0.102646,0.105005,0.974527,0.776343,0.000000,0.000000,-0.000000,-0.000000,0.000000,-0.000000,0.000000,-0.000000,0.000000,-0.000000,0.000000,-0.000000,0.620670,-1.315339,-0.622393,0.186239,0.669648,-0.118287,0.836747,0.816067,-0.267523,0.949054,-1.404922,0.000682,0.669162,-1.380752,-0.713245,0.298332,0.627370,-0.100143,0.914928,0.715904,-0.093066,0.902826,-1.507463,0.102002
1789159135.040023,0.003559,0.001224,-0.001359,0.000457,0.001566,-0.001203,0.074586,-0.018663,-0.997040,0.000000,0.000000,0.000000,0.508240,-0.665933,0.425253,-0.541052,0.483869,0.509261,0.174423,0.062811,0.102646,0.105005,0.974527,0.776343,0.000000,0.000000,-0.000000,-0.000000,0.000000,-0.000000,0.000000,-0.000000,0.000000,-0.000000,0.000000,-0.000000,0.669162,-1.380752,-0.713245,0.298332,0.627370,-0.100143,0.914928,0.715904,-0.093066,0.902826,-1.507463,0.102002,0.829448,-1.527241,-0.874541,0.532144,0.604964,-0.015606,0.975394,0.621715,-0.012472,0.734303,-1.598011,0.246418
1789159135.060538,0.004231,0.001235,-0.001280,0.000457,0.002098,-0.001735,0.074594,-0.018669,-0.997039,0.000000,0.000000,0.000000,0.508240,-0.665933,0.425253,-0.541052,0.483869,0.509261,0.174423,0.062811,0.102646,0.105005,0.974527,0.776343,0.000000,0.000000,-0.000000,-0.000000,0.000000,-0.000000,0.000000,-0.000000,0.000000,-0.000000,0.000000,-0.000000,0.829448,-1.527241,-0.874541,0.532144,0.604964,-0.015606,0.975394,0.621715,-0.012472,0.734303,-1.598011,0.246418,1.012799,-1.689256,-1.025924,0.751566,0.636977,0.083303,0.998352,0.594505,-0.076382,0.516919,-1.655521,0.354387
1789159135.080897,0.005465,0.001687,-0.000266,0.000857,0.002232,-0.001203,0.074601,-0.018679,-0.997038,0.000000,0.000000,0.000000,0.508240,-0.665933,0.425253,-0.541052,0.483869,0.509261,0.174423,0.062811,0.102646,0.105005,0.974527,0.776343,0.000000,0.000000,-0.000000,-0.000000,0.000000,-0.000000,0.000000,-0.000000,0.000000,-0.000000,0.000000,-0.000000,1.012799,-1.689256,-1.025924,0.751566,0.636977,0.083303,0.998352,0.594505,-0.076382,0.516919,-1.655521,0.354387,1.111933,-1.784802,-1.076299,0.840799,0.679092,0.153544,0.979918,0.632542,-0.256850,0.347436,-1.660578,0.366079
1789159135.100207,0.004496,0.001976,0.000602,0.000058,0.002098,-0.001602,0.074609,-0.018699,-0.997038,0.000000,0.000000,0.000000,0.508240,-0.665933,0.425253,-0.541052,0.483869,0.509261,0.174423,0.062811,0.102646,0.105005,0.974527,0.776343,0.000000,0.000000,-0.000000,-0.000000,0.000000,-0.000000,0.000000,-0.000000,0.000000,-0.000000,0.000000,-0.000000,1.111933,-1.784802,-1.076299,0.840799,0.679092,0.153544,0.979918,0.632542,-0.256850,0.347436,-1.660578,0.366079,1.096305,-1.774799,-1.007866,0.779964,0.686829,0.175169,0.928669,0.700161,-0.460872,0.298558,-1.605039,0.287517
1789159135.120342,0.002539,0.002079,0.000897,0.000324,0.001965,-0.001469,0.074621,-0.018705,-0.997037,0.000000,0.000000,0.000000,0.508240,-0.665933,0.425253,-0.541052,0.483869,0.509261,0.174423,0.062811,0.102646,0.105005,0.974527,0.776343,0.000000,0.000000,-0.000000,-0.000000,0.000000,-0.000000,0.000000,-0.000000,0.000000,-0.000000,0.000000,-0.000000,1.096305,-1.774799,-1.007866,0.779964,0.686829,0.175169,0.928669,0.700161,-0.460872,0.298558,-1.605039,0.287517,1.003201,-1.674974,-0.865341,0.615698,0.667418,0.140150,0.858840,0.764925,-0.592163,0.396182,-1.497549,0.172933
1789159135.140089,-0.000970,0.002237,0.000816,0.000857,0.001965,-0.002002,0.074623,-0.018700,-0.997036,0.000000,0.000000,0.000000,0.508240,-0.665933,0.425253,-0.541052,0.483869,0.509261,0.174423,0.062811,0.102646,0.105005,0.974527,0.776343,0.000000,0.000000,-0.000000,-0.000000,0.000000,-0.000000,0.000000,-0.000000,0.000000,-0.000000,0.000000,-0.000000,1.003201,-1.674974,-0.865341,0.615698,0.667418,0.140150,0.858840,0.764925,-0.592163,0.396182,-1.497549,0.172933,0.866358,-1.525138,-0.723224,0.416706,0.662619,0.060080,0.801418,0.824743,-0.600589,0.592969,-1.390504,0.060427
1789159135.160951,-0.002661,0.002016,0.000257,0.000857,0.001832,-0.000803,0.074633,-0.018707,-0.997036,0.000000,0.000000,0.000000,0.508240,-0.665933,0.425253,-0.541052,0.483869,0.509261,0.174423,0.062811,0.102646,0.105005,0.974527,0.776343,0.000000,0.000000,-0.000000,-0.000000,0.000000,-0.000000,0.000000,-0.000000,0.000000,-0.000000,0.000000,-0.000000,0.866358,-1.525138,-0.723224,0.416706,0.662619,0.060080,0.801418,0.824743,-0.600589,0.592969,-1.390504,0.060427,0.718230,-1.381689,-0.633289,0.251423,0.678314,-0.039478,0.784395,0.858189,-0.486977,0.810169,-1.345341,-0.009575
1789159135.182372,-0.003497,0.000622,-0.001014,0.001123,0.002098,-0.001602,0.074634,-0.018694,-0.997036,0.000000,0.000000,0.000000,0.508240,-0.665933,0.425253,-0.541052,0.483869,0.509261,0.174423,0.062811,0.102646,0.105005,0.974527,0.776343,0.000000,0.000000,-0.000000,-0.000000,0.000000,-0.000000,0.000000,-0.000000,0.000000,-0.000000,0.000000,-0.000000,0.718230,-1.381689,-0.633289,0.251423,0.678314,-0.039478,0.784395,0.858189,-0.486977,0.810169,-1.345341,-0.009575,0.627033,-1.317271,-0.617628,0.184407,0.674961,-0.112517,0.824220,0.827968,-0.302508,0.941037,-1.388410,-0.006731
1789159135.200455,-0.002998,-0.000608,-0.001636,0.000457,0.002098,-0.001469,0.074636,-0.018706,-0.997035,0.000000,0.000000,0.000000,0.508240,-0.665933,0.425253,-0.541052,0.483869,0.509261,0.174423,0.062811,0.102646,0.105005,0.974527,0.776343,0.000000,0.000000,-0.000000,-0.000000,0.000000,-0.000000,0.000000,-0.000000,0.000000,-0.000000,0.000000,-0.000000,0.627033,-1.317271,-0.617628,0.184407,0.674961,-0.112517,0.824220,0.827968,-0.302508,0.941037,-1.388410,-0.006731,0.652559,-1.363436,-0.691955,0.267864,0.636202,-0.110027,0.900286,0.734758,-0.119541,0.921320,-1.487735,0.081142
1789159135.220124,-0.002520,-0.001077,-0.001711,0.000457,0.001699,-0.001203,0.074642,-0.018709,-0.997035,0.000000,0.000000,0.000000,0.508240,-0.665933,0.425253,-0.541052,0.483869,0.509261,0.174423,0.062811,0.102646,0.105005,0.974527,0.776343,0.000000,0.000000,-0.000000,-0.000000,0.000000,-0.000000,0.000000,-0.000000,0.000000,-0.000000,0.000000,-0.000000,0.652559,-1.363436,-0.691955,0.267864,0.636202,-0.110027,0.900286,0.734758,-0.119541,0.921320,-1.487735,0.081142,0.797376,-1.499542,-0.844562,0.487642,0.605817,-0.034619,0.966058,0.634059,-0.016990,0.770494,-1.582209,0.223269
1789159135.240285,-0.000719,-0.002156,-0.000750,0.000857,0.001699,-0.001203,0.074655,-0.018705,-0.997034,0.000000,0.000000,0.000000,0.508240,-0.665933,0.425253,-0.541052,0.483869,0.509261,0.174423,0.062811,0.102646,0.105005,0.974527,0.776343,0.000000,0.000000,-0.000000,-0.000000,0.000000,-0.000000,0.000000,-0.000000,0.000000,-0.000000,0.000000,-0.000000,0.797376,-1.499542,-0.844562,0.487642,0.605817,-0.034619,0.966058,0.634059,-0.016990,0.770494,-1.582209,0.223269,0.985624,-1.664513,-1.005406,0.720786,0.629356,0.064710,0.995381,0.593265,-0.054237,0.554554,-1.646409,0.343263
1789159135.260226,-0.000241,-0.002126,-0.000033,0.001522,0.002365,-0.000936,0.074657,-0.018690,-0.997034,0.000000,0.000000,0.000000,0.508240,-0.665933,0.425253,-0.541052,0.483869,0.509261,0.174423,0.062811,0.102646,0.105005,0.974527,0.776343,0.000000,0.000000,-0.000000,-0.000000,0.000000,-0.000000,0.000000,-0.000000,0.000000,-0.000000,0.000000,-0.000000,0.985624,-1.664513,-1.005406,0.720786,0.629356,0.064710,0.995381,0.593265,-0.054237,0.554554,-1.646409,0.343263,1.104717,-1.776310,-1.077250,0.837999,0.673994,0.141478,0.983099,0.621411,-0.219117,0.369565,-1.661795,0.374387
1789159135.281329,-0.000280,-0.002050,0.000689,0.000590,0.002098,-0.001868,0.074667,-0.018699,-0.997033,0.000000,0.000000,0.000000,0.508240,-0.665933,0.425253,-0.541052,0.483869,0.509261,0.174423,0.062811,0.102646,0.105005,0.974527,0.776343,0.000000,0.000000,-0.000000,-0.000000,0.000000,-0.000000,0.000000,-0.000000,0.000000,-0.000000,0.000000,-0.000000,1.104717,-1.776310,-1.077250,0.837999,0.673994,0.141478,0.983099,0.621411,-0.219117,0.369565,-1.661795,0.374387,1.107634,-1.785555,-1.027919,0.801500,0.688637,0.172422,0.937042,0.687129,-0.427544,0.295735,-1.616898,0.307371
1789159135.299832,-0.002311,-0.001566,0.002040,0.000857,0.002098,-0.001735,0.074676,-0.018703,-0.997032,0.000000,0.000000,0.000000,0.508240,-0.665933,0.425253,-0.541052,0.483869,0.509261,0.174423,0.062811,0.102646,0.105005,0.974527,0.776343,0.000000,0.000000,-0.000000,-0.000000,0.000000,-0.000000,0.000000,-0.000000,0.000000,-0.000000,0.000000,-0.000000,1.107634,-1.785555,-1.027919,0.801500,0.688637,0.172422,0.937042,0.687129,-0.427544,0.295735,-1.616898,0.307371,1.024803,-1.698796,-0.893144,0.651251,0.670999,0.146878,0.868154,0.752925,-0.576220,0.369046,-1.515515,0.196152
1789159135.321120,-0.005123,-0.001353,0.001754,0.000723,0.002365,-0.001735,0.074677,-0.018710,-0.997032,0.000000,0.000000,0.000000,0.508240,-0.665933,0.425253,-0.541052,0.483869,0.509261,0.174423,0.062811,0.102646,0.105005,0.974527,0.776343,0.000000,0.000000,-0.000000,-0.000000,0.000000,-0.000000,0.000000,-0.000000,0.000000,-0.000000,0.000000,-0.000000,1.024803,-1.698796,-0.893144,0.651251,0.670999,0.146878,0.868154,0.752925,-0.576220,0.369046,-1.515515,0.196152,0.894145,-1.554629,-0.746637,0.452751,0.661486,0.073361,0.806779,0.814488,-0.608049,0.554090,-1.403594,0.080182
1789159135.340340,-0.006629,-0.001468,0.001143,0.000324,0.002498,-0.001336,0.074667,-0.018721,-0.997033,0.000000,0.000000,0.000000,0.508240,-0.665933,0.425253,-0.541052,0.483869,0.509261,0.174423,0.062811,0.102646,0.105005,0.974527,0.776343,0.000000,0.000000,-0.000000,-0.000000,0.000000,-0.000000,0.000000,-0.000000,0.000000,-0.000000,0.000000,-0.000000,0.894145,-1.554629,-0.746637,0.452751,0.661486,0.073361,0.806779,0.814488,-0.608049,0.554090,-1.403594,0.080182,0.743715,-1.404720,-0.645633,0.276997,0.676137,-0.025195,0.781462,0.855934,-0.512844,0.775872,-1.343901,0.000018
1789159135.361565,-0.007166,-0.002088,0.000449,0.000324,0.002098,-0.001735,0.074674,-0.018727,-0.997032,0.000000,0.000000,0.000000,0.508240,-0.665933,0.425253,-0.541052,0.483869,0.509261,0.174423,0.062811,0.102646,0.105005,0.974527,0.776343,0.000000,0.000000,-0.000000,-0.000000,0.000000,-0.000000,0.000000,-0.000000,0.000000,-0.000000,0.000000,-0.000000,0.743715,-1.404720,-0.645633,0.276997,0.676137,-0.025195,0.781462,0.855934,-0.512844,0.775872,-1.343901,0.000018,0.637220,-1.322781,-0.616160,0.188392,0.678987,-0.106850,0.812356,0.838715,-0.335278,0.929248,-1.372139,-0.011474
1789159135.379963,-0.005708,-0.003169,-0.000093,0.000857,0.001965,-0.001602,0.074675,-0.018734,-0.997032,0.000000,0.000000,0.000000,0.508240,-0.665933,0.425253,-0.541052,0.483869,0.509261,0.174423,0.062811,0.102646,0.105005,0.974527,0.776343,0.000000,0.000000,-0.000000,-0.000000,0.000000,-0.000000,0.000000,-0.000000,0.000000,-0.000000,0.000000,-0.000000,0.637220,-1.322781,-0.616160,0.188392,0.678987,-0.106850,0.812356,0.838715,-0.335278,0.929248,-1.372139,-0.011474,0.640772,-1.349792,-0.674677,0.243952,0.644515,-0.118934,0.885798,0.753501,-0.146001,0.936235,-1.466804,0.062370
1789159135.400112,-0.004273,-0.003369,0.000209,0.000723,0.002232,-0.001336,0.074677,-0.018735,-0.997032,0.000000,0.000000,0.000000,0.508240,-0.665933,0.425253,-0.541052,0.483869,0.509261,0.174423,0.062811,0.102646,0.105005,0.974527,0.776343,0.000000,0.000000,-0.000000,-0.000000,0.000000,-0.000000,0.000000,-0.000000,0.000000,-0.000000,0.000000,-0.000000,0.640772,-1.349792,-0.674677,0.243952,0.644515,-0.118934,0.885798,0.753501,-0.146001,0.936235,-1.466804,0.062370,0.768819,-1.474470,-0.817450,0.446761,0.607844,-0.053360,0.956764,0.648705,-0.024095,0.804166,-1.564737,0.199844
1789159135.420504,-0.001896,-0.003038,0.000666,0.001256,0.002098,-0.001336,0.074678,-0.018731,-0.997032,0.000000,0.000000,0.000000,0.508240,-0.665933,0.425253,-0.541052,0.483869,0.509261,0.174423,0.062811,0.102646,0.105005,0.974527,0.776343,0.000000,0.000000,-0.000000,-0.000000,0.000000,-0.000000,0.000000,-0.000000,0.000000,-0.000000,0.000000,-0.000000,0.768819,-1.474470,-0.817450,0.446761,0.607844,-0.053360,0.956764,0.648705,-0.024095,0.804166,-1.564737,0.199844,0.957656,-1.640082,-0.984287,0.688807,0.622060,0.046578,0.993533,0.594471,-0.035771,0.592247,-1.636234,0.329756
1789159135.440716,-0.000879,-0.002622,0.001065,0.000857,0.002365,-0.001469,0.074685,-0.018723,-0.997031,0.000000,0.000000,0.000000,0.508240,-0.665933,0.425253,-0.541052,0.483869,0.509261,0.174423,0.062811,0.102646,0.105005,0.974527,0.776343,0.000000,0.000000,-0.000000,-0.000000,0.000000,-0.000000,0.000000,-0.000000,0.000000,-0.000000,0.000000,-0.000000,0.957656,-1.640082,-0.984287,0.688807,0.622060,0.046578,0.993533,0.594471,-0.035771,0.592247,-1.636234,0.329756,1.094417,-1.766197,-1.075876,0.831585,0.667692,0.130373,0.988458,0.612373,-0.183753,0.394434,-1.662104,0.378651
1789159135.460200,-0.000573,-0.002072,0.001403,0.000723,0.002232,-0.001735,0.074684,-0.018719,-0.997032,0.000000,0.000000,0.000000,0.508240,-0.665933,0.425253,-0.541052,0.483869,0.509261,0.174423,0.062811,0.102646,0.105005,0.974527,0.776343,0.000000,0.000000,-0.000000,-0.000000,0.000000,-0.000000,0.000000,-0.000000,0.000000,-0.000000,0.000000,-0.000000,1.094417,-1.766197,-1.075876,0.831585,0.667692,0.130373,0.988458,0.612373,-0.183753,0.394434,-1.662104,0.378651,1.116012,-1.793606,-1.045891,0.819049,0.689006,0.170701,0.947635,0.674933,-0.393637,0.297446,-1.628321,0.324633
1789159135.480218,-0.001758,-0.001172,0.001609,0.000324,0.002098,-0.001602,0.074684,-0.018733,-0.997031,0.000000,0.000000,0.000000,0.508240,-0.665933,0.425253,-0.541052,0.483869,0.509261,0.174423,0.062811,0.102646,0.105005,0.974527,0.776343,0.000000,0.000000,-0.000000,-0.000000,0.000000,-0.000000,0.000000,-0.000000,0.000000,-0.000000,0.000000,-0.000000,1.116012,-1.793606,-1.045891,0.819049,0.689006,0.170701,0.947635,0.674933,-0.393637,0.297446,-1.628321,0.324633,1.043863,-1.719839,-0.920029,0.683260,0.674621,0.155485,0.880653,0.741757,-0.558635,0.345997,-1.535541,0.217172
1789159135.501174,-0.003261,-0.000497,0.001026,0.000990,0.002232,-0.001336,0.074688,-0.018732,-0.997031,0.000000,0.000000,0.000000,0.508240,-0.665933,0.425253,-0.541052,0.483869,0.509261,0.174423,0.062811,0.102646,0.105005,0.974527,0.776343,0.000000,0.000000,-0.000000,-0.000000,0.000000,-0.000000,0.000000,-0.000000,0.000000,-0.000000,0.000000,-0.000000,1.043863,-1.719839,-0.920029,0.683260,0.674621,0.155485,0.880653,0.741757,-0.558635,0.345997,-1.535541,0.217172,0.919347,-1.581679,-0.769810,0.486737,0.661061,0.089325,0.815930,0.804442,-0.613347,0.517301,-1.421118,0.098449
1789159135.520112,-0.004442,-0.000010,0.000265,0.000990,0.001566,-0.001735,0.074703,-0.018730,-0.997030,0.000000,0.000000,0.000000,0.508240,-0.665933,0.425253,-0.541052,0.483869,0.509261,0.174423,0.062811,0.102646,0.105005,0.974527,0.776343,0.000000,0.000000,-0.000000,-0.000000,0.000000,-0.000000,0.000000,-0.000000,0.000000,-0.000000,0.000000,-0.000000,0.919347,-1.581679,-0.769810,0.486737,0.661061,0.089325,0.815930,0.804442,-0.613347,0.517301,-1.421118,0.098449,0.767910,-1.426766,-0.657538,0.301784,0.673372,-0.006955,0.782747,0.852353,-0.537902,0.740159,-1.348729,0.008478
1789159135.541102,-0.004635,-0.000014,-0.000763,0.000457,0.001965,-0.001602,0.074709,-0.018734,-0.997029,0.000000,0.000000,0.000000,0.508240,-0.665933,0.425253,-0.541052,0.483869,0.509261,0.174423,0.062811,0.102646,0.105005,0.974527,0.776343,0.000000,0.000000,-0.000000,-0.000000,0.000000,-0.000000,0.000000,-0.000000,0.000000,-0.000000,0.000000,-0.000000,0.767910,-1.426766,-0.657538,0.301784,0.673372,-0.006955,0.782747,0.852353,-0.537902,0.740159,-1.348729,0.008478,0.647536,-1.327917,-0.613951,0.192890,0.681483,-0.095621,0.803629,0.847640,-0.369857,0.912901,-1.362197,-0.017043
1789159135.560503,-0.003566,-0.000368,-0.000912,0.000457,0.001965,-0.001469,0.074712,-0.018743,-0.997029,0.000000,0.000000,0.000000,0.508240,-0.665933,0.425253,-0.541052,0.483869,0.509261,0.174423,0.062811,0.102646,0.105005,0.974527,0.776343,0.000000,0.000000,-0.000000,-0.000000,0.000000,-0.000000,0.000000,-0.000000,0.000000,-0.000000,0.000000,-0.000000,0.647536,-1.327917,-0.613951,0.192890,0.681483,-0.095621,0.803629,0.847640,-0.369857,0.912901,-1.362197,-0.017043,0.628703,-1.334984,-0.656031,0.220223,0.651923,-0.121841,0.872705,0.771456,-0.176927,0.946702,-1.450516,0.041936
1789159135.581929,-0.001836,-0.000628,-0.000783,0.001389,0.001699,-0.001203,0.074723,-0.018739,-0.997028,0.000000,0.000000,0.000000,0.508240,-0.665933,0.425253,-0.541052,0.483869,0.509261,0.174423,0.062811,0.102646,0.105005,0.974527,0.776343,0.000000,0.000000,-0.000000,-0.000000,0.000000,-0.000000,0.000000,-0.000000,0.000000,-0.000000,0.000000,-0.000000,0.628703,-1.334984,-0.656031,0.220223,0.651923,-0.121841,0.872705,0.771456,-0.176927,0.946702,-1.450516,0.041936,0.737164,-1.445879,-0.786750,0.402003,0.610956,-0.067155,0.947565,0.664774,-0.037491,0.835763,-1.551444,0.172338
1789159135.600155,0.001412,-0.000108,-0.000808,0.000191,0.002098,-0.001469,0.074729,-0.018745,-0.997028,0.000000,0.000000,0.000000,0.508240,-0.665933,0.425253,-0.541052,0.483869,0.509261,0.174423,0.062811,0.102646,0.105005,0.974527,0.776343,0.000000,0.000000,-0.000000,-0.000000,0.000000,-0.000000,0.000000,-0.000000,0.000000,-0.000000,0.000000,-0.000000,0.737164,-1.445879,-0.786750,0.402003,0.610956,-0.067155,0.947565,0.664774,-0.037491,0.835763,-1.551444,0.172338,0.923508,-1.609968,-0.956649,0.649050,0.615213,0.031681,0.991442,0.598007,-0.023099,0.631067,-1.629202,0.310027
1789159135.619804,0.003994,0.000558,-0.001084,0.000990,0.002232,-0.001602,0.074730,-0.018741,-0.997028,0.000000,0.000000,0.000000,0.508240,-0.665933,0.425253,-0.541052,0.483869,0.509261,0.174423,0.062811,0.102646,0.105005,0.974527,0.776343,0.000000,0.000000,-0.000000,-0.000000,0.000000,-0.000000,0.000000,-0.000000,0.000000,-0.000000,0.000000,-0.000000,0.923508,-1.609968,-0.956649,0.649050,0.615213,0.031681,0.991442,0.598007,-0.023099,0.631067,-1.629202,0.310027,1.077009,-1.749301,-1.067580,0.815961,0.660338,0.121552,0.994328,0.605265,-0.151827,0.423813,-1.664862,0.376229
1789159135.641205,0.004532,0.000917,-0.001033,0.000857,0.002764,-0.001602,0.074720,-0.018736,-0.997029,0.000000,0.000000,0.000000,0.508240,-0.665933,0.425253,-0.541052,0.483869,0.509261,0.174423,0.062811,0.102646,0.105005,0.974527,0.776343,0.000000,0.000000,-0.000000,-0.000000,0.000000,-0.000000,0.000000,-0.000000,0.000000,-0.000000,0.000000,-0.000000,1.077009,-1.749301,-1.067580,0.815961,0.660338,0.121552,0.994328,0.605265,-0.151827,0.423813,-1.664862,0.376229,1.119016,-1.795574,-1.058229,0.829535,0.688280,0.170507,0.959138,0.663462,-0.359326,0.305160,-1.641626,0.337693
1789159135.660856,0.003746,0.002487,-0.000761,0.000990,0.002232,-0.001469,0.074718,-0.018732,-0.997029,0.000000,0.000000,0.000000,0.508240,-0.665933,0.425253,-0.541052,0.483869,0.509261,0.174423,0.062811,0.102646,0.105005,0.974527,0.776343,0.000000,0.000000,-0.000000,-0.000000,0.000000,-0.000000,0.000000,-0.000000,0.000000,-0.000000,0.000000,-0.000000,1.119016,-1.795574,-1.058229,0.829535,0.688280,0.170507,0.959138,0.663462,-0.359326,0.305160,-1.641626,0.337693,1.059412,-1.736618,-0.944350,0.710830,0.678488,0.165496,0.895394,0.731251,-0.538274,0.328002,-1.557971,0.235395
1789159135.679554,0.002512,0.003255,-0.000940,0.000723,0.002365,-0.001069,0.074713,-0.018730,-0.997029,0.000000,0.000000,0.000000,0.508240,-0.665933,0.425253,-0.541052,0.483869,0.509261,0.174423,0.062811,0.102646,0.105005,0.974527,0.776343,0.000000,0.000000,-0.000000,-0.000000,0.000000,-0.000000,0.000000,-0.000000,0.000000,-0.000000,0.000000,-0.000000,1.059412,-1.736618,-0.944350,0.710830,0.678488,0.165496,0.895394,0.731251,-0.538274,0.328002,-1.557971,0.235395,0.941991,-1.606229,-0.792701,0.519278,0.661558,0.107010,0.828035,0.794505,-0.614867,0.482647,-1.442668,0.115726
1789159135.700161,0.000604,0.003958,-0.001485,0.000191,0.001965,-0.001469,0.074716,-0.018745,-0.997029,0.000000,0.000000,0.000000,0.508240,-0.665933,0.425253,-0.541052,0.483869,0.509261,0.174423,0.062811,0.102646,0.105005,0.974527,0.776343,0.000000,0.000000,-0.000000,-0.000000,0.000000,-0.000000,0.000000,-0.000000,0.000000,-0.000000,0.000000,-0.000000,0.941991,-1.606229,-0.792701,0.519278,0.661558,0.107010,0.828035,0.794505,-0.614867,0.482647,-1.442668,0.115726,0.792154,-1.449105,-0.670362,0.327357,0.670091,0.013753,0.787122,0.847167,-0.560829,0.701869,-1.359077,0.017853
