timestamp,obs_0,obs_1,obs_2,obs_3,obs_4,obs_5,obs_6,obs_7,obs_8,obs_9,obs_10,obs_11,obs_12,obs_13,obs_14,obs_15,obs_16,obs_17,obs_18,obs_19,obs_20,obs_21,obs_22,obs_23,obs_24,obs_25,obs_26,obs_27,obs_28,obs_29,obs_30,obs_31,obs_32,obs_33,obs_34,obs_35,obs_36,obs_37,obs_38,obs_39,obs_40,obs_41,obs_42,obs_43,obs_44,obs_45,obs_46,obs_47,action_0,action_1,action_2,action_3,action_4,action_5,action_6,action_7,action_8,action_9,action_10,action_11
1788293473.861359,-0.002369,0.004482,0.002137,0.140527,0.015301,0.002486,0.001142,0.002619,-0.999996,0.000000,0.000000,0.000000,-0.024743,0.024609,-0.023955,0.024743,-0.180144,-0.182806,-0.181191,-0.180403,0.054474,0.054475,0.054216,0.054647,0.000000,0.000000,-0.000000,-0.000000,0.000000,-0.000000,0.000000,-0.000000,0.000000,-0.000000,0.000000,-0.000000,0.000000,0.000000,0.000000,0.000000,0.000000,0.000000,0.000000,0.000000,0.000000,0.000000,0.000000,0.000000,0.279544,0.056315,-0.206027,0.143996,0.089826,0.099467,0.126783,0.225401,0.232995,0.026637,0.197917,-0.110033
1788293473.877248,-0.002446,0.005085,0.000648,0.108037,0.018497,0.003684,0.002130,0.004700,-0.999987,0.000000,0.000000,0.000000,-0.024456,0.024344,-0.023955,0.024303,-0.180144,-0.182339,-0.180946,-0.180403,0.054474,0.054475,0.054216,0.054647,0.021817,0.000000,-0.000000,-0.000000,0.000000,0.087266,0.065450,-0.000000,0.000000,-0.000000,0.000000,-0.000000,0.279544,0.056315,-0.206027,0.143996,0.089826,0.099467,0.126783,0.225401,0.232995,0.026637,0.197917,-0.110033,0.386951,-0.011185,-0.376381,0.320228,0.035081,0.171196,0.141634,0.384232,0.299003,-0.032585,0.223704,-0.066902
1788293473.896971,-0.002441,0.005522,-0.000789,0.065426,0.277356,0.021394,-0.004005,0.006033,-0.999974,0.000000,0.000000,0.000000,-0.006951,0.022305,-0.033213,0.029556,-0.123266,-0.128968,-0.151057,-0.134509,0.052846,0.026577,0.050750,0.016602,1.418080,-0.196350,-0.698132,0.589049,3.512475,4.952373,3.381576,4.297874,0.021817,-1.374447,-0.545415,-3.294309,0.386951,-0.011185,-0.376381,0.320228,0.035081,0.171196,0.141634,0.384232,0.299003,-0.032585,0.223704,-0.066902,0.377122,-0.056108,-0.285162,0.612840,-0.185868,-0.011671,0.045210,0.623164,0.233042,-0.269648,0.112655,-0.079661
1788293473.916869,-0.002075,0.006084,0.001322,0.291528,0.773769,-0.042655,-0.017681,0.010725,-0.999786,0.000000,0.000000,0.000000,0.016785,0.017475,-0.046423,0.043360,-0.054816,-0.048862,-0.072244,-0.042004,0.068385,0.006915,0.054543,-0.004585,1.352630,-0.305433,-0.676315,0.719948,2.268928,3.163409,4.123341,5.039639,0.130900,-0.632682,0.283616,-0.392699,0.377122,-0.056108,-0.285162,0.612840,-0.185868,-0.011671,0.045210,0.623164,0.233042,-0.269648,0.112655,-0.079661,0.353325,-0.113818,-0.378030,0.784812,-0.138747,-0.214824,0.014396,0.745165,0.210157,-0.484427,-0.060081,-0.018958
1788293473.936534,0.000385,0.006991,0.011124,0.018954,0.353123,-0.150513,-0.024420,0.011193,-0.999639,0.000000,0.000000,0.000000,0.030827,0.016046,-0.050315,0.059139,-0.044854,-0.033332,-0.040038,0.016331,0.064884,-0.015349,0.051238,-0.008275,1.396264,-0.109083,-0.458149,1.461713,1.003565,1.308997,2.814344,5.345071,-0.261799,-2.857977,-1.112647,-0.392699,0.353325,-0.113818,-0.378030,0.784812,-0.138747,-0.214824,0.014396,0.745165,0.210157,-0.484427,-0.060081,-0.018958,0.369573,-0.238454,-0.392393,0.912398,0.017869,-0.193918,0.124553,0.805294,0.247153,-0.419533,-0.099329,-0.011293
1788293473.956494,0.003334,0.007056,0.013546,0.103376,0.054449,0.037773,-0.023106,0.014639,-0.999626,0.000000,0.000000,0.000000,0.061965,0.005026,-0.065837,0.103023,-0.039896,-0.029102,-0.007026,0.117822,0.055833,-0.086679,0.012006,-0.004547,0.458149,-0.501782,-0.043633,1.985312,0.785398,-1.156280,0.327250,2.421645,-0.043633,-1.788963,-1.505346,0.174533,0.369573,-0.238454,-0.392393,0.912398,0.017869,-0.193918,0.124553,0.805294,0.247153,-0.419533,-0.099329,-0.011293,0.451899,-0.234861,-0.490795,0.873205,0.164655,0.020779,0.205229,0.783294,0.189909,-0.339750,-0.272951,-0.098446
1788293473.976518,0.004779,0.007458,0.009468,0.104708,0.193866,0.072394,-0.026692,0.016588,-0.999506,0.000000,0.000000,0.000000,0.067326,-0.015171,-0.071572,0.139443,-0.016830,-0.039498,0.000740,0.159707,0.059040,-0.095490,-0.009426,-0.002368,0.021817,-0.829032,-0.370883,1.527163,1.745329,-0.239983,0.589049,1.745330,-0.174533,-0.196350,-0.763582,0.087267,0.451899,-0.234861,-0.490795,0.873205,0.164655,0.020779,0.205229,0.783294,0.189909,-0.339750,-0.272951,-0.098446,0.509214,-0.199565,-0.491848,0.805297,0.225937,0.062801,0.208092,0.735691,0.115191,-0.363853,-0.354597,-0.182947
1788293473.996516,0.004779,0.007458,0.009468,-0.006213,0.264040,0.035909,-0.031816,0.016258,-0.999362,0.000000,0.000000,0.000000,0.077730,-0.031580,-0.082753,0.164314,0.011777,-0.020468,0.021938,0.181306,0.049481,-0.086796,-0.042994,-0.013920,0.589049,-0.567232,-0.349066,0.698132,1.505347,1.112648,0.959931,0.698132,-0.632682,0.283616,-1.396263,-0.239983,0.509214,-0.199565,-0.491848,0.805297,0.225937,0.062801,0.208092,0.735691,0.115191,-0.363853,-0.354597,-0.182947,0.483192,-0.125670,-0.412539,0.618151,0.306801,-0.044168,0.255729,0.550323,0.028881,-0.272154,-0.357966,-0.286279
1788293474.016452,0.005189,0.005721,0.001139,-0.084909,0.138339,0.019131,-0.034388,0.014559,-0.999303,0.000000,0.000000,0.000000,0.094711,-0.040909,-0.092055,0.171555,0.036031,-0.000181,0.035300,0.183763,0.035006,-0.086927,-0.068699,-0.032156,0.676315,-0.414516,-0.283616,0.109083,1.265364,0.894482,0.501782,-0.000000,-0.872665,-0.021817,-1.003564,-0.589049,0.483192,-0.125670,-0.412539,0.618151,0.306801,-0.044168,0.255729,0.550323,0.028881,-0.272154,-0.357966,-0.286279,0.519327,-0.075293,-0.387790,0.348666,0.513048,-0.174481,0.309851,0.323517,-0.063729,-0.167237,-0.301575,-0.424849
1788293474.036494,0.004824,0.003806,0.003711,-0.162541,-0.115194,0.042167,-0.029663,0.011867,-0.999490,0.000000,0.000000,0.000000,0.102972,-0.040805,-0.094815,0.164219,0.058742,-0.002518,0.042241,0.164774,0.014937,-0.072885,-0.079869,-0.056432,0.174533,0.021817,-0.000000,-0.458149,1.767146,-0.152716,0.370883,-1.156281,-1.178097,0.261799,-0.479966,-0.807215,0.519327,-0.075293,-0.387790,0.348666,0.513048,-0.174481,0.309851,0.323517,-0.063729,-0.167237,-0.301575,-0.424849,0.554914,-0.036483,-0.458591,0.157904,0.713850,-0.242557,0.325098,0.187922,-0.135138,-0.075446,-0.249312,-0.541940
1788293474.056399,0.004747,0.001867,0.008503,-0.205018,-0.196154,0.070530,-0.025476,0.008010,-0.999643,0.000000,0.000000,0.000000,0.106612,-0.034342,-0.095202,0.141140,0.090995,-0.018987,0.053100,0.128850,-0.006825,-0.051748,-0.075945,-0.087164,0.043633,0.327249,0.130900,-1.112648,2.290745,-0.676315,0.654499,-1.941679,-1.003564,0.545416,0.196350,-1.047198,0.554914,-0.036483,-0.458591,0.157904,0.713850,-0.242557,0.325098,0.187922,-0.135138,-0.075446,-0.249312,-0.541940,0.557343,-0.002817,-0.526406,0.098604,0.799817,-0.274665,0.328160,0.173337,-0.220870,-0.040088,-0.225361,-0.610323
1788293474.076354,0.005205,0.001042,0.010084,-0.215138,-0.159935,0.036574,-0.022121,0.003630,-0.999749,0.000000,0.000000,0.000000,0.108887,-0.024438,-0.098306,0.109601,0.131885,-0.035963,0.065083,0.089204,-0.026332,-0.030667,-0.066749,-0.116785,0.043633,0.392699,-0.000000,-1.418080,2.225295,-0.741765,0.654499,-1.876229,-1.069014,0.545416,0.327249,-0.850848,0.557343,-0.002817,-0.526406,0.098604,0.799817,-0.274665,0.328160,0.173337,-0.220870,-0.040088,-0.225361,-0.610323,0.533285,-0.020867,-0.576913,0.102201,0.864867,-0.263888,0.336230,0.169462,-0.302454,-0.048204,-0.213690,-0.646043
1788293474.096541,0.005990,0.000520,0.009466,-0.234446,-0.110533,-0.002707,-0.019494,-0.001235,-0.999809,0.000000,0.000000,0.000000,0.112980,-0.015795,-0.106713,0.078477,0.167809,-0.048936,0.072629,0.062997,-0.047008,-0.017498,-0.060054,-0.138596,0.283616,0.327249,-0.370883,-1.461713,1.658063,-0.523599,0.349066,-1.047198,-1.112648,0.327249,0.174533,-0.610865,0.533285,-0.020867,-0.576913,0.102201,0.864867,-0.263888,0.336230,0.169462,-0.302454,-0.048204,-0.213690,-0.646043,0.535771,-0.101188,-0.624037,0.104855,0.934848,-0.176972,0.350443,0.134988,-0.389323,-0.086448,-0.209137,-0.657919
1788293474.116375,0.007901,-0.000214,0.004485,-0.319134,-0.085100,-0.019885,-0.016295,-0.007282,-0.999841,0.000000,0.000000,0.000000,0.120433,-0.011328,-0.117526,0.054116,0.194286,-0.056226,0.076177,0.051900,-0.066736,-0.016315,-0.055023,-0.152545,0.349066,0.152716,-0.458149,-0.959931,1.221731,-0.239983,0.109083,-0.283616,-1.003564,0.043633,0.152716,-0.414516,0.535771,-0.101188,-0.624037,0.104855,0.934848,-0.176972,0.350443,0.134988,-0.389323,-0.086448,-0.209137,-0.657919,0.589194,-0.216814,-0.670294,0.107062,0.961054,-0.014571,0.363261,0.086654,-0.470345,-0.137461,-0.214999,-0.626185
1788293474.136399,0.008813,-0.000598,0.001900,-0.327390,-0.033968,0.004217,-0.014966,-0.013817,-0.999793,0.000000,0.000000,0.000000,0.127068,-0.014135,-0.128434,0.039867,0.215527,-0.052176,0.078920,0.045252,-0.088700,-0.020253,-0.053856,-0.159426,0.174533,-0.174533,-0.479966,-0.632682,0.894481,0.370883,0.109083,-0.261800,-1.112648,-0.021817,0.043633,-0.283616,0.589194,-0.216814,-0.670294,0.107062,0.961054,-0.014571,0.363261,0.086654,-0.470345,-0.137461,-0.214999,-0.626185,0.637088,-0.295309,-0.685519,0.079576,0.954002,0.182174,0.372996,0.050959,-0.514676,-0.176739,-0.225088,-0.587578
1788293474.156337,0.011516,-0.002095,-0.005579,-0.308082,0.019695,0.023392,-0.015132,-0.020093,-0.999684,0.000000,0.000000,0.000000,0.133913,-0.024977,-0.137049,0.031819,0.229506,-0.030978,0.082934,0.036571,-0.108119,-0.028777,-0.054477,-0.157288,0.327249,-0.545415,-0.392699,-0.392699,0.370883,1.199914,0.152717,-0.370883,-0.763582,-0.152716,-0.021817,0.021817,0.637088,-0.295309,-0.685519,0.079576,0.954002,0.182174,0.372996,0.050959,-0.514676,-0.176739,-0.225088,-0.587578,0.665527,-0.346329,-0.690212,0.039106,0.937310,0.374174,0.363985,0.001948,-0.536119,-0.216233,-0.235800,-0.553846
1788293474.176311,0.013379,-0.004306,-0.006901,-0.284780,0.031014,0.007280,-0.015045,-0.026199,-0.999544,0.000000,0.000000,0.000000,0.142754,-0.038307,-0.144470,0.025394,0.233938,0.002210,0.085626,0.027621,-0.119933,-0.037725,-0.055383,-0.151286,0.479966,-0.545415,-0.414516,-0.436332,0.000000,1.679880,0.109083,-0.327249,-0.458149,-0.109083,-0.130900,0.087267,0.665527,-0.346329,-0.690212,0.039106,0.937310,0.374174,0.363985,0.001948,-0.536119,-0.216233,-0.235800,-0.553846,0.678230,-0.384336,-0.673826,-0.010431,0.942990,0.539368,0.315938,-0.067273,-0.538115,-0.249759,-0.227134,-0.522971
1788293474.196297,0.013842,-0.005961,-0.004026,-0.244566,0.017165,-0.001509,-0.013859,-0.031466,-0.999409,0.000000,0.000000,0.000000,0.150873,-0.051479,-0.150600,0.020966,0.232945,0.043324,0.086092,0.016950,-0.128433,-0.047310,-0.056209,-0.143898,0.370883,-0.479966,-0.327249,-0.305433,-0.109083,2.007129,0.021817,-0.479966,-0.349066,-0.130900,-0.065450,0.130900,0.678230,-0.384336,-0.673826,-0.010431,0.942990,0.539368,0.315938,-0.067273,-0.538115,-0.249759,-0.227134,-0.522971,0.701373,-0.398346,-0.635499,-0.087882,0.974122,0.663841,0.230459,-0.160047,-0.524908,-0.275903,-0.205091,-0.493463
1788293474.216330,0.013985,-0.007965,0.001853,-0.227655,0.004648,-0.000044,-0.013481,-0.035883,-0.999265,0.000000,0.000000,0.000000,0.156248,-0.063056,-0.156049,0.015520,0.232776,0.085239,0.084052,0.001681,-0.131954,-0.055516,-0.055064,-0.136178,0.261799,-0.458149,-0.109083,-0.305433,-0.021817,1.963496,-0.021817,-0.829032,-0.021817,-0.087267,0.021817,0.261799,0.701373,-0.398346,-0.635499,-0.087882,0.974122,0.663841,0.230459,-0.160047,-0.524908,-0.275903,-0.205091,-0.493463,0.734442,-0.385270,-0.595218,-0.188805,1.025144,0.735104,0.136164,-0.274766,-0.511819,-0.283313,-0.185001,-0.485987
1788293474.236300,0.013623,-0.008682,0.004649,-0.145496,-0.018654,-0.003772,-0.012615,-0.038713,-0.999171,0.000000,0.000000,0.000000,0.159840,-0.072535,-0.156755,0.007314,0.236703,0.122084,0.074669,-0.016599,-0.131095,-0.061622,-0.052293,-0.128550,0.087267,-0.414516,-0.109083,-0.479966,0.458149,1.723513,-0.501782,-0.829032,0.000000,-0.043633,0.130900,0.218166,0.734442,-0.385270,-0.595218,-0.188805,1.025144,0.735104,0.136164,-0.274766,-0.511819,-0.283313,-0.185001,-0.485987,0.780348,-0.351904,-0.555689,-0.300835,1.118554,0.795956,0.019682,-0.406733,-0.506993,-0.264370,-0.151105,-0.500833
1788293474.256313,0.011959,-0.007876,0.004381,-0.022059,-0.068722,-0.012161,-0.010196,-0.039171,-0.999180,0.000000,0.000000,0.000000,0.164282,-0.078035,-0.154440,-0.005195,0.244808,0.151575,0.061020,-0.039018,-0.130048,-0.064213,-0.048453,-0.124849,0.196350,-0.218166,0.065450,-0.719949,0.698132,1.396264,-0.741765,-1.199914,0.000000,-0.109083,0.327249,0.021817,0.780348,-0.351904,-0.555689,-0.300835,1.118554,0.795956,0.019682,-0.406733,-0.506993,-0.264370,-0.151105,-0.500833,0.812568,-0.309261,-0.543441,-0.405010,1.235666,0.829328,-0.067028,-0.516427,-0.509712,-0.218591,-0.112628,-0.533635
1788293474.276414,0.011096,-0.006730,0.001998,0.109901,-0.092424,-0.020018,-0.007073,-0.037102,-0.999286,0.000000,0.000000,0.000000,0.170672,-0.080885,-0.147979,-0.024110,0.260914,0.175235,0.040662,-0.066095,-0.129980,-0.062860,-0.042863,-0.125558,0.239983,-0.152716,0.305433,-0.938115,1.374447,1.178097,-1.090831,-1.352630,0.021817,0.021817,0.174533,-0.043633,0.812568,-0.309261,-0.543441,-0.405010,1.235666,0.829328,-0.067028,-0.516427,-0.509712,-0.218591,-0.112628,-0.533635,0.826680,-0.271480,-0.544914,-0.475343,1.322990,0.848263,-0.147208,-0.588426,-0.529216,-0.187677,-0.077592,-0.554898
1788293474.296670,0.010138,-0.004973,-0.001500,0.147851,-0.075247,-0.031336,-0.004817,-0.033861,-0.999415,0.000000,0.000000,0.000000,0.179605,-0.080973,-0.143594,-0.048509,0.284476,0.192669,0.017937,-0.094593,-0.130181,-0.057240,-0.034679,-0.129589,0.327249,0.021817,0.152716,-1.178097,1.396264,0.807215,-1.003564,-1.396264,0.000000,0.130900,0.283616,-0.109083,0.826680,-0.271480,-0.544914,-0.475343,1.322990,0.848263,-0.147208,-0.588426,-0.529216,-0.187677,-0.077592,-0.554898,0.833520,-0.258968,-0.549307,-0.527781,1.387394,0.863895,-0.195123,-0.630549,-0.566070,-0.172563,-0.045013,-0.574507
1788293474.317065,0.008913,-0.002480,-0.004447,0.273419,-0.082837,-0.038393,-0.002598,-0.028605,-0.999587,0.000000,0.000000,0.000000,0.188376,-0.079222,-0.139272,-0.074040,0.308191,0.202757,-0.003222,-0.117803,-0.131531,-0.050839,-0.027119,-0.135212,0.349066,0.130900,0.196350,-1.156281,1.178097,0.479966,-0.894481,-1.003564,0.065450,0.087267,0.196350,-0.196350,0.833520,-0.258968,-0.549307,-0.527781,1.387394,0.863895,-0.195123,-0.630549,-0.566070,-0.172563,-0.045013,-0.574507,0.845271,-0.264430,-0.545602,-0.564020,1.418977,0.911090,-0.226730,-0.655923,-0.594189,-0.169636,-0.016126,-0.580583
1788293474.336699,0.006213,0.002188,-0.005222,0.328014,-0.088030,-0.039858,0.000487,-0.021653,-0.999765,0.000000,0.000000,0.000000,0.196431,-0.075371,-0.138227,-0.094474,0.328649,0.208312,-0.021499,-0.134160,-0.138668,-0.047357,-0.019121,-0.138948,0.283616,0.174533,0.043633,-0.829032,0.916298,0.283616,-0.741765,-0.610865,-0.283616,0.174533,0.349066,-0.152716,0.845271,-0.264430,-0.545602,-0.564020,1.418977,0.911090,-0.226730,-0.655923,-0.594189,-0.169636,-0.016126,-0.580583,0.868834,-0.292915,-0.539972,-0.594930,1.436606,0.975047,-0.240215,-0.667965,-0.624956,-0.176645,0.011100,-0.571894
1788293474.356466,0.003606,0.007084,-0.002872,0.377549,-0.079508,-0.018287,0.003324,-0.014295,-0.999892,0.000000,0.000000,0.000000,0.202090,-0.072431,-0.138140,-0.107717,0.341268,0.214088,-0.036313,-0.146636,-0.144360,-0.044853,-0.011128,-0.143034,0.130900,0.152716,-0.000000,-0.610865,0.567232,0.370883,-0.589049,-0.589049,-0.370883,0.043633,0.283616,-0.196350,0.868834,-0.292915,-0.539972,-0.594930,1.436606,0.975047,-0.240215,-0.667965,-0.624956,-0.176645,0.011100,-0.571894,0.898025,-0.313256,-0.529792,-0.623686,1.427650,1.059534,-0.249384,-0.666614,-0.642598,-0.179446,0.033399,-0.558369
1788293474.376493,0.001723,0.010284,-0.000176,0.334938,-0.038229,0.000755,0.005382,-0.007759,-0.999955,0.000000,0.000000,0.000000,0.206072,-0.071540,-0.139138,-0.117251,0.347073,0.225921,-0.045781,-0.155281,-0.152252,-0.045216,-0.003405,-0.143448,0.196350,-0.065450,-0.021817,-0.479966,0.152716,0.610865,-0.436332,-0.349066,-0.349066,-0.043633,0.218166,-0.000000,0.898025,-0.313256,-0.529792,-0.623686,1.427650,1.059534,-0.249384,-0.666614,-0.642598,-0.179446,0.033399,-0.558369,0.921850,-0.344564,-0.530429,-0.638589,1.394670,1.134319,-0.261929,-0.661488,-0.661499,-0.195300,0.046093,-0.538935
1788293474.396395,0.000053,0.013153,0.001965,0.317361,-0.041691,-0.007501,0.007162,-0.001738,-0.999973,0.000000,0.000000,0.000000,0.209271,-0.073405,-0.139321,-0.126504,0.348009,0.242141,-0.051532,-0.158987,-0.157136,-0.045096,0.003607,-0.142286,0.130900,-0.109083,-0.000000,-0.414516,-0.087266,0.872665,-0.261799,-0.065450,-0.152716,-0.130900,0.239983,0.043633,0.921850,-0.344564,-0.530429,-0.638589,1.394670,1.134319,-0.261929,-0.661488,-0.661499,-0.195300,0.046093,-0.538935,0.939040,-0.381188,-0.533277,-0.637263,1.348278,1.210439,-0.271610,-0.656244,-0.666056,-0.217129,0.062987,-0.516549
1788293474.416327,-0.001638,0.016980,0.003051,0.265563,-0.031438,-0.017355,0.008581,0.003545,-0.999957,0.000000,0.000000,0.000000,0.214242,-0.075854,-0.138459,-0.136719,0.345683,0.259908,-0.056583,-0.159983,-0.162238,-0.046929,0.007872,-0.137317,0.327249,-0.043633,0.043633,-0.436332,-0.218166,0.829032,-0.239983,-0.000000,-0.305433,-0.000000,0.305433,0.218166,0.939040,-0.381188,-0.533277,-0.637263,1.348278,1.210439,-0.271610,-0.656244,-0.666056,-0.217129,0.062987,-0.516549,0.932430,-0.422388,-0.531969,-0.643022,1.310687,1.262869,-0.290557,-0.640615,-0.679248,-0.240112,0.079181,-0.475873
1788293474.436579,-0.002319,0.018920,0.001970,0.264764,-0.009600,-0.018020,0.010237,0.008721,-0.999910,0.000000,0.000000,0.000000,0.219713,-0.079494,-0.138216,-0.145070,0.340867,0.279219,-0.061132,-0.159983,-0.164605,-0.051818,0.011900,-0.133224,0.327249,-0.174533,0.043633,-0.414516,-0.305433,0.959931,-0.196350,-0.000000,-0.130900,-0.065450,0.109083,0.043633,0.932430,-0.422388,-0.531969,-0.643022,1.310687,1.262869,-0.290557,-0.640615,-0.679248,-0.240112,0.079181,-0.475873,0.928191,-0.453397,-0.525939,-0.657872,1.269718,1.317818,-0.311694,-0.632018,-0.683388,-0.266985,0.099526,-0.439416
1788293474.456466,-0.002685,0.020185,0.000045,0.143190,0.014236,-0.001509,0.010956,0.011865,-0.999870,0.000000,0.000000,0.000000,0.225298,-0.085996,-0.138140,-0.151705,0.334521,0.296353,-0.065318,-0.158188,-0.166752,-0.055672,0.015420,-0.124500,0.239983,-0.239983,-0.000000,-0.174533,-0.458149,0.763582,-0.218166,0.218166,-0.109083,-0.087267,0.196350,0.239983,0.928191,-0.453397,-0.525939,-0.657872,1.269718,1.317818,-0.311694,-0.632018,-0.683388,-0.266985,0.099526,-0.439416,0.926259,-0.495151,-0.528704,-0.673131,1.217051,1.354318,-0.349765,-0.607586,-0.691103,-0.303748,0.107541,-0.371798
1788293474.476422,-0.002845,0.020607,-0.001959,0.097517,0.010907,0.005682,0.011505,0.013707,-0.999840,0.000000,0.000000,0.000000,0.227921,-0.095036,-0.137442,-0.157955,0.327613,0.310891,-0.069902,-0.156238,-0.169388,-0.061279,0.020471,-0.115002,0.152716,-0.370883,-0.000000,-0.218166,-0.523599,0.610865,-0.218166,0.130900,-0.196350,-0.043633,0.196350,0.283616,0.926259,-0.495151,-0.528704,-0.673131,1.217051,1.354318,-0.349765,-0.607586,-0.691103,-0.303748,0.107541,-0.371798,0.905182,-0.524651,-0.522448,-0.696474,1.186059,1.383665,-0.384694,-0.580547,-0.677408,-0.334158,0.122040,-0.317769
1788293474.496388,-0.003051,0.019364,-0.003044,-0.001153,0.013437,0.010342,0.012120,0.013673,-0.999833,0.000000,0.000000,0.000000,0.229612,-0.104095,-0.136744,-0.163428,0.318870,0.323645,-0.075683,-0.154635,-0.171903,-0.068947,0.023122,-0.101429,0.087267,-0.283616,-0.000000,-0.305433,-0.545415,0.545416,-0.349066,0.196350,-0.021817,-0.218166,0.109083,0.370883,0.905182,-0.524651,-0.522448,-0.696474,1.186059,1.383665,-0.384694,-0.580547,-0.677408,-0.334158,0.122040,-0.317769,0.881751,-0.548905,-0.514981,-0.713424,1.161336,1.404442,-0.438166,-0.554859,-0.658689,-0.374520,0.121769,-0.242819
1788293474.516591,-0.003282,0.018018,-0.002114,-0.057479,0.021693,0.007679,0.012964,0.012913,-0.999833,0.000000,0.000000,0.000000,0.229200,-0.112893,-0.136744,-0.167936,0.310291,0.332560,-0.082946,-0.152590,-0.170888,-0.076449,0.027417,-0.088849,-0.021817,-0.327249,-0.000000,-0.152716,-0.436332,0.305433,-0.283616,0.174533,0.000000,-0.218166,0.130900,0.436332,0.881751,-0.548905,-0.514981,-0.713424,1.161336,1.404442,-0.438166,-0.554859,-0.658689,-0.374520,0.121769,-0.242819,0.853437,-0.574246,-0.507821,-0.726226,1.143262,1.408999,-0.478964,-0.527150,-0.631356,-0.417712,0.123790,-0.178234
1788293474.536333,-0.003492,0.014694,0.000582,-0.127120,0.027551,0.016601,0.013345,0.010283,-0.999858,0.000000,0.000000,0.000000,0.226459,-0.120169,-0.136569,-0.171462,0.302538,0.339291,-0.091449,-0.147665,-0.167220,-0.085645,0.028401,-0.071783,-0.130900,-0.196350,-0.000000,-0.152716,-0.436332,0.174533,-0.501782,0.458149,0.218166,-0.349066,0.196350,0.545415,0.853437,-0.574246,-0.507821,-0.726226,1.143262,1.408999,-0.478964,-0.527150,-0.631356,-0.417712,0.123790,-0.178234,0.843160,-0.596647,-0.492827,-0.724551,1.136477,1.411728,-0.533240,-0.482609,-0.594795,-0.472149,0.106928,-0.098259
1788293474.556377,-0.003313,0.011942,0.002263,-0.171462,0.029948,0.012739,0.013733,0.007164,-0.999880,0.000000,0.000000,0.000000,0.222729,-0.126534,-0.136381,-0.174108,0.296538,0.342727,-0.101495,-0.141733,-0.162156,-0.095702,0.028486,-0.054949,-0.109083,-0.196350,0.021817,-0.065450,-0.218166,0.021817,-0.436332,0.414516,0.152716,-0.239983,0.109083,0.501782,0.843160,-0.596647,-0.492827,-0.724551,1.136477,1.411728,-0.533240,-0.482609,-0.594795,-0.472149,0.106928,-0.098259,0.824262,-0.612289,-0.475605,-0.727861,1.148974,1.394284,-0.569599,-0.443881,-0.565341,-0.515803,0.100324,-0.044110
1788293474.576362,-0.003112,0.009678,0.003139,-0.191569,0.057246,0.006880,0.013465,0.003363,-0.999904,0.000000,0.000000,0.000000,0.218949,-0.132100,-0.135364,-0.175613,0.292993,0.345367,-0.113336,-0.134212,-0.154133,-0.108195,0.027016,-0.036866,-0.196350,-0.283616,0.087266,-0.065450,-0.021817,0.087267,-0.741765,0.545415,0.261799,-0.392699,-0.043633,0.589049,0.824262,-0.612289,-0.475605,-0.727861,1.148974,1.394284,-0.569599,-0.443881,-0.565341,-0.515803,0.100324,-0.044110,0.822774,-0.618999,-0.456167,-0.715969,1.170027,1.377325,-0.605970,-0.419807,-0.528602,-0.556270,0.082571,-0.002512
1788293474.596349,-0.002447,0.005854,0.002189,-0.208214,0.068032,0.013139,0.013454,-0.000326,-0.999909,0.000000,0.000000,0.000000,0.216323,-0.136280,-0.132514,-0.176794,0.291793,0.346357,-0.125687,-0.124512,-0.147067,-0.119698,0.026198,-0.020781,-0.087266,-0.261799,0.218166,-0.087266,0.000000,0.021817,-0.501782,0.610865,0.436332,-0.327249,-0.196350,0.610865,0.822774,-0.618999,-0.456167,-0.715969,1.170027,1.377325,-0.605970,-0.419807,-0.528602,-0.556270,0.082571,-0.002512,0.818600,-0.608029,-0.448935,-0.716092,1.192266,1.335932,-0.633074,-0.396626,-0.508967,-0.575349,0.065766,0.015521
1788293474.616306,-0.001666,0.002470,0.000178,-0.208613,0.076154,0.018465,0.013013,-0.004298,-0.999906,0.000000,0.000000,0.000000,0.214815,-0.141833,-0.127941,-0.176758,0.293688,0.344928,-0.134498,-0.115455,-0.138878,-0.130825,0.024207,-0.008289,-0.065450,-0.196350,0.130900,-0.000000,0.218166,-0.021817,-0.327249,0.392699,0.283616,-0.392699,-0.130900,0.414516,0.818600,-0.608029,-0.448935,-0.716092,1.192266,1.335932,-0.633074,-0.396626,-0.508967,-0.575349,0.065766,0.015521,0.824091,-0.575882,-0.448680,-0.744821,1.232050,1.277370,-0.648512,-0.415673,-0.521342,-0.556583,0.074935,0.000694
1788293474.636332,-0.001186,0.000351,-0.000583,-0.212475,0.074823,0.020063,0.012592,-0.008568,-0.999884,0.000000,0.000000,0.000000,0.213694,-0.144284,-0.122219,-0.177110,0.297722,0.338963,-0.142213,-0.108550,-0.134585,-0.137582,0.019849,-0.001468,-0.043633,-0.174533,0.261799,-0.021817,0.349066,-0.436332,-0.414516,0.327249,0.130900,-0.174533,-0.130900,0.174533,0.824091,-0.575882,-0.448680,-0.744821,1.232050,1.277370,-0.648512,-0.415673,-0.521342,-0.556583,0.074935,0.000694,0.836232,-0.522883,-0.455905,-0.777466,1.281504,1.203370,-0.658619,-0.454045,-0.558187,-0.514519,0.088751,-0.031242
1788293474.656482,-0.000874,-0.001569,-0.000742,-0.167334,0.067898,0.020729,0.012488,-0.012188,-0.999848,0.000000,0.000000,0.000000,0.212437,-0.144696,-0.119972,-0.178444,0.303615,0.331022,-0.149055,-0.105938,-0.133746,-0.136898,0.019969,-0.002095,-0.152716,0.065450,0.043633,-0.065450,0.479966,-0.392699,-0.261799,0.021817,0.021817,-0.000000,0.021817,-0.065450,0.836232,-0.522883,-0.455905,-0.777466,1.281504,1.203370,-0.658619,-0.454045,-0.558187,-0.514519,0.088751,-0.031242,0.873125,-0.454234,-0.464357,-0.831192,1.341419,1.137245,-0.638485,-0.533972,-0.621072,-0.450890,0.125806,-0.117186
1788293474.676321,-0.000709,-0.004403,0.000455,-0.225125,0.063371,0.006214,0.012566,-0.016754,-0.999781,0.000000,0.000000,0.000000,0.211264,-0.141162,-0.119814,-0.182139,0.311971,0.320065,-0.154163,-0.108722,-0.140610,-0.132297,0.021213,-0.005234,-0.109083,0.109083,-0.000000,-0.196350,0.610865,-0.458149,-0.261799,-0.327249,-0.392699,0.043633,0.109083,-0.043633,0.873125,-0.454234,-0.464357,-0.831192,1.341419,1.137245,-0.638485,-0.533972,-0.621072,-0.450890,0.125806,-0.117186,0.916571,-0.392900,-0.482921,-0.864036,1.402771,1.064977,-0.581438,-0.631621,-0.698900,-0.379053,0.162031,-0.212299
1788293474.696343,-0.000855,-0.006189,0.001628,-0.129651,0.063904,0.022859,0.012288,-0.019112,-0.999742,0.000000,0.000000,0.000000,0.211321,-0.133853,-0.120681,-0.187694,0.323822,0.305270,-0.157117,-0.117459,-0.152770,-0.119963,0.027338,-0.019865,0.065450,0.370883,0.065450,-0.196350,0.894481,-0.719948,-0.065450,-0.632682,-0.807215,0.327249,0.392699,-0.414516,0.916571,-0.392900,-0.482921,-0.864036,1.402771,1.064977,-0.581438,-0.631621,-0.698900,-0.379053,0.162031,-0.212299,0.937093,-0.331250,-0.479700,-0.873282,1.432578,1.027876,-0.485200,-0.677777,-0.775473,-0.320150,0.195506,-0.295639
1788293474.716338,-0.001524,-0.008096,0.003129,-0.061873,0.052319,0.013006,0.012593,-0.020524,-0.999710,0.000000,0.000000,0.000000,0.215428,-0.123752,-0.121129,-0.193064,0.335093,0.289055,-0.154439,-0.133658,-0.168606,-0.104879,0.034125,-0.040386,0.196350,0.436332,0.065450,-0.261799,0.479966,-0.763582,0.327249,-0.959931,-0.872665,0.305433,0.436332,-0.654499,0.937093,-0.331250,-0.479700,-0.873282,1.432578,1.027876,-0.485200,-0.677777,-0.775473,-0.320150,0.195506,-0.295639,0.926358,-0.306113,-0.478254,-0.854033,1.429881,1.027115,-0.366526,-0.684921,-0.815312,-0.285501,0.217642,-0.365008
1788293474.736447,-0.002099,-0.008677,0.003449,-0.028717,0.054583,0.031781,0.012292,-0.021539,-0.999692,0.000000,0.000000,0.000000,0.217749,-0.118336,-0.121401,-0.195957,0.340856,0.281507,-0.148570,-0.142660,-0.179814,-0.096084,0.038311,-0.053648,0.283616,0.763582,-0.152716,-0.327249,0.501782,-0.850848,0.632682,-0.741765,-0.981748,0.938115,0.458149,-1.352630,0.926358,-0.306113,-0.478254,-0.854033,1.429881,1.027115,-0.366526,-0.684921,-0.815312,-0.285501,0.217642,-0.365008,0.911720,-0.283303,-0.443072,-0.836535,1.403481,1.045734,-0.272632,-0.645380,-0.867996,-0.266638,0.242580,-0.392761
1788293474.756356,-0.002664,-0.008675,0.002727,-0.019396,0.059376,0.039104,0.012157,-0.022100,-0.999682,0.000000,0.000000,0.000000,0.225003,-0.101957,-0.121693,-0.201133,0.347933,0.269570,-0.123274,-0.160067,-0.199084,-0.079817,0.049296,-0.080147,0.130900,0.545415,-0.000000,-0.109083,0.065450,-0.218166,1.069014,-0.545415,-0.632682,0.283616,0.305433,-0.501782,0.911720,-0.283303,-0.443072,-0.836535,1.403481,1.045734,-0.272632,-0.645380,-0.867996,-0.266638,0.242580,-0.392761,0.895636,-0.344137,-0.479175,-0.769994,1.297152,1.113894,-0.212976,-0.593537,-0.869080,-0.286484,0.227900,-0.367050
1788293474.776268,-0.002601,-0.008164,0.001776,-0.047492,0.057912,0.050423,0.011990,-0.023506,-0.999652,0.000000,0.000000,0.000000,0.226530,-0.093353,-0.120512,-0.202273,0.345628,0.268114,-0.101877,-0.160855,-0.209114,-0.072942,0.055732,-0.090802,0.130900,0.458149,-0.000000,-0.065450,-0.589049,-0.043633,1.069014,-0.000000,-0.218166,0.196350,0.218166,-0.261800,0.895636,-0.344137,-0.479175,-0.769994,1.297152,1.113894,-0.212976,-0.593537,-0.869080,-0.286484,0.227900,-0.367050,0.859999,-0.444390,-0.515655,-0.692758,1.153095,1.222993,-0.207492,-0.489354,-0.850069,-0.339740,0.219798,-0.269556
1788293474.796414,-0.002398,-0.007650,0.001018,-0.063737,0.072159,0.038572,0.011375,-0.025755,-0.999604,0.000000,0.000000,0.000000,0.225497,-0.091455,-0.120338,-0.199164,0.332909,0.273535,-0.081048,-0.154758,-0.213123,-0.074178,0.056793,-0.090548,-0.021817,0.000000,-0.000000,0.087266,-1.199914,0.349066,0.959931,0.436332,-0.087267,-0.021817,0.000000,0.130900,0.859999,-0.444390,-0.515655,-0.692758,1.153095,1.222993,-0.207492,-0.489354,-0.850069,-0.339740,0.219798,-0.269556,0.777896,-0.569461,-0.558095,-0.594802,1.010516,1.337449,-0.255423,-0.347729,-0.752133,-0.433611,0.191995,-0.119382
1788293474.816357,-0.001924,-0.006995,0.000557,-0.101687,0.088538,0.036574,0.010497,-0.028320,-0.999544,0.000000,0.000000,0.000000,0.223244,-0.094695,-0.122296,-0.190508,0.311793,0.287146,-0.068353,-0.142344,-0.211094,-0.080856,0.056310,-0.075364,-0.021817,-0.065450,-0.109083,0.458149,-1.505347,0.719948,0.501782,0.785398,0.152716,-0.109083,0.000000,0.414516,0.777896,-0.569461,-0.558095,-0.594802,1.010516,1.337449,-0.255423,-0.347729,-0.752133,-0.433611,0.191995,-0.119382,0.705850,-0.717656,-0.573273,-0.475761,0.911059,1.460547,-0.365848,-0.157377,-0.591385,-0.631718,0.117007,0.112564
1788293474.836349,-0.001294,-0.006897,0.000723,-0.168266,0.094530,0.021661,0.009310,-0.032975,-0.999413,0.000000,0.000000,0.000000,0.218207,-0.106651,-0.126144,-0.177806,0.285313,0.306656,-0.065697,-0.120053,-0.191764,-0.098291,0.052138,-0.046661,-0.109083,-0.523599,-0.261799,0.654499,-1.548980,0.938115,0.043633,1.418080,1.374447,-0.479966,-0.065450,0.850848,0.705850,-0.717656,-0.573273,-0.475761,0.911059,1.460547,-0.365848,-0.157377,-0.591385,-0.631718,0.117007,0.112564,0.628945,-0.827197,-0.523831,-0.325749,0.804447,1.572113,-0.484232,0.077536,-0.395273,-0.861701,0.003357,0.286295
1788293474.856358,-0.001167,-0.006973,0.001076,-0.223527,0.126088,0.029517,0.007467,-0.038758,-0.999221,0.000000,0.000000,0.000000,0.208248,-0.126995,-0.130739,-0.161822,0.259215,0.332628,-0.074772,-0.086897,-0.158368,-0.135829,0.040329,0.001164,-0.436332,-0.872665,-0.130900,0.872665,-1.439897,1.134464,-0.676315,1.854413,2.203478,-1.112648,-0.501782,1.636246,0.628945,-0.827197,-0.523831,-0.325749,0.804447,1.572113,-0.484232,0.077536,-0.395273,-0.861701,0.003357,0.286295,0.547681,-0.770348,-0.410774,-0.161141,0.664441,1.603736,-0.523793,0.249771,-0.258147,-0.959978,-0.072455,0.321314
1788293474.876318,-0.000679,-0.006912,0.002384,-0.114470,0.107579,0.027387,0.005870,-0.041329,-0.999128,0.000000,0.000000,0.000000,0.195862,-0.149098,-0.130387,-0.138980,0.232749,0.358399,-0.092119,-0.041360,-0.116140,-0.184335,0.017452,0.046512,-0.392699,-0.894481,-0.087266,1.287180,-1.461713,0.959931,-1.025381,2.378011,2.028946,-1.396264,-0.916298,1.439897,0.547681,-0.770348,-0.410774,-0.161141,0.664441,1.603736,-0.523793,0.249771,-0.258147,-0.959978,-0.072455,0.321314,0.552688,-0.685727,-0.325616,-0.032925,0.591016,1.512875,-0.542698,0.330980,-0.215379,-1.022381,-0.106399,0.274609
1788293474.896324,-0.000024,-0.006706,0.003002,0.065959,0.037805,0.044165,0.005984,-0.039842,-0.999188,0.000000,0.000000,0.000000,0.182024,-0.164337,-0.120779,-0.108377,0.204657,0.375321,-0.110004,0.006241,-0.082149,-0.216635,-0.002575,0.067096,-0.523599,-0.610865,0.458149,1.548980,-1.374447,0.523599,-0.850848,2.138029,1.134464,-0.894482,-0.719949,0.676315,0.552688,-0.685727,-0.325616,-0.032925,0.591016,1.512875,-0.542698,0.330980,-0.215379,-1.022381,-0.106399,0.274609,0.590051,-0.625469,-0.299348,0.023039,0.614837,1.352017,-0.571328,0.346415,-0.216288,-1.090369,-0.151173,0.219238
1788293474.916313,0.000089,-0.005311,0.002331,0.223751,-0.051678,0.063073,0.007460,-0.035105,-0.999356,0.000000,0.000000,0.000000,0.171081,-0.168853,-0.106961,-0.073489,0.180547,0.377909,-0.121866,0.042596,-0.065236,-0.237786,-0.015947,0.067211,-0.501782,-0.152716,0.632682,1.614430,-0.872665,-0.000000,-0.567232,1.396264,0.501782,-0.719949,-0.545416,-0.021817,0.590051,-0.625469,-0.299348,0.023039,0.614837,1.352017,-0.571328,0.346415,-0.216288,-1.090369,-0.151173,0.219238,0.630323,-0.570956,-0.298885,0.024358,0.698535,1.183498,-0.571585,0.290515,-0.247023,-1.106573,-0.199031,0.165419
1788293474.936308,-0.000492,-0.001459,0.000249,0.386603,-0.093622,0.076122,0.009963,-0.027417,-0.999574,0.000000,0.000000,0.000000,0.163019,-0.166297,-0.092917,-0.044891,0.170659,0.362866,-0.129393,0.063436,-0.060426,-0.257077,-0.027583,0.059147,-0.327249,0.109083,0.523599,1.199914,-0.065450,-1.069014,-0.327249,0.741765,0.087267,-0.632682,-0.458149,-0.174533,0.630323,-0.570956,-0.298885,0.024358,0.698535,1.183498,-0.571585,0.290515,-0.247023,-1.106573,-0.199031,0.165419,0.678306,-0.508726,-0.327977,-0.003160,0.811529,1.017537,-0.558056,0.181330,-0.300124,-1.078978,-0.241953,0.108461
1788293474.956311,-0.001498,0.001861,-0.000607,0.471691,-0.106539,0.076256,0.012749,-0.017858,-0.999759,0.000000,0.000000,0.000000,0.159545,-0.160647,-0.085581,-0.027456,0.176514,0.333820,-0.133890,0.068235,-0.063654,-0.265608,-0.039948,0.048004,-0.152716,0.196350,0.196350,0.676315,0.850848,-1.570796,-0.196350,0.043634,-0.174533,-0.349066,-0.479966,-0.392699,0.678306,-0.508726,-0.327977,-0.003160,0.811529,1.017537,-0.558056,0.181330,-0.300124,-1.078978,-0.241953,0.108461,0.700168,-0.423699,-0.347400,-0.116774,0.969878,0.837131,-0.534048,0.003426,-0.381443,-0.979920,-0.229612,0.016422
1788293474.976394,-0.002906,0.005368,-0.000460,0.496725,-0.118656,0.018998,0.015989,-0.009157,-0.999830,0.000000,0.000000,0.000000,0.161427,-0.153815,-0.085431,-0.021315,0.192006,0.298172,-0.134144,0.058301,-0.074238,-0.264830,-0.050659,0.035478,0.021817,0.218166,-0.000000,0.130900,1.330814,-1.788963,0.021817,-0.719948,-0.785398,-0.000000,-0.370883,-0.327249,0.700168,-0.423699,-0.347400,-0.116774,0.969878,0.837131,-0.534048,0.003426,-0.381443,-0.979920,-0.229612,0.016422,0.706043,-0.296239,-0.402621,-0.342704,1.197702,0.595941,-0.464971,-0.295353,-0.469671,-0.734072,-0.125339,-0.159753
1788293474.996392,-0.004809,0.008967,0.000513,0.525354,-0.122784,0.024590,0.018614,0.001078,-0.999826,0.000000,0.000000,0.000000,0.166502,-0.141350,-0.087891,-0.025741,0.218590,0.259472,-0.133187,0.033645,-0.090824,-0.251492,-0.053291,0.016498,0.065450,0.479966,-0.021817,-0.261799,2.159845,-1.788963,0.021817,-1.439897,-1.047198,0.218166,-0.130900,-0.632682,0.706043,-0.296239,-0.402621,-0.342704,1.197702,0.595941,-0.464971,-0.295353,-0.469671,-0.734072,-0.125339,-0.159753,0.781080,-0.198703,-0.512020,-0.533597,1.391869,0.410951,-0.326483,-0.594985,-0.571433,-0.463345,-0.012480,-0.371199
1788293475.016342,-0.007394,0.013634,0.001780,0.487404,-0.173783,0.049491,0.022348,0.010734,-0.999693,0.000000,0.000000,0.000000,0.169253,-0.123842,-0.092835,-0.044362,0.257405,0.211565,-0.129516,-0.010765,-0.110383,-0.207543,-0.039664,-0.018812,0.000000,0.719948,-0.174533,-0.829032,2.465278,-2.072579,0.392699,-2.421644,-1.003564,1.330814,0.501782,-1.112648,0.781080,-0.198703,-0.512020,-0.533597,1.391869,0.410951,-0.326483,-0.594985,-0.571433,-0.463345,-0.012480,-0.371199,0.795835,-0.124202,-0.590373,-0.614721,1.404521,0.306206,-0.159927,-0.674123,-0.692896,-0.304856,0.050218,-0.534318
1788293475.036446,-0.009046,0.016775,0.001863,0.438801,-0.178710,0.040702,0.026064,0.018780,-0.999484,0.000000,0.000000,0.000000,0.173464,-0.104335,-0.101742,-0.073312,0.300094,0.164714,-0.114869,-0.071579,-0.134749,-0.149562,-0.018756,-0.065795,0.087267,0.829032,-0.370883,-1.287180,2.007129,-1.898046,0.916298,-3.119776,-1.461713,2.028946,0.872665,-1.614430,0.795835,-0.124202,-0.590373,-0.614721,1.404521,0.306206,-0.159927,-0.674123,-0.692896,-0.304856,0.050218,-0.534318,0.726727,-0.047084,-0.581735,-0.576030,1.383862,0.231775,0.004644,-0.557915,-0.746552,-0.200440,0.056975,-0.612507
1788293475.056430,-0.010636,0.020991,0.000094,0.348520,-0.137565,0.016468,0.029353,0.024825,-0.999261,0.000000,0.000000,0.000000,0.178190,-0.081853,-0.116187,-0.102358,0.327256,0.127198,-0.087323,-0.121891,-0.160299,-0.102343,-0.000271,-0.110156,0.261799,1.069014,-0.567232,-1.156281,0.785398,-1.483530,1.527163,-2.050762,-0.894481,1.374447,0.741765,-1.243547,0.726727,-0.047084,-0.581735,-0.576030,1.383862,0.231775,0.004644,-0.557915,-0.746552,-0.200440,0.056975,-0.612507,0.698125,-0.088254,-0.582161,-0.515093,1.369300,0.282199,0.149494,-0.528543,-0.798201,-0.212748,0.049664,-0.648239
1788293475.076275,-0.010858,0.022988,-0.001251,0.073282,-0.130640,0.031914,0.032614,0.026350,-0.999121,0.000000,0.000000,0.000000,0.183082,-0.061490,-0.128792,-0.120984,0.337125,0.097162,-0.051939,-0.137201,-0.177455,-0.068944,0.008136,-0.137127,0.305433,0.829032,-0.545415,-0.698132,0.196350,-1.178098,1.810779,-0.349066,-0.785398,0.959931,0.392699,-0.785399,0.698125,-0.088254,-0.582161,-0.515093,1.369300,0.282199,0.149494,-0.528543,-0.798201,-0.212748,0.049664,-0.648239,0.732424,-0.212280,-0.612771,-0.448141,1.292494,0.396214,0.238491,-0.501479,-0.863804,-0.255018,0.056035,-0.601862
1788293475.096288,-0.009895,0.023810,-0.002434,-0.064137,-0.090959,0.066136,0.035708,0.024759,-0.999056,0.000000,0.000000,0.000000,0.183633,-0.048856,-0.136597,-0.126504,0.337771,0.084775,-0.015641,-0.134288,-0.194022,-0.060297,0.009748,-0.151209,-0.087266,0.523599,-0.218166,-0.087267,-0.239983,-0.283616,1.767146,0.261799,-0.850848,0.283616,-0.043633,-0.370883,0.732424,-0.212280,-0.612771,-0.448141,1.292494,0.396214,0.238491,-0.501479,-0.863804,-0.255018,0.056035,-0.601862,0.777987,-0.352254,-0.662427,-0.351294,1.158356,0.567363,0.267150,-0.413738,-0.879260,-0.304151,0.048423,-0.501888
1788293475.116802,-0.006695,0.022193,-0.002495,-0.231516,-0.007203,0.060010,0.037156,0.019498,-0.999119,0.000000,0.000000,0.000000,0.183238,-0.047566,-0.140491,-0.123987,0.327150,0.090518,0.016595,-0.128534,-0.207360,-0.063897,0.011281,-0.149284,-0.021817,-0.021817,-0.174533,0.065450,-1.090831,0.436332,1.483530,0.283616,-0.414516,-0.021817,-0.130900,0.021816,0.777987,-0.352254,-0.662427,-0.351294,1.158356,0.567363,0.267150,-0.413738,-0.879260,-0.304151,0.048423,-0.501888,0.753441,-0.520073,-0.734643,-0.244397,1.015868,0.751563,0.261561,-0.309966,-0.881166,-0.364359,0.038474,-0.364213
1788293475.136361,-0.004317,0.019496,-0.001400,-0.351492,0.088005,0.048426,0.036640,0.011316,-0.999264,0.000000,0.000000,0.000000,0.184173,-0.056824,-0.146763,-0.112048,0.307926,0.112188,0.039225,-0.118313,-0.214276,-0.071535,0.011529,-0.133560,0.065450,-0.501782,-0.283616,0.523599,-1.439897,1.156280,0.894481,0.741765,-0.239983,-0.152716,-0.109083,0.436332,0.753441,-0.520073,-0.734643,-0.244397,1.015868,0.751563,0.261561,-0.309966,-0.881166,-0.364359,0.038474,-0.364213,0.680634,-0.682851,-0.810480,-0.118294,0.887584,0.960580,0.181538,-0.179459,-0.794912,-0.480297,-0.005070,-0.141134
1788293475.156333,-0.000808,0.013088,0.000739,-0.499031,0.152321,0.032047,0.034677,0.000689,-0.999398,0.000000,0.000000,0.000000,0.184719,-0.076852,-0.156823,-0.094011,0.282595,0.146085,0.051036,-0.101334,-0.214263,-0.083832,0.010705,-0.105438,0.043633,-0.850848,-0.654499,0.829032,-1.745329,1.658063,0.370883,1.047198,0.218166,-0.370883,-0.021817,0.850848,0.680634,-0.682851,-0.810480,-0.118294,0.887584,0.960580,0.181538,-0.179459,-0.794912,-0.480297,-0.005070,-0.141134,0.622972,-0.849517,-0.810389,-0.005249,0.814571,1.147794,0.061053,-0.006763,-0.591910,-0.682316,-0.105521,0.111798
1788293475.176301,0.001398,0.007451,0.001153,-0.715945,0.175490,0.029251,0.032168,-0.014296,-0.999380,0.000000,0.000000,0.000000,0.183107,-0.103905,-0.171222,-0.074193,0.254907,0.189975,0.051248,-0.077840,-0.198702,-0.106859,0.005033,-0.060089,-0.021817,-1.156281,-0.741765,0.981748,-1.570796,2.050762,-0.152716,1.461713,1.527163,-0.545416,-0.239983,1.505346,0.622972,-0.849517,-0.810389,-0.005249,0.814571,1.147794,0.061053,-0.006763,-0.591910,-0.682316,-0.105521,0.111798,0.550220,-0.886912,-0.696100,0.063385,0.757093,1.276089,-0.066155,0.161989,-0.385891,-0.830765,-0.230397,0.241360
1788293475.196316,0.002498,0.004240,0.000836,-0.722870,0.200657,0.018199,0.028901,-0.028347,-0.999180,0.000000,0.000000,0.000000,0.177478,-0.135702,-0.181408,-0.050778,0.230559,0.236300,0.038818,-0.045969,-0.160310,-0.146972,-0.012453,-0.003535,-0.218166,-1.287180,-0.261799,1.156281,-1.134464,1.963495,-0.719948,1.767146,2.356195,-1.178097,-0.698132,1.919862,0.550220,-0.886912,-0.696100,0.063385,0.757093,1.276089,-0.066155,0.161989,-0.385891,-0.830765,-0.230397,0.241360,0.515242,-0.806061,-0.537196,0.131978,0.692163,1.289226,-0.115876,0.221352,-0.236260,-0.873438,-0.327916,0.231658
1788293475.216367,0.006147,-0.007181,-0.001673,-0.526994,0.151921,0.034843,0.026738,-0.038311,-0.998908,0.000000,0.000000,0.000000,0.168629,-0.163396,-0.179093,-0.027991,0.212481,0.275283,0.018581,-0.007253,-0.114801,-0.184229,-0.039132,0.037736,-0.436332,-1.221731,-0.087266,0.959931,-0.785398,1.636246,-1.112647,2.007129,2.290745,-0.959931,-1.069014,1.308997,0.515242,-0.806061,-0.537196,0.131978,0.692163,1.289226,-0.115876,0.221352,-0.236260,-0.873438,-0.327916,0.231658,0.587079,-0.698389,-0.409580,0.144629,0.695509,1.206362,-0.188839,0.178158,-0.200429,-0.925741,-0.385997,0.153737
1788293475.236313,0.006889,-0.009432,-0.002115,-0.352823,0.029549,0.040170,0.026731,-0.045084,-0.998625,0.000000,0.000000,0.000000,0.159275,-0.179346,-0.162905,-0.006851,0.197357,0.298202,-0.002879,0.023664,-0.077977,-0.203253,-0.064431,0.049165,-0.436332,-0.589049,0.807215,0.916298,-0.501782,0.785398,-0.981748,1.178097,1.156281,-0.632682,-0.981748,0.283616,0.587079,-0.698389,-0.409580,0.144629,0.695509,1.206362,-0.188839,0.178158,-0.200429,-0.925741,-0.385997,0.153737,0.665453,-0.610997,-0.366237,0.065701,0.809544,1.024856,-0.233993,0.011839,-0.219436,-0.902779,-0.416258,0.070689
1788293475.256263,0.008524,-0.014813,-0.002184,-0.059609,-0.075912,0.041235,0.029178,-0.045735,-0.998527,0.000000,0.000000,0.000000,0.156414,-0.182382,-0.138961,0.009182,0.188464,0.302538,-0.021344,0.035794,-0.061634,-0.217584,-0.082653,0.041849,-0.196350,0.065450,1.069014,0.632682,-0.043633,0.021816,-0.872665,0.261800,0.327250,-0.501782,-0.741765,-0.152716,0.665453,-0.610997,-0.366237,0.065701,0.809544,1.024856,-0.233993,0.011839,-0.219436,-0.902779,-0.416258,0.070689,0.732903,-0.473047,-0.377949,-0.145957,1.014669,0.773416,-0.272829,-0.248283,-0.287591,-0.723462,-0.342045,-0.059321
1788293475.276560,0.008357,-0.015683,-0.001334,0.083269,-0.116259,0.033645,0.032308,-0.043847,-0.998516,0.000000,0.000000,0.000000,0.158795,-0.174176,-0.118491,0.013949,0.197532,0.283683,-0.037589,0.024946,-0.059408,-0.218844,-0.093237,0.027133,0.021817,0.305433,0.829032,0.174533,1.374447,-1.112647,-0.698132,-0.829031,-0.043633,-0.239983,-0.392699,-0.458149,0.732903,-0.473047,-0.377949,-0.145957,1.014669,0.773416,-0.272829,-0.248283,-0.287591,-0.723462,-0.342045,-0.059321,0.766616,-0.298740,-0.506987,-0.406281,1.270282,0.487233,-0.299791,-0.543730,-0.389769,-0.421036,-0.205186,-0.231940
1788293475.296408,0.007260,-0.015282,-0.000049,0.134535,-0.132105,0.035909,0.035250,-0.040976,-0.998538,0.000000,0.000000,0.000000,0.163284,-0.160085,-0.109094,0.001702,0.225670,0.245768,-0.051404,-0.010490,-0.071391,-0.192740,-0.087366,0.000776,0.087266,0.545415,0.196350,-0.829032,2.399828,-1.832596,-0.545415,-1.941679,-0.894481,0.567232,0.130900,-0.872665,0.766616,-0.298740,-0.506987,-0.406281,1.270282,0.487233,-0.299791,-0.543730,-0.389769,-0.421036,-0.205186,-0.231940,0.707565,-0.188353,-0.626518,-0.563148,1.381971,0.297395,-0.269006,-0.671380,-0.525819,-0.246012,-0.073475,-0.422423
1788293475.316287,0.004311,-0.013150,0.001249,0.154775,-0.151280,-0.004705,0.038557,-0.037568,-0.998550,0.000000,0.000000,0.000000,0.168915,-0.137911,-0.112312,-0.030620,0.267457,0.191074,-0.061623,-0.065140,-0.092725,-0.137108,-0.065765,-0.036367,0.043633,0.959931,-0.021817,-1.570796,2.465278,-2.378011,-0.458149,-2.879793,-1.418080,1.767146,0.894481,-1.265364,0.707565,-0.188353,-0.626518,-0.563148,1.381971,0.297395,-0.269006,-0.671380,-0.525819,-0.246012,-0.073475,-0.422423,0.591048,-0.090034,-0.628919,-0.587787,1.364388,0.214781,-0.194026,-0.604657,-0.643504,-0.171516,0.019406,-0.538357
1788293475.336388,0.002094,-0.011126,0.000802,0.192193,-0.146752,-0.040391,0.041809,-0.033906,-0.998550,0.000000,0.000000,0.000000,0.171296,-0.111159,-0.126964,-0.069459,0.306266,0.140459,-0.067229,-0.115916,-0.120669,-0.088896,-0.037433,-0.081884,0.065450,1.243547,-0.676315,-1.701696,1.548980,-2.203479,-0.130900,-2.268928,-1.483530,1.483530,1.090831,-1.374447,0.591048,-0.090034,-0.628919,-0.587787,1.364388,0.214781,-0.194026,-0.604657,-0.643504,-0.171516,0.019406,-0.538357,0.537287,-0.066618,-0.568252,-0.579560,1.399886,0.269388,-0.096877,-0.552555,-0.722088,-0.158136,0.061527,-0.600629
1788293475.356339,0.000126,-0.008287,-0.001051,0.149316,-0.139296,-0.036529,0.045002,-0.030029,-0.998535,0.000000,0.000000,0.000000,0.167560,-0.081469,-0.140237,-0.100278,0.327888,0.099913,-0.062659,-0.138403,-0.148406,-0.059773,-0.012900,-0.116256,-0.109083,1.396264,-0.458149,-1.199914,0.741765,-1.658063,0.458149,-0.741765,-1.308997,0.916298,0.981748,-0.829032,0.537287,-0.066618,-0.568252,-0.579560,1.399886,0.269388,-0.096877,-0.552555,-0.722088,-0.158136,0.061527,-0.600629,0.600276,-0.116717,-0.533938,-0.534308,1.378035,0.429759,-0.007511,-0.531594,-0.748244,-0.194659,0.080136,-0.606174
1788293475.376301,-0.001455,-0.003872,-0.004021,0.128676,-0.080706,0.016201,0.046832,-0.026818,-0.998543,0.000000,0.000000,0.000000,0.162089,-0.058395,-0.145050,-0.116962,0.337949,0.082296,-0.048816,-0.138752,-0.168848,-0.049743,0.003860,-0.136363,-0.349066,1.003564,-0.065450,-0.589049,0.305433,-0.414516,0.916298,0.174533,-0.654499,0.261799,0.654499,-0.567232,0.600276,-0.116717,-0.533938,-0.534308,1.378035,0.429759,-0.007511,-0.531594,-0.748244,-0.194659,0.080136,-0.606174,0.728559,-0.194986,-0.542696,-0.462726,1.259208,0.655800,0.064721,-0.476701,-0.744772,-0.240391,0.071293,-0.566761
1788293475.396398,-0.001860,-0.000893,-0.004423,0.128143,0.045927,0.032447,0.046575,-0.025360,-0.998593,0.000000,0.000000,0.000000,0.159441,-0.050413,-0.144677,-0.119263,0.339203,0.086335,-0.038666,-0.136126,-0.176138,-0.051778,0.008731,-0.140227,-0.152716,0.654499,0.087266,-0.196350,0.130900,0.414515,1.047198,0.239983,-0.589049,-0.436332,0.523599,-0.370883,0.728559,-0.194986,-0.542696,-0.462726,1.259208,0.655800,0.064721,-0.476701,-0.744772,-0.240391,0.071293,-0.566761,0.767770,-0.293876,-0.567370,-0.369038,1.107362,0.862195,0.099020,-0.412704,-0.730689,-0.279175,0.048093,-0.485078
1788293475.416374,-0.002445,0.002575,-0.002209,0.188597,0.134477,0.003152,0.044450,-0.022885,-0.998749,0.000000,0.000000,0.000000,0.160824,-0.043391,-0.141715,-0.120294,0.323045,0.123336,-0.011753,-0.127184,-0.182901,-0.058475,0.013590,-0.142101,0.152716,-0.021817,0.065450,-0.000000,-1.352630,1.701696,0.741765,0.458149,-0.087267,-0.065450,-0.021817,0.021817,0.767770,-0.293876,-0.567370,-0.369038,1.107362,0.862195,0.099020,-0.412704,-0.730689,-0.279175,0.048093,-0.485078,0.748785,-0.407466,-0.589392,-0.291243,1.001372,1.037876,0.085856,-0.339848,-0.687411,-0.341778,0.044912,-0.415064
1788293475.436310,-0.003034,0.003897,0.000145,0.173550,0.198526,-0.018686,0.040640,-0.020064,-0.998972,0.000000,0.000000,0.000000,0.168874,-0.049208,-0.141282,-0.110300,0.300157,0.164529,0.003094,-0.117274,-0.181535,-0.065151,0.011191,-0.128086,0.479966,-0.305433,-0.000000,0.545415,-1.505347,2.050762,0.610865,0.610865,0.000000,-0.130900,-0.152716,0.501782,0.748785,-0.407466,-0.589392,-0.291243,1.001372,1.037876,0.085856,-0.339848,-0.687411,-0.341778,0.044912,-0.415064,0.706176,-0.522693,-0.613766,-0.240551,0.894918,1.152129,0.010065,-0.270600,-0.633681,-0.432445,0.029242,-0.279318
1788293475.456346,-0.003708,0.004402,0.002344,0.036531,0.217035,0.003152,0.036848,-0.019689,-0.999127,0.000000,0.000000,0.000000,0.175387,-0.063126,-0.145124,-0.096331,0.275461,0.209504,0.011768,-0.103260,-0.174374,-0.077183,0.010937,-0.111511,0.349066,-0.610865,-0.109083,0.610865,-1.548980,2.007128,0.283616,0.785398,0.458149,-0.218166,-0.130900,0.567232,0.706176,-0.522693,-0.613766,-0.240551,0.894918,1.152129,0.010065,-0.270600,-0.633681,-0.432445,0.029242,-0.279318,0.692767,-0.626267,-0.605716,-0.199283,0.818586,1.263798,-0.113977,-0.186559,-0.540199,-0.586902,-0.020092,-0.110141
1788293475.476465,-0.004507,0.004251,0.003282,-0.007145,0.175490,0.008079,0.034046,-0.020168,-0.999217,0.000000,0.000000,0.000000,0.174885,-0.083100,-0.147139,-0.083231,0.250696,0.247775,0.011578,-0.088787,-0.161755,-0.096109,0.009912,-0.084797,-0.021817,-0.850848,-0.087266,0.610865,-1.461713,1.614429,-0.109083,0.916298,0.872665,-0.501782,-0.043633,0.850848,0.692767,-0.626267,-0.605716,-0.199283,0.818586,1.263798,-0.113977,-0.186559,-0.540199,-0.586902,-0.020092,-0.110141,0.688960,-0.709091,-0.547793,-0.157994,0.768034,1.362705,-0.258077,-0.087693,-0.411184,-0.773855,-0.097587,0.032382
1788293475.496460,-0.004748,0.003647,0.001574,0.010432,0.131015,-0.003639,0.031781,-0.020551,-0.999284,0.000000,0.000000,0.000000,0.173519,-0.105833,-0.146469,-0.074212,0.229054,0.280912,-0.001665,-0.071156,-0.142230,-0.128229,0.001714,-0.048349,-0.021817,-0.938115,-0.087266,0.239983,-1.134464,1.374447,-0.807215,1.134464,1.330814,-0.938115,-0.370883,1.069014,0.688960,-0.709091,-0.547793,-0.157994,0.768034,1.362705,-0.258077,-0.087693,-0.411184,-0.773855,-0.097587,0.032382,0.674184,-0.715797,-0.441105,-0.117797,0.731683,1.428960,-0.377303,-0.012621,-0.317130,-0.901015,-0.150254,0.089043
1788293475.516385,-0.005083,0.002777,-0.000926,0.044787,0.126222,-0.024012,0.029705,-0.019982,-0.999359,0.000000,0.000000,0.000000,0.173723,-0.128702,-0.142304,-0.067043,0.212708,0.308968,-0.024521,-0.049664,-0.115057,-0.168976,-0.012224,-0.011997,0.065450,-0.959931,0.087266,0.305433,-0.632682,1.069014,-1.265364,1.112647,1.352630,-1.069014,-0.632682,1.156281,0.674184,-0.715797,-0.441105,-0.117797,0.731683,1.428960,-0.377303,-0.012621,-0.317130,-0.901015,-0.150254,0.089043,0.678109,-0.691340,-0.367836,-0.086601,0.743767,1.379411,-0.436525,0.005849,-0.285005,-0.962522,-0.187772,0.088768
1788293475.536354,-0.005523,0.002259,-0.001197,0.146253,0.079483,-0.010830,0.028315,-0.017058,-0.999453,0.000000,0.000000,0.000000,0.174748,-0.146013,-0.131451,-0.058695,0.201873,0.329419,-0.053692,-0.028731,-0.092215,-0.202964,-0.027100,0.009208,0.152716,-0.719948,0.501782,0.392699,-0.349066,0.763581,-1.483530,1.025381,0.698132,-1.003565,-0.610865,0.610865,0.678109,-0.691340,-0.367836,-0.086601,0.743767,1.379411,-0.436525,0.005849,-0.285005,-0.962522,-0.187772,0.088768,0.703890,-0.638445,-0.332634,-0.111046,0.826061,1.253556,-0.480540,-0.037131,-0.299571,-0.974546,-0.206336,0.053451
1788293475.556337,-0.006418,0.001962,0.000495,0.169156,0.028350,0.006747,0.028269,-0.013529,-0.999509,0.000000,0.000000,0.000000,0.175188,-0.156403,-0.118980,-0.048379,0.197163,0.337703,-0.079406,-0.013735,-0.080494,-0.223330,-0.039007,0.015941,0.000000,-0.458149,0.501782,0.370883,-0.043633,0.174533,-1.134464,0.654499,0.152716,-0.545416,-0.458149,0.174533,0.703890,-0.638445,-0.332634,-0.111046,0.826061,1.253556,-0.480540,-0.037131,-0.299571,-0.974546,-0.206336,0.053451,0.738011,-0.548508,-0.332546,-0.233935,0.991232,1.069038,-0.509558,-0.161521,-0.343546,-0.911695,-0.189651,-0.013784
1788293475.576390,-0.007194,0.002475,0.002265,0.229077,-0.039427,0.046295,0.030352,-0.008202,-0.999506,0.000000,0.000000,0.000000,0.174307,-0.158915,-0.107583,-0.041929,0.204377,0.328570,-0.096895,-0.010471,-0.080674,-0.232607,-0.045961,0.013252,-0.130900,0.000000,0.501782,0.174533,1.069014,-0.763582,-0.763582,0.021817,-0.130900,-0.414516,-0.349066,-0.021817,0.738011,-0.548508,-0.332546,-0.233935,0.991232,1.069038,-0.509558,-0.161521,-0.343546,-0.911695,-0.189651,-0.013784,0.785989,-0.408602,-0.386057,-0.407402,1.169386,0.849777,-0.510288,-0.377488,-0.417104,-0.710705,-0.135868,-0.112569
1788293475.596515,-0.008447,0.004230,0.004242,0.348387,-0.077910,0.006880,0.032036,-0.001509,-0.999486,0.000000,0.000000,0.000000,0.175190,-0.155176,-0.099718,-0.044462,0.224898,0.302909,-0.109458,-0.022304,-0.085670,-0.226943,-0.045974,0.002543,0.021817,0.109083,0.305433,-0.000000,1.658063,-1.330814,-0.479966,-0.763582,-0.436332,0.021817,0.021817,-0.305433,0.785989,-0.408602,-0.386057,-0.407402,1.169386,0.849777,-0.510288,-0.377488,-0.417104,-0.710705,-0.135868,-0.112569,0.849281,-0.291221,-0.515186,-0.568089,1.366885,0.629442,-0.421418,-0.648007,-0.513353,-0.470294,-0.016616,-0.317259
1788293475.616320,-0.009304,0.005795,0.004403,0.385005,-0.117324,0.012073,0.034568,0.005483,-0.999387,0.000000,0.000000,0.000000,0.178018,-0.141784,-0.097635,-0.060809,0.256957,0.263099,-0.117454,-0.050856,-0.100923,-0.194205,-0.038829,-0.015709,0.043633,0.567232,0.087267,-0.829032,2.203478,-1.767146,-0.283616,-1.658063,-0.807215,0.719949,0.305433,-0.589049,0.849281,-0.291221,-0.515186,-0.568089,1.366885,0.629442,-0.421418,-0.648007,-0.513353,-0.470294,-0.016616,-0.317259,0.842248,-0.212044,-0.607064,-0.651278,1.432028,0.501998,-0.298846,-0.776826,-0.633827,-0.312787,0.064641,-0.482316
1788293475.636362,-0.010032,0.007679,0.003148,0.342661,-0.139162,-0.013759,0.037655,0.011994,-0.999219,0.000000,0.000000,0.000000,0.186017,-0.123550,-0.104987,-0.086569,0.295938,0.216368,-0.116952,-0.096987,-0.120890,-0.145532,-0.019805,-0.056045,0.196350,0.763582,-0.152716,-1.090831,2.050762,-2.094396,0.109083,-2.508911,-1.178097,1.592613,0.807215,-1.418080,0.842248,-0.212044,-0.607064,-0.651278,1.432028,0.501998,-0.298846,-0.776826,-0.633827,-0.312787,0.064641,-0.482316,0.775440,-0.141608,-0.606653,-0.658105,1.439507,0.430224,-0.150974,-0.716147,-0.736946,-0.225583,0.116391,-0.577763
1788293475.656363,-0.010640,0.009466,0.001255,0.271288,-0.117591,-0.017355,0.040408,0.015630,-0.999061,0.000000,0.000000,0.000000,0.193410,-0.103067,-0.119980,-0.112898,0.327684,0.174911,-0.101580,-0.142448,-0.147381,-0.102526,0.001292,-0.098364,0.283616,0.916298,-0.741765,-1.134464,1.308997,-1.745329,0.938115,-2.159845,-1.287180,1.199914,0.872665,-1.374447,0.775440,-0.141608,-0.606653,-0.658105,1.439507,0.430224,-0.150974,-0.716147,-0.736946,-0.225583,0.116391,-0.577763,0.730157,-0.139718,-0.586282,-0.626274,1.441600,0.434434,-0.016098,-0.656660,-0.801564,-0.202033,0.116714,-0.615664
1788293475.676444,-0.010744,0.010946,-0.000799,0.024547,-0.127311,0.010209,0.043253,0.016017,-0.998936,0.000000,0.000000,0.000000,0.197465,-0.082358,-0.134088,-0.133660,0.343392,0.145117,-0.076900,-0.163942,-0.171767,-0.073537,0.016765,-0.127006,0.218166,0.894481,-0.545415,-0.850848,0.414516,-1.156281,1.330814,-0.632682,-1.047198,0.850848,0.545416,-0.785398,0.730157,-0.139718,-0.586282,-0.626274,1.441600,0.434434,-0.016098,-0.656660,-0.801564,-0.202033,0.116714,-0.615664,0.766116,-0.218497,-0.596505,-0.567197,1.382426,0.524937,0.066727,-0.612060,-0.862526,-0.247690,0.124876,-0.588792
1788293475.696304,-0.008969,0.011387,-0.002291,-0.145496,-0.123183,0.040569,0.046412,0.013288,-0.998834,0.000000,0.000000,0.000000,0.196429,-0.067384,-0.141533,-0.142741,0.348271,0.129551,-0.047183,-0.163345,-0.192247,-0.059692,0.022426,-0.142774,-0.174533,0.654499,-0.218166,-0.218166,0.021817,-0.523599,1.527163,0.261799,-0.916298,0.414516,0.196350,-0.479966,0.766116,-0.218497,-0.596505,-0.567197,1.382426,0.524937,0.066727,-0.612060,-0.862526,-0.247690,0.124876,-0.588792,0.816598,-0.332747,-0.625815,-0.476017,1.249126,0.668447,0.117639,-0.524281,-0.888516,-0.296326,0.119424,-0.499639
1788293475.716372,-0.006088,0.010390,-0.001299,-0.224859,-0.070320,0.048692,0.048783,0.008157,-0.998776,0.000000,0.000000,0.000000,0.193044,-0.061531,-0.144726,-0.142724,0.341715,0.130339,-0.020163,-0.155990,-0.206741,-0.062667,0.026915,-0.144037,-0.239983,0.283616,-0.065450,-0.000000,-0.938115,0.196350,1.221731,0.414516,-0.567232,0.065450,0.152716,-0.065450,0.816598,-0.332747,-0.625815,-0.476017,1.249126,0.668447,0.117639,-0.524281,-0.888516,-0.296326,0.119424,-0.499639,0.813475,-0.482591,-0.676401,-0.376636,1.104045,0.851006,0.130784,-0.410330,-0.880459,-0.357119,0.109683,-0.372303
1788293475.736535,-0.003347,0.008259,-0.000123,-0.322597,0.001319,0.026854,0.049723,0.001099,-0.998762,0.000000,0.000000,0.000000,0.193189,-0.064359,-0.147398,-0.135059,0.323992,0.145554,0.000503,-0.146249,-0.214486,-0.069994,0.027030,-0.131062,0.043633,-0.196350,-0.174533,0.523599,-1.396264,0.894481,0.872665,0.698132,-0.152716,-0.174533,-0.021817,0.283616,0.813475,-0.482591,-0.676401,-0.376636,1.104045,0.851006,0.130784,-0.410330,-0.880459,-0.357119,0.109683,-0.372303,0.741284,-0.651503,-0.748924,-0.260141,0.961865,1.031266,0.075168,-0.281388,-0.825414,-0.462962,0.076630,-0.164240
1788293475.756368,-0.000582,0.005225,0.000783,-0.440175,0.073890,0.010476,0.048904,-0.008337,-0.998769,0.000000,0.000000,0.000000,0.194784,-0.077954,-0.153673,-0.121115,0.299767,0.174567,0.014910,-0.128496,-0.214674,-0.082187,0.026498,-0.105806,0.196350,-0.567232,-0.436332,0.654499,-1.570796,1.527163,0.632682,1.156281,-0.043633,-0.305433,-0.087266,0.676315,0.741284,-0.651503,-0.748924,-0.260141,0.961865,1.031266,0.075168,-0.281388,-0.825414,-0.462962,0.076630,-0.164240,0.661337,-0.831328,-0.770323,-0.134994,0.870940,1.189136,-0.032310,-0.095143,-0.647325,-0.660180,-0.002733,0.093515
1788293475.776490,0.003709,-0.000921,0.000385,-0.569205,0.113705,0.011274,0.047594,-0.020063,-0.998665,0.000000,0.000000,0.000000,0.193753,-0.100897,-0.163723,-0.101627,0.271945,0.212411,0.019121,-0.103898,-0.203231,-0.103666,0.023013,-0.064169,-0.021817,-1.025381,-0.567232,0.938115,-1.701696,1.679880,0.065450,1.396264,1.461713,-0.545416,-0.152716,1.330814,0.661337,-0.831328,-0.770323,-0.134994,0.870940,1.189136,-0.032310,-0.095143,-0.647325,-0.660180,-0.002733,0.093515,0.585571,-0.905460,-0.689740,-0.042835,0.802172,1.318347,-0.162122,0.103189,-0.430360,-0.851994,-0.137819,0.255633
1788293475.796442,0.007554,-0.007866,-0.002126,-0.672270,0.135276,0.029650,0.045460,-0.033379,-0.998408,0.000000,0.000000,0.000000,0.189925,-0.131576,-0.172692,-0.079950,0.246635,0.252815,0.010438,-0.070693,-0.171979,-0.142576,0.009143,-0.007907,-0.021817,-1.243547,-0.370883,1.069014,-1.374447,1.745329,-0.698132,1.788963,2.007129,-1.199914,-0.523599,1.919862,0.585571,-0.905460,-0.689740,-0.042835,0.802172,1.318347,-0.162122,0.103189,-0.430360,-0.851994,-0.137819,0.255633,0.515029,-0.829008,-0.540610,0.034282,0.720460,1.371660,-0.231499,0.217724,-0.267795,-0.913707,-0.229224,0.279903
1788293475.816295,0.008627,-0.010031,-0.003209,-0.526462,0.104117,0.025656,0.043856,-0.043787,-0.998078,0.000000,0.000000,0.000000,0.180631,-0.161539,-0.172117,-0.056909,0.224925,0.288662,-0.006189,-0.028055,-0.125897,-0.186075,-0.015385,0.038519,-0.283616,-1.308997,-0.109083,1.112647,-1.069014,1.374447,-0.959931,2.203478,2.247112,-1.243547,-1.025381,1.527163,0.515029,-0.829008,-0.540610,0.034282,0.720460,1.371660,-0.231499,0.217724,-0.267795,-0.913707,-0.229224,0.279903,0.549732,-0.730586,-0.410290,0.094136,0.682546,1.297184,-0.276645,0.231782,-0.203014,-0.964102,-0.286256,0.216480
1788293475.836667,0.010532,-0.013889,-0.004786,-0.296498,0.003583,0.027520,0.044268,-0.049255,-0.997805,0.000000,0.000000,0.000000,0.168108,-0.180205,-0.159209,-0.033805,0.206583,0.312764,-0.028900,0.010937,-0.086079,-0.210032,-0.040768,0.057598,-0.523599,-0.698132,0.589049,1.025381,-0.785398,0.916298,-1.112647,1.701696,1.374447,-0.719949,-0.981748,0.589049,0.549732,-0.730586,-0.410290,0.094136,0.682546,1.297184,-0.276645,0.231782,-0.203014,-0.964102,-0.286256,0.216480,0.629804,-0.646729,-0.345041,0.080780,0.743749,1.142957,-0.325882,0.145750,-0.218369,-0.996692,-0.321483,0.135082
1788293475.856364,0.012508,-0.017931,-0.004149,-0.047891,-0.095220,0.034311,0.046899,-0.049576,-0.997669,0.000000,0.000000,0.000000,0.158893,-0.184506,-0.136984,-0.012719,0.193114,0.320659,-0.047289,0.034556,-0.064322,-0.225795,-0.058691,0.054118,-0.458149,-0.021817,1.025381,0.850848,-0.305433,0.174533,-0.807215,0.763582,0.567232,-0.589049,-0.632682,-0.021817,0.629804,-0.646729,-0.345041,0.080780,0.743749,1.142957,-0.325882,0.145750,-0.218369,-0.996692,-0.321483,0.135082,0.708446,-0.554521,-0.349991,-0.020419,0.884019,0.936215,-0.349593,-0.032808,-0.271936,-0.933840,-0.322514,0.045891
1788293475.876370,0.012426,-0.018037,-0.002474,0.143057,-0.143290,0.030183,0.051143,-0.046171,-0.997623,0.000000,0.000000,0.000000,0.157421,-0.178043,-0.117049,0.001909,0.190228,0.308314,-0.060594,0.038077,-0.060625,-0.237123,-0.070341,0.041088,0.021817,0.283616,0.741765,0.523599,0.501782,-0.959931,-0.567232,-0.130900,0.021817,-0.436333,-0.479966,-0.436332,0.708446,-0.554521,-0.349991,-0.020419,0.884019,0.936215,-0.349593,-0.032808,-0.271936,-0.933840,-0.322514,0.045891,0.753771,-0.414414,-0.402860,-0.240197,1.103841,0.677262,-0.359034,-0.294842,-0.364620,-0.720744,-0.238007,-0.085921
1788293475.896360,0.011441,-0.017078,-0.000742,0.260236,-0.139029,0.021128,0.054164,-0.040942,-0.997692,0.000000,0.000000,0.000000,0.159829,-0.165978,-0.105974,0.003474,0.206389,0.276017,-0.073526,0.019413,-0.068320,-0.232018,-0.074535,0.023176,0.021817,0.414516,0.414516,0.087266,1.658063,-1.679880,-0.676315,-1.199914,-0.654499,-0.000000,-0.174533,-0.567232,0.753771,-0.414414,-0.402860,-0.240197,1.103841,0.677262,-0.359034,-0.294842,-0.364620,-0.720744,-0.238007,-0.085921,0.778118,-0.258260,-0.528037,-0.467409,1.347248,0.441080,-0.329839,-0.584306,-0.473950,-0.435181,-0.101476,-0.283564
1788293475.916340,0.008243,-0.013771,0.001118,0.251714,-0.147951,-0.005237,0.057153,-0.035675,-0.997728,0.000000,0.000000,0.000000,0.165883,-0.149785,-0.104256,-0.014781,0.240104,0.229106,-0.081541,-0.018976,-0.086840,-0.197684,-0.064789,-0.005051,0.196350,0.654499,0.065450,-1.069014,2.465278,-2.050762,-0.196350,-2.007129,-1.047198,0.719949,0.327249,-0.959931,0.778118,-0.258260,-0.528037,-0.467409,1.347248,0.441080,-0.329839,-0.584306,-0.473950,-0.435181,-0.101476,-0.283564,0.716027,-0.166569,-0.627090,-0.575723,1.403682,0.289085,-0.243224,-0.698363,-0.599545,-0.276900,0.007905,-0.473270
1788293475.936340,0.005721,-0.010836,0.000978,0.309505,-0.158337,-0.018952,0.060451,-0.029127,-0.997746,0.000000,0.000000,0.000000,0.169652,-0.139163,-0.110299,-0.034421,0.262234,0.199833,-0.081707,-0.049596,-0.102458,-0.168507,-0.053913,-0.029478,0.545415,1.483530,-0.567232,-1.832596,1.898046,-2.857977,0.000000,-2.574361,-1.243547,3.839725,1.854413,-2.552544,0.716027,-0.166569,-0.627090,-0.575723,1.403682,0.289085,-0.243224,-0.698363,-0.599545,-0.276900,0.007905,-0.473270,0.609105,-0.030532,-0.571214,-0.575706,1.364288,0.153239,-0.038745,-0.545215,-0.711711,-0.196005,0.058616,-0.611226
1788293475.956339,0.002074,-0.005768,-0.001868,0.330544,-0.136766,-0.040391,0.063623,-0.022597,-0.997718,0.000000,0.000000,0.000000,0.175907,-0.101036,-0.127728,-0.083599,0.319241,0.129475,-0.075261,-0.124173,-0.138657,-0.095021,-0.016304,-0.094238,0.065450,1.243547,-0.610865,-1.439897,1.265364,-2.007129,0.589049,-2.203479,-1.505347,1.352630,0.959931,-1.461714,0.609105,-0.030532,-0.571214,-0.575706,1.364288,0.153239,-0.038745,-0.545215,-0.711711,-0.196005,0.058616,-0.611226,0.551553,-0.038912,-0.550935,-0.536421,1.382672,0.239826,0.055492,-0.532232,-0.751280,-0.177797,0.073482,-0.643975
1788293475.976351,0.000209,-0.002238,-0.004628,0.249450,-0.148084,-0.005237,0.066429,-0.017179,-0.997643,0.000000,0.000000,0.000000,0.174050,-0.071605,-0.137218,-0.106989,0.333804,0.088192,-0.053954,-0.138177,-0.164270,-0.065735,0.001395,-0.132161,0.000000,1.265364,-0.327249,-0.894481,0.370883,-1.745329,1.308997,-0.392699,-0.938115,0.829032,0.719949,-0.981748,0.551553,-0.038912,-0.550935,-0.536421,1.382672,0.239826,0.055492,-0.532232,-0.751280,-0.177797,0.073482,-0.643975,0.620600,-0.123091,-0.547896,-0.484155,1.289481,0.421874,0.156801,-0.510931,-0.783369,-0.223425,0.082959,-0.628066
1788293475.996483,-0.001142,0.003356,-0.006833,0.263565,-0.075513,0.036042,0.068046,-0.012546,-0.997603,0.000000,0.000000,0.000000,0.166843,-0.051226,-0.138797,-0.116296,0.336064,0.072026,-0.024005,-0.134291,-0.179746,-0.054649,0.011412,-0.148733,-0.458149,0.981748,-0.000000,-0.305433,-0.196350,-0.239983,1.439897,0.370883,-0.676315,0.370883,0.414516,-0.414516,0.620600,-0.123091,-0.547896,-0.484155,1.289481,0.421874,0.156801,-0.510931,-0.783369,-0.223425,0.082959,-0.628066,0.725491,-0.226698,-0.576909,-0.385378,1.154014,0.661754,0.216605,-0.429663,-0.751950,-0.266226,0.066954,-0.569935
1788293476.016674,-0.001718,0.006181,-0.005708,0.123616,0.063904,0.028718,0.067714,-0.011277,-0.997641,0.000000,0.000000,0.000000,0.161462,-0.040464,-0.138489,-0.117245,0.327458,0.085299,0.002063,-0.128799,-0.190051,-0.057946,0.014973,-0.152139,-0.283616,0.436332,-0.000000,-0.130900,-0.807215,0.872664,1.178097,0.218166,-0.196350,-0.021817,0.239983,-0.130900,0.725491,-0.226698,-0.576909,-0.385378,1.154014,0.661754,0.216605,-0.429663,-0.751950,-0.266226,0.066954,-0.569935,0.742782,-0.352197,-0.614210,-0.278925,1.010268,0.872254,0.224488,-0.350697,-0.747719,-0.327891,0.048675,-0.468274
1788293476.036441,-0.002414,0.007596,-0.002611,0.141326,0.170963,0.006481,0.064140,-0.009008,-0.997900,0.000000,0.000000,0.000000,0.161942,-0.042327,-0.138315,-0.108543,0.307165,0.117544,0.024005,-0.121212,-0.188849,-0.063689,0.015150,-0.145368,0.152716,-0.109083,-0.000000,0.501782,-1.505347,1.767146,0.938115,0.523599,-0.196350,-0.043633,-0.239983,0.218166,0.742782,-0.352197,-0.614210,-0.278925,1.010268,0.872254,0.224488,-0.350697,-0.747719,-0.327891,0.048675,-0.468274,0.696490,-0.482361,-0.652612,-0.183397,0.891093,1.022044,0.172227,-0.262260,-0.694931,-0.410063,0.036038,-0.331231
1788293476.056358,-0.003369,0.007392,0.003329,0.050646,0.253920,-0.033600,0.059379,-0.008897,-0.998196,0.000000,0.000000,0.000000,0.167104,-0.052412,-0.142525,-0.093323,0.280268,0.162571,0.038311,-0.106919,-0.187643,-0.074895,0.013247,-0.126851,0.392699,-0.458149,-0.327249,0.741765,-1.723513,2.159845,0.567232,0.850848,0.000000,-0.261799,-0.239983,0.654499,0.696490,-0.482361,-0.652612,-0.183397,0.891093,1.022044,0.172227,-0.262260,-0.694931,-0.410063,0.036038,-0.331231,0.656382,-0.634921,-0.677740,-0.089609,0.797862,1.142923,0.065433,-0.174307,-0.596975,-0.564241,0.001589,-0.155726
1788293476.076443,-0.003790,0.005686,0.005218,-0.113805,0.250858,-0.021882,0.054787,-0.011773,-0.998429,0.000000,0.000000,0.000000,0.168427,-0.071376,-0.150633,-0.077174,0.251776,0.206659,0.041968,-0.090009,-0.177084,-0.091808,0.011030,-0.098214,-0.021817,-0.850848,-0.392699,0.763582,-1.636246,1.876229,0.043633,1.047198,0.807215,-0.458149,-0.043633,0.807215,0.656382,-0.634921,-0.677740,-0.089609,0.797862,1.142923,0.065433,-0.174307,-0.596975,-0.564241,0.001589,-0.155726,0.647649,-0.748586,-0.633028,-0.028078,0.726612,1.266881,-0.086426,-0.054196,-0.457713,-0.773573,-0.094117,0.035457
1788293476.096333,-0.003898,0.003475,0.004969,-0.186110,0.216370,-0.006436,0.051156,-0.016049,-0.998562,0.000000,0.000000,0.000000,0.165673,-0.097103,-0.157448,-0.061749,0.225931,0.243985,0.033310,-0.070030,-0.155538,-0.122668,0.005952,-0.059825,-0.065450,-1.069014,-0.152716,0.719948,-1.374447,1.505346,-0.763582,1.221731,1.483530,-0.807215,-0.283616,1.199914,0.647649,-0.748586,-0.633028,-0.028078,0.726612,1.266881,-0.086426,-0.054196,-0.457713,-0.773573,-0.094117,0.035457,0.618398,-0.753691,-0.521829,0.023836,0.674353,1.357717,-0.229184,0.059285,-0.330682,-0.914845,-0.185674,0.125838
1788293476.116362,-0.003827,0.000027,0.001376,-0.078917,0.211310,-0.018020,0.047266,-0.018078,-0.998719,0.000000,0.000000,0.000000,0.163728,-0.124598,-0.156038,-0.046418,0.205347,0.277593,0.014738,-0.046005,-0.126213,-0.166948,-0.010211,-0.015264,-0.021817,-1.134464,-0.065450,0.632682,-1.069014,1.287180,-1.069014,1.352630,1.614430,-1.243547,-0.632682,1.483530,0.618398,-0.753691,-0.521829,0.023836,0.674353,1.357717,-0.229184,0.059285,-0.330682,-0.914845,-0.185674,0.125838,0.625883,-0.701546,-0.416853,0.065312,0.653140,1.322145,-0.314628,0.102181,-0.268964,-0.991909,-0.235527,0.111882
1788293476.136338,-0.003940,-0.002085,-0.000885,-0.003417,0.176156,-0.015357,0.043938,-0.018383,-0.998865,0.000000,0.000000,0.000000,0.162880,-0.146371,-0.146302,-0.030713,0.190335,0.304760,-0.012442,-0.018257,-0.096229,-0.204420,-0.031774,0.014354,0.000000,-0.894481,0.501782,0.654499,-0.545416,1.090831,-1.439897,1.396264,1.178097,-1.090831,-0.916298,0.872665,0.625883,-0.701546,-0.416853,0.065312,0.653140,1.322145,-0.314628,0.102181,-0.268964,-0.991909,-0.235527,0.111882,0.660280,-0.639137,-0.355246,0.071434,0.710710,1.179341,-0.362882,0.064558,-0.266534,-1.014664,-0.283495,0.067285
1788293476.156505,-0.004433,-0.004527,-0.001405,0.061032,0.100922,-0.005104,0.042123,-0.017093,-0.998966,0.012786,0.000000,0.000000,0.164211,-0.160134,-0.131415,-0.015673,0.181125,0.317916,-0.041955,0.003107,-0.078890,-0.228710,-0.047799,0.022484,0.043633,-0.567232,0.698132,0.610865,-0.087267,0.305432,-1.396264,0.829032,0.392699,-0.741765,-0.654499,0.283616,0.660280,-0.639137,-0.355246,0.071434,0.710710,1.179341,-0.362882,0.064558,-0.266534,-1.014664,-0.283495,0.067285,0.700178,-0.565885,-0.350509,-0.020999,0.874563,0.977757,-0.403435,-0.067381,-0.308510,-0.988637,-0.297869,0.006312
1788293476.176356,-0.005111,-0.005289,-0.000025,0.160235,0.004249,0.021927,0.042801,-0.013478,-0.998993,0.025364,0.000000,0.000000,0.165239,-0.162438,-0.115549,-0.004020,0.182936,0.310220,-0.063897,0.009958,-0.073003,-0.241239,-0.060417,0.018827,0.000000,-0.087266,0.632682,0.370883,0.894481,-0.719949,-0.894481,0.109083,0.065450,-0.545416,-0.479966,-0.065450,0.700178,-0.565885,-0.350509,-0.020999,0.874563,0.977757,-0.403435,-0.067381,-0.308510,-0.988637,-0.297869,0.006312,0.743686,-0.439454,-0.393210,-0.208728,1.081638,0.728474,-0.419927,-0.288407,-0.380390,-0.820430,-0.249529,-0.088711
1788293476.196621,-0.006050,-0.005109,0.002357,0.253312,-0.053275,0.007812,0.044252,-0.008774,-0.998982,0.030726,0.000000,0.000000,0.166466,-0.157950,-0.106244,-0.001923,0.200744,0.282123,-0.080150,0.000110,-0.078307,-0.242294,-0.067390,0.008404,0.021817,0.087267,0.392699,0.109083,1.614430,-1.548980,-0.676315,-0.763582,-0.414516,-0.021817,-0.239983,-0.327249,0.743686,-0.439454,-0.393210,-0.208728,1.081638,0.728474,-0.419927,-0.288407,-0.380390,-0.820430,-0.249529,-0.088711,0.791170,-0.285934,-0.517664,-0.431486,1.300996,0.468659,-0.382768,-0.582479,-0.488715,-0.540509,-0.109661,-0.282388
1788293476.216345,-0.006595,-0.004750,0.003566,0.284737,-0.076844,0.000356,0.045735,-0.003421,-0.998948,0.043804,0.000000,0.000000,0.168558,-0.146090,-0.104267,-0.015970,0.233502,0.237344,-0.091547,-0.028674,-0.092485,-0.216788,-0.063804,-0.010241,0.021817,0.458149,0.087266,-0.829031,2.312562,-1.985312,-0.436332,-1.592613,-0.894481,0.589049,0.109083,-0.567232,0.791170,-0.285934,-0.517664,-0.431486,1.300996,0.468659,-0.382768,-0.582479,-0.488715,-0.540509,-0.109661,-0.282388,0.776118,-0.207438,-0.644951,-0.545634,1.358372,0.322235,-0.278286,-0.774757,-0.636711,-0.350216,0.010055,-0.496666
1788293476.236349,-0.007671,-0.002583,0.005560,0.304045,-0.129974,-0.020950,0.048609,0.002005,-0.998816,0.048144,0.000000,0.000000,0.174154,-0.126457,-0.112631,-0.045891,0.275010,0.183032,-0.094102,-0.076638,-0.115242,-0.165120,-0.042615,-0.048369,0.239983,0.829032,-0.436332,-1.330814,2.138028,-2.421645,-0.043633,-2.552544,-1.505347,1.876229,0.829032,-1.439897,0.776118,-0.207438,-0.644951,-0.545634,1.358372,0.322235,-0.278286,-0.774757,-0.636711,-0.350216,0.010055,-0.496666,0.682150,-0.119450,-0.644918,-0.577056,1.333368,0.255243,-0.118051,-0.729144,-0.768942,-0.243503,0.088640,-0.631765
1788293476.256337,-0.008164,-0.001075,0.004431,0.250116,-0.123317,-0.053041,0.051191,0.006037,-0.998671,0.057129,0.000000,0.000000,0.178329,-0.104164,-0.128063,-0.079574,0.307092,0.134986,-0.085784,-0.130037,-0.146926,-0.115133,-0.016628,-0.097458,0.152716,1.069014,-0.719948,-1.548980,1.112648,-1.985312,0.676315,-2.552544,-1.701696,1.418080,1.069014,-1.614430,0.682150,-0.119450,-0.644918,-0.577056,1.333368,0.255243,-0.118051,-0.729144,-0.768942,-0.243503,0.088640,-0.631765,0.610507,-0.085834,-0.604398,-0.517570,1.313255,0.296457,0.042666,-0.641809,-0.829219,-0.197069,0.104996,-0.714951
1788293476.276350,-0.008186,0.001068,0.000706,0.010165,-0.117990,-0.010164,0.053615,0.006516,-0.998540,0.067509,0.000000,0.000000,0.179900,-0.079953,-0.143256,-0.104415,0.322800,0.101331,-0.066128,-0.160141,-0.177172,-0.080925,0.006277,-0.136175,0.000000,1.003564,-0.589049,-0.850848,0.349066,-1.243547,1.156281,-0.959931,-1.199914,0.981748,0.916298,-1.112648,0.610507,-0.085834,-0.604398,-0.517570,1.313255,0.296457,0.042666,-0.641809,-0.829219,-0.197069,0.104996,-0.714951,0.666434,-0.152054,-0.579282,-0.455212,1.217213,0.470065,0.163971,-0.616752,-0.919839,-0.248157,0.123032,-0.719057
1788293476.296338,-0.007250,0.001903,-0.001624,-0.086774,-0.104408,0.049091,0.056128,0.005095,-0.998411,0.072814,0.000000,0.000000,0.175899,-0.061406,-0.148882,-0.113613,0.324071,0.087748,-0.035541,-0.161793,-0.199100,-0.061483,0.016729,-0.162677,-0.218166,0.829032,-0.021817,-0.218166,-0.567232,-0.152717,1.636246,0.283616,-1.243547,0.589049,0.458149,-0.676315,0.666434,-0.152054,-0.579282,-0.455212,1.217213,0.470065,0.163971,-0.616752,-0.919839,-0.248157,0.123032,-0.719057,0.730841,-0.271036,-0.590344,-0.334041,1.046814,0.692335,0.256582,-0.506473,-0.935124,-0.292466,0.115877,-0.653028
1788293476.316324,-0.004272,0.002409,-0.002702,-0.194498,-0.032902,0.040170,0.057978,0.000412,-0.998318,0.075076,0.000000,0.000000,0.172965,-0.052128,-0.147488,-0.111903,0.312137,0.098042,-0.003517,-0.154629,-0.217568,-0.063504,0.023632,-0.170978,-0.152716,0.501782,0.109083,0.218166,-1.287180,0.850848,1.505347,0.261799,-0.479966,0.065450,0.327249,-0.239983,0.730841,-0.271036,-0.590344,-0.334041,1.046814,0.692335,0.256582,-0.506473,-0.935124,-0.292466,0.115877,-0.653028,0.715731,-0.454226,-0.669281,-0.173108,0.840696,0.921329,0.273397,-0.376943,-0.951984,-0.371502,0.091067,-0.508357
1788293476.336333,-0.002096,0.001688,-0.001364,-0.227788,0.048990,0.021927,0.057803,-0.005441,-0.998313,0.080592,0.000000,0.000000,0.172660,-0.052815,-0.146169,-0.100100,0.286268,0.128981,0.025382,-0.144027,-0.225684,-0.069986,0.025726,-0.164921,0.065450,-0.065450,-0.000000,0.698132,-2.116212,1.701696,1.287180,0.719948,-0.305433,-0.065450,0.000000,0.152716,0.715731,-0.454226,-0.669281,-0.173108,0.840696,0.921329,0.273397,-0.376943,-0.951984,-0.371502,0.091067,-0.508357,0.622562,-0.657864,-0.761615,0.020896,0.666446,1.113651,0.192417,-0.190417,-0.866579,-0.518663,0.032877,-0.268905
1788293476.356352,0.001313,-0.001305,0.002195,-0.440841,0.113039,-0.024279,0.056704,-0.015271,-0.998274,0.083412,0.000000,0.000000,0.174075,-0.066767,-0.151328,-0.081690,0.249518,0.174248,0.046075,-0.123020,-0.230677,-0.084691,0.023686,-0.140574,0.087266,-0.610865,-0.436332,0.938115,-2.465278,2.138028,0.785398,1.221731,0.130900,-0.414516,-0.130900,0.632682,0.622562,-0.657864,-0.761615,0.020896,0.666446,1.113651,0.192417,-0.190417,-0.866579,-0.518663,0.032877,-0.268905,0.527879,-0.873460,-0.746334,0.167452,0.576788,1.230538,0.018345,0.075711,-0.646451,-0.800054,-0.069221,0.014958
1788293476.376321,0.002549,-0.002791,0.002908,-0.609419,0.112906,-0.000044,0.055324,-0.027859,-0.998080,0.084614,0.000000,0.000000,0.171937,-0.092653,-0.164961,-0.056369,0.208767,0.222163,0.051417,-0.091585,-0.215610,-0.113260,0.015150,-0.093420,-0.065450,-1.178097,-0.567232,1.308997,-2.116212,2.050762,0.065450,1.767146,1.505347,-0.741765,-0.327249,1.505347,0.527879,-0.873460,-0.746334,0.167452,0.576788,1.230538,0.018345,0.075711,-0.646451,-0.800054,-0.069221,0.014958,0.426416,-0.871686,-0.610672,0.233349,0.538472,1.291712,-0.196428,0.328565,-0.420016,-1.009147,-0.208171,0.152627
1788293476.396339,0.006001,-0.008161,0.002398,-0.628461,0.122360,0.010609,0.053314,-0.039716,-0.997788,0.087545,0.000000,0.000000,0.161563,-0.129220,-0.173158,-0.024697,0.176050,0.264871,0.037111,-0.045189,-0.175508,-0.166618,-0.002715,-0.032200,-0.458149,-1.548980,-0.239983,1.418080,-1.330814,1.658063,-0.959931,2.443461,2.290745,-1.810779,-0.698132,2.138029,0.426416,-0.871686,-0.610672,0.233349,0.538472,1.291712,-0.196428,0.328565,-0.420016,-1.009147,-0.208171,0.152627,0.421002,-0.727897,-0.424518,0.317042,0.507930,1.228985,-0.314440,0.448048,-0.280437,-1.072932,-0.301482,0.132848
1788293476.416305,0.009424,-0.013414,-0.000711,-0.391173,0.063238,0.023924,0.052593,-0.046970,-0.997511,0.089044,0.000000,0.000000,0.147123,-0.158803,-0.167901,0.005266,0.157034,0.293162,0.006361,0.012344,-0.125922,-0.219043,-0.031663,0.013141,-0.545415,-1.396264,0.261799,1.418080,-0.523599,0.938114,-1.658063,2.836160,2.247112,-1.439897,-1.199914,1.396264,0.421002,-0.727897,-0.424518,0.317042,0.507930,1.228985,-0.314440,0.448048,-0.280437,-1.072932,-0.301482,0.132848,0.519954,-0.601291,-0.313754,0.377800,0.547241,1.052448,-0.393276,0.453849,-0.260194,-1.137194,-0.379651,0.068290
1788293476.436346,0.011260,-0.015753,-0.002644,-0.066267,-0.062597,-0.015490,0.054023,-0.048063,-0.997382,0.089682,0.000000,0.000000,0.139269,-0.173126,-0.145056,0.030933,0.147072,0.301150,-0.031518,0.062007,-0.089392,-0.246802,-0.057965,0.025560,-0.349066,-0.567232,1.112647,1.090831,-0.065450,0.130900,-1.832596,1.985312,1.003565,-0.894482,-1.069014,0.458149,0.519954,-0.601291,-0.313754,0.377800,0.547241,1.052448,-0.393276,0.453849,-0.260194,-1.137194,-0.379651,0.068290,0.615142,-0.550633,-0.299312,0.364849,0.660809,0.829937,-0.425931,0.334884,-0.295647,-1.188622,-0.422808,0.020569
1788293476.456339,0.012246,-0.016487,-0.003481,0.268226,-0.169123,-0.032135,0.057643,-0.042487,-0.997433,0.091240,0.000000,0.000000,0.140995,-0.171705,-0.117889,0.050963,0.144381,0.286331,-0.062536,0.088083,-0.076292,-0.266625,-0.079877,0.020070,0.021817,0.087267,1.178097,0.785398,0.349066,-1.134464,-1.374447,0.785399,0.239983,-0.654499,-0.850848,-0.109083,0.615142,-0.550633,-0.299312,0.364849,0.660809,0.829937,-0.425931,0.334884,-0.295647,-1.188622,-0.422808,0.020569,0.664570,-0.498736,-0.366474,0.267431,0.839287,0.605175,-0.424096,0.138751,-0.364617,-1.162002,-0.424343,-0.028059
1788293476.476352,0.011566,-0.014935,-0.002407,0.340264,-0.182971,-0.003772,0.062197,-0.035277,-0.997440,0.092037,0.000000,0.000000,0.145528,-0.161579,-0.099895,0.061495,0.157454,0.253129,-0.083175,0.088975,-0.078100,-0.281719,-0.093649,0.011090,0.021817,0.349066,0.698132,0.327249,1.461713,-1.876229,-0.850848,0.021817,-0.283616,-0.545416,-0.501782,-0.283616,0.664570,-0.498736,-0.366474,0.267431,0.839287,0.605175,-0.424096,0.138751,-0.364617,-1.162002,-0.424343,-0.028059,0.684104,-0.369024,-0.422888,0.070469,1.047268,0.362937,-0.410660,-0.113769,-0.448484,-0.993036,-0.363444,-0.122449
1788293476.496407,0.010097,-0.012379,-0.000843,0.321888,-0.179110,0.014337,0.065852,-0.028592,-0.997420,0.092376,0.000000,0.000000,0.150235,-0.149913,-0.096249,0.062654,0.184412,0.207196,-0.092908,0.066258,-0.089810,-0.284656,-0.098490,0.000174,0.043633,0.392699,0.087267,0.174533,2.138028,-2.334378,-0.239983,-1.396264,-0.807215,-0.305433,-0.065450,-0.370883,0.684104,-0.369024,-0.422888,0.070469,1.047268,0.362937,-0.410660,-0.113769,-0.448484,-0.993036,-0.363444,-0.122449,0.707390,-0.209697,-0.550252,-0.216578,1.234823,0.120074,-0.305328,-0.463291,-0.562389,-0.658370,-0.208985,-0.328404
1788293476.516408,0.006875,-0.007514,0.001061,0.365831,-0.197219,0.012207,0.069641,-0.021218,-0.997346,0.097818,0.000000,0.000000,0.154604,-0.134396,-0.099146,0.049169,0.221377,0.155450,-0.095744,0.025448,-0.107571,-0.259363,-0.092247,-0.018570,0.043633,0.676315,-0.065450,-0.872665,2.421644,-2.159845,-0.043633,-2.159845,-1.156281,0.501782,0.196350,-0.698132,0.707390,-0.209697,-0.550252,-0.216578,1.234823,0.120074,-0.305328,-0.463291,-0.562389,-0.658370,-0.208985,-0.328404,0.699355,-0.136549,-0.676925,-0.373250,1.240914,0.025413,-0.152336,-0.699297,-0.726169,-0.412996,-0.047660,-0.583119
1788293476.536479,0.004542,-0.004049,0.001094,0.301382,-0.233305,0.001820,0.074629,-0.014356,-0.997108,0.104437,0.000000,0.000000,0.159681,-0.112852,-0.113051,0.018470,0.260462,0.099212,-0.091828,-0.034003,-0.132887,-0.200763,-0.068983,-0.059176,0.043633,0.872665,-0.610865,-1.352630,1.745329,-2.487095,0.305433,-3.119776,-1.788963,2.378011,0.872665,-1.461713,0.699355,-0.136549,-0.676925,-0.373250,1.240914,0.025413,-0.152336,-0.699297,-0.726169,-0.412996,-0.047660,-0.583119,0.606146,-0.042271,-0.670277,-0.402200,1.141338,0.009758,0.046859,-0.636176,-0.856297,-0.271073,0.018334,-0.742555
1788293476.556382,0.002327,-0.000200,-0.000580,0.291262,-0.211600,-0.007101,0.079213,-0.009189,-0.996815,0.109293,0.000000,0.000000,0.161249,-0.089279,-0.131789,-0.019136,0.284929,0.055887,-0.073144,-0.098656,-0.167310,-0.137555,-0.035202,-0.114598,0.021817,1.112648,-0.829032,-1.701696,0.392699,-1.658063,1.156281,-3.163409,-1.767146,1.832596,1.287180,-1.854413,0.606146,-0.042271,-0.670277,-0.402200,1.141338,0.009758,0.046859,-0.636176,-0.856297,-0.271073,0.018334,-0.742555,0.530996,0.005143,-0.600949,-0.322526,1.097542,0.104164,0.258123,-0.496744,-0.871755,-0.198779,0.014827,-0.831296
1788293476.576399,0.000006,0.005148,-0.004307,0.104841,-0.174183,-0.019219,0.082431,-0.006875,-0.996573,0.165505,0.000000,0.000000,0.159889,-0.063688,-0.148296,-0.051267,0.288450,0.031330,-0.041216,-0.134209,-0.197827,-0.092891,-0.012497,-0.161076,-0.021817,1.112648,-0.589049,-1.221731,-0.479966,-0.763582,1.745329,-1.265364,-0.938115,1.352630,0.894481,-1.418080,0.530996,0.005143,-0.600949,-0.322526,1.097542,0.104164,0.258123,-0.496744,-0.871755,-0.198779,0.014827,-0.831296,0.543227,-0.059066,-0.561519,-0.218420,0.923521,0.360607,0.419352,-0.516261,-0.996742,-0.248729,0.062164,-0.928991
1788293476.596349,-0.000248,0.006516,-0.005222,0.085133,-0.076445,0.026854,0.083238,-0.004566,-0.996519,0.221930,0.000000,0.000000,0.157639,-0.042461,-0.153774,-0.063522,0.280004,0.028551,0.001676,-0.133833,-0.212386,-0.065825,-0.003928,-0.190689,-0.021817,0.981748,-0.109083,-0.370883,-0.981748,0.261799,2.247112,0.523599,-1.287180,0.829032,0.283616,-0.785399,0.543227,-0.059066,-0.561519,-0.218420,0.923521,0.360607,0.419352,-0.516261,-0.996742,-0.248729,0.062164,-0.928991,0.557251,-0.194319,-0.587131,-0.048066,0.622922,0.692830,0.518143,-0.468480,-1.086278,-0.283104,0.084856,-0.935644
1788293476.616409,-0.000120,0.008442,-0.006181,0.134269,0.009841,0.041635,0.084340,-0.002139,-0.996435,0.254512,0.000000,0.000000,0.151536,-0.030852,-0.151784,-0.062175,0.255760,0.054066,0.045145,-0.126082,-0.237039,-0.066308,0.006609,-0.214859,-0.218166,0.523599,0.087266,-0.000000,-2.465278,1.461713,2.007129,0.152716,-1.330814,0.130900,0.414516,-0.698132,0.557251,-0.194319,-0.587131,-0.048066,0.622922,0.692830,0.518143,-0.468480,-1.086278,-0.283104,0.084856,-0.935644,0.495631,-0.382797,-0.649758,0.171850,0.382210,0.981922,0.523228,-0.279013,-1.095511,-0.329459,0.066936,-0.824997
1788293476.636352,0.000842,0.009117,-0.003344,-0.060541,0.077619,0.008345,0.083414,-0.005049,-0.996502,0.360032,0.000000,0.000000,0.146270,-0.031157,-0.150357,-0.047904,0.208500,0.102992,0.082356,-0.121605,-0.258343,-0.070169,0.013719,-0.223550,-0.109083,-0.087267,-0.000000,0.785398,-3.381576,2.225295,1.570796,0.174533,-0.698132,-0.043633,0.152716,-0.218167,0.495631,-0.382797,-0.649758,0.171850,0.382210,0.981922,0.523228,-0.279013,-1.095511,-0.329459,0.066936,-0.824997,0.349301,-0.640015,-0.798748,0.462506,0.151481,1.181467,0.316737,-0.091228,-1.095554,-0.591568,-0.026371,-0.558711
1788293476.656378,0.001274,0.007992,-0.001422,-0.230984,0.181615,-0.022814,0.079845,-0.010440,-0.996753,0.427772,0.000000,0.000000,0.141036,-0.044893,-0.155342,-0.019316,0.152030,0.166285,0.106603,-0.102357,-0.266486,-0.077742,0.014700,-0.211355,-0.043633,-0.610865,-0.392699,1.788963,-3.447026,2.727077,0.938115,1.243547,-0.349066,-0.196350,-0.109083,0.370882,0.349301,-0.640015,-0.798748,0.462506,0.151481,1.181467,0.316737,-0.091228,-1.095554,-0.591568,-0.026371,-0.558711,0.203918,-0.872797,-0.756494,0.607780,0.193723,1.177313,-0.142618,0.301354,-0.879182,-1.049420,-0.182096,-0.198172
1788293476.676356,0.001778,0.005965,0.000091,-0.324727,0.269100,-0.031203,0.075219,-0.019156,-0.996983,0.457862,0.000000,0.000000,0.129190,-0.075573,-0.168062,0.023425,0.100636,0.226791,0.105348,-0.068751,-0.266827,-0.121165,0.003206,-0.165818,-0.414516,-1.374447,-0.567232,1.876229,-2.116212,2.356195,-0.436332,1.941679,0.938114,-1.461714,-0.479966,1.592613,0.203918,-0.872797,-0.756494,0.607780,0.193723,1.177313,-0.142618,0.301354,-0.879182,-1.049420,-0.182096,-0.198172,0.094797,-0.847210,-0.528787,0.669678,0.395814,0.996478,-0.699594,0.648036,-0.615746,-1.468329,-0.372497,-0.007832
1788293476.696321,0.002560,-0.000858,-0.000395,-0.535117,0.271231,-0.052908,0.070345,-0.030798,-0.997047,0.532075,0.000000,0.000000,0.106533,-0.117823,-0.175831,0.067879,0.074175,0.267416,0.062378,-0.010367,-0.230917,-0.202956,-0.023629,-0.093354,-1.134464,-1.963496,-0.305433,2.007129,-0.087267,1.461714,-2.268928,3.097960,2.181662,-3.468842,-1.134464,2.814343,0.094797,-0.847210,-0.528787,0.669678,0.395814,0.996478,-0.699594,0.648036,-0.615746,-1.468329,-0.372497,-0.007832,0.093646,-0.639975,-0.287422,0.770514,0.587317,0.720097,-0.906406,0.842353,-0.483913,-1.639951,-0.575836,-0.013446
1788293476.716344,0.002574,-0.004135,-0.001566,-0.234845,0.144464,-0.040258,0.067868,-0.035639,-0.997058,0.572554,0.000000,0.000000,0.081542,-0.152932,-0.162986,0.105456,0.085746,0.269633,-0.020005,0.066626,-0.177532,-0.301632,-0.063291,-0.034471,-1.221731,-1.570796,0.850848,1.810779,1.919863,-0.501782,-4.188791,3.839725,2.312561,-3.665192,-1.439897,1.898046,0.093646,-0.639975,-0.287422,0.770514,0.587317,0.720097,-0.906406,0.842353,-0.483913,-1.639951,-0.575836,-0.013446,0.222975,-0.431872,-0.133456,0.862588,0.746367,0.429698,-0.861701,0.852590,-0.510692,-1.700454,-0.758679,-0.059349
1788293476.736537,0.002148,-0.006610,-0.002115,0.268226,0.071760,-0.015224,0.066372,-0.030285,-0.997335,0.589810,0.000000,0.000000,0.071400,-0.163671,-0.145280,0.124870,0.097112,0.251640,-0.073234,0.107535,-0.153615,-0.341521,-0.088604,-0.021954,-0.938115,-0.458149,1.854413,1.723513,1.047198,-1.374447,-5.388704,3.730642,2.050762,-3.839725,-3.337943,1.047198,0.222975,-0.431872,-0.133456,0.862588,0.746367,0.429698,-0.861701,0.852590,-0.510692,-1.700454,-0.758679,-0.059349,0.328785,-0.308005,-0.117162,0.891085,0.789975,0.205255,-0.679866,0.690537,-0.561354,-1.688637,-0.850653,-0.072929
1788293476.756397,0.000423,-0.007628,-0.001213,0.595395,-0.024780,-0.013493,0.066667,-0.018268,-0.997608,0.619320,0.000000,0.000000,0.060604,-0.157355,-0.090768,0.163270,0.153860,0.179620,-0.172855,0.179871,-0.135840,-0.402210,-0.159838,-0.014318,0.000000,0.458149,1.636246,0.959931,1.723513,-2.770710,-1.963496,1.548980,0.109083,-1.243548,-1.767146,-0.021817,0.328785,-0.308005,-0.117162,0.891085,0.789975,0.205255,-0.679866,0.690537,-0.561354,-1.688637,-0.850653,-0.072929,0.325136,-0.252664,-0.382343,0.854554,0.975143,-0.084353,-0.832096,0.456981,-0.629409,-1.905332,-0.939777,-0.078202
1788293476.776483,-0.001283,-0.005943,0.000364,0.718300,-0.108270,0.026188,0.069248,-0.004034,-0.997591,0.653412,0.000000,0.000000,0.065714,-0.133556,-0.071488,0.180360,0.180108,0.119998,-0.181085,0.183899,-0.141190,-0.413023,-0.192208,-0.015867,0.261799,1.112647,0.458149,0.719949,1.592613,-2.814344,0.043633,-0.000000,-0.370883,-0.501783,-1.047198,-0.174533,0.325136,-0.252664,-0.382343,0.854554,0.975143,-0.084353,-0.832096,0.456981,-0.629409,-1.905332,-0.939777,-0.078202,0.261067,-0.074897,-0.550980,0.645991,1.094728,-0.409729,-0.863529,0.145269,-0.687953,-1.789589,-0.881878,-0.160078
1788293476.796542,-0.003225,-0.003337,0.002007,0.283805,-0.082970,0.024857,0.072813,0.001247,-0.997345,0.662583,0.000000,0.000000,0.067362,-0.121442,-0.075003,0.184137,0.194014,0.087750,-0.180021,0.168796,-0.149374,-0.435496,-0.203463,-0.017023,0.174533,1.374447,-0.501782,0.239983,1.112648,-2.639811,-0.261799,-1.112648,-0.719948,-2.356195,-1.483530,-0.065450,0.261067,-0.074897,-0.550980,0.645991,1.094728,-0.409729,-0.863529,0.145269,-0.687953,-1.789589,-0.881878,-0.160078,0.341361,0.089035,-0.619187,0.405823,0.974666,-0.630110,-0.765519,-0.324790,-0.864012,-1.347067,-0.639423,-0.454148
1788293476.816386,-0.006729,0.000325,0.002484,0.311236,-0.129442,0.032713,0.075284,0.006612,-0.997140,0.684951,0.000000,0.000000,0.065038,-0.087021,-0.098199,0.178362,0.236373,-0.011886,-0.191786,0.104552,-0.168726,-0.445616,-0.217191,-0.031561,-0.087267,0.872665,-0.959931,-0.392699,0.938115,-3.316126,-0.807215,-2.617994,-1.308997,0.021816,0.087266,-0.501782,0.341361,0.089035,-0.619187,0.405823,0.974666,-0.630110,-0.765519,-0.324790,-0.864012,-1.347067,-0.639423,-0.454148,0.423239,0.209524,-0.804406,0.276424,0.602862,-0.587430,-0.392336,-0.889400,-1.351073,-0.888904,-0.259331,-1.009027
1788293476.836344,-0.009953,0.003233,0.000541,0.329478,-0.288566,-0.031203,0.081525,0.012547,-0.996592,0.696384,0.000000,0.000000,0.067697,-0.059189,-0.119277,0.153837,0.239119,-0.080507,-0.194988,0.030018,-0.204061,-0.384505,-0.185420,-0.081622,0.043633,1.308997,-1.134464,-1.025381,-1.308997,-2.792527,-0.109083,-3.752458,-2.203478,3.054327,1.570796,-1.963496,0.423239,0.209524,-0.804406,0.276424,0.602862,-0.587430,-0.392336,-0.889400,-1.351073,-0.888904,-0.259331,-1.009027,0.334087,0.375894,-0.701396,0.257301,0.241864,-0.290893,0.231000,-0.927375,-1.681569,-0.427824,0.031154,-1.507231
1788293476.856356,-0.011464,0.004544,-0.001421,0.118556,-0.259005,-0.009099,0.087512,0.012808,-0.996081,0.701258,0.000000,0.000000,0.079404,-0.023194,-0.146766,0.119972,0.206695,-0.117710,-0.165194,-0.070559,-0.293511,-0.283334,-0.118984,-0.179756,0.567232,1.701696,-1.047198,-1.505347,-3.010693,-0.981748,1.527163,-4.777840,-4.952373,3.817909,3.425209,-4.603307,0.334087,0.375894,-0.701396,0.257301,0.241864,-0.290893,0.231000,-0.927375,-1.681569,-0.427824,0.031154,-1.507231,0.248763,0.449018,-0.390998,0.519274,0.321337,-0.020094,0.651319,-0.456010,-1.619556,-0.096770,0.008223,-1.625601
1788293476.876381,-0.012419,0.004968,-0.002704,-0.032845,-0.222653,0.120464,0.091428,0.013273,-0.995723,0.713145,0.000000,0.000000,0.087084,0.015070,-0.163529,0.095431,0.149647,-0.101822,-0.090254,-0.150272,-0.374110,-0.172145,-0.043806,-0.303811,0.436332,1.767146,-0.501782,-0.676315,-2.967060,0.872664,3.861541,-3.054327,-1.963496,4.145158,2.945243,-4.581490,0.248763,0.449018,-0.390998,0.519274,0.321337,-0.020094,0.651319,-0.456010,-1.619556,-0.096770,0.008223,-1.625601,0.208549,0.355574,-0.268843,0.756700,0.009023,0.444727,0.964242,-0.292190,-1.810466,-0.043448,0.036308,-1.718765
1788293476.896401,-0.011823,0.004766,-0.002290,-0.326991,0.126887,0.052953,0.088507,0.006871,-0.996052,0.719221,0.000000,0.000000,0.088644,0.045804,-0.155692,0.102527,0.109785,-0.056932,0.020255,-0.162952,-0.398079,-0.075964,-0.015802,-0.373262,-0.261799,1.265364,0.698132,0.763582,-2.465277,2.181661,5.345071,-0.109084,-1.919863,3.119777,0.938114,-2.007129,0.208549,0.355574,-0.268843,0.756700,0.009023,0.444727,0.964242,-0.292190,-1.810466,-0.043448,0.036308,-1.718765,-0.046395,-0.040622,-0.530618,1.147710,-0.476722,0.987556,0.916916,-0.164327,-1.922695,-0.091840,0.093601,-1.552936
1788293476.916400,-0.010091,0.004521,-0.000284,-0.074789,0.201989,0.108480,0.086561,0.002044,-0.996244,0.721811,0.000000,0.000000,0.078164,0.061253,-0.134821,0.131178,0.064008,0.019683,0.123211,-0.124408,-0.434354,-0.034431,-0.001264,-0.407879,-0.458149,0.654498,0.916298,1.614430,-3.665191,3.185226,4.428773,2.116211,-1.919863,1.287181,0.567232,-0.850849,-0.046395,-0.040622,-0.530618,1.147710,-0.476722,0.987556,0.916916,-0.164327,-1.922695,-0.091840,0.093601,-1.552936,-0.219456,-0.488352,-0.827315,1.453528,-0.512732,1.230933,0.518890,0.347479,-1.677169,-0.404534,-0.115543,-0.957676
1788293476.936332,-0.003739,0.002071,0.003480,-0.696904,0.167234,-0.038127,0.084899,-0.013536,-0.996298,0.728128,0.000000,0.000000,0.050219,0.048735,-0.128699,0.173049,-0.011237,0.118321,0.183763,-0.081795,-0.457218,-0.030416,0.014141,-0.393382,-1.047198,-0.676315,0.152716,1.832596,-4.188790,3.970624,2.007129,1.898045,0.283616,0.130900,0.414516,0.305432,-0.219456,-0.488352,-0.827315,1.453528,-0.512732,1.230933,0.518890,0.347479,-1.677169,-0.404534,-0.115543,-0.957676,-0.394586,-0.850158,-0.726838,1.405856,-0.124389,1.024491,-0.099032,0.973191,-1.259293,-0.980361,-0.328021,-0.430229
1788293476.956322,0.001051,-0.001774,0.003272,-1.208630,0.452059,-0.123348,0.076499,-0.038485,-0.996327,0.731357,0.000000,0.000000,0.019411,0.004963,-0.143191,0.220817,-0.062547,0.207567,0.186149,-0.017062,-0.427354,-0.075585,-0.007558,-0.311441,-1.352630,-2.138029,-0.676315,1.810779,-0.479966,3.207043,-0.261799,3.163409,2.007129,-1.592613,-0.916298,4.886921,-0.394586,-0.850158,-0.726838,1.405856,-0.124389,1.024491,-0.099032,0.973191,-1.259293,-0.980361,-0.328021,-0.430229,-0.492841,-0.736219,-0.371916,1.241163,0.393825,0.722620,-0.631789,1.396587,-0.837331,-1.531583,-0.703998,-0.267585
1788293476.976351,0.007968,-0.011569,-0.000057,-1.129135,0.547667,-0.165559,0.066418,-0.061053,-0.995922,0.732734,0.000000,0.000000,-0.017715,-0.058782,-0.152531,0.259639,-0.052383,0.259633,0.127988,0.085138,-0.349152,-0.169184,-0.048459,-0.184212,-1.636246,-2.967060,-0.283616,1.679879,2.421644,2.967060,-3.381576,5.126904,4.363324,-4.712389,-1.614430,4.646939,-0.492841,-0.736219,-0.371916,1.241163,0.393825,0.722620,-0.631789,1.396587,-0.837331,-1.531583,-0.703998,-0.267585,-0.294341,-0.395841,0.072740,1.127287,0.650228,0.406565,-0.757035,1.419013,-0.656590,-1.635079,-0.892450,-0.249122
1788293476.996282,0.010612,-0.017499,-0.000942,-0.481188,0.362311,-0.012295,0.059477,-0.070783,-0.995717,0.736091,0.000000,0.000000,-0.053601,-0.112214,-0.130725,0.282064,0.015156,0.262870,0.023729,0.208489,-0.252883,-0.296683,-0.117326,-0.107061,-1.745329,-2.356195,1.548980,0.719948,4.930555,-1.003564,-4.974189,5.519604,4.276057,-4.843288,-3.316126,2.596177,-0.294341,-0.395841,0.072740,1.127287,0.650228,0.406565,-0.757035,1.419013,-0.656590,-1.635079,-0.892450,-0.249122,-0.033995,-0.162496,0.247638,1.105470,0.754655,0.123968,-0.622080,1.253720,-0.661097,-1.623469,-1.062268,-0.309864
1788293477.016323,0.011448,-0.022678,0.001257,0.391930,0.025421,0.064405,0.058825,-0.062956,-0.996281,0.737807,0.000000,0.000000,-0.066884,-0.136965,-0.070904,0.288151,0.093030,0.205296,-0.081896,0.293244,-0.192969,-0.366659,-0.184082,-0.075876,-0.392699,-0.370883,3.032510,0.043633,4.145157,-3.185226,-4.385140,3.359759,1.745330,-2.247112,-2.399828,0.981748,-0.033995,-0.162496,0.247638,1.105470,0.754655,0.123968,-0.622080,1.253720,-0.661097,-1.623469,-1.062268,-0.309864,0.125485,-0.082342,-0.004350,1.102655,0.853842,-0.140420,-0.669277,0.989759,-0.721337,-1.814849,-1.154891,-0.246233
1788293477.036476,0.010281,-0.022701,0.003863,0.736010,-0.252347,-0.007900,0.063594,-0.049256,-0.996760,0.738538,0.000000,0.000000,-0.055529,-0.125525,-0.015648,0.285555,0.150389,0.127010,-0.133216,0.316588,-0.176653,-0.389368,-0.236542,-0.076637,0.632682,1.069014,2.312562,-0.458149,2.617994,-3.665192,-1.352631,0.218166,0.174534,-1.047198,-1.832596,-0.043633,0.125485,-0.082342,-0.004350,1.102655,0.853842,-0.140420,-0.669277,0.989759,-0.721337,-1.814849,-1.154891,-0.246233,0.136373,-0.036618,-0.295186,0.990984,0.968693,-0.401609,-0.683389,0.640566,-0.779852,-1.871641,-1.153548,-0.192765
1788293477.056429,0.007819,-0.017676,0.006469,0.575022,-0.292294,-0.024945,0.069316,-0.037766,-0.996880,0.740323,0.000000,0.000000,-0.030358,-0.095429,0.002793,0.269473,0.187013,0.056703,-0.144057,0.291736,-0.180586,-0.429969,-0.266098,-0.067237,1.221731,1.548980,0.523599,-0.785398,1.767146,-3.359759,-0.196350,-1.788963,-0.130900,-1.374447,-1.112648,0.065450,0.136373,-0.036618,-0.295186,0.990984,0.968693,-0.401609,-0.683389,0.640566,-0.779852,-1.871641,-1.153548,-0.192765,0.177318,0.153512,-0.434203,0.742094,0.952450,-0.667155,-0.599776,0.203281,-0.918296,-1.580920,-1.001979,-0.378372
1788293477.076375,0.005729,-0.013357,0.005370,0.345990,-0.206807,0.026588,0.073497,-0.030596,-0.996826,0.741235,0.000000,0.000000,-0.008849,-0.067937,-0.011473,0.250127,0.216114,-0.012843,-0.150231,0.235626,-0.194352,-0.452074,-0.277361,-0.055704,0.850848,1.090831,-0.916298,-0.785398,1.090831,-3.425209,-0.283617,-2.814344,-1.156281,-0.698132,-0.370883,0.283616,0.177318,0.153512,-0.434203,0.742094,0.952450,-0.667155,-0.599776,0.203281,-0.918296,-1.580920,-1.001979,-0.378372,0.284453,0.339707,-0.595962,0.533845,0.597382,-0.781115,-0.374317,-0.475727,-1.312276,-1.094699,-0.616099,-0.833548
1788293477.096338,0.001354,-0.006344,-0.000474,0.265030,-0.265130,0.055217,0.080081,-0.024963,-0.996476,0.741623,0.000000,0.000000,0.006152,-0.044001,-0.038703,0.225709,0.226867,-0.083360,-0.152431,0.160247,-0.221135,-0.416532,-0.262002,-0.080973,0.589049,0.959931,-1.374447,-1.047198,-0.872665,-2.814344,-0.152716,-3.774275,-1.898046,1.112648,0.545415,-0.807215,0.284453,0.339707,-0.595962,0.533845,0.597382,-0.781115,-0.374317,-0.475727,-1.312276,-1.094699,-0.616099,-0.833548,0.269170,0.495704,-0.642070,0.433905,0.158357,-0.529226,0.153766,-0.836565,-1.711151,-0.573569,-0.174447,-1.400223
1788293477.116385,-0.001454,-0.002170,-0.004839,0.223351,-0.357675,0.014204,0.087197,-0.020303,-0.995984,0.742572,0.000000,0.000000,0.024296,-0.015553,-0.070563,0.193603,0.199173,-0.134877,-0.133707,0.052596,-0.294537,-0.332541,-0.204243,-0.153816,0.959931,1.374447,-1.461713,-1.396264,-3.010693,-1.832596,1.090831,-5.126905,-4.057891,3.708825,3.250676,-3.316126,0.269170,0.495704,-0.642070,0.433905,0.158357,-0.529226,0.153766,-0.836565,-1.711151,-0.573569,-0.174447,-1.400223,0.120228,0.584098,-0.377559,0.525166,0.131015,-0.222426,0.642337,-0.567363,-1.783888,-0.158156,-0.110754,-1.630242
1788293477.136373,-0.004091,0.001155,-0.007683,0.214030,-0.365664,0.044564,0.094300,-0.015713,-0.995420,0.743056,0.000000,0.000000,0.040740,0.023327,-0.096560,0.156169,0.139088,-0.135374,-0.079531,-0.064810,-0.382861,-0.218503,-0.114154,-0.272567,0.916298,1.854412,-0.807215,-1.439897,-3.556109,-0.000000,2.836160,-5.192355,-3.163409,4.821473,4.385140,-5.039638,0.120228,0.584098,-0.377559,0.525166,0.131015,-0.222426,0.642337,-0.567363,-1.783888,-0.158156,-0.110754,-1.630242,0.084747,0.584721,-0.149092,0.728839,0.140473,0.115522,0.940943,-0.258035,-1.703545,0.004571,-0.081685,-1.693937
1788293477.156371,-0.006920,0.005152,-0.006968,0.002309,-0.119988,0.013272,0.095597,-0.014759,-0.995311,0.743263,0.000000,0.000000,0.047517,0.058937,-0.100193,0.140022,0.091486,-0.097890,0.018082,-0.122477,-0.421619,-0.102987,-0.059648,-0.364590,0.305433,1.570796,-0.043633,-0.349066,-2.028946,1.723513,4.952373,-2.138029,-0.545416,3.883358,1.810779,-2.814343,0.084747,0.584721,-0.149092,0.728839,0.140473,0.115522,0.940943,-0.258035,-1.703545,0.004571,-0.081685,-1.693937,-0.010009,0.309119,-0.302413,1.034585,-0.380339,0.670948,1.006571,-0.258255,-1.987072,0.001042,0.028497,-1.763002
1788293477.176564,-0.006613,0.007150,-0.002085,0.145055,0.106514,0.078652,0.092952,-0.011735,-0.995601,0.743767,0.000000,0.000000,0.042313,0.084656,-0.087315,0.152801,0.062838,-0.038246,0.122109,-0.114228,-0.426631,-0.034671,-0.034785,-0.403761,-0.523599,1.112647,0.763582,1.287180,-2.181662,2.552544,4.625123,1.112647,-1.374447,2.116212,0.872665,-1.134464,-0.010009,0.309119,-0.302413,1.034585,-0.380339,0.670948,1.006571,-0.258255,-1.987072,0.001042,0.028497,-1.763002,-0.225158,-0.119934,-0.667291,1.386020,-0.579990,1.154807,0.718683,0.039558,-1.845802,-0.207073,-0.060671,-1.306778
1788293477.196417,-0.004513,0.008401,0.003875,0.019487,0.136075,0.012473,0.091293,-0.012577,-0.995745,0.744024,0.000000,0.000000,0.025136,0.086285,-0.077135,0.186216,0.004678,0.053272,0.190466,-0.083916,-0.465121,-0.014796,-0.009140,-0.423260,-0.807215,-0.043633,0.327249,1.483530,-4.188791,3.621559,2.399828,1.243547,-0.392699,0.501783,0.959931,-0.523599,-0.225158,-0.119934,-0.667291,1.386020,-0.579990,1.154807,0.718683,0.039558,-1.845802,-0.207073,-0.060671,-1.306778,-0.288831,-0.602133,-0.774936,1.494040,-0.356728,1.122915,0.192965,0.646266,-1.537524,-0.667430,-0.217319,-0.714031
1788293477.216419,-0.000109,0.007294,0.007568,-0.762817,0.254186,-0.218956,0.086548,-0.028910,-0.995828,0.744134,0.000000,0.000000,-0.000316,0.058714,-0.092737,0.227394,-0.060734,0.157504,0.204829,-0.046318,-0.455961,-0.041087,-0.010012,-0.367971,-1.112648,-1.330814,-0.872665,1.767146,-1.898046,4.276057,0.283617,1.854412,1.178097,-0.676315,-0.087267,2.661628,-0.288831,-0.602133,-0.774936,1.494040,-0.356728,1.122915,0.192965,0.646266,-1.537524,-0.667430,-0.217319,-0.714031,-0.481425,-0.831766,-0.546041,1.355837,0.175500,0.802545,-0.453289,1.159457,-1.105272,-1.346553,-0.506564,-0.331813
1788293477.236411,0.003229,0.003469,0.005324,-0.686384,0.535549,-0.189794,0.075899,-0.043431,-0.996169,0.744402,0.000000,0.000000,-0.022752,-0.000826,-0.117851,0.269228,-0.073788,0.225558,0.166462,0.029290,-0.404615,-0.112403,-0.034657,-0.258212,-1.112648,-2.923427,-1.287180,1.614430,1.483530,3.621559,-2.399827,3.839724,2.945244,-3.228859,-0.872665,5.061455,-0.481425,-0.831766,-0.546041,1.355837,0.175500,0.802545,-0.453289,1.159457,-1.105272,-1.346553,-0.506564,-0.331813,-0.381561,-0.521541,-0.179659,1.210260,0.581325,0.494824,-0.855228,1.403876,-0.806747,-1.719518,-0.751979,-0.256694
1788293477.256340,0.005872,-0.001430,0.002207,-0.650964,0.470435,-0.154640,0.066890,-0.056691,-0.996149,0.744539,0.000000,0.000000,-0.052690,-0.070116,-0.121439,0.295844,-0.023007,0.270056,0.076695,0.140067,-0.314878,-0.236185,-0.084892,-0.146202,-1.439897,-3.403393,-0.043633,1.003564,4.363324,0.872665,-4.646939,5.454154,4.799656,-6.305002,-2.181662,3.861542,-0.381561,-0.521541,-0.179659,1.210260,0.581325,0.494824,-0.855228,1.403876,-0.806747,-1.719518,-0.751979,-0.256694,-0.137860,-0.251588,0.189309,1.134701,0.740202,0.258115,-0.736716,1.339407,-0.709095,-1.681831,-0.955098,-0.281462
1788293477.276541,0.007109,-0.006728,-0.000288,0.103909,0.273494,0.088772,0.061431,-0.054727,-0.996610,0.744597,0.000000,0.000000,-0.069011,-0.114911,-0.086953,0.306278,0.059847,0.241048,-0.042953,0.246679,-0.237249,-0.358457,-0.145434,-0.092018,-0.807215,-1.876229,2.159845,0.261800,4.865106,-2.639811,-5.563237,4.537856,2.923427,-3.905174,-2.356195,1.679880,-0.137860,-0.251588,0.189309,1.134701,0.740202,0.258115,-0.736716,1.339407,-0.709095,-1.681831,-0.955098,-0.281462,0.050049,-0.057397,0.146471,1.123847,0.819230,0.014929,-0.689609,1.165312,-0.733300,-1.752214,-1.128882,-0.294281
1788293477.296306,0.005513,-0.006525,0.000748,0.907251,-0.168590,0.042034,0.064410,-0.036485,-0.997256,0.744739,0.000000,0.000000,-0.063917,-0.129024,-0.028288,0.304808,0.131223,0.164736,-0.129491,0.303841,-0.196937,-0.395730,-0.206185,-0.076599,0.392699,0.370883,2.661628,-0.261799,3.294309,-3.752458,-3.250676,1.810779,1.025381,-1.505346,-2.247112,0.414516,0.050049,-0.057397,0.146471,1.123847,0.819230,0.014929,-0.689609,1.165312,-0.733300,-1.752214,-1.128882,-0.294281,0.151887,-0.059179,-0.158089,1.085997,0.934218,-0.246020,-0.746073,0.851231,-0.793651,-1.965315,-1.142565,-0.204038
1788293477.316515,0.004863,-0.005334,0.001447,0.813508,-0.348753,-0.042788,0.072363,-0.022346,-0.997128,0.744812,0.000000,0.000000,-0.042676,-0.105254,0.006330,0.291819,0.177253,0.091718,-0.155489,0.307749,-0.189222,-0.421817,-0.252733,-0.075437,1.112647,1.396264,1.178098,-0.959931,2.203479,-3.316126,-0.610865,-0.632682,0.065450,-0.894481,-1.614430,-0.065450,0.151887,-0.059179,-0.158089,1.085997,0.934218,-0.246020,-0.746073,0.851231,-0.793651,-1.965315,-1.142565,-0.204038,0.127813,0.049223,-0.353744,0.902254,1.025793,-0.528425,-0.692379,0.471318,-0.848952,-1.854852,-1.090026,-0.239870
1788293477.336476,0.002893,0.001452,0.003592,0.583411,-0.331709,-0.014026,0.079157,-0.010060,-0.996811,0.744843,0.000000,0.000000,-0.017639,-0.075581,0.002814,0.270479,0.209402,0.027444,-0.161922,0.268779,-0.197704,-0.463503,-0.270767,-0.059754,1.003564,1.418080,-0.392699,-0.959931,1.636246,-3.207043,-0.261799,-2.181662,-0.458149,-1.330814,-0.676315,0.305433,0.127813,0.049223,-0.353744,0.902254,1.025793,-0.528425,-0.692379,0.471318,-0.848952,-1.854852,-1.090026,-0.239870,0.236871,0.279833,-0.487196,0.640655,0.866932,-0.775901,-0.576273,-0.113087,-1.115118,-1.405189,-0.810993,-0.571136
1788293477.356341,0.000119,0.008297,0.002186,0.341995,-0.317328,0.076256,0.085887,-0.002390,-0.996302,0.744919,0.000000,0.000000,-0.002648,-0.050410,-0.020319,0.249991,0.231154,-0.043125,-0.166031,0.205386,-0.210985,-0.459822,-0.270947,-0.060545,0.545416,0.959931,-1.308997,-0.872665,0.305433,-3.119776,-0.196350,-3.272493,-1.505347,-0.174533,0.021817,-0.000000,0.236871,0.279833,-0.487196,0.640655,0.866932,-0.775901,-0.576273,-0.113087,-1.115118,-1.405189,-0.810993,-0.571136,0.352015,0.421252,-0.662186,0.492966,0.372239,-0.697769,-0.135482,-0.743202,-1.537701,-0.853408,-0.368123,-1.120939
1788293477.376361,-0.002111,0.012144,-0.000526,0.126812,-0.396024,0.088639,0.093911,0.000510,-0.995580,0.744957,0.000000,0.000000,0.013175,-0.025335,-0.051073,0.219819,0.224830,-0.112024,-0.159814,0.114001,-0.260203,-0.396366,-0.233106,-0.110014,0.654499,1.069014,-1.483530,-1.221731,-2.072579,-2.857977,0.218166,-4.494223,-2.879794,2.836160,1.963496,-1.941679,0.352015,0.421252,-0.662186,0.492966,0.372239,-0.697769,-0.135482,-0.743202,-1.537701,-0.853408,-0.368123,-1.120939,0.242425,0.576286,-0.528607,0.479111,0.041628,-0.368151,0.435473,-0.754508,-1.872691,-0.370643,-0.094195,-1.567224
1788293477.396684,-0.004228,0.015361,-0.003280,0.247853,-0.401617,0.038172,0.102026,0.005636,-0.994766,0.744974,0.000000,0.000000,0.035114,0.006684,-0.084501,0.183985,0.174831,-0.142480,-0.120320,-0.006721,-0.345694,-0.286647,-0.157424,-0.208006,1.069014,1.701696,-1.221731,-1.614430,-3.992441,-0.959931,2.138028,-5.650504,-4.472406,4.799655,4.210607,-4.690573,0.242425,0.576286,-0.528607,0.479111,0.041628,-0.368151,0.435473,-0.754508,-1.872691,-0.370643,-0.094195,-1.567224,0.133986,0.596185,-0.239006,0.655507,0.210572,-0.107714,0.805882,-0.364264,-1.691309,-0.057438,-0.112501,-1.623679
1788293477.416543,-0.006723,0.018485,-0.005871,0.010964,-0.279644,0.033112,0.107252,0.006152,-0.994213,0.745014,0.000000,0.000000,0.048678,0.047331,-0.102530,0.152607,0.109760,-0.120527,-0.037894,-0.100843,-0.422617,-0.163361,-0.075686,-0.326718,0.785398,1.745329,-0.610865,-1.003564,-2.705261,0.959931,4.341507,-3.817909,-1.396264,4.319690,3.097960,-4.188791,0.133986,0.596185,-0.239006,0.655507,0.210572,-0.107714,0.805882,-0.364264,-1.691309,-0.057438,-0.112501,-1.623679,0.070104,0.459654,-0.196742,0.907277,-0.133659,0.338241,1.024105,-0.288992,-1.921731,-0.019317,0.001269,-1.766437
1788293477.436499,-0.006447,0.018341,-0.004853,-0.293834,0.029948,0.052820,0.106254,0.000729,-0.994339,0.745035,0.000000,0.000000,0.052341,0.078174,-0.098813,0.151691,0.073700,-0.077622,0.071473,-0.126491,-0.425780,-0.067665,-0.044870,-0.380499,-0.218166,1.287180,0.458149,0.567232,-2.138029,1.963495,5.148722,-0.283617,-1.308997,3.272492,0.938115,-1.614430,0.070104,0.459654,-0.196742,0.907277,-0.133659,0.338241,1.024105,-0.288992,-1.921731,-0.019317,0.001269,-1.766437,-0.119733,0.063042,-0.499789,1.262800,-0.573283,0.941003,0.893517,-0.157642,-2.035896,-0.074719,0.065714,-1.553995
1788293477.457734,-0.002881,0.016782,0.000376,-0.043764,0.120762,0.104086,0.106364,-0.003367,-0.994322,0.745043,0.000000,0.000000,0.039791,0.089819,-0.084095,0.175814,0.032620,-0.002246,0.162581,-0.101405,-0.462617,-0.027954,-0.017875,-0.417500,-0.589049,0.523599,0.567232,1.352630,-3.359759,3.272492,3.708825,1.330814,-1.810779,1.243547,1.069014,-0.959932,-0.119733,0.063042,-0.499789,1.262800,-0.573283,0.941003,0.893517,-0.157642,-2.035896,-0.074719,0.065714,-1.553995,-0.259632,-0.399875,-0.789075,1.526244,-0.534809,1.200131,0.467848,0.356730,-1.762948,-0.382313,-0.111269,-0.955454
1788293477.476664,0.001102,0.013807,0.003142,-0.832991,0.102519,-0.075012,0.105647,-0.022298,-0.994154,0.745065,0.000000,0.000000,0.016458,0.072840,-0.086786,0.214692,-0.038552,0.102079,0.205023,-0.069580,-0.488686,-0.026517,0.004485,-0.398111,-1.003564,-0.763582,-0.065450,1.396264,-3.796092,4.014257,1.178098,1.679880,-0.632682,-0.021817,0.807215,0.458148,-0.259632,-0.399875,-0.789075,1.526244,-0.534809,1.200131,0.467848,0.356730,-1.762948,-0.382313,-0.111269,-0.955454,-0.463598,-0.796494,-0.669764,1.450671,-0.145760,1.009759,-0.159830,0.993819,-1.329276,-0.951552,-0.277283,-0.439520
1788293477.496475,0.005041,0.009394,0.003345,-1.032063,0.428357,-0.192058,0.097451,-0.043566,-0.994286,0.745076,0.000000,0.000000,-0.007816,0.027821,-0.108325,0.258009,-0.083993,0.195184,0.196225,-0.014395,-0.453124,-0.067884,-0.010031,-0.323427,-1.178097,-2.617994,-1.178097,1.810779,-0.436333,3.425209,-0.763582,2.508911,2.421644,-1.832596,-0.719949,5.454154,-0.463598,-0.796494,-0.669764,1.450671,-0.145760,1.009759,-0.159830,0.993819,-1.329276,-0.951552,-0.277283,-0.439520,-0.540250,-0.697889,-0.357793,1.271148,0.418161,0.657857,-0.667240,1.408545,-0.901795,-1.562186,-0.671936,-0.281953
1788293477.516474,0.008759,0.002668,0.001537,-1.223011,0.550730,-0.192990,0.087116,-0.068040,-0.993872,0.745080,0.000000,0.000000,-0.038239,-0.040238,-0.124401,0.290068,-0.063453,0.250972,0.130645,0.082340,-0.369548,-0.163007,-0.043242,-0.190665,-1.527163,-3.119776,-0.567232,1.265364,2.967060,3.272492,-3.948808,5.017822,4.406957,-4.581490,-1.178097,4.777839,-0.540250,-0.697889,-0.357793,1.271148,0.418161,0.657857,-0.667240,1.408545,-0.901795,-1.562186,-0.671936,-0.281953,-0.345101,-0.360302,0.114898,1.135454,0.673589,0.377333,-0.777939,1.441913,-0.699255,-1.643875,-0.887762,-0.253519
1788293477.536510,0.012824,-0.008520,-0.000761,-0.539644,0.386412,-0.011229,0.079656,-0.078824,-0.993701,0.745092,0.000000,0.000000,-0.069448,-0.098221,-0.110384,0.304811,0.012025,0.260691,0.020168,0.206801,-0.270465,-0.292562,-0.109297,-0.112310,-1.396264,-2.508911,1.199914,0.370883,5.257804,-0.632682,-5.148722,5.585054,4.472407,-5.803220,-3.490659,2.639811,-0.345101,-0.360302,0.114898,1.135454,0.673589,0.377333,-0.777939,1.441913,-0.699255,-1.643875,-0.887762,-0.253519,-0.069092,-0.135899,0.307752,1.095618,0.745248,0.118328,-0.596518,1.272778,-0.683428,-1.591512,-1.068653,-0.315551
1788293477.556494,0.013446,-0.013367,-0.000204,0.401384,0.035008,0.050157,0.078884,-0.070796,-0.994367,0.745098,0.000000,0.000000,-0.077904,-0.126757,-0.052079,0.306523,0.094328,0.205454,-0.087290,0.295965,-0.205432,-0.366510,-0.180722,-0.078473,-0.327249,-0.589049,2.879793,-0.196350,4.145157,-3.228859,-4.450590,3.621559,2.072579,-2.312562,-2.639811,1.047198,-0.069092,-0.135899,0.307752,1.095618,0.745248,0.118328,-0.596518,1.272778,-0.683428,-1.591512,-1.068653,-0.315551,0.093514,-0.059304,0.043915,1.114662,0.853052,-0.152737,-0.674743,1.037829,-0.741760,-1.829618,-1.158895,-0.252599
1788293477.576402,0.011847,-0.014704,0.002111,0.728953,-0.278845,0.007812,0.084160,-0.058270,-0.994747,0.745100,0.000000,0.000000,-0.064921,-0.117586,0.004813,0.297535,0.151989,0.125106,-0.136241,0.322473,-0.184693,-0.383646,-0.236949,-0.077851,0.785398,0.785398,2.356194,-0.676315,2.683444,-3.708825,-1.221731,0.414516,0.174534,-0.807216,-2.007129,-0.087266,0.093514,-0.059304,0.043915,1.114662,0.853052,-0.152737,-0.674743,1.037829,-0.741760,-1.829618,-1.158895,-0.252599,0.096073,0.004897,-0.264008,1.009525,0.955326,-0.418593,-0.697021,0.697412,-0.782419,-1.893744,-1.173462,-0.175873
1788293477.596427,0.010698,-0.013302,0.003479,0.462503,-0.311069,-0.025078,0.090506,-0.048975,-0.994691,0.745106,0.000000,0.000000,-0.039273,-0.088832,0.022717,0.278538,0.188374,0.055489,-0.144888,0.299213,-0.188323,-0.429742,-0.266917,-0.068805,1.265364,1.483530,0.327249,-1.003564,1.854412,-3.359759,0.000000,-1.701696,-0.239983,-1.636247,-1.134464,0.043633,0.096073,0.004897,-0.264008,1.009525,0.955326,-0.418593,-0.697021,0.697412,-0.782419,-1.893744,-1.173462,-0.175873,0.133473,0.182909,-0.397856,0.785950,0.937648,-0.676254,-0.611864,0.278132,-0.911209,-1.616191,-1.048187,-0.341164
1788293477.616369,0.007848,-0.008438,0.002674,0.349585,-0.213198,0.020729,0.094762,-0.041849,-0.994620,0.745109,0.000000,0.000000,-0.017996,-0.061139,0.007521,0.257627,0.215285,-0.015870,-0.151054,0.244860,-0.196493,-0.456045,-0.281065,-0.053686,0.872665,0.981748,-0.938115,-0.894481,1.069014,-3.381576,-0.479966,-2.814344,-1.069014,-0.894482,-0.589049,0.305433,0.133473,0.182909,-0.397856,0.785950,0.937648,-0.676254,-0.611864,0.278132,-0.911209,-1.616191,-1.048187,-0.341164,0.249777,0.382656,-0.553550,0.576446,0.621945,-0.822188,-0.422872,-0.390042,-1.294391,-1.152297,-0.660775,-0.780930
1788293477.636420,0.004807,-0.004577,0.000237,0.243192,-0.218791,0.022593,0.100058,-0.036795,-0.994301,0.745110,0.000000,0.000000,-0.001781,-0.036464,-0.022108,0.236710,0.224775,-0.084906,-0.154163,0.172682,-0.221208,-0.423895,-0.270244,-0.074584,0.698132,0.938115,-1.658063,-0.807215,-0.938115,-2.792527,-0.152716,-3.643376,-1.876229,1.069014,0.392699,-0.676315,0.249777,0.382656,-0.553550,0.576446,0.621945,-0.822188,-0.422872,-0.390042,-1.294391,-1.152297,-0.660775,-0.780930,0.243136,0.521243,-0.628731,0.473607,0.167749,-0.591553,0.124620,-0.826885,-1.707863,-0.622000,-0.191797,-1.367032
1788293477.656631,0.001338,-0.000828,-0.003069,0.173417,-0.347288,0.005149,0.107093,-0.033163,-0.993696,0.745114,0.000000,0.000000,0.017009,-0.007235,-0.056036,0.206063,0.197853,-0.139159,-0.139186,0.068241,-0.292849,-0.342858,-0.214156,-0.144501,0.829031,1.330814,-1.527163,-1.265364,-3.119776,-1.941679,0.894481,-4.952373,-4.014258,3.534292,3.163409,-2.988877,0.243136,0.521243,-0.628731,0.473607,0.167749,-0.591553,0.124620,-0.826885,-1.707863,-0.622000,-0.191797,-1.367032,0.108596,0.605924,-0.377267,0.545983,0.103729,-0.256991,0.623680,-0.596694,-1.825486,-0.186990,-0.099591,-1.639093
1788293477.676446,-0.003414,0.003731,-0.006751,0.148384,-0.299618,0.026454,0.112799,-0.029928,-0.993167,0.745115,0.000000,0.000000,0.033350,0.031181,-0.085889,0.169804,0.139210,-0.144894,-0.087347,-0.051644,-0.383022,-0.227589,-0.122553,-0.261768,0.850848,1.810779,-1.025381,-1.548980,-3.687008,-0.087267,2.683444,-5.301438,-3.534292,4.516040,4.712390,-5.170539,0.108596,0.605924,-0.377267,0.545983,0.103729,-0.256991,0.623680,-0.596694,-1.825486,-0.186990,-0.099591,-1.639093,0.081900,0.607593,-0.135281,0.760464,0.148198,0.074491,0.923368,-0.262125,-1.702737,-0.002639,-0.071084,-1.700271
1788293477.696411,-0.006059,0.005707,-0.006358,-0.087706,-0.068189,0.028851,0.113396,-0.030963,-0.993067,0.745116,0.000000,0.000000,0.041296,0.067034,-0.092868,0.150903,0.089021,-0.106821,0.009410,-0.116739,-0.428084,-0.112128,-0.061265,-0.361925,0.349066,1.592613,-0.174533,-0.436332,-2.094396,1.723513,4.908739,-2.574361,-0.479966,4.079708,2.072579,-3.163410,0.081900,0.607593,-0.135281,0.760464,0.148198,0.074491,0.923368,-0.262125,-1.702737,-0.002639,-0.071084,-1.700271,0.011896,0.362259,-0.266554,1.063033,-0.372954,0.614224,1.013475,-0.242185,-1.998003,-0.000531,0.031792,-1.776378
1788293477.716475,-0.006894,0.007974,-0.001411,0.046518,0.195197,0.067068,0.108984,-0.029829,-0.993596,0.745118,0.000000,0.000000,0.039120,0.092461,-0.082131,0.161909,0.061581,-0.048080,0.115097,-0.115542,-0.428829,-0.038840,-0.033907,-0.404369,-0.218166,1.069014,0.654499,0.981748,-1.941679,2.399828,4.625123,0.829032,-1.178098,2.225296,0.850849,-1.265364,0.011896,0.362259,-0.266554,1.063033,-0.372954,0.614224,1.013475,-0.242185,-1.998003,-0.000531,0.031792,-1.776378,-0.236587,-0.071291,-0.653329,1.419966,-0.604313,1.132349,0.731242,0.031487,-1.890294,-0.191504,-0.039237,-1.347355
1788293477.736493,-0.005430,0.008507,0.003252,0.034933,0.227155,0.025123,0.105593,-0.030500,-0.993942,0.745119,0.000000,0.000000,0.024353,0.095014,-0.070713,0.195256,0.006336,0.040046,0.187559,-0.084178,-0.468050,-0.016304,-0.008581,-0.425992,-0.654499,-0.065450,0.370883,1.658063,-4.123341,3.643376,2.574361,1.330814,-0.567232,0.567233,0.894482,-0.610866,-0.236587,-0.071291,-0.653329,1.419966,-0.604313,1.132349,0.731242,0.031487,-1.890294,-0.191504,-0.039237,-1.347355,-0.299713,-0.563908,-0.789385,1.533356,-0.381551,1.112175,0.211628,0.651211,-1.572111,-0.632316,-0.210715,-0.744998
1788293477.756442,-0.001672,0.006089,0.005823,-0.866015,0.342603,-0.227611,0.098890,-0.049296,-0.993877,0.745119,0.000000,0.000000,-0.000169,0.067211,-0.086026,0.235617,-0.061072,0.145254,0.205004,-0.045838,-0.463070,-0.039819,-0.006855,-0.374238,-1.003564,-1.308997,-0.872665,1.745329,-2.116212,4.341507,0.305433,1.898046,1.025381,-0.567232,-0.021817,2.356194,-0.299713,-0.563908,-0.789385,1.533356,-0.381551,1.112175,0.211628,0.651211,-1.572111,-0.632316,-0.210715,-0.744998,-0.517003,-0.821353,-0.555912,1.401671,0.141214,0.803552,-0.431514,1.183886,-1.129288,-1.311162,-0.484911,-0.354429
1788293477.776557,0.001189,0.001775,0.003619,-0.795973,0.650598,-0.206306,0.085700,-0.066078,-0.994127,0.745120,0.000000,0.000000,-0.023044,0.007567,-0.112702,0.277311,-0.077399,0.217273,0.169435,0.029855,-0.413511,-0.109602,-0.031685,-0.267437,-1.134464,-2.901610,-1.265364,1.592613,1.265363,3.687009,-2.203478,3.665192,2.792527,-2.770710,-0.981748,5.214171,-0.517003,-0.821353,-0.555912,1.401671,0.141214,0.803552,-0.431514,1.183886,-1.129288,-1.311162,-0.484911,-0.354429,-0.439195,-0.527459,-0.192638,1.249976,0.562436,0.485042,-0.844962,1.448308,-0.820401,-1.714177,-0.747549,-0.280214
1788293477.796441,0.004014,-0.006025,0.000638,-0.713415,0.571635,-0.160366,0.074518,-0.080377,-0.993975,0.745120,0.000000,0.000000,-0.055935,-0.062608,-0.116776,0.305806,-0.029097,0.267132,0.081064,0.140956,-0.322800,-0.227164,-0.081113,-0.153557,-1.548980,-3.403393,-0.109083,1.134464,4.232423,1.156281,-4.668756,5.454154,4.843289,-6.435903,-2.138029,3.970624,-0.439195,-0.527459,-0.192638,1.249976,0.562436,0.485042,-0.844962,1.448308,-0.820401,-1.714177,-0.747549,-0.280214,-0.174721,-0.247339,0.191238,1.165747,0.713898,0.256744,-0.736128,1.388389,-0.718276,-1.671556,-0.946671,-0.298625
1788293477.816486,0.004076,-0.009641,0.000713,0.028275,0.361911,0.088506,0.067340,-0.079879,-0.994527,0.745120,0.000000,0.000000,-0.074206,-0.109560,-0.084580,0.317295,0.053378,0.242220,-0.037881,0.251132,-0.242261,-0.354055,-0.142712,-0.098388,-0.894481,-2.007129,2.050762,0.327249,4.908739,-2.552544,-5.497788,4.712390,3.076143,-4.123341,-2.530728,1.810779,-0.174721,-0.247339,0.191238,1.165747,0.713898,0.256744,-0.736128,1.388389,-0.718276,-1.671556,-0.946671,-0.298625,0.020890,-0.049347,0.170693,1.155447,0.794261,0.018987,-0.689990,1.224126,-0.742426,-1.738301,-1.125695,-0.317058
1788293477.836456,0.002624,-0.010430,0.002614,0.858382,-0.091092,0.032580,0.068983,-0.062679,-0.995647,0.745121,0.000000,0.000000,-0.071351,-0.125882,-0.025703,0.314394,0.124522,0.166585,-0.126167,0.313220,-0.200278,-0.392624,-0.203607,-0.082228,0.239983,0.283616,2.727077,-0.327249,3.381576,-3.752458,-3.403393,2.116212,1.090831,-1.527164,-2.290745,0.327249,0.020890,-0.049347,0.170693,1.155447,0.794261,0.018987,-0.689990,1.224126,-0.742426,-1.738301,-1.125695,-0.317058,0.133166,-0.055850,-0.122522,1.133400,0.909219,-0.247769,-0.758485,0.927693,-0.807764,-1.969756,-1.142434,-0.221564
1788293477.856405,-0.000374,-0.005625,0.006341,0.804986,-0.290563,-0.044519,0.075592,-0.048542,-0.995957,0.745121,0.000000,0.000000,-0.050865,-0.103056,0.010573,0.302302,0.170419,0.092381,-0.153866,0.320078,-0.192391,-0.418908,-0.251389,-0.079457,1.047198,1.330813,1.308997,-0.938114,2.247112,-3.447026,-0.523599,-0.305433,0.065450,-1.047198,-1.701697,0.021817,0.133166,-0.055850,-0.122522,1.133400,0.909219,-0.247769,-0.758485,0.927693,-0.807764,-1.969756,-1.142434,-0.221564,0.110691,0.038823,-0.345826,0.977270,1.009416,-0.518460,-0.710341,0.567667,-0.847614,-1.897367,-1.121457,-0.221567
1788293477.876501,-0.002264,-0.000740,0.007153,0.630682,-0.278579,-0.017754,0.081375,-0.035383,-0.996055,0.745121,0.000000,0.000000,-0.025487,-0.073277,0.009575,0.281745,0.202661,0.026064,-0.162047,0.283385,-0.199144,-0.464223,-0.270102,-0.064783,1.069014,1.439896,-0.305433,-0.959931,1.636246,-3.337943,-0.327250,-2.094395,-0.087266,-1.396264,-0.676315,0.305433,0.110691,0.038823,-0.345826,0.977270,1.009416,-0.518460,-0.710341,0.567667,-0.847614,-1.897367,-1.121457,-0.221567,0.201752,0.253466,-0.468158,0.719735,0.912348,-0.762813,-0.614220,0.046946,-1.071883,-1.530628,-0.900456,-0.499532
1788293477.896336,-0.005454,0.006223,0.005254,0.391131,-0.222919,0.055217,0.086109,-0.027107,-0.995917,0.745122,0.000000,0.000000,-0.008470,-0.048460,-0.014121,0.262383,0.227254,-0.043365,-0.167060,0.223962,-0.211173,-0.466784,-0.274176,-0.059380,0.632682,0.981748,-1.330814,-0.807215,0.610865,-3.097960,-0.174534,-2.945244,-1.374447,-0.261799,-0.065450,0.043633,0.201752,0.253466,-0.468158,0.719735,0.912348,-0.762813,-0.614220,0.046946,-1.071883,-1.530628,-0.900456,-0.499532,0.319768,0.418407,-0.623881,0.541535,0.460384,-0.769312,-0.241788,-0.632861,-1.477754,-0.988108,-0.457150,-1.013773
1788293477.916373,-0.007770,0.010398,0.002050,0.213365,-0.307208,0.071595,0.092429,-0.022521,-0.995465,0.745122,0.000000,0.000000,0.007295,-0.025460,-0.045359,0.234616,0.227347,-0.109428,-0.163929,0.141215,-0.253039,-0.415957,-0.245490,-0.099984,0.719949,0.938114,-1.527163,-1.178097,-1.679880,-2.661628,0.043633,-4.079707,-2.487094,1.788963,1.330814,-1.505347,0.319768,0.418407,-0.623881,0.541535,0.460384,-0.769312,-0.241788,-0.632861,-1.477754,-0.988108,-0.457150,-1.013773,0.246125,0.574059,-0.561898,0.484982,0.077375,-0.440074,0.322595,-0.798096,-1.843320,-0.456433,-0.107907,-1.530361
1788293477.936484,-0.010123,0.013780,-0.001150,0.244390,-0.362468,0.030183,0.099730,-0.017450,-0.994861,0.745122,0.000000,0.000000,0.028921,0.004475,-0.077449,0.198637,0.185611,-0.148810,-0.131927,0.024725,-0.333774,-0.320575,-0.175707,-0.188677,1.047198,1.548980,-1.243547,-1.527163,-3.621559,-1.330814,1.745329,-5.475971,-4.276057,4.886922,4.014258,-4.036075,0.246125,0.574059,-0.561898,0.484982,0.077375,-0.440074,0.322595,-0.798096,-1.843320,-0.456433,-0.107907,-1.530361,0.113698,0.614566,-0.272577,0.626132,0.166974,-0.158087,0.759115,-0.436544,-1.759135,-0.088655,-0.116161,-1.650479
1788293477.956396,-0.012583,0.016870,-0.004073,0.142525,-0.359672,0.026987,0.105180,-0.012859,-0.994370,0.745122,0.000000,0.000000,0.043999,0.044920,-0.098153,0.163305,0.120933,-0.132761,-0.057889,-0.083622,-0.414302,-0.189948,-0.087756,-0.310263,0.829032,1.701696,-0.654499,-1.330814,-3.076143,0.807214,3.905175,-4.406957,-1.854413,4.865105,3.687008,-4.712390,0.113698,0.614566,-0.272577,0.626132,0.166974,-0.158087,0.759115,-0.436544,-1.759135,-0.088655,-0.116161,-1.650479,0.066401,0.544709,-0.144847,0.857123,-0.008473,0.236181,1.019226,-0.247930,-1.823634,0.002528,-0.036128,-1.763650
1788293477.976419,-0.012909,0.017977,-0.003385,-0.125256,-0.072983,-0.021882,0.104924,-0.013860,-0.994384,0.745122,0.000000,0.000000,0.048128,0.078373,-0.096249,0.154881,0.079621,-0.088667,0.050218,-0.122952,-0.431856,-0.081083,-0.050297,-0.380436,0.000000,1.461713,0.283616,-0.043633,-1.941679,1.919862,5.170539,-1.112648,-0.916298,3.512475,1.178098,-2.072579,0.066401,0.544709,-0.144847,0.857123,-0.008473,0.236181,1.019226,-0.247930,-1.823634,0.002528,-0.036128,-1.763650,-0.104676,0.164278,-0.407535,1.189008,-0.510438,0.835259,0.953818,-0.202758,-2.033084,-0.020422,0.072448,-1.690859
1788293477.996511,-0.011059,0.018245,0.000390,0.109501,0.121428,0.099691,0.102391,-0.011164,-0.994682,0.745122,0.000000,0.000000,0.038526,0.095202,-0.081602,0.173379,0.043844,-0.018993,0.150154,-0.102411,-0.451025,-0.028227,-0.025366,-0.418427,-0.479966,0.676315,0.676315,1.199914,-2.879794,3.032510,4.232424,1.418079,-1.898046,1.592613,0.850848,-0.959932,-0.104676,0.164278,-0.407535,1.189008,-0.510438,0.835259,0.953818,-0.202758,-2.033084,-0.020422,0.072448,-1.690859,-0.267422,-0.283235,-0.748783,1.492150,-0.570092,1.191080,0.582993,0.236655,-1.802166,-0.291771,-0.090410,-1.114484
1788293478.016385,-0.005324,0.016380,0.006083,-0.386379,0.144864,-0.060098,0.102528,-0.023705,-0.994448,0.745122,0.000000,0.000000,0.015994,0.084477,-0.078777,0.209957,-0.022606,0.081424,0.204235,-0.072302,-0.481625,-0.016675,0.001820,-0.417168,-0.938115,-0.501782,0.043633,1.570796,-4.036075,3.883357,1.658063,1.287180,-0.305433,0.261799,0.981748,0.021817,-0.267422,-0.283235,-0.748783,1.492150,-0.570092,1.191080,0.582993,0.236655,-1.802166,-0.291771,-0.090410,-1.114484,-0.395077,-0.724797,-0.727318,1.486868,-0.231276,1.037327,-0.015846,0.867376,-1.422328,-0.841618,-0.249374,-0.551563
1788293478.036395,-0.000977,0.012760,0.006146,-1.206500,0.316371,-0.171019,0.096149,-0.048162,-0.994201,0.745122,0.000000,0.000000,-0.010611,0.043614,-0.099844,0.251112,-0.075711,0.181922,0.202487,-0.023299,-0.454916,-0.053706,-0.009200,-0.344049,-1.069014,-2.116212,-1.047198,1.745329,-0.676315,4.014257,-0.479965,2.399827,1.854413,-1.308997,-0.392699,4.406957,-0.395077,-0.724797,-0.727318,1.486868,-0.231276,1.037327,-0.015846,0.867376,-1.422328,-0.841618,-0.249374,-0.551563,-0.547492,-0.750935,-0.420147,1.307357,0.319546,0.743475,-0.586945,1.343362,-0.981965,-1.454834,-0.635200,-0.295040
1788293478.056693,0.005378,0.002916,0.001883,-1.106365,0.525829,-0.168223,0.086009,-0.070025,-0.993830,0.745122,0.000000,0.000000,-0.037115,-0.023551,-0.121120,0.285847,-0.067887,0.241367,0.145349,0.066697,-0.384931,-0.142267,-0.039039,-0.218612,-1.308997,-3.119776,-0.959931,1.330814,2.530727,3.512475,-3.207042,4.603305,3.883358,-4.145157,-1.069014,4.996006,-0.547492,-0.750935,-0.420147,1.307357,0.319546,0.743475,-0.586945,1.343362,-0.981965,-1.454834,-0.635200,-0.295040,-0.370746,-0.414395,0.012930,1.166668,0.632125,0.438496,-0.816441,1.460840,-0.738237,-1.658738,-0.840258,-0.263419
1788293478.076451,0.008332,-0.003877,-0.000566,-0.639246,0.344601,-0.053307,0.079258,-0.082743,-0.993414,0.745122,0.000000,0.000000,-0.068460,-0.087378,-0.112855,0.305381,-0.002300,0.261891,0.041976,0.187469,-0.288188,-0.270917,-0.102471,-0.124538,-1.461713,-2.945244,0.807215,0.567232,4.974189,-0.196350,-4.865105,5.650503,4.756023,-5.519604,-3.250676,3.097960,-0.370746,-0.414395,0.012930,1.166668,0.632125,0.438496,-0.816441,1.460840,-0.738237,-1.658738,-0.840258,-0.263419,-0.102742,-0.171089,0.280655,1.119919,0.745106,0.173458,-0.671015,1.329952,-0.687994,-1.631229,-1.020296,-0.314658
1788293478.096414,0.009922,-0.010058,-0.000901,0.291662,0.021293,0.034044,0.078863,-0.076868,-0.993917,0.745122,0.000000,0.000000,-0.076252,-0.110801,-0.088085,0.307985,0.038186,0.241544,-0.020446,0.242381,-0.243287,-0.327281,-0.139150,-0.099736,-0.152716,-1.876229,2.683444,0.458149,3.512475,-2.596178,-6.588618,5.061455,3.817908,-5.279622,-4.472406,2.203479,-0.102742,-0.171089,0.280655,1.119919,0.745106,0.173458,-0.671015,1.329952,-0.687994,-1.631229,-1.020296,-0.314658,0.068486,-0.032548,0.167532,1.107509,0.745831,-0.022435,-0.469729,1.090449,-0.673187,-1.611874,-1.084041,-0.273959
1788293478.116431,0.009440,-0.010439,0.000337,0.782216,-0.299085,-0.015091,0.084434,-0.062538,-0.994465,0.745122,0.000000,0.000000,-0.067721,-0.120248,-0.005304,0.304372,0.141689,0.136385,-0.136835,0.323337,-0.186662,-0.389275,-0.225528,-0.079836,0.763582,0.698132,2.443461,-0.414516,2.465278,-3.577925,-2.028945,0.938114,0.959931,-1.112648,-2.094396,0.087267,0.068486,-0.032548,0.167532,1.107509,0.745831,-0.022435,-0.469729,1.090449,-0.673187,-1.611874,-1.084041,-0.273959,0.119493,-0.055075,-0.183226,1.055285,0.907205,-0.294639,-0.672828,0.768510,-0.782818,-1.932368,-1.158013,-0.204359
1788293478.136388,0.008764,-0.008159,0.002134,0.591267,-0.384040,-0.056769,0.092098,-0.050967,-0.994445,0.745122,0.000000,0.000000,-0.042965,-0.092083,0.021566,0.284358,0.174908,0.071781,-0.139892,0.307749,-0.177057,-0.395763,-0.253625,-0.072988,1.178097,1.527163,0.829032,-1.025381,1.723513,-2.770710,0.501782,-1.352630,-0.196349,-0.239983,-0.872665,0.065451,0.119493,-0.055075,-0.183226,1.055285,0.907205,-0.294639,-0.672828,0.768510,-0.782818,-1.932368,-1.158013,-0.204359,0.107761,0.146774,-0.370452,0.824650,0.922597,-0.611857,-0.603546,0.358371,-0.854997,-1.689062,-1.044013,-0.295611
1788293478.156389,0.007021,-0.002038,0.002998,0.236268,-0.293359,0.014870,0.098549,-0.045974,-0.994070,0.745122,0.000000,0.000000,-0.019466,-0.065243,0.011647,0.264016,0.200610,0.012731,-0.134125,0.258711,-0.192539,-0.447651,-0.270912,-0.059490,0.894481,1.090831,-0.741765,-0.916298,1.112648,-3.032510,0.327249,-2.683444,-0.610865,-2.028946,-0.698132,0.305433,0.107761,0.146774,-0.370452,0.824650,0.922597,-0.611857,-0.603546,0.358371,-0.854997,-1.689062,-1.044013,-0.295611,0.240974,0.351456,-0.511060,0.602240,0.649834,-0.794627,-0.460486,-0.242892,-1.165932,-1.213912,-0.747990,-0.673234
1788293478.176484,0.006020,-0.000218,0.002037,0.268492,-0.309472,0.060942,0.104777,-0.040868,-0.993656,0.745122,0.000000,0.000000,-0.006163,-0.040538,-0.015528,0.243100,0.213951,-0.061101,-0.142453,0.186697,-0.210728,-0.431283,-0.264721,-0.069740,0.436332,0.872665,-1.483530,-0.807215,-0.305433,-3.250676,-0.436332,-3.621559,-1.701696,0.414515,0.283616,-0.436332,0.240974,0.351456,-0.511060,0.602240,0.649834,-0.794627,-0.460486,-0.242892,-1.165932,-1.213912,-0.747990,-0.673234,0.285656,0.482044,-0.629657,0.473567,0.236193,-0.624701,-0.003169,-0.779445,-1.618028,-0.727594,-0.279656,-1.244580
1788293478.196535,0.002472,0.004404,-0.002365,0.166626,-0.436904,-0.011762,0.113585,-0.037491,-0.992821,0.745122,0.000000,0.000000,0.002659,-0.028296,-0.034072,0.225878,0.209566,-0.096368,-0.139132,0.132074,-0.242155,-0.399690,-0.250112,-0.099316,1.178097,1.658063,-1.701696,-1.679880,-0.043633,-3.316126,0.632682,-5.345071,-2.988876,4.537856,2.857976,-3.948808,0.285656,0.482044,-0.629657,0.473567,0.236193,-0.624701,-0.003169,-0.779445,-1.618028,-0.727594,-0.279656,-1.244580,0.144791,0.722124,-0.417997,0.515889,0.000566,-0.416565,0.544300,-0.629007,-1.875506,-0.264792,-0.059437,-1.585333
1788293478.216439,-0.000557,0.007376,-0.007584,0.120154,-0.387236,-0.000710,0.121166,-0.035106,-0.992011,0.745122,0.000000,0.000000,0.032360,0.022310,-0.082200,0.176556,0.142055,-0.139058,-0.095425,-0.029506,-0.362196,-0.248067,-0.141782,-0.234132,1.047198,1.788963,-1.243547,-1.614430,-3.905175,-0.327250,2.050762,-5.454154,-4.690572,4.036074,4.646939,-4.974189,0.144791,0.722124,-0.417997,0.515889,0.000566,-0.416565,0.544300,-0.629007,-1.875506,-0.264792,-0.059437,-1.585333,0.073785,0.658856,-0.156004,0.741497,0.220718,-0.051692,0.823734,-0.277879,-1.671010,-0.014677,-0.092093,-1.651370
1788293478.237057,-0.002551,0.008710,-0.008183,-0.018996,-0.256341,0.051621,0.124977,-0.034087,-0.991574,0.745122,0.000000,0.000000,0.038384,0.045008,-0.089181,0.161675,0.112730,-0.129775,-0.053957,-0.070240,-0.408002,-0.190509,-0.097483,-0.298248,0.261799,2.705261,-0.719948,-1.396264,-2.334378,1.178097,5.214172,-3.599742,-3.839724,6.915867,4.974188,-6.501352,0.073785,0.658856,-0.156004,0.741497,0.220718,-0.051692,0.823734,-0.277879,-1.671010,-0.014677,-0.092093,-1.651370,0.068748,0.632026,0.022514,0.903636,0.048802,0.143681,1.112578,-0.080625,-1.608667,0.030159,-0.002879,-1.649592
1788293478.257026,-0.003022,0.010497,-0.004045,-0.103818,0.076154,0.042700,0.122959,-0.035762,-0.991767,0.745122,0.000000,0.000000,0.041839,0.097605,-0.084788,0.158901,0.066337,-0.071914,0.092479,-0.114162,-0.420121,-0.048511,-0.037010,-0.388421,-0.327249,1.265364,0.632682,0.676315,-0.676315,2.072579,4.668756,0.370883,0.458149,2.683444,0.807215,-1.483531,0.068748,0.632026,0.022514,0.903636,0.048802,0.143681,1.112578,-0.080625,-1.608667,0.030159,-0.002879,-1.649592,-0.119947,0.184001,-0.511842,1.294524,-0.574215,0.917040,0.792593,-0.130436,-1.913041,-0.162069,-0.020487,-1.484143
1788293478.277128,-0.001317,0.010941,0.000864,0.075280,0.164704,0.103952,0.120999,-0.034979,-0.992036,0.745122,0.000000,0.000000,0.037454,0.108461,-0.071771,0.171361,0.057493,-0.040370,0.141616,-0.093739,-0.410544,-0.026776,-0.026410,-0.397729,-0.501782,0.894481,1.330814,1.352630,-0.676315,3.163409,5.235989,2.268928,0.872665,2.094395,1.330814,-0.676316,-0.119947,0.184001,-0.511842,1.294524,-0.574215,0.917040,0.792593,-0.130436,-1.913041,-0.162069,-0.020487,-1.484143,-0.264933,-0.277765,-0.810838,1.525387,-0.501375,1.118104,0.396826,0.372801,-1.684015,-0.527219,-0.270024,-0.865601
1788293478.296731,0.001173,0.011016,0.005069,-0.192102,0.230618,-0.078607,0.116821,-0.039425,-0.992370,0.745122,0.000000,0.000000,0.008252,0.100834,-0.061455,0.222873,-0.015088,0.086114,0.214377,-0.046613,-0.446705,-0.032194,-0.008262,-0.380889,-0.916298,-0.763582,-0.196350,1.134464,-3.490659,4.079708,1.025382,1.069014,-0.763582,-0.610865,0.370882,0.698132,-0.264933,-0.277765,-0.810838,1.525387,-0.501375,1.118104,0.396826,0.372801,-1.684015,-0.527219,-0.270024,-0.865601,-0.398384,-0.667019,-0.654604,1.419291,-0.054124,0.862890,-0.270436,0.977864,-1.262012,-1.086253,-0.322683,-0.412218
1788293478.316638,0.005366,0.005816,0.003660,-1.149908,0.363243,-0.300582,0.109511,-0.063135,-0.991978,0.745122,0.000000,0.000000,-0.011852,0.057939,-0.090092,0.257946,-0.065746,0.173703,0.191415,0.001722,-0.426936,-0.092809,-0.037057,-0.296393,-0.894481,-2.159845,-1.658063,1.548980,-0.698132,3.730642,-1.374446,2.007129,1.527163,-2.356195,-1.679880,5.214172,-0.398384,-0.667019,-0.654604,1.419291,-0.054124,0.862890,-0.270436,0.977864,-1.262012,-1.086253,-0.322683,-0.412218,-0.563534,-0.656657,-0.295632,1.268431,0.445022,0.599694,-0.697790,1.324552,-0.894309,-1.607486,-0.655211,-0.282856
1788293478.336535,0.007384,-0.000360,0.000117,-1.019146,0.679360,-0.216293,0.095249,-0.083151,-0.991975,0.745122,0.000000,0.000000,-0.035654,-0.008787,-0.111878,0.285852,-0.048118,0.220011,0.112586,0.089878,-0.351609,-0.190850,-0.060962,-0.175666,-1.330814,-3.207043,-0.938115,1.243547,2.661627,3.425210,-4.319690,4.646939,4.341507,-4.690573,-0.589049,4.232424,-0.563534,-0.656657,-0.295632,1.268431,0.445022,0.599694,-0.697790,1.324552,-0.894309,-1.607486,-0.655211,-0.282856,-0.337786,-0.324023,0.080835,1.147778,0.698284,0.345046,-0.834714,1.396090,-0.738109,-1.710894,-0.900787,-0.230639
1788293478.356527,0.008816,-0.010362,-0.002741,-0.413277,0.515842,0.031248,0.084935,-0.091386,-0.992187,0.745122,0.000000,0.000000,-0.068455,-0.072093,-0.096642,0.303660,0.026328,0.235539,0.000847,0.202727,-0.263590,-0.317149,-0.116221,-0.107022,-1.418080,-2.923426,1.287180,0.458149,5.148722,-0.850848,-5.257804,5.017822,3.774275,-4.908739,-2.748894,2.356195,-0.337786,-0.324023,0.080835,1.147778,0.698284,0.345046,-0.834714,1.396090,-0.738109,-1.710894,-0.900787,-0.230639,-0.093107,-0.084952,0.233943,1.124301,0.772065,0.104266,-0.715838,1.282049,-0.725263,-1.701812,-1.090569,-0.302647
1788293478.376487,0.007887,-0.013570,-0.001550,0.467164,0.099723,0.122328,0.082999,-0.082076,-0.993164,0.745122,0.000000,0.000000,-0.074752,-0.105023,-0.041809,0.307344,0.104440,0.184355,-0.102752,0.284675,-0.210115,-0.385498,-0.183823,-0.073406,-0.305433,-0.959931,2.814343,-0.043633,3.883358,-3.076143,-4.188790,3.316126,1.701697,-2.159846,-2.639811,1.069015,-0.093107,-0.084952,0.233943,1.124301,0.772065,0.104266,-0.715838,1.282049,-0.725263,-1.701812,-1.090569,-0.302647,0.062869,0.007005,-0.021300,1.128743,0.853126,-0.162603,-0.748967,1.050232,-0.752529,-1.897289,-1.185913,-0.221557
1788293478.396464,0.006020,-0.013595,0.001099,0.799793,-0.208138,0.005282,0.087244,-0.066499,-0.993965,0.745122,0.000000,0.000000,-0.063912,-0.100777,0.010156,0.298996,0.157593,0.112720,-0.153061,0.313487,-0.191871,-0.410560,-0.240685,-0.074810,0.632682,0.763582,2.072578,-0.807215,2.443461,-3.228859,-1.505346,0.523599,0.349066,-1.090832,-2.007129,-0.174533,0.062869,0.007005,-0.021300,1.128743,0.853126,-0.162603,-0.748967,1.050232,-0.752529,-1.897289,-1.185913,-0.221557,0.091230,0.038362,-0.275372,1.034074,0.967299,-0.451997,-0.737556,0.717905,-0.804718,-1.962647,-1.176833,-0.163227
1788293478.416481,0.002899,-0.008459,0.005338,0.611507,-0.266861,-0.051842,0.092865,-0.054250,-0.994200,0.745122,0.000000,0.000000,-0.039976,-0.072674,0.021236,0.280578,0.191237,0.047084,-0.165385,0.294564,-0.190611,-0.450563,-0.273126,-0.062189,1.156281,1.418080,0.130900,-0.916298,1.723513,-3.228859,-0.261799,-1.505346,0.000000,-1.308998,-1.221731,0.196350,0.091230,0.038362,-0.275372,1.034074,0.967299,-0.451997,-0.737556,0.717905,-0.804718,-1.962647,-1.176833,-0.163227,0.130965,0.204880,-0.421211,0.820064,0.969250,-0.718503,-0.643125,0.288338,-0.937638,-1.707115,-1.027611,-0.342846
1788293478.436480,0.000508,-0.004024,0.005227,0.465033,-0.201614,0.020329,0.097321,-0.043788,-0.994289,0.745122,0.000000,0.000000,-0.020251,-0.047102,0.003289,0.262088,0.218061,-0.022238,-0.168701,0.245793,-0.201595,-0.472394,-0.283803,-0.049871,0.741765,1.047198,-1.003564,-0.719948,1.112648,-3.425209,-0.130900,-2.596177,-1.003564,-0.676316,-0.305433,0.174533,0.130965,0.204880,-0.421211,0.820064,0.969250,-0.718503,-0.643125,0.288338,-0.937638,-1.707115,-1.027611,-0.342846,0.258472,0.413866,-0.567273,0.600610,0.635808,-0.857981,-0.422150,-0.379373,-1.316229,-1.207243,-0.645038,-0.781193
1788293478.456432,-0.003909,0.002723,0.000710,0.350384,-0.232240,0.063206,0.103243,-0.035613,-0.994018,0.745122,0.000000,0.000000,-0.004546,-0.023829,-0.026646,0.242014,0.228729,-0.094876,-0.167087,0.175178,-0.226982,-0.442131,-0.267863,-0.073397,0.589049,0.829032,-1.570796,-0.938115,-0.807215,-2.988877,-0.043633,-3.512475,-1.876229,0.785398,0.610865,-0.763582,0.258472,0.413866,-0.567273,0.600610,0.635808,-0.857981,-0.422150,-0.379373,-1.316229,-1.207243,-0.645038,-0.781193,0.277306,0.541830,-0.622957,0.489306,0.176635,-0.606995,0.127676,-0.811614,-1.718235,-0.651628,-0.196449,-1.355421
1788293478.476462,-0.005489,0.004679,-0.000938,0.244790,-0.303479,0.039637,0.109382,-0.030657,-0.993527,0.745122,0.000000,0.000000,0.015424,0.002667,-0.058526,0.210225,0.202797,-0.149977,-0.146625,0.071759,-0.298071,-0.361036,-0.210362,-0.143625,0.872665,1.265364,-1.396264,-1.352630,-2.945244,-1.985312,1.090831,-4.886922,-3.905175,3.796091,3.141593,-3.010693,0.277306,0.541830,-0.622957,0.489306,0.176635,-0.606995,0.127676,-0.811614,-1.718235,-0.651628,-0.196449,-1.355421,0.130526,0.625284,-0.367197,0.557725,0.084916,-0.278823,0.646682,-0.587864,-1.840634,-0.199020,-0.096155,-1.631985
1788293478.496476,-0.010786,0.010160,-0.005306,0.247586,-0.302148,0.030050,0.115150,-0.025356,-0.993024,0.745122,0.000000,0.000000,0.035111,0.039052,-0.086781,0.172749,0.142464,-0.153451,-0.090846,-0.047395,-0.386532,-0.239660,-0.121321,-0.259294,0.981748,1.658063,-0.981748,-1.614430,-3.817908,-0.065450,2.792527,-5.301437,-3.490659,4.930555,4.516040,-5.083272,0.130526,0.625284,-0.367197,0.557725,0.084916,-0.278823,0.646682,-0.587864,-1.840634,-0.199020,-0.096155,-1.631985,0.082564,0.613451,-0.134155,0.756381,0.160072,0.042757,0.941968,-0.254971,-1.702966,-0.001362,-0.082686,-1.689428
1788293478.516435,-0.012227,0.011298,-0.004442,0.024946,-0.132371,0.010875,0.116172,-0.023205,-0.992958,0.745122,0.000000,0.000000,0.043421,0.074100,-0.092017,0.152261,0.089479,-0.114214,0.009115,-0.112597,-0.431731,-0.118310,-0.060526,-0.360035,0.283616,1.548980,-0.109083,-0.458149,-2.116212,1.745329,5.039639,-2.508911,-0.436333,4.079707,2.072579,-3.185226,0.082564,0.613451,-0.134155,0.756381,0.160072,0.042757,0.941968,-0.254971,-1.702966,-0.001362,-0.082686,-1.689428,0.010068,0.361497,-0.263771,1.051176,-0.355098,0.593510,1.028403,-0.246161,-1.995314,0.002061,0.025948,-1.775947
1788293478.536433,-0.012298,0.012134,-0.000962,0.026544,0.161908,0.062673,0.112265,-0.022105,-0.993432,0.745122,0.000000,0.000000,0.039933,0.096585,-0.080989,0.162078,0.061966,-0.056913,0.117953,-0.112392,-0.432314,-0.041439,-0.035219,-0.401792,-0.392699,0.938115,0.676315,1.003564,-1.985312,2.552544,4.756023,0.698132,-1.439897,2.465277,0.807216,-1.221731,0.010068,0.361497,-0.263771,1.051176,-0.355098,0.593510,1.028403,-0.246161,-1.995314,0.002061,0.025948,-1.775947,-0.226172,-0.064837,-0.634010,1.405466,-0.596554,1.107266,0.757240,0.017441,-1.904207,-0.172303,-0.021921,-1.366683
1788293478.556426,-0.009073,0.012036,0.006031,0.049980,0.244999,0.040569,0.109438,-0.023326,-0.993720,0.745122,0.000000,0.000000,0.023567,0.097272,-0.069254,0.194154,0.007083,0.034695,0.191508,-0.082405,-0.469282,-0.016606,-0.009811,-0.425046,-0.719948,-0.043633,0.370883,1.592613,-4.079707,3.752458,2.596178,1.221731,-0.567232,0.698132,0.959932,-0.654499,-0.226172,-0.064837,-0.634010,1.405466,-0.596554,1.107266,0.757240,0.017441,-1.904207,-0.172303,-0.021921,-1.366683,-0.288758,-0.539887,-0.794884,1.536902,-0.400499,1.125785,0.243407,0.612362,-1.603142,-0.602624,-0.199390,-0.766315
1788293478.576522,-0.005954,0.009586,0.007572,-0.797305,0.313042,-0.235467,0.103201,-0.040775,-0.993824,0.745122,0.000000,0.000000,-0.001298,0.069535,-0.083866,0.234637,-0.060406,0.142298,0.209959,-0.046206,-0.466348,-0.036980,-0.005333,-0.376109,-0.894481,-1.265364,-0.807215,1.745329,-2.312562,4.363323,0.305433,1.810779,1.047198,-0.523599,0.065450,2.181662,-0.288758,-0.539887,-0.794884,1.536902,-0.400499,1.125785,0.243407,0.612362,-1.603142,-0.602624,-0.199390,-0.766315,-0.514343,-0.824919,-0.574599,1.407787,0.118244,0.818400,-0.401388,1.148638,-1.157480,-1.284305,-0.460321,-0.361084
1788293478.596514,-0.000959,0.001592,0.003694,-0.814749,0.579225,-0.193523,0.091361,-0.057659,-0.994147,0.745122,0.000000,0.000000,-0.023395,0.010406,-0.111426,0.277128,-0.078621,0.215860,0.174662,0.026645,-0.419663,-0.104729,-0.029781,-0.271108,-1.090831,-2.857977,-1.287180,1.679879,1.178097,3.621558,-2.268928,3.577925,2.617994,-2.596178,-0.938115,5.017822,-0.514343,-0.824919,-0.574599,1.407787,0.118244,0.818400,-0.401388,1.148638,-1.157480,-1.284305,-0.460321,-0.361084,-0.449164,-0.536189,-0.199851,1.244162,0.550368,0.511726,-0.836413,1.436789,-0.827472,-1.698889,-0.731842,-0.278031
1788293478.616449,0.001208,-0.003927,0.001177,-0.857226,0.548333,-0.155573,0.080484,-0.074649,-0.993957,0.745122,0.000000,0.000000,-0.055908,-0.060495,-0.117837,0.305593,-0.032942,0.264580,0.087178,0.134702,-0.330360,-0.219062,-0.076891,-0.157031,-1.548980,-3.425209,-0.239983,1.112647,4.079707,1.308997,-4.581490,5.257805,4.799656,-6.348636,-2.028946,4.101524,-0.449164,-0.536189,-0.199851,1.244162,0.550368,0.511726,-0.836413,1.436789,-0.827472,-1.698889,-0.731842,-0.278031,-0.203586,-0.251789,0.201807,1.143548,0.715975,0.279376,-0.735454,1.385327,-0.712231,-1.658373,-0.950437,-0.291398
1788293478.636478,0.001824,-0.006851,0.000349,-0.021792,0.251656,0.036308,0.075535,-0.074984,-0.994320,0.745122,0.000000,0.000000,-0.074926,-0.108104,-0.087433,0.316234,0.049328,0.240742,-0.032072,0.245373,-0.245537,-0.346520,-0.138114,-0.099414,-0.916298,-1.963496,1.941679,0.239983,5.061455,-2.247112,-5.519604,4.712390,3.337943,-4.385140,-2.552544,1.898046,-0.203586,-0.251789,0.201807,1.143548,0.715975,0.279376,-0.735454,1.385327,-0.712231,-1.658373,-0.950437,-0.291398,0.016751,-0.084892,0.203199,1.136303,0.806110,0.024513,-0.671650,1.213138,-0.738549,-1.726552,-1.106465,-0.308840
1788293478.656520,0.001683,-0.012000,0.000882,0.805119,-0.162598,-0.013227,0.078816,-0.059017,-0.995141,0.745122,0.000000,0.000000,-0.077059,-0.124265,-0.056170,0.314871,0.087906,0.203771,-0.084241,0.283255,-0.215411,-0.371773,-0.171305,-0.087816,0.479966,-1.178098,3.097960,-0.109083,3.294309,-3.839725,-4.450590,3.403393,2.487095,-1.963496,-4.210607,0.981748,0.016751,-0.084892,0.203199,1.136303,0.806110,0.024513,-0.671650,1.213138,-0.738549,-1.726552,-1.106465,-0.308840,0.105547,-0.069265,-0.052515,1.143178,0.879022,-0.197244,-0.687904,0.975575,-0.748284,-1.947436,-1.069426,-0.249435
1788293478.676450,-0.000189,-0.009462,0.004216,0.633212,-0.329312,-0.080072,0.085634,-0.047132,-0.995211,0.745122,0.000000,0.000000,-0.052853,-0.105053,0.012479,0.299719,0.170645,0.094366,-0.151660,0.318276,-0.191033,-0.415245,-0.248332,-0.077734,1.025381,1.178097,1.483530,-0.938115,2.116212,-3.447026,-0.567233,-0.218166,0.327250,-1.069015,-1.570797,-0.000000,0.105547,-0.069265,-0.052515,1.143178,0.879022,-0.197244,-0.687904,0.975575,-0.748284,-1.947436,-1.069426,-0.249435,0.082424,0.002118,-0.286617,0.996695,0.999906,-0.459275,-0.700266,0.621636,-0.818183,-1.925217,-1.137748,-0.203529
1788293478.696436,-0.001072,-0.004545,0.005213,0.536406,-0.283772,-0.025877,0.091445,-0.036254,-0.995150,0.745122,0.000000,0.000000,-0.028959,-0.076257,0.015133,0.280177,0.200583,0.031567,-0.156582,0.286222,-0.190518,-0.460059,-0.257184,-0.068985,1.069014,1.396264,0.021817,-0.872665,1.658063,-3.119776,0.000000,-1.854413,-0.283616,-1.418081,-0.174533,0.087267,0.082424,0.002118,-0.286617,0.996695,0.999906,-0.459275,-0.700266,0.621636,-0.818183,-1.925217,-1.137748,-0.203529,0.179146,0.226485,-0.415396,0.748901,0.928613,-0.730358,-0.626441,0.149043,-1.011873,-1.584099,-0.946638,-0.426102
1788293478.716527,-0.002112,-0.000958,0.003681,0.231474,-0.220655,0.037373,0.095986,-0.032521,-0.994851,0.745122,0.000000,0.000000,-0.012449,-0.053083,-0.005487,0.262797,0.224780,-0.033029,-0.157556,0.231367,-0.204039,-0.470048,-0.270836,-0.058333,0.632682,0.872665,-1.178097,-0.741765,0.698132,-2.901610,0.000000,-2.770710,-1.287180,-0.436333,-0.589049,0.196350,0.179146,0.226485,-0.415396,0.748901,0.928613,-0.730358,-0.626441,0.149043,-1.011873,-1.584099,-0.946638,-0.426102,0.294571,0.413892,-0.589381,0.583081,0.493513,-0.807145,-0.318817,-0.536862,-1.400035,-1.053386,-0.515559,-0.931769
1788293478.736596,-0.003896,0.002579,0.000981,0.248119,-0.337435,0.031248,0.103387,-0.027736,-0.994254,0.745122,0.000000,0.000000,0.002111,-0.030385,-0.035501,0.238734,0.227238,-0.098359,-0.159737,0.154057,-0.240612,-0.424724,-0.250802,-0.089228,0.632682,0.850848,-1.461713,-0.981748,-1.548980,-2.727077,-0.130900,-3.926991,-2.312562,1.679880,0.872664,-1.112647,0.294571,0.413892,-0.589381,0.583081,0.493513,-0.807145,-0.318817,-0.536862,-1.400035,-1.053386,-0.515559,-0.931769,0.232861,0.556731,-0.590118,0.491221,0.110133,-0.500852,0.249221,-0.823521,-1.791053,-0.516438,-0.117965,-1.487372
1788293478.756453,-0.006516,0.006601,-0.003907,0.250116,-0.471525,0.001820,0.112941,-0.022913,-0.993337,0.745122,0.000000,0.000000,0.022286,-0.000207,-0.066565,0.206088,0.188685,-0.146099,-0.135665,0.043130,-0.316743,-0.329574,-0.186574,-0.170953,1.047198,1.483530,-1.352630,-1.374447,-3.512475,-1.723513,1.352630,-5.192355,-4.079707,4.297874,3.774275,-3.796091,0.232861,0.556731,-0.590118,0.491221,0.110133,-0.500852,0.249221,-0.823521,-1.791053,-0.516438,-0.117965,-1.487372,0.100877,0.610220,-0.300298,0.587375,0.156049,-0.184699,0.713769,-0.510168,-1.801693,-0.118953,-0.103053,-1.654631
1788293478.776673,-0.007932,0.008486,-0.006374,0.036664,-0.383641,0.030716,0.118830,-0.021251,-0.992687,0.745122,0.000000,0.000000,0.038005,0.040491,-0.092265,0.169698,0.125820,-0.138591,-0.070816,-0.071538,-0.402483,-0.204947,-0.096414,-0.293549,0.763582,1.745329,-0.829032,-1.505347,-3.272493,0.414515,3.403393,-4.930556,-2.683444,4.821473,4.036074,-5.061455,0.100877,0.610220,-0.300298,0.587375,0.156049,-0.184699,0.713769,-0.510168,-1.801693,-0.118953,-0.103053,-1.654631,0.084273,0.580781,-0.136201,0.838652,0.056965,0.162622,0.977816,-0.237511,-1.776904,-0.005327,-0.029775,-1.746433
1788293478.796491,-0.008163,0.009798,-0.005885,-0.243101,-0.055672,0.026721,0.119064,-0.025490,-0.992559,0.745122,0.000000,0.000000,0.042676,0.074899,-0.095309,0.155299,0.083848,-0.095534,0.034210,-0.122109,-0.432663,-0.091893,-0.051636,-0.375770,0.021817,1.548980,-0.043633,-0.196350,-1.788963,1.810779,5.126905,-1.745330,-0.610866,3.730642,1.418080,-2.443461,0.084273,0.580781,-0.136201,0.838652,0.056965,0.162622,0.977816,-0.237511,-1.776904,-0.005327,-0.029775,-1.746433,-0.040030,0.246509,-0.362639,1.170245,-0.496417,0.763691,0.963380,-0.208747,-2.052154,-0.022531,0.064037,-1.717953
1788293478.816419,-0.006417,0.009979,-0.002240,-0.056414,0.091334,0.091169,0.117159,-0.026515,-0.992759,0.745122,0.000000,0.000000,0.037863,0.095363,-0.082619,0.171405,0.052238,-0.031485,0.136671,-0.108127,-0.442764,-0.033073,-0.024711,-0.415013,-0.370883,0.829032,0.654498,1.112647,-2.443461,2.683444,4.450590,1.199914,-1.679880,1.745330,0.959931,-1.003564,-0.040030,0.246509,-0.362639,1.170245,-0.496417,0.763691,0.963380,-0.208747,-2.052154,-0.022531,0.064037,-1.717953,-0.272690,-0.213559,-0.726503,1.497733,-0.596513,1.189395,0.616257,0.177089,-1.842132,-0.270083,-0.076250,-1.166867
1788293478.836579,-0.003110,0.009317,0.002149,-0.314740,0.077353,-0.017621,0.116779,-0.034775,-0.992549,0.745122,0.000000,0.000000,0.020153,0.090569,-0.076688,0.207476,-0.011982,0.064049,0.196681,-0.076240,-0.480439,-0.018112,0.000806,-0.419753,-0.654499,-0.349066,0.109083,1.570796,-4.166974,3.796091,1.941679,1.374447,-0.327250,0.392700,1.003564,-0.087266,-0.272690,-0.213559,-0.726503,1.497733,-0.596513,1.189395,0.616257,0.177089,-1.842132,-0.270083,-0.076250,-1.166867,-0.371261,-0.678073,-0.752285,1.502358,-0.264279,1.056834,0.023623,0.834633,-1.469252,-0.778213,-0.237867,-0.574531
1788293478.856459,0.003235,0.003567,0.002992,-1.172145,0.285612,-0.207504,0.110643,-0.058854,-0.992116,0.745122,0.000000,0.000000,-0.006043,0.054004,-0.096615,0.249268,-0.072335,0.168368,0.200431,-0.028802,-0.461003,-0.052113,-0.007850,-0.349359,-1.047198,-1.788963,-1.090831,1.788963,-1.199914,4.406956,-0.043633,2.356195,1.636246,-1.047197,-0.370883,3.752458,-0.371261,-0.678073,-0.752285,1.502358,-0.264279,1.056834,0.023623,0.834633,-1.469252,-0.778213,-0.237867,-0.574531,-0.549658,-0.789724,-0.456039,1.342388,0.274922,0.745900,-0.552946,1.316298,-1.021677,-1.416168,-0.584939,-0.295137
1788293478.876462,0.007311,-0.002757,0.000455,-1.035525,0.566043,-0.188063,0.098028,-0.080007,-0.991962,0.745122,0.000000,0.000000,-0.032245,-0.012286,-0.120267,0.285399,-0.071118,0.231863,0.149317,0.058841,-0.395281,-0.133423,-0.036457,-0.227453,-1.439897,-3.097960,-1.069014,1.439897,2.203478,3.708825,-2.923427,4.385140,3.665191,-3.468841,-1.047198,5.257805,-0.549658,-0.789724,-0.456039,1.342388,0.274922,0.745900,-0.552946,1.316298,-1.021677,-1.416168,-0.584939,-0.295137,-0.395328,-0.443994,-0.050632,1.201302,0.621070,0.434660,-0.842688,1.474024,-0.763579,-1.689896,-0.802677,-0.266879
1788293478.896617,0.010262,-0.009375,-0.001908,-0.660951,0.436214,-0.075678,0.089147,-0.093055,-0.991662,0.745122,0.000000,0.000000,-0.065979,-0.080002,-0.115301,0.308140,-0.009031,0.264678,0.049980,0.178488,-0.297687,-0.258247,-0.095820,-0.127795,-1.527163,-3.272492,0.610865,0.676315,4.952372,0.196350,-4.821473,5.694138,4.996005,-5.955936,-2.879794,3.272493,-0.395328,-0.443994,-0.050632,1.201302,0.621070,0.434660,-0.842688,1.474024,-0.763579,-1.689896,-0.802677,-0.266879,-0.117262,-0.190275,0.246416,1.146923,0.728895,0.191717,-0.699017,1.361118,-0.699044,-1.643526,-0.993917,-0.312542
1788293478.916454,0.011749,-0.016183,-0.002383,0.204576,0.129417,0.088373,0.086679,-0.088903,-0.992262,0.745122,0.000000,0.000000,-0.077912,-0.118339,-0.070326,0.314644,0.073725,0.224039,-0.066668,0.280225,-0.225512,-0.362801,-0.160124,-0.086689,-0.589049,-1.352630,2.465277,0.065450,4.494223,-2.967060,-5.301438,4.297874,2.508911,-3.228859,-2.356195,1.330814,-0.117262,-0.190275,0.246416,1.146923,0.728895,0.191717,-0.699017,1.361118,-0.699044,-1.643526,-0.993917,-0.312542,0.071069,-0.049403,0.111045,1.151918,0.818511,-0.053086,-0.708888,1.166001,-0.742697,-1.790027,-1.138635,-0.284587
1788293478.936471,0.010844,-0.016910,-0.001129,0.884481,-0.262467,0.026987,0.092120,-0.071333,-0.993190,0.745122,0.000000,0.000000,-0.069243,-0.122841,-0.011342,0.310158,0.138357,0.146181,-0.138081,0.324687,-0.192451,-0.391705,-0.217892,-0.080780,0.632682,0.632682,2.508911,-0.239983,2.945243,-3.708825,-2.378012,1.221731,0.589049,-1.199914,-2.138029,0.109084,0.071069,-0.049403,0.111045,1.151918,0.818511,-0.053086,-0.708888,1.166001,-0.742697,-1.790027,-1.138635,-0.284587,0.132364,-0.042777,-0.202963,1.098725,0.931191,-0.309594,-0.757347,0.837498,-0.799591,-1.978729,-1.149742,-0.188889
1788293478.956583,0.008492,-0.012328,0.001414,0.652520,-0.372056,-0.054239,0.100043,-0.058938,-0.993236,0.745122,0.000000,0.000000,-0.044129,-0.096484,0.015932,0.293021,0.179099,0.074341,-0.156838,0.316361,-0.189814,-0.427171,-0.257895,-0.074933,1.221731,1.483530,0.785398,-1.112647,2.050762,-3.403393,-0.436333,-0.981748,-0.087266,-1.221730,-1.374447,0.021817,0.132364,-0.042777,-0.202963,1.098725,0.931191,-0.309594,-0.757347,0.837498,-0.799591,-1.978729,-1.149742,-0.188889,0.104181,0.076240,-0.366178,0.913091,1.013026,-0.559202,-0.690119,0.472968,-0.858720,-1.842069,-1.108236,-0.240229
1788293478.976473,0.006594,-0.007688,0.001827,0.525887,-0.297887,0.002087,0.106479,-0.047977,-0.993157,0.745122,0.000000,0.000000,-0.019338,-0.068117,0.007137,0.272645,0.209321,0.008605,-0.164065,0.271354,-0.198776,-0.468969,-0.273893,-0.057834,1.025381,1.199914,-0.610865,-0.850848,1.570796,-3.250676,-0.370883,-2.421645,-0.436332,-1.243547,-0.523599,0.349066,0.104181,0.076240,-0.366178,0.913091,1.013026,-0.559202,-0.690119,0.472968,-0.858720,-1.842069,-1.108236,-0.240229,0.213174,0.316037,-0.498963,0.651361,0.842517,-0.799744,-0.585786,-0.108087,-1.138118,-1.420728,-0.825019,-0.573004
1788293478.996433,0.003984,-0.002758,0.000166,0.311635,-0.238365,0.051222,0.111636,-0.041520,-0.992881,0.745122,0.000000,0.000000,-0.004860,-0.045365,-0.019114,0.253558,0.230196,-0.057614,-0.167785,0.207003,-0.212975,-0.460444,-0.274105,-0.060316,0.436332,0.850848,-1.439897,-0.829032,0.218166,-2.901610,-0.130900,-3.294309,-1.527163,0.043633,0.043633,-0.152716,0.213174,0.316037,-0.498963,0.651361,0.842517,-0.799744,-0.585786,-0.108087,-1.138118,-1.420728,-0.825019,-0.573004,0.306942,0.461468,-0.648540,0.519951,0.361638,-0.729069,-0.141652,-0.724529,-1.554362,-0.872019,-0.344428,-1.137269
1788293479.016452,-0.001021,0.004076,-0.004371,0.226947,-0.368727,0.055616,0.119259,-0.036897,-0.992177,0.745122,0.000000,0.000000,0.010854,-0.019796,-0.050579,0.223549,0.221500,-0.120557,-0.160621,0.115417,-0.264703,-0.397789,-0.235689,-0.110330,0.632682,1.047198,-1.461713,-1.265364,-2.225295,-2.596178,0.458149,-4.472406,-2.923427,2.443461,1.898046,-1.919863,0.306942,0.461468,-0.648540,0.519951,0.361638,-0.729069,-0.141652,-0.724529,-1.554362,-0.872019,-0.344428,-1.137269,0.190052,0.600355,-0.506080,0.488121,0.053600,-0.378237,0.429461,-0.747826,-1.862835,-0.355359,-0.084711,-1.582562
1788293479.036464,-0.004324,0.007738,-0.006954,0.304045,-0.383641,0.028984,0.127126,-0.030950,-0.991404,0.745122,0.000000,0.000000,0.030543,0.014249,-0.081867,0.187860,0.171174,-0.151027,-0.122344,-0.004684,-0.350297,-0.294215,-0.157239,-0.210496,0.959931,1.767146,-1.134464,-1.592613,-3.970625,-1.003565,2.028945,-5.606871,-4.406957,5.105089,4.646939,-4.799656,0.190052,0.600355,-0.506080,0.488121,0.053600,-0.378237,0.429461,-0.747826,-1.862835,-0.355359,-0.084711,-1.582562,0.098127,0.630703,-0.191226,0.649538,0.211778,-0.089856,0.816889,-0.344300,-1.683754,-0.033814,-0.112435,-1.638242
1788293479.056428,-0.008158,0.011558,-0.008185,0.140927,-0.306542,0.034444,0.131596,-0.026382,-0.990952,0.745122,0.000000,0.000000,0.042641,0.054157,-0.098006,0.155697,0.108152,-0.126622,-0.040095,-0.098070,-0.421891,-0.163847,-0.073695,-0.330130,0.719949,1.701696,-0.501782,-1.069014,-2.596178,1.265364,4.297874,-3.752459,-1.025381,4.756023,3.097960,-4.276057,0.098127,0.630703,-0.191226,0.649538,0.211778,-0.089856,0.816889,-0.344300,-1.683754,-0.033814,-0.112435,-1.638242,0.060658,0.526555,-0.146446,0.892212,-0.128666,0.360004,1.030943,-0.256685,-1.886176,0.006721,-0.007421,-1.783815
1788293479.076559,-0.009218,0.012951,-0.005256,-0.080781,0.051786,0.018199,0.129567,-0.027140,-0.991199,0.745122,0.000000,0.000000,0.044247,0.085851,-0.092009,0.153597,0.073578,-0.078140,0.071175,-0.122815,-0.425046,-0.062190,-0.044373,-0.384159,-0.305433,1.287180,0.458149,0.305433,-2.116212,2.116212,5.235989,-0.283617,-1.330814,3.250676,0.894482,-1.592614,0.060658,0.526555,-0.146446,0.892212,-0.128666,0.360004,1.030943,-0.256685,-1.886176,0.006721,-0.007421,-1.783815,-0.137549,0.115846,-0.448173,1.236730,-0.569248,0.934378,0.910453,-0.148385,-1.989682,-0.040526,0.075079,-1.614964
1788293479.096631,-0.006847,0.012731,0.001055,0.241860,0.201722,0.113407,0.127798,-0.023787,-0.991515,0.745122,0.000000,0.000000,0.040066,0.093991,-0.083828,0.166927,0.057166,-0.033817,0.125493,-0.110519,-0.443708,-0.037297,-0.030305,-0.408613,-0.545415,0.414516,0.807215,1.156281,-1.156281,4.428773,5.214172,1.592613,-1.439897,2.138029,1.745329,-2.421645,-0.137549,0.115846,-0.448173,1.236730,-0.569248,0.934378,0.910453,-0.148385,-1.989682,-0.040526,0.075079,-1.614964,-0.246295,-0.237554,-0.717698,1.486816,-0.567979,1.130125,0.564524,0.292873,-1.762771,-0.318449,-0.083015,-1.057957
1788293479.116617,-0.004074,0.011033,0.003584,-0.514610,0.209046,-0.122150,0.124469,-0.039766,-0.991426,0.745122,0.000000,0.000000,0.011107,0.083819,-0.076944,0.213846,-0.038942,0.102340,0.207145,-0.064118,-0.477605,-0.018690,0.005128,-0.407565,-0.829032,-0.698132,-0.152716,1.461713,-3.796092,3.926991,1.243548,1.505347,-0.261799,0.021817,0.850848,0.349065,-0.246295,-0.237554,-0.717698,1.486816,-0.567979,1.130125,0.564524,0.292873,-1.762771,-0.318449,-0.083015,-1.057957,-0.436931,-0.711477,-0.683241,1.487350,-0.212978,1.008178,-0.084262,0.880914,-1.389523,-0.930683,-0.252938,-0.543219
1788293479.136528,-0.000664,0.006638,0.002860,-0.822072,0.412778,-0.184068,0.115976,-0.056696,-0.991633,0.745122,0.000000,0.000000,-0.012002,0.045452,-0.098248,0.254728,-0.085585,0.189599,0.200220,-0.013405,-0.447902,-0.057352,-0.007288,-0.331373,-0.981748,-2.094395,-1.090831,1.963496,-0.436333,3.097960,-0.763582,2.443461,1.963496,-1.570797,-0.479965,4.406956,-0.436931,-0.711477,-0.683241,1.487350,-0.212978,1.008178,-0.084262,0.880914,-1.389523,-0.930683,-0.252938,-0.543219,-0.507847,-0.682424,-0.401975,1.303883,0.369022,0.672380,-0.673955,1.356397,-0.954037,-1.553994,-0.627876,-0.301901
1788293479.156553,0.002175,0.001400,0.000888,-0.849636,0.638614,-0.235334,0.102868,-0.073721,-0.991959,0.745122,0.000000,0.000000,-0.040437,-0.021757,-0.116206,0.290213,-0.069294,0.246764,0.138771,0.075811,-0.377587,-0.153566,-0.038491,-0.211521,-1.461713,-3.119776,-0.763582,1.352630,2.879793,3.207043,-3.468842,4.537857,3.730642,-4.974189,-1.156280,4.646939,-0.507847,-0.682424,-0.401975,1.303883,0.369022,0.672380,-0.673955,1.356397,-0.954037,-1.553994,-0.627876,-0.301901,-0.328598,-0.401593,0.027351,1.193691,0.644979,0.366582,-0.842101,1.437068,-0.758932,-1.724346,-0.818273,-0.272263
1788293479.176412,0.004609,-0.007671,-0.001436,-0.487313,0.491874,-0.032135,0.092855,-0.083384,-0.992182,0.745122,0.000000,0.000000,-0.069134,-0.081259,-0.107376,0.307112,0.002791,0.255119,0.030294,0.193337,-0.282535,-0.293031,-0.101440,-0.123303,-1.330814,-2.727077,0.829032,0.458149,5.170538,-0.894481,-5.083272,5.475971,4.406957,-5.563238,-3.228859,2.967060,-0.328598,-0.401593,0.027351,1.193691,0.644979,0.366582,-0.842101,1.437068,-0.758932,-1.724346,-0.818273,-0.272263,-0.089096,-0.134222,0.258364,1.142990,0.743052,0.154854,-0.683935,1.328373,-0.719215,-1.667247,-1.021796,-0.334368
1788293479.196499,0.004395,-0.011909,-0.000960,0.383541,0.231550,0.109678,0.088408,-0.075637,-0.993208,0.745122,0.000000,0.000000,-0.074885,-0.113193,-0.058275,0.311184,0.085310,0.199378,-0.085610,0.285226,-0.219739,-0.380379,-0.166435,-0.085580,-0.174533,-1.003565,2.574361,-0.109083,4.166974,-3.359759,-4.996006,3.839725,2.116212,-2.748894,-2.312561,1.156281,-0.089096,-0.134222,0.258364,1.142990,0.743052,0.154854,-0.683935,1.328373,-0.719215,-1.667247,-1.021796,-0.334368,0.064546,-0.012004,0.054849,1.144463,0.827370,-0.084859,-0.729817,1.128145,-0.764820,-1.839816,-1.171771,-0.274409
1788293479.216703,0.001684,-0.012898,0.002675,0.851458,-0.135700,0.048958,0.091365,-0.058764,-0.994082,0.745122,0.000000,0.000000,-0.071687,-0.118620,-0.029889,0.308934,0.119324,0.157648,-0.123552,0.309685,-0.201442,-0.393483,-0.197259,-0.083987,1.112647,0.000000,2.770710,-0.087267,2.901610,-3.774275,-3.054327,1.963496,1.461714,-0.981748,-3.861541,0.021817,0.064546,-0.012004,0.054849,1.144463,0.827370,-0.084859,-0.729817,1.128145,-0.764820,-1.839816,-1.171771,-0.274409,0.078341,-0.004908,-0.168500,1.096230,0.911180,-0.295965,-0.732253,0.857114,-0.781477,-1.986495,-1.145287,-0.219353
1788293479.236468,0.000011,-0.010795,0.005321,0.540667,-0.208005,-0.023879,0.096991,-0.048002,-0.994127,0.745122,0.000000,0.000000,-0.051084,-0.098208,0.005691,0.297568,0.167457,0.089520,-0.157635,0.317580,-0.193752,-0.423478,-0.246112,-0.078069,1.483530,1.614430,0.959931,-1.112647,1.745329,-3.097960,-0.785399,-0.589048,0.000000,-2.225296,-2.552544,1.003564,0.078341,-0.004908,-0.168500,1.096230,0.911180,-0.295965,-0.732253,0.857114,-0.781477,-1.986495,-1.145287,-0.219353,0.053030,0.065719,-0.309678,0.928222,0.988362,-0.501850,-0.658343,0.518840,-0.813965,-1.864838,-1.177010,-0.229261
1788293479.256538,-0.001756,-0.007279,0.005962,0.437470,-0.149682,0.015003,0.100153,-0.039209,-0.994199,0.745122,0.000000,0.000000,-0.020030,-0.055592,0.003142,0.269806,0.208759,0.003047,-0.165502,0.268288,-0.196746,-0.473386,-0.276183,-0.062716,0.719948,1.090831,-0.632682,-0.545415,1.352630,-2.967060,-0.305433,-2.181661,-0.218166,-1.025382,-0.305433,0.305433,0.053030,0.065719,-0.309678,0.928222,0.988362,-0.501850,-0.658343,0.518840,-0.813965,-1.864838,-1.177010,-0.229261,0.187748,0.334178,-0.466730,0.674896,0.835022,-0.792490,-0.584907,-0.015207,-1.106533,-1.471985,-0.896305,-0.538696
1788293479.276547,-0.004943,-0.002150,0.002779,0.183005,-0.111998,0.040436,0.102096,-0.037751,-0.994058,0.745122,0.000000,0.000000,-0.008710,-0.036862,-0.019856,0.254215,0.226804,-0.054079,-0.165017,0.209763,-0.203818,-0.465854,-0.285414,-0.059730,0.458149,0.632682,-1.243547,-0.632682,0.218166,-2.443461,0.065450,-2.923426,-1.178097,-0.043633,-0.305433,0.021817,0.187748,0.334178,-0.466730,0.674896,0.835022,-0.792490,-0.584907,-0.015207,-1.106533,-1.471985,-0.896305,-0.538696,0.304178,0.478073,-0.645274,0.574333,0.345095,-0.778392,-0.167392,-0.651703,-1.513682,-0.930008,-0.399461,-1.088918
1788293479.297224,-0.007215,0.000568,-0.000327,0.239197,-0.308939,0.031115,0.108543,-0.033103,-0.993540,0.745122,0.000000,0.000000,0.004843,-0.012708,-0.047718,0.225935,0.217404,-0.115005,-0.159047,0.126426,-0.256620,-0.406916,-0.251236,-0.105482,0.523599,0.894481,-1.243547,-1.178097,-2.290745,-2.596178,0.087266,-4.101523,-3.054327,2.399828,1.723513,-1.701697,0.304178,0.478073,-0.645274,0.574333,0.345095,-0.778392,-0.167392,-0.651703,-1.513682,-0.930008,-0.399461,-1.088918,0.186952,0.599115,-0.522575,0.524233,0.065561,-0.422560,0.403610,-0.747495,-1.836840,-0.403549,-0.092103,-1.568939
1788293479.317029,-0.010179,0.003256,-0.004410,0.255842,-0.354213,0.005149,0.115788,-0.028439,-0.992867,0.745122,0.000000,0.000000,0.025433,0.019668,-0.078300,0.193922,0.169385,-0.153233,-0.124602,0.012229,-0.335876,-0.303874,-0.172873,-0.200340,1.134464,1.701696,-1.330814,-1.308997,-3.381576,-1.396264,1.854413,-5.279621,-3.054327,4.516040,4.821473,-4.494223,0.186952,0.599115,-0.522575,0.524233,0.065561,-0.422560,0.403610,-0.747495,-1.836840,-0.403549,-0.092103,-1.568939,0.084946,0.641972,-0.214831,0.632478,0.123021,-0.097816,0.823294,-0.442986,-1.817064,-0.076139,-0.097412,-1.674740
1788293479.336922,-0.011782,0.003931,-0.005037,-0.073058,-0.223052,0.066935,0.117998,-0.026817,-0.992652,0.745122,0.000000,0.000000,0.039014,0.057825,-0.098606,0.162446,0.107781,-0.136794,-0.049487,-0.083644,-0.415324,-0.184174,-0.087058,-0.312221,0.719948,1.810779,-0.741765,-1.199914,-2.857977,0.763581,3.556109,-4.036074,-2.356195,5.279622,3.752458,-5.279622,0.084946,0.641972,-0.214831,0.632478,0.123021,-0.097816,0.823294,-0.442986,-1.817064,-0.076139,-0.097412,-1.674740,0.090306,0.572346,-0.116102,0.912180,-0.053081,0.278912,1.051320,-0.199332,-1.836093,-0.006228,0.016887,-1.764758
1788293479.356544,-0.012073,0.004057,-0.002766,-0.178919,0.060708,0.057081,0.116147,-0.030059,-0.992777,0.745122,0.000000,0.000000,0.041686,0.088908,-0.095456,0.156400,0.069083,-0.086922,0.059291,-0.120552,-0.440408,-0.077388,-0.047251,-0.385487,-0.174533,1.265364,0.305433,-0.065450,-1.898046,2.116212,5.061455,-0.938114,-0.807215,3.512475,1.156281,-2.072579,0.090306,0.572346,-0.116102,0.912180,-0.053081,0.278912,1.051320,-0.199332,-1.836093,-0.006228,0.016887,-1.764758,-0.072045,0.171425,-0.419305,1.251796,-0.562233,0.888621,0.931758,-0.119315,-2.024681,-0.036898,0.071560,-1.644715
1788293479.376621,-0.009920,0.003602,0.001300,-0.046959,0.174558,0.100490,0.113011,-0.030887,-0.993114,0.745122,0.000000,0.000000,0.035280,0.105819,-0.079298,0.178956,0.031232,-0.014065,0.158995,-0.097694,-0.454488,-0.029053,-0.016696,-0.420110,-0.523599,0.741765,0.741765,1.221730,-2.988877,3.141593,4.166974,1.592613,-1.570797,1.548980,1.156281,-0.850849,-0.072045,0.171425,-0.419305,1.251796,-0.562233,0.888621,0.931758,-0.119315,-2.024681,-0.036898,0.071560,-1.644715,-0.265886,-0.310378,-0.771529,1.544470,-0.576823,1.197651,0.516603,0.335015,-1.783364,-0.340849,-0.114992,-1.035403
1788293479.396618,-0.006488,0.002400,0.004924,-0.498631,0.199858,-0.066756,0.110230,-0.045969,-0.992843,0.745122,0.000000,0.000000,0.016106,0.092936,-0.078101,0.216955,-0.034535,0.086782,0.209634,-0.061672,-0.480908,-0.019767,0.005886,-0.411184,-0.741765,-0.676315,0.021817,1.614430,-3.796092,4.036074,1.527164,1.614430,0.000000,0.370883,0.741765,0.261799,-0.265886,-0.310378,-0.771529,1.544470,-0.576823,1.197651,0.516603,0.335015,-1.783364,-0.340849,-0.114992,-1.035403,-0.432733,-0.726210,-0.716715,1.489832,-0.178242,0.996353,-0.111787,0.981359,-1.365844,-0.910844,-0.287534,-0.497813
1788293479.416603,-0.004525,0.001042,0.005804,-1.228471,0.432352,-0.208170,0.101003,-0.070701,-0.992371,0.745122,0.000000,0.000000,-0.008397,0.048539,-0.100834,0.259506,-0.084795,0.187766,0.201510,-0.005908,-0.453062,-0.061895,-0.011267,-0.330640,-1.090831,-2.181662,-1.156281,1.745329,-0.632682,3.774275,-0.916298,2.552544,1.679880,-1.439896,-0.741765,4.734206,-0.432733,-0.726210,-0.716715,1.489832,-0.178242,0.996353,-0.111787,0.981359,-1.365844,-0.910844,-0.287534,-0.497813,-0.580716,-0.696272,-0.365654,1.305451,0.362115,0.689264,-0.644959,1.412138,-0.932848,-1.506157,-0.640078,-0.306084
1788293479.436544,-0.004525,0.001042,0.005804,-1.112623,0.591875,-0.177277,0.088882,-0.092473,-0.991740,0.745122,0.000000,0.000000,-0.037792,-0.021121,-0.121655,0.292708,-0.068999,0.245384,0.136088,0.088342,-0.376477,-0.149265,-0.045284,-0.204559,-1.527163,-3.272493,-0.850848,1.396263,2.836160,3.752458,-3.643376,4.821473,4.254241,-4.734206,-1.178097,4.821473,-0.580716,-0.696272,-0.365654,1.305451,0.362115,0.689264,-0.644959,1.412138,-0.932848,-1.506157,-0.640078,-0.306084,-0.361846,-0.368322,0.055580,1.166392,0.633952,0.394957,-0.804736,1.466452,-0.731179,-1.646589,-0.852678,-0.271001
1788293479.456441,0.005074,-0.009057,-0.001487,-0.523266,0.432885,-0.008033,0.080039,-0.102687,-0.991488,0.745122,0.000000,0.000000,-0.071913,-0.084152,-0.108464,0.311080,0.002865,0.264765,0.027051,0.208685,-0.277514,-0.284452,-0.107096,-0.121500,-1.418080,-2.836160,1.047198,0.479966,5.148722,-0.523599,-5.083272,5.454154,4.559673,-5.323254,-3.032510,2.814344,-0.361846,-0.368322,0.055580,1.166392,0.633952,0.394957,-0.804736,1.466452,-0.731179,-1.646589,-0.852678,-0.271001,-0.091822,-0.133665,0.261463,1.137677,0.735893,0.154102,-0.686033,1.335094,-0.705370,-1.647680,-1.044739,-0.328312
1788293479.476554,0.005448,-0.010299,-0.001381,0.412436,0.037938,0.084911,0.079494,-0.094446,-0.992351,0.745122,0.000000,0.000000,-0.079742,-0.115465,-0.055111,0.313889,0.083949,0.212389,-0.083826,0.298763,-0.213542,-0.364279,-0.173686,-0.084718,-0.349066,-0.850848,2.770710,-0.087266,4.101524,-3.228859,-4.712390,3.708825,2.116212,-2.530727,-2.465278,1.112648,-0.091822,-0.133665,0.261463,1.137677,0.735893,0.154102,-0.686033,1.335094,-0.705370,-1.647680,-1.044739,-0.328312,0.086180,-0.045150,0.039956,1.152641,0.831526,-0.099094,-0.732201,1.117152,-0.750352,-1.848780,-1.150009,-0.260795
1788293479.496484,0.004254,-0.009840,0.000930,0.855320,-0.304278,0.032180,0.085633,-0.078220,-0.993252,0.745122,0.000000,0.000000,-0.067869,-0.110976,0.000646,0.306482,0.143748,0.132919,-0.141100,0.330084,-0.189940,-0.393295,-0.230502,-0.083144,0.785398,0.719948,2.290745,-0.501782,2.705261,-3.665192,-1.701697,0.676316,0.392700,-1.199914,-2.028946,-0.000000,0.086180,-0.045150,0.039956,1.152641,0.831526,-0.099094,-0.732201,1.117152,-0.750352,-1.848780,-1.150009,-0.260795,0.113662,-0.014081,-0.256238,1.068506,0.945109,-0.350208,-0.749486,0.792310,-0.795598,-1.965973,-1.176599,-0.170108
1788293479.516413,0.003068,-0.005945,0.003473,0.595528,-0.368061,-0.026409,0.093380,-0.066597,-0.993401,0.745122,0.000000,0.000000,-0.041893,-0.083498,0.018880,0.287079,0.182320,0.063853,-0.156967,0.312066,-0.190311,-0.437201,-0.263407,-0.072184,1.221731,1.527163,0.436332,-1.069014,1.919863,-3.163409,-0.414516,-1.461713,-0.109083,-1.461713,-1.178098,0.196350,0.113662,-0.014081,-0.256238,1.068506,0.945109,-0.350208,-0.749486,0.792310,-0.795598,-1.965973,-1.176599,-0.170108,0.109690,0.123872,-0.395522,0.867577,1.000576,-0.592490,-0.674027,0.417179,-0.872176,-1.790577,-1.112588,-0.256569
1788293479.536420,0.001887,-0.002587,0.003771,0.443728,-0.275649,0.035776,0.099294,-0.057330,-0.993405,0.745122,0.000000,0.000000,-0.018931,-0.057511,0.003889,0.267908,0.212072,-0.002248,-0.164624,0.263445,-0.198792,-0.469394,-0.280358,-0.053610,0.916298,1.047198,-0.938115,-0.698132,1.439897,-3.272493,-0.414516,-2.508910,-0.610865,-0.959931,-0.632682,0.392699,0.109690,0.123872,-0.395522,0.867577,1.000576,-0.592490,-0.674027,0.417179,-0.872176,-1.790577,-1.112588,-0.256569,0.227944,0.364217,-0.527791,0.614164,0.778087,-0.814928,-0.554527,-0.187816,-1.190868,-1.346871,-0.795979,-0.626877
1788293479.556601,0.000057,0.000932,0.001983,0.288998,-0.276582,0.063739,0.105464,-0.051235,-0.993102,0.745122,0.000000,0.000000,-0.004606,-0.036300,-0.024860,0.248829,0.229536,-0.067657,-0.167436,0.196021,-0.215375,-0.453394,-0.278978,-0.061120,0.501782,0.719949,-1.548980,-0.872665,-0.087266,-2.727077,-0.109083,-3.403392,-1.679880,0.261800,0.021817,-0.283616,0.227944,0.364217,-0.527791,0.614164,0.778087,-0.814928,-0.554527,-0.187816,-1.190868,-1.346871,-0.795979,-0.626877,0.299404,0.496560,-0.657387,0.493927,0.298721,-0.692513,-0.058392,-0.754533,-1.601313,-0.797387,-0.306048,-1.195386
1788293479.576442,-0.002056,0.004296,-0.002117,0.236534,-0.430113,0.053086,0.114208,-0.046553,-0.992366,0.745122,0.000000,0.000000,0.012403,-0.009976,-0.055141,0.217449,0.213507,-0.127708,-0.157676,0.100819,-0.273958,-0.384107,-0.234912,-0.117707,0.676315,1.134464,-1.352630,-1.330814,-2.727077,-2.378011,0.523599,-4.668756,-3.228859,2.945244,2.421645,-2.225295,0.299404,0.496560,-0.657387,0.493927,0.298721,-0.692513,-0.058392,-0.754533,-1.601313,-0.797387,-0.306048,-1.195386,0.166822,0.612091,-0.458926,0.489264,0.066518,-0.331224,0.504462,-0.692491,-1.851460,-0.302198,-0.107876,-1.590232
1788293479.596594,-0.005311,0.009169,-0.007024,0.282474,-0.450885,0.053352,0.123238,-0.040971,-0.991531,0.745122,0.000000,0.000000,0.032474,0.025673,-0.084935,0.179924,0.159647,-0.149622,-0.115141,-0.018925,-0.362362,-0.273014,-0.152077,-0.222151,1.047198,1.745329,-1.003564,-1.701696,-3.970624,-0.523599,2.159845,-5.563237,-4.494223,4.734206,4.799656,-5.039639,0.166822,0.612091,-0.458926,0.489264,0.066518,-0.331224,0.504462,-0.692491,-1.851460,-0.302198,-0.107876,-1.590232,0.108229,0.641205,-0.149062,0.654530,0.223901,-0.031310,0.844613,-0.297610,-1.649126,-0.026175,-0.127823,-1.612600
1788293479.616683,-0.005809,0.009752,-0.007305,0.109635,-0.352082,0.079851,0.129335,-0.037667,-0.990885,0.745122,0.000000,0.000000,0.043587,0.063483,-0.096631,0.151036,0.100968,-0.119946,-0.026119,-0.102425,-0.425431,-0.147733,-0.074445,-0.337278,0.632682,1.701696,-0.370883,-0.850848,-2.312561,1.330814,4.668756,-3.490658,-0.894482,4.450590,2.683444,-3.905175,0.108229,0.641205,-0.149062,0.654530,0.223901,-0.031310,0.844613,-0.297610,-1.649126,-0.026175,-0.127823,-1.612600,0.078305,0.499589,-0.152948,0.890673,-0.217556,0.436596,1.028263,-0.248524,-1.911729,-0.002382,-0.022786,-1.738655
1788293479.636655,-0.006342,0.011342,-0.005393,-0.055215,0.008643,0.055083,0.128288,-0.038045,-0.991007,0.745122,0.000000,0.000000,0.044165,0.092205,-0.086664,0.151797,0.074464,-0.068961,0.084977,-0.119491,-0.418341,-0.056345,-0.046822,-0.381271,-0.283616,1.156281,0.654499,0.545415,-1.287180,2.159845,5.061455,-0.000000,-0.370883,3.054327,0.850848,-1.352631,0.078305,0.499589,-0.152948,0.890673,-0.217556,0.436596,1.028263,-0.248524,-1.911729,-0.002382,-0.022786,-1.738655,-0.143890,0.102946,-0.521627,1.262778,-0.611201,1.015540,0.832160,-0.118288,-1.979766,-0.108305,0.016388,-1.497192
1788293479.656454,-0.003552,0.011973,0.001048,0.222286,0.121827,0.119132,0.127607,-0.034680,-0.991218,0.745122,0.000000,0.000000,0.032679,0.102751,-0.070389,0.175934,0.030114,0.009996,0.169988,-0.090816,-0.456318,-0.021911,-0.023146,-0.412474,-0.676315,0.349066,0.763582,1.308997,-3.403392,3.359759,3.228860,1.396264,-1.658063,1.112648,0.981748,-0.829032,-0.143890,0.102946,-0.521627,1.262778,-0.611201,1.015540,0.832160,-0.118288,-1.979766,-0.108305,0.016388,-1.497192,-0.244546,-0.378286,-0.783136,1.493670,-0.504541,1.172408,0.380007,0.441900,-1.687403,-0.443588,-0.148977,-0.888705
1788293479.676461,-0.000195,0.010386,0.003649,-0.629393,0.137540,-0.172617,0.124981,-0.051663,-0.990813,0.745122,0.000000,0.000000,0.010608,0.085426,-0.075985,0.214010,-0.044066,0.114869,0.203362,-0.059637,-0.473539,-0.028805,-0.005406,-0.387944,-0.850848,-0.807215,-0.458149,1.527163,-3.468842,4.057891,0.850849,1.614430,0.458149,-0.087267,0.632682,0.741764,-0.244546,-0.378286,-0.783136,1.493670,-0.504541,1.172408,0.380007,0.441900,-1.687403,-0.443588,-0.148977,-0.888705,-0.457731,-0.784527,-0.646721,1.433371,-0.055396,0.919573,-0.265406,1.013815,-1.282235,-1.080886,-0.333770,-0.418132
1788293479.696529,0.003881,0.005689,0.002083,-0.902500,0.401193,-0.206439,0.116552,-0.070047,-0.990711,0.745122,0.000000,0.000000,-0.011377,0.035992,-0.102197,0.254627,-0.083347,0.200927,0.183247,0.001479,-0.435898,-0.080344,-0.021968,-0.299606,-1.047198,-2.596177,-1.178097,1.832596,0.000000,3.010694,-1.396263,2.836160,2.181662,-1.832596,-0.654498,5.105088,-0.457731,-0.784527,-0.646721,1.433371,-0.055396,0.919573,-0.265406,1.013815,-1.282235,-1.080886,-0.333770,-0.418132,-0.498421,-0.629669,-0.322529,1.258206,0.477893,0.595057,-0.777591,1.408103,-0.881631,-1.633576,-0.675053,-0.264477
1788293479.716473,0.008945,-0.003635,-0.002272,-1.000504,0.563912,-0.236266,0.105126,-0.089606,-0.990414,0.745122,0.000000,0.000000,-0.042174,-0.035081,-0.117092,0.287687,-0.054189,0.253677,0.107773,0.100783,-0.356845,-0.181545,-0.056588,-0.178014,-1.548980,-3.381576,-0.523599,1.330814,3.272493,2.770711,-4.188790,4.930556,4.232423,-5.497788,-1.330813,4.363323,-0.498421,-0.629669,-0.322529,1.258206,0.477893,0.595057,-0.777591,1.408103,-0.881631,-1.633576,-0.675053,-0.264477,-0.291534,-0.346248,0.118176,1.156808,0.692139,0.318469,-0.810977,1.418948,-0.725293,-1.693637,-0.873633,-0.255330
1788293479.736763,0.010370,-0.008710,-0.003865,-0.277855,0.371366,0.055483,0.097583,-0.095030,-0.990680,0.745122,0.000000,0.000000,-0.069194,-0.092745,-0.098428,0.303163,0.024741,0.246562,-0.006939,0.218173,-0.264190,-0.316547,-0.117713,-0.104759,-1.134464,-2.443461,1.439897,0.392699,5.257804,-1.308997,-5.345071,5.148722,3.883357,-5.323255,-2.901610,2.465277,-0.291534,-0.346248,0.118176,1.156808,0.692139,0.318469,-0.810977,1.418948,-0.725293,-1.693637,-0.873633,-0.255330,-0.027930,-0.098587,0.222499,1.135412,0.752965,0.100296,-0.676543,1.277753,-0.717352,-1.661881,-1.073209,-0.311914
1788293479.756459,0.009710,-0.012283,-0.002838,0.586074,0.029416,0.106216,0.097253,-0.083309,-0.991767,0.745122,0.000000,0.000000,-0.073596,-0.121361,-0.042466,0.306641,0.104312,0.183553,-0.109095,0.299388,-0.208086,-0.383436,-0.182440,-0.076408,-0.152716,-0.567232,2.727077,-0.065450,3.796092,-3.403393,-4.036074,3.207043,1.745329,-2.225296,-2.356194,0.894481,-0.027930,-0.098587,0.222499,1.135412,0.752965,0.100296,-0.676543,1.277753,-0.717352,-1.661881,-1.073209,-0.311914,0.115483,-0.033178,-0.050026,1.148502,0.851616,-0.157406,-0.763834,1.044857,-0.764288,-1.914572,-1.160958,-0.229569
1788293479.776480,0.008191,-0.010922,-0.000577,0.769965,-0.276049,0.052687,0.103034,-0.068251,-0.992333,0.745122,0.000000,0.000000,-0.058160,-0.110954,0.004614,0.298124,0.157915,0.109660,-0.153983,0.322009,-0.190297,-0.403295,-0.237151,-0.077311,0.850848,1.025381,1.941679,-0.763582,2.465278,-3.272493,-1.221730,0.349066,0.261799,-0.916299,-2.138028,-0.043633,0.115483,-0.033178,-0.050026,1.148502,0.851616,-0.157406,-0.763834,1.044857,-0.764288,-1.914572,-1.160958,-0.229569,0.102149,0.033087,-0.293879,1.027774,0.954507,-0.419882,-0.747031,0.715971,-0.792645,-1.946474,-1.189455,-0.164195
1788293479.796604,0.005909,-0.005951,0.002499,0.547591,-0.305477,-0.003240,0.109857,-0.056774,-0.992325,0.745122,0.000000,0.000000,-0.045485,-0.098415,0.011099,0.289206,0.175669,0.074710,-0.161933,0.310533,-0.191647,-0.430828,-0.253475,-0.068625,1.614430,1.570796,0.414516,-1.112647,1.461714,-2.857977,-0.545415,-1.178097,-0.239983,-2.857977,-1.854412,1.090831,0.102149,0.033087,-0.293879,1.027774,0.954507,-0.419882,-0.747031,0.715971,-0.792645,-1.946474,-1.189455,-0.164195,0.125781,0.129482,-0.400453,0.824726,0.985166,-0.624947,-0.657221,0.335660,-0.835040,-1.753361,-1.112389,-0.261938
1788293479.816549,0.003655,-0.002068,0.001786,0.400052,-0.254610,0.064671,0.115280,-0.048182,-0.992164,0.745122,0.000000,0.000000,-0.012863,-0.054921,-0.004052,0.262236,0.216613,-0.020615,-0.169808,0.246837,-0.197876,-0.470389,-0.284247,-0.051205,0.763582,1.003564,-1.025381,-0.589049,1.243547,-3.185226,-0.349066,-2.639810,-0.239983,-0.719949,-0.567232,0.174533,0.125781,0.129482,-0.400453,0.824726,0.985166,-0.624947,-0.657221,0.335660,-0.835040,-1.753361,-1.112389,-0.261938,0.253905,0.377783,-0.555790,0.566209,0.709204,-0.830488,-0.516150,-0.261595,-1.207233,-1.277808,-0.770819,-0.660899
1788293479.836441,-0.000317,0.003019,-0.001421,0.157438,-0.229577,0.085976,0.120358,-0.043580,-0.991774,0.745122,0.000000,0.000000,-0.005980,-0.044760,-0.019220,0.249072,0.227028,-0.056485,-0.170035,0.209651,-0.201958,-0.456612,-0.283672,-0.057654,0.654499,1.178097,-1.592613,-1.090831,0.981748,-3.403393,0.261799,-3.359758,-0.305433,1.941678,0.479966,-0.763582,0.253905,0.377783,-0.555790,0.566209,0.709204,-0.830488,-0.516150,-0.261595,-1.207233,-1.277808,-0.770819,-0.660899,0.288005,0.539771,-0.652200,0.471770,0.155112,-0.678155,-0.009179,-0.765691,-1.689940,-0.740266,-0.300932,-1.259882
1788293479.856488,-0.002777,0.005356,-0.003735,0.262500,-0.390165,0.020462,0.128470,-0.038605,-0.990962,0.745122,0.000000,0.000000,0.016136,-0.007710,-0.062723,0.208458,0.208991,-0.136833,-0.155614,0.083163,-0.274029,-0.373499,-0.233169,-0.121803,0.741765,1.221731,-1.308997,-1.352630,-2.836160,-2.116212,0.654499,-4.646939,-3.621559,3.512475,2.705261,-2.508911,0.288005,0.539771,-0.652200,0.471770,0.155112,-0.678155,-0.009179,-0.765691,-1.689940,-0.740266,-0.300932,-1.259882,0.118164,0.637325,-0.434518,0.511982,0.062937,-0.331282,0.553391,-0.648716,-1.846077,-0.254833,-0.105687,-1.599539
1788293479.876440,-0.004976,0.006964,-0.005650,0.221620,-0.386037,0.002087,0.136201,-0.035223,-0.990055,0.745122,0.000000,0.000000,0.025506,0.010543,-0.078551,0.188094,0.179077,-0.146355,-0.131368,0.017318,-0.330166,-0.314480,-0.200507,-0.170522,1.047198,2.268928,-1.461713,-2.050762,-2.225295,-0.916298,3.359759,-6.326818,-5.672320,7.090400,4.581490,-6.195920,0.118164,0.637325,-0.434518,0.511982,0.062937,-0.331282,0.553391,-0.648716,-1.846077,-0.254833,-0.105687,-1.599539,0.091547,0.767711,-0.123926,0.663970,0.222514,-0.287884,0.848766,-0.206864,-1.525037,-0.003759,-0.128956,-1.488599
1788293479.896420,-0.006792,0.007885,-0.006349,-0.101421,-0.153277,0.094631,0.138718,-0.036813,-0.989647,0.743477,0.000000,0.000000,0.043022,0.068790,-0.098985,0.147865,0.089872,-0.120895,-0.017419,-0.106578,-0.427714,-0.134272,-0.072913,-0.344011,0.370883,1.810779,-0.174533,-0.610865,-1.985312,1.461713,4.821473,-3.076143,-0.545416,4.494223,2.661628,-3.621559,0.091547,0.767711,-0.123926,0.663970,0.222514,-0.287884,0.848766,-0.206864,-1.525037,-0.003759,-0.128956,-1.488599,0.055900,0.549915,-0.170380,0.960045,-0.317037,0.355988,1.002580,-0.244592,-1.959048,-0.015210,-0.003350,-1.719749
1788293479.916420,-0.006539,0.008606,-0.003595,-0.140569,0.127021,0.119132,0.135674,-0.039252,-0.989976,0.735418,0.000000,0.000000,0.040914,0.102996,-0.085783,0.154033,0.065868,-0.095847,0.092831,-0.113658,-0.401234,-0.045811,-0.046258,-0.364153,-0.327249,1.439897,0.698132,1.090831,-1.527164,1.090831,4.886922,0.829032,-0.043634,2.683444,0.829032,-0.632683,0.055900,0.549915,-0.170380,0.960045,-0.317037,0.355988,1.002580,-0.244592,-1.959048,-0.015210,-0.003350,-1.719749,-0.182396,0.101548,-0.630210,1.348760,-0.645163,1.038841,0.766361,-0.087191,-1.963570,-0.158021,-0.058838,-1.366429
1788293479.936404,-0.004380,0.008579,0.000197,0.207106,0.122493,0.100757,0.134076,-0.036025,-0.990316,0.677026,0.000000,0.000000,0.028007,0.115148,-0.067296,0.183568,0.020007,-0.015971,0.173465,-0.083076,-0.453937,-0.021041,-0.019331,-0.403330,-0.589049,0.545416,0.785398,1.548980,-3.403393,3.119776,3.141593,1.461713,-2.138029,0.698132,1.003565,-1.134465,-0.182396,0.101548,-0.630210,1.348760,-0.645163,1.038841,0.766361,-0.087191,-1.963570,-0.158021,-0.058838,-1.366429,-0.244352,-0.415650,-0.797056,1.506925,-0.457990,1.103945,0.334723,0.588599,-1.589527,-0.468340,-0.152518,-0.766060
1788293479.956384,-0.001419,0.007258,0.003229,-1.010092,0.212508,-0.159967,0.129571,-0.057206,-0.989919,0.600077,0.000000,0.000000,0.005277,0.095843,-0.077904,0.222769,-0.053548,0.094808,0.199381,-0.053256,-0.470390,-0.037690,-0.014498,-0.366067,-0.741765,-0.916298,-0.829032,1.527163,-2.967060,4.123340,0.676316,1.483530,0.327249,-0.632682,0.087266,1.679879,-0.244352,-0.415650,-0.797056,1.506925,-0.457990,1.103945,0.334723,0.588599,-1.589527,-0.468340,-0.152518,-0.766060,-0.451087,-0.757284,-0.645930,1.397931,-0.022874,0.896808,-0.162892,1.132153,-1.148194,-1.016882,-0.355034,-0.378868
1788293479.976402,0.003888,-0.000814,0.001282,-1.204502,0.656990,-0.180873,0.115621,-0.080980,-0.989987,0.552079,0.000000,0.000000,-0.013783,0.041490,-0.108521,0.262156,-0.082880,0.181756,0.172775,0.015057,-0.418913,-0.088656,-0.026866,-0.268534,-0.872665,-2.857977,-1.548980,1.723513,0.763582,3.163409,-1.788963,3.097960,2.988877,-1.679880,-0.392699,4.799655,-0.451087,-0.757284,-0.645930,1.397931,-0.022874,0.896808,-0.162892,1.132153,-1.148194,-1.016882,-0.355034,-0.378868,-0.425511,-0.521597,-0.315168,1.228709,0.384183,0.656741,-0.487073,1.477599,-0.794557,-1.384382,-0.652486,-0.324036
1788293479.996382,0.005172,-0.004907,0.000209,-1.097976,0.640345,-0.125745,0.102675,-0.102212,-0.989450,0.000000,0.000000,0.000000,-0.043903,-0.031514,-0.123883,0.291696,-0.046373,0.242458,0.102695,0.123088,-0.326798,-0.180166,-0.061892,-0.158676,-1.527163,-3.556109,-0.349066,1.156281,3.752458,2.967060,-3.687008,5.235989,4.886922,-4.646939,-1.374447,3.752458,-0.425511,-0.521597,-0.315168,1.228709,0.384183,0.656741,-0.487073,1.477599,-0.794557,-1.384382,-0.652486,-0.324036,-0.007883,-0.147481,0.043665,1.059548,0.115979,0.734621,0.120621,1.249391,-0.392896,-0.845940,-0.579908,-0.398796
1788293480.016451,0.007148,-0.011886,-0.001145,-0.214206,0.389875,0.083180,0.094915,-0.106230,-0.989801,0.000000,0.000000,0.000000,-0.064962,-0.085041,-0.100847,0.306147,0.016522,0.238585,0.008267,0.241427,-0.235324,-0.282690,-0.119990,-0.107919,-0.916298,-2.268928,1.658063,0.283616,2.661628,-0.959931,-4.406957,5.148722,4.406957,-3.163410,-2.487095,1.701696,-0.007883,-0.147481,0.043665,1.059548,0.115979,0.734621,0.120621,1.249391,-0.392896,-0.845940,-0.579908,-0.398796,0.270132,-0.020909,0.026631,1.097929,0.059745,0.628526,0.292480,1.076364,-0.350003,-0.884036,-0.684475,-0.484447
1788293480.036426,0.006646,-0.017585,-0.000711,0.612173,-0.086565,0.049091,0.096867,-0.094042,-0.990844,0.000000,0.000000,0.000000,-0.053453,-0.108740,-0.050445,0.299779,0.038630,0.211361,-0.043989,0.301927,-0.140348,-0.249706,-0.140192,-0.100595,0.545415,0.065450,2.181662,-0.545415,0.436333,-1.112648,-1.919863,2.007129,2.901611,2.727077,-0.654499,0.065450,0.270132,-0.020909,0.026631,1.097929,0.059745,0.628526,0.292480,1.076364,-0.350003,-0.884036,-0.684475,-0.484447,0.429066,-0.029916,-0.140383,1.018511,0.178072,0.384078,0.160118,0.942464,-0.400787,-1.171356,-0.680835,-0.464705
1788293480.056391,0.006133,-0.017450,0.000233,0.507777,-0.176047,-0.014691,0.100366,-0.083924,-0.991405,0.000000,0.000000,0.000000,-0.018438,-0.087564,-0.017224,0.289318,0.037351,0.184385,-0.022151,0.300231,-0.107563,-0.233693,-0.158954,-0.112567,1.898046,1.265363,1.134464,-1.025381,0.043633,-0.938115,1.898045,-0.676315,0.632683,0.392699,-0.850848,-0.327249,0.429066,-0.029916,-0.140383,1.018511,0.178072,0.384078,0.160118,0.942464,-0.400787,-1.171356,-0.680835,-0.464705,0.353958,0.088164,-0.220123,0.763308,0.302493,0.068684,0.383835,0.572779,-0.399857,-0.937981,-0.664011,-0.450560
1788293480.076430,0.005332,-0.013353,0.002469,0.329745,-0.053275,0.010209,0.102288,-0.076255,-0.991828,0.000000,0.000000,0.000000,0.021244,-0.061174,-0.013848,0.260872,0.044763,0.154468,0.018428,0.269576,-0.105087,-0.267738,-0.162587,-0.112989,1.614430,1.243547,0.021817,-1.505347,0.850848,-0.938115,1.788962,-1.527163,0.109084,-0.872664,-0.109083,-0.000000,0.353958,0.088164,-0.220123,0.763308,0.302493,0.068684,0.383835,0.572779,-0.399857,-0.937981,-0.664011,-0.450560,0.358081,0.272550,-0.276547,0.478017,0.468470,-0.210782,0.544061,0.213043,-0.425354,-0.696830,-0.551019,-0.565226
1788293480.096427,0.004077,-0.009843,0.002581,0.312834,-0.150614,0.083979,0.105808,-0.068863,-0.991999,0.000000,0.000000,0.000000,0.044356,-0.036990,-0.022747,0.232966,0.063114,0.101503,0.048505,0.216534,-0.104798,-0.243832,-0.164218,-0.110884,0.654498,0.741765,-0.349066,-1.178097,1.483530,-2.617994,1.308996,-2.683444,0.021817,0.479966,-0.152716,0.021817,0.358081,0.272550,-0.276547,0.478017,0.468470,-0.210782,0.544061,0.213043,-0.425354,-0.696830,-0.551019,-0.565226,0.361990,0.314301,-0.373052,0.267815,0.514180,-0.377067,0.680524,0.012003,-0.466972,-0.466901,-0.422312,-0.703389
1788293480.116534,0.001577,-0.004762,0.000432,0.283672,-0.191494,0.088506,0.109905,-0.063796,-0.991893,0.000000,0.000000,0.000000,0.056336,-0.018138,-0.033737,0.198157,0.090573,0.036168,0.083534,0.146996,-0.106696,-0.199171,-0.147572,-0.130072,0.392699,0.698132,-0.392699,-1.505347,1.461713,-2.617994,1.745329,-3.490659,0.065450,1.308997,0.632682,-0.654499,0.361990,0.314301,-0.373052,0.267815,0.514180,-0.377067,0.680524,0.012003,-0.466972,-0.466901,-0.422312,-0.703389,0.320586,0.334800,-0.420268,0.213202,0.499914,-0.435703,0.789687,-0.006432,-0.496709,-0.279445,-0.339826,-0.801168
1788293480.136503,0.000543,-0.002758,-0.000975,0.309638,-0.208271,0.049890,0.113884,-0.058407,-0.991776,0.000000,0.000000,0.000000,0.063868,0.002416,-0.048193,0.152392,0.112711,-0.018837,0.121062,0.081740,-0.113617,-0.146584,-0.122062,-0.160069,0.392699,1.069014,-0.523599,-2.094395,0.850848,-2.094396,1.767145,-3.010693,-0.218166,1.723513,0.981748,-1.069014,0.320586,0.334800,-0.420268,0.213202,0.499914,-0.435703,0.789687,-0.006432,-0.496709,-0.279445,-0.339826,-0.801168,0.261215,0.335714,-0.411575,0.225617,0.542350,-0.401069,0.858750,0.033519,-0.506131,-0.193445,-0.293729,-0.849245
1788293480.156642,-0.002212,0.003897,-0.004451,0.076611,-0.137565,0.019264,0.115702,-0.056389,-0.991682,0.000000,0.000000,0.000000,0.068488,0.025962,-0.064577,0.108306,0.125649,-0.057453,0.154738,0.035911,-0.119107,-0.098037,-0.100036,-0.187782,0.239983,1.069014,-0.785398,-1.898046,0.610865,-1.374447,1.483529,-1.636246,-0.218166,1.570797,0.872665,-0.894481,0.261215,0.335714,-0.411575,0.225617,0.542350,-0.401069,0.858750,0.033519,-0.506131,-0.193445,-0.293729,-0.849245,0.267853,0.282104,-0.419844,0.284749,0.548130,-0.277117,0.896259,0.054876,-0.537410,-0.206762,-0.275309,-0.864869
1788293480.176451,-0.002859,0.006147,-0.003853,0.040392,-0.006138,0.018465,0.115485,-0.054319,-0.991823,0.000000,0.000000,0.000000,0.070119,0.041871,-0.076816,0.081602,0.134141,-0.074947,0.183198,0.020852,-0.123778,-0.065986,-0.083215,-0.204946,0.000000,0.719948,-0.523599,-0.981748,0.239983,-0.501782,1.308996,-0.501782,-0.283616,0.981748,0.632682,-0.414516,0.267853,0.282104,-0.419844,0.284749,0.548130,-0.277117,0.896259,0.054876,-0.537410,-0.206762,-0.275309,-0.864869,0.333093,0.161762,-0.477299,0.369623,0.493939,-0.059748,0.921945,0.081648,-0.523725,-0.256038,-0.295127,-0.816670
1788293480.196440,-0.003303,0.007662,-0.001191,0.010432,0.087872,0.028186,0.113517,-0.053752,-0.992081,0.000000,0.000000,0.000000,0.069475,0.048542,-0.085186,0.074547,0.136778,-0.071399,0.203368,0.019942,-0.130648,-0.057998,-0.074199,-0.211249,-0.261799,0.305432,-0.392699,-0.174533,-0.130900,0.479966,0.785398,-0.021817,-0.152716,0.283616,0.392699,-0.174533,0.333093,0.161762,-0.477299,0.369623,0.493939,-0.059748,0.921945,0.081648,-0.523725,-0.256038,-0.295127,-0.816670,0.395977,0.017930,-0.566867,0.480734,0.404087,0.218024,0.864964,0.144202,-0.499721,-0.338671,-0.325234,-0.692293
1788293480.216529,-0.003504,0.008164,0.001589,-0.050421,0.157647,0.012340,0.110015,-0.054820,-0.992417,0.000000,0.000000,0.000000,0.070495,0.045368,-0.093612,0.078499,0.130181,-0.046321,0.215953,0.021886,-0.130629,-0.062650,-0.073679,-0.206173,0.043633,-0.109083,-0.392699,0.196350,-0.632682,1.265364,0.545415,0.174533,-0.087266,0.065450,-0.043633,0.130900,0.395977,0.017930,-0.566867,0.480734,0.404087,0.218024,0.864964,0.144202,-0.499721,-0.338671,-0.325234,-0.692293,0.386210,-0.125604,-0.659740,0.601106,0.334225,0.460970,0.762114,0.225244,-0.440639,-0.465715,-0.378344,-0.509000
1788293480.237120,-0.003839,0.007141,0.005020,-0.044563,0.260312,-0.017621,0.104303,-0.056927,-0.992915,0.000000,0.000000,0.000000,0.072630,0.039815,-0.098813,0.085870,0.125212,-0.021952,0.217551,0.025319,-0.127792,-0.070376,-0.073717,-0.194330,0.327249,-1.003565,-0.479966,0.632682,-0.436332,2.378011,0.021816,0.174533,0.392699,-1.308997,0.000000,1.308997,0.386210,-0.125604,-0.659740,0.601106,0.334225,0.460970,0.762114,0.225244,-0.440639,-0.465715,-0.378344,-0.509000,0.383181,-0.291508,-0.720867,0.683905,0.278328,0.662199,0.617994,0.314128,-0.355497,-0.648023,-0.455614,-0.288330
1788293480.256547,-0.003891,0.004482,0.005812,-0.202754,0.314374,-0.047715,0.097187,-0.060719,-0.993412,0.000000,0.000000,0.000000,0.082969,0.013196,-0.120150,0.107171,0.107003,0.053957,0.209378,0.041142,-0.115289,-0.101585,-0.086428,-0.149611,0.392699,-0.829032,-0.719948,0.654499,-0.589049,2.508911,-0.763582,0.763582,0.436332,-0.610865,-0.436332,1.112648,0.383181,-0.291508,-0.720867,0.683905,0.278328,0.662199,0.617994,0.314128,-0.355497,-0.648023,-0.455614,-0.288330,0.428524,-0.356657,-0.641417,0.688059,0.288182,0.780905,0.481704,0.343913,-0.311803,-0.777096,-0.512589,-0.198817
1788293480.276476,-0.003575,0.001958,0.004211,-0.147094,0.293069,-0.040391,0.091210,-0.064134,-0.993764,0.000000,0.000000,0.000000,0.087777,-0.014214,-0.134584,0.126217,0.093652,0.107083,0.192795,0.056032,-0.097991,-0.137743,-0.100003,-0.103027,0.261799,-1.374447,-0.654499,0.676315,-0.589049,2.225295,-0.785398,0.741765,0.654499,-1.396264,-0.654499,1.876229,0.428524,-0.356657,-0.641417,0.688059,0.288182,0.780905,0.481704,0.343913,-0.311803,-0.777096,-0.512589,-0.198817,0.485390,-0.350564,-0.582148,0.620355,0.343284,0.773547,0.355260,0.262440,-0.272366,-0.878785,-0.578457,-0.175424
1788293480.296453,-0.003269,-0.000674,0.002122,-0.251224,0.205451,-0.021216,0.087079,-0.068909,-0.993815,0.000000,0.000000,0.000000,0.091267,-0.027424,-0.136763,0.133539,0.088907,0.133115,0.177289,0.064567,-0.090710,-0.159884,-0.107833,-0.083046,0.349066,-1.439897,-0.196350,0.829032,-0.414516,2.312562,-1.745329,0.785398,0.610865,-2.247112,-1.047198,2.007129,0.485390,-0.350564,-0.582148,0.620355,0.343284,0.773547,0.355260,0.262440,-0.272366,-0.878785,-0.578457,-0.175424,0.522262,-0.308165,-0.491435,0.530711,0.439139,0.722710,0.274230,0.127120,-0.244213,-0.862686,-0.608600,-0.161151
1788293480.316456,-0.003105,-0.002103,0.001355,-0.062539,0.068564,0.019797,0.085769,-0.069988,-0.993854,0.000000,0.000000,0.000000,0.100670,-0.060656,-0.135847,0.143520,0.088539,0.178366,0.133505,0.073267,-0.075902,-0.200240,-0.132019,-0.054024,0.218166,-0.981748,0.218166,0.065450,0.763582,0.872665,-1.527163,-0.152716,0.501782,-0.850848,-0.654499,0.414516,0.522262,-0.308165,-0.491435,0.530711,0.439139,0.722710,0.274230,0.127120,-0.244213,-0.862686,-0.608600,-0.161151,0.581025,-0.223940,-0.464073,0.312785,0.658814,0.512623,0.174728,-0.112375,-0.293717,-0.837588,-0.588637,-0.210006
1788293480.336443,-0.002715,-0.005130,0.000623,0.044787,-0.072051,0.032846,0.087254,-0.068035,-0.993860,0.000000,0.000000,0.000000,0.106062,-0.072448,-0.125410,0.139097,0.102373,0.183703,0.104838,0.057079,-0.068798,-0.206485,-0.142347,-0.047357,0.283616,-0.414516,0.436332,-0.523599,1.658063,0.065450,-1.221731,-0.916298,0.065450,-0.218166,-0.349066,0.174533,0.581025,-0.223940,-0.464073,0.312785,0.658814,0.512623,0.174728,-0.112375,-0.293717,-0.837588,-0.588637,-0.210006,0.605046,-0.073093,-0.487599,-0.007361,0.932994,0.212716,0.084703,-0.371990,-0.342774,-0.575177,-0.413806,-0.324157
1788293480.356468,-0.002734,-0.005728,0.002298,0.090593,-0.185635,0.038306,0.091820,-0.063433,-0.993753,0.000000,0.000000,0.000000,0.112607,-0.072415,-0.117992,0.120381,0.133693,0.164804,0.079659,0.023260,-0.073712,-0.204884,-0.143898,-0.052429,0.261799,0.043633,0.196350,-0.916298,2.552544,-1.199914,-1.156281,-1.854413,0.043633,-0.152716,0.065450,-0.283616,0.605046,-0.073093,-0.487599,-0.007361,0.932994,0.212716,0.084703,-0.371990,-0.342774,-0.575177,-0.413806,-0.324157,0.615848,-0.028185,-0.611354,-0.201361,1.114918,0.022233,0.025619,-0.500695,-0.426582,-0.371615,-0.250648,-0.442214
1788293480.376431,-0.003326,-0.004331,0.003834,0.113496,-0.265130,0.056149,0.096989,-0.060165,-0.993465,0.000000,0.000000,0.000000,0.119593,-0.062338,-0.116482,0.085425,0.180776,0.120923,0.054066,-0.025486,-0.084039,-0.164793,-0.119985,-0.070905,0.130900,0.392699,0.130900,-1.592613,2.967060,-2.072579,-1.112648,-2.421645,-0.589049,1.265364,0.872665,-0.676315,0.615848,-0.028185,-0.611354,-0.201361,1.114918,0.022233,0.025619,-0.500695,-0.426582,-0.371615,-0.250648,-0.442214,0.576318,0.011041,-0.643099,-0.273909,1.150662,-0.053965,0.019205,-0.473177,-0.557935,-0.293951,-0.134842,-0.542398
1788293480.396410,-0.003678,-0.002692,0.003689,0.076611,-0.253545,-0.004705,0.101658,-0.058056,-0.993124,0.000000,0.000000,0.000000,0.126886,-0.048692,-0.125290,0.039897,0.228536,0.072154,0.033471,-0.072375,-0.102469,-0.118125,-0.085514,-0.097366,0.261799,0.698132,-0.327249,-1.985312,2.159845,-2.072579,-0.872665,-2.159845,-1.265364,1.287180,1.374447,-0.872665,0.576318,0.011041,-0.643099,-0.273909,1.150662,-0.053965,0.019205,-0.473177,-0.557935,-0.293951,-0.134842,-0.542398,0.521402,0.017818,-0.605346,-0.294264,1.219417,-0.029758,0.063989,-0.442555,-0.655260,-0.259873,-0.061915,-0.599482
1788293480.416457,-0.003610,0.000719,0.001046,0.083536,-0.252879,-0.042255,0.105961,-0.055288,-0.992832,0.000000,0.000000,0.000000,0.133471,-0.031798,-0.136815,-0.000554,0.261790,0.033891,0.020683,-0.097126,-0.127542,-0.090439,-0.054507,-0.121779,0.436332,0.741765,-0.479966,-1.658063,1.418080,-1.548980,-0.436332,-0.850848,-1.287180,0.741765,1.199914,-0.610865,0.521402,0.017818,-0.605346,-0.294264,1.219417,-0.029758,0.063989,-0.442555,-0.655260,-0.259873,-0.061915,-0.599482,0.558940,-0.044915,-0.579694,-0.297001,1.281622,0.089067,0.117095,-0.465948,-0.718007,-0.283982,-0.024841,-0.610146
1788293480.436452,-0.002740,0.002686,-0.001294,-0.015934,-0.209470,-0.006702,0.108489,-0.052968,-0.992685,0.000000,0.000000,0.000000,0.135918,-0.024159,-0.140134,-0.015978,0.275199,0.021911,0.019115,-0.100301,-0.143487,-0.081737,-0.042445,-0.132057,0.152716,0.763582,-0.283616,-1.461713,1.221731,-1.112648,-0.043633,-0.261800,-1.308997,0.872665,1.483530,-1.090831,0.558940,-0.044915,-0.579694,-0.297001,1.281622,0.089067,0.117095,-0.465948,-0.718007,-0.283982,-0.024841,-0.610146,0.661502,-0.078150,-0.543790,-0.285156,1.281013,0.220531,0.176393,-0.430466,-0.746493,-0.292844,-0.008885,-0.590389
1788293480.456552,0.000220,0.004957,-0.004244,-0.122726,-0.130507,0.041768,0.111009,-0.055398,-0.992274,0.000000,0.000000,0.000000,0.140106,-0.015883,-0.144033,-0.044192,0.302243,0.017697,0.022761,-0.103104,-0.169320,-0.075378,-0.018207,-0.146431,0.000000,0.000000,-0.000000,-0.610865,0.610866,0.501782,0.392699,-0.087266,-0.589049,-0.000000,0.545416,-0.218166,0.661502,-0.078150,-0.543790,-0.285156,1.281013,0.220531,0.176393,-0.430466,-0.746493,-0.292844,-0.008885,-0.590389,0.761969,-0.157612,-0.575314,-0.252705,1.188105,0.418840,0.202968,-0.400219,-0.766943,-0.340562,-0.026956,-0.552733
1788293480.476486,0.001279,0.005382,-0.004294,-0.046294,-0.087497,0.033778,0.112787,-0.055733,-0.992055,0.000000,0.000000,0.000000,0.144031,-0.017931,-0.140461,-0.053004,0.308807,0.037128,0.030228,-0.105016,-0.180152,-0.075407,-0.010495,-0.145801,0.152716,-0.043633,0.239983,-0.305433,0.021817,1.069014,0.458149,-0.021817,-0.436332,-0.021817,0.283616,-0.000000,0.761969,-0.157612,-0.575314,-0.252705,1.188105,0.418840,0.202968,-0.400219,-0.766943,-0.340562,-0.026956,-0.552733,0.775550,-0.244296,-0.588262,-0.220627,1.100280,0.610214,0.210902,-0.362529,-0.762295,-0.372736,-0.024304,-0.493704
1788293480.496516,0.003190,0.006062,-0.003721,-0.075189,-0.070187,-0.003240,0.114223,-0.057617,-0.991783,0.000000,0.000000,0.000000,0.154672,-0.024410,-0.138315,-0.057378,0.302213,0.067371,0.038767,-0.101563,-0.187654,-0.081470,-0.009006,-0.141885,0.523599,-0.239983,-0.000000,-0.218166,-0.741765,1.592613,0.436332,0.305433,-0.327249,-0.130900,0.000000,0.087267,0.775550,-0.244296,-0.588262,-0.220627,1.100280,0.610214,0.210902,-0.362529,-0.762295,-0.372736,-0.024304,-0.493704,0.753533,-0.366437,-0.614842,-0.189090,1.028322,0.777064,0.177679,-0.323727,-0.760288,-0.417506,-0.005167,-0.411853
1788293480.516732,0.005805,0.005981,-0.001428,-0.180384,-0.021850,-0.000177,0.114920,-0.059911,-0.991566,0.000000,0.000000,0.000000,0.165659,-0.032875,-0.139566,-0.058458,0.288984,0.106805,0.044117,-0.095556,-0.189285,-0.088468,-0.007757,-0.130355,0.589049,-0.370883,-0.152716,-0.152716,-0.959931,1.919863,0.196350,0.436332,-0.065450,-0.021817,0.174533,0.370883,0.753533,-0.366437,-0.614842,-0.189090,1.028322,0.777064,0.177679,-0.323727,-0.760288,-0.417506,-0.005167,-0.411853,0.734294,-0.472354,-0.634449,-0.181272,0.963798,0.929531,0.085582,-0.268699,-0.744069,-0.485613,-0.001622,-0.273742
1788293480.536464,0.008087,0.004808,-0.000107,-0.222728,0.000387,0.014470,0.114773,-0.063433,-0.991364,0.000000,0.000000,0.000000,0.169264,-0.039614,-0.141020,-0.057269,0.282401,0.129229,0.045456,-0.092512,-0.189348,-0.094159,-0.006388,-0.119815,0.196350,-1.003564,-0.152716,0.283616,-0.632682,2.203478,0.043633,0.196350,0.000000,-0.872665,0.196350,1.156281,0.734294,-0.472354,-0.634449,-0.181272,0.963798,0.929531,0.085582,-0.268699,-0.744069,-0.485613,-0.001622,-0.273742,0.708693,-0.581776,-0.656778,-0.143840,0.877263,1.073990,-0.042339,-0.187951,-0.625363,-0.608390,-0.049931,-0.089710
1788293480.556446,0.010276,0.002895,-0.001151,-0.305286,0.003450,0.014870,0.114478,-0.068834,-0.991038,0.000000,0.000000,0.000000,0.175152,-0.058103,-0.144440,-0.055087,0.267792,0.169994,0.042271,-0.084985,-0.187894,-0.106753,-0.004468,-0.095912,0.130900,-1.265364,-0.130900,0.196350,-0.632682,2.116212,-0.545415,0.305433,0.218166,-0.981748,0.000000,1.767146,0.708693,-0.581776,-0.656778,-0.143840,0.877263,1.073990,-0.042339,-0.187951,-0.625363,-0.608390,-0.049931,-0.089710,0.667418,-0.688364,-0.611993,-0.110677,0.817518,1.215797,-0.196429,-0.074724,-0.482240,-0.784591,-0.125466,0.079227
1788293480.576584,0.011702,0.001162,-0.002794,-0.315539,-0.010798,0.003818,0.114591,-0.074581,-0.990609,0.000000,0.000000,0.000000,0.175970,-0.092505,-0.148039,-0.049810,0.241358,0.227115,0.022320,-0.065937,-0.162674,-0.137563,-0.008322,-0.045619,0.000000,-1.025381,-0.109083,0.152716,-1.025381,1.723513,-0.981748,0.894481,1.527163,-0.763582,-0.152716,1.156281,0.667418,-0.688364,-0.611993,-0.110677,0.817518,1.215797,-0.196429,-0.074724,-0.482240,-0.784591,-0.125466,0.079227,0.650286,-0.708069,-0.494537,-0.083364,0.795236,1.295485,-0.327361,0.021495,-0.375043,-0.920652,-0.176883,0.152727
1788293480.596473,0.012780,-0.000454,-0.004105,-0.227655,-0.014526,0.008212,0.114864,-0.077888,-0.990323,0.000000,0.000000,0.000000,0.174907,-0.117278,-0.146463,-0.044018,0.225888,0.262960,-0.002960,-0.045702,-0.132977,-0.174305,-0.021831,-0.003781,-0.021817,-1.069014,-0.109083,0.283616,-0.676315,1.418080,-1.374447,1.178097,1.396264,-1.003564,-0.610865,1.374447,0.650286,-0.708069,-0.494537,-0.083364,0.795236,1.295485,-0.327361,0.021495,-0.375043,-0.920652,-0.176883,0.152727,0.660172,-0.659179,-0.399612,-0.057355,0.788474,1.263930,-0.419771,0.064453,-0.324494,-0.987845,-0.205358,0.152484
1788293480.616461,0.013451,-0.001806,-0.004430,-0.101954,-0.031438,-0.000976,0.115394,-0.077677,-0.990278,0.000000,0.000000,0.000000,0.173516,-0.136864,-0.137720,-0.036535,0.215601,0.292377,-0.034968,-0.022415,-0.105908,-0.208503,-0.034744,0.022339,-0.021817,-0.741765,0.349066,0.370883,-0.239983,1.156281,-1.592613,1.156281,1.134464,-0.916298,-0.501782,0.829032,0.660172,-0.659179,-0.399612,-0.057355,0.788474,1.263930,-0.419771,0.064453,-0.324494,-0.987845,-0.205358,0.152484,0.702377,-0.607386,-0.354413,-0.055085,0.849202,1.132769,-0.476623,0.037620,-0.332615,-1.018874,-0.227037,0.117988
1788293480.636584,0.013698,-0.002714,-0.003679,0.093789,-0.088962,0.005149,0.117469,-0.074578,-0.990272,0.000000,0.000000,0.000000,0.173791,-0.147595,-0.124810,-0.028662,0.209754,0.305538,-0.065967,-0.004329,-0.091498,-0.229667,-0.044032,0.031448,0.000000,-0.436332,0.589049,0.349066,-0.065450,0.370883,-1.439897,0.785398,0.392699,-0.719949,-0.349066,0.261800,0.702377,-0.607386,-0.354413,-0.055085,0.849202,1.132769,-0.476623,0.037620,-0.332615,-1.018874,-0.227037,0.117988,0.748079,-0.532292,-0.356533,-0.130674,0.976603,0.958295,-0.524879,-0.062233,-0.377325,-0.996136,-0.206010,0.063068
1788293480.656557,0.012634,-0.002243,-0.001238,0.183537,-0.125181,0.021261,0.120529,-0.069257,-0.990291,0.000000,0.000000,0.000000,0.175029,-0.150887,-0.112407,-0.023598,0.212457,0.299743,-0.089493,0.003380,-0.089062,-0.243049,-0.050389,0.029337,0.021817,0.000000,0.545415,0.087267,0.807215,-0.676315,-0.938115,0.109083,0.021817,-0.610865,-0.218166,-0.021817,0.748079,-0.532292,-0.356533,-0.130674,0.976603,0.958295,-0.524879,-0.062233,-0.377325,-0.996136,-0.206010,0.063068,0.780644,-0.425775,-0.395173,-0.276511,1.140048,0.753517,-0.534326,-0.239922,-0.446877,-0.863415,-0.160228,-0.014737
1788293480.676487,0.010329,-0.000017,0.000109,0.320424,-0.135700,0.027919,0.123191,-0.062379,-0.990421,0.000000,0.000000,0.000000,0.176619,-0.147306,-0.104073,-0.025264,0.228574,0.275117,-0.106674,-0.003814,-0.096022,-0.244484,-0.049814,0.021442,0.043633,0.065450,0.414516,-0.000000,1.461713,-1.265364,-0.807215,-0.654499,-0.545415,-0.174533,0.130900,-0.327249,0.780644,-0.425775,-0.395173,-0.276511,1.140048,0.753517,-0.534326,-0.239922,-0.446877,-0.863415,-0.160228,-0.014737,0.803171,-0.264609,-0.478410,-0.470205,1.330340,0.549723,-0.491993,-0.490267,-0.543449,-0.640525,-0.053776,-0.169705
1788293480.696463,0.008525,0.001967,-0.000072,0.327215,-0.137431,0.016068,0.125912,-0.055942,-0.990463,0.000000,0.000000,0.000000,0.179758,-0.137131,-0.103032,-0.037563,0.255531,0.237227,-0.118376,-0.025290,-0.108656,-0.225192,-0.044420,0.005816,0.130900,0.327249,0.087266,-0.589049,1.941679,-1.788963,-0.392699,-1.287180,-0.850848,0.436332,0.152716,-0.567232,0.803171,-0.264609,-0.478410,-0.470205,1.330340,0.549723,-0.491993,-0.490267,-0.543449,-0.640525,-0.053776,-0.169705,0.829845,-0.179511,-0.569277,-0.608262,1.444219,0.416245,-0.370862,-0.693244,-0.673678,-0.452014,0.053016,-0.358774
1788293480.716418,0.007422,0.003228,-0.000567,0.439201,-0.127844,0.014071,0.128181,-0.046843,-0.990644,0.000000,0.000000,0.000000,0.185428,-0.119400,-0.106160,-0.060983,0.291417,0.192517,-0.122894,-0.064898,-0.129022,-0.183378,-0.027209,-0.024185,0.109083,0.654499,-0.000000,-1.069014,2.159845,-1.919863,-0.065450,-2.138028,-1.352630,1.156281,0.610865,-0.959931,0.829845,-0.179511,-0.569277,-0.608262,1.444219,0.416245,-0.370862,-0.693244,-0.673678,-0.452014,0.053016,-0.358774,0.782678,-0.104911,-0.586636,-0.653371,1.443602,0.369585,-0.213395,-0.716070,-0.768232,-0.326579,0.126868,-0.493286
1788293480.736580,0.002782,0.007680,-0.002526,0.403648,-0.089761,0.015402,0.129925,-0.039299,-0.990745,0.000000,0.000000,0.000000,0.189224,-0.109353,-0.112871,-0.077804,0.310577,0.170774,-0.118466,-0.091127,-0.146827,-0.156746,-0.016296,-0.049214,0.545415,1.243547,-0.785398,-1.570796,1.723513,-2.225295,0.698132,-2.247112,-1.461713,3.032510,1.636246,-2.639811,0.782678,-0.104911,-0.586636,-0.653371,1.443602,0.369585,-0.213395,-0.716070,-0.768232,-0.326579,0.126868,-0.493286,0.698724,-0.001300,-0.493778,-0.629375,1.410277,0.297036,0.021129,-0.575390,-0.861930,-0.246449,0.141621,-0.589917
1788293480.756440,-0.000240,0.010847,-0.003060,0.256375,-0.047017,0.022060,0.130341,-0.034009,-0.990886,0.000000,0.000000,0.000000,0.196164,-0.076803,-0.128623,-0.114396,0.343321,0.127350,-0.092019,-0.146045,-0.180793,-0.102978,0.016233,-0.104522,0.130900,0.959931,-0.436332,-1.047198,0.370883,-0.959931,1.287180,-1.374447,-1.265364,1.069014,0.719949,-1.221731,0.698724,-0.001300,-0.493778,-0.629375,1.410277,0.297036,0.021129,-0.575390,-0.861930,-0.246449,0.141621,-0.589917,0.700794,-0.054546,-0.505636,-0.554166,1.349020,0.435482,0.140112,-0.563110,-0.873940,-0.266604,0.140602,-0.611667
1788293480.776418,-0.001624,0.012118,-0.002344,0.146519,-0.061132,0.058546,0.131135,-0.030000,-0.990910,0.000000,0.000000,0.000000,0.193505,-0.055079,-0.131816,-0.129656,0.346217,0.105695,-0.055784,-0.150217,-0.202754,-0.077025,0.026023,-0.131269,-0.109083,0.938115,-0.000000,-0.501782,-0.349066,-0.938115,1.963496,-0.021817,-0.545416,0.785398,0.436332,-0.719949,0.700794,-0.054546,-0.505636,-0.554166,1.349020,0.435482,0.140112,-0.563110,-0.873940,-0.266604,0.140602,-0.611667,0.728819,-0.166692,-0.533565,-0.458566,1.152894,0.626402,0.240214,-0.490452,-0.895764,-0.306497,0.135589,-0.551476
1788293480.796524,-0.002209,0.013090,-0.000966,0.099781,0.016366,0.075323,0.130881,-0.028375,-0.990992,0.000000,0.000000,0.000000,0.188858,-0.040464,-0.131238,-0.133676,0.335549,0.104369,-0.015639,-0.142729,-0.211666,-0.073210,0.029119,-0.143148,-0.239983,0.741765,0.196350,-0.109083,-1.265364,0.218166,1.854413,0.436332,-0.436332,0.283616,0.021817,-0.414516,0.728819,-0.166692,-0.533565,-0.458566,1.152894,0.626402,0.240214,-0.490452,-0.895764,-0.306497,0.135589,-0.551476,0.723454,-0.321142,-0.600194,-0.308262,0.955699,0.843820,0.270707,-0.342320,-0.860866,-0.367604,0.116803,-0.410904
1788293480.816427,-0.002163,0.013307,0.000868,-0.059077,0.133146,0.044697,0.128364,-0.030158,-0.991268,0.000000,0.000000,0.000000,0.186772,-0.036816,-0.130461,-0.130873,0.327021,0.115992,0.002385,-0.138191,-0.214625,-0.076280,0.031224,-0.141471,-0.218166,0.087267,-0.000000,0.218166,-0.719948,0.872665,1.788963,0.283616,-0.218166,-0.567232,0.087266,0.414516,0.723454,-0.321142,-0.600194,-0.308262,0.955699,0.843820,0.270707,-0.342320,-0.860866,-0.367604,0.116803,-0.410904,0.628806,-0.524632,-0.724223,-0.098769,0.727272,1.055338,0.211432,-0.191336,-0.773329,-0.513725,0.052228,-0.153768
1788293480.836454,-0.001522,0.011417,0.002595,-0.186110,0.262709,0.028052,0.122860,-0.034639,-0.991819,0.000000,0.000000,0.000000,0.183464,-0.043745,-0.136662,-0.112511,0.275409,0.162573,0.040798,-0.115204,-0.212951,-0.086602,0.028745,-0.115056,0.065450,-0.349066,-0.479966,1.069014,-2.661627,1.810779,1.003564,1.178097,0.109083,-0.174533,-0.196350,0.785398,0.628806,-0.524632,-0.724223,-0.098769,0.727272,1.055338,0.211432,-0.191336,-0.773329,-0.513725,0.052228,-0.153768,0.563737,-0.733031,-0.747732,0.070637,0.631574,1.192642,0.071600,0.060272,-0.574431,-0.758962,-0.030540,0.118935
1788293480.856526,-0.001023,0.008686,0.002900,-0.328855,0.322097,0.025256,0.116130,-0.042480,-0.992325,0.000000,0.000000,0.000000,0.179635,-0.067010,-0.149362,-0.083127,0.232002,0.208705,0.050179,-0.085970,-0.193965,-0.113606,0.019931,-0.065786,-0.021817,-1.090831,-0.567232,1.330814,-2.312562,1.963495,0.130900,1.658063,1.592613,-0.676315,-0.414516,1.701697,0.563737,-0.733031,-0.747732,0.070637,0.631574,1.192642,0.071600,0.060272,-0.574431,-0.758962,-0.030540,0.118935,0.466212,-0.741059,-0.644015,0.165462,0.538238,1.292446,-0.098724,0.273647,-0.374231,-0.955137,-0.154502,0.231910
1788293480.876451,-0.000655,0.005664,0.002505,-0.567208,0.361645,0.051089,0.108455,-0.053514,-0.992660,0.000000,0.000000,0.000000,0.171108,-0.101270,-0.161762,-0.050587,0.194766,0.253562,0.041971,-0.042939,-0.155971,-0.161482,0.005134,-0.005125,-0.436332,-1.527163,-0.567232,1.636246,-1.767146,1.810779,-0.676315,2.268928,2.312562,-1.527163,-0.610865,2.138029,0.466212,-0.741059,-0.644015,0.165462,0.538238,1.292446,-0.098724,0.273647,-0.374231,-0.955137,-0.154502,0.231910,0.438172,-0.625708,-0.493350,0.250112,0.476889,1.275446,-0.176849,0.373738,-0.246833,-1.000031,-0.249971,0.215337
1788293480.896462,-0.000418,-0.002198,0.000137,-0.404622,0.282815,0.052154,0.102857,-0.061406,-0.992799,0.000000,0.000000,0.000000,0.154901,-0.131775,-0.162130,-0.017001,0.166459,0.287618,0.018057,0.007902,-0.111874,-0.209335,-0.019683,0.035175,-0.589049,-1.265364,-0.021817,1.527163,-1.221731,1.199914,-1.330814,2.443461,2.072579,-1.374447,-1.025381,1.352630,0.438172,-0.625708,-0.493350,0.250112,0.476889,1.275446,-0.176849,0.373738,-0.246833,-1.000031,-0.249971,0.215337,0.518007,-0.531947,-0.377428,0.309020,0.484619,1.145440,-0.246461,0.368236,-0.223526,-1.050484,-0.319972,0.138425
1788293480.916458,-0.000536,-0.005453,-0.000024,-0.145496,0.180950,0.043099,0.099375,-0.063926,-0.992995,0.000000,0.000000,0.000000,0.143941,-0.146084,-0.147238,0.013215,0.147345,0.302827,-0.009429,0.050640,-0.079455,-0.231462,-0.045762,0.045920,-0.479966,-0.414516,0.785398,1.308997,-0.654499,0.501782,-1.308997,1.701697,1.003565,-0.676315,-0.959931,0.327250,0.518007,-0.531947,-0.377428,0.309020,0.484619,1.145440,-0.246461,0.368236,-0.223526,-1.050484,-0.319972,0.138425,0.608330,-0.479994,-0.350013,0.308333,0.571534,0.943053,-0.295210,0.272095,-0.254325,-1.088412,-0.388201,0.073804
1788293480.936451,-0.000888,-0.007931,0.000766,0.053309,0.088538,0.043232,0.097926,-0.062707,-0.993216,0.000000,0.000000,0.000000,0.141756,-0.148271,-0.135571,0.026556,0.140536,0.302418,-0.022565,0.063924,-0.070456,-0.241225,-0.055795,0.040973,-0.021817,-0.021817,1.178097,1.178097,-0.676315,-0.218166,-1.221731,1.178098,0.763582,-0.959931,-1.199914,-0.763581,0.608330,-0.479994,-0.350013,0.308333,0.571534,0.943053,-0.295210,0.272095,-0.254325,-1.088412,-0.388201,0.073804,0.674972,-0.439555,-0.383302,0.241034,0.704996,0.753740,-0.292707,0.112844,-0.291984,-1.027009,-0.412650,0.035317
1788293480.956501,-0.001749,-0.009381,0.002398,0.155707,0.044463,0.054684,0.097822,-0.058282,-0.993496,0.000000,0.000000,0.000000,0.143968,-0.138088,-0.110591,0.050145,0.141703,0.272905,-0.049896,0.073125,-0.066518,-0.260603,-0.083327,0.026228,0.021817,0.196349,0.567232,0.567232,0.959931,-1.483530,-0.785398,-0.065450,0.000000,-0.458149,-0.698132,-0.392699,0.674972,-0.439555,-0.383302,0.241034,0.704996,0.753740,-0.292707,0.112844,-0.291984,-1.027009,-0.412650,0.035317,0.687139,-0.315285,-0.432446,0.079234,0.907896,0.518159,-0.273778,-0.108582,-0.368699,-0.897376,-0.398801,-0.067112
1788293480.976433,-0.003742,-0.010013,0.005192,0.138663,0.050055,0.054151,0.096800,-0.055208,-0.993772,0.000000,0.000000,0.000000,0.148634,-0.128860,-0.105142,0.053208,0.160978,0.234415,-0.061475,0.053572,-0.074197,-0.255370,-0.093166,0.016032,0.152716,0.239983,0.196350,0.109083,1.788963,-1.919863,-0.523599,-1.156281,-0.610865,0.021817,-0.349066,-0.414515,0.687139,-0.315285,-0.432446,0.079234,0.907896,0.518159,-0.273778,-0.108582,-0.368699,-0.897376,-0.398801,-0.067112,0.679761,-0.151025,-0.490745,-0.196827,1.140968,0.233269,-0.242296,-0.391789,-0.463982,-0.619322,-0.266525,-0.216715
1788293480.996477,-0.005591,-0.009413,0.006240,0.105640,0.019163,0.060010,0.096391,-0.052343,-0.993966,0.000000,0.000000,0.000000,0.153155,-0.115740,-0.106858,0.044064,0.193915,0.187946,-0.067014,0.019571,-0.088681,-0.234789,-0.095702,-0.004893,0.087267,0.479965,-0.000000,-0.654499,2.421644,-2.138028,-0.174533,-1.876229,-0.938115,0.523599,-0.087267,-0.741765,0.679761,-0.151025,-0.490745,-0.196827,1.140968,0.233269,-0.242296,-0.391789,-0.463982,-0.619322,-0.266525,-0.216715,0.674415,-0.064630,-0.596028,-0.373669,1.248125,0.050427,-0.172019,-0.561312,-0.597064,-0.401719,-0.122724,-0.406609
1788293481.016437,-0.006448,-0.009065,0.006487,0.088862,-0.049281,0.083846,0.097551,-0.049079,-0.994020,0.000000,0.000000,0.000000,0.157249,-0.096762,-0.112050,0.017508,0.236529,0.131089,-0.066739,-0.030477,-0.110124,-0.183989,-0.077900,-0.036146,0.043633,0.763582,-0.239983,-1.134464,2.268928,-2.443461,0.000000,-2.596178,-1.287180,1.505347,0.610865,-1.112647,0.674415,-0.064630,-0.596028,-0.373669,1.248125,0.050427,-0.172019,-0.561312,-0.597064,-0.401719,-0.122724,-0.406609,0.624019,0.011765,-0.610432,-0.435630,1.211321,-0.004584,-0.058636,-0.542843,-0.725868,-0.301646,-0.033098,-0.527353
1788293481.036476,-0.008593,-0.005942,0.003532,0.064893,-0.063529,0.042966,0.099042,-0.047322,-0.993957,0.000000,0.000000,0.000000,0.157369,-0.085868,-0.118647,-0.002296,0.257244,0.101470,-0.061666,-0.059179,-0.127179,-0.152761,-0.064276,-0.062018,0.065450,1.330813,-0.632682,-1.876229,1.919863,-2.879794,0.436332,-2.399828,-1.439897,3.577925,2.050762,-2.705260,0.624019,0.011765,-0.610432,-0.435630,1.211321,-0.004584,-0.058636,-0.542843,-0.725868,-0.301646,-0.033098,-0.527353,0.532243,0.136957,-0.497459,-0.361949,1.157814,-0.050625,0.170455,-0.372129,-0.800811,-0.229217,0.004642,-0.648390
1788293481.056527,-0.009587,-0.003579,0.000285,0.010964,-0.082171,0.016867,0.100259,-0.046895,-0.993856,0.000000,0.000000,0.000000,0.159458,-0.049592,-0.134227,-0.053729,0.290222,0.041464,-0.043226,-0.111795,-0.167932,-0.096084,-0.025682,-0.114088,0.109083,1.156281,-0.392699,-1.396264,0.218166,-1.439897,0.981748,-1.003565,-1.265364,1.025381,0.850848,-0.894481,0.532243,0.136957,-0.497459,-0.361949,1.157814,-0.050625,0.170455,-0.372129,-0.800811,-0.229217,0.004642,-0.648390,0.529796,0.052929,-0.499269,-0.289970,1.129393,0.148518,0.284848,-0.389032,-0.812413,-0.270773,0.004335,-0.665573
1788293481.076456,-0.009128,-0.002089,-0.001000,0.011231,-0.080307,0.051222,0.101557,-0.045106,-0.993807,0.000000,0.000000,0.000000,0.157432,-0.023208,-0.136005,-0.069933,0.290879,0.017160,-0.012462,-0.108389,-0.189318,-0.072048,-0.011081,-0.145128,-0.021817,1.134464,-0.000000,-0.523599,-0.436332,-0.807215,1.767146,0.523599,-0.785398,0.654499,0.589049,-0.872665,0.529796,0.052929,-0.499269,-0.289970,1.129393,0.148518,0.284848,-0.389032,-0.812413,-0.270773,0.004335,-0.665573,0.609594,-0.097022,-0.534621,-0.184096,0.960637,0.411876,0.410569,-0.306328,-0.802761,-0.313355,-0.006571,-0.593859
1788293481.096481,-0.006798,-0.000040,-0.000508,-0.096361,0.009975,0.070929,0.101467,-0.047985,-0.993681,0.000000,0.000000,0.000000,0.152531,-0.008836,-0.133954,-0.073097,0.284487,0.022843,0.025099,-0.098684,-0.197905,-0.071715,-0.004217,-0.157059,-0.349066,0.719948,0.109083,-0.065450,-0.872664,0.763582,1.745329,0.414516,-0.130900,0.065450,0.218166,-0.414516,0.609594,-0.097022,-0.534621,-0.184096,0.960637,0.411876,0.410569,-0.306328,-0.802761,-0.313355,-0.006571,-0.593859,0.639711,-0.266900,-0.625961,-0.022495,0.758840,0.701951,0.425201,-0.161096,-0.775575,-0.378434,-0.035740,-0.447238
1788293481.116561,-0.006003,0.000433,0.000337,-0.240039,0.123159,0.066801,0.099412,-0.052955,-0.993636,0.000000,0.000000,0.000000,0.148416,-0.009013,-0.134336,-0.066505,0.263895,0.056097,0.058028,-0.090183,-0.198096,-0.076812,-0.004215,-0.151220,-0.130900,-0.043633,-0.174533,0.392699,-1.876229,1.723513,1.505347,0.632682,-0.087266,-0.043633,-0.109083,0.109083,0.639711,-0.266900,-0.625961,-0.022495,0.758840,0.701951,0.425201,-0.161096,-0.775575,-0.378434,-0.035740,-0.447238,0.577867,-0.463262,-0.732749,0.169654,0.598721,0.925278,0.351755,0.012112,-0.675999,-0.506735,-0.093912,-0.214994
1788293481.136599,-0.003354,0.000060,0.003912,-0.289174,0.203586,0.021927,0.095296,-0.059502,-0.993669,0.000000,0.000000,0.000000,0.148214,-0.021991,-0.139648,-0.049483,0.229084,0.106704,0.082144,-0.071882,-0.194930,-0.087772,-0.006680,-0.126753,0.130900,-0.523599,-0.218166,0.829032,-2.050762,2.487095,0.916298,1.199914,-0.065450,-0.174533,-0.109083,0.916298,0.577867,-0.463262,-0.732749,0.169654,0.598721,0.925278,0.351755,0.012112,-0.675999,-0.506735,-0.093912,-0.214994,0.511700,-0.650198,-0.743602,0.307382,0.479903,1.079020,0.202910,0.231867,-0.494044,-0.724955,-0.173172,0.020122
1788293481.156631,-0.001474,-0.001704,0.005534,-0.397032,0.223027,0.014603,0.090649,-0.066559,-0.993656,0.000000,0.000000,0.000000,0.149261,-0.045992,-0.151650,-0.021113,0.190035,0.164237,0.089291,-0.041371,-0.173760,-0.112095,-0.015221,-0.080995,-0.065450,-1.112648,-0.523599,1.418080,-2.094395,2.552544,0.239983,1.679880,1.658063,-0.698132,-0.545415,1.614430,0.511700,-0.650198,-0.743602,0.307382,0.479903,1.079020,0.202910,0.231867,-0.494044,-0.724955,-0.173172,0.020122,0.454410,-0.649746,-0.641860,0.368922,0.402704,1.179382,0.049942,0.390440,-0.333727,-0.893945,-0.276536,0.097361
1788293481.176553,0.001100,-0.005151,0.004623,-0.447765,0.174691,0.045896,0.087233,-0.074934,-0.993366,0.000000,0.000000,0.000000,0.146338,-0.080059,-0.162220,0.012263,0.156208,0.214900,0.077289,0.000738,-0.137092,-0.155540,-0.031259,-0.026579,-0.130900,-1.439897,-0.458149,1.418080,-1.570796,1.941679,-0.938115,2.138028,1.985312,-1.330814,-0.850848,1.854413,0.454410,-0.649746,-0.641860,0.368922,0.402704,1.179382,0.049942,0.390440,-0.333727,-0.893945,-0.276536,0.097361,0.480949,-0.547180,-0.498575,0.393185,0.370808,1.199937,-0.066115,0.433272,-0.247923,-0.948402,-0.341836,0.076795
1788293481.196510,0.002605,-0.007269,0.002176,-0.210211,0.089337,0.035110,0.085522,-0.078940,-0.993204,0.000000,0.000000,0.000000,0.138590,-0.108344,-0.161527,0.041138,0.130216,0.252687,0.052958,0.045857,-0.099750,-0.197523,-0.052917,0.005770,-0.327249,-1.265364,-0.000000,1.265364,-0.981748,1.505347,-1.308997,2.138028,1.439897,-1.178098,-0.850848,1.025381,0.480949,-0.547180,-0.498575,0.393185,0.370808,1.199937,-0.066115,0.433272,-0.247923,-0.948402,-0.341836,0.076795,0.573309,-0.487715,-0.390133,0.383505,0.408018,1.082812,-0.188338,0.377657,-0.246992,-1.036072,-0.375623,0.024544
1788293481.216498,0.003972,-0.008912,-0.000218,0.041990,-0.063262,0.001953,0.086791,-0.077809,-0.993183,0.000000,0.000000,0.000000,0.133758,-0.124257,-0.147718,0.063113,0.115588,0.275346,0.024040,0.078249,-0.076782,-0.219945,-0.072089,0.013474,-0.152716,-0.654499,0.741765,0.741765,-0.261799,0.829032,-1.418080,1.243547,0.567232,-0.676315,-0.763582,0.239983,0.573309,-0.487715,-0.390133,0.383505,0.408018,1.082812,-0.188338,0.377657,-0.246992,-1.036072,-0.375623,0.024544,0.638902,-0.459630,-0.352864,0.312824,0.539539,0.898890,-0.248991,0.234051,-0.284570,-1.075228,-0.395927,-0.023076
1788293481.236513,0.004623,-0.007935,-0.001430,0.292594,-0.175381,0.011807,0.090461,-0.071456,-0.993333,0.000000,0.000000,0.000000,0.133741,-0.127360,-0.136957,0.069576,0.112556,0.277421,0.007942,0.084044,-0.071604,-0.232195,-0.078770,0.010095,0.239983,-0.065450,1.112647,0.501782,-0.370882,0.239983,-1.636246,0.523599,0.392699,-1.287181,-0.741765,-0.479966,0.638902,-0.459630,-0.352864,0.312824,0.539539,0.898890,-0.248991,0.234051,-0.284570,-1.075228,-0.395927,-0.023076,0.688011,-0.418722,-0.377098,0.173658,0.713333,0.738871,-0.243297,0.026298,-0.330829,-0.978408,-0.376190,-0.054985
1788293481.256915,0.004483,-0.006530,-0.000741,0.354512,-0.232906,0.032713,0.095132,-0.063881,-0.993413,0.000000,0.000000,0.000000,0.140878,-0.123021,-0.111488,0.074045,0.125943,0.256799,-0.030575,0.076635,-0.072831,-0.256597,-0.091118,-0.000568,0.261799,0.065450,0.632682,-0.043633,1.330814,-1.330814,-1.134464,-0.785398,0.043633,-0.436333,-0.239983,-0.283616,0.688011,-0.418722,-0.377098,0.173658,0.713333,0.738871,-0.243297,0.026298,-0.330829,-0.978408,-0.376190,-0.054985,0.694003,-0.286582,-0.423098,-0.050983,0.963462,0.520160,-0.240908,-0.226113,-0.411966,-0.824212,-0.313417,-0.160195
1788293481.276628,0.002747,-0.002528,0.001518,0.363833,-0.222919,0.030582,0.099259,-0.056629,-0.993449,0.000000,0.000000,0.000000,0.146253,-0.117965,-0.106866,0.063802,0.151308,0.223185,-0.046384,0.048742,-0.081552,-0.247688,-0.090840,-0.007386,0.152716,0.152716,0.239983,-0.414516,2.007129,-1.461713,-0.523599,-1.527163,-0.523599,0.043633,0.043633,-0.239983,0.694003,-0.286582,-0.423098,-0.050983,0.963462,0.520160,-0.240908,-0.226113,-0.411966,-0.824212,-0.313417,-0.160195,0.713720,-0.148004,-0.520876,-0.309717,1.206653,0.282226,-0.201742,-0.489157,-0.488691,-0.548046,-0.163127,-0.332378
1788293481.296628,0.001374,0.000729,0.002574,0.355045,-0.236368,0.041235,0.103817,-0.049096,-0.993384,0.000000,0.000000,0.000000,0.152523,-0.107098,-0.107905,0.040854,0.193509,0.183324,-0.052765,0.004070,-0.098305,-0.220919,-0.083335,-0.027258,0.087267,0.458149,-0.000000,-1.112648,2.901610,-1.745329,-0.239983,-2.290745,-0.894481,0.741765,0.305433,-0.719948,0.713720,-0.148004,-0.520876,-0.309717,1.206653,0.282226,-0.201742,-0.489157,-0.488691,-0.548046,-0.163127,-0.332378,0.688231,-0.073706,-0.614570,-0.439342,1.271137,0.146708,-0.126177,-0.605240,-0.605911,-0.367986,-0.048764,-0.494596
1788293481.316543,-0.000553,0.005756,0.001317,0.407376,-0.264464,0.049757,0.108774,-0.040944,-0.993223,0.000000,0.000000,0.000000,0.157759,-0.089748,-0.114395,0.006580,0.243412,0.134793,-0.053801,-0.051145,-0.115289,-0.167387,-0.058394,-0.063583,0.152716,0.763582,-0.109083,-1.439897,2.421645,-2.028946,-0.130900,-2.792527,-1.069014,1.658063,1.003564,-1.221731,0.688231,-0.073706,-0.614570,-0.439342,1.271137,0.146708,-0.126177,-0.605240,-0.605911,-0.367986,-0.048764,-0.494596,0.639301,-0.009082,-0.601916,-0.487470,1.270665,0.121987,-0.015879,-0.552555,-0.703456,-0.275837,0.015059,-0.582725
1788293481.336473,-0.001349,0.009031,-0.000556,0.310703,-0.280443,-0.000443,0.114166,-0.035553,-0.992825,0.000000,0.000000,0.000000,0.160011,-0.069017,-0.126913,-0.033614,0.281018,0.091620,-0.046307,-0.100219,-0.140402,-0.119425,-0.031278,-0.103791,0.087266,0.959931,-0.479966,-1.941679,1.287181,-1.767146,0.610865,-2.268928,-1.352630,1.505347,1.112648,-1.330814,0.639301,-0.009082,-0.601916,-0.487470,1.270665,0.121987,-0.015879,-0.552555,-0.703456,-0.275837,0.015059,-0.582725,0.583018,0.002312,-0.559008,-0.446259,1.277339,0.173553,0.113546,-0.477556,-0.741354,-0.233819,0.039166,-0.648648
1788293481.356548,-0.001346,0.014079,-0.005159,0.184070,-0.253013,0.022859,0.118538,-0.031690,-0.992444,0.000000,0.000000,0.000000,0.161658,-0.047964,-0.137657,-0.068253,0.301019,0.062749,-0.030177,-0.122003,-0.163312,-0.088230,-0.011376,-0.130522,0.087266,0.981748,-0.414516,-1.396264,0.632682,-1.025381,0.938115,-0.654499,-0.850848,0.916298,0.829032,-0.719949,0.583018,0.002312,-0.559008,-0.446259,1.277339,0.173553,0.113546,-0.477556,-0.741354,-0.233819,0.039166,-0.648648,0.649419,-0.069734,-0.543972,-0.413057,1.226380,0.342728,0.197248,-0.469368,-0.788739,-0.285793,0.051099,-0.629420
1788293481.376478,-0.000450,0.016796,-0.006697,0.069021,-0.197219,0.036042,0.122008,-0.028408,-0.992122,0.000000,0.000000,0.000000,0.160543,-0.031861,-0.140859,-0.086026,0.308990,0.053378,-0.008442,-0.120206,-0.177444,-0.070687,0.000149,-0.150470,-0.065450,0.698132,-0.021817,-0.610865,0.043634,-0.152717,1.199914,0.327249,-0.676315,0.458149,0.436332,-0.479966,0.649419,-0.069734,-0.543972,-0.413057,1.226380,0.342728,0.197248,-0.469368,-0.788739,-0.285793,0.051099,-0.629420,0.728993,-0.186743,-0.569105,-0.329102,1.113167,0.552736,0.252375,-0.413156,-0.793910,-0.333463,0.053596,-0.556923
1788293481.396569,0.001023,0.018680,-0.006406,0.037596,-0.114129,0.058679,0.124400,-0.028727,-0.991816,0.000000,0.000000,0.000000,0.159387,-0.024536,-0.139528,-0.091270,0.304981,0.066427,0.016039,-0.115182,-0.190594,-0.072792,0.006443,-0.153582,-0.087266,0.239983,0.109083,-0.087267,-0.785398,0.981747,1.156281,0.218166,-0.414516,-0.021816,0.239983,-0.109083,0.728993,-0.186743,-0.569105,-0.329102,1.113167,0.552736,0.252375,-0.413156,-0.793910,-0.333463,0.053596,-0.556923,0.750875,-0.322641,-0.611917,-0.247570,0.983685,0.763316,0.261623,-0.315165,-0.783266,-0.385270,0.042158,-0.438033
1788293481.416577,0.003139,0.019165,-0.002683,-0.103818,-0.000811,0.047227,0.124377,-0.030800,-0.991757,0.000000,0.000000,0.000000,0.160971,-0.027358,-0.139629,-0.087635,0.289756,0.096987,0.036050,-0.110399,-0.194273,-0.079782,0.010040,-0.144203,0.087266,-0.065450,-0.087266,0.087266,-1.243547,1.527163,0.916298,0.370883,-0.218166,-0.065450,0.043633,0.196350,0.750875,-0.322641,-0.611917,-0.247570,0.983685,0.763316,0.261623,-0.315165,-0.783266,-0.385270,0.042158,-0.438033,0.705357,-0.463858,-0.662422,-0.154164,0.864102,0.939463,0.193571,-0.219572,-0.752637,-0.473975,0.032601,-0.264219
1788293481.436467,0.004404,0.017563,0.000351,-0.160011,0.073757,0.013671,0.122885,-0.034559,-0.991819,0.000000,0.000000,0.000000,0.166057,-0.039745,-0.144175,-0.077119,0.267827,0.137154,0.049459,-0.098520,-0.194701,-0.090186,0.009715,-0.122409,0.436332,-0.567232,-0.436332,0.523599,-1.439897,1.941679,0.610865,0.938115,-0.021817,-0.283616,-0.043633,0.741765,0.705357,-0.463858,-0.662422,-0.154164,0.864102,0.939463,0.193571,-0.219572,-0.752637,-0.473975,0.032601,-0.264219,0.653763,-0.643131,-0.715517,-0.039240,0.773251,1.096244,0.063013,-0.092512,-0.629780,-0.657059,-0.025727,-0.036466
1788293481.456446,0.005595,0.015049,0.002429,-0.341904,0.093997,0.000089,0.121049,-0.041525,-0.991778,0.000000,0.000000,0.000000,0.167683,-0.060162,-0.151819,-0.065477,0.242138,0.182628,0.051246,-0.080412,-0.187357,-0.107975,0.009710,-0.086138,0.000000,-0.981748,-0.479966,0.589049,-1.483530,2.007128,0.000000,1.156281,0.829032,-0.479966,0.000000,1.134464,0.653763,-0.643131,-0.715517,-0.039240,0.773251,1.096244,0.063013,-0.092512,-0.629780,-0.657059,-0.025727,-0.036466,0.606063,-0.756833,-0.651224,0.026944,0.712163,1.229717,-0.109304,0.074184,-0.459231,-0.867993,-0.115990,0.152823
1788293481.476471,0.007338,0.009210,0.001355,-0.421533,0.119164,0.006747,0.118634,-0.049121,-0.991722,0.000000,0.000000,0.000000,0.166355,-0.088930,-0.160963,-0.049358,0.218418,0.225173,0.039874,-0.055994,-0.163168,-0.144081,0.000640,-0.037648,-0.043633,-1.199914,-0.327249,0.850848,-1.134464,1.810779,-0.807215,1.352630,1.854413,-1.112648,-0.305433,1.592613,0.606063,-0.756833,-0.651224,0.026944,0.712163,1.229717,-0.109304,0.074184,-0.459231,-0.867993,-0.115990,0.152823,0.557338,-0.729152,-0.526492,0.091043,0.652024,1.293561,-0.228787,0.193383,-0.326244,-0.969835,-0.208987,0.208995
1788293481.496513,0.008491,0.005492,-0.001291,-0.334448,0.123425,0.011674,0.116182,-0.055560,-0.991673,0.000000,0.000000,0.000000,0.165269,-0.104267,-0.160938,-0.039066,0.207142,0.246821,0.027305,-0.038573,-0.141553,-0.172107,-0.006969,-0.008616,-0.327249,-1.854413,0.065450,1.025381,-0.938115,2.028945,-1.396264,1.548980,1.767146,-2.967060,-1.243547,2.988877,0.557338,-0.729152,-0.526492,0.091043,0.652024,1.293561,-0.228787,0.193383,-0.326244,-0.969835,-0.208987,0.208995,0.528684,-0.624638,-0.414067,0.159679,0.527276,1.272714,-0.225175,0.215149,-0.236719,-0.959280,-0.243024,0.161634
1788293481.516470,0.009274,0.002034,-0.003993,-0.211809,0.079749,0.025123,0.114750,-0.059570,-0.991607,0.000000,0.000000,0.000000,0.158511,-0.142659,-0.152231,-0.010126,0.182358,0.290997,-0.013522,0.010151,-0.095436,-0.220674,-0.037992,0.036855,-0.021817,-1.025381,0.349066,0.938115,-1.156281,1.112647,-1.461713,1.548980,1.396264,-0.785399,-0.916298,0.850848,0.528684,-0.624638,-0.414067,0.159679,0.527276,1.272714,-0.225175,0.215149,-0.236719,-0.959280,-0.243024,0.161634,0.595887,-0.578179,-0.360095,0.154480,0.631842,1.113483,-0.318641,0.184933,-0.250200,-1.080373,-0.312583,0.113911
1788293481.536475,0.009700,-0.002307,-0.005800,-0.005281,-0.026244,0.033246,0.115402,-0.059405,-0.991541,0.000000,0.000000,0.000000,0.156567,-0.152261,-0.134118,0.009345,0.164218,0.303100,-0.036986,0.032693,-0.072976,-0.229239,-0.051985,0.037534,-0.021817,-0.239983,0.807215,0.807215,-0.501782,0.392699,-0.916298,0.807215,0.501782,-0.283616,-0.501782,-0.021816,0.595887,-0.578179,-0.360095,0.154480,0.631842,1.113483,-0.318641,0.184933,-0.250200,-1.080373,-0.312583,0.113911,0.644987,-0.505683,-0.357222,0.073212,0.783538,0.910093,-0.368072,0.073525,-0.284637,-1.065156,-0.333120,0.066720
1788293481.556471,0.009574,-0.003380,-0.005564,0.003774,-0.047417,0.043632,0.117119,-0.058349,-0.991402,0.000000,0.000000,0.000000,0.157584,-0.151312,-0.116724,0.021604,0.162014,0.296702,-0.051257,0.039811,-0.069670,-0.253167,-0.066580,0.031789,0.021817,0.087266,0.654499,0.436332,0.654499,-0.741765,-0.632682,0.109083,0.065450,-0.785399,-0.610865,-0.261799,0.644987,-0.505683,-0.357222,0.073212,0.783538,0.910093,-0.368072,0.073525,-0.284637,-1.065156,-0.333120,0.066720,0.689415,-0.401630,-0.391384,-0.059863,0.970627,0.670967,-0.354494,-0.135622,-0.344432,-0.913100,-0.323128,-0.002343
1788293481.576504,0.006110,-0.003796,-0.001437,0.188864,-0.062330,0.061342,0.118297,-0.054356,-0.991489,0.000000,0.000000,0.000000,0.157931,-0.144511,-0.107043,0.025124,0.179186,0.267037,-0.068143,0.031878,-0.073109,-0.258441,-0.075119,0.022675,0.021817,0.239983,0.392699,0.087267,1.723513,-1.636246,-0.807215,-0.698132,0.000000,-0.392699,-0.261800,-0.392699,0.689415,-0.401630,-0.391384,-0.059863,0.970627,0.670967,-0.354494,-0.135622,-0.344432,-0.913100,-0.323128,-0.002343,0.728901,-0.239942,-0.465686,-0.273278,1.181523,0.413091,-0.359477,-0.401666,-0.449345,-0.684092,-0.224461,-0.133606
1788293481.596463,0.004669,-0.003652,0.000025,0.158370,-0.069920,0.020995,0.119683,-0.050466,-0.991529,0.000000,0.000000,0.000000,0.160020,-0.131835,-0.104439,0.016231,0.209932,0.221227,-0.080148,0.005905,-0.084816,-0.237860,-0.078178,0.008445,0.021817,0.545415,0.065450,-0.610865,2.225295,-2.159845,-0.436332,-1.527163,-0.807215,0.414516,-0.152716,-0.501782,0.728901,-0.239942,-0.465686,-0.273278,1.181523,0.413091,-0.359477,-0.401666,-0.449345,-0.684092,-0.224461,-0.133606,0.734593,-0.141967,-0.581207,-0.449788,1.345459,0.202184,-0.291726,-0.613748,-0.582703,-0.443571,-0.075399,-0.334837
1788293481.616498,0.001809,-0.002466,0.001220,0.194323,-0.082970,0.043765,0.121284,-0.045929,-0.991555,0.000000,0.000000,0.000000,0.164394,-0.112729,-0.108619,-0.007791,0.249970,0.167348,-0.084336,-0.038475,-0.106497,-0.194521,-0.064750,-0.018005,0.065450,0.763582,-0.261799,-1.221731,2.378011,-2.290745,-0.087267,-2.399828,-1.396264,1.178097,0.523599,-0.872665,0.734593,-0.141967,-0.581207,-0.449788,1.345459,0.202184,-0.291726,-0.613748,-0.582703,-0.443571,-0.075399,-0.334837,0.676719,-0.056551,-0.625113,-0.528322,1.328346,0.107780,-0.167906,-0.643327,-0.719562,-0.320390,0.022415,-0.484153
1788293481.636555,-0.000424,-0.000934,-0.000046,0.106572,-0.068988,0.024324,0.122943,-0.042306,-0.991512,0.000000,0.000000,0.000000,0.167696,-0.090332,-0.121824,-0.043492,0.289619,0.114209,-0.081923,-0.090189,-0.135327,-0.141703,-0.037766,-0.060798,0.021817,1.003564,-0.567232,-1.614430,1.592613,-2.334378,0.000000,-2.617994,-1.745329,1.701696,1.112647,-1.461713,0.676719,-0.056551,-0.625113,-0.528322,1.328346,0.107780,-0.167906,-0.643327,-0.719562,-0.320390,0.022415,-0.484153,0.606924,0.008234,-0.569840,-0.505606,1.309653,0.128793,-0.023550,-0.548193,-0.813872,-0.256924,0.075105,-0.573102
1788293481.656783,-0.003103,0.001298,-0.002948,0.094854,-0.058735,0.003951,0.123894,-0.040382,-0.991474,0.000000,0.000000,0.000000,0.167683,-0.067032,-0.134879,-0.077719,0.312541,0.073300,-0.068290,-0.127021,-0.165712,-0.102957,-0.012960,-0.101227,0.000000,1.025381,-0.501782,-1.461713,0.589049,-1.592613,0.894481,-1.461714,-1.396264,1.090831,1.047198,-1.265364,0.606924,0.008234,-0.569840,-0.505606,1.309653,0.128793,-0.023550,-0.548193,-0.813872,-0.256924,0.075105,-0.573102,0.601706,-0.012518,-0.523978,-0.443761,1.269604,0.260218,0.139202,-0.501589,-0.836991,-0.260341,0.085674,-0.621107
1788293481.676636,-0.004123,0.002542,-0.004702,0.049314,0.021559,0.031781,0.123160,-0.038322,-0.991647,0.000000,0.000000,0.000000,0.166540,-0.044803,-0.140338,-0.096926,0.320891,0.053264,-0.045522,-0.134864,-0.190954,-0.079615,0.005254,-0.127279,-0.021817,1.047198,-0.087267,-0.610865,0.065450,-0.479966,1.287180,-0.087267,-0.916298,0.763582,0.698132,-0.676315,0.601706,-0.012518,-0.523978,-0.443761,1.269604,0.260218,0.139202,-0.501589,-0.836991,-0.260341,0.085674,-0.621107,0.673799,-0.105223,-0.530337,-0.353548,1.139574,0.479782,0.250402,-0.456363,-0.852073,-0.308036,0.083558,-0.587351
1788293481.696486,-0.004496,0.003728,-0.004557,-0.009941,0.115968,0.049890,0.121344,-0.038741,-0.991854,0.000000,0.000000,0.000000,0.164257,-0.029024,-0.138369,-0.100700,0.317676,0.056624,-0.013694,-0.128204,-0.201254,-0.072623,0.013331,-0.143767,-0.152716,0.676315,0.196350,-0.087267,-0.850848,0.567232,1.636246,0.414516,-0.283616,0.283616,0.305433,-0.545416,0.673799,-0.105223,-0.530337,-0.353548,1.139574,0.479782,0.250402,-0.456363,-0.852073,-0.308036,0.083558,-0.587351,0.704954,-0.243348,-0.584525,-0.211047,0.946919,0.713285,0.317926,-0.340254,-0.838556,-0.359069,0.064391,-0.494958
1788293481.716578,-0.004394,0.003668,-0.002020,-0.107813,0.200657,0.050423,0.117739,-0.041764,-0.992166,0.000000,0.000000,0.000000,0.163927,-0.025133,-0.137093,-0.093607,0.299726,0.083363,0.018769,-0.120397,-0.206460,-0.077158,0.016143,-0.144670,0.000000,0.000000,-0.000000,0.392699,-1.614430,1.396264,1.505347,0.370883,-0.065450,-0.021817,0.130900,-0.000000,0.704954,-0.243348,-0.584525,-0.211047,0.946919,0.713285,0.317926,-0.340254,-0.838556,-0.359069,0.064391,-0.494958,0.649965,-0.416930,-0.671124,-0.060014,0.771616,0.911810,0.299828,-0.200197,-0.794550,-0.443178,0.022861,-0.321238
1788293481.736646,-0.004295,0.002655,0.001042,-0.222329,0.272562,0.023525,0.112537,-0.046539,-0.992557,0.000000,0.000000,0.000000,0.164721,-0.031661,-0.139231,-0.079759,0.268354,0.123350,0.045625,-0.107047,-0.206111,-0.085501,0.015502,-0.131250,0.239983,-0.305433,-0.152716,0.632682,-2.181662,2.007129,1.156281,0.916298,-0.065450,-0.218166,-0.087266,0.436332,0.649965,-0.416930,-0.671124,-0.060014,0.771616,0.911810,0.299828,-0.200197,-0.794550,-0.443178,0.022861,-0.321238,0.578804,-0.612879,-0.741067,0.122997,0.630589,1.074099,0.191844,-0.008744,-0.640799,-0.631102,-0.046399,-0.063631
1788293481.756508,-0.004130,0.000888,0.003603,-0.374794,0.297995,0.016601,0.107022,-0.053847,-0.992797,0.000000,0.000000,0.000000,0.165291,-0.039251,-0.143392,-0.069044,0.250565,0.150162,0.054477,-0.094287,-0.200911,-0.095694,0.013948,-0.111099,-0.174533,-1.243547,-0.458149,0.938115,-1.614430,2.356195,0.719949,0.916298,0.436332,-1.199914,-0.436332,2.159845,0.578804,-0.612879,-0.741067,0.122997,0.630589,1.074099,0.191844,-0.008744,-0.640799,-0.631102,-0.046399,-0.063631,0.479054,-0.720350,-0.699792,0.225854,0.482285,1.210476,0.038014,0.218089,-0.431234,-0.857694,-0.161685,0.125670
1788293481.776498,-0.003728,-0.003103,0.005170,-0.462945,0.305586,0.017267,0.101096,-0.061998,-0.992943,0.000000,0.000000,0.000000,0.160358,-0.078455,-0.159826,-0.033854,0.193337,0.216338,0.060602,-0.050201,-0.167968,-0.137274,-0.001087,-0.046588,-0.130900,-1.199914,-0.458149,1.308997,-2.007129,1.810779,-0.174533,1.832596,2.050762,-1.112648,-0.370883,1.832596,0.479054,-0.720350,-0.699792,0.225854,0.482285,1.210476,0.038014,0.218089,-0.431234,-0.857694,-0.161685,0.125670,0.448193,-0.662014,-0.567386,0.306776,0.429441,1.246677,-0.081702,0.366498,-0.292633,-0.969463,-0.261193,0.155823
1788293481.796680,-0.003290,-0.005958,0.003952,-0.360014,0.271630,0.025656,0.095834,-0.068868,-0.993012,0.000000,0.000000,0.000000,0.149632,-0.109735,-0.164091,-0.003278,0.159374,0.256439,0.043010,-0.003852,-0.125234,-0.185189,-0.024133,0.003329,-0.523599,-1.396264,-0.109083,1.374447,-1.439897,1.636246,-1.112647,2.465278,1.963496,-1.396264,-0.981748,1.636246,0.448193,-0.662014,-0.567386,0.306776,0.429441,1.246677,-0.081702,0.366498,-0.292633,-0.969463,-0.261193,0.155823,0.505275,-0.546348,-0.420585,0.362782,0.405111,1.165214,-0.188244,0.399684,-0.238150,-1.027389,-0.314780,0.095328
1788293481.816589,-0.002613,-0.010051,0.000903,-0.143499,0.181349,0.030050,0.092321,-0.071468,-0.993161,0.000000,0.000000,0.000000,0.140352,-0.131153,-0.156253,0.024963,0.135343,0.283388,0.017937,0.041892,-0.090756,-0.219212,-0.049010,0.025598,-0.392699,-0.872665,0.479966,1.221731,-0.850848,1.025381,-1.243547,1.985312,1.156281,-0.894482,-0.981748,0.785399,0.505275,-0.546348,-0.420585,0.362782,0.405111,1.165214,-0.188244,0.399684,-0.238150,-1.027389,-0.314780,0.095328,0.589595,-0.485928,-0.368339,0.361989,0.476233,0.984710,-0.270239,0.332475,-0.251586,-1.094022,-0.383038,0.038881
1788293481.836586,-0.002509,-0.010405,0.000462,0.146519,0.037006,0.000622,0.091599,-0.068388,-0.993445,0.000000,0.000000,0.000000,0.137592,-0.138228,-0.135977,0.047039,0.121784,0.289963,-0.008529,0.071546,-0.072234,-0.239703,-0.066362,0.024082,-0.109083,-0.283616,0.916298,0.807215,-0.130900,0.021817,-1.308997,1.025381,0.458149,-0.719949,-0.741765,-0.043633,0.589595,-0.485928,-0.368339,0.361989,0.476233,0.984710,-0.270239,0.332475,-0.251586,-1.094022,-0.383038,0.038881,0.654642,-0.450055,-0.378047,0.298887,0.623834,0.780368,-0.292367,0.181269,-0.304247,-1.093280,-0.402746,-0.008627
1788293481.856533,-0.003143,-0.010413,0.001090,0.343860,-0.045286,0.015935,0.092618,-0.060793,-0.993844,0.000000,0.000000,0.000000,0.137911,-0.139389,-0.125503,0.054400,0.120022,0.282565,-0.022939,0.076321,-0.070706,-0.251143,-0.074966,0.018993,0.349066,0.065450,1.025381,0.545416,-0.261800,-0.567232,-1.308997,0.501782,0.130900,-1.090831,-1.156281,-0.610865,0.654642,-0.450055,-0.378047,0.298887,0.623834,0.780368,-0.292367,0.181269,-0.304247,-1.093280,-0.402746,-0.008627,0.681631,-0.374041,-0.412309,0.141439,0.811370,0.584221,-0.282164,-0.032452,-0.348704,-0.963359,-0.365274,-0.064915
1788293481.876658,-0.004389,-0.009224,0.003062,0.347721,-0.052077,0.010342,0.093542,-0.053869,-0.994157,0.000000,0.000000,0.000000,0.145503,-0.128094,-0.108319,0.061408,0.140107,0.239610,-0.052312,0.066640,-0.075029,-0.263532,-0.091885,0.003981,0.109083,0.261799,0.283616,0.087266,1.527163,-1.810779,-0.698132,-0.872664,0.000000,-0.218167,-0.239983,-0.479966,0.681631,-0.374041,-0.412309,0.141439,0.811370,0.584221,-0.282164,-0.032452,-0.348704,-0.963359,-0.365274,-0.064915,0.673923,-0.219046,-0.472005,-0.102978,1.055511,0.337996,-0.247978,-0.312246,-0.443249,-0.744882,-0.277860,-0.206680
1788293481.896633,-0.006270,-0.007110,0.005064,0.364499,-0.067124,0.030982,0.094528,-0.046467,-0.994437,0.000000,0.000000,0.000000,0.150587,-0.118162,-0.108120,0.053208,0.171147,0.196234,-0.062861,0.034968,-0.085386,-0.248075,-0.089984,-0.007550,0.065450,0.414516,-0.000000,-0.501782,2.508911,-1.941679,-0.436332,-1.636246,-0.676315,0.174533,0.043633,-0.392699,0.673923,-0.219046,-0.472005,-0.102978,1.055511,0.337996,-0.247978,-0.312246,-0.443249,-0.744882,-0.277860,-0.206680,0.691806,-0.115802,-0.573396,-0.327961,1.250053,0.143881,-0.190055,-0.546888,-0.537173,-0.479493,-0.132556,-0.381333
1788293481.916540,-0.009254,-0.003144,0.005958,0.351849,-0.114262,0.032580,0.096475,-0.039180,-0.994564,0.000000,0.000000,0.000000,0.153565,-0.102173,-0.113365,0.030499,0.214576,0.145327,-0.065686,-0.013263,-0.103797,-0.207897,-0.077988,-0.035107,0.021817,0.654499,-0.021817,-1.025381,2.683444,-2.290745,-0.087266,-2.443461,-0.850848,1.178098,0.436332,-0.938115,0.691806,-0.115802,-0.573396,-0.327961,1.250053,0.143881,-0.190055,-0.546888,-0.537173,-0.479493,-0.132556,-0.381333,0.653324,-0.053404,-0.635797,-0.425141,1.249914,0.059739,-0.082000,-0.607940,-0.656102,-0.329646,-0.029809,-0.539830
1788293481.936558,-0.010212,0.000065,0.004020,0.305510,-0.139429,0.018998,0.098849,-0.033666,-0.994533,0.000000,0.000000,0.000000,0.154702,-0.093021,-0.120324,0.010134,0.238732,0.118207,-0.062681,-0.044300,-0.117651,-0.177932,-0.066062,-0.058652,0.327249,1.199914,-0.698132,-1.854413,2.181662,-2.639811,0.283616,-2.683444,-1.090831,3.730642,1.985312,-2.465278,0.653324,-0.053404,-0.635797,-0.425141,1.249914,0.059739,-0.082000,-0.607940,-0.656102,-0.329646,-0.029809,-0.539830,0.562028,0.071958,-0.555937,-0.404742,1.196199,-0.029285,0.139203,-0.438678,-0.745357,-0.236735,0.002011,-0.660486
1788293481.956540,-0.010863,0.002919,0.001586,0.249317,-0.159536,0.006081,0.101360,-0.029299,-0.994418,0.000000,0.000000,0.000000,0.159335,-0.061139,-0.135099,-0.040530,0.286410,0.058020,-0.046714,-0.111225,-0.152489,-0.107936,-0.026195,-0.114563,0.174533,0.959931,-0.436332,-1.614430,0.610865,-1.505347,0.872665,-1.679879,-1.330814,1.352630,0.938115,-1.112648,0.562028,0.071958,-0.555937,-0.404742,1.196199,-0.029285,0.139203,-0.438678,-0.745357,-0.236735,0.002011,-0.660486,0.530468,0.027402,-0.545208,-0.352908,1.205273,0.105604,0.252657,-0.424314,-0.757780,-0.242105,0.011199,-0.691227
1788293481.976570,-0.010670,0.005715,-0.001388,0.063828,-0.180575,0.015935,0.104598,-0.027386,-0.994137,0.000000,0.000000,0.000000,0.158691,-0.037557,-0.139490,-0.065712,0.294675,0.029279,-0.017869,-0.116731,-0.173580,-0.077196,-0.011976,-0.148057,0.000000,0.938115,-0.021817,-1.003564,0.043633,-1.069014,1.636246,-0.043633,-0.676315,0.894482,0.545416,-0.938115,0.530468,0.027402,-0.545208,-0.352908,1.205273,0.105604,0.252657,-0.424314,-0.757780,-0.242105,0.011199,-0.691227,0.600477,-0.079984,-0.557187,-0.267598,1.077585,0.312017,0.361975,-0.388444,-0.782720,-0.288558,0.016828,-0.654103
1788293481.996537,-0.008843,0.009245,-0.003692,0.043455,-0.119189,0.057214,0.106720,-0.026180,-0.993944,0.000000,0.000000,0.000000,0.155296,-0.021795,-0.140194,-0.076596,0.294820,0.025090,0.018360,-0.108007,-0.184011,-0.068053,-0.003868,-0.162587,-0.196350,0.676315,-0.000000,-0.283616,-0.392699,-0.021817,1.701696,0.501782,-0.436332,0.414516,0.283616,-0.327249,0.600477,-0.079984,-0.557187,-0.267598,1.077585,0.312017,0.361975,-0.388444,-0.782720,-0.288558,0.016828,-0.654103,0.665238,-0.232294,-0.615455,-0.161342,0.912255,0.568674,0.411936,-0.286735,-0.776858,-0.341874,-0.007233,-0.548384
1788293482.016628,-0.005847,0.011025,-0.002542,-0.123392,-0.031038,0.055350,0.107860,-0.029359,-0.993733,0.000000,0.000000,0.000000,0.150363,-0.017085,-0.138489,-0.076432,0.281029,0.046460,0.049154,-0.101937,-0.191115,-0.072236,0.000430,-0.161160,-0.174533,0.152716,-0.000000,-0.130900,-1.483530,1.199914,1.352630,0.327249,-0.174533,-0.000000,0.218166,-0.000000,0.665238,-0.232294,-0.615455,-0.161342,0.912255,0.568674,0.411936,-0.286735,-0.776858,-0.341874,-0.007233,-0.548384,0.645935,-0.395742,-0.679485,-0.033921,0.778572,0.801811,0.384810,-0.159750,-0.741235,-0.416958,-0.023928,-0.379282
1788293482.036508,-0.003522,0.010371,-0.000356,-0.207148,0.070162,0.024590,0.106373,-0.034519,-0.993727,0.000000,0.000000,0.000000,0.150404,-0.025223,-0.141876,-0.066525,0.255032,0.086275,0.074096,-0.091599,-0.191303,-0.081132,-0.000762,-0.146306,0.000000,-0.305433,-0.283616,0.501782,-1.854413,2.007129,1.069014,0.807215,-0.087266,-0.196350,-0.065450,0.501782,0.645935,-0.395742,-0.679485,-0.033921,0.778572,0.801811,0.384810,-0.159750,-0.741235,-0.416958,-0.023928,-0.379282,0.595090,-0.581258,-0.752723,0.122644,0.660126,0.988921,0.272315,-0.017528,-0.617246,-0.584505,-0.077544,-0.139727
1788293482.056530,-0.000194,0.007040,0.003324,-0.347897,0.134611,-0.011762,0.103733,-0.041958,-0.993720,0.000000,0.000000,0.000000,0.152348,-0.044004,-0.151006,-0.048880,0.224587,0.137844,0.085801,-0.070878,-0.186152,-0.095716,-0.003255,-0.112929,0.218166,-0.850848,-0.458149,0.981748,-1.767146,2.399828,0.349066,1.352630,0.545415,-0.305433,-0.218166,1.090831,0.595090,-0.581258,-0.752723,0.122644,0.660126,0.988921,0.272315,-0.017528,-0.617246,-0.584505,-0.077544,-0.139727,0.543238,-0.731292,-0.718542,0.220160,0.575109,1.135127,0.100336,0.170005,-0.452975,-0.807438,-0.168047,0.073134
1788293482.076576,0.001979,0.003897,0.003556,-0.444969,0.137274,-0.006702,0.100768,-0.049899,-0.993658,0.000000,0.000000,0.000000,0.152730,-0.072791,-0.163537,-0.023666,0.195328,0.190084,0.082108,-0.042901,-0.160716,-0.127637,-0.012066,-0.062936,-0.021817,-1.265364,-0.545415,1.221731,-1.418080,2.181662,-0.392699,1.658063,1.701696,-0.894481,-0.436332,1.679880,0.543238,-0.731292,-0.718542,0.220160,0.575109,1.135127,0.100336,0.170005,-0.452975,-0.807438,-0.168047,0.073134,0.502341,-0.706743,-0.585145,0.266294,0.517743,1.218384,-0.049886,0.295590,-0.313184,-0.936754,-0.257270,0.138680
1788293482.096477,0.004131,0.000527,0.002142,-0.383450,0.101854,0.001687,0.098906,-0.057251,-0.993449,0.000000,0.000000,0.000000,0.148626,-0.105224,-0.167917,0.004780,0.170531,0.235021,0.062566,-0.005908,-0.126464,-0.173697,-0.029473,-0.011155,-0.130900,-1.439897,-0.261799,1.178097,-1.069014,1.810779,-1.112647,1.985312,1.810779,-1.308997,-0.785398,1.701697,0.502341,-0.706743,-0.585145,0.266294,0.517743,1.218384,-0.049886,0.295590,-0.313184,-0.936754,-0.257270,0.138680,0.534457,-0.617202,-0.443079,0.292263,0.504435,1.177227,-0.156538,0.318268,-0.247512,-0.998499,-0.310388,0.107536
1788293482.116622,0.006850,-0.004537,-0.001894,-0.260145,0.014236,0.003684,0.098802,-0.062304,-0.993155,0.000000,0.000000,0.000000,0.145781,-0.118961,-0.164285,0.018268,0.159314,0.253579,0.046953,0.014894,-0.104969,-0.196626,-0.039882,0.006312,-0.414516,-1.330814,0.567232,1.330814,-1.047198,1.745329,-1.592613,1.876229,1.810779,-2.312562,-1.396264,1.701697,0.534457,-0.617202,-0.443079,0.292263,0.504435,1.177227,-0.156538,0.318268,-0.247512,-0.998499,-0.310388,0.107536,0.579063,-0.546128,-0.360647,0.297074,0.508520,1.067807,-0.161643,0.240823,-0.222817,-0.987854,-0.352446,0.066287
1788293482.136822,0.008262,-0.006867,-0.003576,-0.065069,-0.104541,-0.002840,0.101003,-0.063405,-0.992864,0.000000,0.000000,0.000000,0.142572,-0.144263,-0.142934,0.043543,0.141125,0.281935,0.002461,0.056555,-0.073862,-0.231639,-0.066381,0.022484,0.021817,-0.436332,0.916298,0.501782,-0.349066,0.349066,-1.461713,0.894481,0.741765,-0.676315,-0.676315,0.152717,0.579063,-0.546128,-0.360647,0.297074,0.508520,1.067807,-0.161643,0.240823,-0.222817,-0.987854,-0.352446,0.066287,0.660104,-0.512420,-0.352513,0.207030,0.678559,0.885032,-0.224041,0.096864,-0.273955,-1.036988,-0.391348,0.007213
1788293482.156565,0.009248,-0.008312,-0.003299,0.190728,-0.187632,0.006880,0.104835,-0.058908,-0.992743,0.000000,0.000000,0.000000,0.145724,-0.143990,-0.122148,0.052035,0.136756,0.277727,-0.019620,0.060894,-0.063551,-0.238176,-0.079108,0.018486,0.065450,0.065450,0.894481,0.152716,0.196350,-0.458149,-0.916298,0.043633,0.174533,-0.261800,-0.501782,-0.087266,0.660104,-0.512420,-0.352513,0.207030,0.678559,0.885032,-0.224041,0.096864,-0.273955,-1.036988,-0.391348,0.007213,0.688755,-0.398382,-0.385450,0.008635,0.898765,0.652094,-0.257195,-0.116872,-0.333806,-0.919352,-0.338075,-0.071621
1788293482.176627,0.008993,-0.007692,-0.001583,0.082071,-0.200415,0.016201,0.109516,-0.055958,-0.992409,0.000000,0.000000,0.000000,0.150611,-0.138740,-0.109986,0.051632,0.153767,0.256079,-0.033272,0.046596,-0.069086,-0.248918,-0.088588,0.007984,0.087267,0.130900,0.479966,0.087266,1.919863,-1.374447,-0.567232,-0.916298,-0.305433,-0.392699,-0.458149,-0.392699,0.688755,-0.398382,-0.385450,0.008635,0.898765,0.652094,-0.257195,-0.116872,-0.333806,-0.919352,-0.338075,-0.071621,0.703571,-0.245025,-0.469130,-0.233415,1.138470,0.368841,-0.249929,-0.407278,-0.413778,-0.636653,-0.228845,-0.182854
1788293482.196657,0.008148,-0.006353,0.000288,0.181407,-0.224517,0.052820,0.113770,-0.051518,-0.992170,0.000000,0.000000,0.000000,0.153371,-0.128031,-0.106345,0.038899,0.187531,0.214783,-0.045901,0.014482,-0.081756,-0.235234,-0.085081,-0.008059,0.021817,0.349066,0.218166,-0.567232,2.552544,-1.919863,-0.501782,-1.745329,-0.807215,0.196349,0.087267,-0.501782,0.703571,-0.245025,-0.469130,-0.233415,1.138470,0.368841,-0.249929,-0.407278,-0.413778,-0.636653,-0.228845,-0.182854,0.727663,-0.142537,-0.593131,-0.424534,1.297116,0.176764,-0.213828,-0.587139,-0.539647,-0.416731,-0.096416,-0.362614
1788293482.216492,0.005623,-0.003024,0.001297,0.168757,-0.249550,0.023924,0.118737,-0.047135,-0.991806,0.000000,0.000000,0.000000,0.158121,-0.112031,-0.110226,0.012539,0.232858,0.159571,-0.054175,-0.034224,-0.099215,-0.187106,-0.069021,-0.031521,0.152716,0.654499,-0.261799,-1.134464,2.596178,-2.378011,-0.349066,-2.552544,-1.178097,1.439897,0.632682,-0.872664,0.727663,-0.142537,-0.593131,-0.424534,1.297116,0.176764,-0.213828,-0.587139,-0.539647,-0.416731,-0.096416,-0.362614,0.659976,-0.074160,-0.640659,-0.507738,1.308395,0.087935,-0.123900,-0.619731,-0.690048,-0.309701,0.007043,-0.502058
1788293482.236605,0.003857,-0.000497,0.000046,0.195788,-0.231707,0.005948,0.123118,-0.042446,-0.991484,0.000000,0.000000,0.000000,0.162248,-0.090487,-0.123545,-0.025261,0.276254,0.107320,-0.056242,-0.086529,-0.125499,-0.134326,-0.042685,-0.070368,0.152716,1.025381,-0.567232,-1.788963,1.876229,-2.268928,-0.109083,-2.508911,-1.679880,1.658063,0.981748,-1.265364,0.659976,-0.074160,-0.640659,-0.507738,1.308395,0.087935,-0.123900,-0.619731,-0.690048,-0.309701,0.007043,-0.502058,0.581277,-0.017807,-0.593013,-0.502153,1.316218,0.106469,-0.018846,-0.541553,-0.774244,-0.246092,0.062443,-0.580268
1788293482.256643,0.002341,0.002112,-0.002399,0.100979,-0.215196,-0.023746,0.126909,-0.039391,-0.991132,0.000000,0.000000,0.000000,0.164143,-0.067446,-0.138380,-0.062788,0.303538,0.067177,-0.048096,-0.122114,-0.157973,-0.098724,-0.017490,-0.107377,0.174533,1.003564,-0.589049,-1.548980,0.894481,-1.570797,0.676315,-1.352630,-1.483530,1.025381,0.938115,-1.047197,0.581277,-0.017807,-0.593013,-0.502153,1.316218,0.106469,-0.018846,-0.541553,-0.774244,-0.246092,0.062443,-0.580268,0.579935,-0.048445,-0.558284,-0.455599,1.301697,0.226674,0.110918,-0.516385,-0.818097,-0.261043,0.079324,-0.614942
1788293482.276479,0.001525,0.005423,-0.005785,0.027077,-0.149815,-0.010697,0.128715,-0.037862,-0.990959,0.000000,0.000000,0.000000,0.163382,-0.047113,-0.146010,-0.087471,0.316533,0.046384,-0.031115,-0.130858,-0.181428,-0.075945,0.001905,-0.130822,-0.021817,0.894481,-0.196350,-0.894481,0.283616,-0.589049,1.025381,-0.087267,-0.938115,0.763582,0.785398,-0.610865,0.579935,-0.048445,-0.558284,-0.455599,1.301697,0.226674,0.110918,-0.516385,-0.818097,-0.261043,0.079324,-0.614942,0.667618,-0.137019,-0.561298,-0.381599,1.208586,0.436548,0.213260,-0.483218,-0.827446,-0.304906,0.087724,-0.591028
1788293482.296647,0.001687,0.007001,-0.006554,0.023881,-0.036498,0.031381,0.129867,-0.036723,-0.990851,0.000000,0.000000,0.000000,0.159864,-0.033786,-0.145817,-0.095797,0.319601,0.049168,-0.008944,-0.127266,-0.196515,-0.071044,0.011499,-0.144446,-0.174533,0.654499,0.130900,-0.174533,-0.261799,0.479966,1.156281,0.218166,-0.523599,0.327249,0.349066,-0.501782,0.667618,-0.137019,-0.561298,-0.381599,1.208586,0.436548,0.213260,-0.483218,-0.827446,-0.304906,0.087724,-0.591028,0.728042,-0.245939,-0.587247,-0.283786,1.049164,0.677851,0.268324,-0.386344,-0.823483,-0.348517,0.077396,-0.504611
1788293482.316691,0.002225,0.007791,-0.004613,-0.061607,0.067233,0.029783,0.128746,-0.038653,-0.990924,0.000000,0.000000,0.000000,0.159507,-0.030893,-0.144947,-0.093193,0.308292,0.074170,0.016473,-0.122646,-0.200417,-0.076079,0.015333,-0.145368,0.021817,0.000000,-0.000000,0.021817,-1.265364,1.439897,1.243547,0.283616,-0.109083,-0.021817,0.218166,-0.000000,0.728042,-0.245939,-0.587247,-0.283786,1.049164,0.677851,0.268324,-0.386344,-0.823483,-0.348517,0.077396,-0.504611,0.702576,-0.393235,-0.645165,-0.170796,0.901197,0.868863,0.268837,-0.283297,-0.795187,-0.416392,0.053239,-0.383104
1788293482.336518,0.002332,0.007146,-0.001871,-0.136708,0.155650,-0.001242,0.125915,-0.041840,-0.991158,0.000000,0.000000,0.000000,0.162016,-0.036475,-0.146389,-0.083700,0.284653,0.114405,0.038461,-0.112283,-0.200875,-0.083316,0.017174,-0.133325,0.239983,-0.174533,-0.174533,0.458149,-1.767146,2.028945,0.959931,0.741765,-0.065450,-0.196350,0.000000,0.327249,0.702576,-0.393235,-0.645165,-0.170796,0.901197,0.868863,0.268837,-0.283297,-0.795187,-0.416392,0.053239,-0.383104,0.647008,-0.557281,-0.707640,-0.030108,0.770951,1.031819,0.181521,-0.156785,-0.700883,-0.549281,0.020807,-0.176207
1788293482.356542,0.002528,0.004444,0.001659,-0.246563,0.189205,-0.012295,0.122287,-0.046340,-0.991412,0.000000,0.000000,0.000000,0.165921,-0.051632,-0.151020,-0.071379,0.255182,0.161414,0.052353,-0.095318,-0.197180,-0.096093,0.014286,-0.108798,0.305433,-0.676315,-0.283616,0.567232,-1.898046,2.225295,0.523599,1.069014,0.261799,-0.196350,-0.218166,0.807215,0.647008,-0.557281,-0.707640,-0.030108,0.770951,1.031819,0.181521,-0.156785,-0.700883,-0.549281,0.020807,-0.176207,0.590397,-0.718961,-0.697306,0.071614,0.672398,1.166025,0.032720,0.025203,-0.534476,-0.775655,-0.063304,0.052592
1788293482.376540,0.002720,0.002045,0.002440,-0.367604,0.197594,0.007546,0.118659,-0.052791,-0.991531,0.000000,0.000000,0.000000,0.165324,-0.076195,-0.158419,-0.053478,0.223665,0.206348,0.053116,-0.072302,-0.179528,-0.121962,0.009554,-0.067605,0.000000,-1.069014,-0.283616,0.916298,-1.723513,1.810779,-0.152716,1.352630,1.439897,-0.676315,-0.065450,1.352630,0.590397,-0.718961,-0.697306,0.071614,0.672398,1.166025,0.032720,0.025203,-0.534476,-0.775655,-0.063304,0.052592,0.533467,-0.741732,-0.601503,0.140025,0.595133,1.263932,-0.135443,0.197188,-0.372191,-0.954253,-0.179664,0.179342
1788293482.396517,0.003001,-0.000752,0.001402,-0.335912,0.221296,-0.002308,0.114464,-0.058931,-0.991678,0.000000,0.000000,0.000000,0.159970,-0.106367,-0.162877,-0.030696,0.196364,0.247786,0.038480,-0.038786,-0.145158,-0.166928,-0.004310,-0.016415,-0.261799,-1.265364,-0.196350,1.069014,-1.352630,1.701697,-0.872665,1.876229,1.963496,-1.374447,-0.545415,1.723513,0.533467,-0.741732,-0.601503,0.140025,0.595133,1.263932,-0.135443,0.197188,-0.372191,-0.954253,-0.179664,0.179342,0.532263,-0.660260,-0.459268,0.218778,0.532414,1.242370,-0.242149,0.288318,-0.276550,-1.027921,-0.240674,0.164295
1788293482.416507,0.003289,-0.003719,-0.000830,-0.190237,0.190271,0.002486,0.110862,-0.062275,-0.991883,0.000000,0.000000,0.000000,0.154276,-0.133087,-0.158773,-0.005730,0.173809,0.280026,0.012371,0.000686,-0.108697,-0.211197,-0.028142,0.022288,-0.196350,-1.156281,0.152716,1.199914,-1.090831,1.287181,-1.418080,1.941679,1.614430,-1.178098,-0.959931,1.243547,0.532263,-0.660260,-0.459268,0.218778,0.532414,1.242370,-0.242149,0.288318,-0.276550,-1.027921,-0.240674,0.164295,0.585269,-0.579618,-0.375480,0.257620,0.558504,1.102583,-0.317470,0.281896,-0.261236,-1.087768,-0.299410,0.108405
1788293482.436536,0.003056,-0.007138,-0.002644,0.047716,0.092666,-0.006702,0.109018,-0.060884,-0.992174,0.000000,0.000000,0.000000,0.150499,-0.147423,-0.142711,0.016529,0.157340,0.294722,-0.018922,0.035410,-0.083952,-0.237071,-0.047510,0.032727,-0.130900,-0.523599,0.698132,0.938115,-0.545416,0.392699,-1.548980,1.418080,0.741765,-0.894482,-0.763582,0.261800,0.585269,-0.579618,-0.375480,0.257620,0.558504,1.102583,-0.317470,0.281896,-0.261236,-1.087768,-0.299410,0.108405,0.659652,-0.527094,-0.357909,0.241203,0.660393,0.911383,-0.361639,0.190308,-0.301070,-1.109038,-0.334545,0.053886
1788293482.456494,0.002187,-0.008295,-0.002257,0.238931,0.005580,-0.005903,0.108962,-0.055602,-0.992490,0.000000,0.000000,0.000000,0.151645,-0.150412,-0.123275,0.033317,0.150391,0.288581,-0.045830,0.053651,-0.074383,-0.256548,-0.063381,0.028262,0.021817,0.043633,0.829032,0.719949,0.021817,-0.719948,-1.199914,0.567232,0.130900,-0.610866,-0.654499,-0.043633,0.659652,-0.527094,-0.357909,0.241203,0.660393,0.911383,-0.361639,0.190308,-0.301070,-1.109038,-0.334545,0.053886,0.701748,-0.456723,-0.396306,0.146255,0.831147,0.692775,-0.362460,0.021569,-0.353889,-1.050552,-0.338237,-0.004115
1788293482.476519,-0.000314,-0.008079,0.000405,0.334805,-0.008801,-0.000577,0.109044,-0.048549,-0.992851,0.000000,0.000000,0.000000,0.154789,-0.145430,-0.110070,0.042728,0.159489,0.262990,-0.065359,0.053520,-0.077093,-0.265512,-0.074380,0.019326,0.043633,0.239983,0.458149,0.218166,1.352630,-1.505347,-0.829032,-0.152716,-0.218166,-0.327250,-0.327249,-0.349066,0.701748,-0.456723,-0.396306,0.146255,0.831147,0.692775,-0.362460,0.021569,-0.353889,-1.050552,-0.338237,-0.004115,0.714394,-0.323387,-0.436041,-0.043581,1.040557,0.440604,-0.349319,-0.217664,-0.439059,-0.872319,-0.266255,-0.111737
1788293482.496650,-0.002783,-0.006804,0.002893,0.337867,-0.008534,-0.007501,0.108871,-0.041695,-0.993181,0.000000,0.000000,0.000000,0.159133,-0.136051,-0.107395,0.042722,0.183261,0.223131,-0.078089,0.032991,-0.087156,-0.260293,-0.079940,0.006378,0.021817,0.283616,0.174533,0.109083,1.985312,-1.985312,-0.436332,-1.221731,-0.741765,-0.043633,-0.261800,-0.545415,0.714394,-0.323387,-0.436041,-0.043581,1.040557,0.440604,-0.349319,-0.217664,-0.439059,-0.872319,-0.266255,-0.111737,0.720502,-0.177411,-0.544605,-0.282320,1.257271,0.205361,-0.266125,-0.514425,-0.523681,-0.570768,-0.126144,-0.294911
1788293482.516524,-0.005305,-0.005299,0.004693,0.377948,-0.023714,0.014870,0.108991,-0.034194,-0.993454,0.000000,0.000000,0.000000,0.162997,-0.121617,-0.110556,0.028356,0.220076,0.173465,-0.083112,-0.003356,-0.103922,-0.232806,-0.071464,-0.015035,0.065450,0.458149,-0.261799,-0.719948,2.487094,-2.116212,-0.065450,-1.941679,-0.829032,0.545416,0.283616,-0.719949,0.720502,-0.177411,-0.544605,-0.282320,1.257271,0.205361,-0.266125,-0.514425,-0.523681,-0.570768,-0.126144,-0.294911,0.707748,-0.111614,-0.647862,-0.430421,1.308508,0.092868,-0.145742,-0.678199,-0.646876,-0.383412,-0.014817,-0.494557
1788293482.536501,-0.005305,-0.005299,0.004693,0.287667,-0.071252,-0.004571,0.110212,-0.028227,-0.993507,0.000000,0.000000,0.000000,0.166311,-0.101529,-0.120128,-0.000524,0.262289,0.118910,-0.079924,-0.056809,-0.123497,-0.177545,-0.048150,-0.052892,0.021817,0.850848,-0.414516,-1.265364,2.050762,-2.356195,0.130900,-2.836160,-1.265364,2.094396,1.047198,-1.374447,0.707748,-0.111614,-0.647862,-0.430421,1.308508,0.092868,-0.145742,-0.678199,-0.646876,-0.383412,-0.014817,-0.494557,0.630364,-0.035397,-0.637801,-0.449494,1.274372,0.064089,0.006717,-0.601782,-0.745382,-0.267685,0.044752,-0.618029
1788293482.556510,-0.005305,-0.005299,0.004693,0.239730,-0.062197,-0.010697,0.111115,-0.025082,-0.993491,0.000000,0.000000,0.000000,0.167546,-0.079366,-0.133869,-0.037459,0.294176,0.074884,-0.064290,-0.110478,-0.150683,-0.124806,-0.022726,-0.099657,0.043633,1.025381,-0.545415,-1.723513,0.981748,-1.701697,0.959931,-2.487095,-1.439897,1.505347,0.981748,-1.527164,0.630364,-0.035397,-0.637801,-0.449494,1.274372,0.064089,0.006717,-0.601782,-0.745382,-0.267685,0.044752,-0.618029,0.563319,-0.003605,-0.589865,-0.388032,1.249107,0.121443,0.159833,-0.491801,-0.767219,-0.218731,0.047846,-0.681925
1788293482.576458,-0.005703,0.000623,0.001165,0.045985,-0.030905,-0.004039,0.111111,-0.023750,-0.993524,0.000000,0.000000,0.000000,0.166286,-0.057179,-0.145697,-0.067735,0.307621,0.047112,-0.039661,-0.135033,-0.173326,-0.088522,-0.003410,-0.135250,0.043633,1.025381,-0.458149,-1.287180,0.109083,-0.981748,1.418080,-0.698132,-0.785398,1.025381,0.785398,-1.047198,0.563319,-0.003605,-0.589865,-0.388032,1.249107,0.121443,0.159833,-0.491801,-0.767219,-0.218731,0.047846,-0.681925,0.603709,-0.075691,-0.574443,-0.311250,1.165778,0.298558,0.290681,-0.468312,-0.808431,-0.268407,0.052021,-0.688225
1788293482.596514,-0.005570,0.001375,0.000701,-0.028717,-0.003741,0.016601,0.110730,-0.023431,-0.993574,0.000000,0.000000,0.000000,0.163546,-0.038883,-0.147873,-0.081196,0.307828,0.038358,-0.007356,-0.131237,-0.185805,-0.067758,0.004853,-0.157591,-0.043633,0.785398,-0.000000,-0.327249,-0.458149,-0.109083,1.636246,0.545415,-0.676315,0.676315,0.239983,-0.567232,0.603709,-0.075691,-0.574443,-0.311250,1.165778,0.298558,0.290681,-0.468312,-0.808431,-0.268407,0.052021,-0.688225,0.662770,-0.208189,-0.609814,-0.195787,1.005962,0.528649,0.373595,-0.392865,-0.808419,-0.322015,0.041476,-0.613237
1788293482.616521,-0.004466,0.002062,0.002108,-0.055348,0.076154,0.035243,0.109368,-0.024769,-0.993693,0.017767,0.000000,0.000000,0.159493,-0.029772,-0.146515,-0.081463,0.297403,0.051849,0.025955,-0.121280,-0.196277,-0.069127,0.008739,-0.164441,-0.174533,0.414516,0.065450,-0.000000,-1.112647,0.785398,1.505347,0.305433,-0.327249,0.218166,0.196350,-0.218167,0.662770,-0.208189,-0.609814,-0.195787,1.005962,0.528649,0.373595,-0.392865,-0.808419,-0.322015,0.041476,-0.613237,0.659394,-0.356071,-0.665282,-0.076989,0.824265,0.772167,0.384385,-0.274384,-0.806288,-0.383181,0.018479,-0.486461
1788293482.636588,-0.003459,0.001682,0.004011,-0.197694,0.164571,0.017666,0.106078,-0.030280,-0.993897,0.117476,0.000000,0.000000,0.158678,-0.027762,-0.146169,-0.075330,0.288237,0.069804,0.042724,-0.115924,-0.197308,-0.073471,0.010370,-0.159380,-0.021817,-0.065450,-0.000000,0.567232,-0.850848,1.701696,1.658063,0.436332,-0.043633,-0.938114,0.021817,0.741765,0.659394,-0.356071,-0.665282,-0.076989,0.824265,0.772167,0.384385,-0.274384,-0.806288,-0.383181,0.018479,-0.486461,0.569107,-0.570634,-0.800263,0.159688,0.561653,0.991740,0.240317,-0.161015,-0.790719,-0.604174,-0.076286,-0.253833
1788293482.656623,-0.001635,-0.000951,0.006245,-0.316471,0.224892,-0.020018,0.101872,-0.037681,-0.994084,0.249065,0.000000,0.000000,0.158342,-0.044626,-0.152757,-0.058109,0.238547,0.132240,0.075830,-0.094045,-0.198980,-0.088637,0.006707,-0.134563,0.000000,-0.567232,-0.523599,0.959931,-2.683444,2.290745,0.807215,1.069014,-0.109083,-0.239983,-0.174533,0.763581,0.569107,-0.570634,-0.800263,0.159688,0.561653,0.991740,0.240317,-0.161015,-0.790719,-0.604174,-0.076286,-0.253833,0.452510,-0.775137,-0.757474,0.287980,0.516578,1.072214,-0.104929,0.078933,-0.691287,-0.965274,-0.162260,-0.044749
1788293482.676680,-0.000620,-0.003177,0.006896,-0.422066,0.219432,-0.039326,0.097943,-0.047066,-0.994078,0.322520,0.000000,0.000000,0.156769,-0.070465,-0.166052,-0.029524,0.193763,0.186070,0.076128,-0.071874,-0.196921,-0.128117,-0.007048,-0.089198,0.174533,-1.134464,-0.589049,1.352630,-2.181662,2.290745,-0.130900,1.352630,0.152716,-1.221730,-0.589049,1.439897,0.452510,-0.775137,-0.757474,0.287980,0.516578,1.072214,-0.104929,0.078933,-0.691287,-0.965274,-0.162260,-0.044749,0.310628,-0.830944,-0.606787,0.368339,0.577739,1.028932,-0.543161,0.332648,-0.513265,-1.306605,-0.292932,0.107203
1788293482.696640,0.000306,-0.006159,0.005856,-0.607022,0.192801,-0.017621,0.094403,-0.058120,-0.993836,0.451241,0.000000,0.000000,0.147859,-0.105263,-0.174271,0.003930,0.161308,0.228211,0.043010,-0.034063,-0.178216,-0.195912,-0.025573,-0.039999,-0.414516,-1.592613,-0.370883,1.592613,-1.003564,1.483530,-1.832596,2.050762,1.548980,-2.508911,-0.807215,1.592613,0.310628,-0.830944,-0.606787,0.368339,0.577739,1.028932,-0.543161,0.332648,-0.513265,-1.306605,-0.292932,0.107203,0.220565,-0.746163,-0.423647,0.510440,0.683555,0.871343,-0.887123,0.541302,-0.401422,-1.533181,-0.487475,0.131966
1788293482.716537,0.001502,-0.011444,0.001907,-0.425128,0.111574,-0.000710,0.092525,-0.066645,-0.993478,0.599955,0.000000,0.000000,0.128792,-0.139812,-0.169289,0.037423,0.151703,0.246327,-0.019178,0.016143,-0.144087,-0.275191,-0.052418,0.002519,-0.938115,-1.527163,0.043633,1.636246,0.261799,0.349066,-3.316126,2.574361,1.483530,-2.748893,-1.003564,1.461713,0.220565,-0.746163,-0.423647,0.510440,0.683555,0.871343,-0.887123,0.541302,-0.401422,-1.533181,-0.487475,0.131966,0.209851,-0.590899,-0.300309,0.646935,0.831490,0.578346,-1.092257,0.643332,-0.406507,-1.757308,-0.672636,0.097529
1788293482.736694,0.002019,-0.014374,-0.000067,-0.132047,-0.006670,-0.019219,0.092769,-0.069135,-0.993285,0.639959,0.000000,0.000000,0.117382,-0.153456,-0.156578,0.057767,0.154356,0.242864,-0.064292,0.047152,-0.126137,-0.312835,-0.072574,0.013476,-1.265364,-1.112647,1.418080,1.854413,0.021817,-0.239983,-4.843289,2.770710,1.483530,-4.079707,-2.857977,1.003564,0.209851,-0.590899,-0.300309,0.646935,0.831490,0.578346,-1.092257,0.643332,-0.406507,-1.757308,-0.672636,0.097529,0.257255,-0.457266,-0.207720,0.713796,0.868947,0.333087,-0.922116,0.585235,-0.453900,-1.738196,-0.773577,0.062613
1788293482.756590,0.001941,-0.016826,-0.000206,0.192991,-0.118523,-0.011629,0.095092,-0.064899,-0.993351,0.737530,0.000000,0.000000,0.090086,-0.164399,-0.115783,0.101213,0.186105,0.200911,-0.179530,0.113949,-0.108793,-0.401964,-0.137863,0.021475,-0.589049,0.043633,1.330814,1.505347,1.265364,-2.312562,-3.447026,1.679880,0.109083,-2.094395,-1.832596,-0.021817,0.257255,-0.457266,-0.207720,0.713796,0.868947,0.333087,-0.922116,0.585235,-0.453900,-1.738196,-0.773577,0.062613,0.243163,-0.368110,-0.321705,0.775245,1.046660,0.061006,-1.085923,0.455952,-0.550516,-2.017954,-0.923135,0.030659
1788293482.776573,0.001941,-0.016826,-0.000206,0.539602,-0.223984,0.020329,0.098996,-0.053817,-0.993631,0.787400,0.000000,0.000000,0.082481,-0.151754,-0.092562,0.128922,0.205623,0.146484,-0.215201,0.132624,-0.114703,-0.420642,-0.173023,0.018268,-0.174533,0.632682,0.872665,1.265364,1.439897,-2.661628,-1.134464,0.632682,-0.719948,-0.807215,-1.418080,-0.130900,0.243163,-0.368110,-0.321705,0.775245,1.046660,0.061006,-1.085923,0.455952,-0.550516,-2.017954,-0.923135,0.030659,0.147504,-0.230167,-0.510576,0.717975,1.186676,-0.269901,-1.191638,0.243292,-0.583122,-2.104825,-0.937023,0.012799
1788293482.796756,0.000208,-0.012305,0.001885,0.322821,-0.230243,-0.000710,0.104557,-0.046455,-0.993433,0.808660,0.000000,0.000000,0.077738,-0.131178,-0.088545,0.150663,0.230273,0.089133,-0.228637,0.127642,-0.131447,-0.471666,-0.204848,0.011829,-0.196350,0.829031,0.109083,0.829032,1.701696,-3.032510,-0.501782,-0.567232,-0.632682,-1.919862,-1.243547,-0.152716,0.147504,-0.230167,-0.510576,0.717975,1.186676,-0.269901,-1.191638,0.243292,-0.583122,-2.104825,-0.937023,0.012799,0.107460,-0.071586,-0.582201,0.556303,1.235112,-0.560324,-1.138819,-0.070375,-0.679327,-1.917926,-0.875904,-0.142699
1788293482.816529,-0.001405,-0.007741,0.002808,0.371290,-0.286568,0.075190,0.110528,-0.038476,-0.993128,0.860513,0.000000,0.000000,0.067820,-0.110095,-0.099882,0.160218,0.258741,0.019942,-0.250846,0.098953,-0.142794,-0.503924,-0.221797,0.006615,-0.567232,0.763582,-0.414516,0.218166,1.658063,-3.337943,-1.330814,-1.592613,-0.785398,-1.221730,-0.719949,-0.349066,0.107460,-0.071586,-0.582201,0.556303,1.235112,-0.560324,-1.138819,-0.070375,-0.679327,-1.917926,-0.875904,-0.142699,0.241244,0.133235,-0.720198,0.367879,0.975618,-0.733517,-1.066072,-0.577010,-1.033858,-1.516316,-0.591951,-0.538383
1788293482.836526,-0.002579,-0.004459,0.001238,0.223751,-0.379779,0.045896,0.117988,-0.032822,-0.992472,0.887015,0.000000,0.000000,0.055262,-0.086018,-0.117864,0.155855,0.278013,-0.052560,-0.268807,0.051194,-0.164693,-0.487404,-0.221025,-0.019622,-0.523599,1.134464,-0.959931,-0.021817,-0.152716,-3.054327,-0.589049,-2.552544,-1.767146,0.414516,0.043633,-0.894481,0.241244,0.133235,-0.720198,0.367879,0.975618,-0.733517,-1.066072,-0.577010,-1.033858,-1.516316,-0.591951,-0.538383,0.334009,0.299053,-0.865413,0.273201,0.460053,-0.596324,-0.544894,-1.090650,-1.547387,-0.955671,-0.146958,-1.151105
1788293482.856719,-0.003508,-0.001035,-0.001702,0.216560,-0.515068,0.048026,0.128247,-0.028006,-0.991347,0.898314,0.000000,0.000000,0.053923,-0.051905,-0.139261,0.133111,0.262180,-0.117724,-0.270416,-0.024799,-0.230328,-0.421864,-0.181614,-0.087772,0.021817,1.570796,-1.047198,-0.981748,-2.639811,-2.443461,-0.196350,-3.730642,-3.556109,2.574361,2.116212,-2.945244,0.334009,0.299053,-0.865413,0.273201,0.460053,-0.596324,-0.544894,-1.090650,-1.547387,-0.955671,-0.146958,-1.151105,0.277007,0.495044,-0.609905,0.298962,0.126101,-0.178476,0.177027,-0.994432,-1.954600,-0.379840,0.131712,-1.670247
1788293482.876474,-0.004523,0.003744,-0.006469,0.228944,-0.438102,0.035243,0.136690,-0.022830,-0.990351,0.925871,0.000000,0.000000,0.061474,-0.010486,-0.164699,0.105786,0.206105,-0.138008,-0.233055,-0.124430,-0.336291,-0.314212,-0.104075,-0.204150,0.436332,1.898046,-0.916298,-1.069014,-4.166974,-0.589049,1.788963,-4.646940,-5.541421,4.886922,4.123340,-5.345071,0.277007,0.495044,-0.609905,0.298962,0.126101,-0.178476,0.177027,-0.994432,-1.954600,-0.379840,0.131712,-1.670247,0.202451,0.546464,-0.235831,0.578027,0.233120,0.152083,0.675237,-0.483268,-1.880668,-0.000089,0.059670,-1.809242
1788293482.896473,-0.005324,0.006243,-0.008214,0.165694,-0.351017,0.097694,0.142916,-0.018696,-0.989558,0.939955,0.000000,0.000000,0.071081,0.032575,-0.171577,0.090978,0.134528,-0.101247,-0.139328,-0.192075,-0.434436,-0.177703,-0.022194,-0.339661,0.523599,1.854412,-0.152716,-0.370883,-3.250676,1.461713,4.865105,-2.683444,-2.487095,5.279622,2.945243,-5.017822,0.202451,0.546464,-0.235831,0.578027,0.233120,0.152083,0.675237,-0.483268,-1.880668,-0.000089,0.059670,-1.809242,0.088350,0.430971,-0.145081,0.851110,-0.154312,0.612773,0.984611,-0.323647,-2.071067,0.082421,0.116675,-1.901145
1788293482.916572,-0.004059,0.009926,-0.006293,-0.095163,0.018097,0.059211,0.142223,-0.020568,-0.989621,0.945960,0.000000,0.000000,0.074673,0.066377,-0.151953,0.107823,0.089182,-0.041017,-0.004065,-0.191587,-0.462080,-0.062800,0.000820,-0.415419,-0.239983,1.548980,1.221731,1.265364,-2.770710,2.967060,6.305002,0.654499,-1.898046,3.730642,0.632682,-2.225296,0.088350,0.430971,-0.145081,0.851110,-0.154312,0.612773,0.984611,-0.323647,-2.071067,0.082421,0.116675,-1.901145,-0.223108,0.012613,-0.503076,1.270451,-0.645431,1.140718,0.837085,-0.186893,-2.157729,0.002765,0.160481,-1.627947
1788293482.936509,-0.001124,0.011409,-0.002317,0.045452,0.089603,0.081316,0.142291,-0.022518,-0.989569,0.960605,0.000000,0.000000,0.059300,0.083647,-0.122315,0.142888,0.036004,0.048969,0.115021,-0.143236,-0.497999,-0.009835,0.016882,-0.452816,-0.785398,0.698132,1.243547,1.745329,-3.948807,3.774275,4.996005,2.378011,-1.723513,1.658063,0.589049,-1.047198,-0.223108,0.012613,-0.503076,1.270451,-0.645431,1.140718,0.837085,-0.186893,-2.157729,0.002765,0.160481,-1.627947,-0.385871,-0.477667,-0.788147,1.554947,-0.595388,1.271048,0.366569,0.345812,-1.875802,-0.385527,-0.052129,-0.988710
1788293482.956506,0.003584,0.011079,0.001108,-0.768543,0.071227,-0.059299,0.142916,-0.040157,-0.988920,0.968090,0.000000,0.000000,0.025065,0.068534,-0.116847,0.188160,-0.044311,0.155846,0.176918,-0.094958,-0.516714,-0.008357,0.031352,-0.423631,-1.418080,-0.589049,0.152716,2.028945,-4.057890,4.341506,1.963495,2.159845,0.305432,-0.000000,0.370882,1.090830,-0.385871,-0.477667,-0.788147,1.554947,-0.595388,1.271048,0.366569,0.345812,-1.875802,-0.385527,-0.052129,-0.988710,-0.596251,-0.870283,-0.666189,1.488839,-0.096768,1.000519,-0.412851,1.013478,-1.411541,-1.129378,-0.362615,-0.399102
1788293482.976521,0.010759,0.007001,0.000856,-1.127670,0.379888,-0.147450,0.136016,-0.063274,-0.988684,0.971281,0.000000,0.000000,-0.012528,0.019329,-0.130870,0.239235,-0.092850,0.236643,0.171845,-0.024510,-0.480545,-0.062830,0.008420,-0.328742,-1.832596,-2.487095,-0.698132,2.072578,-0.392699,3.730641,-0.959931,3.337943,2.225294,-2.072579,-0.938115,5.345071,-0.596251,-0.870283,-0.666189,1.488839,-0.096768,1.000519,-0.412851,1.013478,-1.411541,-1.129378,-0.362615,-0.399102,-0.686411,-0.728660,-0.294243,1.296467,0.532145,0.590464,-1.059151,1.439311,-0.938352,-1.816213,-0.755292,-0.193764
1788293482.996573,0.014953,-0.001560,-0.004372,-0.892113,0.466574,-0.109899,0.127525,-0.081163,-0.988509,0.979064,0.000000,0.000000,-0.055395,-0.051654,-0.138440,0.281126,-0.067510,0.286573,0.101686,0.083038,-0.393688,-0.175050,-0.044832,-0.188079,-2.050762,-3.403393,-0.218166,1.723513,3.141593,1.723513,-4.385140,5.366889,4.843288,-6.981318,-2.552544,5.497787,-0.686411,-0.728660,-0.294243,1.296467,0.532145,0.590464,-1.059151,1.439311,-0.938352,-1.816213,-0.755292,-0.193764,-0.397587,-0.317868,0.146437,1.184522,0.794799,0.278243,-1.019200,1.492940,-0.750481,-1.839938,-0.973300,-0.214301
1788293483.016480,0.015654,-0.006393,-0.005594,-0.340040,0.383217,-0.001642,0.120274,-0.088167,-0.988818,0.983042,0.000000,0.000000,-0.091202,-0.110539,-0.114142,0.302896,0.021460,0.273085,-0.024818,0.212566,-0.285183,-0.345061,-0.122943,-0.096452,-1.374447,-2.639811,1.548980,0.850848,6.086836,-1.723513,-6.370452,5.781404,4.756022,-6.479536,-3.687008,3.032510,-0.397587,-0.317868,0.146437,1.184522,0.794799,0.278243,-1.019200,1.492940,-0.750481,-1.839938,-0.973300,-0.214301,-0.155877,-0.101581,0.309213,1.172236,0.877936,0.007765,-0.806805,1.342226,-0.777767,-1.830834,-1.176110,-0.289780
1788293483.036536,0.013749,-0.009392,-0.003114,0.658912,0.052186,0.072527,0.118770,-0.075003,-0.990085,0.984737,0.000000,0.000000,-0.099260,-0.139299,-0.054386,0.308067,0.116366,0.196714,-0.144029,0.305769,-0.220461,-0.417230,-0.200011,-0.066765,-0.261799,-0.218167,2.945244,-0.043633,4.777840,-4.036075,-5.039639,3.621559,1.745329,-2.465278,-2.792527,0.872665,-0.155877,-0.101581,0.309213,1.172236,0.877936,0.007765,-0.806805,1.342226,-0.777767,-1.830834,-1.176110,-0.289780,-0.004334,-0.053611,-0.006319,1.212752,0.977307,-0.259649,-0.952009,1.091458,-0.870319,-2.143095,-1.278441,-0.201792
1788293483.056492,0.011510,-0.010444,0.000099,0.875826,-0.279644,-0.035198,0.123138,-0.058918,-0.990639,0.987637,0.000000,0.000000,-0.085968,-0.124273,-0.000145,0.304639,0.181439,0.105329,-0.196368,0.334668,-0.204145,-0.442669,-0.259979,-0.069986,0.829032,1.156281,2.072579,-0.479966,2.945244,-4.188791,-0.981748,0.479966,0.043633,-1.090832,-2.181662,-0.065450,-0.004334,-0.053611,-0.006319,1.212752,0.977307,-0.259649,-0.952009,1.091458,-0.870319,-2.143095,-1.278441,-0.201792,-0.027204,-0.007445,-0.325534,1.148320,1.086684,-0.553716,-1.018479,0.740623,-0.909590,-2.241738,-1.296883,-0.125941
1788293483.076459,0.007037,-0.006176,0.004783,0.594330,-0.263266,-0.049179,0.128100,-0.046889,-0.990652,0.990988,0.000000,0.000000,-0.059922,-0.091829,0.010911,0.289880,0.218792,0.030591,-0.206848,0.312170,-0.214227,-0.499678,-0.293552,-0.057859,1.090831,1.745329,0.196350,-0.829032,1.810780,-3.665192,0.000000,-1.701695,-0.436332,-2.116212,-1.112648,0.152716,-0.027204,-0.007445,-0.325534,1.148320,1.086684,-0.553716,-1.018479,0.740623,-0.909590,-2.241738,-1.296883,-0.125941,-0.010548,0.173575,-0.465716,0.970022,1.023187,-0.805216,-0.952552,0.298835,-1.049916,-1.983527,-1.191680,-0.298480
1788293483.096529,0.007037,-0.006176,0.004783,0.337335,-0.151946,0.028585,0.130900,-0.039901,-0.990592,0.991889,0.000000,0.000000,-0.043099,-0.061714,-0.009433,0.274761,0.244841,-0.044262,-0.219032,0.257931,-0.226234,-0.536780,-0.309113,-0.042454,0.589049,1.134464,-1.112647,-0.545415,0.829032,-3.556109,-0.763582,-2.792526,-1.287180,-1.221731,-0.589049,0.261799,-0.010548,0.173575,-0.465716,0.970022,1.023187,-0.805216,-0.952552,0.298835,-1.049916,-1.983527,-1.191680,-0.298480,0.110716,0.449756,-0.577173,0.755699,0.643533,-0.975703,-0.808821,-0.395105,-1.465857,-1.447256,-0.763361,-0.799630
1788293483.116489,0.000661,0.000505,0.002354,0.279145,-0.154476,0.036574,0.134253,-0.034781,-0.990337,0.994087,0.000000,0.000000,-0.029177,-0.038138,-0.040625,0.259721,0.250431,-0.115578,-0.228151,0.182721,-0.254604,-0.511072,-0.302401,-0.063735,0.523599,0.829032,-1.505347,-0.632682,-1.069014,-2.836160,-0.196350,-3.730641,-2.007129,0.676315,0.261799,-0.676315,0.110716,0.449756,-0.577173,0.755699,0.643533,-0.975703,-0.808821,-0.395105,-1.465857,-1.447256,-0.763361,-0.799630,0.139619,0.621985,-0.666857,0.642852,0.048675,-0.741383,-0.156263,-0.956856,-1.978273,-0.773143,-0.173519,-1.483429
1788293483.136508,-0.002111,0.001963,0.000009,0.210568,-0.290829,-0.002041,0.139912,-0.030271,-0.989701,0.994678,0.000000,0.000000,-0.009752,-0.006812,-0.070650,0.234907,0.216294,-0.171764,-0.221590,0.075372,-0.332683,-0.427806,-0.245010,-0.140347,0.807215,1.483530,-1.396264,-1.047198,-3.381575,-2.159845,0.261799,-4.974188,-4.319690,4.450590,3.643376,-3.599742,0.139619,0.621985,-0.666857,0.642852,0.048675,-0.741383,-0.156263,-0.956856,-1.978273,-0.773143,-0.173519,-1.483429,0.029681,0.734086,-0.366742,0.701209,-0.077711,-0.287011,0.505915,-0.735749,-2.233150,-0.179411,0.013831,-1.899997
1788293483.156967,-0.005165,0.003071,-0.002498,0.248385,-0.315331,0.054285,0.145884,-0.024995,-0.988986,0.995689,0.000000,0.000000,-0.001039,0.014074,-0.086852,0.216808,0.178491,-0.176037,-0.195688,0.001318,-0.394588,-0.360581,-0.204619,-0.200659,0.894481,2.552544,-1.527163,-1.767146,-3.076143,-0.392699,3.752458,-7.483099,-6.152287,7.963065,5.323255,-7.439467,0.029681,0.734086,-0.366742,0.701209,-0.077711,-0.287011,0.505915,-0.735749,-2.233150,-0.179411,0.013831,-1.899997,0.119628,0.839174,-0.065466,0.881908,0.126662,-0.205094,0.819400,-0.196820,-1.779135,0.075609,-0.071758,-1.724796
1788293483.176587,-0.006741,0.003612,-0.003151,-0.084510,-0.157538,0.063872,0.147995,-0.025467,-0.988660,0.996508,0.000000,0.000000,0.013985,0.079778,-0.100547,0.183328,0.070275,-0.134563,-0.060207,-0.131935,-0.517148,-0.134348,-0.049923,-0.404140,0.479966,2.007129,-0.130900,-0.676315,-2.596177,1.876229,5.432337,-3.337942,-1.156281,5.475971,2.923427,-4.777840,0.119628,0.839174,-0.065466,0.881908,0.126662,-0.205094,0.819400,-0.196820,-1.779135,0.075609,-0.071758,-1.724796,-0.028687,0.534207,-0.123949,1.221388,-0.470103,0.483099,0.984257,-0.244229,-2.258981,0.096945,0.102160,-1.977339
1788293483.196553,-0.009614,0.003925,-0.001688,-0.056547,0.243134,0.050822,0.142787,-0.026592,-0.989396,0.997455,0.000000,0.000000,0.021378,0.116961,-0.083345,0.194980,0.037567,-0.092346,0.066984,-0.149811,-0.478162,-0.033765,-0.028322,-0.426208,0.196350,1.592613,0.959931,1.352630,-2.225294,1.636246,5.606870,0.850848,0.872664,3.119777,0.349066,-0.436333,-0.028687,0.534207,-0.123949,1.221388,-0.470103,0.483099,0.984257,-0.244229,-2.258981,0.096945,0.102160,-1.977339,-0.402784,0.060651,-0.695848,1.591709,-0.779210,1.158686,0.675577,-0.151511,-2.286985,-0.081157,-0.014369,-1.531983
1788293483.216539,-0.008490,0.002871,0.004907,0.215895,0.403057,0.055217,0.136497,-0.024284,-0.990343,0.997709,0.000000,0.000000,0.007680,0.123929,-0.062106,0.231313,-0.010225,0.000607,0.156726,-0.106325,-0.525752,0.001406,0.003822,-0.467725,-0.610865,0.109083,0.829032,1.636246,-3.294309,3.796091,3.403392,2.138028,-2.530728,1.112648,1.352631,-1.178098,-0.402784,0.060651,-0.695848,1.591709,-0.779210,1.158686,0.675577,-0.151511,-2.286985,-0.081157,-0.014369,-1.531983,-0.484376,-0.478192,-0.791804,1.699781,-0.514662,1.125537,0.136209,0.595245,-1.873506,-0.533776,-0.104968,-0.894836
1788293483.237129,-0.004993,-0.000169,0.009845,-1.070146,0.341139,-0.249982,0.131043,-0.047915,-0.990218,0.998330,0.000000,0.000000,-0.021225,0.098758,-0.078622,0.272833,-0.082828,0.121656,0.186113,-0.072075,-0.549139,-0.015979,0.002663,-0.418441,-1.199914,-1.287180,-1.047198,1.832596,-2.552544,4.516039,0.654498,1.439897,0.196349,-0.719949,-0.130900,2.312562,-0.484376,-0.478192,-0.791804,1.699781,-0.514662,1.125537,0.136209,0.595245,-1.873506,-0.533776,-0.104968,-0.894836,-0.787435,-0.881012,-0.585603,1.582403,0.044990,0.836574,-0.598888,1.166277,-1.412877,-1.316086,-0.454896,-0.412002
1788293483.257164,-0.000536,-0.008063,0.006166,-1.246181,0.700532,-0.245188,0.117719,-0.073559,-0.990319,0.998647,0.000000,0.000000,-0.049780,0.037974,-0.108892,0.312621,-0.110140,0.201074,0.150590,-0.001987,-0.495896,-0.087930,-0.011834,-0.314869,-1.548980,-3.163409,-1.679879,1.985312,0.589049,3.577925,-2.247112,3.119776,2.836160,-2.683444,-0.567232,5.585054,-0.787435,-0.881012,-0.585603,1.582403,0.044990,0.836574,-0.598888,1.166277,-1.412877,-1.316086,-0.454896,-0.412002,-0.782373,-0.624265,-0.181980,1.389297,0.648197,0.452521,-1.141410,1.563732,-0.988483,-1.903577,-0.821954,-0.267342
1788293483.277219,0.001974,-0.015021,0.002427,-0.997308,0.724101,-0.183403,0.103990,-0.093771,-0.990148,0.998783,0.000000,0.000000,-0.092606,-0.043167,-0.119233,0.344443,-0.062313,0.264217,0.062506,0.112250,-0.402504,-0.202094,-0.063736,-0.186765,-1.941679,-4.123340,-0.283616,1.461713,4.014258,2.203478,-4.952373,5.454154,4.406956,-7.766716,-2.879794,5.061455,-0.782373,-0.624265,-0.181980,1.389297,0.648197,0.452521,-1.141410,1.563732,-0.988483,-1.903577,-0.821954,-0.267342,-0.468330,-0.282099,0.270191,1.266534,0.816179,0.153491,-1.008903,1.566873,-0.810071,-1.879211,-1.038829,-0.292275
1788293483.296979,0.003012,-0.020864,0.000551,-0.411013,0.547800,0.087840,0.093325,-0.102339,-0.990362,0.999112,0.000000,0.000000,-0.126206,-0.103875,-0.088385,0.355889,0.036779,0.258476,-0.066798,0.243884,-0.300436,-0.369485,-0.141138,-0.107969,-1.308997,-2.617994,1.767146,0.501782,5.715954,-1.265364,-6.108653,5.606871,3.883357,-6.283186,-3.839725,2.596178,-0.468330,-0.282099,0.270191,1.266534,0.816179,0.153491,-1.008903,1.566873,-0.810071,-1.879211,-1.038829,-0.292275,-0.231178,-0.032125,0.356129,1.217892,0.875546,-0.096901,-0.842421,1.395583,-0.824406,-1.878332,-1.287224,-0.312272
1788293483.316860,0.002471,-0.025324,0.002105,0.624157,0.101321,0.115271,0.090949,-0.089968,-0.991783,0.999281,0.000000,0.000000,-0.129912,-0.136981,-0.022875,0.350606,0.129535,0.180880,-0.172593,0.332162,-0.234756,-0.431613,-0.215759,-0.083482,0.349066,-0.174533,3.359759,-0.719948,4.254241,-4.123341,-4.363324,3.359760,1.745329,-2.050762,-3.163409,0.676316,-0.231178,-0.032125,0.356129,1.217892,0.875546,-0.096901,-0.842421,1.395583,-0.824406,-1.878332,-1.287224,-0.312272,-0.088617,0.013750,0.021503,1.232341,0.981581,-0.359072,-0.966250,1.151548,-0.886730,-2.155293,-1.383739,-0.196039
1788293483.336709,0.001121,-0.022820,0.005435,0.953590,-0.298819,-0.008699,0.096266,-0.070914,-0.992826,0.999353,0.000000,0.000000,-0.111036,-0.116520,0.031700,0.335875,0.185483,0.087481,-0.208658,0.353559,-0.216973,-0.454692,-0.281367,-0.078950,1.178097,1.374447,2.159845,-0.938115,2.443462,-4.145157,-0.654499,0.283617,0.196350,-0.850849,-2.617994,0.109084,-0.088617,0.013750,0.021503,1.232341,0.981581,-0.359072,-0.966250,1.151548,-0.886730,-2.155293,-1.383739,-0.196039,-0.081573,0.088404,-0.298317,1.148404,1.056103,-0.663927,-0.963199,0.776085,-0.917724,-2.193604,-1.362049,-0.139883
1788293483.356603,-0.000201,-0.017891,0.008524,0.679285,-0.351816,-0.041057,0.103058,-0.057286,-0.993024,0.999528,0.000000,0.000000,-0.080651,-0.081174,0.037874,0.310854,0.219686,0.009887,-0.213515,0.328033,-0.221435,-0.505070,-0.318349,-0.060286,1.156281,1.985312,-0.043633,-1.112648,1.636247,-3.599742,0.065450,-1.570796,-0.174533,-1.985313,-1.374447,0.458150,-0.081573,0.088404,-0.298317,1.148404,1.056103,-0.663927,-0.963199,0.776085,-0.917724,-2.193604,-1.362049,-0.139883,0.010757,0.263286,-0.446636,0.964596,0.950110,-0.893244,-0.877789,0.284955,-1.108610,-1.900427,-1.189069,-0.372648
1788293483.376582,-0.002384,-0.009137,0.008682,0.395259,-0.295756,0.035243,0.108948,-0.048370,-0.992870,0.999618,0.000000,0.000000,-0.061035,-0.047811,0.011710,0.290829,0.242294,-0.069296,-0.219109,0.272008,-0.230044,-0.530407,-0.330888,-0.045404,0.676315,1.439897,-1.396264,-0.719949,0.567233,-3.730642,-0.523599,-2.836160,-1.352630,-0.850849,-0.458149,0.305433,0.010757,0.263286,-0.446636,0.964596,0.950110,-0.893244,-0.877789,0.284955,-1.108610,-1.900427,-1.189069,-0.372648,0.136417,0.502305,-0.583454,0.752174,0.520966,-0.979975,-0.660660,-0.463241,-1.560235,-1.326077,-0.725728,-0.897781
1788293483.396696,-0.004532,-0.003536,0.004809,0.372222,-0.299618,0.067068,0.114954,-0.040365,-0.992550,0.999656,0.000000,0.000000,-0.041691,-0.020260,-0.023584,0.271246,0.240824,-0.140841,-0.220461,0.191625,-0.265256,-0.496332,-0.311821,-0.075388,0.894481,1.025381,-1.810779,-0.763582,-1.745329,-2.748894,-0.065450,-4.036075,-2.138028,1.047198,0.763581,-1.069014,0.136417,0.502305,-0.583454,0.752174,0.520966,-0.979975,-0.660660,-0.463241,-1.560235,-1.326077,-0.725728,-0.897781,0.135587,0.671167,-0.604684,0.605931,-0.039271,-0.658382,0.043827,-0.942418,-2.056097,-0.630452,-0.167218,-1.554077
1788293483.416598,-0.008023,0.003610,-0.001941,0.203245,-0.388168,0.022726,0.122565,-0.035934,-0.991810,0.999749,0.000000,0.000000,-0.017363,0.012923,-0.058738,0.243708,0.198952,-0.190141,-0.202482,0.075869,-0.349395,-0.404290,-0.245043,-0.158984,1.134464,1.636246,-1.483530,-1.265364,-3.665191,-1.898046,0.872665,-5.323255,-4.516040,4.537857,4.254240,-3.970624,0.135587,0.671167,-0.604684,0.605931,-0.039271,-0.658382,0.043827,-0.942418,-2.056097,-0.630452,-0.167218,-1.554077,0.019716,0.754400,-0.285820,0.713980,-0.079363,-0.227941,0.626889,-0.652017,-2.211895,-0.115859,-0.045121,-1.881159
1788293483.436459,-0.010191,0.006839,-0.005498,0.254111,-0.437436,0.059078,0.130835,-0.030281,-0.990942,0.999797,0.000000,0.000000,0.002073,0.054307,-0.087125,0.206614,0.120284,-0.182585,-0.140386,-0.057578,-0.459528,-0.262952,-0.135117,-0.294692,1.025381,1.941679,-0.938115,-1.418080,-4.472405,0.087267,3.076143,-5.803220,-4.646940,6.981318,5.803220,-5.999569,0.019716,0.754400,-0.285820,0.713980,-0.079363,-0.227941,0.626889,-0.652017,-2.211895,-0.115859,-0.045121,-1.881159,0.011210,0.712029,-0.015677,0.921621,0.041722,0.126470,0.979953,-0.219735,-1.958006,0.108863,-0.054134,-1.879836
1788293483.456551,-0.011653,0.009399,-0.006873,0.054374,-0.298952,-0.007501,0.134062,-0.026940,-0.990607,0.999817,0.000000,0.000000,0.011533,0.093389,-0.087997,0.189611,0.056588,-0.131089,-0.025660,-0.131706,-0.516941,-0.112804,-0.057218,-0.413570,0.283616,1.636246,-0.043633,-0.479966,-2.050761,2.399828,5.715954,-2.988877,-0.414516,5.105089,2.552544,-3.861541,0.011210,0.712029,-0.015677,0.921621,0.041722,0.126470,0.979953,-0.219735,-1.958006,0.108863,-0.054134,-1.879836,-0.097139,0.411289,-0.197171,1.243029,-0.556334,0.698210,0.989768,-0.251909,-2.322950,0.118939,0.095009,-1.959700
1788293483.476461,-0.011260,0.011573,-0.004475,0.055839,0.141135,0.029517,0.130631,-0.025535,-0.991102,0.999867,0.000000,0.000000,0.013638,0.119751,-0.070776,0.202499,0.029500,-0.054916,0.103270,-0.132066,-0.501088,-0.020973,-0.029497,-0.451875,-0.392699,1.156281,0.981748,1.156281,-1.658062,3.228859,5.606871,1.178097,-0.589049,2.792528,0.829031,-1.287180,-0.097139,0.411289,-0.197171,1.243029,-0.556334,0.698210,0.989768,-0.251909,-2.322950,0.118939,0.095009,-1.959700,-0.427326,-0.033973,-0.657135,1.611269,-0.752055,1.197468,0.631457,-0.030640,-2.210172,-0.119414,0.011926,-1.462845
1788293483.496444,-0.006859,0.012034,0.002511,0.030006,0.248061,0.018731,0.127418,-0.027115,-0.991478,0.999892,0.000000,0.000000,-0.003360,0.118914,-0.057135,0.236686,-0.025434,0.049940,0.185385,-0.095326,-0.545019,0.008984,0.003825,-0.472107,-0.785398,-0.174533,0.414516,1.570796,-3.817907,4.450590,2.727077,1.679880,-0.916298,0.916299,1.418080,-0.392699,-0.427326,-0.033973,-0.657135,1.611269,-0.752055,1.197468,0.631457,-0.030640,-2.210172,-0.119414,0.011926,-1.462845,-0.498939,-0.553492,-0.777618,1.678115,-0.441653,1.126322,0.019440,0.654514,-1.834949,-0.643462,-0.172751,-0.795501
1788293483.516437,-0.000526,0.007782,0.005556,-1.191719,0.144731,-0.229875,0.125059,-0.051162,-0.990829,0.999903,0.000000,0.000000,-0.032850,0.085739,-0.074084,0.279094,-0.094230,0.164550,0.198726,-0.056588,-0.544111,-0.018196,0.005374,-0.410830,-1.308997,-1.570796,-0.981748,1.767146,-1.941679,4.581490,0.065451,1.832596,0.959931,-0.785398,-0.043633,2.901610,-0.498939,-0.553492,-0.777618,1.678115,-0.441653,1.126322,0.019440,0.654514,-1.834949,-0.643462,-0.172751,-0.795501,-0.779684,-0.872979,-0.502691,1.518840,0.156823,0.808526,-0.721933,1.231474,-1.338313,-1.421122,-0.548221,-0.343127
1788293483.536410,0.003565,0.003713,0.003242,-1.086924,0.446200,-0.191925,0.115997,-0.071894,-0.990644,0.999929,0.000000,0.000000,-0.061245,0.021148,-0.101895,0.317399,-0.106671,0.236927,0.150010,0.019783,-0.484761,-0.096782,-0.020253,-0.292245,-1.396264,-3.272493,-1.221731,1.636246,1.527163,3.905175,-2.923426,3.490659,3.447026,-3.774274,-0.938115,5.890487,-0.779684,-0.872979,-0.502691,1.518840,0.156823,0.808526,-0.721933,1.231474,-1.338313,-1.421122,-0.548221,-0.343127,-0.678592,-0.553969,-0.093500,1.313076,0.697245,0.418012,-1.150771,1.550232,-0.925829,-1.894357,-0.864468,-0.232531
1788293483.556437,0.008398,-0.004046,-0.002159,-0.771472,0.426094,-0.129607,0.107907,-0.087458,-0.990307,0.999943,0.000000,0.000000,-0.102838,-0.058919,-0.105434,0.343388,-0.045446,0.276205,0.045734,0.136221,-0.381378,-0.237440,-0.082479,-0.161831,-1.810779,-3.774275,-0.065450,0.829032,4.908739,0.589049,-5.519604,5.694138,5.497788,-7.592183,-3.141593,4.581490,-0.678592,-0.553969,-0.093500,1.313076,0.697245,0.418012,-1.150771,1.550232,-0.925829,-1.894357,-0.864468,-0.232531,-0.345619,-0.217791,0.323556,1.212005,0.862300,0.146429,-0.965972,1.523658,-0.805518,-1.850374,-1.065223,-0.286160
1788293483.576432,0.009810,-0.007875,-0.003283,-0.044962,0.194665,0.054018,0.104103,-0.088357,-0.990634,0.999948,0.000000,0.000000,-0.128053,-0.110646,-0.069587,0.348867,0.059108,0.244964,-0.090546,0.259346,-0.279178,-0.387061,-0.160596,-0.093597,-0.916298,-2.159845,2.181662,0.152716,6.065020,-3.097960,-6.261369,5.410522,3.926991,-4.821472,-3.207043,2.247112,-0.345619,-0.217791,0.323556,1.212005,0.862300,0.146429,-0.965972,1.523658,-0.805518,-1.850374,-1.065223,-0.286160,-0.139239,-0.031313,0.294279,1.221351,0.949448,-0.113255,-0.900472,1.368894,-0.839779,-1.944642,-1.248536,-0.297432
1788293483.596441,0.009818,-0.009139,-0.000569,0.949995,-0.285237,0.027120,0.109268,-0.069305,-0.991593,0.999962,0.000000,0.000000,-0.120534,-0.131843,-0.001884,0.338310,0.149963,0.157081,-0.186138,0.335565,-0.227636,-0.434596,-0.231116,-0.077717,0.458149,0.109083,3.163409,-0.545415,4.101524,-4.450590,-3.752458,2.639811,1.221731,-1.876229,-2.552544,0.523599,-0.139239,-0.031313,0.294279,1.221351,0.949448,-0.113255,-0.900472,1.368894,-0.839779,-1.944642,-1.248536,-0.297432,-0.001443,-0.043429,-0.081735,1.243098,1.046783,-0.385645,-1.029103,1.059344,-0.901843,-2.249823,-1.286944,-0.158282
1788293483.616429,0.009441,-0.006024,0.002309,0.843202,-0.484974,-0.102709,0.118517,-0.052673,-0.991554,0.999970,0.000000,0.000000,-0.094460,-0.106280,0.038575,0.322302,0.203226,0.070016,-0.210608,0.349067,-0.217524,-0.466580,-0.281237,-0.075814,1.330814,1.439897,1.330814,-1.112647,2.334378,-3.883358,-0.196350,0.043634,0.065451,-1.069014,-1.832596,-0.000000,-0.001443,-0.043429,-0.081735,1.243098,1.046783,-0.385645,-1.029103,1.059344,-0.901843,-2.249823,-1.286944,-0.158282,-0.037513,0.053791,-0.326556,1.131323,1.108891,-0.665114,-1.010290,0.676982,-0.944693,-2.205678,-1.274256,-0.153467
1788293483.636453,0.008603,0.001394,0.004432,0.531479,-0.435173,-0.041856,0.127036,-0.041779,-0.991018,0.999973,0.000000,0.000000,-0.063246,-0.074103,0.031590,0.301525,0.236793,-0.000659,-0.218901,0.315093,-0.223608,-0.523431,-0.302876,-0.053094,1.156281,1.614430,-0.763582,-0.850848,1.505347,-3.468842,-0.152716,-2.050762,-0.196349,-2.268928,-0.785399,0.545416,-0.037513,0.053791,-0.326556,1.131323,1.108891,-0.665114,-1.010290,0.676982,-0.944693,-2.205678,-1.274256,-0.153467,0.048365,0.263112,-0.452778,0.911721,0.947242,-0.888073,-0.927609,0.129941,-1.179796,-1.852390,-1.087501,-0.441318
1788293483.656450,0.008063,0.003861,0.003776,0.341463,-0.354213,0.041235,0.133884,-0.034587,-0.990393,0.999980,0.000000,0.000000,-0.045976,-0.047203,0.001459,0.286043,0.255793,-0.076899,-0.228637,0.253699,-0.236960,-0.539030,-0.310122,-0.045407,0.567232,1.025381,-1.548980,-0.545415,0.218167,-3.468842,-0.501782,-3.228859,-1.614429,-0.567232,-0.305433,0.152716,0.048365,0.263112,-0.452778,0.911721,0.947242,-0.888073,-0.927609,0.129941,-1.179796,-1.852390,-1.087501,-0.441318,0.170928,0.502104,-0.615789,0.711530,0.432439,-0.941191,-0.597322,-0.641450,-1.646462,-1.231430,-0.571687,-1.020785
1788293483.676480,0.004667,0.010465,-0.002620,0.282074,-0.422256,0.018598,0.142339,-0.028839,-0.989398,0.999984,0.000000,0.000000,-0.026892,-0.023829,-0.034320,0.266978,0.246837,-0.142543,-0.231631,0.166762,-0.279996,-0.493013,-0.287640,-0.085007,0.785398,0.938115,-1.788963,-0.763582,-2.203478,-2.443461,-0.152716,-4.188791,-2.574360,1.788963,0.916298,-1.483530,0.170928,0.502104,-0.615789,0.711530,0.432439,-0.941191,-0.597322,-0.641450,-1.646462,-1.231430,-0.571687,-1.020785,0.116352,0.686365,-0.589362,0.611288,-0.069949,-0.565269,0.124637,-0.979989,-2.133414,-0.527344,-0.056790,-1.681255
1788293483.696506,0.002293,0.013689,-0.006760,0.218691,-0.536373,0.016068,0.152914,-0.024115,-0.987945,0.999985,0.000000,0.000000,-0.004052,0.009591,-0.068804,0.236882,0.193468,-0.185200,-0.206433,0.042781,-0.370587,-0.388002,-0.216725,-0.180550,1.003564,1.701696,-1.439897,-1.374447,-4.210606,-1.548980,1.265364,-5.650504,-4.908738,5.192355,4.865106,-4.668756,0.116352,0.686365,-0.589362,0.611288,-0.069949,-0.565269,0.124637,-0.979989,-2.133414,-0.527344,-0.056790,-1.681255,0.038857,0.738815,-0.231813,0.746927,0.003539,-0.161286,0.672626,-0.567563,-2.152277,-0.052404,-0.042402,-1.883881
1788293483.716462,-0.001175,0.016384,-0.010086,0.071951,-0.498423,0.043765,0.159863,-0.020683,-0.986922,0.999989,0.000000,0.000000,0.010668,0.053715,-0.093852,0.201667,0.111465,-0.168038,-0.133917,-0.087871,-0.477022,-0.233638,-0.102261,-0.325306,0.763582,1.941679,-0.719949,-1.265364,-4.188790,0.632682,3.774275,-5.606871,-3.490658,6.457719,5.388705,-6.239552,0.038857,0.738815,-0.231813,0.746927,0.003539,-0.161286,0.672626,-0.567563,-2.152277,-0.052404,-0.042402,-1.883881,0.022363,0.670545,-0.028680,1.013430,-0.049261,0.215968,1.000407,-0.219685,-2.044329,0.093642,0.017809,-1.939077
1788293483.736531,-0.002468,0.017189,-0.009591,-0.174125,-0.110933,0.006348,0.161442,-0.023608,-0.986600,0.999991,0.000000,0.000000,0.017944,0.093192,-0.091120,0.190805,0.055939,-0.113388,-0.009535,-0.146604,-0.513767,-0.094105,-0.043776,-0.425665,0.043633,1.592613,0.349066,-0.152716,-2.094395,2.530728,6.021386,-2.290745,-0.261799,4.974189,1.788963,-3.076143,0.022363,0.670545,-0.028680,1.013430,-0.049261,0.215968,1.000407,-0.219685,-2.044329,0.093642,0.017809,-1.939077,-0.148923,0.316155,-0.303047,1.358410,-0.667315,0.820684,0.934376,-0.249709,-2.400462,0.100159,0.153810,-1.926903
1788293483.756540,-0.000847,0.016802,-0.002312,-0.013537,0.187607,0.062940,0.157297,-0.024167,-0.987256,0.999992,0.000000,0.000000,0.014863,0.116449,-0.072761,0.212153,0.023468,-0.034922,0.115479,-0.134035,-0.513257,-0.017487,-0.014277,-0.465109,-0.392699,1.025381,0.916298,1.548980,-2.225294,3.250676,5.388704,1.396264,-1.221730,2.334378,1.090832,-1.243547,-0.148923,0.316155,-0.303047,1.358410,-0.667315,0.820684,0.934376,-0.249709,-2.400462,0.100159,0.153810,-1.926903,-0.461048,-0.152850,-0.722891,1.687624,-0.731008,1.235896,0.541988,0.084232,-2.175343,-0.185053,-0.007510,-1.332789
1788293483.776393,0.002114,0.015269,0.003005,-0.391972,0.206116,-0.041989,0.154493,-0.033510,-0.987425,0.999994,0.000000,0.000000,0.006068,0.116473,-0.068984,0.234177,-0.005483,0.024455,0.159786,-0.113903,-0.543541,-0.002314,0.003023,-0.469617,-1.352630,-0.938115,0.305433,2.028945,-2.748893,6.414086,3.687008,2.203478,-3.010693,1.265364,2.290745,-0.239983,-0.461048,-0.152850,-0.722891,1.687624,-0.731008,1.235896,0.541988,0.084232,-2.175343,-0.185053,-0.007510,-1.332789,-0.546743,-0.648179,-0.752935,1.678414,-0.395696,1.033857,-0.013023,0.746196,-1.785904,-0.679183,-0.111120,-0.698295
1788293483.796741,0.005960,0.011299,0.004760,-1.289724,0.301458,-0.248117,0.149018,-0.060007,-0.987012,0.999995,0.000000,0.000000,-0.036000,0.070058,-0.085747,0.295525,-0.103993,0.182686,0.190452,-0.047024,-0.543579,-0.028426,0.009195,-0.395100,-1.396264,-1.788963,-1.112647,1.701696,-1.330813,4.406957,-0.305433,2.181662,1.505347,-1.221730,-0.349065,4.145157,-0.546743,-0.648179,-0.752935,1.678414,-0.395696,1.033857,-0.013023,0.746196,-1.785904,-0.679183,-0.111120,-0.698295,-0.808424,-0.860886,-0.453311,1.504066,0.253186,0.749560,-0.776693,1.308542,-1.274486,-1.531059,-0.617751,-0.331412
1788293483.816757,0.011956,0.001150,0.000094,-1.154834,0.604259,-0.193789,0.136907,-0.082812,-0.987116,0.999996,0.000000,0.000000,-0.068520,0.001423,-0.110302,0.333240,-0.105215,0.243739,0.135193,0.037798,-0.477608,-0.109802,-0.010612,-0.265479,-1.570796,-3.228859,-1.134464,1.636246,1.985312,3.687009,-3.119776,4.057891,3.534292,-3.228859,-0.610865,5.650504,-0.808424,-0.860886,-0.453311,1.504066,0.253186,0.749560,-0.776693,1.308542,-1.274486,-1.531059,-0.617751,-0.331412,-0.672322,-0.494459,-0.023788,1.326382,0.746737,0.356729,-1.204342,1.587850,-0.900540,-1.953208,-0.886024,-0.240817
1788293483.836748,0.014357,-0.006300,-0.004023,-0.729394,0.533286,-0.110432,0.126477,-0.097594,-0.987157,0.999997,0.000000,0.000000,-0.110673,-0.077078,-0.106337,0.354724,-0.036326,0.265706,0.029688,0.158807,-0.370614,-0.239272,-0.080464,-0.149041,-1.898046,-3.665192,0.610865,0.523599,5.061455,0.043634,-5.279622,5.846854,5.541421,-8.552113,-4.516039,3.970625,-0.672322,-0.494459,-0.023788,1.326382,0.746737,0.356729,-1.204342,1.587850,-0.900540,-1.953208,-0.886024,-0.240817,-0.316468,-0.219696,0.364370,1.236819,0.812171,0.088511,-0.892434,1.521497,-0.790404,-1.799825,-1.064735,-0.311715
1788293483.856625,0.015420,-0.012323,-0.005672,-0.048957,0.340340,0.087175,0.119753,-0.098630,-0.987892,0.999998,0.000000,0.000000,-0.131854,-0.122067,-0.063105,0.358796,0.069544,0.223690,-0.105092,0.277552,-0.272003,-0.399267,-0.166514,-0.090496,-0.763582,-1.592613,2.334378,0.043633,5.585054,-3.490659,-6.174103,5.170539,3.556109,-4.996005,-3.076143,1.919863,-0.316468,-0.219696,0.364370,1.236819,0.812171,0.088511,-0.892434,1.521497,-0.790404,-1.799825,-1.064735,-0.311715,-0.135050,-0.017416,0.292223,1.232989,0.922300,-0.145874,-0.866567,1.368439,-0.849026,-1.918889,-1.301778,-0.301302
1788293483.876537,0.012273,-0.014713,-0.002198,0.988877,-0.112797,0.071196,0.121704,-0.078872,-0.989428,0.999998,0.000000,0.000000,-0.120989,-0.131865,0.005184,0.346385,0.152278,0.133854,-0.198023,0.344742,-0.222929,-0.431201,-0.233256,-0.081955,0.567232,0.676315,2.988877,-0.589049,3.643376,-4.276057,-3.425210,2.138029,0.981748,-1.265364,-2.487094,0.196350,-0.135050,-0.017416,0.292223,1.232989,0.922300,-0.145874,-0.866567,1.368439,-0.849026,-1.918889,-1.301778,-0.301302,-0.030257,0.002020,-0.097272,1.239520,1.019615,-0.434768,-1.026651,1.051966,-0.921875,-2.233310,-1.341982,-0.161252
1788293483.896611,0.010122,-0.013325,0.001010,0.790871,-0.264065,-0.092722,0.126826,-0.063653,-0.989881,0.953134,0.000000,0.000000,-0.093520,-0.101840,0.041130,0.328201,0.199858,0.053662,-0.215732,0.351993,-0.217786,-0.462047,-0.289331,-0.077169,1.374447,1.701696,1.090831,-1.265364,2.159846,-3.534292,0.109083,-0.414516,0.000000,-1.069014,-2.159845,0.021817,-0.030257,0.002020,-0.097272,1.239520,1.019615,-0.434768,-1.026651,1.051966,-0.921875,-2.233310,-1.341982,-0.161252,-0.066646,0.144347,-0.320967,1.098552,1.044803,-0.754305,-0.913313,0.637503,-0.963592,-2.084033,-1.269565,-0.204680
1788293483.916650,0.006493,-0.007208,0.005097,0.456778,-0.220522,-0.026942,0.131317,-0.054347,-0.989850,0.000000,0.000000,0.000000,-0.065204,-0.067533,0.031124,0.304543,0.230289,-0.015052,-0.220357,0.314490,-0.227156,-0.520229,-0.314376,-0.054144,0.981748,1.505347,-0.829032,-0.894481,1.243548,-3.447026,0.065450,-2.181662,-0.349066,-2.181662,-0.894481,0.545416,-0.066646,0.144347,-0.320967,1.098552,1.044803,-0.754305,-0.913313,0.637503,-0.963592,-2.084033,-1.269565,-0.204680,0.170777,0.469555,-0.438770,0.694061,0.998256,-1.059652,0.155807,0.227118,-0.741957,-0.955745,-0.614873,-0.415309
1788293483.936539,0.003466,-0.002894,0.004301,0.352914,-0.191760,0.050290,0.135442,-0.045399,-0.989745,0.000000,0.000000,0.000000,-0.049060,-0.038264,0.002067,0.286656,0.246556,-0.092648,-0.225408,0.250601,-0.231255,-0.517829,-0.315650,-0.053648,0.654499,1.178097,-1.461713,-0.807215,0.283617,-3.359759,-0.414516,-3.359759,1.134464,-0.174533,0.043634,-0.000000,0.170777,0.469555,-0.438770,0.694061,0.998256,-1.059652,0.155807,0.227118,-0.741957,-0.955745,-0.614873,-0.415309,0.296905,0.494016,-0.548071,0.592787,0.658096,-0.976009,0.516060,-0.068584,-0.983876,-0.608052,-0.395102,-0.830814
1788293483.956649,-0.001909,0.003282,-0.000672,0.191926,-0.245156,0.094765,0.138639,-0.039184,-0.989567,0.000000,0.000000,0.000000,-0.022207,-0.005192,-0.034421,0.253454,0.246605,-0.169631,-0.177960,0.168289,-0.204393,-0.418348,-0.252054,-0.086387,1.156281,1.352630,-1.548980,-1.134464,-0.763582,-3.272493,2.574361,-3.839725,-0.392699,8.617563,5.388704,-1.178097,0.296905,0.494016,-0.548071,0.592787,0.658096,-0.976009,0.516060,-0.068584,-0.983876,-0.608052,-0.395102,-0.830814,0.130291,0.523603,-0.378279,0.427152,0.467470,-0.872978,1.104442,-0.037798,-0.931943,-0.292135,-0.448790,-0.845160
1788293483.976581,-0.004908,0.008079,-0.002951,0.649457,-0.219057,0.071462,0.142313,-0.026958,-0.989455,0.000000,0.000000,0.000000,-0.008596,0.010005,-0.049254,0.236236,0.235302,-0.191799,-0.134697,0.119772,-0.221841,-0.312680,-0.195914,-0.122553,1.636246,1.636246,-1.374447,-1.767146,-0.719949,-1.941679,5.868670,-4.210607,-1.483530,10.493793,6.043203,-4.712389,0.130291,0.523603,-0.378279,0.427152,0.467470,-0.872978,1.104442,-0.037798,-0.931943,-0.292135,-0.448790,-0.845160,-0.033657,0.647532,-0.126291,0.324797,0.435346,-0.861517,1.421943,0.125611,-0.655483,-0.043715,-0.426823,-0.749607
1788293483.996598,-0.005810,0.011397,-0.001816,-0.177721,-0.027709,-0.051310,0.142271,-0.029717,-0.989382,0.000000,0.000000,0.000000,0.013786,0.043592,-0.071987,0.193377,0.194968,-0.206899,0.005545,0.055203,-0.230363,-0.174624,-0.134828,-0.181125,0.458149,1.679880,-0.981748,-2.443461,-1.788963,-0.327250,8.901179,-2.705261,0.000000,6.632251,1.548980,-1.723513,-0.033657,0.647532,-0.126291,0.324797,0.435346,-0.861517,1.421943,0.125611,-0.655483,-0.043715,-0.426823,-0.749607,-0.038431,0.589191,-0.170440,0.535925,0.236599,-0.844764,1.415001,0.155974,-0.705548,-0.032948,-0.369457,-0.913506
1788293484.016567,-0.005372,0.014533,0.001375,-0.067865,0.034076,0.074391,0.141184,-0.030026,-0.989528,0.000000,0.000000,0.000000,0.021399,0.084095,-0.072606,0.134638,0.141476,-0.202138,0.209926,0.019644,-0.186975,-0.050801,-0.114375,-0.191870,-0.218166,1.112648,0.589049,-0.785398,-1.941679,0.479966,5.781404,0.109083,0.654499,2.508911,0.545416,0.021817,-0.038431,0.589191,-0.170440,0.535925,0.236599,-0.844764,1.415001,0.155974,-0.705548,-0.032948,-0.369457,-0.913506,0.086965,0.442200,-0.353564,0.673733,0.182145,-0.516833,1.379529,0.289889,-0.634936,-0.092533,-0.388213,-0.854015
1788293484.036552,-0.004438,0.015169,0.002659,0.071152,0.023557,0.081449,0.143710,-0.028505,-0.989209,0.000000,0.000000,0.000000,0.010052,0.100512,-0.056753,0.131439,0.107175,-0.200998,0.291447,0.033152,-0.181088,-0.024864,-0.098885,-0.213498,-0.589049,0.807215,0.654499,-0.109083,-1.941679,-0.000000,2.727077,0.436332,0.589049,0.763582,0.545416,-0.458149,0.086965,0.442200,-0.353564,0.673733,0.182145,-0.516833,1.379529,0.289889,-0.634936,-0.092533,-0.388213,-0.854015,0.191321,0.199352,-0.587953,0.834914,0.121643,-0.105272,1.275891,0.479816,-0.533467,-0.175393,-0.411185,-0.692996
1788293484.056556,-0.000226,0.015077,0.003933,-0.266004,0.216370,-0.042122,0.139324,-0.034936,-0.989630,0.000000,0.000000,0.000000,0.006567,0.103730,-0.054539,0.137578,0.079198,-0.170174,0.321941,0.050643,-0.165222,-0.027905,-0.096747,-0.211347,-0.196350,-0.021817,-0.000000,0.436332,-1.308997,1.374447,0.850849,1.025381,1.090831,-0.000000,-0.065450,0.043633,0.191321,0.199352,-0.587953,0.834914,0.121643,-0.105272,1.275891,0.479816,-0.533467,-0.175393,-0.411185,-0.692996,0.169993,-0.022408,-0.739824,1.020052,0.100388,0.265561,1.054624,0.624252,-0.430001,-0.421411,-0.480516,-0.440965
1788293484.076654,-0.000226,0.015077,0.003933,-0.265472,0.551928,-0.134534,0.128073,-0.041957,-0.990877,0.000000,0.000000,0.000000,0.012547,0.086609,-0.073536,0.157309,0.059902,-0.104991,0.324532,0.080229,-0.143042,-0.039792,-0.098465,-0.187125,0.392699,-0.719948,-1.047198,1.112647,-0.763582,2.770710,-0.109083,1.723513,1.134464,-0.239983,-0.087266,0.698132,0.169993,-0.022408,-0.739824,1.020052,0.100388,0.265561,1.054624,0.624252,-0.430001,-0.421411,-0.480516,-0.440965,0.195513,-0.181248,-0.698078,1.041304,0.113232,0.444289,0.906673,0.757588,-0.342548,-0.581595,-0.511824,-0.282796
1788293484.096549,0.000171,0.005387,0.002152,-0.424596,0.723702,-0.196718,0.113172,-0.051438,-0.992243,0.000000,0.000000,0.000000,0.024699,0.056791,-0.103779,0.184429,0.049353,-0.023994,0.303948,0.114045,-0.118179,-0.081715,-0.109297,-0.138441,0.719948,-1.287180,-1.352630,1.090831,-0.283616,3.250676,-1.221731,1.701696,1.265364,-1.178097,-0.370883,1.636246,0.195513,-0.181248,-0.698078,1.041304,0.113232,0.444289,0.906673,0.757588,-0.342548,-0.581595,-0.511824,-0.282796,0.236735,-0.235801,-0.596659,0.997030,0.151681,0.529026,0.794149,0.733603,-0.294179,-0.671620,-0.568685,-0.247993
1788293484.116577,-0.000559,-0.000202,0.002693,-0.552028,0.597734,-0.113628,0.101408,-0.062340,-0.992890,0.000000,0.000000,0.000000,0.034487,0.020892,-0.126157,0.210492,0.043602,0.041897,0.269941,0.148278,-0.095954,-0.122005,-0.119704,-0.094287,0.327249,-1.570796,-0.894481,1.112648,-0.021817,2.443461,-1.658063,1.679880,0.850848,-1.156281,-0.414516,1.396264,0.236735,-0.235801,-0.596659,0.997030,0.151681,0.529026,0.794149,0.733603,-0.294179,-0.671620,-0.568685,-0.247993,0.327327,-0.196364,-0.500035,0.918736,0.210218,0.553910,0.699435,0.615444,-0.249046,-0.735980,-0.675943,-0.246392
1788293484.136567,-0.001523,-0.005861,0.003713,-0.314208,0.407318,-0.078607,0.093388,-0.068530,-0.993269,0.000000,0.000000,0.000000,0.038885,-0.009149,-0.129885,0.226664,0.042418,0.091023,0.236630,0.169459,-0.081345,-0.149868,-0.132783,-0.073463,0.239983,-1.374447,-0.043633,0.589049,0.283616,1.963496,-1.527163,0.785398,0.785398,-0.829031,-0.436332,0.589049,0.327327,-0.196364,-0.500035,0.918736,0.210218,0.553910,0.699435,0.615444,-0.249046,-0.735980,-0.675943,-0.246392,0.421035,-0.155287,-0.438411,0.793013,0.296607,0.473986,0.603326,0.389920,-0.244810,-0.804044,-0.724033,-0.264496
1788293484.156524,-0.003376,-0.012157,0.006329,-0.070795,0.203986,-0.024545,0.089422,-0.069994,-0.993531,0.000000,0.000000,0.000000,0.046172,-0.028866,-0.119751,0.230203,0.047728,0.118771,0.208554,0.167722,-0.069957,-0.169282,-0.153154,-0.066550,0.327249,-0.807215,0.479966,0.065450,0.763582,0.981748,-1.221731,-0.239983,0.305433,-0.610865,-0.894481,0.087267,0.421035,-0.155287,-0.438411,0.793013,0.296607,0.473986,0.603326,0.389920,-0.244810,-0.804044,-0.724033,-0.264496,0.459588,-0.048694,-0.409224,0.564734,0.463410,0.265983,0.510083,0.095713,-0.263087,-0.748761,-0.683567,-0.309622
1788293484.176637,-0.004101,-0.013531,0.007441,0.093256,0.059243,-0.024412,0.088596,-0.067821,-0.993756,0.000000,0.000000,0.000000,0.059516,-0.036407,-0.106953,0.221842,0.061979,0.124520,0.183103,0.140571,-0.064947,-0.186798,-0.169396,-0.066727,0.654499,-0.174533,0.589049,-0.545415,1.374447,0.021817,-1.178097,-1.527163,0.087267,-0.589049,-0.676315,-0.065450,0.459588,-0.048694,-0.409224,0.564734,0.463410,0.265983,0.510083,0.095713,-0.263087,-0.748761,-0.683567,-0.309622,0.452186,0.074147,-0.438021,0.225474,0.712709,-0.015216,0.435131,-0.202274,-0.297519,-0.507683,-0.511905,-0.422051
1788293484.196637,-0.004101,-0.013531,0.007441,0.221887,-0.024913,0.003019,0.088651,-0.063494,-0.994037,0.000000,0.000000,0.000000,0.074654,-0.032616,-0.096841,0.197326,0.089869,0.103047,0.158229,0.091868,-0.066024,-0.184543,-0.170264,-0.072637,0.654499,0.087267,0.392699,-1.330814,2.247112,-1.090831,-1.090831,-2.487095,0.065450,-0.218166,0.043633,-0.283616,0.452186,0.074147,-0.438021,0.225474,0.712709,-0.015216,0.435131,-0.202274,-0.297519,-0.507683,-0.511905,-0.422051,0.430573,0.115244,-0.548401,0.021434,0.890675,-0.189670,0.340568,-0.307531,-0.348449,-0.311168,-0.335843,-0.537154
1788293484.216580,-0.004901,-0.008057,0.006773,0.133736,-0.136366,-0.009898,0.090652,-0.061117,-0.994006,0.000000,0.000000,0.000000,0.081690,-0.027814,-0.096230,0.171620,0.109941,0.080112,0.145063,0.056790,-0.070524,-0.163053,-0.159538,-0.085168,0.785398,0.872665,0.021817,-2.443461,1.723513,-2.290745,-1.221731,-3.119776,-0.610865,2.857977,2.181662,-1.308997,0.430573,0.115244,-0.548401,0.021434,0.890675,-0.189670,0.340568,-0.307531,-0.348449,-0.311168,-0.335843,-0.537154,0.371327,0.185720,-0.562833,-0.012760,0.929115,-0.291982,0.372217,-0.230701,-0.458617,-0.220828,-0.220784,-0.682334
1788293484.236560,-0.005795,-0.005738,0.004904,0.081538,-0.157938,-0.039192,0.092450,-0.059211,-0.993955,0.000000,0.000000,0.000000,0.093313,-0.011288,-0.101554,0.102824,0.176650,0.018185,0.114263,-0.022576,-0.083963,-0.103794,-0.107966,-0.119403,0.174533,0.545415,-0.283616,-2.225295,2.290745,-1.876229,-0.894481,-2.203479,-0.785398,1.374447,1.396263,-0.719949,0.371327,0.185720,-0.562833,-0.012760,0.929115,-0.291982,0.372217,-0.230701,-0.458617,-0.220828,-0.220784,-0.682334,0.354836,0.147202,-0.548731,-0.008345,1.002807,-0.259691,0.337734,-0.231403,-0.548406,-0.219075,-0.156762,-0.703869
1788293484.256556,-0.005797,-0.003765,0.002911,0.098183,-0.174716,-0.046516,0.095190,-0.055963,-0.993885,0.000000,0.000000,0.000000,0.094218,-0.003652,-0.106757,0.080094,0.195249,-0.004209,0.107440,-0.035080,-0.097086,-0.086041,-0.091380,-0.139147,0.021817,0.916298,-0.523599,-2.290745,1.723513,-2.138028,-0.654499,-1.003565,-1.112647,1.898046,2.138028,-2.203478,0.354836,0.147202,-0.548731,-0.008345,1.002807,-0.259691,0.337734,-0.231403,-0.548406,-0.219075,-0.156762,-0.703869,0.402053,0.151409,-0.471100,0.012445,1.075989,-0.192059,0.404185,-0.183366,-0.594464,-0.211898,-0.109917,-0.729938
1788293484.276522,-0.005172,-0.001176,0.000911,0.054773,-0.151546,-0.044386,0.097436,-0.053839,-0.993784,0.000000,0.000000,0.000000,0.096822,0.016548,-0.116763,0.035825,0.232564,-0.042285,0.096641,-0.047543,-0.124970,-0.063373,-0.053752,-0.166282,0.000000,0.567232,-0.218166,-0.894482,1.134464,-0.719949,-0.283616,-0.087266,-0.829032,0.305433,0.785398,-0.349066,0.402053,0.151409,-0.471100,0.012445,1.075989,-0.192059,0.404185,-0.183366,-0.594464,-0.211898,-0.109917,-0.729938,0.531860,0.009988,-0.541166,0.064396,1.043886,0.031088,0.405471,-0.224727,-0.621704,-0.281743,-0.129573,-0.683914
1788293484.297203,-0.004011,0.001489,-0.000241,0.106439,-0.098682,-0.001775,0.098535,-0.050462,-0.993853,0.000000,0.000000,0.000000,0.096885,0.020535,-0.117387,0.030107,0.242155,-0.044106,0.095932,-0.046820,-0.134624,-0.059912,-0.045835,-0.172126,0.021817,0.392699,-0.065450,-0.436333,0.850848,-0.109083,0.065450,0.239983,-0.829032,0.239983,1.003564,-0.523599,0.531860,0.009988,-0.541166,0.064396,1.043886,0.031088,0.405471,-0.224727,-0.621704,-0.281743,-0.129573,-0.683914,0.624223,-0.092490,-0.553493,0.075486,0.981287,0.247272,0.438694,-0.199529,-0.626941,-0.308744,-0.141427,-0.617501
1788293484.316938,-0.001989,0.005130,0.000634,0.068755,-0.064727,-0.035464,0.099806,-0.050408,-0.993729,0.000000,0.000000,0.000000,0.099664,0.023210,-0.118922,0.025176,0.252583,-0.033135,0.098888,-0.045819,-0.144749,-0.064227,-0.037073,-0.172829,0.698132,-0.479966,-0.109083,-0.000000,0.327249,1.047198,0.152716,-0.087266,-0.414516,-0.829032,0.087266,0.479966,0.624223,-0.092490,-0.553493,0.075486,0.981287,0.247272,0.438694,-0.199529,-0.626941,-0.308744,-0.141427,-0.617501,0.613851,-0.235697,-0.630632,0.115724,0.895664,0.452372,0.415674,-0.188668,-0.634644,-0.364646,-0.165025,-0.542718
1788293484.336882,-0.000693,0.006719,0.002038,0.037596,-0.016524,-0.046117,0.099385,-0.049565,-0.993814,0.000000,0.000000,0.000000,0.114175,0.008917,-0.123654,0.025092,0.247252,0.011872,0.101162,-0.048107,-0.152374,-0.073112,-0.038262,-0.160757,0.610865,-0.523599,-0.283616,-0.000000,-0.589049,1.810779,0.021817,-0.000000,-0.239983,-0.087267,-0.109083,0.392699,0.613851,-0.235697,-0.630632,0.115724,0.895664,0.452372,0.415674,-0.188668,-0.634644,-0.364646,-0.165025,-0.542718,0.611982,-0.328010,-0.634826,0.106328,0.864300,0.630739,0.367613,-0.175850,-0.629382,-0.416862,-0.148104,-0.469131
1788293484.356687,0.001272,0.007861,0.003470,-0.066134,-0.011730,-0.060365,0.099527,-0.051512,-0.993701,0.000000,0.000000,0.000000,0.119975,0.001050,-0.127892,0.025752,0.242108,0.037605,0.101405,-0.047314,-0.154411,-0.080085,-0.038461,-0.152085,0.523599,-1.199914,-0.458149,0.218166,-0.436332,2.356195,0.087266,0.021817,-0.174533,-0.872665,0.000000,1.069014,0.611982,-0.328010,-0.634826,0.106328,0.864300,0.630739,0.367613,-0.175850,-0.629382,-0.416862,-0.148104,-0.469131,0.607926,-0.432534,-0.655424,0.112637,0.814817,0.757522,0.272115,-0.155342,-0.579519,-0.503087,-0.154035,-0.347527
1788293484.376618,0.002856,0.007640,0.002729,-0.136974,-0.040625,-0.037595,0.099557,-0.053133,-0.993612,0.000000,0.000000,0.000000,0.133447,-0.032071,-0.138655,0.026491,0.226152,0.104304,0.098138,-0.045091,-0.155355,-0.096000,-0.038502,-0.127931,0.349066,-0.938115,-0.349066,0.021817,-0.632682,2.159845,-0.174533,0.174533,0.065450,-0.174533,0.000000,0.523599,0.607926,-0.432534,-0.655424,0.112637,0.814817,0.757522,0.272115,-0.155342,-0.579519,-0.503087,-0.154035,-0.347527,0.643169,-0.490474,-0.602533,0.052519,0.825732,0.864541,0.138162,-0.163327,-0.531005,-0.596306,-0.150985,-0.237262
1788293484.396666,0.004190,0.007512,0.001100,-0.086374,-0.108669,-0.041989,0.101544,-0.054566,-0.993334,0.000000,0.000000,0.000000,0.138517,-0.055567,-0.141388,0.025793,0.217404,0.146004,0.088157,-0.043744,-0.147449,-0.113551,-0.038502,-0.101478,0.349066,-1.003564,-0.174533,0.021817,-0.392699,1.745329,-0.610865,0.239983,0.414516,-0.436332,0.021817,0.719949,0.643169,-0.490474,-0.602533,0.052519,0.825732,0.864541,0.138162,-0.163327,-0.531005,-0.596306,-0.150985,-0.237262,0.697517,-0.542849,-0.549553,-0.028169,0.878823,0.937839,-0.020331,-0.208481,-0.476112,-0.690707,-0.171430,-0.149290
1788293484.416588,0.005461,0.007367,-0.001233,-0.031513,-0.161799,-0.044119,0.104559,-0.054563,-0.993021,0.000000,0.000000,0.000000,0.145012,-0.077845,-0.139536,0.023016,0.213662,0.180507,0.068282,-0.040970,-0.137880,-0.135589,-0.038145,-0.074857,0.239983,-0.938115,-0.000000,-0.152716,0.021817,1.461713,-1.090831,0.196350,0.436332,-0.676315,0.152716,0.785398,0.697517,-0.542849,-0.549553,-0.028169,0.878823,0.937839,-0.020331,-0.208481,-0.476112,-0.690707,-0.171430,-0.149290,0.758322,-0.540705,-0.484070,-0.146947,0.976851,0.947292,-0.165160,-0.291583,-0.451369,-0.716440,-0.157282,-0.127105
1788293484.436653,0.007177,0.007444,-0.004096,0.030272,-0.193757,-0.054106,0.108277,-0.053717,-0.992668,0.000000,0.000000,0.000000,0.152212,-0.097256,-0.135258,0.015528,0.219321,0.207166,0.040206,-0.041799,-0.126699,-0.157967,-0.040556,-0.051248,0.261799,-0.872665,0.130900,-0.414516,0.741765,1.134464,-1.483530,-0.065450,0.370883,-0.610865,0.000000,0.610865,0.758322,-0.540705,-0.484070,-0.146947,0.976851,0.947292,-0.165160,-0.291583,-0.451369,-0.716440,-0.157282,-0.127105,0.807462,-0.471551,-0.455275,-0.310121,1.130256,0.862868,-0.263129,-0.452230,-0.476629,-0.639525,-0.099221,-0.185002
1788293484.456628,0.008487,0.008483,-0.004364,0.079674,-0.273918,-0.055704,0.113353,-0.051001,-0.992245,0.000000,0.000000,0.000000,0.160336,-0.111827,-0.128445,0.003362,0.231476,0.222670,0.005927,-0.052754,-0.118899,-0.169478,-0.039189,-0.040700,0.283616,-0.654499,0.152716,-0.610865,1.156281,0.632682,-1.636246,-0.698132,0.109083,-0.392699,0.065450,0.218166,0.807462,-0.471551,-0.455275,-0.310121,1.130256,0.862868,-0.263129,-0.452230,-0.476629,-0.639525,-0.099221,-0.185002,0.870233,-0.355833,-0.512153,-0.491049,1.332016,0.737694,-0.295374,-0.660593,-0.539778,-0.470775,-0.003465,-0.318598
1788293484.476585,0.009122,0.009686,-0.003426,0.121619,-0.319059,-0.052508,0.119622,-0.047133,-0.991700,0.000000,0.000000,0.000000,0.169289,-0.117559,-0.122067,-0.018792,0.254590,0.222285,-0.027248,-0.075157,-0.120604,-0.161496,-0.031870,-0.045363,0.261799,-0.239983,0.283616,-1.134464,1.723513,-0.000000,-1.548980,-1.308997,-0.218166,0.087267,0.261799,-0.065450,0.870233,-0.355833,-0.512153,-0.491049,1.332016,0.737694,-0.295374,-0.660593,-0.539778,-0.470775,-0.003465,-0.318598,0.905864,-0.273328,-0.603062,-0.585815,1.448402,0.638711,-0.280857,-0.779449,-0.627178,-0.348513,0.071235,-0.454402
1788293484.496619,0.009200,0.011055,-0.002302,0.166227,-0.333840,-0.060631,0.126039,-0.043534,-0.991070,0.000000,0.000000,0.000000,0.181490,-0.113782,-0.122061,-0.050435,0.288924,0.209340,-0.051134,-0.110811,-0.132420,-0.133617,-0.014981,-0.066441,0.479966,0.130900,0.065450,-1.374447,2.028945,-0.545415,-0.981748,-1.898046,-0.632682,0.829032,0.741765,-0.676315,0.905864,-0.273328,-0.603062,-0.585815,1.448402,0.638711,-0.280857,-0.779449,-0.627178,-0.348513,0.071235,-0.454402,0.873637,-0.217610,-0.631948,-0.630959,1.494710,0.587144,-0.217802,-0.773056,-0.725755,-0.292497,0.130520,-0.540820
1788293484.516638,0.009107,0.013254,-0.002068,0.252513,-0.337701,-0.075811,0.132578,-0.038126,-0.990439,0.000000,0.000000,0.000000,0.194283,-0.102099,-0.128541,-0.082920,0.323863,0.189083,-0.062555,-0.148684,-0.149363,-0.104770,0.004185,-0.097205,0.545415,0.589049,-0.349066,-1.396264,1.723513,-0.916298,-0.414516,-1.876229,-0.938115,0.829032,0.741765,-1.003564,0.873637,-0.217610,-0.631948,-0.630959,1.494710,0.587144,-0.217802,-0.773056,-0.725755,-0.292497,0.130520,-0.540820,0.823656,-0.201854,-0.605197,-0.646332,1.525400,0.606508,-0.152697,-0.742154,-0.805702,-0.264967,0.165953,-0.572959
1788293484.536559,0.009328,0.015183,-0.003307,0.240529,-0.294691,-0.078740,0.137822,-0.032346,-0.989929,0.000000,0.000000,0.000000,0.204476,-0.087275,-0.137895,-0.107954,0.349228,0.171439,-0.063384,-0.171147,-0.170081,-0.086171,0.020266,-0.120759,0.414516,0.698132,-0.370883,-1.134464,1.069014,-0.654499,-0.021817,-0.894481,-0.916298,0.610865,0.610865,-0.654499,0.823656,-0.201854,-0.605197,-0.646332,1.525400,0.606508,-0.152697,-0.742154,-0.805702,-0.264967,0.165953,-0.572959,0.833456,-0.243887,-0.591552,-0.628842,1.502757,0.700377,-0.103206,-0.731461,-0.853759,-0.285509,0.187380,-0.575387
1788293484.556533,0.009824,0.017289,-0.004978,0.094854,-0.266062,-0.038260,0.142575,-0.029906,-0.989332,0.000000,0.000000,0.000000,0.209238,-0.075349,-0.145173,-0.125732,0.362771,0.163151,-0.054775,-0.176400,-0.191393,-0.074876,0.031488,-0.133502,0.065450,0.501782,-0.305433,-0.785398,0.349066,-0.087267,0.610865,-0.043633,-0.807215,0.370883,0.414516,-0.392699,0.833456,-0.243887,-0.591552,-0.628842,1.502757,0.700377,-0.103206,-0.731461,-0.853759,-0.285509,0.187380,-0.575387,0.873631,-0.313262,-0.592663,-0.600116,1.404266,0.827074,-0.052353,-0.676646,-0.875932,-0.317550,0.196531,-0.528106
1788293484.576579,0.010566,0.017911,-0.006673,-0.015934,-0.212399,-0.009232,0.146468,-0.030205,-0.988754,0.000000,0.000000,0.000000,0.208632,-0.071660,-0.146608,-0.136319,0.366201,0.167681,-0.043321,-0.176563,-0.204483,-0.075547,0.039757,-0.137339,-0.196350,0.196350,-0.000000,-0.458149,-0.087266,0.414516,0.676315,-0.000000,-0.436332,-0.000000,0.261799,-0.065450,0.873631,-0.313262,-0.592663,-0.600116,1.404266,0.827074,-0.052353,-0.676646,-0.875932,-0.317550,0.196531,-0.528106,0.878728,-0.396375,-0.606302,-0.551499,1.259756,0.970596,-0.026399,-0.600602,-0.879420,-0.363373,0.199043,-0.434172
1788293484.596534,0.010617,0.017225,-0.006233,-0.040035,-0.153277,-0.010963,0.149113,-0.031758,-0.988310,0.000000,0.000000,0.000000,0.208872,-0.073252,-0.145820,-0.141718,0.355928,0.184878,-0.031420,-0.172006,-0.212291,-0.078694,0.045208,-0.133388,0.000000,-0.065450,-0.000000,-0.239983,-1.090831,0.916298,0.589049,0.436332,-0.349066,-0.021817,0.109083,0.021817,0.878728,-0.396375,-0.606302,-0.551499,1.259756,0.970596,-0.026399,-0.600602,-0.879420,-0.363373,0.199043,-0.434172,0.828688,-0.512535,-0.626848,-0.489903,1.130166,1.114098,-0.034808,-0.493008,-0.844011,-0.433843,0.209162,-0.301753
1788293484.616541,0.010977,0.016407,-0.005105,-0.111008,-0.061931,-0.032668,0.150270,-0.034765,-0.988034,0.000000,0.000000,0.000000,0.208916,-0.075668,-0.145468,-0.141189,0.347305,0.198519,-0.026239,-0.167060,-0.213270,-0.081765,0.046135,-0.123775,0.021817,-0.545415,0.065450,0.152716,-0.763582,1.287180,0.610865,0.349066,-0.021817,-0.676315,0.087267,1.134464,0.828688,-0.512535,-0.626848,-0.489903,1.130166,1.114098,-0.034808,-0.493008,-0.844011,-0.433843,0.209162,-0.301753,0.735514,-0.661227,-0.675615,-0.379020,0.964133,1.238676,-0.102499,-0.366799,-0.735533,-0.589780,0.151969,-0.085225
1788293484.636555,0.011190,0.014104,-0.002429,-0.193034,-0.011730,-0.039192,0.150240,-0.038625,-0.987895,0.000000,0.000000,0.000000,0.209977,-0.091892,-0.148912,-0.134868,0.308695,0.238962,-0.019233,-0.146405,-0.210627,-0.099965,0.049978,-0.090240,-0.021817,-0.545415,-0.283616,0.327249,-1.679880,1.308997,0.130900,1.112647,0.196350,-0.392699,0.196350,0.829032,0.735514,-0.661227,-0.675615,-0.379020,0.964133,1.238676,-0.102499,-0.366799,-0.735533,-0.589780,0.151969,-0.085225,0.679075,-0.813926,-0.635697,-0.282266,0.885923,1.357078,-0.239386,-0.152875,-0.562682,-0.834060,0.100668,0.154277
1788293484.656594,0.011532,0.011786,-0.001253,-0.281451,0.031280,-0.035065,0.149509,-0.044948,-0.987738,0.000000,0.000000,0.000000,0.205264,-0.110919,-0.154522,-0.122007,0.278261,0.270421,-0.019991,-0.123879,-0.189353,-0.129734,0.043496,-0.046699,-0.043633,-0.807215,-0.261799,0.610865,-1.592613,1.265364,-0.218166,1.352630,1.330814,-0.829032,-0.218166,1.418080,0.679075,-0.813926,-0.635697,-0.282266,0.885923,1.357078,-0.239386,-0.152875,-0.562682,-0.834060,0.100668,0.154277,0.591033,-0.854216,-0.548605,-0.165103,0.794326,1.420544,-0.370228,0.048933,-0.392310,-1.018460,-0.006411,0.288316
1788293484.676566,0.011569,0.007238,-0.000896,-0.320067,0.109710,-0.025211,0.147007,-0.051187,-0.987810,0.000000,0.000000,0.000000,0.197610,-0.136207,-0.155711,-0.103787,0.251015,0.301521,-0.034916,-0.088192,-0.154207,-0.177848,0.033441,0.007111,-0.152716,-1.047198,-0.152716,0.916298,-1.330814,1.265364,-0.850848,1.919863,1.854413,-1.548980,-0.414516,1.854413,0.591033,-0.854216,-0.548605,-0.165103,0.794326,1.420544,-0.370228,0.048933,-0.392310,-1.018460,-0.006411,0.288316,0.544648,-0.776560,-0.438163,-0.024402,0.697693,1.381500,-0.440268,0.200093,-0.281696,-1.087399,-0.077176,0.296312
1788293484.696673,0.011569,0.007238,-0.000896,-0.218067,0.129284,-0.020817,0.144075,-0.055835,-0.987990,0.000000,0.000000,0.000000,0.186194,-0.160663,-0.150420,-0.081630,0.227647,0.325224,-0.056629,-0.042994,-0.115324,-0.224066,0.012832,0.048459,-0.414516,-1.134464,0.239983,1.047198,-1.134464,0.850848,-1.243547,2.290745,1.614430,-1.374447,-0.785398,1.308997,0.544648,-0.776560,-0.438163,-0.024402,0.697693,1.381500,-0.440268,0.200093,-0.281696,-1.087399,-0.077176,0.296312,0.568199,-0.684435,-0.361493,0.086449,0.664457,1.232546,-0.484607,0.273424,-0.252284,-1.142658,-0.133457,0.240897
1788293484.716703,0.009431,0.001474,-0.001834,-0.151488,0.104384,-0.008033,0.142130,-0.058599,-0.988112,0.000000,0.000000,0.000000,0.174170,-0.175673,-0.136318,-0.057893,0.205890,0.334995,-0.081184,0.000978,-0.086521,-0.252054,-0.005698,0.063537,-0.567232,-0.654499,0.654499,1.090831,-0.938115,0.239983,-1.156281,1.854413,0.785398,-0.916298,-0.698132,0.523599,0.568199,-0.684435,-0.361493,0.086449,0.664457,1.232546,-0.484607,0.273424,-0.252284,-1.142658,-0.133457,0.240897,0.611282,-0.611375,-0.338986,0.130312,0.723174,1.034980,-0.507742,0.257666,-0.265390,-1.174024,-0.191144,0.184115
1788293484.736731,0.007828,-0.001043,-0.002089,0.083669,0.054050,-0.006036,0.141601,-0.055192,-0.988384,0.000000,0.000000,0.000000,0.164451,-0.178460,-0.118562,-0.033202,0.189836,0.327098,-0.098719,0.033206,-0.072828,-0.269426,-0.022132,0.060036,-0.370883,0.087266,0.829032,1.025381,-0.436332,-0.654498,-0.850848,1.243547,0.370883,-0.654499,-0.698132,-0.021817,0.611282,-0.611375,-0.338986,0.130312,0.723174,1.034980,-0.507742,0.257666,-0.265390,-1.174024,-0.191144,0.184115,0.676303,-0.545336,-0.361696,0.142323,0.819345,0.823236,-0.509640,0.173017,-0.311605,-1.162905,-0.237776,0.128106
1788293484.756589,0.005424,-0.002438,-0.001450,0.202046,0.091867,-0.007501,0.140256,-0.050656,-0.988819,0.000000,0.000000,0.000000,0.161304,-0.176385,-0.111161,-0.021672,0.186962,0.312579,-0.104822,0.042464,-0.072277,-0.275643,-0.029857,0.055735,-0.174533,0.479966,0.719948,1.025381,-0.392699,-1.265364,-0.589049,0.959931,0.000000,-0.632682,-1.025381,-0.763582,0.676303,-0.545336,-0.361696,0.142323,0.819345,0.823236,-0.509640,0.173017,-0.311605,-1.162905,-0.237776,0.128106,0.724980,-0.466461,-0.403529,0.086000,0.946586,0.604969,-0.492787,0.020857,-0.367798,-1.071320,-0.231390,0.064105
1788293484.776573,0.002997,-0.002815,-0.000323,0.316562,0.128485,-0.001509,0.137877,-0.044300,-0.989458,0.000000,0.000000,0.000000,0.160205,-0.161811,-0.098630,0.004235,0.196223,0.259739,-0.116830,0.047826,-0.077682,-0.285243,-0.049424,0.039228,0.021817,0.370883,0.261799,0.698132,0.894481,-2.028945,-0.305433,-0.370883,-0.305433,-0.283616,-0.436332,-0.370883,0.724980,-0.466461,-0.403529,0.086000,0.946586,0.604969,-0.492787,0.020857,-0.367798,-1.071320,-0.231390,0.064105,0.715279,-0.311201,-0.467609,-0.091403,1.120382,0.348196,-0.433869,-0.231511,-0.465877,-0.880342,-0.189899,-0.077020
1788293484.796555,-0.002208,-0.002466,0.002243,0.336403,0.170830,-0.013360,0.134391,-0.037900,-0.990203,0.000000,0.000000,0.000000,0.161331,-0.156204,-0.098347,0.008203,0.205841,0.232509,-0.119409,0.038314,-0.084890,-0.277691,-0.051682,0.031178,0.370883,0.741765,-0.000000,0.370883,0.741765,-2.465277,-0.109083,-0.741765,-0.523599,1.178097,-0.174533,-0.829032,0.715279,-0.311201,-0.467609,-0.091403,1.120382,0.348196,-0.433869,-0.231511,-0.465877,-0.880342,-0.189899,-0.077020,0.741123,-0.157653,-0.559598,-0.322994,1.311260,0.116700,-0.294043,-0.538499,-0.573816,-0.603218,-0.041808,-0.311068
1788293484.816654,-0.006010,-0.001909,0.003580,0.321356,0.155383,-0.007900,0.131416,-0.031611,-0.990823,0.000000,0.000000,0.000000,0.168752,-0.130998,-0.104662,0.004595,0.246875,0.158469,-0.117438,-0.004981,-0.109161,-0.239630,-0.048939,-0.002543,0.021817,0.763582,-0.261799,-0.392699,1.985312,-2.334378,0.261799,-1.876229,-0.938114,0.850848,0.218166,-0.894481,0.741123,-0.157653,-0.559598,-0.322994,1.311260,0.116700,-0.294043,-0.538499,-0.573816,-0.603218,-0.041808,-0.311068,0.714529,-0.091958,-0.654058,-0.421365,1.310020,0.036892,-0.128118,-0.713212,-0.707830,-0.398802,0.059233,-0.512147
1788293484.836635,-0.007919,-0.001579,0.003987,0.270756,0.129151,-0.017887,0.128709,-0.026351,-0.991332,0.000000,0.000000,0.000000,0.172049,-0.107725,-0.116187,-0.021400,0.282815,0.102269,-0.104230,-0.059433,-0.133915,-0.185372,-0.026620,-0.050135,0.043633,1.090831,-0.414516,-1.090831,1.592613,-2.487094,0.807215,-2.836160,-1.374447,1.941679,0.763582,-1.745329,0.714529,-0.091958,-0.654058,-0.421365,1.310020,0.036892,-0.128118,-0.713212,-0.707830,-0.398802,0.059233,-0.512147,0.610906,-0.005201,-0.628328,-0.397067,1.235811,0.016573,0.070150,-0.609847,-0.794934,-0.260887,0.091575,-0.647279
1788293484.856564,-0.012181,-0.000467,0.003545,0.234803,0.156582,-0.035065,0.125473,-0.023213,-0.991825,0.000000,0.000000,0.000000,0.171953,-0.081586,-0.131791,-0.052341,0.305996,0.059422,-0.076761,-0.115580,-0.162707,-0.131261,-0.002150,-0.101233,0.065450,1.265364,-0.610865,-1.374447,0.458149,-1.658063,1.527163,-2.552544,-1.178097,1.636246,0.959931,-1.658063,0.610906,-0.005201,-0.628328,-0.397067,1.235811,0.016573,0.070150,-0.609847,-0.794934,-0.260887,0.091575,-0.647279,0.544780,0.009597,-0.586334,-0.306486,1.187895,0.090740,0.269525,-0.495686,-0.814538,-0.215378,0.074931,-0.729121
1788293484.876572,-0.015066,0.000831,0.002333,-0.008344,0.202521,-0.023480,0.120561,-0.022233,-0.992457,0.000000,0.000000,0.000000,0.169485,-0.055842,-0.143608,-0.074580,0.311213,0.034060,-0.038742,-0.140105,-0.185748,-0.089943,0.012491,-0.140661,-0.087267,1.134464,-0.479966,-0.850848,-0.087266,-0.829031,2.094395,-0.763582,-0.807215,1.308997,0.479966,-1.134464,0.544780,0.009597,-0.586334,-0.306486,1.187895,0.090740,0.269525,-0.495686,-0.814538,-0.215378,0.074931,-0.729121,0.559199,-0.069792,-0.587435,-0.185310,1.051385,0.270617,0.430131,-0.446894,-0.851047,-0.254740,0.065321,-0.743330
1788293484.896554,-0.015714,0.001024,0.002105,-0.060408,0.257915,0.032580,0.115087,-0.022995,-0.993089,0.000000,0.000000,0.000000,0.164991,-0.036197,-0.147306,-0.078709,0.303192,0.028412,0.005537,-0.135115,-0.198031,-0.068088,0.014556,-0.166947,-0.196350,0.785398,-0.000000,-0.109083,-0.850848,-0.043633,2.268928,0.610865,-0.523599,0.763582,0.000000,-0.632682,0.559199,-0.069792,-0.587435,-0.185310,1.051385,0.270617,0.430131,-0.446894,-0.851047,-0.254740,0.065321,-0.743330,0.584153,-0.213590,-0.647358,-0.017803,0.808752,0.537010,0.536574,-0.321377,-0.839823,-0.309293,0.027835,-0.662414
1788293484.916568,-0.015235,0.000116,0.003222,-0.137906,0.315839,0.038306,0.108998,-0.026282,-0.993694,0.000000,0.000000,0.000000,0.157227,-0.026240,-0.146774,-0.069892,0.283284,0.044065,0.049225,-0.121768,-0.205465,-0.067884,0.014436,-0.176950,-0.283616,0.414516,0.021817,0.567232,-1.941679,0.938115,2.094395,0.654498,-0.196350,0.065450,-0.109083,-0.327250,0.584153,-0.213590,-0.647358,-0.017803,0.808752,0.537010,0.536574,-0.321377,-0.839823,-0.309293,0.027835,-0.662414,0.533874,-0.407383,-0.756413,0.206499,0.570519,0.808628,0.548005,-0.120985,-0.771485,-0.403594,-0.039735,-0.461138
1788293484.936594,-0.014597,-0.001188,0.004666,-0.290772,0.384415,-0.000577,0.101292,-0.034023,-0.994275,0.000000,0.000000,0.000000,0.151219,-0.029963,-0.148266,-0.052008,0.245599,0.079774,0.087360,-0.104978,-0.205591,-0.074783,0.009925,-0.168739,-0.239983,-0.174533,-0.196350,0.981748,-2.727077,1.876229,1.658063,1.112647,-0.065450,-0.152716,-0.087267,0.261799,0.533874,-0.407383,-0.756413,0.206499,0.570519,0.808628,0.548005,-0.120985,-0.771485,-0.403594,-0.039735,-0.461138,0.466688,-0.629970,-0.813041,0.425580,0.404306,0.985876,0.463049,0.137509,-0.584118,-0.616141,-0.133101,-0.177060
1788293484.956554,-0.013318,-0.005105,0.007230,-0.412745,0.457918,-0.031869,0.091604,-0.042969,-0.994868,0.000000,0.000000,0.000000,0.147314,-0.046104,-0.159147,-0.021353,0.196615,0.132709,0.112531,-0.074481,-0.193684,-0.091263,-0.000334,-0.134956,-0.065450,-0.698132,-0.545415,1.679879,-2.792527,2.443461,0.916298,1.788962,1.003564,-0.392699,-0.305433,1.112647,0.466688,-0.629970,-0.813041,0.425580,0.404306,0.985876,0.463049,0.137509,-0.584118,-0.616141,-0.133101,-0.177060,0.407645,-0.713778,-0.748144,0.523533,0.312836,1.077860,0.306847,0.378839,-0.402644,-0.829949,-0.255578,-0.006974
1788293484.976574,-0.012404,-0.008978,0.008057,-0.551495,0.467905,-0.011362,0.081946,-0.053706,-0.995189,0.000000,0.000000,0.000000,0.142798,-0.075818,-0.172507,0.019403,0.149786,0.187717,0.118577,-0.028720,-0.158505,-0.129987,-0.018434,-0.077750,-0.087267,-1.374447,-0.632682,1.767146,-2.356195,2.181662,0.043633,2.443461,1.963496,-1.221731,-0.632682,2.050762,0.407645,-0.713778,-0.748144,0.523533,0.312836,1.077860,0.306847,0.378839,-0.402644,-0.829949,-0.255578,-0.006974,0.386401,-0.610524,-0.612694,0.562873,0.275968,1.107026,0.186779,0.497882,-0.257203,-0.923220,-0.369429,0.001280
1788293484.996564,-0.011357,-0.013372,0.007925,-0.459350,0.386146,0.018332,0.074180,-0.062550,-0.995281,0.000000,0.000000,0.000000,0.133237,-0.107886,-0.177675,0.060009,0.115507,0.228860,0.104838,0.026762,-0.118425,-0.177021,-0.045451,-0.029183,-0.545415,-1.483530,-0.218166,1.788963,-1.396264,1.548980,-0.959931,2.770710,1.898046,-1.396264,-1.003564,1.614430,0.386401,-0.610524,-0.612694,0.562873,0.275968,1.107026,0.186779,0.497882,-0.257203,-0.923220,-0.369429,0.001280,0.478961,-0.486787,-0.459494,0.581129,0.277439,1.031176,0.064208,0.475502,-0.209766,-0.976741,-0.451432,-0.052734
1788293485.016583,-0.010210,-0.017335,0.007135,-0.180117,0.207315,-0.010430,0.069985,-0.065841,-0.995373,0.000000,0.000000,0.000000,0.122915,-0.129411,-0.168858,0.090956,0.094666,0.251792,0.080085,0.075525,-0.082981,-0.208696,-0.073450,-0.010301,-0.392699,-0.872665,0.458149,1.221730,-0.545416,0.807215,-1.308997,2.028945,1.178097,-0.894482,-1.112648,0.632682,0.478961,-0.486787,-0.459494,0.581129,0.277439,1.031176,0.064208,0.475502,-0.209766,-0.976741,-0.451432,-0.052734,0.589049,-0.446287,-0.381994,0.538720,0.366877,0.851066,-0.036365,0.333014,-0.235424,-1.047665,-0.506284,-0.100982
1788293485.036577,-0.010210,-0.017335,0.007135,0.085932,0.029283,-0.033200,0.069581,-0.063877,-0.995529,0.000000,0.000000,0.000000,0.119705,-0.133169,-0.147581,0.110918,0.084442,0.256835,0.052817,0.100074,-0.064797,-0.227426,-0.096327,-0.012758,-0.130900,0.087266,1.025381,0.676315,-0.109083,0.043634,-1.374447,0.698132,0.436332,-0.676315,-0.872665,-0.021817,0.589049,-0.446287,-0.381994,0.538720,0.366877,0.851066,-0.036365,0.333014,-0.235424,-1.047665,-0.506284,-0.100982,0.644044,-0.406856,-0.384030,0.396865,0.562372,0.637289,-0.047420,0.091264,-0.286017,-1.002161,-0.511716,-0.139466
1788293485.056584,-0.005743,-0.014995,0.003826,0.243991,-0.083902,-0.018553,0.071899,-0.057931,-0.995728,0.000000,0.000000,0.000000,0.124333,-0.126883,-0.126296,0.118478,0.089673,0.239414,0.026451,0.095741,-0.063237,-0.246851,-0.112809,-0.019931,0.283616,0.327249,0.894481,0.196350,1.156281,-1.112647,-1.243547,-0.610865,0.021817,-0.807215,-0.698132,-0.239983,0.644044,-0.406856,-0.384030,0.396865,0.562372,0.637289,-0.047420,0.091264,-0.286017,-1.002161,-0.511716,-0.139466,0.641008,-0.288841,-0.429959,0.148331,0.825131,0.388637,-0.028850,-0.209972,-0.344913,-0.794964,-0.438907,-0.221339
1788293485.076622,-0.005208,-0.011884,0.003963,0.245589,-0.106938,-0.002840,0.073922,-0.052580,-0.995877,0.000000,0.000000,0.000000,0.131838,-0.118524,-0.114764,0.114305,0.115256,0.205159,0.007782,0.066801,-0.071268,-0.246297,-0.120854,-0.028641,0.414516,0.305433,0.501782,-0.174533,2.203478,-1.723513,-0.719949,-1.592613,-0.392699,0.021817,-0.349066,-0.436332,0.641008,-0.288841,-0.429959,0.148331,0.825131,0.388637,-0.028850,-0.209972,-0.344913,-0.794964,-0.438907,-0.221339,0.626758,-0.145217,-0.541250,-0.151033,1.083739,0.123107,-0.042258,-0.465014,-0.411094,-0.489379,-0.278048,-0.370798
1788293485.096579,-0.005593,-0.009827,0.004303,0.258239,-0.156606,0.016867,0.076965,-0.047065,-0.995922,0.000000,0.000000,0.000000,0.139618,-0.107652,-0.112456,0.091840,0.158564,0.158376,0.000181,0.016786,-0.082932,-0.215263,-0.113341,-0.045543,0.349066,0.414516,0.043633,-1.134464,2.988877,-2.116212,-0.130900,-2.552544,-0.501782,0.894481,0.261799,-0.741765,0.626758,-0.145217,-0.541250,-0.151033,1.083739,0.123107,-0.042258,-0.465014,-0.411094,-0.489379,-0.278048,-0.370798,0.566196,-0.077577,-0.659448,-0.303569,1.132714,-0.031197,-0.000400,-0.548480,-0.517905,-0.302065,-0.142982,-0.546486
1788293485.116580,-0.006426,-0.004974,0.003667,0.159436,-0.246887,-0.006436,0.081389,-0.043677,-0.995725,0.000000,0.000000,0.000000,0.144262,-0.091275,-0.120392,0.050541,0.210455,0.102425,-0.002898,-0.043051,-0.098340,-0.157185,-0.086174,-0.076266,0.087267,0.785398,-0.458149,-1.810779,2.639811,-2.552544,-0.065450,-2.988877,-0.959931,2.116212,1.047198,-1.069014,0.566196,-0.077577,-0.659448,-0.303569,1.132714,-0.031197,-0.000400,-0.548480,-0.517905,-0.302065,-0.142982,-0.546486,0.473029,-0.013218,-0.651880,-0.341452,1.115641,-0.076171,0.071380,-0.476433,-0.635412,-0.215301,-0.063255,-0.642507
1788293485.136631,-0.006599,-0.002187,0.002118,0.183937,-0.313733,-0.039459,0.087177,-0.040198,-0.995381,0.055597,0.000000,0.000000,0.144661,-0.070888,-0.134898,0.005094,0.247863,0.052599,-0.002813,-0.090194,-0.119357,-0.105605,-0.055565,-0.116314,0.065450,1.025381,-0.589049,-1.963496,1.330814,-2.181662,0.021817,-2.138029,-1.134464,1.614430,1.134464,-1.178097,0.473029,-0.013218,-0.651880,-0.341452,1.115641,-0.076171,0.071380,-0.476433,-0.635412,-0.215301,-0.063255,-0.642507,0.440889,-0.010239,-0.594854,-0.344061,1.119826,0.039570,0.151060,-0.471965,-0.753933,-0.218601,0.001822,-0.732185
1788293485.156665,-0.006089,0.000604,-0.000610,0.062097,-0.323320,-0.056237,0.093157,-0.038418,-0.994910,0.252459,0.000000,0.000000,0.142269,-0.048163,-0.146902,-0.030178,0.266431,0.017730,0.005085,-0.107942,-0.146729,-0.073501,-0.031963,-0.145234,-0.021817,1.047198,-0.501782,-1.483530,0.501782,-1.265364,0.545415,-0.458149,-1.374447,1.003565,0.829031,-0.872665,0.440889,-0.010239,-0.594854,-0.344061,1.119826,0.039570,0.151060,-0.471965,-0.753933,-0.218601,0.001822,-0.732185,0.504082,-0.061159,-0.539213,-0.309585,0.893804,0.331714,0.199218,-0.645495,-0.999009,-0.291542,0.115071,-0.892313
1788293485.176544,-0.004628,0.003413,-0.003738,0.047050,-0.275383,-0.003906,0.098044,-0.037031,-0.994493,0.388576,0.000000,0.000000,0.138312,-0.030505,-0.149231,-0.051673,0.271629,0.010427,0.018297,-0.109368,-0.177692,-0.063774,-0.013525,-0.168913,-0.239983,0.698132,-0.043633,-0.785398,-0.589048,-0.065450,0.785398,-0.000000,-1.876229,0.349066,0.719948,-0.698132,0.504082,-0.061159,-0.539213,-0.309585,0.893804,0.331714,0.199218,-0.645495,-0.999009,-0.291542,0.115071,-0.892313,0.540781,-0.096197,-0.478156,-0.224433,0.601484,0.711904,0.270629,-0.673299,-1.198093,-0.288569,0.202894,-1.016729
1788293485.196714,-0.001154,0.006651,-0.006348,0.028674,-0.269391,0.018332,0.103622,-0.036461,-0.993948,0.449719,0.000000,0.000000,0.133897,-0.023344,-0.145732,-0.061640,0.250200,0.038153,0.029072,-0.123317,-0.227863,-0.070698,0.011698,-0.202855,-0.174533,0.174533,0.109083,-0.436332,-2.399827,1.287180,0.414516,-1.178097,-2.487095,-0.087267,0.981748,-1.221731,0.540781,-0.096197,-0.478156,-0.224433,0.601484,0.711904,0.270629,-0.673299,-1.198093,-0.288569,0.202894,-1.016729,0.501908,-0.201730,-0.442268,-0.068603,0.434212,1.025703,0.344318,-0.501985,-1.295394,-0.244798,0.243751,-1.046125
1788293485.216690,0.002006,0.008623,-0.005421,-0.097293,-0.267926,-0.020417,0.108731,-0.038999,-0.993306,0.598845,0.000000,0.000000,0.133204,-0.021817,-0.138405,-0.062109,0.205293,0.096155,0.042726,-0.143072,-0.275859,-0.071410,0.033768,-0.234846,-0.021817,0.000000,0.414516,-0.174533,-3.010693,2.247112,0.741765,-0.959931,-1.985312,-0.239983,0.785398,-0.938115,0.501908,-0.201730,-0.442268,-0.068603,0.434212,1.025703,0.344318,-0.501985,-1.295394,-0.244798,0.243751,-1.046125,0.318304,-0.418054,-0.565627,0.230262,0.065491,1.271433,0.250287,-0.358069,-1.429877,-0.381730,0.246586,-0.935610
1788293485.236602,0.004131,0.008580,-0.003774,-0.140569,-0.159536,-0.040524,0.110957,-0.041922,-0.992941,0.675064,0.000000,0.000000,0.134205,-0.023366,-0.135511,-0.054304,0.181074,0.135163,0.052241,-0.142445,-0.296020,-0.068195,0.042721,-0.245209,0.043633,-0.392699,0.305433,0.698132,-1.985312,4.232424,0.938115,0.349066,-1.745329,0.567232,0.981748,-1.112648,0.318304,-0.418054,-0.565627,0.230262,0.065491,1.271433,0.250287,-0.358069,-1.429877,-0.381730,0.246586,-0.935610,0.109366,-0.664712,-0.683449,0.561471,-0.096884,1.386026,-0.010450,-0.015230,-1.331150,-0.715436,0.147418,-0.581060
1788293485.256616,0.007913,0.007060,-0.002441,-0.186110,-0.131439,-0.062895,0.113760,-0.047035,-0.992394,0.707558,0.000000,0.000000,0.121339,-0.046112,-0.136995,-0.014805,0.093769,0.236136,0.067461,-0.120222,-0.338216,-0.084862,0.056605,-0.241715,-0.458149,-0.807215,-0.218166,1.767146,-3.730641,2.639811,0.043633,1.287180,-0.414516,-0.523599,0.239983,0.261799,0.109366,-0.664712,-0.683449,0.561471,-0.096884,1.386026,-0.010450,-0.015230,-1.331150,-0.715436,0.147418,-0.581060,-0.060178,-0.933529,-0.561865,0.684082,0.181471,1.160367,-0.757378,0.512545,-0.974220,-1.351401,-0.083739,-0.127596
1788293485.276566,0.010877,0.005385,-0.003739,-0.448165,-0.086964,-0.074879,0.114039,-0.056979,-0.991841,0.786810,0.000000,0.000000,0.096940,-0.078125,-0.147333,0.031980,0.042285,0.290364,0.046152,-0.075402,-0.330556,-0.140732,0.045658,-0.184248,-1.025381,-1.505347,-0.523599,1.941679,-1.069014,2.487095,-1.527163,2.356195,1.069014,-2.225295,-0.458149,2.312561,-0.060178,-0.933529,-0.561865,0.684082,0.181471,1.160367,-0.757378,0.512545,-0.974220,-1.351401,-0.083739,-0.127596,-0.194126,-0.881210,-0.357976,0.783760,0.533200,0.795325,-1.376251,0.893478,-0.652200,-1.849359,-0.382464,0.071672
1788293485.296604,0.013926,0.003180,-0.006600,-0.406752,-0.082038,-0.107503,0.115890,-0.065569,-0.991095,0.827316,0.000000,0.000000,0.082279,-0.097744,-0.145045,0.057369,0.035088,0.301971,0.017572,-0.031142,-0.297703,-0.179214,0.028030,-0.139216,-1.832596,-2.617994,0.305433,2.552544,-1.134464,0.916298,-3.730642,4.254241,3.425209,-5.061455,-2.770710,5.585053,-0.194126,-0.881210,-0.357976,0.783760,0.533200,0.795325,-1.376251,0.893478,-0.652200,-1.849359,-0.382464,0.071672,-0.193382,-0.505059,-0.129162,0.872937,0.746542,0.484056,-1.262437,1.112979,-0.505457,-1.869533,-0.568198,0.043653
1788293485.316610,0.016951,0.000288,-0.009790,-0.049889,-0.124515,0.005416,0.118395,-0.066727,-0.990722,0.844584,0.000000,0.000000,0.027939,-0.160532,-0.124117,0.124344,0.079915,0.281597,-0.134984,0.103644,-0.197281,-0.375675,-0.050466,-0.021558,-1.636246,-1.723513,1.199914,1.854412,3.425209,-2.138028,-5.585054,4.625123,3.097960,-5.039638,-2.487095,2.356194,-0.193382,-0.505059,-0.129162,0.872937,0.746542,0.484056,-1.262437,1.112979,-0.505457,-1.869533,-0.568198,0.043653,0.041834,-0.284298,0.037898,1.010555,0.901329,0.187707,-1.114958,1.091826,-0.629027,-1.937179,-0.821719,-0.071640
1788293485.336615,0.017157,-0.000333,-0.009813,0.723893,-0.259404,-0.033999,0.123387,-0.052150,-0.990987,0.886702,0.000000,0.000000,0.003103,-0.174179,-0.088398,0.160445,0.138820,0.212907,-0.232804,0.192271,-0.153053,-0.433566,-0.109982,-0.000906,-1.003564,0.130900,1.854413,1.505346,3.425209,-3.228859,-3.948808,3.708825,0.589049,-1.898046,-2.094396,0.632682,0.041834,-0.284298,0.037898,1.010555,0.901329,0.187707,-1.114958,1.091826,-0.629027,-1.937179,-0.821719,-0.071640,0.182633,-0.252684,-0.180038,1.154473,1.028010,-0.135372,-1.290961,0.921143,-0.733360,-2.322963,-0.907396,-0.041414
1788293485.356663,0.015334,0.003049,-0.006631,0.938410,-0.411604,-0.044119,0.133024,-0.034746,-0.990504,0.908229,0.000000,0.000000,-0.001314,-0.170587,-0.070391,0.178615,0.167474,0.171886,-0.256355,0.221743,-0.156918,-0.451913,-0.140121,-0.007198,-0.021817,1.003564,1.636246,1.614430,2.290745,-3.665191,-1.527164,2.596178,-0.349066,-1.679879,-4.014258,-0.981748,0.182633,-0.252684,-0.180038,1.154473,1.028010,-0.135372,-1.290961,0.921143,-0.733360,-2.322963,-0.907396,-0.041414,0.158601,-0.239613,-0.380980,1.180923,1.102517,-0.363147,-1.278220,0.689758,-0.741400,-2.384508,-0.923270,-0.028623
1788293485.376636,0.013777,0.007171,-0.004752,0.746263,-0.430779,0.014204,0.142565,-0.020208,-0.989579,0.917406,0.000000,0.000000,0.009100,-0.126733,-0.053644,0.218169,0.222839,0.067417,-0.277921,0.240669,-0.174704,-0.530969,-0.200826,-0.009838,0.414516,1.527163,0.087267,0.981748,1.461714,-3.403392,-0.567233,-0.654498,-0.370883,-3.097960,-1.025381,-0.065450,0.158601,-0.239613,-0.380980,1.180923,1.102517,-0.363147,-1.278220,0.689758,-0.741400,-2.384508,-0.923270,-0.028623,0.117986,-0.144408,-0.537515,1.025587,1.222011,-0.524422,-1.219500,0.414026,-0.799665,-2.292239,-1.058378,-0.055504
1788293485.396613,0.010467,0.013278,-0.003836,0.610043,-0.301882,0.030849,0.148566,-0.008318,-0.988868,0.939789,0.000000,0.000000,0.014282,-0.105257,-0.069243,0.236334,0.249428,-0.004995,-0.292232,0.211650,-0.182484,-0.571329,-0.217668,-0.008411,0.305433,0.894481,-0.872664,0.763582,1.505347,-3.359759,-0.676316,-1.679879,-0.567232,-1.287180,-0.523599,0.065450,0.117986,-0.144408,-0.537515,1.025587,1.222011,-0.524422,-1.219500,0.414026,-0.799665,-2.292239,-1.058378,-0.055504,0.097364,0.092578,-0.591082,0.790126,1.159787,-0.793676,-1.207474,-0.057517,-1.007161,-2.051590,-0.878500,-0.346699
1788293485.416569,0.007471,0.016429,-0.004524,0.321622,-0.221454,0.017267,0.152773,-0.002829,-0.988257,0.951229,0.000000,0.000000,0.020172,-0.091115,-0.096890,0.242601,0.275529,-0.063384,-0.293408,0.165319,-0.197347,-0.569006,-0.244407,-0.011921,0.327249,0.632682,-1.199914,0.196350,0.981748,-2.334378,0.152716,-2.399828,-1.265364,0.065450,-0.894482,-0.087266,0.097364,0.092578,-0.591082,0.790126,1.159787,-0.793676,-1.207474,-0.057517,-1.007161,-2.051590,-0.878500,-0.346699,0.204046,0.341159,-0.782659,0.589919,0.618638,-0.959358,-0.842848,-0.772257,-1.425319,-1.373567,-0.400561,-0.924396
1788293485.436599,0.004320,0.018167,-0.005400,0.301382,-0.388301,0.034178,0.161296,0.002888,-0.986902,0.956106,0.000000,0.000000,0.025937,-0.068720,-0.118006,0.228564,0.281046,-0.117383,-0.294305,0.093837,-0.235744,-0.533606,-0.228901,-0.057338,0.152716,1.090831,-1.025381,-0.589049,-1.112647,-2.247112,-0.130900,-3.599742,-2.094395,1.090831,0.436332,-1.810779,0.204046,0.341159,-0.782659,0.589919,0.618638,-0.959358,-0.842848,-0.772257,-1.425319,-1.373567,-0.400561,-0.924396,0.252529,0.541795,-0.792866,0.517592,0.066489,-0.590540,-0.132466,-1.099266,-1.961127,-0.661311,0.072404,-1.612652
1788293485.456591,0.000217,0.019244,-0.007296,0.216560,-0.563803,0.039504,0.172818,0.006790,-0.984930,0.968001,0.000000,0.000000,0.032302,-0.031951,-0.140657,0.200530,0.237208,-0.173547,-0.271040,-0.014998,-0.315691,-0.436137,-0.164406,-0.155712,0.261799,1.788963,-0.763582,-1.112648,-3.599742,-2.574361,1.047198,-5.105088,-4.166974,6.086836,4.254240,-4.668756,0.252529,0.541795,-0.792866,0.517592,0.066489,-0.590540,-0.132466,-1.099266,-1.961127,-0.661311,0.072404,-1.612652,0.152320,0.632258,-0.388271,0.658905,-0.002174,-0.146606,0.570135,-0.667045,-2.151490,-0.102266,0.082737,-1.906105
1788293485.476636,-0.002089,0.019259,-0.009214,0.134269,-0.506146,0.105684,0.181585,0.009608,-0.983328,0.974081,0.000000,0.000000,0.041694,0.016160,-0.161784,0.172108,0.153293,-0.168595,-0.196029,-0.131976,-0.430193,-0.275763,-0.060008,-0.302955,0.589049,2.334378,-0.676315,-1.156281,-4.668756,0.283616,4.123341,-4.996005,-5.083272,7.068584,4.603306,-6.544985,0.152320,0.632258,-0.388271,0.658905,-0.002174,-0.146606,0.570135,-0.667045,-2.151490,-0.102266,0.082737,-1.906105,0.112755,0.574271,-0.125349,0.957434,0.095840,0.203674,0.963156,-0.193787,-1.932950,0.094654,0.050367,-1.902192
1788293485.496578,-0.003681,0.017917,-0.009777,-0.225258,-0.066192,0.035509,0.182478,0.005206,-0.983196,0.979006,0.000000,0.000000,0.048305,0.059336,-0.158978,0.163581,0.082885,-0.120996,-0.061426,-0.177597,-0.499329,-0.120396,-0.010304,-0.421353,0.370883,1.832596,0.283616,-0.174533,-2.617994,2.661628,6.632252,-1.548980,-1.003565,5.868670,1.527163,-3.752459,0.112755,0.574271,-0.125349,0.957434,0.095840,0.203674,0.963156,-0.193787,-1.932950,0.094654,0.050367,-1.902192,-0.094895,0.246453,-0.339191,1.310688,-0.546624,0.789421,1.007910,-0.243801,-2.320216,0.087357,0.190084,-1.948463
1788293485.516530,-0.002312,0.015456,-0.005783,-0.409282,0.351126,0.053752,0.175090,-0.002523,-0.984549,0.982995,0.000000,0.000000,0.046489,0.086767,-0.136231,0.184418,0.048753,-0.041603,0.082370,-0.151090,-0.490510,-0.026814,0.004430,-0.458090,-0.370883,0.981748,1.352630,1.570796,-1.919862,3.141593,6.392269,2.159845,-0.676315,2.879794,0.458149,-1.178098,-0.094895,0.246453,-0.339191,1.310688,-0.546624,0.789421,1.007910,-0.243801,-2.320216,0.087357,0.190084,-1.948463,-0.488895,-0.189903,-0.777760,1.698229,-0.741647,1.270239,0.624603,0.034670,-2.156734,-0.225136,0.006054,-1.361497
1788293485.536547,-0.000722,0.013776,-0.002608,-0.321531,0.428490,0.032713,0.167507,-0.009982,-0.985820,0.984695,0.000000,0.000000,0.023837,0.083852,-0.116015,0.228763,-0.009388,0.064011,0.175963,-0.101716,-0.538858,0.002033,0.031164,-0.472118,-1.112648,-0.349066,0.785398,2.072579,-3.948807,4.559673,3.381576,2.247112,-0.894482,0.916299,0.938114,-0.327250,-0.488895,-0.189903,-0.777760,1.698229,-0.741647,1.270239,0.624603,0.034670,-2.156734,-0.225136,0.006054,-1.361497,-0.566619,-0.679254,-0.798712,1.693444,-0.358930,1.099561,-0.025499,0.816707,-1.691684,-0.800046,-0.203122,-0.689066
1788293485.556569,0.005660,0.005324,0.004706,-1.507570,0.431819,-0.203776,0.158525,-0.041248,-0.986493,0.987603,0.000000,0.000000,-0.013965,0.051416,-0.123583,0.276155,-0.084535,0.181701,0.193302,-0.053103,-0.535310,-0.034401,0.016105,-0.398948,-1.745329,-1.614430,-0.654499,1.832596,-2.159845,4.843289,0.130900,2.072579,0.545415,-1.461713,-0.589049,3.948808,-0.566619,-0.679254,-0.798712,1.693444,-0.358930,1.099561,-0.025499,0.816707,-1.691684,-0.800046,-0.203122,-0.689066,-0.843389,-0.888328,-0.442713,1.488992,0.257227,0.767082,-0.745230,1.343627,-1.164762,-1.561792,-0.605429,-0.313481
1788293485.576555,0.011762,-0.007892,0.001813,-1.372281,0.705326,-0.208170,0.143927,-0.068355,-0.987225,0.989958,0.000000,0.000000,-0.050980,-0.012305,-0.140341,0.319796,-0.098383,0.253085,0.144021,0.034199,-0.463599,-0.124244,-0.020872,-0.269235,-1.919863,-3.185226,-0.719948,1.767146,1.156281,3.512475,-3.185226,3.992441,4.166974,-4.581490,-1.352630,5.955937,-0.843389,-0.888328,-0.442713,1.488992,0.257227,0.767082,-0.745230,1.343627,-1.164762,-1.561792,-0.605429,-0.313481,-0.693236,-0.508740,0.025661,1.289868,0.715030,0.384488,-1.062467,1.587144,-0.828387,-1.906682,-0.938765,-0.248289
1788293485.596523,0.013223,-0.016550,-0.002347,-0.891181,0.735020,-0.056503,0.128871,-0.085910,-0.987933,0.992680,0.000000,0.000000,-0.099846,-0.086678,-0.128920,0.343047,-0.034104,0.273208,0.036623,0.159350,-0.348089,-0.269827,-0.091443,-0.146925,-1.898046,-3.512475,0.741765,0.763582,4.996006,0.087267,-5.475971,6.043203,5.672320,-7.526732,-3.468842,4.036075,-0.693236,-0.508740,0.025661,1.289868,0.715030,0.384488,-1.062467,1.587144,-0.828387,-1.906682,-0.938765,-0.248289,-0.351985,-0.160796,0.365945,1.204749,0.830925,0.104232,-0.872957,1.519236,-0.761785,-1.825759,-1.175847,-0.308072
1788293485.616531,0.013520,-0.023550,-0.004002,-0.189971,0.538745,0.125391,0.118089,-0.089456,-0.988965,0.993412,0.000000,0.000000,-0.122353,-0.129329,-0.077056,0.348523,0.069354,0.226831,-0.095417,0.280593,-0.253254,-0.401064,-0.177278,-0.090393,-0.916298,-1.439897,2.836160,0.065450,5.694138,-3.250676,-5.977754,5.279622,3.163410,-4.166974,-3.512475,1.832597,-0.351985,-0.160796,0.365945,1.204749,0.830925,0.104232,-0.872957,1.519236,-0.761785,-1.825759,-1.175847,-0.308072,-0.183054,0.026505,0.290007,1.195644,0.903844,-0.182156,-0.814797,1.323915,-0.819401,-1.900695,-1.373853,-0.296398
1788293485.636689,0.009714,-0.027643,-0.000458,0.703519,0.121162,0.058279,0.116042,-0.075415,-0.990377,0.994664,0.000000,0.000000,-0.116239,-0.139054,-0.005956,0.335542,0.152161,0.138916,-0.177924,0.346580,-0.211565,-0.436031,-0.254097,-0.081118,0.392699,0.959931,3.228859,-0.719948,3.468843,-4.254241,-2.967060,2.028946,0.829032,-1.330814,-2.617994,0.261800,-0.183054,0.026505,0.290007,1.195644,0.903844,-0.182156,-0.814797,1.323915,-0.819401,-1.900695,-1.373853,-0.296398,-0.089911,0.040490,-0.095839,1.186059,0.999534,-0.495552,-0.933225,0.993090,-0.901899,-2.153544,-1.426491,-0.162582
1788293485.656571,0.005132,-0.026678,0.005474,0.568364,-0.065526,-0.063827,0.117784,-0.064638,-0.990933,0.996110,0.000000,0.000000,-0.091766,-0.104750,0.033767,0.315915,0.197491,0.054897,-0.193583,0.348830,-0.208189,-0.459394,-0.309276,-0.076125,1.265364,1.832595,1.308997,-1.265364,2.007129,-3.730642,0.000000,-0.676315,0.000000,-0.850848,-1.898046,0.021817,-0.089911,0.040490,-0.095839,1.186059,0.999534,-0.495552,-0.933225,0.993090,-0.901899,-2.153544,-1.426491,-0.162582,-0.100048,0.216746,-0.331418,1.051928,0.972067,-0.803209,-0.881603,0.561233,-1.001513,-1.982213,-1.342158,-0.253163
1788293485.676596,0.002092,-0.023786,0.007355,0.353181,-0.027709,-0.002308,0.118732,-0.057616,-0.991253,0.996499,0.000000,0.000000,-0.067435,-0.066124,0.026177,0.293834,0.226000,-0.019931,-0.198645,0.306819,-0.221852,-0.506193,-0.336097,-0.054226,0.894481,1.832595,-0.807215,-0.829032,1.025382,-3.599742,0.000000,-2.378011,-0.872665,-1.788963,-0.894482,0.545416,-0.100048,0.216746,-0.331418,1.051928,0.972067,-0.803209,-0.881603,0.561233,-1.001513,-1.982213,-1.342158,-0.253163,0.034587,0.473823,-0.496732,0.852046,0.655379,-1.006472,-0.766725,-0.095281,-1.370808,-1.503142,-0.981384,-0.676623
1788293485.696548,-0.001299,-0.020801,0.006275,0.252513,-0.002409,0.075323,0.119749,-0.051985,-0.991442,0.997164,0.000000,0.000000,-0.059731,-0.048605,0.011666,0.280785,0.235225,-0.066681,-0.202149,0.268782,-0.234037,-0.501969,-0.337761,-0.058205,0.785398,2.116211,-1.439897,-1.199914,0.829032,-4.450590,-0.152716,-3.381576,-0.959931,1.178097,0.305432,-0.567232,0.034587,0.473823,-0.496732,0.852046,0.655379,-1.006472,-0.766725,-0.095281,-1.370808,-1.503142,-0.981384,-0.676623,0.083028,0.641616,-0.575853,0.703907,0.056394,-0.837356,-0.313043,-0.736097,-1.950011,-0.899145,-0.443372,-1.316424
1788293485.716654,-0.007567,-0.016764,0.001134,0.141859,-0.054074,0.042700,0.120964,-0.049133,-0.991440,0.997933,0.000000,0.000000,-0.044209,-0.013995,-0.022537,0.261139,0.227876,-0.139363,-0.202351,0.183749,-0.280956,-0.476075,-0.319266,-0.089856,1.178097,2.094395,-1.985312,-1.308997,-0.392698,-3.643376,0.589049,-5.672320,-3.730642,3.774275,3.119776,-4.166974,0.083028,0.641616,-0.575853,0.703907,0.056394,-0.837356,-0.313043,-0.736097,-1.950011,-0.899145,-0.443372,-1.316424,0.013754,0.891557,-0.388338,0.721176,-0.271656,-0.512225,0.411293,-0.714926,-2.314033,-0.273819,-0.017837,-1.809170
1788293485.736821,-0.012594,-0.014370,-0.002592,0.320291,-0.100280,0.052021,0.123108,-0.042773,-0.991471,0.998139,0.000000,0.000000,-0.023608,0.021639,-0.057375,0.236778,0.175628,-0.182334,-0.178726,0.067641,-0.370682,-0.382678,-0.251667,-0.172371,1.156280,2.356194,-1.723513,-1.679880,-2.945243,-0.872665,2.857977,-7.592183,-6.544985,6.283186,4.777839,-6.261369,0.013754,0.891557,-0.388338,0.721176,-0.271656,-0.512225,0.411293,-0.714926,-2.314033,-0.273819,-0.017837,-1.809170,0.045947,0.890279,-0.127844,0.898186,0.044363,-0.318710,0.736416,-0.257027,-1.904509,0.050263,-0.105971,-1.756161
1788293485.756748,-0.019767,-0.010444,-0.004010,0.194057,-0.173251,0.093167,0.124930,-0.036769,-0.991484,0.998493,0.000000,0.000000,0.001527,0.093569,-0.084687,0.199008,0.057982,-0.166372,-0.071099,-0.090189,-0.523999,-0.164932,-0.080166,-0.376580,0.741765,2.268928,-0.392699,-0.872665,-3.141592,1.090831,4.821473,-4.254241,-2.072579,6.174103,4.559673,-5.061455,0.045947,0.890279,-0.127844,0.898186,0.044363,-0.318710,0.736416,-0.257027,-1.904509,0.050263,-0.105971,-1.756161,-0.046857,0.639536,-0.020253,1.126499,-0.343871,0.323702,1.026336,-0.187616,-2.186111,0.140596,0.023693,-1.934792
1788293485.776648,-0.022193,-0.007775,-0.000450,0.112165,0.299860,-0.021616,0.118447,-0.034022,-0.992377,0.998901,0.000000,0.000000,0.012136,0.133648,-0.076874,0.201978,0.020749,-0.123980,0.051289,-0.128927,-0.500398,-0.049503,-0.044006,-0.419038,0.109083,1.701696,0.545415,0.676315,-2.050761,1.985312,5.541421,-0.327250,0.589048,3.796092,1.069015,-1.265364,-0.046857,0.639536,-0.020253,1.126499,-0.343871,0.323702,1.026336,-0.187616,-2.186111,0.140596,0.023693,-1.934792,-0.326708,0.181355,-0.519952,1.483251,-0.782937,1.009394,0.787467,-0.193186,-2.379880,0.061656,0.081143,-1.733767
1788293485.796677,-0.023225,-0.005295,0.005523,0.487937,0.538745,0.098759,0.108705,-0.025347,-0.993751,0.999011,0.000000,0.000000,0.001410,0.142942,-0.057184,0.229412,-0.014433,-0.034823,0.152322,-0.098144,-0.530541,0.003582,-0.014239,-0.460370,-0.654499,0.000000,0.676315,1.308997,-2.683443,3.730641,4.145158,1.898045,-2.007129,1.745330,1.134465,-1.069015,-0.326708,0.181355,-0.519952,1.483251,-0.782937,1.009394,0.787467,-0.193186,-2.379880,0.061656,0.081143,-1.733767,-0.451649,-0.306042,-0.802879,1.695808,-0.653321,1.170061,0.344159,0.375720,-2.030009,-0.317250,-0.087770,-1.131225
1788293485.816613,-0.020049,-0.005033,0.014564,-0.559085,0.450062,-0.211499,0.102330,-0.044248,-0.993766,0.999279,0.000000,0.000000,-0.024426,0.120419,-0.066925,0.268292,-0.081994,0.080960,0.194404,-0.067259,-0.566328,0.005777,0.008957,-0.441798,-1.047198,-1.090831,-0.458149,1.832596,-3.468841,4.494223,1.069015,1.265363,-0.392699,-0.065450,0.698132,0.458149,-0.451649,-0.306042,-0.802879,1.695808,-0.653321,1.170061,0.344159,0.375720,-2.030009,-0.317250,-0.087770,-1.131225,-0.697153,-0.792190,-0.695737,1.658279,-0.183355,0.928646,-0.367914,1.023131,-1.584853,-1.040347,-0.289025,-0.571525
1788293485.836808,-0.017068,-0.008057,0.015216,-0.903432,0.643940,-0.249848,0.088876,-0.062455,-0.994083,0.999416,0.000000,0.000000,-0.035013,0.102432,-0.081286,0.288893,-0.110088,0.139071,0.186942,-0.033913,-0.545112,-0.014381,0.001870,-0.412613,-1.352630,-2.923427,-1.614430,1.898046,-2.814343,5.955936,-1.592613,3.403392,2.334378,-3.468842,-1.701696,4.254241,-0.697153,-0.792190,-0.695737,1.658279,-0.183355,0.928646,-0.367914,1.023131,-1.584853,-1.040347,-0.289025,-0.571525,-0.833727,-0.710736,-0.332025,1.420064,0.385823,0.558738,-0.943265,1.544917,-1.026243,-1.659952,-0.648809,-0.292914
1788293485.856821,-0.013345,-0.015279,0.011239,-0.881328,0.877366,-0.280475,0.070866,-0.079585,-0.994306,0.999474,0.000000,0.000000,-0.068354,0.034541,-0.107523,0.326262,-0.112687,0.206842,0.138338,0.037354,-0.481061,-0.087576,-0.025524,-0.291193,-2.334378,-4.646939,-1.003564,2.050762,0.523599,2.748893,-4.319690,5.737770,4.952372,-5.475971,-2.836160,7.941249,-0.833727,-0.710736,-0.332025,1.420064,0.385823,0.558738,-0.943265,1.544917,-1.026243,-1.659952,-0.648809,-0.292914,-0.660969,-0.253300,0.087753,1.254892,0.764472,0.237469,-1.029178,1.681054,-0.800327,-1.860472,-0.874483,-0.258978
1788293485.876805,-0.012525,-0.017833,0.009667,-0.292503,0.575364,0.017932,0.059148,-0.085132,-0.994613,0.999617,0.000000,0.000000,-0.124829,-0.080288,-0.102069,0.356712,-0.009634,0.258220,-0.029667,0.216188,-0.318001,-0.311084,-0.109319,-0.128820,-1.723513,-3.185226,1.178097,0.239983,5.912303,-0.698132,-5.825036,6.043202,5.475971,-6.021387,-2.988877,3.294310,-0.660969,-0.253300,0.087753,1.254892,0.764472,0.237469,-1.029178,1.681054,-0.800327,-1.860472,-0.874483,-0.258978,-0.289984,-0.074565,0.314383,1.258023,0.881549,0.007391,-0.985949,1.536576,-0.817148,-1.921680,-1.155405,-0.319163
1788293485.896596,-0.011500,-0.019286,0.006588,0.524422,0.203054,0.130051,0.055420,-0.074549,-0.995676,0.999690,0.000000,0.000000,-0.138568,-0.108456,-0.073754,0.355030,0.043427,0.236834,-0.095136,0.278589,-0.267479,-0.370423,-0.147839,-0.102029,-0.763582,-2.530728,2.923426,-0.065450,4.385140,-2.901610,-6.414085,5.759587,4.188790,-5.737771,-4.646939,2.399828,-0.289984,-0.074565,0.314383,1.258023,0.881549,0.007391,-0.985949,1.536576,-0.817148,-1.921680,-1.155405,-0.319163,-0.084599,0.035659,0.166521,1.257194,0.879616,-0.188491,-0.822554,1.306336,-0.796525,-1.954194,-1.235919,-0.244871
1788293485.916651,-0.011495,-0.015039,0.008066,1.172103,-0.319059,0.088373,0.062469,-0.051352,-0.996725,0.999721,0.000000,0.000000,-0.127791,-0.116774,0.014533,0.342054,0.166252,0.111722,-0.201363,0.373300,-0.215664,-0.454354,-0.247857,-0.081336,0.741765,0.894481,2.552544,-0.719948,2.836161,-4.036075,-1.658063,1.199914,0.807215,-1.614430,-2.574361,0.065451,-0.084599,0.035659,0.166521,1.257194,0.879616,-0.188491,-0.822554,1.306336,-0.796525,-1.954194,-1.235919,-0.244871,-0.023861,0.026577,-0.217688,1.213605,1.021963,-0.486553,-1.006540,0.943580,-0.896557,-2.264882,-1.332346,-0.137266
1788293485.936632,-0.011150,-0.008176,0.009685,1.175165,-0.476984,-0.021616,0.071875,-0.027799,-0.997026,0.999796,0.000000,0.000000,-0.114341,-0.104300,0.028127,0.333208,0.187166,0.069588,-0.209665,0.368244,-0.208097,-0.466266,-0.269166,-0.072929,1.854413,1.767146,1.047198,-1.003564,1.767147,-4.101524,-0.283616,-0.807215,0.545415,-1.047198,-2.312562,0.938115,-0.023861,0.026577,-0.217688,1.213605,1.021963,-0.486553,-1.006540,0.943580,-0.896557,-2.264882,-1.332346,-0.137266,-0.035032,0.110587,-0.423989,1.070594,1.081997,-0.709257,-0.958880,0.563765,-0.938780,-2.196447,-1.272580,-0.199370
1788293485.956548,-0.010718,-0.001159,0.010115,0.482477,-0.427183,0.026987,0.081020,-0.018553,-0.996540,0.999835,0.000000,0.000000,-0.079579,-0.066364,0.028662,0.307985,0.218454,-0.000130,-0.211260,0.330708,-0.215975,-0.500093,-0.299385,-0.055950,1.679880,1.614429,-1.156281,-1.265364,1.221731,-3.294309,-0.632682,-2.421645,-0.807215,-3.490659,-1.723513,1.570797,-0.035032,0.110587,-0.423989,1.070594,1.081997,-0.709257,-0.958880,0.563765,-0.938780,-2.196447,-1.272580,-0.199370,0.070577,0.307471,-0.466844,0.828978,0.901051,-0.893003,-0.880465,0.048550,-1.168911,-1.746300,-1.077888,-0.489619
1788293485.976738,-0.010608,0.008113,0.006979,0.509641,-0.391763,0.090237,0.088139,-0.008619,-0.996071,0.999852,0.000000,0.000000,-0.047827,-0.032602,-0.016733,0.283670,0.248332,-0.093796,-0.222217,0.235427,-0.232938,-0.539783,-0.314398,-0.051494,0.719949,0.610865,-1.614430,-0.719949,0.196350,-2.748894,-0.567232,-3.577925,-1.505347,-0.545416,0.000000,-0.305433,0.070577,0.307471,-0.466844,0.828978,0.901051,-0.893003,-0.880465,0.048550,-1.168911,-1.746300,-1.077888,-0.489619,0.239885,0.524566,-0.659531,0.634229,0.353593,-0.913265,-0.437768,-0.720925,-1.685469,-1.116499,-0.507336,-1.089345
1788293485.996669,-0.010967,0.012942,0.003201,0.444527,-0.605349,0.004084,0.100442,-0.000455,-0.994943,0.999892,0.000000,0.000000,-0.027328,-0.013976,-0.046524,0.260400,0.238040,-0.152360,-0.222741,0.144959,-0.274823,-0.482713,-0.287588,-0.096051,0.938115,0.872664,-1.396264,-0.959931,-2.138028,-2.268928,-0.043633,-4.385140,-2.247112,2.857976,1.003564,-1.636246,0.239885,0.524566,-0.659531,0.634229,0.353593,-0.913265,-0.437768,-0.720925,-1.685469,-1.116499,-0.507336,-1.089345,0.125378,0.692030,-0.595319,0.566025,-0.091936,-0.503298,0.255121,-0.966279,-2.136959,-0.449709,-0.059868,-1.722996
1788293486.016628,-0.011299,0.018927,-0.003298,0.282341,-0.721862,0.045896,0.114972,0.004806,-0.993357,0.999912,0.000000,0.000000,-0.001372,0.020330,-0.079985,0.223435,0.183885,-0.187761,-0.187433,0.021845,-0.370279,-0.368694,-0.209430,-0.193662,1.112648,1.723512,-1.265364,-1.679880,-3.992441,-1.461714,1.527163,-5.585054,-5.061455,5.759587,5.388705,-4.996006,0.125378,0.692030,-0.595319,0.566025,-0.091936,-0.503298,0.255121,-0.966279,-2.136959,-0.449709,-0.059868,-1.722996,0.054632,0.737907,-0.191402,0.712661,0.039188,-0.126573,0.750364,-0.508283,-2.079658,-0.027948,-0.076100,-1.827268
1788293486.036656,-0.009861,0.021373,-0.006679,0.090992,-0.757682,0.116869,0.127913,0.008487,-0.991749,0.999921,0.000000,0.000000,0.013049,0.060574,-0.100048,0.188048,0.102297,-0.164507,-0.104443,-0.100396,-0.476212,-0.217581,-0.093696,-0.338576,0.698132,1.898045,-0.589049,-1.352630,-3.774275,0.916298,4.406957,-5.126905,-2.945244,6.806784,4.712390,-5.999570,0.054632,0.737907,-0.191402,0.712661,0.039188,-0.126573,0.750364,-0.508283,-2.079658,-0.027948,-0.076100,-1.827268,0.054216,0.667587,-0.013084,0.958533,-0.114986,0.247593,1.040084,-0.218478,-2.058245,0.084536,0.002631,-1.874819
1788293486.056623,-0.007205,0.021576,-0.006672,-0.247762,-0.304278,0.036574,0.133263,0.003683,-0.991074,0.999942,0.000000,0.000000,0.023341,0.096350,-0.092988,0.179101,0.052770,-0.108877,0.024237,-0.150419,-0.504061,-0.083098,-0.045576,-0.420424,0.239983,1.418080,0.392699,-0.109083,-1.963496,2.465278,6.217736,-1.767147,-0.589049,4.581490,1.527164,-2.487095,0.054216,0.667587,-0.013084,0.958533,-0.114986,0.247593,1.040084,-0.218478,-2.058245,0.084536,0.002631,-1.874819,-0.155566,0.257859,-0.341576,1.318161,-0.702666,0.863766,0.915569,-0.261697,-2.400697,0.080005,0.129762,-1.809374
1788293486.076625,-0.002394,0.021115,-0.003669,-0.061207,-0.132371,0.085177,0.135768,0.001205,-0.990740,0.999953,0.000000,0.000000,0.021473,0.118142,-0.071259,0.201149,0.016604,-0.029735,0.140937,-0.130086,-0.510001,-0.015990,-0.017384,-0.452412,-0.349066,0.938114,0.959931,1.439897,-2.617994,3.097960,4.930556,1.592613,-1.221731,2.138028,1.003565,-1.112648,-0.155566,0.257859,-0.341576,1.318161,-0.702666,0.863766,0.915569,-0.261697,-2.400697,0.080005,0.129762,-1.809374,-0.445343,-0.221406,-0.736465,1.640597,-0.702180,1.262580,0.480352,0.117144,-2.147915,-0.219281,-0.038752,-1.189881
1788293486.096563,0.004521,0.018966,0.000517,-0.615411,-0.143423,-0.042388,0.138870,-0.011899,-0.990239,0.999958,0.000000,0.000000,0.001391,0.107084,-0.065177,0.238941,-0.050433,0.077390,0.200002,-0.092804,-0.559832,0.003492,0.014736,-0.449816,-0.807215,-0.676315,0.261799,1.636246,-3.992441,4.450590,1.767147,1.658063,-0.872665,0.567232,1.134465,0.021817,-0.445343,-0.221406,-0.736465,1.640597,-0.702180,1.262580,0.480352,0.117144,-2.147915,-0.219281,-0.038752,-1.189881,-0.610641,-0.726935,-0.702706,1.602279,-0.296133,1.091664,-0.214654,0.849935,-1.697275,-0.816682,-0.197540,-0.547453
1788293486.116505,0.014302,0.011212,0.000902,-1.496651,0.011573,-0.185134,0.137793,-0.042156,-0.989563,0.999969,0.000000,0.000000,-0.029665,0.063838,-0.086369,0.280706,-0.110293,0.187774,0.191494,-0.042858,-0.542046,-0.033340,0.002963,-0.371486,-1.439897,-2.138029,-1.221731,1.614430,-1.199914,4.494223,-0.981747,2.138029,1.221730,-1.461714,-0.479965,5.017822,-0.610641,-0.726935,-0.702706,1.602279,-0.296133,1.091664,-0.214654,0.849935,-1.697275,-0.816682,-0.197540,-0.547453,-0.812732,-0.831455,-0.364381,1.363941,0.357211,0.746334,-0.891834,1.352567,-1.165745,-1.549797,-0.642140,-0.237931
1788293486.136837,0.019732,0.004866,-0.002167,-1.311828,0.339408,-0.233736,0.130354,-0.067730,-0.989151,0.999975,0.000000,0.000000,-0.068038,-0.007838,-0.107346,0.316924,-0.101037,0.255523,0.121536,0.046544,-0.465006,-0.122954,-0.026683,-0.231800,-1.854413,-3.643376,-0.916298,1.418080,2.247112,4.014258,-4.166974,4.472406,4.450589,-4.865106,-0.959931,5.759587,-0.812732,-0.831455,-0.364381,1.363941,0.357211,0.746334,-0.891834,1.352567,-1.165745,-1.549797,-0.642140,-0.237931,-0.611025,-0.468583,0.110204,1.196440,0.777991,0.344074,-1.112285,1.529339,-0.834384,-1.852121,-0.920508,-0.178514
1788293486.156813,0.024456,-0.003356,-0.006407,-0.938586,0.218633,-0.044519,0.125353,-0.086312,-0.988351,0.999978,0.000000,0.000000,-0.110973,-0.083209,-0.099233,0.332960,-0.022249,0.282813,0.000945,0.172811,-0.348972,-0.270296,-0.096834,-0.120584,-1.876229,-3.468842,0.632682,0.567232,5.606870,0.043634,-5.803220,6.021387,5.497787,-7.264934,-3.817907,3.643376,-0.611025,-0.468583,0.110204,1.196440,0.777991,0.344074,-1.112285,1.529339,-0.834384,-1.852121,-0.920508,-0.178514,-0.290019,-0.144388,0.433402,1.132638,0.875023,0.076252,-0.857204,1.445460,-0.757607,-1.766414,-1.154897,-0.273662
1788293486.176570,0.029001,-0.012825,-0.008586,-0.012871,-0.022915,0.140438,0.125821,-0.086480,-0.988276,0.999984,0.000000,0.000000,-0.128909,-0.125277,-0.046848,0.332504,0.084865,0.236455,-0.129120,0.284165,-0.254200,-0.392499,-0.180201,-0.069661,-0.501782,-1.374447,2.792527,-0.152716,5.737770,-3.839725,-5.585053,4.690573,3.250676,-3.861542,-3.163409,1.614430,-0.290019,-0.144388,0.433402,1.132638,0.875023,0.076252,-0.857204,1.445460,-0.757607,-1.766414,-1.154897,-0.273662,-0.101825,0.011445,0.233470,1.160542,0.952450,-0.166663,-0.872680,1.260408,-0.806170,-1.934931,-1.333951,-0.244334
1788293486.196574,0.029154,-0.015441,-0.006417,0.828022,-0.465267,0.067334,0.135398,-0.070386,-0.988288,0.999987,0.000000,0.000000,-0.116771,-0.129705,0.023505,0.321105,0.164643,0.142172,-0.199220,0.337526,-0.211113,-0.422739,-0.251765,-0.068772,0.785398,0.938115,3.076143,-0.610865,3.381576,-4.516040,-1.876229,1.527164,0.894481,-1.243548,-2.508910,-0.065450,-0.101825,0.011445,0.233470,1.160542,0.952450,-0.166663,-0.872680,1.260408,-0.806170,-1.934931,-1.333951,-0.244334,-0.025896,0.009521,-0.169497,1.152900,1.029754,-0.447142,-0.991347,0.931073,-0.846542,-2.189121,-1.374582,-0.094473
1788293486.216848,0.028464,-0.013394,-0.002704,0.580881,-0.574856,-0.055305,0.147208,-0.059679,-0.987303,0.999988,0.000000,0.000000,-0.103062,-0.117393,0.041321,0.310538,0.191008,0.094508,-0.210270,0.337886,-0.207371,-0.445527,-0.279674,-0.065356,1.832596,1.701696,1.483530,-1.134464,2.116212,-4.297874,-0.545415,-0.152716,0.283616,-2.399828,-3.316125,0.523599,-0.025896,0.009521,-0.169497,1.152900,1.029754,-0.447142,-0.991347,0.931073,-0.846542,-2.189121,-1.374582,-0.094473,-0.063793,0.055967,-0.311426,1.046678,1.074241,-0.634265,-0.919234,0.623058,-0.859668,-2.106832,-1.351136,-0.136983
1788293486.236705,0.027450,-0.009888,-0.001947,0.275150,-0.427982,-0.000710,0.156115,-0.054109,-0.986256,0.999991,0.000000,0.000000,-0.059677,-0.064081,0.037628,0.284150,0.236935,-0.014043,-0.214222,0.293056,-0.210278,-0.512484,-0.325042,-0.039443,0.916298,1.505347,-1.025381,-0.698132,1.112647,-3.381576,-0.392699,-2.356195,-0.087267,-1.985313,-0.850848,0.632682,-0.063793,0.055967,-0.311426,1.046678,1.074241,-0.634265,-0.919234,0.623058,-0.859668,-2.106832,-1.351136,-0.136983,0.053642,0.321690,-0.455379,0.821694,0.866595,-0.896892,-0.866640,0.076879,-1.150695,-1.725632,-1.133513,-0.452130
1788293486.256637,0.022481,-0.004368,-0.005476,0.141060,-0.261535,0.074258,0.161436,-0.051321,-0.985548,0.999993,0.000000,0.000000,-0.044329,-0.040825,0.006120,0.272056,0.252540,-0.079850,-0.220832,0.232815,-0.216414,-0.519433,-0.332546,-0.037236,0.589049,0.959931,-1.592613,-0.305433,0.065450,-2.661628,-0.239983,-2.857977,-1.047198,-0.283617,-0.174533,0.021817,0.053642,0.321690,-0.455379,0.821694,0.866595,-0.896892,-0.866640,0.076879,-1.150695,-1.725632,-1.133513,-0.452130,0.205279,0.541977,-0.642184,0.675819,0.293580,-0.935131,-0.512948,-0.658607,-1.652606,-1.138823,-0.580899,-1.029715
1788293486.276605,0.018019,-0.001803,-0.008521,-0.009009,-0.353014,0.053619,0.168548,-0.051541,-0.984345,0.999994,0.000000,0.000000,-0.026103,-0.017505,-0.029412,0.253285,0.236065,-0.140290,-0.218539,0.151013,-0.266808,-0.467651,-0.303642,-0.083130,0.763582,0.938115,-1.658063,-0.632682,-2.639811,-2.334378,0.130900,-4.036075,-2.748894,2.203478,1.112648,-1.745329,0.205279,0.541977,-0.642184,0.675819,0.293580,-0.935131,-0.512948,-0.658607,-1.652606,-1.138823,-0.580899,-1.029715,0.124455,0.732664,-0.562101,0.624255,-0.168791,-0.545128,0.185549,-0.914069,-2.150954,-0.480402,-0.076770,-1.658331
1788293486.296735,0.012954,-0.000165,-0.010586,0.170621,-0.405745,0.025522,0.176798,-0.048343,-0.983059,0.000000,0.000000,0.000000,-0.002460,0.016076,-0.063486,0.223009,0.174354,-0.182315,-0.189705,0.031376,-0.364233,-0.365132,-0.224467,-0.181273,1.069014,1.810779,-1.330814,-1.418080,-4.494223,-1.679880,1.418080,-5.519604,-5.017822,5.083272,5.279622,-4.756022,0.124455,0.732664,-0.562101,0.624255,-0.168791,-0.545128,0.185549,-0.914069,-2.150954,-0.480402,-0.076770,-1.658331,0.076006,0.699149,-0.278408,0.816371,0.631061,-0.346267,0.750836,0.060244,-0.928259,-0.077597,-0.380231,-1.161769
1788293486.316726,0.006691,0.001032,-0.011455,0.114428,-0.346356,0.048958,0.180818,-0.043209,-0.982567,0.000000,0.000000,0.000000,0.013101,0.062281,-0.087869,0.193647,0.092021,-0.166031,-0.115343,-0.090208,-0.475127,-0.220131,-0.104511,-0.323318,0.741765,2.181662,-0.959931,-1.025381,-3.010693,0.567232,4.014258,-5.170539,-2.967060,6.414085,5.192355,-5.934120,0.076006,0.699149,-0.278408,0.816371,0.631061,-0.346267,0.750836,0.060244,-0.928259,-0.077597,-0.380231,-1.161769,0.043312,0.513836,-0.179472,0.810616,0.476362,-0.193066,1.178396,0.286457,-0.701921,-0.081923,-0.356135,-1.024614
1788293486.336605,0.003218,0.001464,-0.009527,-0.034709,0.186675,0.011541,0.176291,-0.043297,-0.983385,0.000000,0.000000,0.000000,0.025635,0.097970,-0.089721,0.190459,0.082730,-0.130127,0.014449,-0.146939,-0.441166,-0.092438,-0.088645,-0.335148,0.327249,1.439897,-0.021817,-0.000000,0.414516,1.614429,6.348636,-2.661628,4.908739,4.494223,-0.676315,2.290745,0.043312,0.513836,-0.179472,0.810616,0.476362,-0.193066,1.178396,0.286457,-0.701921,-0.081923,-0.356135,-1.024614,0.012250,0.253785,-0.624747,1.078487,-0.145888,0.274109,1.179645,0.352703,-1.037301,-0.239622,-0.433923,-1.047541
1788293486.356580,-0.000044,0.002455,-0.001728,0.320424,0.660585,0.179320,0.162795,-0.036974,-0.985967,0.000000,0.000000,0.000000,0.020276,0.107834,-0.080664,0.201258,0.099739,-0.083747,0.146803,-0.125308,-0.277225,-0.045080,-0.088528,-0.286058,-0.370883,0.174533,0.370883,1.047198,0.109083,2.421644,5.737771,3.272493,6.915868,1.658063,-0.109083,1.090831,0.012250,0.253785,-0.624747,1.078487,-0.145888,0.274109,1.179645,0.352703,-1.037301,-0.239622,-0.433923,-1.047541,0.096036,0.069471,-0.930195,1.258469,-0.165828,0.562722,0.974018,0.686425,-0.750952,-0.545233,-0.659390,-0.660285
1788293486.376597,-0.000257,0.002485,0.001823,-0.428324,0.614912,-0.028407,0.150719,-0.046010,-0.987505,0.000000,0.000000,0.000000,0.005877,0.092450,-0.088665,0.224656,0.070840,-0.013288,0.231170,-0.035890,-0.235768,-0.055972,-0.097020,-0.273159,-0.479966,-0.654498,-0.174533,0.741765,-2.181662,2.705260,2.836161,4.516040,0.196350,-0.327249,-0.436332,0.632682,0.096036,0.069471,-0.930195,1.258469,-0.165828,0.562722,0.974018,0.686425,-0.750952,-0.545233,-0.659390,-0.660285,0.064329,-0.182947,-0.678010,1.277412,-0.098683,0.578973,0.814356,0.986011,-0.511582,-0.721027,-0.514587,-0.451237
1788293486.396730,0.003150,-0.001092,0.008382,-0.586649,0.502127,-0.279143,0.140445,-0.058158,-0.988379,0.000000,0.000000,0.000000,0.008010,0.070503,-0.114682,0.244400,0.019732,0.057038,0.249332,0.061985,-0.203848,-0.104606,-0.133576,-0.206915,0.261799,-0.785398,-1.461713,0.741765,-1.701696,2.923426,0.305433,4.276057,1.221731,-1.876229,-1.723513,2.792527,0.064329,-0.182947,-0.678010,1.277412,-0.098683,0.578973,0.814356,0.986011,-0.511582,-0.721027,-0.514587,-0.451237,0.083117,-0.243117,-0.463857,1.179012,0.034404,0.563545,0.725860,1.061454,-0.384747,-0.810770,-0.538757,-0.448587
1788293486.416606,0.004845,-0.004906,0.004895,-0.352957,0.649266,-0.158369,0.126498,-0.057777,-0.990283,0.000000,0.000000,0.000000,0.011721,0.037794,-0.128009,0.265402,0.001703,0.106747,0.231860,0.148801,-0.153321,-0.151051,-0.131149,-0.147680,0.130900,-1.876229,-0.719948,0.872665,-0.087266,2.028945,-1.112647,3.687009,2.181662,-1.548980,0.261799,2.050762,0.083117,-0.243117,-0.463857,1.179012,0.034404,0.563545,0.725860,1.061454,-0.384747,-0.810770,-0.538757,-0.448587,0.242015,-0.131922,-0.417121,1.070909,0.105728,0.552603,0.575639,0.973889,-0.343186,-0.897076,-0.659893,-0.398707
1788293486.436599,0.005228,-0.008802,-0.000119,-0.230584,0.594272,-0.005637,0.114582,-0.062046,-0.991474,0.000000,0.000000,0.000000,0.014917,-0.000701,-0.122157,0.279604,0.014212,0.129145,0.210030,0.211333,-0.115717,-0.181325,-0.132185,-0.124257,0.130900,-1.898046,0.610865,0.392699,0.938115,0.676315,-1.047198,2.399828,1.418080,-1.003565,0.000000,0.850848,0.242015,-0.131922,-0.417121,1.070909,0.105728,0.552603,0.575639,0.973889,-0.343186,-0.897076,-0.659893,-0.398707,0.335708,-0.039066,-0.374836,0.982633,0.148287,0.479015,0.484302,0.806939,-0.313179,-0.939788,-0.775369,-0.408608
1788293486.456884,0.002977,-0.012135,-0.003331,0.222020,0.383083,0.031115,0.107138,-0.057456,-0.992583,0.000000,0.000000,0.000000,0.026365,-0.026008,-0.100449,0.277379,0.026669,0.138510,0.183686,0.233251,-0.096213,-0.206610,-0.149783,-0.107153,0.523599,-0.981748,1.199914,-0.523599,0.850848,0.261799,-1.418080,0.523599,0.654499,-0.741765,-0.698132,0.349066,0.335708,-0.039066,-0.374836,0.982633,0.148287,0.479015,0.484302,0.806939,-0.313179,-0.939788,-0.775369,-0.408608,0.391363,0.018479,-0.378246,0.797778,0.245195,0.318079,0.450410,0.499486,-0.331670,-0.936203,-0.793081,-0.392676
1788293486.476593,0.000005,-0.013159,-0.001072,0.223485,0.232349,-0.036796,0.103204,-0.052482,-0.993275,0.000000,0.000000,0.000000,0.041986,-0.030982,-0.078973,0.263626,0.037681,0.136200,0.155115,0.223728,-0.086281,-0.221530,-0.176189,-0.103542,0.785398,0.000000,0.763582,-0.785398,0.785398,-0.327249,-1.308997,-0.807215,0.239983,-0.501782,-1.069014,0.043634,0.391363,0.018479,-0.378246,0.797778,0.245195,0.318079,0.450410,0.499486,-0.331670,-0.936203,-0.793081,-0.392676,0.367803,0.109182,-0.354718,0.532638,0.470977,0.052785,0.495716,0.145025,-0.353509,-0.792103,-0.687870,-0.441370
1788293486.496626,-0.003841,-0.013631,0.003603,0.303513,0.173626,0.001953,0.100491,-0.045941,-0.993877,0.000000,0.000000,0.000000,0.056385,-0.023003,-0.071981,0.240651,0.054687,0.116998,0.133980,0.184003,-0.085386,-0.226660,-0.188996,-0.100573,0.523599,0.283616,0.196350,-1.112648,1.592613,-1.069014,-0.850848,-2.072579,0.087266,-0.305433,-0.523599,0.021817,0.367803,0.109182,-0.354718,0.532638,0.470977,0.052785,0.495716,0.145025,-0.353509,-0.792103,-0.687870,-0.441370,0.375152,0.214776,-0.428069,0.232875,0.659873,-0.219700,0.509303,-0.126622,-0.380950,-0.530441,-0.487694,-0.556448
1788293486.516586,-0.010807,-0.011994,0.010563,0.161034,0.129284,0.077055,0.098095,-0.041559,-0.994309,0.000000,0.000000,0.000000,0.064089,-0.010205,-0.073407,0.207124,0.085983,0.076365,0.124749,0.121730,-0.088992,-0.206577,-0.178783,-0.105659,0.261799,0.479966,-0.109083,-1.527163,2.159845,-1.810779,-0.130900,-3.119776,0.000000,0.327249,0.305433,-0.196350,0.375152,0.214776,-0.428069,0.232875,0.659873,-0.219700,0.509303,-0.126622,-0.380950,-0.530441,-0.487694,-0.556448,0.367593,0.250302,-0.517977,0.141753,0.666828,-0.354937,0.520041,-0.176365,-0.433250,-0.337366,-0.352903,-0.671803
1788293486.536606,-0.015709,-0.010184,0.013390,0.183937,0.095728,0.079052,0.096331,-0.037280,-0.994651,0.000000,0.000000,0.000000,0.067533,0.002874,-0.081043,0.161595,0.124345,0.022565,0.124402,0.051368,-0.093840,-0.161024,-0.144446,-0.126450,0.065450,0.632682,-0.239983,-1.876229,1.767146,-2.399828,0.043633,-3.381576,-0.283616,1.614430,1.505346,-0.719949,0.367593,0.250302,-0.517977,0.141753,0.666828,-0.354937,0.520041,-0.176365,-0.433250,-0.337366,-0.352903,-0.671803,0.327492,0.278125,-0.516308,0.148109,0.668122,-0.380685,0.596059,-0.131470,-0.498135,-0.245547,-0.276423,-0.760367
1788293486.556600,-0.021320,-0.006232,0.012254,0.335204,0.115968,-0.014558,0.093616,-0.031911,-0.995097,0.000000,0.000000,0.000000,0.071384,0.019245,-0.091071,0.117471,0.150470,-0.025898,0.127255,0.000888,-0.103009,-0.112463,-0.110186,-0.154501,0.305433,0.807215,-0.392699,-2.072579,0.981748,-1.919863,0.283616,-2.050762,-0.567232,1.461714,1.243547,-0.872665,0.327492,0.278125,-0.516308,0.148109,0.668122,-0.380685,0.596059,-0.131470,-0.498135,-0.245547,-0.276423,-0.760367,0.267341,0.246868,-0.491394,0.184336,0.739510,-0.321305,0.676621,-0.118589,-0.518388,-0.216783,-0.224203,-0.820924
1788293486.576610,-0.023357,-0.003611,0.008926,0.176613,0.163639,-0.020683,0.089488,-0.026825,-0.995627,0.000000,0.000000,0.000000,0.077506,0.035539,-0.098990,0.081624,0.165742,-0.057455,0.133955,-0.017433,-0.115567,-0.081219,-0.085277,-0.177700,0.261799,0.610865,-0.283616,-1.461713,0.763582,-1.069014,0.414516,-0.414516,-0.392699,0.959931,0.872665,-0.610865,0.267341,0.246868,-0.491394,0.184336,0.739510,-0.321305,0.676621,-0.118589,-0.518388,-0.216783,-0.224203,-0.820924,0.334833,0.162519,-0.503620,0.252609,0.717581,-0.169918,0.719463,-0.112742,-0.554550,-0.259274,-0.207640,-0.817504
1788293486.596682,-0.024463,-0.001395,0.005477,0.052909,0.224492,0.021128,0.084899,-0.025316,-0.996068,0.000000,0.000000,0.000000,0.079996,0.042670,-0.103433,0.063713,0.178273,-0.068137,0.147596,-0.020007,-0.123754,-0.065263,-0.067974,-0.195175,0.021817,0.130900,-0.152716,-0.458149,0.349066,-0.174533,0.850848,-0.000000,-0.436332,0.479966,0.654498,-0.458149,0.334833,0.162519,-0.503620,0.252609,0.717581,-0.169918,0.719463,-0.112742,-0.554550,-0.259274,-0.207640,-0.817504,0.415956,0.060137,-0.534590,0.321488,0.629470,0.026888,0.773326,-0.061198,-0.556282,-0.291364,-0.233678,-0.760675
1788293486.616570,-0.024317,0.000549,0.002587,0.041458,0.237808,0.031381,0.080129,-0.024478,-0.996484,0.000000,0.000000,0.000000,0.081660,0.040031,-0.103847,0.060765,0.182683,-0.057570,0.161589,-0.020356,-0.132434,-0.067207,-0.059307,-0.200204,0.021817,-0.043633,-0.000000,-0.130900,-0.130900,0.632682,0.567232,-0.000000,-0.218166,-0.043633,0.392699,-0.283616,0.415956,0.060137,-0.534590,0.321488,0.629470,0.026888,0.773326,-0.061198,-0.556282,-0.291364,-0.233678,-0.760675,0.454413,-0.048712,-0.589663,0.400180,0.541055,0.264318,0.751612,0.002895,-0.550385,-0.344819,-0.262406,-0.668506
1788293486.636569,-0.023779,0.001123,0.003771,0.011364,0.243667,-0.005104,0.074957,-0.024468,-0.996887,0.000000,0.000000,0.000000,0.085941,0.032141,-0.105740,0.064926,0.172674,-0.030054,0.174643,-0.018535,-0.134286,-0.071224,-0.059402,-0.193994,0.130900,-0.392699,-0.174533,0.130900,-0.763582,1.439897,0.610865,0.305433,-0.109083,-0.065450,-0.065450,0.174533,0.454413,-0.048712,-0.589663,0.400180,0.541055,0.264318,0.751612,0.002895,-0.550385,-0.344819,-0.262406,-0.668506,0.438886,-0.180911,-0.653994,0.484258,0.472067,0.460612,0.684691,0.067059,-0.508058,-0.437936,-0.295067,-0.545765
1788293486.656602,-0.021348,0.000832,0.009099,-0.183713,0.238208,-0.019485,0.070227,-0.028060,-0.997136,0.000000,0.000000,0.000000,0.092702,0.020679,-0.114695,0.073721,0.157152,0.012620,0.181614,-0.009344,-0.134719,-0.080120,-0.063406,-0.177446,0.196350,-0.479966,-0.501782,0.436332,-1.025381,2.050762,0.152716,0.567232,-0.021817,-0.109083,-0.239983,0.610865,0.438886,-0.180911,-0.653994,0.484258,0.472067,0.460612,0.684691,0.067059,-0.508058,-0.437936,-0.295067,-0.545765,0.444326,-0.314021,-0.684625,0.555667,0.449126,0.639724,0.565935,0.132160,-0.433333,-0.588656,-0.357880,-0.349214
1788293486.676619,-0.019429,-0.000576,0.011641,-0.264273,0.214772,-0.022548,0.065537,-0.031516,-0.997352,0.000000,0.000000,0.000000,0.096410,0.002975,-0.127333,0.086669,0.141084,0.060387,0.179413,0.001550,-0.129374,-0.098230,-0.068735,-0.151558,0.239983,-0.719948,-0.545415,0.567232,-0.719948,2.159845,-0.305433,0.719948,0.065450,-0.392699,-0.305433,0.785398,0.444326,-0.314021,-0.684625,0.555667,0.449126,0.639724,0.565935,0.132160,-0.433333,-0.588656,-0.357880,-0.349214,0.480692,-0.418102,-0.639669,0.564816,0.452570,0.769547,0.426540,0.183737,-0.360040,-0.727112,-0.429160,-0.192811
1788293486.696603,-0.015961,-0.003336,0.012256,-0.262010,0.190670,-0.020284,0.061498,-0.035702,-0.997468,0.000000,0.000000,0.000000,0.099822,-0.020249,-0.138246,0.105287,0.129570,0.106286,0.166301,0.013653,-0.113606,-0.128916,-0.080548,-0.110025,0.218166,-0.938115,-0.458149,0.654499,-0.349066,1.898046,-0.872665,0.785398,0.829032,-0.894481,-0.458149,1.461713,0.480692,-0.418102,-0.639669,0.564816,0.452570,0.769547,0.426540,0.183737,-0.360040,-0.727112,-0.429160,-0.192811,0.545735,-0.440280,-0.574442,0.522988,0.506623,0.823144,0.288196,0.157740,-0.300985,-0.821009,-0.526769,-0.127495
1788293486.716690,-0.013623,-0.005203,0.010692,-0.209279,0.122227,-0.010563,0.058920,-0.039598,-0.997477,0.000000,0.000000,0.000000,0.102775,-0.045090,-0.141205,0.119023,0.125114,0.148251,0.144165,0.028745,-0.097683,-0.162044,-0.095285,-0.070237,0.152716,-1.134464,-0.196350,0.414516,0.000000,1.745329,-1.178097,1.003564,0.719948,-0.872665,-0.545415,1.287180,0.545735,-0.440280,-0.574442,0.522988,0.506623,0.823144,0.288196,0.157740,-0.300985,-0.821009,-0.526769,-0.127495,0.614753,-0.398100,-0.488207,0.419862,0.623869,0.744299,0.151817,0.054208,-0.281986,-0.861801,-0.551461,-0.127267
1788293486.736882,-0.010910,-0.006603,0.007773,-0.156016,-0.045685,-0.017887,0.059750,-0.042598,-0.997304,0.000000,0.000000,0.000000,0.105743,-0.056402,-0.139187,0.122868,0.126115,0.165194,0.128078,0.032743,-0.089111,-0.176389,-0.106044,-0.055663,0.458149,-1.199914,0.349066,0.436332,0.021817,1.658063,-1.570796,0.305433,0.741765,-1.658063,-1.418080,1.527163,0.614753,-0.398100,-0.488207,0.419862,0.623869,0.744299,0.151817,0.054208,-0.281986,-0.861801,-0.551461,-0.127267,0.627456,-0.331219,-0.439573,0.237398,0.803760,0.578609,0.099234,-0.159393,-0.258545,-0.743232,-0.502462,-0.159029
1788293486.756743,-0.007008,-0.007278,0.003623,-0.020061,-0.206274,-0.008433,0.063922,-0.042829,-0.997035,0.000000,0.000000,0.000000,0.118857,-0.081183,-0.125759,0.120362,0.143099,0.187542,0.082384,0.031085,-0.077213,-0.202849,-0.128520,-0.038957,0.436332,-0.610865,0.523599,-0.327249,1.243547,0.239983,-1.592613,-0.589049,0.349066,-0.545416,-0.523599,0.261800,0.627456,-0.331219,-0.439573,0.237398,0.803760,0.578609,0.099234,-0.159393,-0.258545,-0.743232,-0.502462,-0.159029,0.698294,-0.201244,-0.474985,-0.082231,1.077104,0.317143,0.003465,-0.432926,-0.351885,-0.520158,-0.350258,-0.294742
1788293486.776669,-0.007008,-0.007278,0.003623,0.107371,-0.335437,0.002220,0.070082,-0.039783,-0.996748,0.000000,0.000000,0.000000,0.130927,-0.085134,-0.114840,0.103591,0.171821,0.173915,0.054753,0.004635,-0.071535,-0.191145,-0.127132,-0.040310,0.436332,-0.021817,0.458149,-0.829032,2.443461,-0.785398,-1.134464,-1.439897,-0.087266,0.109083,0.065450,-0.196350,0.698294,-0.201244,-0.474985,-0.082231,1.077104,0.317143,0.003465,-0.432926,-0.351885,-0.520158,-0.350258,-0.294742,0.720644,-0.128214,-0.623553,-0.295781,1.250953,0.121375,-0.048567,-0.576804,-0.449104,-0.331965,-0.188517,-0.439106
1788293486.796678,-0.007008,-0.007278,0.003623,0.081139,-0.466864,0.007546,0.079286,-0.038386,-0.996113,0.000000,0.000000,0.000000,0.144658,-0.080015,-0.111246,0.065226,0.217118,0.138193,0.032571,-0.041085,-0.084756,-0.152317,-0.103423,-0.061652,0.392699,0.130900,0.043633,-1.767146,2.661627,-1.679880,-1.047198,-2.487094,-0.567232,1.199914,0.850848,-0.741765,0.720644,-0.128214,-0.623553,-0.295781,1.250953,0.121375,-0.048567,-0.576804,-0.449104,-0.331965,-0.188517,-0.439106,0.670382,-0.079014,-0.688579,-0.387595,1.285322,0.035051,-0.050609,-0.544495,-0.596818,-0.260576,-0.079782,-0.547249
1788293486.816764,-0.005436,-0.005912,0.002759,0.033202,-0.500953,-0.035997,0.088535,-0.038678,-0.995322,0.000000,0.000000,0.000000,0.153731,-0.068496,-0.121780,0.019717,0.263099,0.094146,0.013058,-0.088757,-0.105215,-0.108010,-0.069283,-0.093065,0.305433,0.545415,-0.523599,-2.050762,2.181662,-1.919863,-0.807215,-2.290745,-1.199914,1.439897,1.265364,-0.981748,0.670382,-0.079014,-0.688579,-0.387595,1.285322,0.035051,-0.050609,-0.544495,-0.596818,-0.260576,-0.079782,-0.547249,0.609229,-0.071136,-0.658297,-0.415573,1.356443,0.049124,-0.018501,-0.493254,-0.709579,-0.238205,-0.013759,-0.587877
1788293486.836616,0.000667,-0.000644,-0.000518,0.008568,-0.513203,-0.046782,0.098200,-0.038001,-0.994441,0.000000,0.000000,0.000000,0.159856,-0.053868,-0.137134,-0.021394,0.296527,0.055972,0.001594,-0.115106,-0.135164,-0.082225,-0.039915,-0.121140,0.218166,0.676315,-0.676315,-1.810779,1.439897,-1.592613,-0.436332,-0.894481,-1.374447,0.829031,1.090831,-0.741765,0.609229,-0.071136,-0.658297,-0.415573,1.356443,0.049124,-0.018501,-0.493254,-0.709579,-0.238205,-0.013759,-0.587877,0.647269,-0.135664,-0.629046,-0.422429,1.417406,0.169162,0.015953,-0.496476,-0.779227,-0.266059,0.024667,-0.580405
1788293486.856674,0.004951,0.002388,-0.002991,-0.147893,-0.490034,-0.014825,0.106914,-0.039974,-0.993464,0.000000,0.000000,0.000000,0.161574,-0.039826,-0.148860,-0.050958,0.319677,0.033809,-0.000918,-0.119355,-0.163244,-0.069321,-0.019489,-0.136491,0.000000,0.523599,-0.349066,-1.199914,1.047198,-0.741765,-0.021817,-0.021817,-1.090831,0.501782,0.719949,-0.392699,0.647269,-0.135664,-0.629046,-0.422429,1.417406,0.169162,0.015953,-0.496476,-0.779227,-0.266059,0.024667,-0.580405,0.759672,-0.219672,-0.629318,-0.411589,1.380602,0.344004,0.048902,-0.476762,-0.821277,-0.306494,0.036668,-0.527046
1788293486.876658,0.008613,0.004449,-0.005004,-0.155217,-0.426651,0.022460,0.114889,-0.043045,-0.992445,0.000000,0.000000,0.000000,0.160047,-0.034203,-0.153409,-0.068436,0.335164,0.034142,0.002330,-0.117337,-0.183804,-0.069653,-0.004744,-0.138877,-0.218166,0.174533,-0.130900,-0.763582,0.392699,0.261799,0.305433,0.152716,-0.763582,-0.021817,0.654499,-0.087267,0.759672,-0.219672,-0.629318,-0.411589,1.380602,0.344004,0.048902,-0.476762,-0.821277,-0.306494,0.036668,-0.527046,0.845286,-0.306898,-0.639277,-0.390518,1.305803,0.545168,0.088857,-0.428272,-0.821786,-0.337434,0.033805,-0.472218
1788293486.896665,0.014663,0.007384,-0.007266,-0.117134,-0.361670,0.003951,0.121484,-0.046427,-0.991507,0.000000,0.000000,0.000000,0.163409,-0.036750,-0.153267,-0.079988,0.338312,0.055666,0.005554,-0.116475,-0.197270,-0.075031,0.002889,-0.133562,0.174533,-0.109083,0.065450,-0.479966,-0.349066,1.221731,0.130900,0.174533,-0.392699,-0.218166,0.305433,0.043633,0.845286,-0.306898,-0.639277,-0.390518,1.305803,0.545168,0.088857,-0.428272,-0.821786,-0.337434,0.033805,-0.472218,0.851232,-0.408504,-0.656148,-0.365641,1.228696,0.743740,0.094281,-0.383076,-0.819129,-0.375658,0.047989,-0.398635
1788293486.916635,0.018267,0.008741,-0.007694,-0.092899,-0.264331,-0.026942,0.126432,-0.048733,-0.990777,0.000000,0.000000,0.000000,0.174386,-0.046486,-0.152801,-0.085191,0.330294,0.091279,0.011788,-0.111114,-0.199708,-0.080797,0.004032,-0.123369,0.698132,-0.349066,-0.000000,-0.174533,-0.632682,1.788963,0.283616,0.436332,-0.043633,-0.065450,0.021817,0.349066,0.851232,-0.408504,-0.656148,-0.365641,1.228696,0.743740,0.094281,-0.383076,-0.819129,-0.375658,0.047989,-0.398635,0.803491,-0.519111,-0.686634,-0.341206,1.136981,0.901061,0.060258,-0.343242,-0.811004,-0.433393,0.059534,-0.297652
1788293486.936558,0.022663,0.009663,-0.007358,-0.114337,-0.222386,-0.028806,0.130494,-0.051155,-0.990129,0.000000,0.000000,0.000000,0.187918,-0.062150,-0.155018,-0.085478,0.318944,0.133664,0.016939,-0.104484,-0.200346,-0.088653,0.007765,-0.107802,0.589049,-0.719948,-0.174533,-0.000000,-0.807215,1.985312,0.196350,0.414516,-0.065450,-0.130900,0.196350,0.392699,0.803491,-0.519111,-0.686634,-0.341206,1.136981,0.901061,0.060258,-0.343242,-0.811004,-0.433393,0.059534,-0.297652,0.762466,-0.613719,-0.687573,-0.349222,1.073991,1.040609,-0.015433,-0.293489,-0.754057,-0.505648,0.078353,-0.166794
1788293486.956691,0.024895,0.009776,-0.007336,-0.199159,-0.201880,-0.010697,0.134255,-0.055639,-0.989384,0.000000,0.000000,0.000000,0.194839,-0.082028,-0.158301,-0.084340,0.303839,0.176912,0.017002,-0.096292,-0.199307,-0.100898,0.011251,-0.087060,0.261799,-0.872665,-0.152716,-0.000000,-0.850848,1.941679,-0.087266,0.436332,0.109083,-0.349066,0.021817,0.654499,0.762466,-0.613719,-0.687573,-0.349222,1.073991,1.040609,-0.015433,-0.293489,-0.754057,-0.505648,0.078353,-0.166794,0.737418,-0.691465,-0.656459,-0.351140,1.024107,1.172561,-0.143064,-0.231458,-0.635216,-0.639974,0.052691,-0.005337
1788293486.976865,0.026571,0.009411,-0.007992,-0.202222,-0.202146,-0.002174,0.137813,-0.059651,-0.988660,0.000000,0.000000,0.000000,0.196306,-0.103962,-0.160925,-0.083951,0.288109,0.216381,0.009688,-0.087655,-0.190684,-0.115978,0.014319,-0.058369,0.000000,-0.959931,-0.109083,0.065450,-0.829032,1.701696,-0.479966,0.523599,0.850848,-0.370883,0.130900,0.850848,0.737418,-0.691465,-0.656459,-0.351140,1.024107,1.172561,-0.143064,-0.231458,-0.635216,-0.639974,0.052691,-0.005337,0.716326,-0.744044,-0.579166,-0.347609,0.991908,1.289702,-0.294754,-0.155202,-0.501717,-0.806665,-0.004569,0.129675
1788293486.996619,0.027727,0.009073,-0.008747,-0.141768,-0.169389,-0.018952,0.140842,-0.063212,-0.988012,0.000000,0.000000,0.000000,0.194798,-0.125737,-0.160336,-0.084430,0.273944,0.252976,-0.004913,-0.076114,-0.167564,-0.143983,0.012631,-0.022333,-0.043633,-0.938115,-0.065450,-0.000000,-0.589049,1.548980,-0.850848,0.719948,1.352630,-0.829032,-0.065450,1.178097,0.716326,-0.744044,-0.579166,-0.347609,0.991908,1.289702,-0.294754,-0.155202,-0.501717,-0.806665,-0.004569,0.129675,0.701890,-0.753787,-0.479789,-0.308868,0.950284,1.337064,-0.414545,-0.097862,-0.394775,-0.926670,-0.046431,0.183811
1788293487.016598,0.027909,0.008291,-0.009113,-0.023124,-0.138097,-0.015357,0.143529,-0.063178,-0.987627,0.000000,0.000000,0.000000,0.192695,-0.144268,-0.155013,-0.084166,0.264631,0.285024,-0.031529,-0.059389,-0.138431,-0.179615,0.005074,0.012434,-0.021817,-0.763582,0.239983,-0.000000,-0.218166,1.265364,-1.461713,1.025381,1.352630,-1.003564,-0.392699,1.112648,0.701890,-0.753787,-0.479789,-0.308868,0.950284,1.337064,-0.414545,-0.097862,-0.394775,-0.926670,-0.046431,0.183811,0.717662,-0.712956,-0.400491,-0.247257,0.922352,1.296955,-0.500841,-0.058334,-0.358924,-0.984025,-0.071718,0.186259
1788293487.036657,0.026711,0.008259,-0.008381,0.088862,-0.119455,-0.017221,0.146274,-0.060626,-0.987385,0.000000,0.000000,0.000000,0.190803,-0.158681,-0.143752,-0.081589,0.255417,0.307384,-0.063057,-0.043668,-0.111735,-0.210703,-0.004146,0.033618,-0.021817,-0.610865,0.545415,0.109083,-0.414516,0.807215,-1.592613,0.719948,0.916298,-0.959931,-0.370883,0.654499,0.717662,-0.712956,-0.400491,-0.247257,0.922352,1.296955,-0.500841,-0.058334,-0.358924,-0.984025,-0.071718,0.186259,0.740821,-0.659192,-0.366872,-0.250019,0.977899,1.181831,-0.556668,-0.083096,-0.367778,-1.009883,-0.075202,0.146251
1788293487.056664,0.025058,0.008628,-0.007239,0.222419,-0.118656,-0.004172,0.149146,-0.055461,-0.987259,0.000000,0.000000,0.000000,0.189246,-0.166240,-0.128923,-0.075077,0.247200,0.315873,-0.091694,-0.031183,-0.098386,-0.230254,-0.011714,0.040952,-0.065450,-0.370883,0.654499,0.130900,-0.152716,0.130900,-1.287180,0.654499,0.349066,-0.610865,-0.392699,0.196350,0.740821,-0.659192,-0.366872,-0.250019,0.977899,1.181831,-0.556668,-0.083096,-0.367778,-1.009883,-0.075202,0.146251,0.777386,-0.575933,-0.371257,-0.302051,1.082210,1.012032,-0.612215,-0.153241,-0.404856,-0.988915,-0.058231,0.090695
1788293487.076610,0.021318,0.009922,-0.005127,0.278346,-0.098150,0.021794,0.151847,-0.048845,-0.987196,0.000000,0.000000,0.000000,0.188493,-0.166641,-0.116561,-0.069391,0.247143,0.310217,-0.113162,-0.025470,-0.097072,-0.242436,-0.014804,0.037679,-0.021817,0.065450,0.458149,0.283616,0.458149,-0.501782,-0.981748,0.109083,0.043633,-0.545416,-0.021817,-0.021817,0.777386,-0.575933,-0.371257,-0.302051,1.082210,1.012032,-0.612215,-0.153241,-0.404856,-0.988915,-0.058231,0.090695,0.816922,-0.462973,-0.409124,-0.420778,1.220377,0.826653,-0.628533,-0.301659,-0.477172,-0.873278,-0.023925,0.018491
1788293487.096649,0.019928,0.010647,-0.004590,0.344126,-0.063395,0.017666,0.153845,-0.041355,-0.987229,0.000000,0.000000,0.000000,0.188032,-0.162122,-0.109091,-0.067921,0.259074,0.287100,-0.130252,-0.030212,-0.100906,-0.243537,-0.013331,0.028410,0.087266,0.196350,0.239983,0.109083,1.069014,-1.156281,-0.719949,-0.501782,-0.021817,-0.000000,0.043633,-0.414516,0.816922,-0.462973,-0.409124,-0.420778,1.220377,0.826653,-0.628533,-0.301659,-0.477172,-0.873278,-0.023925,0.018491,0.841915,-0.307478,-0.487118,-0.577718,1.381763,0.648680,-0.579759,-0.536865,-0.578068,-0.678159,0.051705,-0.138871
1788293487.116602,0.011883,0.009786,-0.002875,0.375285,-0.028375,0.001288,0.154883,-0.033190,-0.987375,0.000000,0.000000,0.000000,0.190579,-0.151776,-0.106691,-0.076503,0.281108,0.253309,-0.142137,-0.048674,-0.115163,-0.227557,-0.009344,0.013967,0.087266,0.436332,0.109083,-0.414516,1.570796,-1.570796,-0.414516,-1.178097,-0.785398,0.392699,0.152716,-0.610865,0.841915,-0.307478,-0.487118,-0.577718,1.381763,0.648680,-0.579759,-0.536865,-0.578068,-0.678159,0.051705,-0.138871,0.879607,-0.214164,-0.569483,-0.676321,1.482639,0.525137,-0.437655,-0.749437,-0.706434,-0.482522,0.150798,-0.331129
1788293487.136626,0.006954,0.009912,-0.002099,0.375817,0.033410,0.007679,0.154820,-0.024649,-0.987635,0.000000,0.000000,0.000000,0.194291,-0.132967,-0.111237,-0.095055,0.311414,0.214712,-0.144365,-0.082422,-0.136841,-0.191341,0.003740,-0.016562,0.130900,0.872665,-0.130900,-0.785398,1.788963,-1.614430,-0.021817,-1.985312,-1.221731,1.047198,0.479966,-1.025381,0.879607,-0.214164,-0.569483,-0.676321,1.482639,0.525137,-0.437655,-0.749437,-0.706434,-0.482522,0.150798,-0.331129,0.855155,-0.138826,-0.587768,-0.697012,1.475926,0.479454,-0.260892,-0.795764,-0.823886,-0.360194,0.211480,-0.474064
1788293487.156628,0.001196,0.011538,-0.001595,0.391397,0.094796,0.011408,0.153647,-0.015474,-0.988005,0.000000,0.000000,0.000000,0.201032,-0.111339,-0.121240,-0.118306,0.339031,0.178251,-0.132030,-0.126502,-0.164714,-0.146903,0.022882,-0.059179,0.109083,1.003564,-0.458149,-1.090831,1.112648,-1.396264,0.916298,-2.225295,-1.330814,1.308997,0.763582,-1.461713,0.855155,-0.138826,-0.587768,-0.697012,1.475926,0.479454,-0.260892,-0.795764,-0.823886,-0.360194,0.211480,-0.474064,0.794092,-0.087936,-0.555756,-0.651058,1.428544,0.483689,-0.060917,-0.722014,-0.875125,-0.282010,0.217177,-0.571984
1788293487.176624,-0.002652,0.012448,-0.001134,0.302181,0.180417,-0.013093,0.150146,-0.010186,-0.988611,0.000000,0.000000,0.000000,0.205292,-0.087828,-0.131682,-0.139171,0.352803,0.151960,-0.108089,-0.162042,-0.192528,-0.112229,0.039743,-0.098418,0.218166,1.047198,-0.392699,-0.807215,0.283616,-1.047198,1.352630,-1.548980,-1.025381,1.047198,0.632682,-1.308997,0.794092,-0.087936,-0.555756,-0.651058,1.428544,0.483689,-0.060917,-0.722014,-0.875125,-0.282010,0.217177,-0.571984,0.753108,-0.115401,-0.536756,-0.566140,1.352076,0.570730,0.098307,-0.677158,-0.921896,-0.275338,0.219136,-0.617227
1788293487.196590,-0.006130,0.013056,-0.000102,0.137198,0.239006,0.030849,0.145316,-0.007333,-0.989358,0.000000,0.000000,0.000000,0.205780,-0.067550,-0.137886,-0.149231,0.353002,0.138185,-0.071775,-0.172866,-0.208727,-0.087301,0.047229,-0.126016,-0.065450,0.872665,-0.109083,-0.327249,-0.414516,-0.458149,2.007129,-0.152716,-0.610865,0.807215,0.261799,-0.741765,0.753108,-0.115401,-0.536756,-0.566140,1.352076,0.570730,0.098307,-0.677158,-0.921896,-0.275338,0.219136,-0.617227,0.759317,-0.201488,-0.556246,-0.448580,1.166870,0.709183,0.212229,-0.597854,-0.947146,-0.314323,0.205859,-0.582051
1788293487.216693,-0.009893,0.012734,0.002603,0.000711,0.309181,0.069065,0.139471,-0.007480,-0.990198,0.000000,0.000000,0.000000,0.200838,-0.055016,-0.138056,-0.149032,0.341630,0.138905,-0.031535,-0.169893,-0.221538,-0.077060,0.051620,-0.142420,-0.283616,0.523599,-0.000000,-0.087266,-1.243547,0.152716,1.941679,0.174533,-0.545416,0.479966,0.174533,-0.501782,0.759317,-0.201488,-0.556246,-0.448580,1.166870,0.709183,0.212229,-0.597854,-0.947146,-0.314323,0.205859,-0.582051,0.726627,-0.337905,-0.600995,-0.302051,0.956086,0.881523,0.271074,-0.440040,-0.932662,-0.364847,0.184670,-0.457429
1788293487.236910,-0.011660,0.011535,0.004485,-0.138972,0.382418,0.058013,0.132222,-0.010843,-0.991161,0.000000,0.000000,0.000000,0.198867,-0.050947,-0.137900,-0.142389,0.331374,0.147465,-0.011237,-0.164428,-0.225476,-0.077903,0.052637,-0.143527,-0.196350,0.130900,0.065450,0.632682,-0.807215,0.829032,1.985312,0.458149,-0.261800,-0.414516,0.021817,-0.043633,0.726627,-0.337905,-0.600995,-0.302051,0.956086,0.881523,0.271074,-0.440040,-0.932662,-0.364847,0.184670,-0.457429,0.621715,-0.531959,-0.737209,-0.063997,0.689181,1.080311,0.228075,-0.253464,-0.847772,-0.517690,0.104644,-0.174709
1788293487.256927,-0.012601,0.009173,0.005933,-0.291704,0.468837,0.033645,0.122696,-0.017202,-0.992295,0.000000,0.000000,0.000000,0.191482,-0.057602,-0.139645,-0.119760,0.279355,0.182759,0.033048,-0.141692,-0.229676,-0.087437,0.048631,-0.124825,-0.087267,-0.349066,-0.196350,0.938114,-2.530727,1.418080,1.221731,1.156281,-0.043633,-0.174533,-0.109083,0.676315,0.621715,-0.531959,-0.737209,-0.063997,0.689181,1.080311,0.228075,-0.253464,-0.847772,-0.517690,0.104644,-0.174709,0.522848,-0.759611,-0.762319,0.139202,0.558198,1.205700,0.105930,0.050204,-0.610195,-0.782063,-0.014830,0.117803
1788293487.276901,-0.013780,0.003704,0.007320,-0.477060,0.531422,0.022193,0.111861,-0.026834,-0.993362,0.000000,0.000000,0.000000,0.184143,-0.077125,-0.150816,-0.086776,0.230837,0.220297,0.047027,-0.109314,-0.213120,-0.114274,0.036364,-0.074630,-0.327249,-0.938115,-0.479966,1.374447,-2.639811,1.614430,0.349066,1.658063,1.374447,-0.741765,-0.589049,1.898046,0.522848,-0.759611,-0.762319,0.139202,0.558198,1.205700,0.105930,0.050204,-0.610195,-0.782063,-0.014830,0.117803,0.396102,-0.749976,-0.645751,0.244703,0.466532,1.273524,-0.025710,0.293072,-0.377395,-0.964454,-0.157462,0.215199
1788293487.296718,-0.014182,-0.003889,0.006950,-0.754428,0.547400,0.049757,0.100448,-0.041373,-0.994082,0.000000,0.000000,0.000000,0.172460,-0.108314,-0.163098,-0.050353,0.185936,0.259600,0.043681,-0.058740,-0.170354,-0.163874,0.013083,-0.009758,-0.632682,-1.439897,-0.610865,1.832596,-2.007129,1.636246,-0.458149,2.574361,2.138028,-1.679880,-0.829032,2.465278,0.396102,-0.749976,-0.645751,0.244703,0.466532,1.273524,-0.025710,0.293072,-0.377395,-0.964454,-0.157462,0.215199,0.361922,-0.605437,-0.495811,0.334829,0.416102,1.235095,-0.076351,0.402400,-0.232803,-0.989047,-0.272803,0.182222
1788293487.316786,-0.013989,-0.009892,0.006520,-0.564811,0.479224,0.067334,0.090636,-0.051705,-0.994541,0.000000,0.000000,0.000000,0.151950,-0.135923,-0.163336,-0.010669,0.153380,0.287907,0.024114,0.002177,-0.118687,-0.211249,-0.017817,0.030793,-0.872665,-1.156281,-0.065450,1.788963,-1.112648,0.981748,-1.178097,2.857977,2.116212,-1.418080,-1.156281,1.461714,0.361922,-0.605437,-0.495811,0.334829,0.416102,1.235095,-0.076351,0.402400,-0.232803,-0.989047,-0.272803,0.182222,0.468662,-0.487397,-0.377957,0.409027,0.419440,1.093870,-0.141072,0.397504,-0.208247,-1.024139,-0.375378,0.097614
1788293487.336592,-0.013491,-0.018040,0.007395,-0.249626,0.341272,0.041501,0.083760,-0.056160,-0.994902,0.000000,0.000000,0.000000,0.136223,-0.148157,-0.147848,0.023843,0.132532,0.298483,0.004768,0.051958,-0.079351,-0.230325,-0.049056,0.039588,-0.763582,-0.349066,0.872665,1.418080,-0.698132,0.283616,-0.829032,2.050762,1.156281,-0.632682,-1.112648,0.261800,0.468662,-0.487397,-0.377957,0.409027,0.419440,1.093870,-0.141072,0.397504,-0.208247,-1.024139,-0.375378,0.097614,0.578801,-0.444192,-0.358646,0.416444,0.505609,0.860806,-0.191519,0.290166,-0.228619,-1.078768,-0.462668,0.032653
1788293487.356739,-0.013487,-0.021372,0.009150,-0.021659,0.211576,0.026854,0.080016,-0.056315,-0.995202,0.000000,0.000000,0.000000,0.130562,-0.144303,-0.125448,0.050282,0.122114,0.290563,-0.011660,0.077134,-0.063687,-0.243933,-0.075599,0.029255,-0.327249,0.349066,0.894481,1.090831,-0.109083,-0.698132,-0.785398,0.785399,0.392699,-0.567232,-1.025381,-0.349066,0.578801,-0.444192,-0.358646,0.416444,0.505609,0.860806,-0.191519,0.290166,-0.228619,-1.078768,-0.462668,0.032653,0.640091,-0.380296,-0.397946,0.327244,0.670569,0.627743,-0.169722,0.089824,-0.284372,-1.007895,-0.498477,-0.031315
1788293487.376612,-0.013896,-0.023277,0.011335,0.073282,0.174957,0.032047,0.077219,-0.054140,-0.995543,0.000000,0.000000,0.000000,0.131282,-0.132749,-0.110171,0.066208,0.127721,0.261184,-0.027458,0.078814,-0.061985,-0.257440,-0.098372,0.016675,0.130900,0.567232,0.610865,0.610865,1.025381,-1.636246,-0.719948,-0.087266,0.065450,-0.545416,-0.829032,-0.414515,0.640091,-0.380296,-0.397946,0.327244,0.670569,0.627743,-0.169722,0.089824,-0.284372,-1.007895,-0.498477,-0.031315,0.657390,-0.247517,-0.450435,0.141217,0.892401,0.362732,-0.138136,-0.168605,-0.347798,-0.812798,-0.459438,-0.132757
1788293487.396615,-0.014553,-0.023386,0.012966,0.096718,0.127819,0.044431,0.074556,-0.052137,-0.995853,0.000000,0.000000,0.000000,0.136408,-0.120474,-0.104600,0.068899,0.148092,0.215326,-0.036634,0.055614,-0.070355,-0.251610,-0.113011,0.001098,0.196350,0.370883,0.261799,0.087266,1.854413,-2.203478,-0.349066,-1.374447,-0.501782,-0.000000,-0.632682,-0.567232,0.657390,-0.247517,-0.450435,0.141217,0.892401,0.362732,-0.138136,-0.168605,-0.347798,-0.812798,-0.459438,-0.132757,0.645420,-0.103019,-0.534639,-0.147344,1.107859,0.070840,-0.114956,-0.421853,-0.434757,-0.514503,-0.297721,-0.301386
1788293487.417212,-0.016188,-0.021977,0.013632,0.109901,0.091068,0.040436,0.072466,-0.049541,-0.996140,0.000000,0.000000,0.000000,0.144126,-0.105729,-0.106814,0.058048,0.183465,0.160683,-0.037725,0.013860,-0.083682,-0.221167,-0.112490,-0.020132,0.152716,0.589049,-0.000000,-0.676315,2.399828,-2.334378,0.000000,-2.225295,-0.632682,0.850848,0.021817,-0.807215,0.645420,-0.103019,-0.534639,-0.147344,1.107859,0.070840,-0.114956,-0.421853,-0.434757,-0.514503,-0.297721,-0.301386,0.598850,-0.037161,-0.642648,-0.294369,1.153838,-0.078259,-0.044703,-0.537608,-0.561209,-0.335679,-0.151559,-0.492071
1788293487.436703,-0.016816,-0.021199,0.013287,0.078476,-0.004540,0.034444,0.072493,-0.047782,-0.996224,0.000000,0.000000,0.000000,0.148487,-0.085322,-0.114210,0.029608,0.226965,0.098607,-0.035663,-0.036670,-0.101986,-0.164073,-0.088907,-0.055445,0.109083,0.981748,-0.152716,-1.069014,2.028945,-2.857977,-0.021817,-2.661628,-0.872665,2.116212,0.938114,-1.396263,0.598850,-0.037161,-0.642648,-0.294369,1.153838,-0.078259,-0.044703,-0.537608,-0.561209,-0.335679,-0.151559,-0.492071,0.534648,0.026037,-0.620012,-0.337801,1.127438,-0.097449,0.069566,-0.482183,-0.689529,-0.255799,-0.065497,-0.597521
1788293487.456813,-0.017848,-0.016071,0.008002,0.056371,-0.071385,0.016068,0.073550,-0.047606,-0.996155,0.000000,0.000000,0.000000,0.150229,-0.063503,-0.127368,-0.004590,0.258384,0.044128,-0.027616,-0.084653,-0.128218,-0.113300,-0.058268,-0.100480,0.000000,1.025381,-0.589049,-1.418080,1.112648,-2.290745,0.523599,-2.072579,-1.352630,1.548980,1.265364,-1.548980,0.534648,0.026037,-0.620012,-0.337801,1.127438,-0.097449,0.069566,-0.482183,-0.689529,-0.255799,-0.065497,-0.597521,0.492798,0.042492,-0.556850,-0.317048,1.144431,-0.014132,0.205419,-0.399395,-0.728508,-0.215593,-0.036293,-0.656498
1788293487.476608,-0.017183,-0.013324,0.005044,-0.058278,-0.088296,0.011807,0.074807,-0.048684,-0.996009,0.000000,0.000000,0.000000,0.149267,-0.039600,-0.138413,-0.035057,0.273846,0.010648,-0.012249,-0.106567,-0.157583,-0.083472,-0.033296,-0.131885,-0.021817,1.112647,-0.479966,-1.308997,0.436332,-1.178097,0.829032,-0.676315,-0.938115,0.959931,0.894481,-0.894481,0.492798,0.042492,-0.556850,-0.317048,1.144431,-0.014132,0.205419,-0.399395,-0.728508,-0.215593,-0.036293,-0.656498,0.555301,-0.021600,-0.538916,-0.254351,1.109492,0.187931,0.290577,-0.375172,-0.759617,-0.257740,-0.025799,-0.665112
1788293487.496665,-0.014503,-0.009254,0.002650,-0.085442,-0.066192,0.038705,0.075284,-0.049523,-0.995932,0.000000,0.000000,0.000000,0.145487,-0.021331,-0.141833,-0.052325,0.279175,0.001684,0.013108,-0.104675,-0.173299,-0.065947,-0.020321,-0.152483,-0.261799,0.654499,-0.065450,-0.632682,0.087267,-0.109083,1.418080,0.349066,-0.676315,0.632682,0.458149,-0.567232,0.555301,-0.021600,-0.538916,-0.254351,1.109492,0.187931,0.290577,-0.375172,-0.759617,-0.257740,-0.025799,-0.665112,0.639187,-0.129484,-0.558073,-0.161676,0.984138,0.422194,0.369529,-0.298664,-0.739816,-0.300486,-0.044387,-0.614805
1788293487.516645,-0.013079,-0.007841,0.002817,-0.069463,-0.030239,0.055083,0.075563,-0.051488,-0.995811,0.000000,0.000000,0.000000,0.142359,-0.013742,-0.140153,-0.056952,0.276598,0.018216,0.039157,-0.097156,-0.183237,-0.067794,-0.012668,-0.160574,-0.152716,0.283616,0.174533,-0.218166,-0.741765,1.069014,1.156281,0.283616,-0.239983,0.021817,0.239983,-0.349066,0.639187,-0.129484,-0.558073,-0.161676,0.984138,0.422194,0.369529,-0.298664,-0.739816,-0.300486,-0.044387,-0.614805,0.667064,-0.264522,-0.607448,-0.059858,0.845694,0.688034,0.378292,-0.190133,-0.710177,-0.352048,-0.063603,-0.503348
1788293487.536694,-0.008562,-0.004398,0.004961,-0.064137,0.015168,0.025656,0.075043,-0.053300,-0.995755,0.000000,0.000000,0.000000,0.143423,-0.015405,-0.138664,-0.053751,0.261782,0.053608,0.061472,-0.089019,-0.182882,-0.072801,-0.013658,-0.156260,0.000000,-0.174533,-0.000000,0.218166,-1.243547,1.810779,1.025381,0.610865,-0.109083,-0.065450,-0.021817,0.065450,0.667064,-0.264522,-0.607448,-0.059858,0.845694,0.688034,0.378292,-0.190133,-0.710177,-0.352048,-0.063603,-0.503348,0.628191,-0.425535,-0.670418,0.056362,0.710670,0.904334,0.308585,-0.076731,-0.641054,-0.444914,-0.087933,-0.338224
1788293487.556581,-0.005516,-0.003111,0.006298,-0.119530,0.058311,0.000222,0.073101,-0.057356,-0.995674,0.000000,0.000000,0.000000,0.147680,-0.027334,-0.141290,-0.043497,0.239687,0.104432,0.077319,-0.072757,-0.179266,-0.082392,-0.015382,-0.137767,0.283616,-0.545415,-0.196350,0.392699,-1.221731,2.399828,0.589049,1.090831,0.000000,-0.174533,-0.087267,0.589049,0.628191,-0.425535,-0.670418,0.056362,0.710670,0.904334,0.308585,-0.076731,-0.641054,-0.444914,-0.087933,-0.338224,0.596190,-0.604952,-0.692179,0.165775,0.600659,1.089136,0.156948,0.069188,-0.514810,-0.644568,-0.142281,-0.106934
1788293487.576492,-0.000919,-0.002270,0.005647,-0.131914,0.007844,-0.028273,0.072499,-0.060591,-0.995526,0.000000,0.000000,0.000000,0.150627,-0.046410,-0.148397,-0.025984,0.210881,0.157378,0.080848,-0.052724,-0.165061,-0.099471,-0.018289,-0.105460,0.021817,-1.112648,-0.349066,0.872665,-1.636246,2.247112,0.130900,0.959931,1.003564,-0.632682,-0.283616,1.352630,0.596190,-0.604952,-0.692179,0.165775,0.600659,1.089136,0.156948,0.069188,-0.514810,-0.644568,-0.142281,-0.106934,0.560098,-0.698317,-0.618739,0.202483,0.527962,1.218525,-0.013760,0.187825,-0.373022,-0.853212,-0.207588,0.040598
1788293487.596462,0.001983,-0.002054,0.003211,-0.217135,-0.015858,-0.008566,0.072525,-0.064995,-0.995247,0.000000,0.000000,0.000000,0.150461,-0.074940,-0.154186,-0.003357,0.183367,0.210368,0.067657,-0.023449,-0.138401,-0.137945,-0.027954,-0.055383,-0.043633,-1.265364,-0.327249,0.894481,-1.308997,2.159845,-1.025381,1.548980,1.592613,-1.221731,-0.414516,1.745329,0.560098,-0.698317,-0.618739,0.202483,0.527962,1.218525,-0.013760,0.187825,-0.373022,-0.853212,-0.207588,0.040598,0.561833,-0.646065,-0.475938,0.224098,0.487538,1.286641,-0.160589,0.258690,-0.287386,-0.949104,-0.254661,0.084536
1788293487.616478,0.005989,-0.001756,-0.001787,-0.081980,-0.102144,0.016867,0.074528,-0.066555,-0.994995,0.000000,0.000000,0.000000,0.147854,-0.105372,-0.152975,0.016190,0.159734,0.255646,0.040455,0.008613,-0.107399,-0.183913,-0.041821,-0.013494,-0.087267,-1.439897,-0.000000,0.807215,-1.025381,1.854413,-1.483530,1.658063,1.308997,-1.396264,-0.479966,1.418080,0.561833,-0.646065,-0.475938,0.224098,0.487538,1.286641,-0.160589,0.258690,-0.287386,-0.949104,-0.254661,0.084536,0.610718,-0.579610,-0.371374,0.205439,0.511444,1.228443,-0.276275,0.249939,-0.263409,-1.032524,-0.277678,0.060817
1788293487.636469,0.009142,-0.000049,-0.004603,0.074614,-0.235436,0.005416,0.079242,-0.065075,-0.994729,0.000000,0.000000,0.000000,0.146924,-0.118039,-0.146313,0.025752,0.149898,0.273394,0.022350,0.023858,-0.092299,-0.202383,-0.048750,-0.000369,-0.196350,-1.178097,0.916298,0.916298,-0.959931,1.658063,-1.810779,1.265364,1.221731,-2.050762,-0.850848,1.265364,0.610718,-0.579610,-0.371374,0.205439,0.511444,1.228443,-0.276275,0.249939,-0.263409,-1.032524,-0.277678,0.060817,0.647139,-0.548373,-0.338372,0.181333,0.559307,1.115979,-0.281437,0.162199,-0.254869,-1.025747,-0.296000,0.040995
1788293487.656503,0.010436,0.002382,-0.004329,0.298985,-0.370059,-0.008832,0.086851,-0.059040,-0.994470,0.000000,0.000000,0.000000,0.147453,-0.137947,-0.123466,0.038040,0.137296,0.299227,-0.026476,0.048980,-0.074287,-0.239087,-0.062689,0.011586,0.065450,-0.327249,0.785398,0.283616,-0.087267,0.218167,-1.592613,0.349066,0.436332,-0.829032,-0.414516,0.196350,0.647139,-0.548373,-0.338372,0.181333,0.559307,1.115979,-0.281437,0.162199,-0.254869,-1.025747,-0.296000,0.040995,0.708062,-0.516134,-0.335462,0.074594,0.747408,0.949559,-0.323530,0.019259,-0.326957,-1.050417,-0.277057,-0.018075
1788293487.676512,0.010946,0.003940,-0.003869,0.474488,-0.438768,0.018465,0.095901,-0.048568,-0.994205,0.000000,0.000000,0.000000,0.150963,-0.138896,-0.109075,0.041015,0.141381,0.291300,-0.049315,0.046479,-0.070578,-0.247467,-0.069013,0.010310,0.087266,0.087266,0.545415,0.065450,1.047198,-0.676315,-0.872665,-0.392699,-0.065450,-0.305433,-0.239983,-0.021817,0.708062,-0.516134,-0.335462,0.074594,0.747408,0.949559,-0.323530,0.019259,-0.326957,-1.050417,-0.277057,-0.018075,0.728224,-0.402555,-0.373991,-0.129452,0.967182,0.738051,-0.346328,-0.189788,-0.401577,-0.924519,-0.208365,-0.092809
1788293487.696502,0.010968,0.009560,-0.001962,0.383141,-0.431045,0.029118,0.104782,-0.040248,-0.993680,0.000000,0.000000,0.000000,0.155656,-0.134881,-0.102028,0.037096,0.163640,0.270165,-0.062389,0.029549,-0.081004,-0.254435,-0.068320,0.000659,0.152716,0.218166,0.196350,-0.130900,1.941679,-1.134464,-0.567232,-1.069014,-0.523599,-0.218167,0.130900,-0.239983,0.728224,-0.402555,-0.373991,-0.129452,0.967182,0.738051,-0.346328,-0.189788,-0.401577,-0.924519,-0.208365,-0.092809,0.770119,-0.252905,-0.465057,-0.373133,1.215372,0.501597,-0.316018,-0.471684,-0.480465,-0.656308,-0.098199,-0.228500
1788293487.716461,0.010624,0.014902,-0.001555,0.430679,-0.453815,0.053352,0.113900,-0.031181,-0.993003,0.000000,0.000000,0.000000,0.160358,-0.126381,-0.101993,0.019100,0.200324,0.234050,-0.074407,-0.002453,-0.095646,-0.238686,-0.058505,-0.014136,0.043633,0.305433,0.174533,-0.829032,2.639811,-1.636246,-0.545416,-1.745329,-0.698132,0.283616,0.414516,-0.523599,0.770119,-0.252905,-0.465057,-0.373133,1.215372,0.501597,-0.316018,-0.471684,-0.480465,-0.656308,-0.098199,-0.228500,0.820147,-0.167087,-0.585459,-0.520814,1.358867,0.347073,-0.236749,-0.654122,-0.592216,-0.443856,0.006979,-0.408135
1788293487.736665,0.010373,0.019120,-0.003065,0.371024,-0.458342,0.040303,0.123123,-0.022144,-0.992144,0.000000,0.000000,0.000000,0.163516,-0.121276,-0.105808,0.000158,0.224243,0.208353,-0.075869,-0.028658,-0.107628,-0.215890,-0.048740,-0.029590,0.589049,0.872665,-0.501782,-1.767146,2.028946,-2.639811,-0.174533,-2.312562,-0.959931,3.294309,1.461713,-1.679880,0.820147,-0.167087,-0.585459,-0.520814,1.358867,0.347073,-0.236749,-0.654122,-0.592216,-0.443856,0.006979,-0.408135,0.754013,-0.064228,-0.601901,-0.575466,1.344491,0.180403,-0.053559,-0.603151,-0.740337,-0.336230,0.068024,-0.570647
1788293487.756762,0.010003,0.023622,-0.005401,0.413235,-0.445559,0.016468,0.131981,-0.013951,-0.991154,0.000000,0.000000,0.000000,0.170372,-0.104303,-0.114232,-0.037162,0.272693,0.162104,-0.074663,-0.078950,-0.128049,-0.162320,-0.026789,-0.065238,0.545415,1.069014,-0.807215,-2.247112,2.247112,-2.421644,0.349066,-2.356195,-1.308997,3.403393,1.592613,-2.487094,0.754013,-0.064228,-0.601901,-0.575466,1.344491,0.180403,-0.053559,-0.603151,-0.740337,-0.336230,0.068024,-0.570647,0.643674,0.033411,-0.540155,-0.534053,1.347172,0.094650,0.103984,-0.484735,-0.817337,-0.250728,0.090791,-0.633201
1788293487.776621,0.009863,0.027552,-0.008215,0.313366,-0.415865,0.002087,0.140084,-0.006932,-0.990115,0.000000,0.000000,0.000000,0.178258,-0.082835,-0.126324,-0.074095,0.308055,0.120713,-0.062056,-0.118823,-0.158306,-0.119581,-0.005360,-0.106092,0.174533,1.396264,-0.698132,-1.788963,1.548980,-2.094395,1.047198,-1.374447,-1.701696,2.268928,1.178097,-2.748894,0.643674,0.033411,-0.540155,-0.534053,1.347172,0.094650,0.103984,-0.484735,-0.817337,-0.250728,0.090791,-0.633201,0.610476,0.040828,-0.487008,-0.465624,1.339475,0.156146,0.227444,-0.431064,-0.862126,-0.238872,0.111461,-0.641055
1788293487.796554,0.009909,0.029327,-0.009828,0.169556,-0.381776,0.059611,0.147772,-0.002726,-0.989018,0.000000,0.000000,0.000000,0.182068,-0.049101,-0.137011,-0.105773,0.327161,0.067862,-0.021848,-0.129791,-0.192582,-0.079179,0.013468,-0.145313,-0.021817,1.047198,-0.087267,-0.567232,0.196350,-1.352630,1.636246,0.392699,-0.829032,0.807215,0.370883,-0.698132,0.610476,0.040828,-0.487008,-0.465624,1.339475,0.156146,0.227444,-0.431064,-0.862126,-0.238872,0.111461,-0.641055,0.692729,-0.137220,-0.578099,-0.384183,1.159484,0.390478,0.302128,-0.424282,-0.881691,-0.329338,0.097212,-0.557998
1788293487.816497,0.011355,0.031231,-0.008916,0.062630,-0.279378,0.073459,0.153594,-0.001692,-0.988133,0.000000,0.000000,0.000000,0.176685,-0.030339,-0.136365,-0.108020,0.327286,0.052847,0.011496,-0.117064,-0.206351,-0.068238,0.020711,-0.153666,-0.349066,0.872665,0.065450,-0.021817,-0.698131,-0.392699,1.614430,0.610865,-0.436332,0.414516,0.196350,-0.283616,0.692729,-0.137220,-0.578099,-0.384183,1.159484,0.390478,0.302128,-0.424282,-0.881691,-0.329338,0.097212,-0.557998,0.728552,-0.341048,-0.672904,-0.252218,0.966027,0.672015,0.341742,-0.301433,-0.869114,-0.389058,0.085938,-0.396049
1788293487.836617,0.012455,0.030656,-0.006655,-0.154684,-0.117990,0.048958,0.156162,-0.005544,-0.987716,0.000000,0.000000,0.000000,0.173415,-0.026275,-0.138345,-0.102211,0.308829,0.067169,0.040076,-0.110006,-0.213226,-0.078375,0.020896,-0.143892,-0.130900,-0.043633,-0.130900,0.370883,-1.723512,0.894481,1.199914,0.414516,-0.283616,-0.109083,-0.043633,0.196350,0.728552,-0.341048,-0.672904,-0.252218,0.966027,0.672015,0.341742,-0.301433,-0.869114,-0.389058,0.085938,-0.396049,0.652656,-0.560915,-0.783743,-0.086699,0.823672,0.909855,0.298071,-0.158022,-0.804942,-0.509676,0.050826,-0.154621
1788293487.856496,0.013694,0.027691,-0.001908,-0.401160,0.084277,0.024990,0.154406,-0.013859,-0.987910,0.000000,0.000000,0.000000,0.172395,-0.035553,-0.148735,-0.088611,0.277432,0.108277,0.060335,-0.097568,-0.213117,-0.090341,0.019844,-0.114860,0.043633,-0.458149,-0.523599,0.501782,-2.028945,2.094395,0.894481,1.025381,-0.065450,-0.283616,-0.130900,1.003564,0.652656,-0.560915,-0.783743,-0.086699,0.823672,0.909855,0.298071,-0.158022,-0.804942,-0.509676,0.050826,-0.154621,0.570064,-0.757470,-0.815155,0.070001,0.726410,1.081725,0.167805,0.042837,-0.621971,-0.741903,-0.032747,0.140652
1788293487.876493,0.014456,0.022871,0.000351,-0.648967,0.208247,0.022859,0.150097,-0.026986,-0.988303,0.000000,0.000000,0.000000,0.171075,-0.062333,-0.165746,-0.067498,0.242152,0.161755,0.069127,-0.074347,-0.200753,-0.113409,0.016241,-0.066400,-0.021817,-1.352630,-0.829032,1.069014,-1.941679,2.378011,0.218166,1.483530,1.221731,-0.523599,-0.152716,1.636246,0.570064,-0.757470,-0.815155,0.070001,0.726410,1.081725,0.167805,0.042837,-0.621971,-0.741903,-0.032747,0.140652,0.459060,-0.797455,-0.717498,0.146997,0.651231,1.199445,0.016331,0.245117,-0.412268,-0.924924,-0.152660,0.278552
1788293487.896520,0.015149,0.016869,0.000772,-0.727663,0.247262,0.055882,0.144984,-0.039317,-0.988653,0.000000,0.000000,0.000000,0.165106,-0.100299,-0.180942,-0.039786,0.212372,0.213452,0.062056,-0.039116,-0.167212,-0.157318,0.002704,-0.002349,-0.283616,-1.658063,-0.610865,1.287180,-1.243547,2.050762,-0.719948,1.898046,1.985312,-1.439897,-0.523599,2.312562,0.459060,-0.797455,-0.717498,0.146997,0.651231,1.199445,0.016331,0.245117,-0.412268,-0.924924,-0.152660,0.278552,0.416146,-0.684761,-0.559316,0.210855,0.575153,1.231070,-0.073128,0.328748,-0.260027,-0.968563,-0.258027,0.269138
1788293487.916496,0.015671,0.010738,-0.000334,-0.549764,0.222894,0.060676,0.140625,-0.048778,-0.988861,0.000000,0.000000,0.000000,0.158762,-0.118186,-0.180260,-0.025138,0.197714,0.236553,0.050092,-0.014196,-0.139006,-0.184090,-0.008823,0.025164,-0.981748,-1.898046,0.218166,1.461713,-1.330813,2.159845,-1.134464,2.050762,2.378011,-2.945244,-1.614430,2.705261,0.416146,-0.684761,-0.559316,0.210855,0.575153,1.231070,-0.073128,0.328748,-0.260027,-0.968563,-0.258027,0.269138,0.440858,-0.559233,-0.416347,0.257453,0.470635,1.166932,-0.064177,0.287219,-0.187472,-0.948589,-0.309802,0.184303
1788293487.936529,0.015985,0.001794,-0.004316,-0.333249,0.154584,0.035509,0.137591,-0.054838,-0.988970,0.000000,0.000000,0.000000,0.140837,-0.152324,-0.166524,0.011036,0.168862,0.279309,0.014523,0.043825,-0.084192,-0.224052,-0.047780,0.057099,-0.392699,-0.698132,0.741765,0.959931,-1.047197,1.047198,-1.178097,1.592613,1.330814,-0.676315,-1.003564,0.414516,0.440858,-0.559233,-0.416347,0.257453,0.470635,1.166932,-0.064177,0.287219,-0.187472,-0.948589,-0.309802,0.184303,0.559966,-0.525570,-0.365756,0.248920,0.586280,0.971438,-0.160272,0.186963,-0.214035,-1.060797,-0.400341,0.110619
1788293487.956554,0.015192,-0.004994,-0.006858,-0.049756,0.093598,0.023791,0.136054,-0.055437,-0.989149,0.000000,0.000000,0.000000,0.136158,-0.155163,-0.142004,0.027513,0.150179,0.287528,-0.001861,0.060417,-0.061342,-0.228277,-0.065686,0.049195,-0.239983,0.109083,1.047198,0.501782,-0.501782,0.218166,-0.567232,0.414516,0.392699,-0.152717,-0.610865,-0.196349,0.559966,-0.525570,-0.365756,0.248920,0.586280,0.971438,-0.160272,0.186963,-0.214035,-1.060797,-0.400341,0.110619,0.620690,-0.433482,-0.382323,0.131981,0.765682,0.714947,-0.204270,0.006530,-0.264622,-1.003839,-0.415693,0.027830
1788293487.976460,0.013536,-0.008210,-0.006020,-0.027119,0.101321,0.046162,0.135078,-0.054583,-0.989330,0.000000,0.000000,0.000000,0.138394,-0.149038,-0.120605,0.036960,0.149628,0.274561,-0.013678,0.056373,-0.058353,-0.249013,-0.084595,0.035252,0.087267,0.218166,0.916298,0.305433,0.850848,-1.003564,-0.763582,-0.610865,0.043634,-0.850848,-0.741765,-0.392699,0.620690,-0.433482,-0.382323,0.131981,0.765682,0.714947,-0.204270,0.006530,-0.264622,-1.003839,-0.415693,0.027830,0.650279,-0.276308,-0.438025,-0.062952,0.989535,0.411401,-0.191214,-0.275071,-0.333794,-0.755046,-0.371243,-0.072458
1788293487.996489,0.008083,-0.011329,-0.000854,0.143057,0.148060,0.056681,0.132211,-0.051660,-0.989874,0.000000,0.000000,0.000000,0.140387,-0.144050,-0.115219,0.036147,0.157850,0.253549,-0.022786,0.043234,-0.063668,-0.249084,-0.090630,0.025189,0.458149,0.894481,0.479966,-0.152716,0.523599,-1.919863,-0.829032,-0.894481,-0.501782,0.349066,-0.545416,-1.047197,0.650279,-0.276308,-0.438025,-0.062952,0.989535,0.411401,-0.191214,-0.275071,-0.333794,-0.755046,-0.371243,-0.072458,0.681746,-0.116327,-0.540141,-0.316656,1.237222,0.128402,-0.210350,-0.503242,-0.450375,-0.473083,-0.203692,-0.261698
1788293488.016484,0.003550,-0.012404,0.002770,0.145587,0.141668,0.018731,0.129418,-0.048745,-0.990391,0.000000,0.000000,0.000000,0.146221,-0.120725,-0.109429,0.023764,0.207109,0.177215,-0.040801,-0.009036,-0.080025,-0.210139,-0.092362,-0.004817,0.043633,0.632682,-0.043633,-0.741765,2.465278,-2.596178,-0.349066,-2.225295,-0.916298,1.221731,0.087267,-0.763581,0.681746,-0.116327,-0.540141,-0.316656,1.237222,0.128402,-0.210350,-0.503242,-0.450375,-0.473083,-0.203692,-0.261698,0.597434,-0.050206,-0.652564,-0.406938,1.244684,-0.034793,-0.139098,-0.627095,-0.605728,-0.332027,-0.062014,-0.459568
1788293488.036487,-0.001507,-0.012452,0.005234,0.156639,0.146728,0.008478,0.126465,-0.045573,-0.990924,0.000000,0.000000,0.000000,0.148672,-0.110092,-0.115754,0.006698,0.230985,0.142276,-0.042315,-0.037409,-0.096156,-0.180392,-0.079967,-0.027692,0.458149,1.483530,-0.567232,-1.636246,2.050762,-3.490659,-0.283616,-2.443461,-1.374447,3.926991,2.007129,-2.421644,0.597434,-0.050206,-0.652564,-0.406938,1.244684,-0.034793,-0.139098,-0.627095,-0.605728,-0.332027,-0.062014,-0.459568,0.480415,0.083260,-0.572551,-0.375320,1.171312,-0.144164,0.085932,-0.486041,-0.735883,-0.250546,0.014689,-0.615075
1788293488.056576,-0.006145,-0.012001,0.005564,0.169822,0.149524,-0.007767,0.123698,-0.042567,-0.991407,0.000000,0.000000,0.000000,0.150276,-0.068567,-0.135159,-0.037879,0.282949,0.057758,-0.042211,-0.108329,-0.137430,-0.108929,-0.035701,-0.091126,0.130900,1.221731,-0.523599,-1.461713,0.785398,-2.443461,0.196350,-2.072579,-1.614430,1.287181,1.156281,-1.483530,0.480415,0.083260,-0.572551,-0.375320,1.171312,-0.144164,0.085932,-0.486041,-0.735883,-0.250546,0.014689,-0.615075,0.427910,0.083404,-0.526969,-0.325807,1.174365,-0.021677,0.206791,-0.454547,-0.782148,-0.223976,0.039615,-0.666067
1788293488.076594,-0.011393,-0.010610,0.002924,0.030539,0.167101,0.005682,0.119713,-0.041078,-0.991958,0.000000,0.000000,0.000000,0.147339,-0.039286,-0.142381,-0.061433,0.291733,0.014428,-0.021046,-0.121771,-0.168120,-0.080723,-0.013432,-0.132251,-0.021817,1.308997,-0.261799,-0.938115,0.021817,-1.723513,1.374447,-0.305433,-1.069014,0.850848,0.916298,-1.134464,0.427910,0.083404,-0.526969,-0.325807,1.174365,-0.021677,0.206791,-0.454547,-0.782148,-0.223976,0.039615,-0.666067,0.491678,0.009845,-0.518276,-0.216620,1.045930,0.186572,0.366605,-0.414559,-0.799350,-0.259795,0.033046,-0.676027
1788293488.096535,-0.013216,-0.009114,0.000574,0.016823,0.265239,0.060676,0.113886,-0.040974,-0.992649,0.000000,0.000000,0.000000,0.141072,-0.017631,-0.143815,-0.071349,0.289745,0.001002,0.010446,-0.116300,-0.186356,-0.066722,0.000320,-0.153421,-0.239983,0.938115,-0.000000,-0.261800,-0.567232,-0.152717,1.614430,0.458149,-0.654499,0.523599,0.567232,-0.632682,0.491678,0.009845,-0.518276,-0.216620,1.045930,0.186572,0.366605,-0.414559,-0.799350,-0.259795,0.033046,-0.676027,0.579513,-0.105724,-0.561777,-0.068883,0.848603,0.473653,0.482475,-0.291338,-0.779624,-0.306309,-0.003590,-0.622680
1788293488.116529,-0.015026,-0.007901,0.000071,-0.014336,0.392671,0.070530,0.106288,-0.041917,-0.993451,0.000000,0.000000,0.000000,0.138577,-0.011162,-0.141511,-0.069317,0.285761,0.009492,0.028941,-0.111678,-0.191276,-0.067112,0.003582,-0.158779,-0.239983,0.392699,0.174533,0.283616,-0.305433,0.916298,1.810779,0.239983,-0.327249,-0.349066,0.087267,-0.589049,0.579513,-0.105724,-0.561777,-0.068883,0.848603,0.473653,0.482475,-0.291338,-0.779624,-0.306309,-0.003590,-0.622680,0.548838,-0.249920,-0.657724,0.132905,0.592354,0.749072,0.498294,-0.126059,-0.730699,-0.375133,-0.059914,-0.461219
1788293488.136640,-0.016396,-0.008286,0.004792,-0.062539,0.484017,0.036308,0.096274,-0.045280,-0.994324,0.000000,0.000000,0.000000,0.134530,-0.010949,-0.137791,-0.055224,0.244656,0.058781,0.077638,-0.094530,-0.193054,-0.074371,0.000462,-0.158210,0.065450,-0.130900,-0.000000,0.719948,-2.508911,2.072578,1.548980,0.894481,0.000000,-0.130900,-0.065450,0.065450,0.548838,-0.249920,-0.657724,0.132905,0.592354,0.749072,0.498294,-0.126059,-0.730699,-0.375133,-0.059914,-0.461219,0.483896,-0.451321,-0.753081,0.365485,0.424700,0.928108,0.440616,0.089241,-0.587902,-0.527862,-0.135205,-0.256750
1788293488.156639,-0.017059,-0.009496,0.008676,-0.144032,0.523565,-0.013759,0.085543,-0.050258,-0.995066,0.000000,0.000000,0.000000,0.134581,-0.023508,-0.144260,-0.029687,0.199135,0.115403,0.100470,-0.069193,-0.185255,-0.086381,-0.007724,-0.131040,-0.021817,-0.545415,-0.501782,1.308997,-2.639811,2.639811,0.916298,1.592613,0.589049,-0.239983,-0.327249,0.894481,0.483896,-0.451321,-0.753081,0.365485,0.424700,0.928108,0.440616,0.089241,-0.587902,-0.527862,-0.135205,-0.256750,0.455557,-0.602494,-0.737350,0.488688,0.312782,1.042399,0.284205,0.305680,-0.431718,-0.771847,-0.235341,-0.066747
1788293488.176651,-0.017376,-0.011568,0.011348,-0.236044,0.511581,0.007946,0.074744,-0.054195,-0.995729,0.000000,0.000000,0.000000,0.133660,-0.045520,-0.157251,0.009924,0.152936,0.171275,0.107244,-0.030910,-0.157163,-0.114268,-0.022843,-0.088353,-0.130900,-0.938115,-0.567232,1.788963,-2.268928,2.334378,0.065450,2.028945,1.461713,-0.698132,-0.676315,1.418080,0.455557,-0.602494,-0.737350,0.488688,0.312782,1.042399,0.284205,0.305680,-0.431718,-0.771847,-0.235341,-0.066747,0.436794,-0.554111,-0.628643,0.533929,0.257832,1.107987,0.128049,0.440896,-0.310306,-0.906190,-0.340201,-0.020624
1788293488.196721,-0.017419,-0.015142,0.011733,-0.219000,0.447532,0.025256,0.065821,-0.058676,-0.996105,0.000000,0.000000,0.000000,0.128470,-0.075341,-0.165711,0.047975,0.116401,0.215086,0.096690,0.015377,-0.123653,-0.162311,-0.043523,-0.042762,-0.305433,-1.352630,-0.370883,1.810779,-1.592613,1.570796,-0.829032,2.356195,1.461713,-1.636246,-0.807215,1.505347,0.436794,-0.554111,-0.628643,0.533929,0.257832,1.107987,0.128049,0.440896,-0.310306,-0.906190,-0.340201,-0.020624,0.501258,-0.463733,-0.503971,0.551348,0.249283,1.071656,0.004005,0.447301,-0.253092,-0.969653,-0.416053,-0.051355
1788293488.216516,-0.017505,-0.016939,0.010732,-0.031114,0.326758,0.008611,0.059282,-0.059153,-0.996487,0.000000,0.000000,0.000000,0.122871,-0.098049,-0.162749,0.081147,0.091792,0.243848,0.070439,0.061088,-0.093505,-0.201311,-0.068271,-0.018916,-0.109083,-1.047198,-0.000000,1.221731,-0.872665,1.112647,-1.461713,2.072579,0.916298,-1.199914,-1.003564,0.850848,0.501258,-0.463733,-0.503971,0.551348,0.249283,1.071656,0.004005,0.447301,-0.253092,-0.969653,-0.416053,-0.051355,0.587572,-0.415858,-0.415163,0.521233,0.322156,0.938496,-0.102904,0.355484,-0.263912,-1.045539,-0.472971,-0.101876
1788293488.237189,-0.017093,-0.017222,0.009468,0.227879,0.153918,-0.011362,0.056321,-0.054527,-0.996923,0.000000,0.000000,0.000000,0.122389,-0.106070,-0.155225,0.093345,0.083780,0.251413,0.054597,0.077153,-0.081293,-0.214489,-0.079665,-0.016794,0.000000,-0.501782,0.981748,1.243547,-0.829032,0.610865,-1.548980,1.439897,1.090831,-1.396264,-1.352630,0.043634,0.587572,-0.415858,-0.415163,0.521233,0.322156,0.938496,-0.102904,0.355484,-0.263912,-1.045539,-0.472971,-0.101876,0.639296,-0.404955,-0.411298,0.446182,0.455182,0.765195,-0.118009,0.184848,-0.279113,-1.030727,-0.490572,-0.112045
1788293488.257134,-0.017122,-0.015540,0.009032,0.338400,0.021559,0.016734,0.056131,-0.047386,-0.997298,0.000000,0.000000,0.000000,0.126681,-0.111458,-0.137870,0.108518,0.078926,0.253142,0.024771,0.090467,-0.072735,-0.235539,-0.097980,-0.019595,0.479966,-0.021817,0.959931,0.523599,-0.196350,-0.327249,-1.527163,0.152717,0.261800,-1.221731,-1.025381,-0.589049,0.639296,-0.404955,-0.411298,0.446182,0.455182,0.765195,-0.118009,0.184848,-0.279113,-1.030727,-0.490572,-0.112045,0.645640,-0.329750,-0.431259,0.241397,0.675919,0.590084,-0.102233,-0.056051,-0.324795,-0.910132,-0.472270,-0.167278
1788293488.277087,-0.017115,-0.012489,0.009466,0.355311,-0.054208,0.025922,0.057366,-0.039905,-0.997555,0.000000,0.000000,0.000000,0.135634,-0.106790,-0.118901,0.112814,0.095405,0.226572,-0.007665,0.074500,-0.072362,-0.251086,-0.114541,-0.023819,0.152716,0.087267,0.414516,0.065450,1.090831,-1.221731,-0.850848,-0.916298,0.130900,-0.305433,-0.392699,-0.174533,0.645640,-0.329750,-0.431259,0.241397,0.675919,0.590084,-0.102233,-0.056051,-0.324795,-0.910132,-0.472270,-0.167278,0.645229,-0.169110,-0.486770,-0.055711,0.950529,0.325834,-0.095699,-0.343780,-0.378389,-0.673327,-0.355338,-0.301064
1788293488.297096,-0.017063,-0.007735,0.010205,0.278479,-0.109069,0.069331,0.059589,-0.033186,-0.997671,0.000000,0.000000,0.000000,0.141170,-0.101017,-0.117188,0.098638,0.128436,0.192885,-0.017509,0.040842,-0.079987,-0.235765,-0.114759,-0.033817,0.261799,0.305433,0.130900,-0.610865,2.378011,-1.418080,-0.239983,-1.701696,-0.305433,0.414516,0.021817,-0.392699,0.645229,-0.169110,-0.486770,-0.055711,0.950529,0.325834,-0.095699,-0.343780,-0.378389,-0.673327,-0.355338,-0.301064,0.661315,-0.083271,-0.597183,-0.284988,1.122937,0.110480,-0.061914,-0.519103,-0.458556,-0.418068,-0.208413,-0.456086
1788293488.317046,-0.017099,-0.004188,0.009965,0.206840,-0.205076,0.074525,0.063890,-0.027265,-0.997584,0.000000,0.000000,0.000000,0.144511,-0.088911,-0.120253,0.065185,0.177313,0.147364,-0.021608,-0.010042,-0.090696,-0.193365,-0.099210,-0.059353,0.065450,0.567232,-0.000000,-1.461713,2.857977,-2.050762,-0.174533,-2.617994,-0.523599,1.396264,0.719948,-0.959931,0.661315,-0.083271,-0.597183,-0.284988,1.122937,0.110480,-0.061914,-0.519103,-0.458556,-0.418068,-0.208413,-0.456086,0.618367,-0.021828,-0.653812,-0.349111,1.116325,0.015909,-0.002423,-0.511412,-0.578897,-0.292266,-0.103204,-0.582719
1788293488.336843,-0.016798,-0.000202,0.008332,0.266095,-0.294425,0.042966,0.069469,-0.020919,-0.997365,0.000000,0.000000,0.000000,0.148615,-0.071362,-0.129179,0.019741,0.225653,0.095844,-0.021793,-0.065100,-0.107538,-0.137904,-0.071069,-0.094581,0.152716,0.807215,-0.370883,-1.985312,2.094395,-2.290745,-0.021817,-2.552544,-0.850848,1.876229,1.090831,-1.308997,0.618367,-0.021828,-0.653812,-0.349111,1.116325,0.015909,-0.002423,-0.511412,-0.578897,-0.292266,-0.103204,-0.582719,0.547365,0.016452,-0.609841,-0.374425,1.146489,0.020271,0.093256,-0.433852,-0.667284,-0.233029,-0.043071,-0.649332
1788293488.357111,-0.015959,0.003938,0.005463,0.246255,-0.334372,-0.019885,0.075611,-0.015420,-0.997018,0.000000,0.000000,0.000000,0.150396,-0.050375,-0.140014,-0.019971,0.254708,0.053286,-0.014842,-0.100200,-0.131946,-0.097650,-0.044133,-0.127696,0.152716,1.003564,-0.479966,-1.810779,1.003564,-1.767146,0.458149,-1.221731,-1.199914,1.221731,1.025381,-0.959931,0.547365,0.016452,-0.609841,-0.374425,1.146489,0.020271,0.093256,-0.433852,-0.667284,-0.233029,-0.043071,-0.649332,0.544553,-0.039253,-0.582623,-0.349007,1.204345,0.133486,0.188952,-0.424643,-0.694341,-0.244084,-0.011499,-0.674824
1788293488.376897,-0.012613,0.009507,-0.000425,0.041591,-0.333973,0.001288,0.081053,-0.013174,-0.996623,0.000000,0.000000,0.000000,0.150467,-0.030685,-0.147516,-0.050187,0.271277,0.029116,-0.001171,-0.106227,-0.154409,-0.073853,-0.025688,-0.149295,-0.043633,0.829032,-0.218166,-1.069014,0.698132,-0.719949,0.872665,-0.021817,-0.698132,0.807215,0.610865,-0.654499,0.544553,-0.039253,-0.582623,-0.349007,1.204345,0.133486,0.188952,-0.424643,-0.694341,-0.244084,-0.011499,-0.674824,0.666264,-0.135152,-0.591672,-0.306019,1.158065,0.317206,0.247019,-0.405051,-0.731748,-0.296975,-0.001790,-0.623508
1788293488.396696,-0.006942,0.013555,-0.004229,-0.095562,-0.270589,0.051755,0.086433,-0.014811,-0.996148,0.000000,0.000000,0.000000,0.146875,-0.022059,-0.148528,-0.064558,0.283350,0.030474,0.018698,-0.102490,-0.166067,-0.067357,-0.013206,-0.160849,-0.283616,0.327249,-0.000000,-0.589049,0.414516,0.392699,1.047198,0.196350,-0.436332,0.239983,0.545416,-0.327249,0.666264,-0.135152,-0.591672,-0.306019,1.158065,0.317206,0.247019,-0.405051,-0.731748,-0.296975,-0.001790,-0.623508,0.764484,-0.236257,-0.608076,-0.248070,1.068659,0.512838,0.273824,-0.340966,-0.742475,-0.340579,-0.012900,-0.542998
1788293488.416697,-0.002711,0.015022,-0.004330,-0.132181,-0.234104,0.051355,0.091440,-0.017878,-0.995650,0.000000,0.000000,0.000000,0.146777,-0.022798,-0.146485,-0.070539,0.283830,0.050891,0.037098,-0.101503,-0.175554,-0.072626,-0.006445,-0.157457,0.021817,-0.109083,0.065450,-0.305433,-0.545415,1.025381,0.785398,0.043633,-0.305433,-0.065450,0.370883,0.065450,0.764484,-0.236257,-0.608076,-0.248070,1.068659,0.512838,0.273824,-0.340966,-0.742475,-0.340579,-0.012900,-0.542998,0.774810,-0.363152,-0.640475,-0.205170,0.998226,0.695198,0.261567,-0.282754,-0.744251,-0.386532,-0.013469,-0.442896
1788293488.436923,0.001423,0.014943,-0.003071,-0.178520,-0.171786,0.012473,0.094683,-0.021616,-0.995273,0.000000,0.000000,0.000000,0.153559,-0.030920,-0.145994,-0.069854,0.273996,0.083753,0.051019,-0.094647,-0.181499,-0.080469,-0.005998,-0.144042,0.349066,-0.349066,-0.000000,-0.000000,-0.785398,1.614430,0.632682,0.632682,-0.218166,-0.109083,-0.043633,0.414516,0.774810,-0.363152,-0.640475,-0.205170,0.998226,0.695198,0.261567,-0.282754,-0.744251,-0.386532,-0.013469,-0.442896,0.732816,-0.501599,-0.688650,-0.143118,0.915717,0.854960,0.180955,-0.223295,-0.716901,-0.468476,-0.013049,-0.296477
1788293488.456705,0.006985,0.012915,-0.001354,-0.268801,-0.164596,0.004350,0.098097,-0.026080,-0.994835,0.000000,0.000000,0.000000,0.164170,-0.045842,-0.150363,-0.065428,0.262144,0.124002,0.057867,-0.085073,-0.183067,-0.090232,-0.005131,-0.123033,0.523599,-0.610865,-0.283616,0.174533,-0.698132,1.832596,0.218166,0.567232,-0.021817,-0.196350,-0.130900,0.741765,0.732816,-0.501599,-0.688650,-0.143118,0.915717,0.854960,0.180955,-0.223295,-0.716901,-0.468476,-0.013049,-0.296477,0.692171,-0.643104,-0.712312,-0.107815,0.880161,1.017149,0.048504,-0.145484,-0.631856,-0.607532,-0.048504,-0.086197
1788293488.476649,0.010696,0.010626,-0.001657,-0.438977,-0.164995,0.006214,0.101406,-0.034104,-0.994260,0.000000,0.000000,0.000000,0.169090,-0.068188,-0.158631,-0.057632,0.246619,0.164932,0.055838,-0.072498,-0.179708,-0.106521,-0.004086,-0.091868,0.196350,-1.047198,-0.327249,0.305433,-0.894481,1.810779,-0.305433,0.938115,0.130900,-0.349066,0.021817,0.959931,0.692171,-0.643104,-0.712312,-0.107815,0.880161,1.017149,0.048504,-0.145484,-0.631856,-0.607532,-0.048504,-0.086197,0.668700,-0.763892,-0.662623,-0.091181,0.864872,1.158315,-0.109709,-0.030465,-0.487728,-0.774296,-0.106469,0.103510
1788293488.496779,0.014402,0.007998,-0.003371,-0.480788,-0.170455,0.010875,0.104652,-0.042901,-0.993583,0.000000,0.000000,0.000000,0.168790,-0.094712,-0.164590,-0.049019,0.233428,0.205077,0.040531,-0.057139,-0.162451,-0.135090,-0.008248,-0.047515,-0.065450,-1.221731,-0.174533,0.370883,-0.610865,1.658063,-1.047198,1.003564,1.221731,-0.850848,-0.065450,1.461714,0.668700,-0.763892,-0.662623,-0.091181,0.864872,1.158315,-0.109709,-0.030465,-0.487728,-0.774296,-0.106469,0.103510,0.643080,-0.773495,-0.553885,-0.074190,0.849366,1.255461,-0.237931,0.049943,-0.357633,-0.888395,-0.187694,0.187687
1788293488.516699,0.019497,0.003775,-0.007328,-0.413677,-0.160468,0.003684,0.107805,-0.050793,-0.992874,0.000000,0.000000,0.000000,0.167058,-0.123842,-0.164102,-0.038662,0.225934,0.244413,0.015295,-0.036209,-0.134037,-0.171532,-0.018875,-0.000655,-0.043633,-1.221731,-0.174533,0.436332,-0.239983,1.658063,-1.418080,1.221731,1.418080,-0.981748,-0.349066,1.527164,0.643080,-0.773495,-0.553885,-0.074190,0.849366,1.255461,-0.237931,0.049943,-0.357633,-0.888395,-0.187694,0.187687,0.656462,-0.717160,-0.437901,-0.070139,0.860184,1.235429,-0.322738,0.058906,-0.298416,-0.945152,-0.218786,0.176521
1788293488.536743,0.022404,0.001202,-0.009454,-0.260012,-0.202546,-0.002174,0.111794,-0.055438,-0.992184,0.000000,0.000000,0.000000,0.166196,-0.146810,-0.155179,-0.029889,0.221606,0.276385,-0.015311,-0.013800,-0.103554,-0.201925,-0.035971,0.029378,0.000000,-0.981748,0.436332,0.327249,-0.021817,1.287180,-1.570796,1.090831,1.112648,-0.959931,-0.610865,1.003565,0.656462,-0.717160,-0.437901,-0.070139,0.860184,1.235429,-0.322738,0.058906,-0.298416,-0.945152,-0.218786,0.176521,0.703950,-0.648061,-0.376087,-0.109349,0.932466,1.110768,-0.377805,-0.021188,-0.295910,-0.951443,-0.236430,0.123422
1788293488.556704,0.024795,-0.001732,-0.009173,-0.076121,-0.276315,-0.000976,0.117504,-0.055971,-0.991494,0.000000,0.000000,0.000000,0.166984,-0.160715,-0.139637,-0.023426,0.221069,0.293015,-0.045023,0.000465,-0.086139,-0.220698,-0.047510,0.038399,0.000000,-0.501782,0.676315,0.152716,0.305433,0.436332,-1.352630,0.458149,0.501782,-0.589049,-0.523599,0.327250,0.703950,-0.648061,-0.376087,-0.109349,0.932466,1.110768,-0.377805,-0.021188,-0.295910,-0.951443,-0.236430,0.123422,0.765500,-0.553011,-0.369319,-0.245276,1.091067,0.922437,-0.426938,-0.195211,-0.352790,-0.878894,-0.192167,0.038367
1788293488.576686,0.025656,-0.002527,-0.007925,0.049447,-0.343161,0.008478,0.124704,-0.054470,-0.990698,0.000000,0.000000,0.000000,0.168585,-0.163647,-0.123348,-0.022368,0.228228,0.288720,-0.067600,0.000162,-0.080499,-0.228544,-0.053572,0.033507,0.021817,-0.087266,0.676315,0.087266,0.959931,-0.458149,-0.959931,-0.239983,0.065450,-0.327249,-0.370883,-0.087266,0.765500,-0.553011,-0.369319,-0.245276,1.091067,0.922437,-0.426938,-0.195211,-0.352790,-0.878894,-0.192167,0.038367,0.818435,-0.395173,-0.444244,-0.452513,1.290016,0.681847,-0.451557,-0.442850,-0.440336,-0.662074,-0.092373,-0.089963
1788293488.596694,0.025228,-0.002145,-0.006325,0.160501,-0.342894,0.006614,0.131580,-0.051282,-0.989978,0.000000,0.000000,0.000000,0.171367,-0.157759,-0.113471,-0.032763,0.247669,0.265488,-0.085236,-0.019189,-0.088623,-0.220998,-0.049659,0.018611,0.109083,0.152716,0.414516,-0.676315,1.658063,-1.156281,-0.741765,-1.178097,-0.589049,0.087267,0.130900,-0.501782,0.818435,-0.395173,-0.444244,-0.452513,1.290016,0.681847,-0.451557,-0.442850,-0.440336,-0.662074,-0.092373,-0.089963,0.858741,-0.261243,-0.573432,-0.618432,1.470951,0.485708,-0.392101,-0.661307,-0.573362,-0.436733,0.028970,-0.296575
1788293488.616722,0.022246,-0.000023,-0.004494,0.220555,-0.324518,-0.009765,0.138012,-0.046822,-0.989323,0.000000,0.000000,0.000000,0.177465,-0.142408,-0.112634,-0.055267,0.280408,0.226212,-0.096622,-0.056836,-0.105872,-0.185753,-0.034373,-0.007402,0.174533,0.741765,0.087266,-0.959931,2.181662,-1.767146,-0.479966,-2.116212,-1.090831,0.916298,0.479966,-0.850848,0.858741,-0.261243,-0.573432,-0.618432,1.470951,0.485708,-0.392101,-0.661307,-0.573362,-0.436733,0.028970,-0.296575,0.811074,-0.175011,-0.632414,-0.687727,1.500151,0.386413,-0.287393,-0.735999,-0.717476,-0.328784,0.116586,-0.434778
1788293488.636667,0.018164,0.002565,-0.004763,0.305377,-0.273386,-0.027341,0.143379,-0.040787,-0.988827,0.000000,0.000000,0.000000,0.187838,-0.121628,-0.121960,-0.085835,0.320294,0.181251,-0.099341,-0.104645,-0.132928,-0.137991,-0.010375,-0.050441,0.392699,0.959931,-0.370883,-1.265364,2.007129,-1.832596,-0.021817,-2.421645,-1.505347,1.548980,0.894481,-1.548980,0.811074,-0.175011,-0.632414,-0.687727,1.500151,0.386413,-0.287393,-0.735999,-0.717476,-0.328784,0.116586,-0.434778,0.733922,-0.108589,-0.593362,-0.691398,1.506957,0.368754,-0.149444,-0.678153,-0.820436,-0.264016,0.167579,-0.518787
1788293488.656671,0.015920,0.004471,-0.005797,0.306842,-0.215462,-0.039459,0.147562,-0.034886,-0.988437,0.000000,0.000000,0.000000,0.195507,-0.097594,-0.134974,-0.112806,0.347881,0.142753,-0.088921,-0.143091,-0.164322,-0.103829,0.012974,-0.088991,0.370883,1.134464,-0.523599,-1.090831,1.047198,-1.614430,0.763582,-1.723513,-1.287180,0.981748,0.872665,-1.243547,0.733922,-0.108589,-0.593362,-0.691398,1.506957,0.368754,-0.149444,-0.678153,-0.820436,-0.264016,0.167579,-0.518787,0.702398,-0.123570,-0.561789,-0.658490,1.471851,0.451525,-0.013531,-0.659604,-0.875765,-0.261291,0.179778,-0.558712
1788293488.676880,0.013521,0.006463,-0.006942,0.151446,-0.151013,0.004883,0.150135,-0.031302,-0.988170,0.000000,0.000000,0.000000,0.198935,-0.074741,-0.144650,-0.134039,0.359956,0.118670,-0.069656,-0.158409,-0.192021,-0.081677,0.029061,-0.114715,0.021817,1.003564,-0.370883,-0.850848,0.218166,-0.829031,1.025381,-0.327250,-1.069014,0.654499,0.654499,-0.610865,0.702398,-0.123570,-0.561789,-0.658490,1.471851,0.451525,-0.013531,-0.659604,-0.875765,-0.261291,0.179778,-0.558712,0.758504,-0.192617,-0.556292,-0.595384,1.359614,0.625237,0.064941,-0.609670,-0.898260,-0.298596,0.195322,-0.535387
1788293488.696660,0.010753,0.008511,-0.006941,0.066891,-0.051012,0.035376,0.150961,-0.029737,-0.988092,0.000000,0.000000,0.000000,0.195322,-0.060331,-0.146793,-0.143810,0.360134,0.114457,-0.043346,-0.159053,-0.208113,-0.073635,0.037240,-0.128528,-0.283616,0.676315,0.065450,-0.305433,-0.567232,-0.021817,1.418080,0.130900,-0.436332,0.196350,0.349066,-0.436332,0.758504,-0.192617,-0.556292,-0.595384,1.359614,0.625237,0.064941,-0.609670,-0.898260,-0.298596,0.195322,-0.535387,0.789469,-0.296693,-0.584260,-0.489335,1.172732,0.819817,0.138003,-0.511672,-0.887560,-0.344878,0.182460,-0.452949
1788293488.716753,0.009145,0.009013,-0.005403,0.034667,0.085875,0.038838,0.149501,-0.029485,-0.988322,0.000000,0.000000,0.000000,0.191640,-0.055376,-0.145495,-0.145866,0.346373,0.131179,-0.017798,-0.154550,-0.216073,-0.076569,0.044038,-0.129027,-0.174533,0.218166,0.043633,-0.109083,-1.439897,1.112647,1.156281,0.261799,-0.130900,-0.000000,0.414516,0.043633,0.789469,-0.296693,-0.584260,-0.489335,1.172732,0.819817,0.138003,-0.511672,-0.887560,-0.344878,0.182460,-0.452949,0.757705,-0.433082,-0.633223,-0.373703,1.012034,1.003362,0.143212,-0.389115,-0.844627,-0.417014,0.165845,-0.315122
1788293488.736849,0.007083,0.007914,-0.002024,0.013761,0.204252,0.004084,0.145493,-0.029882,-0.988908,0.000000,0.000000,0.000000,0.191329,-0.053544,-0.145102,-0.141167,0.334679,0.147602,-0.005693,-0.149609,-0.215255,-0.079174,0.045135,-0.122572,0.000000,0.043633,0.021817,0.523599,-0.959931,1.658063,1.243547,0.392699,0.174533,-0.676315,0.021817,0.763582,0.757705,-0.433082,-0.633223,-0.373703,1.012034,1.003362,0.143212,-0.389115,-0.844627,-0.417014,0.165845,-0.315122,0.676477,-0.600057,-0.722454,-0.182886,0.811476,1.167035,0.064992,-0.244464,-0.728208,-0.584071,0.095361,-0.066776
1788293488.756804,0.005516,0.006033,0.000025,-0.083844,0.296131,-0.000843,0.139462,-0.032072,-0.989708,0.000000,0.000000,0.000000,0.191943,-0.070236,-0.149485,-0.123155,0.285753,0.201017,0.019156,-0.125720,-0.210826,-0.096513,0.042533,-0.093199,0.000000,-0.589049,-0.261799,0.894481,-2.181662,1.767146,0.567232,1.112647,0.261799,-0.261799,-0.065450,0.741765,0.676477,-0.600057,-0.722454,-0.182886,0.811476,1.167035,0.064992,-0.244464,-0.728208,-0.584071,0.095361,-0.066776,0.603248,-0.766848,-0.688774,-0.055333,0.705670,1.275357,-0.085811,-0.007322,-0.534345,-0.836788,0.022077,0.158316
