timestamp,obs_0,obs_1,obs_2,obs_3,obs_4,obs_5,obs_6,obs_7,obs_8,obs_9,obs_10,obs_11,obs_12,obs_13,obs_14,obs_15,obs_16,obs_17,obs_18,obs_19,obs_20,obs_21,obs_22,obs_23,obs_24,obs_25,obs_26,obs_27,obs_28,obs_29,obs_30,obs_31,obs_32,obs_33,obs_34,obs_35,obs_36,obs_37,obs_38,obs_39,obs_40,obs_41,obs_42,obs_43,obs_44,obs_45,obs_46,obs_47,action_0,action_1,action_2,action_3,action_4,action_5,action_6,action_7,action_8,action_9,action_10,action_11
1788548284.692261,-0.000206,0.000176,-0.000458,0.014807,0.007658,0.006027,0.014807,0.007658,0.006027,0.000000,0.000000,0.000000,-0.024086,0.024260,-0.023213,0.024304,-0.181101,-0.180929,-0.181366,-0.181625,0.054783,0.054475,0.054224,0.054292,0.000000,0.000000,-0.000000,-0.000000,0.000000,0.065450,0.000000,-0.021817,0.000000,-0.000000,-0.043633,-0.021817,0.000000,0.000000,0.000000,0.000000,0.000000,0.000000,0.000000,0.000000,0.000000,0.000000,0.000000,0.000000,0.323191,-0.293702,-0.128807,0.077011,0.043806,0.046009,-0.004635,0.060103,-0.126143,-0.028735,-0.030199,-0.124895
1788548284.696432,-0.000376,0.000218,-0.000566,-0.001038,0.000334,-0.003960,-0.001038,0.000334,-0.003960,0.000000,0.000000,0.000000,-0.024086,0.024260,-0.023213,0.024304,-0.181366,-0.181235,-0.181366,-0.180659,0.054783,0.054475,0.055045,0.054739,0.000000,0.000000,-0.000000,-0.000000,0.000000,-0.000000,0.000000,0.196350,0.000000,-0.000000,0.000000,-0.000000,0.000000,0.000000,0.000000,0.000000,0.000000,0.000000,0.000000,0.000000,0.000000,0.000000,0.000000,0.000000,0.314742,-0.300573,-0.122876,0.072697,0.028275,0.064064,0.020663,0.044906,-0.129732,-0.025573,-0.027060,-0.124492
1788548284.709282,-0.000376,0.000218,-0.000566,-0.002104,-0.009386,-0.015678,-0.002104,-0.009386,-0.015678,0.000000,0.000000,0.000000,-0.024086,0.024260,-0.023387,0.024304,-0.181366,-0.181235,-0.181366,-0.180978,0.054783,0.054475,0.054718,0.054739,0.000000,0.000000,-0.000000,-0.000000,0.000000,-0.000000,0.000000,-0.130900,0.000000,-0.000000,0.087266,0.109083,0.000000,0.000000,0.000000,0.000000,0.000000,0.000000,0.000000,0.000000,0.000000,0.000000,0.000000,0.000000,0.325617,-0.291355,-0.127462,0.084229,0.057052,0.045398,-0.012170,0.064938,-0.129393,-0.020239,-0.031948,-0.120992
1788548284.729167,-0.000638,0.000401,-0.000216,0.003755,-0.005791,-0.000764,0.003755,-0.005791,-0.000764,0.000000,0.000000,0.000000,-0.005037,0.008274,-0.028752,0.026041,-0.167114,-0.159276,-0.152393,-0.164646,0.043705,0.037815,0.028756,0.037109,1.439897,-1.570796,-0.589049,0.392699,2.901610,3.796092,3.294309,2.792527,-2.443461,-2.770710,-2.748894,-3.185226,0.000000,0.000000,0.000000,0.000000,0.000000,0.000000,0.000000,0.000000,0.000000,0.000000,0.000000,0.000000,0.294285,-0.426687,-0.098228,-0.067990,0.217833,0.177810,0.051740,0.073154,0.070077,-0.406373,-0.325457,0.017663
1788548284.749047,-0.000712,0.000920,0.004475,0.153691,0.615524,0.017878,0.153691,0.615524,0.017878,0.000000,0.000000,0.000000,0.014260,-0.012891,-0.030371,0.026003,-0.094334,-0.083739,-0.084895,-0.092316,-0.006317,0.010291,0.007738,-0.007087,1.090831,-1.090831,-0.261799,0.065450,3.839725,2.923427,3.337943,3.905175,-0.981748,-0.523599,-0.327249,-0.807215,0.000000,0.000000,0.000000,0.000000,0.000000,0.000000,0.000000,0.000000,0.000000,0.000000,0.000000,0.000000,0.302870,-0.264831,-0.026654,0.024516,0.026906,0.017790,0.168963,-0.106825,0.055908,-0.320943,0.003732,-0.017528
1788548284.768908,-0.000061,0.001284,0.008163,-0.102105,0.434429,-0.077596,-0.102105,0.434429,-0.077596,0.000000,0.000000,0.000000,0.036889,-0.038495,-0.031940,0.014429,-0.033354,-0.028540,-0.034963,-0.033321,0.000329,-0.033902,-0.035977,-0.001204,1.025381,-1.090831,-0.000000,-0.479966,2.116212,2.378011,2.028946,2.181662,1.614429,-4.123341,-2.792527,1.112647,0.323191,-0.293702,-0.128807,0.077011,0.043806,0.046009,-0.004635,0.060103,-0.126143,-0.028735,-0.030199,-0.124895,0.244411,-0.436081,-0.002321,0.202794,-0.014818,0.437596,0.203548,-0.071701,-0.112361,-0.180195,-0.544635,-0.038016
1788548284.789054,0.000353,0.001449,0.008692,-0.034195,0.237356,0.065948,-0.034195,0.237356,0.065948,0.000000,0.000000,0.000000,0.050069,-0.047653,-0.025823,0.009054,0.000296,-0.008526,-0.011586,-0.014133,0.011943,-0.063869,-0.023680,0.001201,0.501782,-0.458149,0.349066,-0.305433,0.959931,0.218167,0.763582,0.458149,0.261799,-0.261800,1.745329,-0.152716,0.314742,-0.300573,-0.122876,0.072697,0.028275,0.064064,0.020663,0.044906,-0.129732,-0.025573,-0.027060,-0.124492,0.334848,-0.190796,0.083680,0.015268,0.050780,0.132503,0.195549,0.065586,-0.061738,-0.067289,-0.085129,0.006340
1788548284.808866,0.001130,0.002012,0.007085,0.222001,0.016979,-0.002229,0.222001,0.016979,-0.002229,0.000000,0.000000,0.000000,0.054585,-0.062829,-0.013502,0.017936,0.006696,0.026577,0.018586,-0.016048,-0.004793,-0.054707,-0.063714,-0.003849,0.392699,-0.610865,0.479966,0.218166,0.000000,2.552544,1.614430,-0.021817,-1.614430,1.047197,-4.516040,-0.370883,0.325617,-0.291355,-0.127462,0.084229,0.057052,0.045398,-0.012170,0.064938,-0.129393,-0.020239,-0.031948,-0.120992,0.157171,-0.174554,0.179256,0.101234,0.127689,0.279899,-0.005100,0.158251,0.130903,-0.243274,-0.352215,0.052494
1788548284.828996,0.001550,0.002295,0.003448,-0.311430,0.095010,0.019210,-0.311430,0.095010,0.019210,0.000000,0.000000,0.000000,0.062655,-0.061989,-0.005746,0.015228,0.006764,0.036386,0.032538,-0.010989,-0.013768,-0.034482,-0.060005,-0.001283,0.218166,0.000000,0.458149,0.349066,0.261799,-0.305433,0.021817,0.196350,0.000000,1.330813,3.010693,0.174533,0.294285,-0.426687,-0.098228,-0.067990,0.217833,0.177810,0.051740,0.073154,0.070077,-0.406373,-0.325457,0.017663,0.450818,0.061878,0.149250,-0.041330,0.200340,0.026821,0.129880,0.361749,-0.218206,-0.094952,0.019527,-0.279457
1788548284.848915,0.001550,0.002295,0.003448,0.216142,0.065315,-0.023135,0.216142,0.065315,-0.023135,0.000000,0.000000,0.000000,0.060871,-0.064234,0.011124,0.018110,0.010710,0.058205,0.029222,0.006017,0.006920,-0.042958,-0.066209,0.006025,-0.130900,0.196350,0.829032,-0.000000,0.021817,1.090831,-0.109083,0.654499,1.832596,-1.221731,-1.287180,0.327249,0.302870,-0.264831,-0.026654,0.024516,0.026906,0.017790,0.168963,-0.106825,0.055908,-0.320943,0.003732,-0.017528,0.344219,-0.269056,0.173240,-0.001089,0.000730,0.384996,0.113163,-0.070854,-0.193192,0.135306,-0.106412,-0.174155
1788548284.868889,0.002268,0.003538,-0.009452,-0.158298,-0.134022,0.002032,-0.158298,-0.134022,0.002032,0.000000,0.000000,0.000000,0.072177,-0.046933,0.024538,0.010605,0.026500,0.052855,0.019549,0.032980,-0.004056,-0.033239,-0.034174,-0.021826,0.239983,0.829032,0.676315,-0.436332,1.134464,-0.479966,-0.676315,1.352630,-2.945243,1.156280,2.530728,-3.185226,0.244411,-0.436081,-0.002321,0.202794,-0.014818,0.437596,0.203548,-0.071701,-0.112361,-0.180195,-0.544635,-0.038016,0.319562,0.181008,0.107795,-0.094319,0.240363,0.020121,0.212912,0.537948,-0.395670,-0.103080,0.048418,-0.659181
1788548284.888876,0.002419,0.004555,-0.004752,0.629598,-0.230961,-0.019539,0.629598,-0.230961,-0.019539,0.000000,0.000000,0.000000,0.073604,-0.045106,0.031890,0.006147,0.025390,0.061145,0.024692,0.038996,-0.031477,0.000918,-0.028297,-0.036394,0.327249,0.239983,0.043633,-0.130900,-0.349066,0.763582,0.305433,-0.567232,-0.545415,2.334378,-0.109083,0.458149,0.334848,-0.190796,0.083680,0.015268,0.050780,0.132503,0.195549,0.065586,-0.061738,-0.067289,-0.085129,0.006340,0.497627,-0.204421,-0.096446,0.074078,0.202657,-0.047267,-0.076481,0.193015,-0.174047,0.085318,0.024198,-0.238445
1788548284.908834,0.002272,0.004837,-0.002858,-0.285331,-0.142544,-0.083056,-0.285331,-0.142544,-0.083056,0.000000,0.000000,0.000000,0.077653,-0.015752,0.021072,-0.001255,0.029135,0.045783,0.030528,0.052847,-0.063340,-0.006762,-0.005995,-0.077925,0.021817,1.134464,-0.436332,-0.196350,0.610865,-1.439897,0.392699,1.330814,-2.574361,-1.679880,0.981748,-5.170538,0.157171,-0.174554,0.179256,0.101234,0.127689,0.279899,-0.005100,0.158251,0.130903,-0.243274,-0.352215,0.052494,0.284320,-0.158037,0.000371,-0.134028,0.255550,0.013708,0.055198,0.407942,-0.262627,-0.086695,0.018298,-0.372654
1788548284.928797,0.002272,0.004837,-0.002858,0.174863,-0.033621,0.023471,0.174863,-0.033621,0.023471,0.000000,0.000000,0.000000,0.087280,-0.021399,0.007532,0.003591,0.037136,0.031303,0.024128,0.057995,-0.059932,0.007463,0.004291,-0.100475,0.370883,-0.196349,-0.479966,0.414516,0.130900,-0.850848,-0.523599,-0.087266,1.767146,1.374447,0.283616,3.054326,0.450818,0.061878,0.149250,-0.041330,0.200340,0.026821,0.129880,0.361749,-0.218206,-0.094952,0.019527,-0.279457,0.378979,-0.283163,0.139356,-0.012838,0.012583,0.379503,-0.059530,-0.091219,-0.030499,-0.005830,-0.102051,-0.131134
1788548284.948797,0.001585,0.003674,0.001877,-0.119416,-0.078362,-0.021270,-0.119416,-0.078362,-0.021270,0.000000,0.000000,0.000000,0.083459,-0.022354,0.001699,-0.001525,0.045715,0.018177,0.011016,0.069539,-0.058110,-0.007724,0.002385,-0.088149,-0.021817,-0.305433,-0.349066,-0.196350,0.414516,-0.392699,-0.545415,0.916298,-0.654498,-1.199914,-0.021817,-0.763582,0.344219,-0.269056,0.173240,-0.001089,0.000730,0.384996,0.113163,-0.070854,-0.193192,0.135306,-0.106412,-0.174155,0.359978,-0.366153,0.054432,0.013907,0.024617,0.371374,0.083297,0.004704,-0.072290,0.090337,-0.116966,-0.030362
1788548284.969189,0.001552,0.003189,-0.000191,-0.080267,-0.025365,0.022272,-0.080267,-0.025365,0.022272,0.000000,0.000000,0.000000,0.089178,-0.036636,0.005089,-0.004148,0.041914,0.040531,0.007356,0.058200,-0.035145,-0.005725,-0.011978,-0.060682,0.370883,-0.392699,0.174533,-0.414516,-0.545415,1.483530,-0.239983,-1.308997,2.421644,0.479966,-0.698132,2.530727,0.319562,0.181008,0.107795,-0.094319,0.240363,0.020121,0.212912,0.537948,-0.395670,-0.103080,0.048418,-0.659181,0.244998,-0.230353,0.220628,-0.030030,0.060124,0.401108,-0.005053,-0.178466,-0.005564,-0.172452,-0.328665,-0.134395
1788548284.989335,0.001552,0.003189,-0.000191,-0.055101,-0.033754,0.058491,-0.055101,-0.033754,0.058491,0.000000,0.000000,0.000000,0.093345,-0.050216,0.009637,-0.005670,0.029434,0.062138,0.007340,0.031453,-0.022219,0.008164,-0.023424,-0.030918,0.087267,-0.676315,0.567232,-0.043633,-0.392699,1.418080,0.130900,-1.352630,0.021817,0.959931,-0.436332,1.396264,0.497627,-0.204421,-0.096446,0.074078,0.202657,-0.047267,-0.076481,0.193015,-0.174047,0.085318,0.024198,-0.238445,0.274533,-0.168191,0.190634,0.023945,0.142453,0.172637,-0.049345,0.076669,0.010131,-0.084957,-0.195502,0.009440
1788548285.009103,0.001244,0.002532,-0.002902,-0.287728,0.014183,0.041447,-0.287728,0.014183,0.041447,0.000000,0.000000,0.000000,0.085311,-0.058256,0.023709,-0.008509,0.023983,0.082288,0.012832,0.006770,-0.013446,-0.011627,-0.053741,-0.028276,-0.392699,-0.327249,0.349066,-0.000000,-0.218166,0.807215,0.349066,-0.763582,0.894481,-2.334378,-1.461713,-0.458149,0.284320,-0.158037,0.000371,-0.134028,0.255550,0.013708,0.055198,0.407942,-0.262627,-0.086695,0.018298,-0.372654,0.371526,-0.220685,0.235208,0.103277,0.137111,0.294845,0.002867,0.011874,0.024939,-0.085468,-0.327307,-0.066059
1788548285.029181,0.000452,0.001356,-0.004603,0.012810,-0.094474,0.027599,0.012810,-0.094474,0.027599,0.000000,0.000000,0.000000,0.080880,-0.058436,0.031138,-0.000979,0.026432,0.085108,0.002044,-0.001771,-0.004684,-0.016915,-0.051535,-0.015115,-0.196350,0.087266,0.501782,0.392699,0.087267,-0.152716,-0.763582,-0.109083,0.392699,0.436332,0.283616,1.090831,0.378979,-0.283163,0.139356,-0.012838,0.012583,0.379503,-0.059530,-0.091219,-0.030499,-0.005830,-0.102051,-0.131134,0.507725,-0.251179,0.117333,0.054303,0.134702,0.220326,-0.035487,0.114910,-0.115219,0.191652,0.014128,-0.170061
1788548285.049506,0.000317,0.001485,-0.003764,0.257954,-0.123370,0.026800,0.257954,-0.123370,0.026800,0.000000,0.000000,0.000000,0.082028,-0.058133,0.041026,0.008026,0.029211,0.078568,-0.000200,0.000740,0.000994,-0.019195,-0.067856,-0.013664,0.065450,0.065450,0.261799,0.196350,0.000000,-0.436332,0.000000,0.370882,0.283616,-0.043633,-0.698132,-0.305432,0.359978,-0.366153,0.054432,0.013907,0.024617,0.371374,0.083297,0.004704,-0.072290,0.090337,-0.116966,-0.030362,0.399673,-0.264485,0.098709,-0.001054,0.094808,0.285237,0.022962,0.090378,-0.137879,0.201360,-0.027599,-0.096884
1788548285.069189,0.000048,0.002032,-0.001405,-0.092252,-0.034287,-0.069207,-0.092252,-0.034287,-0.069207,0.000000,0.000000,0.000000,0.091722,-0.055501,0.036074,0.009209,0.034632,0.071003,-0.002840,0.012576,-0.010626,0.011682,-0.032020,-0.026332,0.523599,0.000000,-0.261799,-0.000000,0.305433,-0.283616,-0.392699,0.501782,-1.199914,2.617994,2.443461,-1.178097,0.244998,-0.230353,0.220628,-0.030030,0.060124,0.401108,-0.005053,-0.178466,-0.005564,-0.172452,-0.328665,-0.134395,0.494519,-0.039604,-0.038231,0.048965,0.243811,0.067814,0.183237,0.214622,-0.301888,-0.078881,-0.042203,-0.431092
1788548285.089035,-0.000328,0.002391,0.000370,-0.047511,-0.002462,-0.034320,-0.047511,-0.002462,-0.034320,0.000000,0.000000,0.000000,0.094313,-0.057950,0.027017,0.006676,0.030864,0.072512,-0.000817,0.018679,-0.023683,0.036533,-0.016208,-0.026902,0.021817,-0.152716,-0.370883,-0.000000,-0.065450,0.021817,0.109083,0.109083,-0.741765,0.785399,0.458149,0.392699,0.274533,-0.168191,0.190634,0.023945,0.142453,0.172637,-0.049345,0.076669,0.010131,-0.084957,-0.195502,0.009440,0.517150,-0.250144,-0.113637,0.122654,0.250987,0.013542,-0.028144,0.185680,-0.167460,0.088766,0.044506,-0.208300
1788548285.109110,-0.000328,0.002391,0.000370,-0.189990,-0.022702,0.034523,-0.189990,-0.022702,0.034523,0.000000,0.000000,0.000000,0.100152,-0.048228,0.017066,0.007208,0.037318,0.066370,0.013898,0.029718,-0.045786,0.016762,-0.014708,-0.056812,0.130900,0.436332,-0.087267,0.021817,0.589049,-0.239983,0.807215,0.741765,-2.116212,-2.312561,-0.130900,-3.425209,0.371526,-0.220685,0.235208,0.103277,0.137111,0.294845,0.002867,0.011874,0.024939,-0.085468,-0.327307,-0.066059,0.389658,-0.322460,-0.005051,-0.036904,0.148039,0.119791,0.076298,0.358453,-0.059317,-0.035070,0.036025,-0.091487
1788548285.129141,-0.000455,0.002230,0.000530,0.307489,-0.070639,-0.023667,0.307489,-0.070639,-0.023667,0.000000,0.000000,0.000000,0.103307,-0.051228,0.010456,0.012509,0.043394,0.043160,0.016653,0.037340,-0.050289,0.013391,0.001281,-0.064764,0.239983,-0.087267,-0.589049,0.283616,0.109083,-1.199914,0.065450,0.043633,1.069014,0.872665,0.785398,1.418080,0.507725,-0.251179,0.117333,0.054303,0.134702,0.220326,-0.035487,0.114910,-0.115219,0.191652,0.014128,-0.170061,0.395938,-0.301153,0.090682,0.045115,0.107609,0.406541,0.096595,0.023372,-0.032548,0.033258,-0.110824,0.016377
1788548285.149265,-0.000455,0.002230,0.000530,-0.043649,-0.009519,-0.045638,-0.043649,-0.009519,-0.045638,0.000000,0.000000,0.000000,0.102470,-0.054926,0.001775,0.005552,0.046626,0.032394,0.012126,0.050659,-0.032683,0.002434,0.004081,-0.042803,-0.021817,-0.283616,-0.632682,-0.261799,-0.174533,-0.000000,-0.349066,0.589049,1.396264,-0.959931,0.000000,1.287180,0.399673,-0.264485,0.098709,-0.001054,0.094808,0.285237,0.022962,0.090378,-0.137879,0.201360,-0.027599,-0.096884,0.351968,-0.368217,0.102424,0.047245,0.041582,0.468716,0.083495,-0.031233,-0.096971,0.038822,-0.156452,-0.054391
1788548285.169035,-0.000232,0.001044,-0.001232,-0.098377,0.057060,0.034656,-0.098377,0.057060,0.034656,0.000000,0.000000,0.000000,0.103498,-0.060860,0.004156,0.004478,0.043583,0.051216,0.017885,0.052628,-0.017436,0.003615,-0.013658,-0.015396,0.000000,-0.196350,0.370883,-0.087266,-0.261799,1.374447,0.283616,-0.370882,0.719949,0.501782,-0.916298,1.810779,0.494519,-0.039604,-0.038231,0.048965,0.243811,0.067814,0.183237,0.214622,-0.301888,-0.078881,-0.042203,-0.431092,0.255912,-0.175131,0.266580,-0.018562,0.067025,0.301831,-0.014377,-0.087473,0.026323,-0.112780,-0.318129,-0.076722
1788548285.188963,-0.000951,0.000874,0.000692,-0.009427,0.057725,0.051966,-0.009427,0.057725,0.051966,0.000000,0.000000,0.000000,0.099110,-0.067833,0.012760,0.006968,0.034117,0.077758,0.019020,0.035598,-0.017970,0.006511,-0.028068,-0.010806,-0.196350,-0.218166,0.501782,0.087266,-0.414516,1.330814,0.021817,-0.959931,-0.436332,0.130900,-0.589049,-0.414516,0.517150,-0.250144,-0.113637,0.122654,0.250987,0.013542,-0.028144,0.185680,-0.167460,0.088766,0.044506,-0.208300,0.310932,-0.178893,0.153973,0.026425,0.108017,0.141245,-0.034508,0.157721,0.008759,-0.064274,-0.146098,0.057042
1788548285.208992,-0.002293,0.000460,0.003485,-0.180669,0.023104,0.030262,-0.180669,0.023104,0.030262,0.000000,0.000000,0.000000,0.087801,-0.063876,0.025834,0.006327,0.023879,0.088083,0.013688,0.010307,-0.008510,-0.008799,-0.057093,-0.014155,-0.392699,0.109083,0.501782,-0.000000,-0.589049,0.414516,-0.392699,-0.981748,1.156281,-1.112647,-1.243547,-0.196350,0.389658,-0.322460,-0.005051,-0.036904,0.148039,0.119791,0.076298,0.358453,-0.059317,-0.035070,0.036025,-0.091487,0.369917,-0.206670,0.249526,0.040805,0.198800,0.258949,-0.025160,0.089352,-0.094324,0.169017,-0.079283,-0.069997
1788548285.229138,-0.002293,0.000460,0.003485,0.165942,-0.059587,0.042912,0.165942,-0.059587,0.042912,0.000000,0.000000,0.000000,0.082399,-0.062126,0.031460,0.009209,0.023277,0.079978,0.001984,0.007850,-0.001450,-0.011392,-0.046081,-0.001583,-0.174533,0.239983,0.349066,-0.000000,0.043633,-0.654499,-0.523599,0.109083,0.087266,0.218166,0.589049,1.003564,0.395938,-0.301153,0.090682,0.045115,0.107609,0.406541,0.096595,0.023372,-0.032548,0.033258,-0.110824,0.016377,0.439313,-0.221827,0.088522,0.000616,0.142427,0.254937,-0.009424,0.160960,-0.139120,0.212280,0.021585,-0.141885
1788548285.249163,-0.004254,0.000219,0.004949,0.194571,0.004862,-0.026597,0.194571,0.004862,-0.026597,0.000000,0.000000,0.000000,0.084092,-0.058493,0.040623,0.008817,0.031073,0.067865,-0.001796,0.018014,-0.011002,0.012680,-0.031305,-0.006827,0.021817,0.174533,0.109083,-0.130900,0.676315,-0.370883,-0.087267,0.567232,-1.112647,2.072579,0.654498,-0.850848,0.351968,-0.368217,0.102424,0.047245,0.041582,0.468716,0.083495,-0.031233,-0.096971,0.038822,-0.156452,-0.054391,0.468341,-0.079192,0.011707,0.009880,0.155329,0.089551,0.153830,0.198338,-0.173613,0.012583,0.041592,-0.322761
1788548285.268982,-0.004842,0.000988,0.003627,0.083517,0.122973,-0.039779,0.083517,0.122973,-0.039779,0.000000,0.000000,0.000000,0.092516,-0.054435,0.033445,0.004911,0.038488,0.066419,-0.000809,0.029631,-0.021535,0.037305,-0.010724,-0.020654,0.370883,0.087266,-0.174533,-0.109083,0.305433,0.043633,0.000000,0.305433,-0.654499,1.025381,0.959931,-1.003564,0.255912,-0.175131,0.266580,-0.018562,0.067025,0.301831,-0.014377,-0.087473,0.026323,-0.112780,-0.318129,-0.076722,0.482707,-0.192563,-0.153532,0.053765,0.216169,-0.000152,0.053999,0.171981,-0.251444,0.041699,0.015401,-0.327689
1788548285.289146,-0.004842,0.000988,0.003627,-0.147246,0.098871,-0.011550,-0.147246,0.098871,-0.011550,0.000000,0.000000,0.000000,0.100144,-0.047628,0.025176,0.002004,0.039039,0.059133,0.009980,0.037608,-0.032285,0.023790,0.000708,-0.050171,0.283616,0.152716,-0.152716,-0.087266,0.174533,-0.283616,0.763582,0.523599,-0.676315,-1.374447,0.479966,-2.138028,0.310932,-0.178893,0.153973,0.026425,0.108017,0.141245,-0.034508,0.157721,0.008759,-0.064274,-0.146098,0.057042,0.413964,-0.279718,-0.033780,0.015714,0.179722,0.070977,0.019438,0.258627,-0.076610,-0.009578,0.005328,-0.036929
1788548285.309187,-0.004842,0.000988,0.003627,0.163811,0.056926,0.012152,0.163811,0.056926,0.012152,0.000000,0.000000,0.000000,0.102939,-0.049679,0.012081,0.005440,0.041807,0.041265,0.019459,0.041417,-0.047709,0.015551,0.003119,-0.068478,0.087267,-0.021817,-0.654499,0.130900,0.239983,-0.981748,0.174533,0.196350,-1.047198,-0.130900,0.000000,-0.676315,0.369917,-0.206670,0.249526,0.040805,0.198800,0.258949,-0.025160,0.089352,-0.094324,0.169017,-0.079283,-0.069997,0.410506,-0.353823,-0.044447,0.047361,0.187654,0.233565,0.053251,0.076778,-0.018342,0.035993,-0.087764,-0.003206
1788548285.329177,-0.003093,0.001266,-0.000230,0.062611,0.068644,-0.027529,0.062611,0.068644,-0.027529,0.000000,0.000000,0.000000,0.102317,-0.053006,0.002468,0.004917,0.041477,0.028363,0.013309,0.045554,-0.037319,0.006007,0.001771,-0.045233,0.000000,-0.087267,-0.741765,-0.087266,-0.327249,-0.349066,-0.392699,0.087267,1.548980,-0.698132,-0.109083,2.639811,0.439313,-0.221827,0.088522,0.000616,0.142427,0.254937,-0.009424,0.160960,-0.139120,0.212280,0.021585,-0.141885,0.333402,-0.344408,0.134082,0.062624,0.035418,0.510948,0.069248,-0.062850,-0.078928,-0.043810,-0.159524,-0.069721
1788548285.349729,-0.003259,0.001253,-0.000091,-0.046312,0.134957,0.014150,-0.046312,0.134957,0.014150,0.000000,0.000000,0.000000,0.102974,-0.059827,-0.004811,0.006335,0.044395,0.032699,0.012300,0.045257,-0.019083,0.006574,-0.011357,-0.016492,0.000000,-0.327249,-0.130900,0.043633,0.000000,0.392699,0.021817,-0.152716,1.025381,0.261799,-0.654499,1.352630,0.468341,-0.079192,0.011707,0.009880,0.155329,0.089551,0.153830,0.198338,-0.173613,0.012583,0.041592,-0.322761,0.330449,-0.223373,0.228930,0.013509,0.064544,0.346360,0.025939,-0.080106,-0.002346,-0.051965,-0.236885,-0.085571
1788548285.369900,-0.005354,0.000560,0.003585,-0.060027,0.149738,0.043844,-0.060027,0.149738,0.043844,0.000000,0.000000,0.000000,0.098281,-0.065693,0.003412,0.008877,0.038415,0.062552,0.013369,0.031344,-0.015805,-0.002346,-0.027836,-0.013831,-0.087267,-0.283616,0.327249,0.043633,-0.218166,1.636246,0.021817,-0.676315,-0.305433,-0.632682,-0.741765,-0.239983,0.482707,-0.192563,-0.153532,0.053765,0.216169,-0.000152,0.053999,0.171981,-0.251444,0.041699,0.015401,-0.327689,0.279235,-0.201306,0.189044,0.035166,0.091540,0.241738,0.011261,0.078666,0.023632,-0.113859,-0.303968,0.063796
1788548285.390119,-0.006990,-0.000159,0.005615,-0.146181,0.090216,0.022006,-0.146181,0.090216,0.022006,0.000000,0.000000,0.000000,0.092830,-0.065270,0.016278,0.008860,0.026257,0.081323,0.013678,0.006702,-0.010880,-0.006407,-0.044507,-0.017444,-0.239983,0.043633,0.850848,-0.000000,-0.610865,0.458149,0.000000,-1.047198,0.654499,-0.239983,-0.763582,-0.261799,0.413964,-0.279718,-0.033780,0.015714,0.179722,0.070977,0.019438,0.258627,-0.076610,-0.009578,0.005328,-0.036929,0.373493,-0.157140,0.198399,0.023283,0.188278,0.137915,-0.054374,0.126467,-0.079226,0.105813,-0.018610,-0.040266
1788548285.409362,-0.006990,-0.000159,0.005615,0.092039,0.051334,0.041181,0.092039,0.051334,0.041181,0.000000,0.000000,0.000000,0.084869,-0.064476,0.028888,0.009558,0.022431,0.085814,0.010067,0.000154,-0.003110,-0.014640,-0.061260,-0.004335,-0.349066,0.152716,0.632682,-0.000000,-0.087266,-0.130900,-0.021817,0.196349,0.414516,-0.567232,-0.741765,1.439897,0.410506,-0.353823,-0.044447,0.047361,0.187654,0.233565,0.053251,0.076778,-0.018342,0.035993,-0.087764,-0.003206,0.380372,-0.253247,0.196882,0.031463,0.021821,0.381656,0.098802,-0.009824,-0.082437,0.129001,-0.066889,-0.061474
1788548285.429317,-0.007655,-0.000397,0.004343,0.015473,-0.000997,-0.009553,0.015473,-0.000997,-0.009553,0.000000,0.000000,0.000000,0.084970,-0.060069,0.039232,0.007829,0.029102,0.067851,0.000359,0.012077,-0.007318,0.001569,-0.035208,-0.003154,0.065450,0.261799,0.349066,-0.087266,0.545415,-0.981748,-0.741765,0.763582,-1.112647,1.963496,2.181662,-0.850848,0.333402,-0.344408,0.134082,0.062624,0.035418,0.510948,0.069248,-0.062850,-0.078928,-0.043810,-0.159524,-0.069721,0.410418,0.008332,0.051787,-0.024643,0.179348,0.139829,0.172926,0.278579,-0.243682,-0.032516,-0.007579,-0.407989
1788548285.449138,-0.007748,-0.000231,0.003211,0.329859,0.058391,0.020408,0.329859,0.058391,0.020408,0.000000,0.000000,0.000000,0.089459,-0.059093,0.040418,0.006122,0.030487,0.069403,0.003975,0.017504,-0.014586,0.019083,-0.024918,-0.008019,0.370883,-0.021817,0.043633,-0.109083,-0.130900,0.370883,0.305433,-0.130900,-0.109083,0.719949,0.239983,-0.370883,0.330449,-0.223373,0.228930,0.013509,0.064544,0.346360,0.025939,-0.080106,-0.002346,-0.051965,-0.236885,-0.085571,0.480941,-0.223904,-0.125217,0.053628,0.201152,-0.037724,-0.039642,0.160514,-0.198073,0.144916,0.046622,-0.240048
1788548285.469891,-0.007001,0.000981,-0.002771,-0.322615,0.092213,-0.059487,-0.322615,0.092213,-0.059487,0.000000,0.000000,0.000000,0.094995,-0.043560,0.031757,0.001249,0.033018,0.065192,0.020089,0.028439,-0.035014,0.007929,-0.012445,-0.046482,0.109083,0.610865,-0.261799,-0.218166,0.567232,-0.174533,0.763582,0.850848,-1.941679,-1.156281,0.589049,-3.839725,0.279235,-0.201306,0.189044,0.035166,0.091540,0.241738,0.011261,0.078666,0.023632,-0.113859,-0.303968,0.063796,0.404318,-0.228070,-0.063431,-0.030608,0.213350,-0.081718,0.038962,0.386667,-0.219583,-0.104992,0.097265,-0.228245
1788548285.489380,-0.007237,0.001311,-0.002218,0.169937,0.019908,0.032925,0.169937,0.019908,0.032925,0.000000,0.000000,0.000000,0.099827,-0.047601,0.019621,0.004041,0.035178,0.049730,0.018971,0.037679,-0.046953,0.021532,0.003026,-0.061532,0.065450,-0.152716,-0.632682,0.196350,0.087266,-1.047198,-0.414516,0.370883,-0.065450,1.396264,0.719949,0.807215,0.373493,-0.157140,0.198399,0.023283,0.188278,0.137915,-0.054374,0.126467,-0.079226,0.105813,-0.018610,-0.040266,0.473151,-0.303533,-0.048523,0.071930,0.167163,0.241833,0.068111,0.031715,-0.081904,0.091695,-0.037092,-0.103614
1788548285.509806,-0.007949,0.001350,-0.000730,-0.029002,-0.012049,-0.026064,-0.029002,-0.012049,-0.026064,0.000000,0.000000,0.000000,0.099410,-0.047737,0.007508,0.002397,0.040283,0.022753,0.007051,0.051549,-0.049525,0.003162,0.012660,-0.059853,-0.043633,0.000000,-0.763582,-0.087266,0.283616,-0.872665,-0.349066,0.719949,-0.218166,-2.181662,0.458149,0.087266,0.380372,-0.253247,0.196882,0.031463,0.021821,0.381656,0.098802,-0.009824,-0.082437,0.129001,-0.066889,-0.061474,0.349474,-0.382167,0.059523,0.039165,0.032117,0.478663,0.096703,0.066502,-0.055602,0.096452,-0.108702,0.015600
1788548285.529474,-0.007949,0.001350,-0.000730,0.007217,0.000867,0.027199,0.007217,0.000867,0.027199,0.000000,0.000000,0.000000,0.104158,-0.052755,-0.002784,0.005757,0.043323,0.024949,0.011700,0.051769,-0.037433,0.006865,0.000959,-0.041777,0.196350,-0.109083,-0.414516,0.130900,-0.327249,0.981748,0.239983,-0.414516,1.418080,1.352630,-0.610865,1.505347,0.410418,0.008332,0.051787,-0.024643,0.179348,0.139829,0.172926,0.278579,-0.243682,-0.032516,-0.007579,-0.407989,0.327546,-0.227899,0.180927,-0.012132,0.097870,0.287192,-0.008811,-0.070636,0.018100,-0.095282,-0.246691,-0.087245
1788548285.549665,-0.008207,0.001017,0.003395,-0.015419,0.075702,0.016014,-0.015419,0.075702,0.016014,0.000000,0.000000,0.000000,0.102314,-0.060159,-0.002348,0.007497,0.036770,0.052132,0.016282,0.039904,-0.023596,0.015925,-0.014163,-0.017766,-0.174533,-0.261799,0.021817,0.043633,-0.436332,1.832596,0.174533,-0.741765,0.850848,0.283616,-0.850848,1.636246,0.480941,-0.223904,-0.125217,0.053628,0.201152,-0.037724,-0.039642,0.160514,-0.198073,0.144916,0.046622,-0.240048,0.230341,-0.224578,0.205128,0.033083,0.118845,0.322123,0.071841,0.004443,0.009721,-0.138398,-0.326170,0.032548
1788548285.570094,-0.008207,0.001017,0.003395,-0.415826,0.060788,0.011353,-0.415826,0.060788,0.011353,0.000000,0.000000,0.000000,0.096637,-0.059306,0.005591,0.006201,0.029385,0.067723,0.015469,0.021180,-0.011049,-0.001359,-0.039705,-0.015388,-0.305433,0.109083,0.610865,0.196350,-0.501782,-0.065450,-0.021817,-0.654499,0.916298,-1.723513,-1.243547,-0.479966,0.404318,-0.228070,-0.063431,-0.030608,0.213350,-0.081718,0.038962,0.386667,-0.219583,-0.104992,0.097265,-0.228245,0.371544,-0.195995,0.286959,0.076008,0.121703,0.295662,0.011952,0.029446,-0.006356,0.037706,-0.230993,-0.071130
1788548285.589901,-0.007496,-0.000279,0.003811,0.129057,-0.020039,0.063951,0.129057,-0.020039,0.063951,0.000000,0.000000,0.000000,0.085867,-0.060105,0.021915,0.008511,0.027136,0.080300,0.011092,0.007683,-0.003050,-0.017795,-0.064169,-0.006244,-0.349066,0.196350,1.003564,-0.000000,0.021817,0.807215,-0.021817,-0.610865,0.174533,-0.763582,-1.069014,1.047198,0.473151,-0.303533,-0.048523,0.071930,0.167163,0.241833,0.068111,0.031715,-0.081904,0.091695,-0.037092,-0.103614,0.343429,-0.194099,0.239176,0.046460,0.052209,0.319045,0.053006,0.000978,-0.058812,0.088660,-0.160606,-0.022569
1788548285.609808,-0.007496,-0.000279,0.003811,0.018136,-0.080493,0.028531,0.018136,-0.080493,0.028531,0.000000,0.000000,0.000000,0.085314,-0.059674,0.041651,0.009408,0.029560,0.080257,0.009568,0.005226,-0.000893,-0.005971,-0.061235,-0.008892,0.043633,0.109083,0.785398,-0.218166,0.000000,-0.283616,-0.021817,0.196350,0.000000,1.374447,0.414516,-0.807215,0.349474,-0.382167,0.059523,0.039165,0.032117,0.478663,0.096703,0.066502,-0.055602,0.096452,-0.108702,0.015600,0.464519,-0.065572,0.083782,-0.013983,0.106176,0.045435,0.041227,0.197204,-0.174374,0.081738,0.093243,-0.204770
1788548285.629937,-0.004426,-0.000496,-0.001150,0.166741,-0.051864,-0.014213,0.166741,-0.051864,-0.014213,0.000000,0.000000,0.000000,0.086901,-0.057119,0.049314,0.008061,0.027880,0.079867,0.010012,0.006358,-0.006497,0.009066,-0.049869,-0.008526,0.370883,0.130900,0.305433,-0.021817,-0.087267,-0.000000,0.000000,-0.196350,-0.545415,0.850848,0.589049,0.349066,0.327546,-0.227899,0.180927,-0.012132,0.097870,0.287192,-0.008811,-0.070636,0.018100,-0.095282,-0.246691,-0.087245,0.504246,-0.194653,-0.063288,0.079246,0.229226,0.003088,-0.056373,0.198445,-0.200247,0.113862,0.047806,-0.225160
1788548285.650112,-0.004135,-0.000032,-0.001481,-0.238592,-0.086751,-0.006357,-0.238592,-0.086751,-0.006357,0.000000,0.000000,0.000000,0.095052,-0.048940,0.046748,0.005416,0.027493,0.068445,0.009712,0.014678,-0.021799,0.017468,-0.012006,-0.026858,0.239983,0.239983,-0.174533,-0.065450,0.392699,-0.654499,-0.239983,0.654499,-1.461713,0.261800,2.290745,-1.876229,0.230341,-0.224578,0.205128,0.033083,0.118845,0.322123,0.071841,0.004443,0.009721,-0.138398,-0.326170,0.032548,0.314299,-0.041061,-0.027826,-0.068791,0.276745,-0.024095,0.077017,0.319603,-0.338731,-0.007335,-0.053650,-0.406124
1788548285.670052,-0.004135,-0.000032,-0.001481,0.189244,-0.069441,-0.015545,0.189244,-0.069441,-0.015545,0.000000,0.000000,0.000000,0.101221,-0.050369,0.034252,0.008443,0.031461,0.045993,0.008338,0.031270,-0.038698,0.023577,0.004812,-0.043275,0.174533,-0.021817,-0.829031,0.109083,0.589049,-1.265364,-0.021817,0.959931,-0.938115,0.414516,0.414516,-0.763582,0.371544,-0.195995,0.286959,0.076008,0.121703,0.295662,0.011952,0.029446,-0.006356,0.037706,-0.230993,-0.071130,0.367949,-0.299063,-0.110095,0.012409,0.219423,0.268738,0.098752,0.081967,-0.139012,0.122897,-0.051846,-0.227547
1788548285.689861,-0.004135,-0.000032,-0.001481,-0.049641,-0.091678,-0.032189,-0.049641,-0.091678,-0.032189,0.000000,0.000000,0.000000,0.096443,-0.040031,0.017281,0.004639,0.045423,0.025971,0.007427,0.049301,-0.057742,0.012061,-0.005813,-0.068601,-0.152716,0.523599,-0.807215,-0.174533,0.741765,-0.654499,0.043633,0.938115,-1.767146,-1.047198,-0.632682,-2.181662,0.343429,-0.194099,0.239176,0.046460,0.052209,0.319045,0.053006,0.000978,-0.058812,0.088660,-0.160606,-0.022569,0.362051,-0.357686,0.002213,0.005812,0.026078,0.286987,0.121974,0.100594,-0.004024,0.018800,-0.034029,-0.032544
1788548285.709919,-0.002167,0.001770,0.001047,0.010946,-0.085686,0.012285,0.010946,-0.085686,0.012285,0.000000,0.000000,0.000000,0.096383,-0.044451,0.000095,0.002926,0.051865,0.032077,0.013132,0.050627,-0.054709,0.017845,-0.009039,-0.067516,0.000000,-0.130900,-0.632682,-0.239983,-0.349066,1.047198,0.305433,-0.523599,1.898046,1.112647,-0.174533,1.505347,0.464519,-0.065572,0.083782,-0.013983,0.106176,0.045435,0.041227,0.197204,-0.174374,0.081738,0.093243,-0.204770,0.341187,-0.278118,0.141397,0.020495,0.113555,0.338095,0.066257,-0.048323,-0.017140,-0.066395,-0.233177,-0.049513
1788548285.729887,-0.001945,0.001876,0.001155,-0.034727,-0.009653,0.001500,-0.034727,-0.009653,0.001500,0.000000,0.000000,0.000000,0.094463,-0.048209,-0.004663,0.001091,0.044172,0.046812,0.018761,0.039806,-0.028589,0.014294,-0.008981,-0.038778,0.000000,-0.436332,-0.305433,-0.000000,-0.807215,1.134464,0.043633,-0.698132,2.050762,-0.872665,0.174533,2.181662,0.504246,-0.194653,-0.063288,0.079246,0.229226,0.003088,-0.056373,0.198445,-0.200247,0.113862,0.047806,-0.225160,0.278873,-0.262098,0.189665,0.035517,0.104871,0.441468,0.102845,-0.078261,-0.046351,-0.128877,-0.308187,-0.039629
1788548285.750048,-0.001645,0.001859,0.001143,-0.211961,-0.047336,0.046374,-0.211961,-0.047336,0.046374,0.000000,0.000000,0.000000,0.093910,-0.053712,0.002018,0.003313,0.032290,0.061655,0.020962,0.025050,-0.012598,-0.000893,-0.033632,-0.020318,-0.109083,-0.327249,0.523599,0.174533,-0.305433,0.610865,0.130900,-0.654498,0.196350,-1.134464,-1.527163,0.632682,0.314299,-0.041061,-0.027826,-0.068791,0.276745,-0.024095,0.077017,0.319603,-0.338731,-0.007335,-0.053650,-0.406124,0.313460,-0.200026,0.259869,0.060238,0.103632,0.291837,-0.025531,-0.034171,0.033076,-0.081983,-0.315257,-0.072532
1788548285.769766,-0.001594,0.001834,0.000283,0.155689,-0.029493,0.082859,0.155689,-0.029493,0.082859,0.000000,0.000000,0.000000,0.088704,-0.061714,0.017805,0.008342,0.029345,0.081298,0.018649,0.008196,-0.011381,-0.016945,-0.058857,-0.014360,-0.218166,-0.109083,0.850848,0.043633,0.109083,1.047198,0.000000,-0.894481,-0.065450,-0.872665,-1.156281,0.283616,0.367949,-0.299063,-0.110095,0.012409,0.219423,0.268738,0.098752,0.081967,-0.139012,0.122897,-0.051846,-0.227547,0.332475,-0.221741,0.189612,0.051164,0.098344,0.276650,0.007061,0.047072,-0.061841,0.057503,-0.209250,0.017331
1788548285.790339,-0.001594,0.001834,0.000283,-0.015952,-0.082224,-0.010085,-0.015952,-0.082224,-0.010085,0.000000,0.000000,0.000000,0.085472,-0.060557,0.033903,0.008770,0.030994,0.084699,0.013858,-0.003489,-0.005041,-0.018559,-0.069097,-0.015284,-0.087267,0.130900,0.567232,-0.043633,-0.130900,-0.567232,-0.130900,-0.392699,1.025381,0.349066,-0.349066,-0.392699,0.362051,-0.357686,0.002213,0.005812,0.026078,0.286987,0.121974,0.100594,-0.004024,0.018800,-0.034029,-0.032544,0.464562,-0.179821,0.178502,0.021394,0.158536,0.218587,-0.029249,0.122484,-0.136428,0.222997,0.034060,-0.130645
1788548285.810053,-0.001494,0.002223,-0.003235,0.142240,-0.085553,0.004163,0.142240,-0.085553,0.004163,0.000000,0.000000,0.000000,0.085867,-0.059516,0.040775,0.008167,0.029295,0.083368,0.006055,-0.002775,-0.005870,-0.002952,-0.060586,-0.007774,0.065450,0.000000,0.305433,0.065450,0.000000,-0.458149,-0.370883,0.196350,-0.938114,1.396264,0.632682,0.850848,0.341187,-0.278118,0.141397,0.020495,0.113555,0.338095,0.066257,-0.048323,-0.017140,-0.066395,-0.233177,-0.049513,0.481004,-0.150918,-0.009974,0.035791,0.204673,0.113413,0.026961,0.194406,-0.193382,0.095820,0.025254,-0.290213
1788548285.830757,-0.001522,0.002833,-0.003644,-0.016751,-0.084088,-0.012748,-0.016751,-0.084088,-0.012748,0.000000,0.000000,0.000000,0.092680,-0.058119,0.045144,0.007617,0.032254,0.073842,0.001152,0.009827,-0.018464,0.026432,-0.024897,-0.015726,0.239983,0.000000,0.065450,0.174533,0.458149,-0.589049,-0.392699,0.763582,-1.025381,2.050762,2.225295,-1.418080,0.278873,-0.262098,0.189665,0.035517,0.104871,0.441468,0.102845,-0.078261,-0.046351,-0.128877,-0.308187,-0.039629,0.400448,-0.001924,0.020621,-0.033473,0.245225,0.075905,0.184166,0.271612,-0.287980,-0.009836,-0.044718,-0.464987
1788548285.849985,-0.001666,0.003403,-0.003052,0.095368,-0.025898,-0.017941,0.095368,-0.025898,-0.017941,0.000000,0.000000,0.000000,0.099186,-0.054392,0.033821,0.007199,0.037613,0.065574,0.002540,0.025104,-0.032702,0.031540,-0.006053,-0.042118,0.349066,0.196350,-0.392699,-0.000000,0.567232,-0.458149,0.021817,0.719948,-0.981748,-0.763582,0.632682,-2.138028,0.313460,-0.200026,0.259869,0.060238,0.103632,0.291837,-0.025531,-0.034171,0.033076,-0.081983,-0.315257,-0.072532,0.338733,-0.270509,-0.102453,-0.055789,0.234311,0.134150,0.049103,0.218350,-0.182470,0.103505,-0.060388,-0.291827
1788548285.869659,-0.001701,0.003667,-0.001361,0.070334,-0.080226,-0.007289,0.070334,-0.080226,-0.007289,0.000000,0.000000,0.000000,0.099353,-0.043178,0.023371,0.004753,0.043749,0.049689,0.012966,0.040376,-0.050403,0.016179,-0.008949,-0.077827,-0.109083,0.763582,-0.458149,-0.109083,0.349066,-0.785398,0.545415,0.850848,-1.396263,-1.265364,-0.458149,-2.487094,0.332475,-0.221741,0.189612,0.051164,0.098344,0.276650,0.007061,0.047072,-0.061841,0.057503,-0.209250,0.017331,0.347008,-0.319755,0.013393,-0.025074,0.087465,0.268254,0.108950,0.188615,-0.005732,0.034239,-0.027057,-0.020074
1788548285.889661,-0.001460,0.003910,0.000694,0.072998,-0.082357,-0.033787,0.072998,-0.082357,-0.033787,0.000000,0.000000,0.000000,0.096206,-0.044454,0.008214,-0.000090,0.048794,0.037310,0.021013,0.049157,-0.053027,0.017343,-0.010680,-0.082365,-0.283616,-0.087267,-0.698132,-0.239983,0.021817,-0.523599,0.327249,0.087267,0.938115,0.850848,-0.130900,1.243547,0.464562,-0.179821,0.178502,0.021394,0.158536,0.218587,-0.029249,0.122484,-0.136428,0.222997,0.034060,-0.130645,0.406948,-0.323373,0.115781,0.084246,0.090084,0.389572,0.103637,-0.025536,-0.003823,0.018622,-0.117465,-0.000533
1788548285.910120,-0.001440,0.003719,0.001181,-0.067085,0.030961,-0.000631,-0.067085,0.030961,-0.000631,0.000000,0.000000,0.000000,0.093059,-0.046535,0.001137,-0.003676,0.045197,0.042609,0.017444,0.050242,-0.030984,0.014248,-0.010143,-0.047736,-0.021817,-0.283616,-0.327249,-0.218166,-0.589049,0.501782,-0.349066,-0.261799,2.159845,-0.719948,0.174533,3.054327,0.481004,-0.150918,-0.009974,0.035791,0.204673,0.113413,0.026961,0.194406,-0.193382,0.095820,0.025254,-0.290213,0.297179,-0.285507,0.194758,0.028455,0.033241,0.497756,0.079902,-0.141594,-0.076217,-0.117267,-0.252895,-0.107835
1788548285.929846,-0.001440,0.003719,0.001181,-0.137259,0.072905,0.027465,-0.137259,0.072905,0.027465,0.000000,0.000000,0.000000,0.096855,-0.053822,0.006360,0.002143,0.037378,0.060338,0.020915,0.039029,-0.011556,0.009846,-0.020329,-0.016852,0.218166,-0.370883,0.370883,0.305433,-0.414516,0.959931,0.239983,-0.741765,0.479966,-0.370883,-0.523599,1.308997,0.400448,-0.001924,0.020621,-0.033473,0.245225,0.075905,0.184166,0.271612,-0.287980,-0.009836,-0.044718,-0.464987,0.300715,-0.197959,0.240309,0.018537,0.132738,0.256112,-0.019593,-0.041574,0.034014,-0.085218,-0.274163,-0.073571
1788548285.950132,-0.001609,0.001618,0.000617,0.040107,0.096607,0.069144,0.040107,0.096607,0.069144,0.000000,0.000000,0.000000,0.092813,-0.062194,0.019889,0.006940,0.028510,0.086720,0.021927,0.015641,-0.011458,-0.008534,-0.043329,-0.017452,-0.327249,-0.239983,0.719948,0.152716,-0.370882,1.221730,-0.021817,-1.090831,-0.654499,-1.418080,-1.199914,-0.829031,0.338733,-0.270509,-0.102453,-0.055789,0.234311,0.134150,0.049103,0.218350,-0.182470,0.103505,-0.060388,-0.291827,0.331401,-0.227699,0.133527,0.047983,0.152934,0.188836,-0.041273,0.148889,-0.042691,-0.027473,-0.226430,0.080151
1788548285.969490,-0.002296,0.001133,-0.000325,-0.147779,-0.004992,0.022272,-0.147779,-0.004992,0.022272,0.000000,0.000000,0.000000,0.087855,-0.064198,0.031850,0.007385,0.024880,0.092264,0.014856,-0.005775,-0.006975,-0.016205,-0.057213,-0.019080,-0.261799,0.065450,0.610865,-0.065450,0.065450,-0.152716,-0.261799,-0.741765,1.112647,0.065450,-0.479966,0.239983,0.347008,-0.319755,0.013393,-0.025074,0.087465,0.268254,0.108950,0.188615,-0.005732,0.034239,-0.027057,-0.020074,0.456925,-0.199134,0.209123,0.028570,0.158346,0.225526,-0.030674,0.086718,-0.117227,0.227771,0.012562,-0.123402
1788548285.989934,-0.002667,0.001052,-0.000931,0.305358,-0.015645,0.051034,0.305358,-0.015645,0.051034,0.000000,0.000000,0.000000,0.084433,-0.065033,0.038422,0.008181,0.028652,0.079444,0.004346,-0.002497,-0.004566,-0.012300,-0.056618,-0.003852,-0.021817,-0.043633,0.174533,-0.065450,0.130900,-0.741765,-0.501782,0.676315,-0.698132,0.589049,0.283616,1.614430,0.406948,-0.323373,0.115781,0.084246,0.090084,0.389572,0.103637,-0.025536,-0.003823,0.018622,-0.117465,-0.000533,0.436916,-0.261262,0.004316,0.022727,0.112142,0.291005,0.075393,0.104801,-0.138193,0.172373,0.035815,-0.197096
1788548286.010159,-0.003028,0.001064,-0.001893,-0.059362,-0.003527,-0.055226,-0.059362,-0.003527,-0.055226,0.000000,0.000000,0.000000,0.092303,-0.060699,0.042341,0.007025,0.035824,0.065740,-0.003792,0.015221,-0.015011,0.017899,-0.025854,-0.010648,0.349066,0.152716,0.021817,-0.000000,0.349066,-0.763582,-0.545415,0.763582,-0.916298,2.552544,1.767146,-1.439897,0.297179,-0.285507,0.194758,0.028455,0.033241,0.497756,0.079902,-0.141594,-0.076217,-0.117267,-0.252895,-0.107835,0.473358,-0.009317,-0.001369,0.029936,0.204885,0.094563,0.168307,0.262306,-0.289825,-0.042794,0.014553,-0.462099
1788548286.029932,-0.003028,0.001064,-0.001893,0.161814,0.085023,-0.006490,0.161814,0.085023,-0.006490,0.000000,0.000000,0.000000,0.099279,-0.059464,0.029853,0.006152,0.034665,0.067813,0.001984,0.023361,-0.025538,0.036555,-0.006009,-0.029506,0.283616,-0.043633,-0.523599,-0.000000,-0.065450,0.152716,0.218166,0.130900,-0.458149,0.196350,0.719949,-1.265364,0.300715,-0.197959,0.240309,0.018537,0.132738,0.256112,-0.019593,-0.041574,0.034014,-0.085218,-0.274163,-0.073571,0.447850,-0.261167,-0.179315,0.013006,0.245889,-0.054334,-0.016664,0.188855,-0.191338,0.107745,-0.026007,-0.274386
1788548286.049827,-0.003026,0.001270,-0.001712,-0.244584,0.070109,-0.023401,-0.244584,0.070109,-0.023401,0.000000,0.000000,0.000000,0.101676,-0.047907,0.020827,0.006605,0.037198,0.065004,0.016604,0.032454,-0.044611,0.018439,-0.000457,-0.066905,0.043633,0.545415,-0.414516,0.087266,0.567232,-0.196350,0.785398,0.959931,-2.007129,-1.898046,0.000000,-3.272493,0.331401,-0.227699,0.133527,0.047983,0.152934,0.188836,-0.041273,0.148889,-0.042691,-0.027473,-0.226430,0.080151,0.385943,-0.320265,0.032685,-0.023311,0.104420,0.111166,0.116723,0.311998,-0.009198,-0.094488,0.024393,-0.005872
1788548286.070101,-0.003241,0.000493,0.000411,0.232920,-0.018707,0.017612,0.232920,-0.018707,0.017612,0.000000,0.000000,0.000000,0.101270,-0.051373,0.006515,0.007289,0.040231,0.040264,0.019614,0.040277,-0.053310,0.018057,-0.001728,-0.077568,0.000000,-0.174533,-0.719948,-0.000000,0.152716,-1.330814,0.109083,0.109083,0.676315,1.090831,-0.218166,1.221730,0.456925,-0.199134,0.209123,0.028570,0.158346,0.225526,-0.030674,0.086718,-0.117227,0.227771,0.012562,-0.123402,0.407909,-0.321473,0.077395,0.073385,0.081136,0.420556,0.083683,-0.026973,-0.010939,0.024918,-0.078451,0.003741
1788548286.089988,-0.003944,-0.000280,0.001597,-0.034727,0.038817,-0.012482,-0.034727,0.038817,-0.012482,0.000000,0.000000,0.000000,0.099353,-0.053991,0.001184,0.004170,0.040376,0.024297,0.013402,0.049225,-0.031952,0.000438,0.000100,-0.045241,-0.021817,-0.261799,-0.523599,-0.283616,-0.458149,-0.043633,-0.370883,0.283616,2.181662,-1.941679,0.283616,2.945243,0.436916,-0.261262,0.004316,0.022727,0.112142,0.291005,0.075393,0.104801,-0.138193,0.172373,0.035815,-0.197096,0.306907,-0.348995,0.150398,0.085225,-0.007494,0.568462,0.067680,-0.136192,-0.121271,-0.098089,-0.205274,-0.118096
1788548286.110044,-0.004006,-0.000567,0.001761,-0.213159,0.101002,-0.022868,-0.213159,0.101002,-0.022868,0.000000,0.000000,0.000000,0.101766,-0.058771,0.000753,0.004415,0.038276,0.043564,0.019675,0.047720,-0.012205,-0.000907,-0.009677,-0.014212,0.130900,-0.152716,0.392699,0.043633,-0.130900,1.810779,0.261799,-0.785398,0.589049,0.850848,-0.632682,1.243547,0.473358,-0.009317,-0.001369,0.029936,0.204885,0.094563,0.168307,0.262306,-0.289825,-0.042794,0.014553,-0.462099,0.263819,-0.172591,0.244476,-0.007063,0.117769,0.212202,-0.039610,-0.019919,0.050923,-0.115604,-0.296319,-0.055837
1788548286.130147,-0.004253,-0.001003,0.002127,0.015873,0.149205,0.069810,0.015873,0.149205,0.069810,0.000000,0.000000,0.000000,0.097618,-0.065709,0.012105,0.008604,0.027504,0.077849,0.019871,0.025047,-0.017185,-0.011392,-0.032391,-0.017149,-0.239983,-0.305433,0.589049,0.109083,-0.458149,1.898046,0.000000,-1.308997,-1.069014,-0.981748,-1.199914,-1.047198,0.447850,-0.261167,-0.179315,0.013006,0.245889,-0.054334,-0.016664,0.188855,-0.191338,0.107745,-0.026007,-0.274386,0.269552,-0.217355,0.131065,0.050979,0.112247,0.169088,-0.040960,0.219874,0.006223,-0.125140,-0.262147,0.133232
1788548286.149584,-0.005316,-0.002373,0.002598,-0.320485,0.105130,0.013750,-0.320485,0.105130,0.013750,0.000000,0.000000,0.000000,0.088573,-0.064223,0.024915,0.007693,0.021223,0.085760,0.011542,0.000852,-0.010544,-0.018908,-0.055631,-0.017493,-0.283616,0.174533,0.589049,-0.043633,-0.196350,-0.501782,-0.327249,-0.763582,1.658063,-0.218166,-1.069014,0.501782,0.385943,-0.320265,0.032685,-0.023311,0.104420,0.111166,0.116723,0.311998,-0.009198,-0.094488,0.024393,-0.005872,0.421079,-0.238688,0.261778,0.028873,0.157159,0.279718,-0.014763,0.051541,-0.114137,0.239534,-0.000479,-0.161433
1788548286.170136,-0.005666,-0.003095,0.002401,0.049029,0.043877,0.063684,0.049029,0.043877,0.063684,0.000000,0.000000,0.000000,0.080844,-0.066603,0.033060,0.010256,0.022322,0.083603,0.001457,0.004757,-0.000020,-0.021695,-0.062410,0.002008,-0.239983,-0.043633,0.436332,-0.000000,0.065450,-0.523599,-0.392699,0.698132,0.000000,-0.218166,-0.043633,2.007129,0.407909,-0.321473,0.077395,0.073385,0.081136,0.420556,0.083683,-0.026973,-0.010939,0.024918,-0.078451,0.003741,0.442119,-0.294526,0.119245,0.043940,0.006340,0.363078,0.074950,0.022726,-0.092319,0.173531,0.030335,-0.122770
1788548286.190216,-0.005110,-0.003051,0.001124,0.071133,-0.038947,-0.033388,0.071133,-0.038947,-0.033388,0.000000,0.000000,0.000000,0.086497,-0.065120,0.045160,0.007854,0.029505,0.072206,-0.004684,0.021169,-0.011161,0.008049,-0.031139,-0.005824,0.283616,0.109083,0.305433,-0.087266,0.523599,-0.152716,-0.305433,0.763582,-1.221731,3.425209,2.007129,-2.334378,0.306907,-0.348995,0.150398,0.085225,-0.007494,0.568462,0.067680,-0.136192,-0.121271,-0.098089,-0.205274,-0.118096,0.504699,0.056946,0.037718,0.025420,0.195252,0.080620,0.215380,0.324389,-0.264847,-0.090654,0.021711,-0.510822
1788548286.210499,-0.004879,-0.002958,0.000782,0.235051,0.124704,-0.008620,0.235051,0.124704,-0.008620,0.000000,0.000000,0.000000,0.095543,-0.062783,0.039905,0.006479,0.028338,0.077720,0.002439,0.024646,-0.019366,0.033640,-0.008889,-0.021164,0.523599,0.021817,-0.218166,-0.109083,-0.305433,0.501782,0.218166,-0.523599,-0.021817,0.283616,0.763582,-0.218166,0.263819,-0.172591,0.244476,-0.007063,0.117769,0.212202,-0.039610,-0.019919,0.050923,-0.115604,-0.296319,-0.055837,0.480777,-0.228360,-0.172625,0.066316,0.284486,-0.102065,-0.106697,0.213710,-0.208921,0.118096,0.034976,-0.215000
1788548286.230243,-0.004751,-0.003020,0.001137,-0.385998,0.078631,-0.026730,-0.385998,0.078631,-0.026730,0.000000,0.000000,0.000000,0.103932,-0.046573,0.031056,0.006621,0.029257,0.071552,0.019478,0.031106,-0.036959,0.014859,-0.001826,-0.054609,0.218166,0.829032,-0.370883,0.196350,0.654498,-0.501782,0.872665,1.156281,-2.138028,-2.487094,0.021817,-4.254241,0.269552,-0.217355,0.131065,0.050979,0.112247,0.169088,-0.040960,0.219874,0.006223,-0.125140,-0.262147,0.133232,0.374053,-0.306256,0.051122,-0.068843,0.082035,0.088096,0.104278,0.363140,-0.062098,-0.156517,0.055869,-0.026524
1788548286.249712,-0.004269,-0.002632,0.001524,0.347836,-0.007123,0.009356,0.347836,-0.007123,0.009356,0.000000,0.000000,0.000000,0.105767,-0.049535,0.017991,0.009610,0.035939,0.049514,0.019505,0.045113,-0.051145,0.013866,0.005723,-0.078416,0.000000,-0.239983,-0.632682,0.043633,0.327249,-1.614430,-0.218166,0.458149,-0.021817,1.658063,0.370882,2.072578,0.421079,-0.238688,0.261778,0.028873,0.157159,0.279718,-0.014763,0.051541,-0.114137,0.239534,-0.000479,-0.161433,0.435407,-0.344910,-0.007588,0.096759,0.114457,0.408680,0.115739,-0.026779,-0.028663,0.060221,-0.036112,-0.038345
1788548286.270355,-0.004275,-0.002197,0.000622,0.015207,-0.033355,-0.050965,0.015207,-0.033355,-0.050965,0.000000,0.000000,0.000000,0.101442,-0.052134,0.009381,0.003741,0.039577,0.028739,0.009693,0.056973,-0.036190,-0.005357,0.007010,-0.040853,-0.087267,-0.239983,-0.676315,-0.414516,-0.327249,-0.218166,-0.589049,0.545416,1.723513,-2.748894,0.065450,2.334378,0.442119,-0.294526,0.119245,0.043940,0.006340,0.363078,0.074950,0.022726,-0.092319,0.173531,0.030335,-0.122770,0.322375,-0.383318,0.123754,0.105661,-0.011730,0.576210,0.044309,-0.083415,-0.127787,-0.028766,-0.151573,-0.109786
1788548286.289611,-0.003699,-0.002375,0.000491,-0.169616,0.058391,0.013484,-0.169616,0.058391,0.013484,0.000000,0.000000,0.000000,0.105399,-0.056331,0.001009,0.003973,0.038407,0.046362,0.018810,0.055121,-0.019391,-0.002706,-0.001430,-0.018483,0.218166,-0.327249,-0.043633,-0.000000,-0.065450,1.832596,0.545415,-1.025381,0.719949,1.548980,-0.479966,0.872664,0.504699,0.056946,0.037718,0.025420,0.195252,0.080620,0.215380,0.324389,-0.264847,-0.090654,0.021711,-0.510822,0.298666,-0.168072,0.209304,-0.006964,0.139994,0.163394,-0.076634,0.007968,0.062920,-0.127144,-0.264257,-0.065695
1788548286.309802,-0.003512,-0.002346,0.000794,0.138778,0.105130,0.081261,0.138778,0.105130,0.081261,0.000000,0.000000,0.000000,0.101262,-0.065652,0.009891,0.009400,0.029186,0.080881,0.021706,0.032974,-0.019904,-0.002758,-0.019890,-0.019260,-0.261799,-0.458149,0.370883,0.152716,-0.458149,2.072578,0.000000,-1.374447,-0.872665,-0.698132,-1.003564,-0.807215,0.480777,-0.228360,-0.172625,0.066316,0.284486,-0.102065,-0.106697,0.213710,-0.208921,0.118096,0.034976,-0.215000,0.258532,-0.225873,0.117820,0.052235,0.110594,0.191589,-0.042720,0.230332,0.011118,-0.150312,-0.293893,0.135414
1788548286.329943,-0.002706,-0.002241,0.002912,-0.428875,0.028431,0.001366,-0.428875,0.028431,0.001366,0.000000,0.000000,0.000000,0.093105,-0.064460,0.019490,0.008945,0.023143,0.084628,0.009565,0.010280,-0.010162,-0.015003,-0.045892,-0.018696,-0.501782,0.196350,0.545415,-0.000000,-0.021817,-1.047198,-0.567232,-0.807215,1.810779,-1.003564,-1.156281,0.349066,0.374053,-0.306256,0.051122,-0.068843,0.082035,0.088096,0.104278,0.363140,-0.062098,-0.156517,0.055869,-0.026524,0.432128,-0.274359,0.276012,0.044005,0.132268,0.345875,-0.035572,0.041712,-0.109273,0.268700,-0.029516,-0.178643
1788548286.349640,-0.002418,-0.002004,0.002609,0.281124,-0.073835,0.058092,0.281124,-0.073835,0.058092,0.000000,0.000000,0.000000,0.082009,-0.067449,0.028672,0.012212,0.024362,0.084587,-0.001640,0.013039,0.001550,-0.024242,-0.062462,0.001812,-0.458149,-0.065450,0.632682,0.021817,0.043633,-0.414516,-0.261799,0.501782,0.000000,-0.501782,-0.676315,2.116212,0.435407,-0.344910,-0.007588,0.096759,0.114457,0.408680,0.115739,-0.026779,-0.028663,0.060221,-0.036112,-0.038345,0.396942,-0.289974,0.171884,0.040464,-0.051574,0.459459,0.102331,-0.044058,-0.081588,0.129869,-0.053619,-0.084002
1788548286.370175,-0.002418,-0.002004,0.002609,-0.002769,-0.102198,-0.056158,-0.002769,-0.102198,-0.056158,0.000000,0.000000,0.000000,0.087329,-0.066672,0.042000,0.009078,0.029072,0.079097,-0.008286,0.025189,-0.009151,0.003746,-0.035892,-0.004899,0.261799,0.000000,0.370883,-0.196350,0.501782,0.370883,-0.349066,0.523599,-1.243547,3.992441,1.898046,-2.530727,0.322375,-0.383318,0.123754,0.105661,-0.011730,0.576210,0.044309,-0.083415,-0.127787,-0.028766,-0.151573,-0.109786,0.536314,0.065011,0.068646,0.031329,0.163579,0.093654,0.200830,0.350954,-0.254160,-0.150680,0.037488,-0.459196
1788548286.389545,-0.000241,0.000352,-0.001239,0.431193,0.013384,0.037186,0.431193,0.013384,0.037186,0.000000,0.000000,0.000000,0.093989,-0.064577,0.040132,0.006826,0.023113,0.089954,0.001518,0.023588,-0.016928,0.029304,-0.022764,-0.017632,0.414516,0.000000,-0.087266,-0.065450,-0.436332,0.785398,0.501782,-0.763582,0.218166,-0.305433,0.392699,0.392699,0.298666,-0.168072,0.209304,-0.006964,0.139994,0.163394,-0.076634,0.007968,0.062920,-0.127144,-0.264257,-0.065695,0.464285,-0.222209,-0.103666,0.058966,0.304455,-0.051854,-0.143794,0.254997,-0.170171,0.153536,0.010332,-0.167054
1788548286.410330,0.000197,0.000865,-0.001243,-0.424481,-0.011384,-0.046038,-0.424481,-0.011384,-0.046038,0.000000,0.000000,0.000000,0.105014,-0.048007,0.034522,0.006948,0.023023,0.081326,0.019920,0.027717,-0.034259,0.005848,-0.006674,-0.051999,0.370883,0.894481,-0.152716,0.130900,0.632682,-1.047198,0.829032,1.287180,-2.138028,-2.857977,0.829031,-4.101524,0.258532,-0.225873,0.117820,0.052235,0.110594,0.191589,-0.042720,0.230332,0.011118,-0.150312,-0.293893,0.135414,0.300332,-0.251607,0.065217,-0.119025,0.119661,0.116649,0.083193,0.340856,-0.108577,-0.120750,0.017954,-0.042162
1788548286.431377,0.000970,0.001602,-0.000691,0.424934,-0.094208,0.017745,0.424934,-0.094208,0.017745,0.000000,0.000000,0.000000,0.106061,-0.051596,0.025455,0.010207,0.031330,0.062070,0.017351,0.043021,-0.046244,0.010084,0.001632,-0.064688,-0.130900,-0.087266,-0.436332,0.109083,0.545415,-1.788963,-0.305433,0.654498,0.349066,2.399828,0.414516,2.159845,0.432128,-0.274359,0.276012,0.044005,0.132268,0.345875,-0.035572,0.041712,-0.109273,0.268700,-0.029516,-0.178643,0.444674,-0.328960,-0.004043,0.090460,0.087565,0.449055,0.142965,-0.034629,-0.043290,0.100216,-0.022060,-0.060680
1788548286.450550,0.001234,0.001965,-0.000781,0.025726,-0.081425,-0.032988,0.025726,-0.081425,-0.032988,0.000000,0.000000,0.000000,0.098270,-0.051403,0.015926,0.001797,0.041584,0.040978,0.005892,0.059397,-0.036831,0.000880,0.001016,-0.036149,-0.261799,-0.087266,-0.698132,-0.545415,-0.109083,-0.436332,-0.610865,0.698132,0.916298,-2.508911,-0.043633,1.723512,0.396942,-0.289974,0.171884,0.040464,-0.051574,0.459459,0.102331,-0.044058,-0.081588,0.129869,-0.053619,-0.084002,0.347931,-0.400862,0.093919,0.083700,-0.007673,0.546536,0.055838,-0.007548,-0.117497,0.076979,-0.090195,-0.083749
1788548286.470076,0.001525,0.002127,-0.000685,-0.209431,-0.109921,-0.031390,-0.209431,-0.109921,-0.031390,0.000000,0.000000,0.000000,0.102434,-0.053849,0.005691,0.000682,0.039571,0.053932,0.015840,0.057892,-0.025707,0.000907,-0.002145,-0.019893,0.349066,-0.261799,-0.239983,-0.130900,-0.239983,1.985312,0.719948,-1.679880,0.981748,1.941679,-0.479966,0.545415,0.536314,0.065011,0.068646,0.031329,0.163579,0.093654,0.200830,0.350954,-0.254160,-0.150680,0.037488,-0.459196,0.345231,-0.183218,0.159158,0.014195,0.190180,0.120956,-0.111314,0.080064,0.033977,-0.086264,-0.196321,-0.081613
1788548286.489923,0.002316,0.001646,0.000063,0.163412,-0.000332,0.047040,0.163412,-0.000332,0.047040,0.000000,0.000000,0.000000,0.100032,-0.062731,0.011609,0.004530,0.027463,0.085432,0.023481,0.037531,-0.022295,0.012688,-0.011602,-0.018881,-0.043633,-0.479966,0.196350,0.305433,-0.545415,1.658063,0.130900,-1.287180,-0.654498,0.218166,-0.545415,-0.436332,0.464285,-0.222209,-0.103666,0.058966,0.304455,-0.051854,-0.143794,0.254997,-0.170171,0.153536,0.010332,-0.167054,0.326791,-0.231283,0.059526,0.038927,0.180636,0.072175,-0.099573,0.223807,-0.006029,-0.095757,-0.191129,0.085833
1788548286.510028,0.002316,0.001646,0.000063,-0.390259,0.027898,-0.010351,-0.390259,0.027898,-0.010351,0.000000,0.000000,0.000000,0.095909,-0.063156,0.015523,0.008162,0.024013,0.084827,0.011739,0.020460,-0.013481,-0.001160,-0.031346,-0.019876,-0.218166,0.196350,0.261799,0.130900,0.239983,-1.330814,-0.676315,-0.349066,1.439897,-1.483530,-1.025381,-0.000000,0.300332,-0.251607,0.065217,-0.119025,0.119661,0.116649,0.083193,0.340856,-0.108577,-0.120750,0.017954,-0.042162,0.426616,-0.324612,0.233292,0.069708,0.098359,0.378928,-0.041684,0.069049,-0.096194,0.234595,-0.054259,-0.138060
1788548286.529914,0.002099,0.000957,0.000645,0.195902,-0.074234,0.075136,0.195902,-0.074234,0.075136,0.000000,0.000000,0.000000,0.088728,-0.067871,0.021762,0.012040,0.030626,0.076839,-0.007226,0.025813,-0.003337,-0.012251,-0.041584,-0.002832,-0.283616,-0.087267,0.349066,0.043633,0.305433,-0.850848,-0.829032,0.458149,0.000000,-0.458149,-0.174533,1.701696,0.444674,-0.328960,-0.004043,0.090460,0.087565,0.449055,0.142965,-0.034629,-0.043290,0.100216,-0.022060,-0.060680,0.395809,-0.282900,0.158589,0.015927,-0.054503,0.497194,0.093677,-0.011314,-0.082272,0.129505,-0.054263,-0.079196
1788548286.549938,0.001604,-0.000140,0.000596,0.135049,-0.172904,-0.035385,0.135049,-0.172904,-0.035385,0.000000,0.000000,0.000000,0.092230,-0.069767,0.032913,0.011764,0.034166,0.074426,-0.015589,0.034384,-0.010462,0.011723,-0.027850,-0.009072,0.305433,-0.043633,0.283616,-0.283616,-0.065450,1.003564,-0.349066,0.087266,-0.850848,3.097960,0.807215,-1.679880,0.347931,-0.400862,0.093919,0.083700,-0.007673,0.546536,0.055838,-0.007548,-0.117497,0.076979,-0.090195,-0.083749,0.506864,-0.082537,-0.010515,0.032729,0.109021,0.035235,0.064016,0.279655,-0.168242,-0.124595,0.017292,-0.297155
1788548286.570346,0.002420,0.000195,-0.000829,0.211615,-0.047869,0.003630,0.211615,-0.047869,0.003630,0.000000,0.000000,0.000000,0.097335,-0.066118,0.029267,0.005849,0.024414,0.089357,-0.003822,0.029999,-0.016645,0.029517,-0.020874,-0.017062,0.436332,0.087267,-0.065450,-0.174533,-0.589049,1.025381,0.654499,-0.589049,0.043633,-0.261799,0.130900,0.261799,0.345231,-0.183218,0.159158,0.014195,0.190180,0.120956,-0.111314,0.080064,0.033977,-0.086264,-0.196321,-0.081613,0.457125,-0.225022,-0.063347,0.092398,0.274556,-0.050157,-0.137555,0.254847,-0.106784,0.064441,-0.001180,-0.084846
1788548286.590026,0.002420,0.000195,-0.000829,-0.378408,-0.001530,-0.058821,-0.378408,-0.001530,-0.058821,0.000000,0.000000,0.000000,0.104698,-0.057446,0.022509,0.004996,0.019950,0.079362,0.010460,0.031014,-0.026541,0.006844,-0.007498,-0.041216,0.218166,0.436332,-0.261799,0.087266,0.349066,-2.334378,0.632682,0.872665,-1.243547,-2.683444,0.719948,-2.399828,0.326791,-0.231283,0.059526,0.038927,0.180636,0.072175,-0.099573,0.223807,-0.006029,-0.095757,-0.191129,0.085833,0.283108,-0.238962,0.091912,-0.046915,0.054526,0.414892,0.093332,0.238002,0.021969,-0.068194,-0.064187,0.084618
1788548286.610146,0.002852,0.000036,-0.000440,0.186049,-0.046937,0.031860,0.186049,-0.046937,0.031860,0.000000,0.000000,0.000000,0.105121,-0.060492,0.018460,0.011792,0.025859,0.062953,0.004812,0.040989,-0.031532,0.006086,-0.002439,-0.040889,-0.218166,-0.087267,-0.174533,0.370883,0.545415,-1.941679,-0.458149,0.458149,0.349066,1.221731,0.327249,1.767146,0.426616,-0.324612,0.233292,0.069708,0.098359,0.378928,-0.041684,0.069049,-0.096194,0.234595,-0.054259,-0.138060,0.428375,-0.323273,0.075447,0.074167,0.052201,0.466497,0.090711,0.006798,-0.030250,0.117215,-0.012490,-0.033731
1788548286.630121,0.003143,-0.000058,0.000011,0.207221,-0.033754,0.021340,0.207221,-0.033754,0.021340,0.000000,0.000000,0.000000,0.097128,-0.060481,0.015932,0.008399,0.033135,0.063079,-0.001171,0.052762,-0.015172,-0.004986,-0.011880,-0.008377,-0.196350,-0.021817,-0.458149,-0.327249,-0.283616,1.614430,-0.218166,0.523599,1.701696,-1.178097,-0.589049,2.312561,0.395809,-0.282900,0.158589,0.015927,-0.054503,0.497194,0.093677,-0.011314,-0.082272,0.129505,-0.054263,-0.079196,0.348539,-0.360709,0.119023,0.036327,0.048112,0.462366,0.086885,-0.058811,-0.116966,0.034977,-0.169016,-0.090393
1788548286.650135,0.003983,-0.000164,0.001644,-0.281736,-0.067976,-0.064813,-0.281736,-0.067976,-0.064813,0.000000,0.000000,0.000000,0.100146,-0.060309,0.012242,0.006725,0.031202,0.083144,0.010416,0.045950,-0.005794,0.008172,-0.007604,-0.000408,0.196350,-0.109083,0.174533,-0.283616,-0.087267,0.872665,0.741765,-0.741765,-0.261799,1.614430,0.349066,-0.567232,0.506864,-0.082537,-0.010515,0.032729,0.109021,0.035235,0.064016,0.279655,-0.168242,-0.124595,0.017292,-0.297155,0.491204,-0.159029,0.112090,0.083709,0.143415,-0.009701,-0.055462,0.194326,-0.008860,-0.118520,-0.022782,-0.068787
1788548286.669933,0.003983,-0.000164,0.001644,0.112679,0.023371,0.061687,0.112679,0.023371,0.061687,0.000000,0.000000,0.000000,0.097782,-0.063584,0.017655,0.007093,0.022955,0.099444,0.019827,0.025881,-0.015099,0.012399,-0.024788,-0.010618,-0.087266,-0.458149,0.414516,0.370883,-0.087267,0.676315,0.261799,-1.069014,-1.069014,-0.436332,-1.047198,-0.763582,0.457125,-0.225022,-0.063347,0.092398,0.274556,-0.050157,-0.137555,0.254847,-0.106784,0.064441,-0.001180,-0.084846,0.374926,-0.214200,0.095012,0.031869,0.153058,0.093140,-0.068422,0.222824,-0.017319,-0.024863,-0.100636,0.060875
1788548286.690549,0.003983,-0.000164,0.001644,-0.237128,0.068245,0.006693,-0.237128,0.068245,0.006693,0.000000,0.000000,0.000000,0.100812,-0.062971,0.021034,0.011925,0.023978,0.083095,0.010743,0.020040,-0.014275,-0.007015,-0.015791,-0.015562,0.087267,0.196350,-0.000000,0.174533,0.174533,-2.290745,-0.545415,0.436332,1.047198,-1.527163,0.785398,-0.021817,0.283108,-0.238962,0.091912,-0.046915,0.054526,0.414892,0.093332,0.238002,0.021969,-0.068194,-0.064187,0.084618,0.361117,-0.291286,0.127885,-0.001939,0.111464,0.490049,-0.007174,0.223803,-0.119657,0.246940,0.011320,-0.062657
1788548286.709643,0.004155,-0.000820,0.000805,0.135848,-0.049067,0.007492,0.135848,-0.049067,0.007492,0.000000,0.000000,0.000000,0.098297,-0.066947,0.025127,0.014292,0.027318,0.066692,-0.000686,0.029808,-0.007626,-0.008627,-0.020833,-0.002243,-0.043633,-0.087267,0.196350,0.021817,0.043633,-1.308997,-0.305433,0.523599,0.130900,0.349066,-0.327249,1.418080,0.428375,-0.323273,0.075447,0.074167,0.052201,0.466497,0.090711,0.006798,-0.030250,0.117215,-0.012490,-0.033731,0.431493,-0.285757,0.136851,0.056921,0.025815,0.442555,0.076149,0.027839,-0.063996,0.160331,-0.001807,-0.076088
1788548286.730114,0.004393,-0.000939,-0.000972,0.011745,-0.029094,-0.045905,0.011745,-0.029094,-0.045905,0.000000,0.000000,0.000000,0.098131,-0.066947,0.025572,0.008691,0.031654,0.074221,-0.006356,0.046754,-0.014749,0.017553,-0.009759,-0.003563,-0.065450,-0.065450,-0.000000,-0.436332,0.196350,1.985312,-0.283616,0.785398,-1.156281,2.923427,0.632682,-1.003564,0.348539,-0.360709,0.119023,0.036327,0.048112,0.462366,0.086885,-0.058811,-0.116966,0.034977,-0.169016,-0.090393,0.503780,-0.107018,0.004408,0.018534,0.090174,0.057339,0.065087,0.287447,-0.174153,-0.165385,0.034241,-0.300541
1788548286.750505,0.005174,-0.001463,-0.001498,0.016672,0.053731,-0.003960,0.016672,0.053731,-0.003960,0.000000,0.000000,0.000000,0.101592,-0.063492,0.023038,0.005438,0.029080,0.092757,0.001978,0.043834,-0.019137,0.036416,-0.004785,-0.010760,0.196350,0.043633,-0.000000,-0.109083,-0.305433,0.829032,0.479966,-0.523599,0.370883,0.065450,0.021817,-0.327249,0.491204,-0.159029,0.112090,0.083709,0.143415,-0.009701,-0.055462,0.194326,-0.008860,-0.118520,-0.022782,-0.068787,0.450377,-0.202054,0.050010,0.073414,0.210086,0.029455,-0.057806,0.226306,-0.059717,0.022551,-0.001824,-0.067410
1788548286.770170,0.005320,-0.001748,-0.001251,-0.125807,0.068378,-0.009553,-0.125807,0.068378,-0.009553,0.000000,0.000000,0.000000,0.105936,-0.056835,0.020767,0.006771,0.024349,0.077739,0.011373,0.041535,-0.025589,0.011515,0.002189,-0.035426,0.261799,0.414516,-0.109083,0.109083,0.152716,-1.919863,0.392699,0.741765,-1.374447,-3.381576,0.523599,-2.770710,0.374926,-0.214200,0.095012,0.031869,0.153058,0.093140,-0.068422,0.222824,-0.017319,-0.024863,-0.100636,0.060875,0.294729,-0.294663,0.076598,-0.068101,0.032656,0.502521,0.106162,0.227365,0.030230,-0.048227,-0.132797,0.106920
1788548286.790115,0.005320,-0.001748,-0.001251,0.065807,0.003929,0.029862,0.065807,0.003929,0.029862,0.000000,0.000000,0.000000,0.106089,-0.059813,0.021195,0.011557,0.026298,0.063373,0.008774,0.045205,-0.027648,-0.000746,0.001368,-0.040128,-0.196350,-0.065450,-0.218166,0.152716,0.283616,-1.352630,-0.087267,0.021817,0.938115,1.069014,-0.043633,1.985312,0.361117,-0.291286,0.127885,-0.001939,0.111464,0.490049,-0.007174,0.223803,-0.119657,0.246940,0.011320,-0.062657,0.418574,-0.306459,0.144574,0.066921,0.056745,0.448310,0.062435,-0.005498,-0.017488,0.089414,-0.055605,-0.037789
1788548286.810481,0.005320,-0.001748,-0.001251,0.270737,0.017378,0.013484,0.270737,0.017378,0.013484,0.000000,0.000000,0.000000,0.099165,-0.062066,0.017374,0.006455,0.028848,0.070344,0.007261,0.050957,-0.010086,-0.006426,-0.017831,-0.005087,-0.261799,-0.087267,-0.283616,-0.218166,-0.436332,2.225295,0.065450,0.218166,1.374447,-0.567232,-1.134464,2.312561,0.431493,-0.285757,0.136851,0.056921,0.025815,0.442555,0.076149,0.027839,-0.063996,0.160331,-0.001807,-0.076088,0.308272,-0.305580,0.149724,0.038936,0.092485,0.417855,0.112647,-0.033347,-0.063376,-0.015610,-0.213263,-0.044089
1788548286.830496,0.005320,-0.001748,-0.001251,-0.329672,0.084756,-0.022336,-0.329672,0.084756,-0.022336,0.000000,0.000000,0.000000,0.100531,-0.059516,0.018528,0.005449,0.026677,0.087944,0.013558,0.042778,-0.003040,0.006347,-0.016315,0.000127,0.043633,0.000000,0.261799,-0.261799,-0.174533,0.567232,0.283616,-0.589049,-0.305433,1.287180,0.392699,-0.741765,0.503780,-0.107018,0.004408,0.018534,0.090174,0.057339,0.065087,0.287447,-0.174153,-0.165385,0.034241,-0.300541,0.501819,-0.146783,0.131010,0.064509,0.109234,-0.000757,-0.048210,0.192927,-0.023540,-0.099017,0.015382,-0.082395
1788548286.850551,0.001288,-0.001392,0.001852,0.162213,0.137487,0.093512,0.162213,0.137487,0.093512,0.000000,0.000000,0.000000,0.096375,-0.061676,0.024304,0.007674,0.021616,0.097175,0.019383,0.024496,-0.009014,0.004528,-0.035134,-0.005584,-0.174533,-0.218166,0.436332,0.218166,0.000000,0.174533,0.152716,-0.959931,-0.567232,-0.872665,-1.090831,-0.218166,0.450377,-0.202054,0.050010,0.073414,0.210086,0.029455,-0.057806,0.226306,-0.059717,0.022551,-0.001824,-0.067410,0.390003,-0.208639,0.135504,0.036606,0.168427,0.147675,-0.038181,0.179234,-0.052843,0.072054,-0.049113,0.007401
1788548286.870203,0.000962,-0.002372,0.002098,-0.244984,0.100336,-0.008887,-0.244984,0.100336,-0.008887,0.000000,0.000000,0.000000,0.099636,-0.060724,0.029264,0.010802,0.025548,0.084426,0.012328,0.019244,-0.010629,-0.007689,-0.017915,-0.012830,0.239983,0.261799,0.021817,0.043633,0.087266,-1.330814,-0.436332,0.785398,0.458149,-0.763582,1.592613,-0.589049,0.294729,-0.294663,0.076598,-0.068101,0.032656,0.502521,0.106162,0.227365,0.030230,-0.048227,-0.132797,0.106920,0.347047,-0.170774,0.077885,-0.064908,0.208407,0.264552,0.051417,0.271210,-0.206318,0.185117,-0.004231,-0.146152
1788548286.890179,0.000937,-0.002741,0.000860,0.375932,-0.053861,-0.006889,0.375932,-0.053861,-0.006889,0.000000,0.000000,0.000000,0.097954,-0.063129,0.031661,0.012176,0.025371,0.065198,0.002652,0.028368,-0.010315,0.001223,-0.014368,-0.007814,-0.021817,-0.065450,0.130900,-0.000000,0.283616,-1.199914,-0.370883,0.632682,-0.479966,1.178097,-0.130900,0.959931,0.418574,-0.306459,0.144574,0.066921,0.056745,0.448310,0.062435,-0.005498,-0.017488,0.089414,-0.055605,-0.037789,0.460602,-0.269613,0.008255,0.049584,0.088847,0.354198,0.101204,0.064815,-0.107968,0.155865,0.020986,-0.166049
1788548286.910176,0.001153,-0.002705,-0.000562,-0.095181,0.081561,-0.060019,-0.095181,0.081561,-0.060019,0.000000,0.000000,0.000000,0.097951,-0.056224,0.025815,0.004041,0.036645,0.057177,0.001635,0.045164,-0.026181,0.023427,-0.008526,-0.017741,-0.174533,0.283616,-0.261799,-0.436332,0.654499,-0.000000,0.000000,0.894481,-1.701696,1.483530,0.218166,-1.483530,0.308272,-0.305580,0.149724,0.038936,0.092485,0.417855,0.112647,-0.033347,-0.063376,-0.015610,-0.213263,-0.044089,0.498156,-0.122339,-0.056795,0.061382,0.166939,0.009182,0.114311,0.248409,-0.224216,-0.046342,0.127408,-0.356256
1788548286.930264,0.001786,-0.002826,-0.000736,-0.073476,0.121375,0.004695,-0.073476,0.121375,0.004695,0.000000,0.000000,0.000000,0.102298,-0.053448,0.017614,0.000033,0.039113,0.072503,0.010888,0.046566,-0.033602,0.034755,-0.001643,-0.029688,0.196350,-0.109083,-0.196350,-0.043633,-0.392699,0.763582,0.349066,-0.567232,0.829032,0.087267,0.218166,-0.523599,0.501819,-0.146783,0.131010,0.064509,0.109234,-0.000757,-0.048210,0.192927,-0.023540,-0.099017,0.015382,-0.082395,0.449886,-0.214472,0.072965,0.062778,0.217304,0.059002,-0.029704,0.183314,-0.046001,0.020841,-0.031654,-0.064116
1788548286.950689,0.002072,-0.002939,-0.000227,-0.111560,0.097540,0.006959,-0.111560,0.097540,0.006959,0.000000,0.000000,0.000000,0.106972,-0.047468,0.013393,0.004369,0.035167,0.069779,0.017989,0.044867,-0.039929,0.017204,0.015898,-0.055288,0.261799,0.152716,-0.130900,0.305433,0.239983,-0.567232,0.218166,0.392699,-1.352630,-1.767146,0.938115,-2.465278,0.390003,-0.208639,0.135504,0.036606,0.168427,0.147675,-0.038181,0.179234,-0.052843,0.072054,-0.049113,0.007401,0.366311,-0.315800,0.019404,-0.041601,0.181858,0.164882,0.067157,0.252498,-0.032986,-0.035237,-0.090071,0.041643
1788548286.969552,0.001614,-0.002999,0.001726,0.339180,-0.028961,0.033458,0.339180,-0.028961,0.033458,0.000000,0.000000,0.000000,0.106855,-0.052973,0.016005,0.010870,0.033934,0.049547,0.016197,0.045028,-0.034772,0.006129,0.005674,-0.050384,-0.021817,-0.087267,0.021817,0.152716,0.043633,-1.199914,-0.021817,0.021817,1.679880,-0.000000,-0.632682,2.661627,0.347047,-0.170774,0.077885,-0.064908,0.208407,0.264552,0.051417,0.271210,-0.206318,0.185117,-0.004231,-0.146152,0.347657,-0.359896,0.125739,0.073354,-0.009737,0.550755,0.017608,-0.085240,-0.082290,-0.037412,-0.151486,-0.089107
1788548286.989955,0.001381,-0.002847,0.001821,0.004421,0.062253,-0.032855,0.004421,0.062253,-0.032855,0.000000,0.000000,0.000000,0.103689,-0.056519,0.010756,0.007145,0.041082,0.041464,0.009453,0.049179,-0.018016,-0.001098,-0.010550,-0.017368,-0.327249,-0.349066,-0.109083,-0.327249,0.174533,0.305433,-0.349066,0.218166,0.632682,-0.698132,-0.872665,1.919863,0.460602,-0.269613,0.008255,0.049584,0.088847,0.354198,0.101204,0.064815,-0.107968,0.155865,0.020986,-0.166049,0.337336,-0.293677,0.202981,0.059584,-0.006222,0.474586,0.089394,-0.085357,-0.063255,0.013040,-0.183400,-0.076195
1788548287.010028,0.001051,-0.002560,0.001663,-0.089056,0.053864,0.026134,-0.089056,0.053864,0.026134,0.000000,0.000000,0.000000,0.100212,-0.061149,0.014590,0.005470,0.035859,0.070191,0.009854,0.040599,-0.015718,-0.004449,-0.025633,-0.013285,-0.065450,-0.218166,0.087267,-0.327249,-0.523599,2.203478,0.065450,-0.698132,-0.370883,-0.109083,-0.698132,-0.610865,0.498156,-0.122339,-0.056795,0.061382,0.166939,0.009182,0.114311,0.248409,-0.224216,-0.046342,0.127408,-0.356256,0.266272,-0.205875,0.142828,0.058492,0.104267,0.210176,-0.020326,0.147445,0.048647,-0.149431,-0.266566,0.040798
1788548287.030125,0.001051,-0.002997,0.001367,-0.052970,0.064117,0.049037,-0.052970,0.064117,0.049037,0.000000,0.000000,0.000000,0.098652,-0.064711,0.023794,0.008023,0.019118,0.095070,0.011927,0.015947,-0.016705,-0.000457,-0.037090,-0.016838,0.000000,-0.196350,0.545415,0.087266,-0.719948,0.981748,0.109083,-1.330814,0.109083,0.523599,-0.523599,-0.152716,0.449886,-0.214472,0.072965,0.062778,0.217304,0.059002,-0.029704,0.183314,-0.046001,0.020841,-0.031654,-0.064116,0.399767,-0.160502,0.066609,0.061983,0.211390,-0.044213,-0.158685,0.224603,-0.080384,0.020546,0.045200,-0.049013
1788548287.050153,0.001079,-0.003401,0.001074,-0.041385,0.105130,0.026533,-0.041385,0.105130,0.026533,0.000000,0.000000,0.000000,0.090010,-0.065283,0.029267,0.012007,0.014580,0.093876,0.012009,0.008853,-0.007154,-0.015603,-0.051317,-0.006855,-0.327249,0.152716,0.087267,0.130900,0.087266,-0.130900,-0.021817,0.305433,1.047198,-1.178097,-0.698132,1.069014,0.366311,-0.315800,0.019404,-0.041601,0.181858,0.164882,0.067157,0.252498,-0.032986,-0.035237,-0.090071,0.041643,0.391049,-0.323424,0.167931,0.040674,0.066707,0.386651,0.082685,0.043264,-0.092885,0.152520,-0.081260,-0.075527
1788548287.069905,0.001631,-0.003626,0.000494,-0.053503,-0.066911,-0.005425,-0.053503,-0.066911,-0.005425,0.000000,0.000000,0.000000,0.088458,-0.065103,0.030284,0.013922,0.024528,0.072841,-0.005363,0.023135,-0.007171,-0.006819,-0.023691,-0.006966,0.021817,0.174533,-0.000000,-0.000000,0.785398,-1.679879,-1.156281,1.003564,-1.199914,1.287180,2.487095,-0.676315,0.347657,-0.359896,0.125739,0.073354,-0.009737,0.550755,0.017608,-0.085240,-0.082290,-0.037412,-0.151486,-0.089107,0.300559,-0.011137,0.082515,-0.077165,0.205865,0.251837,0.211231,0.246799,-0.209646,0.015855,-0.067821,-0.383530
1788548287.090312,0.002135,-0.003280,-0.000187,0.481260,-0.084088,0.024403,0.481260,-0.084088,0.024403,0.000000,0.000000,0.000000,0.091654,-0.067672,0.032204,0.012190,0.029424,0.065765,-0.009072,0.031810,-0.016037,0.014567,-0.020506,-0.012058,0.392699,-0.043633,-0.000000,-0.196350,-0.109083,1.221731,0.087266,-0.152716,-0.218166,1.527163,-0.501782,-0.305433,0.337336,-0.293677,0.202981,0.059584,-0.006222,0.474586,0.089394,-0.085357,-0.063255,0.013040,-0.183400,-0.076195,0.479029,-0.216648,-0.121856,0.061299,0.170301,0.008697,-0.016897,0.172930,-0.168037,0.100735,0.024853,-0.288299
1788548287.110102,0.002363,-0.002999,-0.000482,-0.178139,-0.002595,-0.057489,-0.178139,-0.002595,-0.057489,0.000000,0.000000,0.000000,0.092521,-0.049393,0.022193,0.002127,0.034616,0.068882,0.013214,0.038944,-0.030125,0.013307,-0.019620,-0.041560,-0.021817,0.894481,-0.283616,-0.501782,0.719948,-0.109083,1.178097,0.719948,-1.548980,-0.938114,0.021817,-3.512475,0.266272,-0.205875,0.142828,0.058492,0.104267,0.210176,-0.020326,0.147445,0.048647,-0.149431,-0.266566,0.040798,0.439066,-0.231864,-0.052598,0.010980,0.217373,0.018463,0.114816,0.407879,-0.101834,-0.081961,0.129575,-0.185768
1788548287.129483,0.002363,-0.002999,-0.000482,0.037977,0.026966,-0.008088,0.037977,0.026966,-0.008088,0.000000,0.000000,0.000000,0.097987,-0.048989,0.011451,0.001813,0.038641,0.052710,0.020392,0.042915,-0.041033,0.017872,-0.004362,-0.066769,0.174533,-0.109083,-0.458149,0.043633,0.043633,-1.548980,-0.021817,-0.000000,-0.021817,0.741765,0.981748,0.021817,0.399767,-0.160502,0.066609,0.061983,0.211390,-0.044213,-0.158685,0.224603,-0.080384,0.020546,0.045200,-0.049013,0.435463,-0.224863,0.047938,0.050552,0.144298,0.231457,0.058806,0.101866,-0.007740,0.002184,-0.044785,0.007069
1788548287.149673,0.002920,-0.001648,0.000660,-0.026605,-0.043342,-0.013281,-0.026605,-0.043342,-0.013281,0.000000,0.000000,0.000000,0.099497,-0.046718,0.008020,0.004879,0.038810,0.045096,0.015207,0.054562,-0.036163,0.003626,0.013626,-0.058312,0.087266,-0.218166,-0.392699,0.327249,0.000000,-0.349066,-0.305433,0.916298,0.654499,-1.745329,0.894481,1.047198,0.391049,-0.323424,0.167931,0.040674,0.066707,0.386651,0.082685,0.043264,-0.092885,0.152520,-0.081260,-0.075527,0.343129,-0.386076,0.096886,0.035547,0.075856,0.430285,0.097168,0.057917,-0.082292,0.121889,-0.101955,-0.029380
1788548287.170200,0.003679,-0.001580,0.000814,0.141174,0.002731,0.039849,0.141174,0.002731,0.039849,0.000000,0.000000,0.000000,0.101455,-0.051594,0.006725,0.008525,0.040441,0.042525,0.019519,0.056812,-0.019595,-0.001414,0.001845,-0.027264,0.196350,-0.109083,0.021817,0.065450,-0.152716,0.283616,0.239983,-0.305433,1.374447,0.327249,-0.719948,2.399828,0.300559,-0.011137,0.082515,-0.077165,0.205865,0.251837,0.211231,0.246799,-0.209646,0.015855,-0.067821,-0.383530,0.335031,-0.292992,0.171874,0.021679,0.059122,0.381282,0.006500,-0.091710,-0.018798,-0.040385,-0.203019,-0.125721
1788548287.190094,0.004092,-0.001691,0.000509,-0.093583,0.010721,-0.022735,-0.093583,0.010721,-0.022735,0.000000,0.000000,0.000000,0.100215,-0.060353,0.007420,0.008031,0.036945,0.060466,0.018414,0.047763,-0.015611,0.012172,-0.013713,-0.011444,-0.152716,-0.436332,0.152716,-0.021817,-0.174533,1.308997,-0.021817,-0.589049,-0.545415,1.287180,-0.807215,0.239983,0.479029,-0.216648,-0.121856,0.061299,0.170301,0.008697,-0.016897,0.172930,-0.168037,0.100735,0.024853,-0.288299,0.327015,-0.178336,0.171081,0.029923,0.095270,0.148011,-0.024949,0.107245,0.042080,-0.115043,-0.179858,0.007241
1788548287.210911,0.005009,-0.002358,-0.000311,-0.227807,0.002198,0.043711,-0.227807,0.002198,0.043711,0.000000,0.000000,0.000000,0.096094,-0.061577,0.017186,0.006139,0.029135,0.081691,0.016729,0.024602,-0.012421,0.005925,-0.033645,-0.019544,-0.218166,-0.021817,0.567232,-0.021817,-0.436332,0.719949,0.000000,-0.959931,0.610865,-1.265364,-0.981748,-0.807215,0.439066,-0.231864,-0.052598,0.010980,0.217373,0.018463,0.114816,0.407879,-0.101834,-0.081961,0.129575,-0.185768,0.366404,-0.175916,0.230866,0.051563,0.163252,0.239525,0.009969,0.109391,-0.028588,0.067057,-0.141980,-0.027589
1788548287.230206,0.005277,-0.002615,-0.000599,0.031186,-0.026297,0.047040,0.031186,-0.026297,0.047040,0.000000,0.000000,0.000000,0.091662,-0.062098,0.028599,0.008511,0.024079,0.082836,0.008851,0.013975,-0.003178,-0.010610,-0.039991,-0.012074,-0.065450,0.109083,0.676315,-0.000000,-0.283616,-0.283616,-0.392699,0.109083,0.829032,-0.894481,0.000000,1.047198,0.435463,-0.224863,0.047938,0.050552,0.144298,0.231457,0.058806,0.101866,-0.007740,0.002184,-0.044785,0.007069,0.409343,-0.242065,0.197978,0.026364,0.084791,0.356656,0.023811,0.065290,-0.095168,0.184695,-0.046832,-0.099955
1788548287.250206,0.005696,-0.002861,-0.001240,0.108018,-0.135354,0.021473,0.108018,-0.135354,0.021473,0.000000,0.000000,0.000000,0.090651,-0.062889,0.039952,0.011159,0.026874,0.072539,0.003890,0.015862,-0.001646,-0.002046,-0.037706,-0.007395,-0.021817,0.087266,0.349066,0.043633,0.349066,-0.567232,-0.218166,0.370883,-0.719948,1.418080,0.261799,-0.000000,0.343129,-0.386076,0.096886,0.035547,0.075856,0.430285,0.097168,0.057917,-0.082292,0.121889,-0.101955,-0.029380,0.462571,-0.151456,0.063629,0.010486,0.144657,0.157553,0.080522,0.155996,-0.123764,0.100577,0.028461,-0.191194
1788548287.270134,0.006267,-0.002190,-0.002608,0.121068,-0.041344,-0.040845,0.121068,-0.041344,-0.040845,0.000000,0.000000,0.000000,0.093923,-0.058875,0.041105,0.008137,0.031559,0.074603,0.005153,0.022669,-0.010651,0.022906,-0.024730,-0.014474,0.130900,0.043633,-0.000000,-0.065450,-0.043633,0.152716,-0.065450,-0.000000,-0.698132,1.570796,0.741765,-0.719948,0.335031,-0.292992,0.171874,0.021679,0.059122,0.381282,0.006500,-0.091710,-0.018798,-0.040385,-0.203019,-0.125721,0.507162,-0.156061,-0.077655,0.056404,0.198968,-0.013481,0.027617,0.209300,-0.187463,0.039348,0.028527,-0.284769
1788548287.290425,0.006837,-0.001971,-0.002652,-0.138990,-0.041744,-0.019939,-0.138990,-0.041744,-0.019939,0.000000,0.000000,0.000000,0.100861,-0.050061,0.034528,0.004898,0.031139,0.076065,0.009276,0.024534,-0.020959,0.029917,-0.007981,-0.029855,0.239983,0.283616,-0.130900,-0.021817,0.305433,-0.109083,0.174533,0.283616,-0.654498,-0.327249,0.785398,-1.221731,0.327015,-0.178336,0.171081,0.029923,0.095270,0.148011,-0.024949,0.107245,0.042080,-0.115043,-0.179858,0.007241,0.445758,-0.210158,-0.041843,0.027313,0.207423,0.009498,-0.006075,0.275765,-0.180879,0.052504,0.045846,-0.181825
1788548287.311409,0.007084,-0.001985,-0.002239,0.100828,-0.072903,0.041713,0.100828,-0.072903,0.041713,0.000000,0.000000,0.000000,0.103523,-0.051054,0.024636,0.008457,0.034493,0.056790,0.014051,0.033367,-0.031987,0.021622,0.001561,-0.050949,0.152716,0.000000,-0.523599,0.130900,0.414516,-1.112647,0.283616,0.632682,-0.959931,-0.698132,0.436332,-1.418080,0.366404,-0.175916,0.230866,0.051563,0.163252,0.239525,0.009969,0.109391,-0.028588,0.067057,-0.141980,-0.027589,0.341465,-0.323567,-0.041787,-0.026139,0.190045,0.253250,0.053924,0.141011,-0.061202,0.093084,-0.086851,-0.077058
1788548287.330305,0.008048,-0.001593,-0.000954,0.095501,-0.099801,-0.030592,0.095501,-0.099801,-0.030592,0.000000,0.000000,0.000000,0.105470,-0.051610,0.013232,0.009733,0.038461,0.031862,0.009145,0.044848,-0.040782,0.015341,0.005985,-0.051974,0.021817,-0.021817,-0.763582,-0.000000,0.130900,-0.981748,-0.218166,0.545415,-0.152716,-0.196350,0.305433,0.807215,0.409343,-0.242065,0.197978,0.026364,0.084791,0.356656,0.023811,0.065290,-0.095168,0.184695,-0.046832,-0.099955,0.399562,-0.361955,0.040142,0.070030,0.127758,0.407971,0.088244,0.064234,-0.036601,0.110788,-0.070215,-0.008153
1788548287.350356,0.008400,-0.001621,-0.001186,-0.091985,-0.036950,-0.019007,-0.091985,-0.036950,-0.019007,0.000000,0.000000,0.000000,0.103364,-0.054495,0.000848,0.005023,0.042683,0.031251,0.008641,0.050488,-0.034199,0.017013,-0.007833,-0.038074,-0.239983,-0.349066,-0.458149,-0.152716,0.021817,0.959931,0.065450,-0.261799,1.330814,0.370883,-1.090831,1.439897,0.462571,-0.151456,0.063629,0.010486,0.144657,0.157553,0.080522,0.155996,-0.123764,0.100577,0.028461,-0.191194,0.340661,-0.269809,0.194886,0.029224,0.090889,0.377341,0.053426,-0.052881,-0.010703,-0.011286,-0.220130,-0.089035
1788548287.370517,0.009089,-0.002059,-0.000490,-0.210629,0.042279,0.003231,-0.210629,0.042279,0.003231,0.000000,0.000000,0.000000,0.102781,-0.060735,0.001244,0.006591,0.041845,0.052487,0.012363,0.042500,-0.019178,0.022745,-0.014190,-0.018027,0.065450,-0.283616,0.174533,0.109083,-0.239983,1.243547,0.174533,-0.479966,0.567232,0.218166,-0.196350,1.243547,0.507162,-0.156061,-0.077655,0.056404,0.198968,-0.013481,0.027617,0.209300,-0.187463,0.039348,0.028527,-0.284769,0.299894,-0.196531,0.228202,0.010493,0.120621,0.259295,0.030246,0.016845,0.036674,-0.076743,-0.256284,-0.022929
1788548287.390220,0.009262,-0.002611,0.000333,-0.123677,0.057992,0.031860,-0.123677,0.057992,0.031860,0.000000,0.000000,0.000000,0.099173,-0.063410,0.013922,0.009057,0.036023,0.078405,0.016942,0.025592,-0.011523,0.013078,-0.034968,-0.016069,-0.021817,-0.174533,0.785398,0.283616,-0.305433,1.025381,0.218166,-0.807215,0.349066,-1.047198,-1.178097,-0.589049,0.445758,-0.210158,-0.041843,0.027313,0.207423,0.009498,-0.006075,0.275765,-0.180879,0.052504,0.045846,-0.181825,0.341552,-0.193127,0.211260,0.056624,0.156251,0.250291,0.026911,0.086338,0.003117,-0.005872,-0.230888,0.009948
1788548287.410193,0.008581,-0.002719,0.000779,-0.030333,-0.054127,0.047705,-0.030333,-0.054127,0.047705,0.000000,0.000000,0.000000,0.091812,-0.065613,0.027895,0.010387,0.029721,0.082866,0.013489,0.010064,-0.002993,-0.003380,-0.051396,-0.013416,-0.414516,0.087266,0.741765,-0.021817,-0.218166,-0.239983,-0.174533,-0.719948,0.632682,-1.003564,-0.698132,0.632682,0.341465,-0.323567,-0.041787,-0.026139,0.190045,0.253250,0.053924,0.141011,-0.061202,0.093084,-0.086851,-0.077058,0.394481,-0.225078,0.228300,0.044906,0.145606,0.334996,-0.000865,0.070119,-0.085540,0.191743,-0.077893,-0.061719
1788548287.430240,0.008581,-0.002719,0.000779,0.150895,-0.075033,-0.002229,0.150895,-0.075033,-0.002229,0.000000,0.000000,0.000000,0.088755,-0.063225,0.039221,0.009992,0.031158,0.077559,0.009941,0.008548,0.000626,-0.004596,-0.054954,-0.006467,-0.109083,0.327249,0.458149,-0.000000,0.174533,-0.261799,-0.152716,0.239983,-0.305433,0.479966,0.109083,0.479966,0.399562,-0.361955,0.040142,0.070030,0.127758,0.407971,0.088244,0.064234,-0.036601,0.110788,-0.070215,-0.008153,0.456681,-0.181378,0.111007,0.017092,0.128339,0.207245,0.050705,0.152795,-0.097095,0.154515,0.035682,-0.107034
1788548287.450019,0.006780,-0.002171,-0.000364,0.087379,-0.001929,-0.033787,0.087379,-0.001929,-0.033787,0.000000,0.000000,0.000000,0.092140,-0.059088,0.045152,0.008086,0.035205,0.075484,0.007154,0.016214,-0.006969,0.018518,-0.036020,-0.008559,0.109083,0.065450,0.174533,0.065450,0.218166,0.043633,-0.283616,0.392699,-1.047198,1.963496,1.178097,-0.654499,0.340661,-0.269809,0.194886,0.029224,0.090889,0.377341,0.053426,-0.052881,-0.010703,-0.011286,-0.220130,-0.089035,0.504041,-0.093665,-0.039618,0.039128,0.191530,0.016952,0.093278,0.232410,-0.233822,-0.037457,0.028306,-0.341066
1788548287.470446,0.006716,-0.002070,-0.000440,-0.122878,0.036154,-0.012881,-0.122878,0.036154,-0.012881,0.000000,0.000000,0.000000,0.099353,-0.055305,0.040459,0.007218,0.034853,0.075089,0.008442,0.022535,-0.016699,0.033605,-0.011651,-0.017277,0.327249,0.087267,-0.109083,0.152716,-0.043633,-0.305433,0.000000,0.218166,-0.261799,0.196350,1.199914,-0.676315,0.299894,-0.196531,0.228202,0.010493,0.120621,0.259295,0.030246,0.016845,0.036674,-0.076743,-0.256284,-0.022929,0.450746,-0.192860,-0.072528,0.039543,0.277504,-0.000522,-0.017016,0.252757,-0.226229,0.091836,0.026159,-0.228830
1788548287.490176,0.006766,-0.001903,-0.000021,-0.035793,-0.000598,0.011486,-0.035793,-0.000598,0.011486,0.000000,0.000000,0.000000,0.102961,-0.051114,0.029717,0.007862,0.035712,0.060005,0.014801,0.033253,-0.033329,0.015734,-0.000811,-0.044603,0.174533,0.349066,-0.523599,0.021817,0.501782,-0.807215,0.436332,0.763582,-1.701696,-1.679879,0.392699,-2.748894,0.341552,-0.193127,0.211260,0.056624,0.156251,0.250291,0.026911,0.086338,0.003117,-0.005872,-0.230888,0.009948,0.331891,-0.329837,-0.035342,-0.075462,0.198957,0.177626,0.064839,0.259012,-0.074383,0.027837,-0.055463,-0.107375
1788548287.509658,0.006766,-0.001903,-0.000021,0.152759,-0.034820,-0.045638,0.152759,-0.034820,-0.045638,0.000000,0.000000,0.000000,0.105118,-0.050789,0.017459,0.008686,0.041725,0.034204,0.014253,0.044982,-0.049127,0.014280,0.003858,-0.057641,0.109083,0.000000,-0.763582,-0.000000,0.523599,-1.243547,-0.021817,0.479966,-0.414516,0.894481,0.130900,0.610865,0.394481,-0.225078,0.228300,0.044906,0.145606,0.334996,-0.000865,0.070119,-0.085540,0.191743,-0.077893,-0.061719,0.442863,-0.336166,-0.018372,0.098133,0.168762,0.358818,0.113302,0.035215,-0.035986,0.094235,-0.031540,-0.051170
1788548287.529666,0.006005,-0.001228,0.000116,0.025460,0.034556,-0.032456,0.025460,0.034556,-0.032456,0.000000,0.000000,0.000000,0.101363,-0.054247,0.003232,0.001682,0.048423,0.028210,0.010083,0.052934,-0.038238,0.011073,-0.006636,-0.043539,-0.239983,-0.196350,-0.719948,-0.370883,0.021817,0.239983,-0.152716,0.305433,1.614430,-0.567232,-0.654499,1.308997,0.456681,-0.181378,0.111007,0.017092,0.128339,0.207245,0.050705,0.152795,-0.097095,0.154515,0.035682,-0.107034,0.355828,-0.344163,0.128280,0.058007,0.037312,0.490148,0.092227,-0.048815,-0.073566,0.012753,-0.180887,-0.061451
1788548287.550514,0.005653,-0.001263,0.000467,-0.161494,0.139618,0.035189,-0.161494,0.139618,0.035189,0.000000,0.000000,0.000000,0.103285,-0.059115,-0.002484,0.005097,0.049890,0.043948,0.014269,0.047875,-0.021087,0.016497,-0.007067,-0.025036,0.043633,-0.283616,-0.130900,0.174533,-0.218166,0.959931,0.283616,-0.523599,0.959931,0.567232,0.021817,1.156281,0.504041,-0.093665,-0.039618,0.039128,0.191530,0.016952,0.093278,0.232410,-0.233822,-0.037457,0.028306,-0.341066,0.325008,-0.200697,0.214559,-0.004505,0.119947,0.258304,0.017972,-0.014786,0.031509,-0.080276,-0.242003,-0.045183
1788548287.570050,0.004450,-0.001511,0.002021,0.077392,0.117247,0.038784,0.077392,0.117247,0.038784,0.000000,0.000000,0.000000,0.100744,-0.065286,0.006984,0.009659,0.039748,0.074977,0.021022,0.027327,-0.015728,0.011455,-0.026615,-0.018300,-0.021817,-0.370883,0.349066,0.239983,-0.610865,1.527163,0.196350,-1.047198,0.000000,-0.807215,-1.047198,0.087266,0.450746,-0.192860,-0.072528,0.039543,0.277504,-0.000522,-0.017016,0.252757,-0.226229,0.091836,0.026159,-0.228830,0.284460,-0.210419,0.174433,0.059448,0.183943,0.230834,0.002180,0.119732,0.005591,-0.087829,-0.270373,0.054496
1788548287.590099,0.004144,-0.001635,0.002312,-0.263227,0.025767,0.011220,-0.263227,0.025767,0.011220,0.000000,0.000000,0.000000,0.095895,-0.065447,0.017745,0.009782,0.029868,0.087581,0.016227,0.008834,-0.008750,-0.002019,-0.045606,-0.016039,-0.261799,0.065450,0.719948,-0.130900,-0.349066,-0.021817,-0.218166,-0.785398,1.069014,-0.981748,-0.938115,0.305433,0.331891,-0.329837,-0.035342,-0.075462,0.198957,0.177626,0.064839,0.259012,-0.074383,0.027837,-0.055463,-0.107375,0.393864,-0.221266,0.250473,0.049205,0.178667,0.285993,-0.003187,0.046410,-0.085614,0.184206,-0.083309,-0.089938
1788548287.610321,0.003308,-0.002328,0.001247,0.311617,-0.023368,0.054363,0.311617,-0.023368,0.054363,0.000000,0.000000,0.000000,0.087051,-0.066884,0.031089,0.011814,0.029745,0.081304,0.009655,0.007495,-0.001777,-0.012611,-0.057562,-0.003348,-0.327249,0.174533,0.676315,-0.065450,0.196350,-0.370882,-0.087267,0.327249,0.021817,-0.370883,-0.414516,1.069014,0.442863,-0.336166,-0.018372,0.098133,0.168762,0.358818,0.113302,0.035215,-0.035986,0.094235,-0.031540,-0.051170,0.385956,-0.243323,0.174393,0.016944,0.002345,0.422566,0.132029,0.001148,-0.066267,0.132472,-0.061230,-0.044932
1788548287.630417,0.003355,-0.002211,0.000620,0.084316,0.012984,-0.025132,0.084316,0.012984,-0.025132,0.000000,0.000000,0.000000,0.089353,-0.063285,0.042739,0.008975,0.039410,0.071584,0.003427,0.016096,-0.008444,0.009920,-0.038502,-0.007482,0.239983,0.218166,0.349066,-0.109083,0.545415,-0.501782,-0.458149,0.414516,-0.916298,2.552544,1.156281,-1.134464,0.355828,-0.344163,0.128280,0.058007,0.037312,0.490148,0.092227,-0.048815,-0.073566,0.012753,-0.180887,-0.061451,0.509800,-0.021735,0.022574,0.018079,0.163329,0.076506,0.138380,0.277936,-0.239368,-0.048553,0.048493,-0.394408
1788548287.649642,0.003372,-0.001345,-0.000944,0.178326,0.094477,0.005894,0.178326,0.094477,0.005894,0.000000,0.000000,0.000000,0.094231,-0.059150,0.041705,0.006676,0.035142,0.080167,0.009707,0.016432,-0.014738,0.026751,-0.026803,-0.010937,0.261799,0.065450,-0.065450,-0.000000,-0.501782,0.523599,0.196350,-0.327249,0.109083,0.109083,0.370882,0.327249,0.325008,-0.200697,0.214559,-0.004505,0.119947,0.258304,0.017972,-0.014786,0.031509,-0.080276,-0.242003,-0.045183,0.484448,-0.239906,-0.094231,0.073920,0.283833,-0.049171,-0.109041,0.229660,-0.182540,0.165265,0.073280,-0.182608
1788548287.670204,0.003372,-0.001345,-0.000944,-0.344187,0.054263,-0.038581,-0.344187,0.054263,-0.038581,0.000000,0.000000,0.000000,0.102429,-0.048558,0.034547,0.006769,0.029838,0.077941,0.021581,0.024035,-0.031453,0.012628,-0.005698,-0.039230,0.239983,0.501782,-0.196350,0.109083,0.392699,-0.545415,0.567232,1.047198,-2.050762,-1.614430,1.178097,-3.796092,0.284460,-0.210419,0.174433,0.059448,0.183943,0.230834,0.002180,0.119732,0.005591,-0.087829,-0.270373,0.054496,0.328035,-0.207824,-0.008446,-0.080363,0.234488,-0.063130,0.023301,0.365064,-0.222884,-0.094812,0.024294,-0.196540
1788548287.689824,0.002499,-0.001001,0.000642,0.367809,-0.016444,0.018810,0.367809,-0.016444,0.018810,0.000000,0.000000,0.000000,0.103283,-0.053497,0.024426,0.011181,0.034943,0.051063,0.014867,0.037807,-0.045546,0.021453,0.009868,-0.055263,0.021817,-0.130900,-0.632682,0.305433,0.458149,-1.614430,-0.349066,0.567232,-0.087267,1.745329,0.719948,1.330813,0.393864,-0.221266,0.250473,0.049205,0.178667,0.285993,-0.003187,0.046410,-0.085614,0.184206,-0.083309,-0.089938,0.436359,-0.309144,-0.057999,0.068990,0.172549,0.375618,0.136448,0.021312,-0.076284,0.116179,-0.044891,-0.105796
1788548287.710133,0.002499,-0.001001,0.000642,-0.036325,0.036820,-0.045905,-0.036325,0.036820,-0.045905,0.000000,0.000000,0.000000,0.098805,-0.050429,0.011195,0.005042,0.047490,0.023730,0.001299,0.055508,-0.048153,0.006969,0.006271,-0.050679,-0.109083,0.087266,-0.785398,-0.370882,0.523599,-0.719949,-0.654498,0.872665,-0.458149,-2.268928,-0.261799,-0.000000,0.385956,-0.243323,0.174393,0.016944,0.002345,0.422566,0.132029,0.001148,-0.066267,0.132472,-0.061230,-0.044932,0.345821,-0.382169,0.074121,0.038296,-0.038837,0.534593,0.137181,0.028949,-0.055226,0.081921,-0.104489,0.012853
1788548287.730174,0.001543,-0.000753,0.000523,0.002291,-0.006324,0.028797,0.002291,-0.006324,0.028797,0.000000,0.000000,0.000000,0.102593,-0.053502,-0.000185,0.005549,0.050812,0.033004,0.009952,0.054180,-0.037564,0.009901,-0.003481,-0.038715,0.130900,-0.065450,-0.196350,-0.130900,-0.349066,2.225295,0.654499,-0.981748,1.570796,1.548980,-0.545415,1.287180,0.509800,-0.021735,0.022574,0.018079,0.163329,0.076506,0.138380,0.277936,-0.239368,-0.048553,0.048493,-0.394408,0.263141,-0.216463,0.170517,-0.010453,0.146621,0.255808,-0.007194,-0.003617,0.026128,-0.123324,-0.293912,-0.029736
1788548287.750160,0.000654,-0.000398,0.001325,0.100561,0.137753,0.014549,0.100561,0.137753,0.014549,0.000000,0.000000,0.000000,0.100375,-0.060307,0.003431,0.006940,0.038712,0.065088,0.022287,0.037910,-0.022781,0.016048,-0.015270,-0.017618,-0.043633,-0.327249,0.065450,0.065450,-0.916298,1.723513,0.414516,-1.003564,0.829032,-0.174533,-0.676315,1.548980,0.484448,-0.239906,-0.094231,0.073920,0.283833,-0.049171,-0.109041,0.229660,-0.182540,0.165265,0.073280,-0.182608,0.230587,-0.232976,0.175014,0.066920,0.178122,0.293743,0.078468,0.069779,0.008126,-0.144049,-0.301197,0.059964
1788548287.770171,0.000585,-0.000457,0.001476,-0.498916,0.104464,-0.020338,-0.498916,0.104464,-0.020338,0.000000,0.000000,0.000000,0.093416,-0.060007,0.009098,0.007456,0.027899,0.077358,0.021774,0.020100,-0.011000,-0.003492,-0.044668,-0.009140,-0.458149,0.087266,0.501782,0.261799,0.000000,-0.807215,-0.065450,-0.676315,0.850848,-2.094395,-1.592613,-0.000000,0.328035,-0.207824,-0.008446,-0.080363,0.234488,-0.063130,0.023301,0.365064,-0.222884,-0.094812,0.024294,-0.196540,0.398265,-0.242968,0.288304,0.104471,0.107952,0.331236,0.000920,0.043912,0.003313,0.076841,-0.193472,-0.113405
1788548287.790082,0.000537,-0.001698,0.001763,0.058350,0.072106,0.084191,0.058350,0.072106,0.084191,0.000000,0.000000,0.000000,0.082745,-0.063519,0.023731,0.012190,0.029743,0.089812,0.013421,0.014910,-0.002971,-0.019674,-0.063739,0.000751,-0.523599,-0.130900,0.850848,0.130900,0.239983,0.261799,-0.305433,-0.065450,0.109083,-0.698132,-0.676315,0.981748,0.436359,-0.309144,-0.057999,0.068990,0.172549,0.375618,0.136448,0.021312,-0.076284,0.116179,-0.044891,-0.105796,0.386996,-0.218151,0.222166,0.016582,0.011055,0.381374,0.097922,-0.024890,-0.047689,0.108193,-0.123899,-0.058561
1788548287.809699,0.000399,-0.002080,0.000376,0.133451,-0.056524,0.005095,0.133451,-0.056524,0.005095,0.000000,0.000000,0.000000,0.084965,-0.064094,0.043562,0.015143,0.034338,0.084563,0.010405,0.016666,-0.000222,-0.003871,-0.054780,-0.008723,0.218166,-0.021817,0.719948,-0.000000,-0.174533,-0.436332,-0.109083,0.218166,0.087267,1.876229,0.698132,-1.461713,0.345821,-0.382169,0.074121,0.038296,-0.038837,0.534593,0.137181,0.028949,-0.055226,0.081921,-0.104489,0.012853,0.460780,-0.043534,0.051042,-0.022091,0.141387,0.033035,0.067335,0.233517,-0.189213,0.062632,0.063904,-0.274100
1788548287.830753,0.000485,-0.002047,-0.000056,0.148498,0.013650,-0.026730,0.148498,0.013650,-0.026730,0.000000,0.000000,0.000000,0.091063,-0.059311,0.045529,0.009896,0.027888,0.085951,0.012137,0.014798,-0.004826,0.013610,-0.042451,-0.013509,0.436332,0.152716,0.021817,-0.109083,-0.261799,0.152716,0.021817,-0.392699,-0.523599,0.807215,0.567232,0.436332,0.263141,-0.216463,0.170517,-0.010453,0.146621,0.255808,-0.007194,-0.003617,0.026128,-0.123324,-0.293912,-0.029736,0.491356,-0.191224,-0.114144,0.086734,0.274319,-0.055628,-0.102777,0.232146,-0.222428,0.114466,0.066031,-0.230672
1788548287.849883,0.000631,-0.001774,-0.000791,-0.249245,-0.009253,-0.035119,-0.249245,-0.009253,-0.035119,0.000000,0.000000,0.000000,0.098595,-0.049788,0.039965,0.005618,0.026047,0.076668,0.016121,0.020929,-0.022549,0.018785,-0.010326,-0.036419,0.239983,0.436332,-0.109083,-0.109083,0.479966,-0.872665,0.000000,0.785398,-1.832596,-0.000000,1.679880,-2.421644,0.230587,-0.232976,0.175014,0.066920,0.178122,0.293743,0.078468,0.069779,0.008126,-0.144049,-0.301197,0.059964,0.327583,-0.035581,-0.042174,-0.043429,0.275716,-0.072674,0.025705,0.364690,-0.349627,-0.049464,0.022674,-0.397698
1788548287.870070,0.000921,-0.001388,-0.000517,0.277528,-0.079294,0.026134,0.277528,-0.079294,0.026134,0.000000,0.000000,0.000000,0.101404,-0.050906,0.026821,0.008519,0.033803,0.049266,0.011283,0.035614,-0.041682,0.022715,0.007455,-0.052239,0.065450,-0.043633,-0.850848,0.087267,0.894481,-1.570796,-0.196350,0.807215,-1.090831,0.676315,0.698132,-0.152716,0.398265,-0.242968,0.288304,0.104471,0.107952,0.331236,0.000920,0.043912,0.003313,0.076841,-0.193472,-0.113405,0.374438,-0.296449,-0.094863,0.022292,0.224255,0.349076,0.142355,0.066404,-0.105177,0.117082,-0.064889,-0.203289
1788548287.889662,0.001032,-0.001246,-0.000417,-0.007030,-0.022702,-0.035518,-0.007030,-0.022702,-0.035518,0.000000,0.000000,0.000000,0.097414,-0.039401,0.011983,0.006501,0.048663,0.021807,0.000607,0.055694,-0.061183,0.006636,0.005524,-0.071383,-0.043633,0.523599,-0.785398,-0.000000,0.698132,-0.872665,-0.370883,1.069014,-1.614430,-1.439897,-0.283616,-1.898046,0.386996,-0.218151,0.222166,0.016582,0.011055,0.381374,0.097922,-0.024890,-0.047689,0.108193,-0.123899,-0.058561,0.329310,-0.360092,0.038631,-0.022155,-0.019196,0.354572,0.130211,0.073551,-0.016409,0.031022,-0.073291,0.000047
1788548287.910001,0.001032,-0.001246,-0.000417,0.006552,-0.056524,0.005627,0.006552,-0.056524,0.005627,0.000000,0.000000,0.000000,0.099309,-0.043219,-0.003853,0.005517,0.055535,0.032470,0.010157,0.056127,-0.055942,0.012688,-0.006369,-0.065146,0.065450,-0.152716,-0.589049,-0.239983,-0.239983,2.007129,0.698132,-0.829032,2.378011,1.330814,-0.698132,1.788963,0.460780,-0.043534,0.051042,-0.022091,0.141387,0.033035,0.067335,0.233517,-0.189213,0.062632,0.063904,-0.274100,0.276961,-0.272672,0.136578,-0.001189,0.122758,0.354533,0.073275,-0.058222,-0.002555,-0.137536,-0.311153,-0.039701
1788548287.929591,0.000673,-0.000074,0.000833,-0.073343,0.061720,0.003763,-0.073343,0.061720,0.003763,0.000000,0.000000,0.000000,0.096195,-0.048526,-0.003793,0.002329,0.046012,0.055156,0.021630,0.041357,-0.027114,0.012074,-0.012439,-0.033089,-0.021817,-0.523599,-0.087266,-0.196350,-0.938114,1.287180,0.370882,-1.047198,1.679880,-0.523599,-0.283616,2.312561,0.491356,-0.191224,-0.114144,0.086734,0.274319,-0.055628,-0.102777,0.232146,-0.222428,0.114466,0.066031,-0.230672,0.237678,-0.227318,0.206518,0.044424,0.133425,0.409005,0.102803,-0.051805,-0.021891,-0.163028,-0.326023,-0.012291
1788548287.950135,0.000784,-0.000353,0.001117,-0.430207,-0.014047,-0.002628,-0.430207,-0.014047,-0.002628,0.000000,0.000000,0.000000,0.091515,-0.053928,0.002703,0.002291,0.031614,0.073422,0.024755,0.023484,-0.012132,-0.008968,-0.044742,-0.015933,-0.305433,-0.305433,0.632682,0.130900,-0.436332,0.698132,0.218166,-0.632682,0.305433,-1.810779,-1.941679,0.327249,0.327583,-0.035581,-0.042174,-0.043429,0.275716,-0.072674,0.025705,0.364690,-0.349627,-0.049464,0.022674,-0.397698,0.297211,-0.156511,0.311983,0.084422,0.095470,0.298831,-0.012268,-0.037488,0.068856,-0.127138,-0.372203,-0.089563
1788548287.971163,0.000949,-0.000814,0.001398,0.091773,0.049736,0.092047,0.091773,0.049736,0.092047,0.000000,0.000000,0.000000,0.083268,-0.060154,0.020344,0.008718,0.030004,0.087230,0.021373,0.007433,-0.007768,-0.026348,-0.066640,-0.009631,-0.370883,-0.065450,0.894481,0.087267,0.196350,0.589049,-0.109083,-0.807215,0.087267,-0.698132,-0.763582,0.283616,0.374438,-0.296449,-0.094863,0.022292,0.224255,0.349076,0.142355,0.066404,-0.105177,0.117082,-0.064889,-0.203289,0.373530,-0.198498,0.201616,0.021984,0.103095,0.268029,0.013640,0.039883,-0.069495,0.117234,-0.123921,-0.019490
1788548287.989581,0.001014,-0.000953,0.001144,-0.019281,-0.023368,-0.018740,-0.019281,-0.023368,-0.018740,0.000000,0.000000,0.000000,0.081591,-0.056339,0.039248,0.011129,0.032827,0.090892,0.015949,-0.000811,0.001433,-0.027575,-0.079662,-0.014510,0.021817,0.152716,0.763582,-0.000000,-0.327249,-0.109083,-0.152716,-0.174533,1.069014,0.414516,-0.632682,-0.741765,0.329310,-0.360092,0.038631,-0.022155,-0.019196,0.354572,0.130211,0.073551,-0.016409,0.031022,-0.073291,0.000047,0.462906,-0.174506,0.143153,0.018342,0.163583,0.155910,-0.032613,0.126964,-0.166296,0.217751,0.055192,-0.160828
1788548288.010000,0.001493,-0.000595,-0.001011,0.178592,-0.086085,0.024270,0.178592,-0.086085,0.024270,0.000000,0.000000,0.000000,0.085458,-0.053895,0.046889,0.008904,0.029462,0.084303,0.006691,-0.001580,-0.000771,-0.007850,-0.057019,-0.012552,0.218166,0.021817,0.349066,-0.043633,-0.021817,-0.523599,-0.523599,0.283616,-1.396263,2.661627,1.898046,0.719948,0.276961,-0.272672,0.136578,-0.001189,0.122758,0.354533,0.073275,-0.058222,-0.002555,-0.137536,-0.311153,-0.039701,0.459232,-0.027190,-0.004912,-0.011592,0.219234,0.104971,0.116575,0.248851,-0.260510,-0.033587,-0.026593,-0.395307
1788548288.030145,0.001919,0.000005,-0.003419,-0.103703,-0.029626,-0.044839,-0.103703,-0.029626,-0.044839,0.000000,0.000000,0.000000,0.093874,-0.052352,0.048087,0.006831,0.034654,0.072258,0.003110,0.010531,-0.020607,0.028581,-0.016443,-0.024248,0.349066,0.021817,-0.000000,-0.021817,0.458149,-0.501782,-0.305433,0.610865,-1.374447,1.745329,1.767146,-1.265364,0.237678,-0.227318,0.206518,0.044424,0.133425,0.409005,0.102803,-0.051805,-0.021891,-0.163028,-0.326023,-0.012291,0.443996,-0.023782,-0.047665,0.025707,0.260848,0.040091,0.132298,0.286884,-0.341175,-0.040259,0.004400,-0.472918
1788548288.050079,0.002181,0.000443,-0.003830,0.040374,-0.044407,-0.025265,0.040374,-0.044407,-0.025265,0.000000,0.000000,0.000000,0.099533,-0.043208,0.035070,0.005239,0.039552,0.062451,0.009314,0.028788,-0.042789,0.020190,-0.009148,-0.055694,0.174533,0.610865,-0.414516,-0.021817,0.567232,-0.327249,0.327249,1.025381,-1.592613,-1.985312,-0.174533,-3.010693,0.297211,-0.156511,0.311983,0.084422,0.095470,0.298831,-0.012268,-0.037488,0.068856,-0.127138,-0.372203,-0.089563,0.364337,-0.337313,-0.084914,-0.050403,0.189464,0.168583,0.042565,0.263954,-0.106942,0.066896,-0.017223,-0.205285
1788548288.070591,0.002804,0.001253,-0.001553,0.055687,-0.071305,-0.028727,0.055687,-0.071305,-0.028727,0.000000,0.000000,0.000000,0.101578,-0.033355,0.021375,0.006940,0.047611,0.044875,0.019413,0.047103,-0.063340,0.001488,-0.003852,-0.090380,0.000000,0.632682,-0.719948,-0.000000,0.479966,-0.850848,0.414516,0.850848,-1.243547,-0.545416,0.196350,-1.658063,0.373530,-0.198498,0.201616,0.021984,0.103095,0.268029,0.013640,0.039883,-0.069495,0.117234,-0.123921,-0.019490,0.360368,-0.329046,0.005921,0.019375,0.100990,0.248066,0.114898,0.099666,-0.008797,0.023736,-0.057294,0.012901
1788548288.089657,0.003209,0.001764,0.000276,0.055154,-0.070240,-0.057756,0.055154,-0.070240,-0.057756,0.000000,0.000000,0.000000,0.098469,-0.040407,0.005634,0.002585,0.048982,0.035052,0.020476,0.055653,-0.056602,0.005786,-0.004304,-0.081269,-0.021817,-0.523599,-0.850848,-0.152716,-0.436332,-0.283616,-0.130900,0.087267,2.334378,0.829031,-0.087266,2.378011,0.462906,-0.174506,0.143153,0.018342,0.163583,0.155910,-0.032613,0.126964,-0.166296,0.217751,0.055192,-0.160828,0.340697,-0.342144,0.102142,0.026842,0.041323,0.474422,0.077140,-0.097902,-0.078394,-0.043927,-0.165306,-0.087581
1788548288.110758,0.003217,0.001670,0.001063,-0.176674,0.058391,0.020275,-0.176674,0.058391,0.020275,0.000000,0.000000,0.000000,0.097217,-0.045632,-0.002782,0.000998,0.045860,0.041840,0.017703,0.052195,-0.027853,0.006467,-0.010381,-0.038159,-0.021817,-0.327249,-0.327249,-0.065450,-0.436332,0.545415,-0.065450,-0.610865,1.767146,-0.414516,-0.392699,3.010693,0.459232,-0.027190,-0.004912,-0.011592,0.219234,0.104971,0.116575,0.248851,-0.260510,-0.033587,-0.026593,-0.395307,0.288828,-0.232252,0.236889,0.004337,0.032871,0.430447,0.015744,-0.153654,-0.026005,-0.137501,-0.279489,-0.129537
1788548288.130025,0.003009,0.001145,0.002711,-0.034461,0.034156,0.070609,-0.034461,0.034156,0.070609,0.000000,0.000000,0.000000,0.096031,-0.057386,0.003793,0.003785,0.035772,0.065236,0.019958,0.032974,-0.016748,-0.001976,-0.026983,-0.020940,-0.130900,-0.567232,0.436332,0.218166,-0.523599,1.483530,0.174533,-0.916298,-0.305433,-0.872665,-0.807215,-0.130900,0.443996,-0.023782,-0.047665,0.025707,0.260848,0.040091,0.132298,0.286884,-0.341175,-0.040259,0.004400,-0.472918,0.291996,-0.181478,0.201630,0.034943,0.130830,0.240268,-0.035371,0.044022,0.030284,-0.129331,-0.310308,0.011305
1788548288.150791,0.002608,0.000864,0.002622,-0.119549,-0.018841,0.035055,-0.119549,-0.018841,0.035055,0.000000,0.000000,0.000000,0.090588,-0.060909,0.018222,0.006242,0.024455,0.090202,0.016579,0.003347,-0.014398,-0.015554,-0.049893,-0.025235,-0.283616,0.087266,0.829032,-0.000000,-0.523599,1.178097,-0.065450,-1.461713,0.719948,-1.003564,-1.178097,-0.523599,0.364337,-0.337313,-0.084914,-0.050403,0.189464,0.168583,0.042565,0.263954,-0.106942,0.066896,-0.017223,-0.205285,0.337639,-0.175712,0.207916,0.051563,0.214303,0.203675,-0.033757,0.118487,-0.067234,0.082598,-0.142288,0.005538
1788548288.170329,0.002201,0.000601,0.002218,0.146501,-0.062650,0.034656,0.146501,-0.062650,0.034656,0.000000,0.000000,0.000000,0.085030,-0.060034,0.031094,0.008162,0.022641,0.091416,0.008076,-0.008706,-0.006541,-0.023018,-0.065497,-0.015570,-0.261799,0.196350,0.654499,-0.000000,0.174533,-0.370883,-0.218166,0.130900,0.741765,-0.196350,-0.589049,1.308997,0.360368,-0.329046,0.005921,0.019375,0.100990,0.248066,0.114898,0.099666,-0.008797,0.023736,-0.057294,0.012901,0.415274,-0.269051,0.186543,0.029097,0.037676,0.381873,0.068372,0.014996,-0.100241,0.197560,-0.035401,-0.102001
1788548288.189977,0.001836,0.000445,0.001676,0.181921,-0.059187,-0.008887,0.181921,-0.059187,-0.008887,0.000000,0.000000,0.000000,0.084297,-0.058278,0.042049,0.008315,0.032592,0.076449,-0.000754,0.001632,-0.006844,-0.004992,-0.050392,-0.006203,0.065450,0.065450,0.327249,0.021817,0.676315,-0.872665,-0.327249,0.763582,-1.025381,2.007129,1.156281,0.261799,0.340697,-0.342144,0.102142,0.026842,0.041323,0.474422,0.077140,-0.097902,-0.078394,-0.043927,-0.165306,-0.087581,0.441168,-0.063812,0.046029,0.009619,0.175840,0.206026,0.193563,0.168700,-0.176234,0.042933,0.005946,-0.330048
1788548288.210116,0.001836,0.000445,0.001676,0.138644,-0.000997,-0.012216,0.138644,-0.000997,-0.012216,0.000000,0.000000,0.000000,0.090621,-0.059101,0.043549,0.006583,0.037122,0.076447,0.001643,0.013157,-0.015516,0.023539,-0.028172,-0.012587,0.392699,-0.130900,-0.000000,-0.021817,-0.218166,0.392699,0.021817,0.196350,-0.370883,1.723513,1.069014,-1.047198,0.288828,-0.232252,0.236889,0.004337,0.032871,0.430447,0.015744,-0.153654,-0.026005,-0.137501,-0.279489,-0.129537,0.504853,-0.151279,-0.107389,0.054442,0.197885,-0.009214,0.062900,0.172428,-0.223115,0.024139,-0.002395,-0.340717
1788548288.230284,0.001836,0.000445,0.001676,-0.225942,0.016047,-0.030458,-0.225942,0.016047,-0.030458,0.000000,0.000000,0.000000,0.097531,-0.048656,0.034358,0.004756,0.033659,0.075179,0.017441,0.020814,-0.028333,0.022560,-0.012112,-0.042688,0.218166,0.458149,-0.196350,-0.000000,0.327249,-0.174533,0.872665,0.458149,-1.265364,-0.981748,0.610865,-2.879794,0.291996,-0.181478,0.201630,0.034943,0.130830,0.240268,-0.035371,0.044022,0.030284,-0.129331,-0.310308,0.011305,0.421279,-0.232778,-0.086665,0.001589,0.269147,-0.071751,-0.002188,0.330936,-0.182294,-0.016620,0.048226,-0.192079
1788548288.250178,-0.000247,0.000857,-0.001765,0.204824,-0.002595,0.022405,0.204824,-0.002595,0.022405,0.000000,0.000000,0.000000,0.100776,-0.048261,0.022297,0.007813,0.036372,0.061483,0.026457,0.027981,-0.042866,0.015437,-0.004097,-0.068446,0.065450,0.000000,-0.632682,-0.000000,0.261799,-1.025381,0.218166,0.501782,-0.894481,-0.349066,0.239983,-0.894482,0.337639,-0.175712,0.207916,0.051563,0.214303,0.203675,-0.033757,0.118487,-0.067234,0.082598,-0.142288,0.005538,0.356711,-0.332470,-0.072853,-0.007427,0.176141,0.234721,0.040329,0.108053,-0.072951,0.085503,-0.083779,-0.076591
1788548288.270228,-0.000418,0.001058,-0.001773,0.007750,-0.051464,-0.054959,0.007750,-0.051464,-0.054959,0.000000,0.000000,0.000000,0.100018,-0.049232,0.007639,0.007186,0.042148,0.031611,0.015131,0.041734,-0.047491,0.004531,0.003909,-0.062522,-0.021817,-0.130900,-0.872665,-0.065450,0.283616,-1.243547,-0.610865,0.829032,0.283616,-0.632682,0.545416,1.308997,0.415274,-0.269051,0.186543,0.029097,0.037676,0.381873,0.068372,0.014996,-0.100241,0.197560,-0.035401,-0.102001,0.355925,-0.382433,0.061932,0.052554,0.041804,0.493178,0.082519,0.017186,-0.070667,0.101556,-0.064411,-0.012692
1788548288.290316,-0.000676,0.001130,-0.001845,0.095634,0.026300,0.020275,0.095634,0.026300,0.020275,0.000000,0.000000,0.000000,0.098652,-0.054735,-0.005588,0.004418,0.048750,0.029001,0.010820,0.047834,-0.036383,0.009623,-0.009513,-0.039915,-0.043633,-0.305433,-0.501782,-0.130900,-0.087266,0.872665,-0.174533,-0.261799,1.418080,0.872665,-0.829031,1.679879,0.441168,-0.063812,0.046029,0.009619,0.175840,0.206026,0.193563,0.168700,-0.176234,0.042933,0.005946,-0.330048,0.336610,-0.251590,0.179030,-0.003489,0.065964,0.379956,0.019611,-0.091853,-0.031734,-0.048245,-0.218358,-0.099390
1788548288.310230,-0.000676,0.001130,-0.001845,-0.111560,0.103532,0.005761,-0.111560,0.103532,0.005761,0.000000,0.000000,0.000000,0.099135,-0.062079,-0.003892,0.005555,0.043498,0.055399,0.011234,0.039577,-0.023217,0.016997,-0.014160,-0.018707,0.000000,-0.239983,0.087267,0.021817,-0.567232,2.094395,0.000000,-0.589049,0.610865,0.327249,-0.109083,1.243547,0.504853,-0.151279,-0.107389,0.054442,0.197885,-0.009214,0.062900,0.172428,-0.223115,0.024139,-0.002395,-0.340717,0.254622,-0.207057,0.183455,-0.003133,0.128853,0.251158,-0.000262,0.035406,0.020475,-0.120383,-0.288975,0.014532
1788548288.330337,-0.000881,0.000914,-0.001156,-0.201841,0.087286,0.036254,-0.201841,0.087286,0.036254,0.000000,0.000000,0.000000,0.095944,-0.064318,0.007104,0.005549,0.030986,0.078391,0.014989,0.017392,-0.018243,0.005019,-0.034706,-0.017801,-0.196350,0.000000,0.807215,0.261799,-0.589049,0.479966,0.283616,-0.938114,0.523599,-1.439897,-1.221731,-0.676315,0.421279,-0.232778,-0.086665,0.001589,0.269147,-0.071751,-0.002188,0.330936,-0.182294,-0.016620,0.048226,-0.192079,0.352958,-0.178753,0.234790,0.068214,0.167589,0.246696,0.011069,0.081965,-0.012604,0.010711,-0.207064,-0.005596
1788548288.350081,-0.001057,0.000449,-0.001036,-0.033529,0.063984,0.024536,-0.033529,0.063984,0.024536,0.000000,0.000000,0.000000,0.086691,-0.065262,0.021798,0.007115,0.026770,0.087625,0.009854,0.004024,-0.008684,-0.011894,-0.055612,-0.010002,-0.414516,0.130900,0.763582,-0.000000,0.109083,0.479966,-0.239983,-0.414516,0.698132,-0.894481,-0.959931,1.025381,0.356711,-0.332470,-0.072853,-0.007427,0.176141,0.234721,0.040329,0.108053,-0.072951,0.085503,-0.083779,-0.076591,0.367157,-0.243365,0.223029,0.039560,0.076198,0.354832,0.068736,-0.007591,-0.078114,0.127929,-0.146700,-0.056874
1788548288.370079,-0.002035,-0.000058,-0.000803,0.136647,-0.049467,0.041980,0.136647,-0.049467,0.041980,0.000000,0.000000,0.000000,0.084087,-0.064253,0.037216,0.008860,0.030285,0.080944,0.004487,0.005445,-0.003017,-0.008597,-0.054562,-0.004220,0.043633,0.305433,0.654499,-0.000000,0.152716,-0.719948,-0.239983,0.414516,-0.174533,1.047197,0.479966,0.065450,0.355925,-0.382433,0.061932,0.052554,0.041804,0.493178,0.082519,0.017186,-0.070667,0.101556,-0.064411,-0.012692,0.445534,-0.126324,0.108670,-0.003563,0.106860,0.188660,0.081930,0.137608,-0.124782,0.127050,0.042450,-0.150833
1788548288.390254,-0.002403,0.000505,-0.001109,0.214811,0.016846,-0.017542,0.214811,0.016846,-0.017542,0.000000,0.000000,0.000000,0.087236,-0.060358,0.043917,0.007548,0.033296,0.077578,0.007754,0.011150,-0.008875,0.010667,-0.045306,-0.007763,0.261799,0.239983,0.174533,-0.000000,-0.109083,0.065450,0.021817,-0.000000,-0.567232,1.287180,0.523599,-0.523599,0.336610,-0.251590,0.179030,-0.003489,0.065964,0.379956,0.019611,-0.091853,-0.031734,-0.048245,-0.218358,-0.099390,0.493406,-0.166271,-0.069950,0.049445,0.183630,-0.030575,-0.014585,0.181045,-0.192323,0.075103,0.049224,-0.245766
1788548288.410222,-0.002614,0.000650,-0.000981,-0.156434,0.039083,-0.035252,-0.156434,0.039083,-0.035252,0.000000,0.000000,0.000000,0.094779,-0.051651,0.039000,0.004377,0.030951,0.076038,0.012955,0.013964,-0.019732,0.024941,-0.015630,-0.021952,0.174533,0.370883,-0.218166,-0.065450,0.087266,-0.174533,0.065450,0.218166,-0.698132,0.501782,1.636246,-1.199914,0.254622,-0.207057,0.183455,-0.003133,0.128853,0.251158,-0.000262,0.035406,0.020475,-0.120383,-0.288975,0.014532,0.436179,-0.124356,-0.081381,0.011830,0.251383,-0.076259,-0.000161,0.265425,-0.267071,0.007039,0.014977,-0.268038
1788548288.429979,-0.002993,0.000755,-0.000343,0.083650,0.018177,0.014549,0.083650,0.018177,0.014549,0.000000,0.000000,0.000000,0.099819,-0.051403,0.027677,0.006627,0.032723,0.058102,0.014253,0.024068,-0.032522,0.023962,0.002211,-0.041175,0.152716,0.000000,-0.654499,0.109083,0.436332,-0.981748,-0.021817,0.654499,-1.069014,-0.458149,0.698132,-1.418080,0.352958,-0.178753,0.234790,0.068214,0.167589,0.246696,0.011069,0.081965,-0.012604,0.010711,-0.207064,-0.005596,0.336355,-0.294229,-0.084510,-0.050142,0.214471,0.165968,0.041129,0.158680,-0.137288,0.097182,-0.071720,-0.205505
1788548288.450116,-0.003179,0.000682,0.000642,0.092172,-0.025232,-0.022069,0.092172,-0.025232,-0.022069,0.000000,0.000000,0.000000,0.100705,-0.047443,0.014031,0.007464,0.040236,0.027823,0.007329,0.038519,-0.049135,0.013176,0.002420,-0.055833,0.000000,0.239983,-0.829032,-0.000000,0.501782,-1.199914,-0.305433,0.741765,-1.178097,-0.894481,-0.065450,-0.654499,0.367157,-0.243365,0.223029,0.039560,0.076198,0.354832,0.068736,-0.007591,-0.078114,0.127929,-0.146700,-0.056874,0.349059,-0.371495,-0.015280,0.010518,0.081593,0.379653,0.078460,0.057512,-0.065129,0.098107,-0.073274,-0.034465
1788548288.470224,-0.003179,0.000682,0.000642,-0.043915,0.004995,-0.020338,-0.043915,0.004995,-0.020338,0.000000,0.000000,0.000000,0.098306,-0.050879,-0.001612,0.001925,0.047193,0.020872,0.006893,0.046231,-0.047234,0.015202,-0.008452,-0.054205,-0.109083,-0.196350,-0.698132,-0.305433,0.021817,0.479965,0.087266,-0.000000,1.308997,0.763582,-0.741765,0.698132,0.445534,-0.126324,0.108670,-0.003563,0.106860,0.188660,0.081930,0.137608,-0.124782,0.127050,0.042450,-0.150833,0.387705,-0.293371,0.136799,0.044566,0.095422,0.350036,0.061591,-0.039665,-0.030607,0.011237,-0.169558,-0.065056
1788548288.490197,-0.002791,0.000302,0.000889,-0.154037,0.121375,-0.000897,-0.154037,0.121375,-0.000897,0.000000,0.000000,0.000000,0.096732,-0.055949,-0.006092,-0.000396,0.045732,0.040875,0.010907,0.039334,-0.031698,0.019508,-0.014591,-0.034442,0.000000,-0.414516,-0.130900,-0.043633,-0.479966,1.396263,0.109083,-0.545415,1.199914,0.305433,-0.261799,1.985312,0.493406,-0.166271,-0.069950,0.049445,0.183630,-0.030575,-0.014585,0.181045,-0.192323,0.075103,0.049224,-0.245766,0.262376,-0.223754,0.204846,0.004942,0.109379,0.334984,0.062283,-0.041677,0.008391,-0.124485,-0.293210,-0.021547
1788548288.509813,-0.002750,-0.000061,0.001334,-0.280005,0.110589,0.000035,-0.280005,0.110589,0.000035,0.000000,0.000000,0.000000,0.097708,-0.059846,0.002233,0.002231,0.036094,0.063670,0.014542,0.023421,-0.019257,0.013724,-0.028467,-0.020244,0.196350,-0.196350,0.589049,0.196350,-0.501782,0.829031,0.261799,-0.741765,0.523599,-0.959931,-0.894481,0.349066,0.436179,-0.124356,-0.081381,0.011830,0.251383,-0.076259,-0.000161,0.265425,-0.267071,0.007039,0.014977,-0.268038,0.298448,-0.180113,0.254481,0.049307,0.150013,0.262219,0.006542,0.012566,0.021375,-0.073487,-0.292273,-0.024982
1788548293.851498,0.003029,-0.000689,-0.000478,-0.006631,0.004063,0.002165,-0.006631,0.004063,0.002165,0.000000,0.000000,0.000000,-0.024086,0.024170,-0.026780,0.024394,-0.181748,-0.181289,-0.181101,-0.181186,0.054475,0.054488,0.054431,0.054739,0.000000,0.000000,-0.021817,-0.000000,-0.043633,-0.021817,0.000000,-0.000000,0.000000,0.065450,0.000000,-0.000000,0.336355,-0.294229,-0.084510,-0.050142,0.214471,0.165968,0.041129,0.158680,-0.137288,0.097182,-0.071720,-0.205505,0.321005,-0.281220,0.069177,0.017467,0.073408,0.144683,0.052626,0.045701,-0.046493,-0.052198,-0.124782,-0.004662
1788548293.870620,0.003282,-0.000925,-0.000681,0.002823,0.011919,0.002032,0.002823,0.011919,0.002032,0.000000,0.000000,0.000000,-0.024086,0.024170,-0.027227,0.024129,-0.181311,-0.181409,-0.181404,-0.181186,0.054475,0.054450,0.054527,0.054739,0.000000,0.000000,-0.000000,-0.000000,0.130900,-0.000000,-0.065450,-0.000000,0.000000,-0.043633,-0.109083,-0.000000,0.349059,-0.371495,-0.015280,0.010518,0.081593,0.379653,0.078460,0.057512,-0.065129,0.098107,-0.073274,-0.034465,0.332304,-0.269089,0.043348,0.000688,0.068155,0.128469,0.068332,0.080282,-0.116690,0.024754,-0.019987,-0.099607
1788548293.891065,0.003571,-0.001098,-0.000600,0.003489,0.019376,0.003630,0.003489,0.019376,0.003630,0.000000,0.000000,0.000000,-0.003289,0.007153,-0.023562,0.024159,-0.160553,-0.153762,-0.145845,-0.157430,0.039219,0.032459,0.018936,0.035739,1.308997,-1.308997,0.065450,0.370883,3.665191,4.166974,3.534292,3.687008,-2.857977,-3.141593,-3.687008,-2.552544,0.387705,-0.293371,0.136799,0.044566,0.095422,0.350036,0.061591,-0.039665,-0.030607,0.011237,-0.169558,-0.065056,0.336783,-0.330962,0.184446,0.014447,0.037093,0.327328,0.224814,0.099727,0.086204,-0.302532,-0.179673,0.077844
1788548293.910622,0.004062,-0.000939,0.001675,0.115608,0.634699,0.018810,0.115608,0.634699,0.018810,0.000000,0.000000,0.000000,0.016507,-0.011375,-0.017069,0.022035,-0.086147,-0.070679,-0.074966,-0.087241,0.000162,0.012221,0.003222,0.002821,1.156281,-1.025381,0.327249,-0.000000,3.992441,2.923427,3.425209,3.926991,-1.374447,0.174533,0.305432,-1.505347,0.262376,-0.223754,0.204846,0.004942,0.109379,0.334984,0.062283,-0.041677,0.008391,-0.124485,-0.293210,-0.021547,0.422221,-0.138322,0.022781,0.074490,0.056547,-0.043375,0.272967,-0.004113,-0.049865,-0.290347,0.207204,-0.121180
1788548293.930617,0.005483,-0.000371,0.007556,0.053956,0.413790,-0.053894,0.053956,0.413790,-0.053894,0.000000,0.000000,0.000000,0.041222,-0.031277,-0.004502,0.015277,-0.036359,-0.010814,-0.018663,-0.028317,0.000740,-0.010424,-0.018715,0.005914,1.221731,-0.850848,0.676315,-0.327249,1.461713,2.967060,2.072579,2.181662,1.876229,-3.512475,-1.527163,1.701696,0.298448,-0.180113,0.254481,0.049307,0.150013,0.262219,0.006542,0.012566,0.021375,-0.073487,-0.292273,-0.024982,0.269722,-0.467621,-0.038640,0.108811,0.047570,0.301760,0.257375,-0.075069,-0.171324,-0.083858,-0.274799,-0.077281
1788548293.950368,0.006416,-0.000143,0.009779,-0.178671,0.229499,0.006560,-0.178671,0.229499,0.006560,0.000000,0.000000,0.000000,0.059982,-0.033128,0.001121,0.012959,-0.011352,0.004662,0.017555,-0.003950,0.003980,-0.049871,0.007586,-0.002289,0.632682,0.087266,0.523599,-0.000000,1.047198,-1.112647,1.199914,0.829032,-1.221731,-0.981748,3.250676,-1.832596,0.321005,-0.281220,0.069177,0.017467,0.073408,0.144683,0.052626,0.045701,-0.046493,-0.052198,-0.124782,-0.004662,0.258065,-0.070885,0.025347,-0.022476,0.171178,-0.037417,0.128402,0.245796,-0.162266,-0.151991,0.000800,-0.038975
1788548293.970462,0.009670,0.000810,0.008597,0.259419,0.069177,0.033458,0.259419,0.069177,0.033458,0.000000,0.000000,0.000000,0.063225,-0.052406,0.007778,0.015858,-0.002399,0.028047,0.042803,-0.006544,-0.015434,-0.038619,-0.004274,-0.013092,-0.065450,-1.134464,0.065450,0.152716,0.523599,1.221731,1.199914,-0.414516,-1.658063,1.592613,-3.708825,-0.021817,0.332304,-0.269089,0.043348,0.000688,0.068155,0.128469,0.068332,0.080282,-0.116690,0.024754,-0.019987,-0.099607,0.314172,-0.188894,0.139189,0.111675,0.146251,0.122921,-0.025768,0.126883,0.105816,-0.136871,-0.188359,-0.030924
1788548293.990445,0.010806,0.001241,0.003151,-0.354440,0.127101,-0.003427,-0.354440,0.127101,-0.003427,0.000000,0.000000,0.000000,0.066666,-0.050770,0.004811,0.008222,0.008488,0.028772,0.045625,0.002930,-0.030752,-0.034013,-0.013034,-0.011982,0.043633,0.152716,-0.239983,-0.218166,0.807215,-0.370883,-0.523599,1.178097,-0.545416,-0.261799,1.570796,0.174533,0.336783,-0.330962,0.184446,0.014447,0.037093,0.327328,0.224814,0.099727,0.086204,-0.302532,-0.179673,0.077844,0.426698,-0.127686,0.015154,0.023734,0.193873,0.137857,0.166269,0.281074,-0.308227,0.054726,0.138629,-0.369135
1788548294.010132,0.010692,0.000749,-0.002749,0.303494,-0.031624,0.001233,0.303494,-0.031624,0.001233,0.000000,0.000000,0.000000,0.072404,-0.056658,0.014819,0.010955,0.019110,0.032178,0.030648,0.018436,-0.014316,-0.033574,-0.028142,-0.008306,0.392699,-0.065450,0.523599,-0.000000,0.043633,-0.000000,-0.807215,0.676315,2.879794,-0.000000,-0.894482,0.218166,0.422221,-0.138322,0.022781,0.074490,0.056547,-0.043375,0.272967,-0.004113,-0.049865,-0.290347,0.207204,-0.121180,0.345887,-0.303531,0.159470,-0.035227,-0.016496,0.467873,0.037106,-0.088729,-0.197046,0.151969,-0.111557,-0.209004
1788548294.030200,0.010694,0.000543,-0.002909,-0.056033,-0.071837,-0.058688,-0.056033,-0.071837,-0.058688,0.000000,0.000000,0.000000,0.081346,-0.046870,0.017020,0.009226,0.032423,0.030616,0.018971,0.037234,-0.008772,-0.013718,-0.003517,-0.031308,0.349066,0.414516,-0.000000,0.043633,1.025381,0.021817,-0.741765,0.938115,-2.748894,1.963495,2.356194,-3.512475,0.269722,-0.467621,-0.038640,0.108811,0.047570,0.301760,0.257375,-0.075069,-0.171324,-0.083858,-0.274799,-0.077281,0.354871,0.086847,0.094669,-0.067168,0.214970,0.000429,0.192757,0.434782,-0.336427,-0.144800,0.011263,-0.535795
1788548294.050352,0.010833,0.000301,0.002217,0.266476,-0.060519,0.022272,0.266476,-0.060519,0.022272,0.000000,0.000000,0.000000,0.082219,-0.048095,0.020450,0.002457,0.028745,0.056468,0.022101,0.034338,-0.042909,0.014799,-0.008232,-0.051617,-0.043633,-0.261799,-0.021817,-0.218166,-1.134464,1.701696,0.349066,-1.243547,-0.021817,1.505346,-1.221731,0.938115,0.258065,-0.070885,0.025347,-0.022476,0.171178,-0.037417,0.128402,0.245796,-0.162266,-0.151991,0.000800,-0.038975,0.326962,-0.198099,-0.004264,0.064970,0.207865,0.019126,-0.168541,0.194189,-0.061701,-0.030313,-0.050819,-0.096354
1788548294.070143,0.010833,0.000301,0.002217,-0.440859,-0.070106,-0.079327,-0.440859,-0.070106,-0.079327,0.000000,0.000000,0.000000,0.084809,-0.029114,0.012190,0.000393,0.025870,0.053766,0.024002,0.038374,-0.058377,0.002232,-0.004138,-0.079504,0.021817,0.981748,-0.130900,-0.000000,0.610865,-1.374447,0.021817,1.614430,-1.876229,-2.661627,0.436332,-3.577925,0.314172,-0.188894,0.139189,0.111675,0.146251,0.122921,-0.025768,0.126883,0.105816,-0.136871,-0.188359,-0.030924,0.316596,-0.214471,0.160262,-0.043182,-0.062508,0.215628,0.183981,0.285962,-0.038125,-0.135570,0.080758,-0.006051
1788548294.090102,0.008305,-0.000487,0.010068,0.332389,-0.122571,0.064883,0.332389,-0.122571,0.064883,0.000000,0.000000,0.000000,0.082063,-0.031337,0.013300,0.006959,0.031136,0.042860,0.015368,0.046231,-0.050690,-0.006655,-0.006137,-0.085825,-0.021817,-0.174533,-0.065450,0.261799,0.021817,-1.134464,-0.327249,-0.000000,2.596177,0.545415,-0.043633,3.447026,0.426698,-0.127686,0.015154,0.023734,0.193873,0.137857,0.166269,0.281074,-0.308227,0.054726,0.138629,-0.369135,0.322209,-0.317184,0.162323,0.036152,-0.072499,0.554459,0.003515,-0.192133,-0.098298,-0.127202,-0.201926,-0.136007
1788548294.110291,0.008391,-0.000371,0.010456,-0.052837,-0.092610,-0.039913,-0.052837,-0.092610,-0.039913,0.000000,0.000000,0.000000,0.079955,-0.030892,0.015250,0.004704,0.027910,0.035579,0.008635,0.056324,-0.023610,-0.020097,0.005221,-0.033275,-0.021817,0.000000,-0.152716,-0.196350,-0.763582,0.523599,-0.501782,0.501782,1.156281,-1.069014,0.523599,2.028946,0.345887,-0.303531,0.159470,-0.035227,-0.016496,0.467873,0.037106,-0.088729,-0.197046,0.151969,-0.111557,-0.209004,0.346206,-0.366055,0.122783,0.040915,0.101248,0.376823,0.063442,-0.004402,-0.098472,0.067916,-0.134626,-0.097325
1788548294.130164,0.010132,0.000066,0.000815,-0.114223,-0.050798,-0.053228,-0.114223,-0.050798,-0.053228,0.000000,0.000000,0.000000,0.084605,-0.039736,0.017535,0.002032,0.015968,0.065776,0.017305,0.046702,-0.018483,-0.026514,-0.017656,-0.024422,0.261799,-0.523599,0.523599,-0.327249,-0.654498,2.443461,0.610865,-1.788963,-0.479966,-0.196350,-1.854413,-0.567232,0.354871,0.086847,0.094669,-0.067168,0.214970,0.000429,0.192757,0.434782,-0.336427,-0.144800,0.011263,-0.535795,0.262150,-0.197986,0.105830,0.089159,0.240443,0.176820,-0.077703,0.148706,0.050359,-0.160771,-0.274719,-0.049122
1788548294.150162,0.010132,0.000066,0.000815,-0.163891,0.032558,0.087253,-0.163891,0.032558,0.087253,0.000000,0.000000,0.000000,0.088109,-0.055613,0.022133,0.001579,0.010018,0.084835,0.015747,0.022126,-0.023574,-0.006751,-0.028524,-0.026509,0.021817,-0.959931,0.327249,0.174533,0.414516,0.349066,-0.152716,-1.199914,-0.152716,1.963496,-0.152716,-0.000000,0.326962,-0.198099,-0.004264,0.064970,0.207865,0.019126,-0.168541,0.194189,-0.061701,-0.030313,-0.050819,-0.096354,0.516716,-0.161504,0.038853,0.083890,0.128839,-0.005106,-0.074909,0.146641,-0.079922,-0.028534,0.038493,-0.152352
1788548294.170161,0.009960,0.000043,-0.005272,-0.138591,0.081827,-0.001963,-0.138591,0.081827,-0.001963,0.000000,0.000000,0.000000,0.082049,-0.062049,0.028896,0.006619,0.024092,0.088252,0.010615,0.012622,-0.010348,-0.014076,-0.048126,-0.021853,-0.196350,0.000000,0.152716,0.305433,0.719948,0.349066,-0.021817,0.218166,1.505347,-1.505346,-1.047198,0.589049,0.316596,-0.214471,0.160262,-0.043182,-0.062508,0.215628,0.183981,0.285962,-0.038125,-0.135570,0.080758,-0.006051,0.413219,-0.353475,0.187971,0.073958,0.060474,0.355795,0.058493,0.005736,-0.069190,0.184824,-0.114989,-0.158144
1788548294.190177,0.008980,-0.000286,-0.004529,0.219471,-0.178497,0.042512,0.219471,-0.178497,0.042512,0.000000,0.000000,0.000000,0.088676,-0.063323,0.028062,0.011615,0.035341,0.066452,-0.005292,0.024253,-0.006276,-0.012789,-0.023896,-0.025936,0.261799,0.218166,-0.021817,0.174533,0.196350,-1.636246,-0.959931,0.632682,-0.959931,0.829032,2.312562,-0.872665,0.322209,-0.317184,0.162323,0.036152,-0.072499,0.554459,0.003515,-0.192133,-0.098298,-0.127202,-0.201926,-0.136007,0.251434,-0.086382,0.028796,-0.115812,0.248960,0.260181,0.155307,0.262263,-0.196899,0.098341,-0.143191,-0.374920
1788548294.210668,0.008604,-0.000058,-0.002427,0.246769,-0.199003,-0.053362,0.246769,-0.199003,-0.053362,0.000000,0.000000,0.000000,0.092993,-0.064525,0.028359,0.014096,0.030351,0.059460,-0.004520,0.026372,-0.014133,0.013386,-0.023637,-0.031862,0.305433,-0.087267,-0.239983,-0.000000,-0.218166,1.112647,0.370883,-0.327249,-0.130900,2.138028,-0.589048,-0.174533,0.346206,-0.366055,0.122783,0.040915,0.101248,0.376823,0.063442,-0.004402,-0.098472,0.067916,-0.134626,-0.097325,0.532448,-0.228769,-0.069060,0.124531,0.221825,-0.010903,-0.025944,0.175402,-0.113562,0.050553,0.026811,-0.184501
1788548294.230430,0.008567,0.000592,0.000961,-0.207833,-0.035219,0.028930,-0.207833,-0.035219,0.028930,0.000000,0.000000,0.000000,0.088205,-0.050751,0.014260,0.002441,0.034321,0.064169,0.012478,0.032702,-0.027250,0.023700,-0.030067,-0.057957,-0.327249,0.676315,-0.327249,-0.436332,0.763582,-0.043633,0.981748,0.807215,-1.701696,-0.283616,-0.414515,-2.639811,0.262150,-0.197986,0.105830,0.089159,0.240443,0.176820,-0.077703,0.148706,0.050359,-0.160771,-0.274719,-0.049122,0.462157,-0.208055,-0.025895,0.054747,0.167792,0.006484,0.131660,0.366783,-0.056164,-0.080707,0.169549,-0.186837
1788548294.249868,0.009274,0.000954,0.004940,-0.066818,0.034423,-0.033920,-0.066818,0.034423,-0.033920,0.000000,0.000000,0.000000,0.093162,-0.051403,0.008626,0.006858,0.044262,0.048355,0.015666,0.039776,-0.034210,0.020010,-0.009884,-0.060548,0.261799,-0.021817,-0.305433,0.239983,0.152716,-1.832596,-0.021817,0.130900,0.698132,-0.545415,1.243547,1.527163,0.516716,-0.161504,0.038853,0.083890,0.128839,-0.005106,-0.074909,0.146641,-0.079922,-0.028534,0.038493,-0.152352,0.375807,-0.263202,0.158420,0.054414,0.042708,0.461707,0.078163,0.080682,0.020209,0.033553,-0.082814,0.031161
1788548294.269992,0.009587,0.000997,0.005639,0.170336,-0.049067,-0.012748,0.170336,-0.049067,-0.012748,0.000000,0.000000,0.000000,0.095739,-0.047997,0.006755,0.010791,0.042887,0.038112,0.013885,0.052059,-0.024799,0.001913,0.017351,-0.052244,0.370883,0.000000,-0.152716,0.261799,-0.349066,-0.545415,-0.043633,0.741765,0.850848,-1.570796,1.308997,0.043633,0.413219,-0.353475,0.187971,0.073958,0.060474,0.355795,0.058493,0.005736,-0.069190,0.184824,-0.114989,-0.158144,0.323437,-0.331622,0.079233,0.004821,0.187664,0.384644,0.092937,0.144755,-0.093812,0.129629,-0.141468,0.002159
1788548294.290781,0.009587,0.000997,0.005639,0.096966,-0.033754,0.007891,0.096966,-0.033754,0.007891,0.000000,0.000000,0.000000,0.097913,-0.054102,0.011276,0.012525,0.037005,0.051799,0.020899,0.053523,-0.010506,0.000525,0.002183,-0.026029,0.000000,-0.261799,0.196350,-0.000000,-0.479966,2.247112,0.370883,-0.501782,1.090831,0.632682,-1.374447,2.661627,0.251434,-0.086382,0.028796,-0.115812,0.248960,0.260181,0.155307,0.262263,-0.196899,0.098341,-0.143191,-0.374920,0.247003,-0.271928,0.156446,-0.002391,0.123280,0.324549,0.043318,-0.047446,0.013895,-0.116306,-0.289606,-0.062228
1788548294.310326,0.007943,0.001363,-0.002177,-0.218885,0.029229,-0.007821,-0.218885,0.029229,-0.007821,0.000000,0.000000,0.000000,0.095660,-0.060980,0.011634,0.006894,0.034981,0.072520,0.021092,0.047722,-0.012093,0.014815,-0.018892,-0.007215,-0.327249,-0.218166,0.479966,-0.174533,0.370883,1.069014,0.000000,-0.239983,-1.199914,1.199914,-0.916298,0.305433,0.532448,-0.228769,-0.069060,0.124531,0.221825,-0.010903,-0.025944,0.175402,-0.113562,0.050553,0.026811,-0.184501,0.395803,-0.102832,0.227090,0.048267,0.010607,0.123614,0.012746,0.136936,0.067263,-0.155892,-0.093812,-0.049243
1788548294.330357,0.007839,0.001169,-0.003591,-0.062557,0.088884,0.068611,-0.062557,0.088884,0.068611,0.000000,0.000000,0.000000,0.086435,-0.064103,0.023041,0.001841,0.038510,0.082095,0.018824,0.032942,-0.009083,0.002810,-0.047422,-0.008537,-0.392699,-0.130900,0.436332,-0.218166,-0.043633,-0.000000,0.000000,-0.741765,1.069014,-2.268928,-1.439896,-0.545415,0.462157,-0.208055,-0.025895,0.054747,0.167792,0.006484,0.131660,0.366783,-0.056164,-0.080707,0.169549,-0.186837,0.352884,-0.211854,0.250227,0.092845,0.106141,0.403648,0.063815,0.049232,-0.040011,0.082221,-0.213898,-0.057303
1788548294.349847,0.007657,0.000829,-0.003212,-0.078270,-0.036684,0.013084,-0.078270,-0.036684,0.013084,0.000000,0.000000,0.000000,0.086492,-0.059118,0.033753,0.005716,0.031322,0.080126,0.010618,0.023934,0.003912,-0.019271,-0.037777,-0.011673,0.152716,0.370883,0.523599,0.174533,-0.829032,-0.632682,-0.676315,-0.021817,0.959931,-0.829032,1.025381,-0.000000,0.375807,-0.263202,0.158420,0.054414,0.042708,0.461707,0.078163,0.080682,0.020209,0.033553,-0.082814,0.031161,0.426531,-0.183608,0.135689,0.012906,0.292512,0.199410,-0.115010,0.298432,-0.177638,0.263616,0.036648,-0.134082
1788548294.370150,0.006990,0.000133,-0.001904,0.350099,-0.091279,0.013750,0.350099,-0.091279,0.013750,0.000000,0.000000,0.000000,0.086432,-0.059120,0.043205,0.011533,0.022099,0.081642,0.012388,0.020310,0.000773,-0.005327,-0.044398,-0.012546,-0.021817,-0.043633,0.370883,0.218166,0.043633,0.785398,0.261799,-0.000000,-1.265364,1.985312,-0.545415,-0.000000,0.323437,-0.331622,0.079233,0.004821,0.187664,0.384644,0.092937,0.144755,-0.093812,0.129629,-0.141468,0.002159,0.488723,-0.181769,-0.047283,0.060624,0.184542,-0.044205,-0.048441,0.222124,-0.132841,0.035836,0.037168,-0.189885
1788548294.390110,0.006990,0.000133,-0.001904,-0.117152,0.089284,-0.067743,-0.117152,0.089284,-0.067743,0.000000,0.000000,0.000000,0.089514,-0.052785,0.040178,0.010022,0.036209,0.074118,0.005355,0.033795,-0.018865,0.031764,-0.017392,-0.021818,0.043633,0.218166,-0.327249,-0.065450,1.134464,-0.676315,-0.567232,0.785398,-1.788963,2.399828,1.810779,-1.003564,0.247003,-0.271928,0.156446,-0.002391,0.123280,0.324549,0.043318,-0.047446,0.013895,-0.116306,-0.289606,-0.062228,0.483369,-0.005450,-0.021413,0.039125,0.255684,0.082687,0.176361,0.273389,-0.316315,-0.077846,0.034549,-0.480838
1788548294.410608,0.004871,0.000660,0.000436,0.028523,0.122973,-0.015145,0.028523,0.122973,-0.015145,0.000000,0.000000,0.000000,0.095028,-0.049256,0.026458,0.008208,0.045519,0.060297,-0.005726,0.047927,-0.030542,0.031428,-0.001951,-0.033705,0.349066,0.152716,-0.523599,-0.021817,0.043633,-0.981748,-0.589049,0.567232,-0.021817,-1.483530,0.414516,-0.741765,0.395803,-0.102832,0.227090,0.048267,0.010607,0.123614,0.012746,0.136936,0.067263,-0.155892,-0.093812,-0.049243,0.391626,-0.329729,-0.031189,-0.025450,0.151579,0.299196,-0.015324,0.221386,-0.165405,0.168032,0.004487,-0.157153
1788548294.429871,0.004239,0.000434,0.001539,0.081520,-0.050000,0.010421,0.081520,-0.050000,0.010421,0.000000,0.000000,0.000000,0.101365,-0.040642,0.017775,0.009035,0.048669,0.039162,0.002529,0.056416,-0.047793,0.003912,0.002510,-0.067066,0.305433,0.610865,-0.479966,-0.000000,0.589049,-0.807215,0.610865,0.414516,-2.181662,-1.788963,0.000000,-3.359759,0.352884,-0.211854,0.250227,0.092845,0.106141,0.403648,0.063815,0.049232,-0.040011,0.082221,-0.213898,-0.057303,0.343974,-0.368818,-0.038700,-0.058341,0.255901,0.265639,0.088530,0.277147,-0.026953,0.013323,-0.090439,-0.067669
1788548294.451056,0.003903,0.000347,0.001504,0.122532,0.081960,-0.059886,0.122532,0.081960,-0.059886,0.000000,0.000000,0.000000,0.101412,-0.047083,0.007322,0.006477,0.049533,0.042585,0.013860,0.059449,-0.053100,0.013582,0.003105,-0.075051,-0.087267,-0.218166,-0.610865,-0.065450,-0.305433,0.763582,0.414516,-0.349066,1.352630,2.072578,-0.065450,2.530727,0.426531,-0.183608,0.135689,0.012906,0.292512,0.199410,-0.115010,0.298432,-0.177638,0.263616,0.036648,-0.134082,0.351419,-0.291181,0.106811,0.043614,0.151378,0.286709,0.125409,-0.022532,0.005987,-0.091911,-0.167488,-0.012245
1788548294.470500,0.003268,0.000233,-0.000483,-0.351244,0.161189,-0.014479,-0.351244,0.161189,-0.014479,0.000000,0.000000,0.000000,0.098581,-0.052488,-0.003346,-0.002607,0.049645,0.056340,0.014057,0.059700,-0.033144,0.014646,-0.010563,-0.041415,-0.196350,-0.414516,-0.327249,-0.305433,0.152716,0.850848,0.043633,0.327249,1.614430,-0.959931,-0.785398,1.548980,0.488723,-0.181769,-0.047283,0.060624,0.184542,-0.044205,-0.048441,0.222124,-0.132841,0.035836,0.037168,-0.189885,0.298191,-0.256403,0.227540,0.039968,0.015861,0.439567,0.099521,-0.107441,-0.015373,-0.090854,-0.311935,-0.085383
1788548294.490349,0.003187,-0.000262,-0.001949,-0.094382,0.177035,0.087387,-0.094382,0.177035,0.087387,0.000000,0.000000,0.000000,0.094076,-0.062235,0.006725,-0.000387,0.052964,0.068664,0.018447,0.051458,-0.012617,-0.001215,-0.027449,-0.019879,-0.109083,-0.392699,0.676315,0.087267,-0.458149,0.589049,0.239983,-1.396264,1.003564,-1.461713,-1.003564,1.308997,0.483369,-0.005450,-0.021413,0.039125,0.255684,0.082687,0.176361,0.273389,-0.316315,-0.077846,0.034549,-0.480838,0.275467,-0.148561,0.325484,0.047716,0.124309,0.359522,-0.011420,-0.092504,-0.021175,-0.084490,-0.286718,-0.108372
1788548294.510574,0.002937,-0.001185,-0.001126,0.100561,0.031893,0.031593,0.100561,0.031893,0.031593,0.000000,0.000000,0.000000,0.090964,-0.067983,0.022125,0.004600,0.040556,0.080164,0.021916,0.026623,-0.005390,-0.014667,-0.054655,-0.015988,-0.065450,0.000000,0.589049,0.152716,-0.872665,0.785398,0.152716,-1.396264,0.043633,-0.370883,-1.461713,-0.523599,0.391626,-0.329729,-0.031189,-0.025450,0.151579,0.299196,-0.015324,0.221386,-0.165405,0.168032,0.004487,-0.157153,0.342599,-0.192415,0.161164,0.053500,0.258816,0.130999,-0.064452,0.167265,-0.055398,0.078367,-0.089794,0.025923
1788548294.529986,0.002387,-0.001624,-0.000228,-0.076539,0.026034,-0.003560,-0.076539,0.026034,-0.003560,0.000000,0.000000,0.000000,0.085406,-0.060007,0.035796,0.007295,0.029966,0.091318,0.015927,0.000334,-0.006563,-0.017433,-0.063970,-0.021281,-0.392699,0.414516,0.698132,0.065450,-0.021817,0.261799,-0.305433,-1.047198,-0.196350,-0.000000,-0.174533,-0.218166,0.343974,-0.368818,-0.038700,-0.058341,0.255901,0.265639,0.088530,0.277147,-0.026953,0.013323,-0.090439,-0.067669,0.439107,-0.127655,0.132798,0.003941,0.206997,0.040016,-0.129398,0.231047,-0.137244,0.133462,0.066492,-0.044962
1788548294.550638,0.000952,-0.002143,0.000814,0.180722,0.054929,0.057825,0.180722,0.054929,0.057825,0.089433,0.000000,0.000000,0.083596,-0.057072,0.042687,0.010147,0.035003,0.080867,0.003088,0.001237,-0.008387,-0.000495,-0.042797,-0.011210,0.065450,0.000000,0.327249,0.196350,0.501782,-1.047198,-0.719948,0.850848,-0.589049,1.745329,1.461713,1.265364,0.351419,-0.291181,0.106811,0.043614,0.151378,0.286709,0.125409,-0.022532,0.005987,-0.091911,-0.167488,-0.012245,0.416852,-0.099535,0.019629,0.016478,0.019589,0.191607,0.129790,-0.002193,-0.262668,0.071847,0.014217,-0.350229
1788548294.569797,0.000343,-0.001885,0.001287,0.057684,0.052266,-0.009952,0.057684,0.052266,-0.009952,0.312887,0.000000,0.000000,0.087146,-0.053224,0.045128,0.008135,0.044319,0.058448,-0.009718,0.022382,-0.018554,0.018186,-0.010015,-0.007929,0.218166,0.174533,-0.196350,-0.043633,0.196350,-1.221730,-0.698132,1.330814,-0.872665,0.981748,1.636246,-0.501782,0.298191,-0.256403,0.227540,0.039968,0.015861,0.439567,0.099521,-0.107441,-0.015373,-0.090854,-0.311935,-0.085383,0.328535,-0.035149,-0.145255,0.058219,-0.341453,-0.029540,0.150760,-0.258629,-0.630440,0.038581,0.012354,-0.616608
1788548294.590194,0.000187,-0.001593,0.001461,0.134517,0.001399,-0.061884,0.134517,0.001399,-0.061884,0.381599,0.000000,0.000000,0.094220,-0.045373,0.032321,0.005255,0.039972,0.045833,-0.005829,0.031245,-0.037690,0.019947,-0.001957,-0.033212,0.349066,0.545415,-0.589049,-0.196350,-0.414516,-0.000000,0.218166,-0.283616,-1.570796,-0.523599,-0.239983,-3.097960,0.275467,-0.148561,0.325484,0.047716,0.124309,0.359522,-0.011420,-0.092504,-0.021175,-0.084490,-0.286718,-0.108372,0.460696,-0.186040,-0.277045,0.160047,-0.328347,-0.460680,-0.178061,-0.267489,-0.336275,-0.310859,-0.073172,-0.251980
1788548294.610410,0.000285,-0.001522,0.001072,-0.099575,-0.014180,-0.032323,-0.099575,-0.014180,-0.032323,0.499095,0.000000,0.000000,0.094430,-0.032319,0.014004,0.004731,0.015161,0.034221,0.013814,0.014174,-0.078078,0.016260,0.001130,-0.094045,-0.261799,0.567232,-0.741765,-0.043633,-1.636246,-0.698132,0.872665,-1.287180,-3.817908,-0.327249,0.021817,-3.643375,0.342599,-0.192415,0.161164,0.053500,0.258816,0.130999,-0.064452,0.167265,-0.055398,0.078367,-0.089794,0.025923,0.321806,-0.195043,-0.147387,0.155707,-0.100393,-0.907096,-0.752873,0.016280,0.087140,-0.837398,-0.400244,0.297999
1788548294.630324,0.000200,-0.001599,-0.000835,-0.035526,-0.175701,0.019742,-0.035526,-0.175701,0.019742,0.594267,0.000000,0.000000,0.098183,-0.031806,-0.007663,0.010363,-0.028573,0.002145,0.011357,-0.025961,-0.113091,-0.010391,-0.006612,-0.106898,0.174533,-0.218166,-1.047198,0.218166,-2.247112,-2.661627,-0.174533,-1.788963,1.396263,-3.512475,-0.479966,2.617994,0.439107,-0.127655,0.132798,0.003941,0.206997,0.040016,-0.129398,0.231047,-0.137244,0.133462,0.066492,-0.044962,0.196693,-0.100232,0.355498,0.198317,-0.400451,-0.234298,-0.923280,-0.487097,-0.186310,-0.403720,-0.234389,-0.035981
1788548294.650246,-0.000373,-0.002215,-0.004639,-0.177473,-0.098602,0.009356,-0.177473,-0.098602,0.009356,0.671356,0.000000,0.000000,0.093430,-0.036496,-0.015967,0.022733,-0.048421,-0.056935,-0.036517,-0.037534,-0.070114,-0.091918,-0.048685,-0.045797,-0.283616,-0.196350,-0.370883,0.523599,0.174533,-3.621559,-2.945244,0.632682,4.079707,-6.174103,-2.945244,5.388704,0.416852,-0.099535,0.019629,0.016478,0.019589,0.191607,0.129790,-0.002193,-0.262668,0.071847,0.014217,-0.350229,0.299349,-0.389334,0.133927,0.283587,-0.796523,0.079216,-0.824165,-0.560017,-0.453327,-0.108005,-0.100187,-0.277712
1788548294.670354,-0.000373,-0.002215,-0.004639,0.066206,-0.098869,0.022805,0.066206,-0.098869,0.022805,0.733799,0.000000,0.000000,0.084717,-0.042302,0.004726,0.033450,-0.053897,-0.093197,-0.119906,-0.046476,-0.024450,-0.143012,-0.058862,0.017010,-0.349066,0.130900,1.308997,0.523599,-0.632682,1.047198,-4.210607,-1.287180,-0.763582,1.287180,0.305432,-0.218165,0.328535,-0.035149,-0.145255,0.058219,-0.341453,-0.029540,0.150760,-0.258629,-0.630440,0.038581,0.012354,-0.616608,0.068413,-0.127887,0.348324,0.064708,-0.953832,-0.157199,-0.802902,-0.549868,-0.669845,-0.208049,-0.556475,-0.159687
1788548294.690592,-0.000950,-0.002526,-0.003130,0.640917,-0.183024,-0.057756,0.640917,-0.183024,-0.057756,0.805939,0.000000,0.000000,0.084474,-0.047217,0.013938,0.042564,-0.075062,-0.098967,-0.175652,-0.063848,-0.060057,-0.086122,-0.041805,-0.022502,0.000000,-0.109083,0.763582,0.021817,-1.854412,1.178097,-2.072579,-1.614430,-3.010693,3.948807,0.938115,-2.945243,0.460696,-0.186040,-0.277045,0.160047,-0.328347,-0.460680,-0.178061,-0.267489,-0.336275,-0.310859,-0.073172,-0.251980,0.155465,-0.021015,0.318037,0.157677,-0.402048,-0.636622,-0.514679,-0.159482,-0.280714,-0.737907,-0.374932,0.030452
1788548294.709902,-0.001732,-0.003487,-0.000885,-0.617028,-0.007389,-0.069740,-0.617028,-0.007389,-0.069740,0.825345,0.000000,0.000000,0.071886,-0.035294,0.025793,0.030377,-0.124561,-0.067057,-0.186604,-0.097958,-0.110789,-0.058532,-0.076676,-0.041777,-0.785398,0.436332,0.392699,-0.392699,-2.705260,1.047198,0.065450,-1.570796,-3.337943,0.174533,-4.014258,0.414516,0.321806,-0.195043,-0.147387,0.155707,-0.100393,-0.907096,-0.752873,0.016280,0.087140,-0.837398,-0.400244,0.297999,-0.542502,0.128320,0.279453,0.052730,-0.828626,-1.060750,-1.451520,-0.279286,-0.271594,-0.959967,-0.467662,0.174059
1788548294.730142,-0.001855,-0.004070,-0.000099,-0.680278,0.014715,0.067013,-0.680278,0.014715,0.067013,0.858530,0.000000,0.000000,0.065131,-0.032624,0.032264,0.036491,-0.161750,-0.059203,-0.173722,-0.100740,-0.128755,-0.081890,-0.092932,-0.022486,-0.283616,0.239983,0.654498,0.436332,-0.043633,-0.065450,0.414516,1.178097,2.007128,-3.621559,0.283616,1.985312,0.196693,-0.100232,0.355498,0.198317,-0.400451,-0.234298,-0.923280,-0.487097,-0.186310,-0.403720,-0.234389,-0.035981,-0.163671,-0.022259,-0.048417,0.137650,-1.710749,-0.873335,-1.180851,-0.920683,-0.762687,-0.075362,0.311741,-0.419487
1788548294.749905,-0.000807,-0.005976,0.001833,0.519210,-0.130028,0.113619,0.519210,-0.130028,0.113619,0.872677,0.000000,0.000000,0.015198,-0.024871,0.059958,0.036824,-0.167362,-0.075460,-0.174063,-0.084222,-0.087467,-0.172704,-0.101288,0.013350,-2.967060,0.676315,1.069014,-0.327249,-0.807215,-2.661627,-1.156281,0.829031,1.461713,-4.079707,-0.218166,2.268928,0.299349,-0.389334,0.133927,0.283587,-0.796523,0.079216,-0.824165,-0.560017,-0.453327,-0.108005,-0.100187,-0.277712,0.115507,-0.505538,0.090165,0.134809,-1.440262,0.030552,-1.163640,-1.140699,-0.853435,-0.124303,-0.174528,-0.201470
1788548294.770162,0.001947,-0.005071,-0.003139,-0.384534,-0.517518,-0.038980,-0.384534,-0.517518,-0.038980,0.907181,0.000000,0.000000,-0.009248,-0.023030,0.053740,0.032332,-0.192623,-0.137454,-0.221034,-0.083442,-0.096881,-0.174870,-0.045983,0.004585,-1.112648,0.043633,-0.436332,-0.916298,-2.312562,-2.770710,-2.836160,-1.527163,-3.163409,3.665191,6.283185,-3.599742,0.068413,-0.127887,0.348324,0.064708,-0.953832,-0.157199,-0.802902,-0.549868,-0.669845,-0.208049,-0.556475,-0.159687,0.493579,0.070044,-0.120269,0.137339,-0.257775,-0.352436,0.143078,-0.323197,-0.660073,-0.241978,-0.118778,-0.697335
1788548294.790347,0.002428,-0.004527,-0.006542,0.734527,-0.353067,-0.123669,0.734527,-0.353067,-0.123669,0.924817,0.000000,0.000000,-0.002970,-0.037413,0.048981,0.020458,-0.250871,-0.150359,-0.253039,-0.130713,-0.166520,-0.080638,0.004040,-0.045748,0.698132,-0.959931,-0.501782,-0.327249,-3.119776,1.767146,-0.239983,-4.254241,-2.923427,2.443461,-1.636246,0.021817,0.155465,-0.021015,0.318037,0.157677,-0.402048,-0.636622,-0.514679,-0.159482,-0.280714,-0.737907,-0.374932,0.030452,-0.237911,0.210675,0.121801,0.274161,-0.341116,-1.021499,-0.474970,-0.304596,-0.237977,-0.812231,-0.110670,-0.118337
1788548294.810018,0.002889,-0.003618,-0.013047,-0.778282,0.581436,-0.071737,-0.778282,0.581436,-0.071737,0.932335,0.000000,0.000000,0.045815,-0.024099,0.015438,0.022839,-0.258408,-0.119960,-0.210845,-0.164870,-0.182380,-0.062871,-0.022669,-0.079861,2.617994,0.436332,-1.636246,0.916298,3.228859,1.178097,3.381576,1.112647,1.025381,0.021817,-1.003564,-5.105088,-0.542502,0.128320,0.279453,0.052730,-0.828626,-1.060750,-1.451520,-0.279286,-0.271594,-0.959967,-0.467662,0.174059,-0.025478,0.483108,-0.148441,-0.280584,-0.590118,-2.019274,-1.309243,-0.216132,-0.119778,-1.513469,-0.281459,-0.109759
1788548294.830063,-0.000118,-0.003219,-0.003889,0.577533,0.597548,0.081927,0.577533,0.597548,0.081927,0.950672,0.000000,0.000000,0.038340,-0.020418,0.021566,0.042900,-0.181396,-0.083144,-0.148431,-0.140997,-0.148074,-0.088675,-0.024621,-0.117569,-1.418080,0.218166,0.327249,1.069014,3.556108,2.748894,3.316126,1.658063,4.472406,-3.556109,0.545415,2.530727,-0.163671,-0.022259,-0.048417,0.137650,-1.710749,-0.873335,-1.180851,-0.920683,-0.762687,-0.075362,0.311741,-0.419487,-0.211901,-0.012189,0.405239,-0.082529,-0.723165,-1.191185,-1.386789,-0.400864,-0.276542,-1.109651,-0.960415,0.104758
1788548294.850154,-0.000745,-0.002688,0.001243,-0.044847,-0.095007,0.019343,-0.044847,-0.095007,0.019343,0.960045,0.000000,0.000000,0.023916,0.005642,0.012204,0.020968,-0.142050,-0.090349,-0.135041,-0.105032,-0.074205,-0.209195,-0.044526,-0.056490,-0.938115,2.116212,-0.109083,-1.287180,1.047198,-2.901610,-1.047198,1.745329,3.228859,-8.268498,-1.156281,1.658063,0.115507,-0.505538,0.090165,0.134809,-1.440262,0.030552,-1.163640,-1.140699,-0.853435,-0.124303,-0.174528,-0.201470,0.228555,-0.536628,-0.172136,0.198426,-1.535881,0.088266,-1.347366,-0.865758,-0.635013,0.115104,-0.354335,-0.173816
1788548294.869792,-0.001209,-0.001660,0.005052,0.238380,-0.666388,-0.111152,0.238380,-0.666388,-0.111152,0.964040,0.000000,0.000000,-0.002888,0.013150,0.032103,0.006998,-0.146691,-0.168535,-0.202372,-0.086736,-0.057248,-0.293639,-0.108397,-0.014774,-1.178097,0.000000,0.741765,-1.265364,-0.785398,-4.690572,-3.403393,0.021816,-0.959931,-0.087267,-6.065020,3.141593,0.493579,0.070044,-0.120269,0.137339,-0.257775,-0.352436,0.143078,-0.323197,-0.660073,-0.241978,-0.118778,-0.697335,0.525392,-0.479789,0.028692,0.329838,-1.591797,0.183060,-1.037926,-1.217588,-1.099074,0.419625,0.189657,-0.656437
1788548294.890278,-0.000053,0.001229,0.006605,0.360219,-0.207792,0.022805,0.360219,-0.207792,0.022805,0.973785,0.000000,0.000000,0.010687,-0.009498,0.021290,0.002831,-0.177529,-0.204966,-0.266641,-0.100110,-0.088015,-0.238855,-0.165349,-0.010277,1.112647,-2.465277,-0.109083,-0.349066,-2.181662,0.872665,-2.705261,-1.876229,-3.403393,5.475970,1.352630,-2.050762,-0.237911,0.210675,0.121801,0.274161,-0.341116,-1.021499,-0.474970,-0.304596,-0.237977,-0.812231,-0.110670,-0.118337,0.538710,-0.027533,-0.088861,0.219532,-0.244585,-0.431240,0.126355,-0.291737,-0.619836,-0.420359,0.160217,-0.543105
1788548294.910247,0.000856,0.003235,-0.004197,-0.136726,0.337357,-0.064946,-0.136726,0.337357,-0.064946,0.978766,0.000000,0.000000,0.055638,-0.044506,0.017871,0.010851,-0.226196,-0.199318,-0.294648,-0.148534,-0.159980,-0.055416,-0.054589,-0.057532,2.268928,-1.810779,-0.392699,0.654498,-3.141593,2.596177,-0.109083,-3.381576,-5.475971,10.624692,6.457719,-4.821473,-0.025478,0.483108,-0.148441,-0.280584,-0.590118,-2.019274,-1.309243,-0.216132,-0.119778,-1.513469,-0.281459,-0.109759,0.791719,0.095739,0.099692,-0.183020,-0.039408,-0.555859,-0.305115,0.145995,-0.402519,-0.479744,-0.034688,-0.188549
1788548294.930206,-0.000062,0.002310,-0.005030,-0.282801,0.605538,-0.077596,-0.282801,0.605538,-0.077596,0.980889,0.000000,0.000000,0.098712,-0.057770,-0.004914,0.028607,-0.257953,-0.130765,-0.224950,-0.186544,-0.219237,0.025701,0.005963,-0.116235,1.418080,0.196350,-1.025381,0.894481,0.632682,0.894481,5.628687,-0.087266,0.130900,-0.087266,1.570797,-0.959931,-0.211901,-0.012189,0.405239,-0.082529,-0.723165,-1.191185,-1.386789,-0.400864,-0.276542,-1.109651,-0.960415,0.104758,-0.275539,0.741685,-0.016033,-0.162861,-0.284968,-2.387686,-1.172898,0.057768,0.150190,-1.603347,-0.177962,0.216623
1788548294.949888,-0.000062,0.002310,-0.005030,-0.525282,0.412192,0.119877,-0.525282,0.412192,0.119877,0.986068,0.000000,0.000000,0.120321,-0.053279,0.009528,0.025444,-0.203480,-0.048145,-0.124528,-0.172219,-0.158802,-0.055366,0.002011,-0.101743,0.632682,0.261799,0.916298,0.370882,4.908739,3.992441,5.105089,2.683444,3.774275,-4.385140,-0.392698,3.556108,0.228555,-0.536628,-0.172136,0.198426,-1.535881,0.088266,-1.347366,-0.865758,-0.635013,0.115104,-0.354335,-0.173816,-0.182841,-0.050270,0.069637,-0.041606,-0.849018,-1.022024,-1.021033,-0.328002,-0.369759,-0.578262,-0.671123,-0.102278
1788548294.970523,-0.000062,0.002310,-0.005030,0.824408,0.247476,0.007625,0.824408,0.247476,0.007625,0.988715,0.000000,0.000000,0.075289,-0.017920,0.018522,0.012812,-0.134973,-0.030302,-0.079348,-0.095168,-0.092607,-0.126679,-0.021215,-0.032211,-2.072579,2.857977,0.610865,-1.025381,2.356195,0.087266,0.109084,3.774275,5.781404,-5.519604,-1.243547,5.345071,0.525392,-0.479789,0.028692,0.329838,-1.591797,0.183060,-1.037926,-1.217588,-1.099074,0.419625,0.189657,-0.656437,0.323360,-0.716245,-0.089629,0.245446,-1.247720,-0.045076,-1.056654,-0.766090,-0.649527,-0.094475,-0.481281,-0.109809
1788548294.990541,-0.002497,-0.000370,-0.000728,-0.160429,-0.419913,-0.206227,-0.160429,-0.419913,-0.206227,0.990860,0.000000,0.000000,0.046619,-0.005686,0.024702,-0.011544,-0.108984,-0.084912,-0.123740,-0.046275,-0.015074,-0.244549,-0.078342,0.003999,-1.548980,-0.087267,0.130900,-1.352630,0.087267,-4.516040,-2.748893,1.374447,0.479966,-2.050762,-5.257804,-1.483530,0.538710,-0.027533,-0.088861,0.219532,-0.244585,-0.431240,0.126355,-0.291737,-0.619836,-0.420359,0.160217,-0.543105,0.432541,-0.373782,-0.044711,0.241910,-1.918738,0.010713,-1.136895,-1.352711,-1.118418,0.563878,0.193276,-0.666448
1788548295.010081,-0.001532,-0.000137,0.000290,0.328128,-0.686894,0.126269,0.328128,-0.686894,0.126269,0.992596,0.001316,0.000000,0.047094,-0.023003,0.016518,-0.015820,-0.132322,-0.141534,-0.190905,-0.059392,-0.083474,-0.163165,-0.114135,-0.013858,0.065450,-2.487094,-0.239983,0.479966,-2.159845,0.152716,-2.967059,-2.857977,-4.930555,7.701265,0.130900,-0.523599,0.791719,0.095739,0.099692,-0.183020,-0.039408,-0.555859,-0.305115,0.145995,-0.402519,-0.479744,-0.034688,-0.188549,0.726595,-0.054464,0.222997,0.015444,-0.379421,-0.615176,-0.099807,-0.040175,-0.605359,-0.498289,-0.046900,-0.242421
1788548295.030517,-0.001508,-0.000125,-0.009627,-0.144716,0.228967,-0.076664,-0.144716,0.228967,-0.076664,0.994003,0.011215,0.000000,0.069330,-0.051171,0.008339,-0.004666,-0.205820,-0.151081,-0.233807,-0.123505,-0.158398,-0.035167,-0.063378,-0.045925,1.919863,-1.396264,-0.370883,0.763582,-4.232424,1.418080,-1.788962,-4.188790,-5.497787,8.399397,6.043203,-4.276057,-0.275539,0.741685,-0.016033,-0.162861,-0.284968,-2.387686,-1.172898,0.057768,0.150190,-1.603347,-0.177962,0.216623,0.753543,-0.042424,0.005401,-0.271985,-0.093485,-0.618780,-0.242096,0.032218,-0.420435,-0.415177,-0.112677,-0.222392
1788548295.050438,-0.001508,-0.000125,-0.009627,-0.401844,0.249739,-0.006623,-0.401844,0.249739,-0.006623,0.994603,0.027035,0.000000,0.119364,-0.068722,0.006466,0.005094,-0.260069,-0.117165,-0.216665,-0.175077,-0.222509,0.063414,-0.016293,-0.104659,2.050762,-0.305433,0.043633,0.501782,-0.479966,-0.916298,3.337943,-0.414516,-0.043633,0.610865,-0.414516,0.610865,-0.182841,-0.050270,0.069637,-0.041606,-0.849018,-1.022024,-1.021033,-0.328002,-0.369759,-0.578262,-0.671123,-0.102278,-0.758615,0.502304,0.013616,-0.022342,-0.684641,-1.995865,-1.345293,-0.264067,0.044457,-1.460338,-0.333781,0.140763
1788548295.070403,-0.001508,-0.000125,-0.009627,-0.830746,0.196210,0.127867,-0.830746,0.196210,0.127867,0.996065,0.049665,0.000000,0.143171,-0.067667,0.014413,-0.002771,-0.230440,-0.059735,-0.138463,-0.191020,-0.161856,-0.016271,-0.023907,-0.074516,0.589049,0.436332,0.523599,-0.043633,4.406957,2.399828,3.861541,2.072579,3.796092,-5.955937,-0.174533,1.439897,0.323360,-0.716245,-0.089629,0.245446,-1.247720,-0.045076,-1.056654,-0.766090,-0.649527,-0.094475,-0.481281,-0.109809,-0.059685,-0.113176,-0.039644,0.000958,-1.213726,-0.916527,-1.229229,-0.442996,-0.336110,-0.448413,-0.709848,-0.077161
1788548295.090078,-0.005404,-0.003901,-0.001369,0.798975,0.165983,0.018810,0.798975,0.165983,0.018810,0.996813,0.076283,0.000000,0.077618,-0.037947,0.026635,-0.002364,-0.175205,-0.064753,-0.102417,-0.131520,-0.099641,-0.107765,-0.050332,-0.036773,-5.170538,2.203478,0.174533,-0.545415,0.610866,-1.047198,0.261800,2.465278,5.541421,-6.370452,-1.854412,4.254241,0.432541,-0.373782,-0.044711,0.241910,-1.918738,0.010713,-1.136895,-1.352711,-1.118418,0.563878,0.193276,-0.666448,0.270956,-0.690702,0.189104,0.313585,-0.995316,-0.136308,-1.336695,-0.533582,-0.446518,-0.628374,-0.842027,0.090426
1788548295.110343,-0.003674,-0.002652,0.005266,-0.191987,-0.571846,-0.219410,-0.191987,-0.571846,-0.219410,0.839361,0.078517,0.000000,0.047290,-0.027680,0.017142,-0.017481,-0.160648,-0.125924,-0.153702,-0.093074,-0.035290,-0.247042,-0.107355,-0.005906,-1.483530,-0.087266,-0.392699,-0.719948,0.065450,-3.730642,-3.010693,1.112648,-0.021816,-3.381576,-4.057890,-1.047198,0.726595,-0.054464,0.222997,0.015444,-0.379421,-0.615176,-0.099807,-0.040175,-0.605359,-0.498289,-0.046900,-0.242421,0.600227,-0.432576,-0.023232,0.203928,-1.729560,0.072886,-0.962231,-1.240947,-1.115783,0.424799,0.220912,-0.761699
1788548295.131084,-0.001681,-0.001809,0.007466,0.286583,-0.751077,0.052366,0.286583,-0.751077,0.052366,0.000000,0.000000,0.000000,0.045998,-0.039218,0.018959,-0.005514,-0.186656,-0.159914,-0.233750,-0.098067,-0.077330,-0.209760,-0.169244,0.004585,-0.196349,-1.614430,0.065450,1.025381,-1.178097,-0.021817,-3.468842,-0.850848,-2.138028,3.294309,-2.290745,1.592613,0.753543,-0.042424,0.005401,-0.271985,-0.093485,-0.618780,-0.242096,0.032218,-0.420435,-0.415177,-0.112677,-0.222392,0.630948,-0.183153,-0.001278,-0.113186,-0.057328,0.296199,-0.175852,0.028663,-0.220383,-0.227221,-0.103884,-0.343657
1788548295.149847,0.000081,-0.001548,0.001224,-0.432337,0.413524,0.101235,-0.432337,0.413524,0.101235,0.000000,0.000000,0.000000,0.078553,-0.063860,0.010974,0.008121,-0.215915,-0.141204,-0.263284,-0.120615,-0.124362,-0.142995,-0.145199,-0.012639,2.552544,-1.985312,-0.218166,1.047198,-1.636246,3.599742,-1.265364,-1.854412,-4.319690,6.108652,4.690573,-3.883357,-0.758615,0.502304,0.013616,-0.022342,-0.684641,-1.995865,-1.345293,-0.264067,0.044457,-1.460338,-0.333781,0.140763,0.677358,-0.172451,-0.296662,-0.088727,0.014221,-0.191074,-0.096457,-0.129988,-0.523371,-0.401372,0.027238,-0.263844
1788548295.170216,-0.000413,-0.003812,-0.004917,-0.291190,0.243747,-0.008487,-0.291190,0.243747,-0.008487,0.000000,0.000000,0.000000,0.119315,-0.086871,0.006046,0.002812,-0.225225,-0.053190,-0.232504,-0.132093,-0.215560,0.000708,-0.049901,-0.112365,1.788963,-0.610865,-0.523599,-0.065450,1.418080,4.952372,4.319690,1.832596,-1.679879,4.123340,1.374447,-2.138028,-0.059685,-0.113176,-0.039644,0.000958,-1.213726,-0.916527,-1.229229,-0.442996,-0.336110,-0.448413,-0.709848,-0.077161,0.540917,-0.135925,-0.056961,0.055077,0.167518,-0.146596,-0.086779,0.186939,0.037881,-0.584359,0.154780,-0.067205
1788548295.189897,-0.001402,-0.005753,-0.002591,-0.731677,0.747884,0.030528,-0.731677,0.747884,0.030528,0.000000,0.000000,0.000000,0.141003,-0.084946,-0.009054,-0.003101,-0.169479,0.022353,-0.133680,-0.121029,-0.171679,-0.031761,-0.019601,-0.087331,0.436332,0.698132,-0.479966,-0.239983,5.257804,5.083272,4.276057,2.879793,2.836160,-3.687008,1.548980,1.592613,0.270956,-0.690702,0.189104,0.313585,-0.995316,-0.136308,-1.336695,-0.533582,-0.446518,-0.628374,-0.842027,0.090426,0.300451,-0.255314,-0.073715,0.059249,-0.141682,-0.062090,0.359019,-0.071217,-0.169421,-0.158595,-0.012401,0.043455
1788548295.210126,-0.001237,-0.006075,0.001081,0.700705,0.320047,0.040648,0.700705,0.320047,0.040648,0.000000,0.000000,0.000000,0.137036,-0.076336,-0.003886,0.001342,-0.087061,0.076616,-0.069597,-0.059932,-0.117887,-0.095460,0.015587,-0.051895,-0.043633,0.872665,0.065450,-0.261799,3.708825,-0.327249,2.072579,3.141593,5.017822,-2.923427,1.570797,2.443461,0.600227,-0.432576,-0.023232,0.203928,-1.729560,0.072886,-0.962231,-1.240947,-1.115783,0.424799,0.220912,-0.761699,0.080596,-0.410138,0.031847,0.251446,-0.404446,0.727746,0.243018,-0.329204,-0.299724,-0.317521,-0.296075,-0.016594
1788548295.230216,-0.001237,-0.006075,0.001081,0.292975,0.050002,-0.050299,0.292975,0.050002,-0.050299,0.000000,0.000000,0.000000,0.126735,-0.073047,-0.006981,0.001432,-0.033907,0.044554,-0.017018,-0.020806,-0.042148,-0.087186,0.005625,-0.016116,-0.370883,-0.065450,-0.000000,-0.109083,1.243547,-2.399828,2.138029,1.265364,0.589049,3.163409,-0.981747,2.247112,0.630948,-0.183153,-0.001278,-0.113186,-0.057328,0.296199,-0.175852,0.028663,-0.220383,-0.227221,-0.103884,-0.343657,0.393605,-0.130142,0.171448,0.122554,-0.131662,0.465798,0.204304,-0.101770,0.093079,-0.094986,0.008958,0.035099
1788548295.250202,-0.001237,-0.006075,0.001081,0.525202,-0.226700,0.124671,0.525202,-0.226700,0.124671,0.000000,0.000000,0.000000,0.109928,-0.080340,-0.004797,0.006059,-0.024180,0.047897,0.027207,-0.016028,-0.053580,-0.073673,-0.032715,-0.003075,-1.112647,-0.479966,-0.000000,0.087266,-1.156280,3.425209,2.050762,-0.719948,-1.505347,-0.741765,-2.465277,-0.109083,0.677358,-0.172451,-0.296662,-0.088727,0.014221,-0.191074,-0.096457,-0.129988,-0.523371,-0.401372,0.027238,-0.263844,0.203782,-0.138302,0.185158,0.072223,0.012998,0.260815,-0.074125,0.241018,0.076770,-0.383390,-0.532108,0.147725
1788548295.270123,0.005507,0.003977,-0.000741,-0.490128,-0.063715,0.008291,-0.490128,-0.063715,0.008291,0.000000,0.000000,0.000000,0.107646,-0.072006,0.001107,0.005991,-0.033065,0.072653,0.042497,-0.029522,-0.044625,-0.056340,-0.021619,0.000274,0.065450,0.479966,0.610865,0.458149,0.283616,1.636246,0.087267,-0.043633,3.076143,2.443461,1.767146,0.436332,0.540917,-0.135925,-0.056961,0.055077,0.167518,-0.146596,-0.086779,0.186939,0.037881,-0.584359,0.154780,-0.067205,0.484826,-0.089081,0.269929,-0.051992,0.023294,0.119537,0.012138,0.169236,-0.089655,-0.099935,-0.036153,-0.245143
1788548295.290214,0.005507,0.003977,-0.000741,0.098697,0.156662,0.034789,0.098697,0.156662,0.034789,0.000000,0.000000,0.000000,0.093291,-0.067386,0.020933,0.011664,-0.025099,0.092807,0.035361,-0.015739,-0.001888,-0.062476,-0.053286,0.015371,-0.676315,0.283616,1.047198,0.152716,0.698132,1.352630,-0.370882,1.570796,0.916298,-2.138028,-4.428772,1.134464,0.300451,-0.255314,-0.073715,0.059249,-0.141682,-0.062090,0.359019,-0.071217,-0.169421,-0.158595,-0.012401,0.043455,0.297539,-0.340479,0.234236,0.063397,-0.173267,0.578050,0.177087,-0.228570,-0.171745,0.073264,-0.348977,-0.152346
1788548295.310134,0.006832,0.004932,-0.000471,-0.304506,-0.116978,0.032925,-0.304506,-0.116978,0.032925,0.000000,0.000000,0.000000,0.095977,-0.067640,0.041310,0.005626,-0.008278,0.098364,0.013569,0.015205,-0.004891,-0.050728,-0.065953,-0.000937,0.065450,0.218166,0.916298,-0.283616,0.894481,-1.854413,-1.570796,1.396264,-1.483530,2.247112,3.076144,-3.447026,0.080596,-0.410138,0.031847,0.251446,-0.404446,0.727746,0.243018,-0.329204,-0.299724,-0.317521,-0.296075,-0.016594,0.306954,0.226662,0.168233,-0.096050,0.177391,0.196199,0.283473,0.426367,-0.328709,-0.028370,0.049402,-0.670406
1788548295.330425,0.006776,0.005505,0.006404,0.665817,-0.268911,-0.009553,0.665817,-0.268911,-0.009553,0.000000,0.000000,0.000000,0.091834,-0.074114,0.053696,0.005149,-0.010553,0.104577,0.013503,0.022699,-0.022925,-0.014747,-0.063152,-0.027752,-0.065450,-0.109083,0.523599,-0.239983,-0.479966,1.570796,0.894481,-1.418080,-1.178097,2.203478,-1.854413,-0.021817,0.393605,-0.130142,0.171448,0.122554,-0.131662,0.465798,0.204304,-0.101770,0.093079,-0.094986,0.008958,0.035099,0.528461,-0.161322,-0.165213,0.193498,0.166132,-0.107375,-0.114293,0.289098,-0.144092,0.052600,0.110239,-0.294947
1788548295.350505,0.006703,0.005812,0.007986,-0.152972,-0.235622,-0.071870,-0.152972,-0.235622,-0.071870,0.000000,0.000000,0.000000,0.093048,-0.043620,0.047127,-0.002588,-0.003599,0.090570,0.034046,0.022868,-0.052097,-0.006843,-0.034308,-0.064906,-0.218166,1.570796,-0.436332,-0.109083,1.243547,-1.636246,0.698132,1.679880,-2.443461,-0.589049,3.207043,-5.105088,0.203782,-0.138302,0.185158,0.072223,0.012998,0.260815,-0.074125,0.241018,0.076770,-0.383390,-0.532108,0.147725,0.213122,0.054079,0.088998,-0.243037,0.381797,-0.093943,0.117016,0.452757,-0.341011,-0.014561,-0.094234,-0.616724
1788548295.369915,0.006194,0.006548,0.009650,0.396572,0.042412,-0.014746,0.396572,0.042412,-0.014746,0.000000,0.000000,0.000000,0.099443,-0.040413,0.024484,0.007139,0.014976,0.066826,0.033645,0.043907,-0.054660,0.003446,0.005723,-0.110410,0.283616,-0.109083,-0.981748,0.414516,0.632682,-1.090831,-0.436332,1.112648,1.614430,1.199914,1.679879,2.028945,0.484826,-0.089081,0.269929,-0.051992,0.023294,0.119537,0.012138,0.169236,-0.089655,-0.099935,-0.036153,-0.245143,0.390122,-0.360523,-0.023838,0.005541,0.042050,0.374548,0.060463,-0.024862,-0.126558,0.138747,-0.018242,-0.081620
1788548295.390823,0.006498,0.007054,0.009038,-0.036725,-0.168111,-0.033920,-0.036725,-0.168111,-0.033920,0.000000,0.000000,0.000000,0.090918,-0.028171,0.019013,-0.006313,0.040692,0.029964,0.022085,0.066932,-0.059997,0.000018,-0.007547,-0.106221,-0.261799,0.523599,-0.436332,-0.458149,1.701696,-1.723513,-0.589049,1.418080,-2.028945,-0.698132,-1.439897,-2.770710,0.297539,-0.340479,0.234236,0.063397,-0.173267,0.578050,0.177087,-0.228570,-0.171745,0.073264,-0.348977,-0.152346,0.312749,-0.288765,0.086813,-0.060482,-0.050512,0.412105,0.220173,-0.003545,-0.057646,0.043736,-0.002713,-0.128731
1788548295.410138,0.005603,0.007753,0.000501,0.151161,-0.026031,0.044510,0.151161,-0.026031,0.044510,0.000000,0.000000,0.000000,0.095658,-0.045174,0.006690,-0.007431,0.054409,0.035118,0.018624,0.068882,-0.056449,0.013173,-0.007146,-0.100876,0.261799,-0.829031,-0.370883,-0.698132,-0.545415,2.203478,-0.021817,-1.745329,2.247112,1.505347,0.414516,4.297873,0.306954,0.226662,0.168233,-0.096050,0.177391,0.196199,0.283473,0.426367,-0.328709,-0.028370,0.049402,-0.670406,0.250196,-0.235134,0.142990,-0.045043,0.060267,0.405990,0.013494,-0.151830,0.017530,-0.219323,-0.290035,-0.087078
1788548295.429902,0.004835,0.007156,-0.004020,-0.289991,-0.038415,-0.028061,-0.289991,-0.038415,-0.028061,0.000000,0.000000,0.000000,0.098049,-0.051834,0.007082,-0.020170,0.041033,0.059880,0.025486,0.043493,-0.033512,0.015265,-0.005169,-0.050452,0.174533,-0.261799,0.109083,-0.610865,-1.243547,1.287180,0.283616,-1.243547,1.265364,-0.763582,0.000000,0.763582,0.528461,-0.161322,-0.165213,0.193498,0.166132,-0.107375,-0.114293,0.289098,-0.144092,0.052600,0.110239,-0.294947,0.245272,-0.173855,0.220276,0.068684,0.190252,0.299534,0.046341,0.077135,0.009570,-0.097402,-0.275400,0.012830
1788548295.449991,0.004394,0.006262,-0.004132,-0.177473,0.057858,0.059690,-0.177473,0.057858,0.059690,0.000000,0.000000,0.000000,0.094013,-0.060255,0.016515,-0.022493,0.026503,0.082864,0.032238,0.014542,-0.015753,-0.013787,-0.034390,-0.035631,-0.458149,-0.392699,0.479966,0.239983,-0.370883,0.829032,0.021817,-1.243547,1.047198,-2.879793,-2.247112,0.916298,0.213122,0.054079,0.088998,-0.243037,0.381797,-0.093943,0.117016,0.452757,-0.341011,-0.014561,-0.094234,-0.616724,0.326151,-0.214571,0.278461,0.127123,0.117233,0.336666,-0.047724,-0.079845,0.033516,-0.225963,-0.377366,-0.146594
1788548295.469962,0.004394,0.006262,-0.004132,-0.088790,0.054663,0.039583,-0.088790,0.054663,0.039583,0.000000,0.000000,0.000000,0.085156,-0.063445,0.028645,-0.007854,0.030040,0.090960,0.021101,0.005065,-0.005136,-0.024256,-0.056056,-0.016828,-0.567232,0.000000,0.632682,0.654499,0.436332,0.479966,-0.589049,0.174533,0.196350,0.719948,-0.610865,1.243547,0.390122,-0.360523,-0.023838,0.005541,0.042050,0.374548,0.060463,-0.024862,-0.126558,0.138747,-0.018242,-0.081620,0.441501,-0.207141,0.220557,0.002816,0.025839,0.297335,0.084261,0.003128,-0.026023,0.085704,-0.092998,-0.107379
1788548295.490339,0.002276,0.003120,-0.000408,0.264346,-0.018308,0.045974,0.264346,-0.018308,0.045974,0.000000,0.000000,0.000000,0.082025,-0.063473,0.043126,0.005348,0.036367,0.095921,0.010923,0.001106,0.001370,-0.037518,-0.075806,-0.021777,0.065450,-0.021817,0.567232,0.436332,0.000000,-0.130900,-0.305433,-0.327249,0.501782,-1.308997,-0.872665,-1.156281,0.312749,-0.288765,0.086813,-0.060482,-0.050512,0.412105,0.220173,-0.003545,-0.057646,0.043736,-0.002713,-0.128731,0.396195,-0.250570,0.146068,0.002476,0.156396,0.273953,-0.067525,0.136149,-0.143437,0.217381,-0.083997,-0.064248
1788548295.510401,0.000857,0.002248,0.001257,0.017604,-0.035219,-0.017808,0.017604,-0.035219,-0.017808,0.000000,0.000000,0.000000,0.089268,-0.060211,0.045910,0.007115,0.031733,0.083570,0.007051,0.000743,-0.000686,-0.020263,-0.052876,-0.026858,0.501782,0.021817,0.087266,-0.000000,-0.239983,-0.632682,-0.196350,-0.152716,-0.436332,2.836160,1.963496,-0.000000,0.250196,-0.235134,0.142990,-0.045043,0.060267,0.405990,0.013494,-0.151830,0.017530,-0.219323,-0.290035,-0.087078,0.529173,-0.044575,-0.018003,0.059491,0.219291,0.058691,0.097163,0.210094,-0.240599,-0.030998,0.000719,-0.334872
1788548295.530249,0.000031,0.001881,0.001113,-0.071745,0.060388,-0.058555,-0.071745,0.060388,-0.058555,0.000000,0.000000,0.000000,0.094406,-0.062237,0.043421,0.004399,0.028597,0.080417,0.008671,0.008172,-0.015429,0.021270,-0.031717,-0.023141,0.130900,-0.218166,-0.152716,-0.065450,0.501782,-0.261799,-0.021817,0.545415,-1.636246,2.116212,0.785398,0.414516,0.245272,-0.173855,0.220276,0.068684,0.190252,0.299534,0.046341,0.077135,0.009570,-0.097402,-0.275400,0.012830,0.537463,-0.085166,-0.096135,0.131109,0.256221,0.052634,0.099414,0.201097,-0.294818,-0.059973,0.078584,-0.377560
1788548295.550228,-0.000691,0.001398,-0.000016,-0.077871,0.083159,0.012419,-0.077871,0.083159,0.012419,0.000000,0.000000,0.000000,0.102443,-0.054266,0.030696,0.004230,0.038873,0.071298,0.009148,0.025816,-0.036980,0.018878,-0.016489,-0.040970,0.327249,0.370883,-0.392699,0.130900,0.719948,-0.349066,0.021817,1.047198,-1.527163,-1.788962,0.763582,-2.879793,0.326151,-0.214571,0.278461,0.127123,0.117233,0.336666,-0.047724,-0.079845,0.033516,-0.225963,-0.377366,-0.146594,0.338392,-0.255545,-0.054126,-0.054129,0.203387,0.075026,0.056153,0.296427,-0.202915,0.026781,0.014020,-0.312789
1788548295.570121,-0.000897,0.001284,-0.000565,0.232255,0.015781,-0.020205,0.232255,0.015781,-0.020205,0.000000,0.000000,0.000000,0.109446,-0.048446,0.021159,0.010515,0.048693,0.051210,0.016236,0.039964,-0.056411,-0.001858,0.004087,-0.072032,0.392699,0.327249,-0.654499,0.196350,0.589049,-0.938115,0.458149,0.436332,-1.025381,-0.894481,1.069014,-1.221730,0.441501,-0.207141,0.220557,0.002816,0.025839,0.297335,0.084261,0.003128,-0.026023,0.085704,-0.092998,-0.107379,0.365745,-0.338896,-0.027442,-0.006831,0.200874,0.263164,0.076061,0.124776,-0.043734,0.066038,-0.136308,-0.005338
1788548295.589868,-0.000897,0.001284,-0.000565,-0.051905,0.053997,-0.073202,-0.051905,0.053997,-0.073202,0.000000,0.000000,0.000000,0.105963,-0.050732,0.005975,0.003556,0.053144,0.035729,0.019470,0.049544,-0.057747,-0.000209,0.005180,-0.077718,-0.109083,-0.305433,-0.850848,-0.283616,0.021817,-0.501782,0.021817,0.349066,0.916298,0.654499,-0.218166,0.436332,0.396195,-0.250570,0.146068,0.002476,0.156396,0.273953,-0.067525,0.136149,-0.143437,0.217381,-0.083997,-0.064248,0.411768,-0.340436,0.057079,0.055394,0.114168,0.350416,0.097210,0.002275,-0.057043,0.048157,-0.092601,-0.020161
1788548295.610492,-0.001462,0.000892,-0.003034,-0.222347,0.116981,0.018544,-0.222347,0.116981,0.018544,0.000000,0.000000,0.000000,0.103419,-0.058681,-0.004369,-0.002255,0.055042,0.039519,0.018475,0.052099,-0.038429,0.007103,-0.015644,-0.048966,-0.261799,-0.501782,-0.261799,-0.109083,0.000000,0.676315,0.000000,-0.261799,1.898046,0.523599,-1.221730,3.468842,0.529173,-0.044575,-0.018003,0.059491,0.219291,0.058691,0.097163,0.210094,-0.240599,-0.030998,0.000719,-0.334872,0.257786,-0.198346,0.267615,-0.027968,-0.026708,0.449533,-0.001723,-0.206320,-0.018770,-0.174418,-0.321865,-0.148885
1788548295.630072,-0.002296,-0.000050,-0.001313,-0.108364,0.167181,0.049170,-0.108364,0.167181,0.049170,0.000000,0.000000,0.000000,0.102620,-0.065581,0.002214,0.000341,0.052113,0.056119,0.017776,0.040976,-0.021106,0.009885,-0.021840,-0.018510,0.087266,-0.436332,0.370883,0.130900,-0.523599,0.850848,0.000000,-0.610865,0.479966,-0.000000,0.000000,0.894482,0.537463,-0.085166,-0.096135,0.131109,0.256221,0.052634,0.099414,0.201097,-0.294818,-0.059973,0.078584,-0.377560,0.286809,-0.147867,0.263132,-0.002851,0.094073,0.281093,-0.013322,-0.036538,0.022517,-0.093339,-0.263216,-0.030491
1788548295.649873,-0.003745,-0.001469,0.001445,-0.051505,0.065182,0.029063,-0.051505,0.065182,0.029063,0.000000,0.000000,0.000000,0.094373,-0.066292,0.018599,0.000218,0.036271,0.078937,0.017253,0.014335,-0.013416,-0.012800,-0.050070,-0.022884,-0.283616,0.087266,0.719948,-0.000000,-1.047198,1.069014,0.000000,-1.396263,0.698132,-2.138028,-1.679880,-1.069014,0.338392,-0.255545,-0.054126,-0.054129,0.203387,0.075026,0.056153,0.296427,-0.202915,0.026781,0.014020,-0.312789,0.315338,-0.183018,0.220751,0.098327,0.223606,0.256231,-0.020580,0.111322,-0.047118,-0.016642,-0.243716,0.013631
1788548295.669896,-0.004817,-0.002189,0.001957,-0.129270,0.004063,0.013084,-0.129270,0.004063,0.013084,0.000000,0.000000,0.000000,0.087667,-0.062289,0.030429,0.002053,0.024409,0.087382,0.008363,-0.007629,-0.006263,-0.020896,-0.059888,-0.019732,-0.327249,0.349066,0.894481,-0.000000,0.000000,-0.087266,-0.414516,-0.698132,0.589049,0.501782,0.000000,0.981748,0.365745,-0.338896,-0.027442,-0.006831,0.200874,0.263164,0.076061,0.124776,-0.043734,0.066038,-0.136308,-0.005338,0.459751,-0.142985,0.209727,0.006441,0.137674,0.184578,-0.046915,0.107869,-0.107047,0.170731,0.022289,-0.102604
1788548295.689826,-0.005551,-0.001967,0.000829,0.274066,0.070375,0.039316,0.274066,0.070375,0.039316,0.000000,0.000000,0.000000,0.083050,-0.058959,0.043857,0.007652,0.030572,0.083982,0.004706,-0.006244,-0.006653,-0.012421,-0.060188,-0.009456,-0.109083,0.021817,0.567232,0.130900,0.632682,-0.283616,-0.152716,0.610865,-0.829032,0.741765,0.239983,0.567232,0.411768,-0.340436,0.057079,0.055394,0.114168,0.350416,0.097210,0.002275,-0.057043,0.048157,-0.092601,-0.020161,0.440099,-0.179047,0.072225,-0.003376,0.063358,0.193962,0.118506,0.095402,-0.112206,0.089300,0.038759,-0.165606
1788548295.710460,-0.005858,-0.001659,0.000198,0.083384,0.121774,-0.024333,0.083384,0.121774,-0.024333,0.000000,0.000000,0.000000,0.090495,-0.054787,0.048986,0.006665,0.041660,0.070933,-0.001329,0.013241,-0.014002,0.013702,-0.026937,-0.013697,0.458149,0.130900,0.043633,0.065450,0.261799,-0.807215,-0.479966,0.807215,-0.741765,2.028945,2.116212,-1.025381,0.257786,-0.198346,0.267615,-0.027968,-0.026708,0.449533,-0.001723,-0.206320,-0.018770,-0.174418,-0.321865,-0.148885,0.440087,-0.075905,-0.072679,0.029567,0.222029,0.121575,0.190108,0.198338,-0.274981,0.000224,-0.023410,-0.433838
1788548295.730476,-0.006639,-0.000641,-0.001628,0.051160,0.081561,-0.026863,0.051160,0.081561,-0.026863,0.000000,0.000000,0.000000,0.100015,-0.052878,0.040816,0.003422,0.036833,0.064559,0.004411,0.022628,-0.021679,0.022857,-0.005120,-0.026601,0.436332,0.065450,-0.261799,-0.109083,-0.349066,-0.130900,0.349066,0.239983,-0.370883,-0.392699,0.741765,-0.872665,0.286809,-0.147867,0.263132,-0.002851,0.094073,0.281093,-0.013322,-0.036538,0.022517,-0.093339,-0.263216,-0.030491,0.438793,-0.261338,-0.164893,0.044073,0.267578,-0.007006,-0.065639,0.213304,-0.200559,0.124119,-0.000581,-0.214815
1788548295.750185,-0.006639,-0.000641,-0.001628,-0.128204,0.070642,-0.003427,-0.128204,0.070642,-0.003427,0.000000,0.000000,0.000000,0.102974,-0.047377,0.026319,0.001789,0.036691,0.058598,0.025107,0.029072,-0.039860,0.013667,-0.005267,-0.059108,0.000000,0.327249,-0.610865,-0.000000,0.632682,-0.152716,1.003564,0.676315,-2.072579,-0.981748,-0.218166,-3.272493,0.315338,-0.183018,0.220751,0.098327,0.223606,0.256231,-0.020580,0.111322,-0.047118,-0.016642,-0.243716,0.013631,0.437737,-0.337714,-0.071636,0.026623,0.217273,0.018478,0.069433,0.287605,-0.040284,-0.076102,0.024732,-0.106042
1788548295.769915,-0.006647,-0.000450,-0.002210,0.118404,0.055328,-0.006756,0.118404,0.055328,-0.006756,0.000000,0.000000,0.000000,0.101919,-0.050882,0.010390,0.002831,0.044960,0.043097,0.021837,0.036986,-0.052143,0.019947,-0.000836,-0.069056,0.065450,-0.239983,-0.916298,0.109083,0.305433,-0.807215,-0.414516,0.087267,0.392699,1.221731,0.196350,1.505346,0.459751,-0.142985,0.209727,0.006441,0.137674,0.184578,-0.046915,0.107869,-0.107047,0.170731,0.022289,-0.102604,0.462822,-0.320757,0.030071,0.075455,0.113454,0.332362,0.052601,-0.026127,-0.037315,0.044470,-0.061817,-0.052761
1788548295.789859,-0.006351,-0.000363,-0.001882,-0.049774,0.067446,-0.020738,-0.049774,0.067446,-0.020738,0.000000,0.000000,0.000000,0.102963,-0.056467,-0.003199,0.004576,0.051398,0.026874,0.010438,0.047559,-0.035063,0.004291,0.001267,-0.047065,0.239983,-0.523599,-0.719948,0.087266,0.021817,-0.436332,-0.501782,0.589049,1.767146,-1.832596,0.152716,1.396263,0.440099,-0.179047,0.072225,-0.003376,0.063358,0.193962,0.118506,0.095402,-0.112206,0.089300,0.038759,-0.165606,0.329098,-0.356387,0.111553,0.050757,-0.020448,0.519307,0.029752,-0.081521,-0.109718,-0.015321,-0.171463,-0.099169
1788548295.810194,-0.006179,-0.000439,0.000742,0.022131,0.081561,0.016280,0.022131,0.081561,0.016280,0.000000,0.000000,0.000000,0.107027,-0.062995,-0.004066,0.008200,0.050758,0.035644,0.013498,0.044458,-0.017790,0.002559,-0.007700,-0.027182,0.370883,-0.218166,0.065450,0.065450,-0.283616,1.374447,0.152716,-0.829031,0.632682,0.698132,-0.414516,1.243547,0.440087,-0.075905,-0.072679,0.029567,0.222029,0.121575,0.190108,0.198338,-0.274981,0.000224,-0.023410,-0.433838,0.290814,-0.201742,0.201092,0.000843,0.135262,0.246896,-0.022304,-0.020899,0.000211,-0.080449,-0.249452,-0.039458
1788548295.830295,-0.006508,-0.000199,0.002141,-0.022743,0.090349,0.003497,-0.022743,0.090349,0.003497,0.000000,0.000000,0.000000,0.103400,-0.069350,0.001306,0.008290,0.036541,0.066046,0.014376,0.024395,-0.018603,-0.000028,-0.027002,-0.021832,-0.196350,-0.109083,0.392699,-0.109083,-0.698132,2.007129,0.000000,-1.112647,-0.610865,-0.479966,-0.894481,-0.261799,0.438793,-0.261338,-0.164893,0.044073,0.267578,-0.007006,-0.065639,0.213304,-0.200559,0.124119,-0.000581,-0.214815,0.246108,-0.207846,0.129838,0.058909,0.145952,0.166161,-0.030732,0.199157,0.011573,-0.128346,-0.251986,0.107859
1788548295.850210,-0.006999,-0.000595,0.002863,-0.282668,0.053464,0.004429,-0.282668,0.053464,0.004429,0.000000,0.000000,0.000000,0.094960,-0.066655,0.013117,0.006638,0.026064,0.076070,0.009770,0.004727,-0.015254,-0.008763,-0.047070,-0.017188,-0.436332,0.109083,0.741765,-0.021817,-0.109083,-0.589049,-0.130900,-0.698132,1.090831,-0.763582,-0.938115,0.610865,0.437737,-0.337714,-0.071636,0.026623,0.217273,0.018478,0.069433,0.287605,-0.040284,-0.076102,0.024732,-0.106042,0.402989,-0.202414,0.288098,0.045017,0.094854,0.349086,0.045285,0.003337,-0.054567,0.164714,-0.090286,-0.109556
1788548295.869920,-0.007196,-0.000790,0.001658,0.122799,0.029496,0.060888,0.122799,0.029496,0.060888,0.000000,0.000000,0.000000,0.083339,-0.066672,0.025853,0.009591,0.028933,0.080396,0.002889,0.009377,-0.005155,-0.017457,-0.056084,0.001128,-0.458149,0.000000,0.632682,0.021817,0.087266,-0.152716,-0.283616,0.567232,0.458149,-0.589049,-0.196350,1.570796,0.462822,-0.320757,0.030071,0.075455,0.113454,0.332362,0.052601,-0.026127,-0.037315,0.044470,-0.061817,-0.052761,0.401912,-0.275656,0.173179,0.023639,-0.033804,0.425669,0.119556,-0.040073,-0.083860,0.115639,-0.065300,-0.080100
1788548295.890445,-0.006632,-0.000018,-0.000491,0.078058,-0.105926,0.000567,0.078058,-0.105926,0.000567,0.000000,0.000000,0.000000,0.085938,-0.065605,0.041604,0.008227,0.032876,0.075290,0.000470,0.019186,-0.006255,0.002486,-0.038224,-0.004523,0.218166,0.109083,0.501782,-0.174533,0.000000,0.327249,-0.109083,0.218166,-0.676315,2.617994,0.872665,-1.679880,0.329098,-0.356387,0.111553,0.050757,-0.020448,0.519307,0.029752,-0.081521,-0.109718,-0.015321,-0.171463,-0.099169,0.514405,-0.050864,0.010172,0.029060,0.125451,0.006863,0.087562,0.258586,-0.194273,-0.061749,0.048932,-0.334684
1788548295.910395,-0.006632,-0.000018,-0.000491,0.301896,-0.031224,-0.024200,0.301896,-0.031224,-0.024200,0.000000,0.000000,0.000000,0.093282,-0.063653,0.042412,0.005168,0.026350,0.084031,0.012846,0.017457,-0.012898,0.021213,-0.026451,-0.013127,0.414516,0.021817,-0.000000,-0.130900,-0.283616,0.610865,0.610865,-0.501782,-0.414516,0.261800,0.392699,-0.087267,0.290814,-0.201742,0.201092,0.000843,0.135262,0.246896,-0.022304,-0.020899,0.000211,-0.080449,-0.249452,-0.039458,0.483896,-0.220734,-0.137087,0.084941,0.262978,-0.090840,-0.118537,0.216728,-0.181949,0.111795,0.011351,-0.167154
1788548295.930138,-0.005312,0.001634,-0.002896,-0.222214,-0.003128,-0.033920,-0.222214,-0.003128,-0.033920,0.000000,0.000000,0.000000,0.102492,-0.053063,0.034214,0.003534,0.022873,0.075051,0.020310,0.019784,-0.027256,0.006879,-0.004487,-0.040349,0.196350,0.501782,-0.370883,-0.000000,0.479966,-1.352630,0.327249,1.112647,-1.483530,-1.548980,1.090831,-3.010693,0.246108,-0.207846,0.129838,0.058909,0.145952,0.166161,-0.030732,0.199157,0.011573,-0.128346,-0.251986,0.107859,0.258435,-0.183567,0.017701,-0.115054,0.183687,0.107702,0.045493,0.278103,-0.170017,-0.015128,-0.013455,-0.175985
1788548295.949932,-0.005154,0.002016,-0.003014,0.230923,-0.092344,0.030661,0.230923,-0.092344,0.030661,0.000000,0.000000,0.000000,0.104698,-0.057165,0.022027,0.009528,0.031120,0.049132,0.010064,0.032481,-0.040834,0.012759,0.002011,-0.050690,0.021817,-0.261799,-0.741765,0.239983,0.763582,-1.832596,-0.698132,0.567232,-0.392699,1.352630,0.239983,1.178097,0.402989,-0.202414,0.288098,0.045017,0.094854,0.349086,0.045285,0.003337,-0.054567,0.164714,-0.090286,-0.109556,0.430079,-0.330509,-0.050669,0.066949,0.156916,0.448228,0.093596,0.007516,-0.089100,0.134494,-0.036544,-0.136223
1788548295.969953,-0.004357,0.002815,-0.000112,0.049562,-0.101665,-0.040845,0.049562,-0.101665,-0.040845,0.000000,0.000000,0.000000,0.096007,-0.055122,0.010447,0.002820,0.042039,0.029781,-0.000959,0.049091,-0.040709,0.005786,-0.002655,-0.045252,-0.283616,0.261799,-0.785398,-0.392699,0.349066,-0.021817,-0.283616,0.698132,0.239983,-1.178097,-0.196350,0.065450,0.401912,-0.275656,0.173179,0.023639,-0.033804,0.425669,0.119556,-0.040073,-0.083860,0.115639,-0.065300,-0.080100,0.403243,-0.372498,0.060161,0.052680,0.025381,0.411230,0.091107,0.040125,-0.088397,0.140266,-0.075640,-0.038242
1788548295.990339,-0.003844,0.002740,0.000514,-0.121413,-0.030825,0.000567,-0.121413,-0.030825,0.000567,0.000000,0.000000,0.000000,0.098960,-0.056928,-0.003035,0.001590,0.047011,0.049820,0.009170,0.045783,-0.034128,0.016061,-0.006325,-0.039768,0.152716,-0.283616,-0.370883,-0.239983,-0.130900,2.094395,0.719948,-0.763582,0.916298,1.308997,-0.152716,0.567232,0.514405,-0.050864,0.010172,0.029060,0.125451,0.006863,0.087562,0.258586,-0.194273,-0.061749,0.048932,-0.334684,0.312944,-0.214415,0.139913,0.015250,0.153305,0.175612,-0.029443,0.051960,0.040705,-0.125322,-0.254334,-0.021996
1788548296.010553,-0.003844,0.002740,0.000514,0.046499,-0.012582,0.027465,0.046499,-0.012582,0.027465,0.000000,0.000000,0.000000,0.100239,-0.060830,0.000965,0.002351,0.037215,0.075451,0.017376,0.031134,-0.025911,0.027365,-0.012421,-0.025448,0.327249,-0.305433,0.218166,0.305433,-0.545415,1.265364,0.218166,-0.785398,0.370883,0.436332,-0.392699,1.047197,0.483896,-0.220734,-0.137087,0.084941,0.262978,-0.090840,-0.118537,0.216728,-0.181949,0.111795,0.011351,-0.167154,0.298347,-0.211381,0.163220,0.025613,0.156571,0.218010,0.002073,0.078925,0.006891,-0.085050,-0.233079,0.037765
1788548296.030279,-0.003085,0.002499,0.001487,-0.228605,-0.026031,0.025868,-0.228605,-0.026031,0.025868,-0.034209,0.000000,0.000000,0.096563,-0.063271,0.008328,0.006141,0.029994,0.074475,0.015311,0.019920,-0.013050,0.006636,-0.039988,-0.013790,-0.239983,0.000000,0.370883,0.283616,0.000000,-0.741765,-0.021817,-0.239983,1.308997,-2.683444,-1.330814,0.523598,0.258435,-0.183567,0.017701,-0.115054,0.183687,0.107702,0.045493,0.278103,-0.170017,-0.015128,-0.013455,-0.175985,0.387382,-0.301863,0.231923,0.145261,0.100219,0.501731,0.047073,0.033152,0.008027,0.041761,-0.202196,-0.120193
1788548296.049911,-0.003085,0.002499,0.001487,0.161548,-0.145607,0.055695,0.161548,-0.145607,0.055695,-0.158497,0.000000,0.000000,0.088728,-0.067285,0.021364,0.009395,0.032903,0.074696,0.004877,0.019489,-0.001657,-0.011864,-0.051273,-0.003151,-0.349066,0.000000,0.719948,0.021817,0.174533,-0.392699,-0.458149,0.152716,0.087267,-0.283616,-0.239983,0.850848,0.430079,-0.330509,-0.050669,0.066949,0.156916,0.448228,0.093596,0.007516,-0.089100,0.134494,-0.036544,-0.136223,0.392023,-0.155929,0.207788,-0.007969,0.295211,0.640158,0.389778,0.308685,0.045644,0.127673,-0.078432,-0.073960
1788548296.070298,-0.003085,0.002499,0.001487,0.155822,-0.129095,-0.006756,0.155822,-0.129095,-0.006756,-0.158497,0.000000,0.000000,0.090193,-0.068000,0.034009,0.012883,0.034180,0.086654,0.004455,0.021376,0.000263,-0.002660,-0.050708,-0.011420,0.283616,-0.087266,0.479966,0.021817,-0.196350,1.287180,0.021817,0.109083,0.087266,1.047197,0.130900,-1.374447,0.403243,-0.372498,0.060161,0.052680,0.025381,0.411230,0.091107,0.040125,-0.088397,0.140266,-0.075640,-0.038242,0.436818,-0.104420,0.010297,-0.056267,0.593895,0.110895,0.091257,0.644207,-0.120953,0.053399,0.051993,-0.225791
1788548296.090484,-0.001149,0.002647,-0.002846,-0.029934,0.004196,0.009356,-0.029934,0.004196,0.009356,-0.447890,0.000000,0.000000,0.094504,-0.059227,0.036087,0.006924,0.040108,0.110552,0.029405,0.032421,0.002559,0.013746,-0.034886,-0.018131,0.283616,0.327249,0.021817,0.021817,0.807215,1.461713,1.374447,0.872665,0.239983,1.047197,0.741765,-0.000000,0.312944,-0.214415,0.139913,0.015250,0.153305,0.175612,-0.029443,0.051960,0.040705,-0.125322,-0.254334,-0.021996,0.448954,-0.076167,-0.113846,-0.043119,1.246447,0.069791,0.375587,1.194428,-0.296095,-0.099772,0.071753,-0.292082
1788548296.110615,-0.000933,0.002792,-0.003095,-0.236195,0.142281,-0.080925,-0.236195,0.142281,-0.080925,-0.552791,0.000000,0.000000,0.097018,-0.054446,0.030674,0.002806,0.070946,0.110552,0.045669,0.066856,-0.008924,0.019061,-0.005327,-0.034106,0.043633,0.370883,-0.327249,-0.239983,2.094395,-1.461713,0.567232,2.203479,-1.963495,-0.305433,1.439897,-1.810779,0.298347,-0.211381,0.163220,0.025613,0.156571,0.218010,0.002073,0.078925,0.006891,-0.085050,-0.233079,0.037765,0.340676,-0.192620,-0.025571,-0.155515,0.857959,0.562747,0.946908,0.732573,-0.224005,-0.211680,0.011584,-0.124321
1788548296.130407,0.000466,0.002710,-0.000109,0.096167,-0.088083,0.002565,0.096167,-0.088083,0.002565,-0.637760,0.000000,0.000000,0.097714,-0.049295,0.018263,0.001822,0.124877,0.088492,0.053542,0.132614,-0.037801,0.000940,0.006437,-0.055678,0.130900,0.261799,-0.523599,-0.021817,4.777839,-1.592613,0.239983,4.297874,-2.552544,-1.876229,0.349066,-1.352630,0.387382,-0.301863,0.231923,0.145261,0.100219,0.501731,0.047073,0.033152,0.008027,0.041761,-0.202196,-0.120193,0.555773,-0.338917,0.054880,0.002223,0.396441,1.167686,1.560238,0.011061,0.072688,-0.244393,-0.087400,0.249086
1788548296.150796,0.000834,0.002806,0.000481,0.435587,0.145743,0.049836,0.435587,0.145743,0.049836,-0.673984,0.000000,0.000000,0.093746,-0.047647,0.009771,-0.008378,0.187488,0.089054,0.101664,0.187210,-0.054338,-0.028117,0.002031,-0.046795,-0.021817,0.000000,-0.719948,-0.545415,1.658063,2.072578,2.596178,1.090831,0.567232,-1.679879,-0.610865,1.723513,0.392023,-0.155929,0.207788,-0.007969,0.295211,0.640158,0.389778,0.308685,0.045644,0.127673,-0.078432,-0.073960,0.052915,-0.375472,0.033637,0.376004,1.480780,1.023036,1.467324,1.240625,-0.067138,-0.144230,-0.303820,0.002098
1788548296.170392,0.000834,0.002806,0.000481,0.054888,0.005927,0.009622,0.054888,0.005927,0.009622,-0.673984,0.000000,0.000000,0.106779,-0.048482,0.001729,-0.010513,0.209959,0.125310,0.196512,0.193496,-0.028510,-0.049520,-0.012333,-0.002617,0.719948,-0.349066,-0.239983,-0.523599,-1.069014,2.901610,5.105089,-2.247111,3.097960,-1.178097,-1.003564,4.319690,0.436818,-0.104420,0.010297,-0.056267,0.593895,0.110895,0.091257,0.644207,-0.120953,0.053399,0.051993,-0.225791,0.061164,-0.324992,0.081883,0.255164,1.478492,0.620569,0.683395,1.077264,0.070049,-0.103197,-0.222628,-0.055383
1788548296.190497,0.003853,0.005755,0.002984,-0.273746,0.130030,0.005361,-0.273746,0.130030,0.005361,-0.826742,0.000000,0.000000,0.097220,-0.052832,0.001222,0.004930,0.207436,0.181985,0.290525,0.162723,-0.009467,-0.044949,-0.044324,0.022350,-0.654499,-0.545415,-0.000000,1.156281,2.487095,2.748893,4.210608,1.483530,-1.287180,0.938115,-1.614430,-1.985312,0.448954,-0.076167,-0.113846,-0.043119,1.246447,0.069791,0.375587,1.194428,-0.296095,-0.099772,0.071753,-0.292082,0.319111,-0.241351,0.023517,0.264457,1.897955,0.827297,1.688772,1.929017,0.096269,-0.273015,-0.176149,-0.382621
1788548296.210401,0.004153,0.004929,0.002547,-0.345785,0.565324,0.361559,-0.345785,0.565324,0.361559,-0.844068,0.000000,0.000000,0.078684,-0.064024,0.009234,0.018814,0.264530,0.210766,0.332211,0.178990,-0.004727,-0.031106,-0.048445,-0.001793,-1.112647,-0.610865,0.458149,0.959931,3.621559,1.243547,-0.152716,2.399828,1.658063,1.287180,0.065450,-0.589049,0.340676,-0.192620,-0.025571,-0.155515,0.857959,0.562747,0.946908,0.732573,-0.224005,-0.211680,0.011584,-0.124321,0.578470,-0.113775,-0.087979,0.157617,1.361576,0.938384,1.591216,1.893775,0.018534,-0.009223,0.053598,-0.258824
1788548296.230737,0.004665,0.004466,0.002822,0.035713,0.016979,0.138786,0.035713,0.016979,0.138786,-0.873695,0.000000,0.000000,0.069977,-0.076530,0.014227,0.041522,0.337932,0.219856,0.339899,0.249722,0.011133,-0.044523,-0.047477,-0.035350,0.065450,-0.174533,-0.000000,1.090831,3.970625,-0.523599,0.109084,5.585054,0.414516,-1.898046,-0.327249,-3.774275,0.555773,-0.338917,0.054880,0.002223,0.396441,1.167686,1.560238,0.011061,0.072688,-0.244393,-0.087400,0.249086,0.417017,0.049988,0.259346,-0.202855,1.186408,0.929989,1.872319,1.237576,-0.344251,-0.071746,-0.027695,-0.070706
1788548296.250351,0.004476,0.004722,0.002218,0.456093,0.307264,-0.066944,0.456093,0.307264,-0.066944,-0.897693,0.000000,0.000000,0.083181,-0.066808,0.018026,0.046398,0.392976,0.225929,0.358770,0.349062,0.013138,-0.033711,-0.016495,-0.061366,0.981748,0.698132,-0.087266,0.152716,1.134464,0.218166,1.221731,4.581490,-0.501782,2.378011,1.985312,0.719948,0.052915,-0.375472,0.033637,0.376004,1.480780,1.023036,1.467324,1.240625,-0.067138,-0.144230,-0.303820,0.002098,0.431166,0.138457,-0.301822,-0.178602,2.567657,0.069529,0.609403,2.085964,-1.014301,0.015575,0.134757,-0.532528
1788548296.270417,0.005348,0.005481,0.001509,-0.085594,-0.008587,-0.288252,-0.085594,-0.008587,-0.288252,-0.917131,0.000000,0.000000,0.096544,-0.043194,0.019294,0.015855,0.379984,0.228179,0.392981,0.407893,-0.009764,-0.019421,-0.010432,-0.040962,0.763582,1.352630,0.043633,-1.548980,-2.050762,-0.000000,1.679880,1.069014,-3.403393,-0.152716,-0.239983,2.203478,0.061164,-0.324992,0.081883,0.255164,1.478492,0.620569,0.683395,1.077264,0.070049,-0.103197,-0.222628,-0.055383,0.218640,0.028456,-0.362306,0.090300,2.685659,0.114595,0.368655,2.441684,-1.108742,0.301372,0.198684,-0.512801
1788548296.290586,0.005348,0.005481,0.001509,-0.349513,-0.226168,-0.118875,-0.349513,-0.226168,-0.118875,-0.932876,0.000000,0.000000,0.108884,-0.021230,-0.002122,-0.010047,0.363019,0.200000,0.390786,0.424894,-0.090903,-0.007594,0.016124,-0.046776,0.109083,0.829032,-0.479966,-1.243547,1.025381,-3.272493,-1.418080,2.465277,-6.174103,1.156281,1.461713,-3.534292,0.319111,-0.241351,0.023517,0.264457,1.897955,0.827297,1.688772,1.929017,0.096269,-0.273015,-0.176149,-0.382621,0.499392,0.115228,0.028290,-0.093781,1.537193,1.245848,1.278585,1.609799,-0.458342,-0.028758,0.189013,-0.298915
1788548296.310405,0.005348,0.005481,0.001509,0.180989,-0.191946,0.065016,0.180989,-0.191946,0.065016,-0.945630,0.000000,0.000000,0.095892,-0.015184,-0.012403,-0.013284,0.412133,0.137086,0.329020,0.457787,-0.212174,0.029743,0.036083,-0.104097,-0.763582,0.000000,-0.698132,0.021817,3.708825,-3.905175,-5.497787,3.316126,-4.145158,2.923427,0.850848,-1.221731,0.578470,-0.113775,-0.087979,0.157617,1.361576,0.938384,1.591216,1.893775,0.018534,-0.009223,0.053598,-0.258824,0.694405,-0.040944,-0.086552,0.015830,0.648622,1.859627,1.929662,0.847678,-0.033651,-0.246934,0.010931,0.061681
1788548296.330500,0.005348,0.005481,0.001509,0.196036,0.118978,0.000301,0.196036,0.118978,0.000301,-0.955960,0.000000,0.000000,0.098933,-0.000442,-0.014781,-0.019709,0.491262,0.115804,0.277710,0.495198,-0.234105,0.027766,0.040428,-0.094097,0.370883,0.981748,-0.349066,-0.021817,1.243547,2.596177,-2.203478,-0.501782,2.312561,-2.617994,-0.523599,2.203478,0.417017,0.049988,0.259346,-0.202855,1.186408,0.929989,1.872319,1.237576,-0.344251,-0.071746,-0.027695,-0.070706,-0.227930,-0.243012,0.324332,0.365965,2.156293,1.385577,1.640252,2.097442,0.005772,0.316730,0.161081,0.180318
1788548296.350195,0.005348,0.005481,0.001509,0.236516,0.132693,-0.177332,0.236516,0.132693,-0.177332,-0.933899,0.000000,0.000000,0.115606,0.004860,-0.024366,-0.010148,0.509738,0.179533,0.272314,0.477428,-0.113391,-0.025039,0.018172,-0.044557,1.134464,0.370883,-0.261799,0.043633,-1.047198,3.185226,3.228859,-2.901610,7.112216,-2.770710,-0.938115,4.188791,0.431166,0.138457,-0.301822,-0.178602,2.567657,0.069529,0.609403,2.085964,-1.014301,0.015575,0.134757,-0.532528,0.024113,-0.427882,0.131631,0.340437,1.573840,1.183356,0.898120,0.979461,0.047338,-0.192196,-0.371189,-0.035256
1788548296.370278,0.004680,0.004353,0.001294,-0.311962,0.206995,-0.055492,-0.311962,0.206995,-0.055492,0.000000,0.000000,0.000000,0.100948,-0.002007,-0.006600,0.011593,0.484529,0.263481,0.328557,0.424269,-0.038167,-0.016290,0.027245,0.008627,-1.832596,-0.959931,0.850848,0.719949,1.483530,2.443461,3.512475,0.305433,2.138028,3.883358,1.047198,2.138029,0.218640,0.028456,-0.362306,0.090300,2.685659,0.114595,0.368655,2.441684,-1.108742,0.301372,0.198684,-0.512801,0.192078,-0.376228,0.032090,-0.073133,0.228849,0.236407,0.158796,0.106327,0.061257,-0.293695,-0.332957,0.023495
1788548296.389909,0.002576,0.000151,0.001376,-0.444455,0.506202,0.504704,-0.444455,0.506202,0.504704,0.000000,0.000000,0.000000,0.083950,-0.030674,0.006125,0.021732,0.467204,0.310283,0.368650,0.375255,-0.010711,0.032525,-0.014190,0.006505,-1.178097,-1.548980,0.959931,0.829032,-1.396263,2.530727,1.221731,-2.923427,1.723513,-0.436332,-4.385140,-1.156281,0.499392,0.115228,0.028290,-0.093781,1.537193,1.245848,1.278585,1.609799,-0.458342,-0.028758,0.189013,-0.298915,0.354875,-0.258550,0.275939,0.033654,0.396168,0.443241,0.024105,0.093285,-0.039807,0.165014,-0.039991,-0.193015
1788548296.410617,0.002817,-0.000391,-0.000950,-0.534070,-0.322175,0.231064,-0.534070,-0.322175,0.231064,0.000000,0.000000,0.000000,0.064577,-0.057378,0.024061,0.017033,0.421427,0.298927,0.315390,0.308319,0.005401,-0.029083,-0.057349,0.004782,-1.112647,-0.872665,0.938115,-0.130900,-4.581490,-2.814344,-4.777839,-6.217736,0.632682,-2.399828,-0.916298,0.436332,0.694405,-0.040944,-0.086552,0.015830,0.648622,1.859627,1.929662,0.847678,-0.033651,-0.246934,0.010931,0.061681,0.342546,0.060383,0.447431,-0.097410,0.795586,0.356255,-0.151920,0.759816,-0.205886,0.488720,0.570549,0.080005
1788548296.430442,0.002817,-0.000391,-0.000950,0.058217,-0.903409,-0.083988,0.058217,-0.903409,-0.083988,0.000000,0.000000,0.000000,0.064004,-0.068856,0.044926,0.017450,0.297623,0.221279,0.183375,0.184853,0.002529,-0.020779,-0.034327,-0.015516,0.479966,-0.305433,0.610865,-0.458149,-6.326818,-3.730642,-6.305002,-5.803220,-1.221731,3.468842,1.658063,-2.399828,-0.227930,-0.243012,0.324332,0.365965,2.156293,1.385577,1.640252,2.097442,0.005772,0.316730,0.161081,0.180318,0.244975,0.004830,0.094559,-0.110499,1.308509,0.045028,-0.353649,1.182128,-0.453030,0.398509,0.268737,-0.064065
1788548296.450553,-0.005299,-0.004880,-0.017244,0.293507,-0.451871,-0.215948,0.293507,-0.451871,-0.215948,0.000000,0.000000,0.000000,0.081823,-0.056467,0.062071,0.003954,0.205732,0.162497,0.075498,0.101498,-0.024417,0.049604,0.032274,-0.015846,1.178097,0.829031,0.850848,-0.632682,-2.159845,-2.312562,-4.385140,-2.814344,-2.312562,4.450590,6.283185,2.159845,0.024113,-0.427882,0.131631,0.340437,1.573840,1.183356,0.898120,0.979461,0.047338,-0.192196,-0.371189,-0.035256,0.307410,0.179761,0.080548,-0.128011,0.606400,0.063733,-0.385427,0.723866,-0.435929,-0.027325,-0.065768,-0.331911
1788548296.470218,-0.010185,-0.006411,-0.018430,0.190177,0.081827,-0.081325,0.190177,0.081827,-0.081325,0.000000,0.000000,0.000000,0.091968,-0.042630,0.058321,-0.009122,0.215822,0.122551,0.013105,0.102613,-0.065519,0.087036,0.071792,-0.009385,0.043633,0.632682,-0.218166,-0.436332,3.032510,-1.548980,-2.159845,2.857976,-3.337943,0.676315,-0.829032,-1.090831,0.192078,-0.376228,0.032090,-0.073133,0.228849,0.236407,0.158796,0.106327,0.061257,-0.293695,-0.332957,0.023495,0.361553,-0.096847,0.074875,-0.040100,0.098821,0.436966,0.253401,-0.003558,-0.146393,-0.061602,0.064232,-0.291954
1788548296.490487,-0.010185,-0.006411,-0.018430,0.030520,0.058125,0.012285,0.030520,0.058125,0.012285,0.000000,0.000000,0.000000,0.087179,-0.022657,0.051760,-0.017069,0.249482,0.085670,-0.033024,0.151889,-0.093696,0.060112,0.024504,-0.038350,-0.327249,1.287180,-0.610865,-0.545415,0.152717,-2.007129,-2.050762,2.007128,-0.305433,-4.057890,-2.661628,-2.683444,0.354875,-0.258550,0.275939,0.033654,0.396168,0.443241,0.024105,0.093285,-0.039807,0.165014,-0.039991,-0.193015,0.270013,-0.341248,0.109098,0.159458,-0.297776,0.972213,0.226009,-0.035519,0.013390,-0.142270,-0.252843,0.100830
1788548296.510594,-0.010508,-0.006066,-0.014238,0.218140,-0.307927,-0.177598,0.218140,-0.307927,-0.177598,0.000000,0.000000,0.000000,0.088968,-0.015201,0.034708,-0.016406,0.221421,0.076068,-0.042247,0.178979,-0.077129,0.011185,0.013010,-0.059160,0.370883,0.305433,-0.916298,-0.065450,-3.512475,1.461713,0.676315,-1.112648,2.814343,-1.505346,0.043633,-0.370882,0.342546,0.060383,0.447431,-0.097410,0.795586,0.356255,-0.151920,0.759816,-0.205886,0.488720,0.570549,0.080005,0.374223,-0.268478,0.110010,0.163925,0.676463,0.241807,-0.010771,0.134869,0.072167,-0.118690,-0.259362,-0.113530
1788548296.530427,-0.010716,-0.004813,-0.002288,0.316943,-0.214982,-0.005425,0.316943,-0.214982,-0.005425,0.000000,0.000000,0.000000,0.087815,-0.019512,0.024388,-0.007194,0.129914,0.094355,0.002161,0.121703,-0.033795,-0.017487,-0.024842,-0.031335,-0.043633,-0.741765,-0.501782,0.239983,-5.934120,2.378011,2.661627,-3.643376,2.421644,-1.418080,-2.159845,3.861541,0.244975,0.004830,0.094559,-0.110499,1.308509,0.045028,-0.353649,1.182128,-0.453030,0.398509,0.268737,-0.064065,0.189703,-0.250867,0.088605,0.080160,0.381721,0.363052,-0.010085,0.044217,0.019028,-0.377925,-0.356538,-0.051651
1788548296.550470,-0.011243,-0.003818,0.000094,-0.689599,0.140683,0.017212,-0.689599,0.140683,0.017212,0.000000,0.000000,0.000000,0.093536,-0.030134,0.014625,0.001726,0.063449,0.115106,0.022568,0.065138,-0.007321,-0.025985,-0.045895,-0.014995,0.109083,-0.610865,-0.261799,0.698132,-0.610866,-1.963496,0.610865,-1.810780,1.090831,-0.000000,-0.676315,-1.636246,0.307410,0.179761,0.080548,-0.128011,0.606400,0.063733,-0.385427,0.723866,-0.435929,-0.027325,-0.065768,-0.331911,0.499883,-0.152411,0.169793,0.081540,0.324351,0.159082,-0.192456,0.163015,0.117680,-0.096363,-0.051905,-0.051193
1788548296.570707,-0.011721,-0.004304,-0.000648,-0.263227,0.272509,0.198840,-0.263227,0.272509,0.198840,0.000000,0.000000,0.000000,0.082469,-0.050154,0.023679,0.014592,0.070349,0.134250,0.016609,0.036217,0.000776,-0.046348,-0.069621,-0.016443,-0.632682,-1.134464,0.610865,0.763582,0.850847,0.676315,-0.654499,-0.981748,0.152716,-2.923427,-1.178098,0.610865,0.361553,-0.096847,0.074875,-0.040100,0.098821,0.436966,0.253401,-0.003558,-0.146393,-0.061602,0.064232,-0.291954,0.373476,-0.198818,0.296640,0.053267,-0.057542,0.327511,-0.079594,-0.073310,0.007041,0.004459,-0.243407,-0.114557
1788548296.590595,-0.012273,-0.004128,-0.001064,0.203093,-0.016577,-0.043242,0.203093,-0.016577,-0.043242,0.000000,0.000000,0.000000,0.087760,-0.062766,0.039286,0.022817,0.086447,0.112349,-0.010411,0.034016,0.011117,-0.046953,-0.042519,-0.014550,0.283616,-0.218166,0.523599,0.174533,0.327249,-1.876229,-1.330814,0.218166,1.265364,2.094395,2.203478,-0.000000,0.270013,-0.341248,0.109098,0.159458,-0.297776,0.972213,0.226009,-0.035519,0.013390,-0.142270,-0.252843,0.100830,0.340645,-0.026599,0.055327,-0.112450,0.184266,0.411832,0.168219,0.205028,-0.239590,0.179576,-0.046706,-0.398174
1788548296.610418,-0.013781,-0.002233,-0.004612,0.615217,-0.111252,-0.087450,0.615217,-0.111252,-0.087450,0.000000,0.000000,0.000000,0.092412,-0.059480,0.046524,0.015435,0.070199,0.093581,-0.019519,0.027398,0.013811,-0.021619,-0.050392,-0.018243,0.436332,0.218166,0.196350,-0.589049,-2.028945,-0.436332,-0.087267,-0.850848,-0.894481,1.374447,-0.719949,-0.698132,0.374223,-0.268478,0.110010,0.163925,0.676463,0.241807,-0.010771,0.134869,0.072167,-0.118690,-0.259362,-0.113530,0.423623,-0.083931,-0.185043,0.060631,0.287823,-0.257263,-0.229393,0.349833,-0.257378,0.073538,0.163814,-0.332881
1788548296.630396,-0.013780,-0.001013,-0.005970,-0.244451,-0.020838,-0.087317,-0.244451,-0.020838,-0.087317,0.000000,0.000000,0.000000,0.099116,-0.044124,0.036966,-0.004391,0.054914,0.091078,-0.005625,0.030264,-0.014070,0.010951,-0.031442,-0.047060,0.087266,0.807215,-0.218166,-0.676315,0.261799,0.327249,0.785398,0.807215,-3.076143,2.138028,1.047198,-3.447025,0.189703,-0.250867,0.088605,0.080160,0.381721,0.363052,-0.010085,0.044217,0.019028,-0.377925,-0.356538,-0.051651,0.525678,0.069781,-0.130958,0.078811,0.328388,-0.212203,-0.006530,0.519954,-0.436075,-0.228952,0.163140,-0.546363
1788548296.650664,-0.013616,-0.000000,-0.005602,0.066340,0.152134,-0.021537,0.066340,0.152134,-0.021537,0.000000,0.000000,0.000000,0.099642,-0.037666,0.021609,-0.005975,0.060308,0.080145,-0.001084,0.045407,-0.046018,0.022694,0.011063,-0.073905,0.043633,0.327249,-0.959931,-0.000000,0.305433,-1.767146,-0.087266,0.938115,-1.178098,-0.196350,2.225295,-0.327249,0.499883,-0.152411,0.169793,0.081540,0.324351,0.159082,-0.192456,0.163015,0.117680,-0.096363,-0.051905,-0.051193,0.367430,-0.194159,-0.025465,0.001797,0.150999,0.190291,0.090452,0.144533,-0.053996,-0.026737,-0.046133,-0.106820
1788548296.670088,-0.013035,0.000740,-0.002767,0.278194,-0.070240,0.012951,0.278194,-0.070240,0.012951,0.000000,0.000000,0.000000,0.102083,-0.027031,0.008901,0.003673,0.068666,0.036342,-0.008540,0.072212,-0.071925,-0.004378,0.027496,-0.099046,0.174533,0.610865,-0.632682,0.458149,0.632682,-2.181662,-0.414516,1.723513,-2.247112,-3.534292,0.479966,-2.421644,0.373476,-0.198818,0.296640,0.053267,-0.057542,0.327511,-0.079594,-0.073310,0.007041,0.004459,-0.243407,-0.114557,0.256837,-0.364362,0.032814,-0.079513,-0.054669,0.572736,0.109088,0.056992,0.017740,0.025907,-0.187357,0.061019
1788548296.690972,-0.012398,0.001568,-0.000298,0.538651,-0.046937,-0.015278,0.538651,-0.046937,-0.015278,0.000000,0.000000,0.000000,0.101968,-0.028572,-0.000529,0.007115,0.068085,0.022808,0.001002,0.084372,-0.072651,-0.018469,0.006478,-0.088754,-0.021817,-0.087266,-0.479966,-0.000000,-0.698132,1.374447,0.654499,-0.916298,3.032510,1.352630,-1.112648,3.970625,0.340645,-0.026599,0.055327,-0.112450,0.184266,0.411832,0.168219,0.205028,-0.239590,0.179576,-0.046706,-0.398174,0.246566,-0.301101,0.121507,-0.010135,0.009377,0.547297,0.105033,-0.189918,-0.084524,-0.244354,-0.311044,-0.081503
1788548296.710671,-0.012093,0.003181,0.002508,-0.164290,0.042013,0.008024,-0.164290,0.042013,0.008024,0.000000,0.000000,0.000000,0.096890,-0.037476,-0.008337,-0.003281,0.051767,0.042950,0.014569,0.066013,-0.024452,-0.008360,-0.023416,-0.027095,-0.109083,-0.676315,-0.283616,-0.632682,-1.090831,1.985312,0.523599,-1.265364,1.963496,0.545415,-1.374447,2.901610,0.423623,-0.083931,-0.185043,0.060631,0.287823,-0.257263,-0.229393,0.349833,-0.257378,0.073538,0.163814,-0.332881,0.134124,-0.184408,0.211070,0.026495,0.120582,0.425824,0.093791,-0.054354,0.010258,-0.291963,-0.420505,-0.001705
1788548296.729964,-0.011838,0.003013,0.002965,-0.586667,0.161056,0.008557,-0.586667,0.161056,0.008557,0.000000,0.000000,0.000000,0.089104,-0.044072,-0.002978,-0.010098,0.033482,0.085266,0.022543,0.032538,-0.015230,-0.023258,-0.053738,-0.013994,-0.261799,-0.218166,0.719948,-0.021817,-0.589049,1.919863,0.414516,-1.658063,-0.872665,-2.508911,-1.352630,-0.719948,0.525678,0.069781,-0.130958,0.078811,0.328388,-0.212203,-0.006530,0.519954,-0.436075,-0.228952,0.163140,-0.546363,0.270154,-0.077786,0.275128,0.087797,0.113524,0.283054,0.034458,0.139908,0.120701,-0.246461,-0.387581,-0.004236
1788548296.750425,-0.008469,-0.000642,0.003436,0.072465,0.167980,0.112820,0.072465,0.167980,0.112820,0.000000,0.000000,0.000000,0.078259,-0.049796,0.017832,-0.003933,0.024897,0.107745,0.023612,0.005014,-0.011043,-0.051450,-0.082572,-0.009972,-0.545415,-0.152716,1.112647,0.283616,-0.021817,1.134464,0.174533,-1.025381,0.916298,-0.959931,-1.199914,0.785398,0.367430,-0.194159,-0.025465,0.001797,0.150999,0.190291,0.090452,0.144533,-0.053996,-0.026737,-0.046133,-0.106820,0.348647,-0.193820,0.233292,0.033402,0.115705,0.258559,-0.019413,-0.007371,-0.071057,0.095048,-0.155562,-0.059509
1788548296.770583,-0.007944,-0.001374,0.003218,-0.043782,0.000201,0.032126,-0.043782,0.000201,0.032126,0.000000,0.000000,0.000000,0.074332,-0.050590,0.039442,0.007848,0.030449,0.115995,0.019064,0.000195,0.007130,-0.055734,-0.089559,-0.007057,0.043633,0.087266,0.916298,0.305433,0.130900,-0.523599,-0.261799,0.436332,1.527163,0.239983,0.000000,0.130900,0.256837,-0.364362,0.032814,-0.079513,-0.054669,0.572736,0.109088,0.056992,0.017740,0.025907,-0.187357,0.061019,0.459364,-0.203859,0.166461,-0.010322,0.107112,0.277649,0.027218,0.102606,-0.187496,0.281365,0.039172,-0.193540
1788548296.789926,-0.007944,-0.001374,0.003218,0.296836,-0.069973,-0.005158,0.296836,-0.069973,-0.005158,0.000000,0.000000,0.000000,0.077318,-0.050396,0.052273,0.007688,0.032988,0.097004,0.009830,0.009903,0.004084,-0.027177,-0.062053,-0.008447,0.152716,-0.043633,0.589049,-0.065450,0.305433,-1.308997,-0.479966,0.261799,-1.832596,3.337943,1.548980,-0.523599,0.246566,-0.301101,0.121507,-0.010135,0.009377,0.547297,0.105033,-0.189918,-0.084524,-0.244354,-0.311044,-0.081503,0.470542,0.017806,-0.017090,-0.012303,0.220336,0.138700,0.157836,0.306422,-0.272256,-0.007190,-0.037759,-0.547841
1788548296.810348,-0.003769,-0.000989,-0.000675,-0.030599,-0.030558,-0.038448,-0.030599,-0.030558,-0.038448,0.000000,0.000000,0.000000,0.089974,-0.047124,0.051474,0.002711,0.034338,0.082994,0.007574,0.018341,-0.019434,0.026152,-0.021791,-0.025636,0.632682,0.000000,-0.109083,-0.327249,-0.021817,-0.610865,-0.218166,0.392699,-1.679879,2.857977,1.767146,-1.592613,0.134124,-0.184408,0.211070,0.026495,0.120582,0.425824,0.093791,-0.054354,0.010258,-0.291963,-0.420505,-0.001705,0.505083,-0.004985,-0.135684,0.051709,0.284443,0.027181,0.121512,0.306888,-0.383916,-0.077349,-0.012150,-0.565267
1788548296.830466,-0.002994,-0.001028,-0.000435,-0.217420,0.020042,-0.032323,-0.217420,0.020042,-0.032323,0.000000,0.000000,0.000000,0.100021,-0.037617,0.036930,-0.001585,0.039563,0.077977,0.020703,0.034035,-0.045358,0.028150,-0.014689,-0.070158,0.501782,0.436332,-0.589049,-0.109083,0.829032,-0.218166,0.719948,1.199914,-1.679879,-2.072578,-0.109083,-4.297874,0.270154,-0.077786,0.275128,0.087797,0.113524,0.283054,0.034458,0.139908,0.120701,-0.246461,-0.387581,-0.004236,0.410752,-0.316873,-0.105940,-0.075207,0.246267,0.036571,0.037361,0.336598,-0.205838,-0.045774,0.017335,-0.263256
1788548296.850240,-0.001832,-0.001436,0.001691,0.054888,-0.048934,-0.005025,0.054888,-0.048934,-0.005025,0.000000,0.000000,0.000000,0.105701,-0.031266,0.021170,0.003051,0.049558,0.061633,0.028186,0.054491,-0.069015,0.001894,-0.008586,-0.113955,0.239983,0.458149,-0.916298,0.109083,0.719948,-0.894481,0.349066,0.850848,-1.636246,-1.243547,0.349066,-1.243547,0.348647,-0.193820,0.233292,0.033402,0.115705,0.258559,-0.019413,-0.007371,-0.071057,0.095048,-0.155562,-0.059509,0.334435,-0.372123,-0.012169,0.018855,0.120819,0.323770,0.095467,0.056565,0.003720,0.026491,-0.121998,0.042266
1788548296.870177,-0.001529,-0.001579,0.002271,-0.093850,-0.088216,-0.050565,-0.093850,-0.088216,-0.050565,0.000000,0.000000,0.000000,0.103869,-0.036352,0.002956,-0.000543,0.056471,0.038069,0.022702,0.065009,-0.070453,-0.008196,-0.001943,-0.101315,-0.065450,-0.479966,-1.112647,-0.152716,0.043633,-0.916298,-0.370883,0.174533,1.679880,-0.130900,0.239983,2.901610,0.459364,-0.203859,0.166461,-0.010322,0.107112,0.277649,0.027218,0.102606,-0.187496,0.281365,0.039172,-0.193540,0.337545,-0.363759,0.116630,0.077141,0.015212,0.521336,0.023429,-0.121156,-0.055034,-0.065014,-0.137269,-0.090128
1788548296.890364,-0.000311,-0.002251,0.002660,-0.227407,0.006726,0.042645,-0.227407,0.006726,0.042645,0.000000,0.000000,0.000000,0.099508,-0.045256,-0.008582,-0.002056,0.055355,0.042778,0.020673,0.059885,-0.037461,-0.002090,-0.018128,-0.047807,-0.065450,-0.479966,-0.305433,-0.174533,-0.501782,1.156281,-0.174533,-0.698132,2.748894,0.785398,-0.807215,4.210607,0.470542,0.017806,-0.017090,-0.012303,0.220336,0.138700,0.157836,0.306422,-0.272256,-0.007190,-0.037759,-0.547841,0.236210,-0.205482,0.241207,-0.059380,-0.027246,0.466003,0.005087,-0.241860,-0.025814,-0.233767,-0.340391,-0.150217
1788548296.910578,0.000352,-0.003021,0.002608,-0.290258,0.058391,0.036520,-0.290258,0.058391,0.036520,0.000000,0.000000,0.000000,0.098652,-0.056832,-0.001601,0.001385,0.045996,0.069575,0.017943,0.037321,-0.016806,-0.008534,-0.027466,-0.022006,0.000000,-0.545415,0.458149,0.130900,-0.523599,2.028945,-0.109083,-1.134464,0.239983,-0.698132,-0.370882,-0.196350,0.505083,-0.004985,-0.135684,0.051709,0.284443,0.027181,0.121512,0.306888,-0.383916,-0.077349,-0.012150,-0.565267,0.265442,-0.160505,0.219904,0.007396,0.113087,0.271190,-0.042081,0.022460,0.041859,-0.138679,-0.344048,0.002532
1788548296.929817,0.000949,-0.004002,0.002481,-0.248180,-0.026297,0.055562,-0.248180,-0.026297,0.055562,0.000000,0.000000,0.000000,0.090029,-0.059859,0.015705,0.000393,0.027136,0.094216,0.014286,0.000408,-0.013310,-0.030765,-0.059040,-0.028979,-0.327249,0.021817,0.959931,-0.000000,-0.916298,0.719949,0.000000,-1.767146,0.327249,-1.767146,-1.527163,-0.719948,0.410752,-0.316873,-0.105940,-0.075207,0.246267,0.036571,0.037361,0.336598,-0.205838,-0.045774,0.017335,-0.263256,0.333841,-0.142450,0.253072,0.069364,0.211901,0.218933,-0.037882,0.111123,-0.059860,0.043928,-0.157230,-0.002296
1788548296.950240,0.001720,-0.005470,0.000973,-0.227540,-0.118709,0.023737,-0.227540,-0.118709,0.023737,0.000000,0.000000,0.000000,0.082199,-0.059829,0.031187,0.002228,0.018935,0.103461,0.007735,-0.015554,-0.005453,-0.034872,-0.074783,-0.019596,-0.305433,0.152716,0.829032,-0.000000,0.109083,-0.087266,-0.196350,0.174533,0.872665,0.719948,-0.479966,1.461713,0.334435,-0.372123,-0.012169,0.018855,0.120819,0.323770,0.095467,0.056565,0.003720,0.026491,-0.121998,0.042266,0.505542,-0.199872,0.216991,0.026422,0.059052,0.273523,0.035890,0.049701,-0.072160,0.203418,0.018864,-0.187726
1788548296.970375,0.002011,-0.005859,0.000276,0.198033,-0.109122,0.023737,0.198033,-0.109122,0.023737,0.000000,0.000000,0.000000,0.081572,-0.056560,0.047792,0.005920,0.028035,0.092632,-0.000416,-0.005071,-0.005783,-0.013228,-0.054947,-0.009634,0.130900,0.174533,0.676315,0.239983,0.698132,-0.872665,-0.239983,0.916298,-1.047198,1.832596,1.047198,0.196350,0.337545,-0.363759,0.116630,0.077141,0.015212,0.521336,0.023429,-0.121156,-0.055034,-0.065014,-0.137269,-0.090128,0.441889,-0.037307,0.078165,0.028013,0.160505,0.211385,0.210162,0.180485,-0.168106,0.035696,0.030707,-0.333888
1788548296.990501,0.003097,-0.004311,-0.003225,0.211881,-0.081691,-0.015012,0.211881,-0.081691,-0.015012,0.000000,0.000000,0.000000,0.093814,-0.052128,0.053148,0.006591,0.036596,0.077922,0.000623,0.012639,-0.011390,0.019366,-0.021731,-0.022794,0.719948,0.174533,0.021817,-0.000000,-0.109083,-0.654499,-0.065450,0.719949,-0.196350,1.985312,1.548980,-1.745329,0.236210,-0.205482,0.241207,-0.059380,-0.027246,0.466003,0.005087,-0.241860,-0.025814,-0.233767,-0.340391,-0.150217,0.428186,-0.106950,-0.083783,-0.000823,0.244590,0.102345,0.163669,0.200594,-0.258955,0.056080,-0.065808,-0.437530
1788548297.010710,0.003646,-0.003666,-0.002957,-0.069082,-0.070106,-0.049899,-0.069082,-0.070106,-0.049899,0.000000,0.000000,0.000000,0.101725,-0.040961,0.043426,0.005454,0.034801,0.073431,0.017896,0.023918,-0.024057,0.021556,-0.004766,-0.052585,0.196350,0.654499,-0.283616,-0.043633,0.436332,-0.087267,1.003564,0.414516,-1.287180,-1.069014,0.567232,-2.203478,0.265442,-0.160505,0.219904,0.007396,0.113087,0.271190,-0.042081,0.022460,0.041859,-0.138679,-0.344048,0.002532,0.429746,-0.270972,-0.101591,0.021023,0.294429,0.006563,-0.002332,0.289342,-0.137234,0.058334,-0.011602,-0.174329
1788548297.030117,0.003816,-0.003352,-0.002454,0.070334,-0.069174,0.016946,0.070334,-0.069174,0.016946,0.000000,0.000000,0.000000,0.101417,-0.039968,0.027985,0.004396,0.040918,0.064876,0.035456,0.033343,-0.044027,0.016601,-0.009543,-0.082555,-0.283616,0.000000,-0.785398,-0.021817,0.632682,-0.523599,0.632682,0.589049,-1.505347,-0.000000,-0.305433,-1.745329,0.333841,-0.142450,0.253072,0.069364,0.211901,0.218933,-0.037882,0.111123,-0.059860,0.043928,-0.157230,-0.002296,0.412864,-0.334173,-0.086074,0.037680,0.175832,0.140409,0.076231,0.125854,-0.026166,0.036342,-0.032697,-0.117843
1788548297.050474,0.003600,-0.001812,-0.000332,-0.001038,-0.069707,-0.027795,-0.001038,-0.069707,-0.027795,0.000000,0.000000,0.000000,0.100048,-0.043933,0.011756,0.005356,0.049585,0.045279,0.026847,0.046018,-0.046163,0.015205,-0.005106,-0.075378,0.000000,-0.283616,-0.938115,-0.065450,0.392699,-0.872665,-0.632682,0.589049,1.112647,-0.000000,0.327249,2.378011,0.505542,-0.199872,0.216991,0.026422,0.059052,0.273523,0.035890,0.049701,-0.072160,0.203418,0.018864,-0.187726,0.382492,-0.366375,0.099340,0.064552,0.015768,0.494373,0.041619,-0.062503,-0.048063,0.046080,-0.073123,-0.069070
1788548297.070446,0.003461,-0.001207,0.000263,0.075794,-0.016177,0.007492,0.075794,-0.016177,0.007492,0.000000,0.000000,0.000000,0.100858,-0.050865,-0.002329,0.005893,0.055148,0.033708,0.016601,0.049075,-0.027902,0.011859,-0.008087,-0.047682,0.218166,-0.523599,-0.610865,-0.000000,-0.196350,-0.261799,-0.349066,-0.174533,1.548980,-0.261799,-0.043633,1.221731,0.441889,-0.037307,0.078165,0.028013,0.160505,0.211385,0.210162,0.180485,-0.168106,0.035696,0.030707,-0.333888,0.356503,-0.275844,0.154077,0.013896,0.072495,0.431424,0.000944,-0.076844,-0.055460,-0.002948,-0.177527,-0.113071
1788548297.090414,0.003195,-0.000761,0.000712,-0.043782,0.032692,-0.024067,-0.043782,0.032692,-0.024067,0.000000,0.000000,0.000000,0.101404,-0.060841,-0.001276,0.007600,0.047957,0.053907,0.016626,0.036070,-0.014796,0.011540,-0.013484,-0.031028,0.000000,-0.370883,0.087267,0.043633,-0.654499,2.181662,0.065450,-1.003564,0.370883,-0.000000,-0.370883,1.069014,0.428186,-0.106950,-0.083783,-0.000823,0.244590,0.102345,0.163669,0.200594,-0.258955,0.056080,-0.065808,-0.437530,0.265029,-0.218394,0.168038,0.020649,0.168697,0.233074,-0.018032,0.044501,0.011542,-0.106149,-0.280767,0.007537
1788548297.110274,0.002564,-0.000601,0.000644,-0.149776,-0.004593,0.008024,-0.149776,-0.004593,0.008024,0.000000,0.000000,0.000000,0.098794,-0.064722,0.005730,0.006501,0.033012,0.080889,0.015638,0.012189,-0.015186,0.006257,-0.029958,-0.028104,-0.152716,-0.130900,0.719948,-0.000000,-0.632682,1.090831,-0.021817,-1.025381,-0.087266,-0.676315,-0.872665,-0.392699,0.429746,-0.270972,-0.101591,0.021023,0.294429,0.006563,-0.002332,0.289342,-0.137234,0.058334,-0.011602,-0.174329,0.326572,-0.178423,0.174892,0.038479,0.167295,0.169003,-0.043049,0.145203,-0.032475,-0.002388,-0.139675,0.037561
1788548297.130180,0.002085,-0.000464,0.000386,0.054089,0.007658,0.028664,0.054089,0.007658,0.028664,0.000000,0.000000,0.000000,0.089249,-0.065267,0.020336,0.007464,0.029789,0.088787,0.009636,0.002278,-0.009794,-0.007394,-0.052574,-0.016255,-0.392699,0.130900,0.807215,-0.000000,0.218166,-0.065450,-0.109083,0.109083,0.545415,-1.025381,-0.959931,1.199914,0.412864,-0.334173,-0.086074,0.037680,0.175832,0.140409,0.076231,0.125854,-0.026166,0.036342,-0.032697,-0.117843,0.374169,-0.259896,0.229345,0.061420,-0.017933,0.456625,0.139738,-0.060451,-0.051865,0.109662,-0.157135,-0.058803
1788548297.150070,0.001917,-0.000155,0.000164,0.203492,-0.083955,0.044909,0.203492,-0.083955,0.044909,0.000000,0.000000,0.000000,0.083795,-0.065245,0.032594,0.007813,0.035429,0.077216,-0.000042,0.009137,-0.006017,-0.006391,-0.043774,-0.002890,-0.130900,0.130900,0.414516,-0.261799,0.174533,-0.872665,-0.479966,0.501782,-0.392699,0.632682,0.589049,0.632682,0.382492,-0.366375,0.099340,0.064552,0.015768,0.494373,0.041619,-0.062503,-0.048063,0.046080,-0.073123,-0.069070,0.430454,-0.211190,0.053135,0.002618,0.101326,0.300064,0.093291,0.117971,-0.116224,0.157193,0.013405,-0.172764
1788548297.170463,0.001774,0.000733,-0.000687,0.337050,-0.083023,-0.023934,0.337050,-0.083023,-0.023934,0.000000,0.000000,0.000000,0.087305,-0.064171,0.038651,0.006760,0.031586,0.081849,0.006753,0.014340,-0.007485,0.008521,-0.041652,-0.005090,0.239983,0.021817,0.130900,-0.261799,-0.545415,1.003564,0.479966,-0.196350,0.000000,1.178097,-0.065450,-0.698132,0.356503,-0.275844,0.154077,0.013896,0.072495,0.431424,0.000944,-0.076844,-0.055460,-0.002948,-0.177527,-0.113071,0.468424,-0.192650,-0.081684,0.061399,0.176386,-0.056240,-0.057148,0.172286,-0.149482,0.076326,0.026399,-0.185666
1788548297.190225,0.001810,0.001760,-0.001614,-0.099842,0.062652,-0.036717,-0.099842,0.062652,-0.036717,0.000000,0.000000,0.000000,0.094570,-0.058095,0.031004,0.003859,0.026260,0.081972,0.019088,0.014998,-0.017275,0.025300,-0.016304,-0.023280,0.109083,0.065450,-0.349066,-0.065450,0.174533,-0.479966,0.414516,0.349066,-0.872665,0.916298,1.265364,-1.483530,0.265029,-0.218394,0.168038,0.020649,0.168697,0.233074,-0.018032,0.044501,0.011542,-0.106149,-0.280767,0.007537,0.445487,-0.120737,-0.091217,0.018911,0.258396,-0.076278,0.038025,0.245246,-0.238113,0.003813,0.021572,-0.293168
1788548297.210122,0.001832,0.002436,-0.002199,0.002956,0.084490,-0.038448,0.002956,0.084490,-0.038448,0.000000,0.000000,0.000000,0.097768,-0.058733,0.018863,0.005729,0.029424,0.071500,0.015188,0.021665,-0.027275,0.027332,-0.001684,-0.036899,0.087267,0.000000,-0.589049,0.130900,0.349066,-1.527163,-0.327249,0.479966,-0.545415,-0.414516,0.567232,-0.632682,0.326572,-0.178423,0.174892,0.038479,0.167295,0.169003,-0.043049,0.145203,-0.032475,-0.002388,-0.139675,0.037561,0.353494,-0.292840,-0.035748,-0.019131,0.166174,0.283359,0.032208,0.133966,-0.129511,0.112885,-0.039980,-0.122989
1788548297.230277,0.000680,0.002821,-0.000565,0.286983,-0.058522,-0.001963,0.286983,-0.058522,-0.001963,0.000000,0.000000,0.000000,0.099135,-0.056890,0.009504,0.008017,0.039004,0.039631,0.005529,0.035033,-0.041748,0.014128,0.001005,-0.053856,0.000000,0.283616,-0.392699,0.021817,0.632682,-1.592613,-0.218166,0.807215,-1.243547,-1.025381,0.065450,-1.330814,0.374169,-0.259896,0.229345,0.061420,-0.017933,0.456625,0.139738,-0.060451,-0.051865,0.109662,-0.157135,-0.058803,0.295580,-0.331256,-0.004743,-0.056523,0.076301,0.424807,0.098496,0.094477,-0.078560,0.111699,-0.089767,-0.083815
1788548297.250254,0.000194,0.003335,-0.000287,0.201495,-0.004593,-0.054294,0.201495,-0.004593,-0.054294,0.000000,0.000000,0.000000,0.097771,-0.059447,0.000946,0.005168,0.045966,0.037659,0.008210,0.042816,-0.042285,0.017193,-0.005098,-0.046370,-0.087266,-0.065450,-0.458149,-0.196350,0.000000,1.156281,0.109083,-0.065450,1.003564,0.894481,-0.414516,1.505347,0.430454,-0.211190,0.053135,0.002618,0.101326,0.300064,0.093291,0.117971,-0.116224,0.157193,0.013405,-0.172764,0.365446,-0.299030,0.119267,0.034823,0.115726,0.322616,0.082657,-0.002124,-0.048724,0.006937,-0.166354,-0.039980
1788548297.270435,0.000194,0.003335,-0.000287,-0.108630,0.077699,-0.000365,-0.108630,0.077699,-0.000365,0.000000,0.000000,0.000000,0.094100,-0.059802,-0.006283,-0.004614,0.041038,0.057933,0.013443,0.039138,-0.031638,0.022792,-0.014875,-0.032486,-0.152716,-0.109083,-0.087267,-0.392699,-0.567232,1.483530,0.218166,-0.305433,0.872665,0.218166,-0.501782,0.807215,0.468424,-0.192650,-0.081684,0.061399,0.176386,-0.056240,-0.057148,0.172286,-0.149482,0.076326,0.026399,-0.185666,0.281102,-0.231704,0.168200,0.033380,0.121085,0.275259,0.062546,0.043606,0.007594,-0.092930,-0.256935,0.021813
1788548297.290254,0.000075,0.003051,0.000036,-0.155502,0.151868,0.036920,-0.155502,0.151868,0.036920,0.000000,0.000000,0.000000,0.093001,-0.061768,0.002258,-0.003104,0.035647,0.074652,0.018589,0.028134,-0.021142,0.014057,-0.029604,-0.020826,0.043633,-0.174533,0.545415,0.261799,-0.218166,0.239983,0.239983,-0.654499,0.501782,-1.003564,-0.763582,0.829032,0.445487,-0.120737,-0.091217,0.018911,0.258396,-0.076278,0.038025,0.245246,-0.238113,0.003813,0.021572,-0.293168,0.318002,-0.189892,0.264078,0.054522,0.111913,0.312073,0.032897,-0.017025,0.007361,-0.043363,-0.269826,-0.044298
1788548297.310669,-0.000102,0.001667,0.001376,0.118138,0.076101,0.042113,0.118138,0.076101,0.042113,0.000000,0.000000,0.000000,0.087605,-0.064334,0.017052,0.002362,0.031712,0.083314,0.017427,0.017934,-0.010978,-0.003835,-0.049067,-0.008409,-0.218166,-0.087266,0.719948,0.218166,-0.239983,0.436332,0.000000,-0.414516,0.763582,-1.221731,-0.916298,0.807215,0.353494,-0.292840,-0.035748,-0.019131,0.166174,0.283359,0.032208,0.133966,-0.129511,0.112885,-0.039980,-0.122989,0.348830,-0.264572,0.208040,0.059629,0.116839,0.364501,0.044126,0.007807,-0.073330,0.085585,-0.194390,-0.036301
1788548297.330562,-0.000102,0.001667,0.001376,0.101227,-0.002862,0.023204,0.101227,-0.002862,0.023204,0.000000,0.000000,0.000000,0.083645,-0.065016,0.032349,0.007123,0.032003,0.082067,0.013882,0.011739,-0.003702,-0.010023,-0.059067,-0.006784,-0.109083,0.196350,0.610865,0.021817,0.000000,-0.152716,-0.174533,-0.109083,0.218166,0.196350,-0.327249,-0.414516,0.295580,-0.331256,-0.004743,-0.056523,0.076301,0.424807,0.098496,0.094477,-0.078560,0.111699,-0.089767,-0.083815,0.423061,-0.206014,0.122426,-0.000660,0.147616,0.190422,-0.017157,0.112846,-0.116618,0.177285,-0.019042,-0.065458
1788548297.350209,-0.000388,-0.000708,0.001040,0.075528,0.065981,-0.029793,0.075528,0.065981,-0.029793,0.000000,0.000000,0.000000,0.085156,-0.062949,0.039016,0.007638,0.032892,0.083147,0.012142,0.007828,-0.008237,0.003225,-0.053138,-0.008963,0.043633,0.021817,0.218166,-0.000000,0.174533,0.043633,-0.196350,-0.196350,-0.916298,1.308997,0.305433,-0.021817,0.365446,-0.299030,0.119267,0.034823,0.115726,0.322616,0.082657,-0.002124,-0.048724,0.006937,-0.166354,-0.039980,0.512374,-0.153167,-0.031142,0.054842,0.163377,-0.014834,-0.023132,0.202442,-0.184803,0.039954,0.080824,-0.226397
1788548297.370059,-0.000388,-0.000708,0.001040,-0.208499,0.078498,-0.015411,-0.208499,0.078498,-0.015411,0.000000,0.000000,0.000000,0.091101,-0.059341,0.037683,0.004366,0.033302,0.079635,0.008128,0.009723,-0.018096,0.025543,-0.026539,-0.012824,0.261799,0.021817,-0.043633,-0.065450,-0.021817,-0.458149,-0.239983,0.370883,-0.632682,1.483530,1.374447,-0.414516,0.281102,-0.231704,0.168200,0.033380,0.121085,0.275259,0.062546,0.043606,0.007594,-0.092930,-0.256935,0.021813,0.485864,-0.075397,-0.039412,0.049847,0.205889,-0.005263,0.041770,0.248660,-0.283098,-0.036952,0.068201,-0.313352
1788548297.390463,-0.000388,-0.000708,0.001040,-0.050174,0.055994,-0.020205,-0.050174,0.055994,-0.020205,0.000000,0.000000,0.000000,0.098139,-0.057915,0.028512,0.006269,0.035431,0.061783,0.004378,0.023732,-0.030605,0.022748,0.000067,-0.031237,0.414516,0.109083,-0.501782,0.021817,0.414516,-0.894481,-0.152716,0.981748,-0.894481,-0.959931,1.199914,-1.832596,0.318002,-0.189892,0.264078,0.054522,0.111913,0.312073,0.032897,-0.017025,0.007361,-0.043363,-0.269826,-0.044298,0.297822,-0.255015,-0.079450,-0.065799,0.238126,0.162739,0.055402,0.196976,-0.201118,0.097718,-0.062867,-0.257465
1788548297.409985,0.000372,-0.001969,0.000148,0.070734,-0.005924,-0.023534,0.070734,-0.005924,-0.023534,0.000000,0.000000,0.000000,0.103124,-0.050009,0.018015,0.007988,0.039047,0.036012,0.003770,0.039800,-0.049893,0.005709,0.009519,-0.056700,0.261799,0.632682,-0.676315,-0.000000,0.414516,-1.156281,0.021817,0.829032,-1.505347,-1.156281,0.327249,-1.483530,0.348830,-0.264572,0.208040,0.059629,0.116839,0.364501,0.044126,0.007807,-0.073330,0.085585,-0.194390,-0.036301,0.311996,-0.329315,-0.009633,-0.024602,0.132393,0.297793,0.076413,0.126292,-0.062144,0.055796,-0.074195,-0.041195
1788548297.430248,0.000472,-0.002191,0.000466,-0.120747,0.020308,-0.042842,-0.120747,0.020308,-0.042842,0.000000,0.000000,0.000000,0.098156,-0.050025,0.002970,0.001931,0.043989,0.026915,0.009852,0.047142,-0.054608,0.009432,-0.004073,-0.062604,-0.305433,-0.109083,-0.698132,-0.305433,0.087267,0.065450,0.305433,0.021817,0.676315,1.025381,-0.698132,0.458149,0.423061,-0.206014,0.122426,-0.000660,0.147616,0.190422,-0.017157,0.112846,-0.116618,0.177285,-0.019042,-0.065458,0.433452,-0.300984,0.107829,0.083711,0.127635,0.271385,0.087642,0.012652,-0.009409,0.034509,-0.088808,-0.035702
1788548297.450264,0.000615,-0.002312,0.000906,-0.283733,0.122307,0.009090,-0.283733,0.122307,0.009090,0.000000,0.000000,0.000000,0.092431,-0.052657,-0.004731,-0.003104,0.045993,0.041139,0.011935,0.043722,-0.037976,0.013550,-0.012461,-0.040038,-0.261799,-0.239983,-0.283616,-0.174533,-0.327249,0.894481,0.021817,-0.370883,1.745329,-0.218166,-0.436332,2.247112,0.512374,-0.153167,-0.031142,0.054842,0.163377,-0.014834,-0.023132,0.202442,-0.184803,0.039954,0.080824,-0.226397,0.279483,-0.225275,0.242802,0.015264,0.056317,0.418587,0.078911,-0.101623,-0.007868,-0.117231,-0.302659,-0.072528
1788548297.470538,0.001278,-0.003929,0.002989,-0.233399,0.112586,0.039183,-0.233399,0.112586,0.039183,-0.010359,0.000000,0.000000,0.095562,-0.056287,0.002956,0.002348,0.040948,0.057014,0.014929,0.033563,-0.018431,0.012819,-0.017302,-0.020294,0.261799,-0.349066,0.545415,0.327249,-0.327249,0.741765,0.174533,-0.392699,1.003564,-0.261799,-0.130900,0.807215,0.485864,-0.075397,-0.039412,0.049847,0.205889,-0.005263,0.041770,0.248660,-0.283098,-0.036952,0.068201,-0.313352,0.303890,-0.172379,0.264544,0.005217,0.106730,0.305633,0.028950,-0.034737,0.043641,-0.077289,-0.291140,-0.055175
1788548297.490446,0.001552,-0.004905,0.003018,0.081919,0.068644,0.060888,0.081919,0.068644,0.060888,-0.156202,0.000000,0.000000,0.090782,-0.059606,0.020677,0.007641,0.032775,0.073352,0.018925,0.015276,-0.009347,-0.007623,-0.048745,-0.017280,-0.109083,0.000000,0.785398,0.174533,-0.283616,0.872665,0.130900,-0.872665,0.327249,-1.614430,-1.570796,-0.283616,0.297822,-0.255015,-0.079450,-0.065799,0.238126,0.162739,0.055402,0.196976,-0.201118,0.097718,-0.062867,-0.257465,0.295510,-0.170019,0.220328,0.066289,0.534998,0.483950,0.264700,0.393188,0.013281,0.126836,-0.139961,-0.029575
1788548297.510482,0.001901,-0.005600,0.001782,-0.297448,0.002864,-0.023135,-0.297448,0.002864,-0.023135,-0.316524,0.000000,0.000000,0.087313,-0.057983,0.032526,0.006629,0.029175,0.083245,0.014518,-0.001283,-0.001365,-0.016386,-0.062768,-0.017144,-0.261799,0.152716,0.610865,-0.261799,0.065450,0.349066,-0.261799,-0.545415,0.632682,-0.000000,-0.501782,0.239983,0.311996,-0.329315,-0.009633,-0.024602,0.132393,0.297793,0.076413,0.126292,-0.062144,0.055796,-0.074195,-0.041195,0.373485,-0.095292,0.132544,0.016211,0.778841,0.409861,0.435817,0.838667,-0.044397,0.078598,0.013412,-0.179988
1788548297.530533,0.002043,-0.005888,0.001275,0.150762,0.008856,0.040115,0.150762,0.008856,0.040115,-0.384871,0.000000,0.000000,0.084359,-0.055752,0.042401,0.008656,0.047229,0.092452,0.023367,0.012843,0.000719,0.004133,-0.048519,-0.014878,-0.065450,0.109083,0.458149,0.065450,2.159845,0.458149,0.545415,1.898046,-0.589049,1.810779,0.829031,0.152716,0.433452,-0.300984,0.107829,0.083711,0.127635,0.271385,0.087642,0.012652,-0.009409,0.034509,-0.088808,-0.035702,0.508607,-0.048405,0.076829,-0.105063,0.746723,0.385299,0.644710,0.720224,-0.126314,-0.150597,0.071533,-0.215460
1788548297.551330,0.002437,-0.005305,-0.000499,-0.023409,0.244812,-0.007023,-0.023409,0.244812,-0.007023,-0.551571,0.000000,0.000000,0.086006,-0.048166,0.043808,0.009062,0.098304,0.102755,0.054837,0.071033,-0.002851,0.015993,-0.019961,-0.027229,0.043633,0.283616,-0.196350,0.109083,3.054326,0.370883,1.505346,3.796092,-0.872665,-0.000000,1.374447,-1.701696,0.279483,-0.225275,0.242802,0.015264,0.056317,0.418587,0.078911,-0.101623,-0.007868,-0.117231,-0.302659,-0.072528,0.457195,-0.216481,-0.039211,-0.106368,1.007711,0.397984,0.924536,0.659922,-0.209434,-0.175730,0.082182,-0.116896
1788548297.570072,0.003688,-0.004127,-0.000371,0.127459,0.156529,-0.017542,0.127459,0.156529,-0.017542,-0.636773,0.000000,0.000000,0.094976,-0.039712,0.038059,0.000390,0.143440,0.105027,0.093627,0.129848,-0.013187,-0.004302,0.001621,-0.040564,0.567232,0.436332,-0.370883,-0.414516,1.679879,-0.065450,1.701696,2.159845,-1.025381,-2.334378,0.916298,-0.632682,0.303890,-0.172379,0.264544,0.005217,0.106730,0.305633,0.028950,-0.034737,0.043641,-0.077289,-0.291140,-0.055175,0.269450,-0.370228,-0.170800,0.133930,1.135057,0.800808,1.197776,0.905518,-0.185210,-0.203510,-0.170565,-0.038709
1788548297.590508,0.004146,-0.003804,-0.000024,0.059815,0.014848,-0.040578,0.059815,0.014848,-0.040578,-0.705786,0.000000,0.000000,0.101968,-0.036897,0.025122,-0.007756,0.174823,0.096998,0.141834,0.158243,-0.030076,-0.027586,0.011163,-0.038401,0.218166,-0.109083,-0.676315,-0.501782,2.050762,-0.109083,2.203478,0.567232,-1.396263,-0.938114,0.152716,0.959931,0.295510,-0.170019,0.220328,0.066289,0.534998,0.483950,0.264700,0.393188,0.013281,0.126836,-0.139961,-0.029575,0.132372,-0.289814,-0.049825,0.256728,1.529536,1.073425,1.557016,1.326922,-0.115882,-0.147673,-0.153005,-0.130387
1788548297.610085,0.006261,-0.001597,0.002432,0.094036,0.181829,0.075269,0.094036,0.181829,0.075269,-0.761687,0.000000,0.000000,0.095840,-0.046366,0.006384,-0.002735,0.214104,0.121724,0.207325,0.174654,-0.042197,-0.040749,-0.016489,-0.024897,-0.218166,-0.501782,-0.938115,0.218166,2.072578,2.552544,3.185226,1.221731,-0.130900,-0.610865,-1.679880,0.872665,0.373485,-0.095292,0.132544,0.016211,0.778841,0.409861,0.435817,0.838667,-0.044397,0.078598,0.013412,-0.179988,0.063448,-0.303269,0.077813,0.359594,1.828613,1.182807,1.799149,1.606338,0.086315,-0.146987,-0.318993,-0.128401
1788548297.629855,0.007393,0.000264,0.003536,-0.236595,0.308595,0.047439,-0.236595,0.308595,0.047439,-0.806966,0.000000,0.000000,0.084389,-0.054702,-0.004770,0.013324,0.268741,0.173460,0.277590,0.212882,-0.038284,-0.040875,-0.031052,-0.025696,-0.632682,-0.370883,-0.458149,0.785398,3.163409,2.988877,3.228859,2.923427,0.501782,0.414516,-0.567232,-0.872665,0.508607,-0.048405,0.076829,-0.105063,0.746723,0.385299,0.644710,0.720224,-0.126314,-0.150597,0.071533,-0.215460,0.458166,-0.235809,-0.004410,0.230998,1.843320,0.879039,1.634727,1.692900,0.050221,-0.188374,-0.179909,-0.283404
1788548297.650414,0.008800,0.001280,0.004295,0.216808,0.432432,0.134125,0.216808,0.432432,0.134125,-0.843643,0.012451,0.000000,0.070149,-0.062161,-0.003073,0.039499,0.334905,0.225528,0.352225,0.279985,-0.015259,-0.037392,-0.057065,-0.029301,-0.698132,-0.218166,0.130900,1.243547,3.250676,2.574361,3.294309,3.468842,2.312562,0.239983,-1.221731,-0.000000,0.457195,-0.216481,-0.039211,-0.106368,1.007711,0.397984,0.924536,0.659922,-0.209434,-0.175730,0.082182,-0.116896,0.225971,-0.289220,-0.010254,0.254365,1.758129,0.970933,1.783263,1.718468,0.040688,-0.089189,-0.338641,-0.136493
1788548297.670257,0.008800,0.001280,0.004295,-0.077737,0.352271,0.049037,-0.077737,0.352271,0.049037,-0.873350,0.032077,0.000000,0.074141,-0.061588,0.002803,0.050432,0.396259,0.236553,0.389054,0.345770,0.005873,-0.040177,-0.048639,-0.046471,0.239983,0.239983,0.392699,0.370882,2.487094,-0.283616,1.199914,2.945244,0.349066,-0.349066,0.589049,-1.658063,0.269450,-0.370228,-0.170800,0.133930,1.135057,0.800808,1.197776,0.905518,-0.185210,-0.203510,-0.170565,-0.038709,0.273755,0.030097,-0.072348,0.053881,1.859442,1.004686,1.687107,2.040171,-0.285393,0.090052,0.001348,-0.310728
1788548297.690553,0.008800,0.001280,0.004295,0.254226,-0.032023,0.000035,0.254226,-0.032023,0.000035,-0.886015,0.028869,0.000000,0.067138,-0.064416,0.007513,0.054610,0.420658,0.246371,0.404882,0.383385,0.009017,-0.031507,-0.067747,-0.045767,-0.196350,-0.261799,0.152716,0.043633,0.610865,-0.043633,0.741765,1.199914,0.043633,0.719948,-1.047198,1.134464,0.132372,-0.289814,-0.049825,0.256728,1.529536,1.073425,1.557016,1.326922,-0.115882,-0.147673,-0.153005,-0.130387,0.262032,0.031795,-0.099968,0.221474,2.376352,0.983107,1.232609,2.563083,-0.440339,0.543359,0.224197,-0.509771
1788548297.710475,0.008355,0.003373,0.004252,-0.002503,-0.035485,-0.086118,-0.002503,-0.035485,-0.086118,0.000000,0.000000,0.000000,0.072458,-0.052322,0.004535,0.043011,0.434277,0.246499,0.413042,0.420159,-0.014387,-0.005990,-0.035568,-0.057867,0.218166,0.610865,-0.305433,-0.523599,0.981748,0.305433,0.218166,1.985312,-3.359759,1.854413,2.574361,-1.745329,0.063448,-0.303269,0.077813,0.359594,1.828613,1.182807,1.799149,1.606338,0.086315,-0.146987,-0.318993,-0.128401,0.496295,0.264408,-0.047236,0.014365,1.121005,0.061994,0.069433,0.716871,-0.702047,-0.114555,0.117663,-0.556809
1788548297.730278,0.008046,0.003573,0.004214,0.173798,-0.045206,-0.160953,0.173798,-0.045206,-0.160953,0.000000,0.000000,0.000000,0.075461,-0.037792,-0.003046,0.042570,0.464046,0.249472,0.390991,0.481238,-0.066709,0.046839,0.018677,-0.089583,0.065450,0.763582,-0.458149,0.021817,2.945243,-0.000000,-1.178097,4.145157,-3.010693,5.126905,2.574361,-2.748894,0.458166,-0.235809,-0.004410,0.230998,1.843320,0.879039,1.634727,1.692900,0.050221,-0.188374,-0.179909,-0.283404,0.541184,0.345584,0.239313,-0.077561,0.726221,0.308986,0.248489,0.645510,-0.507938,-0.166080,0.191190,-0.564848
1788548297.750226,0.007675,0.004195,0.003834,0.379261,0.079164,-0.054826,0.379261,0.079164,-0.054826,0.000000,0.000000,0.000000,0.085150,-0.005389,-0.003562,0.029796,0.493771,0.225531,0.322475,0.522918,-0.113502,0.082062,0.027199,-0.115758,0.305433,1.658063,0.109083,-0.545415,-0.174533,-2.705261,-4.886922,0.087267,-3.272493,-1.810779,0.043633,-0.829032,0.225971,-0.289220,-0.010254,0.254365,1.758129,0.970933,1.783263,1.718468,0.040688,-0.089189,-0.338641,-0.136493,0.202590,-0.104823,0.112347,-0.120997,0.562823,0.839865,-0.030671,0.475341,-0.182068,0.059008,0.018860,0.107759
1788548297.770421,0.008138,0.004591,0.003060,0.017071,-0.792622,-0.158423,0.017071,-0.792622,-0.158423,0.000000,0.000000,0.000000,0.093983,0.021795,0.009542,0.018522,0.455025,0.163255,0.202751,0.487284,-0.132150,0.004447,0.036220,-0.125177,0.414516,1.308997,0.850848,-0.654499,-4.974189,-3.032510,-5.454154,-4.646939,0.959931,-3.076143,0.305433,-0.567232,0.273755,0.030097,-0.072348,0.053881,1.859442,1.004686,1.687107,2.040171,-0.285393,0.090052,0.001348,-0.310728,0.223632,-0.065510,0.458590,0.050756,1.142840,0.343259,-0.114935,0.759667,-0.311894,0.522017,0.495866,0.076331
1788548297.790265,0.006589,0.004234,-0.001010,0.399767,-1.002213,-0.020072,0.399767,-1.002213,-0.020072,0.000000,0.000000,0.000000,0.090446,0.016984,0.016529,0.001080,0.335936,0.145466,0.104975,0.362086,-0.100712,-0.003061,0.017147,-0.090374,-0.065450,-0.763582,0.283616,-0.785398,-6.632252,0.981747,-3.643376,-7.788533,3.425209,1.178097,-0.785398,5.388704,0.262032,0.031795,-0.099968,0.221474,2.376352,0.983107,1.232609,2.563083,-0.440339,0.543359,0.224197,-0.509771,0.138166,-0.158009,0.379399,-0.018324,0.452091,0.378067,-0.164025,0.217285,-0.111528,0.106651,0.081620,-0.025010
1788548297.810436,0.006589,0.004234,-0.001010,-0.870561,-0.173703,-0.066145,-0.870561,-0.173703,-0.066145,0.000000,0.000000,0.000000,0.088076,0.013848,0.031247,-0.004170,0.261961,0.126996,0.041529,0.252169,-0.077898,0.036397,0.059155,-0.017597,-0.327249,-0.479966,0.479966,-0.196350,-0.567233,-1.374447,-2.661628,-3.556109,-0.632682,4.756023,4.188790,1.548980,0.496295,0.264408,-0.047236,0.014365,1.121005,0.061994,0.069433,0.716871,-0.702047,-0.114555,0.117663,-0.556809,0.549411,-0.058641,0.170571,0.032381,0.138674,0.193347,-0.218045,0.140233,-0.078758,-0.068781,-0.061530,-0.093518
1788548297.830981,0.006589,0.004234,-0.001010,0.315745,-0.050266,0.307097,0.315745,-0.050266,0.307097,0.000000,0.000000,0.000000,0.071618,-0.003507,0.047356,-0.003256,0.237513,0.134596,0.012205,0.174845,-0.061224,0.080720,0.052871,-0.005947,-0.785398,-1.090831,1.243547,0.654498,-2.879794,0.545415,-1.156281,-3.316126,2.661627,-1.265364,-2.596178,-0.196350,0.541184,0.345584,0.239313,-0.077561,0.726221,0.308986,0.248489,0.645510,-0.507938,-0.166080,0.191190,-0.564848,0.255480,-0.123258,0.375820,0.045066,0.250476,0.497820,-0.144785,-0.112917,-0.131154,-0.094639,-0.035137,-0.096534
1788548297.850317,-0.000333,-0.002914,-0.005351,-0.413961,-0.420445,0.014416,-0.413961,-0.420445,0.014416,0.000000,0.000000,0.000000,0.081602,-0.013180,0.057945,0.010115,0.185317,0.112196,-0.014035,0.120418,-0.035123,0.024908,0.011698,-0.014149,0.698132,-0.174533,0.305433,0.239983,-3.861542,-1.505347,-1.090832,-2.770711,1.003564,-2.683444,-1.658063,-0.894481,0.202590,-0.104823,0.112347,-0.120997,0.562823,0.839865,-0.030671,0.475341,-0.182068,0.059008,0.018860,0.107759,0.486196,-0.067682,0.258299,0.144226,0.818109,0.164225,-0.418321,0.369890,-0.174505,0.355292,0.262539,-0.193814
1788548297.869990,-0.000333,-0.002914,-0.005351,0.251429,-0.293412,-0.007821,0.251429,-0.293412,-0.007821,0.000000,0.000000,0.000000,0.079961,-0.019676,0.063988,0.010955,0.119218,0.104574,-0.029544,0.063602,-0.031924,-0.006214,-0.001078,-0.019718,-0.109083,-0.130900,0.021817,-0.000000,-2.443462,0.785398,-0.349066,-2.727077,-0.719948,-1.134464,-0.196350,-0.065450,0.223632,-0.065510,0.458590,0.050756,1.142840,0.343259,-0.114935,0.759667,-0.311894,0.522017,0.495866,0.076331,0.373859,-0.270381,0.050986,0.173112,0.839726,-0.005141,-0.224546,0.347481,-0.139261,0.109292,0.012042,-0.099503
1788548297.890431,-0.000918,-0.003603,-0.011704,-0.187193,0.041214,-0.050432,-0.187193,0.041214,-0.050432,0.000000,0.000000,0.000000,0.094965,-0.018642,0.061087,0.018549,0.113548,0.092130,-0.044946,0.044044,-0.040286,0.017967,0.034346,-0.033332,0.523599,0.087266,-0.000000,0.327249,2.290745,-0.894481,-0.894482,0.916298,-0.807215,4.232423,2.225295,-1.352630,0.138166,-0.158009,0.379399,-0.018324,0.452091,0.378067,-0.164025,0.217285,-0.111528,0.106651,0.081620,-0.025010,0.512144,0.046904,0.060659,0.098689,0.236549,0.259146,0.226908,0.091677,-0.271183,-0.173763,0.037032,-0.326988
1788548297.910468,-0.000980,-0.003308,-0.011541,0.428663,0.153999,0.115350,0.428663,0.153999,0.115350,0.000000,0.000000,0.000000,0.094804,-0.031151,0.051790,0.023985,0.153972,0.075214,-0.053297,0.055800,-0.039184,0.044120,0.019917,-0.034286,-0.021817,-0.610865,-0.370883,0.283616,2.247112,-1.047198,-0.392699,1.199914,0.501782,-1.374447,-1.330813,0.850848,0.549411,-0.058641,0.170571,0.032381,0.138674,0.193347,-0.218045,0.140233,-0.078758,-0.068781,-0.061530,-0.093518,0.383804,-0.324845,0.073270,0.077416,-0.253810,0.642680,0.061550,-0.164905,-0.072121,-0.066873,-0.093998,-0.022978
1788548297.930549,-0.001053,-0.002032,-0.009476,-0.090254,0.045608,0.049703,-0.090254,0.045608,0.049703,0.000000,0.000000,0.000000,0.101025,-0.026303,0.043273,0.023521,0.180144,0.059293,-0.028167,0.062926,-0.047431,0.004400,0.010223,-0.048404,0.349066,0.610865,-0.763582,0.043633,0.021817,0.065450,1.374447,-0.305433,-1.178097,-3.381576,-0.479965,-2.094395,0.255480,-0.123258,0.375820,0.045066,0.250476,0.497820,-0.144785,-0.112917,-0.131154,-0.094639,-0.035137,-0.096534,0.469086,-0.269600,0.000208,0.092315,0.310544,0.302682,-0.030275,0.267868,0.093922,-0.072139,-0.159558,-0.014341
1788548297.950012,-0.000904,-0.001676,-0.008859,0.215610,-0.151067,-0.099434,0.215610,-0.151067,-0.099434,0.000000,0.000000,0.000000,0.103536,-0.034757,0.031007,0.019245,0.140879,0.085007,0.003969,0.040932,-0.040291,-0.015562,-0.004624,-0.041619,-0.021817,-0.305433,-0.610865,-0.239983,-3.948808,2.770710,1.527163,-2.181662,1.919863,0.392699,-0.676315,2.727077,0.486196,-0.067682,0.258299,0.144226,0.818109,0.164225,-0.418321,0.369890,-0.174505,0.355292,0.262539,-0.193814,0.209371,-0.243212,0.070966,0.119030,0.342776,0.225538,0.082685,0.124035,0.065319,-0.328600,-0.316820,0.061175
1788548297.970297,0.000407,-0.001960,-0.007177,-0.720225,-0.105393,-0.065878,-0.720225,-0.105393,-0.065878,0.000000,0.000000,0.000000,0.108892,-0.034860,0.014233,0.014852,0.084456,0.090423,0.010222,0.022399,-0.012473,-0.016386,-0.023127,-0.018657,0.043633,-0.305433,-0.589049,-0.043633,-1.112648,-0.872665,0.130900,0.981748,1.832596,-0.000000,-0.829031,0.676315,0.373859,-0.270381,0.050986,0.173112,0.839726,-0.005141,-0.224546,0.347481,-0.139261,0.109292,0.012042,-0.099503,0.327192,-0.268447,0.225659,0.064706,0.115828,0.365839,0.043389,0.044980,0.087381,-0.037393,-0.156010,-0.009440
1788548297.990286,0.001359,-0.003329,-0.005879,-0.131134,0.235624,0.135856,-0.131134,0.235624,0.135856,0.000000,0.000000,0.000000,0.090951,-0.045414,0.016038,0.021781,0.075997,0.093952,0.011774,0.028955,0.005191,-0.039446,-0.055704,-0.002333,-0.829032,-0.567232,0.305433,0.610865,0.567232,0.458149,0.021817,0.458149,0.414516,-2.443461,-1.461713,1.178097,0.512144,0.046904,0.060659,0.098689,0.236549,0.259146,0.226908,0.091677,-0.271183,-0.173763,0.037032,-0.326988,0.322428,-0.172390,0.326670,0.051482,-0.137034,0.447387,-0.010940,-0.181520,0.059725,-0.100008,-0.333146,-0.132635
1788548298.010558,0.001359,-0.003329,-0.005879,0.186049,0.006060,0.089517,0.186049,0.006060,0.089517,0.000000,0.000000,0.000000,0.085257,-0.059366,0.030999,0.026523,0.075432,0.088760,0.009385,0.033607,0.013950,-0.037526,-0.047381,0.001697,-0.174533,-0.523599,0.545415,0.043633,-0.938114,-0.130900,-0.130900,-0.087266,0.501782,2.181662,0.589049,-0.414516,0.383804,-0.324845,0.073270,0.077416,-0.253810,0.642680,0.061550,-0.164905,-0.072121,-0.066873,-0.093998,-0.022978,0.472411,-0.092912,0.036930,-0.004613,0.116002,0.075698,0.046869,0.135141,-0.146061,0.107701,0.068423,-0.312605
1788548298.030139,0.001789,-0.003052,-0.001099,0.061945,-0.045738,-0.046437,0.061945,-0.045738,-0.046437,0.000000,0.000000,0.000000,0.083604,-0.054692,0.039873,0.022550,0.051663,0.092291,0.010225,0.015758,0.017468,-0.027059,-0.065058,-0.013217,0.043633,0.392699,0.370883,-0.349066,-1.505346,0.392699,0.152716,-0.981748,-0.065450,-0.239983,-0.872665,-1.287180,0.469086,-0.269600,0.000208,0.092315,0.310544,0.302682,-0.030275,0.267868,0.093922,-0.072139,-0.159558,-0.014341,0.414820,-0.050384,-0.021531,0.021105,0.310556,-0.154336,-0.231446,0.405435,-0.195193,0.081920,0.214009,-0.155700
1788548298.050374,0.001739,-0.003000,-0.001273,-0.292521,-0.018574,-0.084920,-0.292521,-0.018574,-0.084920,0.078624,0.000000,0.000000,0.093023,-0.043246,0.034369,0.011541,0.030146,0.081934,0.007302,0.004545,-0.001439,-0.005638,-0.032753,-0.042985,0.349066,0.545415,-0.087267,-0.305433,0.218166,-2.007129,-0.349066,0.676315,-2.552544,2.378011,3.359759,-2.617994,0.209371,-0.243212,0.070966,0.119030,0.342776,0.225538,0.082685,0.124035,0.065319,-0.328600,-0.316820,0.061175,0.422993,0.188432,-0.005115,-0.013004,0.196406,-0.103536,0.013353,0.396384,-0.463223,-0.168957,-0.001967,-0.608876
1788548298.070538,0.001277,-0.002835,-0.001423,0.304826,0.124438,0.008956,0.304826,0.124438,0.008956,0.253686,0.000000,0.000000,0.093231,-0.040666,0.034086,0.009119,0.039323,0.059803,-0.003470,0.023004,-0.029517,0.013866,0.021387,-0.050292,-0.087266,0.000000,-0.414516,-0.000000,0.894481,-1.898046,-0.479966,1.461713,-1.330814,0.523599,2.116212,0.872664,0.327192,-0.268447,0.225659,0.064706,0.115828,0.365839,0.043389,0.044980,0.087381,-0.037393,-0.156010,-0.009440,0.295909,-0.101226,-0.163187,0.066495,-0.266562,0.076799,0.151707,-0.265899,-0.458253,0.093214,0.024536,-0.431140
1788548298.090296,0.000848,-0.002571,-0.001460,0.206555,0.044809,-0.049367,0.206555,0.044809,-0.049367,0.395485,0.000000,0.000000,0.096138,-0.024467,0.022144,0.007848,0.057646,0.025243,-0.009470,0.061431,-0.061077,-0.009012,0.010525,-0.070486,0.152716,1.178097,-0.610865,-0.218166,0.676315,-1.374447,-0.261799,1.832596,-3.141593,-2.639811,-1.003564,-3.752458,0.322428,-0.172390,0.326670,0.051482,-0.137034,0.447387,-0.010940,-0.181520,0.059725,-0.100008,-0.333146,-0.132635,0.354329,-0.308510,-0.043939,0.044918,-0.436512,-0.153972,-0.256904,-0.324866,-0.235246,-0.194834,-0.134120,-0.186392
1788548298.110277,0.000750,-0.001946,-0.001456,0.260351,-0.029227,-0.058954,0.260351,-0.029227,-0.058954,0.510343,0.000000,0.000000,0.096009,-0.017737,0.004276,0.006553,0.046727,0.013522,0.002731,0.073892,-0.093687,-0.005019,0.007602,-0.104140,-0.065450,-0.021817,-0.785398,-0.414516,-2.181662,0.305433,0.850848,-1.679880,-0.741765,2.116212,0.065450,0.872665,0.472411,-0.092912,0.036930,-0.004613,0.116002,0.075698,0.046869,0.135141,-0.146061,0.107701,0.068423,-0.312605,0.214865,-0.145215,0.063076,0.188970,-0.064113,-0.791651,-0.665244,-0.114323,-0.035185,-0.774322,-0.420111,0.070420
1788548298.130394,0.000540,-0.001565,-0.001572,-0.137525,-0.050133,-0.010618,-0.137525,-0.050133,-0.010618,0.603378,0.000000,0.000000,0.093569,-0.023496,-0.004865,0.002312,-0.001916,-0.001169,0.001231,0.020943,-0.085064,-0.014938,-0.011564,-0.079651,-0.196350,-0.676315,-0.632682,-0.152716,-3.054326,-0.959931,-0.218166,-3.337943,2.138028,-2.356194,-0.741765,2.356195,0.414820,-0.050384,-0.021531,0.021105,0.310556,-0.154336,-0.231446,0.405435,-0.195193,0.081920,0.214009,-0.155700,0.147504,-0.115202,0.440303,0.134173,-0.258301,-0.173468,-0.807190,-0.518207,-0.171993,-0.489785,-0.409159,0.037868
1788548298.150026,-0.000689,-0.000997,-0.001740,-0.272947,0.063984,0.065682,-0.272947,0.063984,0.065682,0.678736,0.000000,0.000000,0.085805,-0.028645,-0.002945,0.015449,-0.030755,-0.028488,-0.045085,-0.022189,-0.050771,-0.071287,-0.059839,-0.035170,-0.458149,-0.327249,0.305433,0.785398,0.000000,-2.487094,-2.421645,-1.396264,2.508911,-5.366888,-2.508911,3.185226,0.422993,0.188432,-0.005115,-0.013004,0.196406,-0.103536,0.013353,0.396384,-0.463223,-0.168957,-0.001967,-0.608876,0.312324,-0.310506,0.316560,0.242675,-0.741278,-0.016862,-1.059253,-0.634830,-0.336068,-0.140782,-0.228672,-0.231507
1788548298.170469,-0.002000,-0.001449,-0.000960,0.400034,0.056261,0.137587,0.400034,0.056261,0.137587,0.710863,0.000000,0.000000,0.075415,-0.042231,0.031877,0.029433,-0.034450,-0.041687,-0.115929,-0.052214,-0.036277,-0.127577,-0.086253,-0.004627,-0.610865,-0.196350,1.701696,0.567232,-0.523599,0.305433,-3.185226,-1.636246,-0.632682,0.392699,-0.698132,0.938115,0.295909,-0.101226,-0.163187,0.066495,-0.266562,0.076799,0.151707,-0.265899,-0.458253,0.093214,0.024536,-0.431140,-0.014063,-0.199458,0.372997,0.033976,-0.985050,-0.156558,-1.041834,-0.724194,-0.700169,-0.139038,-0.571415,-0.081725
1788548298.190685,-0.003266,-0.001856,-0.000136,0.332389,-0.046138,-0.077197,0.332389,-0.046138,-0.077197,0.789219,0.000000,0.000000,0.073800,-0.048119,0.049308,0.042071,-0.049705,-0.043915,-0.180316,-0.077982,-0.054873,-0.092037,-0.069964,-0.018737,0.043633,-0.261799,0.632682,0.239983,-2.007129,0.174533,-2.770710,-1.418080,-1.679880,3.534292,0.959931,-2.574361,0.354329,-0.308510,-0.043939,0.044918,-0.436512,-0.153972,-0.256904,-0.324866,-0.235246,-0.194834,-0.134120,-0.186392,0.256972,-0.042981,0.154033,0.119112,-0.511681,-0.505947,-0.205776,-0.299166,-0.547304,-0.452164,-0.113654,-0.253417
1788548298.210529,-0.007250,-0.000983,0.001805,-0.289725,0.022705,-0.136452,-0.289725,0.022705,-0.136452,0.829267,0.000000,0.000000,0.060031,-0.041517,0.054389,0.024830,-0.107140,-0.034319,-0.217257,-0.119510,-0.094006,-0.053296,-0.102932,-0.028889,-0.741765,0.087266,0.087267,-0.829032,-3.447025,-0.218166,-1.134464,-2.203479,-4.079707,1.178098,-2.487095,1.003564,0.214865,-0.145215,0.063076,0.188970,-0.064113,-0.791651,-0.665244,-0.114323,-0.035185,-0.774322,-0.420111,0.070420,-0.341650,0.158901,0.069702,0.182720,-0.678168,-1.021013,-0.970857,-0.307582,-0.515880,-0.653111,-0.034972,-0.120910
1788548298.229987,-0.008421,-0.001130,0.002129,-0.703580,-0.000598,0.038518,-0.703580,-0.000598,0.038518,0.861706,0.000000,0.000000,0.062442,-0.037661,0.048515,0.024467,-0.145674,-0.043305,-0.198497,-0.126824,-0.135968,-0.066695,-0.082105,-0.041598,0.087267,0.305433,-0.130900,0.414516,-0.109083,-0.589049,1.941679,1.527163,-0.065450,-2.639810,3.207043,-1.788963,0.147504,-0.115202,0.440303,0.134173,-0.258301,-0.173468,-0.807190,-0.518207,-0.171993,-0.489785,-0.409159,0.037868,-0.376640,0.768686,-0.073662,-0.073617,-1.217882,-2.151139,-1.130648,-0.608675,-0.219472,-0.934871,0.207898,0.101614
1788548298.250113,-0.008036,-0.002755,0.001615,0.534923,0.104197,0.096175,0.534923,0.104197,0.096175,0.887982,0.000000,0.000000,0.025536,-0.031383,0.056813,0.033156,-0.150146,-0.068195,-0.174003,-0.107312,-0.133047,-0.115198,-0.033334,-0.041729,-2.116212,0.654499,0.087267,0.327249,-0.305433,-2.683444,1.352630,1.156280,0.807215,-2.770710,2.203478,1.178097,0.312324,-0.310506,0.316560,0.242675,-0.741278,-0.016862,-1.059253,-0.634830,-0.336068,-0.140782,-0.228672,-0.231507,-0.229509,0.143900,0.020513,0.094304,-1.336553,-1.213903,-1.023198,-1.072994,-0.524120,-0.710999,0.364488,0.048895
1788548298.270286,-0.005176,-0.000914,-0.001112,-0.065886,-0.295010,0.051700,-0.065886,-0.295010,0.051700,0.909266,0.000000,0.000000,-0.006954,0.002648,0.038913,0.019918,-0.174387,-0.159454,-0.191210,-0.104438,-0.107476,-0.169565,0.016568,-0.009879,-1.439897,2.967060,-0.894481,-0.719948,-3.010693,-5.999569,-1.963496,-0.916298,3.337943,-3.839724,2.094395,2.814343,-0.014063,-0.199458,0.372997,0.033976,-0.985050,-0.156558,-1.041834,-0.724194,-0.700169,-0.139038,-0.571415,-0.081725,0.089002,-0.346477,-0.188748,0.114756,-1.299591,0.249203,-0.863514,-0.870306,-1.143764,0.312973,0.312417,-0.365341
1788548298.290291,-0.003861,0.000343,-0.005187,0.275398,-0.785964,-0.082390,0.275398,-0.785964,-0.082390,0.926505,0.000000,0.000000,-0.024506,0.018749,0.027320,0.012294,-0.227284,-0.247797,-0.222989,-0.135935,-0.090126,-0.183929,0.058620,0.007182,-0.698132,0.589049,-0.479966,-0.436332,-2.487095,-1.548980,-1.178097,-2.770710,-2.159845,0.959931,1.745329,0.239983,0.256972,-0.042981,0.154033,0.119112,-0.511681,-0.505947,-0.205776,-0.299166,-0.547304,-0.452164,-0.113654,-0.253417,0.121830,0.126631,0.021270,0.293535,-0.562218,-0.826630,-0.428420,-0.579660,-0.722612,-0.396128,0.002402,-0.442227
1788548298.310225,-0.003580,0.001906,-0.007351,0.744913,-0.168111,-0.001829,0.744913,-0.168111,-0.001829,0.000000,0.000000,0.000000,-0.011694,0.007232,0.004058,0.009468,-0.262927,-0.283726,-0.220775,-0.175617,-0.144310,-0.153446,0.069163,-0.020106,0.698132,-1.548980,-1.265364,-0.000000,-0.676315,-0.523599,0.501782,-1.483530,-4.821472,4.297874,0.152716,-4.319690,-0.341650,0.158901,0.069702,0.182720,-0.678168,-1.021013,-0.970857,-0.307582,-0.515880,-0.653111,-0.034972,-0.120910,0.528621,-0.211137,-0.501583,0.243263,0.440490,-0.199991,-0.024747,-0.037245,-0.143976,-0.184714,-0.208953,-0.514034
1788548298.330621,-0.003645,0.003071,-0.008368,-0.485867,0.549478,-0.049766,-0.485867,0.549478,-0.049766,0.000000,0.000000,0.000000,0.011336,0.000551,-0.012605,0.026763,-0.243759,-0.259417,-0.181333,-0.178074,-0.224366,-0.046288,0.033509,-0.076327,1.003564,0.043633,-0.741765,1.025381,2.727077,1.745329,2.072578,0.741765,-0.654498,2.225296,-2.225295,-2.247112,-0.376640,0.768686,-0.073662,-0.073617,-1.217882,-2.151139,-1.130648,-0.608675,-0.219472,-0.934871,0.207898,0.101614,0.738794,-0.424983,-0.168299,-0.010217,-0.137255,0.195469,0.094710,0.226293,-0.174800,-0.790945,-0.054199,-0.084063
1788548298.350573,-0.005392,0.003486,-0.002305,-0.165622,0.741758,0.077932,-0.165622,0.741758,0.077932,0.000000,0.000000,0.000000,0.041282,-0.021176,-0.041967,0.049513,-0.176749,-0.185366,-0.113464,-0.142104,-0.162014,-0.051453,-0.017719,-0.105779,1.418080,-1.134464,-1.156281,1.330814,5.694138,5.475971,3.403392,3.141593,5.803220,0.741765,-2.050762,-1.723513,-0.229509,0.143900,0.020513,0.094304,-1.336553,-1.213903,-1.023198,-1.072994,-0.524120,-0.710999,0.364488,0.048895,0.456095,-0.322831,-0.044138,-0.178964,-0.129123,0.330915,0.009087,-0.273602,-0.302262,-0.348688,-0.502199,-0.212034
1788548298.370496,-0.006915,0.001690,0.011317,0.086047,0.932707,0.092979,0.086047,0.932707,0.092979,0.000000,0.000000,0.000000,0.060743,-0.042193,-0.038801,0.050934,-0.078983,-0.087306,-0.052282,-0.072632,-0.079286,-0.080415,-0.018357,-0.085880,1.069014,-1.287180,-0.174533,-0.218166,3.097960,4.886922,2.290745,3.534292,2.487095,-4.516040,0.305432,3.883358,0.089002,-0.346477,-0.188748,0.114756,-1.299591,0.249203,-0.863514,-0.870306,-1.143764,0.312973,0.312417,-0.365341,0.105475,-0.384910,0.060446,0.083827,-0.146396,0.553855,0.072066,-0.165568,-0.257599,-0.442632,-0.601757,-0.081783
1788548298.390465,-0.006915,0.001690,0.011317,-0.211162,0.612462,-0.258292,-0.211162,0.612462,-0.258292,0.000000,0.000000,0.000000,0.084310,-0.056309,-0.044116,0.025277,-0.033654,-0.011810,-0.017196,-0.022102,-0.063414,-0.130296,-0.059708,-0.053965,1.308997,-0.523599,0.349066,-1.570796,0.785399,2.901611,1.483530,1.025381,-0.894481,1.505347,-4.014258,0.021817,0.121830,0.126631,0.021270,0.293535,-0.562218,-0.826630,-0.428420,-0.579660,-0.722612,-0.396128,0.002402,-0.442227,0.215206,-0.355292,0.115832,0.046898,0.154903,0.435552,0.145389,0.013421,0.063276,-0.285104,-0.309068,0.077921
1788548298.410644,-0.006915,0.001690,0.011317,0.139577,0.165583,0.058758,0.139577,0.165583,0.058758,0.000000,0.000000,0.000000,0.098360,-0.073121,-0.029242,0.010226,-0.031292,0.046152,-0.004905,-0.016536,-0.068546,-0.111342,-0.114462,-0.038892,-0.196350,-0.894481,1.003564,-0.981748,-0.152716,3.163410,0.305433,-0.741765,0.087266,-0.501782,-1.898046,1.221731,0.528621,-0.211137,-0.501583,0.243263,0.440490,-0.199991,-0.024747,-0.037245,-0.143976,-0.184714,-0.208953,-0.514034,0.066643,-0.118982,0.243412,0.016226,0.016473,0.401000,-0.065374,-0.015292,-0.006808,-0.224351,-0.524884,0.057321
1788548298.430425,-0.006915,0.001690,0.011317,-0.442724,0.201536,0.075003,-0.442724,0.201536,0.075003,0.000000,0.000000,0.000000,0.091278,-0.083896,-0.002193,0.001249,-0.009006,0.082288,0.008352,-0.020381,-0.043594,-0.091947,-0.099269,-0.012552,-0.458149,-0.654499,1.483530,-0.043633,1.636246,0.981748,0.785398,0.392699,3.163409,1.483530,1.614429,2.007129,0.738794,-0.424983,-0.168299,-0.010217,-0.137255,0.195469,0.094710,0.226293,-0.174800,-0.790945,-0.054199,-0.084063,0.472832,-0.124086,0.265055,-0.110823,-0.111647,0.338858,0.149210,-0.052204,-0.068960,0.105676,-0.124098,-0.328124
1788548298.450347,0.000615,-0.001202,0.000498,0.238380,0.126169,0.080595,0.238380,0.126169,0.080595,0.000000,0.000000,0.000000,0.072723,-0.081837,0.032820,0.003201,0.011482,0.104986,0.016566,-0.007850,-0.010334,-0.070483,-0.109641,0.005215,-0.807215,0.152716,1.418080,0.130900,0.501782,1.439897,0.218166,0.545415,0.305433,1.308997,-0.959931,0.261800,0.456095,-0.322831,-0.044138,-0.178964,-0.129123,0.330915,0.009087,-0.273602,-0.302262,-0.348688,-0.502199,-0.212034,0.416050,-0.074198,0.252242,-0.178044,0.023467,0.209845,0.071438,0.041688,-0.119801,0.100875,-0.044666,-0.236564
1788548298.470494,0.002822,-0.000636,-0.003887,-0.190789,-0.273306,-0.023001,-0.190789,-0.273306,-0.023001,0.000000,0.000000,0.000000,0.083378,-0.080441,0.053429,-0.001887,0.010211,0.107399,0.013667,-0.000206,-0.010083,-0.029555,-0.077726,-0.017749,0.698132,0.327249,1.047198,-0.261799,-0.479966,-0.785398,-0.523599,0.239983,-0.567232,3.621559,3.054327,-3.643375,0.105475,-0.384910,0.060446,0.083827,-0.146396,0.553855,0.072066,-0.165568,-0.257599,-0.442632,-0.601757,-0.081783,0.445149,0.165724,0.093351,-0.072433,0.215214,0.111302,0.160219,0.431690,-0.340264,-0.064033,-0.027015,-0.605886
1788548298.490259,0.003595,0.000169,0.000600,0.373668,-0.285024,-0.066810,0.373668,-0.285024,-0.066810,0.000000,0.000000,0.000000,0.091300,-0.065990,0.064858,-0.012051,-0.000045,0.094928,0.019391,0.001935,-0.020817,0.006467,-0.035699,-0.050444,0.501782,0.850848,0.370883,-0.349066,-0.021817,-0.654499,0.349066,0.043633,-0.850848,1.069014,1.592613,-0.327249,0.215206,-0.355292,0.115832,0.046898,0.154903,0.435552,0.145389,0.013421,0.063276,-0.285104,-0.309068,0.077921,0.380800,0.001611,-0.024394,-0.040797,0.320092,0.048665,0.044231,0.381015,-0.284674,0.111702,-0.053892,-0.395296
1788548298.510674,0.003595,0.000169,0.000600,0.067139,-0.259590,-0.040046,0.067139,-0.259590,-0.040046,0.000000,0.000000,0.000000,0.098052,-0.039414,0.053833,-0.010829,0.012524,0.073024,0.026339,0.023171,-0.043335,-0.001332,-0.019486,-0.082176,0.130900,1.483530,-0.698132,0.043633,1.221731,-0.807215,0.174533,2.116212,-2.770710,-1.396263,0.479966,-4.057890,0.066643,-0.118982,0.243412,0.016226,0.016473,0.401000,-0.065374,-0.015292,-0.006808,-0.224351,-0.524884,0.057321,0.210253,-0.168440,0.049816,-0.163114,0.191992,0.097407,0.136597,0.196507,-0.167698,0.032959,-0.036385,-0.328220
1788548298.530456,0.004625,0.002163,0.014828,0.295238,-0.238818,-0.069740,0.295238,-0.238818,-0.069740,0.000000,0.000000,0.000000,0.097597,-0.023262,0.034528,-0.005953,0.035478,0.049484,0.025456,0.057611,-0.065012,0.008979,-0.014569,-0.104498,-0.043633,0.741765,-1.134464,0.152716,1.112647,-1.112648,0.000000,1.265364,-0.130900,1.461713,0.174533,1.352630,0.472832,-0.124086,0.265055,-0.110823,-0.111647,0.338858,0.149210,-0.052204,-0.068960,0.105676,-0.124098,-0.328124,0.468636,-0.394066,-0.015795,0.125936,0.105655,0.419097,0.103292,-0.046074,-0.059605,0.149416,0.006959,-0.059229
1788548298.550524,0.005310,0.003226,0.015706,-0.059228,-0.224303,0.008157,-0.059228,-0.224303,0.008157,0.000000,0.000000,0.000000,0.087185,-0.018280,0.015100,-0.010428,0.050297,0.033416,0.020765,0.069858,-0.056160,0.010847,-0.013688,-0.092095,-0.392699,-0.174533,-0.959931,-0.174533,0.000000,-0.414516,-0.305433,-0.218166,1.418080,-0.589049,0.152716,1.003564,0.416050,-0.074198,0.252242,-0.178044,0.023467,0.209845,0.071438,0.041688,-0.119801,0.100875,-0.044666,-0.236564,0.418800,-0.369209,0.090374,0.066896,0.087013,0.432456,-0.003860,-0.017875,-0.046869,0.053379,-0.149592,-0.092426
1788548298.570328,0.005957,0.004063,0.015780,-0.220083,-0.152931,0.064750,-0.220083,-0.152931,0.064750,0.000000,0.000000,0.000000,0.092088,-0.033578,0.002683,-0.003046,0.049176,0.048162,0.024351,0.053051,-0.037212,0.020738,-0.005777,-0.059051,0.567232,-1.025381,-0.349066,0.239983,-0.349066,1.898046,0.196350,-1.418080,1.527163,1.134464,0.501782,3.294309,0.445149,0.165724,0.093351,-0.072433,0.215214,0.111302,0.160219,0.431690,-0.340264,-0.064033,-0.027015,-0.605886,0.269885,-0.197764,0.165592,-0.053014,0.085603,0.313116,-0.025273,-0.109709,0.078459,-0.194668,-0.312544,-0.111015
1788548298.590786,0.007150,0.004180,0.006860,-0.036858,-0.066378,0.017878,-0.036858,-0.066378,0.017878,0.000000,0.000000,0.000000,0.099934,-0.051804,0.009040,0.001227,0.041136,0.074031,0.022606,0.026064,-0.021673,0.019315,-0.022145,-0.034406,0.567232,-0.981748,0.349066,0.370883,-0.218166,1.592613,-0.218166,-1.047198,0.632682,-0.654499,-0.829031,0.349066,0.380800,0.001611,-0.024394,-0.040797,0.320092,0.048665,0.044231,0.381015,-0.284674,0.111702,-0.053892,-0.395296,0.288606,-0.224752,0.166787,0.022610,0.187249,0.322728,-0.000446,0.000244,0.016585,-0.091672,-0.313230,-0.045102
1788548298.609978,0.007724,0.003005,-0.004577,-0.298647,-0.120440,0.042512,-0.298647,-0.120440,0.042512,0.000000,0.000000,0.000000,0.098807,-0.066598,0.019902,-0.000687,0.036154,0.083191,0.011471,0.007814,-0.005180,-0.010953,-0.054431,-0.029206,-0.152716,-0.523599,0.589049,-0.174533,-0.305433,-0.109083,-0.392699,-0.741765,1.570796,-2.705261,-1.418080,0.109083,0.210253,-0.168440,0.049816,-0.163114,0.191992,0.097407,0.136597,0.196507,-0.167698,0.032959,-0.036385,-0.328220,0.373538,-0.283033,0.245593,0.115959,0.107787,0.391178,-0.053252,-0.068521,-0.052438,0.038310,-0.226255,-0.158255
1788548298.630152,0.007724,0.003005,-0.004577,-0.077871,-0.319112,0.037053,-0.077871,-0.319112,0.037053,0.000000,0.000000,0.000000,0.092001,-0.075006,0.032621,0.000390,0.036661,0.091735,0.005717,-0.001534,0.004190,-0.022167,-0.069133,-0.023002,-0.458149,-0.152716,0.719948,-0.218166,0.283616,-0.087266,-0.130900,-0.239983,-0.458149,0.436332,-0.479966,0.763582,0.468636,-0.394066,-0.015795,0.125936,0.105655,0.419097,0.103292,-0.046074,-0.059605,0.149416,0.006959,-0.059229,0.500348,-0.164556,0.212388,0.043274,0.035515,0.290988,0.042300,0.071411,-0.027477,0.161780,0.000002,-0.112540
1788548298.650476,0.006952,0.002547,-0.005487,0.280191,-0.273971,0.020808,0.280191,-0.273971,0.020808,0.000000,0.000000,0.000000,0.091251,-0.074002,0.047743,0.005023,0.040381,0.090240,0.002104,-0.003402,-0.002423,-0.007460,-0.061426,-0.027790,0.130900,0.000000,0.436332,0.174533,0.000000,-0.174533,-0.239983,0.196350,-0.698132,1.199914,0.458149,-0.981748,0.418800,-0.369209,0.090374,0.066896,0.087013,0.432456,-0.003860,-0.017875,-0.046869,0.053379,-0.149592,-0.092426,0.416995,-0.118747,0.038891,-0.039577,0.172229,0.080597,0.036740,0.233234,-0.145965,0.080216,-0.022686,-0.256580
1788548298.670383,0.006336,0.002196,-0.006150,-0.019414,-0.240416,-0.035385,-0.019414,-0.240416,-0.035385,0.000000,0.000000,0.000000,0.100493,-0.064689,0.048051,0.008339,0.035469,0.086864,-0.000378,0.000157,-0.006135,0.016721,-0.028881,-0.029176,0.567232,0.283616,-0.130900,0.218166,-0.305433,-0.261799,-0.261799,0.283616,0.283616,1.614430,1.745329,0.305433,0.269885,-0.197764,0.165592,-0.053014,0.085603,0.313116,-0.025273,-0.109709,0.078459,-0.194668,-0.312544,-0.111015,0.466273,-0.135240,0.017845,0.043183,0.303457,0.091804,0.074542,0.240681,-0.215854,0.057826,-0.031137,-0.272865
1788548298.691483,0.006247,0.002283,-0.003863,-0.137525,-0.253465,-0.037383,-0.137525,-0.253465,-0.037383,0.000000,0.000000,0.000000,0.101341,-0.058504,0.037345,0.006995,0.029770,0.075337,0.008256,0.015063,-0.017476,0.024406,-0.014321,-0.043275,-0.174533,0.261799,-0.545415,-0.021817,0.327249,-0.610865,0.567232,1.090831,-1.570796,-0.392699,0.501782,-1.701696,0.288606,-0.224752,0.166787,0.022610,0.187249,0.322728,-0.000446,0.000244,0.016585,-0.091672,-0.313230,-0.045102,0.315035,-0.186078,0.002024,-0.040512,0.203493,0.083080,0.058932,0.211103,-0.132281,0.096879,-0.011423,-0.204255
1788548298.710229,0.007384,0.002852,0.002518,0.110415,-0.239617,0.014416,0.110415,-0.239617,0.014416,0.000000,0.000000,0.000000,0.100921,-0.055425,0.026344,0.008233,0.040422,0.054810,0.011700,0.036623,-0.035470,0.020018,-0.012325,-0.057101,0.000000,0.305433,-0.610865,-0.152716,0.850848,-0.938115,0.130900,1.025381,-1.243547,-0.283616,0.000000,-0.458149,0.373538,-0.283033,0.245593,0.115959,0.107787,0.391178,-0.053252,-0.068521,-0.052438,0.038310,-0.226255,-0.158255,0.386866,-0.329223,-0.013884,0.060154,0.128592,0.340334,0.128226,0.059105,-0.058531,0.144082,-0.001894,-0.103739
1788548298.730087,0.008308,0.003455,0.003337,0.078990,-0.148537,-0.043508,0.078990,-0.148537,-0.043508,0.000000,0.000000,0.000000,0.097247,-0.048441,0.016073,0.004911,0.053337,0.039405,0.013037,0.047938,-0.041829,0.019972,-0.008095,-0.056438,-0.065450,0.152716,-0.436332,-0.174533,0.065450,-0.676315,0.021817,0.174533,0.741765,0.458149,0.327249,0.763582,0.500348,-0.164556,0.212388,0.043274,0.035515,0.290988,0.042300,0.071411,-0.027477,0.161780,0.000002,-0.112540,0.461087,-0.312921,0.108182,0.085024,0.140821,0.361753,0.075035,0.067334,-0.031360,0.140674,-0.051454,-0.040896
1788548298.750308,0.008308,0.003455,0.003337,-0.065087,-0.097137,0.012685,-0.065087,-0.097137,0.012685,0.000000,0.000000,0.000000,0.100144,-0.053620,0.007126,0.005544,0.052263,0.046833,0.017245,0.042694,-0.028971,0.026596,-0.005093,-0.041805,0.065450,-0.370883,-0.370883,-0.000000,-0.370883,1.112647,0.152716,-0.479966,1.003564,0.414516,0.043633,1.330814,0.416995,-0.118747,0.038891,-0.039577,0.172229,0.080597,0.036740,0.233234,-0.145965,0.080216,-0.022686,-0.256580,0.360718,-0.276638,0.133285,0.024366,0.168934,0.264370,0.035428,0.027694,-0.003970,-0.020265,-0.203528,-0.048000
1788548298.770418,0.007518,0.004480,-0.001902,-0.145648,0.024436,-0.008088,-0.145648,0.024436,-0.008088,0.000000,0.000000,0.000000,0.104761,-0.061888,0.011238,0.008339,0.047886,0.065285,0.021709,0.032964,-0.017839,0.031728,-0.008780,-0.025650,0.305433,-0.414516,0.327249,0.109083,-0.109083,0.938114,0.087267,-0.479966,0.501782,0.043633,-0.130900,0.981748,0.466273,-0.135240,0.017845,0.043183,0.303457,0.091804,0.074542,0.240681,-0.215854,0.057826,-0.031137,-0.272865,0.345798,-0.222926,0.203880,0.023408,0.163357,0.237343,0.015301,0.023253,0.004408,-0.014897,-0.204501,-0.053373
1788548298.790192,0.006568,0.004230,-0.005817,-0.016751,0.026966,0.017745,-0.016751,0.026966,0.017745,0.000000,0.000000,0.000000,0.103981,-0.069770,0.019490,0.008511,0.044305,0.076829,0.018532,0.023983,-0.010386,0.016113,-0.032304,-0.017171,-0.174533,-0.283616,0.567232,-0.000000,0.000000,0.370882,-0.174533,-0.370883,0.370882,-1.418080,-1.156281,0.174533,0.315035,-0.186078,0.002024,-0.040512,0.203493,0.083080,0.058932,0.211103,-0.132281,0.096879,-0.011423,-0.204255,0.363768,-0.273657,0.192172,0.075947,0.111003,0.346595,0.041091,0.028037,-0.036522,0.058848,-0.218362,-0.030424
1788548298.810478,0.005758,0.003928,-0.005699,-0.061625,-0.050932,0.030129,-0.061625,-0.050932,0.030129,0.000000,0.000000,0.000000,0.098777,-0.073568,0.031173,0.006987,0.043201,0.076398,0.011311,0.017594,-0.004594,0.003727,-0.043604,-0.015333,-0.283616,0.000000,0.523599,-0.283616,0.021817,-0.130900,-0.239983,-0.218166,0.196349,-0.349066,-0.414516,0.043633,0.386866,-0.329223,-0.013884,0.060154,0.128592,0.340334,0.128226,0.059105,-0.058531,0.144082,-0.001894,-0.103739,0.415794,-0.213601,0.184896,0.026363,0.091200,0.310683,0.052660,0.058641,-0.065556,0.158337,-0.045940,-0.048149
1788548298.830248,0.005296,0.003770,-0.005346,0.222800,-0.018042,0.002698,0.222800,-0.018042,0.002698,0.000000,0.000000,0.000000,0.096907,-0.071853,0.037445,0.008337,0.040621,0.075481,0.010271,0.014201,-0.005333,0.006904,-0.049102,-0.012091,0.000000,0.152716,0.174533,-0.000000,-0.196350,0.065450,0.000000,-0.065450,-0.414516,0.545415,-0.152716,0.283616,0.461087,-0.312921,0.108182,0.085024,0.140821,0.361753,0.075035,0.067334,-0.031360,0.140674,-0.051454,-0.040896,0.466857,-0.220191,0.035291,0.053565,0.176173,0.095862,-0.022039,0.169249,-0.103259,0.128084,0.046064,-0.090089
1788548298.850344,0.003377,0.002979,-0.002337,-0.046445,0.079963,-0.039114,-0.046445,0.079963,-0.039114,0.000000,0.000000,0.000000,0.099132,-0.064926,0.037143,0.008192,0.037659,0.078429,0.010255,0.013383,-0.008889,0.022560,-0.028693,-0.012003,0.109083,0.130900,-0.065450,0.130900,-0.087266,-0.000000,-0.239983,0.065450,-0.349066,1.352630,1.090831,-0.218166,0.360718,-0.276638,0.133285,0.024366,0.168934,0.264370,0.035428,0.027694,-0.003970,-0.020265,-0.203528,-0.048000,0.503856,-0.135020,-0.022184,0.041631,0.201375,-0.034580,0.001044,0.220627,-0.196607,0.016206,0.059283,-0.215597
1788548298.870372,0.003377,0.002979,-0.002337,-0.001305,0.089816,-0.012349,-0.001305,0.089816,-0.012349,0.000000,0.000000,0.000000,0.101194,-0.063342,0.029641,0.009291,0.034970,0.070120,0.009222,0.019579,-0.017427,0.031480,-0.005139,-0.016167,0.065450,0.021817,-0.370883,0.130900,0.239983,-0.567232,-0.021817,0.479966,-0.567232,0.109083,1.112648,-0.741765,0.345798,-0.222926,0.203880,0.023408,0.163357,0.237343,0.015301,0.023253,0.004408,-0.014897,-0.204501,-0.053373,0.408246,-0.235120,-0.064574,0.001415,0.224048,0.074375,0.049315,0.185552,-0.165182,0.097749,-0.008397,-0.200394
1788548298.889971,-0.000670,0.001396,0.002699,0.118937,0.097540,-0.004226,0.118937,0.097540,-0.004226,0.000000,0.000000,0.000000,0.103580,-0.059508,0.021792,0.009275,0.039088,0.047395,0.005712,0.032988,-0.030174,0.019672,0.005824,-0.032107,0.196350,0.305433,-0.436332,-0.021817,0.458149,-1.047198,-0.152716,0.850848,-1.199914,-0.981748,0.349066,-1.505347,0.363768,-0.273657,0.192172,0.075947,0.111003,0.346595,0.041091,0.028037,-0.036522,0.058848,-0.218362,-0.030424,0.312492,-0.304999,-0.028031,-0.063247,0.126707,0.244925,0.080063,0.153578,-0.112430,0.074395,-0.033710,-0.129409
1788548298.910305,-0.001186,0.001321,0.002695,0.165942,0.099137,-0.035518,0.165942,0.099137,-0.035518,0.000000,0.000000,0.000000,0.105418,-0.059458,0.010862,0.006654,0.044752,0.026972,0.007683,0.042135,-0.039798,0.018068,0.001158,-0.043929,0.000000,-0.021817,-0.567232,-0.109083,0.218166,-0.676315,0.065450,0.239983,-0.021817,0.523599,-0.305433,-0.239983,0.415794,-0.213601,0.184896,0.026363,0.091200,0.310683,0.052660,0.058641,-0.065556,0.158337,-0.045940,-0.048149,0.452493,-0.320243,0.004431,0.059463,0.127816,0.251538,0.077896,0.055545,-0.063896,0.094713,-0.022288,-0.050705
1788548298.930374,-0.002291,0.001383,-0.000176,-0.064821,0.250139,-0.019406,-0.064821,0.250139,-0.019406,0.000000,0.000000,0.000000,0.101243,-0.060841,0.001909,-0.001947,0.047381,0.031458,0.013468,0.043692,-0.035772,0.019544,-0.003336,-0.039468,-0.349066,-0.130900,-0.370883,-0.392699,-0.196350,0.501782,0.305433,-0.152716,0.501782,-0.261799,-0.392699,0.698132,0.466857,-0.220191,0.035291,0.053565,0.176173,0.095862,-0.022039,0.169249,-0.103259,0.128084,0.046064,-0.090089,0.345161,-0.268080,0.155127,0.064537,0.128290,0.276963,0.130301,0.053934,0.002015,-0.030278,-0.157824,0.014805
1788548298.950046,-0.003269,0.000886,-0.001209,-0.229538,0.275705,-0.003560,-0.229538,0.275705,-0.003560,0.000000,0.000000,0.000000,0.103656,-0.065267,0.001674,-0.000098,0.043722,0.046572,0.016852,0.037051,-0.026220,0.022764,-0.004736,-0.026391,0.130900,-0.414516,0.261799,0.174533,-0.239983,0.763582,0.087267,-0.436332,0.719948,0.218166,0.000000,1.156281,0.503856,-0.135020,-0.022184,0.041631,0.201375,-0.034580,0.001044,0.220627,-0.196607,0.016206,0.059283,-0.215597,0.316382,-0.186612,0.235297,0.008831,0.122392,0.245521,0.035191,-0.011455,0.033306,-0.083173,-0.231703,-0.032174
1788548298.970582,-0.005071,-0.000524,-0.000595,0.148898,0.263854,0.028398,0.148898,0.263854,0.028398,0.000000,0.000000,0.000000,0.100539,-0.068270,0.014522,0.006608,0.037897,0.058964,0.020806,0.027272,-0.014395,0.009571,-0.024109,-0.010975,-0.043633,-0.087267,0.610865,0.414516,-0.239983,0.545415,0.196350,-0.458149,0.938115,-1.199914,-0.938115,0.916298,0.408246,-0.235120,-0.064574,0.001415,0.224048,0.074375,0.049315,0.185552,-0.165182,0.097749,-0.008397,-0.200394,0.311628,-0.262359,0.210684,0.065903,0.126200,0.371585,0.081376,-0.013840,-0.050527,-0.014742,-0.264200,-0.023572
1788548298.990225,-0.005697,-0.000934,-0.000147,-0.012756,0.231363,0.022805,-0.012756,0.231363,0.022805,0.000000,0.007895,0.000000,0.094526,-0.066475,0.026594,0.007813,0.037258,0.063520,0.020021,0.018529,-0.002358,-0.006737,-0.042923,-0.006200,-0.414516,0.196350,0.567232,-0.000000,-0.130900,0.218166,-0.021817,-0.305433,0.654499,-0.807215,-0.741765,-0.218166,0.312492,-0.304999,-0.028031,-0.063247,0.126707,0.244925,0.080063,0.153578,-0.112430,0.074395,-0.033710,-0.129409,0.379837,-0.241695,0.184989,0.032422,0.151301,0.257355,0.062922,0.058704,-0.066242,0.111758,-0.104012,-0.030556
1788548299.010325,-0.007947,-0.001638,0.002430,0.128391,0.174105,0.007359,0.128391,0.174105,0.007359,0.000000,0.117205,0.000000,0.089745,-0.065450,0.033107,0.009035,0.034630,0.068069,0.016031,0.009939,-0.003645,-0.007825,-0.056430,-0.006893,-0.152716,0.000000,0.327249,-0.000000,-0.021817,0.174533,0.000000,-0.261799,-0.850848,0.436332,-0.589049,0.218166,0.452493,-0.320243,0.004431,0.059463,0.127816,0.251538,0.077896,0.055545,-0.063896,0.094713,-0.022288,-0.050705,0.541537,-0.130185,0.087162,0.152511,0.181517,-0.020465,-0.062903,0.183699,-0.001780,-0.004344,0.100741,-0.128149
1788548299.030811,-0.007947,-0.001638,0.002430,-0.099842,0.268248,-0.017009,-0.099842,0.268248,-0.017009,0.000000,0.284936,0.000000,0.090989,-0.061572,0.037729,0.007388,0.035494,0.072907,0.016176,0.007141,-0.009742,0.009644,-0.039334,-0.007231,0.152716,0.043633,0.087267,0.065450,0.000000,-0.087266,-0.130900,0.109083,-0.327249,1.461713,0.850848,-0.218166,0.345161,-0.268080,0.155127,0.064537,0.128290,0.276963,0.130301,0.053934,0.002015,-0.030278,-0.157824,0.014805,0.941528,-0.211928,-0.273122,0.417034,0.437878,-0.118623,0.003972,0.377219,-0.122772,-0.029505,0.210899,-0.498274
1788548299.050469,-0.007781,-0.001644,0.002984,0.024129,0.240019,-0.019539,0.024129,0.240019,-0.019539,0.000000,0.356442,0.000000,0.100277,-0.057566,0.036128,0.014017,0.036312,0.059932,0.010081,0.016432,-0.008943,0.009148,-0.002717,-0.018540,0.589049,0.152716,-0.000000,0.392699,0.283616,-0.785398,-0.501782,0.610865,0.719948,-0.763582,1.745329,-1.243547,0.316382,-0.186612,0.235297,0.008831,0.122392,0.245521,0.035191,-0.011455,0.033306,-0.083173,-0.231703,-0.032174,0.918847,-0.264624,-0.363310,0.422047,0.569036,0.138763,0.100170,0.431898,-0.133149,0.067298,0.098170,-0.516165
1788548299.069960,-0.007355,-0.001641,0.002289,0.221469,0.266783,-0.027529,0.221469,0.266783,-0.027529,0.000000,0.577762,0.000000,0.130908,-0.058035,0.018950,0.036295,0.051243,0.028971,0.003290,0.040029,-0.014308,0.000182,0.029288,-0.049923,1.854413,0.000000,-0.959931,1.156281,1.679880,-1.461713,-0.130900,1.701696,-1.483530,-0.479966,1.308997,-4.014258,0.311628,-0.262359,0.210684,0.065903,0.126200,0.371585,0.081376,-0.013840,-0.050527,-0.014742,-0.264200,-0.023572,1.058144,-0.378267,-0.448718,0.470668,0.575978,0.024210,0.270473,0.061079,-0.094440,-0.268471,-0.012471,-0.537628
1788548299.090353,-0.007539,-0.001551,0.001846,0.445174,0.420182,-0.063082,0.445174,0.420182,-0.063082,0.000000,0.619986,0.000000,0.160715,-0.059434,-0.004737,0.057119,0.081418,0.019126,0.011545,0.070104,-0.025481,0.004826,0.026124,-0.100025,1.418080,-0.065450,-1.439897,0.872665,1.723513,0.436332,0.545415,1.178097,-0.392699,0.850848,-0.218166,-1.548980,0.379837,-0.241695,0.184989,0.032422,0.151301,0.257355,0.062922,0.058704,-0.066242,0.111758,-0.104012,-0.030556,0.881341,0.196916,-0.067073,0.490701,0.442186,-0.184032,0.185515,0.090865,0.226355,-0.651262,0.081087,-0.372315
1788548299.110509,-0.008003,-0.001542,0.002205,-0.036858,0.498479,-0.045372,-0.036858,0.498479,-0.045372,0.000000,0.692188,0.000000,0.196693,-0.064703,-0.041372,0.072229,0.113374,0.019786,0.030395,0.073851,-0.024381,-0.019803,0.008316,-0.115927,1.745329,-0.349066,-1.679880,0.654499,1.265364,-0.000000,0.959931,-0.654499,0.523599,-3.076143,-0.719948,-0.370883,0.541537,-0.130185,0.087162,0.152511,0.181517,-0.020465,-0.062903,0.183699,-0.001780,-0.004344,0.100741,-0.128149,-0.017097,0.925909,0.837886,0.086538,0.285076,-0.103440,0.014768,0.290896,0.492545,-1.042764,-0.195878,-0.133140
1788548299.130286,-0.009327,-0.002112,0.004872,0.166874,0.130563,0.038118,0.166874,0.130563,0.038118,0.000000,0.722969,0.000000,0.212109,-0.050724,-0.043347,0.085906,0.122264,0.007302,0.038650,0.049776,-0.001166,-0.082558,0.014905,-0.106726,0.698132,1.243547,0.087267,0.501782,-0.436332,-0.807215,0.196350,-1.418080,3.337943,-4.734206,0.261799,1.505347,0.941528,-0.211928,-0.273122,0.417034,0.437878,-0.118623,0.003972,0.377219,-0.122772,-0.029505,0.210899,-0.498274,-0.223091,0.664697,1.032723,-0.034341,0.069513,0.301441,-0.301739,0.005949,0.172524,-0.876785,-0.279079,-0.062080
1788548299.150980,-0.010812,-0.002535,0.006271,0.364747,-0.277966,-0.045905,0.364747,-0.277966,-0.045905,0.000000,0.798045,0.000000,0.189570,-0.012793,0.002056,0.074206,0.109425,-0.009644,0.030943,0.040152,0.058786,-0.169803,-0.017517,-0.077363,-2.617994,3.403393,3.425209,-0.436332,-1.178097,-0.545416,-0.654499,0.283616,4.036075,-5.781404,-1.788963,2.814344,0.918847,-0.264624,-0.363310,0.422047,0.569036,0.138763,0.100170,0.431898,-0.133149,0.067298,0.098170,-0.516165,-0.121953,0.518721,1.031388,-0.006186,-0.255481,0.699464,-0.348008,-0.183324,0.143955,-0.702611,-0.204178,-0.234401
1788548299.170449,-0.011639,-0.002507,0.006405,-0.112092,-0.484361,0.042512,-0.112092,-0.484361,0.042512,0.000000,0.836416,0.000000,0.132102,0.040459,0.069115,0.053102,0.088293,0.011011,-0.005202,0.035868,0.079981,-0.209435,-0.048077,-0.040741,-3.250676,2.290745,3.447026,-1.090831,-1.112647,2.138028,-1.963496,-0.719948,-1.832596,-0.021817,-1.178098,1.832596,1.058144,-0.378267,-0.448718,0.470668,0.575978,0.024210,0.270473,0.061079,-0.094440,-0.268471,-0.012471,-0.537628,-0.048286,0.612760,0.853009,0.167574,-0.136224,0.106499,-0.210878,0.567522,0.355398,-0.557315,-0.045733,-0.425369
1788548299.190458,-0.010063,-0.001466,0.004854,-0.331270,-0.542019,0.134791,-0.331270,-0.542019,0.134791,0.000000,0.867497,0.000000,0.074716,0.076350,0.140305,0.028206,0.046809,0.055672,-0.047701,0.023389,0.052787,-0.194984,-0.050523,-0.039697,-2.574361,1.483530,3.643376,-1.308997,-2.770710,2.901610,-1.614430,-0.981748,-0.807215,1.614430,0.152716,-1.330814,0.881341,0.196916,-0.067073,0.490701,0.442186,-0.184032,0.185515,0.090865,0.226355,-0.651262,0.081087,-0.372315,0.778308,0.124947,-0.149009,0.601238,-0.037414,-0.216684,-0.225461,0.967392,0.034078,-0.601282,0.344413,-0.900182
1788548299.210630,-0.004678,-0.000728,0.001073,-0.660570,-0.133090,-0.040845,-0.660570,-0.133090,-0.040845,0.000000,0.892673,0.000000,0.042057,0.099304,0.189006,0.021552,0.002843,0.076706,-0.057804,0.023940,0.057799,-0.165499,-0.028409,-0.071672,-1.047198,0.763582,1.919863,0.458149,-1.832596,-1.679880,-0.065450,2.530727,1.898046,2.094395,1.025381,-2.596178,-0.017097,0.925909,0.837886,0.086538,0.285076,-0.103440,0.014768,0.290896,0.492545,-1.042764,-0.195878,-0.133140,1.620736,-0.620724,-0.864774,0.952828,0.828422,-0.014330,0.114279,0.853960,-0.878391,-0.009172,0.446173,-1.472421
1788548299.230725,-0.000885,-0.002406,-0.000047,-0.255903,0.206330,0.040249,-0.255903,0.206330,0.040249,0.000000,0.913065,0.000000,0.066532,0.076947,0.204356,0.055100,-0.012178,0.097437,-0.053518,0.076038,0.056621,-0.148575,0.033212,-0.127334,1.963496,-1.788963,-0.392699,1.985312,0.000000,0.479966,0.000000,4.756022,-2.814344,0.021817,3.534292,-5.126905,-0.223091,0.664697,1.032723,-0.034341,0.069513,0.301441,-0.301739,0.005949,0.172524,-0.876785,-0.279079,-0.062080,1.185196,-0.479636,-0.686621,0.197680,0.767576,-0.028216,0.637009,-0.154912,-0.425662,-0.270096,-0.031818,-0.822640
1788548299.250319,0.000220,-0.002903,-0.000062,0.269938,0.216183,-0.035785,0.269938,0.216183,-0.035785,0.000000,0.921758,0.000000,0.142700,0.016654,0.169613,0.107280,0.008327,0.068274,-0.029091,0.148818,0.000435,-0.114080,0.078877,-0.224696,5.126905,-3.905175,-2.443461,2.661628,3.207043,-2.028945,1.570796,3.010693,-4.908739,5.039638,1.505347,-6.697701,-0.121953,0.518721,1.031388,-0.006186,-0.255481,0.699464,-0.348008,-0.183324,0.143955,-0.702611,-0.204178,-0.234401,1.319788,-0.097891,-0.891746,0.242009,1.130216,0.020453,0.717400,-0.770018,-0.318845,-0.356027,0.489395,-0.553701
1788548299.270488,0.001429,-0.003319,0.001155,0.477532,0.596749,0.058491,0.477532,0.596749,0.058491,0.000000,0.000000,0.000000,0.200568,-0.034405,0.094924,0.104608,0.086889,0.033823,0.039039,0.187267,-0.138545,-0.059424,0.039078,-0.290765,2.705261,-2.487095,-4.930555,-0.458149,3.599742,-1.069014,3.577925,-0.349066,-4.166974,-0.676315,-3.577925,1.090831,-0.048286,0.612760,0.853009,0.167574,-0.136224,0.106499,-0.210878,0.567522,0.355398,-0.557315,-0.045733,-0.425369,0.173827,0.050694,-0.289987,-0.006043,0.804019,0.380478,-0.051617,-0.299113,0.670360,-0.572421,0.310799,-0.221463
1788548299.289977,0.000731,-0.003177,0.001967,-1.048060,0.390354,-0.142444,-1.048060,0.390354,-0.142444,0.000000,0.000000,0.000000,0.258584,-0.070920,-0.003354,0.093574,0.156058,0.020558,0.103126,0.121433,-0.114847,-0.074674,0.064562,-0.201745,2.923427,-0.894482,-4.406957,-0.872664,3.796092,-0.414516,2.727077,-4.996006,2.443461,-1.047198,3.926991,4.625123,0.778308,0.124947,-0.149009,0.601238,-0.037414,-0.216684,-0.225461,0.967392,0.034078,-0.601282,0.344413,-0.900182,0.297357,0.011437,0.308375,0.064497,0.299946,0.180359,-0.065446,0.280234,0.264095,-0.344005,-0.196317,-0.100741
1788548299.310310,0.000154,-0.003426,0.002268,0.561554,0.086354,-0.127664,0.561554,0.086354,-0.127664,0.000000,0.000000,0.000000,0.264695,-0.067266,-0.040224,0.058561,0.202497,0.043141,0.108043,0.021761,-0.065026,-0.106802,0.075825,-0.127517,-1.548980,0.938115,-1.134464,-1.788962,0.327250,1.614430,-0.741765,-4.036075,4.952372,-2.661628,0.021817,4.494223,1.620736,-0.620724,-0.864774,0.952828,0.828422,-0.014330,0.114279,0.853960,-0.878391,-0.009172,0.446173,-1.472421,-0.185254,-0.074101,0.422630,0.062396,0.052699,0.998222,0.520956,-0.075996,-0.191814,-0.460030,-0.527264,0.060295
1788548299.330261,-0.001588,-0.004680,-0.000591,-0.502778,-0.389020,-0.064680,-0.502778,-0.389020,-0.064680,0.000000,0.000000,0.000000,0.236656,-0.043393,-0.036259,0.029908,0.200959,0.054925,0.066313,-0.047954,0.080475,-0.102774,0.018772,-0.072228,-1.636246,1.287180,1.418080,-1.178097,-1.047198,-0.261799,-2.247111,-1.112648,4.974188,1.788962,-4.777839,2.770710,1.185196,-0.479636,-0.686621,0.197680,0.767576,-0.028216,0.637009,-0.154912,-0.425662,-0.270096,-0.031818,-0.822640,0.151045,-0.019422,0.404019,-0.099977,-0.081285,0.873956,0.122928,-0.203434,-0.137397,-0.097716,-0.395766,-0.170606
1788548299.350296,-0.001563,-0.005554,-0.002449,-0.173079,-0.694618,0.276870,-0.173079,-0.694618,0.276870,0.000000,0.000000,0.000000,0.174552,-0.029501,0.004009,0.013641,0.172513,0.086090,0.059405,-0.040782,0.066768,-0.105160,-0.077652,-0.027419,-3.883358,0.458149,2.465277,-0.283616,-2.727077,4.625123,0.043633,0.850848,-4.581490,-0.872665,-3.730641,2.814344,1.319788,-0.097891,-0.891746,0.242009,1.130216,0.020453,0.717400,-0.770018,-0.318845,-0.356027,0.489395,-0.553701,-0.139385,0.363837,0.775629,0.169742,-0.448953,0.381877,-0.086435,0.181394,0.456012,-0.706478,-0.662897,0.120111
1788548299.370367,0.001387,-0.006244,-0.004766,-0.804115,-0.544415,0.123739,-0.804115,-0.544415,0.123739,0.000000,0.000000,0.000000,0.127330,-0.025994,0.056459,0.002078,0.108591,0.141171,0.058377,-0.020422,-0.004370,-0.082765,-0.088230,-0.020757,-2.028946,0.087267,2.465277,-0.327249,-3.774275,2.138029,0.174533,0.829032,-1.461714,3.665191,0.043633,-1.527163,0.173827,0.050694,-0.289987,-0.006043,0.804019,0.380478,-0.051617,-0.299113,0.670360,-0.572421,0.310799,-0.221463,0.534603,0.119685,0.218714,0.020263,-0.394667,-0.156071,-0.185117,0.586443,-0.223665,-0.532858,0.236509,-0.261000
1788548299.390474,0.002778,-0.005871,-0.003682,-0.190389,-0.448009,-0.067876,-0.190389,-0.448009,-0.067876,0.000000,0.000000,0.000000,0.075254,-0.009809,0.110711,0.012877,0.023070,0.154098,0.036937,-0.006923,-0.002636,-0.073439,-0.128692,-0.008166,-2.007129,1.221731,2.247112,0.109083,-4.843289,-1.505347,-1.483530,1.047198,2.923427,-3.141593,-1.941679,2.596178,0.297357,0.011437,0.308375,0.064497,0.299946,0.180359,-0.065446,0.280234,0.264095,-0.344005,-0.196317,-0.100741,0.355527,-0.417525,0.243035,0.079545,0.074435,0.357304,-0.166817,0.126535,-0.147537,0.173307,0.105996,-0.194665
1788548299.410245,0.005502,-0.004424,-0.000314,-0.167486,-0.566919,-0.097570,-0.167486,-0.566919,-0.097570,0.000000,0.000000,0.000000,0.081957,-0.002743,0.123106,0.014091,-0.040368,0.170528,-0.001081,0.024218,0.061167,-0.119371,-0.076269,-0.014390,0.829031,-0.087266,0.218166,0.458149,-1.788963,-1.396264,-2.050762,3.119776,0.174533,-0.479966,6.697701,-3.294309,-0.185254,-0.074101,0.422630,0.062396,0.052699,0.998222,0.520956,-0.075996,-0.191814,-0.460030,-0.527264,0.060295,-0.337079,0.334720,0.344427,-0.449547,0.431101,0.131422,0.247655,0.414202,-0.412488,0.174232,-0.264380,-0.463790
1788548299.430721,0.009208,-0.001828,0.001328,0.502832,-0.416451,-0.021936,0.502832,-0.416451,-0.021936,0.000000,0.000000,0.000000,0.084662,-0.025348,0.125563,0.016215,-0.050016,0.135575,-0.023100,0.062492,-0.004526,-0.081484,-0.003699,-0.039631,0.545415,-1.941679,-0.741765,0.065450,1.199914,-1.505347,-0.152716,0.218167,-2.290745,5.366888,1.767147,-0.043633,0.151045,-0.019422,0.404019,-0.099977,-0.081285,0.873956,0.122928,-0.203434,-0.137397,-0.097716,-0.395766,-0.170606,0.438397,-0.079614,-0.115315,-0.009063,0.528150,0.394802,0.461645,0.133682,-0.298098,0.092336,-0.156583,-0.571769
1788548299.449991,0.009208,-0.001828,0.001328,0.070068,-0.107657,-0.024200,0.070068,-0.107657,-0.024200,0.000000,0.000000,0.000000,0.063901,-0.020892,0.107264,-0.014860,-0.006607,0.093646,0.004171,0.081096,-0.045846,0.000948,-0.033754,-0.063916,-1.548980,0.741765,-0.938115,-1.352630,3.643376,-2.203479,1.941679,0.479966,-3.665191,2.116212,-2.378011,-3.294309,-0.139385,0.363837,0.775629,0.169742,-0.448953,0.381877,-0.086435,0.181394,0.456012,-0.706478,-0.662897,0.120111,0.582762,-0.127804,-0.312550,0.042872,0.652608,0.156752,0.384511,0.594622,-0.481793,0.042866,0.191656,-0.883135
1788548299.470526,0.009543,0.003198,-0.002552,0.459955,-0.027496,-0.001030,0.459955,-0.027496,-0.001030,0.000000,0.000000,0.000000,0.078851,-0.029957,0.071313,-0.019949,0.061137,0.087361,0.049765,0.072648,-0.072067,0.018107,-0.037616,-0.107980,1.134464,-0.152716,-1.396264,-0.676315,3.294309,0.589049,2.312562,-0.741765,0.479966,0.021817,0.109083,-1.941679,0.534603,0.119685,0.218714,0.020263,-0.394667,-0.156071,-0.185117,0.586443,-0.223665,-0.532858,0.236509,-0.261000,0.442165,-0.264149,0.032161,0.074868,0.292398,0.348812,0.156484,0.198731,0.197963,-0.159408,-0.161580,-0.069923
1788548299.489975,0.008669,0.007320,-0.004658,0.467944,-0.082890,-0.160154,0.467944,-0.082890,-0.160154,0.000000,0.000000,0.000000,0.096039,-0.023167,0.044045,-0.023720,0.112747,0.079654,0.077750,0.083564,-0.085784,0.014155,0.008431,-0.156459,0.829032,0.196350,-1.505347,-0.021817,2.465278,-0.829031,0.829032,1.658063,-1.963496,-0.239983,2.748894,-4.254241,0.355527,-0.417525,0.243035,0.079545,0.074435,0.357304,-0.166817,0.126535,-0.147537,0.173307,0.105996,-0.194665,0.339702,-0.364556,-0.014613,-0.000856,0.364091,0.293480,0.246979,-0.050109,0.023876,-0.004867,-0.225326,-0.108118
1788548299.510393,0.005967,0.015278,-0.007502,0.640917,0.186090,-0.021537,0.640917,0.186090,-0.021537,0.000000,0.000000,0.000000,0.110485,-0.034920,0.030189,-0.018531,0.124394,0.082812,0.075825,0.083079,-0.082959,-0.009421,-0.009312,-0.170842,0.807215,-0.894481,-0.872665,0.436332,-1.025381,0.261799,-0.458149,-0.676315,3.359759,-2.290745,-1.919862,3.207043,-0.337079,0.334720,0.344427,-0.449547,0.431101,0.131422,0.247655,0.414202,-0.412488,0.174232,-0.264380,-0.463790,0.272153,-0.346429,0.005822,0.029112,0.149473,0.516132,-0.118550,-0.182169,-0.027511,-0.358659,-0.180193,-0.304387
1788548299.530909,0.003521,0.016795,-0.007024,-0.143251,0.040148,-0.024067,-0.143251,0.040148,-0.024067,0.000000,0.000000,0.000000,0.119525,-0.060184,0.010439,-0.010928,0.114448,0.077903,0.064183,0.061110,-0.004643,-0.012071,-0.039803,-0.072875,0.087267,-1.418080,-0.283616,0.545415,-0.021816,-0.218166,-0.414516,-1.243547,0.850849,0.981748,-1.178097,2.967060,0.438397,-0.079614,-0.115315,-0.009063,0.528150,0.394802,0.461645,0.133682,-0.298098,0.092336,-0.156583,-0.571769,0.301846,-0.142969,0.289561,-0.046977,0.018940,0.350693,-0.127729,-0.196906,0.007319,-0.114606,-0.205218,-0.142524
1788548299.550923,-0.001940,0.017557,-0.003272,0.400167,-0.037350,0.121608,0.400167,-0.037350,0.121608,0.000000,0.000000,0.000000,0.107319,-0.078327,0.012315,-0.007022,0.101225,0.095692,0.035628,0.026290,-0.001894,-0.036489,-0.040048,-0.062637,-0.807215,-0.523599,0.130900,-0.000000,-1.265364,1.025381,-1.701696,-1.636246,-0.174533,-3.447025,0.109083,-1.374447,0.582762,-0.127804,-0.312550,0.042872,0.652608,0.156752,0.384511,0.594622,-0.481793,0.042866,0.191656,-0.883135,0.228222,-0.270477,0.151609,0.100842,0.037512,0.571504,0.088176,0.092802,-0.106916,-0.200795,-0.455831,0.149089
1788548299.570863,-0.005271,0.017468,-0.001062,-0.055500,-0.164782,-0.072936,-0.055500,-0.164782,-0.072936,0.000000,0.000000,0.000000,0.097463,-0.074256,0.030710,-0.008045,0.070229,0.104307,0.002003,-0.011041,-0.002807,-0.047002,-0.047335,-0.055773,-0.218166,0.501782,1.069014,-0.021817,-1.788963,-0.218166,-1.396264,-1.723513,0.589049,1.788963,-0.196350,1.636246,0.442165,-0.264149,0.032161,0.074868,0.292398,0.348812,0.156484,0.198731,0.197963,-0.159408,-0.161580,-0.069923,0.494992,-0.094412,0.156721,0.058584,0.223402,0.042696,-0.274615,0.285173,-0.154786,0.134332,0.192481,-0.193630
1788548299.590654,-0.008297,0.017061,0.000303,0.570875,-0.125367,0.029862,0.570875,-0.125367,0.029862,0.000000,0.000000,0.000000,0.090100,-0.074264,0.038504,0.000725,0.040760,0.116540,0.002477,-0.016833,-0.010648,-0.044663,-0.084096,-0.022333,-0.349066,-0.152716,0.196350,0.305433,-0.981748,0.916298,0.458149,0.829032,-1.396264,-0.894481,-1.767146,3.359759,0.339702,-0.364556,-0.014613,-0.000856,0.364091,0.293480,0.246979,-0.050109,0.023876,-0.004867,-0.225326,-0.108118,0.349466,-0.343902,0.082585,0.055491,0.066685,0.274277,0.057246,0.032819,-0.114082,0.113955,-0.055294,-0.073683
1788548299.610663,-0.009433,0.016842,0.000891,-0.185729,0.065315,-0.079461,-0.185729,0.065315,-0.079461,0.000000,0.000000,0.000000,0.096181,-0.065289,0.044773,0.003409,0.039217,0.108645,-0.012617,0.012148,-0.024662,-0.016260,-0.029560,-0.007894,0.261799,0.305433,0.109083,0.305433,0.698132,-2.072579,-1.330814,2.072579,-0.938115,3.556109,5.432337,-2.421644,0.272153,-0.346429,0.005822,0.029112,0.149473,0.516132,-0.118550,-0.182169,-0.027511,-0.358659,-0.180193,-0.304387,0.332872,0.250152,0.165618,-0.078680,0.221546,0.180036,0.282028,0.360186,-0.297121,-0.068932,-0.010582,-0.580919
1788548299.630521,-0.009802,0.016449,0.001502,0.873411,0.059856,0.084058,0.873411,0.059856,0.084058,0.000000,0.000000,0.000000,0.094278,-0.074114,0.042024,0.008522,0.036964,0.088860,-0.016536,0.032511,-0.030144,0.013634,-0.013498,-0.020272,-0.087267,-0.458149,-0.043633,0.043633,-0.479966,-1.003564,0.349066,-0.130900,0.261799,0.567232,-0.654499,0.938115,0.301846,-0.142969,0.289561,-0.046977,0.018940,0.350693,-0.127729,-0.196906,0.007319,-0.114606,-0.205218,-0.142524,0.424513,-0.282142,-0.115268,0.027815,0.090357,0.225459,-0.005057,0.107274,-0.223306,0.198698,0.039503,-0.208948
1788548299.650495,-0.010578,0.014507,0.000831,-0.389993,0.106461,-0.061351,-0.389993,0.106461,-0.061351,0.000000,0.000000,0.000000,0.097174,-0.052521,0.041735,0.002326,0.043468,0.073060,0.014455,0.046645,-0.044333,0.000776,-0.008894,-0.048743,0.152716,1.592613,-0.109083,-0.414516,0.850848,-0.218166,1.963495,1.156281,-2.225295,-1.679880,0.130900,-4.625123,0.228222,-0.270477,0.151609,0.100842,0.037512,0.571504,0.088176,0.092802,-0.106916,-0.200795,-0.455831,0.149089,0.381609,-0.175272,-0.005700,-0.054459,0.244835,-0.048105,0.131194,0.463339,-0.194723,-0.151208,0.189072,-0.172127
1788548299.670280,-0.010072,0.013566,0.000130,0.462751,0.091015,-0.017143,0.462751,0.091015,-0.017143,0.000000,0.000000,0.000000,0.100525,-0.056895,0.027543,-0.002798,0.042366,0.073000,0.027820,0.050706,-0.055846,0.014248,0.004501,-0.090576,0.043633,-0.479965,-0.545415,-0.239983,-0.741765,-0.021817,0.174533,-0.610865,0.501782,2.530727,0.567232,1.919862,0.494992,-0.094412,0.156721,0.058584,0.223402,0.042696,-0.274615,0.285173,-0.154786,0.134332,0.192481,-0.193630,0.433452,-0.224859,0.036971,0.090960,0.152070,0.153246,0.095691,-0.005472,0.023280,-0.115511,-0.107585,0.000889
1788548299.690325,-0.010122,0.013212,-0.000164,-0.565096,0.159059,-0.061884,-0.565096,0.159059,-0.061884,0.000000,0.000000,0.000000,0.100187,-0.050418,0.020096,-0.009384,0.044204,0.056531,0.023048,0.059981,-0.054183,0.009456,0.027392,-0.060829,-0.021817,0.283616,-0.589049,-0.109083,0.589049,-0.567232,-0.327249,1.570796,0.283616,-2.770710,0.829031,0.872664,0.349466,-0.343902,0.082585,0.055491,0.066685,0.274277,0.057246,0.032819,-0.114082,0.113955,-0.055294,-0.073683,0.331671,-0.393755,0.151706,0.100201,-0.118291,0.477222,0.209306,-0.018445,-0.015024,0.077173,-0.092734,0.064516
1788548299.710404,-0.010152,0.010490,-0.000463,0.219605,0.202069,0.134258,0.219605,0.202069,0.134258,0.000000,0.000000,0.000000,0.101540,-0.060282,0.016930,-0.002956,0.047261,0.045227,0.028715,0.057095,-0.031128,-0.018327,-0.000634,-0.030856,0.021817,-0.436332,-0.000000,0.327249,-0.479966,-0.305433,0.261799,-1.112648,2.443461,-0.589049,-1.374447,2.378011,0.332872,0.250152,0.165618,-0.078680,0.221546,0.180036,0.282028,0.360186,-0.297121,-0.068932,-0.010582,-0.580919,0.297836,-0.225391,0.229318,0.031885,0.026866,0.461332,-0.093436,-0.213079,-0.041537,-0.215613,-0.248322,-0.188373
1788548299.730543,-0.010270,0.004652,0.001826,-0.226342,0.200870,-0.033521,-0.226342,0.200870,-0.033521,0.000000,0.000000,0.000000,0.101755,-0.072930,0.021926,0.006526,0.036795,0.058020,0.030408,0.041540,-0.009462,-0.003988,-0.015412,-0.003219,-0.174533,-0.545415,0.109083,0.349066,-1.047198,2.247112,0.065450,-1.199914,0.458149,1.701696,-0.567232,1.243547,0.424513,-0.282142,-0.115268,0.027815,0.090357,0.225459,-0.005057,0.107274,-0.223306,0.198698,0.039503,-0.208948,0.247769,-0.213043,0.141630,0.004035,0.187964,0.142439,-0.055216,0.102189,0.042347,-0.121833,-0.216455,0.042468
1788548299.750412,-0.010628,0.001283,0.002837,-0.650450,0.231763,0.026933,-0.650450,0.231763,0.026933,0.000000,0.000000,0.000000,0.096686,-0.071351,0.028228,0.004745,0.020743,0.085708,0.023746,0.010716,-0.009069,-0.017269,-0.039776,-0.014360,-0.327249,0.109083,0.523599,-0.021817,-0.414516,1.178097,-0.632682,-1.330814,-0.523599,-2.552544,-0.981748,-2.290745,0.381609,-0.175272,-0.005700,-0.054459,0.244835,-0.048105,0.131194,0.463339,-0.194723,-0.151208,0.189072,-0.172127,0.382829,-0.183811,0.160407,0.056095,0.114373,0.201241,0.017576,0.247690,-0.006121,-0.032070,-0.084825,0.083844
1788548299.770048,-0.010628,0.001283,0.002837,-0.320751,0.271311,0.041980,-0.320751,0.271311,0.041980,0.000000,0.000000,0.000000,0.086132,-0.071708,0.030955,0.007818,0.021057,0.083758,0.004163,-0.001316,-0.004267,-0.028818,-0.048500,-0.013798,-0.458149,0.261799,0.327249,0.152716,0.545415,-0.436332,-0.741765,0.261799,0.938115,0.698132,-0.109083,1.832596,0.433452,-0.224859,0.036971,0.090960,0.152070,0.153246,0.095691,-0.005472,0.023280,-0.115511,-0.107585,0.000889,0.504002,-0.225853,0.176152,0.014608,0.007301,0.278622,0.050771,0.035486,-0.099469,0.174739,0.057875,-0.218275
1788548299.790410,-0.009325,-0.003297,0.003369,-0.217287,0.177301,0.021207,-0.217287,0.177301,0.021207,0.000000,0.000000,0.000000,0.085510,-0.072379,0.041212,0.010515,0.032222,0.077933,-0.000909,0.009322,0.001013,-0.018545,-0.033056,0.004007,0.087267,-0.021817,0.218166,-0.043633,0.327249,-0.632682,-0.043633,1.112648,-0.349066,0.850848,0.567232,0.850848,0.331671,-0.393755,0.151706,0.100201,-0.118291,0.477222,0.209306,-0.018445,-0.015024,0.077173,-0.092734,0.064516,0.491476,-0.183295,0.024528,0.098096,0.089926,0.184238,0.160234,0.093975,-0.185156,0.098703,0.148564,-0.208647
1788548299.810568,-0.008027,-0.007498,0.002128,-0.279738,0.192481,-0.077064,-0.279738,0.192481,-0.077064,0.000000,0.000000,0.000000,0.097283,-0.068564,0.043227,0.005953,0.030684,0.070573,0.007359,0.028524,-0.007921,0.008856,-0.004517,-0.011338,0.741765,0.283616,0.109083,-0.065450,-0.261799,-0.130900,0.436332,0.676315,-1.134464,2.225295,1.178097,-2.770710,0.297836,-0.225391,0.229318,0.031885,0.026866,0.461332,-0.093436,-0.213079,-0.041537,-0.215613,-0.248322,-0.188373,0.583451,-0.039819,-0.074113,0.165882,0.156802,-0.158183,0.038105,0.325253,-0.313271,-0.232843,0.176051,-0.337920
1788548299.830815,-0.007424,-0.009440,0.001372,-0.275743,0.232296,-0.023800,-0.275743,0.232296,-0.023800,0.000000,0.000000,0.000000,0.109402,-0.061307,0.035937,0.006774,0.026102,0.070226,0.020460,0.031919,-0.026222,0.023498,0.020446,-0.036334,0.414516,0.305433,-0.196350,0.021817,0.370882,-0.000000,0.676315,-0.327249,-1.352630,-0.000000,0.916298,-0.829032,0.247769,-0.213043,0.141630,0.004035,0.187964,0.142439,-0.055216,0.102189,0.042347,-0.121833,-0.216455,0.042468,0.516112,-0.183743,-0.101857,0.126280,0.262158,-0.184097,-0.092785,0.327862,-0.183579,-0.078829,0.122944,-0.114487
1788548299.850536,-0.007424,-0.009440,0.001372,-0.317821,0.194612,0.014150,-0.317821,0.194612,0.014150,0.000000,0.000000,0.000000,0.117761,-0.054610,0.027912,0.012531,0.031540,0.051952,0.024872,0.038688,-0.050011,-0.003288,0.034777,-0.059836,0.436332,0.305433,-0.610865,0.305433,0.479966,-1.287180,0.065450,1.134464,-1.919863,-3.228859,0.545415,-1.810779,0.382829,-0.183811,0.160407,0.056095,0.114373,0.201241,0.017576,0.247690,-0.006121,-0.032070,-0.084825,0.083844,0.307253,-0.325536,0.093553,-0.024674,-0.025293,0.361604,0.140359,0.172533,0.020544,-0.061178,-0.071423,0.118303
1788548299.870622,-0.006177,-0.012459,0.000062,0.020533,0.021639,-0.029659,0.020533,0.021639,-0.029659,0.000000,0.000000,0.000000,0.123389,-0.056211,0.017791,0.018959,0.036899,0.014545,0.009699,0.054232,-0.056986,-0.022718,0.032716,-0.053976,0.305433,-0.130900,-0.654499,0.283616,0.349066,-2.028945,-1.047198,0.741765,1.047198,0.676315,-0.130900,2.116212,0.504002,-0.225853,0.176152,0.014608,0.007301,0.278622,0.050771,0.035486,-0.099469,0.174739,0.057875,-0.218275,0.368564,-0.326822,0.123805,0.054217,-0.046843,0.518703,-0.014709,-0.065862,-0.061948,0.040125,-0.034245,-0.058061
1788548299.890624,-0.006402,-0.012426,0.000784,-0.089722,0.109124,0.009090,-0.089722,0.109124,0.009090,0.000000,0.000000,0.000000,0.117125,-0.059786,0.012337,0.012858,0.038576,0.013369,0.009838,0.061099,-0.031376,-0.019334,0.001469,-0.014801,-0.479966,-0.370883,-0.370883,-0.414516,-0.872665,2.639811,0.000000,-0.370882,2.661627,0.196350,-1.308997,3.163409,0.491476,-0.183295,0.024528,0.098096,0.089926,0.184238,0.160234,0.093975,-0.185156,0.098703,0.148564,-0.208647,0.183767,-0.234464,0.214872,-0.020115,0.071030,0.508812,0.103970,-0.140042,-0.032025,-0.209489,-0.376685,-0.060020
1788548299.910537,-0.006402,-0.012426,0.000784,-0.548584,0.094876,0.000168,-0.548584,0.094876,0.000168,0.000000,0.000000,0.000000,0.112255,-0.062049,0.013254,0.007685,0.028445,0.049803,0.013018,0.046833,-0.013885,-0.007446,-0.001834,-0.002663,-0.349066,-0.152716,0.239983,-0.152716,-0.589049,1.505346,0.130900,-0.938115,-0.414516,1.003564,0.021817,-0.938114,0.583451,-0.039819,-0.074113,0.165882,0.156802,-0.158183,0.038105,0.325253,-0.313271,-0.232843,0.176051,-0.337920,0.354329,-0.127609,0.204914,0.033618,0.033366,0.101168,-0.099581,0.203463,0.088321,-0.208626,-0.143967,-0.029180
1788548299.930312,-0.005373,-0.011907,0.002688,-0.184530,0.158659,0.051434,-0.184530,0.158659,0.051434,0.000000,0.000000,0.000000,0.096800,-0.060705,0.024598,0.005053,0.017574,0.085438,0.017389,0.015957,-0.013536,-0.020959,-0.051527,-0.010125,-0.741765,0.196350,0.763582,0.174533,-0.021817,1.483530,0.327249,-1.636246,0.218166,-2.268928,-2.617994,-0.349066,0.516112,-0.183743,-0.101857,0.126280,0.262158,-0.184097,-0.092785,0.327862,-0.183579,-0.078829,0.122944,-0.114487,0.273428,-0.116810,0.287709,0.119982,0.108156,0.301051,0.053742,0.121583,0.029548,-0.083170,-0.335710,0.039796
1788548299.950693,-0.005395,-0.012262,0.004878,-0.290790,0.144678,0.003364,-0.290790,0.144678,0.003364,0.000000,0.000000,0.000000,0.089789,-0.057421,0.037852,0.009065,0.019614,0.089690,0.006200,0.007111,-0.000877,-0.037539,-0.043768,-0.010572,-0.218166,0.261799,0.589049,0.021817,-0.218166,-0.349066,-0.959931,0.807215,1.570796,-0.130900,0.589048,0.239983,0.307253,-0.325536,0.093553,-0.024674,-0.025293,0.361604,0.140359,0.172533,0.020544,-0.061178,-0.071423,0.118303,0.428369,-0.245398,0.143450,-0.040968,0.094974,0.285192,0.058211,0.143304,-0.191119,0.224674,0.043011,-0.192269
1788548299.970385,-0.005650,-0.012156,0.005437,0.334387,-0.110586,0.033591,0.334387,-0.110586,0.033591,0.000000,0.000000,0.000000,0.082941,-0.056693,0.053426,0.016611,0.016699,0.086021,0.003484,0.015584,0.007913,-0.030523,-0.067412,-0.001796,-0.152716,0.283616,0.850848,0.239983,0.130900,-0.436332,0.218166,0.654498,-0.414516,0.829032,-0.894482,1.090831,0.368564,-0.326822,0.123805,0.054217,-0.046843,0.518703,-0.014709,-0.065862,-0.061948,0.040125,-0.034245,-0.058061,0.502357,-0.253096,0.118743,0.102684,0.037659,0.306320,0.106654,0.019197,-0.067634,0.171518,0.047060,-0.133582
1788548299.990502,-0.004869,-0.009752,0.002186,0.194704,0.017645,-0.039779,0.194704,0.017645,-0.039779,0.000000,0.000000,0.000000,0.091150,-0.055411,0.054266,0.010450,0.027226,0.078825,0.007951,0.031513,-0.010073,0.002538,-0.028281,-0.014381,0.283616,-0.196350,-0.087266,-0.305433,0.676315,-0.218166,0.021817,0.763582,-2.356195,3.447026,2.661627,-2.312562,0.183767,-0.234464,0.214872,-0.020115,0.071030,0.508812,0.103970,-0.140042,-0.032025,-0.209489,-0.376685,-0.060020,0.489877,0.028861,-0.065103,0.003164,0.316188,0.058300,0.248263,0.306495,-0.335261,-0.044589,-0.068152,-0.630340
1788548300.010234,-0.003780,-0.005543,-0.002982,0.236782,-0.022036,-0.009419,0.236782,-0.022036,-0.009419,0.000000,0.000000,0.000000,0.102260,-0.056380,0.049450,0.007445,0.026154,0.082125,0.018095,0.031461,-0.022729,0.032225,-0.003465,-0.028614,0.676315,-0.239983,-0.283616,-0.218166,-0.436332,0.087267,0.501782,-0.458149,0.894481,0.545416,0.829031,0.109083,0.354329,-0.127609,0.204914,0.033618,0.033366,0.101168,-0.099581,0.203463,0.088321,-0.208626,-0.143967,-0.029180,0.516376,-0.232076,-0.105353,0.101097,0.311545,0.005659,-0.061781,0.251838,-0.156750,0.149024,0.048573,-0.214520
1788548300.030547,-0.003616,-0.003598,-0.004035,0.138112,-0.032822,-0.018474,0.138112,-0.032822,-0.018474,0.000000,0.000000,0.000000,0.109953,-0.046843,0.035717,0.007344,0.035658,0.072345,0.036252,0.035437,-0.038674,0.016612,-0.011512,-0.061151,0.196350,0.567232,-0.414516,0.261799,1.330814,-0.479966,0.959931,0.959931,-2.923427,-1.941679,-0.349066,-4.734206,0.273428,-0.116810,0.287709,0.119982,0.108156,0.301051,0.053742,0.121583,0.029548,-0.083170,-0.335710,0.039796,0.368647,-0.365420,-0.060414,-0.110998,0.266010,0.130895,0.081049,0.316056,-0.084623,-0.024356,-0.076250,-0.192535
1788548300.050348,-0.003814,-0.001110,-0.003866,0.591515,-0.169842,0.003097,0.591515,-0.169842,0.003097,0.000000,0.000000,0.000000,0.111796,-0.051872,0.023813,0.012283,0.050987,0.051219,0.025933,0.049348,-0.051666,0.019484,0.003871,-0.100281,0.065450,-0.261799,-0.916298,0.152716,0.523599,-1.352630,-0.894481,0.283616,1.374447,1.548980,0.545415,2.181661,0.428369,-0.245398,0.143450,-0.040968,0.094974,0.285192,0.058211,0.143304,-0.191119,0.224674,0.043011,-0.192269,0.356846,-0.340804,0.036531,-0.002785,0.036091,0.494288,0.013723,-0.030122,-0.125177,0.064556,-0.087833,-0.053620
1788548300.070740,-0.004245,0.003558,-0.002511,0.159417,-0.137085,-0.062816,0.159417,-0.137085,-0.062816,0.000000,0.000000,0.000000,0.106820,-0.055924,0.005201,0.003011,0.062050,0.036580,0.016028,0.058470,-0.036558,0.010874,-0.010833,-0.065383,-0.087267,-0.479966,-0.938115,-0.436332,0.174533,-0.043633,-0.218166,0.567232,1.178097,-1.527163,-0.523599,0.959931,0.502357,-0.253096,0.118743,0.102684,0.037659,0.306320,0.106654,0.019197,-0.067634,0.171518,0.047060,-0.133582,0.345853,-0.350865,0.104210,0.073365,-0.011870,0.553931,0.082960,-0.067920,-0.088467,0.023359,-0.173463,-0.049158
1788548300.090455,-0.004320,0.004741,-0.001805,0.140242,-0.116445,-0.007955,0.140242,-0.116445,-0.007955,0.000000,0.000000,0.000000,0.103506,-0.061283,-0.000349,-0.001295,0.058680,0.057267,0.015158,0.052206,-0.028818,0.009257,-0.016413,-0.038947,-0.109083,-0.239983,-0.000000,-0.305433,-0.785398,2.181662,0.000000,-1.265364,0.000000,0.589049,-0.130900,2.007129,0.489877,0.028861,-0.065103,0.003164,0.316188,0.058300,0.248263,0.306495,-0.335261,-0.044589,-0.068152,-0.630340,0.246595,-0.189218,0.188245,0.014005,0.133777,0.235071,-0.042918,0.016196,0.008295,-0.149722,-0.289722,0.001568
1788548300.110379,-0.004809,0.008994,0.000458,0.217341,-0.171972,-0.002229,0.217341,-0.171972,-0.002229,0.000000,0.000000,0.000000,0.101949,-0.068801,0.005596,0.002165,0.037384,0.088143,0.016825,0.029860,-0.028289,0.007506,-0.032811,-0.022083,-0.087266,-0.218166,0.458149,0.174533,-1.134464,1.548980,0.021817,-1.243547,0.436332,-0.545415,-0.676315,0.523599,0.516376,-0.232076,-0.105353,0.101097,0.311545,0.005659,-0.061781,0.251838,-0.156750,0.149024,0.048573,-0.214520,0.277698,-0.203484,0.178560,0.062516,0.184194,0.248910,-0.011977,0.131035,-0.033443,-0.058187,-0.248272,0.059616
1788548300.130692,-0.004809,0.008994,0.000458,0.141707,-0.132957,0.028930,0.141707,-0.132957,0.028930,0.000000,0.000000,0.000000,0.091215,-0.066928,0.018460,0.006504,0.025805,0.092048,0.014695,0.011567,-0.016418,-0.012156,-0.054535,-0.012096,-0.589049,0.196350,0.610865,0.174533,0.000000,-1.003564,-0.130900,-0.545416,0.981748,-1.723513,-0.872665,0.676315,0.368647,-0.365420,-0.060414,-0.110998,0.266010,0.130895,0.081049,0.316056,-0.084623,-0.024356,-0.076250,-0.192535,0.386278,-0.310175,0.222365,0.089316,0.072319,0.483423,0.028745,0.020494,-0.078055,0.135046,-0.164259,-0.057463
