timestamp_request,FRshoulder_request,FRarm_request,FRfoot_request,timestamp_measured,FRshoulder_measured,FRarm_measured,FRfoot_measured,FRshoulder_current,FRarm_current,FRfoot_current
0.010005649000049743,-36.168029733955166,-14.26071299748838,88.89042660050606,0.015684355000303185,-36.34999873638153,-14.332487010955813,88.88484139442443,0.03932107985019684,0.08676677197217941,0.2743217647075653
0.020005315000162227,-35.98632886729374,-14.189074060546918,88.89600056523135,0.03548444700027176,-36.34999873638153,-14.332487010955813,88.88484139442443,-0.0747455358505249,0.5562312006950378,0.19347062706947327
0.03000654800052871,-35.80457331206728,-14.117414477657915,88.90157611850024,0.045538930000475375,-36.34999873638153,-14.332487010955813,88.88484139442443,0.6650939583778381,-0.07269194722175598,0.19262352585792542
0.0400077180001972,-35.62281370380098,-14.04574779302175,88.90715222433022,0.045538930000475375,-36.31906154155731,-14.314050102233889,88.88484139442443,0.1960919350385666,0.1681184023618698,0.19907782971858978
0.05000863100030983,-35.441034302979574,-13.9740737629822,88.91272888383642,0.05552237099982449,-36.31640555858612,-14.304830455780031,88.88484139442443,0.9414590001106262,0.6627832651138306,0.18291106820106506
0.06000960900018981,-35.25927992912385,-13.902411435421632,88.91830472202811,0.06551723600023251,-36.25187518596649,-14.273738288879397,88.88484139442443,0.828429102897644,-0.02265450358390808,0.18236425518989563
0.07001093800045055,-35.07750578086304,-13.830736488106098,88.92388141721952,0.07551706200047192,-36.20000007152557,-14.272019290924074,88.88484139442443,0.7814087867736816,0.7489079833030701,0.17490586638450623
0.08001140400028817,-34.89574557283636,-13.759073013945658,88.92945729109591,0.09546253500047897,-36.12515571117401,-14.233424091339113,88.88484139442443,0.9520068168640137,0.28210023045539856,0.37816670536994934
0.09001250900018931,-34.71397665896961,-13.687406780781318,88.93503327258576,0.10545228000046336,-36.009999537467955,-14.203893566131596,88.88484139442443,0.48542508482933044,0.438861608505249,0.3332318961620331
0.10001316699981544,-34.532221103743154,-13.615740096145151,88.94060936057339,0.10545228000046336,-35.88156344890594,-14.182176017761234,88.88484139442443,0.967866837978363,1.525916337966919,0.26101264357566833
0.11001385600047797,-34.35046033228919,-13.544072952867733,88.94618552048824,0.11543943300057435,-35.75359466075897,-14.134363555908207,88.88484139442443,1.0209320783615112,0.7442743182182312,0.33977386355400085
0.1200145140001041,-34.16870535865656,-13.472410618137738,88.95176125162483,0.13537812100003066,-35.611721301078795,-14.06561317443848,88.88484139442443,1.6395505666732788,0.7281621098518372,0.3748433589935303
0.1300150429997302,-33.986935863195974,-13.400742557584335,88.95733748235226,0.16534617300021637,-35.41765811443329,-13.980612182617191,88.88484139442443,0.6065241694450378,0.7383909821510315,0.4476303160190582
0.1400164369997583,-33.80517100236907,-13.329073801902886,88.96291373148038,0.16534617300021637,-35.2907812833786,-13.88483228683472,88.88484139442443,0.25649797916412354,0.21130581200122833,0.5412476658821106
0.15001648599991313,-33.62341430210497,-13.257408034542706,88.9684898194675,0.19533348900040437,-35.16953113079071,-13.804988288879398,88.9000000476837,1.0174808502197266,0.8017752170562744,0.3511802554130554
0.16001688800042757,-33.44166456288293,-13.1857468464191,88.9740654441063,0.19533348900040437,-34.97671725749969,-13.740143203735355,88.9000000476837,0.45172008872032166,0.810095489025116,0.4160163104534149
0.17001767300007486,-33.25989390421815,-13.114077409941942,88.97964187110212,0.19533348900040437,-34.800468707084654,-13.714675331115727,88.9040627002716,0.8718613386154175,0.8313318490982056,0.4787656366825104
0.180018523000399,-33.0781342777853,-13.042410488818982,88.98521792396186,0.23532712500036723,-34.643279337882994,-13.685769462585453,88.90999932289122,1.038922905921936,2.123988151550293,0.44180962443351746
0.19001860400021542,-32.89639095432804,-12.970752747651378,88.99079329824741,0.23532712500036723,-34.42265632152557,-13.645300292968754,88.90999932289122,0.6351080536842346,0.7512422800064087,0.6000819802284241
0.20001951799986273,-32.7146196959029,-12.899081240135454,88.9963698150133,0.23532712500036723,-34.26515700817108,-13.604831123352055,88.90999932289122,1.1471606492996216,1.3240549564361572,0.40118977427482605
0.21001985500060982,-32.532871719645414,-12.827419829850871,89.00194552830753,0.2653124560001743,-34.06359317302704,-13.519517803192143,88.91999859809874,0.6384550333023071,1.3356542587280273,0.41381916403770447
0.22002032000000327,-32.351107458595415,-12.755749705415093,89.00752190177528,0.2653124560001743,-33.848906779289244,-13.40608062744141,88.91999859809874,0.9700401425361633,0.5440947413444519,0.5438974499702454
0.23002088100020046,-32.16934668714145,-12.684085543296035,89.01309782917974,0.2653124560001743,-33.72156264781952,-13.31483068466187,88.91999859809874,1.2460728883743286,0.18967986106872559,0.5889387130737305
0.24002166599984776,-31.98757833670198,-12.612415870338602,89.01867429241807,0.2653124560001743,-33.547655367851256,-13.244988346099857,88.94125123023986,0.9274914264678955,1.1708837747573853,0.24980591237545013
0.25002242000027763,-31.805808841241394,-12.540743682026967,89.02425077294144,0.295324828000048,-33.37937476634979,-13.179830932617191,88.93999714851378,1.5122618675231934,0.835647463798523,0.48682790994644165
0.26002269299988257,-31.62406784419251,-12.469086399500615,89.029826147227,0.295324828000048,-33.23218944072723,-13.119363212585453,88.93999714851378,0.8248332738876343,0.3964877128601074,0.4719891846179962
0.2700236059999952,-31.44229485913589,-12.3974148991476,89.03540262775036,0.295324828000048,-33.02921893596649,-13.048893833160404,88.93999714851378,0.9519559144973755,0.8366376161575317,0.4683689773082733
0.2800245830003405,-31.260527108473326,-12.325744545394457,89.04097903746063,0.33533251300013944,-32.88749816417694,-12.936238670349125,88.95000119209288,1.800478458404541,0.6352844834327698,0.3843432068824768
0.29002495300028386,-31.07877678764092,-12.254083357264332,89.04655471506966,0.33533251300013944,-32.742344164848326,-12.833580398559574,88.95000119209288,2.4563820362091064,0.9804219007492065,0.6352168917655945
0.30002599399995233,-30.897000894582096,-12.182410251670195,89.05213133833334,0.33533251300013944,-32.52562644481659,-12.769207382202152,88.9600004673004,0.9437285661697388,1.1806540489196777,0.5930854678153992
0.31002629900012835,-30.71525233673078,-12.11074815343351,89.05770714083984,0.36532526900009543,-32.34890582561493,-12.70295562744141,88.96734375953673,1.5993425846099854,1.8786845207214355,0.3821360170841217
0.32002708399977564,-30.533477606876147,-12.039075047839374,89.0632837284183,0.36532526900009543,-32.14640738964081,-12.669987106323246,88.96999974250792,0.7444210052490234,1.7816697359085083,0.5480999946594238
0.33002735799982474,-30.351713327643072,-11.967407897399047,89.06885992401835,0.36532526900009543,-31.9453108549118,-12.605456733703617,88.97999901771544,1.3440163135528564,1.2761765718460083,0.4703769087791443
0.3400280149999162,-30.169961861789552,-11.895745569838478,89.07443569084016,0.36532526900009543,-31.792970919609065,-12.513894462585453,88.97999901771544,1.4400074481964111,0.4504948556423187,0.5451130867004395
0.3500285440004518,-29.988196437535365,-11.824074986761449,89.08001211783545,0.39533463299994764,-31.537657999992366,-12.398738288879398,88.97999901771544,0.7788835763931274,0.4648057520389557,0.5421741008758545
0.36002900899984525,-29.806448461277878,-11.752414952400622,89.08558772407459,0.39533463299994764,-31.33343818187713,-12.30373802185059,89.00812287330626,1.2371060848236084,1.173841118812561,0.3029974102973938
0.37002976199983095,-29.62468303702369,-11.680746884677792,89.09116395535985,0.39533463299994764,-31.114217066764827,-12.223894023895268,89.01000161170958,0.826389491558075,0.5687499642372131,0.6242159605026245
0.3800306439998167,-29.442918757790615,-11.609077448200633,89.09674029314239,0.4353398539997215,-30.939999842643733,-12.146238708496098,89.01000161170958,1.335611343383789,1.0817112922668457,0.8295329213142395
0.39003104499988694,-29.26116496552872,-11.53741466200533,89.10231611349174,0.4353398539997215,-30.766874575614924,-12.044050121307377,89.01000161170958,1.2405198812484741,0.9592784643173218,0.5784297585487366
0.4000317340005495,-29.07939721486615,-11.465745454845539,89.10789243343194,0.4353398539997215,-30.55812480449676,-11.954831504821781,89.02812619209288,1.1667091846466064,1.0072652101516724,0.37661704421043396
0.41003235900006985,-28.89763469861417,-11.394078082250756,89.11346862847468,0.46533046500007913,-30.427967333793635,-11.881393814086918,89.03999943733214,1.8109238147735596,0.9872197508811951,0.4990977346897125
0.42003308099992864,-28.715869837787267,-11.322407033369565,89.11904510955536,0.46533046500007913,-30.260468745231623,-11.844205284118656,89.03999943733214,0.853223979473114,1.369930386543274,0.620686948299408
0.43003364200012584,-28.53411604552537,-11.25074447649163,89.12462087637715,0.46533046500007913,-30.06812694072723,-11.830613040924076,89.07109398841857,1.3485738039016724,1.5187835693359375,0.17975354194641113
0.4400342990002173,-28.35235120286501,-11.179077333214213,89.13019703573468,0.46533046500007913,-29.954687380790705,-11.814832115173344,89.0699972629547,1.9254029989242554,1.812908411026001,0.46352913975715637
0.4500347960001818,-28.170595084211264,-11.10741110721278,89.13577314156466,0.49533269299990934,-29.74562766551971,-11.77451791763306,89.0699972629547,0.7433186173439026,1.6795012950897217,0.3928517699241638
0.4600351660001252,-27.988841855376656,-11.035748772489303,89.14134890894377,0.49533269299990934,-29.568592333793635,-11.719519519805912,89.08593792915343,2.605281352996826,1.4796760082244873,0.4662433862686157
0.4700359190001109,-27.807070615134585,-10.964078648053526,89.14692533593907,0.49533269299990934,-29.416095042228694,-11.653894805908207,89.11078114509581,2.026604652404785,1.6393475532531738,0.22237445414066315
0.48003651199996966,-27.6253156596685,-10.892411734099994,89.15250142392671,0.5253447450004387,-29.185782694816584,-11.543580913543705,89.10999913215636,1.4080184698104858,1.0459052324295044,0.4563295245170593
0.49003726499995537,-27.443553143416516,-10.820745278781194,89.15807754759904,0.5253447450004387,-28.99703147411346,-11.449517631530766,89.11296982765197,1.435573697090149,1.2278534173965454,0.39180099964141846
0.5000378900003852,-27.26178539275395,-10.749076523099745,89.16365381456899,0.5253447450004387,-28.77390506267547,-11.379050636291508,89.14906163215636,1.1466001272201538,1.2288304567337036,0.2592259645462036
0.5100388040000325,-27.080022276725067,-10.67740685730522,89.16923018803725,0.555335611999908,-28.568435931205745,-11.317018890380863,89.15000100135802,2.0523407459259033,1.9810824394226074,0.3831048011779785
0.5200392050001028,-26.898265576477492,-10.6057440711034,89.17480602622894,0.555335611999908,-28.377343440055842,-11.25764312744141,89.16796822547911,1.3361282348632812,1.5306708812713623,0.16310715675354004
0.5300402140001097,-26.716483867414258,-10.534069589592026,89.18038273870486,0.555335611999908,-28.14765574932098,-11.190299415588383,89.16999955177306,1.1442162990570068,1.8752285242080688,0.3096559941768646
0.5400408069999685,-26.53473007515236,-10.46240290495586,89.1859588623777,0.5953503050004656,-27.976094508171077,-11.098424816131596,89.16999955177306,1.4954229593276978,1.5475307703018188,0.4355395436286926
0.5500414010002714,-26.352975683130094,-10.39074079954975,89.19153461191446,0.5953503050004656,-27.770940089225764,-10.997642898559574,89.19093747138976,1.4269856214523315,1.2251530885696411,0.06393009424209595
0.5600419299998975,-26.17121374847194,-10.319074344230952,89.19711073558679,0.5953503050004656,-27.623749995231623,-10.932955169677738,89.19671673774718,1.5961178541183472,1.3199349641799927,0.16821880638599396
0.5700424269998621,-25.9894605378204,-10.24741041142926,89.20268664514839,0.6353812550005387,-27.468749308586116,-10.888580703735355,89.19999737739562,1.96714448928833,1.5708180665969849,0.23921900987625122
0.5800430839999535,-25.807692787157833,-10.175740057676116,89.20826305430136,0.6353812550005387,-27.265311503410334,-10.844518566131596,89.19999737739562,1.6376080513000488,1.7460932731628418,0.30212700366973877
0.5900435499997911,-25.62593665032102,-10.104076347028883,89.21383894657843,0.6353812550005387,-27.145310664176936,-10.77576818466187,89.21000142097472,1.4089783430099487,1.342977523803711,0.17789146304130554
0.6000442069998826,-25.444170062862643,-10.032406910558242,89.21941530220383,0.6353812550005387,-26.997185969352717,-10.700144195556645,89.21000142097472,2.2494735717773438,1.8605533838272095,0.3429267704486847
0.6100448320003125,-25.262415689006914,-9.960742289797933,89.22499124745114,0.6502217710003606,-26.80765750408172,-10.585300350189213,89.2139067173004,1.7920454740524292,1.171735167503357,0.3135896921157837
0.620045329000277,-25.080649101548538,-9.889071477403537,89.2305676922893,0.6502217710003606,-26.65140750408172,-10.484830760955814,89.22499794960021,2.3106794357299805,1.255124568939209,0.23662029206752777
0.6300456979997762,-24.89889821730538,-9.817410525760206,89.23614345966841,0.6502217710003606,-26.4475023984909,-10.40826978683472,89.22999997138976,1.4090185165405273,1.5926909446716309,0.3052885830402374
0.6400462920000791,-24.717132774868116,-9.745742687361261,89.24171958334074,0.6502217710003606,-26.238280558586116,-10.342330360412602,89.22999997138976,1.8328334093093872,0.46261370182037354,0.2543601393699646
0.6500466610004878,-24.53534408661281,-9.674063619456922,89.2472966526677,0.660233597000115,-26.072031283378596,-10.290769958496098,89.24234528541564,2.3168869018554688,2.519443988800049,0.23520813882350922
0.6600471900001139,-24.353611231960183,-9.602407942165174,89.2528719734257,0.660233597000115,-25.826717638969416,-10.213269615173344,89.23999924659728,1.3832896947860718,1.4360804557800293,0.33667469024658203
0.6700477829999727,-24.171853950102253,-9.530743092087498,89.25844790083016,0.6702560789999552,-25.628439211845393,-10.110611343383793,89.23999924659728,1.7119261026382446,2.082833766937256,0.3211367428302765
0.6800481850004871,-23.990105374067866,-9.459081674640005,89.26402366820979,0.6902142560002176,-25.427657389640803,-10.016238117218021,89.24562592506408,1.5377757549285889,1.1276098489761353,0.32077866792678833
0.6900487459997748,-23.808341113001333,-9.387414072721336,89.26959982756681,0.7002269780005008,-25.261718058586116,-9.946238422393803,89.25655980110167,2.109480857849121,1.2973694801330566,0.2321317493915558
0.700049306999972,-23.626576851951334,-9.31574326032694,89.27517629024783,0.7002269780005008,-25.116564059257502,-9.875299358367924,89.25999779701232,2.227769613265991,1.6653237342834473,0.3878401517868042
0.7100498680001692,-23.444817825295384,-9.244079556849133,89.28075218196707,0.7102235070005918,-24.899374270439143,-9.825300598144535,89.25999779701232,1.3042805194854736,1.6019487380981445,0.3198706805706024
0.7200504930005991,-23.263058217045604,-9.172411947767555,89.28632837756713,0.720230851999986,-24.752656245231623,-9.753269577026371,89.25999779701232,2.4686405658721924,1.2525256872177124,0.3856067955493927
0.7300510229997599,-23.081292193014516,-9.100743428572901,89.29190462613742,0.730225684999823,-24.59656360149383,-9.647800350189213,89.2653097629547,2.451132297515869,1.5013954639434814,0.2523288130760193
0.7400516160005282,-22.899534329546224,-9.029079037129957,89.29748058922709,0.740214150000611,-24.411875033378596,-9.553269767761234,89.26999707221984,1.8040921688079834,1.1629745960235596,0.3519632816314697
0.7500519530003658,-22.717777629298652,-8.957413957734914,89.3030566058443,0.7502215590002379,-24.291092181205745,-9.474517726898197,89.27328248023986,2.5291829109191895,1.383232831954956,0.3925636410713196
0.760052738000013,-22.53601336823212,-8.885745667857627,89.3086328187294,0.7602145040000323,-24.107185626029963,-9.428269290924076,89.28000111579894,2.697436571121216,1.4674688577651978,0.40870359539985657
0.770053332000316,-22.354224080199913,-8.814067280742481,89.31420985292847,0.7702209220005898,-23.89437320232391,-9.379205131530766,89.28000111579894,2.1205971240997314,1.8425891399383545,0.3829445540904999
0.7800541169999633,-22.17248482794905,-8.742408622298889,89.31978535211198,0.7802268269997512,-23.757029795646663,-9.320299053192143,89.28000111579894,2.5592315196990967,1.8364676237106323,0.277933269739151
0.790054486000372,-21.990729872499493,-8.670745377462335,89.32536120814655,0.7902151320004123,-23.555780673027034,-9.24092473983765,89.29155964851378,1.3321179151535034,1.501267433166504,0.3526363968849182
0.8000548549998712,-21.808978406629443,-8.599082591260515,89.33093704633824,0.8002168130005884,-23.36468818187713,-9.129988574981693,89.29000039100646,2.917361259460449,1.2256574630737305,0.4502798318862915
0.8100553519998357,-21.627216453804746,-8.527415211496304,89.3365132062536,0.8102154220005104,-23.165470385551448,-9.039987945556645,89.29390568733214,1.9081908464431763,1.394365668296814,0.374733567237854
0.8200561379999272,-21.4454533559424,-8.45574783890152,89.34208936561062,0.8202176800004963,-22.919374728202815,-8.96748723983765,89.3099989414215,1.9430334568023682,1.6139873266220093,0.3553449213504791
0.8300567950000186,-21.263690258096588,-8.384079778341597,89.34766561418091,0.8302373460001036,-22.735310816764827,-8.908111476898197,89.3099989414215,2.049346446990967,1.6715713739395142,0.3880813717842102
0.8400573560002158,-21.08193123144064,-8.312412176429447,89.353241827066,0.8402315390003423,-22.493439936637873,-8.830613517761234,89.3099989414215,1.5360655784606934,1.6933903694152832,0.4519060254096985
0.850058461000117,-20.90015940957168,-8.240742962106747,89.3588181118788,0.8502202589997978,-22.31859328746795,-8.738736534118656,89.3099989414215,2.0919785499572754,1.7421823740005493,0.4797710180282593
0.8600588310000603,-20.718402691141037,-8.169077424070451,89.36439416418123,0.8602224209998894,-22.12203147411346,-8.645612621307377,89.3099989414215,2.014415740966797,1.3710343837738037,0.5119815468788147
0.8700595520003844,-20.53664075649941,-8.0974105101104,89.36997034138112,0.8753905969997504,-21.942969584465022,-8.591706180572514,89.3142189502716,1.9100514650344849,2.005192995071411,0.4634896218776703
0.8800603690006028,-20.354879403435085,-8.025744284115486,89.37554641152589,0.9153623439997318,-21.81093814373016,-8.554832363128666,89.32999749183654,2.082040548324585,2.0682575702667236,0.4340905547142029
0.8900607060004404,-20.17312619278355,-7.954080580631163,89.38112228540278,0.9453576920004707,-21.604529643058772,-8.524519824981693,89.32999749183654,1.8786150217056274,2.1255698204040527,0.4958801865577698
0.9000612999998339,-19.991353189543858,-7.882406779915499,89.38669896275134,0.9453576920004707,-21.43562438488006,-8.499519252777104,89.32999749183654,2.0378713607788086,1.8338392972946167,0.5572869777679443
0.9100617009999041,-19.809605794896733,-7.8107472041959225,89.39227453330527,0.9453576920004707,-21.265469813346858,-8.481394672393803,89.32999749183654,2.742107629776001,2.8524231910705566,0.6194025278091431
0.9200622939997629,-19.627840952236372,-7.739079372959886,89.3978507640327,0.9453576920004707,-21.062656664848323,-8.404673957824711,89.32999749183654,2.1719911098480225,2.013855218887329,0.5716685056686401
0.9300626949998332,-19.446056916781288,-7.667402827572656,89.40342761924946,0.9753850090000924,-20.924845957756038,-8.303737068176273,89.34109349250792,2.0465099811553955,1.6806228160858154,0.48145994544029236
0.94006348000039,-19.264325806926678,-7.5957487483526025,89.4090027799821,0.9753850090000924,-20.69765689373016,-8.194519901275639,89.34000153541564,2.2484586238861084,1.3553913831710815,0.5439969897270203
0.9500640739997834,-19.08255920128523,-7.5240786239233435,89.41457917129271,0.9753850090000924,-20.497967028617854,-8.096706295013432,89.34312481880187,1.842161774635315,1.569684386253357,0.5601198673248291
0.960064603000319,-18.900805990633692,-7.452415379080271,89.42015502732727,1.0053654109997296,-20.332499766349788,-8.030144596099857,89.36000008583068,2.1116533279418945,2.231206178665161,0.6075188517570496
0.9700650679997125,-18.719043474381706,-7.380747089202983,89.4257312937399,1.0053654109997296,-20.099531435966487,-7.968737506866459,89.36000008583068,1.5290255546569824,2.2626311779022217,0.5216199159622192
0.9800658530002693,-18.53727746851716,-7.309079487290831,89.43130747093979,1.0053654109997296,-19.91093757152557,-7.9134243965148965,89.36000008583068,2.261474132537842,2.1193928718566895,0.6083221435546875
0.9900666710000223,-18.35551028128188,-7.237408667727009,89.43688398770567,1.0453686159999052,-19.69515445232391,-7.818424129486088,89.36000008583068,1.7721258401870728,1.5585339069366455,0.6180696487426758
1.00006700799986,-18.173761141836735,-7.165748404042297,89.4424595225744,1.0453686159999052,-19.5320332288742,-7.7249878883361855,89.36781067848204,2.5233097076416016,2.3909995555877686,0.54506516456604
1.0100677930004167,-17.99199222796998,-7.094078279613037,89.44803593172735,1.0453686159999052,-19.37265517711639,-7.638580226898197,89.3699993610382,2.3464629650115967,1.484489917755127,0.6323536038398743
1.020068161999916,-17.810239017318445,-7.022414346811346,89.45361185913181,1.0753657240002212,-19.175311350822444,-7.568892860412602,89.37500138282775,2.087935447692871,1.6260230541229248,0.6654499173164368
1.0300690760004727,-17.628469503691317,-6.950742609971538,89.45918835805483,1.0753657240002212,-19.020468020439143,-7.501236820220951,89.38999791145324,2.6724395751953125,1.7709842920303345,0.5730227828025818
1.0400695409998661,-17.446713385037576,-6.8790800530936025,89.46476416056184,1.0753657240002212,-18.843280100822444,-7.443112754821781,89.38999791145324,2.481415033340454,1.9247663021087646,0.6644735932350159
1.0500701020000633,-17.264949123971043,-6.807411533898947,89.47034042697447,1.0753657240002212,-18.674374842643733,-7.349049472808842,89.38999791145324,2.805752754211426,2.0097548961639404,0.7344709038734436
1.0600705670003663,-17.08319358691113,-6.735745766538767,89.4759164792769,1.1053723679997347,-18.559533381462092,-7.233738327026371,89.39999718666076,2.8811607360839844,1.9980409145355225,0.5905953049659729
1.0700709680004366,-16.901434560255183,-6.664081604419709,89.48149251429429,1.1053723679997347,-18.396407389640803,-7.129675769805912,89.40562386512755,3.1846158504486084,1.2491116523742676,0.6630417108535767
1.080071754000528,-16.719667373036433,-6.5924114728210235,89.48706881639163,1.1053723679997347,-18.17906501293182,-7.053582096099857,89.41000123023986,2.5365986824035645,1.224092721939087,0.6812516450881958
1.0900722189999215,-16.53789613277783,-6.520737679268268,89.49264547534051,1.1353720670003895,-18.016721034049983,-7.002956295013432,89.41515583992003,2.635545492172241,1.4742050170898438,0.6809752583503723
1.1000724599998648,-16.356163278108674,-6.44908429517626,89.49822058198829,1.1353720670003895,-17.797499918937678,-6.942955875396732,89.42000050544738,2.0157554149627686,1.6592527627944946,0.7380292415618896
1.1100732450004216,-16.174390293052056,-6.377414170747001,89.50379695545604,1.1353720670003895,-17.622343325614924,-6.858424568176273,89.4243731021881,2.4049742221832275,1.8080618381500244,0.7268065810203552
1.120073838999815,-15.99263299302758,-6.305746332341538,89.5093731510561,1.1653696230005153,-17.441564822196955,-6.755144023895268,89.4299997806549,2.8483450412750244,2.0360963344573975,0.7997914552688599
1.1300743359997796,-15.81087687437384,-6.234083087504985,89.514949024933,1.1653696230005153,-17.206717753410334,-6.659361743927006,89.43702836036681,2.159194231033325,1.4034626483917236,0.6598138809204102
1.1400753130001249,-15.629105634115238,-6.162411816469337,89.52052550545636,1.1653696230005153,-17.030936503410334,-6.582955741882328,89.44999833106993,2.4963276386260986,1.353306531906128,0.7784790992736816
1.1500757459998567,-15.447349515461493,-6.090745590474421,89.52610162912869,1.1953769709998596,-16.828752779960627,-6.53608026504517,89.46125168800353,2.1069178581237793,2.0405728816986084,0.582708477973938
1.1600762110001597,-15.265595141605768,-6.019083485061794,89.5316773965078,1.1953769709998596,-16.64187552928924,-6.473111534118656,89.46984429359435,2.691688060760498,1.7081660032272339,0.5974460244178772
1.1700769010003569,-15.083826791166302,-5.947414048591153,89.53725369860565,1.1953769709998596,-16.46750094890594,-6.380299949646,89.47000164985656,2.1138968467712402,1.4051928520202637,0.7399114370346069
1.180077429999983,-14.902063111710131,-5.875745070755247,89.54283000070349,1.2353779029999714,-16.26531245708465,-6.28311338424683,89.4817175388336,2.419081687927246,1.309992790222168,0.6105478405952454
1.1900777669998206,-14.720317461861022,-5.804085036387901,89.54840562478498,1.2353779029999714,-16.132031702995295,-6.206392669677738,89.49406285285949,2.1790294647216797,1.5277785062789917,0.6024269461631775
1.2000786799999332,-14.538543313600215,-5.732413765358771,89.55398217667825,1.2353779029999714,-15.938125872611996,-6.140143299102787,89.52234406471251,2.0884058475494385,1.7544280290603638,0.46905961632728577
1.2100789209998766,-14.356790102948676,-5.6607500618809645,89.5595579970276,1.2653776340002878,-15.748749995231625,-6.107174777984623,89.52828068733214,2.5231611728668213,1.856963872909546,0.4712989628314972
1.2200797699997565,-14.175024678694488,-5.589079937445188,89.56513435265299,1.2653776340002878,-15.598593974113461,-6.084830188751225,89.54000134468077,2.541067361831665,2.318007230758667,0.4871274530887604
1.2300799790000383,-13.993276120826643,-5.517419903077842,89.57070995889161,1.2653776340002878,-15.380312228202817,-6.0449880599975625,89.56062455177306,2.954828977584839,2.1133806705474854,0.26420626044273376
1.240080732000024,-13.811503717380383,-5.445748173407461,89.57628651078488,1.2653776340002878,-15.230470919609067,-5.986861610412602,89.55999989509581,3.015244722366333,1.783348798751831,0.5166259407997131
1.2500811010004327,-13.629756904310558,-5.374085387205641,89.58186231329138,1.2853799720005554,-15.059219622611996,-5.91701927185059,89.58046574592589,2.9099481105804443,2.074568748474121,0.24506346881389618
1.2600817580005241,-13.447990898462539,-5.302418014610856,89.58743849049176,1.2853799720005554,-14.827657961845395,-5.814988040924076,89.58999772071837,2.3091089725494385,2.0089406967163086,0.41735032200813293
1.270082191000256,-13.266228963804384,-5.230752017933309,89.59301468553399,1.2853799720005554,-14.656564021110531,-5.720142745971684,89.6059383869171,2.7027595043182373,1.9956293106079102,0.16525372862815857
1.2800826239999878,-13.084475171542486,-5.159084645338524,89.59859073783642,1.3053839100002733,-14.426876330375668,-5.647487068176273,89.62000031471251,1.48048734664917,1.8983384370803833,0.303009033203125
1.2900830890002908,-12.902492792325813,-5.087331499973089,89.60417360654549,1.3053839100002733,-14.23874976634979,-5.573112392425541,89.62484498023986,2.583176612854004,1.8543295860290527,0.3213005065917969
1.3000839380001707,-12.720940833438075,-5.015746918984078,89.6097433420321,1.3453773530000035,-14.03874995708465,-5.486394786834721,89.62999958992003,2.152411937713623,1.8893793821334839,0.34147244691848755
1.3100846590004949,-12.539188204380366,-4.9440841327822564,89.61531916238145,1.3453773530000035,-13.825470232963557,-5.387956523895268,89.63500161170958,2.36545729637146,1.2204502820968628,0.27185431122779846
1.3200853799999095,-12.35742568812838,-4.8724179067873425,89.62089523252622,1.3753842520000035,-13.699060702323909,-5.294050598144535,89.63999886512755,3.1058831214904785,1.7815885543823242,0.3197947144508362
1.3300861650004663,-12.175657937465814,-4.80074869963407,89.62647155246641,1.3753842520000035,-13.518592143058772,-5.229987525939945,89.660312128067,2.687561511993408,1.7817937135696411,0.03916367515921593
1.3400865020003039,-11.993907053206122,-4.729085684114882,89.63204739065812,1.3753842520000035,-13.343750262260432,-5.190300369262699,89.65999741554259,2.8001809120178223,2.347536087036133,0.2847287654876709
1.3500873829998454,-11.812136394557882,-4.657415330355221,89.63762379981107,1.3753842520000035,-13.19078090190887,-5.168113136291508,89.65999741554259,2.2383639812469482,2.2794930934906006,0.3399558365345001
1.360088072000508,-11.630370388693333,-4.585743600684838,89.64320031601963,1.4053811989997484,-12.985001826286311,-5.152019882202152,89.65999741554259,2.723942995071411,3.207789659500122,0.3140985369682312
1.3700882809998802,-11.448622994046207,-4.514085171558616,89.64877577951795,1.4053811989997484,-12.86281230449676,-5.112018013000492,89.65999741554259,3.403902769088745,2.8292601108551025,0.3432635962963104
1.3800889379999717,-11.266855824977469,-4.442414817805471,89.65435220651325,1.4053811989997484,-12.705470347404475,-5.036548995971684,89.67187542915343,3.7317700386047363,2.3837082386016846,0.2237054854631424
1.3900893709997035,-11.085095053523503,-4.370747674528053,89.65992838371363,1.435397987000215,-12.50171782970428,-4.932643795013432,89.67000145912169,2.232621192932129,1.7438801527023315,0.3743635416030884
1.4000895480003237,-10.903354056474619,-4.299090621325586,89.66550372231399,1.435397987000215,-12.3359358549118,-4.808892631530766,89.67656273841857,3.1632118225097656,2.1712985038757324,0.20880699157714844
1.4100903970002037,-10.721580489807643,-4.227418433013952,89.67108027420775,1.435397987000215,-12.142499709129329,-4.715768718719486,89.68000073432921,3.3730859756469727,2.236966133117676,0.37702158093452454
1.4200906699998086,-10.539824952747729,-4.155752894971139,89.67665632650967,1.465472984000371,-11.934531950950618,-4.640457057952885,89.68765397071837,2.369549512863159,2.0181546211242676,0.2246386557817459
1.4300908470004288,-10.35807872130479,-4.084093319251563,89.68223191490596,1.465472984000371,-11.771250987052913,-4.562644386291508,89.69000000953673,2.591181516647339,2.4115307331085205,0.2854272723197937
1.4400915040005202,-10.176311552236054,-4.012423424133154,89.68780828837421,1.465472984000371,-11.51703240871429,-4.468581104278568,89.69000000953673,2.07277250289917,1.1517753601074219,0.34772607684135437
1.4500920010004847,-9.994556596786499,-3.940757656779491,89.69338434067612,1.495419497000512,-11.3162505865097,-4.3524879455566445,89.69000000953673,2.751054048538208,1.7945425510406494,0.4277268946170807
1.460092369999984,-9.812797570130549,-3.8690925773779288,89.69896032160814,1.495419497000512,-11.097813868522639,-4.258582019805912,89.69609398841857,2.1718599796295166,1.7174583673477173,0.28802064061164856
1.4700928669999485,-9.631037961880772,-3.797427497982886,89.704536320383,1.495419497000512,-10.92968823909759,-4.197019958496098,89.70999855995177,2.761720657348633,1.9073363542556763,0.2877403199672699
1.480093363999913,-9.449284751212705,-3.725762647905208,89.71011228347267,1.525390650999725,-10.757187628746028,-4.143580818176273,89.70999855995177,2.2806334495544434,2.4555089473724365,0.334093302488327
1.4900940210000044,-9.26726167816475,-3.653992769358915,89.71569657902704,1.525390650999725,-10.542501235008235,-4.058737182617191,89.70999855995177,2.6533076763153076,1.5678443908691406,0.39511269330978394
1.5000946460004343,-9.085749831497932,-3.582424462909511,89.72126506609337,1.525390650999725,-10.404530787467952,-3.953267955780033,89.70999855995177,3.1842644214630127,1.461313247680664,0.41013070940971375
1.5100948859999335,-8.903996620846392,-3.5107596128318335,89.72684090428507,1.555388366000443,-10.245312476158137,-3.8432687759399453,89.70999855995177,2.2360756397247314,1.46517014503479,0.5225966572761536
1.5200954789997922,-8.722243410194856,-3.439097514595151,89.73241665326451,1.555388366000443,-10.068281912803645,-3.7470191955566445,89.71624989509581,3.5890440940856934,1.3260408639907837,0.35162153840065
1.530096424000476,-8.540471588325897,-3.3674269315181213,89.73799308025981,1.555388366000443,-9.916094565391536,-3.697642707824711,89.72999711036681,3.7109928131103516,1.8455920219421387,0.37032175064086914
1.5400970489999963,-8.358706164071705,-3.295755889806358,89.74356956078317,1.5854183700002977,-9.706875109672541,-3.6492055892944375,89.72999711036681,2.1226794719696045,1.833410382270813,0.3891906142234802
1.550097418000405,-8.17695936920148,-3.224096091925807,89.7491451313366,1.5854183700002977,-9.52984454631805,-3.601705455780033,89.72999711036681,2.9103033542633057,1.8366748094558716,0.5622662901878357
1.5600980750004965,-7.9951904553347255,-3.152424132938057,89.75472170107273,1.5854183700002977,-9.374376559257502,-3.5324877738952676,89.72999711036681,2.6437923908233643,1.8412185907363892,0.47246673703193665
1.5700986680003552,-7.813430847084948,-3.0807592828538635,89.76029769928977,1.610322487999838,-9.13874986171722,-3.436705493927006,89.72999711036681,2.3027219772338867,1.434086799621582,0.47149428725242615
1.5800995170002352,-7.631668330832966,-3.0090928275415827,89.76587376943453,1.610322487999838,-8.965157294273371,-3.352956199646,89.72999711036681,3.1494696140289307,1.4810194969177246,0.5348376035690308
1.5901003660001152,-7.449897672168191,-2.9374224737884376,89.7714502499579,1.610322487999838,-8.730000281333918,-3.2993620872497598,89.73515648841857,2.1759603023529053,1.819952130317688,0.4370773136615753
1.6001007350005239,-7.268143879906297,-2.865758770304115,89.7770260881496,1.6302664240001832,-8.540469431877131,-3.2570189476013223,89.74000115394591,2.694523572921753,2.0758883953094482,0.5534655451774597
1.6101012959998116,-7.086388924456742,-2.794091627026697,89.78260222966426,1.6302664240001832,-8.354376578330989,-3.2246750831604043,89.74000115394591,2.559648036956787,2.2654972076416016,0.5326175689697266
1.6201019210002414,-6.9046281530027755,-2.722427464907639,89.78817815706873,1.6302664240001832,-8.12218787670135,-3.1754559516906777,89.74343914985656,2.4577651023864746,1.9563722610473633,0.433637797832489
1.6301024499998675,-6.722866799938451,-2.6507591750368693,89.79375440563902,1.6554378170003474,-7.963906550407405,-3.1213945388793984,89.75000042915343,2.8259265422821045,1.9449011087417603,0.5305584669113159
1.6401030750002974,-6.541099630886244,-2.579091343800833,89.79933063636696,1.6554378170003474,-7.773281359672541,-3.0381125450134316,89.75000042915343,2.3147451877593994,2.0681076049804688,0.550414502620697
1.6501038599999447,-6.35934409382633,-2.50742580575802,89.80490670651173,1.6954094680004346,-7.631720328330989,-2.949048900604252,89.75000042915343,3.6110665798187256,1.634616494178772,0.5766746401786804
1.6601050930003112,-6.17756412957764,-2.4357527001704007,89.81048329408969,1.6954094680004346,-7.480000281333918,-2.864987277984623,89.75984234809874,3.065431594848633,2.0360240936279297,0.5268297791481018
1.6701054300001488,-5.995814990115967,-2.3640908312445656,89.81605902522628,1.7354163520003567,-7.277656817436213,-2.80061187744141,89.75999970436095,2.022913932800293,1.713482141494751,0.6272935271263123
1.6801061830001345,-5.814043749857365,-2.292416349733191,89.82163588044303,1.7354163520003567,-7.1490633726119945,-2.7710813522338906,89.75999970436095,3.711591958999634,2.6359081268310547,0.5254563689231873
1.6901067440003317,-5.632291120799657,-2.2207563153723644,89.82721136178421,1.7354163520003567,-6.987968707084651,-2.73342552185059,89.76999897956847,2.951935291290283,2.6367032527923584,0.6023043990135193
1.7001072729999578,-5.450525114951638,-2.1490875668603415,89.8327876460392,1.7354163520003567,-6.801251196861262,-2.675144100189213,89.76999897956847,3.1787877082824707,2.304058790206909,0.7696932554244995
1.7101078020004934,-5.268762598699656,-2.0774204235829234,89.83836378755437,1.7654074100000798,-6.645625853538508,-2.6199883460998574,89.76999897956847,3.0712432861328125,2.318742275238037,0.7689780592918396
1.7201085870001407,-5.087007061639742,-2.005753280305507,89.84394000043946,1.7654074100000798,-6.4264071226119945,-2.544986629486088,89.7731222629547,2.218461751937866,2.153348684310913,0.6233083009719849
1.7301090520004436,-4.905215465382231,-1.9340762762770236,89.84951694486845,1.7654074100000798,-6.234375262260432,-2.4262374877929727,89.77999825477599,3.1135900020599365,2.159752607345581,0.7114489078521729
1.740109837000091,-4.723477376319021,-1.8624185351094198,89.85509242620962,1.7654074100000798,-6.062968993186946,-2.3406118392944375,89.77999825477599,2.789238929748535,2.1606509685516357,0.7685890793800354
1.750110142000267,-4.541726492059329,-1.790754143672995,89.86066826440133,1.7954337339997437,-5.8007824659347484,-2.2751444816589395,89.79093689918517,2.3421823978424072,1.793420672416687,0.6473599076271057
1.7601105430003372,-4.359969791811757,-1.7190911281538082,89.86624410259303,1.7954337339997437,-5.5995309591293285,-2.2043627738952676,89.78999752998351,2.8828134536743164,2.51776123046875,0.755350649356842
1.770111136000196,-4.178198551553159,-1.6474205450767787,89.87182051174598,1.7954337339997437,-5.370470309257502,-2.1246761322021523,89.78999752998351,2.385312557220459,2.358309268951416,0.7669646143913269
1.7801117290000548,-3.996443596103603,-1.5757543190818648,89.87739661757595,1.8254054320004798,-5.22609355449676,-2.0346755027771035,89.80187554359435,3.1566836833953857,1.2143754959106445,0.6873164176940918
1.790112290000252,-3.814683406243468,-1.5040896983215557,89.88297266987837,1.8254054320004798,-5.043126368522639,-1.9370192527771037,89.80000157356261,2.436004877090454,2.1343131065368652,0.6986119151115417
1.8001131709997935,-3.632915655580895,-1.4324204911682816,89.88854893629102,1.8254054320004798,-4.835156226158137,-1.8643635749816936,89.80296750068663,2.3737618923187256,2.18325138092041,0.6994143724441528
1.8101135719998638,-3.451165934525399,-1.3607565583665906,89.89412479232506,1.8654176600002756,-4.666405940055842,-1.8312376976013225,89.82000012397765,2.619842767715454,2.5563230514526367,0.8219209313392639
1.8201141010003994,-3.2694057446652565,-1.2890917082889128,89.89970080894228,1.8654176600002756,-4.470938467979426,-1.8101448059082073,89.82000012397765,2.43896746635437,2.729473114013672,0.9022592902183533
1.830114821999814,-3.0876362492212053,-1.2174213545357695,89.90527718241053,1.8654176600002756,-4.3296873807907055,-1.7779559135437053,89.82000012397765,2.4224448204040527,2.8035569190979004,0.7891620993614197
1.8401149990004342,-2.9058917625597545,-1.1457613201684236,89.91085282433437,1.9054092160004075,-4.164999747276301,-1.7349881172180215,89.82000012397765,2.472461462020874,1.7792078256607056,0.8444277048110962
1.8501158480003141,-2.724123430303358,-1.0740891318567911,89.91642934054242,1.9054092160004075,-3.9478123426437324,-1.6659254074096719,89.82000012397765,1.9645122289657593,2.708676338195801,0.7574771642684937
1.8601161530004902,-2.5423673116496133,-1.0024263456549694,89.92200517873412,1.9054092160004075,-3.816250586509699,-1.5437382698059121,89.82000012397765,4.076487064361572,2.758774518966675,0.9353110194206238
1.8701170020003701,-2.360596652984846,-0.930755991901826,89.92758169494269,1.9054092160004075,-3.6432826757430976,-1.4249867439270059,89.82000012397765,2.7157139778137207,1.9669625759124756,0.8306382298469543
1.880117595000229,-2.1788370447350687,-0.859089995224279,89.93315765803185,1.9354152830001112,-3.4518754720687816,-1.3442057609558145,89.83203072547911,2.3973610401153564,1.9080228805541992,0.8485625386238098
1.890118283999982,-1.9970780180791152,-0.7874223933121272,89.93873387091693,1.9354152830001112,-3.277031207084651,-1.2815493583679238,89.84203000068663,3.393637180328369,2.0970451831817627,0.8618544340133667
1.9001185249999253,-1.8153259706152411,-0.7157593777864228,89.94430969126628,1.9354152830001112,-3.0476558446884106,-1.2295192718505898,89.83999867439269,2.4030723571777344,3.10426664352417,0.9355209469795227
1.9101191820000167,-1.6335506591667723,-0.6440874187986729,89.9498862253172,1.9354152830001112,-2.873438620567317,-1.1443633079528848,89.83999867439269,3.351693868637085,1.7383759021759033,1.0077849626541138
1.9201197110005523,-1.451802682909289,-0.5724234859969819,89.95546220624921,1.9654241019998153,-2.6906264066696117,-1.0579556465148965,89.84999794960021,2.4249658584594727,1.5831327438354492,0.8621612787246704
1.9301203360000727,-1.2700436562533426,-0.500760470477795,89.96103797307102,1.9654241019998153,-2.485157275199885,-0.9640497207641641,89.84999794960021,2.6911511421203613,1.7799183130264282,1.0083574056625366
1.9401213450000796,-1.0882718343843791,-0.42908942876603184,89.96661447143671,1.9654241019998153,-2.3232805967330883,-0.8929556846618691,89.8721851825714,2.836155891418457,2.476869821548462,0.7317966818809509
1.950122129999727,-0.906502338940328,-0.3574167818131482,89.97219104117234,1.9954222010001104,-2.1306264638900707,-0.8329552650451699,89.87000126838683,2.7589242458343506,2.1839025020599365,1.021693468093872
1.960122627000601,-0.7247497098826159,-0.28575537152856434,89.97776673662423,1.9954222010001104,-1.975780749320979,-0.8020180702209512,89.87000126838683,3.166280746459961,2.3198082447052,1.0839920043945312
1.9701236040000367,-0.5429743984176199,-0.21408341253429874,89.98334325283228,1.9954222010001104,-1.838907027244563,-0.7476443290710488,89.88109250068663,3.1185715198516846,2.6737937927246094,0.9192298650741577
1.9801242929997898,-0.3612130453698299,-0.14241305878115362,89.98891967982759,2.000097316999927,-1.6473448514938305,-0.6624883651733438,89.88000054359435,2.796430826187134,2.112736463546753,1.0475616455078125
1.9901249810000081,-0.179458671514098,-0.07075164850308902,89.99449553586214,2.000097316999927,-1.50062444210052,-0.5542057991027871,89.88984246253966,3.558131456375122,1.7720730304718018,0.9300128221511841
3.037742524999885,0,0,90,2.000097316999927,-1.3439071416854809,-0.468894863128666,89.89562649726867,3.4036779403686523,2.3107473850250244,1.1045880317687988
3.037742524999885,0,45,90,2.0066189979997944,-1.1440623044967602,-0.41123809814453516,89.90999836921691,1.785850167274475,2.511188268661499,0.9923262000083923
7.377255725000396,0,45,90,2.016504547000295,-1.0096872091293285,-0.37404956817627344,89.90999836921691,3.049001932144165,2.5310873985290527,0.9383858442306519
,,,,2.0262947000001077,-0.8834374189376781,-0.3599876403808633,89.91999764442443,2.983618974685669,2.6464269161224365,0.9976852536201477
,,,,2.037161469000239,-0.7315623998641918,-0.3548306465148965,89.93000168800353,3.010270595550537,2.6521174907684326,0.9404507875442505
,,,,2.0469674630003283,-0.6300008535385082,-0.32983245849609766,89.93000168800353,3.542492628097534,2.604058265686035,1.0683324337005615
,,,,2.0567474720000973,-0.5746877431869457,-0.3248304367065469,89.93000168800353,2.9365909099578857,2.7140188217163086,0.9207009077072144
,,,,2.066500855000413,-0.5193746328353832,-0.3159255027771035,89.94000096321105,2.7525713443756104,2.707482099533081,0.9190672636032104
,,,,2.0762724480000543,-0.47937514781951407,-0.3099864959716836,89.94000096321105,2.932774782180786,2.6474602222442627,0.9878018498420715
,,,,2.08712948900029,-0.43890597820281485,-0.28483095169067774,89.94328160285949,3.7415924072265625,2.6174018383026123,0.9948226809501648
,,,,2.096950779000508,-0.39906384944915274,-0.2746743202209512,89.95000023841857,3.4317314624786377,2.477426767349243,0.9173638224601746
,,,,2.1067608370003654,-0.3735935926437328,-0.2648324012756387,89.95000023841857,2.872870445251465,2.4780540466308594,0.8415473103523254
,,,,2.116531853000197,-0.3251564741134594,-0.24389448165893945,89.95625157356261,2.9859418869018555,2.3591766357421875,0.8340206742286682
,,,,2.1263906169997426,-0.27999999523162344,-0.23483219146728906,89.95999951362609,3.1457676887512207,2.357611894607544,0.7187455296516418
,,,,2.136569489000067,-0.21953227519988516,-0.21264495849609766,89.95999951362609,2.5392847061157227,2.5299692153930664,0.9860864281654358
,,,,2.1463976909999474,-0.1820314168930004,-0.21139326095581445,89.95999951362609,3.0048861503601074,2.3295068740844727,1.0607178211212158
,,,,2.1562248059999547,-0.16000154018401602,-0.18483104705810938,89.9698414325714,2.572251558303833,2.2749247550964355,0.828762412071228
,,,,2.1671194159998777,-0.13312461376189688,-0.17998638153076563,89.9699987888336,2.854830503463745,2.4400603771209717,0.8713564276695251
,,,,2.1768711360000452,-0.1300013303756664,-0.17139377593994531,89.9699987888336,2.86698055267334,2.346156120300293,0.9094231724739075
,,,,2.186647143999835,-0.1300013303756664,-0.15483083724975977,89.97640748023986,2.942112684249878,2.3424861431121826,0.6669152975082397
,,,,2.1964022239999395,-0.1300013303756664,-0.13701858520508203,89.98999733924865,2.5625646114349365,1.9684696197509766,0.665090799331665
,,,,2.2062633880004796,-0.1300013303756664,-0.1348322868347207,89.98999733924865,2.2920336723327637,2.4967658519744873,0.7467072010040283
,,,,2.217124908000187,-0.1300013303756664,-0.12748661041260156,89.98999733924865,2.9021494388580322,2.2031519412994385,0.8280214667320251
,,,,2.226880883999911,-0.1253140211105297,-0.1218623161315957,89.98999733924865,2.7831294536590576,2.146597385406494,0.827949583530426
,,,,2.2366357400005654,-0.11999967098235587,-0.11217536926269922,89.98999733924865,2.8471298217773438,2.3249094486236572,0.7056317925453186
,,,,2.246382115000415,-0.11578204631804923,-0.1048320770263711,89.98999733924865,2.2862508296966553,2.081043243408203,0.8251904845237732
,,,,2.256235822000235,-0.11000039577483633,-0.09467544555664453,89.9949993610382,2.740278720855713,2.141097068786621,0.7046975493431091
,,,,2.2671197760000723,-0.11000039577483633,-0.09483041763306055,90.00000138282775,3.1015939712524414,2.325775384902954,0.7440873980522156
,,,,2.2768750790000922,-0.11000039577483633,-0.09014310836792383,90.02218861579894,2.1021900177001953,2.0762624740600586,0.45955342054367065
,,,,2.286644239000452,-0.11000039577483633,-0.08483114242554102,90.01999993324279,2.6637983322143555,2.462517738342285,0.6621026992797852
,,,,2.2964197359997343,-0.11000039577483633,-0.07483186721802149,90.02312321662902,3.003234386444092,2.1982617378234863,0.6671897768974304
,,,,2.306235457999719,-0.11000039577483633,-0.07483186721802149,90.03999848365783,2.500795841217041,2.2913358211517334,0.5434151291847229
,,,,2.3171440840005744,-0.11000039577483633,-0.07483186721802149,90.04359383583068,2.8067984580993652,1.8422447443008423,0.6706618070602417
,,,,2.3268958999997267,-0.11000039577483633,-0.07483186721802149,90.05999703407286,2.382673501968384,2.0664989948272705,0.4191710948944092
,,,,2.336675491999813,-0.11000039577483633,-0.06420555114746485,90.05999703407286,2.3643927574157715,2.191126585006714,0.5039648413658142
,,,,2.346609201999854,-0.11000039577483633,-0.06483020782471094,90.05999703407286,2.046586751937866,1.85817289352417,0.5557246208190918
,,,,2.3565134400005263,-0.11000039577483633,-0.06483020782471094,90.08000035285949,3.0468499660491943,2.188192367553711,0.35503754019737244
,,,,2.3662898960001257,-0.11000039577483633,-0.06483020782471094,90.08000035285949,2.7938735485076904,2.0594701766967773,0.3827892541885376
,,,,2.377170521000153,-0.11000039577483633,-0.06483020782471094,90.08827824592589,2.8285980224609375,2.479132652282715,0.17549817264080048
,,,,2.386960161999923,-0.11000039577483633,-0.054206275939945314,90.089999628067,2.6151070594787598,1.978590965270996,0.16901767253875732
,,,,2.3968184780005686,-0.11000039577483633,-0.05483093261719141,90.09249825477599,2.5920472145080566,1.8625495433807373,0.3645837903022766
,,,,2.4065875739997864,-0.11000039577483633,-0.04264297485351953,90.09999890327452,2.954133987426758,1.9621187448501587,0.2671588957309723
,,,,2.4163649259999147,-0.11000039577483633,-0.04483165740967188,90.09999890327452,2.5920188426971436,2.473076581954956,0.19111938774585724
,,,,2.427208973999768,-0.11000039577483633,-0.04483165740967188,90.09999890327452,2.5917201042175293,1.5328196287155151,0.2800907790660858
,,,,2.4369538130004003,-0.11000039577483633,-0.04483165740967188,90.09999890327452,2.1931869983673096,2.0439229011535645,0.052639126777648926
,,,,2.44671266900059,-0.11000039577483633,-0.04483165740967188,90.09999890327452,2.4908998012542725,2.043130397796631,0.10395092517137527
,,,,2.456439747999866,-0.11000039577483633,-0.04483165740967188,90.08390564918517,3.0012428760528564,2.4698243141174316,0.36656635999679565
,,,,2.4672571390001394,-0.11000039577483633,-0.04483165740967188,90.08484501838683,2.5927720069885254,2.172274112701416,0.2787061035633087
,,,,2.4770960300002116,-0.11000039577483633,-0.04483165740967188,90.08484501838683,2.4564757347106934,2.446866512298584,0.3071730136871338
,,,,2.4868822460002775,-0.11000039577483633,-0.04483165740967188,90.08484501838683,3.047858476638794,1.990888237953186,0.25220656394958496
,,,,2.4966453580000234,-0.11000039577483633,-0.04483165740967188,90.06390709877013,2.6164677143096924,2.0393738746643066,0.5411410927772522
,,,,2.5067552669997895,-0.11000039577483633,-0.04483165740967188,90.05484242439269,2.946274757385254,1.7765699625015259,0.3431991636753082
,,,,2.5164958820005268,-0.11000039577483633,-0.04483165740967188,90.05484242439269,2.614997386932373,2.0378055572509766,0.47815030813217163
,,,,2.5262633780002943,-0.11000039577483633,-0.04483165740967188,90.05484242439269,2.3656680583953857,2.004338026046753,0.2834644615650177
,,,,2.537203494000096,-0.11000039577483633,-0.04483165740967188,90.05484242439269,2.489457607269287,2.2172253131866455,0.2855209708213806
,,,,2.5469816780005203,-0.11000039577483633,-0.04483165740967188,90.05484242439269,2.476497173309326,2.0365700721740723,0.2866874039173126
,,,,2.5567239250003695,-0.11000039577483633,-0.04201831817627344,90.03343720436095,2.7276909351348877,2.4341301918029785,0.5342212915420532
,,,,2.5664569560003656,-0.11000039577483633,-0.034832382202152345,90.03484387397765,2.0430986881256104,2.1721014976501465,0.3665487766265869
,,,,2.577288812000006,-0.11000039577483633,-0.034832382202152345,90.03484387397765,2.397564649581909,2.437373161315918,0.24125885963439941
,,,,2.587023027000214,-0.11000039577483633,-0.034832382202152345,90.02687592506408,2.4077842235565186,2.033647060394287,0.4451810419559479
,,,,2.5969171189999543,-0.11000039577483633,-0.034832382202152345,90.02484459877013,2.4330286979675293,2.2054688930511475,0.4500304162502289
,,,,2.606680390999827,-0.11000039577483633,-0.034832382202152345,90.01843590736388,2.3635506629943848,1.503751277923584,0.5329022407531738
,,,,2.616436686999805,-0.11000039577483633,-0.034832382202152345,90.01484532356261,2.4670729637145996,2.1726303100585938,0.4110836684703827
,,,,2.6272791990004407,-0.11000039577483633,-0.034832382202152345,90.01484532356261,2.410942792892456,2.219538450241089,0.4129061698913574
,,,,2.6370609360001254,-0.11000039577483633,-0.034832382202152345,90.01484532356261,2.8180437088012695,2.232853412628174,0.4555085003376007
,,,,2.6468194710005264,-0.11000039577483633,-0.034832382202152345,90.00453133583068,2.6376144886016846,2.3813202381134033,0.53128981590271
,,,,2.6566129200000432,-0.11000039577483633,-0.034832382202152345,90.00484127998351,2.5252561569213867,2.0420782566070557,0.5313389897346497
,,,,2.666466659999969,-0.11000039577483633,-0.034832382202152345,90.00484127998351,2.4786813259124756,2.4016592502593994,0.45580124855041504
,,,,2.6765948729998854,-0.11000039577483633,-0.034832382202152345,90.00484127998351,2.4004204273223877,2.167785406112671,0.4145416021347046
,,,,2.686439011999937,-0.11000039577483633,-0.034832382202152345,90.00484127998351,2.0023624897003174,2.406111240386963,0.49779704213142395
,,,,2.6962623500003247,-0.11000039577483633,-0.034832382202152345,90.00484127998351,2.5703012943267822,1.9653667211532593,0.4199049770832062
,,,,2.7071469120000984,-0.11000039577483633,-0.034832382202152345,90.00484127998351,2.2885053157806396,2.207446336746216,0.5407049655914307
,,,,2.7169077839998863,-0.11000039577483633,-0.034832382202152345,90.00484127998351,2.8219330310821533,2.0358242988586426,0.37654414772987366
,,,,2.7266632150003716,-0.11000039577483633,-0.034832382202152345,89.99593873023986,2.5260562896728516,1.529581904411316,0.703911542892456
,,,,2.736437303999992,-0.11000039577483633,-0.034832382202152345,89.99484200477599,2.3908915519714355,2.473787784576416,0.5406563878059387
,,,,2.7462722580003174,-0.11000039577483633,-0.034832382202152345,89.99484200477599,2.0951571464538574,1.9339600801467896,0.6220940947532654
,,,,2.757151699000133,-0.11000039577483633,-0.034832382202152345,89.99484200477599,2.3005664348602295,1.94376802444458,0.5432550311088562
,,,,2.7669165070001327,-0.11000039577483633,-0.034832382202152345,89.98500008583068,2.9009737968444824,2.4275460243225098,0.581164538860321
,,,,2.776676803000555,-0.11000039577483633,-0.034832382202152345,89.98484272956847,2.5918772220611572,2.1762075424194336,0.5820189714431763
,,,,2.786452459999964,-0.11000039577483633,-0.034832382202152345,89.98484272956847,2.669908046722412,2.2094130516052246,0.5428451299667358
,,,,2.7962597650002863,-0.11000039577483633,-0.034832382202152345,89.98484272956847,2.065364122390747,1.772741436958313,0.5847152471542358
,,,,2.807207816999835,-0.11000039577483633,-0.034832382202152345,89.98484272956847,2.382805824279785,1.9444947242736816,0.42456382513046265
,,,,2.816995698000028,-0.11000039577483633,-0.034832382202152345,89.98484272956847,2.8589251041412354,1.992140293121338,0.62784743309021
,,,,2.8267874190005386,-0.11000039577483633,-0.034832382202152345,89.98484272956847,2.3596408367156982,2.0567286014556885,0.6289721131324768
,,,,2.8366496700000425,-0.11000039577483633,-0.034832382202152345,89.98484272956847,2.8940060138702393,2.394279956817627,0.5488829016685486
,,,,2.846442607999961,-0.11000039577483633,-0.034832382202152345,89.98484272956847,2.451219081878662,1.7415382862091064,0.630101203918457
,,,,2.8562588089998826,-0.11000039577483633,-0.034832382202152345,89.98484272956847,2.7125487327575684,2.078725576400757,0.5502181053161621
,,,,2.867154763000144,-0.11000039577483633,-0.034832382202152345,89.98484272956847,2.030059337615967,2.2974438667297363,0.5509310960769653
,,,,2.8770414640002855,-0.11000039577483633,-0.034832382202152345,89.98484272956847,2.5539562702178955,1.5566518306732178,0.6317707896232605
,,,,2.8867975670000305,-0.11000039577483633,-0.034832382202152345,89.98484272956847,2.4069416522979736,1.9737058877944946,0.5518369674682617
,,,,2.896554503000516,-0.11000039577483633,-0.034832382202152345,89.98484272956847,2.6120316982269287,1.7745168209075928,0.511877179145813
,,,,2.9063449760005824,-0.11000039577483633,-0.034832382202152345,89.98484272956847,2.566244125366211,2.396611452102661,0.5531585216522217
,,,,2.9171945919997597,-0.11000039577483633,-0.034832382202152345,89.98484272956847,2.3722431659698486,1.936685562133789,0.5942679047584534
,,,,2.926989001000038,-0.11000039577483633,-0.034832382202152345,89.98484272956847,2.02235746383667,1.9129756689071655,0.5946840643882751
,,,,2.9368112510001083,-0.11000039577483633,-0.034832382202152345,89.98484272956847,2.4328854084014893,1.859926700592041,0.6354653835296631
,,,,2.946621533000325,-0.11000039577483633,-0.034832382202152345,89.98484272956847,2.7174415588378906,2.0449256896972656,0.6358679533004761
,,,,2.9564193020005405,-0.11000039577483633,-0.034832382202152345,89.98484272956847,2.3651373386383057,2.443187713623047,0.5554093718528748
,,,,2.9672640859998864,-0.11000039577483633,-0.034832382202152345,89.98484272956847,2.888737440109253,1.692583441734314,0.5563210248947144
,,,,2.9770168619998003,-0.11000039577483633,-0.034832382202152345,89.98484272956847,2.4110376834869385,2.0242695808410645,0.5562217235565186
,,,,2.9867889980005202,-0.11000039577483633,-0.034832382202152345,89.98484272956847,2.139503240585327,1.7746621370315552,0.4758997857570648
,,,,2.996541581999736,-0.11000039577483633,-0.034832382202152345,89.98484272956847,2.6374733448028564,2.0400609970092773,0.6378885507583618
,,,,3.0063366949998453,-0.11000039577483633,-0.034832382202152345,89.98484272956847,2.3698885440826416,2.319218158721924,0.5169251561164856
,,,,3.017203688000336,-0.11000039577483633,-0.034832382202152345,89.98484272956847,2.4121694564819336,2.0134429931640625,0.5582156777381897
,,,,3.027015888999813,-0.11000039577483633,-0.034832382202152345,89.98484272956847,2.0129876136779785,2.2637414932250977,0.5595217347145081
,,,,3.036817211000198,-0.11000039577483633,-0.034832382202152345,89.98484272956847,2.4133756160736084,2.114356279373169,0.6407966613769531
,,,,3.047105302000091,-0.11000039577483633,-0.034832382202152345,89.98484272956847,3.3280231952667236,2.2142603397369385,0.5604411959648132
,,,,3.0568954549999034,0.08437511920929452,1.7470437049865684,89.97327942848204,0.018601465970277786,28.119905471801758,1.0536715984344482
,,,,3.066651911000008,0.1076566934585621,6.6695457458496055,89.57187314033507,2.6207094192504883,29.422351837158203,5.253143787384033
,,,,3.076427375000094,-0.25656344890593985,13.640795326232906,89.47390694618224,5.359100818634033,12.82072639465332,2.8077614307403564
,,,,3.086363870000241,-0.6757819890975902,21.63219985961914,89.64703221321105,7.156015872955322,-1.7138274908065796,0.5295751094818115
,,,,3.0972581269998045,-0.7967198133468578,28.530636405944822,89.9335922718048,4.292965412139893,-11.08387279510498,-1.1225605010986328
,,,,3.106987670000308,-0.5198443174362133,33.845167732238764,90.16718525886535,0.8605679869651794,-11.2471284866333,-1.64999258518219
,,,,3.1167543020001176,-0.1520312070846508,37.363920783996576,90.28124947547911,-0.5082985162734985,-5.601568698883057,-1.299576759338379
,,,,3.1265122940003494,0.13921854496002695,39.51266822814941,90.28999943733214,0.5054839849472046,-2.190474033355713,-0.5435531735420227
,,,,3.1373605660000976,0.211249566078191,40.7639175415039,90.22484440803527,2.2579400539398193,2.1588528156280518,0.1438600718975067
,,,,3.1472214089999397,0.06359217166901132,41.548605537414545,90.22484440803527,3.746156930923462,1.748068928718567,-0.35373467206954956
,,,,3.1569943459999195,-0.005468153953547272,42.01657352447509,90.20140786170958,2.8933804035186768,3.5410706996917725,-0.10768168419599533
,,,,3.166758225999729,0.05937454700470468,42.45376167297363,90.16297001838683,1.5179698467254639,2.5762364864349365,0.0493503212928772
,,,,3.176488217000042,0.2581250429153492,42.83610401153564,90.16484398841857,0.6266722083091736,2.156893491744995,-0.18331432342529297
,,,,3.1873636250002164,0.3556239366531422,43.11766681671142,90.18999714851378,1.530005693435669,2.6486172676086426,-0.36399537324905396
,,,,3.197134193999773,0.35999891757965585,43.34266719818115,90.17874855995177,1.8310236930847168,2.904831886291504,-0.27857649326324463
,,,,3.2068683120005517,0.27796862125397226,43.43564090728759,90.15484471321105,2.480057954788208,2.7731852531433105,-0.14936791360378265
,,,,3.2166258240004026,0.2228128671646168,43.44516811370849,90.15484471321105,2.8077967166900635,4.037978172302246,-0.2468569278717041
,,,,3.226383238999915,0.17359373569489023,43.40392169952392,90.15484471321105,2.508500337600708,4.534300327301025,-0.22983768582344055
,,,,3.2372070620003797,0.13281223773956796,43.39751300811767,90.1065601825714,2.8682477474212646,3.8851876258850098,0.3197895288467407
,,,,3.246944829000313,0.08796808719635507,43.39751300811767,90.09484429359435,2.6219091415405273,4.346301555633545,0.10265101492404938
,,,,3.25667536400033,0.03406164646149179,43.4272008895874,90.08171696662902,3.0423784255981445,4.400693893432617,0.11806296557188034
,,,,3.2664264750001166,-0.04390599727630118,43.42516956329345,90.07484097480773,3.1371991634368896,4.58349084854126,-0.008588813245296478
,,,,3.2772798349997174,-0.0792181730270336,43.42516956329345,90.05484242439269,3.1286628246307373,4.2249956130981445,0.0863981693983078
,,,,3.2870982120002736,-0.08515717983245352,43.466730690002436,90.03374714851378,2.798814535140991,4.128711223602295,0.3672899007797241
,,,,3.296891564999896,-0.07390620708465079,43.52016506195068,90.02343792915343,2.3704051971435547,4.586304187774658,0.40972670912742615
,,,,3.306661589000214,-0.03968837261199454,43.5850149154663,90.00796933174132,2.2875585556030273,4.229499340057373,0.48235079646110535
,,,,3.3164699830003883,0.006717419624333587,43.706102943420404,90.00484127998351,2.3959317207336426,3.1444101333618164,0.27890515327453613
,,,,3.326434094000433,0.06562349796295663,43.8250165939331,90.00484127998351,1.886832356452942,3.4855356216430664,0.3639526963233948
,,,,3.3372892779998438,0.13406155109406015,43.916884040832514,90.00484127998351,1.6662375926971436,2.892526388168335,0.28172704577445984
,,,,3.3470166440001776,0.19187567234039804,43.965483283996576,90.00484127998351,1.6513503789901733,2.716902017593384,0.364810049533844
,,,,3.356763882999985,0.2221882104873707,43.990011787414545,90.00484127998351,1.706558346748352,3.159369945526123,0.4098011553287506
,,,,3.3665145470004063,0.24000046253204843,44.020014381408686,89.99484200477599,2.0050792694091797,3.037548303604126,0.3610539138317108
,,,,3.3763156760005586,0.24000046253204843,44.04517230987548,89.99484200477599,2.0110268592834473,3.5252201557159424,0.3627232313156128
,,,,3.387149963000411,0.2032816171646168,44.08516941070556,89.99484200477599,2.3657724857330322,3.683178186416626,0.36571231484413147
,,,,3.396878289000597,0.17421839237213632,44.08798274993896,89.98984475135802,2.249485969543457,4.326247692108154,0.5225545763969421
,,,,3.406636120999792,0.12703058719635507,44.105015373229975,89.97327942848204,2.6301681995391846,2.9236345291137695,0.9509667754173279
,,,,3.416392703999918,0.087498402595525,44.1051679611206,89.97484345436095,2.1809141635894775,3.6918258666992188,0.4390158951282501
,,,,3.427201903000423,0.042031979560857025,44.11704120635986,89.97484345436095,2.2706472873687744,3.1582531929016113,0.3604705333709717
,,,,3.4369273490001433,0.004531121253972259,44.140015220642084,89.97093815803527,2.7519094944000244,3.533391237258911,0.4026736915111542
,,,,3.446685341000375,-0.012031817436213288,44.17954502105712,89.95422024726867,3.0909957885742188,4.4727630615234375,0.7122002243995667
,,,,3.456421570999737,-0.025156760215754304,44.23610744476318,89.95484490394591,2.4714906215667725,3.418837308883667,0.598113477230072
,,,,3.467201841000133,0.010155415534978118,44.30579242706298,89.95484490394591,1.8704410791397095,2.5800588130950928,0.6378282904624939
,,,,3.4769312870002977,0.022343373298649993,44.352512931823725,89.9699987888336,2.2506871223449707,3.743774175643921,0.44755256175994873
,,,,3.4866534049997426,0.08000013828278085,44.39001140594482,89.9699987888336,1.7589006423950195,2.885939121246338,0.5194868445396423
,,,,3.496399172000565,0.12687561511993906,44.43673191070556,89.9699987888336,1.754209280014038,3.081258773803711,0.36225777864456177
,,,,3.5072058739997374,0.1499998331069996,44.48673305511474,89.9699987888336,2.2550625801086426,2.896230459213257,0.556835949420929
,,,,3.5169350010000926,0.16812441349030038,44.518766975402826,89.9699987888336,1.875076174736023,2.721275568008423,0.5626580715179443
,,,,3.526661439000236,0.16999838352203867,44.55751476287841,89.9699987888336,2.016969680786133,2.9123034477233887,0.4820217788219452
,,,,3.536419494999791,0.16999838352203867,44.59219989776611,89.9699987888336,1.9929265975952148,2.840470552444458,0.525278627872467
,,,,3.5472013320004407,0.1343738794326832,44.615479087829584,89.9699987888336,2.480247735977173,3.3128349781036377,0.6431031823158264
,,,,3.5569281230000342,0.09750006198883554,44.61516437530517,89.9699987888336,2.354405164718628,3.627871036529541,0.5213672518730164
,,,,3.566654240999924,0.023750042915349212,44.62516841888427,89.9699987888336,3.0050907135009766,3.4014663696289062,0.5254011750221252
,,,,3.5765224450005917,-0.03140571117400626,44.62516841888427,89.9699987888336,2.699458122253418,3.5195531845092773,0.5999500751495361
,,,,3.586298805000297,-0.08078219890593985,44.62516841888427,89.9699987888336,2.517820358276367,3.188284158706665,0.5601574778556824
,,,,3.597146692000024,-0.08906247615813712,44.62516841888427,89.9699987888336,2.5110368728637695,3.1313185691833496,0.51600581407547
,,,,3.6068698349999977,-0.10109307765960196,44.645948982238764,89.9699987888336,2.6211328506469727,3.3798506259918213,0.4426412582397461
,,,,3.6166580670005715,-0.08921983242034415,44.67657146453857,89.9699987888336,2.122594118118286,2.835357189178467,0.5978454351425171
,,,,3.627504035000129,-0.0700009107589672,44.688139533996576,89.9699987888336,2.675584316253662,3.3219521045684814,0.5963790416717529
,,,,3.6372917240005336,-0.040000700950617585,44.726257896423334,89.9699987888336,2.3264756202697754,2.566079616546631,0.5550025701522827
,,,,3.647026546000234,-0.03218772411345938,44.766264533996576,89.97484345436095,2.437509536743164,2.476003646850586,0.4352380633354187
,,,,3.6567572730000393,-0.010000491142267975,44.76516780853271,89.99140400886535,2.5595366954803467,3.020010471343994,0.3546105921268463
,,,,3.6675686469998254,0.0018751382827808527,44.78704509735107,89.98999733924865,2.338120222091675,2.36134672164917,0.4363842010498047
,,,,3.6773003979997156,-1.2159347484441696e-06,44.78516635894775,89.98999733924865,1.9925402402877808,3.016749620437622,0.5152618885040283
,,,,3.6870209480002814,0.010000443458562103,44.78516635894775,89.98999733924865,2.2064080238342285,3.0814945697784424,0.5131819844245911
,,,,3.696993026999735,0.007499432563786712,44.78516635894775,89.98999733924865,2.2765116691589355,2.9359524250030518,0.5108893513679504
,,,,3.70674538700041,-0.035156035423273835,44.78516635894775,89.98999733924865,2.5583155155181885,2.9841551780700684,0.6300023794174194
,,,,3.7164749290004693,-0.06703259944915274,44.76985988616943,89.98999733924865,2.7849032878875732,3.802260398864746,0.508305549621582
,,,,3.7272941440005525,-0.09578111171721915,44.764547920227045,89.98999733924865,2.521901845932007,2.9973814487457275,0.3456037938594818
,,,,3.7370252219998292,-0.09968879222869376,44.75750980377197,89.97484345436095,2.607635974884033,2.9756507873535156,0.508768618106842
,,,,3.7467814219999127,-0.11515738964080313,44.75750980377197,89.97484345436095,2.8692562580108643,2.9330015182495117,0.545669674873352
,,,,3.7565067080004155,-0.09937646389007071,44.75750980377197,89.97484345436095,2.2942848205566406,2.9089925289154053,0.6612340211868286
,,,,3.766366623000067,-0.1000011205673168,44.75750980377197,89.97484345436095,3.007697343826294,3.848172426223755,0.5025914311408997
,,,,3.777195022000342,-0.07421853542327383,44.77657375335693,89.97484345436095,2.2588677406311035,3.0567445755004883,0.5415067076683044
,,,,3.786936436999895,-0.0700009107589672,44.77517185211181,89.97484345436095,2.923927068710327,3.157731294631958,0.5783763527870178
,,,,3.7966677399999753,-0.028594756126398835,44.783917045593256,89.98749871253966,2.0345547199249268,2.637454032897949,0.33735159039497375
,,,,3.806436611999743,-0.030001425743098054,44.79517040252685,89.98999733924865,2.78611421585083,2.9296352863311768,0.5389785170555115
,,,,3.8173787109999466,0.012344098091130462,44.80282840728759,89.98999733924865,2.146984338760376,3.0881640911102295,0.6607068777084351
,,,,3.8271715199998653,0.013905739784245696,44.80516490936279,89.99265332221984,2.188971757888794,3.1509907245635986,0.499858021736145
,,,,3.8369138950001798,0.029998993873601165,44.80516490936279,90.00000138282775,2.604691505432129,3.7695083618164062,0.3791375756263733
,,,,3.846642477000387,0.029998993873601165,44.80516490936279,90.00000138282775,2.182698965072632,2.927861213684082,0.5411102175712585
,,,,3.8563896840005327,0.029998993873601165,44.80516490936279,90.00000138282775,2.321070671081543,3.294828414916992,0.6214373707771301
,,,,3.867195107000043,-0.005155825614924225,44.80516490936279,90.00000138282775,2.650001049041748,3.1109843254089355,0.41621291637420654
,,,,3.876958410000043,-0.041407370567316804,44.80516490936279,90.00000138282775,3.1239771842956543,3.7550482749938965,0.49555596709251404
,,,,3.8867003049999767,-0.06515624523162344,44.80516490936279,90.00000138282775,2.6981923580169678,3.1353600025177,0.4960832893848419
,,,,3.8964744889999565,-0.07140758037566641,44.80516490936279,90.00000138282775,2.5379321575164795,2.832885503768921,0.49476319551467896
,,,,3.9073300569998537,-0.08515717983245352,44.78751239776611,90.00000138282775,2.865446090698242,3.120792865753174,0.4962196350097656
,,,,3.9171143860003212,-0.08515717983245352,44.78751239776611,90.00000138282775,3.0442943572998047,2.9781606197357178,0.49489501118659973
,,,,3.9268456879999576,-0.08515717983245352,44.78751239776611,90.00000138282775,2.589724540710449,3.72137188911438,0.4949037730693817
,,,,3.936617152000508,-0.07531287670135,44.78751239776611,90.00000138282775,2.543558120727539,3.1813788414001465,0.4094714820384979
,,,,3.947534323000582,-0.06374957561492423,44.80516490936279,90.00000138282775,2.7142913341522217,3.4103095531463623,0.5749934911727905
,,,,3.957285114000115,-0.049999976158137116,44.812203025817865,90.00000138282775,2.25481915473938,3.3028533458709717,0.36902523040771484
,,,,3.967014016000576,-0.028282427787775788,44.82517299652099,90.00000138282775,2.205772876739502,3.2893245220184326,0.32875919342041016
,,,,3.9767416390004655,-0.025314116477961335,44.82892093658447,90.00984330177306,2.4883337020874023,2.869018793106079,0.37037917971611023
,,,,3.98755982900002,-0.010000491142267975,44.83516750335693,90.01000065803527,2.5769202709198,3.3572659492492676,0.5341504216194153
,,,,3.9972905240001637,-0.010000491142267975,44.83516750335693,90.01000065803527,2.3370676040649414,3.6350951194763184,0.4912092983722687
,,,,4.007016642000053,-0.010000491142267975,44.83516750335693,90.01000065803527,2.6073873043060303,3.261420965194702,0.36723196506500244
,,,,4.016746504999901,-0.03703238964080313,44.83516750335693,90.01000065803527,2.7263436317443848,3.2699246406555176,0.488544225692749
,,,,4.02643681400059,-0.05546929836272696,44.83516750335693,90.01577992439269,3.239534854888916,2.9337854385375977,0.3239521384239197
,,,,4.037256509000144,-0.06062629222869376,44.83516750335693,90.01999993324279,2.8167011737823486,3.7142066955566406,0.49405884742736816
,,,,4.047000292000121,-0.07515552043914298,44.81751499176025,90.01999993324279,2.290947198867798,3.269714832305908,0.36755499243736267
,,,,4.056729353999799,-0.08265616893767813,44.81751499176025,90.00484127998351,2.9710512161254883,3.372144937515259,0.49280673265457153
,,,,4.066601782000362,-0.08515717983245352,44.81751499176025,90.00484127998351,3.0216665267944336,3.019918203353882,0.49023640155792236
,,,,4.076372798000193,-0.08515717983245352,44.81751499176025,90.00484127998351,3.1772632598876953,3.6897592544555664,0.4871527850627899
,,,,4.087201197000468,-0.08515717983245352,44.81751499176025,90.00484127998351,2.9275786876678467,3.629852294921875,0.36403965950012207
,,,,4.096934483000041,-0.0596869230270336,44.84235820770263,90.00484127998351,2.213027238845825,3.286371946334839,0.3602074086666107
,,,,4.106686299000103,-0.05734326839446524,44.84517154693603,90.00484127998351,2.4068562984466553,3.2806265354156494,0.569659411907196
,,,,4.116430433999994,-0.030001425743098054,44.84517154693603,90.00484127998351,2.477893590927124,3.2819180488586426,0.4054535925388336
,,,,4.127248495999993,-0.026251101493830475,44.866266822814936,90.00484127998351,2.4322760105133057,2.5450632572174072,0.4865114390850067
,,,,4.136980086999756,-1.2159347484441696e-06,44.86517009735107,90.00484127998351,2.5282022953033447,3.698190927505493,0.4858289361000061
,,,,4.1467173420005565,-1.2159347484441696e-06,44.88516864776611,90.00484127998351,2.3494069576263428,3.280710458755493,0.4484475553035736
,,,,4.156451587999982,0.009530758857732025,44.88516864776611,90.00484127998351,2.5015039443969727,3.284633159637451,0.40840697288513184
,,,,4.167269171000044,0.010000443458562103,44.88516864776611,90.00484127998351,2.1980156898498535,3.02653169631958,0.4859788417816162
,,,,4.177004281999871,0.010000443458562103,44.88516864776611,90.00484127998351,2.575002431869507,3.252570867538452,0.44336459040641785
,,,,4.186748416999762,-0.012186789512629304,44.88516864776611,90.00484127998351,3.006584882736206,3.283482313156128,0.36190885305404663
,,,,4.1964875270004995,-0.015157485008234772,44.88516864776611,90.00484127998351,2.7206621170043945,3.2549893856048584,0.48536959290504456
,,,,4.207310581999991,-0.03734471797942618,44.88516864776611,90.00484127998351,2.9478325843811035,3.2848639488220215,0.39953818917274475
,,,,4.217056444999798,-0.035156035423273835,44.8725133895874,90.00484127998351,2.436115026473999,3.625272035598755,0.4813734292984009
,,,,4.226812740000241,-0.035156035423273835,44.86751613616943,90.00484127998351,2.3894236087799072,3.0591468811035156,0.4810858368873596
,,,,4.236543529999835,-0.035156035423273835,44.86751613616943,90.00484127998351,2.7999165058135986,3.245682716369629,0.3560117185115814
,,,,4.24736072900032,-0.023907446861262116,44.86751613616943,90.00484127998351,2.116629123687744,3.7532143592834473,0.31539103388786316
,,,,4.25710377500036,-0.010000491142267975,44.88516864776611,90.00484127998351,2.8465471267700195,3.683781385421753,0.48174217343330383
,,,,4.266827876999741,0.031563019752507415,44.88516864776611,90.00484127998351,2.164001226425171,3.6542136669158936,0.482222318649292
,,,,4.276576332000332,0.04000065326691171,44.906263923645014,90.02218861579894,2.4754180908203125,3.1178836822509766,0.24117089807987213
,,,,4.2864458479998575,0.08437511920929452,44.90516719818115,90.01999993324279,1.9545642137527466,3.1812033653259277,0.31683260202407837
,,,,4.297270118000597,0.08999941349030038,44.925165748596186,90.01999993324279,2.3669471740722656,3.0644493103027344,0.4041394293308258
,,,,4.307126225000502,0.12812492847443124,44.925165748596186,90.02437252998351,2.0647029876708984,3.144258975982666,0.23692329227924347
,,,,4.316871544000605,0.12999889850616952,44.93516979217529,90.0299992084503,2.347482919692993,3.269160509109497,0.3218972384929657
,,,,4.326616223000201,0.15187380313873788,44.93516979217529,90.0299992084503,2.1495115756988525,3.607964515686035,0.3214534521102905
,,,,4.337443725999947,0.1499998331069996,44.93516979217529,90.0299992084503,1.9239869117736816,3.0246641635894775,0.3200525939464569
,,,,4.347198100999776,0.1499998331069996,44.93516979217529,90.0299992084503,2.0021557807922363,3.0067036151885986,0.23319023847579956
,,,,4.35707203200036,0.12437460422516367,44.93516979217529,90.0299992084503,2.748411178588867,3.1576731204986572,0.32001110911369324
,,,,4.3668188550000195,0.12484428882599374,44.919386482238764,90.0299992084503,2.148658275604248,3.6002321243286133,0.2781285345554352
,,,,4.376602127000297,0.1037490129470875,44.91750774383544,90.0299992084503,2.2612202167510986,3.2638890743255615,0.3185878098011017
,,,,4.386405528000068,0.10484335422516367,44.91750774383544,90.0299992084503,2.1060378551483154,3.181692361831665,0.31610792875289917
,,,,4.397232103000533,0.10484335422516367,44.91750774383544,90.01374859809874,2.3546836376190186,3.099544048309326,0.7326833605766296
,,,,4.4069590529998095,0.10484335422516367,44.91750774383544,90.01484532356261,2.1896207332611084,3.284942388534546,0.2744654715061188
,,,,4.4167147719999775,0.11999962329865,44.91750774383544,90.01484532356261,2.3096024990081787,3.6136553287506104,0.35612115263938904
,,,,4.427552739000021,0.11999962329865,44.91750774383544,90.01484532356261,2.0673716068267822,3.189487934112549,0.35686546564102173
,,,,4.437298345999807,0.14000055789948007,44.94735774993896,90.01484532356261,2.147939682006836,2.9404633045196533,0.3559524416923523
,,,,4.447056466000504,0.14000055789948007,44.945164299011225,90.01484532356261,2.1871376037597656,3.3574461936950684,0.23321235179901123
,,,,4.456799000000501,0.1499998331069996,44.945164299011225,90.01484532356261,1.9908111095428467,3.2774462699890137,0.3572666049003601
,,,,4.467626695000035,0.1499998331069996,44.945164299011225,90.01484532356261,2.0657527446746826,3.270418882369995,0.3160960078239441
,,,,4.4773459010002625,0.1499998331069996,44.945164299011225,90.01484532356261,1.994969129562378,2.940063238143921,0.3137161135673523
,,,,4.487134996999885,0.12484428882599374,44.945164299011225,90.01484532356261,2.3450801372528076,3.26893949508667,0.3151358366012573
,,,,4.496867292000388,0.09250042438507577,44.945164299011225,90.01484532356261,2.417283058166504,3.6063759326934814,0.48296186327934265
,,,,4.506592929999897,0.06953117847443124,44.945164299011225,90.01078267097472,2.344799041748047,3.273646831512451,0.47320112586021423
,,,,4.517447313000048,0.03421900272369882,44.92954311370849,90.00484127998351,2.86238431930542,3.59399151802063,0.5574023127555847
,,,,4.527201241000512,0.0029694795608570246,44.927511787414545,90.00140328407286,2.718780040740967,3.6171207427978516,0.47626811265945435
,,,,4.536968479999814,-0.024844431877131257,44.927511787414545,89.99484200477599,2.498283624649048,3.272488832473755,0.39399731159210205
,,,,4.5466938300005495,-0.035156035423273835,44.927511787414545,89.99484200477599,2.061462640762329,3.26414155960083,0.43473589420318604
,,,,4.5564759500002765,-0.04312636852263907,44.927511787414545,89.99484200477599,2.9267654418945312,3.5996739864349365,0.39246422052383423
,,,,4.567303036999874,-0.04515769481658438,44.927511787414545,89.99484200477599,2.401904582977295,3.2682251930236816,0.389680415391922
,,,,4.577068804999726,-0.04515769481658438,44.927511787414545,89.99484200477599,2.441387891769409,3.604329824447632,0.3899681568145752
,,,,4.586827371999789,-0.04515769481658438,44.927511787414545,89.99484200477599,2.1677887439727783,3.2734973430633545,0.3478122055530548
,,,,4.596558705999996,-0.04515769481658438,44.94735774993896,89.99484200477599,2.6800172328948975,2.9427847862243652,0.3902777433395386
,,,,4.60737632099972,-0.04515769481658438,44.945164299011225,89.99484200477599,2.663294792175293,3.2635719776153564,0.4711759388446808
,,,,4.617118567000034,-0.04515769481658438,44.955168342590326,89.99484200477599,2.4989941120147705,2.9890921115875244,0.4717097878456116
,,,,4.626842253000177,-0.04515769481658438,44.955168342590326,89.99484200477599,2.165466785430908,3.273242235183716,0.5538986921310425
,,,,4.6365793160002795,-0.04515769481658438,44.955168342590326,89.99484200477599,2.3522746562957764,3.5981645584106445,0.4719476103782654
,,,,4.647395042000426,-0.05109431743621329,44.955168342590326,89.99484200477599,2.5772225856781006,3.5963058471679688,0.47236359119415283
,,,,4.657145257000593,-0.06515624523162344,44.955168342590326,89.99484200477599,2.8293046951293945,3.2737436294555664,0.349193274974823
,,,,4.666868207000334,-0.06515624523162344,44.93751583099365,89.99484200477599,2.6501271724700928,3.596270799636841,0.4721319079399109
,,,,4.676617174000057,-0.06515624523162344,44.93751583099365,89.99484200477599,2.647909164428711,3.273167133331299,0.4722219705581665
,,,,4.687450981000438,-0.07547023296355704,44.93751583099365,89.99484200477599,2.2988414764404297,3.353229284286499,0.3918280005455017
,,,,4.697196172000076,-0.07515552043914298,44.93751583099365,89.99484200477599,2.615999460220337,3.598090887069702,0.30892571806907654
,,,,4.706952403000287,-0.07515552043914298,44.93751583099365,89.99484200477599,2.2630536556243896,3.272181272506714,0.3912125527858734
,,,,4.71777344200018,-0.07515552043914298,44.93751583099365,89.99484200477599,2.1356217861175537,3.312450885772705,0.34731703996658325
,,,,4.726762381000299,-0.052813315391535554,44.93751583099365,89.99484200477599,2.3119735717773438,3.2733612060546875,0.43009185791015625
,,,,4.736533684000278,-0.049999976158137116,44.95595035552978,89.99484200477599,2.348437786102295,3.1544477939605713,0.34935709834098816
,,,,4.746364925999842,-0.049999976158137116,44.97001705169677,89.99484200477599,2.0326802730560303,2.958261013031006,0.4312315881252289
,,,,4.757264720000421,-0.028125071525568757,44.98251018524169,89.99484200477599,2.501255989074707,3.575549364089966,0.47542983293533325
,,,,4.767014167000525,-0.030001425743098054,44.98517093658447,89.99484200477599,2.3674135208129883,3.574963331222534,0.39272335171699524
,,,,4.7767584610000995,-0.030001425743098054,44.9897008895874,89.99484200477599,2.86576771736145,3.124081611633301,0.35138192772865295
,,,,4.786501315999885,-0.030001425743098054,44.995165443420404,89.99484200477599,2.7543632984161377,3.13326096534729,0.35165056586265564
,,,,4.797378037000271,-0.030001425743098054,44.995165443420404,89.99484200477599,2.6663148403167725,3.0699305534362793,0.47425636649131775
,,,,4.80711922699993,-0.030001425743098054,45.003290748596186,89.99484200477599,2.391218423843384,2.991584539413452,0.47453126311302185
,,,,4.816882819000057,-0.030001425743098054,45.005169486999506,89.99484200477599,2.633033514022827,3.128103017807007,0.5580816864967346
,,,,4.826653322999846,-0.03250005245208243,45.005169486999506,89.99484200477599,2.1579933166503906,3.5579936504364014,0.4748691916465759
,,,,4.836451922999913,-0.04515769481658438,45.005169486999506,89.99484200477599,2.58660626411438,3.2006607055664062,0.39349350333213806
,,,,4.847336228000131,-0.04515769481658438,45.005169486999506,89.99484200477599,2.7056472301483154,3.268735408782959,0.4722326099872589
,,,,4.857111500000428,-0.04515769481658438,45.005169486999506,89.99484200477599,2.721374750137329,3.190534830093384,0.39016398787498474
,,,,4.866899251999712,-0.04515769481658438,45.005169486999506,89.99484200477599,2.312485456466675,3.1265082359313965,0.3881094455718994
,,,,4.876652668000133,-0.04515769481658438,45.01173076629638,89.99484200477599,2.4283089637756348,3.1283297538757324,0.3086192309856415
,,,,4.886420771000303,-0.030001425743098054,45.025168037414545,89.99484200477599,2.187886953353882,3.229663848876953,0.390850692987442
,,,,4.897459354000603,-0.030001425743098054,45.05250988006591,89.99484200477599,2.5858194828033447,2.9048051834106445,0.3915894031524658
,,,,4.907210465000389,-0.013438487052912507,45.055170631408686,89.99484200477599,2.424071788787842,2.9737865924835205,0.35209304094314575
,,,,4.916946407000069,-0.010000491142267975,45.085173225402826,89.99484200477599,2.3250629901885986,2.9288878440856934,0.39500540494918823
,,,,4.926677294000001,-0.010000491142267975,45.116110420227045,89.99484200477599,2.4497129917144775,2.5379462242126465,0.35438817739486694
,,,,4.9375008280003385,-1.2159347484441696e-06,45.1151662826538,89.99484200477599,2.4108283519744873,2.9554636478424072,0.482138067483902
,,,,4.94722630599972,-1.2159347484441696e-06,45.13516483306884,90.01015324592589,2.827085018157959,2.7772586345672607,0.19768011569976807
,,,,4.956973577000099,-1.2159347484441696e-06,45.13516483306884,90.01000065803527,2.389622211456299,2.984893798828125,0.3160845935344696
,,,,4.966715600000498,-0.015157485008234772,45.13516483306884,90.01000065803527,2.2328455448150635,2.7043304443359375,0.5673842430114746
,,,,4.976476695000201,-0.019532465934748444,45.13516483306884,90.01000065803527,2.5544190406799316,2.7393970489501953,0.27396902441978455
,,,,4.9872928049999246,-0.035156035423273835,45.13516483306884,90.01000065803527,2.9072301387786865,2.839296817779541,0.3565309941768646
,,,,4.997085934000097,-0.035156035423273835,45.13516483306884,90.01000065803527,2.629443883895874,2.9301226139068604,0.3165006935596466
,,,,5.006859830000394,-0.035156035423273835,45.13516483306884,90.01000065803527,2.7308216094970703,2.738929271697998,0.39685148000717163
,,,,5.0166072290003285,-0.035156035423273835,45.13516483306884,90.01000065803527,2.3257288932800293,2.7487661838531494,0.4422066807746887
,,,,5.027427339000496,-0.035156035423273835,45.13516483306884,90.01000065803527,2.6755597591400146,2.8396925926208496,0.35505303740501404
,,,,5.037158898000598,-0.035156035423273835,45.13516483306884,90.01000065803527,2.544170618057251,2.7750368118286133,0.3169499933719635
,,,,5.046892248000404,-0.01781346797942618,45.13516483306884,90.01000065803527,2.6898694038391113,2.688720941543579,0.43924617767333984
,,,,5.056626909999977,-0.019999766349787507,45.13516483306884,90.01000065803527,2.1528944969177246,2.7298996448516846,0.3574507534503937
,,,,5.066517803000352,-1.2159347484441696e-06,45.14110622406005,90.01000065803527,2.43034291267395,2.60857892036438,0.3587839603424072
,,,,5.077435741000045,-1.2159347484441696e-06,45.14516887664794,90.01000065803527,2.3806607723236084,2.906104564666748,0.3582116663455963
,,,,5.087201987999833,-1.2159347484441696e-06,45.14516887664794,90.01000065803527,2.576345205307007,2.89634370803833,0.398415207862854
,,,,5.096950379000191,-1.2159347484441696e-06,45.14516887664794,90.01000065803527,2.5518064498901367,2.5693657398223877,0.3151160478591919
,,,,5.1067368829999396,-1.2159347484441696e-06,45.14516887664794,90.01000065803527,2.582408905029297,2.666548013687134,0.3150010406970978
,,,,5.116551965000326,-1.2159347484441696e-06,45.14516887664794,90.01000065803527,2.7973718643188477,2.616068124771118,0.2746616005897522
,,,,5.127398732000074,-1.2159347484441696e-06,45.14516887664794,90.01000065803527,2.9074783325195312,2.6662991046905518,0.5250183343887329
,,,,5.137148722999882,-0.01750113964080313,45.14516887664794,90.01000065803527,2.730997323989868,2.943915605545044,0.4801240563392639
,,,,5.146908890999839,-0.015157485008234772,45.14516887664794,90.01000065803527,2.3247764110565186,2.426920175552368,0.3990948498249054
,,,,5.156730628000332,-0.015157485008234772,45.14516887664794,90.01000065803527,2.204833984375,2.4967129230499268,0.43888726830482483
,,,,5.166536397000527,-0.015157485008234772,45.14516887664794,90.01000065803527,2.5391998291015625,2.5120956897735596,0.311935156583786
,,,,5.17739916499977,-0.015157485008234772,45.14516887664794,90.01000065803527,2.5256943702697754,2.566281795501709,0.3140128254890442
,,,,5.187144323999746,-0.015157485008234772,45.14516887664794,90.01000065803527,2.5481693744659424,2.5411527156829834,0.47799572348594666
,,,,5.196896426999956,-0.007187151908869538,45.14516887664794,90.01000065803527,2.4251508712768555,2.6284139156341553,0.31352201104164124
,,,,5.206752437999967,-1.2159347484441696e-06,45.14516887664794,90.01000065803527,2.3774874210357666,2.5312294960021973,0.35653048753738403
,,,,5.21654431800016,0.004218792915349212,45.14516887664794,90.01000065803527,2.384474754333496,2.532075881958008,0.31480565667152405
,,,,5.227379148999717,0.010000443458562103,45.14516887664794,90.01000065803527,2.376654863357544,2.686372756958008,0.23034943640232086
,,,,5.237299578000602,0.010000443458562103,45.14516887664794,90.01000065803527,1.953536868095398,2.6288695335388184,0.3562339246273041
,,,,5.247108259000015,0.010000443458562103,45.14516887664794,90.01000065803527,2.7034242153167725,2.6291091442108154,0.31129491329193115
,,,,5.256918732000486,0.010000443458562103,45.14516887664794,90.01000065803527,2.5726239681243896,2.628927707672119,0.4789666533470154
,,,,5.266674643000442,0.02156136035919687,45.14516887664794,90.01000065803527,2.3836069107055664,2.5527052879333496,0.394939661026001
,,,,5.276450649999788,0.019999718666081634,45.14516887664794,90.01000065803527,2.2478041648864746,2.4898667335510254,0.3120066225528717
,,,,5.287421934000122,0.004843449592595306,45.14516887664794,90.01000065803527,2.3349039554595947,2.4613068103790283,0.3921213448047638
,,,,5.297286265000366,0.004843449592595306,45.127516365051264,90.01000065803527,2.6064133644104004,2.6145992279052734,0.35579895973205566
,,,,5.307033695999962,-0.005155825614924225,45.127516365051264,90.01000065803527,2.447269916534424,2.6144726276397705,0.3525169789791107
,,,,5.316787079000278,-0.005155825614924225,45.127516365051264,90.01000065803527,2.5814104080200195,2.4549753665924072,0.26837313175201416
,,,,5.3265529099999185,-0.005155825614924225,45.127516365051264,90.01000065803527,2.3418023586273193,2.612016439437866,0.30988720059394836
,,,,5.337490240000079,-0.005155825614924225,45.127516365051264,89.9937500476837,2.3535664081573486,2.5170280933380127,0.47317272424697876
,,,,5.347281864999786,-0.005155825614924225,45.127516365051264,89.99484200477599,2.401993989944458,2.489999771118164,0.3121938407421112
,,,,5.3571038259997295,-0.005155825614924225,45.127516365051264,89.99484200477599,2.131009340286255,2.5259134769439697,0.3914642333984375
,,,,5.366911387000073,-0.005155825614924225,45.127516365051264,89.99484200477599,2.9037790298461914,2.4397714138031006,0.43375441431999207
,,,,5.376654241999859,-0.005155825614924225,45.127516365051264,89.99484200477599,2.4670960903167725,2.475787401199341,0.39168843626976013
,,,,5.386437961999945,-0.005155825614924225,45.127516365051264,89.99484200477599,2.37427020072937,2.459007501602173,0.35061386227607727
,,,,5.397364604000359,-0.005155825614924225,45.127516365051264,89.99484200477599,2.680774450302124,2.387030839920044,0.3090815842151642
,,,,5.407135587000084,-0.005155825614924225,45.127516365051264,89.99484200477599,2.349024772644043,2.5110957622528076,0.3948517441749573
,,,,5.416911338999853,-0.005155825614924225,45.11766490936279,89.99484200477599,2.6672658920288086,2.618701934814453,0.3516973853111267
,,,,5.426672401999895,-0.005155825614924225,45.11485157012939,89.99484200477599,2.574829339981079,2.460531234741211,0.5551415085792542
,,,,5.436442617000466,-0.01640679836272696,45.09985980987548,89.99484200477599,2.6383209228515625,2.6686110496520996,0.3532142639160156
,,,,5.447309033000238,-0.018593096733088288,45.09751377105712,89.99484200477599,2.5722737312316895,2.5842363834381104,0.22808139026165009
,,,,5.457115442000031,-0.025156760215754304,45.08954105377197,89.98484272956847,2.2711682319641113,2.8486268520355225,0.4742230176925659
,,,,5.466940475999763,-0.025156760215754304,45.077515220642084,89.98484272956847,2.5447959899902344,2.621798515319824,0.47400352358818054
,,,,5.4766875220002476,-0.025156760215754304,45.068293190002436,89.98484272956847,2.0834550857543945,2.627056360244751,0.4343322813510895
,,,,5.4864787630003775,-0.025156760215754304,45.06751117706298,89.98484272956847,2.7171902656555176,2.844883918762207,0.47461360692977905
,,,,5.497349690999727,-0.025156760215754304,45.06048259735107,89.98484272956847,2.5434811115264893,2.5402731895446777,0.5552206039428711
,,,,5.507135138999729,-0.025156760215754304,45.057516670227045,89.98484272956847,2.449239492416382,2.4237325191497803,0.47360095381736755
,,,,5.516908202000195,-0.025156760215754304,45.057516670227045,89.98484272956847,2.4510202407836914,2.428166389465332,0.43251165747642517
,,,,5.526652305000425,-0.025156760215754304,45.057516670227045,89.98484272956847,2.8631362915039062,2.4129903316497803,0.3917161524295807
,,,,5.5364437369999,-0.009530806541437897,45.057516670227045,89.98484272956847,2.2105679512023926,2.4659080505371094,0.47230470180511475
,,,,5.547328138000012,-0.010000491142267975,45.057516670227045,89.98484272956847,2.601271390914917,2.5409023761749268,0.39075249433517456
,,,,5.55711144199995,-0.010000491142267975,45.057516670227045,89.98484272956847,2.208895444869995,2.541072130203247,0.4712692201137543
,,,,5.566934939000021,-0.010000491142267975,45.057516670227045,89.98484272956847,3.025391101837158,2.603431463241577,0.34975650906562805
,,,,5.576682210000399,-0.010000491142267975,45.057516670227045,89.98484272956847,2.3804521560668945,2.634652853012085,0.4702111780643463
,,,,5.586493451000024,-0.010000491142267975,45.05297718048095,89.98484272956847,2.2603888511657715,2.6473357677459717,0.5510358214378357
,,,,5.597359707000578,-0.010000491142267975,45.03860530853271,89.98484272956847,2.4790749549865723,2.9048027992248535,0.30975455045700073
,,,,5.607146723000369,-0.010000491142267975,45.03750858306884,89.98484272956847,3.0033280849456787,2.531081199645996,0.47089776396751404
,,,,5.616921994000222,-0.025156760215754304,45.027514076232904,89.98484272956847,2.4076106548309326,2.6150612831115723,0.3102699816226959
,,,,5.626685105999968,-0.025156760215754304,45.022516822814936,89.98484272956847,2.284597873687744,2.6460928916931152,0.4714601933956146
,,,,5.636457465000603,-0.025156760215754304,45.0175100326538,89.98484272956847,2.6887521743774414,2.722966194152832,0.47169336676597595
,,,,5.647312136999972,-0.007656836509699616,45.0175100326538,89.98484272956847,2.3401741981506348,2.652162551879883,0.4713965952396393
,,,,5.657065295000393,-0.010000491142267975,45.0175100326538,89.98484272956847,2.099066972732544,2.638566255569458,0.4718335270881653
,,,,5.666825367000456,-0.010000491142267975,45.0175100326538,89.98484272956847,2.59615421295166,2.5155510902404785,0.6330299973487854
,,,,5.676590525999927,-0.007187151908869538,45.0175100326538,89.98484272956847,2.3245718479156494,2.6451327800750732,0.4722117483615875
,,,,5.687434829000267,0.01218674182892343,45.0175100326538,89.98484272956847,2.0210084915161133,2.642200469970703,0.5123012661933899
,,,,5.697198836000098,0.010000443458562103,45.0175100326538,89.98484272956847,2.798140525817871,2.645399808883667,0.3915055990219116
,,,,5.706953179000266,0.019999718666081634,45.0175100326538,89.98484272956847,2.1413257122039795,2.6453185081481934,0.4314306676387787
,,,,5.716722115000266,0.019999718666081634,45.0175100326538,90.00000138282775,2.7115819454193115,2.515437364578247,0.4330101013183594
,,,,5.72657783700015,0.019999718666081634,45.0175100326538,90.00000138282775,2.3310461044311523,2.924905776977539,0.35015517473220825
,,,,5.7374221720001515,0.030468678474431243,45.0175100326538,90.00000138282775,2.322859764099121,2.4903786182403564,0.47254517674446106
,,,,5.746431751999808,0.029998993873601165,45.0175100326538,90.00000138282775,2.0708560943603516,2.629927158355713,0.35089707374572754
,,,,5.757307896000384,0.029998993873601165,45.0175100326538,90.00000138282775,2.4217705726623535,2.9237401485443115,0.39127910137176514
,,,,5.767115009000008,0.029998993873601165,45.0175100326538,90.00000138282775,2.6703460216522217,2.636730670928955,0.47185736894607544
,,,,5.776934921999782,0.029998993873601165,45.0175100326538,90.00468869209288,2.2742841243743896,2.656668186187744,0.30854716897010803
,,,,5.786678161000054,0.029998993873601165,45.0175100326538,90.01000065803527,2.293821334838867,2.426150321960449,0.4736461639404297
,,,,5.796474873000079,0.029998993873601165,45.0175100326538,90.01000065803527,2.107431173324585,2.418290615081787,0.3493991494178772
,,,,5.8073379930001465,0.029998993873601165,45.0175100326538,90.01000065803527,2.585296392440796,2.643160820007324,0.3478836417198181
,,,,5.8170921760001875,0.034686303138737884,45.0175100326538,90.01000065803527,2.3965108394622803,2.8687188625335693,0.39096716046333313
,,,,5.826842487000249,0.04000065326691171,45.0175100326538,90.01000065803527,2.6062729358673096,2.9411988258361816,0.469788134098053
,,,,5.83662652700059,0.05328056812286874,45.0175100326538,90.01000065803527,2.211125612258911,2.6434226036071777,0.4315580129623413
,,,,5.846423335000509,0.059999203681950775,45.0175100326538,90.01000065803527,2.5976402759552,2.5033814907073975,0.4343433082103729
,,,,5.857306200000494,0.059999203681950775,45.0175100326538,90.01000065803527,2.27919602394104,2.6170735359191895,0.47581201791763306
,,,,5.867062846999943,0.07078049182892343,45.0175100326538,90.01000065803527,1.9966524839401245,2.38449764251709,0.306413471698761
,,,,5.876832005999859,0.0699984788894703,45.0175100326538,90.01000065803527,2.1066982746124268,2.377880811691284,0.3066505491733551
,,,,5.886581773000216,0.0699984788894703,45.0175100326538,90.01000065803527,2.118868350982666,2.8973276615142822,0.4766998887062073
,,,,5.897417051000048,0.0699984788894703,45.0175100326538,90.01000065803527,1.9634678363800049,2.5040390491485596,0.38844847679138184
,,,,5.9072150120000515,0.0699984788894703,45.0175100326538,90.01000065803527,2.2785396575927734,2.6642467975616455,0.30837419629096985
,,,,5.916972715000156,0.061093544960026946,45.0175100326538,90.01000065803527,2.2410781383514404,2.627000570297241,0.39437368512153625
,,,,5.926722834000429,0.05484220981598398,45.0175100326538,90.01000065803527,2.1063363552093506,2.4295735359191895,0.3067471981048584
,,,,5.9364887290003026,0.05484220981598398,45.0175100326538,90.01000065803527,2.6002817153930664,2.489260196685791,0.47039932012557983
,,,,5.947342632000073,0.05484220981598398,45.0175100326538,90.01000065803527,2.2915470600128174,2.615964412689209,0.3498477041721344
,,,,5.957132016999822,0.05484220981598398,45.0175100326538,90.01000065803527,2.279066801071167,2.3838131427764893,0.3918531835079193
,,,,5.966950521999934,0.05484220981598398,45.0175100326538,90.01000065803527,2.249385356903076,2.8964719772338867,0.26680585741996765
,,,,5.976777091999793,0.05484220981598398,45.0175100326538,90.01000065803527,2.1322648525238037,2.490098476409912,0.30769532918930054
,,,,5.986576043999776,0.05484220981598398,45.0175100326538,90.01000065803527,2.3181726932525635,2.363967180252075,0.3072773814201355
,,,,5.997414362999734,0.05484220981598398,45.0175100326538,90.01000065803527,2.3145198822021484,2.387899875640869,0.3529210686683655
,,,,6.007172065999839,0.05484220981598398,45.0175100326538,90.01000065803527,2.4573354721069336,2.9174811840057373,0.34858885407447815
,,,,6.0169443940003475,0.05484220981598398,45.0175100326538,90.01000065803527,2.383997678756714,2.6166625022888184,0.307975172996521
,,,,6.0266950880004515,0.04515526294708749,45.0175100326538,90.01000065803527,2.2423627376556396,2.356616258621216,0.30816981196403503
,,,,6.036498489000223,0.03984329700470468,45.0175100326538,90.01000065803527,1.995360255241394,2.384437084197998,0.3094508945941925
,,,,6.047344487999908,0.034843659400944915,45.01236019134521,90.01000065803527,2.510178804397583,2.928492784500122,0.35258370637893677
,,,,6.0573994180003865,0.023905014991765228,45.001574134826654,90.01000065803527,2.2926790714263916,2.9196434020996094,0.3945150375366211
,,,,6.06716553699971,0.024844384193425384,44.99157962799072,90.01000065803527,2.4008474349975586,2.7035207748413086,0.22776789963245392
,,,,6.076901319999706,0.004843449592595306,44.987516975402826,90.01000065803527,2.359325647354126,2.922562599182129,0.39312103390693665
,,,,6.0866467020005075,0.004843449592595306,44.98094615936279,90.01000065803527,2.704953908920288,2.7186176776885986,0.30943742394447327
,,,,6.096483608000199,-0.0048434972763011785,44.9717336654663,89.99281067848204,2.5903708934783936,2.718628168106079,0.6348475813865662
,,,,6.107325287000094,-0.005155825614924225,44.96750888824462,89.99484200477599,2.847012758255005,2.6380932331085205,0.5165663361549377
,,,,6.117104910999842,-0.005155825614924225,44.95766696929931,89.99484200477599,2.42864990234375,2.672438859939575,0.47417089343070984
,,,,6.126853110000411,-0.005155825614924225,44.957514381408686,89.99484200477599,2.7355034351348877,2.950434923171997,0.3508746027946472
,,,,6.136616540999967,-0.005155825614924225,44.957514381408686,89.99484200477599,2.4279842376708984,2.950514316558838,0.3081059753894806
,,,,6.147528942000463,-0.005155825614924225,44.957514381408686,89.99484200477599,2.5134782791137695,2.632601261138916,0.34896254539489746
,,,,6.157326198999726,-0.005155825614924225,44.957514381408686,89.99484200477599,2.3534131050109863,2.9502034187316895,0.4745740592479706
,,,,6.167073214000084,-0.005155825614924225,44.957514381408686,89.99484200477599,2.3537135124206543,2.590019464492798,0.4332773685455322
,,,,6.176828612999998,-0.005155825614924225,44.957514381408686,89.99484200477599,2.4813718795776367,2.783820629119873,0.3496028184890747
,,,,6.186585196000124,-0.005155825614924225,44.947510337829584,89.99484200477599,2.3761165142059326,2.7033603191375732,0.350659042596817
,,,,6.197431579000295,-0.005155825614924225,44.947510337829584,89.99484200477599,2.6086432933807373,2.9465081691741943,0.3900165855884552
,,,,6.207230851000531,-0.005155825614924225,44.947510337829584,89.99484200477599,2.718702793121338,3.1037583351135254,0.3906542956829071
,,,,6.216999402000511,-0.005155825614924225,44.940167045593256,89.99484200477599,2.441927909851074,3.0225436687469482,0.39148440957069397
,,,,6.226816979000432,-0.005155825614924225,44.93751583099365,89.99484200477599,2.349309206008911,3.0279204845428467,0.39037126302719116
,,,,6.236617499999738,-0.005155825614924225,44.93751583099365,89.99484200477599,2.323552131652832,3.1072473526000977,0.47247228026390076
,,,,6.247536237000531,-0.005155825614924225,44.93751583099365,89.99484200477599,2.366098642349243,2.938546895980835,0.3903818428516388
,,,,6.257324148999942,-0.005155825614924225,44.93751583099365,89.99484200477599,2.5933191776275635,2.942392349243164,0.3493941128253937
,,,,6.2670698510000875,-0.005155825614924225,44.93751583099365,89.99484200477599,2.377955675125122,2.9377787113189697,0.39009690284729004
,,,,6.276851331000216,-0.005155825614924225,44.93751583099365,89.99484200477599,2.3718488216400146,2.604257583618164,0.472160279750824
,,,,6.286648395000157,-0.005155825614924225,44.93751583099365,89.99484200477599,2.641263723373413,2.6081113815307617,0.47147732973098755
,,,,6.296470899999804,-0.005155825614924225,44.93751583099365,89.99484200477599,2.788609266281128,2.9421627521514893,0.4715837240219116
,,,,6.307357509000212,-0.005155825614924225,44.93751583099365,89.99484200477599,2.462965488433838,2.937572956085205,0.47398123145103455
,,,,6.31718689399986,-0.005155825614924225,44.93751583099365,89.99484200477599,2.4075796604156494,2.6936492919921875,0.4726494252681732
,,,,6.326945908999733,-0.005155825614924225,44.93751583099365,89.99484200477599,2.567366361618042,2.9388587474823,0.4730992019176483
,,,,6.336699739999858,-0.005155825614924225,44.93751583099365,89.99484200477599,2.395772933959961,3.029559373855591,0.47290197014808655
,,,,6.346463587000471,-0.005155825614924225,44.93751583099365,89.99484200477599,2.7029919624328613,3.1107900142669678,0.4733675420284271
,,,,6.357302289000472,-0.005155825614924225,44.93751583099365,89.99484200477599,2.377775192260742,3.115875005722046,0.3101930618286133
,,,,6.367025655000361,-0.005155825614924225,44.93751583099365,89.99484200477599,2.2483413219451904,2.9392619132995605,0.35011062026023865
,,,,6.376790334000361,-0.005155825614924225,44.93751583099365,89.99484200477599,2.505934000015259,2.9373724460601807,0.392421692609787
,,,,6.386547396999958,-0.005155825614924225,44.93751583099365,89.99484200477599,2.3718111515045166,2.938711643218994,0.4758312702178955
,,,,6.39735077000023,-0.005155825614924225,44.93751583099365,89.99484200477599,2.7158544063568115,2.935112714767456,0.31238850951194763
,,,,6.40707688800012,-0.005155825614924225,44.93751583099365,89.99484200477599,2.581395149230957,2.94362473487854,0.475906640291214
,,,,6.416807389000496,-0.005155825614924225,44.93751583099365,89.99484200477599,2.618431329727173,2.9431867599487305,0.4765399694442749
,,,,6.4265603880003255,-0.005155825614924225,44.93751583099365,89.99484200477599,2.4471285343170166,2.9348978996276855,0.47592753171920776
,,,,6.437349713000003,-0.005155825614924225,44.93751583099365,89.99484200477599,2.2512216567993164,2.9297475814819336,0.47680315375328064
,,,,6.4470718620004845,-0.005155825614924225,44.93751583099365,89.99484200477599,2.6810691356658936,2.64506459236145,0.3559671938419342
,,,,6.456800380000459,-0.005155825614924225,44.93751583099365,89.99484200477599,2.7180333137512207,3.11210298538208,0.4785042703151703
,,,,6.466558050999993,-0.005155825614924225,44.93751583099365,89.99484200477599,2.3564693927764893,2.937520980834961,0.3960517346858978
,,,,6.477358320000349,-0.005155825614924225,44.95626506805419,89.99484200477599,2.1114842891693115,2.6573143005371094,0.5604130625724792
,,,,6.487181784999848,-0.005155825614924225,44.955168342590326,89.99484200477599,2.351349353790283,2.94000244140625,0.47909486293792725
,,,,6.4969435519997205,-0.005155825614924225,44.955168342590326,89.99484200477599,2.706653594970703,2.9399073123931885,0.47832950949668884
,,,,6.506678214000203,-0.005155825614924225,44.955168342590326,89.99484200477599,2.424159288406372,2.6133110523223877,0.3951531648635864
,,,,6.5165267359998325,-0.005155825614924225,44.955168342590326,89.99484200477599,2.2829575538635254,2.9382810592651367,0.5182749032974243
,,,,6.5273781750001945,-0.005155825614924225,44.955168342590326,89.99484200477599,2.3808107376098633,2.939485788345337,0.47660285234451294
,,,,6.537112261000402,-0.005155825614924225,44.955168342590326,89.99484200477599,2.3248560428619385,2.939390182495117,0.5174859166145325
,,,,6.546843850999721,-0.005155825614924225,44.955168342590326,89.99484200477599,2.3974294662475586,2.696197509765625,0.3952542245388031
,,,,6.556600177999826,-0.005155825614924225,44.955168342590326,89.99484200477599,2.42801833152771,2.613590955734253,0.4761550724506378
,,,,6.567420991999825,-0.005155825614924225,44.955168342590326,89.99484200477599,2.464906930923462,2.937326669692993,0.31342461705207825
,,,,6.577172006000183,-0.005155825614924225,44.955168342590326,89.99484200477599,2.3973639011383057,2.938345432281494,0.3944452106952667
,,,,6.586948750000374,-0.005155825614924225,44.955168342590326,89.99484200477599,2.1276164054870605,2.6555001735687256,0.3126086890697479
,,,,6.596679315000074,0.010000443458562103,44.955168342590326,89.99484200477599,1.9883620738983154,3.0209884643554688,0.4749859869480133
,,,,6.606459675000224,0.010000443458562103,44.96625957489013,89.99484200477599,2.722137451171875,2.936818838119507,0.558637261390686
,,,,6.617300042000352,0.010000443458562103,44.96517238616943,89.99484200477599,2.3750569820404053,2.9404988288879395,0.3546459674835205
,,,,6.62705220800035,0.010000443458562103,44.96517238616943,89.99484200477599,2.159327983856201,2.940539598464966,0.4345983862876892
,,,,6.6368117669999265,0.010000443458562103,44.96517238616943,89.99484200477599,2.334456205368042,2.9404373168945312,0.3544049859046936
,,,,6.64657081400037,0.010000443458562103,44.96517238616943,89.99484200477599,2.4629156589508057,2.939603567123413,0.3957727551460266
,,,,6.657351849999941,0.010000443458562103,44.96517238616943,89.99484200477599,2.6019160747528076,3.2552602291107178,0.3504331409931183
,,,,6.667075983999894,0.010000443458562103,44.96517238616943,89.99484200477599,2.416846513748169,2.940553903579712,0.5571890473365784
,,,,6.676805334000164,0.010000443458562103,44.96517238616943,89.99484200477599,2.39668869972229,2.6630680561065674,0.3134036064147949
,,,,6.686562204000438,0.010000443458562103,44.96517238616943,89.99484200477599,2.154658555984497,2.9810290336608887,0.47630494832992554
,,,,6.697357769000519,0.010000443458562103,44.96517238616943,89.99484200477599,2.365039110183716,2.941328763961792,0.47584792971611023
,,,,6.707143761000225,0.010000443458562103,44.96517238616943,89.99484200477599,2.1265597343444824,2.9425008296966553,0.47718027234077454
,,,,6.716871798999819,0.010000443458562103,44.96517238616943,89.99484200477599,2.6008493900299072,2.9424314498901367,0.3543882369995117
,,,,6.726597116999983,0.010000443458562103,44.96517238616943,89.99484200477599,2.443812847137451,2.9424030780792236,0.3937578499317169
,,,,6.737431403000301,0.010000443458562103,44.975166893005365,89.99484200477599,2.437788486480713,2.935544013977051,0.35398921370506287
,,,,6.747182162000172,0.010000443458562103,44.975166893005365,89.99484200477599,2.394970655441284,2.9357810020446777,0.3128573000431061
,,,,6.756982394000261,0.010000443458562103,44.975166893005365,89.99484200477599,2.3460988998413086,2.94735050201416,0.31435179710388184
,,,,6.767049388000487,0.010000443458562103,44.975166893005365,90.00562329292296,2.3380825519561768,3.014399528503418,0.3152710199356079
,,,,6.776836756000193,0.010000443458562103,44.975166893005365,90.01000065803527,2.240884780883789,3.093717336654663,0.31551462411880493
,,,,6.786610171000575,0.010000443458562103,44.975166893005365,90.01000065803527,2.240051507949829,2.9325108528137207,0.4785153269767761
,,,,6.796464166000078,0.010000443458562103,44.975166893005365,90.01000065803527,2.4184024333953857,3.1671509742736816,0.47573497891426086
,,,,6.807353782000064,0.010000443458562103,44.975166893005365,90.01000065803527,2.3179917335510254,3.087646007537842,0.3132101893424988
,,,,6.817099548000442,0.010000443458562103,44.975166893005365,90.01000065803527,2.7222886085510254,3.0948548316955566,0.31365758180618286
,,,,6.826888804000191,0.010000443458562103,44.975166893005365,90.01000065803527,2.45771861076355,2.944802761077881,0.39782020449638367
,,,,6.8366703159999815,0.010000443458562103,44.975166893005365,90.01000065803527,2.4463770389556885,2.946265459060669,0.48377805948257446
,,,,6.846469940000134,0.010000443458562103,44.975166893005365,90.01000065803527,2.0455989837646484,2.950981616973877,0.35601624846458435
,,,,6.857350981000309,0.010000443458562103,44.975166893005365,90.01000065803527,2.571178436279297,2.7084882259368896,0.31440579891204834
,,,,6.867130604000522,0.010000443458562103,44.975166893005365,90.01000065803527,2.73305344581604,2.9458675384521484,0.39809954166412354
,,,,6.8768808830000125,-0.005155825614924225,44.975166893005365,90.01000065803527,2.3319554328918457,2.67307186126709,0.39791980385780334
,,,,6.886652954000056,-0.005155825614924225,44.975166893005365,90.01000065803527,2.3066296577453613,2.7089600563049316,0.4818437397480011
,,,,6.89752561000023,-0.005155825614924225,44.975166893005365,90.01000065803527,2.3682188987731934,2.936309814453125,0.3150639533996582
,,,,6.907278544000292,-0.005155825614924225,44.975166893005365,90.01000065803527,2.3681304454803467,2.9766623973846436,0.3140312731266022
,,,,6.917068759999893,-0.005155825614924225,44.975166893005365,90.01000065803527,2.1595466136932373,2.7100648880004883,0.47696757316589355
,,,,6.926865729000383,-0.005155825614924225,44.975166893005365,90.01000065803527,2.3433289527893066,2.951159715652466,0.31321364641189575
,,,,6.936641576000511,-0.005155825614924225,44.975166893005365,90.01000065803527,2.392061710357666,2.9464821815490723,0.4781804084777832
,,,,6.947481590999814,-0.005155825614924225,44.975166893005365,90.01000065803527,2.625404119491577,2.9376440048217773,0.31482169032096863
,,,,6.957279295000262,-0.005155825614924225,44.975166893005365,90.01000065803527,2.404531955718994,2.9393739700317383,0.31386953592300415
,,,,6.967026533000535,-0.005155825614924225,44.975166893005365,90.01000065803527,2.834397554397583,3.0872890949249268,0.27471989393234253
,,,,6.976772204000554,-0.005155825614924225,44.975166893005365,90.01000065803527,2.373964309692383,3.0845603942871094,0.31364044547080994
,,,,6.986620597999718,-0.005155825614924225,44.975166893005365,90.01000065803527,2.1223950386047363,2.940453052520752,0.356418251991272
,,,,6.996491392999815,-0.005155825614924225,44.975166893005365,90.01000065803527,2.601548671722412,2.9316446781158447,0.35848268866539
,,,,7.00736065700039,-0.005155825614924225,44.975166893005365,90.01000065803527,2.197065591812134,2.7098371982574463,0.39431512355804443
,,,,7.0172380120002344,-0.005155825614924225,44.975166893005365,90.01000065803527,2.374788999557495,2.9314796924591064,0.35461196303367615
,,,,7.027012354999897,-0.005155825614924225,44.975166893005365,90.01000065803527,2.086886405944824,2.9398818016052246,0.313580721616745
,,,,7.036761258000297,-0.005155825614924225,44.975166893005365,90.01000065803527,2.3444931507110596,2.9391286373138428,0.23105235397815704
,,,,7.046535057000256,-0.005155825614924225,44.975166893005365,90.01000065803527,2.5413095951080322,2.6273550987243652,0.35439109802246094
,,,,7.057379744000173,-0.005155825614924225,44.975166893005365,90.01000065803527,2.41890287399292,2.932662010192871,0.3960590660572052
,,,,7.067123110000466,-0.005155825614924225,44.97891483306884,90.01000065803527,2.0383543968200684,2.9427309036254883,0.31305232644081116
,,,,7.076867052000125,-0.005155825614924225,44.98517093658447,90.01000065803527,2.835801839828491,2.9402668476104736,0.48316362500190735
,,,,7.0866221630003565,-0.005155825614924225,44.98517093658447,90.01000065803527,2.412109613418579,2.9446017742156982,0.35489052534103394
,,,,7.097577542000181,-0.005155825614924225,44.922514533996576,89.94671959877013,2.406019687652588,3.9015841484069824,1.2063008546829224
,,,,7.107369645999825,-0.005155825614924225,44.82141551971435,89.92484230995177,2.7066404819488525,3.8880491256713867,0.7675969004631042
,,,,7.117143956999826,-0.005155825614924225,44.76376590728759,89.8765625476837,2.412220001220703,3.860379219055176,1.1358528137207031
,,,,7.126911133000249,-0.046561980247492585,44.728136634826654,89.88000054359435,2.9040255546569824,4.294105052947998,0.9545641541481018
,,,,7.136652483000034,-0.05218865871428946,44.72751674652099,89.92140431404113,2.5890297889709473,3.7984097003936768,0.6474756002426147
,,,,7.1474925610000355,-0.06515624523162344,44.72751674652099,89.9293722629547,2.573784351348877,3.7315876483917236,0.6446206569671631
,,,,7.157237432000329,-0.06515624523162344,44.72751674652099,89.94000096321105,2.716628313064575,4.0239434242248535,0.7173817753791809
,,,,7.167001886999969,-0.06515624523162344,44.72751674652099,89.94000096321105,3.045389175415039,3.788821220397949,0.7902327179908752
,,,,7.1767441649999455,-0.06515624523162344,44.76657924652099,89.94000096321105,2.459667921066284,3.46685791015625,0.7231601476669312
,,,,7.186502764000579,-0.06515624523162344,44.79375896453857,89.94000096321105,2.6098248958587646,2.9933555126190186,0.756222128868103
,,,,7.197451230000297,-0.06515624523162344,44.83329830169677,89.94000096321105,2.9559502601623535,3.1485345363616943,0.6537254452705383
,,,,7.207210116999704,-0.06515624523162344,44.87735805511474,89.94406361579894,2.4305009841918945,3.2147340774536133,0.6407137513160706
,,,,7.2169639789999565,-0.03890635967254141,44.89329395294189,89.96078152656554,1.9860037565231323,2.982189893722534,0.527896523475647
,,,,7.226713394000399,-0.040000700950617585,44.90516719818115,89.9140610218048,2.725562810897827,3.2839958667755127,1.539107084274292
,,,,7.237534654999763,-0.040000700950617585,44.90516719818115,89.91484303474425,2.1967570781707764,3.27406644821167,0.9589254260063171
,,,,7.247266917000161,-0.040000700950617585,44.90516719818115,89.91484303474425,2.4335339069366455,3.3784632682800293,0.7836767435073853
,,,,7.257146288000513,-0.040000700950617585,44.90516719818115,89.89484448432921,2.7230474948883057,3.64023494720459,1.0096981525421143
,,,,7.266876245000276,-0.040000700950617585,44.90516719818115,89.89484448432921,2.589500904083252,3.649811267852783,1.0564393997192383
,,,,7.276623515999745,-0.040000700950617585,44.90516719818115,89.93000168800353,2.637758493423462,3.2510204315185547,0.5624914169311523
,,,,7.287456617999851,-0.040000700950617585,44.90516719818115,89.91452832221984,2.125505208969116,3.6069018840789795,1.0575809478759766
,,,,7.297203695999997,-0.0564062833785961,44.9159532546997,89.90484375953673,3.207059144973755,3.1042816638946533,0.9755389094352722
,,,,7.3069604700003765,-0.05515697002410391,44.91517124176025,89.90484375953673,2.4157397747039795,3.173405408859253,0.975736677646637
,,,,7.316686780000055,-0.07624986171721915,44.91517124176025,89.91999764442443,2.7716007232666016,3.620396852493286,0.8972866535186768
,,,,7.327521418000288,-0.07515552043914298,44.91517124176025,89.91999764442443,2.7569456100463867,3.6080880165100098,0.9770520925521851
,,,,7.337252303999776,-0.07515552043914298,44.91517124176025,89.91999764442443,2.5407655239105225,3.2466602325439453,0.9765170812606812
,,,,7.346978261000004,-0.07515552043914298,44.91517124176025,89.91999764442443,2.649291515350342,3.242966890335083,0.8992394804954529
,,,,7.356703962000211,-0.07515552043914298,44.91517124176025,89.91999764442443,1.9706276655197144,3.430748462677002,0.9055792093276978
,,,,7.3675272720001885,-0.07515552043914298,44.91517124176025,89.91999764442443,2.3977291584014893,3.3687334060668945,0.7514216303825378
,,,,7.377255725000396,-0.07515552043914298,44.91517124176025,89.91999764442443,2.0185885429382324,3.2832539081573486,0.9813910126686096
