[INFO] Observations: tensor([[ 4.0522e-04,  1.5699e-01, -1.8839e-01, -2.8945e-01,  5.1064e-01,
          1.9770e-02,  2.6547e-02,  9.9301e-03, -1.0425e+00, -6.4545e-01,
         -1.6071e-01, -3.5124e-01, -2.0982e-02, -1.4618e-02, -4.2350e-04,
          9.8507e-03,  4.4780e-02,  2.3135e-02, -9.6212e-03,  8.0435e-03,
         -6.4462e-03,  1.9114e-02,  6.3614e-02, -1.1285e-03, -1.7798e+00,
          8.3148e-01,  1.4561e+00, -2.3344e-01,  1.7856e+00, -1.2776e-02,
          8.4754e-01,  1.6992e+00,  2.3861e+00, -6.7758e-02,  1.8674e-01,
          8.6128e-01, -1.6825e-01, -1.0395e-01, -8.1641e-02,  5.5307e-02,
          2.8178e-01,  1.3533e-01, -5.9109e-02,  6.4306e-02,  5.2072e-02,
          6.3867e-02,  2.3637e-01,  4.1329e-02]], device='cuda:0')
[INFO] Observations: tensor([[-2.3777e-01, -1.9867e-01, -1.3836e-01, -2.6088e-01,  1.3394e-01,
         -1.3494e-02, -1.3341e-02,  5.0944e-02, -1.0081e+00, -6.4545e-01,
         -1.6071e-01, -3.4982e-01, -3.1994e-02,  7.8694e-03, -2.5805e-02,
         -7.3492e-03,  6.0106e-02,  3.2663e-02, -1.2714e-02,  3.8204e-02,
          3.1973e-02,  3.7829e-02,  4.5381e-04,  1.7901e-02,  1.7999e+00,
          6.2543e-01,  5.2002e-01, -2.3017e+00,  3.7182e-01,  8.7304e-01,
         -2.5022e-01,  2.0424e-01, -1.3710e+00,  1.7509e+00, -1.2074e+00,
          1.6484e-01, -2.4964e-02,  6.3298e-02, -1.4875e-01, -8.8741e-02,
          2.4000e-01,  1.6925e-01, -1.0926e-01,  2.3529e-01,  9.2874e-02,
          1.2876e-01,  1.5265e-02,  1.2280e-01]], device='cuda:0')
[INFO] Observations: tensor([[-3.1950e-01,  1.2517e-01, -3.2385e-01, -3.6045e-01, -1.0521e+00,
         -2.6686e-01, -3.0563e-03, -4.1329e-02, -9.8695e-01, -6.4545e-01,
         -1.6071e-01, -3.4620e-01,  1.3006e-04,  3.0588e-02, -2.5892e-02,
         -1.9416e-02,  4.9426e-02,  4.2036e-02, -4.9802e-02,  3.8781e-02,
          6.1313e-02,  2.5885e-02,  4.6514e-02,  7.5483e-02,  7.6255e-01,
          7.4924e-01,  1.4427e-01, -8.9596e-01, -2.9997e+00, -1.5634e+00,
         -1.7120e+00, -2.4464e+00,  4.9991e+00,  1.9530e-01,  2.1238e-01,
          1.8424e+00,  6.5586e-02,  1.9574e-01, -1.3439e-01, -1.4675e-01,
          2.9188e-01,  1.3342e-01, -2.4043e-01,  4.4505e-01,  1.7737e-01,
          1.1866e-01,  3.4971e-03,  1.8108e-01]], device='cuda:0')
[INFO] Observations: tensor([[-0.3361,  0.1838, -0.3212,  0.3198,  0.0638, -0.3337, -0.0445, -0.0092,
         -0.9922, -0.6455, -0.1607, -0.3431,  0.0108,  0.0480, -0.0368, -0.0217,
          0.0434,  0.0463, -0.0695,  0.0474,  0.0984,  0.0641,  0.0694,  0.1052,
         -0.6544,  0.1034, -1.1179, -0.8336, -0.0338,  1.6842,  1.8035,  1.3044,
          0.9720, -0.7910,  1.9708,  0.4626,  0.0062,  0.2491, -0.1195, -0.1359,
          0.4025,  0.1171, -0.2695,  0.6779,  0.2078,  0.2093,  0.0629,  0.3211]],
       device='cuda:0')
[INFO] Observations: tensor([[-3.3026e-01, -1.3597e-01,  2.7254e-01,  2.4442e-01, -4.0094e-01,
         -1.5699e-01, -5.2385e-04, -4.3751e-02, -1.0437e+00, -6.4545e-01,
         -1.6071e-01, -3.4050e-01,  1.0585e-02,  3.8398e-02, -4.7539e-02,
         -1.1354e-02,  5.1622e-02,  3.6905e-02, -5.6219e-02,  7.1261e-02,
          1.0322e-01,  6.9592e-02,  8.5937e-02,  1.0744e-01, -1.1898e+00,
          5.7542e-01,  1.4046e-01, -8.5199e-01, -2.5496e-01, -6.6075e-01,
          1.4646e+00,  1.8146e-01,  9.8329e-01, -1.1118e-01,  2.1009e-01,
         -3.2330e-01, -7.9208e-02,  2.9767e-01, -1.5158e-01, -9.9055e-02,
          3.9358e-01,  7.6454e-02, -3.0494e-01,  8.6123e-01,  3.2363e-01,
          1.7770e-01,  8.9039e-02,  3.8806e-01]], device='cuda:0')
[INFO] Observations: tensor([[-3.0168e-01,  1.8481e-01, -3.2350e-01, -9.0268e-02, -2.9693e-01,
         -3.2506e-01,  3.2035e-03,  2.6807e-02, -1.0038e+00, -6.4545e-01,
         -1.6071e-01, -3.3798e-01,  8.0809e-03,  5.1690e-02, -3.6321e-02,
         -2.6328e-02,  7.2626e-02,  5.2227e-02, -4.8920e-02,  1.5987e-01,
          1.0202e-01,  8.5264e-02,  6.7814e-02,  9.1348e-02, -6.1489e-01,
          1.7140e+00,  7.6089e-01,  7.3086e-01, -9.4186e-01,  1.2697e-01,
         -2.8018e-01,  5.5413e+00,  6.8348e-01,  1.2029e+00, -1.4016e+00,
         -1.4787e+00, -1.1326e-01,  3.5272e-01, -1.6689e-01, -2.5932e-02,
          3.7709e-01,  1.0150e-01, -2.5730e-01,  1.0239e+00,  3.6882e-01,
          1.3941e-01,  1.2672e-01,  4.2253e-01]], device='cuda:0')
[INFO] Observations: tensor([[-0.0619, -0.0823,  0.1580,  0.2908, -0.3649, -0.4192, -0.0129,  0.0040,
         -1.0100, -0.6455, -0.1607, -0.3344,  0.0212,  0.0666, -0.0450, -0.0086,
          0.0733,  0.0753, -0.0393,  0.2711,  0.1204,  0.0878,  0.0702,  0.0805,
          0.9795, -0.3070, -0.3786, -1.2105, -0.6141,  1.1069,  1.4296,  2.5645,
         -0.5924, -0.2941,  0.5468,  1.3679, -0.0239,  0.3913, -0.2806,  0.0329,
          0.2276,  0.2387, -0.0533,  1.0369,  0.4331,  0.1192,  0.1239,  0.3420]],
       device='cuda:0')
[INFO] Observations: tensor([[-0.0029, -0.2802,  0.0816, -0.1652, -0.1920, -0.2765, -0.0020, -0.0409,
         -1.0037, -0.6455, -0.1607, -0.3312,  0.0128,  0.0707, -0.0494,  0.0194,
          0.0707,  0.0701, -0.0205,  0.2959,  0.1408,  0.1069,  0.0740,  0.1097,
         -1.3931,  0.9458, -0.6057,  1.6260,  0.6163,  0.3446, -0.8453,  0.0952,
          0.9476, -0.9121,  0.2820, -1.2516, -0.0113,  0.3449, -0.3344,  0.1963,
          0.1195,  0.3908,  0.1230,  1.0891,  0.5243,  0.1689,  0.1944,  0.3771]],
       device='cuda:0')
[INFO] Observations: tensor([[-0.2469, -0.3087,  0.1447,  0.2848,  0.0553, -0.1274, -0.0431, -0.0521,
         -1.0031, -0.6455, -0.1607, -0.3283,  0.0129,  0.0679, -0.0524,  0.0525,
          0.0354,  0.1028, -0.0132,  0.2846,  0.1348,  0.1150,  0.0847,  0.0972,
         -1.0375, -0.7280, -0.9032,  1.6655, -0.4640, -0.1714, -0.4327, -0.5731,
          0.3795,  0.5367,  1.6677, -2.0830,  0.0053,  0.3147, -0.3525,  0.3640,
         -0.0296,  0.6515,  0.2959,  1.0693,  0.5451,  0.2638,  0.2009,  0.3700]],
       device='cuda:0')
[INFO] Observations: tensor([[-0.4316, -0.3420, -0.2963, -0.1154, -0.1212, -0.5093, -0.0108, -0.0162,
         -0.9740, -0.6455, -0.1607, -0.3248,  0.0129,  0.0816, -0.0671,  0.1090,
         -0.0090,  0.1267,  0.0094,  0.2662,  0.1475,  0.1074,  0.0931,  0.0858,
         -0.4617,  1.4810, -0.8735,  0.3019, -1.7685,  0.8225, -0.0290, -1.5749,
         -0.4452,  1.2922,  0.0984, -1.1530,  0.0372,  0.2487, -0.3584,  0.5741,
         -0.1726,  0.9131,  0.2939,  0.9682,  0.5190,  0.2741,  0.1655,  0.3456]],
       device='cuda:0')
[INFO] Observations: tensor([[-5.5115e-01, -3.1921e-01, -1.1482e-01,  4.1542e-02,  1.8403e-01,
         -9.8236e-02,  1.3332e-02,  3.3693e-03, -1.0154e+00, -6.4545e-01,
         -1.6071e-01, -3.2171e-01,  2.2585e-02,  9.1008e-02, -6.6118e-02,
          1.5085e-01, -5.4123e-02,  1.8015e-01,  2.2709e-02,  2.3325e-01,
          1.3779e-01,  8.8670e-02,  8.7971e-02,  8.8647e-02,  3.8511e-01,
         -4.3849e-01, -7.3209e-01,  1.4498e+00, -3.9713e+00,  8.4815e-01,
          9.6575e-01, -1.9304e+00, -4.2800e-02,  7.7988e-01,  3.7297e-01,
          2.8362e-01,  1.0612e-01,  9.8067e-02, -2.4763e-01,  7.6499e-01,
         -3.7210e-01,  1.1002e+00,  2.5084e-01,  7.3349e-01,  5.0938e-01,
          2.3277e-01,  2.0922e-01,  2.9357e-01]], device='cuda:0')
[INFO] Observations: tensor([[-0.4348,  0.0730,  0.0071,  0.0813,  0.0330, -0.5413,  0.0462,  0.0061,
         -1.0323, -0.6455, -0.1607, -0.3180,  0.0415,  0.0760, -0.0742,  0.1680,
         -0.1261,  0.2020,  0.0366,  0.1681,  0.1179,  0.0857,  0.0977,  0.0798,
          0.2088, -1.3250, -0.2675,  1.7979, -1.1094,  2.8323, -0.2529, -3.3823,
         -1.6822, -0.2554,  0.0336, -2.3993,  0.2061,  0.0970, -0.1912,  0.8822,
         -0.5598,  1.3375,  0.0362,  0.5128,  0.4883,  0.1582,  0.0884,  0.2536]],
       device='cuda:0')
[INFO] Observations: tensor([[-0.1606, -0.1154, -0.1162, -0.2731,  0.2236, -0.3011,  0.0201, -0.0402,
         -0.9960, -0.6455, -0.1607, -0.3146,  0.0470,  0.0809, -0.0658,  0.2151,
         -0.1556,  0.2478,  0.0346,  0.0769,  0.1103,  0.0513,  0.1187,  0.0681,
          1.1690, -0.0360, -0.5441,  2.7825, -1.3525,  1.7586, -0.7442, -3.0011,
          0.8057,  0.6973,  0.3062, -2.0919,  0.2501, -0.0604,  0.0206,  1.0063,
         -0.6811,  1.4459, -0.1667,  0.2361,  0.4294,  0.0489,  0.1546,  0.1662]],
       device='cuda:0')
[INFO] Observations: tensor([[-0.4024,  0.2303,  0.0270, -0.1527, -0.4948, -0.4187, -0.0195, -0.0216,
         -1.0292, -0.6455, -0.1607, -0.3113,  0.0539,  0.0749, -0.0488,  0.2143,
         -0.1789,  0.2798,  0.0081,  0.0222,  0.1164,  0.0381,  0.1136,  0.0162,
         -1.4764, -0.7716,  0.8144,  0.1329,  1.1750,  0.7588, -1.4907, -3.3361,
         -0.6138,  0.0848, -0.3606, -1.3510,  0.2583, -0.1266,  0.2576,  0.9099,
         -0.7058,  1.5279, -0.4470,  0.0561,  0.4597,  0.0410,  0.0720,  0.0834]],
       device='cuda:0')
[INFO] Observations: tensor([[-5.5135e-01, -1.3475e-01, -7.9337e-02, -3.5230e-01, -6.4807e-01,
         -6.0033e-01, -1.9320e-02, -7.9471e-03, -1.0486e+00, -6.4545e-01,
         -1.6071e-01, -3.0751e-01,  6.0933e-02,  7.6010e-02, -9.1708e-03,
          2.1420e-01, -1.3392e-01,  3.0204e-01, -6.4213e-02, -3.1038e-02,
          8.5497e-02,  3.3878e-02,  1.1631e-01, -4.6453e-04, -1.2176e+00,
          3.2607e-01,  4.7914e-01, -3.8220e-01,  9.9280e-01,  1.4645e-01,
         -2.7057e+00, -7.4800e-01, -3.5615e-01,  2.6564e-01,  9.9773e-02,
          3.4441e-01,  1.8003e-01, -1.3222e-01,  4.5016e-01,  7.8230e-01,
         -4.9985e-01,  1.5509e+00, -7.6779e-01, -5.3451e-02,  4.1507e-01,
          5.4728e-02,  8.7515e-02,  7.2356e-02]], device='cuda:0')
[INFO] Observations: tensor([[-4.9733e-01, -1.8656e-01, -9.3628e-03,  7.7135e-02,  3.3420e-01,
         -1.7487e-01, -2.2967e-03, -3.0784e-02, -1.0208e+00, -6.4545e-01,
         -1.6071e-01, -3.0466e-01,  4.0765e-02,  2.1642e-02,  6.1955e-02,
          1.7349e-01, -1.2137e-01,  3.2982e-01, -1.9630e-01, -3.5128e-02,
          1.1305e-01,  2.4009e-02,  9.4917e-02,  2.1467e-02, -8.4097e-01,
         -1.5924e+00,  4.4320e+00, -1.0683e+00,  2.0281e+00,  2.3088e+00,
         -5.3631e+00,  5.5479e-01,  1.0977e+00,  1.1210e+00, -1.6328e+00,
          1.1314e+00,  4.2479e-02, -8.8198e-02,  5.8171e-01,  5.8710e-01,
         -1.9948e-01,  1.4184e+00, -1.0637e+00, -4.3200e-02,  3.7062e-01,
          1.1885e-01,  9.5105e-02,  1.0075e-01]], device='cuda:0')
[INFO] Observations: tensor([[-5.2097e-01,  5.0598e-02, -2.7090e-01, -1.6049e-01,  4.1085e-01,
         -1.1941e-01, -1.1902e-02,  1.7988e-02, -1.0015e+00, -6.4545e-01,
         -1.6071e-01, -3.0285e-01,  4.5727e-02,  1.1187e-03,  1.0118e-01,
          1.6528e-01, -9.1013e-02,  3.3109e-01, -2.8755e-01, -7.6738e-03,
          1.1132e-01,  6.4897e-02,  4.3346e-02,  5.5838e-02, -8.4558e-02,
         -2.0500e-01, -1.3726e+00, -2.0376e+00,  7.0791e-01,  1.1100e+00,
         -4.2190e+00,  6.0060e-01,  1.8091e-01,  3.6419e-01, -2.6587e+00,
          1.9315e+00,  1.8713e-03, -1.4744e-02,  5.2399e-01,  3.6985e-01,
          7.2553e-02,  1.2316e+00, -1.1939e+00,  2.7491e-01,  3.4630e-01,
          2.1079e-01,  5.1735e-02,  1.3477e-01]], device='cuda:0')
[INFO] Observations: tensor([[-2.6013e-01, -3.9118e-01, -3.9745e-03, -3.3137e-01,  6.4699e-01,
         -2.9929e-01,  7.3417e-02, -2.1641e-03, -1.0431e+00, -6.4545e-01,
         -1.6071e-01, -2.9962e-01,  4.7422e-02,  8.6192e-03,  1.0742e-01,
          1.4057e-01, -5.2405e-02,  3.2115e-01, -3.2554e-01,  1.8766e-02,
          9.3720e-02,  6.7875e-02,  1.9437e-02,  9.3390e-02, -6.0562e-01,
          1.5189e+00,  1.3130e+00, -2.2560e+00,  1.8803e+00, -8.1823e-02,
         -3.2594e+00,  1.4630e+00,  1.2218e+00,  2.7455e-01, -8.0327e-01,
          7.7875e-01,  9.6576e-02,  7.9830e-03,  5.2597e-01,  1.9170e-01,
          2.1083e-01,  1.0459e+00, -1.3370e+00,  4.7483e-01,  3.0440e-01,
          2.6875e-01,  5.2869e-02,  2.7571e-01]], device='cuda:0')
[INFO] Observations: tensor([[-3.7693e-01, -2.6065e-01,  2.1221e-01, -1.4357e-01,  2.2402e-01,
         -3.2461e-01,  4.7522e-02,  6.1402e-02, -1.0475e+00, -6.4545e-01,
         -1.6071e-01, -2.9492e-01,  4.3749e-02,  6.9643e-04,  1.1094e-01,
          1.3109e-01, -1.2044e-02,  2.5821e-01, -3.5547e-01,  5.1497e-02,
          9.2959e-02,  7.2292e-02,  1.7004e-02,  1.1749e-01, -1.2946e-01,
          1.4140e-01, -1.5720e+00, -1.4162e+00,  1.1796e+00, -3.3565e+00,
         -1.3133e+00,  2.0548e-01,  1.0380e+00, -1.0653e+00, -1.4412e-01,
         -3.0722e-01,  1.5697e-01,  4.2683e-02,  4.8168e-01,  1.3270e-01,
          3.2664e-01,  8.0448e-01, -1.3972e+00,  7.0053e-01,  2.9328e-01,
          2.8746e-01,  1.6825e-02,  3.1485e-01]], device='cuda:0')
[INFO] Observations: tensor([[-0.3387, -0.0756, -0.1316, -0.3642,  0.4108, -0.5521,  0.0314,  0.0601,
         -0.9976, -0.6455, -0.1607, -0.2901,  0.0323,  0.0066,  0.1087,  0.1111,
          0.0260,  0.1927, -0.3660,  0.0915,  0.0904,  0.0670,  0.0133,  0.1352,
         -0.1993,  0.0400, -0.6259, -1.4189,  2.9796, -2.6151,  0.5532,  2.4011,
          1.3047, -1.3431,  0.5314,  1.4066,  0.0944,  0.1300,  0.4836,  0.1131,
          0.5378,  0.5454, -1.5276,  0.8593,  0.2525,  0.2409,  0.0541,  0.3828]],
       device='cuda:0')
[INFO] Observations: tensor([[-0.7220, -0.0540, -0.1281, -0.2607,  0.2576, -0.2400,  0.0769,  0.0411,
         -1.0213, -0.6455, -0.1607, -0.2860,  0.0284,  0.0169,  0.0948,  0.0991,
          0.0715,  0.0937, -0.3710,  0.1276,  0.0732,  0.0538,  0.0180,  0.1464,
         -1.0426,  1.1515,  0.4183, -2.1478,  1.3171, -3.5449, -1.6179,  1.4903,
         -0.8235, -2.4896,  1.4535,  1.4060, -0.0138,  0.2232,  0.3991,  0.1129,
          0.6976,  0.2629, -1.5859,  0.9842,  0.1838,  0.1886,  0.0401,  0.3953]],
       device='cuda:0')
[INFO] Observations: tensor([[-0.4963, -0.2192, -0.0422, -0.2161,  0.3887, -0.4484,  0.0311,  0.0629,
         -1.0283, -0.6455, -0.1607, -0.2825,  0.0174,  0.0287,  0.0938,  0.0715,
          0.1313,  0.0252, -0.3772,  0.1871,  0.0559,  0.0117,  0.0156,  0.1474,
         -1.4870,  1.0499, -1.6946, -2.0374,  3.0758, -4.2663,  0.5913,  3.0570,
         -0.2152, -2.1789, -0.6384, -0.7023, -0.0071,  0.3473,  0.3203,  0.0668,
          0.7680, -0.0288, -1.5198,  1.1692,  0.0880,  0.0692,  0.0367,  0.4013]],
       device='cuda:0')
[INFO] Observations: tensor([[-0.6372, -0.1819, -0.2004, -0.2079, -0.2697, -0.4060,  0.0828,  0.0627,
         -0.9952, -0.6455, -0.1607, -0.2792,  0.0256,  0.0570,  0.0773,  0.0557,
          0.1631, -0.0684, -0.3706,  0.2393,  0.0484, -0.0516,  0.0044,  0.1357,
          0.8568,  0.0114,  0.9160, -0.2021,  0.4894, -3.7036,  0.1630,  2.3502,
          1.2467, -3.1111,  0.3631, -0.4022, -0.0326,  0.4603,  0.2695,  0.0760,
          0.8469, -0.3276, -1.4728,  1.2655,  0.0370, -0.1572, -0.0101,  0.3199]],
       device='cuda:0')
[INFO] Observations: tensor([[-7.3323e-01, -1.8989e-01,  1.8525e-01,  7.6360e-02, -2.2449e-01,
         -4.3726e-01,  3.4962e-02,  6.5306e-02, -9.6234e-01, -6.4545e-01,
         -1.6071e-01, -2.7622e-01,  2.8419e-02,  1.1202e-01,  7.5747e-02,
          5.0184e-02,  1.9230e-01, -1.3454e-01, -3.4847e-01,  3.0274e-01,
          4.9006e-02, -1.1090e-01,  3.0624e-02,  1.0331e-01,  6.9330e-01,
          9.7922e-01, -1.6572e+00, -7.6343e-01,  2.9048e+00, -3.0720e+00,
         -5.3015e-01,  2.5432e+00, -1.0337e+00, -5.4101e-01,  1.6745e+00,
         -8.1034e-01, -3.2639e-02,  5.6529e-01,  1.9181e-01,  8.0984e-02,
          8.3018e-01, -5.3791e-01, -1.2924e+00,  1.3768e+00,  2.4524e-02,
         -3.7828e-01, -1.1982e-03,  3.0746e-01]], device='cuda:0')
[INFO] Observations: tensor([[-0.5395,  0.1332,  0.0378, -0.0215, -0.7576, -0.3904,  0.0202,  0.0358,
         -1.0351, -0.6455, -0.1607, -0.2729,  0.0261,  0.1481,  0.0658,  0.0435,
          0.2103, -0.1896, -0.3356,  0.3392,  0.0704, -0.1589,  0.0246,  0.0686,
          0.8836,  0.0707,  0.4740, -2.4746, -0.8095, -2.4380, -0.0988,  1.5242,
          1.2321, -0.4126,  0.3323,  0.2769, -0.0762,  0.6243,  0.1860,  0.0898,
          0.7656, -0.6711, -1.1229,  1.4575,  0.0438, -0.5833, -0.0253,  0.3040]],
       device='cuda:0')
[INFO] Observations: tensor([[-2.0292e-01, -1.6907e-01, -2.1384e-01,  9.7260e-01, -7.5473e-01,
         -2.6084e-01,  3.1970e-04, -3.2843e-03, -1.0314e+00, -6.4545e-01,
         -1.6071e-01, -2.6969e-01,  9.5768e-03,  1.7500e-01,  6.8639e-02,
          2.2009e-02,  2.0534e-01, -1.8415e-01, -3.0795e-01,  3.7438e-01,
          8.6147e-02, -1.6337e-01,  3.3063e-02,  8.5881e-02, -1.3755e+00,
         -1.0370e+00,  1.2332e+00,  7.2489e-01, -1.0664e+00,  5.5865e-01,
          1.2076e+00,  1.6390e-01,  4.3736e-01,  1.5876e+00, -4.5829e-01,
          2.9621e-01, -1.3182e-01,  6.6317e-01,  1.6514e-01,  7.5891e-02,
          6.0636e-01, -6.5591e-01, -7.8689e-01,  1.5027e+00,  1.9637e-01,
         -6.1236e-01,  6.0615e-02,  2.9564e-01]], device='cuda:0')
[INFO] Observations: tensor([[-0.4228, -0.0798,  0.0821,  0.5617, -0.0171, -0.2961, -0.0355,  0.0279,
         -1.0418, -0.6455, -0.1607, -0.2662,  0.0101,  0.1706,  0.0626,  0.0222,
          0.1616, -0.1751, -0.2991,  0.3784,  0.1012, -0.1249,  0.0222,  0.0827,
          0.5711,  0.9167,  0.8497,  0.5988, -0.3665, -0.0268, -0.3116,  1.9822,
         -1.6137,  4.3936,  1.2049,  0.9522, -0.1815,  0.6337,  0.0924,  0.1422,
          0.4166, -0.4792, -0.5067,  1.5994,  0.4047, -0.5291,  0.1101,  0.3164]],
       device='cuda:0')
[INFO] Observations: tensor([[-5.6477e-01, -2.6070e-01,  4.7441e-02,  3.9005e-01, -5.7282e-02,
         -2.9978e-01,  3.4979e-02, -1.7759e-02, -9.6748e-01, -6.4545e-01,
         -1.6071e-01, -2.6183e-01,  5.5040e-03,  1.8040e-01,  5.1711e-02,
          3.4808e-02,  1.1571e-01, -1.5972e-01, -2.6477e-01,  3.8887e-01,
          1.2520e-01, -6.8702e-02,  4.3267e-02,  7.3835e-02,  6.4830e-01,
          1.6464e+00,  8.5870e-01, -1.1610e+00, -3.0228e+00,  1.9857e+00,
          2.6427e+00, -1.2654e+00,  1.0048e+00,  1.0354e+00, -6.0132e-01,
          6.6922e-01, -1.7815e-01,  5.7627e-01, -1.5861e-03,  2.2264e-01,
          2.3984e-01, -2.8865e-01, -3.0788e-01,  1.5481e+00,  4.7402e-01,
         -3.2466e-01,  8.8161e-02,  2.6897e-01]], device='cuda:0')
[INFO] Observations: tensor([[-0.3105, -0.3826,  0.2390,  0.5286,  0.3275, -0.3791,  0.0169,  0.0230,
         -1.0081, -0.6455, -0.1607, -0.2577, -0.0034,  0.1927,  0.0370,  0.0559,
          0.0541, -0.1197, -0.2459,  0.3775,  0.1491, -0.0450,  0.0744,  0.0699,
          0.3114, -0.6179, -1.0065,  1.3645, -2.7806,  0.5650,  0.3008,  1.1736,
          1.2401,  0.5287,  1.0599, -1.3291, -0.1174,  0.5408, -0.1256,  0.3681,
          0.0760, -0.1531, -0.1967,  1.4969,  0.5753, -0.2285,  0.1828,  0.2766]],
       device='cuda:0')
[INFO] Observations: tensor([[-6.1861e-01, -4.8882e-01,  6.5508e-02,  4.4908e-01,  1.6987e-01,
         -3.0901e-01,  3.4028e-02,  4.5285e-03, -9.6349e-01, -6.4545e-01,
         -1.6071e-01, -2.5368e-01,  1.4742e-03,  1.7843e-01,  1.9394e-02,
          9.1724e-02,  5.5607e-03, -7.6439e-02, -1.9545e-01,  3.8231e-01,
          1.5388e-01, -5.1638e-02,  9.8049e-02,  6.5385e-02,  7.0078e-01,
         -5.7980e-01, -1.6660e+00, -3.7799e-01, -3.7689e+00,  9.6089e-01,
          2.9247e+00,  2.8726e-01,  4.7552e-01,  8.1438e-01,  4.4071e-01,
          4.4744e-01, -1.3439e-01,  5.0460e-01, -2.1232e-01,  4.8561e-01,
         -9.5324e-02,  5.4833e-02, -9.9769e-02,  1.3931e+00,  6.3282e-01,
         -1.6618e-01,  2.7009e-01,  2.0099e-01]], device='cuda:0')
[INFO] Observations: tensor([[-6.1681e-01, -3.6388e-01, -6.7304e-02,  3.8166e-01,  2.3271e-01,
         -4.1736e-01,  1.9288e-02,  2.7779e-03, -1.0093e+00, -6.4545e-01,
         -1.6071e-01, -2.5001e-01, -7.4773e-04,  1.8360e-01,  1.0315e-02,
          1.1844e-01, -5.6490e-02, -2.7693e-02, -1.6162e-01,  3.5869e-01,
          1.5764e-01, -4.4049e-02,  1.1693e-01,  6.4691e-02,  9.0847e-01,
         -1.4829e+00,  2.9365e-01, -8.3630e-01, -1.6452e+00,  3.1441e+00,
          3.4838e+00, -2.0756e+00,  1.1239e+00,  1.9493e-01, -3.2085e-02,
          2.0348e-02, -1.1026e-01,  4.6209e-01, -2.6985e-01,  5.8278e-01,
         -2.7492e-01,  2.4845e-01, -7.0056e-02,  1.2850e+00,  6.2904e-01,
         -1.7339e-01,  2.9692e-01,  1.9242e-01]], device='cuda:0')
[INFO] Observations: tensor([[-4.9019e-01, -2.3767e-01, -5.6078e-02,  1.1089e-01,  1.5401e-01,
         -4.6645e-01,  7.4763e-02, -2.8774e-02, -9.8423e-01, -6.4545e-01,
         -1.6071e-01, -2.4706e-01, -1.1953e-02,  1.6423e-01, -6.2808e-06,
          1.4195e-01, -1.1442e-01,  3.3357e-02, -1.2225e-01,  3.1754e-01,
          1.4239e-01, -4.1889e-02,  1.2698e-01,  8.3624e-02, -8.7102e-01,
          8.7672e-02, -1.5173e+00,  1.8199e+00, -3.8158e+00,  1.0338e+00,
          3.1908e+00, -7.7102e-01, -1.7548e+00,  1.7300e+00, -5.8534e-02,
          1.0806e+00, -7.2332e-02,  3.4823e-01, -2.9332e-01,  7.2715e-01,
         -5.1524e-01,  4.7655e-01, -6.6256e-03,  1.0840e+00,  5.7555e-01,
         -1.9209e-01,  3.4201e-01,  2.1438e-01]], device='cuda:0')
[INFO] Observations: tensor([[-0.7050, -0.2316,  0.3128,  0.2818, -0.2953, -0.1098,  0.0115, -0.0367,
         -0.9617, -0.6455, -0.1607, -0.2457,  0.0021,  0.1623, -0.0176,  0.1797,
         -0.1669,  0.0669, -0.0796,  0.2533,  0.1044, -0.0218,  0.1170,  0.0816,
          1.2156, -1.0368, -1.5513, -0.2880, -1.5338, -0.0442,  2.0294, -2.0274,
         -0.5874,  1.6667,  0.0514, -1.2765, -0.0676,  0.3071, -0.2018,  0.7762,
         -0.6338,  0.5938,  0.0388,  0.8617,  0.4621, -0.1617,  0.2877,  0.2017]],
       device='cuda:0')
[INFO] Observations: tensor([[-0.8622, -0.3885,  0.2572,  0.1550, -0.0704, -0.0404,  0.0373, -0.0487,
         -0.9715, -0.6455, -0.1607, -0.2449, -0.0063,  0.1363, -0.0239,  0.1893,
         -0.1902,  0.1021, -0.0295,  0.1764,  0.0638, -0.0310,  0.1031,  0.0729,
          0.6098,  0.7714,  1.7061, -0.1737, -1.9136,  2.3248,  1.6854, -4.1079,
         -1.5942,  1.2514, -0.4332, -0.2674, -0.0252,  0.3064, -0.1346,  0.8267,
         -0.7957,  0.9200, -0.0562,  0.6014,  0.2909, -0.1330,  0.2563,  0.2402]],
       device='cuda:0')
[INFO] Observations: tensor([[-7.2191e-01, -4.2878e-01,  4.6313e-02,  4.2416e-02, -2.4594e-01,
         -3.4441e-01,  2.5381e-02, -2.4541e-03, -9.7115e-01, -6.4545e-01,
         -1.6071e-01, -2.4287e-01, -6.1303e-03,  1.3182e-01, -1.6474e-02,
          2.0201e-01, -2.0381e-01,  1.6017e-01, -2.9894e-02,  1.0717e-01,
          5.1758e-02, -3.0890e-02,  1.0396e-01,  8.0412e-02,  1.4797e+00,
         -1.5433e-01, -6.5343e-01, -4.7748e-01, -4.9660e-01,  1.0294e+00,
         -4.5342e-01, -3.4992e+00, -8.7380e-01,  7.6704e-02, -6.3759e-01,
         -1.9190e+00,  2.5516e-02,  2.5137e-01, -5.6885e-02,  8.9010e-01,
         -8.5636e-01,  1.1056e+00, -2.0109e-01,  3.5406e-01,  1.8359e-01,
         -1.6222e-01,  1.8969e-01,  2.3872e-01]], device='cuda:0')
[INFO] Observations: tensor([[-6.3275e-01,  4.3140e-02, -2.8076e-01, -2.4906e-01, -3.5597e-01,
         -1.9759e-01,  6.1392e-02, -1.1173e-02, -9.6484e-01, -6.4545e-01,
         -1.6071e-01, -2.4012e-01,  4.4806e-04,  1.1910e-01, -1.5223e-02,
          2.1266e-01, -2.0871e-01,  2.0886e-01, -2.9044e-02,  2.9688e-02,
          2.9540e-02, -3.9948e-02,  1.1125e-01,  6.5910e-02, -8.1578e-01,
         -2.0022e-01, -2.7328e-01, -1.0003e-01,  4.1470e-01,  1.4464e+00,
         -2.8303e-01, -2.8884e+00,  4.9988e-01,  4.4869e-01,  1.8569e-01,
         -1.7262e+00,  3.1297e-02,  1.6048e-01,  1.7188e-01,  8.2992e-01,
         -7.9365e-01,  1.2689e+00, -4.2877e-01,  5.6682e-02,  1.5990e-01,
         -1.8656e-01,  2.2396e-01,  2.1368e-01]], device='cuda:0')
[INFO] Observations: tensor([[-0.6163, -0.4308, -0.0791, -0.2754, -0.6194, -0.2063,  0.0751,  0.0327,
         -0.9673, -0.6455, -0.1607, -0.2365,  0.0025,  0.1071,  0.0023,  0.1864,
         -0.1659,  0.2486, -0.0778, -0.0342,  0.0320, -0.0333,  0.1277,  0.0712,
         -0.6023,  1.1379, -0.0988, -2.2482,  2.0240, -0.6962, -0.4642, -1.2434,
          0.1211,  1.6796,  0.0357, -0.2847,  0.0257,  0.0612,  0.3434,  0.6789,
         -0.6304,  1.3445, -0.6774, -0.0906,  0.1617, -0.1730,  0.1459,  0.2356]],
       device='cuda:0')
[INFO] Observations: tensor([[-7.8355e-01, -2.8614e-01,  3.4257e-02, -4.4523e-02, -8.8823e-01,
         -3.6354e-01,  3.7508e-02, -1.8985e-03, -9.6536e-01, -6.4545e-01,
         -1.6071e-01, -2.3247e-01,  1.1609e-03,  7.8896e-02,  4.6572e-02,
          1.3506e-01, -1.1427e-01,  2.8137e-01, -1.6463e-01, -4.5792e-02,
          2.1949e-02, -1.4326e-02,  1.0917e-01,  7.1642e-02, -1.2766e-01,
         -3.2702e-02,  3.3463e+00, -1.3705e+00,  1.6733e+00,  1.3068e+00,
         -5.4693e+00, -1.7078e-01,  1.0806e+00,  1.9427e+00, -2.7270e+00,
         -4.9737e-01, -1.8083e-03,  3.5560e-02,  4.6593e-01,  4.7014e-01,
         -3.6366e-01,  1.3177e+00, -9.5643e-01, -1.4135e-01,  1.4656e-01,
         -7.1557e-02,  1.6034e-01,  2.6539e-01]], device='cuda:0')
[INFO] Observations: tensor([[-5.2360e-01, -1.4755e-01, -1.2033e-01,  5.3226e-01, -2.0652e-01,
         -6.2730e-02, -1.1400e-02, -3.7962e-02, -9.8631e-01, -6.4545e-01,
         -1.6071e-01, -2.2942e-01,  4.1568e-03,  5.6115e-02,  7.3243e-02,
          1.1506e-01, -6.9673e-02,  3.1561e-01, -2.5872e-01, -1.5305e-03,
          5.7699e-02,  1.2168e-02,  6.6452e-02,  8.5117e-02, -4.6149e-01,
          7.5474e-01,  2.5174e+00, -1.4185e+00,  2.0223e-01,  1.4739e+00,
         -2.3588e+00,  2.6160e+00,  2.6760e+00,  6.9654e-01, -2.5653e+00,
          3.0791e+00, -1.3759e-02,  4.1943e-02,  4.1945e-01,  3.1808e-01,
          5.1597e-02,  1.2184e+00, -1.1231e+00,  9.1869e-02,  1.4586e-01,
          5.3286e-03,  1.2479e-01,  2.2467e-01]], device='cuda:0')
[INFO] Observations: tensor([[-6.4486e-01, -3.5124e-01, -1.3352e-02,  4.3162e-01, -8.5491e-02,
         -2.2315e-01, -2.3312e-02, -2.2826e-02, -9.7454e-01, -6.4545e-01,
         -1.6071e-01, -2.2744e-01,  1.8939e-03,  5.0934e-02,  7.4779e-02,
          1.1108e-01, -3.6152e-02,  2.9504e-01, -3.1249e-01,  2.0501e-02,
          7.3025e-02,  3.4892e-02,  1.2173e-02,  1.2075e-01, -2.5051e-01,
         -1.1475e-01, -1.2865e+00, -1.1227e+00,  1.7181e+00,  1.2381e+00,
         -3.0765e+00,  2.2428e+00,  1.5702e+00,  1.8039e+00, -2.5765e+00,
          1.9138e+00, -2.9303e-03,  8.4038e-02,  4.1523e-01,  1.3663e-01,
          2.8491e-01,  1.0874e+00, -1.2626e+00,  4.1068e-01,  1.8632e-01,
          1.2772e-01,  5.8867e-02,  3.1974e-01]], device='cuda:0')
[INFO] Observations: tensor([[-5.2275e-01, -3.4891e-01, -2.1045e-01, -3.8708e-02,  3.1628e-01,
         -8.4347e-02,  6.9077e-02, -5.7249e-02, -1.0466e+00, -6.4545e-01,
         -1.6071e-01, -2.2518e-01, -4.6090e-03,  5.0867e-02,  9.2757e-02,
          8.2141e-02,  1.2949e-02,  2.9209e-01, -3.5624e-01,  6.7358e-02,
          6.3130e-02,  5.5876e-02,  1.4989e-03,  1.4954e-01, -4.7183e-01,
          1.2566e+00,  4.2154e-02, -1.7343e+00,  3.0222e+00,  6.1902e-01,
         -1.6979e+00,  3.7342e+00, -9.3942e-01,  7.8152e-01, -1.0630e+00,
          7.2621e-01, -4.8295e-02,  1.3578e-01,  4.8108e-01,  2.6881e-02,
          4.7686e-01,  9.0590e-01, -1.4365e+00,  6.3474e-01,  1.6700e-01,
          1.4564e-01,  1.6034e-02,  3.9065e-01]], device='cuda:0')
[INFO] Observations: tensor([[-0.4182, -0.1362, -0.2020, -0.1477,  0.0146, -0.4379,  0.0290,  0.0078,
         -0.9847, -0.6455, -0.1607, -0.2223, -0.0186,  0.0407,  0.1013,  0.0736,
          0.0573,  0.2369, -0.3704,  0.1181,  0.0742,  0.0531, -0.0087,  0.1633,
         -1.2770, -0.9534, -0.9406, -2.1837,  1.3812, -2.6169, -0.5083,  2.7677,
         -1.3457, -0.5514, -1.0266, -0.4883,  0.0068,  0.2478,  0.4772, -0.0737,
          0.5853,  0.6360, -1.5466,  0.8584,  0.0879,  0.1278, -0.0539,  0.4335]],
       device='cuda:0')
[INFO] Observations: tensor([[-8.9754e-01, -1.9535e-01,  1.8136e-01, -4.1577e-02,  8.4987e-02,
         -3.8390e-01, -7.4434e-03,  3.3627e-02, -9.8815e-01, -6.4545e-01,
         -1.6071e-01, -2.1937e-01, -2.4211e-02,  5.8352e-02,  9.5992e-02,
          6.4288e-02,  1.1248e-01,  1.6549e-01, -3.8759e-01,  1.7357e-01,
          6.2249e-02,  6.7712e-02,  3.4145e-03,  1.5000e-01, -5.3414e-01,
         -1.1729e+00, -2.4751e-01,  1.6425e-01,  1.3447e+00, -3.5650e+00,
         -1.4794e+00,  4.0672e+00, -1.7864e+00,  1.0680e+00, -3.1833e-01,
         -1.0843e+00, -1.1775e-01,  4.2168e-01,  4.8743e-01, -8.9517e-02,
          8.4204e-01,  3.6223e-01, -1.6021e+00,  1.0321e+00,  1.0066e-01,
          6.6599e-02, -2.4128e-02,  4.4622e-01]], device='cuda:0')
[INFO] Observations: tensor([[-9.7878e-01, -1.1570e-01,  3.0331e-01,  1.6906e-03,  1.5960e-01,
         -5.2999e-02,  6.5096e-03, -3.8845e-02, -9.5749e-01, -6.4545e-01,
         -1.6071e-01, -2.1663e-01, -1.6747e-02,  7.7026e-02,  9.6835e-02,
          3.8366e-02,  1.7769e-01,  1.0292e-01, -3.9012e-01,  2.4459e-01,
          3.4572e-02,  3.7154e-02, -8.9149e-03,  1.4152e-01, -1.1808e+00,
          2.6056e+00, -9.2125e-01, -1.1940e+00,  3.7831e+00, -2.7102e+00,
          1.0944e+00,  3.3456e+00,  2.4880e-01, -1.8921e+00, -6.5718e-01,
         -2.8890e-01, -1.7805e-01,  5.9241e-01,  4.5444e-01, -6.8589e-02,
          1.0119e+00,  1.0833e-01, -1.6551e+00,  1.2032e+00,  2.2597e-02,
         -8.3095e-02, -4.3549e-02,  4.4435e-01]], device='cuda:0')
[INFO] Observations: tensor([[-5.4810e-01, -1.7551e-01,  2.1004e-01, -4.4950e-02, -1.3386e-01,
         -3.0465e-01,  3.1282e-02, -6.5863e-02, -1.0493e+00, -6.4545e-01,
         -1.6071e-01, -2.1402e-01, -3.8207e-02,  1.5328e-01,  1.1153e-01,
          2.2729e-02,  2.2263e-01, -4.7702e-05, -3.9378e-01,  3.0955e-01,
          1.6655e-02, -1.1707e-02, -3.4276e-02,  1.3717e-01, -3.1702e-01,
          3.6404e+00,  1.0550e+00, -3.8931e-03,  1.1825e+00, -6.6188e+00,
          9.7595e-01,  3.8506e+00, -7.5423e-01, -2.1358e+00,  1.5226e-01,
         -5.5756e-01, -1.5433e-01,  7.3749e-01,  4.5193e-01, -1.0754e-01,
          1.0206e+00, -2.0520e-01, -1.5873e+00,  1.4311e+00, -1.1175e-01,
         -2.2184e-01, -1.7138e-01,  4.0896e-01]], device='cuda:0')
[INFO] Observations: tensor([[-5.6983e-01, -4.2862e-01, -2.4157e-01,  4.2684e-01, -3.3835e-01,
         -9.0524e-02,  7.1262e-02, -6.2288e-02, -9.5301e-01, -6.4545e-01,
         -1.6071e-01, -2.1155e-01, -2.5876e-02,  2.3203e-01,  1.0298e-01,
          1.8511e-02,  2.7262e-01, -1.1838e-01, -3.4321e-01,  3.6064e-01,
          2.2803e-03, -1.2023e-01, -6.4889e-02,  1.0891e-01,  1.1301e+00,
          1.9577e+00, -1.3529e-01, -1.7211e+00,  3.2770e+00, -7.4044e+00,
          2.4843e+00,  1.6254e+00,  4.7792e-01, -5.2851e+00,  1.1574e-01,
         -1.3629e+00, -8.5854e-02,  9.1865e-01,  4.2956e-01, -6.7678e-02,
          9.9002e-01, -4.9148e-01, -1.2798e+00,  1.5656e+00, -9.1133e-02,
         -4.4560e-01, -1.9701e-01,  3.2900e-01]], device='cuda:0')
[INFO] Observations: tensor([[-0.6386, -0.1986, -0.3410,  0.4619, -0.0921, -0.1619,  0.0086, -0.0247,
         -1.0329, -0.6455, -0.1607, -0.2090, -0.0369,  0.2715,  0.0824,  0.0135,
          0.2627, -0.1687, -0.3267,  0.4086,  0.0321, -0.1903, -0.0299,  0.0820,
          1.4190,  1.3166, -0.9054, -0.6709,  0.3117, -0.7471, -0.7420,  4.0913,
          2.1455, -1.4316,  1.6752, -1.6867, -0.1345,  1.0493,  0.2471,  0.0924,
          0.8511, -0.5127, -0.9442,  1.6917,  0.0803, -0.6974, -0.2222,  0.2430]],
       device='cuda:0')
[INFO] Observations: tensor([[-0.4573, -0.0535,  0.1866, -0.1264, -0.4225, -0.0812,  0.0539,  0.0121,
         -1.0088, -0.6455, -0.1607, -0.2064, -0.0329,  0.2700,  0.0687,  0.0303,
          0.1899, -0.1568, -0.3153,  0.4502,  0.0940, -0.1559,  0.0096,  0.0743,
         -1.1365, -1.2574, -1.5938,  0.5604, -2.0897, -0.9077,  2.1140, -1.2473,
          1.1588,  1.7906,  2.2484, -1.0874, -0.1938,  0.9094,  0.0059,  0.2648,
          0.4946, -0.2774, -0.5993,  1.7031,  0.3116, -0.5968, -0.0910,  0.1929]],
       device='cuda:0')
[INFO] Observations: tensor([[-0.9665, -0.2092, -0.1256,  0.0644, -0.0634, -0.3282,  0.0412,  0.0237,
         -0.9666, -0.6455, -0.1607, -0.2031, -0.0362,  0.2763,  0.0718,  0.0800,
          0.0965, -0.1338, -0.2952,  0.4338,  0.1195, -0.1130,  0.0559,  0.0670,
         -1.4517, -0.1784, -0.1518,  2.2930, -2.1840,  3.2558,  1.7325, -0.4071,
          0.1129,  1.0464,  2.9279,  0.5930, -0.2692,  0.8496, -0.0530,  0.4161,
          0.2410, -0.0523, -0.3675,  1.6489,  0.4761, -0.4404,  0.0348,  0.2715]],
       device='cuda:0')
[INFO] Observations: tensor([[-0.7918, -0.2064, -0.0641, -0.0764,  0.1164, -0.3691,  0.0231, -0.0599,
         -0.9913, -0.6455, -0.1607, -0.1999, -0.0392,  0.2684,  0.0420,  0.1111,
          0.0243, -0.0820, -0.2558,  0.4006,  0.1282, -0.0888,  0.0893,  0.0717,
          0.4205, -1.0695, -2.1146,  0.8001, -3.1605,  1.4409,  1.1019, -2.0258,
          0.7404,  1.5394,  2.8005, -0.7935, -0.2736,  0.7334, -0.0606,  0.5744,
         -0.0280,  0.0092, -0.2449,  1.4750,  0.4869, -0.3952,  0.1886,  0.2618]],
       device='cuda:0')
[INFO] Observations: tensor([[-0.6087, -0.4024,  0.1080, -0.0830,  0.0699, -0.3311,  0.0788, -0.0306,
         -0.9837, -0.6455, -0.1607, -0.1979, -0.0482,  0.2541,  0.0362,  0.1303,
         -0.0555, -0.0376, -0.2073,  0.3536,  0.1068, -0.0773,  0.1103,  0.0789,
         -0.1893, -1.5018,  0.0845,  1.0865, -3.4539,  1.0850,  1.6458, -3.7028,
         -2.2707,  0.6028,  0.7181,  1.1100, -0.2789,  0.6214, -0.1294,  0.6438,
         -0.2286,  0.2108, -0.1829,  1.3099,  0.4702, -0.3093,  0.2309,  0.2512]],
       device='cuda:0')
[INFO] Observations: tensor([[-0.8094, -0.0700,  0.0444,  0.0912, -0.3276, -0.0841,  0.0192, -0.0164,
         -0.9618, -0.6455, -0.1607, -0.1966, -0.0452,  0.2467,  0.0258,  0.1556,
         -0.1086,  0.0118, -0.1529,  0.2971,  0.0944, -0.0767,  0.1224,  0.0684,
          0.2804,  0.7360, -1.3589,  0.2594, -1.9398,  0.7068,  3.6467, -2.3692,
          0.1878, -0.6165,  0.0962, -0.1683, -0.2638,  0.6029, -0.1424,  0.7347,
         -0.4048,  0.4116, -0.1294,  1.1078,  0.4047, -0.2727,  0.2410,  0.2695]],
       device='cuda:0')
[INFO] Observations: tensor([[-0.8888, -0.2701, -0.1971,  0.1613, -0.2220, -0.0930,  0.0617, -0.0396,
         -1.0033, -0.6455, -0.1607, -0.1952, -0.0589,  0.2391,  0.0050,  0.1794,
         -0.1385,  0.0781, -0.1120,  0.2428,  0.0650, -0.0688,  0.1062,  0.0673,
          0.8745,  0.4150,  0.7976,  1.8159, -2.0481,  0.8062,  1.6084, -2.2622,
         -0.8594,  0.0627,  0.6049, -0.4630, -0.2207,  0.5965, -0.1046,  0.7874,
         -0.6147,  0.6554, -0.0740,  0.9056,  0.2564, -0.2475,  0.2626,  0.2836]],
       device='cuda:0')
[INFO] Observations: tensor([[-9.5802e-01,  8.8222e-02,  1.1241e-02,  4.3963e-03, -2.5819e-01,
         -9.9376e-02,  1.5267e-02, -2.6213e-02, -9.5196e-01, -6.4545e-01,
         -1.6071e-01, -1.9377e-01, -4.8261e-02,  2.1516e-01, -1.9506e-03,
          1.9027e-01, -1.8062e-01,  1.2293e-01, -4.5960e-02,  1.6391e-01,
          2.7985e-02, -5.9957e-02,  9.9799e-02,  6.8943e-02, -7.4483e-01,
         -1.3806e-01,  6.5391e-01, -1.7832e-01, -3.3216e+00,  1.6281e+00,
          2.6025e+00, -3.3818e+00, -1.0717e+00,  1.4391e+00, -1.3195e+00,
          5.6942e-01, -1.8504e-01,  5.4236e-01, -6.9146e-02,  8.4054e-01,
         -7.3299e-01,  8.5987e-01, -9.4983e-02,  6.3252e-01,  1.1324e-01,
         -2.5712e-01,  2.2961e-01,  2.6400e-01]], device='cuda:0')
[INFO] Observations: tensor([[-8.9261e-01, -3.9498e-01, -2.0211e-01, -5.7756e-02,  3.7498e-02,
         -2.3998e-01,  1.4961e-02, -1.3489e-04, -1.0093e+00, -6.4545e-01,
         -1.6071e-01, -1.9217e-01, -3.0685e-02,  2.0425e-01, -6.0777e-03,
          2.0156e-01, -2.0536e-01,  1.6813e-01, -3.1865e-02,  1.0537e-01,
          2.5419e-03, -6.4586e-02,  1.0328e-01,  7.7993e-02,  1.1018e+00,
         -3.9668e-02, -8.9405e-01,  1.3578e+00,  2.5270e-02,  2.9302e+00,
          1.4611e+00, -3.4014e+00,  5.0454e-01, -1.0184e+00, -1.7300e-01,
         -1.9979e+00, -1.0904e-01,  4.4567e-01, -7.1286e-03,  8.7025e-01,
         -7.7281e-01,  1.0514e+00, -1.7358e-01,  3.6397e-01,  6.5446e-02,
         -2.7240e-01,  1.6563e-01,  3.0527e-01]], device='cuda:0')
[INFO] Observations: tensor([[-6.0729e-01, -3.8168e-01, -4.3105e-02, -4.1072e-01, -3.4421e-01,
         -3.0478e-01, -2.5163e-03, -5.9431e-02, -9.9275e-01, -6.4545e-01,
         -1.6071e-01, -1.9039e-01, -1.1440e-02,  1.8689e-01,  1.4253e-02,
          2.1500e-01, -2.1000e-01,  2.1662e-01, -4.4549e-02,  1.9889e-02,
          2.4779e-03, -6.3343e-02,  1.2613e-01,  4.6063e-02,  3.6296e-01,
          4.7931e-01, -9.2676e-02, -5.4176e-01, -4.3061e-01,  2.3111e+00,
         -6.9946e-01, -3.0987e+00,  6.9640e-01,  1.6746e-01, -7.2560e-02,
         -2.6150e+00, -7.1783e-02,  3.6073e-01,  1.8153e-01,  8.7970e-01,
         -8.1658e-01,  1.1968e+00, -3.3692e-01,  1.0630e-01,  4.1689e-02,
         -3.1557e-01,  1.8306e-01,  2.2101e-01]], device='cuda:0')
[INFO] Observations: tensor([[-8.2183e-01,  1.1392e-01, -3.3237e-01, -3.3704e-01, -6.6774e-01,
          1.1928e-01,  3.8266e-02, -2.5841e-02, -9.7856e-01, -6.4545e-01,
         -1.6071e-01, -1.8927e-01, -2.4455e-02,  1.7251e-01,  1.1773e-02,
          1.9166e-01, -1.7127e-01,  2.5254e-01, -5.3139e-02, -4.2086e-02,
          1.9416e-03, -3.9181e-02,  1.3056e-01,  4.1287e-02, -7.9408e-01,
         -1.4037e+00, -7.7313e-01, -5.3589e-01,  6.8617e-01,  7.6771e-01,
         -3.1322e-01, -1.4668e+00, -5.5276e-01,  2.3734e+00,  4.5516e-01,
         -1.0276e+00, -6.3396e-02,  2.3283e-01,  3.8018e-01,  7.5691e-01,
         -6.6047e-01,  1.2897e+00, -5.8266e-01, -1.1621e-01,  6.4551e-02,
         -2.7947e-01,  1.6015e-01,  2.0640e-01]], device='cuda:0')
[INFO] Observations: tensor([[-0.9381, -0.1155,  0.0218,  0.2120, -0.6821, -0.3451,  0.0327, -0.0133,
         -0.9698, -0.6455, -0.1607, -0.1875, -0.0208,  0.1363,  0.0277,  0.1491,
         -0.1581,  0.2870, -0.1084, -0.0514,  0.0355, -0.0341,  0.1260,  0.0602,
         -1.5455,  0.4638,  2.1224, -1.7300, -0.9245,  2.3005, -2.7740,  1.3559,
          1.3451,  0.5107, -0.4661,  1.4086, -0.0247,  0.1514,  0.4025,  0.5660,
         -0.4306,  1.3781, -0.8391, -0.1793,  0.0550, -0.2182,  0.0931,  0.2840]],
       device='cuda:0')
[INFO] Observations: tensor([[-0.9268,  0.0495,  0.1936,  0.6805,  0.0289, -0.2604,  0.0591,  0.0192,
         -1.0366, -0.6455, -0.1607, -0.1852, -0.0420,  0.0846,  0.0533,  0.1266,
         -0.1059,  0.3100, -0.1839, -0.0189,  0.0557, -0.0068,  0.0789,  0.0705,
          0.6428, -1.1671, -0.1040,  0.9137,  1.4540,  1.6839, -2.2621,  0.0788,
         -1.0142,  1.8665, -2.0056,  0.2514, -0.0376,  0.0897,  0.4310,  0.4139,
         -0.1144,  1.2861, -1.0387, -0.0534,  0.1342, -0.1222,  0.1063,  0.2798]],
       device='cuda:0')
[INFO] Observations: tensor([[-9.1672e-01, -3.0764e-01,  1.1802e-01,  6.7953e-01,  5.1047e-01,
         -2.2232e-01, -2.5471e-02,  2.8507e-02, -1.0413e+00, -6.4545e-01,
         -1.6071e-01, -1.8464e-01, -3.0709e-02,  3.6847e-02,  8.1515e-02,
          1.2783e-01, -5.1886e-02,  3.2149e-01, -2.8236e-01, -3.8419e-03,
          4.0433e-02,  2.1174e-02,  2.3994e-02,  1.1717e-01, -8.9858e-01,
         -7.7137e-01, -5.2908e-01, -1.2768e+00,  2.6816e+00, -4.0147e-01,
         -5.8546e+00,  2.6098e+00, -1.2610e+00,  2.5449e+00, -3.0831e+00,
          4.3812e+00, -2.7658e-02,  7.5516e-02,  4.1403e-01,  2.9405e-01,
          1.7957e-01,  1.1697e+00, -1.2370e+00,  1.1522e-01,  1.2914e-01,
         -3.3552e-02,  1.1175e-01,  2.9399e-01]], device='cuda:0')
[INFO] Observations: tensor([[-0.5614,  0.0999,  0.1027,  0.0447,  0.3710, -0.1031,  0.0684, -0.0243,
         -0.9599, -0.6455, -0.1607, -0.1841, -0.0348,  0.0351,  0.1013,  0.1219,
          0.0056,  0.3201, -0.3575,  0.0413,  0.0485,  0.0349,  0.0056,  0.1731,
          0.0689,  0.6192,  1.2302, -0.2726,  2.2154, -0.2624, -2.7456,  2.1395,
         -0.2182,  0.9294, -1.3198,  1.4687, -0.0919,  0.1077,  0.4255,  0.1721,
          0.3511,  1.0362, -1.2948,  0.4524,  0.0781,  0.0702,  0.0742,  0.3662]],
       device='cuda:0')
[INFO] Observations: tensor([[-8.6499e-01, -4.1520e-01,  8.6551e-02, -2.9792e-02, -2.1603e-01,
         -2.8732e-01, -8.3531e-04, -3.9138e-02, -1.0010e+00, -6.4545e-01,
         -1.6071e-01, -1.8304e-01, -4.2847e-02,  3.7267e-02,  9.5755e-02,
          9.9566e-02,  4.3399e-02,  2.7979e-01, -3.5847e-01,  8.9920e-02,
          4.7542e-02,  5.7074e-02, -3.7616e-03,  1.7973e-01, -3.2603e-01,
          1.1152e+00,  4.6065e-01, -1.0838e-01,  3.0400e+00, -1.0047e+00,
          8.0572e-01,  1.3220e+00,  3.0251e-01, -3.3052e-01,  2.2535e-01,
          1.4853e+00, -4.6367e-02,  1.8264e-01,  4.4018e-01,  5.4555e-02,
          5.2839e-01,  8.4405e-01, -1.4273e+00,  6.6005e-01,  6.6578e-02,
          1.1849e-01,  1.1061e-02,  4.3250e-01]], device='cuda:0')
[INFO] Observations: tensor([[-6.0763e-01, -3.7809e-02, -1.2748e-01, -3.2951e-02, -1.1939e-01,
         -3.0407e-01,  3.1394e-03,  3.1254e-02, -1.0410e+00, -6.4545e-01,
         -1.6071e-01, -1.8143e-01, -5.5762e-02,  3.0895e-02,  1.0151e-01,
          7.8380e-02,  9.5463e-02,  2.2731e-01, -3.7673e-01,  1.4410e-01,
          5.7758e-02,  7.6566e-02,  1.6315e-03,  1.7531e-01, -1.4511e+00,
          7.3601e-01,  2.7345e-01,  6.3107e-01,  1.7010e+00, -1.1862e+00,
          1.3455e+00,  3.4002e+00, -1.1276e+00,  2.0326e-01,  1.5362e+00,
         -1.8751e+00, -1.4985e-01,  3.2106e-01,  5.1624e-01,  2.3573e-03,
          7.5783e-01,  5.8561e-01, -1.5893e+00,  8.4462e-01,  3.4188e-02,
          1.1980e-01,  6.0498e-03,  4.6061e-01]], device='cuda:0')
[INFO] Observations: tensor([[-0.8227,  0.0595,  0.3284,  0.1772,  0.0122, -0.3245,  0.0329, -0.0159,
         -1.0365, -0.6455, -0.1607, -0.1795, -0.0722,  0.0568,  0.1213,  0.0625,
          0.1410,  0.1642, -0.3830,  0.1955,  0.0395,  0.0626, -0.0053,  0.1518,
         -0.1711,  1.4146, -1.4058, -0.6166,  2.9545, -2.9785,  1.1106,  1.3943,
          0.0581,  0.1486, -0.7434, -1.2355, -0.2221,  0.4822,  0.5354, -0.0337,
          0.9694,  0.2465, -1.6690,  1.0439, -0.0219,  0.0320, -0.0237,  0.4590]],
       device='cuda:0')
[INFO] Observations: tensor([[-4.5461e-01, -2.6322e-01, -5.8977e-02,  2.0932e-01,  5.2279e-02,
         -1.3483e-01,  2.5088e-03, -3.8039e-02, -9.6828e-01, -6.4545e-01,
         -1.6071e-01, -1.7735e-01, -7.2972e-02,  1.0859e-01,  1.1505e-01,
          6.4886e-02,  2.0347e-01,  6.8581e-02, -3.9472e-01,  2.6524e-01,
          6.2022e-03,  3.4587e-02, -2.5503e-02,  1.4812e-01, -1.2894e+00,
          1.9858e+00, -1.4694e+00, -1.9388e+00,  2.3098e+00, -4.2937e+00,
         -3.4524e-01,  1.5979e+00, -2.0142e+00, -1.5278e+00, -6.8820e-02,
          6.0823e-01, -3.5693e-01,  6.7115e-01,  5.6590e-01, -2.1152e-02,
          1.1283e+00, -1.7338e-02, -1.6585e+00,  1.2285e+00, -1.2106e-01,
         -7.6982e-02, -1.0752e-01,  4.1460e-01]], device='cuda:0')
[INFO] Observations: tensor([[-0.5952,  0.0153, -0.2751, -0.0356, -0.0613, -0.4073,  0.0128,  0.0070,
         -0.9539, -0.6455, -0.1607, -0.1747, -0.0750,  0.1921,  0.1263,  0.0392,
          0.2572, -0.0190, -0.3998,  0.3197, -0.0109, -0.0294, -0.0517,  0.1159,
          0.0319,  1.9556,  1.5557, -0.1843,  1.4171, -5.2891,  0.7981,  1.9749,
         -1.8035, -3.5966, -1.0204,  0.3580, -0.3265,  0.9144,  0.6080, -0.0958,
          1.1894, -0.2331, -1.5303,  1.4636, -0.1597, -0.1889, -0.1728,  0.3588]],
       device='cuda:0')
[INFO] Observations: tensor([[-0.8979, -0.3534, -0.3039,  0.0157, -0.4543, -0.2307,  0.0342, -0.0160,
         -1.0242, -0.6455, -0.1607, -0.1728, -0.0714,  0.2711,  0.1322,  0.0234,
          0.2860, -0.1298, -0.3472,  0.3730, -0.0099, -0.1225, -0.0458,  0.0950,
          0.3783,  2.7720,  0.4955, -0.8383,  3.0787, -6.8432,  3.1077,  2.9530,
         -0.5786, -1.6859,  2.3416, -1.3335, -0.3194,  1.1389,  0.5555, -0.0261,
          1.1604, -0.4749, -1.2833,  1.5731, -0.1148, -0.4210, -0.1764,  0.2447]],
       device='cuda:0')
[INFO] Observations: tensor([[-0.6345, -0.0909, -0.1751,  0.3415, -0.1305, -0.2173, -0.0222, -0.0388,
         -0.9688, -0.6455, -0.1607, -0.1714, -0.0733,  0.3042,  0.1149,  0.0237,
          0.2833, -0.1719, -0.3165,  0.4174,  0.0267, -0.1978, -0.0113,  0.0787,
          0.0462, -0.5279, -0.6002,  0.1113,  1.1952, -0.9902, -0.3190,  3.4870,
          1.8564, -0.4674,  2.0414, -1.5370, -0.3357,  1.1741,  0.4113,  0.1267,
          0.9070, -0.5496, -0.9581,  1.6525, -0.0050, -0.6806, -0.1448,  0.1983]],
       device='cuda:0')
[INFO] Observations: tensor([[-5.6982e-01, -3.3502e-01, -3.5932e-03, -5.1675e-02,  2.8977e-02,
          1.5432e-02,  3.2262e-02, -8.1138e-04, -1.0210e+00, -6.4545e-01,
         -1.6071e-01, -1.7007e-01, -7.2305e-02,  3.1124e-01,  1.1253e-01,
          3.4430e-02,  2.2250e-01, -1.6479e-01, -3.0153e-01,  4.3992e-01,
          7.3376e-02, -1.3267e-01,  3.4300e-02,  7.1027e-02, -1.0593e+00,
         -1.5289e+00,  8.3599e-02,  1.3013e-02, -1.1581e+00,  1.1300e+00,
         -1.8249e-01,  3.4778e-01, -7.1777e-01,  3.7513e+00,  2.8437e+00,
         -1.4981e+00, -3.7625e-01,  9.8410e-01,  1.8860e-01,  2.6764e-01,
          5.7778e-01, -2.9618e-01, -5.8426e-01,  1.6922e+00,  2.6240e-01,
         -5.8943e-01, -3.7861e-02,  2.0167e-01]], device='cuda:0')
[INFO] Observations: tensor([[-0.8640, -0.1700,  0.2880, -0.0697,  0.1488, -0.2017, -0.0052, -0.0080,
         -0.9543, -0.6455, -0.1607, -0.1676, -0.0684,  0.2894,  0.1021,  0.0499,
          0.1224, -0.1398, -0.2885,  0.4276,  0.1154, -0.1063,  0.0668,  0.0718,
          1.2338,  0.2190, -0.6836,  0.5605, -4.2996,  0.6575,  3.0661, -1.4937,
         -0.2254,  1.1965,  1.2666,  0.5139, -0.3373,  0.8683,  0.0589,  0.3683,
          0.3201, -0.0821, -0.3883,  1.6229,  0.4049, -0.4405,  0.0644,  0.2600]],
       device='cuda:0')
[INFO] Observations: tensor([[-9.4027e-01,  9.4329e-02, -1.0786e-01,  3.0683e-02,  7.5871e-02,
         -2.2302e-01,  5.6105e-02, -1.4122e-03, -1.0336e+00, -6.4545e-01,
         -1.6071e-01, -1.6482e-01, -8.1631e-02,  2.9123e-01,  7.4048e-02,
          1.0086e-01,  3.3964e-02, -7.8203e-02, -2.4160e-01,  4.1168e-01,
          1.2258e-01, -8.8072e-02,  9.7655e-02,  7.3307e-02,  6.7716e-01,
         -1.7710e+00,  6.4372e-01,  2.1522e+00, -4.1632e+00,  3.1457e+00,
          3.0116e+00, -6.8306e-01,  9.0678e-01,  4.0075e-01,  1.1829e+00,
         -3.1682e-01, -3.1664e-01,  8.1151e-01, -1.5232e-02,  5.0206e-01,
          1.2748e-01,  1.6205e-02, -2.7728e-01,  1.5736e+00,  4.9377e-01,
         -3.2138e-01,  1.5193e-01,  2.7040e-01]], device='cuda:0')
[INFO] Observations: tensor([[-0.7871, -0.2799, -0.1261, -0.1939, -0.0297, -0.2482,  0.0142,  0.0078,
         -1.0141, -0.6455, -0.1607, -0.1627, -0.0667,  0.2713,  0.0543,  0.1181,
         -0.0185, -0.0382, -0.1970,  0.3816,  0.1223, -0.0786,  0.1123,  0.0664,
          0.9283,  0.1558, -0.9573,  1.3337, -1.4330,  2.5051,  1.2681, -0.8882,
         -0.1437,  0.3199,  1.3297,  0.0853, -0.2912,  0.7002, -0.1005,  0.6299,
         -0.1250,  0.1442, -0.1621,  1.4063,  0.4851, -0.3248,  0.2397,  0.2660]],
       device='cuda:0')
[INFO] Observations: tensor([[-0.7706,  0.1064,  0.2763, -0.2619, -0.3310, -0.1196, -0.0272, -0.0348,
         -0.9571, -0.6455, -0.1607, -0.1620, -0.0653,  0.2396,  0.0336,  0.1417,
         -0.0839,  0.0246, -0.1607,  0.3288,  0.0945, -0.0730,  0.1262,  0.0634,
          0.2318, -0.4473,  0.3381, -0.8058, -2.4455,  0.6781,  3.0880, -4.1702,
          0.1505, -0.3784, -0.3168, -0.8933, -0.2735,  0.6194, -0.0996,  0.6791,
         -0.3737,  0.3742, -0.0444,  1.1840,  0.3941, -0.2685,  0.3114,  0.2474]],
       device='cuda:0')
[INFO] Observations: tensor([[-0.5197, -0.3796, -0.0318,  0.1936, -0.0595, -0.1408,  0.0675, -0.0319,
         -1.0089, -0.6455, -0.1607, -0.1618, -0.0602,  0.2259,  0.0310,  0.1711,
         -0.1353,  0.0823, -0.0989,  0.2536,  0.0513, -0.0580,  0.1173,  0.0850,
         -1.0959,  0.0536,  0.0785, -0.3161, -2.7971,  1.7835,  4.0184, -3.6846,
         -1.7103, -0.5311, -0.9244, -0.4286, -0.2445,  0.5685, -0.0765,  0.7465,
         -0.5545,  0.6561,  0.0184,  0.9699,  0.2613, -0.2207,  0.3026,  0.3227]],
       device='cuda:0')
[INFO] Observations: tensor([[-0.9712, -0.4690,  0.2938,  0.0464, -0.0997, -0.1682, -0.0079,  0.0331,
         -0.9723, -0.6455, -0.1607, -0.1610, -0.0386,  0.2059,  0.0260,  0.1820,
         -0.1539,  0.1367, -0.0466,  0.1968,  0.0323, -0.0566,  0.1157,  0.0785,
          0.3088,  0.7876,  0.5848,  0.2410, -3.0326,  1.0821,  1.4286, -3.9034,
         -0.2004,  0.7244, -1.5474, -0.9224, -0.1624,  0.5295, -0.0356,  0.8046,
         -0.6788,  0.8453, -0.0244,  0.7244,  0.1805, -0.2565,  0.2653,  0.3277]],
       device='cuda:0')
[INFO] Observations: tensor([[-0.9580,  0.0339,  0.2331, -0.3098, -0.1818, -0.2961, -0.0090,  0.0174,
         -1.0005, -0.6455, -0.1607, -0.1601, -0.0352,  0.1910,  0.0239,  0.1968,
         -0.1921,  0.1865, -0.0194,  0.1161,  0.0287, -0.0551,  0.1288,  0.0818,
          1.1781, -1.4775, -0.5482, -1.3156, -2.5650,  0.3181,  0.0533, -2.9129,
         -0.1931, -0.6493, -0.5925, -1.3808, -0.1102,  0.4582,  0.0932,  0.8543,
         -0.7705,  1.0662, -0.1320,  0.4039,  0.1195, -0.2730,  0.2498,  0.2905]],
       device='cuda:0')
[INFO] Observations: tensor([[-0.4573, -0.0638, -0.3180,  0.0191, -0.0826,  0.0138,  0.0643,  0.0204,
         -1.0137, -0.6455, -0.1607, -0.1587, -0.0282,  0.1866,  0.0184,  0.1963,
         -0.1979,  0.2258, -0.0183,  0.0290,  0.0110, -0.0508,  0.1359,  0.0709,
          1.3600,  0.6220,  0.1706, -0.5218, -1.4058,  0.7530,  1.2744, -4.3577,
          0.1599,  1.8486, -0.3305,  0.1648, -0.0858,  0.3481,  0.2437,  0.7731,
         -0.7448,  1.2612, -0.3105,  0.0674,  0.0637, -0.2769,  0.2483,  0.3151]],
       device='cuda:0')
[INFO] Observations: tensor([[-7.9837e-01, -5.7846e-03, -1.0119e-01, -2.2742e-01, -6.0594e-01,
         -3.4111e-01,  1.0615e-02, -1.7264e-02, -1.0116e+00, -6.4545e-01,
         -1.6071e-01, -1.5666e-01, -1.6213e-02,  1.7873e-01,  3.1187e-02,
          1.7596e-01, -1.8814e-01,  2.7389e-01, -3.5441e-02, -2.9022e-02,
          7.6857e-03, -4.4445e-02,  1.2671e-01,  5.8824e-02,  5.6326e-01,
         -1.1680e-01,  6.3923e-01,  7.5146e-01,  8.1201e-01,  1.4588e+00,
         -8.7051e-01, -1.4310e+00, -3.7833e-02,  1.2067e+00, -7.1906e-01,
         -2.5641e-01, -6.6915e-04,  2.3793e-01,  3.5038e-01,  6.4709e-01,
         -6.5607e-01,  1.3526e+00, -5.5534e-01, -5.2577e-02,  9.7130e-02,
         -2.4150e-01,  1.3954e-01,  3.0704e-01]], device='cuda:0')
[INFO] Observations: tensor([[-0.7802, -0.3972, -0.1668,  0.3137, -0.5485, -0.2236, -0.0209, -0.0203,
         -1.0105, -0.6455, -0.1607, -0.1544, -0.0145,  0.1390,  0.0457,  0.1492,
         -0.1637,  0.3105, -0.0859, -0.0395,  0.0568, -0.0347,  0.1295,  0.0687,
         -1.4050, -0.7575,  1.0938, -1.5737, -0.2782,  1.1061, -0.5753, -1.5300,
          2.0595,  1.6225, -1.7851, -0.6535, -0.0323,  0.0962,  0.4861,  0.5578,
         -0.4177,  1.3802, -0.7733, -0.1591,  0.1238, -0.2112,  0.1193,  0.2779]],
       device='cuda:0')
[INFO] Observations: tensor([[-9.1083e-01, -4.2994e-01,  1.1645e-01,  7.6033e-01,  3.6031e-01,
         -1.2512e-01,  6.7905e-03,  2.2147e-02, -9.5021e-01, -6.4545e-01,
         -1.6071e-01, -1.5194e-01, -2.7921e-02,  7.8836e-02,  7.8937e-02,
          1.1385e-01, -1.2504e-01,  3.3587e-01, -1.7198e-01, -3.9965e-02,
          7.0531e-02, -7.4354e-03,  1.0062e-01,  7.4365e-02,  4.3120e-01,
         -1.3917e+00, -1.0445e-03,  3.2104e-01,  3.7370e+00,  1.4993e+00,
         -5.3608e+00, -9.6920e-02,  9.9602e-01,  8.4677e-01, -2.8708e+00,
          1.3144e+00, -2.6064e-03,  2.9311e-02,  5.1496e-01,  3.7513e-01,
         -1.3665e-01,  1.3393e+00, -1.0418e+00, -7.7005e-02,  1.9152e-01,
         -1.2525e-01,  1.3066e-01,  2.8199e-01]], device='cuda:0')
[INFO] Observations: tensor([[-4.3070e-01, -2.2383e-01, -8.1904e-02,  5.3263e-01,  2.4063e-01,
         -1.3180e-01,  2.9346e-02, -4.7353e-02, -1.0128e+00, -6.4545e-01,
         -1.6071e-01, -1.5107e-01, -2.4443e-02,  3.2448e-02,  8.6540e-02,
          1.0896e-01, -6.2916e-02,  3.3970e-01, -2.9700e-01,  4.3007e-03,
          5.9369e-02,  2.9644e-02,  2.5210e-02,  1.0736e-01,  5.9854e-01,
          3.9083e-01,  3.9794e-01, -5.7558e-01,  2.1425e+00, -9.1480e-01,
         -5.8442e+00,  2.7047e+00, -5.3551e-01,  1.2751e+00, -2.6621e+00,
          2.3698e+00, -2.7875e-02,  4.8372e-02,  4.8229e-01,  2.7250e-01,
          1.3417e-01,  1.2558e+00, -1.2226e+00,  1.7302e-01,  2.0141e-01,
         -9.2703e-03,  9.9692e-02,  2.7842e-01]], device='cuda:0')
[INFO] Observations: tensor([[-5.9798e-01,  5.7790e-02, -6.9149e-03,  3.8126e-01,  2.2041e-01,
          1.1321e-01,  2.8531e-02, -2.3775e-02, -9.5997e-01, -6.4545e-01,
         -1.6071e-01, -1.5035e-01, -3.9423e-02,  2.3252e-02,  1.0865e-01,
          1.0353e-01, -1.1174e-03,  3.2512e-01, -3.6711e-01,  3.3801e-02,
          4.6417e-02,  4.3505e-02, -1.8494e-02,  1.5346e-01,  9.8042e-01,
          8.4244e-01, -4.0392e-01, -1.4115e+00,  2.6248e+00,  9.7740e-01,
         -1.0610e+00,  1.9161e+00,  5.6221e-01, -4.1958e-01, -6.2246e-01,
          4.1022e-01, -4.8940e-02,  9.9374e-02,  4.4296e-01,  1.4122e-01,
          3.2517e-01,  1.1123e+00, -1.3177e+00,  4.8522e-01,  1.5039e-01,
          1.2595e-01,  9.9443e-03,  3.4840e-01]], device='cuda:0')
[INFO] Observations: tensor([[-0.9260,  0.1035,  0.2202,  0.0195, -0.1776, -0.2903,  0.0241, -0.0530,
         -0.9923, -0.6455, -0.1607, -0.1493, -0.0353,  0.0327,  0.1104,  0.0949,
          0.0503,  0.2926, -0.3866,  0.0889,  0.0629,  0.0493, -0.0151,  0.1707,
         -1.3094,  0.5647,  0.3564,  0.2379,  1.6835, -1.0444,  1.4326,  2.7265,
          0.8286,  0.9540,  1.1782,  1.3734, -0.0678,  0.2102,  0.4961,  0.0031,
          0.5279,  0.8678, -1.5421,  0.6737,  0.0676,  0.1474, -0.0581,  0.4210]],
       device='cuda:0')
[INFO] Observations: tensor([[-0.9782, -0.2676, -0.1765, -0.0148, -0.1591, -0.2595,  0.0433, -0.0321,
         -0.9957, -0.6455, -0.1607, -0.1479, -0.0389,  0.0365,  0.1113,  0.0725,
          0.0933,  0.2331, -0.3814,  0.1424,  0.0544,  0.0660, -0.0199,  0.1777,
         -1.4009,  0.1461,  1.0185, -1.0823,  1.7297, -2.2371,  0.6976,  2.9342,
          0.6355,  1.0722,  0.4983, -0.0314, -0.1932,  0.3274,  0.5503, -0.0146,
          0.7917,  0.5383, -1.6468,  0.8419,  0.0122,  0.1202, -0.0387,  0.4821]],
       device='cuda:0')
[INFO] Observations: tensor([[-0.6644, -0.1729,  0.0665, -0.0842,  0.0197, -0.0985,  0.0382, -0.0696,
         -1.0152, -0.6455, -0.1607, -0.1458, -0.0449,  0.0639,  0.1212,  0.0516,
          0.1579,  0.1610, -0.3996,  0.2003,  0.0215,  0.0803, -0.0067,  0.1629,
         -1.8305,  1.4973, -0.7604,  0.5929,  2.4820, -2.3440, -1.0749,  3.9528,
         -1.1051,  0.2170, -0.2090, -1.4522, -0.2515,  0.4819,  0.5431, -0.0633,
          0.9388,  0.2944, -1.6800,  1.0564, -0.0198,  0.0429, -0.0217,  0.4579]],
       device='cuda:0')
[INFO] Observations: tensor([[-6.9828e-01, -2.7791e-01, -2.4571e-01,  1.9753e-01, -1.0465e-02,
         -4.7288e-01,  6.7459e-02, -4.0037e-02, -9.6654e-01, -6.4545e-01,
         -1.6071e-01, -1.4274e-01, -5.5982e-02,  1.1310e-01,  1.1113e-01,
          3.9475e-02,  2.1850e-01,  8.9123e-02, -3.9941e-01,  2.6884e-01,
          6.2560e-04,  5.5935e-02, -3.1419e-02,  1.3065e-01, -6.3873e-01,
          1.4329e+00, -8.2364e-02, -8.1000e-01,  1.7475e+00, -3.4235e+00,
         -2.8527e-01,  3.3422e+00,  5.0417e-01, -1.4250e+00, -4.4155e-01,
         -1.3432e+00, -2.2450e-01,  6.3746e-01,  5.3859e-01, -1.0970e-01,
          1.0465e+00,  3.4483e-02, -1.6587e+00,  1.3011e+00, -1.2334e-01,
         -7.5941e-02, -1.2162e-01,  4.5420e-01]], device='cuda:0')
[INFO] Observations: tensor([[-9.5513e-01, -3.4518e-01, -1.0944e-01,  4.5859e-02, -3.2984e-01,
         -2.2561e-01,  5.1978e-02, -3.6662e-02, -1.0311e+00, -6.4545e-01,
         -1.6071e-01, -1.4000e-01, -5.3858e-02,  1.7875e-01,  1.1784e-01,
          2.2535e-02,  2.5584e-01, -2.3568e-03, -3.8848e-01,  3.2479e-01,
         -1.2534e-02,  2.8246e-03, -3.4867e-02,  1.1287e-01,  9.1147e-01,
          3.9125e+00, -4.2146e-01, -9.4734e-01,  1.8791e+00, -4.1591e+00,
         -1.0043e+00,  2.5308e+00,  7.9039e-01, -4.4847e+00, -9.0900e-01,
          5.0272e-01, -2.9887e-01,  8.1824e-01,  5.0560e-01, -5.7755e-02,
          1.1542e+00, -2.0090e-01, -1.5489e+00,  1.4569e+00, -1.3425e-01,
         -2.1284e-01, -1.5032e-01,  3.2891e-01]], device='cuda:0')
[INFO] Observations: tensor([[-0.7590, -0.0604,  0.1343,  0.0049, -0.2970, -0.3473,  0.0523, -0.0632,
         -1.0256, -0.6455, -0.1607, -0.1376, -0.0627,  0.2617,  0.1034,  0.0159,
          0.2937, -0.0950, -0.3627,  0.3850, -0.0165, -0.1035, -0.0672,  0.0853,
          0.0895,  3.5721, -0.4070, -1.0018, -0.4431, -4.6956,  0.9680,  1.3625,
         -0.1990, -4.0192, -0.5831, -1.8112, -0.2351,  0.9900,  0.4521, -0.0627,
          1.0768, -0.4099, -1.3228,  1.6162, -0.1530, -0.4004, -0.2003,  0.2881]],
       device='cuda:0')
[INFO] Observations: tensor([[-5.1178e-01,  3.5725e-02, -4.4871e-01,  1.0832e-01, -2.8764e-01,
         -9.8137e-02,  3.3484e-02, -6.5710e-02, -9.7476e-01, -6.4545e-01,
         -1.6071e-01, -1.3596e-01, -7.2784e-02,  2.8620e-01,  1.1454e-01,
          1.6452e-03,  2.8488e-01, -1.6500e-01, -3.3430e-01,  4.4119e-01,
          1.7541e-02, -1.5040e-01, -2.1398e-02,  8.6709e-02, -4.7159e-01,
          3.0341e-01,  7.9950e-02, -4.4719e-01,  5.3353e-01, -1.6356e+00,
          1.2359e+00,  2.4596e+00,  4.7363e-01, -8.5041e-01,  2.1723e+00,
         -1.2320e+00, -2.4753e-01,  1.0926e+00,  3.9544e-01,  8.1001e-02,
          9.7218e-01, -5.4744e-01, -9.6875e-01,  1.7037e+00,  2.0579e-03,
         -5.9848e-01, -1.6892e-01,  2.6338e-01]], device='cuda:0')
[INFO] Observations: tensor([[-0.5507, -0.0058, -0.0132,  0.0241, -0.2182, -0.0936,  0.0161,  0.0067,
         -0.9834, -0.6455, -0.1607, -0.1340, -0.0644,  0.2952,  0.0950,  0.0167,
          0.2294, -0.1499, -0.3241,  0.4577,  0.0848, -0.1006,  0.0252,  0.0697,
          0.8496,  1.0594,  0.4894,  0.0919, -0.7335,  0.2261,  1.7679, -0.2016,
          0.0180,  3.8458,  3.0733, -0.7485, -0.3026,  1.0104,  0.1855,  0.2077,
          0.6758, -0.3663, -0.6260,  1.7867,  0.2547, -0.5390, -0.0565,  0.2767]],
       device='cuda:0')
[INFO] Observations: tensor([[-3.9013e-01,  1.3252e-01, -2.9170e-01, -2.9103e-03, -1.5364e-01,
         -2.2481e-01, -2.3081e-02, -7.3128e-04, -1.0151e+00, -6.4545e-01,
         -1.6071e-01, -1.3208e-01, -6.3117e-02,  2.8784e-01,  1.0020e-01,
          6.2636e-02,  1.4433e-01, -1.2892e-01, -2.9944e-01,  4.6060e-01,
          1.2130e-01, -7.7531e-02,  6.8112e-02,  7.2844e-02, -7.5709e-01,
          1.0125e+00, -1.5347e+00,  1.2435e-01, -4.1780e+00,  2.6593e+00,
          2.2925e-01, -8.4181e-01,  1.2340e+00,  5.1088e-01,  1.6808e+00,
         -1.1734e+00, -2.9905e-01,  8.6927e-01,  6.6707e-02,  3.6044e-01,
          4.0972e-01, -1.7246e-01, -3.8807e-01,  1.7881e+00,  4.2932e-01,
         -3.4657e-01,  9.3411e-02,  2.8214e-01]], device='cuda:0')
[INFO] Observations: tensor([[-7.2573e-01, -2.3824e-01, -2.4589e-01, -1.2043e-01,  3.8337e-01,
          2.1436e-02, -1.3129e-02, -6.3308e-02, -9.7135e-01, -6.4545e-01,
         -1.6071e-01, -1.3078e-01, -5.9652e-02,  2.7277e-01,  7.7366e-02,
          8.1682e-02,  6.9690e-02, -7.8163e-02, -2.6201e-01,  4.4678e-01,
          1.2548e-01, -5.6986e-02,  9.7559e-02,  7.4517e-02, -6.1284e-02,
          3.6537e-01, -5.4711e-01,  1.4027e+00, -4.9126e+00,  2.4541e+00,
          7.4481e-01,  4.1349e-03, -6.2417e-02,  5.0764e-02,  2.9438e+00,
         -6.5371e-02, -2.7126e-01,  7.5154e-01, -2.1464e-02,  4.5333e-01,
          1.8944e-01, -4.4012e-02, -2.0721e-01,  1.6548e+00,  5.0759e-01,
         -2.6615e-01,  2.5089e-01,  2.8424e-01]], device='cuda:0')
[INFO] Observations: tensor([[-9.2496e-01, -8.5488e-02, -7.2601e-02, -2.2357e-01, -7.6546e-02,
         -2.3204e-01, -2.2725e-03, -2.4574e-02, -1.0201e+00, -6.4545e-01,
         -1.6071e-01, -1.2979e-01, -5.2767e-02,  2.4754e-01,  5.8425e-02,
          9.9467e-02, -8.0174e-03, -4.2766e-02, -2.2143e-01,  4.0021e-01,
          1.2213e-01, -5.9438e-02,  1.2472e-01,  7.1911e-02,  5.8906e-01,
          2.7943e-01,  2.0783e-01, -4.3993e-01, -2.4642e+00,  1.2701e+00,
          8.7668e-01, -2.1948e+00, -1.0898e+00, -4.1045e-01,  1.2181e-01,
          7.1414e-01, -2.3202e-01,  7.3152e-01, -1.5700e-01,  5.0480e-01,
         -3.0568e-02,  1.1020e-01, -1.5753e-01,  1.5511e+00,  5.0530e-01,
         -2.1608e-01,  2.5950e-01,  2.7351e-01]], device='cuda:0')
[INFO] Observations: tensor([[-7.1856e-01, -8.6421e-02,  1.9867e-01,  1.0364e-01, -3.4432e-02,
         -1.5247e-01, -9.2349e-03,  2.3731e-02, -9.5815e-01, -6.4545e-01,
         -1.6071e-01, -1.2941e-01, -6.0178e-02,  2.3946e-01,  2.9789e-02,
          1.2718e-01, -5.6621e-02,  8.4067e-04, -1.7426e-01,  3.5485e-01,
          9.4279e-02, -5.7856e-02,  1.3202e-01,  7.2114e-02, -4.7719e-01,
         -1.3135e+00, -1.2969e+00,  1.8480e+00, -1.7484e+00,  1.8185e+00,
          2.2506e+00, -1.1286e+00, -9.6013e-01, -2.9664e-01,  8.9674e-01,
          5.4686e-01, -2.5344e-01,  6.1621e-01, -1.7220e-01,  5.9382e-01,
         -2.5775e-01,  3.2626e-01,  4.1520e-03,  1.3272e+00,  4.3263e-01,
         -1.7881e-01,  3.4799e-01,  2.9738e-01]], device='cuda:0')
[INFO] Observations: tensor([[-0.9727, -0.1292, -0.1493,  0.0709,  0.0688,  0.0887,  0.0497, -0.0625,
         -0.9776, -0.6455, -0.1607, -0.1293, -0.0516,  0.2203,  0.0226,  0.1380,
         -0.1008,  0.0628, -0.1350,  0.2993,  0.0757, -0.0399,  0.1268,  0.0681,
          1.4357, -0.3764,  0.0179, -0.4805, -2.6254,  0.9301,  2.1194, -1.8254,
         -1.4769, -0.8601, -0.6175, -1.1442, -0.2448,  0.5981, -0.1188,  0.6810,
         -0.4812,  0.5402,  0.0550,  1.1157,  0.3250, -0.2177,  0.3664,  0.2946]],
       device='cuda:0')
[INFO] Observations: tensor([[-0.7030, -0.4009, -0.1847,  0.1569, -0.2388, -0.0827,  0.0437, -0.0247,
         -0.9855, -0.6455, -0.1607, -0.1278, -0.0483,  0.2020,  0.0154,  0.1663,
         -0.1492,  0.1196, -0.0746,  0.2299,  0.0394, -0.0391,  0.1145,  0.0859,
          0.1231, -0.3653,  0.7166, -0.2242, -4.2122,  3.1514,  3.1946, -1.8130,
         -2.4355, -0.7898,  0.9662,  0.5075, -0.1674,  0.5733, -0.1597,  0.7102,
         -0.6625,  0.8146,  0.0202,  0.8440,  0.1620, -0.2248,  0.3008,  0.3257]],
       device='cuda:0')
[INFO] Observations: tensor([[-9.9741e-01, -1.7143e-01, -2.0358e-01,  1.9596e-02, -5.1001e-02,
         -9.7120e-02,  3.7200e-02, -1.8908e-02, -9.9796e-01, -6.4545e-01,
         -1.6071e-01, -1.2576e-01, -1.8663e-02,  1.9943e-01,  7.2718e-03,
          1.7170e-01, -1.9405e-01,  1.7274e-01, -1.9598e-02,  1.6068e-01,
          4.5078e-03, -5.7979e-02,  1.2605e-01,  7.7068e-02, -9.2366e-02,
         -6.9974e-01,  1.0250e+00, -9.3156e-01, -3.3290e+00,  2.0003e+00,
          1.6707e+00, -4.0678e+00, -1.5720e+00,  1.0213e+00,  1.7402e-03,
         -8.0651e-01, -9.6058e-02,  4.8808e-01, -9.2680e-02,  7.5423e-01,
         -7.6482e-01,  9.3589e-01, -3.0979e-02,  5.8267e-01,  7.8221e-02,
         -3.0186e-01,  2.7872e-01,  3.3500e-01]], device='cuda:0')
[INFO] Observations: tensor([[-0.8820, -0.2555, -0.1726, -0.2884, -0.0676, -0.3178, -0.0202, -0.0498,
         -1.0284, -0.6455, -0.1607, -0.1242, -0.0176,  0.1839,  0.0032,  0.1831,
         -0.2084,  0.2125, -0.0045,  0.0765, -0.0111, -0.0462,  0.1280,  0.0831,
          1.3514, -1.3704,  1.0971, -1.1220,  0.7413,  2.4791,  0.7025, -1.5745,
          0.5545,  0.7052,  0.8819, -1.7290, -0.0428,  0.3735, -0.0117,  0.7909,
         -0.7858,  1.1039, -0.1581,  0.3130,  0.0229, -0.3359,  0.2104,  0.3280]],
       device='cuda:0')
[INFO] Observations: tensor([[-6.5817e-01,  3.1525e-02, -3.1770e-01, -4.5454e-01, -6.6269e-01,
          1.3228e-01, -6.9357e-03, -4.0836e-02, -1.0273e+00, -6.4545e-01,
         -1.6071e-01, -1.2408e-01, -9.3318e-03,  1.5975e-01, -1.7977e-03,
          1.7664e-01, -1.8803e-01,  2.6078e-01, -1.3250e-02,  5.7772e-03,
         -1.4580e-03, -4.4662e-02,  1.2981e-01,  6.3358e-02,  1.3274e+00,
         -6.6933e-01, -1.0559e+00,  1.4422e+00,  1.1685e+00,  1.5791e+00,
         -1.0746e-01, -2.5793e+00, -3.1848e-01,  8.7788e-01, -8.6540e-01,
          3.0347e-01, -2.4321e-02,  1.6690e-01,  1.8478e-01,  7.2208e-01,
         -7.0304e-01,  1.2422e+00, -3.2171e-01,  5.7519e-02,  1.1241e-02,
         -3.0109e-01,  2.2880e-01,  2.9828e-01]], device='cuda:0')
[INFO] Observations: tensor([[-9.4505e-01, -1.1116e-01, -1.6018e-01, -3.7551e-01, -6.9792e-01,
          8.2963e-02, -1.6333e-02, -1.4390e-03, -9.7679e-01, -6.4545e-01,
         -1.6071e-01, -1.2401e-01, -9.5999e-03,  1.3236e-01,  1.2857e-02,
          1.5438e-01, -1.5030e-01,  2.9434e-01, -3.4492e-02, -2.8289e-02,
          2.1039e-02, -3.1937e-02,  1.1711e-01,  6.9459e-02,  1.1268e-01,
         -1.7484e+00, -7.0222e-01,  2.7007e-01, -1.6083e+00, -4.3100e-01,
         -6.9800e-01, -4.0369e-01,  4.5802e+00,  8.9421e-01, -3.9513e-01,
         -1.9959e+00,  4.1858e-02,  1.1047e-01,  3.1937e-01,  6.0344e-01,
         -5.5522e-01,  1.3972e+00, -5.3413e-01, -8.2241e-02,  4.2089e-02,
         -2.3660e-01,  1.3529e-01,  2.8832e-01]], device='cuda:0')
[INFO] Observations: tensor([[-0.6708, -0.3893,  0.0995,  0.2063, -0.3115, -0.2163,  0.0089,  0.0160,
         -1.0288, -0.6455, -0.1607, -0.1221, -0.0225,  0.1050,  0.0254,  0.1293,
         -0.1421,  0.3271, -0.0942, -0.0311,  0.0636, -0.0309,  0.0983,  0.0828,
         -0.6775,  1.1741,  0.7136, -1.6722,  0.9881,  1.5240, -3.6817, -0.9126,
          0.2021,  1.7381, -0.8080,  0.9783,  0.0495,  0.0267,  0.3912,  0.4583,
         -0.2921,  1.4749, -0.8276, -0.1399,  0.1573, -0.1937,  0.0608,  0.3222]],
       device='cuda:0')
[INFO] Observations: tensor([[-0.8910,  0.0788,  0.0813,  0.9938,  0.2197,  0.1656, -0.0120, -0.0072,
         -1.0297, -0.6455, -0.1607, -0.1213, -0.0096,  0.0603,  0.0535,  0.1087,
         -0.0912,  0.3298, -0.1896, -0.0069,  0.0605,  0.0052,  0.0716,  0.0800,
         -0.0091, -2.6631,  0.3703, -1.1039,  3.7310,  1.3621, -4.7457,  1.1121,
         -0.6165,  1.3772, -1.7546,  0.0949,  0.0178,  0.0375,  0.4552,  0.3629,
          0.0197,  1.3295, -1.0484,  0.0224,  0.1951, -0.0824,  0.0848,  0.2835]],
       device='cuda:0')
[INFO] Observations: tensor([[-8.5366e-01, -1.1614e-01, -3.0944e-01,  3.2500e-01,  5.2556e-01,
         -2.7014e-01, -2.5845e-02,  2.3076e-02, -1.0130e+00, -6.4545e-01,
         -1.6071e-01, -1.2104e-01, -2.2577e-02,  4.5916e-02,  6.9706e-02,
          1.0186e-01, -3.6933e-02,  3.2856e-01, -3.0943e-01,  5.6766e-03,
          4.1584e-02,  1.4025e-02,  1.1530e-02,  1.2358e-01,  1.1739e+00,
         -1.8451e-01, -1.0254e+00,  9.8779e-01,  1.9801e+00, -9.9345e-01,
         -5.5577e+00,  1.8220e-01, -6.7098e-01,  1.6511e+00, -3.3968e+00,
          2.6403e+00, -9.4542e-03,  9.5852e-02,  3.7317e-01,  2.0277e-01,
          2.6776e-01,  1.2262e+00, -1.2232e+00,  2.8675e-01,  1.2307e-01,
          3.3828e-03,  4.2094e-02,  3.0938e-01]], device='cuda:0')
[INFO] Observations: tensor([[-9.1956e-01, -4.8266e-01, -6.0808e-02,  2.9271e-01,  1.2273e-01,
         -2.4866e-02,  3.8064e-02,  1.9540e-03, -9.5027e-01, -6.4545e-01,
         -1.6071e-01, -1.2109e-01, -3.0715e-02,  3.2782e-02,  8.7108e-02,
          1.1163e-01,  2.4512e-02,  3.2248e-01, -3.5494e-01,  5.1367e-02,
          3.7991e-02,  2.6991e-02, -2.7833e-02,  1.6822e-01, -1.2398e+00,
          7.6813e-01,  7.4500e-01,  5.5813e-01,  1.3705e+00, -1.4039e+00,
         -1.4169e-01,  2.7025e+00,  1.0077e+00, -1.0953e+00, -1.1732e+00,
          1.0608e+00, -4.6497e-02,  1.3630e-01,  4.3030e-01,  1.3589e-01,
          4.2879e-01,  1.0637e+00, -1.2955e+00,  5.0620e-01,  1.0781e-01,
          8.4798e-02,  2.4665e-02,  3.4636e-01]], device='cuda:0')
[INFO] Observations: tensor([[-5.1166e-01, -1.5431e-01,  8.0479e-02, -7.4750e-02, -2.2129e-01,
         -5.3356e-03,  3.4060e-02, -6.3932e-02, -1.0162e+00, -6.4545e-01,
         -1.6071e-01, -1.2050e-01, -3.1115e-02,  4.6745e-02,  1.1089e-01,
          8.5748e-02,  6.2567e-02,  2.9375e-01, -3.6099e-01,  1.0277e-01,
          3.9654e-02,  4.4863e-02, -4.3527e-03,  1.6359e-01,  8.9730e-01,
          2.4976e-01,  1.7924e+00,  1.6116e-01,  2.6438e+00, -2.8899e-01,
         -7.3515e-01,  9.7528e-01,  8.2125e-02,  1.0083e+00,  1.1223e-01,
         -5.8734e-01, -4.6591e-02,  2.5771e-01,  4.8516e-01,  1.7971e-02,
          6.0018e-01,  8.5804e-01, -1.5065e+00,  6.8091e-01,  7.3873e-02,
          4.4541e-02,  1.5091e-03,  4.1590e-01]], device='cuda:0')
[INFO] Observations: tensor([[-0.4428, -0.2360,  0.3097, -0.1764, -0.1989, -0.1733,  0.0472, -0.0355,
         -1.0188, -0.6455, -0.1607, -0.1190, -0.0500,  0.0502,  0.1193,  0.0797,
          0.1183,  0.2390, -0.3585,  0.1421,  0.0527,  0.0635, -0.0029,  0.1556,
          0.5708,  0.3682,  1.0826, -0.8611,  2.3054, -1.8894, -0.5040,  1.5409,
          0.4451, -0.0989, -1.2861,  0.2601, -0.1227,  0.3943,  0.5018, -0.0306,
          0.8216,  0.6024, -1.5835,  0.9326,  0.0244,  0.0712, -0.0528,  0.4417]],
       device='cuda:0')
[INFO] Observations: tensor([[-5.4674e-01,  1.1917e-01, -2.0934e-01, -1.2645e-03, -1.4062e-01,
         -1.4113e-01, -1.6029e-02, -9.7702e-04, -1.0010e+00, -6.4545e-01,
         -1.6071e-01, -1.1694e-01, -5.2857e-02,  8.1129e-02,  1.2366e-01,
          6.7430e-02,  1.5748e-01,  1.6894e-01, -3.6579e-01,  2.0170e-01,
          3.2942e-02,  5.8245e-02, -1.6426e-03,  1.4837e-01,  5.0331e-01,
          1.0926e+00,  1.1245e+00,  3.4150e-01,  2.5980e+00, -2.3268e+00,
         -1.0631e+00,  2.0551e+00,  3.3276e-03, -5.7916e-01, -1.4820e+00,
         -5.5715e-01, -2.2266e-01,  5.6509e-01,  5.2944e-01, -3.9908e-02,
          1.0460e+00,  3.6567e-01, -1.5961e+00,  1.1364e+00,  4.8863e-03,
          4.9817e-02, -5.1735e-02,  4.2038e-01]], device='cuda:0')
[INFO] Observations: tensor([[-7.7819e-01,  1.2856e-01, -1.8164e-01,  1.2354e-01, -1.5654e-02,
         -1.4148e-01,  2.0037e-03, -3.7936e-02, -1.0293e+00, -6.4545e-01,
         -1.6071e-01, -1.1457e-01, -5.6836e-02,  1.2884e-01,  1.0642e-01,
          4.8657e-02,  2.2491e-01,  9.6253e-02, -3.8722e-01,  2.7591e-01,
          9.8069e-03,  5.2565e-02, -3.5220e-02,  1.2472e-01, -2.5061e-01,
          1.6932e+00, -5.0671e-01,  3.0466e-01,  2.6849e+00, -3.3376e+00,
          8.7906e-01,  4.2614e+00, -1.4947e+00, -8.1776e-01, -3.3318e-01,
         -1.9894e+00, -2.9521e-01,  7.4427e-01,  5.0175e-01, -6.2661e-02,
          1.1629e+00,  1.3419e-01, -1.5702e+00,  1.3393e+00, -7.5920e-02,
         -3.0052e-02, -1.1456e-01,  3.6317e-01]], device='cuda:0')
[INFO] Observations: tensor([[-3.8563e-01,  1.1894e-01, -1.0526e-01,  2.0879e-01, -2.1006e-01,
         -2.9449e-01,  3.5114e-02, -8.3726e-03, -1.0253e+00, -6.4545e-01,
         -1.6071e-01, -1.1262e-01, -5.1728e-02,  2.0502e-01,  1.1541e-01,
          3.0974e-02,  2.6831e-01,  5.4464e-03, -3.7784e-01,  3.3133e-01,
         -4.6179e-03, -2.1233e-02, -4.9733e-02,  9.8044e-02, -1.0413e+00,
          1.8861e+00,  3.8168e-01, -1.6994e+00,  3.8253e+00, -5.5221e+00,
          8.6063e-01,  1.9987e+00, -4.2393e-02, -2.8222e+00, -1.5571e+00,
          3.6866e-01, -3.1238e-01,  9.3645e-01,  4.7923e-01, -7.0246e-02,
          1.2025e+00, -1.9043e-01, -1.5093e+00,  1.4994e+00, -1.8962e-01,
         -2.4255e-01, -2.1363e-01,  3.2297e-01]], device='cuda:0')
[INFO] Observations: tensor([[-5.6194e-01, -1.1971e-01, -2.7080e-03, -2.3967e-01, -1.5957e-01,
          2.0468e-01,  4.2608e-02, -5.7182e-02, -1.0053e+00, -6.4545e-01,
         -1.6071e-01, -1.1192e-01, -7.1912e-02,  2.7608e-01,  9.9025e-02,
          1.7673e-02,  3.1035e-01, -9.5616e-02, -3.2948e-01,  3.9633e-01,
         -3.8159e-03, -1.0522e-01, -6.4235e-02,  7.8694e-02, -1.4983e+00,
          3.3290e+00,  4.4413e-01, -2.0821e+00,  2.5093e+00, -5.6430e+00,
          1.2429e+00,  1.9660e+00,  1.8095e+00, -5.3643e+00,  1.7007e+00,
         -2.0798e+00, -3.6167e-01,  1.1261e+00,  4.3984e-01, -2.7047e-03,
          1.1524e+00, -3.7640e-01, -1.2180e+00,  1.6378e+00, -9.9231e-02,
         -4.3810e-01, -2.3763e-01,  2.2185e-01]], device='cuda:0')
[INFO] Observations: tensor([[-0.6198,  0.0116, -0.2960,  0.0242, -0.1667, -0.0190,  0.0620, -0.0439,
         -1.0179, -0.6455, -0.1607, -0.1107, -0.0841,  0.3256,  0.0922,  0.0196,
          0.2707, -0.1226, -0.3318,  0.4388,  0.0320, -0.1601, -0.0258,  0.0511,
          1.3055,  1.1789,  0.1727,  0.5000,  0.0826, -1.2254,  1.0887,  3.0696,
         -1.7321, -0.6281,  1.9915, -1.3507, -0.2996,  1.2217,  0.1911,  0.1607,
          0.8704, -0.3112, -0.8420,  1.7593,  0.0892, -0.5576, -0.1834,  0.1976]],
       device='cuda:0')
[INFO] Observations: tensor([[-0.4541,  0.0964, -0.1857, -0.0723, -0.3712, -0.3358,  0.0584, -0.0394,
         -1.0393, -0.6455, -0.1607, -0.1088, -0.0678,  0.3163,  0.0817,  0.0485,
          0.1839, -0.1083, -0.3227,  0.4431,  0.0842, -0.1056,  0.0231,  0.0651,
         -1.3141, -1.5020, -0.5463,  0.7606, -2.2994,  0.1733,  1.6277, -0.8834,
         -1.6561,  3.7329,  0.9888,  1.0178, -0.2956,  1.0708,  0.0190,  0.3316,
          0.5648, -0.1656, -0.5128,  1.7753,  0.2858, -0.4935, -0.0374,  0.2114]],
       device='cuda:0')
[INFO] Observations: tensor([[-0.8691, -0.1065, -0.1858,  0.0990, -0.2194,  0.1284,  0.0210,  0.0227,
         -0.9775, -0.6455, -0.1607, -0.1077, -0.0805,  0.3045,  0.0739,  0.0715,
          0.1179, -0.0712, -0.2935,  0.4340,  0.1087, -0.0737,  0.0661,  0.0704,
          0.2822, -1.3499, -0.5132,  1.4983, -2.3288,  2.1036,  0.6543,  0.8364,
         -0.1534,  1.9685,  1.3365,  1.0693, -0.3248,  0.8458, -0.0301,  0.4760,
          0.3552, -0.0242, -0.2639,  1.6491,  0.4414, -0.3347,  0.1060,  0.2601]],
       device='cuda:0')
[INFO] Observations: tensor([[-0.7858, -0.1288,  0.3024, -0.3077,  0.0736, -0.2120,  0.0603, -0.0496,
         -0.9869, -0.6455, -0.1607, -0.1065, -0.0637,  0.2935,  0.0465,  0.1010,
          0.0171, -0.0265, -0.2596,  0.4209,  0.1126, -0.0529,  0.0996,  0.0710,
          1.3653, -2.2123, -0.6914,  0.0159, -3.0858,  1.8977,  2.0880,  0.0453,
         -1.5697,  1.5852,  1.9586, -0.0724, -0.2826,  0.7866, -0.1564,  0.5546,
          0.0385,  0.2094, -0.1768,  1.5290,  0.4506, -0.2717,  0.1728,  0.2728]],
       device='cuda:0')
[INFO] Observations: tensor([[-1.0234, -0.3247, -0.1063, -0.2374,  0.0148, -0.2395,  0.0285,  0.0461,
         -1.0037, -0.6455, -0.1607, -0.1056, -0.0631,  0.2728,  0.0404,  0.1344,
         -0.0537,  0.0068, -0.2178,  0.3732,  0.0874, -0.0520,  0.1059,  0.0757,
          1.1144, -0.9204, -0.7986,  1.8364, -3.6627,  2.9347,  3.5563, -3.0495,
         -0.1866, -0.0972,  0.2712, -1.1795, -0.2520,  0.6973, -0.1947,  0.6575,
         -0.2035,  0.3904, -0.1115,  1.3348,  0.4035, -0.2552,  0.2485,  0.2963]],
       device='cuda:0')
[INFO] Observations: tensor([[-0.6893,  0.0965, -0.0169, -0.1567,  0.1149,  0.2134,  0.0618,  0.0152,
         -1.0208, -0.6455, -0.1607, -0.1055, -0.0680,  0.2438,  0.0116,  0.1550,
         -0.1109,  0.0581, -0.1641,  0.3165,  0.0871, -0.0665,  0.1128,  0.0664,
          1.2980, -0.5929,  0.7767,  1.4239, -2.5055,  2.4560,  2.2828, -1.7136,
         -1.3582,  0.6055, -0.6738, -1.3931, -0.2027,  0.6417, -0.1496,  0.7790,
         -0.4630,  0.5468, -0.0817,  1.1333,  0.3334, -0.3156,  0.3294,  0.2702]],
       device='cuda:0')
[INFO] Observations: tensor([[-7.5877e-01, -2.7514e-01,  1.4470e-01,  1.4513e-01, -7.5390e-02,
          3.6159e-02, -9.1676e-03, -1.6331e-03, -1.0129e+00, -6.4545e-01,
         -1.6071e-01, -1.0551e-01, -5.1963e-02,  2.3598e-01,  1.1782e-02,
          1.8085e-01, -1.5232e-01,  1.1481e-01, -1.0293e-01,  2.3340e-01,
          3.7095e-02, -5.9826e-02,  1.1897e-01,  6.7257e-02, -1.2205e+00,
         -1.6613e+00,  4.8102e-01,  8.4595e-01, -2.5594e+00,  2.4515e+00,
          1.8567e+00, -4.6961e+00,  3.6583e-01,  1.0425e+00,  8.2037e-03,
         -2.2665e+00, -1.4588e-01,  6.3723e-01, -1.7932e-01,  8.1258e-01,
         -6.6082e-01,  7.8515e-01, -6.0226e-02,  8.6038e-01,  1.7440e-01,
         -2.9555e-01,  2.6219e-01,  2.6995e-01]], device='cuda:0')
[INFO] Observations: tensor([[-0.6050, -0.0452,  0.3324,  0.2021, -0.0282, -0.1546,  0.0479,  0.0332,
         -0.9817, -0.6455, -0.1607, -0.1054, -0.0408,  0.2217, -0.0069,  0.2060,
         -0.1983,  0.1754, -0.0445,  0.1497,  0.0271, -0.0770,  0.1011,  0.0523,
          0.8277, -0.0581, -1.2239,  0.6572, -2.5986,  3.5104,  2.3772, -3.4047,
         -1.2291,  0.0593,  0.3792, -1.2586, -0.1075,  0.5392, -0.0806,  0.9138,
         -0.7549,  0.9941, -0.1416,  0.5677,  0.0982, -0.3555,  0.2344,  0.2596]],
       device='cuda:0')
[INFO] Observations: tensor([[-8.2910e-01, -6.4853e-02,  3.4314e-02, -3.9687e-01, -1.8638e-01,
          5.5370e-02,  1.7318e-02,  1.0663e-02, -9.5960e-01, -6.4545e-01,
         -1.6071e-01, -1.0555e-01, -2.8469e-02,  2.0862e-01,  9.9113e-03,
          2.1355e-01, -2.0542e-01,  2.2203e-01, -2.5266e-02,  7.9966e-02,
         -2.1884e-03, -6.3129e-02,  1.1644e-01,  5.4429e-02, -9.5447e-01,
         -6.0831e-01,  1.7363e+00,  3.7937e-01, -1.4026e+00,  2.1167e+00,
         -8.9454e-01, -3.8565e+00,  2.8635e-02, -1.1618e+00, -2.5729e-02,
         -2.1275e+00, -6.5177e-02,  4.7782e-01,  7.5875e-02,  9.4334e-01,
         -8.2625e-01,  1.0989e+00, -2.1238e-01,  3.0139e-01,  4.4970e-02,
         -3.8676e-01,  2.1908e-01,  2.3644e-01]], device='cuda:0')
[INFO] Observations: tensor([[-7.5819e-01,  1.2536e-01, -2.1809e-01, -4.4900e-01, -4.0059e-01,
          1.3028e-01, -2.7803e-02, -3.3248e-02, -1.0289e+00, -6.4545e-01,
         -1.6071e-01, -1.0547e-01, -1.4705e-02,  2.0353e-01,  1.0226e-03,
          2.1211e-01, -1.9522e-01,  2.4930e-01, -3.8855e-02, -1.1968e-03,
          8.0947e-04, -6.3726e-02,  1.2078e-01,  5.7230e-02,  1.0742e+00,
         -9.7912e-01,  7.6809e-03, -6.3559e-01, -6.7982e-01,  2.6729e+00,
         -1.0155e-01, -9.9247e-01,  2.2330e+00, -1.5628e-01, -1.1227e+00,
         -1.4537e+00, -5.6705e-02,  3.9028e-01,  1.9486e-01,  8.8832e-01,
         -7.4929e-01,  1.2721e+00, -3.6758e-01,  5.1296e-02, -2.5622e-03,
         -3.4387e-01,  1.7222e-01,  2.3908e-01]], device='cuda:0')
[INFO] Observations: tensor([[-0.6598, -0.1797, -0.2539,  0.3410, -0.4399, -0.1424, -0.0334, -0.0162,
         -0.9751, -0.6455, -0.1607, -0.1037, -0.0179,  0.1835,  0.0210,  0.1880,
         -0.1829,  0.2986, -0.0602, -0.0410,  0.0454, -0.0688,  0.1089,  0.0518,
         -0.1874,  0.4084,  0.3230, -1.0166,  0.1653,  2.1778,  0.0590, -1.7327,
          2.3348,  1.9913, -1.9550, -1.5171,  0.0106,  0.2774,  0.2686,  0.7485,
         -0.5881,  1.4269, -0.5939, -0.1343,  0.0431, -0.3003,  0.1097,  0.2404]],
       device='cuda:0')
[INFO] Observations: tensor([[-0.3433,  0.0958,  0.1394,  0.6053, -0.1365, -0.2931, -0.0038,  0.0357,
         -0.9503, -0.6455, -0.1607, -0.1004, -0.0257,  0.1297,  0.0386,  0.1495,
         -0.1485,  0.3329, -0.1201, -0.0431,  0.0542, -0.0311,  0.0886,  0.0468,
          1.4617,  0.3668,  0.2963, -0.1527,  0.9356,  0.8168, -2.0197, -1.1710,
          1.2853, -0.2843, -1.0182, -0.3012,  0.0379,  0.1105,  0.4080,  0.5957,
         -0.3650,  1.4468, -0.8672, -0.1552,  0.1639, -0.2616,  0.0854,  0.2213]],
       device='cuda:0')
[INFO] Observations: tensor([[-4.8385e-01, -1.2266e-01, -2.5741e-01,  7.1289e-01,  3.4991e-01,
         -3.2844e-02, -1.0484e-02, -3.5371e-02, -1.0259e+00, -6.4545e-01,
         -1.6071e-01, -9.8634e-02, -2.6712e-02,  6.2764e-02,  7.6067e-02,
          1.3578e-01, -1.0225e-01,  3.4619e-01, -2.1581e-01, -3.6340e-02,
          5.7690e-02, -2.6773e-03,  5.9594e-02,  4.8025e-02,  1.5465e+00,
         -3.2727e+00,  1.4471e+00, -1.4545e+00,  1.8081e+00,  2.1401e+00,
         -4.4032e+00, -9.9551e-01, -2.3858e-01,  2.0655e+00, -3.4066e+00,
          6.0974e-01, -1.6056e-02,  4.9657e-02,  4.7630e-01,  4.5717e-01,
         -6.9559e-02,  1.3891e+00, -1.0878e+00, -5.6171e-02,  2.3851e-01,
         -1.0248e-01,  6.0402e-02,  2.3180e-01]], device='cuda:0')
[INFO] Observations: tensor([[-5.6683e-01, -5.7994e-02, -3.6620e-01,  1.7004e-01,  1.8874e-01,
          9.0704e-02, -1.4669e-02,  1.4169e-02, -1.0247e+00, -6.4545e-01,
         -1.6071e-01, -9.7905e-02, -2.9825e-02,  4.1054e-02,  1.0080e-01,
          1.2530e-01, -4.3815e-02,  3.5347e-01, -3.1717e-01,  6.9637e-04,
          5.7885e-02,  1.4594e-02, -1.6186e-03,  1.1499e-01,  1.0439e-01,
          3.6641e-01,  1.2107e+00, -6.8972e-01,  3.1732e+00, -4.5685e-01,
         -2.5176e+00,  5.9471e-02,  1.5327e+00,  3.2992e-01, -2.2498e+00,
          2.4818e+00, -4.7993e-02,  1.0571e-01,  4.4999e-01,  2.9139e-01,
          2.2456e-01,  1.2378e+00, -1.1923e+00,  2.2983e-01,  1.7032e-01,
          3.3914e-02,  7.6924e-02,  1.8798e-01]], device='cuda:0')
[INFO] Observations: tensor([[-0.9336, -0.3040,  0.1174, -0.0240,  0.2022,  0.0506, -0.0060,  0.0288,
         -1.0454, -0.6455, -0.1607, -0.0969, -0.0444,  0.0431,  0.0968,  0.1242,
          0.0071,  0.3409, -0.3499,  0.0249,  0.0647,  0.0348, -0.0049,  0.1588,
         -1.0067, -0.9324, -1.5009, -0.2857,  0.4425, -2.0509, -1.4973,  1.0523,
          1.3378,  1.0398, -0.7990,  2.0886, -0.0350,  0.1770,  0.4554,  0.1211,
          0.3892,  1.1236, -1.3242,  0.4485,  0.1413,  0.1357,  0.0348,  0.2877]],
       device='cuda:0')
[INFO] Observations: tensor([[-0.8683, -0.2505,  0.2594, -0.1041,  0.0720, -0.0604,  0.0591, -0.0592,
         -1.0056, -0.6455, -0.1607, -0.0952, -0.0446,  0.0296,  0.1138,  0.1107,
          0.0560,  0.2972, -0.3621,  0.0738,  0.0600,  0.0496,  0.0149,  0.1609,
         -1.2273,  0.0327, -1.1284, -0.0421,  2.8291, -0.3212,  1.3609,  1.0977,
          1.7421,  1.4752,  1.4845, -0.9688, -0.0685,  0.2715,  0.5086,  0.0250,
          0.5880,  0.9208, -1.4833,  0.6464,  0.1123,  0.1224,  0.0625,  0.4245]],
       device='cuda:0')
[INFO] Observations: tensor([[-0.9071, -0.0257, -0.0096, -0.1581, -0.1420, -0.1258,  0.0633, -0.0082,
         -1.0213, -0.6455, -0.1607, -0.0931, -0.0479,  0.0430,  0.1283,  0.0989,
          0.1071,  0.2430, -0.3687,  0.1407,  0.0544,  0.0744,  0.0066,  0.1530,
         -0.4047, -0.4354,  1.2292, -0.8023,  1.0800, -1.9469,  0.4332,  3.7982,
         -0.4786,  0.7665, -0.0669, -0.8302, -0.2004,  0.3436,  0.5660,  0.0153,
          0.8102,  0.6150, -1.6300,  0.8174,  0.0241,  0.0834,  0.0149,  0.4453]],
       device='cuda:0')
[INFO] Observations: tensor([[-0.9508,  0.1346, -0.0040, -0.1575,  0.0060, -0.4009,  0.0285,  0.0115,
         -1.0208, -0.6455, -0.1607, -0.0905, -0.0595,  0.0546,  0.1212,  0.0670,
          0.1509,  0.1757, -0.3964,  0.1843,  0.0427,  0.0620,  0.0171,  0.1564,
         -0.3114,  1.5476, -0.8008, -0.0384,  3.9068, -3.9567, -0.2837,  2.8553,
         -0.3540, -1.7856, -0.9226,  0.5353, -0.2526,  0.5096,  0.5059, -0.0217,
          0.9841,  0.3429, -1.6941,  1.0147, -0.0222,  0.0077,  0.0206,  0.4367]],
       device='cuda:0')
[INFO] Observations: tensor([[-4.3247e-01,  4.7472e-04, -6.2024e-02, -1.9091e-01, -1.4445e-01,
         -3.4101e-01, -1.8016e-02, -2.4851e-02, -1.0424e+00, -6.4545e-01,
         -1.6071e-01, -8.8566e-02, -6.5843e-02,  1.0644e-01,  1.1343e-01,
          6.4930e-02,  2.0988e-01,  9.4775e-02, -4.0746e-01,  2.4988e-01,
          1.1835e-02,  3.3436e-02, -1.7092e-02,  1.3440e-01, -1.5154e-01,
          1.4184e+00,  1.6284e-01, -1.2434e+00,  3.4052e+00, -4.4308e+00,
         -2.4201e-01,  1.4362e+00, -6.6711e-01, -3.0026e+00, -8.9331e-01,
         -2.4001e+00, -3.7127e-01,  6.8130e-01,  4.3896e-01,  2.6735e-02,
          1.1057e+00,  8.3972e-02, -1.6906e+00,  1.1447e+00, -1.3372e-01,
         -1.2216e-01, -5.0548e-02,  3.7655e-01]], device='cuda:0')
[INFO] Observations: tensor([[-0.8349,  0.0193,  0.2397,  0.0774, -0.3082,  0.2021,  0.0773,  0.0285,
         -1.0127, -0.6455, -0.1607, -0.0881, -0.0739,  0.1880,  0.0980,  0.0449,
          0.2657,  0.0098, -0.4035,  0.3050, -0.0144, -0.0342, -0.0513,  0.0989,
         -1.5403,  2.8795,  0.8187,  0.6950,  1.6227, -5.7270, -0.9216,  1.2206,
         -1.8298, -2.4915,  1.3958,  0.0212, -0.4325,  0.8744,  0.4103,  0.0454,
          1.2168, -0.1553, -1.5731,  1.3367, -0.1562, -0.2512, -0.1402,  0.2887]],
       device='cuda:0')
[INFO] Observations: tensor([[-0.4436,  0.0770, -0.0885,  0.2058, -0.3816, -0.0281, -0.0151, -0.0316,
         -0.9511, -0.6455, -0.1607, -0.0874, -0.0698,  0.2726,  0.0943,  0.0353,
          0.2924, -0.0982, -0.3626,  0.3599, -0.0106, -0.1280, -0.0686,  0.0950,
          0.6421,  3.2577,  1.3489, -1.6095,  1.1378, -4.3207,  2.8574,  1.7992,
         -0.3546, -3.0099, -0.0907,  0.1325, -0.2898,  1.0747,  0.4160, -0.0153,
          1.0732, -0.3590, -1.3143,  1.5399, -0.2009, -0.5163, -0.2000,  0.3139]],
       device='cuda:0')
[INFO] Observations: tensor([[-0.5268, -0.1715, -0.2588,  0.1751, -0.2784, -0.2479,  0.0568, -0.0045,
         -1.0480, -0.6455, -0.1607, -0.0866, -0.0736,  0.3040,  0.1022,  0.0276,
          0.2801, -0.1621, -0.3217,  0.4113,  0.0162, -0.1818, -0.0337,  0.0816,
          1.2663,  1.1470,  0.0621, -1.3512, -0.6283,  0.0479, -0.7395,  3.8854,
          1.1536, -1.0758,  3.4983, -1.3825, -0.3412,  1.1840,  0.3266,  0.1059,
          0.9289, -0.4581, -0.9279,  1.7126,  0.0110, -0.6208, -0.1689,  0.2427]],
       device='cuda:0')
[INFO] Observations: tensor([[-0.7738,  0.0920, -0.3628,  0.2119, -0.0318,  0.1673,  0.0177, -0.0078,
         -0.9543, -0.6455, -0.1607, -0.0861, -0.0742,  0.2915,  0.0794,  0.0307,
          0.2229, -0.1441, -0.3234,  0.4329,  0.0676, -0.1471,  0.0264,  0.0731,
          0.3443, -0.0166,  0.3655,  1.3549, -3.7018,  0.4142,  1.1495,  0.8578,
          0.0984,  2.8927,  2.3240,  1.4758, -0.3438,  0.9792,  0.1614,  0.2383,
          0.6123, -0.3018, -0.5670,  1.7122,  0.2236, -0.5682,  0.0157,  0.2367]],
       device='cuda:0')
[INFO] Observations: tensor([[-4.2166e-01, -1.9003e-01,  1.3835e-01,  3.2973e-03, -2.1057e-01,
         -2.4866e-01, -1.9434e-02, -6.5117e-02, -1.0436e+00, -6.4545e-01,
         -1.6071e-01, -8.5207e-02, -7.9967e-02,  2.9207e-01,  7.5899e-02,
          4.8279e-02,  1.2241e-01, -1.2655e-01, -2.8385e-01,  4.3606e-01,
          9.6765e-02, -9.2123e-02,  5.6788e-02,  7.6418e-02, -5.5927e-01,
         -4.4837e-02,  9.6980e-01, -5.2880e-01, -2.9690e+00, -6.0296e-04,
          1.4357e+00, -6.5100e-01, -1.6461e+00,  2.2770e+00,  2.1503e+00,
         -4.2876e-01, -3.1924e-01,  8.7282e-01, -1.4298e-02,  3.3966e-01,
          3.5754e-01, -1.5180e-01, -3.8893e-01,  1.7138e+00,  3.7164e-01,
         -4.1016e-01,  4.3545e-02,  2.8527e-01]], device='cuda:0')
[INFO] Observations: tensor([[-5.7644e-01, -2.0318e-01, -2.0177e-01, -1.6325e-01,  3.3897e-01,
         -1.4633e-01, -3.1493e-03, -3.2813e-02, -1.0368e+00, -6.4545e-01,
         -1.6071e-01, -8.4884e-02, -6.9049e-02,  2.7821e-01,  6.9162e-02,
          7.6038e-02,  5.3588e-02, -8.9379e-02, -2.6094e-01,  4.2057e-01,
          1.1322e-01, -7.3240e-02,  9.3018e-02,  8.6662e-02,  1.2363e+00,
         -1.4894e+00, -4.2755e-01,  1.4960e+00, -4.0617e+00,  2.2440e+00,
          2.3445e+00, -1.6366e+00, -1.6270e-01,  2.4630e+00,  1.8913e+00,
          1.3386e+00, -3.2650e-01,  7.3333e-01, -4.1548e-02,  4.6514e-01,
          1.9900e-01, -7.9717e-03, -1.8505e-01,  1.6107e+00,  4.4933e-01,
         -2.6517e-01,  1.9049e-01,  2.8210e-01]], device='cuda:0')
[INFO] Observations: tensor([[-0.6819, -0.3044, -0.1522, -0.0343, -0.0434,  0.0309,  0.0313, -0.0112,
         -1.0150, -0.6455, -0.1607, -0.0850, -0.0792,  0.2476,  0.0460,  0.1024,
         -0.0060, -0.0332, -0.2144,  0.3973,  0.1236, -0.0597,  0.1164,  0.0665,
          0.4291, -1.8835, -2.2855,  1.1588, -2.4720,  2.3640,  3.4633, -1.3631,
          1.0945,  0.3997,  1.6804, -1.6513, -0.2725,  0.6347, -0.1494,  0.5408,
         -0.0261,  0.1386, -0.1222,  1.5033,  0.5082, -0.2007,  0.2270,  0.2891]],
       device='cuda:0')
[INFO] Observations: tensor([[-0.7789, -0.4698, -0.0730, -0.0099, -0.1957, -0.0381,  0.0696,  0.0270,
         -0.9953, -0.6455, -0.1607, -0.0849, -0.0712,  0.2351,  0.0362,  0.1409,
         -0.0358,  0.0073, -0.1664,  0.3619,  0.1273, -0.0436,  0.1256,  0.0683,
          0.6423, -1.6157, -0.5604, -0.5004, -1.8242,  0.9640,  3.7322, -1.6157,
         -0.1928,  1.5820, -1.2972,  0.3381, -0.2334,  0.5992, -0.1738,  0.6483,
         -0.2690,  0.3872, -0.0846,  1.3702,  0.4641, -0.2431,  0.2948,  0.2578]],
       device='cuda:0')
[INFO] Observations: tensor([[-1.0082, -0.1301, -0.2047,  0.2217, -0.1121, -0.0662,  0.0690, -0.0553,
         -0.9790, -0.6455, -0.1607, -0.0842, -0.0634,  0.2174,  0.0149,  0.1493,
         -0.0878,  0.0605, -0.0998,  0.3192,  0.0968, -0.0487,  0.1302,  0.0732,
         -0.5310, -0.7970, -0.2989,  1.0720, -2.0479,  1.8173,  3.7192, -2.1821,
         -1.7518,  1.3807,  0.2697,  0.3802, -0.1994,  0.5224, -0.1268,  0.7124,
         -0.4779,  0.6806, -0.0105,  1.1152,  0.3803, -0.2333,  0.3520,  0.2726]],
       device='cuda:0')
[INFO] Observations: tensor([[-0.4692, -0.3662,  0.2494,  0.1893,  0.1455,  0.0813,  0.0625,  0.0070,
         -1.0325, -0.6455, -0.1607, -0.0839, -0.0508,  0.1977,  0.0122,  0.1663,
         -0.1457,  0.1299, -0.0462,  0.2365,  0.0617, -0.0557,  0.1151,  0.0736,
          1.1799,  0.3923,  0.7018,  1.1643, -2.3582,  1.3650,  3.1332, -2.1466,
         -0.9879, -0.3283, -0.2270,  0.4590, -0.1477,  0.4291, -0.0922,  0.7718,
         -0.6028,  0.8367,  0.0161,  0.8679,  0.2471, -0.2602,  0.3015,  0.2958]],
       device='cuda:0')
[INFO] Observations: tensor([[-7.4192e-01, -2.1274e-01, -1.2779e-01,  2.2622e-01,  5.2556e-02,
         -9.9713e-02,  3.7350e-03, -6.7169e-03, -1.0364e+00, -6.4545e-01,
         -1.6071e-01, -8.3737e-02, -2.7635e-02,  2.0105e-01, -3.5743e-03,
          1.9203e-01, -1.8888e-01,  1.6306e-01,  2.7520e-03,  1.4412e-01,
          4.1796e-02, -4.5381e-02,  1.0730e-01,  6.6029e-02,  1.7741e-01,
          9.7255e-01, -8.0758e-01,  1.7491e+00, -7.3837e-01,  2.1694e+00,
          2.3306e+00, -4.5026e+00, -1.2565e+00, -7.3096e-01, -9.4140e-02,
         -1.8384e+00, -8.4234e-02,  4.4555e-01, -3.8758e-02,  8.0237e-01,
         -7.3635e-01,  1.0095e+00, -2.2165e-02,  6.1226e-01,  1.6149e-01,
         -2.4515e-01,  2.3213e-01,  2.8389e-01]], device='cuda:0')
[INFO] Observations: tensor([[-0.6715, -0.2923,  0.0931, -0.1534, -0.2215, -0.1433, -0.0097,  0.0250,
         -0.9755, -0.6455, -0.1607, -0.0835, -0.0078,  0.1801,  0.0080,  0.1999,
         -0.2129,  0.2120,  0.0046,  0.0750,  0.0220, -0.0439,  0.1277,  0.0602,
          0.3046, -1.0703, -0.8710, -0.3447, -2.0801,  2.8289,  0.5828, -2.3910,
         -0.1380,  1.6417, -0.2715, -1.3992, -0.0507,  0.3774,  0.1035,  0.8775,
         -0.8109,  1.1334, -0.0766,  0.3426,  0.0988, -0.2640,  0.2285,  0.2338]],
       device='cuda:0')
[INFO] Observations: tensor([[-6.1654e-01, -1.0688e-01, -2.4986e-01,  5.4956e-02, -1.1895e-01,
          5.2097e-02,  2.8826e-02,  2.7413e-02, -9.7387e-01, -6.4545e-01,
         -1.6071e-01, -8.2824e-02, -2.7534e-03,  1.7570e-01,  1.1831e-02,
          2.0816e-01, -2.0280e-01,  2.6272e-01, -4.3368e-03,  2.3147e-02,
          2.3156e-02, -4.3531e-02,  1.2802e-01,  5.9370e-02,  4.2866e-01,
          5.8675e-01, -8.3115e-01,  4.1391e-01, -7.7912e-01,  2.5094e+00,
         -1.3892e+00, -3.4492e+00,  1.2451e+00,  1.5743e+00,  3.0823e-01,
         -1.5330e+00,  1.2830e-02,  2.5903e-01,  2.8129e-01,  8.0530e-01,
         -7.9202e-01,  1.3107e+00, -3.1656e-01,  2.4480e-02,  9.2481e-02,
         -3.1079e-01,  2.2112e-01,  2.2648e-01]], device='cuda:0')
[INFO] Observations: tensor([[-0.7939, -0.4322, -0.3199, -0.4546, -0.7770, -0.2499,  0.0057, -0.0334,
         -0.9674, -0.6455, -0.1607, -0.0817,  0.0134,  0.1424,  0.0204,  0.1647,
         -0.1822,  0.2933, -0.0507, -0.0343,  0.0321, -0.0384,  0.1194,  0.0440,
          2.0730, -1.0926,  0.5760,  0.3966,  0.3714,  0.2004, -1.3102, -2.9246,
         -0.0753,  2.3227, -1.2478, -1.0958,  0.0469,  0.1586,  0.4003,  0.6747,
         -0.6543,  1.3916, -0.6065, -0.1023,  0.1379, -0.2820,  0.1183,  0.2153]],
       device='cuda:0')
[INFO] Observations: tensor([[-7.5365e-01,  9.6670e-02,  2.2391e-01,  1.8977e-01, -4.3054e-01,
          2.3125e-02, -3.9137e-02,  6.5293e-03, -1.0486e+00, -6.4545e-01,
         -1.6071e-01, -8.0427e-02, -9.2656e-03,  1.1695e-01,  4.6324e-02,
          1.2886e-01, -1.5465e-01,  3.1824e-01, -1.2306e-01, -5.1544e-02,
          5.3102e-02, -1.1330e-02,  1.0994e-01,  4.6447e-02, -1.3238e+00,
         -1.1702e+00,  4.4958e-01, -2.1841e-01,  1.2593e+00,  6.6903e-01,
         -1.2400e+00,  2.5818e-01,  2.7648e+00,  6.2527e-01, -1.0025e-01,
         -6.8175e-02,  6.0521e-02, -4.3702e-04,  5.4566e-01,  5.1648e-01,
         -3.7462e-01,  1.4090e+00, -8.3316e-01, -1.6585e-01,  1.3936e-01,
         -2.0425e-01,  1.3737e-01,  2.2615e-01]], device='cuda:0')
[INFO] Observations: tensor([[-7.1458e-01, -3.7027e-01, -1.6521e-01,  6.3717e-01,  4.8480e-01,
         -2.2095e-01,  3.2528e-03, -4.5379e-02, -1.0389e+00, -6.4545e-01,
         -1.6071e-01, -7.9269e-02, -4.9884e-03,  4.0638e-02,  6.9820e-02,
          1.1291e-01, -1.1180e-01,  3.3652e-01, -2.1037e-01, -2.5600e-02,
          6.1822e-02, -1.8933e-04,  7.2148e-02,  7.3803e-02,  4.6573e-02,
         -1.2957e+00,  2.6314e+00, -1.6003e+00,  3.7639e+00,  5.1386e-01,
         -4.8875e+00,  1.8942e+00, -7.5072e-01,  1.5467e+00, -9.4086e-01,
          1.9066e+00,  3.6599e-04,  2.5863e-03,  4.9622e-01,  3.3008e-01,
         -5.5424e-02,  1.3583e+00, -1.0910e+00, -3.8832e-02,  1.8984e-01,
         -5.0728e-02,  8.6547e-02,  2.9958e-01]], device='cuda:0')
[INFO] Observations: tensor([[-0.3743, -0.0783, -0.3589,  0.5501,  0.2806, -0.0519,  0.0085, -0.0406,
         -0.9813, -0.6455, -0.1607, -0.0787, -0.0129,  0.0193,  0.0925,  0.1076,
         -0.0484,  0.3365, -0.2979, -0.0050,  0.0610,  0.0266,  0.0106,  0.1268,
         -1.1414, -0.1807, -1.4988,  0.3925,  1.9169,  0.4118, -3.2054,  0.3320,
         -0.9476,  0.8599, -1.8142,  0.9196, -0.0889,  0.0530,  0.4305,  0.2345,
          0.2053,  1.2176, -1.2098,  0.2734,  0.1672,  0.0850,  0.0810,  0.2718]],
       device='cuda:0')
[INFO] Observations: tensor([[-0.8871,  0.1030, -0.0783,  0.0523,  0.2843,  0.0408,  0.0297, -0.0512,
         -1.0424, -0.6455, -0.1607, -0.0784, -0.0153,  0.0365,  0.0964,  0.0906,
          0.0070,  0.3170, -0.3599,  0.0449,  0.0549,  0.0513, -0.0174,  0.1530,
          0.6628,  0.1961,  0.0385, -1.5790,  1.5259,  0.1424, -1.9092,  1.5161,
         -0.9073, -1.2049, -1.6646,  2.2054, -0.1049,  0.1277,  0.5073,  0.0894,
          0.4429,  1.0577, -1.3966,  0.4917,  0.1399,  0.1495,  0.0208,  0.3492]],
       device='cuda:0')
[INFO] Observations: tensor([[-0.8985, -0.0886,  0.1239,  0.0177,  0.0205, -0.0729,  0.0247,  0.0085,
         -0.9749, -0.6455, -0.1607, -0.0777, -0.0329,  0.0255,  0.1120,  0.0866,
          0.0541,  0.2773, -0.3781,  0.0827,  0.0518,  0.0489, -0.0063,  0.1660,
         -0.5300,  0.6132,  0.3038,  0.1812,  1.4717, -2.9732,  0.0657,  2.9367,
          0.4063, -0.7899,  1.0913, -0.4645, -0.1176,  0.2922,  0.5116, -0.0294,
          0.6104,  0.8152, -1.5351,  0.7238,  0.0791,  0.1516, -0.0052,  0.4373]],
       device='cuda:0')
[INFO] Observations: tensor([[-0.5327, -0.1713,  0.1621, -0.0500,  0.1415, -0.3329,  0.0518,  0.0233,
         -0.9723, -0.6455, -0.1607, -0.0762, -0.0252,  0.0531,  0.1131,  0.0605,
          0.1182,  0.2218, -0.3821,  0.1521,  0.0380,  0.0564, -0.0077,  0.1578,
         -0.9228, -0.8768,  0.5324,  0.1819,  3.0711, -2.3501,  0.2909,  3.6836,
         -0.7435, -1.0511, -0.7335,  0.1074, -0.1724,  0.4290,  0.5025, -0.0475,
          0.8169,  0.5208, -1.6688,  0.9004, -0.0108,  0.0404, -0.0116,  0.4638]],
       device='cuda:0')
[INFO] Observations: tensor([[-0.6440, -0.0053,  0.0636,  0.0746, -0.1348, -0.2309,  0.0738, -0.0104,
         -1.0110, -0.6455, -0.1607, -0.0746, -0.0357,  0.0824,  0.1151,  0.0599,
          0.1665,  0.1393, -0.3972,  0.2114,  0.0151,  0.0457, -0.0090,  0.1510,
         -1.2622,  1.3090,  0.2668, -1.0607,  2.1919, -4.1207, -0.3080,  4.8587,
          0.1799,  0.4859, -1.2135, -0.1978, -0.2709,  0.5920,  0.4858, -0.0449,
          1.0235,  0.2713, -1.6958,  1.0917, -0.0408, -0.0515, -0.0213,  0.4343]],
       device='cuda:0')
[INFO] Observations: tensor([[-7.7503e-01,  1.4232e-01,  2.1032e-01, -5.2684e-03, -2.5345e-01,
         -8.8367e-02,  3.8370e-02, -5.0564e-02, -1.0257e+00, -6.4545e-01,
         -1.6071e-01, -7.3313e-02, -4.5248e-02,  1.4253e-01,  1.0249e-01,
          4.4298e-02,  2.3534e-01,  7.2641e-02, -3.9043e-01,  2.7519e-01,
         -1.1458e-02,  9.6880e-03, -2.9328e-02,  1.2412e-01,  1.0302e+00,
          3.4204e+00, -7.4433e-01,  4.2501e-01,  1.2915e+00, -4.8295e+00,
          1.4359e-01,  3.9359e+00, -1.0117e+00, -1.6052e+00,  9.9482e-01,
         -4.1326e-01, -2.9361e-01,  7.3500e-01,  4.3074e-01, -4.0317e-02,
          1.0957e+00,  4.0252e-03, -1.6199e+00,  1.2823e+00, -1.2240e-01,
         -1.9913e-01, -9.0111e-02,  3.6634e-01]], device='cuda:0')
[INFO] Observations: tensor([[-4.6875e-01, -3.9751e-01, -3.4397e-03, -2.6871e-02,  5.6787e-02,
         -1.5254e-01, -9.7426e-03, -6.9648e-02, -1.0357e+00, -6.4545e-01,
         -1.6071e-01, -7.2239e-02, -6.1354e-02,  2.0208e-01,  1.1125e-01,
          2.9119e-02,  2.7308e-01, -2.1931e-02, -3.7631e-01,  3.2278e-01,
         -2.1686e-02, -7.5650e-02, -5.1570e-02,  1.0003e-01, -2.9565e-01,
          1.8061e+00, -1.2335e+00,  2.0767e-01,  2.3997e+00, -3.8245e+00,
          2.0812e+00,  3.6661e+00, -1.5559e+00, -5.7271e+00, -8.8388e-01,
         -2.0600e+00, -2.6212e-01,  9.2873e-01,  4.0786e-01, -5.2645e-02,
          1.1260e+00, -2.8064e-01, -1.4333e+00,  1.4500e+00, -2.5443e-01,
         -3.8943e-01, -1.9474e-01,  3.4912e-01]], device='cuda:0')
[INFO] Observations: tensor([[-0.7189, -0.3480, -0.3025, -0.1061, -0.0988,  0.1352, -0.0157, -0.0552,
         -1.0009, -0.6455, -0.1607, -0.0716, -0.0683,  0.2701,  0.0926,  0.0181,
          0.2911, -0.1321, -0.3181,  0.3861, -0.0049, -0.1693, -0.0578,  0.0865,
          0.7712,  2.6054,  1.0938, -1.6370,  1.8996, -3.5568, -1.1361,  4.0682,
          0.0355, -3.3897,  2.6025,  0.7546, -0.2486,  1.0524,  0.3671,  0.0421,
          1.0588, -0.4621, -1.1282,  1.6239, -0.1026, -0.6216, -0.1959,  0.2586]],
       device='cuda:0')
[INFO] Observations: tensor([[-5.1452e-01,  3.1711e-02, -3.8232e-01, -2.2167e-02, -2.0017e-01,
         -2.5934e-01,  5.0346e-02, -3.8088e-02, -9.8104e-01, -6.4545e-01,
         -1.6071e-01, -6.9745e-02, -6.4503e-02,  2.7078e-01,  8.4040e-02,
          9.4730e-03,  2.4876e-01, -1.4260e-01, -3.0661e-01,  4.3614e-01,
          3.0015e-02, -1.6402e-01,  2.0672e-03,  5.5349e-02, -2.9617e-01,
         -7.4147e-01, -4.2551e-01,  5.0691e-01, -4.0554e-01,  7.6518e-01,
          1.3151e+00,  3.3650e+00,  7.9270e-01,  3.6444e+00,  2.1578e+00,
          5.2547e-01, -2.2934e-01,  1.0848e+00,  9.1182e-02,  1.1806e-01,
          7.5540e-01, -3.3088e-01, -7.2758e-01,  1.7297e+00,  1.0510e-01,
         -6.0049e-01, -1.2664e-01,  1.9964e-01]], device='cuda:0')
[INFO] Observations: tensor([[-0.9841,  0.0959,  0.1162,  0.3171,  0.0546, -0.1306,  0.0242, -0.0449,
         -0.9752, -0.6455, -0.1607, -0.0680, -0.0548,  0.2712,  0.0663,  0.0449,
          0.1591, -0.1289, -0.2990,  0.4327,  0.0862, -0.1018,  0.0376,  0.0679,
          1.3452,  1.0321, -1.7209,  0.2223, -3.3609,  1.6352,  2.6461, -0.5306,
          0.5222,  3.5305,  2.7047, -1.8111, -0.2957,  0.8116,  0.0302,  0.2612,
          0.4769, -0.2026, -0.3959,  1.6767,  0.3440, -0.4649,  0.0194,  0.2407]],
       device='cuda:0')
[INFO] Observations: tensor([[-0.4113, -0.1692,  0.0077, -0.1864,  0.0950, -0.0867, -0.0169, -0.0509,
         -0.9783, -0.6455, -0.1607, -0.0670, -0.0624,  0.2609,  0.0608,  0.0690,
          0.0801, -0.1146, -0.2704,  0.4291,  0.1141, -0.0774,  0.0812,  0.0593,
         -1.0064, -1.4850, -0.6652,  1.0193, -3.2869,  1.2867,  1.6163, -0.8309,
          0.3174,  1.7093,  1.3483,  0.2035, -0.2679,  0.6868, -0.0969,  0.4579,
          0.2495, -0.1105, -0.3328,  1.6735,  0.4655, -0.3668,  0.1087,  0.2546]],
       device='cuda:0')
[INFO] Observations: tensor([[-0.5376, -0.0586,  0.1307, -0.3296, -0.2508,  0.0921,  0.0084, -0.0289,
         -1.0404, -0.6455, -0.1607, -0.0664, -0.0651,  0.2433,  0.0487,  0.1066,
          0.0194, -0.0581, -0.2162,  0.4055,  0.1313, -0.0529,  0.1073,  0.0789,
          0.9553,  0.2634,  0.2417,  2.2548, -1.8317,  2.3791,  1.2593, -1.8987,
         -0.0044,  0.2123,  0.8131, -0.4156, -0.2700,  0.6259, -0.1463,  0.5336,
          0.0387,  0.0868, -0.1716,  1.5545,  0.5335, -0.2281,  0.1933,  0.2561]],
       device='cuda:0')
[INFO] Observations: tensor([[-0.7870, -0.1854,  0.1188,  0.2311,  0.0096,  0.0257, -0.0270, -0.0256,
         -1.0080, -0.6455, -0.1607, -0.0658, -0.0602,  0.2272,  0.0251,  0.1362,
         -0.0475, -0.0087, -0.1653,  0.3799,  0.1147, -0.0472,  0.1242,  0.0829,
         -1.1752,  0.9340, -1.5085,  0.4574, -1.6804,  0.8122,  2.3316, -1.0834,
          0.4277,  0.3069,  0.7200, -1.2112, -0.2420,  0.5829, -0.1914,  0.6344,
         -0.2197,  0.3160, -0.0205,  1.3946,  0.4649, -0.1481,  0.2812,  0.2690]],
       device='cuda:0')
[INFO] Observations: tensor([[-8.7370e-01, -4.4039e-01,  5.8515e-02,  2.1887e-01,  1.9257e-01,
         -1.0033e-01, -2.2813e-03,  3.1172e-03, -1.0430e+00, -6.4545e-01,
         -1.6071e-01, -6.4958e-02, -5.9985e-02,  2.1338e-01,  1.8279e-02,
          1.5130e-01, -7.9480e-02,  3.8459e-02, -1.2415e-01,  3.2062e-01,
          9.0618e-02, -4.6538e-02,  1.1110e-01,  6.7429e-02,  1.3460e+00,
         -5.2923e-01, -1.9189e+00,  1.9879e+00, -2.9729e+00,  2.6226e+00,
          4.0751e+00, -2.0934e+00, -1.4652e+00, -4.3548e-01,  9.2001e-01,
          5.3542e-02, -2.1308e-01,  5.3675e-01, -1.8662e-01,  7.0382e-01,
         -4.0677e-01,  5.3516e-01,  4.2187e-02,  1.2143e+00,  3.6996e-01,
         -1.4629e-01,  3.2693e-01,  2.7725e-01]], device='cuda:0')
[INFO] Observations: tensor([[-0.8887, -0.1477,  0.3212,  0.0712,  0.1040, -0.0091, -0.0125, -0.0548,
         -0.9507, -0.6455, -0.1607, -0.0641, -0.0462,  0.2104, -0.0058,  0.1744,
         -0.1405,  0.1026, -0.0545,  0.2614,  0.0602, -0.0405,  0.1147,  0.0708,
          1.2435,  0.9805, -0.4217,  1.4616, -2.7344,  2.4209,  3.6671, -2.2269,
         -0.6555, -0.4201,  1.2105, -0.6220, -0.1587,  0.5111, -0.1334,  0.8005,
         -0.5877,  0.6755,  0.0241,  1.0032,  0.2741, -0.2386,  0.3188,  0.2361]],
       device='cuda:0')
[INFO] Observations: tensor([[-8.3345e-01,  3.5912e-05,  2.4345e-01,  4.1130e-01, -1.6274e-01,
         -8.7757e-02,  4.2890e-03,  2.0696e-02, -9.5553e-01, -6.4545e-01,
         -1.6071e-01, -6.3478e-02, -4.2708e-02,  1.8397e-01, -2.9263e-03,
          1.8760e-01, -1.7193e-01,  1.5112e-01, -3.8644e-03,  1.8723e-01,
          2.9246e-02, -2.9561e-02,  1.1241e-01,  6.0359e-02,  1.7286e-01,
          1.1018e+00, -1.6994e+00,  7.9270e-01, -1.6282e+00,  1.2332e+00,
          1.3277e+00, -4.2070e+00, -1.2372e+00,  2.0035e+00,  9.8955e-01,
         -5.9490e-01, -1.0814e-01,  4.6725e-01, -1.1183e-01,  8.6500e-01,
         -7.3517e-01,  8.2656e-01,  2.5475e-02,  7.6467e-01,  1.4987e-01,
         -2.2713e-01,  2.6401e-01,  2.6197e-01]], device='cuda:0')
[INFO] Observations: tensor([[-0.9458, -0.3033, -0.0284, -0.1731, -0.3513,  0.1399, -0.0071, -0.0198,
         -0.9726, -0.6455, -0.1607, -0.0633, -0.0261,  0.1736, -0.0041,  0.2009,
         -0.1984,  0.1981,  0.0215,  0.1251,  0.0164, -0.0251,  0.1253,  0.0657,
         -0.5199,  0.0359,  1.4023, -0.1850,  0.2095,  0.9989, -0.1925, -2.7448,
         -1.4508,  1.3467, -0.8449,  1.0881, -0.0881,  0.3606,  0.0178,  0.8950,
         -0.7883,  1.0147, -0.0272,  0.4970,  0.0820, -0.2272,  0.2524,  0.2484]],
       device='cuda:0')
[INFO] Observations: tensor([[-6.4961e-01, -2.4560e-01, -3.2773e-01, -2.9408e-01, -1.6924e-01,
          1.2724e-01, -2.4467e-02, -4.3316e-02, -9.9323e-01, -6.4545e-01,
         -1.6071e-01, -6.2555e-02, -5.9033e-03,  1.6777e-01, -7.1362e-03,
          2.0312e-01, -2.0784e-01,  2.4639e-01,  8.9060e-03,  5.6232e-02,
          1.8589e-03, -1.5480e-02,  1.3927e-01,  7.1733e-02,  2.2501e-01,
         -1.0883e-01,  2.6478e-01,  6.6571e-01,  1.7997e+00,  1.1763e+00,
         -4.6105e-01, -2.6169e+00, -1.3343e+00,  1.0296e+00,  3.2910e-01,
         -1.3083e+00, -1.6917e-02,  2.6312e-01,  1.4209e-01,  8.2455e-01,
         -7.5872e-01,  1.2872e+00, -1.8046e-01,  2.0474e-01,  3.6230e-02,
         -1.8523e-01,  2.2096e-01,  2.5354e-01]], device='cuda:0')
[INFO] Observations: tensor([[-9.2754e-01, -3.6675e-01,  1.6210e-01, -1.7379e-01, -4.1751e-01,
         -6.9727e-02,  2.9122e-02,  2.2143e-02, -9.7005e-01, -6.4545e-01,
         -1.6071e-01, -6.1529e-02,  3.8986e-03,  1.4702e-01,  5.1264e-03,
          1.7846e-01, -1.8364e-01,  2.8891e-01,  4.5931e-04, -1.0623e-02,
          5.5455e-03, -4.8479e-03,  1.3005e-01,  6.8194e-02,  5.5057e-01,
         -9.7240e-01, -1.0415e-01, -1.0478e+00,  5.8223e-01,  6.8660e-01,
          1.6227e-02, -1.0363e+00,  2.6806e-01,  4.4912e-01, -1.2390e+00,
          1.5050e-01,  2.7035e-02,  1.8378e-01,  2.8399e-01,  7.0583e-01,
         -6.6540e-01,  1.4437e+00, -4.2875e-01, -1.4794e-02,  6.4966e-02,
         -1.7550e-01,  1.6839e-01,  2.5359e-01]], device='cuda:0')
[INFO] Observations: tensor([[-5.0757e-01, -3.0745e-01,  2.0444e-01, -1.0774e-01, -5.5127e-01,
         -3.2148e-01, -4.0930e-02, -9.9070e-03, -1.0135e+00, -6.4545e-01,
         -1.6071e-01, -5.8700e-02,  9.9791e-04,  1.4221e-01,  1.7778e-02,
          1.6299e-01, -1.5618e-01,  3.2906e-01, -6.9148e-02, -3.5643e-02,
          4.6600e-02, -1.5883e-02,  1.2839e-01,  5.5607e-02, -1.6924e+00,
         -1.4569e+00,  1.0323e+00, -5.2297e-01,  5.3371e-01,  9.0279e-01,
         -2.0086e+00, -2.2553e+00,  2.4073e+00,  1.1010e+00,  1.0960e-02,
          3.5224e-01,  4.5087e-02,  1.1750e-01,  3.9706e-01,  5.9753e-01,
         -4.5642e-01,  1.5289e+00, -7.4719e-01, -1.4974e-01,  1.3127e-01,
         -1.8007e-01,  1.6294e-01,  2.7964e-01]], device='cuda:0')
[INFO] Observations: tensor([[-7.3496e-01, -2.1816e-01,  1.4690e-01,  4.1562e-01, -1.2770e-01,
         -1.5525e-01,  1.0711e-02, -1.6076e-02, -1.0100e+00, -6.4545e-01,
         -1.6071e-01, -5.6043e-02, -9.9209e-03,  7.6831e-02,  5.5730e-02,
          1.2479e-01, -1.2566e-01,  3.6487e-01, -1.6319e-01, -3.6771e-02,
          6.3451e-02, -9.9395e-04,  1.1795e-01,  8.5281e-02,  1.2132e+00,
         -3.3171e+00,  9.3811e-01,  8.4686e-01,  1.0194e+00,  1.7243e+00,
         -2.5317e+00,  1.7289e+00,  1.5207e-01,  3.9841e-01, -2.1539e+00,
          1.6158e-01, -7.2144e-04,  1.1126e-02,  5.2048e-01,  4.4743e-01,
         -1.1759e-01,  1.4487e+00, -9.8293e-01, -7.1210e-02,  2.0918e-01,
         -1.0576e-01,  1.5088e-01,  2.7456e-01]], device='cuda:0')
[INFO] Observations: tensor([[-5.3270e-01, -3.5019e-01, -2.9479e-01,  3.2392e-01,  9.3261e-02,
         -2.1448e-01,  3.6505e-02, -4.4945e-03, -1.0379e+00, -6.4545e-01,
         -1.6071e-01, -5.4772e-02, -1.6490e-02,  4.1087e-02,  8.1961e-02,
          1.1364e-01, -5.6912e-02,  3.6331e-01, -2.7652e-01, -8.5891e-04,
          6.4760e-02,  1.7066e-02,  4.3461e-02,  1.2271e-01, -8.1888e-01,
          1.0034e+00,  1.0340e+00, -9.0810e-01,  2.4637e+00, -3.5728e-02,
         -6.4056e+00,  8.6297e-01,  1.2118e+00,  6.5758e-01, -3.5698e+00,
          1.9335e+00, -3.3524e-02,  2.9772e-02,  4.7366e-01,  2.8921e-01,
          1.6920e-01,  1.3402e+00, -1.2360e+00,  1.1885e-01,  2.0287e-01,
         -1.7105e-02,  1.5175e-01,  3.0543e-01]], device='cuda:0')
[INFO] Observations: tensor([[-5.2916e-01, -2.4057e-01,  8.6129e-03, -9.0172e-03,  1.5422e-01,
          8.0812e-02,  2.0248e-03,  2.4275e-04, -9.5010e-01, -6.4545e-01,
         -1.6071e-01, -5.3934e-02, -1.2081e-02,  2.8322e-02,  9.1757e-02,
          1.1431e-01, -3.0846e-03,  3.5324e-01, -3.5677e-01,  3.5169e-02,
          7.1554e-02,  2.9743e-02,  8.1259e-05,  1.4781e-01, -1.5461e+00,
         -8.8157e-01, -1.2625e+00,  2.3976e-01,  3.5809e+00, -1.5744e+00,
         -3.0748e+00,  6.7125e-01, -4.4288e-01,  4.2221e-01, -2.6310e-01,
         -2.1331e-01, -6.1482e-02,  8.7368e-02,  4.4845e-01,  1.8787e-01,
          3.7999e-01,  1.1875e+00, -1.2867e+00,  4.4387e-01,  1.9064e-01,
          8.7224e-02,  7.2864e-02,  3.0769e-01]], device='cuda:0')
[INFO] Observations: tensor([[-0.7320, -0.2218, -0.2097,  0.1057, -0.0119, -0.2827,  0.0210,  0.0049,
         -0.9693, -0.6455, -0.1607, -0.0532, -0.0287,  0.0409,  0.1062,  0.1024,
          0.0415,  0.3238, -0.3704,  0.0951,  0.0525,  0.0457, -0.0032,  0.1578,
          0.8559,  0.3609, -0.4075, -1.8841,  2.0211, -1.8286, -1.1410,  1.9086,
          0.2744,  1.0145,  1.3584,  0.6765, -0.0667,  0.2085,  0.4855,  0.0666,
          0.5748,  1.0291, -1.4962,  0.6320,  0.1260,  0.1011,  0.0251,  0.4087]],
       device='cuda:0')
[INFO] Observations: tensor([[-8.1244e-01, -2.2639e-01, -2.6459e-01, -8.1203e-02, -1.4172e-01,
          7.6715e-02, -3.1881e-03, -4.1719e-02, -9.8085e-01, -6.4545e-01,
         -1.6071e-01, -5.2582e-02, -4.4524e-02,  3.3866e-02,  1.1428e-01,
          9.8195e-02,  9.9632e-02,  2.6852e-01, -3.8534e-01,  1.3607e-01,
          5.2653e-02,  5.1865e-02,  7.0231e-03,  1.5115e-01, -1.9385e+00,
          1.3635e-01,  7.5654e-01,  3.2935e-01,  3.6411e+00, -2.9175e+00,
         -1.4480e+00,  1.9026e+00,  1.2844e+00,  1.4218e+00,  1.3777e-01,
          5.4835e-01, -2.0928e-01,  3.4996e-01,  5.1212e-01,  5.4315e-02,
          8.2173e-01,  7.4693e-01, -1.6112e+00,  8.1804e-01,  6.5486e-02,
          1.0901e-01,  3.2375e-02,  3.9963e-01]], device='cuda:0')
[INFO] Observations: tensor([[-0.5970, -0.2016, -0.0334, -0.0705, -0.1088, -0.2102,  0.0358, -0.0606,
         -0.9984, -0.6455, -0.1607, -0.0513, -0.0555,  0.0603,  0.1159,  0.0686,
          0.1593,  0.2035, -0.3925,  0.2081,  0.0416,  0.0624,  0.0120,  0.1387,
         -1.4507,  0.7968, -0.5049, -1.1754,  2.4973, -3.6644, -1.4992,  2.7796,
         -1.3082, -0.5192, -0.1636, -0.0445, -0.2448,  0.4762,  0.5051, -0.0259,
          0.9223,  0.5627, -1.6398,  1.0391, -0.0111,  0.0568, -0.0127,  0.3960]],
       device='cuda:0')
[INFO] Observations: tensor([[-0.5381, -0.1655,  0.2542, -0.1392,  0.0636, -0.3549,  0.0779, -0.0517,
         -0.9879, -0.6455, -0.1607, -0.0493, -0.0597,  0.1039,  0.1224,  0.0661,
          0.2089,  0.1527, -0.3924,  0.2747,  0.0149,  0.0520, -0.0128,  0.1323,
         -0.6082,  2.1595, -1.6095,  0.3536,  2.9119, -3.8106, -0.9136,  3.1739,
         -0.8448, -1.4225, -0.8229,  0.4466, -0.3248,  0.6647,  0.5137, -0.0528,
          1.1124,  0.2995, -1.6327,  1.2331, -0.0589, -0.0259, -0.0590,  0.3737]],
       device='cuda:0')
[INFO] Observations: tensor([[-8.4361e-01,  4.4349e-04,  2.1196e-01,  2.6043e-02, -2.2409e-02,
          1.6234e-02,  7.0195e-02,  4.2217e-03, -1.0333e+00, -6.4545e-01,
         -1.6071e-01, -4.7457e-02, -6.0812e-02,  1.6720e-01,  1.2425e-01,
          4.0000e-02,  2.6658e-01,  5.3237e-02, -3.9896e-01,  3.2449e-01,
         -1.3477e-02,  7.1366e-03, -4.4467e-02,  1.0985e-01, -1.4794e+00,
          4.1967e+00,  8.3667e-01, -1.8842e+00,  3.6599e+00, -2.7827e+00,
         -6.7521e-01,  3.3921e+00, -7.6791e-01, -2.9110e+00, -1.7292e+00,
         -5.6747e-01, -3.5004e-01,  8.5934e-01,  5.2189e-01, -2.5853e-02,
          1.2567e+00,  1.2767e-02, -1.5685e+00,  1.3913e+00, -1.6001e-01,
         -1.6002e-01, -1.4317e-01,  3.4372e-01]], device='cuda:0')
[INFO] Observations: tensor([[-6.3428e-01, -3.4544e-01, -3.1033e-01,  1.2729e-01, -4.3901e-01,
          1.2283e-02,  4.6702e-02,  2.1514e-02, -1.0409e+00, -6.4545e-01,
         -1.6071e-01, -4.5632e-02, -7.3382e-02,  2.5504e-01,  1.1712e-01,
          3.0208e-02,  3.0859e-01, -4.0895e-02, -3.6299e-01,  3.8051e-01,
         -6.4942e-03, -7.4143e-02, -6.6635e-02,  9.2978e-02, -1.4484e+00,
          3.3245e+00,  4.6458e-01,  9.8521e-02,  2.9199e+00, -6.7132e+00,
          1.5667e+00,  2.8493e+00,  6.7266e-01, -5.2671e+00, -1.0070e+00,
         -2.5078e-01, -2.5592e-01,  1.0196e+00,  4.8523e-01, -4.6866e-02,
          1.1763e+00, -2.6432e-01, -1.4075e+00,  1.5871e+00, -1.9743e-01,
         -3.5067e-01, -2.0947e-01,  2.6058e-01]], device='cuda:0')
[INFO] Observations: tensor([[-0.4480, -0.0133, -0.2450,  0.4651, -0.5579, -0.0360, -0.0205,  0.0244,
         -1.0292, -0.6455, -0.1607, -0.0435, -0.0704,  0.3175,  0.1126,  0.0241,
          0.2967, -0.0880, -0.3469,  0.4372,  0.0188, -0.1608, -0.0410,  0.0831,
         -0.4586,  2.4507, -0.4710,  1.0280,  0.1833, -2.3561,  1.0758,  1.6644,
          1.8223, -2.6319,  2.7740,  0.0504, -0.2604,  1.2129,  0.3258,  0.0884,
          1.0129, -0.3416, -1.0285,  1.7237, -0.0070, -0.6229, -0.1725,  0.1778]],
       device='cuda:0')
[INFO] Observations: tensor([[-3.4635e-01, -2.4619e-01, -1.5594e-01,  2.1485e-01, -2.4779e-01,
          1.4395e-01,  2.3668e-03, -6.1046e-03, -1.0488e+00, -6.4545e-01,
         -1.6071e-01, -4.2829e-02, -6.0403e-02,  3.2149e-01,  9.7712e-02,
          3.1864e-02,  2.4831e-01, -9.7498e-02, -3.3318e-01,  4.5710e-01,
          7.6323e-02, -1.2539e-01,  7.7674e-03,  6.1326e-02, -1.2927e-01,
          1.2348e+00, -6.6082e-02,  1.3694e+00, -1.2327e+00,  4.5050e-01,
          2.3935e+00,  4.9858e-01, -9.8599e-01,  2.6682e+00,  2.8333e+00,
          4.0787e-01, -3.3030e-01,  1.0933e+00,  1.5415e-01,  2.5832e-01,
          6.9895e-01, -2.0354e-01, -5.9176e-01,  1.8167e+00,  2.4455e-01,
         -5.4343e-01, -3.9557e-02,  2.2320e-01]], device='cuda:0')
[INFO] Observations: tensor([[-7.3674e-01, -9.4497e-02, -1.1655e-01, -2.3620e-03, -4.0015e-02,
          1.3141e-01, -1.2080e-02, -1.4561e-02, -1.0097e+00, -6.4545e-01,
         -1.6071e-01, -4.2066e-02, -6.4099e-02,  3.2041e-01,  9.4413e-02,
          7.3653e-02,  1.6031e-01, -7.2108e-02, -3.0887e-01,  4.5573e-01,
          1.1503e-01, -8.5588e-02,  4.4487e-02,  6.3209e-02,  2.6316e-01,
         -5.4128e-01, -8.5862e-01,  1.5539e-01, -3.1061e+00,  1.3537e+00,
         -1.2008e-02, -8.4765e-01, -3.4700e-01,  3.0375e+00,  6.5470e-01,
         -3.8244e-01, -3.0050e-01,  9.7522e-01,  3.5635e-02,  3.9577e-01,
          4.4231e-01, -4.3637e-02, -3.7617e-01,  1.8219e+00,  4.0648e-01,
         -3.7224e-01,  7.0309e-02,  2.4625e-01]], device='cuda:0')
[INFO] Observations: tensor([[-0.7906, -0.1448,  0.0654, -0.1981, -0.0196, -0.0565,  0.0348,  0.0144,
         -0.9892, -0.6455, -0.1607, -0.0409, -0.0720,  0.2858,  0.0630,  0.0840,
          0.0543, -0.0465, -0.2805,  0.4432,  0.1123, -0.0604,  0.0866,  0.0695,
         -0.1748, -1.1663, -0.4658,  1.6489, -4.8961,  3.1997,  0.4339, -2.1435,
         -1.2412,  0.2444, -0.1973, -0.9807, -0.2648,  0.8480, -0.1103,  0.5035,
          0.1948,  0.1664, -0.2404,  1.6697,  0.4619, -0.2790,  0.1606,  0.2565]],
       device='cuda:0')
[INFO] Observations: tensor([[-0.4559,  0.1300,  0.0808, -0.2867,  0.2363,  0.0186,  0.0162,  0.0093,
         -1.0110, -0.6455, -0.1607, -0.0404, -0.0526,  0.2839,  0.0376,  0.1174,
         -0.0090,  0.0170, -0.2376,  0.3969,  0.0965, -0.0694,  0.1086,  0.0770,
         -0.3032,  0.0213, -2.0810,  1.1231, -4.2447,  0.8029,  3.0731, -2.9866,
         -1.1044,  0.1818,  1.9239, -1.1537, -0.2394,  0.7688, -0.1643,  0.6248,
         -0.0604,  0.2841, -0.1423,  1.4647,  0.4537, -0.3030,  0.2836,  0.2676]],
       device='cuda:0')
[INFO] Observations: tensor([[-0.4659, -0.4842,  0.0674,  0.0475, -0.4191,  0.0348,  0.0415, -0.0150,
         -0.9557, -0.6455, -0.1607, -0.0404, -0.0556,  0.2578,  0.0215,  0.1428,
         -0.0600,  0.0598, -0.1953,  0.3454,  0.0859, -0.0673,  0.1089,  0.0819,
         -1.4090, -1.4425, -1.3867,  1.9209, -1.5486,  2.0965,  2.0367, -3.1098,
          0.1376,  0.4629,  0.9473, -0.1960, -0.2296,  0.7547, -0.1948,  0.6814,
         -0.2612,  0.4552, -0.0937,  1.3435,  0.3908, -0.2635,  0.2786,  0.2872]],
       device='cuda:0')
[INFO] Observations: tensor([[-0.5393, -0.1307,  0.2133,  0.1485, -0.2897, -0.1977,  0.0334, -0.0188,
         -1.0034, -0.6455, -0.1607, -0.0402, -0.0640,  0.2419,  0.0269,  0.1725,
         -0.1081,  0.1003, -0.1401,  0.2883,  0.0684, -0.0587,  0.1149,  0.0818,
         -0.7313,  0.7377, -0.5291,  0.1225, -0.6946,  1.7800,  1.6176, -3.9912,
         -1.8091,  1.6336, -0.8012, -1.8413, -0.2120,  0.6797, -0.1096,  0.7633,
         -0.4955,  0.7220, -0.0477,  1.0795,  0.2736, -0.3036,  0.3254,  0.2787]],
       device='cuda:0')
[INFO] Observations: tensor([[-0.8275, -0.1356,  0.0527,  0.0798, -0.0769,  0.3550,  0.0430, -0.0342,
         -0.9972, -0.6455, -0.1607, -0.0416, -0.0477,  0.2268,  0.0151,  0.1914,
         -0.1288,  0.1572, -0.0966,  0.2163,  0.0452, -0.0613,  0.1067,  0.0651,
          0.6755,  0.0176,  1.1884,  0.7312, -2.0375,  1.1711,  2.4559, -3.0891,
          0.6898, -0.4454, -1.2565, -1.5825, -0.1840,  0.5133,  0.0292,  0.8208,
         -0.5826,  0.8908, -0.0082,  0.7702,  0.1535, -0.2746,  0.3449,  0.2893]],
       device='cuda:0')
[INFO] Observations: tensor([[-8.9408e-01, -4.3501e-01,  4.6663e-03,  4.8484e-01, -2.0686e-01,
         -3.5918e-02, -9.3885e-03, -1.9896e-03, -9.7621e-01, -6.4545e-01,
         -1.6071e-01, -4.2925e-02, -2.8499e-02,  2.1170e-01,  9.2539e-03,
          1.8839e-01, -1.6805e-01,  2.1095e-01, -3.0283e-02,  1.1256e-01,
          2.1756e-02, -6.0654e-02,  1.0847e-01,  7.6388e-02,  7.5465e-01,
          1.0522e+00,  5.2129e-01,  1.6694e+00, -8.0683e-01,  2.5451e+00,
          2.2779e+00, -2.9411e+00, -3.1228e-02,  6.6516e-01, -9.0171e-02,
         -1.6692e+00, -8.2139e-02,  5.3392e-01,  1.0870e-02,  8.1127e-01,
         -7.0429e-01,  1.1523e+00, -1.4086e-01,  5.0327e-01,  7.7881e-02,
         -2.8488e-01,  2.1924e-01,  3.0091e-01]], device='cuda:0')
[INFO] Observations: tensor([[-5.0580e-01,  6.9997e-02, -2.2708e-01, -2.0095e-01, -5.4401e-02,
          1.1607e-01,  4.3924e-02, -2.1232e-03, -1.0298e+00, -6.4545e-01,
         -1.6071e-01, -4.3793e-02, -5.9786e-03,  2.1419e-01,  2.1035e-02,
          2.0651e-01, -1.9818e-01,  2.5480e-01, -2.8258e-02,  4.7517e-02,
          1.6552e-02, -5.4874e-02,  1.1523e-01,  4.9493e-02,  1.2927e+00,
         -2.5747e-01, -1.2349e+00, -7.4709e-01,  1.0596e-01,  8.6760e-01,
          6.8259e-01, -4.0604e+00, -1.4824e+00,  1.8778e+00,  8.7445e-01,
         -2.0784e+00, -3.5868e-02,  3.9457e-01,  1.5837e-01,  8.5565e-01,
         -7.3989e-01,  1.2611e+00, -2.5970e-01,  2.3623e-01,  6.6135e-02,
         -3.4520e-01,  2.1851e-01,  2.4244e-01]], device='cuda:0')
[INFO] Observations: tensor([[-7.5709e-01, -9.2556e-02, -8.7190e-02, -3.5305e-01, -6.6915e-01,
          1.1418e-01,  3.7471e-02, -1.0421e-02, -1.0195e+00, -6.4545e-01,
         -1.6071e-01, -4.4583e-02,  1.1107e-03,  1.8740e-01,  2.2600e-02,
          1.9719e-01, -1.8414e-01,  2.9482e-01, -3.2659e-02, -6.8397e-03,
          1.4209e-02, -4.2304e-02,  1.2153e-01,  4.9556e-02, -1.1839e-01,
          7.8622e-01,  1.6832e+00,  1.6095e+00, -2.3373e-01, -2.5684e-01,
          1.3715e+00, -6.6893e-01,  2.4102e+00,  8.5162e-01, -1.4033e+00,
         -1.2365e+00,  7.2233e-03,  3.1565e-01,  2.7222e-01,  7.4698e-01,
         -6.5668e-01,  1.3829e+00, -4.5617e-01,  2.8213e-03,  3.9921e-02,
         -3.0430e-01,  1.4627e-01,  2.6149e-01]], device='cuda:0')
[INFO] Observations: tensor([[-0.8051, -0.1332,  0.2150,  0.2201, -0.4638, -0.1565,  0.0438,  0.0127,
         -0.9707, -0.6455, -0.1607, -0.0436, -0.0121,  0.1779,  0.0365,  0.1683,
         -0.1727,  0.3202, -0.0687, -0.0331,  0.0583, -0.0507,  0.1184,  0.0629,
         -0.5787,  0.2589,  0.5562, -1.3258,  1.1611,  1.0565, -1.7640, -2.0808,
          2.1654, -0.5358, -1.2759, -0.5162,  0.0049,  0.2403,  0.3776,  0.6523,
         -0.5113,  1.4906, -0.6597, -0.1277,  0.1100, -0.2598,  0.0783,  0.2498]],
       device='cuda:0')
[INFO] Observations: tensor([[-0.6848,  0.0729,  0.2019,  0.3984,  0.2920, -0.0838, -0.0175,  0.0242,
         -1.0342, -0.6455, -0.1607, -0.0419, -0.0264,  0.1124,  0.0551,  0.1380,
         -0.1228,  0.3567, -0.1522, -0.0301,  0.0712, -0.0300,  0.0849,  0.0601,
          0.1828, -0.9142,  0.6111, -1.9983,  2.6682,  1.2102, -4.8010,  0.4262,
          1.4450,  0.4209, -1.8436,  0.3496, -0.0173,  0.1336,  0.4634,  0.5447,
         -0.2274,  1.4910, -0.9363, -0.1400,  0.1961, -0.2088,  0.0995,  0.2549]],
       device='cuda:0')
[INFO] Observations: tensor([[-0.8757, -0.0590,  0.0548,  0.6855,  0.5367,  0.1060, -0.0278,  0.0324,
         -1.0268, -0.6455, -0.1607, -0.0418, -0.0250,  0.0531,  0.0854,  0.1267,
         -0.0641,  0.3675, -0.2460, -0.0256,  0.0431,  0.0115,  0.0383,  0.0881,
          0.7482, -1.4631, -0.2534, -1.2742,  2.9754, -0.9028, -4.6280,  0.2906,
          0.4827,  1.9070, -3.7586,  2.8340, -0.0572,  0.1144,  0.4485,  0.3584,
          0.0974,  1.3984, -1.1124,  0.0334,  0.2011, -0.0694,  0.0416,  0.2364]],
       device='cuda:0')
[INFO] Observations: tensor([[-8.2622e-01, -2.9901e-01,  1.6745e-01,  2.0159e-01,  4.4319e-01,
         -1.3152e-01,  1.4481e-02, -5.9913e-02, -9.9008e-01, -6.4545e-01,
         -1.6071e-01, -4.1737e-02, -2.1441e-02,  4.7843e-02,  1.0307e-01,
          1.2345e-01, -2.2159e-02,  3.6313e-01, -3.4113e-01,  1.1039e-02,
          5.5185e-02,  1.0176e-02,  1.4467e-03,  1.3913e-01, -7.5569e-01,
         -1.3129e+00,  1.0048e+00, -1.4206e+00,  3.1832e+00, -7.6187e-02,
         -3.6471e+00,  1.4289e+00, -3.8184e-01,  1.7206e-01, -8.3555e-01,
          1.4019e+00, -6.9938e-02,  1.5789e-01,  4.4206e-01,  2.1539e-01,
          3.1677e-01,  1.2804e+00, -1.2396e+00,  3.0221e-01,  1.3641e-01,
          4.2219e-02,  5.4069e-02,  2.9430e-01]], device='cuda:0')
[INFO] Observations: tensor([[-0.6472, -0.0262, -0.0647,  0.1129,  0.0897, -0.1987,  0.0540, -0.0310,
         -1.0387, -0.6455, -0.1607, -0.0414, -0.0421,  0.0401,  0.0963,  0.1063,
          0.0398,  0.3326, -0.3545,  0.0484,  0.0467,  0.0237, -0.0030,  0.1690,
          0.0693, -0.0503,  1.0319, -1.0170,  1.4157, -1.2882,  1.1246,  1.9849,
          0.2747, -0.9722, -1.4310, -0.1149, -0.1188,  0.2206,  0.4552,  0.1172,
          0.5256,  1.1180, -1.3963,  0.5040,  0.1078,  0.0797,  0.0467,  0.3484]],
       device='cuda:0')
[INFO] Observations: tensor([[-0.4101,  0.1261,  0.2941,  0.0417, -0.1444,  0.0833, -0.0146, -0.0277,
         -1.0344, -0.6455, -0.1607, -0.0410, -0.0519,  0.0623,  0.0919,  0.0906,
          0.0678,  0.2902, -0.3649,  0.0947,  0.0492,  0.0433,  0.0104,  0.1520,
         -1.5877,  1.6304,  0.4686, -1.7685,  1.8548, -2.8820, -0.2403,  3.0008,
          1.1698, -0.0903, -1.1963, -0.4412, -0.2168,  0.3614,  0.4654,  0.0324,
          0.7692,  0.8263, -1.5751,  0.6714,  0.0633,  0.0775,  0.0316,  0.3682]],
       device='cuda:0')
[INFO] Observations: tensor([[-5.7652e-01, -1.0333e-01,  3.4918e-01, -2.3916e-02,  1.5978e-01,
         -2.3837e-01, -9.7811e-03, -4.9875e-02, -9.7080e-01, -6.4545e-01,
         -1.6071e-01, -3.9721e-02, -5.5403e-02,  5.3757e-02,  9.1769e-02,
          8.4310e-02,  1.2765e-01,  2.2428e-01, -3.8400e-01,  1.5017e-01,
          4.4520e-02,  6.3795e-02, -9.6737e-03,  1.5313e-01,  6.5361e-02,
          2.9131e-01,  1.2221e+00,  1.2687e-01,  1.5154e+00, -2.4627e+00,
         -1.6581e+00,  2.9084e+00, -7.5875e-01, -6.9315e-01,  1.3250e-01,
         -1.8718e+00, -2.4113e-01,  5.2550e-01,  4.4584e-01, -6.5474e-02,
          9.0732e-01,  5.6423e-01, -1.6311e+00,  9.6399e-01, -2.0440e-03,
          4.5240e-02, -4.8267e-02,  3.9928e-01]], device='cuda:0')
[INFO] Observations: tensor([[-0.5091, -0.0871,  0.2247,  0.1263, -0.0456, -0.1787,  0.0158, -0.0565,
         -1.0011, -0.6455, -0.1607, -0.0377, -0.0537,  0.0870,  0.0894,  0.0724,
          0.1965,  0.1487, -0.3876,  0.2166,  0.0097,  0.0476, -0.0074,  0.1304,
         -1.7998,  2.2258, -0.0508, -0.7922,  3.8195, -4.7450, -0.9808,  3.8524,
         -1.0647, -0.5981,  1.1018, -2.5986, -0.3233,  0.6717,  0.4409, -0.0405,
          1.1235,  0.3003, -1.6480,  1.1737, -0.0495, -0.0187, -0.0885,  0.3812]],
       device='cuda:0')
[INFO] Observations: tensor([[-4.7579e-01,  1.2465e-01, -2.4313e-02, -3.3869e-02,  1.8747e-01,
         -1.9850e-01,  7.6629e-02, -2.8619e-02, -9.6482e-01, -6.4545e-01,
         -1.6071e-01, -3.5688e-02, -7.2192e-02,  1.6418e-01,  8.7057e-02,
          4.7965e-02,  2.5731e-01,  6.4371e-02, -3.8217e-01,  2.8109e-01,
         -2.1302e-02,  3.0631e-03, -3.7946e-02,  1.1234e-01,  5.8688e-02,
          3.5798e+00,  1.1483e+00, -1.6405e+00,  1.5485e+00, -3.6383e+00,
         -4.7151e-02,  1.6562e+00, -1.0875e+00, -2.6573e+00, -4.2629e-01,
         -1.8468e+00, -3.7174e-01,  8.3048e-01,  4.2182e-01, -2.7921e-03,
          1.2164e+00, -3.4615e-04, -1.5945e+00,  1.3651e+00, -1.6475e-01,
         -1.9577e-01, -1.7608e-01,  3.1168e-01]], device='cuda:0')
[INFO] Observations: tensor([[-7.2000e-01, -3.1492e-01,  9.6323e-02,  1.5600e-01, -4.2298e-01,
         -2.2834e-01,  1.6398e-03, -4.7350e-02, -1.0319e+00, -6.4545e-01,
         -1.6071e-01, -3.4608e-02, -6.7291e-02,  2.3923e-01,  9.7163e-02,
          4.5101e-02,  2.9124e-01, -6.0820e-02, -3.6240e-01,  3.3187e-01,
         -2.4700e-02, -6.9751e-02, -5.8523e-02,  7.6129e-02, -4.4301e-01,
          4.2673e+00,  6.8265e-01,  2.9108e-01,  9.4468e-01, -5.2261e+00,
          9.6637e-01,  3.3629e+00,  2.0361e-01, -4.3455e+00, -7.7733e-01,
         -1.8105e+00, -3.4349e-01,  1.0107e+00,  4.0160e-01,  4.3647e-02,
          1.2253e+00, -2.7030e-01, -1.3926e+00,  1.5049e+00, -1.8213e-01,
         -3.1611e-01, -2.0688e-01,  2.1929e-01]], device='cuda:0')
[INFO] Observations: tensor([[-6.2824e-01, -3.9374e-01, -4.0462e-01, -1.5817e-01, -2.2784e-01,
          1.0956e-02,  3.6853e-03, -5.0568e-02, -9.9925e-01, -6.4545e-01,
         -1.6071e-01, -3.4315e-02, -7.5997e-02,  2.7913e-01,  8.7911e-02,
          3.9289e-02,  2.9230e-01, -1.4655e-01, -3.1568e-01,  3.9634e-01,
          1.4061e-02, -1.5899e-01, -3.6557e-02,  5.3333e-02, -2.7586e-01,
          1.4842e+00, -4.7035e-01, -1.4299e-02, -1.3286e+00, -3.3851e+00,
          8.8359e-01,  4.0789e+00,  2.5307e+00, -2.2457e+00,  4.6992e+00,
         -3.0757e-01, -3.1997e-01,  1.1094e+00,  3.2288e-01,  1.4875e-01,
          1.0730e+00, -4.4774e-01, -1.0511e+00,  1.6467e+00, -5.2906e-02,
         -5.7066e-01, -1.5394e-01,  1.5647e-01]], device='cuda:0')
[INFO] Observations: tensor([[-0.9684,  0.1057,  0.0849,  0.0728, -0.0548, -0.0811, -0.0257, -0.0099,
         -1.0096, -0.6455, -0.1607, -0.0333, -0.0825,  0.2820,  0.0768,  0.0358,
          0.2340, -0.1351, -0.3016,  0.4383,  0.0593, -0.1346,  0.0176,  0.0522,
          0.4091, -0.8868, -0.1040,  0.3726, -1.0437,  0.8494, -0.6096, -0.3805,
         -1.4140,  2.1281,  2.7493,  1.4821, -0.3402,  1.0079,  0.1420,  0.2192,
          0.6984, -0.3046, -0.6564,  1.7162,  0.1869, -0.5585, -0.0267,  0.1665]],
       device='cuda:0')
[INFO] Observations: tensor([[-0.4667, -0.1103,  0.1024,  0.2095, -0.0529, -0.1780, -0.0352,  0.0207,
         -0.9810, -0.6455, -0.1607, -0.0322, -0.0674,  0.2841,  0.0689,  0.0633,
          0.1533, -0.1224, -0.2764,  0.4305,  0.0929, -0.0775,  0.0797,  0.0652,
          0.6208, -0.2093, -0.6317, -0.1734, -4.0844,  1.2547,  1.2569,  0.9477,
          1.0340,  3.8878,  1.7021,  1.3070, -0.3564,  0.8218, -0.0170,  0.3713,
          0.4575, -0.1798, -0.3852,  1.6833,  0.3542, -0.4020,  0.0694,  0.2358]],
       device='cuda:0')
[INFO] Observations: tensor([[-0.5813, -0.0263, -0.1123, -0.0184,  0.1565, -0.0042,  0.0566, -0.0540,
         -1.0328, -0.6455, -0.1607, -0.0319, -0.0770,  0.2556,  0.0472,  0.0707,
          0.0686, -0.0892, -0.2398,  0.4254,  0.1076, -0.0516,  0.1025,  0.0661,
         -0.4137, -0.1401,  0.1335,  0.6909, -3.9687,  2.0354,  2.1032, -0.8120,
         -1.7971,  2.4296,  0.5470,  0.5835, -0.3182,  0.6646, -0.0662,  0.4353,
          0.2340, -0.0403, -0.2084,  1.6182,  0.4814, -0.2449,  0.1993,  0.2564]],
       device='cuda:0')
[INFO] Observations: tensor([[-0.6349, -0.0118, -0.0482, -0.1856, -0.0683, -0.0434, -0.0079,  0.0388,
         -0.9661, -0.6455, -0.1607, -0.0324, -0.0639,  0.2377,  0.0307,  0.0945,
          0.0080, -0.0507, -0.1993,  0.3947,  0.1267, -0.0492,  0.1184,  0.0801,
         -0.6433, -0.8503, -0.2440,  0.1832, -1.0046,  2.7522,  3.8025, -1.8291,
         -0.2451,  1.6016, -0.4530, -1.5252, -0.2494,  0.5949, -0.1886,  0.5195,
          0.0478,  0.1059, -0.1114,  1.5261,  0.5104, -0.1784,  0.2383,  0.2737]],
       device='cuda:0')
[INFO] Observations: tensor([[-0.6006, -0.2308,  0.0665, -0.1199,  0.1003,  0.0818, -0.0201, -0.0324,
         -1.0291, -0.6455, -0.1607, -0.0336, -0.0639,  0.2249,  0.0103,  0.1187,
         -0.0160,  0.0071, -0.1459,  0.3808,  0.1189, -0.0421,  0.1373,  0.0801,
          0.7642, -1.8915, -0.3011,  0.2756, -1.2740,  3.4771,  3.9856,  0.3310,
         -0.3484,  1.4353, -0.8994,  0.3333, -0.1945,  0.5054, -0.1960,  0.6502,
         -0.2004,  0.3496,  0.0202,  1.3954,  0.4992, -0.1820,  0.3575,  0.2913]],
       device='cuda:0')
[INFO] Observations: tensor([[-4.9193e-01,  3.3661e-02, -1.2905e-01, -1.6602e-01, -2.0135e-01,
         -6.3268e-02,  1.7653e-03, -2.7750e-02, -1.0255e+00, -6.4545e-01,
         -1.6071e-01, -3.4774e-02, -4.0774e-02,  1.9048e-01,  4.7257e-03,
          1.3990e-01, -8.6457e-02,  5.0798e-02, -9.2171e-02,  3.3398e-01,
          1.1871e-01, -3.6207e-02,  1.3648e-01,  8.2444e-02,  1.0279e+00,
         -2.1300e+00,  2.4396e-01, -8.2254e-01, -3.6041e+00,  1.0739e+00,
          2.3005e+00, -1.7736e+00, -2.1272e+00,  2.0525e+00, -2.0280e+00,
          7.3112e-01, -1.2233e-01,  4.3837e-01, -2.0966e-01,  7.0110e-01,
         -4.3574e-01,  6.0985e-01,  9.0681e-02,  1.1732e+00,  4.1515e-01,
         -1.7764e-01,  3.4970e-01,  2.7996e-01]], device='cuda:0')
[INFO] Observations: tensor([[-1.0122e+00, -2.5441e-01,  2.3719e-01,  1.6402e-01, -3.1816e-01,
          6.1569e-02, -4.0096e-03,  1.6689e-02, -9.8537e-01, -6.4545e-01,
         -1.6071e-01, -3.6117e-02, -1.6365e-02,  1.6637e-01, -1.2578e-02,
          1.5777e-01, -1.4845e-01,  1.0416e-01, -3.7102e-02,  2.5052e-01,
          7.5278e-02, -4.6475e-02,  1.3288e-01,  8.1234e-02,  8.4171e-01,
          9.0544e-01, -1.2394e+00,  1.5794e+00, -3.1213e+00,  6.1170e-01,
          3.3302e+00, -4.8691e+00, -1.9209e+00, -6.5773e-01, -8.3436e-01,
         -4.6902e-01, -6.9008e-02,  3.0439e-01, -1.4976e-01,  6.9410e-01,
         -5.8634e-01,  8.6086e-01,  1.3236e-01,  8.7634e-01,  3.1790e-01,
         -1.5909e-01,  3.1827e-01,  3.3086e-01]], device='cuda:0')
[INFO] Observations: tensor([[-6.1990e-01, -5.9093e-02,  1.5174e-01,  1.3046e-01, -3.7136e-02,
          1.5759e-01, -1.1132e-04, -4.8938e-03, -9.6671e-01, -6.4545e-01,
         -1.6071e-01, -3.7596e-02, -5.0452e-03,  1.5674e-01, -1.6751e-02,
          1.8542e-01, -1.9832e-01,  1.5962e-01,  2.3179e-02,  1.6380e-01,
          4.5999e-02, -3.4204e-02,  1.2260e-01,  7.2494e-02, -1.0571e+00,
          9.6455e-01,  2.3983e-01,  1.6144e+00, -2.3809e+00,  1.0429e+00,
          2.2625e+00, -3.2373e+00,  2.3750e-01, -8.5581e-01,  1.3893e+00,
         -2.1195e+00, -2.0014e-02,  3.3442e-01, -1.2647e-02,  7.7821e-01,
         -7.8122e-01,  1.0506e+00,  8.4602e-02,  6.3837e-01,  2.0080e-01,
         -2.0215e-01,  3.0300e-01,  3.2743e-01]], device='cuda:0')
[INFO] Observations: tensor([[-6.2171e-01, -1.1035e-01, -1.8066e-01, -1.3675e-01, -1.3544e-01,
         -1.1992e-01, -2.3918e-02,  3.9340e-02, -9.6751e-01, -6.4545e-01,
         -1.6071e-01, -3.7464e-02, -1.3795e-02,  1.5308e-01,  8.1619e-04,
          1.8700e-01, -2.1444e-01,  2.1270e-01,  4.2081e-02,  8.0769e-02,
          2.7645e-02, -4.5629e-02,  1.2540e-01,  7.2492e-02, -6.5107e-01,
          9.1632e-01, -3.8060e-01, -8.9113e-01, -2.4540e+00,  3.8453e-01,
         -1.3554e+00, -2.6259e+00, -1.5980e+00, -5.3396e-01,  5.8888e-01,
         -1.8857e+00, -4.1150e-03,  3.1630e-01,  7.3631e-02,  7.9847e-01,
         -8.4425e-01,  1.1679e+00, -5.7439e-03,  3.8498e-01,  1.1849e-01,
         -2.0226e-01,  2.2696e-01,  3.1052e-01]], device='cuda:0')
[INFO] Observations: tensor([[-1.0044,  0.0927, -0.3400, -0.1389, -0.4722, -0.1095,  0.0518,  0.0627,
         -0.9537, -0.6455, -0.1607, -0.0365, -0.0096,  0.1543,  0.0083,  0.1863,
         -0.2019,  0.2650,  0.0167,  0.0269,  0.0149, -0.0355,  0.1430,  0.0688,
          0.4859,  0.1265,  0.3608, -0.3522,  1.0871,  1.7919, -1.1411, -1.9914,
          0.1884,  1.0399,  0.8794, -1.1520, -0.0253,  0.2397,  0.2352,  0.7221,
         -0.7788,  1.2819, -0.1766,  0.0779,  0.0831, -0.2050,  0.2364,  0.3001]],
       device='cuda:0')
[INFO] Observations: tensor([[-6.3724e-01,  1.0354e-01, -2.5716e-01, -1.1088e-02, -2.0743e-01,
         -2.6085e-01,  5.1216e-02, -2.9805e-02, -9.6765e-01, -6.4545e-01,
         -1.6071e-01, -3.4262e-02, -4.5713e-03,  1.4341e-01,  2.7761e-02,
          1.6601e-01, -1.9154e-01,  3.0005e-01,  1.6631e-03, -2.2944e-02,
          5.5722e-02, -1.7910e-02,  1.3149e-01,  7.8205e-02,  1.3808e-01,
          4.6873e-01,  3.5372e-01, -1.5205e+00,  1.8331e+00,  1.8587e+00,
         -4.5065e-01, -3.0932e-01,  1.4343e+00, -2.5747e-01,  4.3795e-02,
          1.7104e-01,  3.4358e-04,  1.0957e-01,  3.8868e-01,  6.1308e-01,
         -6.3131e-01,  1.3929e+00, -4.5649e-01, -1.1245e-01,  6.9913e-02,
         -2.4825e-01,  2.2621e-01,  2.9863e-01]], device='cuda:0')
[INFO] Observations: tensor([[-5.7265e-01, -3.1164e-01, -1.2702e-01,  5.1472e-01,  6.7140e-02,
         -4.3243e-01,  2.0342e-02,  4.5763e-03, -9.9654e-01, -6.4545e-01,
         -1.6071e-01, -3.1695e-02, -2.1294e-02,  9.4166e-02,  5.7222e-02,
          1.2527e-01, -1.5431e-01,  3.4312e-01, -7.2583e-02, -4.5559e-02,
          6.2542e-02, -1.1149e-02,  1.2754e-01,  7.6858e-02, -7.6000e-01,
         -3.1882e-01,  9.5511e-02, -1.4885e+00,  1.1970e+00,  5.8946e-01,
         -2.1565e+00, -9.4651e-01,  1.9355e+00,  1.3113e+00, -1.6727e+00,
         -1.4221e-01, -4.8443e-03, -1.5975e-03,  4.7571e-01,  4.6700e-01,
         -3.7112e-01,  1.4164e+00, -7.2223e-01, -1.4272e-01,  1.6286e-01,
         -1.4591e-01,  1.6234e-01,  3.2573e-01]], device='cuda:0')
[INFO] Observations: tensor([[-6.2683e-01, -2.8943e-01, -2.7176e-01,  5.8908e-01,  2.5253e-01,
          1.7893e-01,  4.3496e-02, -2.3793e-02, -1.0276e+00, -6.4545e-01,
         -1.6071e-01, -3.1109e-02, -6.1729e-03,  3.1075e-02,  8.8354e-02,
          1.0733e-01, -1.0545e-01,  3.5868e-01, -1.7895e-01, -3.1510e-02,
          6.5816e-02,  2.4780e-02,  8.6509e-02,  8.5795e-02, -1.3335e+00,
         -2.6872e+00,  2.7947e+00,  4.6002e-01,  2.3461e+00, -8.7670e-01,
         -6.9181e+00, -1.1801e+00, -1.9746e+00,  1.0627e+00, -2.5142e+00,
          1.9540e+00, -4.9171e-02, -5.3002e-02,  5.3120e-01,  3.4688e-01,
         -2.1020e-02,  1.3395e+00, -1.0048e+00, -3.7572e-02,  2.2441e-01,
         -4.5586e-02,  1.5940e-01,  2.8429e-01]], device='cuda:0')
[INFO] Observations: tensor([[-0.7507,  0.0480, -0.1340,  0.1750,  0.1534,  0.0643,  0.0561, -0.0272,
         -0.9930, -0.6455, -0.1607, -0.0311, -0.0141,  0.0117,  0.1083,  0.1000,
         -0.0440,  0.3496, -0.2842,  0.0126,  0.0680,  0.0359,  0.0237,  0.1299,
         -0.9901, -0.1411,  0.1939, -1.4615,  2.3049, -0.9731, -3.7597,  1.9123,
         -0.4111, -0.9368, -1.8982,  1.7343, -0.0642,  0.0647,  0.4572,  0.2281,
          0.2421,  1.2459, -1.1383,  0.3376,  0.1820,  0.0764,  0.1206,  0.2854]],
       device='cuda:0')
[INFO] Observations: tensor([[-9.2622e-01,  4.2335e-02,  4.3822e-02,  4.0068e-01,  3.6157e-01,
          8.7645e-02,  2.0817e-02, -2.9339e-02, -1.0131e+00, -6.4545e-01,
         -1.6071e-01, -3.0977e-02, -2.5374e-02,  1.5319e-02,  1.0477e-01,
          8.8287e-02,  2.3244e-02,  3.3665e-01, -3.7036e-01,  4.8415e-02,
          6.0241e-02,  4.1909e-02, -2.3390e-03,  1.5687e-01, -1.1932e+00,
          8.1784e-01, -1.1023e+00,  1.3628e-01,  1.8795e+00, -8.2940e-01,
         -2.6317e+00,  1.5748e+00, -1.4515e+00,  3.4457e-02,  4.1956e-01,
         -2.7756e-02, -7.3021e-02,  1.4322e-01,  4.3485e-01,  7.5858e-02,
          4.4053e-01,  1.1128e+00, -1.3270e+00,  5.1139e-01,  1.3376e-01,
          1.2211e-01,  6.8098e-02,  3.7175e-01]], device='cuda:0')
[INFO] Observations: tensor([[-8.8957e-01, -2.8126e-02, -2.8407e-02, -7.7709e-02,  2.4354e-02,
         -1.7070e-01,  2.3652e-02, -3.6891e-02, -9.5478e-01, -6.4545e-01,
         -1.6071e-01, -3.0457e-02, -3.1043e-02,  2.0345e-02,  1.1176e-01,
          8.7331e-02,  6.5737e-02,  2.8838e-01, -3.7754e-01,  1.0601e-01,
          4.9261e-02,  5.8022e-02,  2.5451e-03,  1.7224e-01,  5.3047e-01,
         -1.1889e+00,  1.1467e-01, -2.0191e+00,  3.9151e+00, -1.8244e+00,
          7.7103e-01,  3.1088e+00, -1.1081e+00, -5.9236e-01, -7.1375e-02,
         -9.5423e-01, -1.1229e-01,  2.7537e-01,  4.9344e-01, -2.3651e-03,
          6.5633e-01,  8.4984e-01, -1.5303e+00,  7.1348e-01,  3.4449e-02,
          9.1247e-02,  1.1442e-04,  4.3665e-01]], device='cuda:0')
[INFO] Observations: tensor([[-0.6187,  0.1255,  0.0802,  0.0478,  0.1173, -0.1583, -0.0150,  0.0249,
         -1.0386, -0.6455, -0.1607, -0.0297, -0.0375,  0.0454,  0.1108,  0.0654,
          0.1220,  0.2299, -0.3990,  0.1621,  0.0263,  0.0688,  0.0132,  0.1611,
         -0.4329, -0.2021, -0.5129, -0.6577,  2.7743, -2.7751,  0.7433,  2.9678,
         -1.2727, -0.5593, -0.6596, -0.6360, -0.2764,  0.4517,  0.4489, -0.0273,
          0.9153,  0.5633, -1.7074,  0.8782, -0.0292,  0.0365,  0.0114,  0.4304]],
       device='cuda:0')
[INFO] Observations: tensor([[-4.8943e-01, -4.3290e-01,  2.1647e-01,  1.5169e-01,  3.7954e-02,
         -2.7141e-01,  3.9664e-02,  2.0150e-02, -1.0081e+00, -6.4545e-01,
         -1.6071e-01, -2.8768e-02, -5.7856e-02,  7.7712e-02,  9.7800e-02,
          5.8271e-02,  1.9957e-01,  1.5276e-01, -4.0220e-01,  2.2125e-01,
          2.8562e-03,  5.5251e-02, -8.9604e-03,  1.3117e-01,  6.2997e-02,
          1.9932e+00, -1.4380e+00, -1.0581e+00,  1.3569e+00, -4.3041e+00,
          3.6664e-02,  3.0067e+00, -9.7777e-01, -3.8885e-01,  2.8028e-01,
         -1.0581e+00, -3.6573e-01,  6.5307e-01,  4.6641e-01, -5.8843e-02,
          1.0882e+00,  2.7298e-01, -1.7363e+00,  1.1004e+00, -1.0171e-01,
         -4.7139e-02, -2.9656e-02,  4.2524e-01]], device='cuda:0')
[INFO] Observations: tensor([[-9.5522e-01, -2.5845e-02, -1.3479e-01, -1.2887e-01, -1.7134e-01,
         -2.2534e-01,  4.9673e-02, -3.8718e-02, -1.0434e+00, -6.4545e-01,
         -1.6071e-01, -2.7937e-02, -5.6193e-02,  1.5880e-01,  1.1265e-01,
          3.5273e-02,  2.5632e-01,  6.4037e-02, -4.0276e-01,  2.7842e-01,
         -1.8611e-02,  4.9840e-03, -1.2784e-02,  1.1529e-01, -2.0952e+00,
          2.8398e+00, -6.2255e-01, -2.1274e+00,  3.9440e+00, -5.3299e+00,
          9.2226e-01,  3.6892e+00, -1.1347e+00, -3.7190e+00, -1.1594e+00,
         -1.4107e+00, -3.8460e-01,  8.4391e-01,  5.2296e-01, -4.2499e-02,
          1.2279e+00, -9.4343e-03, -1.6371e+00,  1.3094e+00, -1.6903e-01,
         -1.9173e-01, -8.2362e-02,  3.4960e-01]], device='cuda:0')
[INFO] Observations: tensor([[-9.7034e-01, -4.5037e-01, -7.0723e-02, -1.8455e-01, -2.7915e-01,
         -1.7057e-02,  1.1141e-02, -1.4466e-02, -1.0202e+00, -6.4545e-01,
         -1.6071e-01, -2.8406e-02, -6.8135e-02,  2.4472e-01,  1.0564e-01,
          3.0024e-02,  2.9571e-01, -3.1198e-02, -3.9269e-01,  3.4440e-01,
         -3.2245e-02, -9.2287e-02, -5.4825e-02,  9.6543e-02, -1.0731e+00,
          2.9542e+00, -6.6704e-01, -1.0638e+00,  7.3802e-01, -4.3514e+00,
          4.4779e-01,  3.2742e+00,  9.9007e-01, -6.4884e+00,  9.4049e-01,
         -2.7916e+00, -3.9077e-01,  1.0252e+00,  4.4334e-01,  6.4882e-03,
          1.1715e+00, -2.9108e-01, -1.4860e+00,  1.4312e+00, -2.2206e-01,
         -4.5367e-01, -1.6343e-01,  2.3293e-01]], device='cuda:0')
[INFO] Observations: tensor([[-0.3614,  0.0377, -0.0551, -0.4625,  0.0382,  0.1709,  0.0454,  0.0199,
         -0.9994, -0.6455, -0.1607, -0.0292, -0.0860,  0.2989,  0.0896,  0.0110,
          0.2901, -0.1154, -0.3260,  0.3866,  0.0068, -0.1945, -0.0416,  0.0651,
         -0.2347,  0.8782, -1.6656,  0.8083, -1.4202, -2.9793,  1.0719,  3.8614,
          1.5256, -1.1044,  3.7670, -0.4796, -0.2984,  1.1273,  0.3397,  0.0763,
          0.9801, -0.3875, -1.1475,  1.5970, -0.0995, -0.7229, -0.1380,  0.2297]],
       device='cuda:0')
[INFO] Observations: tensor([[-0.8717, -0.2229, -0.0627,  0.1352, -0.3396, -0.0514,  0.0109, -0.0283,
         -1.0484, -0.6455, -0.1607, -0.0288, -0.0867,  0.2832,  0.0903,  0.0248,
          0.2362, -0.1310, -0.3157,  0.4308,  0.0520, -0.1738,  0.0236,  0.0758,
          0.5432,  1.2970, -1.0248,  0.5844, -3.5208, -0.9723, -0.0183,  1.1386,
         -0.9670,  2.0809,  2.2655, -0.6435, -0.3231,  1.0833,  0.1567,  0.1614,
          0.6609, -0.2255, -0.7178,  1.6728,  0.1430, -0.6686, -0.1016,  0.2587]],
       device='cuda:0')
[INFO] Observations: tensor([[-0.6264, -0.4250, -0.0957,  0.1561, -0.1943, -0.0988,  0.0592,  0.0297,
         -1.0355, -0.6455, -0.1607, -0.0279, -0.0856,  0.2897,  0.0746,  0.0404,
          0.1350, -0.1100, -0.2881,  0.4124,  0.0707, -0.1257,  0.0585,  0.0679,
          0.1223, -1.2565,  0.5587, -0.1116, -4.9290,  0.5846,  1.6859, -0.1277,
         -0.7777,  3.2794,  1.9567,  0.2585, -0.3430,  0.8978,  0.0859,  0.2927,
          0.4561, -0.1411, -0.4368,  1.6547,  0.3009, -0.5459,  0.0548,  0.2767]],
       device='cuda:0')
[INFO] Observations: tensor([[-7.7574e-01, -4.0612e-01,  5.9284e-02, -6.8210e-02, -1.0119e-01,
         -1.2241e-01,  1.8621e-02, -2.5265e-03, -1.0015e+00, -6.4545e-01,
         -1.6071e-01, -2.7671e-02, -7.1882e-02,  2.8438e-01,  6.3627e-02,
          6.3687e-02,  7.1487e-02, -8.0398e-02, -2.5798e-01,  4.0612e-01,
          9.4457e-02, -8.6141e-02,  9.2576e-02,  7.0705e-02, -7.8380e-01,
          9.8015e-01,  3.0306e-01, -6.7141e-02, -3.7629e+00,  4.0185e-01,
          1.4384e+00, -2.9614e-01, -1.6920e+00,  2.7113e+00,  4.2350e-01,
         -9.1193e-01, -3.4092e-01,  7.7161e-01,  8.7173e-03,  3.8934e-01,
          2.3762e-01, -2.1687e-02, -2.9553e-01,  1.5601e+00,  4.0494e-01,
         -4.5071e-01,  1.6450e-01,  2.7970e-01]], device='cuda:0')
[INFO] Observations: tensor([[-0.4685, -0.1105, -0.1402, -0.1750, -0.0302,  0.0905,  0.0087, -0.0407,
         -1.0402, -0.6455, -0.1607, -0.0284, -0.0678,  0.2581,  0.0531,  0.0861,
          0.0191, -0.0436, -0.2180,  0.3806,  0.1083, -0.0709,  0.1242,  0.0655,
         -0.4172, -0.1027, -2.0064,  1.1235, -1.0150,  2.8590,  1.5143, -0.8331,
          1.0303,  1.4922, -0.5663,  0.4422, -0.2928,  0.7004, -0.0206,  0.4611,
          0.0653,  0.1294, -0.1577,  1.4501,  0.4322, -0.3365,  0.2550,  0.2712]],
       device='cuda:0')
[INFO] Observations: tensor([[-4.8824e-01, -3.0845e-01,  2.1896e-01, -1.7191e-01, -3.1838e-01,
          1.6885e-01, -1.5571e-02,  1.7905e-02, -1.0113e+00, -6.4545e-01,
         -1.6071e-01, -2.9679e-02, -7.2994e-02,  2.3264e-01,  5.1896e-02,
          1.0130e-01, -2.2184e-02, -1.2653e-04, -1.6829e-01,  3.4267e-01,
          1.0258e-01, -6.0978e-02,  1.2094e-01,  7.3252e-02, -1.2020e-01,
         -1.7716e+00, -7.5485e-01,  8.6342e-01, -3.0044e+00,  9.0933e-01,
          2.8993e+00, -1.1282e+00,  1.1728e+00,  1.6458e+00,  3.2322e-02,
         -4.2200e-01, -2.6131e-01,  6.1240e-01, -8.3164e-02,  5.0384e-01,
         -1.8652e-01,  3.6164e-01, -2.8220e-02,  1.2986e+00,  4.1786e-01,
         -2.3062e-01,  2.7625e-01,  2.7404e-01]], device='cuda:0')
[INFO] Observations: tensor([[-9.8724e-01,  9.7897e-02,  3.8911e-01,  2.7913e-01, -1.9699e-02,
          3.1159e-03,  2.2757e-02, -5.4326e-02, -1.0328e+00, -6.4545e-01,
         -1.6071e-01, -3.0426e-02, -7.2137e-02,  2.2828e-01,  2.5524e-02,
          1.1045e-01, -8.4266e-02,  6.0150e-02, -1.0877e-01,  2.9202e-01,
          9.8745e-02, -4.2611e-02,  1.2486e-01,  8.1388e-02, -1.2449e+00,
          6.6580e-01, -5.4757e-01,  1.6228e+00, -3.8205e+00,  2.6275e+00,
          1.8052e+00, -3.4196e+00, -4.3922e-01,  3.0753e-01, -1.7816e+00,
         -1.2132e+00, -2.3191e-01,  5.7542e-01, -4.4102e-02,  5.4532e-01,
         -3.8517e-01,  6.1857e-01,  2.5911e-02,  1.1189e+00,  3.6055e-01,
         -2.2306e-01,  2.9935e-01,  3.0197e-01]], device='cuda:0')
[INFO] Observations: tensor([[-6.2020e-01,  3.3814e-03, -1.1183e-01,  1.1607e-01, -6.4003e-02,
          8.6320e-02, -3.5299e-03,  4.6247e-03, -1.0479e+00, -6.4545e-01,
         -1.6071e-01, -3.0972e-02, -4.8672e-02,  2.2196e-01,  2.0605e-02,
          1.4223e-01, -1.2425e-01,  9.9293e-02, -5.9935e-02,  2.4163e-01,
          6.8382e-02, -4.7867e-02,  1.1624e-01,  9.5362e-02, -8.3921e-01,
         -1.5742e+00, -1.6618e+00, -2.3896e-01, -2.7813e+00,  3.7355e+00,
          2.7452e+00, -2.0843e+00, -2.1709e+00, -5.0050e-01, -1.9757e+00,
         -1.2928e+00, -1.8295e-01,  5.1463e-01, -6.8988e-02,  6.7967e-01,
         -5.1974e-01,  7.1991e-01,  6.2739e-02,  8.8680e-01,  2.5632e-01,
         -2.4664e-01,  2.7541e-01,  3.3285e-01]], device='cuda:0')
[INFO] Observations: tensor([[-0.9140, -0.0354, -0.2350,  0.0061, -0.1203,  0.2397, -0.0075, -0.0158,
         -1.0128, -0.6455, -0.1607, -0.0311, -0.0158,  0.2104,  0.0100,  0.1622,
         -0.1658,  0.1631, -0.0114,  0.1834,  0.0350, -0.0621,  0.1214,  0.0858,
          0.9204, -0.1470,  0.9572, -0.1920, -3.2542,  1.0740,  2.0774, -3.1253,
         -0.2716,  0.5555,  0.7240, -1.4529, -0.0650,  0.4798, -0.0380,  0.7182,
         -0.6727,  0.9345,  0.0426,  0.6190,  0.1629, -0.3045,  0.2866,  0.3407]],
       device='cuda:0')
[INFO] Observations: tensor([[-6.5137e-01, -3.0462e-01, -1.8269e-01, -4.0545e-01, -1.4142e-01,
          9.6588e-02,  5.6066e-02, -4.4724e-02, -1.0237e+00, -6.4545e-01,
         -1.6071e-01, -3.0728e-02, -1.9755e-03,  1.7894e-01,  8.9650e-03,
          1.6374e-01, -1.9923e-01,  2.0922e-01,  1.2312e-02,  9.0294e-02,
          1.1406e-02, -4.6718e-02,  1.1590e-01,  8.6070e-02,  1.5418e+00,
         -4.2434e-01, -1.0801e+00,  1.5239e+00, -5.6708e-01,  3.2151e+00,
         -7.4282e-01, -4.4513e+00, -1.3692e+00,  2.9410e-01, -1.3826e-01,
         -5.6803e-01, -8.4144e-03,  4.1139e-01, -1.9585e-02,  7.2124e-01,
         -7.6176e-01,  1.1446e+00, -6.0281e-02,  3.7766e-01,  7.3178e-02,
         -3.0939e-01,  2.0876e-01,  3.5937e-01]], device='cuda:0')
[INFO] Observations: tensor([[-6.7253e-01, -2.9861e-01, -1.8271e-01, -1.0214e-01, -2.4879e-01,
          9.2692e-03,  2.0117e-02, -2.8521e-02, -1.0057e+00, -6.4545e-01,
         -1.6071e-01, -3.0257e-02,  7.2833e-03,  1.7982e-01,  2.2648e-02,
          1.7676e-01, -2.1339e-01,  2.4885e-01, -1.6675e-03,  3.3106e-02,
          3.8393e-03, -4.8608e-02,  1.1795e-01,  5.6075e-02,  1.2225e+00,
          5.7758e-01,  9.3094e-01,  1.0458e+00,  8.8842e-01, -2.6021e-02,
          8.9462e-01, -4.5393e+00, -5.5095e-01,  1.4924e+00, -6.7193e-01,
         -2.1944e+00,  4.1748e-02,  2.8683e-01,  1.6280e-01,  7.3738e-01,
         -7.8346e-01,  1.2798e+00, -2.1358e-01,  1.0241e-01,  2.2456e-02,
         -3.2200e-01,  1.9100e-01,  2.8248e-01]], device='cuda:0')
[INFO] Observations: tensor([[-6.2430e-01, -2.2320e-01,  7.9560e-02, -2.8010e-01, -6.1036e-01,
         -6.0261e-02,  2.7058e-02,  2.2002e-02, -1.0247e+00, -6.4545e-01,
         -1.6071e-01, -2.9619e-02,  1.5112e-02,  1.5660e-01,  2.2342e-02,
          1.6213e-01, -1.9110e-01,  2.8891e-01, -4.4708e-03, -3.9392e-02,
          3.3208e-03, -3.9306e-02,  1.2928e-01,  5.6664e-02, -1.4862e+00,
         -2.1773e+00,  9.2663e-01, -6.3397e-01,  1.3972e-01,  2.5512e+00,
         -1.2519e+00, -1.8593e+00,  4.3121e+00, -4.9167e-02,  7.2321e-01,
         -9.7610e-01,  4.3500e-02,  1.9189e-01,  3.4791e-01,  6.7762e-01,
         -6.6919e-01,  1.3875e+00, -4.2713e-01, -6.1241e-02,  5.9971e-02,
         -2.7525e-01,  1.6064e-01,  2.5215e-01]], device='cuda:0')
[INFO] Observations: tensor([[-0.4175, -0.3729, -0.2023,  0.1235, -0.5139, -0.2524, -0.0454, -0.0140,
         -1.0413, -0.6455, -0.1607, -0.0277,  0.0045,  0.1304,  0.0408,  0.1517,
         -0.1607,  0.3228, -0.0454, -0.0480,  0.0441, -0.0423,  0.1176,  0.0654,
         -0.0137, -1.0696,  1.2369,  0.1669,  2.1946,  2.2494, -3.1636,  0.2766,
          1.5359, -0.3116,  0.0237,  0.0724,  0.0482,  0.0501,  0.4454,  0.5638,
         -0.4158,  1.4504, -0.6852, -0.1405,  0.1394, -0.2632,  0.1266,  0.2643]],
       device='cuda:0')
[INFO] Observations: tensor([[-0.8107, -0.0616, -0.1921,  0.8001,  0.2821,  0.0919,  0.0073, -0.0319,
         -1.0185, -0.6455, -0.1607, -0.0262, -0.0039,  0.0571,  0.0566,  0.1108,
         -0.1288,  0.3415, -0.1282, -0.0383,  0.0476, -0.0194,  0.1011,  0.0526,
         -0.3476, -3.6483,  2.1964, -0.2604,  1.3904,  0.4125, -2.4190,  1.2695,
         -0.2943,  0.9885, -0.5594, -0.4063, -0.0039, -0.0204,  0.5109,  0.3988,
         -0.1010,  1.4122, -0.8996, -0.0602,  0.1883, -0.1326,  0.0976,  0.2531]],
       device='cuda:0')
[INFO] Observations: tensor([[-4.5546e-01, -1.7262e-01, -9.2131e-02,  4.3059e-01,  4.3802e-01,
          3.5627e-02,  6.4526e-02, -7.2034e-03, -9.9419e-01, -6.4545e-01,
         -1.6071e-01, -2.5453e-02, -7.0523e-04,  2.5740e-02,  6.7934e-02,
          1.1358e-01, -7.0902e-02,  3.4110e-01, -2.5516e-01, -1.1578e-02,
          5.1128e-02,  1.2648e-02,  3.7292e-02,  9.5380e-02,  3.9366e-01,
         -1.1813e+00,  6.6094e-01, -9.4638e-01,  3.6497e+00,  8.2555e-01,
         -4.8691e+00,  2.0637e+00,  8.5309e-01,  1.7974e-01, -4.4636e+00,
          2.4511e+00, -4.4764e-02,  1.6407e-02,  4.2341e-01,  2.5711e-01,
          1.3706e-01,  1.3092e+00, -1.1257e+00,  1.2317e-01,  1.6240e-01,
         -3.8679e-02,  9.6068e-02,  2.7774e-01]], device='cuda:0')
[INFO] Observations: tensor([[-0.7146, -0.2262, -0.2065,  0.1341,  0.2937, -0.1437, -0.0211,  0.0344,
         -0.9525, -0.6455, -0.1607, -0.0246, -0.0104,  0.0278,  0.0722,  0.1094,
         -0.0180,  0.3454, -0.3348,  0.0344,  0.0446,  0.0206, -0.0089,  0.1482,
          0.7810, -1.0434, -0.4061, -0.6286,  1.5132, -1.0910, -3.2304,  2.1500,
          0.1607, -0.9167, -0.7825,  0.6088, -0.0439,  0.0765,  0.3902,  0.1374,
          0.3239,  1.1820, -1.2301,  0.3966,  0.1494,  0.0748,  0.0707,  0.3135]],
       device='cuda:0')
[INFO] Observations: tensor([[-8.2882e-01, -1.5737e-01, -3.0474e-01, -3.0981e-02, -8.0538e-02,
          1.0444e-01,  5.1971e-02, -1.2749e-02, -1.0439e+00, -6.4545e-01,
         -1.6071e-01, -2.4331e-02, -2.1157e-02,  2.8228e-02,  8.5124e-02,
          8.5484e-02,  3.3970e-02,  3.2517e-01, -3.6844e-01,  7.3342e-02,
          5.1197e-02,  3.5626e-02,  2.8373e-03,  1.5949e-01,  9.3139e-01,
         -1.0200e+00,  7.4996e-01, -1.6428e+00,  3.6910e+00,  2.5887e-01,
          1.1221e+00,  1.2528e+00,  1.0630e+00,  1.3137e+00, -6.7970e-01,
          8.2640e-01, -9.4381e-02,  1.8499e-01,  4.0526e-01,  5.7444e-02,
          5.3222e-01,  1.0311e+00, -1.4451e+00,  5.6977e-01,  1.2688e-01,
          8.9783e-02,  4.6641e-02,  3.8917e-01]], device='cuda:0')
[INFO] Observations: tensor([[-0.8125, -0.0549,  0.2730, -0.1037, -0.1017, -0.1768,  0.0095,  0.0104,
         -1.0043, -0.6455, -0.1607, -0.0239, -0.0338,  0.0290,  0.0971,  0.0844,
          0.0941,  0.2764, -0.3741,  0.1270,  0.0494,  0.0434,  0.0133,  0.1716,
         -0.9025,  0.8770,  0.3582,  0.0289,  2.3054, -3.0570, -1.4706,  1.7067,
          1.3575,  1.4631,  0.7483, -0.4540, -0.1684,  0.3368,  0.4199, -0.0220,
          0.7190,  0.7780, -1.5890,  0.7637,  0.0421,  0.0844,  0.0653,  0.3971]],
       device='cuda:0')
[INFO] Observations: tensor([[-0.4717, -0.3337,  0.2899, -0.0971, -0.0821, -0.1757, -0.0187, -0.0142,
         -1.0137, -0.6455, -0.1607, -0.0234, -0.0435,  0.0366,  0.0869,  0.0709,
          0.1400,  0.2116, -0.3820,  0.1681,  0.0409,  0.0576,  0.0058,  0.1456,
         -0.0054, -0.8772, -0.9295,  0.2015,  1.2480, -2.2004,  0.7087,  2.1025,
         -0.5071,  0.3589, -1.3874, -1.7850, -0.2407,  0.4423,  0.4385, -0.0077,
          0.9176,  0.5241, -1.6252,  0.9652, -0.0185,  0.0356,  0.0240,  0.4134]],
       device='cuda:0')
[INFO] Observations: tensor([[-8.3786e-01, -8.5370e-02,  1.8353e-01, -2.2131e-01,  1.4403e-02,
         -1.3921e-01,  4.2851e-02,  1.4526e-03, -9.6241e-01, -6.4545e-01,
         -1.6071e-01, -2.2526e-02, -4.9875e-02,  8.1602e-02,  1.1121e-01,
          5.2459e-02,  1.9367e-01,  1.5211e-01, -3.8227e-01,  2.3794e-01,
          1.7681e-02,  4.3131e-02,  2.2152e-04,  1.4103e-01, -1.4074e+00,
          8.4676e-01, -1.3618e+00, -1.4185e+00,  3.9933e+00, -3.9544e+00,
         -7.9635e-01,  2.4318e+00,  6.9006e-01, -1.4500e+00, -2.4740e-01,
          7.4311e-01, -3.3985e-01,  6.3161e-01,  5.1248e-01, -3.7299e-02,
          1.1438e+00,  2.6247e-01, -1.6524e+00,  1.1808e+00, -4.0872e-02,
         -3.9778e-02, -1.2864e-02,  4.0714e-01]], device='cuda:0')
[INFO] Observations: tensor([[-0.5671,  0.1396,  0.1297, -0.1099,  0.0439, -0.2098,  0.0167,  0.0081,
         -0.9574, -0.6455, -0.1607, -0.0215, -0.0588,  0.1533,  0.1045,  0.0373,
          0.2585,  0.0824, -0.3873,  0.2962, -0.0152,  0.0076, -0.0179,  0.1121,
         -1.4980,  3.4410, -1.4256, -1.3121,  3.4840, -3.0534, -0.2152,  1.9700,
         -0.8520, -2.5188,  0.6052,  0.7225, -0.3743,  0.8074,  0.4788, -0.0440,
          1.2073,  0.0584, -1.5952,  1.3254, -0.1567, -0.1802, -0.0855,  0.3615]],
       device='cuda:0')
[INFO] Observations: tensor([[-0.6947, -0.0328,  0.0835, -0.1631, -0.1945,  0.1389, -0.0077,  0.0138,
         -0.9495, -0.6455, -0.1607, -0.0214, -0.0588,  0.2380,  0.1141,  0.0375,
          0.3006, -0.0316, -0.3652,  0.3421, -0.0162, -0.0622, -0.0453,  0.0949,
         -2.1073,  3.6187, -0.7557,  0.6040,  0.9832, -5.5682, -0.6278,  3.4628,
          0.7477, -3.2374, -0.9946,  0.1410, -0.3838,  1.0005,  0.4973, -0.0386,
          1.2414, -0.2150, -1.4397,  1.4815, -0.2348, -0.2889, -0.1632,  0.2989]],
       device='cuda:0')
[INFO] Observations: tensor([[-7.6326e-01, -3.0010e-01, -1.8324e-01,  8.4241e-02, -6.5801e-02,
         -2.1891e-01, -1.8300e-02,  2.4986e-03, -1.0351e+00, -6.4545e-01,
         -1.6071e-01, -2.0321e-02, -6.5184e-02,  2.9615e-01,  1.0737e-01,
          1.6595e-02,  3.0860e-01, -1.1659e-01, -3.4389e-01,  4.0019e-01,
          1.0959e-03, -1.4487e-01, -3.2076e-02,  8.0011e-02,  6.9792e-01,
          3.6831e+00, -1.4845e+00,  3.5882e-01,  1.6817e+00, -3.1512e+00,
          9.0007e-01,  3.0249e+00, -2.4431e-01, -8.9354e-02,  2.3236e+00,
          1.2387e-01, -2.5623e-01,  1.1865e+00,  4.1497e-01, -1.2721e-02,
          1.0864e+00, -3.3245e-01, -1.1217e+00,  1.6701e+00, -1.2337e-01,
         -5.4423e-01, -1.7290e-01,  2.6461e-01]], device='cuda:0')
[INFO] Observations: tensor([[-0.6530, -0.1877,  0.1153,  0.2057, -0.1827, -0.0320,  0.0319,  0.0215,
         -1.0195, -0.6455, -0.1607, -0.0194, -0.0683,  0.3064,  0.1077,  0.0120,
          0.2674, -0.1221, -0.3254,  0.4513,  0.0405, -0.1322,  0.0043,  0.0808,
         -0.9997, -1.2306, -0.6300,  1.0433, -1.7443,  1.2879,  1.1976,  0.1778,
          1.7199,  2.4889,  3.0739,  1.1128, -0.3102,  1.0990,  0.2801,  0.1461,
          0.8553, -0.3575, -0.7836,  1.7464,  0.0733, -0.5912, -0.0912,  0.2336]],
       device='cuda:0')
[INFO] Observations: tensor([[-0.3665, -0.2870, -0.1265,  0.0434, -0.2789, -0.2130,  0.0479, -0.0297,
         -1.0208, -0.6455, -0.1607, -0.0185, -0.0598,  0.3028,  0.0882,  0.0371,
          0.1923, -0.1130, -0.3122,  0.4534,  0.0953, -0.0901,  0.0459,  0.0898,
          0.3240, -0.1575,  0.9015,  1.3787, -2.1070, -0.5531,  1.2489, -1.5268,
         -0.2666,  3.5387,  0.2134,  0.6793, -0.3355,  0.9458,  0.1367,  0.2743,
          0.5577, -0.2049, -0.4900,  1.7643,  0.3296, -0.4729,  0.0371,  0.3234]],
       device='cuda:0')
[INFO] Observations: tensor([[-4.8830e-01,  1.2918e-01, -1.1514e-01, -3.7355e-03, -1.2462e-01,
         -1.0001e-01,  5.1390e-02,  2.4962e-02, -9.6540e-01, -6.4545e-01,
         -1.6071e-01, -1.8561e-02, -6.2553e-02,  2.8825e-01,  8.2208e-02,
          5.6894e-02,  1.2335e-01, -8.9830e-02, -2.7497e-01,  4.3556e-01,
          1.2158e-01, -6.9192e-02,  7.9828e-02,  7.9688e-02,  9.9685e-01,
          2.1724e-01,  2.0829e-01,  2.2794e+00, -3.9746e+00,  1.3591e+00,
          1.8450e-01,  1.2617e+00, -1.3445e+00,  2.7299e-01,  1.9934e+00,
         -9.5513e-01, -3.1273e-01,  7.8516e-01,  5.1113e-02,  3.7272e-01,
          3.7485e-01, -2.8114e-02, -2.2377e-01,  1.7149e+00,  4.4938e-01,
         -2.7200e-01,  1.6710e-01,  3.2135e-01]], device='cuda:0')
[INFO] Observations: tensor([[-0.5794,  0.0446,  0.2238, -0.3450, -0.0775,  0.3293,  0.0128, -0.0393,
         -0.9506, -0.6455, -0.1607, -0.0201, -0.0699,  0.2622,  0.0732,  0.0829,
          0.0562, -0.0424, -0.2447,  0.4142,  0.1149, -0.0542,  0.1197,  0.0783,
          1.3001, -1.7305, -1.7913,  0.2676, -1.7592,  2.9194,  2.4179, -0.0364,
         -0.6919,  1.8095,  1.0375, -0.8923, -0.2649,  0.7311, -0.0358,  0.4490,
          0.1603,  0.0839, -0.0913,  1.6054,  0.4634, -0.2290,  0.2939,  0.3021]],
       device='cuda:0')
[INFO] Observations: tensor([[-6.1576e-01, -2.7409e-02, -2.4101e-02,  1.0646e-03, -1.2983e-01,
          2.7884e-01,  5.3690e-02, -3.2810e-02, -9.6227e-01, -6.4545e-01,
         -1.6071e-01, -2.1557e-02, -5.8177e-02,  2.4356e-01,  5.3297e-02,
          1.0492e-01, -1.9151e-02,  1.1576e-02, -1.9790e-01,  3.9998e-01,
          1.0289e-01, -4.7446e-02,  1.2833e-01,  8.5792e-02,  2.4226e-01,
         -2.1619e+00,  1.5134e-01,  2.6636e-01, -1.3235e+00,  3.2527e+00,
          2.1588e+00, -1.6707e+00, -4.9170e-01,  1.5824e+00, -3.5518e-01,
         -9.1764e-02, -2.1241e-01,  6.9978e-01, -1.3789e-01,  5.1235e-01,
         -1.0146e-01,  3.4936e-01, -5.9802e-02,  1.4839e+00,  4.2481e-01,
         -2.1511e-01,  3.0102e-01,  3.2473e-01]], device='cuda:0')
[INFO] Observations: tensor([[-7.0362e-01, -3.6036e-02,  1.2809e-02, -9.5363e-02, -1.3071e-01,
         -1.0765e-01,  1.4508e-02, -5.1947e-03, -9.6019e-01, -6.4545e-01,
         -1.6071e-01, -2.1561e-02, -5.5600e-02,  2.1776e-01,  3.8854e-02,
          1.2463e-01, -7.5534e-02,  4.8048e-02, -1.4800e-01,  3.4123e-01,
          8.2536e-02, -5.3384e-02,  1.3727e-01,  9.5974e-02,  1.1079e-01,
         -2.0832e+00, -6.9656e-01, -1.7287e-01, -1.5933e+00,  3.1800e+00,
          1.6200e+00, -1.0980e+00, -2.3168e+00,  1.7971e+00,  9.6386e-01,
          1.7990e-01, -1.6463e-01,  5.9850e-01, -1.9419e-01,  5.9529e-01,
         -3.6302e-01,  6.2223e-01,  2.2190e-03,  1.2604e+00,  3.4380e-01,
         -2.2686e-01,  3.1102e-01,  3.5880e-01]], device='cuda:0')
[INFO] Observations: tensor([[-0.7610,  0.0704, -0.1727,  0.1538, -0.1961, -0.0933,  0.0614, -0.0559,
         -1.0046, -0.6455, -0.1607, -0.0220, -0.0460,  0.2086,  0.0141,  0.1443,
         -0.1272,  0.0993, -0.0994,  0.2699,  0.0553, -0.0553,  0.1221,  0.0925,
         -1.4406,  0.8449, -0.9151,  0.0185, -3.8077,  2.5279,  2.8000, -2.3264,
         -1.4642, -0.8504, -1.6049, -1.7345, -0.1475,  0.4420, -0.0903,  0.6620,
         -0.5356,  0.7833,  0.0467,  0.9420,  0.2207, -0.2685,  0.3499,  0.3640]],
       device='cuda:0')
[INFO] Observations: tensor([[-5.1355e-01,  5.2278e-02, -1.0329e-01,  1.1364e-01, -1.1167e-01,
          6.3354e-02,  5.8473e-03, -2.7145e-02, -9.7181e-01, -6.4545e-01,
         -1.6071e-01, -2.3832e-02, -3.2406e-02,  1.9040e-01,  2.2518e-03,
          1.5676e-01, -1.6754e-01,  1.4905e-01, -2.4623e-02,  1.7558e-01,
          3.7498e-02, -6.3802e-02,  1.1942e-01,  8.5700e-02,  2.0898e+00,
          1.7109e-01, -2.1548e-01,  2.0108e+00, -4.6161e-01,  1.6646e+00,
          1.3933e+00, -4.0279e+00,  5.6125e-01, -1.5712e-02,  1.0609e+00,
         -2.3476e+00, -8.8209e-02,  3.9765e-01, -3.7825e-02,  6.6669e-01,
         -6.2867e-01,  8.6015e-01,  4.9917e-02,  6.9880e-01,  1.4149e-01,
         -2.8534e-01,  3.1804e-01,  3.7916e-01]], device='cuda:0')
[INFO] Observations: tensor([[-7.7479e-01, -9.5666e-02, -8.0965e-02, -4.0832e-01, -3.1253e-01,
          3.3261e-01,  5.0458e-03, -4.7013e-02, -1.0154e+00, -6.4545e-01,
         -1.6071e-01, -2.6569e-02, -1.4506e-02,  1.6310e-01,  1.1748e-02,
          1.6097e-01, -1.7212e-01,  1.9274e-01,  2.7089e-03,  1.0724e-01,
          2.1155e-02, -4.9804e-02,  1.1044e-01,  6.3720e-02, -3.7644e-01,
         -2.5573e-01,  1.6943e+00,  2.9719e-01, -1.4239e+00,  1.5732e+00,
         -4.8328e-01, -3.3765e+00, -6.1732e-01, -5.8564e-01,  4.1883e-01,
         -5.4392e-01, -5.7068e-02,  3.2274e-01,  5.9010e-02,  7.0411e-01,
         -7.3348e-01,  1.0530e+00, -9.4509e-03,  4.7168e-01,  7.6396e-02,
         -2.6205e-01,  2.5654e-01,  3.2778e-01]], device='cuda:0')
[INFO] Observations: tensor([[-0.9574, -0.3747,  0.1254, -0.2674, -0.3904,  0.1058, -0.0105,  0.0025,
         -1.0042, -0.6455, -0.1607, -0.0281,  0.0086,  0.1658,  0.0103,  0.1711,
         -0.1826,  0.2299,  0.0112,  0.0542,  0.0088, -0.0389,  0.1271,  0.0823,
          0.2588, -1.4650,  0.5873,  0.8623,  1.0594,  0.8330,  1.0680, -2.0103,
         -0.0178,  0.3154, -1.0502,  0.1126, -0.0077,  0.2784,  0.1172,  0.6869,
         -0.7061,  1.2504, -0.1504,  0.2048,  0.0262, -0.2374,  0.1637,  0.3280]],
       device='cuda:0')
[INFO] Observations: tensor([[-0.9463, -0.1258,  0.0234, -0.3231, -0.5670, -0.0843, -0.0096, -0.0262,
         -1.0346, -0.6455, -0.1607, -0.0282,  0.0246,  0.1353,  0.0176,  0.1553,
         -0.1560,  0.2693, -0.0097, -0.0030,  0.0183, -0.0411,  0.1275,  0.0674,
          1.5579, -0.9420,  1.4694,  0.5323, -0.3178,  1.9684, -0.8154, -1.5783,
          1.0687, -0.1634, -0.2526, -0.3258,  0.0492,  0.1949,  0.2759,  0.6587,
         -0.6268,  1.4479, -0.3767, -0.0167,  0.0657, -0.2660,  0.1883,  0.3108]],
       device='cuda:0')
[INFO] Observations: tensor([[-0.8583, -0.1074, -0.0466, -0.0617, -0.3330, -0.2465,  0.0405,  0.0218,
         -0.9904, -0.6455, -0.1607, -0.0269,  0.0067,  0.1212,  0.0341,  0.1434,
         -0.1436,  0.3035, -0.0409, -0.0230,  0.0485, -0.0328,  0.1249,  0.0743,
          0.3620, -0.7615,  0.3871, -1.2784,  0.6619,  1.1400, -1.7997,  0.2501,
          1.4413,  1.0578,  0.6618, -0.9045,  0.0701,  0.0624,  0.4082,  0.5608,
         -0.4291,  1.4645, -0.6163, -0.1236,  0.1179, -0.2585,  0.1573,  0.2980]],
       device='cuda:0')
[INFO] Observations: tensor([[-0.7405, -0.1122,  0.1286,  0.4012, -0.0240, -0.3191, -0.0135,  0.0075,
         -1.0395, -0.6455, -0.1607, -0.0249, -0.0068,  0.0666,  0.0566,  0.1085,
         -0.1225,  0.3483, -0.1269, -0.0225,  0.0643, -0.0111,  0.1133,  0.0700,
         -0.0050, -0.7744,  0.4450, -0.8095,  1.5400,  0.7182, -3.7392, -0.6428,
          1.3699, -0.0052, -0.9149, -0.5856,  0.0266, -0.0265,  0.4812,  0.3892,
         -0.1405,  1.3880, -0.8752, -0.1102,  0.1554, -0.1751,  0.1490,  0.3186]],
       device='cuda:0')
[INFO] Observations: tensor([[-5.2953e-01, -3.4746e-01, -2.7030e-01,  5.4721e-01,  6.6276e-01,
          3.2297e-02,  5.0264e-02, -4.8067e-02, -1.0224e+00, -6.4545e-01,
         -1.6071e-01, -2.4495e-02, -1.6171e-03,  5.5255e-03,  8.6208e-02,
          1.1025e-01, -6.1464e-02,  3.3675e-01, -2.4476e-01, -5.0404e-03,
          5.7272e-02,  1.7668e-02,  6.3957e-02,  1.1173e-01, -9.8411e-01,
         -1.2732e+00,  4.0610e-01,  1.2417e+00,  3.0554e+00, -1.2785e+00,
         -5.1904e+00,  2.4927e+00, -2.6728e-01,  2.3000e+00, -3.7986e+00,
          1.0881e+00, -3.9885e-02, -1.5950e-02,  4.5913e-01,  2.8973e-01,
          1.8647e-01,  1.2865e+00, -1.0924e+00,  7.3612e-02,  1.9263e-01,
         -3.0059e-02,  1.4578e-01,  2.9904e-01]], device='cuda:0')
[INFO] Observations: tensor([[-5.0389e-01, -2.9667e-01, -3.5010e-01,  2.7448e-01,  2.8832e-01,
          5.9421e-02,  5.6954e-02, -1.3181e-02, -9.5754e-01, -6.4545e-01,
         -1.6071e-01, -2.4015e-02, -1.3018e-02,  5.4450e-03,  9.4582e-02,
          9.3496e-02,  2.8833e-04,  3.2842e-01, -3.4427e-01,  2.0579e-02,
          6.0274e-02,  2.8421e-02, -3.6418e-03,  1.4654e-01,  1.0666e+00,
          1.0073e+00, -3.5805e-01, -9.6446e-01,  2.9440e+00, -5.5301e-01,
         -2.2513e+00,  9.4432e-02,  1.8942e+00,  4.7394e-01, -1.0103e+00,
          1.7988e+00, -5.9523e-02,  4.3084e-02,  4.1878e-01,  1.4729e-01,
          3.4194e-01,  1.1694e+00, -1.2468e+00,  3.8668e-01,  1.5767e-01,
          8.4294e-02,  8.2049e-02,  3.3110e-01]], device='cuda:0')
[INFO] Observations: tensor([[-0.6373, -0.2290, -0.0324,  0.1998, -0.0746, -0.0312,  0.0667,  0.0277,
         -0.9744, -0.6455, -0.1607, -0.0242, -0.0192,  0.0052,  0.1102,  0.0815,
          0.0349,  0.3074, -0.3793,  0.0647,  0.0532,  0.0579, -0.0025,  0.1620,
          0.2302,  1.3626,  0.2117,  0.0600,  0.6140, -0.6693, -0.1276,  1.0780,
         -0.4135,  1.0300,  0.9137,  1.3547, -0.0757,  0.1546,  0.4730,  0.0596,
          0.5071,  0.9684, -1.4177,  0.6081,  0.1197,  0.1572,  0.0472,  0.3604]],
       device='cuda:0')
[INFO] Observations: tensor([[-0.6573, -0.1734, -0.0885,  0.1499, -0.2102, -0.0950,  0.0066,  0.0157,
         -0.9853, -0.6455, -0.1607, -0.0241, -0.0280,  0.0186,  0.1234,  0.0810,
          0.0814,  0.2439, -0.3838,  0.1125,  0.0685,  0.0611,  0.0194,  0.1627,
          0.9531,  1.3995, -0.2161,  0.6114,  0.9419, -1.9330,  0.6624,  3.0478,
          0.5468,  1.3513, -0.4583,  0.1642, -0.1289,  0.2990,  0.5374,  0.0325,
          0.7306,  0.6663, -1.5718,  0.8220,  0.0814,  0.1469,  0.0541,  0.4142]],
       device='cuda:0')
[INFO] Observations: tensor([[-8.7047e-01, -3.4792e-01, -2.2247e-01, -6.2389e-02, -8.1906e-02,
         -2.4229e-01,  3.7980e-02, -5.6333e-03, -1.0268e+00, -6.4545e-01,
         -1.6071e-01, -2.3415e-02, -3.0631e-02,  4.7274e-02,  1.1966e-01,
          7.0734e-02,  1.3644e-01,  1.8957e-01, -3.9465e-01,  1.6579e-01,
          5.0066e-02,  7.1889e-02,  2.0068e-02,  1.5314e-01, -1.9682e+00,
         -2.4913e-01, -9.7462e-01,  3.2867e-01,  2.4079e+00, -4.0010e+00,
          9.1524e-01,  4.1964e+00,  4.4839e-02,  4.0139e-01, -5.8910e-01,
         -1.5565e+00, -2.1617e-01,  4.5020e-01,  5.4083e-01, -1.1004e-03,
          9.3770e-01,  3.9500e-01, -1.6893e+00,  1.0252e+00,  1.2404e-02,
          8.2002e-02,  2.7676e-02,  4.2236e-01]], device='cuda:0')
[INFO] Observations: tensor([[-0.8114, -0.3420,  0.1171, -0.0453, -0.1529, -0.2089, -0.0183, -0.0548,
         -0.9519, -0.6455, -0.1607, -0.0227, -0.0445,  0.0808,  0.1193,  0.0566,
          0.1942,  0.1197, -0.4072,  0.2386,  0.0265,  0.0515,  0.0110,  0.1284,
         -1.9705,  0.9748, -1.6401,  0.9154,  2.6692, -2.2957,  0.5985,  1.5708,
         -0.4296, -2.7405, -1.8421, -0.0418, -0.3074,  0.6035,  0.4898,  0.0067,
          1.0565,  0.1507, -1.7195,  1.1572, -0.0632, -0.0992,  0.0145,  0.3673]],
       device='cuda:0')
[INFO] Observations: tensor([[-4.1938e-01, -2.5793e-01, -2.3319e-01, -3.9282e-01, -1.7069e-01,
          1.1377e-01,  5.1878e-02, -1.8425e-02, -1.0329e+00, -6.4545e-01,
         -1.6071e-01, -2.2626e-02, -4.1234e-02,  1.4059e-01,  1.0872e-01,
          4.8082e-02,  2.5730e-01,  4.3354e-02, -4.1450e-01,  2.9230e-01,
          5.0730e-03,  4.0497e-03, -1.9430e-02,  9.8320e-02,  3.1489e-01,
          2.1250e+00,  5.3767e-01, -1.0262e+00,  3.2217e+00, -4.6850e+00,
         -1.0575e+00,  4.0164e+00,  3.3589e-02, -3.3244e+00,  3.4016e-01,
          6.6079e-01, -4.0374e-01,  7.8602e-01,  5.3021e-01, -8.8086e-03,
          1.1797e+00, -7.9121e-02, -1.6486e+00,  1.3683e+00, -1.2227e-01,
         -1.8736e-01, -6.2002e-02,  3.4996e-01]], device='cuda:0')
[INFO] Observations: tensor([[-0.4070, -0.0862,  0.0580, -0.1891, -0.1356, -0.1407,  0.0267,  0.0369,
         -0.9776, -0.6455, -0.1607, -0.0221, -0.0585,  0.2325,  0.0976,  0.0272,
          0.2963, -0.0541, -0.3751,  0.3443, -0.0076, -0.1001, -0.0486,  0.0968,
         -0.6172,  4.6704,  1.3692, -1.7949,  0.8221, -4.6412,  1.8764,  1.9233,
         -1.3744, -3.0780, -0.8516, -0.4924, -0.2722,  0.9979,  0.4057, -0.0580,
          1.1138, -0.2549, -1.4359,  1.5484, -0.1746, -0.3729, -0.1452,  0.2760]],
       device='cuda:0')
[INFO] Observations: tensor([[-0.9102,  0.0286, -0.3029,  0.3988, -0.5831, -0.1496,  0.0366, -0.0379,
         -1.0479, -0.6455, -0.1607, -0.0215, -0.0649,  0.2945,  0.1004,  0.0182,
          0.3006, -0.1597, -0.3243,  0.3850,  0.0315, -0.1557, -0.0298,  0.0750,
          0.0178,  0.8302, -0.6666,  1.0891,  0.2159, -4.4356,  0.1113,  2.9347,
          2.7743, -2.6314,  3.1303,  0.9101, -0.2541,  1.1416,  0.4285,  0.0458,
          1.0261, -0.4872, -1.0681,  1.6590, -0.0465, -0.5739, -0.1137,  0.1932]],
       device='cuda:0')
[INFO] Observations: tensor([[-7.8793e-01, -1.3588e-01, -4.3360e-02,  2.0773e-01, -1.1412e-01,
         -3.2724e-01,  4.9114e-02, -6.9892e-04, -1.0271e+00, -6.4545e-01,
         -1.6071e-01, -1.9974e-02, -7.2801e-02,  2.8900e-01,  1.0165e-01,
          3.6047e-02,  2.5098e-01, -1.5888e-01, -3.1421e-01,  4.4185e-01,
          7.6087e-02, -1.4244e-01,  2.5109e-02,  5.5108e-02, -1.1859e+00,
          2.0776e-01,  1.2600e-01, -8.8164e-01, -1.5141e+00,  5.7497e-01,
         -3.6913e-01, -8.8367e-01,  1.0476e-01,  3.4884e+00,  3.3827e+00,
         -4.5393e-01, -3.7860e-01,  1.0028e+00,  1.6317e-01,  1.8833e-01,
          6.9285e-01, -3.4337e-01, -6.3247e-01,  1.7129e+00,  1.9395e-01,
         -5.9192e-01, -1.0052e-02,  2.1392e-01]], device='cuda:0')
[INFO] Observations: tensor([[-0.3966, -0.0161, -0.1042,  0.1862,  0.1247, -0.1053, -0.0049, -0.0046,
         -1.0103, -0.6455, -0.1607, -0.0201, -0.0626,  0.2896,  0.0793,  0.0449,
          0.1649, -0.1299, -0.3106,  0.4159,  0.0928, -0.0985,  0.0812,  0.0697,
         -0.4767, -0.3797, -0.9585,  0.4513, -3.9319,  2.2583,  1.6086, -0.6802,
         -0.7922,  0.8838,  2.7475, -1.5658, -0.3749,  0.7629,  0.1177,  0.3218,
          0.4864, -0.2752, -0.3672,  1.6509,  0.3551, -0.4773,  0.1624,  0.2513]],
       device='cuda:0')
[INFO] Observations: tensor([[-0.6370,  0.1626,  0.1926, -0.1775,  0.1763,  0.3787,  0.0073, -0.0431,
         -0.9994, -0.6455, -0.1607, -0.0216, -0.0697,  0.2669,  0.0629,  0.0778,
          0.0807, -0.0932, -0.2642,  0.4187,  0.1253, -0.0844,  0.1219,  0.0614,
         -0.5805, -0.3765, -1.2013,  1.8125, -2.6559,  2.1801,  2.1246, -1.6112,
         -0.8514,  1.0799,  0.6821, -0.9377, -0.3016,  0.7182, -0.0054,  0.3962,
          0.2836, -0.1406, -0.2701,  1.6419,  0.4913, -0.3838,  0.2545,  0.2722]],
       device='cuda:0')
[INFO] Observations: tensor([[-0.9246, -0.0398,  0.0627,  0.0380, -0.1105,  0.0556, -0.0217,  0.0202,
         -1.0488, -0.6455, -0.1607, -0.0223, -0.0631,  0.2539,  0.0657,  0.0921,
          0.0198, -0.0685, -0.2371,  0.4174,  0.1127, -0.0632,  0.1255,  0.0711,
         -1.3809, -1.2615, -1.4519,  0.9045, -4.3378,  2.6852,  3.4331, -0.6919,
         -1.4620, -0.1628, -1.2049, -0.9465, -0.2621,  0.7362, -0.1552,  0.4986,
          0.0360,  0.0980, -0.1836,  1.6021,  0.5053, -0.2717,  0.2444,  0.2800]],
       device='cuda:0')
[INFO] Observations: tensor([[-0.6307, -0.3084,  0.1554, -0.2207, -0.0235, -0.0932,  0.0308,  0.0309,
         -0.9515, -0.6455, -0.1607, -0.0211, -0.0537,  0.2277,  0.0439,  0.1178,
         -0.0372, -0.0056, -0.1741,  0.3922,  0.1152, -0.0716,  0.1313,  0.0822,
          1.1194,  0.8192, -0.7861,  1.2894, -1.3098,  3.7445,  3.6174, -0.7688,
          0.5699,  0.8579,  0.2890, -0.3308, -0.2288,  0.6944, -0.1544,  0.6033,
         -0.1767,  0.2502, -0.0771,  1.4454,  0.4581, -0.3009,  0.3502,  0.2729]],
       device='cuda:0')
[INFO] Observations: tensor([[-0.5555, -0.0825,  0.1889, -0.0928, -0.1741,  0.0549, -0.0229, -0.0045,
         -0.9835, -0.6455, -0.1607, -0.0203, -0.0499,  0.2114,  0.0324,  0.1497,
         -0.0890,  0.0301, -0.1265,  0.3449,  0.0882, -0.0595,  0.1264,  0.0685,
          0.2711,  0.1748,  0.6241,  1.3041, -1.6978,  2.9121,  3.0178, -3.7627,
         -0.5067, -0.7361,  0.4618, -0.2056, -0.1971,  0.5701, -0.1027,  0.6650,
         -0.4317,  0.4362,  0.0368,  1.2457,  0.3800, -0.2775,  0.4191,  0.2657]],
       device='cuda:0')
[INFO] Observations: tensor([[-0.7305,  0.0262,  0.2019,  0.0414, -0.3520,  0.1726,  0.0048,  0.0284,
         -0.9808, -0.6455, -0.1607, -0.0206, -0.0436,  0.1957,  0.0198,  0.1651,
         -0.1420,  0.0863, -0.0723,  0.2687,  0.0697, -0.0589,  0.1253,  0.0753,
         -0.9277, -0.1420, -0.0927,  1.2618, -2.4250,  1.6494,  2.6309, -4.2123,
          0.3362,  0.3425, -1.5212, -0.1631, -0.1745,  0.5004, -0.0790,  0.7180,
         -0.6155,  0.6522,  0.1042,  1.0287,  0.2560, -0.2446,  0.3852,  0.3119]],
       device='cuda:0')
[INFO] Observations: tensor([[-7.7320e-01, -2.2463e-01,  2.7081e-01,  3.1101e-01, -1.7087e-01,
         -5.3177e-02,  3.4003e-02, -8.8440e-04, -1.0115e+00, -6.4545e-01,
         -1.6071e-01, -2.1249e-02, -3.5294e-02,  1.9747e-01,  2.1506e-02,
          1.7074e-01, -1.7635e-01,  1.3201e-01, -1.5429e-02,  1.9635e-01,
          3.6636e-02, -6.5429e-02,  1.3796e-01,  7.7102e-02,  1.3027e+00,
         -4.4592e-01, -2.8279e-01,  1.5783e+00, -2.0162e+00,  1.2156e+00,
          1.5413e+00, -4.7851e+00, -2.5087e-02,  2.2733e-02, -1.6632e-01,
         -1.4087e+00, -1.2647e-01,  4.6655e-01, -1.0804e-02,  7.5403e-01,
         -7.5423e-01,  9.0757e-01,  8.6388e-02,  7.4334e-01,  1.4762e-01,
         -2.5163e-01,  3.2943e-01,  3.3367e-01]], device='cuda:0')
[INFO] Observations: tensor([[-0.7095, -0.3813, -0.0785,  0.0460, -0.2598,  0.1893,  0.0114,  0.0428,
         -0.9646, -0.6455, -0.1607, -0.0218, -0.0303,  0.1920,  0.0140,  0.1796,
         -0.2028,  0.1836,  0.0136,  0.1007,  0.0068, -0.0445,  0.1355,  0.0797,
         -0.9155, -1.6290, -0.7647,  1.7362, -1.3537,  3.4025, -0.3842, -2.0875,
         -0.1242,  1.4099,  0.6505, -0.7981, -0.0937,  0.3809,  0.1368,  0.7902,
         -0.8280,  1.0777, -0.0170,  0.4470,  0.0678, -0.2996,  0.3122,  0.2983]],
       device='cuda:0')
[INFO] Observations: tensor([[-8.6514e-01,  3.6347e-02,  2.1031e-01,  7.1156e-02, -1.6563e-01,
          1.3606e-01,  6.3596e-02,  5.3745e-02, -1.0451e+00, -6.4545e-01,
         -1.6071e-01, -2.1319e-02, -5.2535e-03,  1.7737e-01,  2.6804e-02,
          1.7860e-01, -1.9888e-01,  2.3809e-01,  1.3318e-02,  2.3396e-02,
         -2.7714e-04, -4.5360e-02,  1.4650e-01,  5.8149e-02, -3.0064e-01,
          1.9253e-01,  1.2543e-01, -1.1256e+00,  8.5124e-01,  5.2390e-01,
         -9.9752e-01, -3.6479e+00, -9.3264e-01,  6.1307e-01, -1.4040e+00,
         -1.3413e+00, -3.3963e-02,  3.1988e-01,  2.5150e-01,  7.4556e-01,
         -8.0400e-01,  1.2602e+00, -2.3381e-01,  1.4093e-01,  2.4827e-02,
         -3.5342e-01,  2.3470e-01,  2.4887e-01]], device='cuda:0')
[INFO] Observations: tensor([[-0.9641, -0.3314,  0.0866, -0.1998, -0.5007, -0.0604, -0.0333, -0.0220,
         -0.9653, -0.6455, -0.1607, -0.0201, -0.0156,  0.1608,  0.0280,  0.1746,
         -0.1774,  0.2757, -0.0230, -0.0371,  0.0173, -0.0474,  0.1493,  0.0628,
          0.2548, -0.9795, -0.0431, -1.3676,  0.8583,  1.7246, -0.0883, -2.5953,
          3.1920, -0.2537, -0.9991, -1.5300, -0.0197,  0.2820,  0.3347,  0.6606,
         -0.6307,  1.3822, -0.4853, -0.0778,  0.0267, -0.3028,  0.1826,  0.2771]],
       device='cuda:0')
[INFO] Observations: tensor([[-0.4072, -0.2504,  0.0270,  0.1924, -0.4774, -0.1670, -0.0039, -0.0239,
         -0.9771, -0.6455, -0.1607, -0.0171, -0.0220,  0.1390,  0.0417,  0.1341,
         -0.1681,  0.3135, -0.0727, -0.0397,  0.0395, -0.0451,  0.1352,  0.0654,
         -1.4322,  1.0641,  1.4145, -0.2022,  0.9794,  1.2268, -2.0761, -1.4074,
          0.5896, -0.5545, -1.7548,  1.0517, -0.0066,  0.1038,  0.4568,  0.5526,
         -0.3833,  1.4455, -0.7651, -0.1669,  0.1150, -0.2701,  0.1733,  0.2735]],
       device='cuda:0')
[INFO] Observations: tensor([[-0.8654, -0.1548,  0.1875,  0.8419,  0.1389, -0.2325,  0.0450, -0.0258,
         -0.9704, -0.6455, -0.1607, -0.0152, -0.0243,  0.0656,  0.0834,  0.1199,
         -0.1120,  0.3301, -0.1670, -0.0347,  0.0444, -0.0215,  0.1107,  0.0619,
          1.0853, -1.3163, -0.0074, -1.6078,  1.4033,  1.0927, -4.3066,  0.7386,
          0.1426,  2.1697, -0.8949,  1.0172, -0.0339,  0.0646,  0.5210,  0.3997,
         -0.0834,  1.3835, -0.9819, -0.0443,  0.1961, -0.1273,  0.1238,  0.2763]],
       device='cuda:0')
[INFO] Observations: tensor([[-0.9132, -0.2431, -0.1119,  0.7406,  0.5737,  0.0709, -0.0159, -0.0052,
         -0.9689, -0.6455, -0.1607, -0.0152, -0.0085,  0.0161,  0.1032,  0.1217,
         -0.0538,  0.3313, -0.2797,  0.0090,  0.0496,  0.0224,  0.0477,  0.0991,
         -1.2871,  1.3038, -0.9585,  0.0413,  1.8182,  0.1068, -3.6741,  0.2724,
         -1.1495,  1.2642, -2.5040,  3.0932, -0.1050,  0.0564,  0.4724,  0.2951,
          0.2319,  1.2301, -1.1647,  0.1712,  0.1335, -0.0239,  0.1422,  0.2679]],
       device='cuda:0')
[INFO] Observations: tensor([[-7.3156e-01, -2.6518e-01,  1.0005e-01,  1.7854e-01,  1.0039e-01,
         -1.9802e-01,  2.7483e-02,  2.2666e-02, -1.0277e+00, -6.4545e-01,
         -1.6071e-01, -1.5068e-02, -2.6643e-02,  2.5137e-02,  1.0114e-01,
          1.0250e-01,  4.7231e-04,  3.2161e-01, -3.4843e-01,  3.0744e-02,
          4.5032e-02,  3.5052e-02,  7.1088e-03,  1.4984e-01,  1.0996e-01,
          3.7670e-01, -4.9705e-01, -1.5269e+00,  3.3132e+00,  1.0490e+00,
         -3.7798e+00,  1.5073e+00,  1.5108e+00,  9.0325e-01, -3.8779e-01,
          2.5579e+00, -7.1816e-02,  1.3412e-01,  5.2508e-01,  1.5873e-01,
          3.9542e-01,  1.0864e+00, -1.3189e+00,  4.3519e-01,  1.0938e-01,
          7.4920e-02,  1.0913e-01,  3.2424e-01]], device='cuda:0')
[INFO] Observations: tensor([[-1.0024,  0.0094, -0.0192, -0.0279, -0.0364, -0.0630,  0.0757,  0.0299,
         -0.9535, -0.6455, -0.1607, -0.0149, -0.0400,  0.0358,  0.1260,  0.0982,
          0.0534,  0.2952, -0.3620,  0.0826,  0.0445,  0.0331,  0.0095,  0.1658,
         -1.8257,  0.1107,  0.3171, -0.2664,  1.6068, -1.6549, -1.4298,  2.8304,
          0.7195,  0.9256, -0.7018,  1.5068, -0.1397,  0.1864,  0.5150,  0.0844,
          0.5782,  0.9025, -1.4276,  0.6321,  0.0758,  0.1137,  0.0851,  0.3658]],
       device='cuda:0')
[INFO] Observations: tensor([[-9.8097e-01, -2.9837e-01, -1.9256e-01,  1.4536e-01, -2.0084e-01,
          1.5322e-02,  3.4920e-02,  1.0594e-04, -1.0483e+00, -6.4545e-01,
         -1.6071e-01, -1.4122e-02, -4.2754e-02,  2.8050e-02,  1.2205e-01,
          7.7587e-02,  9.9234e-02,  2.5006e-01, -3.6433e-01,  1.4565e-01,
          4.9243e-02,  5.9063e-02,  2.1545e-02,  1.5868e-01, -2.1819e-01,
         -2.9444e-02,  4.6661e-02, -1.0591e+00,  3.4867e+00, -7.9303e-01,
         -5.4918e-01,  3.9310e+00,  8.2945e-01,  1.4898e+00, -7.5554e-01,
          7.9329e-01, -1.7617e-01,  3.0681e-01,  4.9835e-01,  1.3830e-02,
          7.3886e-01,  6.9036e-01, -1.5532e+00,  7.9497e-01,  3.0080e-02,
          5.0354e-02,  8.1820e-02,  4.2101e-01]], device='cuda:0')
[INFO] Observations: tensor([[-0.5194, -0.0243, -0.2144, -0.1085,  0.1778,  0.0196,  0.0205, -0.0481,
         -1.0052, -0.6455, -0.1607, -0.0125, -0.0459,  0.0419,  0.1053,  0.0689,
          0.1360,  0.2014, -0.3905,  0.1914,  0.0311,  0.0424,  0.0290,  0.1549,
          0.9986,  0.3282, -0.7800, -1.9644,  2.4803, -1.7286, -0.6820,  2.4008,
         -0.2208,  0.4410,  0.7103,  0.6354, -0.2573,  0.4363,  0.4732, -0.0598,
          0.8751,  0.4891, -1.6478,  0.9913, -0.0395,  0.0040,  0.0528,  0.4093]],
       device='cuda:0')
[INFO] Observations: tensor([[-0.4151,  0.0134, -0.1321, -0.1376,  0.1232, -0.0668,  0.0265, -0.0242,
         -1.0053, -0.6455, -0.1607, -0.0101, -0.0572,  0.0934,  0.1082,  0.0642,
          0.2012,  0.1302, -0.3923,  0.2507,  0.0189,  0.0404,  0.0067,  0.1350,
         -0.4711,  0.1647,  0.0841, -1.9976,  3.6922, -1.7142, -1.4895,  2.5955,
         -1.5455,  0.5329,  0.5674, -0.5777, -0.3144,  0.6176,  0.4666, -0.0776,
          1.0515,  0.2511, -1.6264,  1.1975, -0.1084, -0.0121, -0.0098,  0.3922]],
       device='cuda:0')
[INFO] Observations: tensor([[-6.6083e-01, -2.0885e-01, -2.4957e-01,  1.2617e-01, -1.9660e-01,
         -5.4529e-02,  7.0867e-02,  2.2419e-02, -1.0437e+00, -6.4545e-01,
         -1.6071e-01, -7.7636e-03, -6.7499e-02,  1.5420e-01,  1.1771e-01,
          3.5454e-02,  2.5456e-01,  5.7330e-02, -4.0162e-01,  3.1148e-01,
         -2.6062e-03,  1.5337e-03, -2.4328e-02,  1.2771e-01, -1.3172e+00,
          1.6698e+00, -1.4462e+00, -1.5031e+00,  3.2815e+00, -2.5164e+00,
         -7.5565e-01,  3.5806e+00, -1.6144e+00, -4.4886e-01, -7.0925e-01,
         -1.2820e+00, -3.7610e-01,  8.0725e-01,  4.5823e-01, -7.9454e-02,
          1.1933e+00,  3.8420e-02, -1.5679e+00,  1.3842e+00, -1.5013e-01,
         -1.0450e-01, -6.8200e-02,  3.1656e-01]], device='cuda:0')
[INFO] Observations: tensor([[-6.5140e-01, -2.2987e-01, -3.5407e-01, -7.8642e-02, -2.3065e-01,
         -2.9988e-01, -1.0471e-02,  3.0438e-02, -9.8247e-01, -6.4545e-01,
         -1.6071e-01, -5.7523e-03, -6.6454e-02,  2.3694e-01,  1.1957e-01,
          1.7849e-02,  3.0133e-01, -1.2605e-02, -3.8100e-01,  3.6302e-01,
          1.1872e-05, -5.7022e-02, -3.4520e-02,  9.1328e-02, -1.6484e+00,
          3.3606e+00, -7.6733e-01, -1.5269e+00,  1.8771e+00, -5.6146e+00,
         -4.1205e-01,  3.5878e+00,  6.2793e-01, -2.0470e+00, -8.6553e-01,
          6.8063e-01, -3.7321e-01,  9.9192e-01,  4.9142e-01, -1.0598e-01,
          1.1996e+00, -2.0788e-01, -1.4728e+00,  1.5512e+00, -2.0759e-01,
         -3.4380e-01, -1.3706e-01,  2.6873e-01]], device='cuda:0')
[INFO] Observations: tensor([[-5.8451e-01,  7.8291e-02, -1.0868e-01,  1.5139e-01, -6.5295e-01,
         -1.4145e-01,  3.4765e-02, -2.2730e-02, -1.0216e+00, -6.4545e-01,
         -1.6071e-01, -4.1176e-03, -8.2335e-02,  2.9206e-01,  9.9396e-02,
         -2.3801e-03,  2.9826e-01, -1.0446e-01, -3.4776e-01,  4.1294e-01,
          1.7183e-02, -1.3264e-01, -3.8706e-02,  6.9008e-02, -1.6101e+00,
          1.3012e+00, -1.0797e+00, -4.1098e-01, -9.2627e-02, -5.3351e+00,
          1.5742e+00,  8.6880e-01,  8.3361e-01, -1.3963e+00,  1.3505e+00,
         -1.4683e+00, -3.5453e-01,  1.1545e+00,  4.3228e-01, -3.0425e-02,
          1.0811e+00, -3.5573e-01, -1.1435e+00,  1.6715e+00, -7.9056e-02,
         -5.2963e-01, -1.3628e-01,  1.8118e-01]], device='cuda:0')
[INFO] Observations: tensor([[-0.4480, -0.4344, -0.2674,  0.4515, -0.3219, -0.1598,  0.0418, -0.0223,
         -1.0367, -0.6455, -0.1607, -0.0028, -0.0852,  0.3017,  0.1077,  0.0114,
          0.2832, -0.1110, -0.3354,  0.4359,  0.0555, -0.1238,  0.0123,  0.0756,
          0.5743, -0.4840,  0.5481,  0.7262, -1.4185, -0.5762, -0.0597,  1.3040,
         -0.0358,  1.7407,  2.3526, -1.0726, -0.4314,  1.1233,  0.2666,  0.1532,
          0.8559, -0.3129, -0.7541,  1.7645,  0.1475, -0.6051, -0.0781,  0.2461]],
       device='cuda:0')
[INFO] Observations: tensor([[-3.7434e-01,  4.7789e-02, -1.2162e-02,  2.9442e-01,  1.0067e-01,
         -9.2249e-02,  2.3712e-02, -3.6627e-03, -1.0493e+00, -6.4545e-01,
         -1.6071e-01, -2.0580e-03, -8.5647e-02,  3.0065e-01,  9.4819e-02,
          4.5339e-02,  1.9708e-01, -8.2679e-02, -3.1500e-01,  4.4940e-01,
          8.8230e-02, -7.9347e-02,  5.0931e-02,  7.0243e-02,  1.0545e+00,
         -7.3359e-01, -1.5894e-01,  1.3437e+00, -3.2755e+00,  1.2523e+00,
          2.3340e+00,  9.8399e-02, -1.0076e+00,  2.5211e+00,  2.3765e+00,
         -1.1561e+00, -4.0366e-01,  9.1950e-01,  1.2284e-01,  2.7358e-01,
          6.1096e-01, -1.5902e-01, -4.4008e-01,  1.7876e+00,  3.3575e-01,
         -4.7304e-01,  8.6231e-02,  2.6318e-01]], device='cuda:0')
[INFO] Observations: tensor([[-7.9165e-01, -3.3082e-01,  2.5135e-01, -6.4261e-02,  2.2102e-01,
         -1.1738e-02,  5.7926e-02,  8.9732e-03, -1.0488e+00, -6.4545e-01,
         -1.6071e-01, -2.6958e-03, -8.7686e-02,  2.8173e-01,  7.1466e-02,
          6.5305e-02,  1.3279e-01, -6.1085e-02, -2.9252e-01,  4.3615e-01,
          1.2524e-01, -6.0354e-02,  7.7741e-02,  6.4643e-02, -9.9561e-01,
         -1.0034e+00, -1.2507e+00,  1.7859e+00, -4.3591e+00,  2.2550e+00,
          1.9536e-01,  5.9439e-01, -2.3183e-01,  1.9971e+00,  1.7478e+00,
         -8.2037e-01, -3.4033e-01,  7.9590e-01, -1.5400e-02,  4.2497e-01,
          4.0512e-01, -4.0158e-02, -2.8761e-01,  1.7673e+00,  4.7104e-01,
         -3.3326e-01,  1.7260e-01,  2.6874e-01]], device='cuda:0')
[INFO] Observations: tensor([[-5.3149e-01, -1.9650e-01,  1.8199e-01, -3.6277e-01, -6.9834e-02,
          6.8761e-02,  2.3544e-03, -1.3682e-02, -1.0312e+00, -6.4545e-01,
         -1.6071e-01, -4.5553e-03, -8.3061e-02,  2.6047e-01,  5.1787e-02,
          1.0593e-01,  5.1043e-02, -2.9448e-02, -2.5966e-01,  4.3448e-01,
          1.2518e-01, -6.3720e-02,  1.0086e-01,  6.2082e-02,  7.2971e-01,
         -8.3159e-01, -8.5919e-01,  1.0332e+00, -4.1883e+00,  3.0423e+00,
          2.7946e+00, -1.0457e+00, -2.1214e+00,  3.0492e-01, -7.6514e-01,
         -1.3015e+00, -3.0315e-01,  7.4274e-01, -1.0066e-01,  5.0733e-01,
          1.7341e-01,  1.0194e-01, -1.9837e-01,  1.6091e+00,  5.0675e-01,
         -2.9154e-01,  2.5672e-01,  2.4453e-01]], device='cuda:0')
[INFO] Observations: tensor([[-5.0529e-01, -2.6523e-01, -6.8442e-02, -4.4775e-01, -2.4949e-01,
          4.4187e-02,  6.9266e-02, -4.1722e-02, -9.6379e-01, -6.4545e-01,
         -1.6071e-01, -6.7151e-03, -6.2601e-02,  2.3391e-01,  3.3308e-02,
          1.2497e-01,  2.7014e-03,  1.2056e-02, -2.0285e-01,  3.8986e-01,
          1.1208e-01, -6.1728e-02,  1.0978e-01,  6.8474e-02,  1.3572e+00,
         -1.6510e+00,  1.9060e-02, -1.0903e+00, -2.9350e+00,  7.7776e-01,
          6.5708e-01, -1.8102e+00, -1.8230e+00,  8.8107e-01,  1.6851e+00,
         -3.7509e-01, -2.2810e-01,  7.0976e-01, -1.4320e-01,  6.0255e-01,
         -5.1403e-02,  2.8105e-01, -1.0696e-01,  1.4839e+00,  4.8832e-01,
         -2.6684e-01,  3.2019e-01,  2.4253e-01]], device='cuda:0')
[INFO] Observations: tensor([[-0.8935, -0.3244,  0.2593, -0.2243, -0.2203,  0.1846,  0.0103,  0.0390,
         -0.9979, -0.6455, -0.1607, -0.0087, -0.0715,  0.2126,  0.0335,  0.1419,
         -0.0600,  0.0564, -0.1710,  0.3320,  0.0828, -0.0628,  0.1219,  0.0811,
          0.3857, -1.9504, -2.1334,  1.1156, -1.6918,  2.5749,  2.1761, -1.3819,
         -1.4814, -0.5920, -1.1160,  0.0183, -0.2299,  0.5823, -0.1816,  0.6194,
         -0.2792,  0.5447, -0.0160,  1.2566,  0.3691, -0.2195,  0.3357,  0.2870]],
       device='cuda:0')
[INFO] Observations: tensor([[-7.8517e-01, -3.6560e-01,  1.2709e-01,  1.3171e-01, -9.6662e-03,
         -1.1403e-01,  8.4441e-03,  2.8879e-02, -1.0070e+00, -6.4545e-01,
         -1.6071e-01, -9.4675e-03, -6.0627e-02,  2.0125e-01,  8.9605e-03,
          1.4864e-01, -1.1132e-01,  9.7594e-02, -1.2046e-01,  2.6573e-01,
          5.2881e-02, -5.7609e-02,  1.0783e-01,  8.1474e-02, -1.1994e+00,
         -1.2700e+00, -3.1011e-01,  7.0209e-01, -1.9183e+00,  2.6730e+00,
          3.2289e+00, -2.8241e+00, -1.2693e+00, -9.9163e-01,  1.0114e-01,
          8.1387e-02, -1.6747e-01,  5.9558e-01, -8.5114e-02,  6.8163e-01,
         -5.2462e-01,  8.0459e-01,  1.0178e-04,  9.8408e-01,  2.2046e-01,
         -2.9059e-01,  3.6117e-01,  2.8498e-01]], device='cuda:0')
[INFO] Observations: tensor([[-0.9686,  0.0899, -0.1470,  0.3372,  0.3946,  0.0142,  0.0615, -0.0480,
         -0.9784, -0.6455, -0.1607, -0.0096, -0.0513,  0.1862,  0.0110,  0.1705,
         -0.1481,  0.1589, -0.0638,  0.1860,  0.0340, -0.0746,  0.1272,  0.0749,
         -0.3012, -1.4271,  0.9817,  0.5846, -1.0986,  1.3800,  2.9765, -2.7118,
         -1.6695, -0.9616, -0.7929,  0.3370, -0.1282,  0.5134,  0.0145,  0.7352,
         -0.6599,  0.9381, -0.0122,  0.7084,  0.1471, -0.3470,  0.3470,  0.2988]],
       device='cuda:0')
[INFO] Observations: tensor([[-0.6271, -0.1806,  0.1128,  0.0563, -0.0403,  0.1989,  0.0571,  0.0045,
         -0.9935, -0.6455, -0.1607, -0.0100, -0.0180,  0.1937,  0.0072,  0.1728,
         -0.1858,  0.2126, -0.0066,  0.1059,  0.0190, -0.0612,  0.1269,  0.0679,
          0.7054, -1.7084,  0.7104,  1.5552, -1.4889,  0.8410,  0.7445, -2.8904,
         -1.6139, -0.4442, -1.8591, -2.3804, -0.0773,  0.4030,  0.0402,  0.7507,
         -0.6991,  1.0908, -0.0688,  0.4725,  0.0793, -0.3525,  0.2513,  0.3074]],
       device='cuda:0')
[INFO] Observations: tensor([[-0.9380, -0.2327,  0.0981,  0.2951, -0.1778, -0.0978, -0.0096, -0.0065,
         -0.9808, -0.6455, -0.1607, -0.0097, -0.0050,  0.1823,  0.0089,  0.1798,
         -0.1781,  0.2539, -0.0081,  0.0357, -0.0061, -0.0617,  0.1372,  0.0670,
          0.4413, -1.4519, -0.9858,  0.6773, -0.0768,  0.3394,  1.1951, -3.5015,
         -0.2672,  1.7724, -0.3735, -0.1082, -0.0106,  0.3964,  0.1341,  0.7627,
         -0.7134,  1.3020, -0.2046,  0.1907,  0.0372, -0.3507,  0.2020,  0.2861]],
       device='cuda:0')
[INFO] Observations: tensor([[-3.5768e-01, -1.9708e-01,  2.3311e-01, -4.3077e-01, -2.8275e-01,
         -7.0960e-02,  4.5267e-03, -1.7183e-03, -9.8721e-01, -6.4545e-01,
         -1.6071e-01, -9.5732e-03,  6.8077e-03,  1.7200e-01,  2.1454e-02,
          1.7137e-01, -1.6033e-01,  2.9250e-01, -8.7030e-03, -1.1213e-02,
          1.2511e-02, -5.7750e-02,  1.2501e-01,  6.9794e-02, -1.6778e-01,
         -1.8948e+00, -7.6024e-01,  7.1759e-01,  2.1305e+00,  2.8026e+00,
         -1.4350e+00, -1.7294e+00,  2.0904e+00,  7.5554e-01, -8.0939e-01,
         -1.1138e+00,  1.5207e-02,  2.2049e-01,  3.1708e-01,  7.1623e-01,
         -6.1052e-01,  1.4108e+00, -4.3170e-01, -6.5326e-03,  5.7471e-02,
         -3.7352e-01,  1.9043e-01,  2.7656e-01]], device='cuda:0')
[INFO] Observations: tensor([[-0.6932, -0.2895,  0.1411, -0.3183, -0.6725, -0.0853,  0.0455, -0.0296,
         -1.0396, -0.6455, -0.1607, -0.0097, -0.0089,  0.1465,  0.0405,  0.1520,
         -0.1358,  0.3123, -0.0631, -0.0345,  0.0400, -0.0351,  0.1198,  0.0642,
          0.7393, -1.1982,  1.3014, -0.7230, -0.9674,  0.3432, -1.1547, -1.3311,
          4.2831,  0.2834, -2.3977, -0.5153,  0.0342,  0.0842,  0.4675,  0.5913,
         -0.3504,  1.4682, -0.6516, -0.1094,  0.1260, -0.3050,  0.1284,  0.2464]],
       device='cuda:0')
[INFO] Observations: tensor([[-3.6630e-01, -4.0115e-01, -3.0769e-01,  6.0195e-01, -1.6351e-01,
         -1.5361e-01,  1.8600e-02, -2.8920e-02, -1.0288e+00, -6.4545e-01,
         -1.6071e-01, -9.4154e-03, -3.4139e-03,  7.2915e-02,  7.0596e-02,
          1.3077e-01, -1.1106e-01,  3.4031e-01, -1.3356e-01, -3.3270e-02,
          5.4162e-02, -8.0476e-03,  1.0533e-01,  7.0759e-02,  1.4815e+00,
         -2.0016e+00, -3.1175e-01, -3.5625e-01,  2.4315e-01,  2.0069e+00,
         -4.6426e+00,  7.3297e-01, -7.4157e-01,  7.2980e-02, -9.1604e-01,
         -8.3094e-01,  3.4893e-02,  4.3639e-04,  5.0581e-01,  4.1789e-01,
         -5.8930e-02,  1.4208e+00, -9.0107e-01, -8.6330e-02,  1.9156e-01,
         -1.7361e-01,  1.1127e-01,  2.6767e-01]], device='cuda:0')
[INFO] Observations: tensor([[-4.1554e-01, -4.7832e-01, -2.1541e-01,  4.2653e-01,  3.6718e-01,
         -5.0228e-02, -2.6683e-03, -4.4898e-02, -1.0293e+00, -6.4545e-01,
         -1.6071e-01, -9.7206e-03, -1.9660e-02,  3.9927e-02,  8.2074e-02,
          1.1324e-01, -4.4021e-02,  3.3455e-01, -2.3356e-01,  6.6766e-03,
          6.0048e-02,  2.8748e-03,  5.8946e-02,  9.1856e-02, -5.7293e-01,
         -1.6720e+00,  1.3822e+00, -1.1419e+00,  3.3079e+00, -9.9108e-01,
         -4.9487e+00,  6.0733e-01,  1.2194e+00, -4.8913e-02, -3.9449e+00,
          1.1100e+00, -1.5986e-02,  3.0154e-02,  4.6216e-01,  2.8739e-01,
          2.5480e-01,  1.2850e+00, -1.1270e+00,  1.4749e-01,  1.8192e-01,
         -4.0447e-02,  1.1022e-01,  2.6374e-01]], device='cuda:0')
[INFO] Observations: tensor([[-0.4817, -0.3595,  0.0167,  0.1827,  0.1697, -0.0196,  0.0616, -0.0241,
         -0.9921, -0.6455, -0.1607, -0.0098, -0.0169,  0.0248,  0.0808,  0.1180,
          0.0047,  0.3272, -0.3402,  0.0302,  0.0563,  0.0212, -0.0029,  0.1316,
          0.9625,  0.6845,  1.1786,  0.8114,  0.7866, -0.3770, -1.6460,  1.6940,
         -0.0392, -0.9324, -2.0302,  1.2828, -0.1031,  0.1261,  0.4219,  0.1707,
          0.4464,  1.1946, -1.2151,  0.4337,  0.1876,  0.0823,  0.0845,  0.2569]],
       device='cuda:0')
[INFO] Observations: tensor([[-5.8553e-01, -1.9186e-01, -4.8241e-04,  3.2572e-02,  1.0854e-01,
          1.5541e-01,  2.8000e-02, -2.3196e-02, -9.8694e-01, -6.4545e-01,
         -1.6071e-01, -9.8486e-03, -3.7531e-02,  3.3821e-02,  9.6585e-02,
          1.0227e-01,  4.5979e-02,  3.1645e-01, -3.8088e-01,  7.8047e-02,
          5.4469e-02,  4.7725e-02, -4.5311e-03,  1.5555e-01, -1.3408e+00,
          1.1594e+00,  1.7234e+00, -9.8208e-01,  1.3286e+00,  2.7882e-01,
         -3.5155e-01,  1.3415e+00,  1.3110e+00,  3.3917e-01,  6.3202e-01,
          9.6239e-01, -9.1042e-02,  2.5662e-01,  4.6414e-01,  7.1424e-02,
          6.1570e-01,  9.8796e-01, -1.4343e+00,  6.1686e-01,  1.4668e-01,
          1.0229e-01,  4.4832e-02,  3.3145e-01]], device='cuda:0')
[INFO] Observations: tensor([[-0.8537,  0.0655,  0.0974, -0.0492, -0.0315, -0.0382,  0.0645, -0.0584,
         -0.9891, -0.6455, -0.1607, -0.0088, -0.0353,  0.0476,  0.1097,  0.0869,
          0.0888,  0.2501, -0.3774,  0.1172,  0.0525,  0.0632,  0.0070,  0.1382,
          0.6274,  0.1835, -1.1368, -1.3867,  3.2273, -1.9016, -0.7509,  2.5558,
          1.0512,  1.2344, -1.2924,  0.0219, -0.1237,  0.3800,  0.4846,  0.0080,
          0.7752,  0.7167, -1.5428,  0.8593,  0.0890,  0.1210,  0.0094,  0.3691]],
       device='cuda:0')
[INFO] Observations: tensor([[-0.7305, -0.0914, -0.0268, -0.1204, -0.0184, -0.1399, -0.0137, -0.0092,
         -0.9504, -0.6455, -0.1607, -0.0070, -0.0461,  0.0488,  0.1122,  0.0692,
          0.1564,  0.1971, -0.3761,  0.1833,  0.0401,  0.0473,  0.0048,  0.1377,
         -0.2629,  1.5344, -0.8946, -0.2885,  1.8393, -1.3849,  0.9347,  1.6325,
         -0.8211, -1.2164,  0.9113, -0.7330, -0.2586,  0.5165,  0.4586, -0.0113,
          0.9542,  0.4859, -1.6401,  1.0041, -0.0407,  0.0509, -0.0280,  0.3718]],
       device='cuda:0')
[INFO] Observations: tensor([[-0.4722,  0.1089, -0.0392, -0.0577,  0.2529, -0.2003,  0.0125, -0.0159,
         -0.9773, -0.6455, -0.1607, -0.0051, -0.0530,  0.0995,  0.1083,  0.0649,
          0.2094,  0.1138, -0.3847,  0.2430,  0.0120,  0.0473, -0.0073,  0.1167,
         -1.5826,  0.4719, -0.9805,  0.6748,  2.4286, -2.2943, -0.6802,  1.4169,
         -0.7440, -0.2487,  0.2815,  0.2449, -0.3689,  0.7004,  0.5201, -0.0257,
          1.1481,  0.1810, -1.6527,  1.1996, -0.1063, -0.0289, -0.0582,  0.3668]],
       device='cuda:0')
[INFO] Observations: tensor([[-8.9469e-01, -3.5218e-02, -1.7813e-02,  3.5243e-02,  1.7718e-01,
         -2.4234e-01, -9.5361e-03, -1.3265e-02, -9.9390e-01, -6.4545e-01,
         -1.6071e-01, -3.4918e-03, -6.4314e-02,  1.6454e-01,  1.2675e-01,
          4.1449e-02,  2.6801e-01,  2.4717e-02, -3.7932e-01,  2.9898e-01,
          7.1696e-05, -7.7395e-03, -1.8395e-02,  1.1034e-01, -1.8914e+00,
          3.0566e+00,  2.1124e-01, -1.3180e+00,  1.2850e+00, -3.3053e+00,
         -6.8167e-01,  3.3666e+00, -1.6915e+00, -3.1631e+00,  1.1070e+00,
         -5.0515e-01, -4.2277e-01,  8.7757e-01,  5.2752e-01, -2.6785e-02,
          1.2634e+00, -3.7264e-02, -1.5473e+00,  1.3694e+00, -1.7769e-01,
         -1.0761e-01, -1.0235e-01,  3.1771e-01]], device='cuda:0')
[INFO] Observations: tensor([[-4.3763e-01, -3.2959e-01,  4.4710e-02, -6.7839e-02, -2.5494e-01,
          1.0151e-01,  7.0286e-02, -6.6708e-02, -1.0404e+00, -6.4545e-01,
         -1.6071e-01, -2.7676e-03, -6.6957e-02,  2.3919e-01,  1.3078e-01,
          4.2537e-02,  3.0564e-01, -8.0835e-02, -3.5232e-01,  3.4705e-01,
         -1.5363e-03, -7.8337e-02, -4.1603e-02,  8.4840e-02, -2.7374e-01,
          3.1518e+00,  3.5593e-01, -1.5654e+00,  2.2548e+00, -6.4577e+00,
          2.6167e+00,  2.2474e+00, -9.9201e-01, -2.0202e+00,  1.9868e+00,
         -1.0732e+00, -3.9710e-01,  1.0499e+00,  5.0864e-01, -2.5123e-02,
          1.2550e+00, -3.1733e-01, -1.3806e+00,  1.5012e+00, -2.0741e-01,
         -3.1678e-01, -1.0899e-01,  2.2951e-01]], device='cuda:0')
[INFO] Observations: tensor([[-8.3664e-01,  8.2608e-02, -2.5695e-01,  6.6026e-01, -4.7027e-01,
         -3.7453e-02, -7.5363e-03, -2.2645e-03, -1.0034e+00, -6.4545e-01,
         -1.6071e-01, -1.8377e-03, -7.9290e-02,  3.1349e-01,  1.2314e-01,
          2.1982e-02,  3.2226e-01, -1.6051e-01, -3.2256e-01,  3.9829e-01,
          2.0514e-02, -1.6490e-01, -1.5225e-02,  7.2874e-02,  7.9467e-01,
          1.5060e+00, -9.8382e-01,  6.0932e-01,  1.9296e+00, -3.3515e+00,
         -2.9836e-02,  3.3406e+00,  1.9005e-01, -6.5056e-01,  2.4656e+00,
         -7.1686e-01, -3.4612e-01,  1.1864e+00,  4.6262e-01,  4.1098e-02,
          1.0991e+00, -4.9834e-01, -1.0804e+00,  1.6410e+00, -1.1733e-01,
         -5.9940e-01, -1.3809e-01,  1.8358e-01]], device='cuda:0')
[INFO] Observations: tensor([[-7.3148e-01, -3.2047e-01,  2.0464e-01,  2.3797e-01,  5.7832e-02,
         -3.5942e-01, -2.0350e-02, -6.7530e-02, -9.7462e-01, -6.4545e-01,
         -1.6071e-01, -1.1897e-04, -7.8355e-02,  3.0815e-01,  1.1226e-01,
          1.8807e-02,  2.7597e-01, -1.4750e-01, -3.0553e-01,  4.3447e-01,
          4.2722e-02, -1.3830e-01,  3.7585e-02,  5.5852e-02,  1.5069e+00,
          7.0077e-01, -1.6768e+00,  1.3977e+00, -9.7325e-01, -3.8166e-01,
          1.8493e+00,  1.3467e+00,  4.7607e-01,  3.9615e+00,  2.5705e+00,
          4.7638e-01, -4.1731e-01,  1.0667e+00,  2.1624e-01,  2.0343e-01,
          8.2002e-01, -3.9460e-01, -7.4879e-01,  1.7606e+00,  1.2650e-01,
         -6.5678e-01, -5.6317e-02,  2.0796e-01]], device='cuda:0')
[INFO] Observations: tensor([[-3.5214e-01, -4.2200e-01, -6.1638e-02,  2.1370e-01, -1.6872e-01,
         -1.6042e-01, -7.8342e-03, -9.0447e-03, -1.0171e+00, -6.4545e-01,
         -1.6071e-01,  5.9903e-04, -7.8418e-02,  2.9167e-01,  8.7966e-02,
          5.5215e-02,  2.0193e-01, -1.3486e-01, -2.9093e-01,  4.5355e-01,
          9.2546e-02, -8.7475e-02,  5.2849e-02,  6.6697e-02,  1.0400e+00,
         -1.7345e-01, -1.1946e+00,  1.1541e+00, -3.8921e+00,  3.8598e-01,
          1.7976e+00, -4.2972e-01,  3.3972e-01,  2.4831e+00,  1.8539e+00,
          6.5010e-01, -4.3496e-01,  8.2627e-01,  1.5082e-01,  3.3182e-01,
          5.9403e-01, -2.9608e-01, -4.6301e-01,  1.7840e+00,  3.4431e-01,
         -4.4639e-01,  5.5246e-02,  2.3149e-01]], device='cuda:0')
[INFO] Observations: tensor([[-9.1276e-01, -4.2335e-01, -3.9629e-02, -2.4573e-01, -6.4916e-02,
          2.7092e-01, -2.8886e-02,  3.0091e-02, -9.7215e-01, -6.4545e-01,
         -1.6071e-01, -1.9610e-04, -7.8279e-02,  2.8264e-01,  8.0010e-02,
          6.8935e-02,  1.0939e-01, -1.1192e-01, -2.6918e-01,  4.4414e-01,
          1.2580e-01, -6.1146e-02,  8.2744e-02,  6.8860e-02,  9.0327e-01,
         -1.1620e+00, -5.7497e-01,  1.7832e+00, -3.1451e+00,  2.3524e+00,
          5.2577e-01,  6.7058e-01,  3.8875e-01,  7.6618e-03,  6.8191e-01,
         -4.4805e-01, -3.7617e-01,  7.3791e-01,  4.5861e-02,  4.0552e-01,
          3.8857e-01, -1.2907e-01, -2.7836e-01,  1.7800e+00,  4.9337e-01,
         -2.7145e-01,  1.8177e-01,  2.4191e-01]], device='cuda:0')
[INFO] Observations: tensor([[-5.2197e-01, -3.4362e-01,  2.1183e-01, -2.0341e-01,  2.8018e-01,
          2.4404e-01,  3.2998e-03,  1.0670e-02, -9.7894e-01, -6.4545e-01,
         -1.6071e-01, -9.7764e-04, -6.9481e-02,  2.5397e-01,  4.9523e-02,
          9.6255e-02,  3.3035e-02, -5.5263e-02, -2.1753e-01,  4.3867e-01,
          1.2667e-01, -6.2345e-02,  1.1357e-01,  6.4720e-02,  9.3769e-01,
         -9.8761e-01,  7.3576e-01, -9.1148e-01, -3.0975e+00,  3.1668e+00,
          1.9966e+00, -1.0827e+00,  2.5415e-02, -4.3668e-01,  1.9404e+00,
          1.3563e+00, -2.9403e-01,  7.4958e-01, -7.3250e-02,  4.5092e-01,
          8.4179e-02,  1.2570e-01, -1.6143e-01,  1.6735e+00,  5.0709e-01,
         -2.1782e-01,  2.8462e-01,  2.4801e-01]], device='cuda:0')
[INFO] Observations: tensor([[-4.9189e-01, -3.2472e-01,  3.0819e-02, -9.1949e-02,  2.1034e-01,
         -1.2823e-01,  2.8320e-02,  1.8476e-02, -9.8378e-01, -6.4545e-01,
         -1.6071e-01, -1.8477e-04, -7.0003e-02,  2.3264e-01,  3.3918e-02,
          1.0976e-01, -4.2421e-02, -1.7936e-02, -1.6599e-01,  4.1534e-01,
          1.2119e-01, -6.5315e-02,  1.3313e-01,  8.4345e-02,  1.0742e+00,
         -1.8090e+00,  5.4716e-01,  1.0641e+00, -4.3945e+00,  1.6731e+00,
          1.7428e+00, -1.3211e-01, -2.6294e+00,  1.4140e+00,  9.9763e-01,
          1.1335e+00, -2.5557e-01,  7.0421e-01, -1.9021e-01,  5.1068e-01,
         -1.9448e-01,  3.4843e-01, -5.4390e-02,  1.5146e+00,  4.7585e-01,
         -1.9238e-01,  3.3081e-01,  3.0281e-01]], device='cuda:0')
[INFO] Observations: tensor([[-7.2242e-01, -1.7881e-02,  1.2522e-01,  1.3264e-01,  2.0416e-01,
          1.2192e-01,  2.1784e-02, -6.4176e-03, -9.7841e-01, -6.4545e-01,
         -1.6071e-01,  6.9749e-04, -6.6975e-02,  2.3197e-01,  3.1562e-02,
          1.1125e-01, -1.0744e-01,  4.4424e-02, -1.2733e-01,  3.5118e-01,
          1.0083e-01, -4.7549e-02,  1.3993e-01,  7.6117e-02, -5.9964e-01,
         -1.5917e+00,  7.4858e-01, -1.7543e-01, -2.1446e+00,  1.2448e+00,
          2.1236e+00, -2.4346e+00, -1.9444e+00,  1.1503e-01, -8.2062e-01,
         -1.6510e+00, -2.4672e-01,  5.7887e-01, -1.5207e-01,  5.7198e-01,
         -3.7566e-01,  4.8660e-01,  5.4738e-02,  1.2801e+00,  4.1386e-01,
         -2.0938e-01,  3.7024e-01,  3.0078e-01]], device='cuda:0')
[INFO] Observations: tensor([[-4.9818e-01, -1.2347e-01, -7.4979e-02,  1.1637e-01, -1.8911e-02,
          3.5706e-02,  2.4742e-02, -5.0019e-02, -1.0457e+00, -6.4545e-01,
         -1.6071e-01,  1.4486e-03, -5.8058e-02,  2.1076e-01,  9.8004e-03,
          1.3423e-01, -1.2558e-01,  1.0118e-01, -6.6201e-02,  2.8644e-01,
          5.7454e-02, -5.4906e-02,  1.3021e-01,  9.9690e-02, -9.8359e-01,
          8.9598e-01, -1.8023e+00,  1.3871e+00, -3.2638e+00,  7.4589e-01,
          3.0457e+00, -4.3202e+00, -1.9560e+00, -7.3896e-01,  3.6054e-02,
          1.1032e-01, -1.8490e-01,  5.2934e-01, -1.5931e-01,  6.6012e-01,
         -5.6312e-01,  7.5064e-01,  1.0332e-01,  1.0371e+00,  2.7392e-01,
         -2.2275e-01,  3.5710e-01,  3.4701e-01]], device='cuda:0')
[INFO] Observations: tensor([[-8.2506e-01, -2.1306e-01,  2.6208e-01,  3.7471e-01, -3.3513e-01,
          6.3129e-02,  4.8575e-03, -3.3382e-02, -9.5448e-01, -6.4545e-01,
         -1.6071e-01,  2.1777e-03, -4.3292e-02,  1.9869e-01,  1.1133e-02,
          1.4926e-01, -1.7077e-01,  1.4127e-01,  4.2577e-03,  2.0754e-01,
          3.0915e-02, -5.7371e-02,  1.3278e-01,  8.6071e-02,  5.5175e-01,
         -1.4595e+00, -1.5956e+00,  1.8989e+00, -1.3302e+00,  2.2130e+00,
          1.8051e+00, -1.5822e+00, -1.2634e+00,  2.1136e+00,  4.4738e-02,
         -1.8729e+00, -1.5395e-01,  4.9312e-01, -7.7356e-02,  6.9023e-01,
         -6.6305e-01,  8.7772e-01,  1.1847e-01,  8.2577e-01,  1.6301e-01,
         -2.1833e-01,  2.8178e-01,  3.5893e-01]], device='cuda:0')
[INFO] Observations: tensor([[-0.5217, -0.1797,  0.0777, -0.1049, -0.2347,  0.0165,  0.0730,  0.0035,
         -1.0051, -0.6455, -0.1607,  0.0025, -0.0351,  0.1894,  0.0070,  0.1558,
         -0.1704,  0.1977,  0.0355,  0.1244,  0.0098, -0.0445,  0.1257,  0.0820,
         -0.5372, -1.0947,  1.6003,  1.5378,  0.0948,  0.3770,  0.9365, -1.8268,
         -0.0839,  0.7709, -1.1378, -0.8354, -0.0929,  0.3916,  0.0801,  0.7592,
         -0.7327,  1.0605,  0.0402,  0.5073,  0.0401, -0.3078,  0.2811,  0.3179]],
       device='cuda:0')
[INFO] Observations: tensor([[-7.8399e-01, -3.3617e-01, -2.7669e-01, -1.8022e-01, -2.7774e-01,
         -1.7700e-01,  4.2513e-02, -3.4016e-04, -1.0277e+00, -6.4545e-01,
         -1.6071e-01,  2.8985e-03, -2.0148e-02,  1.8451e-01,  1.1511e-02,
          1.7107e-01, -1.8371e-01,  2.3933e-01,  2.0087e-02,  6.6087e-02,
         -6.4395e-03, -3.5334e-02,  1.3986e-01,  7.9219e-02,  2.1092e+00,
         -9.5138e-01, -1.7558e-01,  6.4393e-02, -1.1216e+00,  2.9573e+00,
         -7.7191e-01, -4.2440e+00,  1.1466e+00,  7.9082e-02,  1.3803e+00,
         -1.8088e+00, -4.8684e-02,  2.9173e-01,  2.1035e-01,  7.0414e-01,
         -6.9263e-01,  1.2589e+00, -4.9273e-02,  2.2545e-01,  3.1010e-02,
         -2.6543e-01,  2.4269e-01,  3.1237e-01]], device='cuda:0')
[INFO] Observations: tensor([[-0.7133, -0.3022, -0.1447, -0.4572, -0.5919, -0.0254,  0.0266, -0.0267,
         -1.0061, -0.6455, -0.1607,  0.0028,  0.0064,  0.1519,  0.0308,  0.1606,
         -0.1606,  0.2843,  0.0126,  0.0064,  0.0057, -0.0364,  0.1435,  0.0585,
          0.5426, -2.3961,  1.5454,  0.2609,  1.9934,  0.8051, -0.7606, -1.6112,
          0.8059,  1.6467, -1.0031,  0.0270,  0.0253,  0.1206,  0.3694,  0.6414,
         -0.6459,  1.3284, -0.3189, -0.0041,  0.0574, -0.3289,  0.2291,  0.2824]],
       device='cuda:0')
[INFO] Observations: tensor([[-0.8043,  0.0318, -0.0334, -0.1363, -0.4146, -0.1533,  0.0299,  0.0402,
         -1.0136, -0.6455, -0.1607,  0.0030, -0.0040,  0.1224,  0.0467,  0.1343,
         -0.1444,  0.3192, -0.0212, -0.0287,  0.0408, -0.0299,  0.1358,  0.0676,
          0.5600, -0.5456,  1.2739,  0.2162,  1.6830,  2.8387, -0.7886,  0.6156,
          1.9233, -0.0179, -2.3176, -0.1393,  0.0523,  0.0094,  0.4760,  0.4915,
         -0.3677,  1.4346, -0.5682, -0.0860,  0.0781, -0.2551,  0.1667,  0.2976]],
       device='cuda:0')
[INFO] Observations: tensor([[-4.7473e-01,  2.7478e-02,  2.2870e-01,  6.8866e-01, -7.8271e-02,
         -1.0791e-01, -3.4860e-02,  4.4115e-03, -1.0149e+00, -6.4545e-01,
         -1.6071e-01,  4.2100e-03, -2.3049e-02,  6.8018e-02,  5.7788e-02,
          9.4141e-02, -1.1826e-01,  3.4446e-01, -1.0441e-01, -3.0868e-02,
          4.2997e-02, -1.9850e-02,  1.1686e-01,  6.0132e-02,  1.3336e+00,
         -1.4583e-01,  3.7416e-01,  5.8946e-01,  1.3393e+00,  1.3654e+00,
         -4.7823e+00,  1.1599e+00,  6.3267e-01,  4.6727e-01, -2.2665e+00,
          7.0298e-01,  5.1146e-02, -4.0140e-02,  5.1575e-01,  3.5441e-01,
         -1.0315e-01,  1.4022e+00, -8.1671e-01, -7.8974e-02,  1.6441e-01,
         -1.6356e-01,  1.4622e-01,  2.7512e-01]], device='cuda:0')
[INFO] Observations: tensor([[-0.3950, -0.4985, -0.3063,  0.6519,  0.2574,  0.0398,  0.0227, -0.0242,
         -0.9743, -0.6455, -0.1607,  0.0044, -0.0248,  0.0229,  0.0806,  0.0914,
         -0.0553,  0.3350, -0.2214, -0.0053,  0.0565,  0.0187,  0.0610,  0.1007,
          0.7646, -0.2961, -0.7434,  1.0166,  0.6582, -0.4536, -4.2446,  0.9446,
         -0.7680,  1.4481, -4.0370,  1.4850, -0.0405,  0.0053,  0.4874,  0.2523,
          0.1939,  1.3011, -1.0300,  0.1424,  0.1919, -0.0207,  0.0736,  0.2847]],
       device='cuda:0')
[INFO] Observations: tensor([[-5.0258e-01, -2.5523e-04, -2.4236e-01,  2.3003e-01,  2.4849e-03,
         -2.0723e-01,  5.9192e-02, -5.5664e-02, -9.6457e-01, -6.4545e-01,
         -1.6071e-01,  4.7283e-03, -1.4637e-02,  3.2178e-02,  1.1471e-01,
          9.9250e-02, -1.0695e-02,  3.3660e-01, -3.2374e-01,  3.5498e-02,
          6.0354e-02,  3.1292e-02,  3.4554e-03,  1.3122e-01, -5.5553e-01,
         -3.4301e-01, -2.3142e-01, -6.5626e-01,  1.6644e+00,  1.0164e-02,
         -4.2005e+00,  4.3781e-01, -1.2634e-01,  9.7672e-01, -3.1149e+00,
          2.6996e+00, -5.3599e-02,  9.0038e-02,  5.1767e-01,  1.2246e-01,
          3.9871e-01,  1.1913e+00, -1.2432e+00,  4.1263e-01,  1.9488e-01,
          9.5900e-02,  7.1468e-02,  3.1036e-01]], device='cuda:0')
[INFO] Observations: tensor([[-0.6919, -0.1510,  0.0418,  0.1708,  0.1127, -0.0291,  0.0056, -0.0384,
         -0.9549, -0.6455, -0.1607,  0.0040, -0.0329,  0.0257,  0.1266,  0.0845,
          0.0461,  0.3138, -0.3732,  0.0704,  0.0565,  0.0482, -0.0145,  0.1558,
          0.7775,  0.4581, -0.5894,  0.0633,  3.8966, -1.1669, -0.1347,  2.0831,
          1.0606,  0.1875, -0.7343,  1.9652, -0.1633,  0.2085,  0.5452,  0.0599,
          0.6253,  0.9952, -1.3709,  0.6339,  0.1521,  0.1423,  0.0478,  0.3460]],
       device='cuda:0')
[INFO] Observations: tensor([[-5.8441e-01,  2.9785e-02, -1.1216e-02,  1.7657e-01,  1.6707e-01,
          2.9376e-03, -2.6988e-02,  1.8326e-02, -9.7342e-01, -6.4545e-01,
         -1.6071e-01,  3.4318e-03, -3.8820e-02,  3.1024e-02,  1.2380e-01,
          7.9111e-02,  9.5239e-02,  2.8016e-01, -3.7795e-01,  1.1851e-01,
          5.1743e-02,  6.6667e-02, -3.8952e-03,  1.4959e-01, -1.2370e+00,
          3.3175e-01, -1.4923e+00,  9.2775e-01,  3.7617e+00, -2.8689e+00,
         -1.7283e-02,  2.1722e+00,  5.9847e-01,  4.0681e-01, -3.1263e-01,
         -1.7587e+00, -2.4334e-01,  3.6985e-01,  5.6815e-01, -1.2726e-02,
          8.1132e-01,  7.7781e-01, -1.5937e+00,  7.9613e-01,  2.9964e-02,
          1.3445e-01, -4.7342e-03,  4.0368e-01]], device='cuda:0')
[INFO] Observations: tensor([[-0.6338, -0.3051, -0.2053, -0.1164, -0.0161, -0.1511,  0.0092, -0.0627,
         -0.9876, -0.6455, -0.1607,  0.0035, -0.0516,  0.0557,  0.1274,  0.0582,
          0.1674,  0.2137, -0.3927,  0.1854,  0.0186,  0.0746, -0.0075,  0.1445,
         -1.6874, -0.2473, -0.8375,  0.1551,  2.2446, -0.8190, -1.2590,  1.4577,
          0.2333, -0.7657, -1.6090,  0.4154, -0.3189,  0.5356,  0.5876, -0.0416,
          0.9844,  0.5330, -1.7132,  0.9813, -0.0632,  0.0415, -0.0628,  0.4018]],
       device='cuda:0')
[INFO] Observations: tensor([[-7.3691e-01, -3.8848e-01,  2.1195e-01,  1.0589e-01, -1.4889e-01,
         -1.4916e-02,  1.1995e-02, -3.9908e-02, -1.0234e+00, -6.4545e-01,
         -1.6071e-01,  4.2380e-03, -6.8683e-02,  1.0106e-01,  1.3835e-01,
          5.5101e-02,  2.1261e-01,  1.5898e-01, -4.0158e-01,  2.5241e-01,
          3.1764e-03,  6.6844e-02, -2.1108e-02,  1.3355e-01, -4.7346e-02,
          1.1424e+00, -9.6229e-01, -9.3937e-01,  1.4984e+00, -3.8936e+00,
          8.4922e-01,  2.9993e+00, -2.4837e-02, -2.8456e-01,  8.6038e-01,
         -1.9613e+00, -3.9448e-01,  6.9478e-01,  6.2582e-01, -8.7515e-02,
          1.1417e+00,  3.2705e-01, -1.6679e+00,  1.2024e+00, -8.6712e-02,
          5.1296e-03, -6.5173e-02,  3.8571e-01]], device='cuda:0')
[INFO] Observations: tensor([[-4.8090e-01, -3.3996e-01, -2.7739e-01,  9.7390e-02, -1.0747e-01,
         -2.6712e-01,  8.6746e-03,  3.6553e-03, -1.0067e+00, -6.4545e-01,
         -1.6071e-01,  5.4646e-03, -6.6518e-02,  1.7305e-01,  1.3823e-01,
          2.2838e-02,  2.7000e-01,  8.6485e-02, -3.9520e-01,  3.0166e-01,
         -1.3260e-02,  1.6513e-02, -3.7553e-02,  1.1109e-01, -1.1111e+00,
          4.0725e+00,  1.1334e+00, -2.2223e+00,  3.5352e+00, -5.2149e+00,
          1.0491e+00,  2.9235e+00, -2.8623e-01, -2.1557e+00, -1.0939e+00,
         -1.6453e+00, -3.9569e-01,  9.0071e-01,  6.3998e-01, -1.1223e-01,
          1.2656e+00,  4.9153e-02, -1.6391e+00,  1.4008e+00, -1.9065e-01,
         -1.6015e-01, -1.2328e-01,  3.6621e-01]], device='cuda:0')
[INFO] Observations: tensor([[-6.6093e-01,  1.0647e-01, -2.9670e-01,  1.6445e-01, -2.7046e-01,
          1.4323e-01,  3.8433e-02, -4.4968e-02, -9.9646e-01, -6.4545e-01,
         -1.6071e-01,  5.7755e-03, -7.4982e-02,  2.7393e-01,  1.4737e-01,
          2.6048e-02,  3.2647e-01, -1.7482e-02, -3.7650e-01,  3.7072e-01,
         -2.6288e-02, -3.7160e-02, -5.6216e-02,  8.4435e-02, -2.1624e+00,
          3.4809e+00,  3.7168e-01, -1.8998e+00,  3.1244e+00, -6.5652e+00,
         -3.0860e-01,  2.7325e+00, -4.4082e-01, -2.6716e+00,  1.1660e+00,
         -1.8708e+00, -3.8073e-01,  1.1039e+00,  5.9034e-01, -3.1056e-02,
          1.2661e+00, -2.2436e-01, -1.4687e+00,  1.5548e+00, -1.8708e-01,
         -3.3704e-01, -1.7186e-01,  1.8386e-01]], device='cuda:0')
[INFO] Observations: tensor([[-0.4175, -0.2724, -0.0231, -0.3080, -0.0427,  0.1830,  0.0036,  0.0155,
         -1.0135, -0.6455, -0.1607,  0.0057, -0.0974,  0.3220,  0.1169,  0.0150,
          0.3115, -0.0894, -0.3276,  0.4211,  0.0193, -0.1388, -0.0588,  0.0608,
          1.2088,  1.0390, -0.6542, -0.9613, -0.4075, -1.9112,  0.0289,  3.3452,
          1.4832, -2.4649,  3.3135, -2.3634, -0.3573,  1.2715,  0.4276,  0.0422,
          1.1163, -0.3391, -1.1772,  1.7298, -0.1032, -0.5649, -0.2362,  0.1741]],
       device='cuda:0')
[INFO] Observations: tensor([[-0.4448,  0.0734, -0.3766,  0.1044, -0.4108, -0.1259,  0.0181,  0.0163,
         -1.0007, -0.6455, -0.1607,  0.0064, -0.0839,  0.3239,  0.1138,  0.0105,
          0.2660, -0.0907, -0.3283,  0.4518,  0.0517, -0.1256,  0.0151,  0.0583,
          0.6470,  1.2847,  0.8381, -0.0053, -1.3511,  1.2136,  0.2486,  0.4061,
         -1.3996,  4.1237,  1.7823, -0.3192, -0.3188,  1.2040,  0.1961,  0.1690,
          0.8237, -0.1825, -0.7705,  1.8220,  0.1598, -0.5755, -0.0855,  0.2196]],
       device='cuda:0')
[INFO] Observations: tensor([[-0.4400, -0.1065, -0.0176,  0.0875,  0.0237,  0.2535, -0.0075, -0.0208,
         -0.9627, -0.6455, -0.1607,  0.0058, -0.0935,  0.3195,  0.0978,  0.0538,
          0.1760, -0.0768, -0.3094,  0.4661,  0.0970, -0.0877,  0.0491,  0.0708,
          1.2219, -0.8592,  0.0195, -0.1851, -4.0562,  0.6727,  1.8031, -0.4000,
         -0.3111,  3.0844,  1.9738,  0.0101, -0.3118,  0.9374,  0.1136,  0.3124,
          0.5939, -0.1136, -0.4181,  1.7915,  0.3321, -0.4299,  0.1015,  0.2323]],
       device='cuda:0')
[INFO] Observations: tensor([[-0.4509, -0.2731,  0.2572, -0.3232, -0.0970,  0.1312, -0.0231, -0.0332,
         -0.9798, -0.6455, -0.1607,  0.0049, -0.0841,  0.3068,  0.0802,  0.0724,
          0.1014, -0.0373, -0.2842,  0.4500,  0.1229, -0.0543,  0.0916,  0.0755,
         -0.7778, -1.0000, -1.5936,  0.0603, -3.7081,  1.3386,  0.4864,  1.2364,
         -0.3254,  2.5552, -0.3597,  0.7228, -0.2783,  0.8709, -0.0705,  0.4062,
          0.3508,  0.0793, -0.2992,  1.7829,  0.4593, -0.2945,  0.1470,  0.2754]],
       device='cuda:0')
[INFO] Observations: tensor([[-0.8802, -0.1685, -0.0947, -0.0743, -0.3137,  0.0416,  0.0338,  0.0173,
         -1.0036, -0.6455, -0.1607,  0.0045, -0.0688,  0.2761,  0.0650,  0.0879,
          0.0564, -0.0146, -0.2575,  0.4407,  0.1302, -0.0425,  0.0981,  0.0762,
          0.4472, -0.3165, -0.8646,  0.3503, -3.4327,  1.8748,  2.9261, -0.3447,
         -0.0299,  0.0780,  0.7065,  0.4931, -0.2668,  0.7999, -0.1091,  0.4588,
          0.1213,  0.3020, -0.1313,  1.6113,  0.4881, -0.1848,  0.2339,  0.2740]],
       device='cuda:0')
[INFO] Observations: tensor([[-8.9520e-01, -2.5311e-01, -1.6238e-02, -2.6884e-01, -2.9272e-01,
          2.1316e-03,  9.0421e-03,  5.0587e-02, -9.9734e-01, -6.4545e-01,
         -1.6071e-01,  4.4432e-03, -7.7364e-02,  2.5392e-01,  4.6376e-02,
          1.0871e-01, -8.6187e-04,  3.4678e-02, -2.1074e-01,  3.9724e-01,
          1.2631e-01, -4.3331e-02,  1.1195e-01,  9.0347e-02, -8.7299e-01,
          2.3825e-01, -1.8744e+00,  1.4589e+00, -1.6639e+00,  2.7765e+00,
          1.8911e+00, -1.3627e+00, -7.2233e-01, -3.9690e-01, -1.1906e+00,
          8.7065e-01, -2.3502e-01,  7.2652e-01, -1.3145e-01,  5.3829e-01,
         -1.2617e-01,  4.4824e-01, -3.3698e-02,  1.4596e+00,  4.4057e-01,
         -2.2152e-01,  3.4275e-01,  3.1625e-01]], device='cuda:0')
[INFO] Observations: tensor([[-0.9823,  0.0292,  0.2079,  0.1031, -0.1701,  0.1538,  0.0278,  0.0498,
         -0.9931, -0.6455, -0.1607,  0.0040, -0.0736,  0.2323,  0.0354,  0.1284,
         -0.0703,  0.0853, -0.1474,  0.3390,  0.0923, -0.0485,  0.1221,  0.0830,
          1.1869, -0.0468,  0.3422,  0.4287, -2.9273,  2.1690,  1.5277, -2.8430,
         -1.6981,  1.2635,  0.5057,  0.2575, -0.2179,  0.6749, -0.0577,  0.5967,
         -0.3731,  0.6503,  0.0740,  1.2011,  0.3359, -0.2392,  0.4115,  0.3191]],
       device='cuda:0')
[INFO] Observations: tensor([[-5.6545e-01, -2.0398e-01,  5.9501e-02,  9.7055e-02, -1.3256e-01,
         -6.7552e-02, -2.8939e-02,  1.6955e-02, -9.5727e-01, -6.4545e-01,
         -1.6071e-01,  3.4921e-03, -6.1807e-02,  2.2658e-01,  3.0917e-02,
          1.3853e-01, -1.2792e-01,  1.4757e-01, -1.0009e-01,  2.5003e-01,
          5.5034e-02, -5.9948e-02,  1.1511e-01,  8.8506e-02, -1.2320e+00,
         -1.6400e+00, -9.3257e-01,  9.2399e-02, -3.2876e+00,  3.6790e+00,
          3.3356e+00, -3.8578e+00, -1.8251e+00,  8.6464e-01,  9.4215e-02,
         -3.9596e-02, -1.7081e-01,  5.8665e-01, -7.4093e-02,  6.5012e-01,
         -5.7034e-01,  8.4599e-01,  5.2752e-02,  9.3410e-01,  1.8892e-01,
         -2.8025e-01,  3.5931e-01,  3.6236e-01]], device='cuda:0')
[INFO] Observations: tensor([[-5.0826e-01,  2.3457e-02,  2.5558e-01, -9.2486e-02,  4.7769e-02,
          1.1441e-01, -2.1471e-02,  2.6911e-02, -1.0425e+00, -6.4545e-01,
         -1.6071e-01,  2.2726e-03, -4.1493e-02,  2.2167e-01,  1.8153e-02,
          1.4797e-01, -1.6628e-01,  1.9484e-01, -4.8173e-02,  1.5697e-01,
          3.5899e-02, -5.4795e-02,  1.2230e-01,  9.0909e-02,  3.1659e-01,
          2.6506e-01,  4.3507e-01,  7.6521e-01, -1.3326e+00,  2.3599e+00,
          4.2036e+00, -4.1735e+00, -1.6329e+00, -2.3148e-01, -9.6025e-01,
         -5.1564e-01, -9.1362e-02,  4.9190e-01,  3.7099e-02,  7.0868e-01,
         -6.8357e-01,  1.0086e+00, -1.7227e-02,  6.6078e-01,  1.4376e-01,
         -3.6389e-01,  3.0236e-01,  3.7165e-01]], device='cuda:0')
[INFO] Observations: tensor([[-5.2849e-01, -1.2782e-01, -1.8529e-01, -3.4415e-03, -4.0742e-01,
          3.5008e-01,  2.8851e-02,  1.9961e-02, -9.8306e-01, -6.4545e-01,
         -1.6071e-01,  4.3154e-05, -2.0881e-02,  2.0846e-01,  2.2088e-02,
          1.6460e-01, -2.0260e-01,  2.4494e-01,  1.1907e-02,  9.9156e-02,
          2.1681e-02, -5.5131e-02,  1.1576e-01,  7.3181e-02, -6.7603e-01,
          2.1395e-01,  5.3560e-02,  7.7732e-01, -1.4519e+00,  1.4398e-01,
          6.8100e-01, -1.3651e+00, -5.7490e-01,  1.8316e+00,  2.4987e-01,
          7.7351e-02, -3.9792e-02,  4.7954e-01,  1.1701e-01,  7.5408e-01,
         -7.8479e-01,  1.1820e+00, -6.1174e-02,  4.0861e-01,  8.3575e-02,
         -3.1395e-01,  2.3605e-01,  3.6427e-01]], device='cuda:0')
[INFO] Observations: tensor([[-9.7679e-01, -8.4056e-02,  1.4246e-01,  1.2844e-01, -3.1173e-01,
          4.0151e-02,  2.7422e-03, -2.6171e-02, -9.5491e-01, -6.4545e-01,
         -1.6071e-01, -1.3821e-03, -1.4518e-02,  1.9214e-01,  1.6566e-02,
          1.7429e-01, -2.0221e-01,  2.8134e-01,  1.0851e-02,  2.6930e-02,
          1.9470e-02, -4.4407e-02,  1.1824e-01,  8.6590e-02,  1.4048e+00,
         -1.5330e+00,  1.5466e+00, -5.9551e-01,  1.2049e+00,  2.2643e+00,
          8.3804e-01, -2.1397e+00,  2.5013e+00,  9.4284e-01, -1.2948e+00,
         -1.0477e+00, -9.7847e-03,  4.1596e-01,  1.9084e-01,  6.9501e-01,
         -7.6777e-01,  1.3942e+00, -2.2142e-01,  1.1683e-01,  3.0527e-02,
         -2.8874e-01,  1.5856e-01,  3.4132e-01]], device='cuda:0')
[INFO] Observations: tensor([[-6.2866e-01, -2.5418e-01, -2.9628e-01,  1.1078e-01, -2.0348e-01,
         -2.4571e-02,  2.6248e-03,  8.3337e-03, -1.0204e+00, -6.4545e-01,
         -1.6071e-01, -1.0431e-03, -2.1796e-02,  1.7860e-01,  4.5520e-02,
          1.7614e-01, -1.8232e-01,  3.2102e-01, -2.8559e-02, -1.6528e-02,
          4.9709e-02, -4.9585e-02,  1.1562e-01,  8.0657e-02, -4.2239e-01,
          5.1544e-01,  1.8047e+00, -5.6716e-01,  4.7892e-01,  2.6575e+00,
         -1.4357e+00, -2.1509e+00,  2.2502e+00,  1.4414e-01,  5.8367e-01,
         -2.1583e+00,  5.4817e-02,  1.9640e-01,  3.0662e-01,  6.9159e-01,
         -5.9087e-01,  1.5219e+00, -4.9639e-01, -9.1710e-02,  7.1307e-02,
         -3.2573e-01,  1.6145e-01,  3.0278e-01]], device='cuda:0')
[INFO] Observations: tensor([[-4.4296e-01, -2.4758e-01,  1.3468e-01,  1.6348e-01,  5.9531e-02,
         -2.5408e-01, -3.5045e-02, -3.5236e-02, -1.0288e+00, -6.4545e-01,
         -1.6071e-01,  9.0766e-04, -2.9020e-02,  1.4385e-01,  5.1021e-02,
          1.4692e-01, -1.4818e-01,  3.4570e-01, -1.0690e-01, -4.4667e-02,
          6.3493e-02, -2.7889e-02,  1.1034e-01,  5.2918e-02,  1.2724e+00,
         -2.2180e+00,  1.3121e+00, -4.9565e-01,  2.0757e+00,  1.1539e+00,
         -4.7154e+00,  2.3844e-01,  1.7684e+00,  1.1763e+00, -2.5120e+00,
         -3.5503e-01,  3.9797e-02,  7.5565e-02,  4.4075e-01,  5.7044e-01,
         -3.7294e-01,  1.4881e+00, -7.7203e-01, -1.1864e-01,  1.7131e-01,
         -2.8059e-01,  9.9730e-02,  2.6607e-01]], device='cuda:0')
[INFO] Observations: tensor([[-2.9126e-01, -3.1634e-01, -8.6924e-02,  8.9110e-01,  2.5642e-01,
         -1.3688e-01,  2.9639e-02, -2.8051e-02, -1.0137e+00, -6.4545e-01,
         -1.6071e-01,  2.1762e-03, -3.6913e-02,  5.3768e-02,  8.2128e-02,
          1.2073e-01, -9.2212e-02,  3.6885e-01, -1.9920e-01, -3.6781e-02,
          4.5853e-02,  3.4148e-03,  6.3743e-02,  4.5396e-02, -4.4119e-01,
         -4.0943e+00,  6.3471e-01,  1.2220e+00,  2.3994e+00, -1.1421e+00,
         -3.4296e+00,  1.0887e+00, -1.3354e+00,  1.7512e+00, -2.4808e+00,
          9.6352e-01, -4.0853e-02,  3.6812e-02,  4.8181e-01,  3.9706e-01,
         -1.3924e-02,  1.4141e+00, -9.6848e-01, -2.1807e-02,  2.0404e-01,
         -1.1970e-01,  6.4188e-02,  2.0565e-01]], device='cuda:0')
[INFO] Observations: tensor([[-7.1299e-01, -4.6591e-01, -1.5220e-01,  5.1858e-01,  1.5883e-01,
          1.9123e-02,  5.4870e-02,  5.1920e-03, -1.0315e+00, -6.4545e-01,
         -1.6071e-01,  2.4908e-03, -3.6892e-02,  1.8678e-02,  9.7123e-02,
          1.2391e-01, -3.1360e-02,  3.5553e-01, -2.9971e-01, -4.4762e-03,
          3.4206e-02,  1.8771e-02,  1.8929e-02,  1.1284e-01, -1.5868e-01,
          4.6521e-01, -1.1275e-01, -1.5130e+00,  2.2354e+00, -8.3029e-01,
         -5.0483e+00,  1.4492e+00,  1.0191e+00,  1.3873e+00, -1.1215e+00,
          1.7159e+00, -1.4212e-01,  7.4481e-02,  4.5816e-01,  2.9118e-01,
          2.6767e-01,  1.3302e+00, -1.1939e+00,  1.9243e-01,  1.7810e-01,
          1.8185e-03,  7.5289e-02,  2.4282e-01]], device='cuda:0')
[INFO] Observations: tensor([[-8.8964e-01, -2.2259e-01, -1.8557e-01,  1.8172e-01,  1.8173e-01,
         -2.5944e-02,  1.5948e-02, -4.8586e-02, -9.8797e-01, -6.4545e-01,
         -1.6071e-01,  2.7306e-03, -4.5118e-02,  3.2358e-02,  1.0252e-01,
          1.1160e-01,  9.9550e-03,  3.4568e-01, -3.6386e-01,  3.2694e-02,
          3.4373e-02,  2.2156e-02, -1.4171e-02,  1.5205e-01, -8.1602e-01,
         -9.3164e-01, -5.3585e-01, -1.2386e+00,  2.9615e+00,  2.6670e-01,
         -1.1651e+00,  3.1086e+00, -1.2697e-01,  3.5426e-01, -6.1440e-01,
          2.8126e+00, -1.3278e-01,  1.3405e-01,  4.6438e-01,  1.6800e-01,
          4.3694e-01,  1.1667e+00, -1.3198e+00,  4.4696e-01,  1.0229e-01,
          8.4931e-02,  5.8435e-02,  2.9263e-01]], device='cuda:0')
[INFO] Observations: tensor([[-6.6279e-01, -2.9645e-01, -1.7763e-01,  1.3997e-01, -1.4973e-01,
         -8.2406e-02,  5.8685e-02,  2.8579e-02, -1.0023e+00, -6.4545e-01,
         -1.6071e-01,  3.2911e-03, -5.7056e-02,  2.7221e-02,  1.0366e-01,
          9.5056e-02,  6.0053e-02,  3.0739e-01, -3.6830e-01,  7.6878e-02,
          4.6180e-02,  4.8666e-02, -4.3638e-03,  1.5179e-01,  8.0708e-01,
          1.5235e+00, -9.9933e-01, -8.3296e-02,  3.4770e+00, -1.5453e-02,
         -7.4944e-01,  1.9051e+00, -1.3067e+00,  7.6282e-01,  6.6610e-01,
          1.4566e+00, -2.1061e-01,  2.5031e-01,  4.9844e-01,  3.3940e-02,
          6.2763e-01,  9.6299e-01, -1.5198e+00,  6.0951e-01,  3.6345e-02,
          9.4253e-02,  4.6967e-02,  3.8532e-01]], device='cuda:0')
[INFO] Observations: tensor([[-0.9319, -0.0931,  0.1278, -0.1936, -0.0587, -0.2940,  0.0542,  0.0100,
         -1.0247, -0.6455, -0.1607,  0.0041, -0.0532,  0.0359,  0.1214,  0.0831,
          0.1023,  0.2584, -0.3871,  0.1269,  0.0316,  0.0643,  0.0095,  0.1439,
          0.5844, -0.8918,  0.9403, -0.7028,  3.7837, -3.4785,  1.1082,  1.0154,
         -1.8398,  0.5251, -0.9196, -0.5065, -0.2798,  0.4079,  0.5560,  0.0169,
          0.8366,  0.6834, -1.6611,  0.8057, -0.0389,  0.0712,  0.0311,  0.4002]],
       device='cuda:0')
[INFO] Observations: tensor([[-5.8058e-01, -3.2588e-01,  2.2365e-01,  5.8323e-02,  3.3164e-03,
         -1.7717e-01,  3.9187e-02,  5.0613e-03, -9.7084e-01, -6.4545e-01,
         -1.6071e-01,  4.6706e-03, -7.5226e-02,  6.9939e-02,  1.2061e-01,
          7.6538e-02,  1.7552e-01,  2.0062e-01, -3.8955e-01,  1.7607e-01,
          7.1823e-03,  4.9941e-02,  2.0053e-02,  1.3016e-01, -4.3011e-01,
          1.1686e+00, -1.3629e+00, -1.0097e+00,  3.4032e+00, -1.7383e+00,
         -1.2033e+00,  2.1402e+00, -7.9696e-01,  5.0505e-01,  8.2677e-01,
          4.6378e-02, -3.9912e-01,  6.0192e-01,  5.0450e-01,  6.0944e-02,
          1.0614e+00,  4.3297e-01, -1.7221e+00,  9.3634e-01, -8.6428e-02,
         -2.2004e-02,  5.9223e-02,  3.6168e-01]], device='cuda:0')
[INFO] Observations: tensor([[-3.8616e-01, -6.9223e-02, -5.1849e-02,  1.3421e-01, -1.2770e-01,
         -6.3503e-02,  1.9783e-02, -3.2615e-02, -1.0431e+00, -6.4545e-01,
         -1.6071e-01,  4.7699e-03, -7.3682e-02,  1.2059e-01,  1.1476e-01,
          5.6691e-02,  2.1748e-01,  1.1320e-01, -4.0437e-01,  2.4141e-01,
         -2.1015e-02,  1.4559e-02,  1.3894e-03,  1.1833e-01, -1.5745e-01,
          9.7240e-01,  2.9486e-01,  5.8245e-01,  3.0289e+00, -3.1672e+00,
         -1.5160e+00,  4.1346e+00, -1.9062e+00, -4.1331e-01, -8.1123e-01,
         -1.0593e+00, -4.5618e-01,  7.4698e-01,  5.4857e-01,  2.2729e-02,
          1.1967e+00,  2.2658e-01, -1.7024e+00,  1.1449e+00, -1.7074e-01,
         -8.5547e-02, -1.0328e-02,  3.3966e-01]], device='cuda:0')
[INFO] Observations: tensor([[-0.4128,  0.1232, -0.1539, -0.0878, -0.1005,  0.1193,  0.0271, -0.0153,
         -1.0394, -0.6455, -0.1607,  0.0050, -0.0807,  0.1980,  0.1143,  0.0403,
          0.2777,  0.0343, -0.4093,  0.2978, -0.0304, -0.0324, -0.0298,  0.0985,
          0.1288,  2.3309, -0.5933, -0.8750,  2.8839, -3.9660,  0.9491,  3.1771,
         -1.0017, -4.2868, -1.8266, -0.5392, -0.4506,  0.9316,  0.5058, -0.0187,
          1.2510, -0.0129, -1.6109,  1.3649, -0.2487, -0.2611, -0.1264,  0.2854]],
       device='cuda:0')
[INFO] Observations: tensor([[-7.2162e-01,  1.1985e-01,  1.2498e-01, -2.6021e-02, -4.7456e-01,
          3.8364e-02,  1.8558e-02, -6.2137e-02, -1.0181e+00, -6.4545e-01,
         -1.6071e-01,  5.6022e-03, -9.7936e-02,  2.7145e-01,  1.0897e-01,
          3.9478e-02,  3.0487e-01, -5.5658e-02, -3.6801e-01,  3.4264e-01,
         -2.5265e-02, -1.1646e-01, -5.4821e-02,  6.7900e-02, -9.0399e-01,
          3.7499e+00, -1.0431e+00, -7.2292e-02,  2.6401e+00, -6.7163e+00,
          7.5328e-01,  3.0765e+00,  1.4943e+00, -2.8926e+00,  1.5827e+00,
         -3.7046e-01, -4.0225e-01,  1.1498e+00,  4.6000e-01, -3.4053e-02,
          1.1849e+00, -2.6558e-01, -1.3896e+00,  1.5442e+00, -2.4475e-01,
         -4.8110e-01, -2.0818e-01,  2.3619e-01]], device='cuda:0')
[INFO] Observations: tensor([[-0.9465, -0.3933,  0.0194,  0.1932,  0.0770, -0.1280,  0.0546, -0.0610,
         -0.9726, -0.6455, -0.1607,  0.0068, -0.1077,  0.3044,  0.0988,  0.0398,
          0.3046, -0.1150, -0.3230,  0.3992,  0.0129, -0.1781, -0.0325,  0.0644,
          1.1711,  1.1831,  0.2014,  1.5464, -0.5315, -3.2517, -0.2566,  3.0525,
          1.0043, -1.3899,  3.4421, -0.3578, -0.4330,  1.2002,  0.2611,  0.1475,
          0.9643, -0.3209, -0.9983,  1.6505, -0.0980, -0.6687, -0.2043,  0.1929]],
       device='cuda:0')
[INFO] Observations: tensor([[-0.5054, -0.2257, -0.2406,  0.0683, -0.3329, -0.2002,  0.0277, -0.0185,
         -0.9811, -0.6455, -0.1607,  0.0084, -0.1066,  0.3090,  0.0817,  0.0389,
          0.2384, -0.1001, -0.3304,  0.4364,  0.0585, -0.1425,  0.0229,  0.0601,
         -1.2085, -1.4142,  0.5789, -0.0666, -2.2531, -0.9339,  0.1980, -0.6951,
          0.2337,  3.2921,  3.1459,  0.3096, -0.4363,  1.0037,  0.0958,  0.2964,
          0.6788, -0.2157, -0.6149,  1.7004,  0.1634, -0.6059, -0.0551,  0.1935]],
       device='cuda:0')
[INFO] Observations: tensor([[-0.9336, -0.2498,  0.1075, -0.1825, -0.1002,  0.1295,  0.0609, -0.0345,
         -0.9957, -0.6455, -0.1607,  0.0086, -0.0995,  0.3021,  0.0789,  0.0575,
          0.1408, -0.0857, -0.3056,  0.4163,  0.0870, -0.0991,  0.0558,  0.0705,
          0.9600,  0.4257, -1.7217, -0.4326, -2.8431, -0.3852,  1.6664, -0.2851,
         -1.4461,  1.8923,  1.5659,  0.9549, -0.4374,  0.7963,  0.0395,  0.3821,
          0.4685, -0.0892, -0.3342,  1.6600,  0.3358, -0.4281,  0.0944,  0.2596]],
       device='cuda:0')
[INFO] Observations: tensor([[-0.7584, -0.0179, -0.1053,  0.0847,  0.0142,  0.1451,  0.0048, -0.0132,
         -0.9837, -0.6455, -0.1607,  0.0084, -0.0930,  0.2779,  0.0498,  0.0849,
          0.0746, -0.0666, -0.2719,  0.4084,  0.0884, -0.0646,  0.0837,  0.0823,
          0.3788, -1.8826,  0.2173,  0.1991, -1.7589,  0.2819,  0.5931, -0.1533,
         -0.1198,  1.9317,  0.6734,  0.1643, -0.3651,  0.7909, -0.0861,  0.4495,
          0.2296,  0.0875, -0.2567,  1.6250,  0.3850, -0.3112,  0.1399,  0.2918]],
       device='cuda:0')
[INFO] Observations: tensor([[-0.9218,  0.0466,  0.3866, -0.0272, -0.1194, -0.2110,  0.0383, -0.0418,
         -1.0167, -0.6455, -0.1607,  0.0088, -0.0824,  0.2629,  0.0380,  0.1079,
         -0.0078, -0.0094, -0.2357,  0.3946,  0.0874, -0.0644,  0.1026,  0.0777,
          0.9090, -0.9600, -1.2959,  0.4290, -1.1970,  0.4310,  2.2428, -1.4578,
         -1.1208,  0.0813,  0.7958,  1.1130, -0.3349,  0.6719, -0.1900,  0.5264,
         -0.0241,  0.3180, -0.1122,  1.4936,  0.3848, -0.2140,  0.2006,  0.3141]],
       device='cuda:0')
[INFO] Observations: tensor([[-8.2241e-01, -4.4995e-01,  2.3263e-01, -4.7260e-02, -2.3947e-01,
         -5.7224e-02,  2.6575e-03,  2.1645e-02, -9.7216e-01, -6.4545e-01,
         -1.6071e-01,  8.4865e-03, -8.3878e-02,  2.3856e-01,  2.7359e-02,
          1.3510e-01, -4.3959e-02,  2.5478e-02, -1.8386e-01,  3.5497e-01,
          7.5128e-02, -5.9572e-02,  1.2013e-01,  9.0124e-02,  9.7944e-01,
         -7.4317e-01, -6.7941e-01,  1.2442e+00, -1.1315e+00,  1.6747e+00,
          3.4222e+00, -2.9850e+00,  2.8399e-01,  6.0472e-01, -1.5395e+00,
         -9.2499e-01, -3.2113e-01,  5.8293e-01, -1.5532e-01,  6.4439e-01,
         -2.3831e-01,  4.6821e-01,  3.5469e-03,  1.3056e+00,  3.1111e-01,
         -2.0221e-01,  2.8862e-01,  3.4462e-01]], device='cuda:0')
[INFO] Observations: tensor([[-0.7804,  0.0589,  0.2667,  0.2382,  0.2731,  0.3180, -0.0175,  0.0322,
         -0.9588, -0.6455, -0.1607,  0.0072, -0.0835,  0.2301,  0.0135,  0.1473,
         -0.0984,  0.0807, -0.1262,  0.3066,  0.0568, -0.0540,  0.1129,  0.0862,
         -0.1182, -0.8487,  0.7825,  1.7853, -1.8619,  2.9838,  4.2037, -1.8048,
         -1.0250, -0.8640, -0.8317, -2.0911, -0.2336,  0.5258, -0.0471,  0.7340,
         -0.4669,  0.7132,  0.0387,  1.0963,  0.2495, -0.2404,  0.3763,  0.3182]],
       device='cuda:0')
[INFO] Observations: tensor([[-5.9805e-01,  5.1821e-02, -2.1620e-01,  2.7278e-01,  1.4870e-01,
          9.0664e-02, -3.4738e-03, -4.7422e-02, -9.8689e-01, -6.4545e-01,
         -1.6071e-01,  6.4571e-03, -5.5494e-02,  2.2082e-01,  5.4681e-03,
          1.6074e-01, -1.3981e-01,  1.3697e-01, -5.4408e-02,  2.4175e-01,
          2.9485e-02, -6.2326e-02,  1.2137e-01,  8.1970e-02,  4.9529e-01,
          4.9959e-01, -1.8317e+00,  1.4077e+00, -4.1197e+00,  7.8036e-01,
          4.2498e+00, -2.6801e+00, -1.8467e+00,  1.5763e+00, -1.1365e+00,
         -1.7071e+00, -1.2390e-01,  5.8463e-01, -7.7914e-02,  7.9063e-01,
         -6.5387e-01,  8.8866e-01,  1.0252e-02,  8.8747e-01,  1.3549e-01,
         -2.8326e-01,  3.0669e-01,  3.2824e-01]], device='cuda:0')
[INFO] Observations: tensor([[-6.0137e-01, -1.1752e-01,  1.2808e-01,  2.5094e-01, -2.2555e-01,
         -9.5165e-02, -2.7161e-02,  1.2295e-02, -9.6837e-01, -6.4545e-01,
         -1.6071e-01,  5.7955e-03, -1.7853e-02,  2.0433e-01, -4.9088e-03,
          1.7681e-01, -1.8539e-01,  1.9808e-01, -1.0903e-03,  1.5705e-01,
          2.9273e-03, -5.6605e-02,  1.0773e-01,  7.3024e-02,  6.3061e-01,
         -1.5789e+00, -1.1748e-01, -1.1768e+00, -1.0947e+00,  5.3957e-01,
          3.1432e+00, -3.3177e+00, -5.9486e-01,  5.0955e-01,  4.0463e-01,
          8.0952e-02, -7.4623e-02,  5.1666e-01, -5.5186e-03,  7.6447e-01,
         -7.0919e-01,  9.9795e-01, -9.9728e-03,  6.4584e-01,  7.5506e-02,
         -2.8634e-01,  2.1453e-01,  3.0870e-01]], device='cuda:0')
[INFO] Observations: tensor([[-6.7177e-01, -2.0888e-01, -1.8341e-01,  1.5113e-02, -2.7516e-02,
          7.8024e-02,  3.5000e-02, -1.6190e-02, -1.0378e+00, -6.4545e-01,
         -1.6071e-01,  4.9453e-03, -1.3133e-02,  2.0059e-01,  1.7333e-02,
          1.8251e-01, -2.0293e-01,  2.3697e-01,  1.0619e-02,  8.3113e-02,
          1.4426e-03, -5.4050e-02,  1.1641e-01,  7.2991e-02, -1.8441e-01,
          1.0635e+00, -7.2717e-01, -6.0574e-02, -4.6630e-01,  9.5331e-01,
         -2.0332e-01, -3.5111e+00,  1.3157e+00,  8.7954e-01,  3.3266e-01,
         -1.3445e+00, -3.3100e-02,  3.7690e-01,  1.1015e-01,  7.7928e-01,
         -7.5441e-01,  1.2298e+00, -9.6373e-02,  3.4994e-01,  4.4915e-02,
         -3.0356e-01,  2.4449e-01,  3.4305e-01]], device='cuda:0')
[INFO] Observations: tensor([[-6.0693e-01, -6.2483e-02, -2.0763e-01, -3.7163e-01, -3.2432e-01,
          3.9231e-02, -3.1880e-03, -3.4803e-02, -1.0268e+00, -6.4545e-01,
         -1.6071e-01,  3.9831e-03,  2.4860e-03,  1.6425e-01,  2.8633e-02,
          1.7781e-01, -1.7942e-01,  2.8644e-01, -1.2314e-02,  2.2395e-02,
          4.5088e-03, -4.3492e-02,  1.3320e-01,  7.9993e-02,  4.0054e-01,
         -1.3033e+00, -1.2585e-01, -1.3881e+00,  3.8937e-02,  2.6931e+00,
         -9.1026e-01, -1.5999e+00,  1.4415e+00,  2.1520e+00, -1.6232e+00,
         -1.2961e+00, -1.7626e-02,  2.6563e-01,  2.4058e-01,  7.0258e-01,
         -6.9284e-01,  1.3423e+00, -3.1290e-01,  8.6680e-02,  5.9300e-02,
         -2.8474e-01,  1.6186e-01,  2.9932e-01]], device='cuda:0')
[INFO] Observations: tensor([[-0.5723, -0.0268, -0.2224,  0.0647, -0.4543,  0.0751, -0.0089, -0.0040,
         -0.9885, -0.6455, -0.1607,  0.0038, -0.0187,  0.1461,  0.0255,  0.1597,
         -0.1631,  0.3012, -0.0460, -0.0337,  0.0365, -0.0243,  0.1156,  0.0624,
         -1.7560, -0.2708,  1.1503,  0.4327,  1.6348,  1.5607, -1.4479, -2.1249,
          1.3861,  0.5252, -1.1139, -0.8865,  0.0692,  0.0913,  0.3738,  0.5687,
         -0.4722,  1.4408, -0.5791, -0.0934,  0.0996, -0.2655,  0.1253,  0.2905]],
       device='cuda:0')
[INFO] Observations: tensor([[-0.6978, -0.1286,  0.0876,  0.4462, -0.3154,  0.0315, -0.0266,  0.0421,
         -1.0443, -0.6455, -0.1607,  0.0052, -0.0196,  0.0946,  0.0602,  0.1137,
         -0.1250,  0.3455, -0.0983, -0.0331,  0.0506, -0.0064,  0.0963,  0.0598,
         -1.2776, -1.8777,  1.1517, -0.0530,  2.0686,  1.4724, -3.4062,  0.1977,
         -0.1605,  1.3496, -1.1651,  0.2056,  0.0460,  0.0168,  0.4540,  0.4554,
         -0.2063,  1.4480, -0.8315, -0.0716,  0.1826, -0.1764,  0.0858,  0.2708]],
       device='cuda:0')
[INFO] Observations: tensor([[-0.6342, -0.0386, -0.3198,  0.7074,  0.1703, -0.1368,  0.0179, -0.0525,
         -0.9724, -0.6455, -0.1607,  0.0054, -0.0272,  0.0519,  0.0650,  0.1018,
         -0.0703,  0.3576, -0.2177, -0.0145,  0.0443,  0.0120,  0.0619,  0.0922,
          0.3479, -0.6683,  1.3407, -1.4908,  2.3618, -0.4416, -4.9981,  0.8699,
          0.8102,  2.2509, -3.2515,  1.8250, -0.0135,  0.0311,  0.4697,  0.3108,
          0.1044,  1.3785, -1.0515,  0.0724,  0.1889, -0.0769,  0.0877,  0.2737]],
       device='cuda:0')
[INFO] Observations: tensor([[-6.0178e-01, -2.5607e-01, -1.2158e-01,  4.0558e-01,  2.5030e-01,
          1.6113e-01, -6.7615e-03, -2.4174e-02, -9.5361e-01, -6.4545e-01,
         -1.6071e-01,  4.9443e-03, -2.3371e-02,  4.0220e-02,  1.0020e-01,
          9.8358e-02, -2.2251e-02,  3.6220e-01, -3.1807e-01,  3.5229e-02,
          5.2174e-02,  3.0342e-02, -2.0106e-04,  1.3986e-01,  8.5579e-01,
          7.6544e-02, -1.2136e+00, -1.2137e+00,  3.9269e+00,  1.3693e+00,
         -4.9396e+00,  2.4460e+00, -5.1468e-01,  2.1266e-01, -1.4287e+00,
          1.0965e+00, -1.2257e-01,  9.1109e-02,  4.3470e-01,  2.0455e-01,
          3.6193e-01,  1.2474e+00, -1.1759e+00,  3.4756e-01,  1.5438e-01,
          7.2993e-02,  5.8976e-02,  2.6855e-01]], device='cuda:0')
[INFO] Observations: tensor([[-0.6449, -0.3113, -0.2369,  0.0720,  0.1755,  0.0122,  0.0589,  0.0261,
         -1.0482, -0.6455, -0.1607,  0.0049, -0.0304,  0.0356,  0.1049,  0.0894,
          0.0277,  0.3468, -0.3686,  0.0799,  0.0434,  0.0409, -0.0262,  0.1627,
         -0.7106, -0.3617,  1.6367, -1.1889,  3.5372, -0.6468, -2.0402,  2.7287,
          1.2260, -0.4187,  0.6854,  0.9768, -0.0843,  0.2040,  0.4715,  0.0469,
          0.5241,  1.1201, -1.3932,  0.5845,  0.0768,  0.0937, -0.0100,  0.3506]],
       device='cuda:0')
[INFO] Observations: tensor([[-8.0497e-01, -2.5318e-01,  6.9770e-02, -1.5131e-01, -2.9934e-01,
         -2.0317e-01,  2.8075e-03,  4.6443e-03, -9.6159e-01, -6.4545e-01,
         -1.6071e-01,  6.0289e-03, -4.4120e-02,  2.9754e-02,  1.1223e-01,
          8.0718e-02,  8.3674e-02,  3.0761e-01, -3.8008e-01,  1.2810e-01,
          5.0616e-02,  5.2399e-02, -5.6287e-03,  1.4646e-01, -5.7673e-01,
          4.6437e-01,  8.6337e-01, -1.3057e+00,  2.2987e+00,  1.1591e-01,
         -4.3472e-01,  3.8684e+00,  9.1988e-01, -6.4533e-01, -1.3951e-01,
          5.6358e-01, -1.2217e-01,  3.0840e-01,  4.6423e-01, -2.2062e-02,
          6.8072e-01,  9.0639e-01, -1.5039e+00,  7.7084e-01,  5.3094e-02,
          8.5014e-02, -1.3073e-03,  3.8294e-01]], device='cuda:0')
[INFO] Observations: tensor([[-0.6347, -0.2970,  0.1412, -0.0672, -0.1169, -0.0857,  0.0428, -0.0458,
         -0.9999, -0.6455, -0.1607,  0.0078, -0.0613,  0.0593,  0.1048,  0.0586,
          0.1346,  0.2619, -0.3840,  0.1855,  0.0326,  0.0706,  0.0070,  0.1313,
          0.7215, -0.1141,  1.0065,  0.0991,  0.9763, -3.2848, -0.1995,  1.5457,
         -1.2732,  1.7130, -0.0971, -1.1347, -0.2337,  0.4327,  0.4965, -0.0493,
          0.8981,  0.6427, -1.6316,  0.9394,  0.0319,  0.0474,  0.0120,  0.3819]],
       device='cuda:0')
[INFO] Observations: tensor([[-0.8036, -0.2689,  0.0826,  0.1006,  0.2245, -0.2707,  0.0526, -0.0557,
         -1.0481, -0.6455, -0.1607,  0.0100, -0.0574,  0.0872,  0.1122,  0.0540,
          0.1904,  0.1836, -0.3771,  0.2369,  0.0290,  0.0598, -0.0064,  0.1324,
         -1.5712,  2.0341, -0.3682, -0.6603,  2.8791, -2.2055, -0.1402,  3.6448,
         -0.0175,  0.2693, -1.4017, -1.1733, -0.3030,  0.6523,  0.5097, -0.0390,
          1.1224,  0.3844, -1.6530,  1.1714, -0.0252, -0.0037, -0.0286,  0.3790]],
       device='cuda:0')
[INFO] Observations: tensor([[-0.9574, -0.2839, -0.1325,  0.1170,  0.0462,  0.0843,  0.0444, -0.0735,
         -0.9516, -0.6455, -0.1607,  0.0116, -0.0692,  0.1467,  0.1108,  0.0524,
          0.2422,  0.1018, -0.3971,  0.2963, -0.0059,  0.0535, -0.0256,  0.1176,
          1.1273,  2.4813,  0.3055, -0.1338,  3.2105, -4.9495,  1.2130,  3.6303,
          0.0679, -0.7538, -1.7541,  0.0221, -0.3668,  0.7896,  0.5000, -0.0306,
          1.2122,  0.1130, -1.6054,  1.3435, -0.1163, -0.1141, -0.1031,  0.2917]],
       device='cuda:0')
[INFO] Observations: tensor([[-5.8836e-01, -4.2686e-03,  9.4009e-02,  1.3848e-01, -2.0727e-01,
          3.9459e-02, -4.6040e-03, -2.2515e-02, -9.9619e-01, -6.4545e-01,
         -1.6071e-01,  1.3134e-02, -7.0278e-02,  2.2344e-01,  1.1602e-01,
          3.2195e-02,  3.0074e-01,  2.6445e-02, -3.8573e-01,  3.5926e-01,
         -9.9128e-03, -2.0438e-02, -4.8778e-02,  9.0755e-02,  1.1213e+00,
          5.1301e+00,  1.3423e+00, -8.5709e-01,  1.1620e+00, -4.1082e+00,
          9.6558e-02,  3.0593e+00, -3.1337e-01, -3.8905e+00, -1.3259e+00,
         -5.5564e-01, -3.2296e-01,  1.0115e+00,  4.4363e-01, -4.7130e-02,
          1.2000e+00, -1.3049e-01, -1.5193e+00,  1.5211e+00, -2.2006e-01,
         -2.9014e-01, -2.0706e-01,  2.4880e-01]], device='cuda:0')
[INFO] Observations: tensor([[-4.2378e-01,  1.1674e-03, -2.2633e-01, -1.0495e-01, -2.1009e-01,
         -1.1058e-01,  3.6396e-02, -2.8089e-02, -9.9605e-01, -6.4545e-01,
         -1.6071e-01,  1.4404e-02, -8.4012e-02,  3.0913e-01,  1.0585e-01,
          9.2539e-03,  3.1995e-01, -6.6759e-02, -3.4448e-01,  4.1983e-01,
         -7.4956e-03, -9.9964e-02, -7.3145e-02,  7.0274e-02, -7.5772e-02,
          2.6591e+00,  8.4251e-01, -6.6298e-01, -5.6788e-01, -5.3838e+00,
          1.7593e+00,  8.9113e-01,  1.8794e+00, -4.3931e+00,  9.8641e-01,
          9.0387e-01, -2.6838e-01,  1.1761e+00,  4.0232e-01, -1.1402e-02,
          1.1443e+00, -3.3597e-01, -1.2176e+00,  1.7267e+00, -1.3102e-01,
         -4.5770e-01, -2.1655e-01,  2.1386e-01]], device='cuda:0')
[INFO] Observations: tensor([[-8.2986e-01, -1.7422e-03, -6.0238e-02,  1.7793e-01,  9.7974e-02,
         -2.0990e-01,  6.3395e-02, -2.7900e-02, -1.0389e+00, -6.4545e-01,
         -1.6071e-01,  1.5581e-02, -7.9207e-02,  3.2421e-01,  9.0684e-02,
          1.9096e-02,  2.9962e-01, -1.1684e-01, -3.1970e-01,  4.5755e-01,
          4.3792e-02, -1.3038e-01,  1.8999e-03,  6.7631e-02, -1.4568e+00,
         -2.2698e-01, -8.7933e-01, -4.2591e-01,  4.3197e-01, -7.8280e-01,
          6.3154e-01,  1.8768e+00,  8.1465e-01,  2.4603e+00,  3.4246e+00,
         -1.3132e+00, -3.4789e-01,  1.2241e+00,  2.1323e-01,  1.6275e-01,
          9.4455e-01, -3.0808e-01, -7.5642e-01,  1.8097e+00,  1.3743e-01,
         -4.9395e-01, -1.1418e-01,  1.9772e-01]], device='cuda:0')
[INFO] Observations: tensor([[-0.8775,  0.1573, -0.0241,  0.0738,  0.0731, -0.1769,  0.0525,  0.0170,
         -1.0021, -0.6455, -0.1607,  0.0158, -0.0686,  0.3081,  0.0908,  0.0428,
          0.2185, -0.1126, -0.3065,  0.4536,  0.0992, -0.0808,  0.0408,  0.0742,
          1.3315, -0.8819,  0.9995,  1.8808, -1.9192,  0.6465,  2.2794,  0.8182,
         -1.5350,  3.0081,  2.9104, -0.2708, -0.3756,  0.9427,  0.0671,  0.3302,
          0.6429, -0.1699, -0.4586,  1.7877,  0.3315, -0.4389,  0.0519,  0.2512]],
       device='cuda:0')
[INFO] Observations: tensor([[-0.7006, -0.4276, -0.2652, -0.2151, -0.0136,  0.1347, -0.0129, -0.0189,
         -0.9536, -0.6455, -0.1607,  0.0144, -0.0812,  0.2944,  0.0721,  0.0850,
          0.1199, -0.0775, -0.3015,  0.4593,  0.1152, -0.0555,  0.0818,  0.0746,
          1.3861, -1.8025,  0.4509,  0.4608, -3.1928,  0.9284,  2.5215, -1.5926,
         -1.0018,  1.8711,  2.3290, -1.2756, -0.3335,  0.7611, -0.0453,  0.4672,
          0.4069, -0.0701, -0.2725,  1.7495,  0.4597, -0.3125,  0.1785,  0.2801]],
       device='cuda:0')
[INFO] Observations: tensor([[-0.8207, -0.4262,  0.0687, -0.7036, -0.1018,  0.3951, -0.0055,  0.0321,
         -0.9799, -0.6455, -0.1607,  0.0120, -0.0680,  0.2644,  0.0552,  0.1118,
          0.0415, -0.0322, -0.2622,  0.4441,  0.1231, -0.0520,  0.1251,  0.0646,
         -0.1618, -2.5704,  0.0046,  1.9701, -2.6906,  0.8861,  1.6338,  0.8024,
          0.4039, -0.0364,  0.4367, -1.0561, -0.2641,  0.6998, -0.1687,  0.5518,
          0.1541,  0.1758, -0.1981,  1.7099,  0.5226, -0.2418,  0.2776,  0.2759]],
       device='cuda:0')
[INFO] Observations: tensor([[-0.5671, -0.1338,  0.3407,  0.2256, -0.0253, -0.1069,  0.0316,  0.0133,
         -1.0292, -0.6455, -0.1607,  0.0111, -0.0572,  0.2442,  0.0273,  0.1167,
         -0.0263,  0.0177, -0.2175,  0.4050,  0.0955, -0.0510,  0.1394,  0.0767,
          0.3577,  0.6516, -1.8012,  0.7682, -3.6823,  1.5618,  3.4566, -0.8425,
         -0.4007,  1.4608, -0.0596, -0.2228, -0.2382,  0.7514, -0.1562,  0.5429,
         -0.1653,  0.4710, -0.0595,  1.5184,  0.4311, -0.2061,  0.3492,  0.2637]],
       device='cuda:0')
[INFO] Observations: tensor([[-6.6428e-01,  8.9072e-02,  2.8458e-01,  1.1785e-01, -4.3363e-02,
         -1.0604e-01,  3.7848e-02, -4.4037e-02, -1.0247e+00, -6.4545e-01,
         -1.6071e-01,  1.0789e-02, -5.8342e-02,  2.2322e-01,  3.0727e-02,
          1.2975e-01, -8.6001e-02,  5.6318e-02, -1.5522e-01,  3.6226e-01,
          8.6668e-02, -4.3863e-02,  1.3654e-01,  7.2779e-02,  7.6220e-01,
         -9.2878e-01,  7.4234e-01,  3.8990e-01, -1.6471e+00,  1.9173e+00,
          2.1874e+00, -3.8896e+00, -7.5654e-01,  1.1146e+00, -7.1320e-01,
         -2.7593e-01, -2.3746e-01,  6.4554e-01, -1.0369e-01,  6.2323e-01,
         -3.3467e-01,  5.4156e-01, -2.8319e-03,  1.3160e+00,  3.5438e-01,
         -2.2623e-01,  3.8114e-01,  2.7345e-01]], device='cuda:0')
[INFO] Observations: tensor([[-0.4652, -0.3345,  0.0770,  0.1059, -0.1930,  0.2592,  0.0577,  0.0437,
         -0.9874, -0.6455, -0.1607,  0.0097, -0.0607,  0.2056,  0.0137,  0.1572,
         -0.1228,  0.1118, -0.0986,  0.2744,  0.0575, -0.0567,  0.1313,  0.0906,
         -1.3440,  0.5739,  0.5167,  0.1436, -1.7277,  2.3271,  1.8059, -2.7494,
         -1.8096, -0.1749, -1.1705, -0.8581, -0.1970,  0.4741, -0.0861,  0.6980,
         -0.5084,  0.7357,  0.0741,  1.0555,  0.2552, -0.2105,  0.3633,  0.3327]],
       device='cuda:0')
[INFO] Observations: tensor([[-1.0053, -0.2193, -0.2419,  0.3987,  0.0368,  0.0471, -0.0103, -0.0094,
         -1.0447, -0.6455, -0.1607,  0.0083, -0.0334,  0.2016,  0.0175,  0.1703,
         -0.1484,  0.1639, -0.0386,  0.1911,  0.0441, -0.0573,  0.1323,  0.0926,
          0.9460,  0.4643, -1.5094,  0.8533, -3.4918,  1.8383,  1.9588, -3.1799,
         -2.1936,  0.1775,  0.5935, -0.2794, -0.1118,  0.4815, -0.0435,  0.7192,
         -0.6643,  0.9703,  0.0405,  0.7678,  0.1479, -0.2452,  0.3376,  0.3425]],
       device='cuda:0')
[INFO] Observations: tensor([[-1.0171e+00, -1.5987e-02,  6.5102e-02, -3.7487e-02, -1.0769e-01,
          1.4312e-02,  1.9551e-02, -6.2518e-03, -1.0386e+00, -6.4545e-01,
         -1.6071e-01,  6.9622e-03, -2.5471e-02,  1.8334e-01,  1.0590e-02,
          1.7409e-01, -1.8314e-01,  2.0952e-01, -7.1332e-04,  1.1079e-01,
          2.1222e-02, -4.6213e-02,  1.3311e-01,  6.6529e-02,  2.1046e+00,
         -2.0624e+00,  5.8493e-01, -1.2090e+00, -2.4032e+00,  2.9993e+00,
         -3.2010e-01, -3.8060e+00, -1.5505e+00,  7.5359e-01,  7.5133e-01,
         -1.2914e+00, -6.6401e-02,  4.0918e-01,  3.1872e-02,  7.2401e-01,
         -7.3517e-01,  1.0820e+00, -4.8510e-02,  4.9116e-01,  7.8118e-02,
         -3.1583e-01,  2.7510e-01,  3.1649e-01]], device='cuda:0')
[INFO] Observations: tensor([[-8.9619e-01,  9.6575e-02, -3.1000e-01, -5.2858e-01, -1.6175e-01,
          2.8155e-01, -2.4265e-02,  3.9142e-02, -9.5649e-01, -6.4545e-01,
         -1.6071e-01,  5.5406e-03, -6.1768e-03,  1.6228e-01,  1.6358e-02,
          1.6322e-01, -1.9847e-01,  2.6143e-01, -5.5497e-05,  4.1357e-02,
         -1.4005e-03, -5.2636e-02,  1.3243e-01,  6.6501e-02, -1.1622e-02,
         -2.1820e+00,  7.4495e-01,  3.3860e-01, -2.1256e-01,  1.5420e+00,
         -3.3548e-02, -3.0364e+00,  6.7132e-01, -2.2323e-01, -9.0489e-01,
         -1.3747e+00,  8.9790e-04,  2.4813e-01,  1.3121e-01,  7.3040e-01,
         -7.2381e-01,  1.2195e+00, -2.1874e-01,  1.9110e-01,  5.8401e-03,
         -3.6593e-01,  2.4837e-01,  3.0909e-01]], device='cuda:0')
[INFO] Observations: tensor([[-0.4462, -0.3980, -0.1816, -0.0631, -0.4412,  0.2281, -0.0055,  0.0467,
         -0.9963, -0.6455, -0.1607,  0.0046,  0.0071,  0.1526,  0.0194,  0.1736,
         -0.1761,  0.3001, -0.0066, -0.0110,  0.0228, -0.0344,  0.1263,  0.0740,
         -0.0933, -2.0773,  0.1286, -1.0508,  0.9954,  2.8063, -0.3265, -2.9270,
          1.4456,  1.8538, -2.1653, -1.6645,  0.0652,  0.1864,  0.2589,  0.6376,
         -0.6219,  1.4204, -0.4190, -0.0070,  0.0456, -0.3314,  0.1627,  0.3115]],
       device='cuda:0')
[INFO] Observations: tensor([[-7.6822e-01, -2.4638e-01,  1.0370e-01,  2.3386e-01, -4.4504e-01,
         -2.9914e-01,  4.4958e-02,  1.4192e-02, -1.0429e+00, -6.4545e-01,
         -1.6071e-01,  6.0978e-03, -1.6626e-03,  1.3669e-01,  4.2833e-02,
          1.4564e-01, -1.5594e-01,  3.3683e-01, -7.3663e-02, -2.6565e-02,
          6.0879e-02, -4.4121e-02,  1.1842e-01,  6.8088e-02,  1.2179e+00,
          8.0249e-01,  9.4308e-01,  1.1507e-01,  1.9091e+00,  7.1639e-01,
         -1.8546e+00, -1.0993e+00,  1.6734e+00,  1.3047e+00,  3.8304e-02,
         -1.5892e+00,  1.4414e-01,  8.3869e-02,  3.7835e-01,  5.1977e-01,
         -4.1498e-01,  1.5145e+00, -7.0624e-01, -1.0938e-01,  1.1889e-01,
         -2.8740e-01,  1.4523e-01,  2.7590e-01]], device='cuda:0')
[INFO] Observations: tensor([[-7.4594e-01, -4.1225e-01, -2.8081e-01,  5.6984e-01,  2.6965e-01,
          6.6932e-02, -3.0391e-03,  4.8571e-02, -1.0200e+00, -6.4545e-01,
         -1.6071e-01,  6.9762e-03, -9.9470e-03,  5.8890e-02,  5.8663e-02,
          1.0996e-01, -1.2280e-01,  3.4344e-01, -1.6958e-01, -1.8446e-02,
          6.2081e-02, -2.3786e-02,  8.7786e-02,  7.4472e-02, -1.0869e+00,
         -1.4051e+00,  1.9895e+00, -8.3885e-01,  2.7241e+00, -7.6026e-01,
         -3.3078e+00,  7.8948e-01,  1.0707e+00,  1.3851e+00, -1.7416e+00,
         -1.4298e+00,  3.1467e-02, -1.4468e-02,  4.8332e-01,  4.1388e-01,
         -1.1740e-01,  1.3904e+00, -9.3519e-01, -7.9489e-02,  1.7251e-01,
         -1.8747e-01,  1.3976e-01,  2.5576e-01]], device='cuda:0')
[INFO] Observations: tensor([[-4.7556e-01, -1.5564e-02, -9.2609e-02,  6.3002e-01,  3.9123e-01,
          1.3350e-02,  3.1770e-03,  4.1935e-02, -9.5891e-01, -6.4545e-01,
         -1.6071e-01,  7.0837e-03, -6.5573e-03,  3.2332e-02,  8.7649e-02,
          1.1341e-01, -6.4708e-02,  3.5577e-01, -2.6889e-01,  5.4064e-03,
          4.5462e-02,  3.7547e-04,  2.1828e-02,  1.0409e-01,  5.2801e-01,
         -3.7410e-02,  9.5249e-01, -1.3330e+00,  1.9847e+00,  3.6771e-01,
         -5.3368e+00,  6.8228e-01,  4.9334e-01,  3.9140e-01, -3.7119e+00,
          3.3884e+00, -4.2778e-03,  4.3092e-02,  4.1350e-01,  2.5820e-01,
          1.2105e-01,  1.3167e+00, -1.1553e+00,  1.3451e-01,  1.9208e-01,
         -5.8634e-02,  1.0343e-01,  2.5901e-01]], device='cuda:0')
[INFO] Observations: tensor([[-7.8950e-01,  2.9766e-02, -2.1571e-01,  4.2770e-02,  2.3643e-01,
          4.9106e-02,  3.9500e-02,  1.0956e-02, -9.7463e-01, -6.4545e-01,
         -1.6071e-01,  7.1458e-03, -8.9129e-03,  2.5546e-02,  9.9715e-02,
          1.1283e-01, -4.2646e-03,  3.4958e-01, -3.4641e-01,  3.0818e-02,
          4.8077e-02,  3.0722e-02,  7.7178e-04,  1.5524e-01,  9.9199e-01,
          1.2093e+00,  1.2068e+00,  7.0841e-01,  2.3741e+00, -4.1470e-01,
         -2.9722e-01,  1.0738e+00,  1.5245e+00, -1.3383e+00, -1.3318e+00,
          1.0768e+00, -5.1874e-02,  1.1186e-01,  4.4028e-01,  1.5724e-01,
          3.5238e-01,  1.1787e+00, -1.2225e+00,  4.3998e-01,  1.7026e-01,
          7.1534e-02,  6.3581e-02,  3.0957e-01]], device='cuda:0')
[INFO] Observations: tensor([[-0.5106, -0.1682,  0.0088, -0.2168,  0.0754,  0.0758,  0.0477, -0.0101,
         -1.0425, -0.6455, -0.1607,  0.0074, -0.0192,  0.0313,  0.0996,  0.0947,
          0.0307,  0.3028, -0.3507,  0.0771,  0.0706,  0.0328, -0.0076,  0.1570,
          0.7815,  1.3110,  0.0941, -1.1902,  0.3179,  0.4400,  0.9741,  1.4254,
          0.8489, -0.2826, -1.1620,  0.8679, -0.0589,  0.2038,  0.4478,  0.0783,
          0.5123,  1.0036, -1.4471,  0.5615,  0.1057,  0.1020,  0.0286,  0.3638]],
       device='cuda:0')
[INFO] Observations: tensor([[-0.5602,  0.1692, -0.2296,  0.0284, -0.0461, -0.2708,  0.0399,  0.0046,
         -0.9576, -0.6455, -0.1607,  0.0083, -0.0209,  0.0345,  0.0993,  0.0749,
          0.0794,  0.2610, -0.3590,  0.1264,  0.0742,  0.0603,  0.0148,  0.1650,
         -0.2711,  0.1813,  0.0154, -1.2319,  1.0640, -2.8350,  1.3471,  1.9509,
         -0.2401,  0.8734,  0.3844, -0.5291, -0.0922,  0.3387,  0.4802,  0.0085,
          0.7237,  0.7054, -1.5617,  0.7833,  0.0954,  0.1103,  0.0188,  0.4058]],
       device='cuda:0')
[INFO] Observations: tensor([[-0.4874, -0.2166,  0.0550,  0.0762,  0.1597,  0.1326,  0.0442,  0.0076,
         -0.9886, -0.6455, -0.1607,  0.0091, -0.0331,  0.0429,  0.1001,  0.0633,
          0.1355,  0.1794, -0.3669,  0.1767,  0.0622,  0.0684,  0.0170,  0.1479,
         -0.8197,  0.3853, -0.9848,  0.9478,  3.6091, -3.8975, -1.5351,  2.5165,
          0.9411, -0.3048,  1.1820,  0.4868, -0.2692,  0.5085,  0.4484,  0.0117,
          1.0092,  0.4281, -1.6394,  0.9719,  0.0488,  0.0812,  0.0272,  0.3989]],
       device='cuda:0')
[INFO] Observations: tensor([[-0.6407, -0.3709,  0.2162, -0.0692,  0.0629,  0.0433,  0.0822, -0.0259,
         -1.0236, -0.6455, -0.1607,  0.0104, -0.0418,  0.0829,  0.0867,  0.0515,
          0.2030,  0.1276, -0.3861,  0.2432,  0.0285,  0.0397,  0.0034,  0.1316,
         -1.9027,  2.0555, -1.8690,  0.2758,  1.7905, -2.0524, -0.4292,  2.8239,
         -1.4038, -1.1297,  0.7649, -2.1881, -0.2859,  0.6611,  0.4162, -0.0491,
          1.1108,  0.2450, -1.6416,  1.2246, -0.0790, -0.0232, -0.0404,  0.4084]],
       device='cuda:0')
[INFO] Observations: tensor([[-6.3474e-01, -2.7032e-01, -1.2548e-01,  1.6979e-03, -1.5244e-01,
         -2.6856e-02,  6.3027e-02,  4.5157e-03, -1.0403e+00, -6.4545e-01,
         -1.6071e-01,  1.2286e-02, -4.8173e-02,  1.5315e-01,  1.0057e-01,
          3.9092e-02,  2.5719e-01,  4.9378e-02, -3.8427e-01,  2.9926e-01,
         -2.9073e-03, -1.1474e-02, -2.6052e-02,  1.1296e-01, -1.8192e+00,
          2.0124e+00, -1.3341e-01, -3.0169e-01,  1.1949e+00, -5.2377e+00,
         -7.8971e-01,  3.5229e+00,  1.2851e-01, -2.7706e+00, -1.6507e+00,
         -9.2682e-02, -2.7378e-01,  8.0623e-01,  4.7957e-01, -7.9710e-02,
          1.1839e+00, -5.7497e-02, -1.5509e+00,  1.4380e+00, -1.6694e-01,
         -2.1072e-01, -9.9669e-02,  3.9106e-01]], device='cuda:0')
[INFO] Observations: tensor([[-4.9402e-01, -8.4437e-02, -9.9709e-03,  5.1333e-02, -2.7571e-01,
         -2.7870e-02,  7.3536e-02, -7.9239e-03, -9.8342e-01, -6.4545e-01,
         -1.6071e-01,  1.4787e-02, -4.4124e-02,  2.4519e-01,  1.0224e-01,
          3.7360e-02,  2.9918e-01, -5.0627e-02, -3.5177e-01,  3.7087e-01,
         -3.1932e-03, -9.5581e-02, -4.1221e-02,  9.7124e-02, -1.2594e+00,
          2.6126e+00, -2.7830e-01,  2.8485e-01,  1.2734e+00, -4.4399e+00,
          2.3279e+00,  2.2018e+00, -2.4197e-01, -5.6939e+00, -2.8317e-01,
         -1.2312e+00, -2.3589e-01,  9.9030e-01,  4.2309e-01, -6.6341e-02,
          1.1434e+00, -2.4364e-01, -1.3118e+00,  1.5842e+00, -1.3818e-01,
         -4.4188e-01, -1.2559e-01,  2.9280e-01]], device='cuda:0')
[INFO] Observations: tensor([[-0.8934, -0.1667, -0.1519,  0.2895, -0.3394, -0.1592,  0.0479, -0.0177,
         -1.0191, -0.6455, -0.1607,  0.0168, -0.0523,  0.2956,  0.1004,  0.0211,
          0.2926, -0.1389, -0.3264,  0.4210,  0.0264, -0.1836, -0.0089,  0.0723,
          1.0159,  1.0064, -1.2750, -1.3470, -0.9560, -4.1698,  0.2204,  3.2720,
          1.2905, -1.1602,  1.7047, -1.4094, -0.2604,  1.1107,  0.2974,  0.0998,
          1.0173, -0.3676, -0.9426,  1.7316,  0.0363, -0.6380, -0.0996,  0.2693]],
       device='cuda:0')
[INFO] Observations: tensor([[-0.5251, -0.2766, -0.1336,  0.2362, -0.1801,  0.0157, -0.0164, -0.0302,
         -1.0192, -0.6455, -0.1607,  0.0188, -0.0506,  0.2943,  0.0827,  0.0381,
          0.2398, -0.1264, -0.3115,  0.4462,  0.0643, -0.1306,  0.0399,  0.0641,
         -0.0344, -1.4460, -0.6566, -0.2961, -2.7999,  1.4871,  0.0850,  1.0998,
          1.1132,  2.6600,  2.1623,  0.7893, -0.3244,  0.9604,  0.1232,  0.2281,
          0.7210, -0.2712, -0.6018,  1.7332,  0.2192, -0.6601,  0.0303,  0.2362]],
       device='cuda:0')
[INFO] Observations: tensor([[-3.9505e-01, -3.9507e-02, -1.3013e-01,  1.3158e-01, -3.5898e-01,
         -2.7461e-01,  3.6001e-02,  1.3119e-02, -1.0190e+00, -6.4545e-01,
         -1.6071e-01,  2.0083e-02, -4.9217e-02,  2.7972e-01,  5.7568e-02,
          4.0435e-02,  1.4683e-01, -1.0158e-01, -2.9202e-01,  4.4398e-01,
          1.1307e-01, -1.0229e-01,  6.3575e-02,  6.6864e-02, -8.2555e-01,
         -1.7439e-01, -9.6340e-01,  1.7496e+00, -2.5148e+00, -2.7660e-01,
          6.0691e-01,  1.3309e-03, -7.0172e-01,  2.8368e+00,  4.4478e-01,
          7.7753e-01, -3.1226e-01,  7.8831e-01, -8.4874e-03,  2.9908e-01,
          4.4905e-01, -1.0765e-01, -3.4820e-01,  1.7005e+00,  3.8464e-01,
         -4.6684e-01,  1.1930e-01,  2.9264e-01]], device='cuda:0')
[INFO] Observations: tensor([[-0.3904, -0.2717, -0.0843, -0.2882, -0.0731,  0.2313,  0.0323, -0.0302,
         -1.0289, -0.6455, -0.1607,  0.0197, -0.0499,  0.2634,  0.0494,  0.0599,
          0.0765, -0.0727, -0.2538,  0.4259,  0.1046, -0.0740,  0.0972,  0.0825,
         -0.5277, -0.1021, -0.2553, -0.6555, -4.3447,  3.0888,  0.6992, -0.8895,
          0.7222,  2.0237,  1.5721,  0.5703, -0.3092,  0.6595, -0.0300,  0.3763,
          0.2604,  0.0214, -0.1162,  1.6098,  0.4746, -0.2988,  0.2354,  0.2969]],
       device='cuda:0')
[INFO] Observations: tensor([[-7.5430e-01, -2.5042e-01, -2.4835e-02, -3.2509e-01, -2.0486e-01,
          2.2073e-01, -3.3617e-03,  1.0114e-02, -9.6705e-01, -6.4545e-01,
         -1.6071e-01,  1.8854e-02, -5.3241e-02,  2.3311e-01,  2.8749e-02,
          8.4600e-02,  3.1653e-03, -2.9638e-02, -2.2230e-01,  3.8841e-01,
          1.0975e-01, -6.3150e-02,  1.1915e-01,  8.3623e-02,  7.4243e-01,
         -8.7982e-02, -2.1271e+00,  1.3417e+00, -3.9870e+00,  2.9581e+00,
          2.1368e+00, -1.1385e+00, -8.4701e-01,  2.1710e+00, -1.1219e-01,
         -1.1082e+00, -2.1614e-01,  6.3712e-01, -1.5782e-01,  3.9224e-01,
         -8.1753e-03,  2.0608e-01, -6.3180e-02,  1.4822e+00,  4.6319e-01,
         -2.4085e-01,  2.5984e-01,  3.4430e-01]], device='cuda:0')
[INFO] Observations: tensor([[-0.5933, -0.2551,  0.1428,  0.0941,  0.0073, -0.0399, -0.0108,  0.0339,
         -0.9589, -0.6455, -0.1607,  0.0186, -0.0541,  0.2286,  0.0196,  0.0935,
         -0.0523,  0.0198, -0.1715,  0.3697,  0.1051, -0.0571,  0.1182,  0.0829,
          1.3181,  0.4070,  0.3501, -0.4044, -3.0594,  0.9361,  1.4366, -0.5665,
         -1.6573, -1.1104, -0.1164,  0.0756, -0.1783,  0.6154, -0.1712,  0.4942,
         -0.2479,  0.3913, -0.0400,  1.3460,  0.4185, -0.2636,  0.3158,  0.3172]],
       device='cuda:0')
[INFO] Observations: tensor([[-0.9411, -0.2177,  0.3526, -0.0302, -0.0746,  0.1821,  0.0595,  0.0368,
         -0.9697, -0.6455, -0.1607,  0.0185, -0.0499,  0.2042,  0.0037,  0.1199,
         -0.1054,  0.0759, -0.1220,  0.3183,  0.0724, -0.0658,  0.1232,  0.0901,
         -0.1077,  0.3481, -0.4032, -0.7817, -3.5266,  1.8019,  1.8071, -2.6320,
         -0.1749,  1.1261,  1.4034,  0.7142, -0.1724,  0.5658, -0.1519,  0.5456,
         -0.4452,  0.5963,  0.0800,  1.1464,  0.3370, -0.2276,  0.3758,  0.3351]],
       device='cuda:0')
[INFO] Observations: tensor([[-0.7063,  0.0594, -0.0221,  0.1418, -0.1355,  0.1074, -0.0219, -0.0304,
         -1.0186, -0.6455, -0.1607,  0.0188, -0.0396,  0.2023,  0.0113,  0.1215,
         -0.1561,  0.1272, -0.0538,  0.2372,  0.0500, -0.0497,  0.1131,  0.0889,
         -1.4588, -1.8325,  1.0483,  0.3115, -1.5227,  1.2010,  3.7445, -3.4914,
         -1.1278, -0.4820, -1.5472,  0.4090, -0.1544,  0.5207, -0.1413,  0.6024,
         -0.6352,  0.7920,  0.0331,  0.9036,  0.2017, -0.2809,  0.3223,  0.3756]],
       device='cuda:0')
[INFO] Observations: tensor([[-0.8829, -0.3969, -0.1716,  0.1699, -0.0324, -0.1744,  0.0239,  0.0213,
         -0.9936, -0.6455, -0.1607,  0.0191, -0.0326,  0.2011, -0.0080,  0.1397,
         -0.1779,  0.1841, -0.0060,  0.1777,  0.0209, -0.0554,  0.1233,  0.0941,
          1.1447, -1.3659, -0.8241, -0.2982, -1.5176,  1.0448,  2.8384, -2.7042,
          1.2945,  0.2604, -0.8369,  0.1353, -0.0902,  0.4241, -0.0689,  0.6738,
         -0.7252,  1.0347,  0.0720,  0.6527,  0.1165, -0.2717,  0.2644,  0.4079]],
       device='cuda:0')
[INFO] Observations: tensor([[-0.8934,  0.0583, -0.1748, -0.0491, -0.2314, -0.1660,  0.0716,  0.0408,
         -1.0097, -0.6455, -0.1607,  0.0193, -0.0206,  0.1761, -0.0054,  0.1515,
         -0.1929,  0.2317,  0.0138,  0.1034,  0.0270, -0.0682,  0.1256,  0.0981,
          0.0272,  0.4381,  1.7654,  1.5448, -1.9362,  2.8143,  0.4316, -4.0160,
          0.1510, -1.0979,  0.2590, -1.9220, -0.0351,  0.2951,  0.1019,  0.6872,
         -0.7980,  1.2346, -0.0636,  0.3525,  0.0884, -0.3288,  0.2833,  0.3723]],
       device='cuda:0')
[INFO] Observations: tensor([[-9.6802e-01, -3.5261e-01, -1.4745e-01, -3.3115e-01, -6.3864e-01,
          2.9954e-01,  1.3214e-02, -3.2604e-02, -1.0007e+00, -6.4545e-01,
         -1.6071e-01,  1.8433e-02, -1.5982e-02,  1.5414e-01,  1.1287e-03,
          1.6353e-01, -1.9812e-01,  2.6205e-01,  5.8852e-03,  3.0250e-02,
          1.9444e-03, -6.0740e-02,  1.4352e-01,  7.0346e-02, -9.6611e-01,
         -2.2412e+00,  7.8751e-01,  8.9818e-01, -2.7555e-01,  2.2356e+00,
          1.0058e+00, -4.0013e+00,  5.7892e-02,  2.2394e+00,  8.8347e-01,
         -1.8863e+00, -6.2126e-03,  1.6873e-01,  2.7028e-01,  6.7823e-01,
         -7.4370e-01,  1.2573e+00, -1.8624e-01,  1.2354e-01,  6.2710e-02,
         -3.5731e-01,  2.5014e-01,  3.4261e-01]], device='cuda:0')
[INFO] Observations: tensor([[-7.8545e-01, -2.8260e-01,  3.6079e-03, -9.3228e-02, -5.9027e-01,
         -1.4106e-01,  3.9088e-02, -2.0809e-02, -1.0208e+00, -6.4545e-01,
         -1.6071e-01,  1.7803e-02, -2.4909e-03,  1.3696e-01,  1.1482e-02,
          1.5876e-01, -1.7512e-01,  2.9020e-01, -1.1040e-02, -1.4529e-02,
          3.5057e-02, -4.2734e-02,  1.4120e-01,  7.0137e-02,  6.4561e-02,
          6.4254e-01,  1.0274e+00, -9.8043e-01,  8.4035e-01,  2.5007e+00,
          5.3781e-01, -2.6832e-01,  3.4999e+00,  1.7553e+00,  6.9277e-01,
         -2.3335e-01,  6.4091e-02,  9.0332e-02,  3.8420e-01,  6.0186e-01,
         -6.2343e-01,  1.4119e+00, -4.7147e-01, -4.2336e-02,  4.5219e-02,
         -3.7713e-01,  1.7529e-01,  3.2318e-01]], device='cuda:0')
[INFO] Observations: tensor([[-0.6722, -0.0324,  0.1262,  0.4455, -0.3010, -0.3007,  0.0198,  0.0046,
         -1.0258, -0.6455, -0.1607,  0.0186, -0.0187,  0.1098,  0.0491,  0.1405,
         -0.1696,  0.3359, -0.0615, -0.0249,  0.0494, -0.0205,  0.1247,  0.0759,
          1.2602,  0.8321,  1.0437, -1.2125,  1.9722, -0.0775, -1.9036, -0.2428,
          1.8604,  0.2835, -2.9989,  1.5035,  0.0392, -0.0574,  0.4919,  0.4785,
         -0.3815,  1.3899, -0.7137, -0.0883,  0.1382, -0.2590,  0.1490,  0.3180]],
       device='cuda:0')
[INFO] Observations: tensor([[-0.8114,  0.0061,  0.0138,  0.8812,  0.4417, -0.1116, -0.0040,  0.0496,
         -1.0169, -0.6455, -0.1607,  0.0188, -0.0123,  0.0316,  0.0780,  0.1033,
         -0.1161,  0.3279, -0.1713, -0.0066,  0.0612, -0.0075,  0.0932,  0.0726,
          0.6866, -3.7625,  2.2518,  0.6737,  2.3439, -0.4843, -4.0039,  1.4151,
         -1.0489,  1.7448, -2.3978, -0.5929, -0.0422, -0.0514,  0.5202,  0.3477,
         -0.0437,  1.3399, -0.9498,  0.0066,  0.1918, -0.0742,  0.1305,  0.3005]],
       device='cuda:0')
[INFO] Observations: tensor([[-5.6069e-01, -4.0184e-01,  1.3319e-01,  3.6811e-01,  7.2993e-01,
         -2.3055e-02,  4.7867e-02,  2.5596e-03, -1.0282e+00, -6.4545e-01,
         -1.6071e-01,  1.8127e-02, -2.5685e-02,  1.4553e-02,  9.8782e-02,
          1.1754e-01, -4.7705e-02,  3.3262e-01, -2.9045e-01,  7.6758e-03,
          5.5532e-02,  1.6042e-02,  3.8729e-02,  9.5028e-02, -1.6787e-01,
         -7.9556e-01,  1.3097e+00, -9.9209e-01,  3.7885e+00,  1.1618e+00,
         -6.8472e+00,  1.8940e+00,  5.1316e-01,  1.3268e-01, -2.6247e+00,
          3.5207e+00, -1.0547e-01,  1.8645e-02,  4.4384e-01,  2.3729e-01,
          1.9942e-01,  1.2431e+00, -1.1607e+00,  2.0493e-01,  1.7899e-01,
         -3.3559e-03,  1.4737e-01,  2.7440e-01]], device='cuda:0')
2025-07-25 18:06:56 [37,225ms] [Warning] [carb.windowing-glfw.plugin] GLFW initialization failed.
2025-07-25 18:06:56 [37,225ms] [Warning] [carb] Failed to startup plugin carb.windowing-glfw.plugin (interfaces: [carb::windowing::IGLContext v1.0],[carb::windowing::IWindowing v1.5]) (impl: carb.windowing-glfw.plugin)
2025-07-25 18:06:56 [37,606ms] [Warning] [omni.kit.menu.utils.app_menu] add_menu_items: menu [<MenuItemDescription name:'New'>, <MenuItemDescription name:'Open'>, <MenuItemDescription name:''>, <MenuItemDescription name:'Re-open with New Edit Layer'>, <MenuItemDescription name:''>, <MenuItemDescription name:'Save'>, <MenuItemDescription name:'Save With Options'>, <MenuItemDescription name:'Save As...'>, <MenuItemDescription name:'Save Flattened As...'>, <MenuItemDescription name:''>, <MenuItemDescription name:'Add Reference'>, <MenuItemDescription name:'Add Payload'>, <MenuItemDescription name:''>, <MenuItemDescription name:'Exit'>] cannot change delegate
[37.681s] Simulation App Shutting Down
